Vzorek,bpm
drive01,76.25876002016227
drive02,68.93566322478156
drive03,80.65619400518413
drive04,72.76065977867519
drive05,67.85514680549707
drive06,77.92811980033277
drive07,74.51821842705351
drive08,65.1890453046576
drive09,70.92742057832933
drive10,76.70648464163821
drive11,64.92208909776924
drive12,64.14747796373238
drive13,78.41337288543254
drive14,78.41337288543254
drive15,64.03401143870047
drive16,75.83763654419067
drive17a,72.59508686002908
drive17b,71.50822166800525
