0
0
0
0
0
0
0
0
0
0
0
0
0
0
0
0
0
0
0
0
0
0
0
0
0
0
0
0
0
0
0
0
0
0
0
0
0
0
0
0
0
0
0
0
0
0
0
0
0
0
0
0
0
0
0
0
0
0
0
0
0
0
0
0
0
0
0
0
0
0
0
0
0
0
0
0
0
0
0
0
0
0
0
0
0
0
0
0
0
0
0
0
0
0
0
0
0
0
0
0
0
0
0
0
0
0
0
0
0
0
0
0
0
0
0
0
0
0
0
0
0
0
0
0
0
0
0
0
0
0
0
0
0
0
0
0
0
0
0
0
0
0
0
0
0
0
0
0
0
0
0
0
0
0
0
0
0
0
0
0
0
0
0
0
0
0
0
0
0
0
0
0
0
0
0
0
0
0
0
0
0
0
0
0
0
0
0
0
0
0
0
0
0
0
0
0
0
0
0
0
0
0
0
0
0
0
0
0
0
0
0
0
0
0
0
0
0
0
0
0
0
0
0
0
0
0
0
0
0
0
0
0
0
0
0
0
0
0
0
0
0
0
0
0
0
0
0
0
0
0
0
0
0
0
0
0
0
0
0
0
0
0
0
0
0
0
0
0
0
0
0
0
0
0
0
0
0
0
0
0
0
0
0
0
0
0
0
0
0
0
0
0
0
0
0
0
0
0
0
0
0
0
0
0
0
0
0
0
0
0
0
0
0
0
0
0
0
0
0
0
0
0
0
0
0
0
0
0
0
0
0
0
0
0
0
0
0
0
0
0
0
0
0
0
0
0
0
0
0
0
0
0
0
0
0
0
0
0
0
0
0
0
0
0
0
0
0
0
0
0
0
0
0
0
0
0
0
0
0
0
0
0
0
0
0
0
0
0
0
0
0
0
0
0
0
0
0
0
0
0
0
0
0
0
0
0
0
0
0
0
0
0
0
0
0
0
0
0
0
0
0
0
0
0
0
0
0
0
0
0
0
0
0
0
0
0
0
0
0
0
0
0
0
0
0
0
0
0
0
0
0
0
0
0
0
0
0
0
0
0
0
0
0
0
0
0
0
0
0
0
0
0
0
0
0
0
0
0
0
0
0
0
0
0
0
0
0
0
0
0
0
0
0
0
0
0
0
0
0
0
0
0
0
0
0
0
0
0
0
0
0
0
0
0
0
0
0
0
0
0
0
0
0
0
0
0
0
0
0
0
0
0
0
0
0
0
0
0
0
0
0
0
0
0
0
0
0
0
0
0
0
0
0
0
0
0
0
0
0
0
0
0
0
0
0
0
0
0
0
0
0
0
0
0
0
0
0
0
0
0
0
0
0
0
0
0
0
0
0
0
0
0
0
0
0
0
0
0
0
0
0
0
0
0
0
0
0
0
0
0
0
0
0
0
0
0
0
0
0
0
0
0
0
0
0
0
0
0
0
0
0
0
0
0
0
0
0
0
0
0
0
0
0
0
0
0
0
0
0
0
0
0
0
0
0
0
0
0
0
0
0
0
0
0
0
0
0
0
0
0
0
0
0
0
0
0
0
0
0
0
0
0
0
0
0
0
0
0
0
0
0
0
0
0
0
0
0
0
0
0
0
0
0
0
0
0
0
0
0
0
0
0
0
0
0
0
0
0
0
0
0
0
0
0
0
0
0
0
0
0
0
0
0
0
0
0
0
0
0
0
0
0
0
0
0
0
0
0
0
0
0
0
0
0
0
0
0
0
0
0
0
0
0
0
0
0
0
0
0
0
0
0
0
0
0
0
0
0
0
0
0
0
0
0
0
0
0
0
0
0
0
0
0
0
0
0
0
0
0
0
0
0
0
0
0
0
0
0
0
0
0
0
0
0
0
0
0
0
0
0
0
0
0
0
0
0
0
0
0
0
0
0
0
0
0
0
0
0
0
0
0
0
0
0
0
0
0
0
0
0
0
0
0
0
0
0
0
0
0
0
0
0
0
0
0
0
0
0
0
0
0
0
0
0
0
0
0
0
0
0
0
0
0
0
0
0
0
0
0
0
0
0
0
0
0
0
0
0
0
0
0
0
0
0
0
0
0
0
0
0
0
0
0
0
0
0
0
0
0
0
0
0
0
0
0
0
0
0
0
0
0
0
0
0
0
0
0
0
0
0
0
0
0
0
0
0
0
0
0
0
0
0
0
0
0
0
0
0
0
0
0
0
0
0
0
0
0
0
0
0
0
0
0
0
0
0
0
0
0
0
0
0
0
0
0
0
0
0
0
0
0
0
0
0
0
0
0
0
0
0
0
0
0
0
0
0
0
0
0
0
0
0
0
0
0
0
0
0
0
0
0
0
0
0
0
0
0
0
0
0
0
0
0
0
0
0
0
0
0
0
0
0
0
0
0
0
0
0
0
0
0
0
0
0
0
0
0
0
0
0
0
0
0
0
0
0
0
0
0
0
0
0
0
0
0
0
0
0
0
0
0
0
0
0
0
0
0
0
0
0
0
0
0
0
0
0
0
0
0
0
0
0
0
0
0
0
0
0
0
0
0
0
0
0
0
0
0
0
0
0
0
0
0
0
0
0
0
0
0
0
0
0
0
0
0
0
0
0
0
0
0
0
0
0
0
0
0
0
0
0
0
0
0
0
0
0
0
0
0
0
0
0
0
0
0
0
0
0
0
0
0
0
0
0
0
0
0
0
0
0
0
0
0
0
0
0
0
0
0
0
0
0
0
0
0
0
0
0
0
0
0
0
0
0
0
0
0
0
0
0
0
0
0
0
0
0
0
0
0
0
0
0
0
0
0
0
0
0
0
0
0
0
0
0
0
0
0
0
0
0
0
0
0
0
0
0
0
0
0
0
0
0
0
0
0
0
0
0
0
0
0
0
0
0
0
0
0
0
0
0
0
0
0
0
0
0
0
0
0
0
0
0
0
0
0
0
0
0
0
0
0
0
0
0
0
0
0
0
0
0
0
0
0
0
0
0
0
0
0
0
0
0
0
0
0
0
0
0
0
0
0
0
0
0
0
0
0
0
0
0
0
0
0
0
0
0
0
0
0
0
0
0
0
0
0
0
0
0
0
0
0
0
0
0
0
0
0
0
0
0
0
0
0
0
0
0
0
0
0
0
0
0
0
0
0
0
0
0
0
0
0
0
0
0
0
0
0
0
0
0
0
0
0
0
0
0
0
0
0
0
0
0
0
0
0
0
0
0
0
0
0
0
0
0
0
0
0
0
0
0
0
0
0
0
0
0
0
0
0
0
0
0
0
0
0
0
0
0
0
0
0
0
0
0
0
0
0
0
0
0
0
0
0
0
0
0
0
0
0
0
0
0
0
0
0
0
0
0
0
0
0
0
0
0
0
0
0
0
0
0
0
0
0
0
0
0
0
0
0
0
0
0
0
0
0
0
0
0
0
0
0
0
0
0
0
0
0
0
0
0
0
0
0
0
0
0
0
0
0
0
0
0
0
0
0
0
0
0
0
0
0
0
0
0
0
0
0
0
0
0
0
0
0
0
0
0
0
0
0
0
0
0
0
0
0
0
0
0
0
0
0
0
0
0
0
0
0
0
0
0
0
0
0
0
0
0
0
0
0
0
0
0
0
0
0
0
0
0
0
0
0
0
0
0
0
0
0
0
0
0
0
0
0
0
0
0
0
0
0
0
0
0
0
0
0
0
0
0
0
0
0
0
0
0
0
0
0
0
0
0
0
0
0
0
0
0
0
0
0
0
0
0
0
0
0
0
0
0
0
0
0
0
0
0
0
0
0
0
0
0
0
0
0
0
0
0
0
0
0
0
0
0
0
0
0
0
0
0
0
0
0
0
0
0
0
0
0
0
0
0
0
0
0
0
0
0
0
0
0
0
0
0
0
0
0
0
0
0
0
0
0
0
0
0
0
0
0
0
0
0
0
0
0
0
0
0
0
0
0
0
0
0
0
0
0
0
0
0
0
0
0
0
0
0
0
0
0
0
0
0
0
0
0
0
0
0
0
0
0
0
0
0
0
0
0
0
0
0
0
0
0
0
0
0
0
0
0
0
0
0
0
0
0
0
0
0
0
0
0
0
0
0
0
0
0
0
0
0
0
0
0
0
0
0
0
0
0
0
0
0
0
0
0
0
0
0
0
0
0
0
0
0
0
0
0
0
0
0
0
0
0
0
0
0
0
0
0
0
0
0
0
0
0
0
0
0
0
0
0
0
0
0
0
0
0
0
0
0
0
0
0
0
0
0
0
0
0
0
0
0
0
0
0
0
0
0
0
0
0
0
0
0
0
0
0
0
0
0
0
0
0
0
0
0
0
0
0
0
0
0
0
0
0
0
0
0
0
0
0
0
0
0
0
0
0
0
0
0
0
0
0
0
0
0
0
0
0
0
0
0
0
0
0
0
0
0
0
0
0
0
0
0
0
0
0
0
0
0
0
0
0
0
0
0
0
0
0
0
0
0
0
0
0
0
0
0
0
0
0
0
0
0
0
0
0
0
0
0
0
0
0
0
0
0
0
0
0
0
0
0
0
0
0
0
0
0
0
0
0
0
0
0
0
0
0
0
0
0
0
0
0
0
0
0
0
0
0
0
0
0
0
0
0
0
0
0
0
0
0
0
0
0
0
0
0
0
0
0
0
0
0
0
0
0
0
0
0
0
0
0
0
0
0
0
0
0
0
0
0
0
0
0
0
0
0
0
0
0
0
0
0
0
0
0
0
0
0
0
0
0
0
0
0
0
0
0
0
0
0
0
0
0
0
0
0
0
0
0
0
0
0
0
0
0
0
0
0
0
0
0
0
0
0
0
0
0
0
0
0
0
0
0
0
0
0
0
0
0
0
0
0
0
0
0
0
0
0
0
0
0
0
0
0
0
0
0
0
0
0
0
0
0
0
0
0
0
0
0
0
0
0
0
0
0
0
0
0
0
0
0
0
0
0
0
0
0
0
0
0
0
0
0
0
0
0
0
0
0
0
0
0
0
0
0
0
0
0
0
0
0
0
0
0
0
0
0
0
0
0
0
0
0
0
0
0
0
0
0
0
0
0
0
0
0
0
0
0
0
0
0
0
0
0
0
0
0
0
0
0
0
0
0
0
0
0
0
0
0
0
0
0
0
0
0
0
0
0
0
0
0
0
0
0
0
0
0
0
0
0
0
0
0
0
0
0
0
0
0
0
0
0
0
0
0
0
0
0
0
0
0
0
0
0
0
0
0
0
0
0
0
0
0
0
0
0
0
0
0
0
0
0
0
0
0
0
0
0
0
0
0
0
0
0
0
0
0
0
0
0
0
0
0
0
0
0
0
0
0
0
0
0
0
0
0
0
0
0
0
0
0
0
0
0
0
0
0
0
0
0
0
0
0
0
0
0
0
0
0
0
0
0
0
0
0
0
0
0
0
0
0
0
0
0
0
0
0
0
0
0
0
0
0
0
0
0
0
0
0
0
0
0
0
0
0
0
0
0
0
0
0
0
0
0
0
0
0
0
0
0
0
0
0
0
0
0
0
0
0
0
0
0
0
0
0
0
0
0
0
0
0
0
0
0
0
0
0
0
0
0
0
0
0
0
0
0
0
0
0
0
0
0
0
0
0
0
0
0
0
0
0
0
0
0
0
0
0
0
0
0
0
0
0
0
0
0
0
0
0
0
0
0
0
0
0
0
0
0
0
0
0
0
0
0
0
0
0
0
0
0
0
0
0
0
0
0
0
0
0
0
0
0
0
0
0
0
0
0
0
0
0
0
0
0
0
0
0
0
0
0
0
0
0
0
0
0
0
0
0
0
0
0
0
0
0
0
0
0
0
0
0
0
0
0
0
0
0
0
0
0
0
0
0
0
0
0
0
0
0
0
0
0
0
0
0
0
0
0
0
0
0
0
0
0
0
0
0
0
0
0
0
0
0
0
0
0
0
0
0
0
0
0
0
0
0
0
0
0
0
0
0
0
0
0
0
0
0
0
0
0
0
0
0
0
0
0
0
0
0
0
0
0
0
0
0
0
0
0
0
0
0
0
0
0
0
0
0
0
0
0
0
0
0
0
0
0
0
0
0
0
0
0
0
0
0
0
0
0
0
0
0
0
0
0
0
0
0
0
0
0
0
0
0
0
0
0
0
0
0
0
0
0
0
0
0
0
0
0
0
0
0
0
0
0
0
0
0
0
0
0
0
0
0
0
0
0
0
0
0
0
0
0
0
0
0
0
0
0
0
0
0
0
0
0
0
0
0
0
0
0
0
0
0
0
0
0
0
0
0
0
0
0
0
0
0
0
0
0
0
0
0
0
0
0
0
0
0
0
0
0
0
0
0
0
0
0
0
0
0
0
0
0
0
0
0
0
0
0
0
0
0
0
0
0
0
0
0
0
0
0
0
0
0
0
0
0
0
0
0
0
0
0
0
0
0
0
0
0
0
0
0
0
0
0
0
0
0
0
0
0
0
0
0
0
0
0
0
0
0
0
0
0
0
0
0
0
0
0
0
0
0
0
0
0
0
0
0
0
0
0
0
0
0
0
0
0
0
0
0
0
0
0
0
0
0
0
0
0
0
0
0
0
0
0
0
0
0
0
0
0
0
0
0
0
0
0
0
0
0
0
0
0
0
0
0
0
0
0
0
0
0
0
0
0
0
0
0
0
0
0
0
0
0
0
0
0
0
0
0
0
0
0
0
0
0
0
0
0
0
0
0
0
0
0
0
0
0
0
0
0
0
-1
-1
-1
0
0
-1
-1
-1
-1
-1
-1
-1
-1
-1
-1
0
0
0
0
0
0
-1
-1
-1
0
0
0
0
0
0
0
0
0
0
0
0
0
1
0
0
0
0
0
0
0
0
0
0
0
0
0
0
0
-1
-1
0
0
0
0
0
-1
-1
-1
-1
-1
-1
-1
-1
0
0
0
-1
-1
-1
0
0
0
0
0
0
0
0
0
0
0
0
0
1
1
1
0
0
0
0
0
0
1
1
1
1
0
0
0
0
0
0
0
0
1
0
0
0
-1
-1
-1
-1
0
2
2
2
1
1
1
0
0
-1
0
0
1
2
2
1
0
0
0
0
0
0
0
0
1
1
0
0
0
1
1
1
2
1
1
0
0
0
0
0
1
1
1
1
1
0
0
0
1
1
1
2
2
2
2
1
1
1
1
1
2
2
2
2
2
2
1
1
1
1
1
1
2
2
1
1
0
0
0
0
0
0
0
0
0
0
-1
-1
-1
-1
-1
0
0
0
0
0
-1
-1
-1
0
0
0
1
1
1
1
1
1
1
1
1
1
2
2
2
2
2
2
2
2
1
1
1
1
1
1
1
1
1
0
0
0
0
0
0
0
0
0
0
-1
-1
-1
-1
-1
-1
-1
-1
-1
-1
-1
-2
-2
-1
-1
-1
-1
-1
-1
-2
-2
-2
-2
-2
-1
-1
0
0
0
0
-1
-1
-1
-1
0
0
0
0
-1
-1
-2
-2
-1
0
1
2
2
2
2
1
1
1
1
1
1
1
1
0
0
-1
-2
-2
-1
0
1
2
2
2
1
0
-1
-1
-2
-2
-1
-1
-1
-1
-2
-2
-2
-2
-2
-1
0
0
0
0
-1
-2
-2
-3
-3
-2
-1
0
1
1
1
-1
-2
-3
-3
-2
-2
-1
0
0
-1
-2
-2
-3
-2
-2
0
2
3
3
2
1
0
-1
0
0
1
1
1
1
0
-1
-1
-2
-2
-2
-1
-1
-2
-3
-4
-4
-4
-4
-4
-3
-3
-2
-2
-2
-3
-3
-3
-3
-3
-3
-2
-1
0
-1
-1
-2
-3
-4
-4
-4
-3
-3
-3
-2
-2
-2
-3
-3
-2
-1
0
2
2
2
2
2
2
0
-2
-2
-1
-1
-1
-1
-1
-2
-3
-3
-3
-4
-5
-4
-2
-1
-1
-2
-1
0
1
1
2
1
0
0
1
0
-1
-2
0
1
1
0
-1
-1
-1
0
1
2
2
1
2
4
3
2
2
4
4
3
3
2
1
0
1
2
2
0
-1
1
1
0
0
0
1
2
2
3
3
2
2
3
4
1
-1
-2
-2
-1
-1
-1
0
-1
-1
-1
-2
-3
-5
-4
-1
1
1
2
3
3
3
3
2
1
0
0
0
0
-2
-4
-5
-6
-7
-8
-8
-6
-5
-3
-2
-1
-2
-3
-2
-2
-2
-2
-3
-3
-4
-4
-4
-3
-3
-3
-2
-2
-2
-4
-4
-4
-3
-2
-1
-1
-1
-2
-3
-2
-2
-2
-2
-1
-1
0
0
0
0
1
2
4
4
3
2
0
-1
-2
-3
-3
-4
-5
-5
-4
-4
-5
-5
-4
-4
-4
-5
-5
-7
-8
-8
-7
-7
-7
-8
-8
-8
-8
-8
-8
-8
-8
-7
-7
-8
-9
-9
-8
-6
-6
-7
-7
-8
-8
-7
-6
-7
-6
-5
-3
-4
-5
-7
-7
-8
-8
-8
-7
-6
-5
-3
-2
-2
-5
-6
-6
-6
-6
-5
-3
-2
0
2
3
3
3
5
6
6
5
6
8
9
8
9
11
12
11
10
10
12
13
13
13
12
10
10
10
12
13
13
14
16
17
17
14
12
12
14
16
15
15
15
14
12
10
9
8
6
5
8
12
15
16
16
16
14
13
11
10
9
11
14
17
18
17
16
16
17
20
25
31
34
35
35
33
27
17
9
7
9
13
17
23
28
30
29
27
25
22
19
19
22
20
12
4
-1
-4
-9
-12
-12
-9
-7
-7
-6
-9
-15
-24
-35
-47
-60
-59
-33
16
79
145
203
236
229
181
105
21
-52
-94
-99
-71
-27
16
53
77
86
84
80
82
93
108
115
103
67
9
-57
-117
-160
-173
-155
-111
-53
1
30
23
-15
-71
-125
-165
-182
-172
-139
-92
-39
8
39
48
38
21
3
-13
-23
-23
-17
-11
-10
-16
-30
-50
-67
-67
-45
-9
28
57
76
76
54
17
-23
-54
-71
-70
-50
-21
5
23
36
40
29
3
-26
-49
-66
-80
-91
-97
-102
-107
-108
-101
-94
-92
-89
-76
-62
-61
-73
-89
-107
-130
-157
-179
-191
-197
-194
-174
-138
-103
-78
-59
-43
-40
-53
-73
-92
-108
-119
-121
-112
-99
-84
-68
-52
-38
-28
-17
-6
1
3
5
8
6
0
-1
7
17
26
40
60
78
88
94
97
96
87
74
63
51
42
41
48
57
63
67
70
71
67
58
46
31
19
15
15
8
-5
-11
-4
11
26
45
70
97
115
120
110
80
34
-11
-33
-30
-14
7
43
96
154
196
209
186
129
63
17
-9
-30
-45
-28
30
91
119
122
133
165
214
276
336
354
302
215
141
80
11
-41
-18
75
175
232
260
276
266
225
186
164
124
45
-32
-70
-93
-131
-171
-182
-174
-176
-186
-180
-162
-156
-165
-170
-179
-218
-276
-309
-292
-242
-175
-97
-24
17
19
-3
-28
-49
-63
-65
-60
-61
-73
-85
-86
-76
-49
4
71
127
157
165
155
126
82
30
-27
-84
-130
-152
-149
-128
-96
-56
-18
4
-1
-26
-58
-84
-102
-119
-150
-196
-239
-271
-296
-316
-316
-284
-231
-184
-156
-148
-156
-182
-219
-262
-308
-358
-400
-421
-426
-429
-437
-450
-468
-490
-508
-525
-550
-577
-582
-560
-533
-511
-468
-371
-229
-72
82
220
307
311
254
177
87
-26
-127
-159
-117
-52
6
69
147
228
297
359
416
453
466
475
491
491
465
437
422
413
409
422
450
474
486
498
505
482
417
334
267
227
211
220
250
282
309
341
371
376
357
346
356
359
335
289
235
183
146
135
144
157
177
224
290
335
344
350
376
395
388
378
383
382
355
337
357
387
377
337
320
338
349
336
327
338
344
331
320
326
329
314
309
341
385
392
361
332
320
297
245
188
148
109
54
3
-15
-10
-18
-39
-47
-39
-44
-74
-105
-116
-111
-102
-93
-94
-118
-154
-171
-171
-187
-227
-252
-244
-241
-280
-338
-378
-402
-432
-463
-483
-503
-537
-571
-583
-592
-634
-694
-732
-753
-798
-867
-924
-965
-1025
-1108
-1178
-1216
-1250
-1297
-1330
-1320
-1280
-1243
-1219
-1209
-1217
-1232
-1221
-1180
-1124
-1037
-863
-583
-260
30
263
445
559
580
522
430
331
244
209
247
316
362
399
477
595
701
775
850
948
1043
1106
1135
1130
1068
959
857
795
750
700
677
715
787
827
797
707
578
435
316
244
198
149
111
120
161
182
164
143
154
190
221
225
193
132
63
13
-18
-53
-97
-112
-69
14
95
155
207
265
321
350
330
281
248
258
291
318
329
337
350
363
375
385
376
340
298
284
296
299
284
284
320
378
424
439
424
384
345
332
347
349
303
222
148
94
33
-59
-161
-224
-226
-195
-182
-200
-219
-212
-200
-211
-243
-274
-291
-298
-301
-302
-311
-330
-353
-370
-388
-417
-450
-465
-455
-438
-428
-424
-420
-415
-403
-377
-342
-306
-276
-260
-272
-309
-361
-429
-524
-632
-714
-753
-780
-831
-893
-931
-949
-985
-1047
-1103
-1128
-1129
-1113
-1086
-1069
-1092
-1152
-1221
-1288
-1366
-1450
-1492
-1429
-1245
-979
-684
-399
-139
85
242
288
216
78
-49
-120
-139
-117
-69
-5
76
181
298
395
463
535
648
784
883
909
878
829
778
735
712
721
764
846
963
1085
1160
1150
1052
901
746
614
501
403
349
369
450
531
561
547
525
515
517
522
519
486
418
342
275
202
124
79
99
170
247
310
359
388
384
348
301
258
222
195
185
194
221
268
332
398
448
473
463
406
321
245
192
143
94
67
84
134
193
249
300
339
365
385
395
365
281
177
96
36
-26
-92
-144
-173
-183
-181
-166
-143
-123
-114
-125
-155
-200
-258
-327
-387
-413
-396
-359
-326
-296
-261
-236
-243
-268
-284
-301
-344
-397
-430
-455
-503
-557
-572
-547
-523
-518
-524
-548
-609
-692
-757
-813
-908
-1039
-1137
-1176
-1214
-1287
-1360
-1400
-1423
-1433
-1414
-1378
-1376
-1407
-1415
-1378
-1360
-1404
-1455
-1440
-1355
-1223
-1008
-681
-317
-25
175
311
365
293
118
-63
-166
-170
-97
18
134
226
307
407
518
601
656
728
848
985
1075
1071
991
901
854
833
800
777
826
952
1094
1184
1198
1137
1003
830
677
577
516
484
506
587
669
694
673
643
621
618
654
710
727
677
592
512
430
332
250
233
285
366
438
481
478
442
421
436
448
430
418
457
527
579
593
584
565
539
513
482
429
350
282
261
273
277
271
279
305
339
384
436
468
455
414
364
300
214
122
51
-3
-61
-123
-174
-214
-258
-298
-308
-285
-255
-241
-250
-282
-335
-396
-448
-483
-492
-465
-417
-372
-343
-326
-316
-317
-333
-355
-385
-427
-475
-506
-512
-515
-530
-546
-555
-573
-603
-625
-637
-675
-753
-835
-891
-950
-1053
-1189
-1304
-1367
-1389
-1394
-1399
-1425
-1472
-1504
-1497
-1485
-1524
-1601
-1648
-1637
-1603
-1558
-1443
-1201
-856
-485
-142
148
339
390
314
175
20
-127
-223
-216
-114
7
95
181
299
423
519
611
739
889
1011
1098
1170
1210
1172
1062
952
901
902
935
1000
1086
1161
1205
1203
1126
960
754
602
554
585
652
732
819
895
934
924
862
760
672
648
668
659
598
526
471
417
352
297
270
276
322
406
493
537
532
512
495
468
435
423
431
431
434
474
527
520
442
364
335
337
335
324
306
273
241
246
286
314
318
357
461
558
560
469
347
229
118
27
-29
-57
-67
-61
-55
-71
-120
-187
-252
-309
-352
-374
-385
-412
-458
-486
-471
-439
-423
-418
-401
-366
-322
-288
-300
-374
-466
-525
-550
-579
-623
-650
-641
-617
-609
-625
-669
-746
-834
-896
-934
-988
-1069
-1154
-1244
-1362
-1487
-1574
-1629
-1700
-1777
-1797
-1746
-1692
-1696
-1744
-1789
-1829
-1879
-1918
-1908
-1816
-1604
-1252
-818
-423
-119
116
277
307
198
34
-106
-198
-233
-187
-80
16
76
167
339
527
667
800
983
1176
1312
1396
1454
1441
1330
1198
1154
1208
1280
1337
1419
1534
1611
1584
1461
1280
1073
886
766
718
717
750
803
843
853
855
863
857
824
790
774
745
663
539
418
314
216
146
139
182
236
299
386
465
486
457
427
416
399
364
324
300
294
299
305
305
302
312
334
337
314
299
307
293
232
187
223
307
359
374
406
466
501
490
459
422
354
260
188
148
82
-35
-147
-193
-197
-212
-230
-213
-162
-126
-133
-165
-198
-243
-306
-366
-394
-396
-400
-417
-436
-443
-447
-463
-500
-547
-581
-583
-562
-550
-578
-632
-674
-694
-724
-789
-864
-912
-939
-969
-1008
-1062
-1158
-1298
-1426
-1501
-1559
-1658
-1775
-1834
-1833
-1848
-1902
-1928
-1896
-1884
-1948
-2024
-2029
-1974
-1880
-1679
-1295
-797
-347
-17
229
385
364
159
-84
-224
-254
-216
-112
47
189
262
325
454
611
715
801
978
1248
1480
1590
1609
1584
1518
1422
1344
1310
1306
1339
1447
1597
1667
1584
1409
1219
1013
798
661
666
760
860
947
1023
1034
928
767
662
632
608
568
555
556
499
369
228
114
16
-38
12
163
320
410
450
484
494
429
302
187
143
167
224
279
310
321
323
320
302
276
261
271
305
340
344
303
247
222
247
311
399
501
598
669
693
661
567
425
273
157
85
32
-13
-37
-36
-26
-11
10
10
-34
-98
-139
-170
-235
-328
-394
-414
-424
-450
-465
-454
-444
-457
-470
-466
-480
-538
-608
-645
-659
-674
-685
-691
-715
-775
-852
-927
-1006
-1099
-1176
-1200
-1195
-1223
-1310
-1431
-1552
-1666
-1757
-1808
-1821
-1826
-1843
-1870
-1917
-2013
-2164
-2328
-2440
-2467
-2395
-2206
-1888
-1467
-1011
-566
-153
180
344
305
142
-32
-173
-291
-365
-352
-251
-112
38
220
437
652
848
1053
1266
1426
1490
1486
1461
1422
1370
1341
1368
1444
1538
1640
1746
1827
1848
1799
1698
1560
1388
1199
1031
927
905
951
1006
1014
990
987
1020
1039
1011
955
901
838
732
569
369
176
38
-5
44
135
215
272
314
327
295
225
144
77
36
23
30
45
66
93
123
146
156
146
110
54
4
-19
-27
-50
-78
-63
23
147
255
337
419
512
592
623
594
527
461
419
393
362
314
262
226
215
215
207
190
179
179
175
136
58
-36
-113
-166
-205
-239
-257
-252
-236
-229
-241
-273
-321
-390
-475
-552
-610
-666
-744
-837
-907
-947
-991
-1062
-1132
-1169
-1186
-1212
-1257
-1311
-1380
-1478
-1602
-1727
-1843
-1953
-2045
-2098
-2113
-2126
-2165
-2225
-2294
-2375
-2481
-2596
-2653
-2572
-2327
-1958
-1520
-1040
-556
-147
106
189
149
31
-131
-275
-327
-270
-160
-46
82
242
410
558
703
876
1071
1267
1459
1633
1748
1780
1759
1749
1774
1812
1848
1907
2012
2146
2252
2272
2183
2015
1826
1644
1465
1299
1186
1152
1185
1248
1308
1339
1322
1267
1207
1161
1107
1012
871
709
547
390
243
114
16
-31
-12
55
119
141
120
76
21
-40
-110
-194
-278
-323
-299
-229
-168
-140
-111
-61
-31
-66
-148
-232
-305
-365
-382
-333
-245
-162
-72
69
248
403
500
569
628
656
643
611
562
473
362
291
283
293
284
279
311
355
368
348
323
291
242
200
184
168
110
32
-23
-55
-97
-157
-203
-228
-257
-311
-383
-469
-583
-719
-832
-891
-922
-969
-1041
-1110
-1161
-1216
-1300
-1413
-1523
-1608
-1681
-1760
-1843
-1935
-2050
-2190
-2316
-2412
-2505
-2621
-2733
-2804
-2845
-2888
-2900
-2798
-2543
-2175
-1734
-1237
-733
-321
-62
54
33
-130
-379
-590
-670
-630
-523
-372
-179
37
249
461
679
876
1041
1221
1453
1694
1860
1921
1903
1854
1816
1827
1900
2019
2166
2329
2484
2570
2520
2314
2006
1690
1453
1334
1324
1386
1482
1576
1634
1627
1565
1477
1391
1324
1287
1261
1183
1013
778
534
309
121
9
-7
48
124
191
226
191
66
-102
-240
-329
-399
-452
-450
-391
-321
-271
-247
-262
-329
-416
-470
-480
-478
-485
-487
-469
-440
-417
-385
-315
-187
-8
208
425
595
666
626
508
378
282
227
204
223
299
390
438
438
426
413
394
393
433
481
475
416
357
316
248
144
67
55
60
34
6
-2
-29
-116
-226
-318
-418
-559
-709
-808
-858
-903
-961
-1013
-1058
-1128
-1222
-1310
-1384
-1484
-1623
-1764
-1876
-1985
-2134
-2313
-2470
-2569
-2628
-2683
-2756
-2848
-2953
-3043
-3047
-2910
-2644
-2295
-1876
-1391
-913
-558
-385
-368
-465
-634
-797
-866
-825
-744
-668
-562
-392
-208
-57
98
302
543
800
1098
1414
1654
1757
1780
1802
1826
1828
1853
1967
2152
2339
2503
2647
2711
2620
2404
2175
1985
1826
1726
1732
1811
1877
1899
1906
1906
1868
1798
1757
1768
1775
1721
1607
1444
1207
908
622
423
319
283
297
331
347
321
263
182
70
-71
-203
-287
-326
-349
-374
-403
-434
-457
-459
-457
-487
-549
-607
-641
-667
-701
-730
-740
-733
-694
-585
-404
-207
-49
81
206
287
284
219
145
80
31
31
91
156
165
147
171
236
280
296
339
414
459
459
450
424
345
248
208
221
213
165
131
127
103
37
-23
-62
-143
-277
-383
-435
-519
-671
-804
-872
-945
-1055
-1145
-1194
-1269
-1393
-1488
-1522
-1592
-1772
-1984
-2136
-2277
-2481
-2678
-2784
-2870
-3020
-3155
-3165
-3082
-2961
-2734
-2331
-1838
-1407
-1067
-782
-611
-650
-846
-1025
-1127
-1208
-1251
-1175
-1017
-898
-814
-659
-422
-187
34
301
607
870
1063
1230
1374
1438
1439
1497
1670
1881
2070
2268
2480
2630
2681
2670
2607
2453
2231
2048
1971
1967
1992
2047
2133
2196
2203
2197
2223
2257
2257
2237
2210
2132
1953
1689
1393
1102
851
688
635
661
705
724
699
623
496
341
194
72
-33
-132
-226
-307
-367
-403
-426
-451
-476
-500
-538
-603
-688
-777
-869
-958
-1019
-1034
-1004
-942
-842
-696
-516
-329
-161
-34
22
-3
-78
-148
-184
-192
-175
-137
-94
-69
-61
-54
-38
-7
56
156
261
329
347
325
275
206
151
142
172
203
224
246
255
216
133
42
-36
-114
-197
-271
-341
-435
-554
-658
-732
-813
-928
-1042
-1121
-1188
-1283
-1399
-1520
-1659
-1830
-2007
-2155
-2282
-2425
-2584
-2729
-2848
-2952
-3015
-2981
-2817
-2542
-2176
-1746
-1320
-996
-831
-818
-919
-1098
-1302
-1462
-1524
-1486
-1377
-1230
-1071
-921
-779
-624
-442
-237
-16
225
481
718
898
1013
1082
1138
1215
1342
1530
1770
2030
2276
2473
2585
2580
2460
2270
2072
1922
1854
1881
1980
2100
2197
2263
2310
2345
2366
2387
2427
2472
2472
2380
2193
1939
1650
1371
1158
1038
994
998
1034
1074
1068
990
866
735
606
465
318
181
58
-56
-146
-190
-200
-207
-226
-258
-323
-432
-564
-691
-805
-904
-963
-965
-923
-859
-768
-639
-490
-355
-249
-170
-126
-133
-179
-235
-296
-361
-401
-390
-353
-334
-329
-301
-235
-156
-87
-24
32
69
83
89
92
85
66
60
81
109
120
111
94
70
39
3
-35
-82
-155
-255
-362
-453
-529
-607
-688
-758
-813
-877
-969
-1084
-1212
-1350
-1496
-1642
-1787
-1935
-2083
-2220
-2346
-2483
-2639
-2771
-2824
-2770
-2609
-2339
-1971
-1563
-1188
-898
-741
-756
-932
-1186
-1429
-1605
-1684
-1648
-1519
-1367
-1239
-1125
-999
-863
-724
-546
-295
-5
260
480
649
738
748
749
817
958
1149
1395
1692
1976
2166
2240
2233
2161
2026
1876
1788
1787
1841
1925
2037
2141
2197
2223
2267
2338
2411
2480
2546
2579
2526
2374
2156
1913
1676
1486
1383
1364
1388
1418
1441
1430
1360
1242
1119
1001
880
762
661
565
451
325
213
128
61
2
-50
-101
-164
-241
-325
-420
-530
-636
-704
-724
-711
-674
-613
-537
-453
-369
-298
-265
-274
-307
-349
-399
-457
-512
-556
-597
-632
-643
-617
-571
-520
-452
-356
-254
-177
-126
-94
-95
-131
-174
-199
-213
-234
-251
-244
-224
-222
-238
-255
-270
-302
-349
-388
-421
-468
-527
-580
-630
-698
-783
-866
-944
-1034
-1138
-1242
-1343
-1459
-1593
-1724
-1846
-1981
-2134
-2272
-2369
-2422
-2406
-2279
-2035
-1723
-1393
-1075
-815
-679
-698
-832
-1017
-1220
-1407
-1520
-1532
-1487
-1444
-1398
-1329
-1257
-1201
-1119
-962
-740
-495
-244
1
194
294
328
368
444
539
664
856
1092
1303
1461
1572
1614
1562
1461
1389
1381
1415
1482
1589
1714
1811
1871
1929
1997
2057
2123
2239
2387
2483
2491
2439
2336
2168
1970
1812
1722
1672
1656
1685
1731
1728
1657
1573
1509
1443
1360
1298
1264
1202
1087
965
858
734
592
482
424
374
306
236
168
74
-50
-164
-243
-313
-388
-428
-404
-357
-324
-289
-242
-219
-240
-273
-309
-379
-478
-565
-625
-692
-779
-851
-880
-891
-899
-880
-813
-731
-666
-605
-543
-515
-536
-565
-573
-584
-612
-628
-622
-618
-628
-624
-597
-576
-587
-614
-634
-658
-700
-746
-787
-840
-909
-959
-981
-1012
-1069
-1123
-1158
-1203
-1274
-1351
-1429
-1536
-1680
-1821
-1919
-1963
-1944
-1830
-1613
-1348
-1090
-854
-655
-553
-580
-687
-803
-911
-1013
-1088
-1117
-1129
-1157
-1188
-1193
-1172
-1137
-1068
-937
-762
-589
-434
-291
-180
-125
-103
-57
29
138
266
420
589
738
851
928
967
967
947
945
973
1012
1058
1123
1201
1263
1306
1363
1456
1576
1707
1845
1971
2057
2089
2075
2027
1949
1859
1793
1776
1790
1802
1806
1802
1776
1722
1659
1611
1580
1550
1516
1483
1446
1391
1315
1235
1161
1095
1043
1011
983
929
837
724
606
479
346
228
146
100
71
55
49
44
32
17
-1
-35
-95
-167
-237
-311
-397
-491
-578
-656
-730
-791
-825
-835
-839
-842
-835
-825
-823
-831
-839
-851
-871
-884
-874
-852
-838
-838
-841
-842
-846
-855
-862
-864
-875
-901
-933
-968
-1009
-1047
-1070
-1079
-1087
-1093
-1091
-1089
-1103
-1131
-1162
-1190
-1218
-1248
-1287
-1340
-1407
-1466
-1486
-1451
-1359
-1207
-1004
-782
-585
-439
-358
-356
-435
-562
-691
-791
-853
-877
-872
-864
-866
-870
-858
-830
-799
-761
-702
-620
-532
-447
-370
-310
-274
-242
-185
-96
14
139
273
395
489
551
587
596
577
545
528
538
566
605
655
717
780
850
934
1035
1140
1247
1361
1472
1555
1598
1610
1606
1595
1578
1566
1565
1570
1575
1581
1582
1571
1541
1501
1464
1433
1407
1382
1359
1335
1308
1280
1255
1235
1212
1182
1145
1102
1050
979
886
779
673
577
497
431
378
335
305
288
280
270
247
210
164
113
54
-8
-71
-133
-198
-268
-338
-403
-459
-506
-545
-581
-617
-653
-683
-704
-717
-724
-726
-720
-707
-688
-666
-645
-631
-632
-647
-669
-692
-717
-746
-780
-811
-829
-831
-822
-809
-802
-799
-793
-779
-760
-745
-738
-735
-736
-745
-763
-788
-814
-841
-865
-881
-884
-872
-844
-791
-714
-623
-535
-464
-422
-420
-452
-502
-552
-598
-636
-662
-673
-677
-686
-706
-732
-757
-771
-768
-752
-730
-709
-685
-656
-627
-605
-588
-567
-534
-487
-424
-351
-275
-204
-141
-90
-55
-35
-24
-14
0
21
52
91
132
171
214
267
332
408
491
579
664
745
818
878
924
965
1011
1063
1111
1151
1181
1205
1225
1242
1253
1249
1230
1206
1184
1161
1132
1099
1072
1055
1047
1046
1047
1043
1028
1008
991
976
955
925
888
844
796
752
715
676
634
596
569
548
525
499
473
448
422
400
382
361
331
299
273
243
202
156
116
80
39
-5
-48
-86
-120
-147
-164
-176
-191
-201
-196
-177
-158
-144
-133
-130
-143
-170
-198
-225
-255
-285
-307
-320
-331
-344
-353
-356
-356
-356
-355
-357
-370
-392
-410
-421
-435
-457
-479
-495
-507
-520
-534
-548
-563
-578
-585
-580
-574
-573
-574
-571
-570
-582
-604
-631
-660
-695
-734
-769
-799
-827
-853
-872
-888
-906
-924
-938
-945
-949
-953
-955
-958
-965
-974
-975
-962
-941
-917
-892
-863
-831
-798
-760
-717
-674
-635
-598
-563
-532
-505
-473
-435
-397
-365
-334
-297
-254
-207
-156
-102
-45
13
70
127
175
213
249
290
335
383
435
493
551
605
653
697
736
768
795
817
835
849
862
874
885
895
907
922
939
953
963
971
979
989
999
1005
1005
1004
1004
1005
1005
1006
1008
1006
997
985
974
960
935
900
857
812
769
733
705
677
647
619
599
585
570
559
556
556
550
539
527
509
482
453
432
414
393
370
351
329
298
261
226
194
157
115
79
49
19
-12
-38
-59
-81
-102
-119
-131
-145
-162
-180
-199
-222
-249
-272
-291
-312
-338
-364
-386
-408
-430
-450
-469
-492
-520
-546
-568
-591
-620
-646
-663
-674
-690
-714
-745
-779
-813
-847
-878
-905
-931
-954
-974
-992
-1013
-1038
-1059
-1072
-1081
-1089
-1094
-1097
-1105
-1118
-1128
-1129
-1125
-1121
-1111
-1089
-1062
-1038
-1018
-997
-974
-955
-935
-906
-872
-844
-820
-792
-760
-732
-705
-671
-626
-575
-519
-455
-387
-324
-270
-214
-155
-102
-55
-3
53
104
146
190
240
289
337
385
435
475
506
540
582
621
650
678
710
739
766
801
846
886
914
941
973
1000
1014
1018
1020
1018
1013
1009
1008
1005
994
986
986
987
983
980
982
979
969
961
956
946
927
909
898
887
872
859
847
835
819
805
792
772
743
714
689
659
624
594
575
556
531
511
499
485
467
449
431
406
375
347
328
311
289
266
247
225
193
159
127
96
63
30
-4
-41
-81
-116
-146
-176
-204
-227
-248
-275
-305
-332
-356
-383
-413
-440
-464
-491
-523
-552
-577
-605
-636
-660
-672
-678
-684
-688
-691
-700
-715
-732
-755
-784
-818
-855
-890
-920
-942
-953
-960
-967
-974
-978
-984
-994
-1003
-1006
-1005
-1008
-1014
-1013
-1005
-995
-982
-967
-949
-932
-914
-893
-871
-850
-829
-807
-786
-765
-744
-720
-692
-662
-629
-598
-568
-535
-491
-442
-397
-356
-310
-262
-219
-181
-139
-96
-60
-28
8
49
88
128
170
211
244
271
303
336
361
381
412
451
486
515
550
590
624
651
681
713
738
757
776
797
810
817
828
844
858
869
885
902
910
910
916
929
934
929
926
926
919
907
900
900
896
886
877
871
861
845
833
826
817
799
782
771
757
738
719
702
680
650
623
605
591
571
544
516
489
464
445
427
406
379
352
331
312
288
262
238
215
189
164
138
105
63
21
-13
-39
-64
-89
-113
-135
-162
-197
-231
-262
-291
-320
-350
-377
-402
-427
-451
-473
-493
-513
-533
-552
-570
-589
-604
-614
-627
-647
-667
-683
-695
-711
-728
-739
-743
-749
-759
-768
-777
-789
-804
-816
-822
-830
-841
-848
-849
-845
-838
-833
-829
-829
-829
-824
-814
-804
-794
-782
-768
-754
-739
-719
-699
-681
-664
-641
-617
-594
-572
-543
-511
-484
-462
-436
-405
-374
-349
-326
-300
-272
-243
-211
-175
-140
-106
-72
-38
-7
21
50
80
109
137
167
201
233
262
287
310
332
351
372
400
431
457
479
501
526
550
573
596
622
648
670
688
704
719
731
742
753
764
773
778
783
788
793
795
796
798
800
801
799
796
791
784
777
770
763
757
751
746
740
730
716
702
692
681
667
646
624
605
588
574
560
544
522
495
468
447
429
409
386
361
336
311
287
263
238
209
181
157
134
107
76
45
16
-13
-44
-73
-98
-120
-143
-169
-193
-214
-232
-249
-269
-294
-320
-343
-364
-386
-407
-425
-443
-463
-484
-502
-515
-529
-542
-553
-558
-562
-569
-576
-581
-587
-593
-598
-600
-601
-605
-614
-625
-637
-648
-660
-669
-675
-681
-689
-697
-703
-706
-706
-704
-700
-695
-689
-681
-675
-669
-664
-657
-650
-641
-628
-612
-597
-581
-565
-547
-530
-516
-499
-478
-457
-443
-428
-405
-376
-352
-334
-312
-283
-257
-236
-210
-174
-137
-108
-87
-62
-33
-6
18
42
66
88
110
137
168
195
217
238
263
289
311
332
352
372
391
409
426
445
464
485
504
521
535
548
560
570
577
587
599
612
621
628
635
641
644
643
643
645
644
640
637
636
631
623
617
613
609
601
591
581
569
555
543
536
529
515
495
477
462
446
430
417
405
393
378
362
346
329
311
293
276
257
237
218
198
179
158
137
118
102
89
75
55
31
10
-5
-20
-39
-60
-78
-94
-111
-130
-152
-173
-190
-204
-218
-234
-251
-269
-287
-306
-324
-341
-357
-372
-385
-395
-401
-407
-410
-410
-413
-420
-430
-437
-444
-455
-467
-477
-484
-492
-501
-510
-517
-525
-530
-531
-529
-529
-532
-533
-534
-539
-546
-547
-544
-542
-544
-544
-538
-529
-521
-513
-503
-493
-486
-480
-472
-462
-451
-440
-428
-416
-407
-397
-384
-367
-351
-334
-313
-290
-268
-249
-232
-214
-199
-184
-166
-142
-117
-100
-87
-69
-44
-19
-1
15
34
54
71
86
103
125
145
160
176
196
217
233
246
261
278
295
309
321
334
349
366
379
388
395
404
417
427
429
428
433
445
458
466
468
468
468
469
468
463
456
451
450
453
455
450
442
432
424
418
414
410
403
391
381
377
373
363
349
338
334
328
316
303
294
287
277
266
255
245
232
215
199
186
175
166
156
146
133
120
106
91
77
67
60
51
38
23
11
-1
-16
-30
-38
-45
-59
-76
-89
-98
-112
-128
-140
-148
-156
-167
-177
-185
-193
-204
-214
-222
-231
-244
-255
-262
-264
-269
-276
-284
-291
-297
-300
-301
-302
-311
-327
-341
-348
-350
-356
-365
-373
-374
-377
-381
-385
-388
-395
-402
-400
-392
-390
-399
-407
-403
-395
-394
-399
-396
-383
-372
-363
-352
-338
-329
-328
-327
-321
-313
-306
-299
-289
-275
-260
-247
-237
-229
-219
-208
-197
-184
-168
-150
-137
-128
-112
-86
-65
-56
-53
-45
-31
-16
1
18
31
39
49
64
79
90
103
121
138
147
158
175
192
194
187
186
197
210
221
234
246
249
244
243
258
277
285
283
284
294
300
299
302
312
312
294
278
282
297
298
286
280
288
294
287
278
281
288
285
274
264
258
255
254
251
240
229
228
234
236
228
223
225
228
224
219
217
212
199
186
181
181
178
171
165
159
151
142
137
132
126
119
112
105
101
96
85
71
60
56
52
42
26
14
11
11
10
9
7
0
-9
-21
-39
-64
-81
-77
-61
-58
-70
-81
-79
-82
-103
-128
-133
-121
-118
-134
-154
-162
-165
-172
-182
-187
-194
-209
-222
-222
-212
-209
-214
-214
-208
-208
-220
-233
-234
-226
-221
-220
-221
-225
-230
-233
-232
-231
-233
-237
-238
-233
-218
-202
-196
-198
-195
-188
-185
-186
-180
-165
-155
-156
-157
-149
-141
-143
-144
-128
-107
-98
-94
-79
-66
-72
-85
-83
-70
-63
-60
-47
-29
-27
-37
-33
-8
12
13
13
26
40
43
43
45
48
51
58
65
67
70
79
91
94
93
100
114
122
120
123
136
147
146
141
141
145
150
160
170
173
172
172
178
185
191
195
194
186
176
170
172
177
185
196
207
210
203
193
191
198
206
208
201
190
186
188
186
174
159
153
155
158
163
171
180
185
184
177
163
142
126
128
141
147
138
125
123
128
129
122
116
113
109
103
93
80
60
39
30
33
40
47
54
55
39
8
-14
-13
-5
-11
-28
-35
-28
-20
-17
-18
-25
-39
-54
-56
-50
-57
-81
-105
-110
-98
-84
-77
-74
-79
-96
-121
-143
-145
-130
-109
-95
-86
-78
-74
-83
-108
-144
-175
-191
-182
-152
-117
-97
-103
-123
-138
-139
-131
-125
-129
-138
-138
-125
-111
-114
-129
-135
-125
-114
-114
-117
-113
-103
-101
-108
-114
-112
-108
-107
-111
-115
-114
-104
-91
-85
-85
-82
-71
-64
-72
-88
-93
-85
-80
-85
-91
-91
-91
-94
-89
-72
-53
-45
-40
-31
-21
-22
-24
-19
-14
-18
-18
-4
5
-4
-14
-9
0
-7
-13
10
45
51
31
26
46
57
50
54
78
90
83
91
124
148
139
111
80
45
15
13
34
45
52
104
201
257
211
123
78
78
85
99
129
148
126
92
88
109
116
107
105
106
81
44
33
45
43
25
21
32
29
15
17
35
40
29
28
51
67
54
36
45
68
71
56
58
86
102
73
20
-2
23
66
85
79
67
51
23
-4
-11
-5
-8
-21
-29
-27
-26
-29
-35
-41
-43
-34
-12
9
13
7
6
6
-5
-18
-15
-7
-18
-33
-13
34
52
16
-31
-41
-22
-17
-34
-39
-25
-29
-77
-132
-146
-124
-103
-85
-42
13
35
12
-14
-24
-55
-125
-177
-153
-88
-58
-68
-70
-63
-81
-104
-81
-23
-2
-34
-67
-75
-81
-99
-105
-95
-105
-134
-127
-72
-44
-78
-112
-86
-41
-34
-46
-30
2
0
-39
-65
-49
-19
-15
-34
-43
-28
1
19
17
12
21
21
-7
-31
-11
21
14
-7
22
75
65
-11
-56
-30
-8
-43
-67
-20
29
5
-28
24
115
137
91
63
64
38
-7
-2
50
60
6
-23
16
49
28
18
69
118
105
67
66
79
57
20
23
52
49
11
-7
9
23
25
52
109
148
140
101
55
8
-26
-22
25
69
63
12
-30
-29
-8
0
0
16
38
26
-22
-52
-26
14
0
-56
-78
-38
4
-1
-25
-24
-14
-28
-55
-54
-20
2
-19
-58
-77
-62
-33
-4
16
17
-5
-22
3
67
112
82
-9
-83
-94
-69
-53
-50
-46
-43
-38
-16
31
91
150
182
153
70
7
23
69
42
-56
-98
-25
55
27
-45
-27
78
135
93
31
16
9
-38
-83
-53
47
123
118
78
64
61
25
-19
-12
36
55
37
51
115
139
66
-16
0
64
60
1
-17
-2
-15
-19
63
164
148
25
-65
-75
-90
-136
-110
18
111
66
-27
-55
-55
-96
-137
-113
-52
-2
48
104
110
33
-70
-111
-78
-18
26
36
-4
-74
-107
-69
-20
-11
-7
31
55
1
-90
-117
-48
50
93
59
-10
-67
-103
-117
-86
-15
33
1
-77
-122
-118
-114
-128
-112
-54
-27
-72
-110
-70
-29
-93
-210
-245
-181
-121
-124
-148
-153
-144
-134
-122
-118
-139
-175
-197
-207
-234
-265
-251
-186
-129
-116
-115
-95
-78
-102
-167
-226
-222
-148
-67
-47
-85
-125
-145
-160
-178
-179
-150
-105
-65
-44
-45
-61
-79
-84
-73
-51
-11
39
45
-23
-99
-90
-9
65
108
147
166
118
34
1
50
126
185
236
279
276
217
162
159
179
192
219
276
318
302
250
214
219
255
290
289
250
213
214
243
274
295
306
294
255
216
206
212
205
195
222
279
314
296
236
160
102
98
138
161
154
171
229
258
204
125
103
124
113
72
73
111
101
30
-1
70
164
182
135
97
97
106
107
108
96
40
-56
-135
-139
-75
13
89
129
105
12
-92
-122
-55
35
55
-10
-93
-128
-103
-36
32
42
-31
-130
-182
-193
-210
-224
-183
-109
-99
-186
-273
-263
-188
-132
-110
-94
-109
-189
-289
-336
-343
-361
-369
-301
-189
-153
-229
-318
-349
-376
-442
-462
-354
-214
-210
-339
-419
-341
-212
-192
-283
-361
-358
-322
-315
-329
-316
-266
-211
-190
-205
-227
-240
-253
-270
-270
-232
-160
-77
-8
22
-4
-63
-94
-72
-48
-69
-90
-27
92
151
113
69
96
149
148
105
89
121
166
211
262
290
262
216
215
258
289
291
295
305
290
261
273
336
381
357
307
293
310
309
290
285
307
339
363
364
341
311
309
355
417
431
361
247
171
182
252
322
362
374
355
293
222
201
224
206
138
132
238
328
282
176
158
226
265
248
240
241
186
102
99
168
165
67
24
89
126
74
63
169
247
152
-19
-67
27
109
87
22
-17
-45
-82
-113
-123
-110
-63
3
34
22
15
23
-16
-120
-228
-283
-294
-286
-257
-216
-193
-187
-164
-132
-164
-268
-330
-281
-215
-238
-307
-327
-300
-286
-299
-327
-370
-408
-394
-341
-325
-372
-399
-347
-294
-337
-435
-479
-476
-499
-529
-482
-374
-312
-331
-372
-391
-395
-396
-388
-384
-405
-426
-396
-320
-270
-286
-319
-313
-278
-247
-226
-199
-161
-124
-103
-110
-129
-132
-116
-113
-136
-140
-86
-3
45
52
81
152
201
179
135
147
201
217
173
138
161
198
192
173
201
259
270
218
181
217
277
290
265
261
291
315
314
305
294
269
239
241
285
327
331
323
344
367
325
221
144
155
216
257
271
291
309
286
240
238
284
292
222
155
160
201
214
216
245
267
239
192
177
171
124
71
86
145
164
152
189
251
232
141
115
185
217
135
60
122
252
282
186
81
38
15
-8
10
71
112
96
56
34
33
40
35
-1
-79
-164
-188
-118
-6
57
18
-99
-231
-320
-353
-354
-348
-334
-300
-249
-200
-169
-175
-222
-292
-351
-381
-397
-414
-424
-407
-360
-312
-296
-323
-381
-446
-494
-502
-469
-425
-402
-404
-402
-383
-376
-410
-463
-470
-418
-365
-359
-370
-347
-299
-278
-294
-308
-295
-275
-271
-273
-267
-257
-253
-246
-224
-188
-149
-115
-103
-120
-141
-128
-78
-34
-30
-50
-51
-16
31
60
67
74
89
94
71
34
32
81
132
136
119
145
211
245
221
185
184
197
190
185
218
262
272
253
247
245
207
141
108
132
181
226
269
305
317
309
308
304
267
216
216
260
270
228
223
301
367
318
201
146
181
216
203
187
198
220
257
325
377
345
257
213
236
262
258
262
283
253
162
120
204
317
317
210
125
139
214
260
237
191
195
240
218
86
-29
17
164
212
118
69
177
287
222
58
-19
-2
-2
-30
-23
-5
-35
-76
-49
11
-8
-95
-127
-72
-43
-104
-166
-160
-142
-176
-230
-256
-270
-295
-314
-306
-286
-270
-257
-241
-232
-243
-267
-288
-301
-298
-279
-264
-282
-315
-326
-318
-315
-314
-313
-345
-422
-478
-442
-347
-299
-332
-378
-372
-342
-344
-378
-390
-354
-292
-244
-237
-266
-295
-296
-280
-281
-304
-318
-308
-284
-259
-227
-182
-132
-99
-98
-120
-137
-130
-105
-78
-53
-24
6
20
16
11
21
36
46
57
75
86
79
66
62
67
71
81
107
135
141
127
126
157
197
216
219
227
245
253
243
220
190
160
160
206
249
236
189
190
254
306
290
245
229
234
225
225
273
341
366
344
320
297
250
202
203
247
280
282
279
290
292
264
226
211
228
261
285
284
255
227
225
244
260
268
266
252
236
242
262
255
218
204
247
294
273
182
92
67
108
165
202
216
221
224
208
154
72
15
24
83
134
126
59
-7
-6
52
80
24
-54
-73
-43
-27
-44
-59
-56
-61
-90
-126
-153
-175
-199
-209
-197
-178
-172
-180
-203
-240
-275
-283
-269
-257
-263
-286
-305
-293
-249
-220
-243
-290
-320
-342
-378
-396
-363
-310
-302
-335
-350
-326
-307
-325
-351
-363
-380
-394
-361
-293
-261
-283
-298
-287
-298
-345
-373
-356
-335
-339
-330
-279
-219
-197
-201
-190
-168
-169
-191
-202
-189
-164
-134
-110
-103
-102
-88
-70
-71
-83
-84
-68
-46
-19
10
36
60
86
98
75
33
14
37
71
86
96
133
180
194
169
135
114
108
110
111
109
125
175
231
245
222
201
192
179
175
206
258
286
284
288
314
324
286
235
225
251
258
225
198
222
285
330
326
298
282
271
242
221
247
282
274
260
296
331
286
210
212
271
285
252
258
295
271
194
185
249
237
128
111
256
347
239
107
137
231
208
109
92
164
214
194
155
125
82
46
54
80
78
80
116
120
39
-48
-62
-45
-46
-28
18
21
-40
-83
-68
-55
-78
-86
-51
-42
-105
-167
-164
-161
-212
-230
-150
-93
-184
-326
-351
-272
-218
-223
-223
-204
-220
-283
-339
-346
-322
-305
-307
-323
-341
-346
-330
-311
-305
-297
-289
-307
-332
-310
-263
-272
-336
-361
-310
-261
-283
-336
-354
-342
-344
-351
-328
-288
-278
-296
-293
-256
-215
-194
-196
-214
-231
-222
-190
-162
-153
-147
-139
-143
-154
-144
-107
-68
-56
-63
-65
-50
-31
-14
0
14
26
42
56
57
43
31
31
44
66
96
125
143
152
161
164
149
121
107
120
149
175
195
206
202
189
191
207
203
172
165
224
295
301
266
284
349
344
239
160
200
281
285
239
246
294
285
222
215
285
323
277
231
251
281
265
249
284
332
329
290
280
297
288
240
205
211
232
241
243
246
242
229
219
227
246
245
195
128
110
156
201
189
147
132
148
157
140
113
90
77
81
98
92
46
10
34
68
37
-27
-31
26
47
-3
-41
-2
56
40
-46
-119
-141
-144
-157
-157
-125
-88
-88
-133
-185
-196
-166
-147
-169
-198
-193
-169
-168
-188
-196
-189
-206
-258
-305
-311
-297
-301
-320
-333
-339
-340
-322
-281
-251
-263
-295
-299
-268
-244
-258
-291
-307
-300
-292
-295
-305
-311
-311
-306
-303
-303
-302
-296
-279
-253
-229
-223
-234
-239
-232
-233
-257
-271
-239
-179
-148
-160
-163
-132
-109
-131
-160
-153
-133
-139
-147
-114
-52
-14
-9
-6
-4
-26
-57
-44
17
66
78
89
115
121
94
78
93
108
102
101
125
147
140
134
161
191
178
144
146
178
186
161
154
193
235
237
212
207
233
266
275
258
232
220
242
283
300
270
228
226
260
280
261
230
221
229
239
252
261
250
224
220
243
254
223
197
229
288
295
244
211
239
283
285
245
202
186
190
182
154
131
146
183
192
164
149
173
188
146
92
101
155
162
107
70
92
120
96
35
-9
-20
-10
4
24
45
62
65
51
21
-12
-31
-47
-75
-101
-102
-86
-72
-49
-11
1
-47
-115
-142
-130
-134
-165
-185
-180
-180
-194
-190
-165
-169
-215
-254
-261
-262
-270
-258
-232
-233
-258
-262
-246
-273
-354
-397
-338
-247
-231
-270
-281
-258
-259
-289
-308
-314
-327
-332
-300
-258
-251
-274
-282
-269
-271
-298
-309
-286
-256
-244
-242
-247
-254
-247
-225
-220
-241
-244
-208
-175
-183
-193
-161
-120
-132
-179
-182
-128
-79
-70
-63
-39
-34
-59
-68
-38
-7
-3
-9
5
30
42
36
29
38
62
84
91
86
85
98
117
128
130
138
158
180
191
183
168
164
176
184
172
161
173
187
179
177
210
245
237
210
222
267
285
253
217
220
244
255
247
239
233
224
224
233
236
230
226
216
196
181
188
202
214
237
254
228
171
152
195
243
247
226
218
222
218
209
199
167
127
141
210
229
156
99
141
193
146
61
63
140
183
159
131
134
137
116
90
74
53
34
39
52
43
38
67
87
52
-1
-10
2
-12
-35
-25
3
2
-34
-69
-75
-66
-65
-79
-99
-108
-98
-81
-94
-140
-178
-183
-186
-203
-207
-192
-192
-208
-207
-197
-213
-234
-223
-203
-226
-274
-281
-247
-242
-284
-311
-294
-288
-314
-305
-237
-199
-240
-284
-269
-249
-275
-306
-290
-257
-250
-253
-232
-210
-227
-269
-289
-274
-254
-236
-208
-186
-193
-216
-231
-235
-228
-200
-164
-148
-155
-163
-165
-166
-156
-125
-91
-87
-106
-113
-104
-108
-123
-108
-58
-27
-42
-58
-34
3
14
16
43
82
91
66
41
39
56
72
82
91
101
112
115
108
104
120
148
155
133
118
142
183
197
179
169
187
211
204
177
167
187
206
198
180
183
210
228
220
203
193
186
178
188
221
241
218
183
187
222
242
237
238
252
241
193
155
161
183
189
191
204
199
161
135
156
197
218
224
231
224
196
171
171
175
161
151
170
186
161
123
112
114
103
107
140
152
115
74
63
57
37
31
49
50
27
29
69
81
36
15
64
84
-1
-80
-37
38
6
-78
-85
-39
-42
-80
-79
-55
-84
-150
-171
-151
-159
-176
-127
-59
-84
-166
-170
-116
-140
-233
-254
-182
-147
-197
-235
-203
-175
-219
-283
-283
-241
-226
-233
-219
-195
-199
-223
-233
-228
-224
-232
-251
-265
-247
-217
-227
-273
-290
-254
-221
-231
-251
-240
-212
-201
-206
-209
-208
-213
-213
-204
-202
-206
-186
-149
-150
-192
-210
-177
-152
-155
-137
-93
-89
-134
-148
-95
-50
-67
-92
-61
-20
-36
-73
-55
-9
-10
-34
-9
44
43
-7
-23
24
74
73
41
27
48
80
97
94
84
88
114
146
158
154
154
161
167
164
156
139
124
129
157
180
181
178
195
218
211
181
172
195
212
197
177
186
201
187
171
202
258
262
204
164
185
214
199
177
202
249
257
222
190
176
156
134
148
196
221
199
170
172
190
191
167
144
148
172
183
174
173
187
183
149
125
132
129
79
31
47
99
101
57
52
98
105
48
16
58
92
58
15
22
43
25
-13
-28
-35
-52
-54
-17
15
-6
-47
-46
-31
-63
-121
-129
-83
-56
-79
-108
-105
-96
-119
-158
-165
-132
-103
-114
-146
-168
-179
-191
-194
-173
-152
-161
-189
-201
-189
-181
-192
-215
-243
-274
-291
-270
-225
-196
-190
-182
-176
-206
-244
-232
-193
-199
-242
-245
-204
-191
-228
-247
-213
-183
-201
-224
-199
-161
-167
-196
-198
-180
-176
-176
-165
-157
-152
-130
-103
-103
-117
-109
-89
-91
-103
-95
-72
-62
-61
-43
-17
-14
-31
-31
-24
-45
-67
-33
20
11
-30
-12
47
56
26
36
81
85
47
43
89
121
116
125
159
160
116
99
130
145
133
155
200
184
123
121
187
214
159
110
136
184
186
166
184
227
242
226
206
186
166
174
214
235
217
202
218
237
231
211
198
194
199
202
189
163
155
183
213
202
157
133
154
188
197
193
198
199
176
150
148
158
143
98
72
110
172
175
121
104
151
159
73
8
64
148
112
2
-12
85
120
16
-75
-21
83
80
-9
-50
-15
23
27
11
-22
-73
-115
-124
-110
-91
-67
-42
-43
-91
-146
-149
-99
-57
-63
-95
-117
-121
-130
-159
-184
-166
-121
-123
-187
-222
-168
-108
-143
-234
-269
-230
-203
-223
-234
-205
-185
-209
-233
-217
-191
-190
-195
-187
-184
-191
-187
-180
-193
-210
-204
-197
-230
-280
-281
-233
-201
-208
-201
-161
-157
-219
-267
-226
-156
-147
-178
-169
-125
-119
-168
-190
-137
-68
-67
-119
-146
-124
-108
-130
-148
-125
-92
-88
-87
-51
0
15
-2
1
31
39
4
-19
2
26
10
-16
-11
16
42
61
69
55
42
69
124
149
130
120
151
174
143
97
99
133
136
110
101
116
127
134
153
174
172
151
133
128
132
145
173
200
203
177
150
149
174
206
225
218
202
198
202
197
192
205
215
184
131
125
176
210
183
153
183
235
222
154
126
173
220
209
180
190
203
162
99
98
165
220
215
179
144
99
46
31
66
98
81
47
47
63
55
40
51
67
57
42
46
44
9
-21
0
50
66
35
0
-14
-24
-44
-64
-75
-74
-45
0
4
-61
-132
-141
-109
-98
-107
-106
-108
-146
-199
-211
-173
-131
-122
-128
-130
-135
-152
-165
-161
-152
-156
-166
-173
-181
-193
-206
-206
-192
-173
-168
-171
-159
-140
-152
-192
-208
-190
-187
-213
-213
-170
-146
-182
-231
-233
-205
-196
-204
-191
-164
-159
-176
-190
-203
-210
-178
-124
-124
-182
-192
-125
-89
-142
-187
-154
-106
-110
-122
-89
-60
-85
-114
-90
-73
-125
-164
-102
-34
-78
-148
-106
-13
-4
-49
-33
27
34
-3
-5
32
40
22
43
96
104
70
73
111
106
70
81
120
107
56
51
91
115
115
126
142
136
130
155
195
200
172
163
182
192
186
197
226
240
244
254
244
189
135
128
156
179
197
209
204
192
201
231
236
201
166
168
187
188
184
202
215
190
159
179
234
252
215
168
153
159
159
147
148
167
182
171
153
158
176
171
152
150
159
146
109
81
72
64
56
61
70
52
17
9
44
79
92
101
98
44
-33
-50
-3
15
-37
-86
-72
-32
-24
-42
-56
-68
-96
-120
-116
-102
-111
-135
-146
-150
-161
-166
-148
-127
-127
-147
-165
-159
-120
-76
-87
-161
-229
-237
-210
-202
-204
-180
-140
-138
-190
-244
-255
-234
-213
-193
-167
-145
-138
-153
-182
-203
-189
-164
-183
-239
-253
-204
-167
-199
-252
-260
-242
-249
-268
-252
-208
-187
-199
-198
-167
-143
-149
-170
-193
-211
-201
-163
-139
-147
-150
-121
-94
-108
-133
-117
-68
-47
-76
-112
-110
-76
-45
-38
-56
-72
-47
7
30
2
-16
24
78
82
52
38
39
28
17
38
69
68
58
96
150
129
43
15
88
162
152
117
148
217
234
200
191
222
229
193
169
192
221
213
184
171
180
192
195
190
182
177
177
180
186
211
259
290
254
176
136
164
210
227
228
237
235
204
182
208
248
233
168
125
135
167
200
241
267
231
145
101
148
214
216
173
145
131
101
77
89
107
90
64
78
117
127
113
122
149
139
89
59
62
49
19
16
35
29
4
5
20
-13
-86
-126
-110
-96
-116
-119
-83
-72
-128
-185
-174
-135
-135
-153
-138
-102
-94
-127
-179
-223
-236
-214
-174
-135
-103
-90
-117
-180
-227
-216
-170
-148
-159
-168
-176
-212
-240
-205
-139
-129
-176
-213
-224
-243
-260
-231
-173
-152
-176
-192
-179
-177
-191
-169
-116
-107
-156
-182
-157
-152
-195
-210
-155
-97
-92
-107
-96
-86
-102
-104
-60
-16
-32
-78
-85
-64
-67
-88
-85
-72
-84
-98
-74
-33
-31
-69
-83
-51
-20
-21
-21
16
63
82
78
78
87
96
103
109
107
94
87
94
104
112
132
157
156
123
96
90
70
42
74
179
256
230
162
151
180
159
97
96
165
205
190
196
244
260
226
213
245
257
228
227
283
317
267
190
168
176
151
108
98
113
123
141
171
179
159
151
157
136
96
98
144
161
114
72
95
139
122
64
48
89
126
125
109
95
74
42
5
-23
-26
-2
24
42
68
104
110
70
26
16
18
-8
-50
-62
-37
-12
-6
-13
-32
-70
-108
-124
-135
-153
-141
-76
-22
-44
-99
-109
-83
-87
-117
-107
-53
-40
-116
-212
-237
-193
-149
-143
-158
-176
-195
-204
-190
-158
-135
-140
-158
-157
-131
-108
-102
-91
-65
-62
-104
-146
-139
-110
-121
-174
-199
-165
-116
-97
-100
-101
-108
-128
-138
-115
-82
-66
-55
-33
-16
-24
-46
-56
-53
-57
-72
-81
-71
-46
-24
-16
-27
-49
-60
-49
-29
-26
-51
-79
-76
-36
12
30
20
16
38
58
47
23
29
63
79
52
28
49
83
74
27
-1
10
18
4
5
56
129
168
162
141
117
91
68
53
34
16
22
50
61
43
39
74
105
87
56
74
114
101
43
31
87
126
94
48
57
95
99
79
98
151
170
128
84
86
111
114
95
70
30
-27
-52
-15
21
-12
-70
-57
13
26
-46
-88
-21
70
70
16
4
15
-34
-112
-115
-45
-8
-45
-88
-93
-94
-119
-136
-122
-104
-97
-70
-20
-9
-63
-113
-103
-77
-99
-150
-166
-131
-93
-84
-86
-77
-75
-113
-170
-190
-162
-134
-144
-159
-128
-67
-31
-41
-58
-56
-53
-59
-49
-23
-30
-77
-106
-81
-50
-49
-52
-36
-30
-54
-64
-20
38
44
9
-2
28
46
25
-2
-8
3
27
67
104
111
97
89
88
73
51
48
73
103
121
135
156
171
166
154
158
182
207
217
212
202
191
174
151
130
117
108
99
101
121
146
153
139
123
119
121
124
142
172
189
174
153
163
189
179
123
82
100
137
138
120
140
187
193
146
110
126
153
144
129
158
211
219
169
118
109
120
112
86
67
62
58
48
50
78
105
87
31
-8
-4
7
-10
-34
-27
-2
7
-1
-1
15
27
27
20
3
-24
-38
-27
-31
-69
-92
-75
-80
-159
-241
-229
-149
-115
-161
-209
-219
-232
-268
-270
-214
-166
-175
-201
-213
-245
-316
-367
-359
-336
-349
-375
-366
-331
-314
-317
-310
-297
-320
-373
-400
-371
-327
-317
-338
-351
-332
-296
-267
-248
-228
-209
-211
-232
-244
-238
-233
-238
-235
-217
-211
-241
-276
-264
-202
-141
-126
-144
-148
-124
-107
-122
-146
-138
-94
-53
-41
-39
-24
-8
-5
10
63
123
144
141
162
204
221
209
211
238
253
233
215
233
266
278
277
288
305
309
303
305
315
321
324
322
308
288
280
290
303
305
295
287
286
292
308
334
359
364
341
306
278
267
265
255
233
214
214
228
239
241
234
218
197
184
181
179
171
166
168
173
176
176
167
151
146
158
171
160
140
150
182
182
124
60
49
75
89
80
76
82
77
51
29
36
56
53
18
-10
5
47
66
36
-9
-27
-23
-37
-77
-111
-125
-125
-110
-74
-52
-83
-140
-156
-119
-96
-129
-180
-188
-159
-142
-151
-167
-191
-239
-292
-313
-306
-310
-345
-385
-398
-390
-392
-420
-454
-468
-466
-473
-503
-532
-532
-509
-497
-515
-545
-561
-560
-559
-568
-588
-613
-632
-637
-635
-637
-632
-601
-546
-488
-441
-399
-361
-328
-299
-266
-235
-226
-242
-258
-250
-233
-229
-235
-232
-222
-212
-206
-194
-176
-157
-142
-132
-124
-110
-85
-53
-26
-8
12
36
58
77
106
154
205
240
261
282
304
320
330
340
352
360
363
367
377
387
391
388
385
385
385
385
390
409
441
472
483
474
458
450
450
454
456
456
455
456
455
449
436
426
423
421
414
406
398
386
370
364
379
393
367
305
263
279
319
326
290
261
268
279
250
196
164
168
178
175
178
198
214
204
184
180
186
179
165
167
183
188
169
145
132
122
112
110
115
105
74
54
67
85
71
36
26
49
66
48
20
15
18
7
-10
-12
-9
-28
-61
-72
-54
-42
-57
-81
-95
-116
-162
-208
-225
-224
-231
-231
-197
-160
-182
-262
-337
-370
-404
-473
-544
-562
-535
-512
-515
-531
-561
-615
-673
-697
-685
-672
-677
-674
-652
-638
-655
-688
-707
-712
-720
-730
-738
-755
-793
-825
-813
-759
-709
-676
-625
-529
-425
-357
-317
-265
-194
-138
-114
-101
-78
-50
-32
-16
8
36
57
72
81
79
67
57
52
46
41
44
57
62
48
36
52
90
123
149
188
255
331
398
451
497
531
546
547
546
545
534
515
503
507
515
507
486
467
456
444
430
427
443
462
465
451
439
434
430
420
411
410
414
426
445
467
483
484
471
450
432
419
403
382
361
348
340
325
294
255
223
207
205
215
226
233
237
239
226
187
135
104
104
108
97
87
95
113
120
116
115
115
104
89
82
78
58
28
13
13
5
-18
-42
-52
-52
-52
-49
-38
-24
-13
-5
-3
-12
-24
-25
-13
-8
-16
-22
-10
6
-3
-47
-102
-134
-131
-111
-106
-120
-136
-146
-162
-202
-259
-308
-332
-341
-352
-372
-399
-429
-452
-469
-496
-543
-601
-645
-664
-665
-661
-665
-685
-724
-769
-806
-826
-833
-837
-844
-849
-845
-837
-844
-878
-922
-949
-965
-999
-1052
-1080
-1052
-988
-916
-826
-697
-554
-438
-347
-240
-109
6
83
150
237
316
346
338
337
354
363
351
344
362
382
377
356
356
379
389
374
358
357
348
311
272
269
305
352
410
497
605
697
750
784
820
847
851
841
836
830
806
758
695
625
552
487
435
394
358
325
306
307
323
337
336
322
306
293
275
250
233
243
276
308
327
341
359
381
398
404
400
387
370
352
331
307
275
234
194
165
145
126
103
87
83
89
105
133
168
178
143
89
55
49
48
40
44
68
91
95
82
66
58
64
82
97
91
61
23
-12
-49
-90
-122
-134
-128
-117
-108
-101
-95
-80
-51
-16
6
13
19
30
43
52
56
56
57
62
60
38
-4
-44
-67
-80
-101
-126
-141
-157
-199
-266
-330
-371
-399
-432
-468
-501
-531
-561
-593
-627
-666
-706
-744
-780
-826
-888
-958
-1022
-1078
-1125
-1162
-1186
-1203
-1223
-1247
-1275
-1308
-1349
-1398
-1451
-1505
-1543
-1541
-1480
-1361
-1193
-981
-734
-478
-250
-70
70
193
315
447
584
707
790
838
874
903
899
853
804
799
833
865
865
847
833
823
806
776
725
649
571
532
551
602
661
736
849
988
1105
1172
1200
1212
1210
1187
1144
1087
1009
905
789
676
557
423
291
197
148
115
73
25
-18
-64
-121
-179
-221
-253
-288
-314
-306
-262
-208
-154
-92
-18
56
123
181
221
232
221
221
234
222
151
42
-52
-107
-136
-155
-157
-133
-82
-14
57
110
132
135
147
176
202
211
217
241
276
302
312
319
331
344
351
354
348
324
277
214
139
55
-30
-100
-150
-190
-222
-235
-224
-202
-189
-182
-167
-139
-112
-95
-85
-70
-44
-13
15
29
22
2
-9
-2
8
0
-24
-41
-40
-43
-78
-148
-230
-307
-380
-461
-546
-623
-684
-727
-762
-800
-852
-916
-974
-1014
-1046
-1097
-1175
-1259
-1326
-1382
-1451
-1535
-1608
-1651
-1683
-1738
-1821
-1911
-1993
-2068
-2128
-2148
-2104
-1984
-1788
-1524
-1215
-901
-604
-314
-30
219
404
551
721
925
1115
1239
1310
1370
1427
1460
1458
1437
1412
1391
1385
1395
1394
1348
1263
1176
1100
1009
896
809
799
858
946
1047
1175
1315
1429
1496
1528
1541
1524
1474
1405
1320
1201
1038
854
677
499
310
130
-9
-110
-206
-305
-389
-454
-529
-632
-735
-800
-824
-828
-818
-789
-733
-656
-559
-447
-334
-229
-125
-7
113
204
255
278
284
265
215
143
70
11
-25
-35
-21
11
55
110
167
210
240
277
333
389
427
457
504
565
608
621
627
648
674
685
685
683
674
639
579
496
386
244
94
-23
-99
-167
-243
-300
-310
-295
-298
-320
-327
-303
-278
-273
-275
-264
-243
-227
-212
-190
-165
-149
-138
-118
-93
-85
-99
-113
-117
-129
-177
-259
-355
-449
-543
-640
-733
-810
-870
-926
-989
-1057
-1123
-1187
-1260
-1346
-1428
-1486
-1527
-1575
-1641
-1707
-1758
-1802
-1856
-1928
-2021
-2141
-2271
-2361
-2362
-2272
-2116
-1896
-1587
-1198
-797
-450
-158
117
392
651
887
1112
1325
1501
1623
1707
1769
1799
1788
1765
1770
1805
1829
1820
1796
1770
1718
1611
1462
1310
1172
1042
935
892
929
1013
1109
1214
1337
1447
1500
1489
1451
1416
1372
1297
1188
1048
866
644
406
181
-25
-216
-375
-478
-537
-600
-698
-812
-908
-980
-1046
-1111
-1157
-1163
-1128
-1058
-963
-847
-713
-562
-402
-244
-99
33
157
273
370
432
451
428
372
293
207
137
105
115
154
206
261
323
392
454
502
540
578
624
671
709
731
744
763
795
827
840
833
820
805
772
711
633
552
459
334
178
16
-132
-262
-370
-450
-506
-547
-574
-580
-577
-589
-608
-600
-554
-503
-482
-474
-448
-404
-369
-353
-338
-312
-285
-264
-250
-248
-260
-273
-272
-277
-328
-428
-538
-628
-717
-822
-922
-987
-1021
-1057
-1103
-1150
-1197
-1260
-1338
-1414
-1488
-1570
-1649
-1711
-1769
-1854
-1965
-2066
-2141
-2227
-2352
-2468
-2491
-2385
-2182
-1920
-1608
-1238
-831
-422
-54
248
490
717
982
1287
1570
1774
1910
2030
2147
2216
2205
2141
2092
2086
2096
2077
2008
1896
1761
1620
1476
1314
1127
944
825
805
860
942
1032
1137
1245
1314
1320
1274
1199
1102
997
903
818
706
530
305
74
-138
-331
-501
-632
-724
-798
-861
-909
-963
-1049
-1159
-1235
-1244
-1212
-1176
-1122
-1008
-822
-605
-397
-211
-46
93
214
325
415
467
493
528
583
613
576
487
399
343
312
292
291
313
349
388
426
458
470
460
450
466
512
579
653
732
805
864
903
917
897
834
742
651
582
523
447
337
201
55
-93
-238
-374
-484
-555
-583
-582
-578
-592
-622
-653
-673
-678
-665
-629
-571
-503
-438
-376
-313
-252
-205
-178
-164
-152
-142
-139
-152
-182
-220
-258
-303
-376
-488
-619
-729
-794
-822
-837
-860
-896
-944
-1014
-1117
-1259
-1423
-1570
-1672
-1736
-1792
-1859
-1937
-2029
-2146
-2289
-2437
-2566
-2664
-2702
-2633
-2424
-2093
-1687
-1240
-781
-344
40
368
657
916
1156
1413
1712
2009
2218
2308
2335
2352
2355
2317
2260
2224
2220
2220
2191
2109
1944
1701
1445
1240
1074
902
745
684
750
880
1001
1096
1176
1222
1210
1158
1090
1002
882
757
652
530
336
73
-199
-435
-628
-773
-851
-869
-873
-901
-944
-995
-1069
-1171
-1254
-1261
-1181
-1045
-887
-722
-551
-365
-159
46
220
354
485
640
790
881
894
853
787
708
621
525
415
310
261
300
387
448
458
454
460
451
407
353
330
344
385
452
538
607
627
616
617
641
652
630
592
553
496
399
272
134
-10
-161
-304
-414
-491
-555
-612
-644
-640
-615
-603
-618
-643
-654
-642
-608
-559
-497
-428
-363
-304
-249
-200
-168
-146
-115
-63
-11
3
-31
-88
-141
-192
-255
-330
-404
-469
-529
-588
-646
-710
-786
-870
-949
-1029
-1131
-1264
-1405
-1522
-1617
-1717
-1843
-1983
-2123
-2268
-2433
-2610
-2774
-2895
-2950
-2913
-2757
-2487
-2130
-1708
-1230
-714
-214
224
595
921
1215
1479
1730
1982
2213
2381
2482
2557
2626
2657
2619
2540
2465
2397
2311
2193
2038
1833
1580
1321
1105
921
729
548
460
510
646
789
907
1005
1069
1077
1029
937
801
621
432
272
124
-70
-317
-556
-730
-840
-918
-974
-1004
-1017
-1033
-1058
-1091
-1133
-1183
-1208
-1172
-1071
-933
-778
-600
-382
-125
144
396
607
774
905
1004
1067
1082
1051
990
919
844
761
661
552
459
413
417
444
457
447
423
389
338
268
198
153
150
191
262
342
414
478
537
582
591
556
491
414
325
222
110
2
-103
-211
-321
-426
-520
-597
-644
-653
-635
-615
-604
-602
-609
-637
-675
-688
-646
-562
-470
-380
-277
-156
-46
27
68
94
111
114
108
91
47
-27
-103
-151
-190
-267
-385
-491
-546
-581
-637
-707
-764
-819
-911
-1050
-1218
-1404
-1604
-1795
-1941
-2050
-2162
-2287
-2397
-2495
-2637
-2844
-3039
-3127
-3081
-2918
-2632
-2198
-1640
-1028
-428
115
555
873
1126
1394
1690
1970
2223
2491
2771
2987
3079
3069
3008
2906
2767
2627
2513
2391
2224
2028
1818
1555
1210
847
566
386
261
196
252
431
631
766
843
873
823
684
518
382
248
84
-75
-183
-283
-450
-665
-836
-929
-995
-1048
-1040
-969
-916
-936
-997
-1048
-1091
-1136
-1129
-1001
-762
-476
-171
157
480
739
923
1065
1177
1237
1245
1248
1272
1281
1235
1143
1047
956
848
711
569
456
395
385
386
351
263
144
29
-72
-161
-226
-234
-166
-32
128
261
337
361
364
356
315
227
125
49
0
-54
-132
-215
-290
-363
-446
-526
-588
-626
-641
-625
-587
-558
-561
-588
-608
-608
-593
-557
-481
-362
-227
-102
8
109
192
241
262
270
270
251
204
140
75
13
-49
-119
-198
-291
-397
-505
-606
-698
-786
-872
-963
-1076
-1223
-1404
-1607
-1811
-1997
-2150
-2269
-2363
-2442
-2511
-2583
-2682
-2822
-2971
-3075
-3084
-2975
-2725
-2322
-1787
-1176
-538
93
670
1133
1466
1722
1978
2257
2531
2778
2996
3174
3281
3304
3253
3131
2939
2711
2516
2381
2253
2061
1794
1486
1151
786
415
99
-115
-211
-186
-48
162
365
493
529
492
402
270
114
-40
-179
-303
-417
-536
-672
-827
-987
-1118
-1188
-1182
-1120
-1036
-956
-887
-840
-843
-902
-966
-956
-831
-613
-327
24
421
803
1107
1315
1446
1513
1537
1553
1587
1610
1577
1493
1400
1302
1154
945
735
588
497
419
341
276
211
115
-20
-166
-304
-435
-533
-546
-456
-308
-158
-27
92
180
201
146
55
-35
-109
-160
-180
-180
-192
-239
-305
-354
-387
-431
-493
-534
-521
-470
-431
-435
-471
-513
-544
-549
-522
-462
-372
-247
-83
89
220
284
300
301
292
258
203
154
127
111
86
37
-36
-117
-190
-258
-338
-436
-537
-628
-725
-855
-1015
-1187
-1367
-1565
-1766
-1938
-2074
-2194
-2303
-2389
-2459
-2542
-2656
-2797
-2964
-3163
-3340
-3377
-3190
-2811
-2315
-1714
-985
-180
571
1170
1615
1950
2217
2462
2723
2986
3188
3324
3456
3605
3686
3610
3405
3176
2972
2757
2495
2200
1884
1532
1139
732
321
-96
-472
-709
-749
-637
-459
-260
-48
142
247
239
142
-2
-157
-291
-378
-437
-509
-608
-704
-770
-817
-870
-927
-953
-923
-848
-767
-724
-735
-780
-815
-803
-730
-594
-380
-70
328
768
1175
1490
1699
1827
1897
1911
1870
1794
1716
1653
1593
1509
1385
1223
1043
860
678
493
305
134
-2
-116
-242
-399
-573
-729
-843
-899
-888
-807
-663
-472
-261
-68
65
119
109
58
-16
-97
-161
-190
-189
-172
-151
-131
-123
-139
-182
-242
-305
-360
-396
-408
-413
-430
-454
-467
-456
-424
-373
-290
-166
-9
157
309
426
493
506
477
419
335
239
156
105
76
43
-7
-72
-149
-246
-371
-520
-676
-826
-960
-1078
-1193
-1323
-1475
-1640
-1803
-1962
-2119
-2272
-2400
-2486
-2532
-2564
-2612
-2698
-2833
-3009
-3182
-3280
-3232
-2998
-2568
-1953
-1188
-354
449
1143
1701
2126
2437
2678
2904
3146
3386
3596
3764
3883
3927
3869
3719
3505
3239
2918
2571
2238
1915
1550
1109
618
125
-339
-747
-1056
-1227
-1251
-1140
-915
-631
-386
-261
-246
-277
-317
-376
-453
-515
-533
-515
-489
-478
-498
-554
-620
-653
-638
-602
-569
-531
-479
-441
-452
-508
-565
-577
-505
-320
-17
364
767
1149
1483
1731
1862
1891
1866
1830
1793
1757
1721
1664
1563
1415
1244
1064
862
636
412
221
60
-98
-265
-438
-612
-782
-927
-1028
-1079
-1076
-1001
-844
-636
-432
-268
-144
-50
6
15
-10
-38
-44
-25
9
38
52
56
61
61
42
-9
-80
-149
-205
-256
-310
-368
-414
-435
-430
-406
-364
-292
-184
-58
60
157
240
308
350
356
328
282
231
186
149
111
60
4
-38
-74
-138
-249
-395
-552
-719
-902
-1088
-1250
-1388
-1517
-1652
-1792
-1940
-2097
-2249
-2381
-2497
-2606
-2692
-2734
-2757
-2826
-2975
-3152
-3262
-3239
-3059
-2709
-2177
-1476
-646
246
1105
1819
2322
2653
2905
3137
3339
3494
3629
3784
3951
4078
4108
4005
3762
3417
3031
2644
2244
1806
1343
897
478
53
-399
-845
-1217
-1458
-1543
-1476
-1290
-1044
-790
-563
-394
-314
-335
-424
-518
-576
-590
-569
-525
-469
-414
-370
-343
-335
-342
-350
-341
-312
-279
-260
-265
-291
-319
-318
-253
-105
126
429
786
1157
1487
1732
1871
1913
1877
1794
1697
1607
1525
1444
1362
1274
1162
1006
810
599
390
183
-23
-219
-397
-567
-733
-887
-1013
-1100
-1136
-1101
-987
-816
-625
-439
-270
-130
-34
16
38
49
54
59
79
116
157
184
194
190
171
133
76
1
-89
-186
-271
-334
-379
-422
-464
-489
-480
-429
-345
-247
-150
-55
44
140
213
246
245
229
214
201
190
172
143
110
86
67
20
-75
-204
-338
-474
-632
-814
-997
-1161
-1305
-1434
-1554
-1685
-1845
-2021
-2174
-2293
-2409
-2541
-2656
-2724
-2772
-2860
-3012
-3194
-3349
-3409
-3293
-2937
-2352
-1605
-755
154
1038
1775
2287
2601
2802
2964
3126
3318
3546
3773
3954
4073
4133
4093
3905
3572
3165
2746
2326
1884
1413
919
409
-107
-596
-1023
-1371
-1619
-1725
-1657
-1440
-1157
-892
-692
-570
-526
-551
-622
-704
-755
-747
-670
-541
-400
-287
-224
-206
-210
-217
-223
-229
-225
-201
-164
-141
-150
-176
-183
-132
7
248
576
945
1298
1596
1814
1926
1921
1823
1690
1566
1465
1386
1325
1275
1209
1097
929
714
463
193
-76
-322
-534
-709
-847
-953
-1041
-1122
-1189
-1213
-1168
-1046
-864
-648
-421
-201
-9
124
182
181
162
156
168
190
227
279
334
372
381
348
266
143
10
-109
-217
-324
-414
-456
-454
-444
-444
-439
-411
-362
-298
-214
-112
-16
56
107
146
161
138
96
66
57
57
68
96
123
111
44
-64
-195
-349
-525
-699
-847
-968
-1066
-1142
-1207
-1292
-1421
-1584
-1761
-1942
-2129
-2311
-2467
-2587
-2674
-2737
-2794
-2876
-3006
-3158
-3260
-3233
-3026
-2610
-1990
-1203
-322
564
1364
2001
2439
2709
2892
3069
3275
3510
3756
3986
4163
4249
4216
4046
3743
3340
2891
2433
1973
1504
1024
535
34
-472
-956
-1375
-1697
-1894
-1941
-1832
-1606
-1328
-1062
-851
-723
-683
-699
-721
-719
-682
-602
-462
-273
-86
46
109
117
90
46
7
-16
-27
-30
-15
22
60
75
81
133
275
508
801
1116
1415
1661
1824
1893
1866
1749
1577
1404
1282
1216
1176
1125
1043
924
762
550
289
-9
-315
-591
-811
-967
-1077
-1157
-1211
-1229
-1202
-1129
-1019
-880
-707
-491
-246
-15
165
281
344
370
371
365
362
372
402
457
526
569
550
466
345
207
50
-122
-284
-407
-485
-522
-524
-501
-472
-448
-417
-365
-299
-234
-167
-86
0
66
100
109
99
69
27
-1
9
54
110
155
166
122
14
-142
-324
-522
-727
-915
-1058
-1149
-1210
-1271
-1352
-1462
-1602
-1766
-1945
-2133
-2322
-2498
-2642
-2748
-2831
-2918
-3031
-3167
-3281
-3303
-3164
-2829
-2296
-1586
-742
163
1031
1772
2331
2701
2927
3091
3263
3467
3691
3918
4140
4323
4406
4333
4094
3716
3237
2693
2119
1541
965
401
-128
-605
-1040
-1440
-1773
-1981
-2038
-1963
-1795
-1564
-1303
-1057
-871
-762
-723
-735
-756
-732
-631
-465
-269
-67
123
276
359
362
308
228
146
79
40
28
30
34
48
88
169
309
519
792
1100
1400
1651
1820
1885
1844
1716
1537
1352
1195
1088
1021
969
907
818
685
496
255
-19
-302
-575
-817
-1010
-1151
-1254
-1323
-1342
-1295
-1188
-1039
-854
-634
-393
-158
52
225
344
403
422
434
451
458
457
476
538
621
682
687
626
502
327
126
-78
-276
-453
-577
-616
-584
-530
-486
-449
-399
-335
-268
-208
-157
-110
-62
-9
41
66
60
35
15
7
6
13
38
80
123
136
92
-16
-174
-352
-532
-703
-856
-974
-1046
-1083
-1111
-1164
-1265
-1417
-1605
-1807
-2018
-2242
-2469
-2661
-2789
-2863
-2929
-3023
-3145
-3264
-3328
-3278
-3056
-2637
-2021
-1232
-323
604
1425
2063
2520
2848
3100
3314
3530
3779
4058
4328
4537
4635
4583
4368
4014
3559
3026
2423
1780
1149
565
20
-511
-1021
-1477
-1843
-2102
-2245
-2268
-2178
-1988
-1723
-1429
-1169
-991
-890
-826
-757
-666
-544
-381
-168
79
321
512
620
644
606
533
443
350
276
236
225
224
218
211
219
270
386
573
815
1083
1348
1570
1701
1705
1595
1429
1261
1117
1006
939
911
894
847
743
570
330
44
-248
-513
-744
-943
-1097
-1188
-1223
-1228
-1214
-1159
-1044
-876
-676
-457
-227
-4
191
345
451
503
512
511
532
572
610
637
663
689
693
647
541
383
194
-2
-186
-343
-469
-554
-588
-571
-523
-468
-421
-378
-328
-269
-206
-153
-112
-78
-38
6
43
66
81
97
119
147
175
190
181
153
113
53
-50
-205
-385
-551
-683
-787
-870
-938
-1003
-1075
-1163
-1282
-1451
-1679
-1933
-2168
-2363
-2529
-2678
-2792
-2860
-2899
-2950
-3035
-3141
-3219
-3201
-3017
-2631
-2058
-1335
-494
415
1306
2070
2643
3039
3321
3551
3759
3950
4120
4268
4396
4492
4511
4389
4089
3631
3071
2459
1813
1142
471
-164
-731
-1218
-1637
-1997
-2284
-2461
-2503
-2413
-2220
-1963
-1675
-1385
-1119
-895
-719
-579
-447
-298
-126
52
231
422
627
815
938
973
934
850
740
610
462
305
160
62
37
76
152
262
433
678
952
1185
1330
1386
1373
1315
1228
1126
1017
914
835
786
741
659
533
386
241
89
-93
-311
-544
-769
-968
-1127
-1238
-1295
-1290
-1211
-1054
-836
-590
-343
-112
89
248
360
432
476
504
528
555
591
631
664
674
653
606
541
457
346
197
24
-152
-307
-432
-524
-582
-612
-616
-588
-528
-450
-370
-291
-208
-128
-70
-44
-39
-42
-45
-45
-30
5
50
88
118
146
165
163
132
76
-8
-123
-258
-395
-524
-652
-777
-890
-985
-1079
-1194
-1332
-1482
-1640
-1812
-2000
-2197
-2390
-2564
-2703
-2798
-2866
-2929
-3005
-3085
-3150
-3171
-3103
-2888
-2483
-1880
-1115
-254
631
1467
2192
2763
3168
3433
3613
3768
3929
4097
4255
4385
4466
4463
4331
4028
3546
2925
2240
1556
896
258
-355
-912
-1388
-1778
-2097
-2347
-2505
-2539
-2437
-2217
-1934
-1654
-1408
-1187
-968
-755
-572
-420
-270
-87
134
369
588
762
877
935
945
905
802
642
464
317
219
159
120
106
129
204
336
519
730
939
1119
1259
1346
1365
1313
1211
1091
981
891
822
766
710
633
520
365
171
-53
-292
-531
-755
-951
-1105
-1204
-1246
-1231
-1164
-1051
-894
-699
-474
-243
-29
153
301
417
504
567
620
674
723
756
769
768
752
718
659
573
456
312
155
-1
-154
-311
-460
-568
-612
-598
-557
-510
-461
-405
-340
-268
-201
-150
-120
-93
-52
1
48
79
103
133
167
191
197
185
154
109
53
-12
-90
-186
-294
-404
-512
-618
-720
-814
-901
-989
-1087
-1203
-1339
-1500
-1687
-1891
-2094
-2275
-2419
-2519
-2581
-2613
-2625
-2637
-2675
-2755
-2862
-2947
-2938
-2765
-2388
-1806
-1056
-194
713
1587
2341
2912
3291
3528
3693
3836
3976
4109
4218
4290
4305
4241
4061
3734
3262
2690
2068
1427
775
125
-494
-1053
-1537
-1945
-2274
-2510
-2635
-2628
-2485
-2234
-1921
-1591
-1269
-974
-728
-546
-415
-299
-161
12
211
419
618
791
923
995
994
916
778
609
437
279
145
47
-4
-5
36
121
258
457
710
983
1226
1401
1491
1497
1425
1284
1099
914
776
702
672
638
556
415
233
34
-180
-414
-658
-882
-1051
-1158
-1219
-1244
-1227
-1153
-1010
-807
-568
-321
-81
152
372
558
682
739
750
742
731
714
696
685
684
687
673
618
508
349
165
-19
-193
-358
-504
-609
-657
-651
-609
-548
-477
-396
-306
-212
-127
-58
-8
30
60
80
82
68
49
41
45
55
58
50
32
8
-26
-74
-139
-211
-281
-345
-406
-467
-528
-582
-622
-653
-689
-747
-836
-957
-1115
-1315
-1557
-1816
-2060
-2263
-2421
-2539
-2623
-2676
-2712
-2754
-2830
-2953
-3093
-3178
-3124
-2883
-2450
-1844
-1088
-216
708
1586
2322
2872
3253
3526
3748
3943
4107
4236
4339
4425
4464
4398
4173
3782
3264
2668
2023
1344
645
-42
-675
-1228
-1700
-2098
-2417
-2632
-2715
-2663
-2502
-2273
-2004
-1714
-1422
-1156
-939
-766
-607
-426
-204
50
315
569
799
987
1106
1136
1072
940
777
617
471
338
219
127
75
70
109
194
332
527
764
1004
1203
1321
1346
1291
1183
1048
911
793
713
677
669
653
595
473
291
70
-165
-396
-613
-808
-967
-1072
-1111
-1093
-1031
-938
-809
-639
-429
-198
28
226
387
515
611
667
680
657
625
609
617
637
648
640
608
546
444
293
102
-98
-273
-403
-488
-540
-560
-542
-479
-382
-279
-189
-113
-40
39
111
155
160
133
93
56
26
1
-19
-24
-9
18
38
31
-11
-82
-166
-247
-310
-349
-364
-363
-360
-365
-383
-410
-444
-489
-549
-630
-733
-857
-1008
-1191
-1408
-1648
-1893
-2123
-2327
-2495
-2622
-2705
-2750
-2776
-2810
-2872
-2962
-3050
-3086
-3010
-2762
-2301
-1620
-760
194
1143
1996
2693
3219
3584
3821
3974
4089
4201
4317
4419
4467
4426
4270
3989
3578
3040
2391
1671
929
212
-453
-1060
-1606
-2081
-2466
-2745
-2909
-2957
-2886
-2698
-2407
-2050
-1684
-1356
-1087
-863
-653
-429
-180
88
368
652
925
1159
1321
1385
1348
1229
1060
873
688
518
377
274
215
193
199
223
274
369
519
717
932
1124
1254
1299
1256
1140
982
826
709
651
641
643
616
534
389
189
-53
-318
-579
-806
-975
-1077
-1121
-1122
-1084
-1003
-876
-709
-519
-324
-129
69
266
448
594
692
747
769
770
757
735
718
712
712
696
638
528
376
204
30
-140
-298
-427
-508
-531
-506
-458
-406
-349
-273
-175
-73
10
57
74
78
77
68
39
-10
-63
-98
-106
-93
-77
-71
-74
-81
-92
-117
-164
-234
-308
-359
-368
-338
-287
-238
-203
-181
-175
-198
-269
-396
-569
-760
-950
-1143
-1357
-1602
-1863
-2106
-2303
-2453
-2574
-2681
-2771
-2829
-2856
-2881
-2941
-3045
-3152
-3188
-3078
-2784
-2296
-1627
-797
155
1154
2101
2896
3482
3862
4081
4203
4274
4324
4362
4388
4392
4348
4220
3966
3559
2997
2313
1559
792
53
-635
-1258
-1801
-2243
-2570
-2783
-2896
-2922
-2854
-2677
-2389
-2018
-1620
-1243
-911
-618
-352
-114
90
259
413
574
748
912
1033
1093
1095
1058
989
881
731
550
370
221
120
64
52
91
197
375
610
872
1121
1327
1467
1529
1505
1404
1247
1064
883
722
584
465
349
221
67
-116
-317
-518
-706
-873
-1020
-1139
-1217
-1236
-1188
-1077
-915
-713
-479
-221
42
285
486
637
741
809
849
865
860
838
807
770
729
677
610
523
414
286
145
-2
-145
-277
-388
-471
-519
-526
-492
-424
-334
-235
-136
-43
37
100
141
157
151
128
95
54
11
-32
-68
-93
-105
-108
-109
-116
-134
-163
-201
-246
-293
-335
-362
-360
-327
-272
-211
-162
-135
-132
-157
-215
-316
-460
-633
-815
-996
-1175
-1364
-1569
-1782
-1987
-2172
-2335
-2483
-2615
-2722
-2794
-2835
-2867
-2918
-2996
-3075
-3100
-3007
-2739
-2270
-1601
-763
190
1179
2110
2896
3480
3850
4048
4139
4187
4230
4279
4322
4344
4319
4214
3986
3597
3044
2359
1600
824
65
-656
-1320
-1897
-2358
-2691
-2903
-3012
-3020
-2918
-2700
-2386
-2021
-1655
-1319
-1017
-742
-488
-261
-59
133
334
558
789
1000
1160
1254
1280
1243
1146
995
808
608
424
277
180
137
147
208
316
467
653
859
1060
1224
1324
1348
1306
1219
1106
976
840
710
596
498
399
275
111
-89
-305
-516
-710
-883
-1026
-1125
-1166
-1147
-1075
-959
-807
-621
-407
-177
52
268
462
627
753
835
879
896
899
892
868
818
747
663
575
484
381
263
134
4
-123
-247
-369
-475
-543
-556
-511
-425
-320
-210
-105
-12
62
110
133
141
141
132
110
70
20
-27
-63
-89
-111
-132
-150
-161
-169
-181
-204
-235
-262
-276
-276
-265
-244
-209
-153
-81
-8
46
69
55
5
-80
-204
-370
-567
-782
-998
-1209
-1416
-1624
-1831
-2032
-2222
-2396
-2555
-2697
-2815
-2900
-2949
-2970
-2982
-3001
-3024
-3024
-2954
-2763
-2411
-1880
-1177
-333
595
1529
2385
3090
3607
3941
4132
4234
4294
4338
4372
4385
4360
4268
4080
3763
3305
2712
2019
1271
516
-211
-887
-1494
-2014
-2431
-2733
-2918
-2994
-2967
-2836
-2603
-2280
-1898
-1505
-1146
-843
-597
-391
-208
-35
135
312
500
690
861
980
1030
1008
934
828
708
583
461
355
278
242
247
291
371
491
654
854
1074
1284
1455
1563
1594
1547
1429
1259
1064
869
695
549
423
293
138
-59
-291
-539
-776
-980
-1137
-1239
-1279
-1256
-1174
-1045
-883
-701
-500
-281
-49
185
406
603
773
913
1018
1078
1087
1051
984
902
819
739
661
580
488
378
246
92
-68
-219
-342
-429
-480
-498
-487
-451
-393
-319
-236
-150
-68
3
58
92
107
105
93
74
51
30
14
2
-10
-24
-38
-52
-67
-89
-129
-185
-242
-282
-289
-266
-226
-179
-129
-77
-25
14
30
20
-5
-36
-78
-143
-246
-382
-537
-698
-861
-1035
-1230
-1440
-1653
-1862
-2065
-2264
-2455
-2622
-2748
-2827
-2868
-2889
-2899
-2901
-2892
-2871
-2829
-2743
-2567
-2252
-1760
-1092
-283
607
1507
2345
3058
3600
3955
4146
4224
4246
4254
4259
4248
4196
4079
3872
3553
3108
2541
1878
1164
444
-246
-886
-1458
-1947
-2335
-2612
-2781
-2848
-2819
-2693
-2470
-2166
-1813
-1454
-1123
-835
-588
-376
-191
-27
128
287
456
626
771
867
902
886
833
756
660
551
440
348
290
271
292
353
457
606
793
1002
1208
1393
1536
1625
1645
1589
1464
1289
1089
884
684
490
305
127
-51
-240
-449
-671
-884
-1062
-1189
-1262
-1290
-1273
-1204
-1075
-890
-666
-424
-175
77
326
556
744
876
955
1001
1029
1041
1026
975
898
811
727
640
535
405
258
114
-17
-136
-249
-357
-443
-492
-501
-485
-461
-434
-395
-330
-242
-148
-69
-13
25
54
74
78
60
27
-2
-18
-23
-30
-45
-62
-73
-73
-70
-76
-96
-118
-131
-125
-105
-77
-42
1
49
91
109
94
51
-5
-64
-125
-193
-272
-358
-447
-543
-657
-799
-966
-1144
-1318
-1484
-1648
-1819
-1996
-2171
-2334
-2477
-2596
-2684
-2731
-2728
-2685
-2626
-2580
-2561
-2559
-2538
-2450
-2249
-1895
-1368
-672
153
1036
1893
2644
3240
3663
3929
4070
4130
4152
4166
4178
4172
4115
3969
3711
3330
2832
2232
1559
849
143
-524
-1131
-1667
-2126
-2494
-2755
-2895
-2913
-2821
-2636
-2377
-2062
-1720
-1384
-1088
-846
-649
-472
-291
-96
110
319
523
709
859
948
958
894
786
670
578
519
489
481
494
531
591
669
760
869
1005
1169
1348
1507
1610
1630
1564
1427
1244
1036
822
618
433
270
119
-40
-225
-442
-679
-908
-1100
-1234
-1301
-1303
-1247
-1139
-987
-802
-597
-383
-166
56
286
517
735
918
1051
1131
1164
1161
1124
1053
953
833
707
585
464
335
190
32
-128
-276
-405
-514
-597
-646
-653
-619
-554
-476
-400
-329
-259
-187
-115
-47
13
65
108
138
151
143
119
86
54
27
3
-16
-28
-31
-29
-26
-30
-40
-50
-53
-46
-30
-7
24
66
112
149
160
138
86
16
-61
-144
-233
-329
-426
-520
-615
-721
-848
-994
-1143
-1281
-1402
-1514
-1630
-1754
-1885
-2015
-2141
-2260
-2366
-2442
-2474
-2455
-2402
-2345
-2315
-2324
-2360
-2388
-2362
-2230
-1944
-1474
-818
-15
863
1728
2497
3112
3547
3810
3937
3977
3979
3977
3975
3959
3901
3773
3555
3228
2785
2228
1583
889
192
-476
-1098
-1661
-2150
-2538
-2803
-2936
-2949
-2857
-2674
-2405
-2067
-1699
-1350
-1060
-835
-653
-482
-303
-116
75
270
477
687
870
988
1017
970
884
793
714
643
582
542
540
582
649
720
786
867
989
1160
1353
1519
1615
1627
1560
1429
1244
1019
777
553
375
241
120
-27
-222
-457
-702
-926
-1111
-1245
-1319
-1322
-1249
-1110
-927
-722
-510
-294
-72
156
382
600
800
973
1106
1187
1206
1169
1088
979
855
725
596
471
353
233
101
-50
-211
-364
-488
-573
-621
-638
-626
-583
-512
-423
-334
-256
-189
-124
-55
13
70
107
126
130
125
108
77
36
-2
-23
-25
-14
-4
-2
-5
-9
-15
-25
-39
-50
-50
-31
0
34
60
76
83
81
65
29
-28
-100
-180
-261
-344
-428
-513
-593
-667
-738
-811
-889
-972
-1057
-1143
-1235
-1331
-1432
-1529
-1622
-1712
-1805
-1899
-1985
-2049
-2083
-2091
-2083
-2066
-2047
-2035
-2038
-2065
-2102
-2111
-2026
-1785
-1350
-726
47
903
1766
2555
3191
3623
3843
3895
3857
3807
3785
3791
3793
3751
3630
3398
3028
2508
1856
1125
384
-306
-916
-1448
-1913
-2313
-2631
-2851
-2964
-2969
-2867
-2656
-2335
-1926
-1478
-1052
-701
-443
-264
-130
-11
113
252
414
599
788
949
1045
1051
976
850
716
605
534
506
517
561
624
691
750
808
886
1010
1189
1404
1608
1752
1797
1729
1554
1295
984
668
389
179
36
-69
-187
-354
-577
-834
-1084
-1291
-1430
-1483
-1442
-1306
-1096
-847
-600
-377
-175
30
259
514
773
1009
1196
1322
1379
1361
1270
1123
948
782
644
532
428
314
184
40
-113
-271
-429
-571
-676
-724
-715
-663
-589
-509
-424
-334
-243
-160
-92
-38
13
66
114
141
134
99
53
16
-4
-14
-22
-30
-32
-21
-1
15
16
-3
-29
-46
-42
-16
28
78
127
169
197
200
172
110
20
-84
-186
-279
-367
-461
-565
-675
-772
-842
-882
-901
-914
-930
-949
-965
-981
-1007
-1047
-1098
-1142
-1169
-1183
-1207
-1261
-1345
-1439
-1519
-1573
-1610
-1642
-1675
-1708
-1745
-1805
-1907
-2045
-2171
-2202
-2060
-1707
-1160
-468
309
1110
1870
2518
2993
3275
3400
3443
3476
3530
3593
3633
3622
3545
3387
3122
2726
2196
1568
905
264
-330
-878
-1388
-1855
-2256
-2565
-2765
-2852
-2822
-2670
-2399
-2034
-1626
-1231
-895
-633
-436
-284
-155
-30
112
287
495
712
899
1019
1058
1024
937
823
701
591
513
480
490
527
575
626
692
796
952
1154
1374
1570
1708
1761
1718
1580
1366
1105
837
597
404
258
139
16
-136
-334
-574
-838
-1090
-1295
-1420
-1451
-1389
-1251
-1061
-846
-627
-412
-202
16
251
505
762
993
1168
1263
1275
1217
1114
991
869
757
656
557
447
315
156
-27
-223
-414
-582
-707
-778
-792
-758
-688
-594
-487
-372
-257
-152
-62
11
71
124
167
193
195
172
133
95
69
56
51
49
44
37
25
3
-31
-72
-111
-132
-131
-108
-74
-36
1
37
66
81
74
44
-4
-63
-129
-202
-284
-370
-456
-534
-605
-667
-724
-768
-792
-793
-779
-763
-753
-752
-750
-744
-735
-732
-741
-759
-780
-803
-838
-902
-999
-1116
-1233
-1332
-1411
-1479
-1546
-1609
-1667
-1728
-1815
-1948
-2115
-2262
-2306
-2173
-1826
-1282
-588
191
986
1722
2323
2738
2964
3054
3095
3159
3267
3391
3483
3505
3440
3281
3016
2630
2128
1544
933
343
-204
-714
-1193
-1635
-2011
-2294
-2471
-2543
-2516
-2388
-2161
-1849
-1495
-1150
-858
-634
-471
-345
-236
-123
13
182
385
595
776
893
932
901
824
724
620
535
487
489
536
604
666
709
749
817
938
1115
1324
1526
1681
1753
1719
1572
1327
1023
716
455
266
144
59
-28
-145
-307
-508
-728
-935
-1094
-1183
-1196
-1140
-1033
-888
-717
-528
-328
-123
83
290
496
690
852
962
1009
999
948
876
796
712
626
541
456
370
277
172
49
-91
-239
-380
-496
-573
-604
-596
-558
-500
-428
-344
-252
-163
-90
-39
-5
21
45
61
60
41
18
8
20
47
71
79
73
67
71
80
79
59
22
-16
-42
-45
-28
5
49
93
121
116
66
-22
-129
-232
-317
-382
-431
-470
-506
-545
-592
-645
-695
-727
-733
-714
-682
-645
-607
-563
-516
-475
-450
-445
-452
-456
-453
-449
-459
-490
-542
-616
-717
-851
-1018
-1200
-1367
-1496
-1585
-1647
-1698
-1745
-1790
-1837
-1904
-2002
-2116
-2192
-2154
-1940
-1529
-942
-233
534
1286
1953
2470
2804
2971
3032
3065
3123
3213
3302
3344
3301
3158
2912
2570
2146
1664
1154
643
144
-344
-823
-1287
-1712
-2066
-2316
-2437
-2422
-2280
-2039
-1741
-1429
-1138
-887
-680
-512
-372
-244
-113
36
204
377
532
652
732
776
793
782
740
671
589
510
449
409
392
405
461
570
725
906
1092
1269
1431
1566
1652
1666
1593
1444
1248
1034
817
603
401
226
87
-26
-143
-300
-506
-737
-949
-1104
-1189
-1205
-1155
-1036
-848
-610
-358
-127
74
256
441
629
799
920
976
974
933
864
770
656
540
445
385
352
312
235
107
-56
-227
-385
-515
-605
-642
-620
-545
-442
-340
-262
-204
-152
-89
-13
63
125
164
176
161
122
66
5
-42
-57
-40
-1
41
72
87
85
65
31
-12
-53
-79
-82
-60
-22
21
60
91
108
105
77
23
-48
-128
-211
-293
-374
-451
-522
-583
-630
-663
-678
-674
-649
-607
-556
-508
-468
-441
-424
-417
-413
-408
-395
-367
-327
-289
-273
-291
-342
-411
-490
-577
-684
-819
-977
-1142
-1292
-1415
-1515
-1599
-1664
-1703
-1719
-1735
-1780
-1876
-2008
-2126
-2160
-2049
-1767
-1318
-728
-35
705
1417
2021
2458
2718
2840
2896
2950
3031
3129
3213
3247
3201
3053
2789
2415
1955
1444
923
416
-65
-523
-962
-1377
-1751
-2065
-2292
-2405
-2387
-2242
-2000
-1702
-1391
-1098
-842
-630
-459
-321
-197
-59
118
326
532
696
795
833
833
818
797
771
735
695
663
637
605
560
513
492
525
623
779
968
1161
1335
1465
1526
1492
1361
1164
947
750
588
458
346
240
128
2
-151
-337
-540
-720
-834
-868
-843
-791
-732
-667
-583
-468
-323
-163
4
183
382
587
760
860
869
801
690
575
482
418
373
339
311
279
223
131
9
-120
-229
-300
-328
-324
-314
-312
-319
-322
-310
-277
-220
-139
-49
33
95
129
132
105
62
19
-14
-35
-41
-28
-3
25
46
56
55
46
41
47
63
75
75
64
52
42
35
34
37
39
40
38
19
-35
-127
-242
-352
-443
-513
-567
-612
-653
-685
-696
-688
-667
-643
-610
-565
-511
-464
-430
-404
-374
-332
-275
-213
-164
-140
-139
-156
-193
-258
-351
-454
-550
-634
-716
-811
-930
-1073
-1223
-1358
-1470
-1564
-1639
-1689
-1711
-1718
-1741
-1797
-1888
-1992
-2068
-2064
-1939
-1670
-1250
-685
-13
699
1373
1948
2395
2708
2899
2998
3036
3043
3037
3025
2989
2895
2713
2444
2111
1740
1335
899
435
-43
-513
-957
-1364
-1726
-2033
-2250
-2337
-2277
-2093
-1833
-1538
-1236
-946
-683
-465
-302
-192
-112
-27
81
203
316
413
500
580
647
691
703
684
645
604
572
544
514
497
517
583
685
810
950
1106
1273
1437
1569
1628
1585
1443
1233
986
724
465
240
73
-29
-83
-122
-185
-294
-440
-589
-708
-788
-828
-823
-763
-655
-514
-361
-212
-74
61
211
379
544
672
738
740
683
577
442
306
194
121
98
123
169
200
193
152
87
9
-66
-124
-157
-171
-166
-143
-106
-70
-38
-5
39
87
132
166
181
163
112
40
-36
-103
-153
-174
-162
-127
-85
-45
-9
19
33
37
38
31
13
-10
-30
-42
-51
-54
-47
-31
-19
-19
-31
-59
-106
-167
-230
-292
-359
-431
-494
-536
-552
-539
-494
-426
-354
-294
-251
-225
-218
-228
-243
-255
-266
-281
-291
-291
-286
-284
-290
-304
-329
-368
-415
-465
-523
-595
-676
-749
-810
-868
-929
-993
-1065
-1142
-1214
-1271
-1317
-1366
-1421
-1473
-1518
-1566
-1632
-1729
-1858
-1996
-2089
-2064
-1864
-1476
-927
-263
451
1136
1725
2171
2456
2592
2630
2643
2685
2765
2848
2892
2866
2754
2559
2291
1959
1565
1115
637
163
-299
-756
-1204
-1616
-1949
-2162
-2225
-2141
-1942
-1678
-1385
-1086
-809
-587
-434
-336
-264
-196
-117
-25
72
161
243
329
419
495
537
549
542
522
491
453
417
395
402
460
572
722
885
1054
1231
1407
1556
1651
1672
1608
1462
1258
1032
806
592
405
260
155
68
-25
-138
-281
-450
-621
-756
-827
-834
-790
-706
-598
-480
-359
-228
-83
66
212
356
493
605
665
665
613
525
426
345
298
278
269
268
273
272
250
205
150
97
55
30
26
34
45
56
75
97
109
112
123
149
179
192
172
110
10
-107
-213
-292
-346
-375
-365
-310
-226
-142
-72
-21
16
49
89
134
163
164
147
135
131
131
133
141
151
155
147
121
67
-22
-132
-243
-344
-440
-523
-577
-594
-582
-551
-507
-458
-414
-377
-340
-308
-292
-296
-306
-313
-322
-343
-372
-401
-426
-438
-428
-399
-373
-370
-395
-440
-507
-590
-675
-742
-786
-811
-814
-794
-768
-761
-786
-846
-940
-1057
-1171
-1258
-1313
-1354
-1394
-1441
-1505
-1604
-1739
-1886
-2000
-2021
-1884
-1539
-997
-329
375
1036
1595
2011
2276
2414
2470
2492
2525
2597
2694
2759
2732
2588
2336
1998
1602
1180
755
340
-61
-436
-780
-1102
-1405
-1667
-1847
-1915
-1867
-1711
-1469
-1176
-877
-602
-371
-204
-111
-71
-46
-9
43
107
181
258
329
384
422
437
423
389
362
359
372
389
411
448
507
592
711
864
1038
1218
1399
1569
1693
1734
1678
1535
1323
1064
793
544
336
169
44
-48
-129
-226
-342
-461
-567
-654
-711
-721
-678
-597
-495
-380
-263
-150
-31
111
275
432
555
634
670
661
609
526
431
335
255
206
186
166
123
67
19
-6
-10
4
31
63
95
131
172
208
228
243
276
328
378
407
406
372
302
206
97
-19
-139
-245
-313
-335
-331
-319
-303
-278
-247
-213
-172
-125
-81
-43
0
50
90
112
124
143
171
197
218
229
220
184
126
55
-33
-135
-234
-308
-353
-382
-400
-405
-399
-388
-378
-365
-353
-348
-340
-316
-282
-261
-266
-287
-314
-345
-377
-404
-424
-439
-445
-433
-412
-405
-428
-471
-515
-554
-587
-609
-613
-602
-577
-539
-498
-485
-518
-588
-672
-758
-849
-944
-1037
-1125
-1208
-1278
-1333
-1385
-1448
-1516
-1572
-1618
-1673
-1743
-1806
-1820
-1736
-1509
-1114
-570
66
736
1385
1955
2382
2628
2705
2663
2558
2443
2348
2271
2179
2048
1878
1671
1419
1113
763
396
33
-315
-639
-936
-1208
-1447
-1617
-1682
-1635
-1496
-1283
-1009
-702
-402
-145
42
140
150
97
21
-52
-116
-157
-151
-90
7
111
201
262
291
303
322
359
407
464
544
659
799
941
1074
1199
1319
1436
1552
1653
1696
1649
1505
1283
1001
682
363
90
-106
-216
-248
-224
-186
-174
-197
-238
-282
-318
-331
-305
-240
-153
-65
15
85
146
209
287
378
460
513
538
533
490
405
293
177
78
15
1
32
82
129
172
213
247
263
258
240
218
197
190
204
225
237
239
239
238
229
211
187
153
99
31
-38
-98
-155
-204
-234
-243
-236
-213
-171
-116
-68
-36
-11
16
41
55
59
54
36
10
-6
-2
8
10
3
-10
-38
-86
-148
-214
-280
-344
-391
-412
-412
-405
-392
-370
-348
-335
-325
-305
-275
-251
-238
-234
-245
-277
-322
-362
-395
-432
-467
-484
-478
-466
-463
-464
-463
-466
-470
-459
-433
-414
-416
-429
-441
-454
-472
-483
-473
-454
-457
-492
-555
-647
-771
-908
-1033
-1143
-1245
-1328
-1374
-1386
-1392
-1411
-1430
-1432
-1417
-1399
-1395
-1417
-1467
-1505
-1455
-1259
-912
-446
108
713
1313
1834
2208
2395
2403
2286
2132
2011
1940
1887
1821
1737
1634
1496
1300
1036
723
402
117
-111
-297
-472
-657
-832
-962
-1024
-1028
-987
-899
-749
-536
-295
-88
38
66
18
-66
-153
-233
-308
-370
-389
-341
-240
-137
-66
-20
31
109
218
344
466
573
671
782
913
1034
1118
1175
1241
1336
1443
1532
1575
1553
1454
1284
1064
811
536
270
65
-48
-81
-71
-46
-23
-19
-39
-72
-102
-117
-112
-81
-22
45
92
114
127
143
164
187
216
247
266
261
232
177
96
7
-58
-77
-54
-5
64
148
232
300
347
377
389
382
368
353
333
293
236
179
132
95
67
56
63
78
88
85
64
18
-45
-105
-146
-171
-186
-188
-174
-147
-119
-94
-74
-62
-56
-49
-39
-37
-51
-76
-99
-115
-128
-138
-145
-150
-157
-164
-170
-181
-207
-238
-259
-268
-272
-276
-276
-268
-257
-245
-232
-223
-222
-230
-236
-241
-253
-277
-304
-328
-351
-379
-413
-451
-491
-524
-539
-536
-521
-495
-454
-402
-354
-325
-316
-319
-326
-327
-313
-289
-273
-269
-272
-279
-305
-360
-434
-511
-582
-649
-711
-771
-838
-915
-991
-1056
-1119
-1194
-1270
-1325
-1348
-1347
-1330
-1304
-1285
-1288
-1316
-1363
-1416
-1443
-1384
-1177
-800
-280
330
968
1563
2044
2365
2509
2488
2341
2144
1971
1850
1756
1656
1541
1409
1255
1072
871
663
456
261
101
-28
-166
-341
-536
-702
-804
-837
-801
-693
-526
-326
-126
47
156
163
74
-72
-236
-402
-560
-680
-732
-709
-630
-515
-387
-260
-136
-1
154
317
473
623
777
930
1064
1163
1225
1264
1300
1356
1432
1501
1525
1487
1391
1243
1042
800
550
323
143
31
-7
12
46
70
85
100
106
96
84
85
95
97
95
96
92
70
37
15
11
11
11
20
34
28
-6
-52
-87
-107
-114
-93
-43
24
91
162
240
311
355
371
373
366
349
323
295
259
208
151
104
71
41
10
-15
-36
-56
-72
-86
-105
-137
-175
-200
-205
-198
-184
-163
-143
-131
-126
-118
-109
-110
-119
-124
-127
-138
-156
-168
-168
-164
-158
-145
-130
-131
-152
-175
-193
-214
-238
-246
-230
-207
-191
-175
-159
-157
-176
-201
-213
-225
-257
-302
-338
-366
-397
-422
-426
-420
-425
-437
-432
-406
-382
-377
-382
-390
-401
-410
-403
-376
-347
-324
-292
-240
-182
-141
-128
-132
-141
-145
-145
-154
-190
-259
-345
-426
-494
-553
-608
-662
-713
-759
-804
-865
-959
-1080
-1198
-1289
-1353
-1395
-1421
-1431
-1432
-1434
-1443
-1467
-1507
-1543
-1520
-1384
-1107
-700
-190
388
984
1530
1967
2258
2397
2409
2339
2234
2122
2008
1877
1715
1528
1326
1124
930
752
603
486
388
288
172
35
-124
-296
-455
-563
-604
-581
-506
-389
-251
-125
-36
5
-11
-94
-240
-421
-598
-746
-858
-921
-926
-875
-779
-645
-473
-275
-67
147
365
582
782
953
1089
1190
1254
1290
1314
1340
1370
1399
1422
1420
1376
1281
1141
967
766
558
372
236
152
109
97
105
117
127
141
166
196
215
223
227
220
184
112
18
-73
-149
-206
-236
-241
-236
-233
-231
-228
-233
-254
-276
-270
-226
-152
-64
30
124
211
289
363
424
463
480
488
492
477
431
358
273
187
110
54
21
-3
-24
-36
-36
-42
-65
-99
-127
-150
-174
-195
-202
-201
-206
-212
-208
-200
-203
-214
-213
-201
-197
-208
-221
-229
-239
-255
-262
-250
-226
-197
-159
-113
-77
-65
-68
-74
-84
-101
-119
-130
-136
-147
-162
-182
-206
-233
-253
-259
-255
-253
-252
-246
-239
-236
-237
-241
-250
-261
-265
-258
-253
-255
-260
-264
-269
-278
-289
-300
-310
-314
-304
-280
-255
-236
-215
-190
-173
-167
-156
-137
-124
-124
-124
-128
-161
-229
-307
-376
-450
-546
-644
-717
-780
-860
-944
-1003
-1053
-1129
-1215
-1268
-1289
-1317
-1352
-1351
-1305
-1257
-1230
-1199
-1154
-1134
-1152
-1142
-1032
-815
-512
-105
413
975
1484
1897
2207
2389
2407
2293
2139
2000
1866
1723
1596
1489
1364
1204
1045
912
787
645
508
403
308
182
23
-139
-288
-429
-540
-583
-559
-504
-439
-354
-257
-189
-183
-233
-320
-443
-601
-759
-877
-943
-969
-945
-853
-701
-526
-345
-145
79
299
496
676
852
1006
1116
1190
1250
1292
1303
1295
1300
1322
1331
1308
1266
1211
1127
1000
850
701
558
421
312
253
233
219
196
176
167
152
124
94
66
32
-19
-83
-155
-239
-335
-430
-500
-534
-537
-517
-477
-421
-357
-294
-234
-175
-107
-28
54
132
203
267
321
365
406
446
482
504
519
534
541
521
467
392
316
243
175
117
72
36
5
-18
-31
-43
-71
-113
-155
-186
-213
-245
-283
-321
-359
-395
-423
-435
-429
-413
-386
-345
-295
-251
-223
-208
-197
-187
-182
-176
-160
-138
-119
-102
-80
-54
-30
-9
14
33
35
17
-13
-49
-93
-142
-183
-206
-218
-225
-226
-219
-211
-208
-205
-195
-186
-189
-204
-222
-242
-274
-317
-358
-387
-406
-417
-412
-391
-363
-331
-294
-250
-209
-180
-164
-151
-136
-123
-117
-120
-127
-134
-144
-160
-179
-201
-230
-268
-310
-352
-403
-473
-555
-633
-699
-765
-838
-901
-943
-967
-975
-968
-953
-955
-986
-1034
-1083
-1139
-1208
-1277
-1323
-1349
-1370
-1393
-1408
-1408
-1367
-1229
-940
-495
63
689
1330
1911
2354
2612
2686
2596
2381
2108
1860
1672
1521
1388
1278
1185
1080
948
811
685
556
421
300
203
102
-32
-180
-302
-391
-457
-487
-458
-385
-309
-253
-215
-212
-276
-409
-583
-771
-966
-1153
-1294
-1357
-1342
-1256
-1097
-870
-596
-301
-2
284
539
756
938
1086
1196
1270
1317
1337
1330
1305
1278
1250
1211
1160
1109
1053
967
841
699
558
418
278
164
96
66
57
68
101
132
135
109
75
38
-22
-111
-216
-320
-423
-522
-602
-650
-669
-662
-622
-545
-443
-339
-249
-170
-89
-4
84
172
260
341
408
461
504
539
562
566
560
551
539
508
450
369
270
161
60
-16
-60
-77
-75
-57
-28
-2
1
-21
-65
-125
-194
-263
-322
-371
-413
-444
-462
-468
-465
-451
-422
-376
-322
-266
-215
-173
-143
-120
-102
-88
-79
-69
-50
-24
-3
8
10
10
13
22
40
60
70
67
55
39
14
-23
-65
-94
-103
-101
-96
-92
-95
-106
-124
-143
-161
-186
-219
-253
-284
-316
-356
-400
-433
-443
-434
-407
-366
-317
-269
-223
-179
-142
-119
-105
-83
-48
-9
21
45
66
76
67
42
8
-39
-100
-161
-208
-248
-305
-378
-448
-503
-556
-620
-680
-717
-732
-737
-733
-717
-702
-714
-757
-814
-878
-962
-1073
-1181
-1252
-1285
-1312
-1350
-1391
-1422
-1448
-1452
-1373
-1154
-787
-296
297
958
1602
2118
2448
2609
2629
2516
2300
2062
1861
1680
1484
1284
1112
960
806
673
607
600
593
559
519
470
365
194
21
-104
-190
-254
-274
-241
-196
-184
-200
-222
-271
-383
-541
-699
-847
-1006
-1160
-1259
-1287
-1254
-1155
-969
-707
-412
-113
191
488
737
922
1061
1171
1237
1252
1242
1216
1160
1079
1011
976
956
930
909
900
873
803
707
617
534
447
379
363
385
397
385
365
341
292
215
138
70
-13
-131
-262
-380
-485
-586
-669
-704
-681
-616
-525
-415
-305
-218
-161
-118
-71
-13
47
104
163
224
276
307
315
309
299
294
301
324
354
369
356
319
273
227
189
168
173
197
229
258
272
256
202
120
26
-68
-160
-242
-306
-355
-395
-423
-433
-428
-418
-402
-366
-310
-253
-207
-171
-141
-124
-123
-132
-140
-144
-144
-132
-107
-85
-85
-106
-128
-139
-139
-128
-109
-82
-49
-11
27
53
61
57
61
78
98
103
88
54
10
-35
-75
-110
-145
-174
-185
-175
-157
-150
-156
-161
-153
-133
-110
-92
-77
-63
-45
-25
-11
-8
-12
-13
-6
9
19
9
-22
-59
-91
-121
-161
-206
-240
-257
-264
-271
-277
-284
-295
-309
-318
-331
-373
-452
-544
-624
-695
-765
-817
-831
-819
-813
-818
-831
-873
-957
-1053
-1109
-1126
-1147
-1183
-1199
-1191
-1213
-1285
-1346
-1335
-1253
-1097
-807
-350
200
738
1237
1711
2102
2310
2337
2286
2209
2065
1849
1647
1498
1335
1118
915
798
732
652
598
642
745
797
775
748
719
614
429
252
124
-10
-179
-322
-391
-441
-534
-640
-703
-755
-859
-991
-1081
-1126
-1172
-1206
-1161
-1026
-858
-685
-475
-215
38
242
424
614
771
853
882
902
911
875
806
747
715
692
679
705
775
850
901
942
985
1013
1000
956
908
859
802
739
680
613
515
385
244
104
-43
-193
-326
-426
-500
-556
-586
-590
-588
-594
-591
-555
-495
-432
-368
-291
-214
-164
-148
-139
-126
-125
-137
-128
-79
-18
25
64
125
195
248
285
334
391
424
425
421
422
406
366
331
328
332
314
280
251
224
175
108
39
-30
-115
-205
-273
-312
-347
-385
-403
-388
-356
-330
-304
-274
-248
-237
-232
-223
-229
-267
-324
-367
-387
-402
-416
-409
-374
-327
-282
-236
-182
-132
-94
-53
6
71
116
136
149
159
152
120
78
42
18
3
1
10
21
25
25
32
45
54
58
65
83
105
121
125
114
89
59
36
21
3
-23
-46
-57
-63
-73
-87
-101
-117
-140
-165
-183
-201
-229
-259
-265
-240
-211
-204
-211
-222
-244
-290
-347
-397
-440
-486
-526
-544
-558
-602
-676
-745
-784
-805
-821
-821
-802
-789
-801
-830
-877
-962
-1082
-1189
-1239
-1246
-1250
-1261
-1265
-1275
-1313
-1350
-1328
-1218
-1018
-696
-212
393
1000
1514
1919
2211
2345
2301
2140
1940
1717
1469
1244
1086
963
822
686
630
672
755
845
959
1089
1174
1169
1090
955
744
466
189
-32
-211
-379
-524
-616
-667
-711
-759
-802
-852
-930
-1016
-1075
-1107
-1130
-1128
-1063
-932
-767
-588
-395
-200
-27
116
245
359
435
470
490
507
500
465
432
426
452
514
624
778
942
1090
1219
1318
1357
1316
1226
1128
1029
920
815
732
651
544
417
296
180
49
-83
-174
-213
-239
-284
-334
-371
-409
-460
-499
-499
-466
-425
-381
-328
-286
-284
-327
-385
-428
-452
-461
-449
-404
-329
-238
-143
-50
41
131
219
302
377
439
477
484
466
443
417
380
331
286
262
254
244
233
228
224
210
185
153
112
52
-23
-95
-151
-196
-235
-263
-274
-275
-273
-272
-274
-287
-313
-341
-371
-407
-446
-473
-483
-482
-473
-452
-419
-384
-354
-321
-280
-239
-205
-170
-129
-95
-80
-76
-71
-66
-61
-49
-23
7
31
53
79
98
98
91
100
125
143
154
170
186
182
160
144
143
132
106
94
110
126
110
80
67
63
41
10
-4
-7
-31
-76
-111
-128
-161
-220
-268
-276
-267
-274
-285
-275
-261
-271
-298
-317
-336
-387
-462
-518
-545
-579
-632
-666
-659
-645
-651
-656
-634
-614
-629
-656
-652
-637
-670
-748
-815
-864
-950
-1081
-1189
-1231
-1252
-1292
-1311
-1266
-1209
-1206
-1222
-1165
-1028
-858
-630
-262
244
772
1234
1638
1982
2172
2144
1972
1762
1527
1244
978
822
762
714
671
702
818
940
1032
1150
1311
1431
1441
1368
1247
1039
726
385
106
-113
-317
-484
-555
-554
-565
-611
-642
-656
-702
-779
-828
-832
-844
-887
-901
-844
-755
-685
-609
-484
-334
-214
-119
-15
77
114
114
132
173
194
189
208
282
388
504
644
817
987
1122
1229
1309
1330
1275
1177
1082
998
911
824
755
699
634
557
479
402
315
230
176
158
147
114
59
-3
-68
-143
-224
-294
-338
-360
-372
-382
-394
-417
-462
-516
-552
-549
-520
-484
-435
-356
-259
-180
-132
-88
-27
33
75
112
155
185
180
159
157
173
182
189
232
315
393
435
451
460
449
411
362
320
274
210
142
95
57
1
-67
-116
-136
-146
-156
-159
-158
-172
-202
-229
-247
-276
-323
-359
-362
-354
-365
-386
-392
-385
-379
-370
-340
-298
-272
-262
-242
-213
-208
-237
-266
-262
-234
-204
-172
-123
-63
-10
38
98
161
198
211
226
249
256
228
185
152
129
112
107
127
155
172
185
208
233
237
227
229
244
244
218
181
146
99
30
-36
-85
-131
-189
-238
-253
-252
-266
-287
-277
-235
-199
-190
-194
-208
-257
-349
-451
-535
-611
-688
-742
-747
-724
-715
-728
-741
-746
-755
-768
-766
-751
-745
-761
-797
-859
-963
-1097
-1226
-1321
-1383
-1419
-1420
-1391
-1353
-1324
-1284
-1210
-1094
-918
-636
-220
291
813
1289
1691
1982
2105
2053
1877
1636
1356
1069
838
701
635
599
600
675
822
992
1158
1334
1510
1636
1669
1608
1466
1237
929
590
282
25
-192
-364
-469
-510
-518
-522
-522
-520
-529
-559
-602
-650
-700
-748
-779
-778
-745
-698
-649
-595
-531
-465
-409
-362
-314
-257
-199
-144
-89
-31
23
67
122
214
338
472
611
769
934
1063
1126
1141
1130
1089
1018
945
900
874
840
800
776
759
719
654
595
561
540
516
492
466
428
365
279
180
75
-28
-116
-182
-228
-266
-306
-358
-420
-475
-510
-525
-529
-516
-479
-426
-372
-328
-296
-272
-253
-233
-208
-181
-156
-139
-125
-110
-86
-47
-1
45
93
159
237
298
327
338
345
339
320
304
301
290
251
203
176
169
156
133
122
130
134
120
96
65
12
-65
-141
-196
-233
-265
-292
-299
-284
-262
-247
-244
-249
-260
-273
-283
-288
-295
-310
-332
-353
-365
-374
-387
-395
-383
-346
-294
-233
-170
-111
-64
-26
7
27
23
5
-6
-4
6
20
38
63
91
129
186
251
299
327
350
374
383
371
349
321
275
213
154
104
51
0
-24
-14
11
30
48
70
80
60
22
-15
-59
-118
-175
-214
-256
-323
-406
-481
-544
-611
-680
-728
-742
-735
-726
-716
-710
-725
-767
-817
-850
-866
-888
-923
-956
-974
-993
-1045
-1131
-1223
-1301
-1371
-1427
-1442
-1411
-1367
-1328
-1268
-1169
-1052
-936
-784
-534
-181
228
654
1079
1458
1724
1849
1855
1752
1534
1242
963
762
641
587
602
688
818
965
1132
1314
1478
1592
1667
1716
1704
1587
1367
1079
749
396
63
-204
-388
-497
-536
-502
-411
-313
-258
-253
-284
-342
-430
-533
-624
-687
-726
-751
-761
-753
-738
-729
-720
-687
-625
-559
-499
-430
-347
-269
-209
-154
-87
-15
61
165
310
472
617
737
840
915
938
920
895
866
818
767
746
757
772
781
800
835
868
887
904
925
932
906
855
791
706
584
435
280
137
20
-63
-113
-140
-152
-160
-172
-192
-219
-255
-307
-367
-417
-449
-470
-488
-500
-505
-509
-515
-509
-483
-445
-407
-359
-296
-241
-211
-191
-163
-138
-126
-110
-67
-10
38
80
134
191
220
219
215
217
206
178
162
172
188
193
201
219
237
244
246
250
247
224
177
119
56
-15
-92
-162
-219
-263
-295
-313
-314
-301
-281
-256
-227
-197
-178
-179
-196
-224
-268
-331
-396
-440
-461
-466
-447
-396
-327
-263
-209
-153
-94
-49
-18
21
71
108
120
124
131
128
113
111
130
151
165
198
261
330
381
421
459
475
451
410
379
346
287
224
198
201
196
178
168
156
117
51
-9
-54
-107
-176
-235
-270
-306
-360
-419
-468
-520
-574
-610
-620
-628
-653
-684
-711
-752
-823
-904
-968
-1021
-1080
-1126
-1129
-1100
-1082
-1083
-1081
-1080
-1121
-1213
-1306
-1354
-1376
-1403
-1423
-1403
-1349
-1295
-1232
-1111
-915
-671
-384
-18
437
908
1298
1567
1719
1745
1630
1402
1129
865
631
458
392
447
584
753
946
1172
1418
1650
1839
1964
2006
1948
1793
1555
1250
894
524
186
-79
-251
-327
-322
-258
-162
-56
36
87
81
23
-72
-191
-327
-469
-604
-717
-795
-832
-833
-816
-797
-773
-735
-683
-627
-578
-536
-498
-461
-413
-344
-262
-184
-105
-2
133
281
415
524
601
636
629
603
575
544
509
497
535
619
717
813
908
994
1055
1097
1138
1172
1166
1110
1024
919
786
625
467
340
243
171
134
142
167
174
161
142
114
61
-9
-70
-119
-174
-243
-315
-385
-457
-528
-580
-602
-604
-597
-582
-556
-524
-494
-467
-443
-414
-375
-323
-263
-204
-152
-118
-110
-120
-131
-139
-152
-171
-178
-161
-127
-88
-38
32
106
170
235
316
396
439
435
405
358
285
193
107
42
-14
-68
-101
-98
-77
-60
-45
-22
8
33
51
63
57
19
-47
-124
-203
-282
-353
-400
-421
-427
-422
-403
-370
-341
-317
-287
-240
-191
-155
-123
-80
-38
-21
-30
-37
-24
-7
1
14
44
76
92
109
152
213
255
271
292
337
384
407
413
424
442
456
467
487
501
480
420
345
276
210
136
61
-2
-48
-85
-120
-154
-193
-236
-271
-292
-307
-327
-354
-388
-440
-519
-617
-712
-794
-869
-934
-978
-1003
-1034
-1080
-1115
-1116
-1097
-1092
-1095
-1082
-1057
-1056
-1100
-1169
-1242
-1321
-1396
-1434
-1418
-1373
-1333
-1296
-1224
-1095
-913
-678
-376
-2
416
829
1182
1427
1527
1473
1291
1036
775
557
410
350
385
510
695
908
1132
1355
1567
1750
1891
1973
1975
1880
1688
1418
1092
743
424
185
36
-38
-40
24
123
211
276
325
345
304
201
71
-63
-219
-405
-584
-719
-812
-877
-900
-867
-806
-755
-716
-671
-622
-582
-556
-529
-498
-468
-438
-397
-346
-294
-238
-165
-77
17
116
211
277
302
302
307
326
355
401
480
586
697
804
911
1005
1064
1083
1086
1087
1075
1038
981
912
828
734
646
582
546
538
552
580
609
619
600
547
465
364
255
143
32
-66
-147
-226
-310
-383
-428
-450
-459
-451
-422
-392
-385
-396
-405
-417
-452
-504
-537
-537
-533
-540
-544
-536
-543
-572
-589
-564
-512
-460
-403
-316
-218
-144
-97
-45
16
60
78
98
132
156
149
127
110
88
52
24
33
71
115
156
206
260
296
305
296
276
245
208
177
154
125
81
31
-13
-53
-90
-118
-133
-138
-134
-117
-89
-66
-63
-75
-88
-98
-109
-121
-125
-119
-112
-118
-135
-152
-175
-205
-227
-218
-182
-143
-110
-63
7
80
138
186
238
282
297
293
292
286
248
186
139
123
120
114
118
139
164
176
182
193
205
202
185
165
142
99
29
-68
-178
-276
-349
-404
-450
-482
-494
-501
-522
-550
-570
-589
-626
-680
-728
-764
-815
-893
-971
-1025
-1066
-1108
-1144
-1163
-1178
-1199
-1228
-1266
-1312
-1356
-1379
-1376
-1353
-1312
-1251
-1176
-1089
-961
-751
-464
-145
181
522
848
1084
1178
1148
1024
818
567
352
234
204
235
341
542
809
1078
1327
1563
1766
1897
1951
1938
1838
1628
1332
1018
729
477
277
160
138
186
274
393
528
646
717
738
710
621
464
251
5
-242
-461
-642
-784
-872
-886
-835
-758
-684
-612
-537
-478
-449
-433
-412
-407
-444
-503
-541
-555
-569
-577
-544
-460
-356
-257
-160
-66
0
31
59
111
177
240
312
412
524
618
692
762
822
852
859
872
898
912
900
882
873
860
827
800
811
854
896
918
932
935
900
818
716
622
530
428
331
263
221
175
114
53
6
-34
-73
-101
-111
-117
-140
-184
-238
-297
-368
-448
-516
-555
-569
-579
-597
-617
-643
-686
-739
-770
-767
-749
-731
-697
-629
-548
-487
-442
-387
-323
-284
-270
-251
-224
-223
-255
-280
-273
-256
-246
-223
-161
-70
22
105
182
247
288
309
325
333
322
293
256
214
177
162
164
162
156
172
219
268
297
320
352
371
358
330
313
293
244
180
136
110
74
24
-15
-37
-55
-67
-61
-33
0
30
59
85
92
79
53
19
-26
-77
-114
-136
-152
-163
-156
-131
-100
-68
-28
19
62
85
85
61
14
-49
-114
-168
-209
-241
-269
-292
-311
-324
-328
-324
-322
-332
-345
-342
-331
-340
-390
-466
-540
-612
-691
-752
-764
-752
-768
-804
-798
-756
-751
-813
-868
-868
-865
-919
-994
-1029
-1061
-1155
-1259
-1268
-1203
-1176
-1199
-1172
-1065
-961
-890
-773
-556
-294
-44
224
531
782
869
821
723
582
372
152
23
9
69
191
391
638
862
1041
1217
1406
1561
1634
1629
1567
1442
1255
1034
807
598
433
340
324
380
492
623
728
802
869
930
938
857
715
558
380
159
-71
-251
-371
-467
-529
-514
-433
-365
-352
-364
-356
-338
-337
-349
-353
-354
-378
-425
-470
-500
-522
-541
-539
-503
-441
-379
-339
-324
-310
-280
-235
-178
-99
10
134
253
353
428
466
465
444
438
456
482
504
526
551
574
597
633
683
736
789
855
933
992
1002
964
899
817
720
621
540
478
420
364
326
316
317
312
305
307
320
325
312
275
211
117
3
-110
-206
-281
-341
-391
-435
-473
-500
-515
-527
-542
-554
-553
-545
-542
-546
-552
-563
-587
-611
-616
-598
-576
-562
-544
-517
-497
-498
-504
-494
-471
-444
-407
-351
-292
-253
-227
-188
-135
-90
-64
-38
-2
31
43
42
36
23
-2
-19
-8
28
73
118
174
249
332
401
443
459
459
449
431
405
374
337
292
246
217
214
227
242
257
281
316
352
379
393
389
363
320
271
217
156
90
30
-21
-68
-106
-118
-101
-68
-27
28
91
130
123
79
22
-45
-129
-219
-294
-345
-387
-422
-436
-426
-403
-377
-347
-311
-276
-255
-259
-296
-359
-433
-505
-579
-660
-734
-776
-786
-783
-769
-731
-678
-645
-641
-637
-620
-623
-683
-783
-875
-946
-1015
-1077
-1103
-1097
-1091
-1094
-1079
-1032
-981
-951
-930
-889
-818
-721
-590
-415
-207
12
229
427
571
627
589
480
331
177
61
16
49
141
283
470
682
882
1043
1168
1265
1328
1346
1317
1242
1121
956
768
596
475
421
432
507
635
790
930
1025
1068
1062
1009
912
781
630
463
289
126
-3
-93
-147
-167
-148
-100
-44
0
21
11
-38
-113
-190
-257
-317
-376
-428
-465
-489
-504
-508
-497
-474
-446
-411
-373
-339
-319
-307
-296
-276
-244
-193
-129
-65
-8
40
79
105
120
136
162
198
241
296
360
423
477
526
576
618
655
695
740
774
787
779
759
727
688
658
652
663
670
671
673
669
649
615
581
551
520
489
463
440
406
355
293
226
160
103
64
41
20
-8
-44
-96
-170
-256
-330
-383
-419
-441
-446
-440
-439
-458
-488
-515
-537
-558
-574
-578
-576
-580
-594
-610
-620
-619
-610
-599
-584
-558
-519
-480
-447
-417
-385
-356
-334
-306
-262
-216
-194
-203
-223
-244
-269
-291
-287
-247
-176
-85
32
172
312
432
520
576
591
559
491
404
315
239
194
188
209
248
309
390
472
547
620
690
736
744
721
676
598
486
362
258
177
114
79
89
131
180
232
286
325
327
300
263
215
137
33
-76
-179
-284
-378
-431
-438
-428
-422
-403
-364
-334
-334
-352
-367
-386
-425
-482
-536
-588
-652
-727
-790
-829
-852
-871
-881
-877
-858
-831
-812
-807
-810
-812
-815
-828
-851
-874
-902
-948
-1009
-1060
-1085
-1094
-1101
-1094
-1052
-984
-920
-870
-820
-761
-694
-615
-502
-345
-158
36
215
365
465
492
439
321
178
59
3
27
128
294
503
721
916
1068
1171
1221
1220
1181
1123
1058
985
901
803
702
618
576
589
648
743
867
1002
1111
1163
1152
1090
980
821
638
471
335
221
122
60
52
85
126
166
206
238
237
196
132
60
-20
-114
-217
-312
-387
-445
-491
-519
-520
-493
-450
-406
-363
-324
-299
-305
-343
-390
-421
-431
-423
-397
-348
-285
-230
-197
-175
-149
-115
-79
-37
18
81
136
175
208
250
297
343
391
446
504
554
588
609
620
618
606
595
592
597
610
634
667
700
724
739
749
749
732
701
665
625
576
517
459
411
372
336
305
287
276
261
235
207
183
152
93
5
-88
-172
-246
-312
-357
-372
-377
-393
-419
-440
-455
-482
-520
-549
-560
-570
-594
-620
-638
-655
-680
-701
-702
-687
-667
-641
-599
-554
-526
-520
-524
-534
-551
-565
-559
-533
-501
-467
-424
-373
-324
-278
-225
-165
-105
-45
20
85
127
144
150
152
140
119
114
137
179
237
326
444
557
633
677
706
715
685
624
562
508
452
402
383
399
425
451
483
526
570
602
621
628
615
573
508
426
328
217
111
26
-36
-76
-90
-78
-51
-28
-20
-25
-42
-75
-130
-204
-288
-377
-470
-565
-652
-717
-753
-766
-764
-749
-721
-695
-690
-711
-747
-793
-845
-896
-938
-969
-996
-1025
-1058
-1093
-1128
-1158
-1178
-1192
-1200
-1198
-1178
-1147
-1119
-1092
-1058
-1021
-996
-979
-956
-923
-889
-844
-761
-624
-450
-262
-67
117
251
300
269
190
91
-2
-49
-15
98
262
453
650
829
966
1057
1107
1121
1099
1056
1014
971
908
827
757
721
722
761
845
971
1107
1218
1285
1305
1272
1178
1039
880
726
588
477
398
349
331
345
384
432
471
493
491
455
383
285
174
58
-60
-171
-267
-346
-403
-426
-413
-376
-336
-300
-274
-266
-287
-335
-399
-464
-524
-568
-582
-562
-520
-469
-418
-375
-344
-321
-298
-271
-240
-204
-159
-114
-79
-57
-35
1
52
111
175
245
316
375
414
432
444
459
477
490
506
537
583
627
655
678
709
740
753
746
735
725
706
676
647
629
616
600
588
593
605
606
584
541
482
413
344
285
233
180
128
82
43
0
-45
-84
-115
-143
-170
-195
-222
-260
-316
-382
-448
-509
-561
-594
-605
-601
-593
-586
-586
-599
-624
-652
-675
-692
-703
-699
-684
-670
-666
-668
-667
-663
-658
-643
-605
-551
-499
-459
-425
-394
-370
-352
-328
-292
-249
-206
-157
-97
-34
18
57
92
130
175
229
290
349
397
430
449
455
446
426
406
401
421
471
544
627
706
770
811
820
797
751
692
627
561
501
455
420
393
378
381
395
407
415
428
443
441
409
347
262
152
18
-121
-240
-326
-383
-415
-417
-388
-342
-304
-287
-295
-322
-372
-449
-552
-665
-771
-868
-962
-1046
-1101
-1115
-1102
-1079
-1044
-992
-934
-905
-918
-965
-1035
-1124
-1229
-1329
-1399
-1428
-1418
-1375
-1309
-1233
-1151
-1063
-968
-881
-810
-746
-675
-594
-508
-410
-300
-197
-135
-121
-126
-123
-116
-110
-86
-13
115
279
458
638
799
913
975
999
1001
978
930
869
815
778
758
763
802
872
966
1075
1196
1314
1401
1434
1402
1313
1186
1044
907
786
691
627
596
590
603
635
681
725
746
738
703
644
554
432
292
154
29
-79
-166
-223
-247
-241
-214
-181
-155
-143
-149
-175
-224
-292
-368
-443
-515
-580
-623
-636
-624
-603
-575
-538
-496
-457
-424
-391
-361
-340
-326
-306
-277
-248
-227
-204
-172
-135
-100
-62
-10
49
101
144
189
243
296
340
376
406
430
452
479
511
539
556
566
573
577
580
591
613
634
643
648
658
671
672
655
630
605
578
541
495
448
403
355
305
257
219
193
171
147
118
89
60
23
-24
-81
-141
-202
-264
-320
-361
-389
-414
-446
-483
-518
-547
-574
-599
-619
-629
-628
-622
-621
-632
-659
-696
-734
-762
-771
-766
-750
-727
-693
-646
-599
-563
-539
-517
-494
-469
-439
-399
-359
-332
-319
-306
-282
-248
-206
-149
-74
6
81
151
216
268
295
306
316
327
337
345
360
387
425
473
532
594
645
683
716
743
757
753
733
699
653
601
559
531
511
498
497
509
523
526
516
498
471
428
368
292
202
108
25
-42
-101
-154
-193
-211
-218
-225
-238
-254
-277
-318
-374
-443
-526
-628
-743
-848
-927
-973
-996
-1002
-993
-967
-934
-918
-934
-977
-1034
-1103
-1187
-1275
-1345
-1387
-1416
-1436
-1433
-1398
-1345
-1290
-1222
-1132
-1038
-969
-926
-888
-841
-786
-721
-637
-541
-460
-411
-387
-377
-372
-359
-316
-237
-132
-5
152
328
487
599
664
703
726
738
747
755
750
725
700
707
756
836
937
1050
1167
1279
1374
1433
1432
1367
1263
1152
1050
963
899
865
854
853
865
897
941
976
992
990
963
898
798
683
565
444
324
219
144
98
72
61
64
73
81
80
61
18
-47
-130
-229
-331
-417
-476
-518
-550
-565
-553
-527
-511
-508
-499
-474
-445
-425
-415
-411
-420
-437
-447
-444
-437
-425
-396
-346
-288
-233
-178
-121
-78
-49
-13
47
111
146
158
171
190
203
213
242
297
359
411
454
490
512
516
516
529
551
576
602
624
629
609
575
542
513
486
468
468
479
483
472
453
429
392
341
289
251
226
201
169
132
89
37
-26
-88
-136
-170
-193
-208
-216
-226
-249
-287
-331
-375
-426
-485
-541
-576
-589
-588
-585
-583
-590
-611
-641
-668
-681
-681
-669
-644
-609
-574
-554
-554
-573
-599
-611
-599
-564
-518
-467
-409
-348
-298
-262
-232
-198
-158
-115
-65
-9
45
87
114
134
150
169
197
239
290
347
409
472
526
561
585
605
625
641
656
675
686
678
654
632
619
606
588
573
571
584
607
633
648
633
586
525
465
403
330
252
188
144
114
84
50
11
-31
-65
-85
-99
-124
-168
-224
-291
-371
-465
-565
-661
-746
-808
-839
-838
-827
-828
-840
-851
-860
-893
-963
-1050
-1124
-1181
-1243
-1314
-1368
-1385
-1377
-1362
-1338
-1289
-1221
-1158
-1107
-1058
-1010
-977
-961
-936
-880
-808
-745
-694
-643
-592
-548
-508
-466
-425
-380
-306
-185
-35
102
210
304
389
450
479
493
507
518
530
561
622
697
764
822
887
961
1038
1113
1187
1245
1272
1263
1228
1175
1111
1047
998
972
970
992
1035
1086
1123
1136
1125
1087
1026
955
886
818
742
658
579
513
454
401
361
339
328
316
298
275
239
181
99
5
-85
-161
-225
-278
-323
-357
-378
-391
-400
-405
-405
-406
-414
-427
-439
-448
-457
-470
-481
-483
-479
-474
-467
-454
-433
-403
-365
-322
-277
-235
-196
-160
-130
-108
-89
-72
-55
-33
5
60
118
162
189
211
234
259
285
313
344
376
406
436
464
484
495
497
491
480
469
464
463
457
449
447
450
448
435
416
396
370
337
302
274
250
222
187
147
100
53
14
-13
-39
-73
-103
-121
-135
-163
-207
-255
-301
-348
-392
-420
-434
-450
-476
-498
-506
-505
-510
-521
-533
-543
-550
-552
-554
-568
-596
-620
-621
-602
-574
-541
-500
-457
-422
-392
-358
-324
-304
-298
-291
-275
-255
-231
-198
-158
-121
-87
-40
22
85
136
184
233
276
308
334
360
381
388
392
403
419
433
451
482
519
553
583
614
640
648
639
627
614
588
547
505
472
440
403
371
355
347
339
332
332
329
308
270
222
161
81
-3
-69
-115
-166
-233
-296
-337
-363
-392
-421
-446
-478
-523
-569
-601
-630
-681
-752
-822
-879
-933
-987
-1030
-1065
-1109
-1160
-1189
-1186
-1181
-1197
-1211
-1196
-1172
-1173
-1187
-1177
-1141
-1115
-1110
-1097
-1057
-1004
-956
-898
-824
-756
-703
-646
-574
-512
-482
-464
-429
-377
-320
-248
-147
-43
29
82
158
250
316
349
392
465
537
579
608
649
691
715
739
793
868
935
993
1056
1111
1136
1128
1113
1100
1078
1052
1044
1058
1071
1070
1070
1074
1063
1031
998
980
962
927
884
847
810
754
685
626
578
529
477
435
407
380
344
299
244
178
105
40
-13
-61
-101
-125
-140
-169
-217
-265
-303
-342
-387
-420
-424
-413
-406
-404
-396
-388
-391
-406
-417
-418
-415
-408
-393
-378
-372
-368
-351
-323
-294
-260
-208
-144
-102
-93
-91
-72
-48
-42
-40
-12
41
91
126
154
181
197
202
218
256
304
345
374
392
392
378
364
359
355
345
343
361
381
379
362
354
352
333
298
277
284
294
278
244
210
173
125
75
45
25
-7
-48
-76
-86
-94
-110
-129
-150
-178
-205
-221
-234
-269
-326
-373
-398
-422
-459
-490
-495
-482
-469
-449
-414
-382
-377
-395
-415
-437
-473
-510
-518
-495
-459
-418
-365
-308
-268
-243
-220
-199
-189
-184
-164
-128
-106
-107
-103
-70
-21
23
70
128
190
247
302
348
366
349
324
318
327
336
351
385
431
472
508
548
581
587
573
563
556
536
501
470
450
436
420
409
404
398
394
396
395
367
313
257
210
156
89
30
-4
-22
-39
-59
-79
-109
-158
-215
-264
-308
-361
-425
-485
-533
-574
-615
-659
-702
-739
-763
-777
-797
-835
-890
-948
-999
-1042
-1078
-1111
-1136
-1149
-1144
-1121
-1090
-1069
-1061
-1057
-1047
-1028
-1009
-995
-980
-946
-888
-821
-763
-715
-670
-626
-590
-558
-523
-482
-440
-390
-318
-227
-137
-65
-5
56
117
177
237
296
346
385
424
465
499
527
569
640
728
806
872
938
998
1032
1032
1013
990
970
959
969
1000
1034
1056
1068
1080
1091
1093
1082
1056
1015
973
946
932
905
854
795
749
717
686
655
631
609
570
515
457
403
347
287
234
190
150
113
79
47
7
-47
-107
-161
-205
-239
-259
-266
-269
-271
-268
-258
-254
-268
-300
-335
-362
-381
-392
-401
-408
-408
-392
-352
-299
-249
-209
-176
-149
-134
-131
-140
-161
-189
-211
-204
-166
-109
-46
23
98
167
218
245
252
242
219
193
173
165
166
175
196
229
272
320
368
409
434
434
409
368
327
296
272
245
218
201
206
225
246
255
248
228
205
181
147
97
36
-18
-50
-61
-65
-77
-100
-128
-151
-165
-179
-204
-236
-264
-283
-297
-308
-317
-329
-343
-355
-360
-365
-378
-396
-410
-417
-424
-435
-439
-424
-393
-356
-321
-289
-268
-261
-263
-267
-270
-271
-267
-254
-229
-196
-152
-100
-48
-2
41
79
109
125
135
141
140
133
128
136
161
202
254
310
361
404
440
470
485
479
457
428
397
370
354
350
350
349
354
375
406
437
460
464
440
395
345
298
241
172
107
64
35
9
-1
18
45
48
25
-1
-25
-68
-141
-232
-320
-399
-468
-522
-564
-601
-624
-621
-598
-577
-576
-588
-615
-668
-740
-812
-880
-957
-1043
-1105
-1116
-1092
-1068
-1059
-1047
-1020
-984
-947
-918
-905
-906
-908
-898
-881
-866
-849
-824
-794
-768
-736
-683
-615
-558
-524
-490
-435
-364
-295
-234
-176
-117
-66
-22
23
75
130
175
207
240
288
350
414
472
526
582
642
702
753
792
816
826
826
825
833
853
877
895
907
923
952
984
1005
1010
1005
992
974
950
927
900
862
814
772
744
725
707
691
677
658
627
593
557
510
445
373
311
263
223
189
157
124
83
39
6
-18
-44
-74
-102
-126
-150
-177
-210
-247
-285
-312
-320
-315
-307
-298
-289
-285
-299
-323
-335
-328
-312
-296
-276
-251
-235
-234
-237
-232
-222
-212
-194
-157
-108
-66
-44
-37
-36
-30
-13
13
42
71
104
142
173
186
176
155
139
137
156
193
234
262
276
289
302
306
294
272
251
238
235
237
232
210
177
147
128
117
109
105
101
91
74
56
37
8
-33
-76
-112
-140
-164
-181
-191
-199
-212
-227
-235
-237
-235
-238
-248
-270
-296
-316
-334
-366
-414
-453
-457
-433
-404
-381
-356
-327
-304
-291
-285
-281
-286
-298
-299
-283
-260
-242
-230
-218
-200
-175
-140
-101
-67
-36
-3
29
45
43
38
48
70
95
121
146
168
191
220
250
268
274
284
304
323
329
330
334
337
332
329
340
352
350
340
337
340
333
312
280
249
223
207
196
183
165
151
145
130
95
51
18
-10
-49
-98
-140
-171
-196
-217
-233
-250
-280
-318
-348
-364
-383
-418
-468
-523
-573
-614
-645
-675
-708
-736
-743
-733
-726
-735
-761
-801
-842
-875
-898
-920
-940
-950
-946
-935
-923
-906
-884
-869
-863
-845
-802
-753
-724
-705
-671
-626
-593
-568
-532
-485
-452
-440
-425
-391
-349
-312
-269
-207
-135
-67
-1
63
118
169
227
284
312
309
309
336
368
381
394
445
531
615
680
739
796
828
833
829
824
807
777
759
765
782
794
810
843
885
919
944
957
943
901
856
825
791
732
659
605
586
585
585
580
569
552
535
521
499
453
392
341
305
269
225
177
131
88
49
17
-8
-34
-58
-67
-61
-57
-61
-67
-70
-77
-92
-115
-143
-177
-208
-226
-238
-254
-269
-262
-220
-164
-114
-79
-52
-31
-19
-14
-27
-70
-131
-172
-169
-137
-100
-64
-17
44
107
160
200
218
211
194
189
193
183
151
114
91
89
103
135
183
237
279
303
311
305
284
254
222
189
152
117
98
101
114
117
111
107
111
119
121
106
70
23
-17
-38
-48
-67
-100
-136
-160
-167
-163
-157
-159
-172
-183
-182
-175
-182
-209
-240
-257
-257
-253
-253
-259
-269
-282
-293
-295
-285
-267
-244
-218
-191
-168
-155
-158
-169
-176
-173
-163
-155
-146
-134
-114
-91
-68
-45
-20
8
37
64
86
98
102
99
94
93
100
112
123
139
165
197
222
235
249
269
283
278
259
237
218
202
189
186
189
188
184
186
193
193
182
168
158
149
132
105
70
33
-6
-40
-64
-82
-96
-109
-114
-117
-126
-147
-173
-195
-219
-254
-299
-344
-386
-428
-466
-495
-515
-531
-539
-536
-530
-535
-549
-558
-563
-579
-611
-644
-666
-686
-718
-758
-791
-809
-804
-779
-749
-733
-729
-711
-673
-647
-655
-671
-661
-633
-620
-619
-599
-558
-521
-498
-472
-435
-399
-373
-342
-300
-258
-227
-200
-165
-128
-91
-47
3
42
63
78
101
124
144
172
219
276
323
362
402
441
466
484
506
530
546
555
559
555
540
531
548
590
636
674
705
729
737
730
718
698
657
602
564
558
569
575
577
583
586
579
567
560
546
511
461
413
373
338
313
303
303
297
283
270
258
240
214
185
150
104
60
33
20
3
-16
-15
15
54
79
82
66
35
-1
-27
-40
-56
-81
-101
-99
-80
-56
-36
-16
-1
8
18
35
52
57
49
34
13
-11
-31
-35
-22
5
44
92
138
158
146
121
107
116
139
161
169
157
131
108
98
99
102
107
123
150
173
178
164
143
119
97
84
85
91
91
85
78
67
45
16
-7
-22
-31
-39
-44
-46
-52
-60
-66
-71
-82
-92
-92
-88
-100
-128
-154
-165
-172
-183
-196
-203
-204
-199
-183
-157
-132
-118
-115
-121
-136
-160
-180
-188
-187
-180
-168
-154
-146
-142
-133
-118
-102
-87
-74
-61
-52
-49
-53
-61
-69
-71
-62
-45
-26
-9
5
10
13
24
44
54
48
47
64
83
83
67
57
59
62
63
69
80
86
86
88
92
89
81
74
70
59
43
30
20
5
-11
-21
-26
-35
-52
-67
-78
-86
-92
-96
-101
-118
-152
-193
-225
-241
-246
-247
-256
-271
-285
-294
-307
-320
-326
-330
-349
-382
-405
-400
-388
-396
-424
-448
-456
-463
-477
-489
-484
-467
-460
-475
-505
-527
-530
-523
-524
-531
-527
-509
-494
-491
-492
-490
-491
-499
-506
-501
-484
-459
-422
-371
-320
-293
-295
-309
-317
-309
-288
-259
-228
-202
-182
-167
-149
-119
-81
-46
-14
26
77
117
131
128
127
124
111
98
115
169
231
276
309
343
380
412
430
431
419
411
416
415
389
356
352
392
448
488
507
518
523
525
532
546
549
526
491
466
450
431
403
382
388
422
458
462
424
379
367
389
401
373
324
294
294
302
294
270
240
222
219
219
202
163
124
107
116
133
146
154
161
166
165
152
117
68
25
3
2
9
12
11
12
21
40
61
73
85
110
147
166
142
89
41
16
2
-11
-22
-27
-16
18
78
138
171
169
156
153
161
164
149
117
81
56
50
52
44
36
51
92
134
154
156
150
138
123
113
112
107
90
70
63
64
54
27
-4
-25
-30
-16
14
45
57
46
24
10
8
9
-2
-31
-67
-92
-98
-90
-80
-75
-78
-88
-100
-103
-91
-71
-51
-40
-45
-66
-92
-110
-117
-121
-128
-135
-134
-122
-107
-95
-89
-88
-84
-74
-63
-59
-63
-73
-85
-96
-99
-94
-90
-92
-89
-69
-43
-27
-21
-15
-8
-7
-14
-20
-23
-27
-37
-42
-38
-28
-21
-20
-22
-23
-17
-6
-3
-9
-15
-13
-13
-23
-38
-45
-45
-47
-50
-48
-40
-34
-38
-51
-69
-84
-85
-75
-70
-83
-107
-124
-134
-145
-155
-159
-158
-161
-170
-183
-201
-216
-217
-197
-170
-157
-166
-190
-215
-236
-247
-252
-261
-283
-306
-310
-288
-252
-220
-214
-240
-278
-303
-308
-302
-291
-276
-263
-264
-278
-295
-308
-316
-316
-298
-273
-265
-282
-301
-299
-277
-244
-205
-171
-157
-158
-154
-139
-128
-134
-151
-164
-172
-182
-199
-215
-217
-187
-120
-33
41
93
132
156
147
110
77
67
66
56
37
13
-10
-22
-3
49
117
186
250
298
307
276
239
228
236
236
215
179
145
135
163
213
249
263
282
326
382
417
419
399
375
357
348
337
307
258
215
209
239
278
302
300
283
276
296
334
364
368
341
287
222
181
182
207
215
196
173
171
181
186
183
182
185
195
211
226
228
216
198
176
148
119
100
87
72
65
87
139
188
201
180
150
132
132
142
135
93
28
-16
-11
35
90
133
155
150
125
108
112
114
89
51
31
38
54
70
91
109
114
113
120
132
129
107
89
91
99
93
76
60
47
41
54
84
105
98
75
65
78
98
103
83
39
-15
-51
-46
-14
13
16
11
14
26
37
43
45
39
20
-12
-42
-60
-67
-69
-69
-65
-57
-51
-51
-52
-45
-25
-1
8
-16
-62
-101
-107
-85
-67
-76
-104
-131
-144
-137
-107
-67
-40
-45
-68
-86
-88
-79
-72
-77
-95
-119
-139
-143
-133
-118
-105
-96
-89
-81
-70
-57
-52
-58
-68
-75
-78
-83
-93
-106
-115
-114
-99
-83
-75
-78
-82
-81
-74
-67
-61
-59
-67
-82
-97
-108
-117
-124
-130
-139
-152
-158
-142
-109
-81
-73
-84
-105
-128
-144
-149
-148
-150
-157
-164
-170
-178
-190
-197
-194
-182
-166
-150
-148
-165
-193
-210
-212
-212
-222
-238
-255
-261
-250
-224
-198
-183
-184
-195
-216
-246
-272
-275
-245
-196
-150
-135
-163
-211
-237
-215
-167
-132
-131
-162
-208
-241
-237
-196
-155
-155
-191
-225
-227
-194
-138
-76
-40
-53
-95
-113
-89
-55
-52
-80
-106
-114
-109
-103
-100
-98
-93
-83
-64
-37
2
52
97
115
100
73
50
35
20
9
7
7
-2
-18
-30
-20
23
99
178
215
193
148
134
166
207
212
165
85
10
-27
-16
23
66
98
117
124
127
143
182
237
279
283
246
182
116
68
48
48
56
66
79
96
117
140
161
177
193
208
214
199
164
124
97
87
84
84
90
100
109
109
108
114
126
130
122
115
127
163
199
202
157
80
13
-4
35
85
97
67
28
12
24
58
116
188
237
228
168
99
59
56
76
92
86
54
11
-25
-33
11
106
200
222
159
75
45
73
107
105
73
37
12
6
27
62
89
96
89
87
94
106
108
95
78
78
87
77
32
-10
0
60
103
75
-9
-77
-77
-13
70
118
105
46
-10
-22
7
36
33
-2
-47
-85
-105
-104
-88
-65
-37
-3
28
36
13
-19
-41
-52
-62
-69
-72
-77
-89
-94
-85
-77
-83
-91
-78
-47
-22
-15
-16
-21
-36
-50
-46
-33
-50
-107
-173
-201
-173
-110
-60
-54
-87
-116
-106
-68
-41
-40
-52
-67
-85
-103
-116
-143
-193
-226
-189
-99
-39
-60
-111
-114
-58
1
16
-6
-34
-54
-69
-89
-126
-174
-210
-210
-172
-116
-68
-45
-45
-49
-32
1
17
-11
-73
-134
-169
-172
-144
-101
-78
-99
-145
-156
-98
-8
49
47
10
-41
-94
-127
-125
-106
-104
-121
-127
-112
-99
-100
-95
-68
-43
-47
-68
-81
-81
-78
-69
-60
-68
-88
-97
-95
-104
-122
-108
-46
10
-5
-87
-164
-184
-149
-78
0
45
27
-25
-54
-43
-26
-34
-63
-93
-117
-133
-136
-118
-76
-25
15
27
8
-34
-72
-75
-29
34
52
-13
-119
-174
-132
-40
28
42
19
-7
-13
-1
10
7
3
16
41
55
47
21
-15
-46
-49
-11
40
60
42
27
42
67
78
72
50
14
-10
17
96
171
184
127
37
-44
-72
-16
100
194
202
155
130
144
141
91
41
45
82
89
57
44
84
145
175
172
165
162
148
121
99
88
79
66
48
25
13
38
113
198
238
218
167
120
90
85
107
125
99
44
26
70
125
138
124
120
123
111
99
128
187
201
129
26
-20
16
78
114
121
126
136
128
92
50
36
56
93
124
121
61
-27
-67
-15
84
135
98
20
-34
-41
-10
53
125
162
141
86
41
32
69
135
177
138
27
-74
-92
-36
29
65
81
91
99
117
153
186
176
115
23
-78
-169
-209
-156
-18
121
164
87
-31
-70
16
146
177
70
-58
-78
-13
6
-73
-167
-185
-130
-47
41
110
108
34
-26
-1
47
13
-94
-164
-150
-110
-107
-127
-136
-139
-135
-87
1
61
45
-1
-9
2
-26
-86
-128
-140
-159
-177
-136
-36
36
5
-91
-153
-138
-76
-9
33
21
-49
-127
-141
-80
-18
-34
-119
-186
-169
-89
-19
-5
-38
-88
-134
-164
-155
-100
-37
-21
-57
-92
-83
-46
-28
-45
-73
-91
-101
-113
-121
-116
-96
-64
-33
-16
-26
-51
-57
-20
39
50
-34
-164
-222
-147
-17
31
-41
-131
-125
-26
74
103
61
-16
-80
-85
-33
6
-32
-112
-135
-74
-8
-13
-61
-82
-61
-27
16
73
98
34
-94
-183
-170
-90
-20
7
-2
-38
-75
-70
-18
20
-14
-79
-76
27
141
161
74
-38
-94
-72
-8
39
22
-48
-109
-100
-27
50
67
18
-54
-84
-38
48
84
30
-44
-39
34
58
-27
-129
-114
9
111
106
32
-36
-78
-99
-84
-23
55
107
132
144
128
64
-18
-52
-14
55
81
27
-77
-150
-122
-13
88
108
58
-6
-46
-39
40
176
272
221
46
-100
-94
29
137
144
63
-35
-96
-101
-66
-18
28
79
145
201
198
124
44
39
105
150
109
14
-56
-66
-28
46
134
168
90
-32
-50
96
291
378
309
152
12
-42
0
79
117
84
23
-22
-49
-70
-68
-22
47
102
133
137
117
110
163
245
240
91
-101
-176
-97
33
118
150
141
87
12
-13
45
133
178
162
114
57
12
5
40
60
23
-36
-49
-12
16
-1
-37
-53
-39
-9
7
-15
-50
-36
56
153
148
31
-92
-126
-75
-2
41
20
-55
-122
-115
-34
50
78
40
-25
-54
1
112
170
88
-78
-173
-125
-17
36
18
-19
-33
-9
35
44
-15
-84
-68
35
119
95
0
-68
-66
-13
59
112
84
-43
-173
-173
-39
90
99
15
-65
-100
-104
-68
29
135
148
35
-107
-157
-94
-2
32
-26
-129
-181
-116
3
47
-6
-46
-2
64
66
5
-63
-111
-119
-58
38
46
-98
-263
-256
-67
128
189
107
-56
-206
-223
-76
107
146
10
-168
-242
-178
-40
76
94
10
-85
-74
46
144
115
7
-47
12
108
116
-3
-157
-220
-154
-16
114
165
92
-60
-152
-85
77
176
128
-23
-163
-188
-82
56
93
-4
-124
-146
-80
-20
-7
-12
-28
-59
-56
5
57
34
-12
-14
1
-18
-47
-51
-49
-55
-43
-19
-45
-116
-109
37
170
117
-48
-113
-42
31
56
81
80
-16
-135
-134
-27
18
-56
-106
-11
135
151
25
-84
-59
51
127
115
40
-46
-97
-79
7
106
126
41
-60
-67
7
70
85
78
56
13
-22
-43
-90
-141
-82
106
244
156
-94
-266
-233
-80
71
171
180
62
-106
-171
-95
25
120
169
120
-37
-167
-129
21
119
112
71
40
8
1
55
114
73
-29
-43
40
67
-6
-43
28
93
48
-64
-138
-112
3
121
132
36
-17
74
187
128
-69
-163
-59
60
33
-30
28
131
96
-52
-98
48
215
199
25
-91
-36
74
87
13
-49
-83
-124
-123
-2
178
241
124
-23
-35
55
79
-27
-152
-165
-65
57
119
104
45
-20
-73
-85
-31
69
127
94
20
-31
-61
-78
-44
52
126
78
-69
-167
-88
109
211
80
-164
-251
-91
90
45
-124
-92
177
312
67
-292
-341
-65
176
139
-67
-188
-132
-26
-26
-119
-140
-8
132
79
-110
-164
6
153
73
-86
-98
-20
-25
-73
-20
79
65
-34
-44
38
32
-88
-118
30
143
39
-139
-143
14
117
63
-45
-80
-36
22
51
39
-21
-117
-186
-149
0
151
167
33
-89
-41
117
163
12
-167
-166
1
139
117
-19
-125
-115
-9
89
91
12
-33
11
50
-10
-102
-93
7
64
28
-7
25
63
33
-22
-31
-16
-25
-32
6
47
25
-41
-78
-62
-35
-36
-49
-19
89
217
225
25
-252
-331
-106
177
189
-76
-297
-215
80
276
185
-78
-226
-113
117
227
164
67
29
-2
-78
-118
-44
62
62
-18
-38
14
12
-93
-170
-83
120
244
142
-109
-251
-116
173
309
143
-147
-278
-171
7
86
50
-14
-15
68
137
51
-154
-235
-39
249
302
55
-229
-266
-45
203
249
59
-181
-229
-43
149
131
-9
-33
64
45
-164
-315
-164
192
404
263
-85
-306
-211
77
261
177
-52
-173
-92
39
57
-29
-98
-86
-18
61
117
124
80
22
11
70
118
39
-146
-241
-99
154
251
105
-108
-176
-77
58
113
76
11
0
63
101
30
-54
14
163
132
-114
-275
-145
91
131
-27
-141
-85
47
149
194
151
-2
-135
-64
161
262
79
-204
-291
-106
139
191
12
-195
-208
-13
203
259
139
-40
-158
-168
-85
35
111
92
12
-57
-82
-72
-38
2
11
-15
-26
16
59
26
-63
-93
-1
129
157
56
-72
-126
-105
-42
59
162
161
-3
-211
-260
-93
134
221
118
-59
-156
-110
13
85
61
28
74
130
48
-147
-242
-107
135
266
197
15
-133
-161
-98
-31
6
31
37
-32
-161
-214
-83
136
229
128
-23
-86
-54
19
75
49
-55
-116
-64
-8
-60
-139
-104
8
40
-29
-75
-49
-28
-27
37
128
77
-129
-267
-199
-45
45
72
55
-59
-233
-270
-50
253
342
146
-137
-284
-247
-92
91
202
170
36
-69
-68
-12
5
-45
-99
-92
-27
41
64
26
-71
-157
-119
61
217
177
-10
-140
-102
45
191
246
132
-141
-369
-309
14
273
226
-2
-133
-107
-60
-56
-26
59
125
118
72
40
11
-48
-115
-110
-3
123
156
72
-71
-190
-199
-68
88
95
-39
-95
54
223
158
-72
-155
10
164
81
-128
-228
-161
7
188
234
52
-195
-235
-61
95
132
144
117
-78
-327
-262
171
458
190
-297
-375
-1
321
264
-37
-294
-313
-46
302
366
34
-310
-218
212
436
189
-185
-254
-48
117
117
87
130
155
36
-163
-209
-11
190
125
-96
-125
99
251
113
-111
-128
7
48
-26
-20
84
90
-46
-123
-27
91
70
-28
-56
13
99
156
170
112
-8
-89
-49
41
54
-8
-34
29
110
121
59
-3
-3
32
19
-65
-110
0
171
162
-58
-202
-68
128
89
-93
-108
55
127
29
-25
51
69
-48
-68
113
204
-10
-243
-142
139
194
0
-113
-12
100
78
39
88
112
-1
-132
-92
78
176
98
-64
-153
-91
47
116
70
13
34
84
69
3
-17
44
112
89
-20
-99
-66
12
16
-45
-48
48
107
3
-159
-158
39
220
207
52
-89
-131
-74
30
83
20
-97
-143
-78
34
107
85
-18
-99
-58
65
116
18
-120
-143
-32
105
173
132
-4
-121
-72
74
56
-166
-268
-60
167
78
-173
-193
38
180
84
-33
-1
54
11
-12
70
100
-44
-196
-150
17
74
-27
-107
-27
141
204
89
-72
-101
17
112
45
-113
-166
-52
68
31
-120
-197
-103
79
181
114
-56
-175
-134
33
177
157
-38
-247
-258
-43
182
178
-41
-239
-232
-70
58
44
-39
-44
60
124
7
-214
-287
-100
152
192
9
-157
-144
-32
39
35
-5
-52
-86
-91
-63
4
92
115
-15
-226
-289
-82
193
224
2
-163
-70
102
83
-115
-240
-138
78
175
66
-103
-126
13
125
54
-105
-140
-8
108
71
-36
-69
-36
-30
-52
-34
27
58
27
-28
-63
-56
9
95
90
-62
-217
-174
34
167
96
-61
-138
-105
-18
87
150
87
-75
-164
-81
37
25
-70
-110
-78
-27
52
140
104
-86
-208
-55
213
246
-2
-189
-81
129
126
-73
-189
-85
85
107
-34
-132
-30
156
164
-38
-190
-98
104
151
-16
-204
-204
-13
180
177
-37
-251
-225
17
196
146
15
-27
-58
-168
-200
-5
213
157
-92
-161
53
221
69
-196
-172
135
289
31
-329
-310
99
396
207
-229
-378
-106
224
298
171
8
-137
-190
-47
189
216
-41
-261
-160
104
175
6
-140
-121
-47
-1
73
158
129
-8
-59
67
182
65
-212
-328
-107
235
324
89
-169
-182
-16
102
106
100
118
62
-93
-193
-95
124
243
140
-94
-244
-153
103
244
114
-107
-149
-25
37
-37
-80
7
97
61
-33
-58
-31
-38
-49
14
93
70
-29
-74
-27
9
-37
-101
-80
26
105
70
-46
-115
-55
70
115
12
-132
-148
-7
142
150
34
-68
-74
-22
11
5
-11
-19
-19
-17
-26
-52
-65
-21
65
93
4
-115
-125
-11
105
128
68
-13
-70
-84
-66
-38
-13
4
13
19
42
69
38
-81
-168
-57
179
220
-58
-317
-181
205
350
91
-228
-262
-75
69
74
29
5
24
102
154
24
-245
-337
-67
289
304
-45
-351
-285
39
257
179
-40
-137
-36
91
50
-109
-154
-13
98
3
-167
-198
-103
-30
8
89
165
96
-99
-215
-118
78
171
96
-60
-168
-145
-31
23
-44
-89
-2
91
36
-56
18
186
178
-35
-167
-50
105
43
-143
-184
-45
79
75
8
-39
-48
-22
38
111
145
89
-44
-160
-171
-101
-37
3
52
81
17
-93
-81
92
194
37
-193
-173
66
204
112
-37
-106
-122
-81
71
219
148
-105
-220
-29
215
191
-47
-191
-117
36
122
108
34
-13
22
69
11
-107
-112
15
81
-20
-108
14
211
181
-82
-242
-100
131
152
-8
-85
14
96
6
-111
-24
189
207
-49
-251
-123
154
218
44
-86
-39
21
-21
-42
58
145
98
33
63
48
-152
-310
-102
323
427
39
-350
-264
109
233
1
-199
-112
75
128
97
104
82
-36
-102
12
139
50
-150
-146
117
337
253
-25
-188
-103
81
149
55
-54
-14
137
197
98
4
16
8
-81
-63
152
296
124
-146
-134
91
127
-69
-106
135
264
77
-74
77
216
18
-252
-156
181
258
-18
-225
-105
99
109
-7
-79
-105
-107
-17
147
205
71
-117
-185
-112
18
131
155
40
-131
-150
45
238
203
4
-120
-65
84
194
180
44
-100
-101
41
132
35
-112
-64
165
286
113
-180
-279
-101
139
185
16
-150
-115
67
167
65
-109
-150
-21
124
141
27
-102
-111
41
214
182
-84
-289
-161
157
263
44
-175
-112
79
96
-45
-97
9
99
80
25
-25
-96
-124
-1
178
165
-63
-204
-67
132
112
-41
-65
38
64
-9
-2
114
143
-3
-129
-50
104
75
-128
-237
-99
121
177
53
-55
-21
53
19
-75
-78
0
9
-64
-79
0
23
-73
-132
-37
77
47
-23
36
116
-10
-245
-265
-45
86
-29
-150
-62
88
69
-49
-51
47
54
-45
-80
-8
30
-22
-56
-15
2
-64
-117
-63
25
25
-33
-13
93
131
5
-163
-175
-15
118
61
-94
-111
49
151
14
-194
-161
109
266
103
-141
-151
10
60
-32
-46
78
126
-7
-123
-46
90
86
-2
-19
-18
-124
-227
-133
83
142
-26
-186
-147
-5
43
-23
-86
-76
-14
43
20
-98
-186
-104
82
173
92
-47
-129
-134
-78
15
73
35
-44
-48
23
47
-7
-23
32
22
-96
-145
-5
154
111
-80
-163
-43
102
75
-77
-142
-37
97
103
1
-77
-73
-41
-26
-2
44
65
42
33
60
43
-50
-107
-53
13
16
44
136
140
-37
-200
-120
78
80
-116
-186
-2
168
100
-57
-72
22
69
45
8
-27
-40
22
87
-25
-289
-370
-57
331
312
-70
-288
-73
249
262
8
-168
-110
39
107
74
-13
-107
-128
-30
80
42
-92
-91
97
207
28
-227
-181
129
248
-33
-312
-143
266
330
-56
-361
-200
149
212
-16
-169
-83
56
87
49
-4
-80
-108
5
156
152
15
-46
26
75
10
-63
-34
30
13
-63
-81
3
125
173
61
-132
-156
67
226
47
-230
-184
116
217
10
-147
-45
72
-16
-116
1
168
114
-57
-89
-15
-5
-27
15
30
-65
-125
-12
130
81
-104
-168
-24
129
103
-51
-150
-90
78
172
40
-202
-245
-24
150
52
-116
-76
88
89
-101
-216
-70
186
260
62
-204
-269
-75
179
236
57
-146
-166
-28
84
60
-53
-125
-62
76
110
0
-60
47
143
49
-100
-80
43
31
-118
-164
-14
146
149
49
-63
-155
-141
49
208
69
-201
-182
113
208
-68
-303
-150
153
197
11
-84
-20
-5
-95
-135
-81
-44
-40
-9
18
-10
-35
0
32
2
-43
-56
-70
-90
-30
120
181
23
-183
-177
8
112
48
-40
-64
-66
-58
-8
42
20
-41
-47
8
41
7
-48
-81
-91
-62
6
32
-52
-150
-95
87
190
105
-63
-162
-139
-24
111
158
52
-113
-141
16
167
104
-100
-181
-30
168
182
16
-126
-117
-46
-44
-81
-47
33
32
-45
-48
63
123
23
-117
-130
-52
-22
-43
-5
67
42
-69
-93
8
53
-59
-162
-69
123
157
-17
-166
-102
75
126
1
-123
-92
32
67
-38
-126
-50
110
136
-27
-172
-96
134
243
89
-156
-204
-17
146
81
-92
-111
45
142
37
-131
-169
-100
-56
-42
6
28
-58
-149
-91
52
96
43
49
93
3
-175
-149
114
224
-45
-319
-145
276
364
27
-226
-72
192
161
-80
-150
34
199
150
-14
-115
-106
-38
26
31
-43
-134
-149
-58
71
141
102
-15
-126
-136
-28
102
132
57
-22
-28
9
14
-42
-91
-29
132
219
87
-143
-187
26
213
112
-130
-161
49
171
30
-132
-52
144
159
-26
-154
-89
36
78
61
27
-59
-173
-165
9
156
102
-33
-25
83
57
-115
-157
38
185
27
-227
-195
78
175
-34
-197
-49
160
77
-177
-193
76
244
84
-149
-128
86
200
94
-83
-125
19
202
201
-31
-246
-168
116
230
34
-161
-79
98
84
-42
-38
59
62
10
58
127
33
-121
-71
121
113
-105
-157
55
161
5
-77
99
199
-11
-208
-50
216
157
-116
-127
157
267
10
-243
-177
42
123
52
-23
-43
-37
-34
-26
16
80
89
5
-79
-54
38
52
-27
-50
38
72
-48
-141
-51
61
8
-67
36
164
52
-186
-198
34
168
46
-91
-45
35
-14
-41
117
243
39
-316
-333
64
370
210
-148
-213
24
163
29
-124
-74
47
47
-11
7
43
-1
-39
34
110
46
-66
-49
62
89
5
-33
45
98
-5
-160
-143
83
294
248
-18
-197
-70
174
174
-68
-168
36
214
66
-190
-159
115
213
-34
-298
-224
86
248
117
-78
-95
36
124
73
-63
-170
-147
25
216
218
-15
-235
-164
99
184
-5
-139
-2
174
113
-56
-65
49
56
-78
-171
-121
-15
42
51
49
31
-9
-40
-41
-11
41
63
3
-64
-9
96
42
-115
-81
164
270
53
-206
-183
47
184
120
-4
-66
-81
-78
-45
14
87
162
158
-15
-231
-214
42
206
96
-93
-132
-36
83
168
148
-13
-156
-61
178
193
-95
-270
-37
270
192
-123
-184
46
150
-16
-125
32
192
64
-195
-218
15
167
52
-139
-169
-63
22
45
54
41
-16
-54
-9
54
43
-7
5
67
72
-13
-94
-67
51
151
146
52
-33
-22
43
47
-6
14
97
63
-78
-63
124
132
-150
-283
38
383
184
-340
-427
86
486
235
-275
-366
-17
253
168
-60
-106
80
242
131
-156
-251
-15
234
154
-151
-287
-92
182
223
27
-158
-130
70
208
85
-188
-248
27
269
121
-207
-249
9
159
38
-73
43
182
63
-194
-209
89
300
107
-254
-299
38
320
206
-102
-179
28
186
105
-43
-70
-19
17
52
56
-51
-189
-157
38
167
113
17
15
54
38
-4
3
36
36
18
14
1
-15
33
110
73
-76
-132
2
144
99
-73
-147
-1
233
292
85
-164
-180
4
108
8
-110
-65
37
21
-45
-9
43
-34
-95
48
199
59
-189
-106
248
331
-42
-370
-209
188
281
15
-222
-188
18
205
226
16
-246
-217
128
325
49
-336
-247
218
384
17
-325
-164
211
266
7
-161
-88
26
40
9
-35
-99
-61
146
266
25
-324
-255
214
468
174
-252
-293
-27
128
76
45
94
60
-60
-79
27
83
30
-13
1
-15
-69
-57
41
99
53
2
8
-2
-60
-50
72
145
43
-99
-85
32
58
-20
-35
53
90
4
-79
-60
5
57
112
132
25
-146
-162
28
171
73
-82
-57
34
-40
-156
-35
215
206
-107
-302
-105
226
270
0
-226
-154
94
211
59
-170
-156
131
310
80
-285
-287
63
272
97
-145
-116
70
102
-47
-135
-33
138
214
133
-60
-215
-153
90
222
61
-195
-217
16
222
192
17
-92
-67
-3
9
-18
-26
0
26
23
2
-4
0
-14
-41
-19
63
94
-20
-166
-128
76
155
-34
-228
-122
148
184
-60
-192
1
208
100
-143
-146
67
172
82
-5
-3
-15
-70
-63
11
15
-74
-79
75
177
35
-182
-159
87
209
19
-236
-196
107
261
46
-228
-175
82
146
-16
-89
18
77
-6
-48
26
55
-23
-34
79
92
-70
-118
86
195
-44
-289
-162
121
146
-26
-65
46
83
16
-2
23
-49
-155
-92
97
145
19
-42
21
32
-43
-46
34
46
-33
-83
-56
-10
21
31
8
-34
-29
30
45
-31
-67
36
112
-21
-203
-147
68
121
-28
-116
-27
80
76
21
10
32
31
-13
-72
-97
-43
60
80
-52
-185
-121
82
168
57
-74
-82
-15
31
29
-3
-38
-37
7
15
-73
-163
-102
77
149
10
-137
-60
139
153
-62
-195
-44
179
165
-48
-169
-86
34
49
10
-4
-25
-62
-29
64
64
-58
-107
3
74
-42
-174
-96
134
249
110
-150
-273
-123
157
257
37
-237
-180
167
323
50
-276
-240
33
163
89
3
-23
-45
-46
-2
10
-64
-111
-23
80
32
-80
-38
101
85
-84
-131
33
161
60
-134
-169
-2
156
94
-114
-186
-20
152
98
-72
-100
16
50
-45
-58
69
80
-132
-257
-50
215
163
-102
-196
-50
85
75
6
-52
-107
-95
51
183
73
-186
-224
55
268
112
-186
-215
18
147
1
-176
-110
106
167
-7
-175
-128
52
156
105
-37
-161
-163
-12
152
118
-101
-223
-75
127
90
-78
-46
160
166
-105
-252
-39
213
128
-154
-222
-14
165
130
4
-67
-80
-42
47
85
-6
-90
-26
58
-31
-167
-90
120
125
-103
-186
44
247
139
-64
-69
-2
-80
-147
22
238
157
-137
-234
-29
149
75
-63
-44
39
17
-56
-48
12
24
-25
-80
-94
-41
48
78
4
-62
9
140
126
-55
-161
-45
106
51
-134
-181
-36
92
70
1
5
33
5
-23
26
64
-32
-164
-112
84
122
-75
-193
-28
157
66
-135
-92
129
159
-50
-142
24
134
-18
-171
-68
90
29
-111
-57
102
96
-31
-8
150
135
-107
-245
-89
103
57
-100
-98
49
125
63
-23
-52
-43
-9
46
54
-11
-45
20
49
-61
-147
-21
164
124
-88
-140
46
168
36
-126
-77
65
82
19
13
9
-62
-78
51
150
36
-161
-172
5
111
20
-102
-71
42
64
-6
-33
29
74
11
-85
-40
139
194
-5
-195
-97
115
97
-103
-160
-27
65
35
12
23
-32
-104
-23
140
109
-98
-134
55
102
-92
-141
92
214
5
-196
-110
61
67
14
52
44
-127
-220
-8
258
191
-96
-192
-45
66
42
-7
-39
-52
5
84
31
-111
-109
65
145
-3
-139
-35
146
121
-53
-114
-53
-35
-34
52
103
-12
-120
-21
137
87
-114
-178
-20
142
103
-78
-180
-90
104
199
80
-132
-174
7
150
70
-67
-43
47
5
-109
-97
34
101
42
-21
0
41
18
-49
-89
-67
8
80
65
-34
-71
44
166
101
-99
-203
-115
37
108
85
5
-99
-145
-52
95
97
-54
-119
31
181
87
-138
-179
26
202
134
-74
-191
-126
55
204
158
-86
-267
-131
178
253
-10
-246
-154
67
69
-101
-125
26
83
-27
-71
52
128
11
-118
-58
78
59
-78
-103
13
60
-47
-125
-28
123
119
-29
-113
-35
60
9
-113
-96
70
151
0
-197
-158
73
170
12
-137
-57
91
77
-26
-27
17
-52
-148
-63
120
101
-106
-140
96
227
29
-195
-131
63
88
-16
-52
-20
-25
-20
61
96
-24
-114
23
177
36
-220
-163
157
264
9
-245
-202
15
145
114
2
-96
-93
18
91
-12
-148
-61
152
130
-135
-225
20
228
97
-136
-114
88
136
-21
-124
-48
40
1
-70
-62
-32
-54
-56
40
142
100
-60
-150
-68
53
39
-64
-67
52
111
24
-68
-42
18
-18
-92
-74
11
35
3
22
66
3
-130
-122
54
141
-11
-175
-90
120
139
-30
-86
47
99
-60
-163
2
197
80
-212
-236
72
282
116
-157
-165
28
105
-4
-82
-14
63
16
-71
-48
59
88
7
-46
4
44
-36
-132
-65
128
191
22
-158
-125
19
53
2
14
54
-7
-102
-65
61
85
-8
-43
27
38
-86
-178
-91
81
183
175
52
-153
-238
-26
286
291
-44
-303
-211
27
100
29
2
19
-27
-75
-25
19
-44
-67
80
191
40
-185
-144
99
172
-5
-107
42
166
9
-222
-177
81
186
26
-137
-82
85
136
49
-7
34
44
-61
-143
-51
109
108
-52
-139
-43
65
24
-56
14
167
162
-30
-160
-74
60
31
-95
-88
71
147
3
-167
-103
120
178
-24
-198
-90
145
197
43
-74
-41
11
-23
-47
28
100
38
-87
-93
27
94
21
-75
-60
27
54
-2
-41
-9
15
-22
-41
20
61
-6
-66
13
117
61
-77
-74
57
84
-43
-91
48
149
41
-90
-29
96
67
-46
-58
-17
-46
-59
71
204
115
-103
-139
56
170
20
-165
-117
58
89
-21
-44
67
113
5
-77
16
122
14
-195
-169
98
214
-2
-205
-71
191
202
2
-95
-21
30
-6
-2
65
62
-27
-49
24
36
-39
-41
54
70
-25
-60
-5
-17
-111
-100
65
177
80
-102
-146
-25
96
97
14
-60
-76
-25
55
89
47
-22
-44
16
112
115
-36
-169
-66
156
160
-68
-176
-18
128
54
-50
31
138
16
-211
-189
106
301
156
-145
-276
-119
177
313
106
-227
-260
43
256
122
-105
-107
57
134
52
-71
-132
-89
73
239
188
-85
-239
-62
170
134
-27
-13
93
35
-124
-133
19
125
89
3
-56
-85
-70
19
116
99
-30
-126
-100
-2
82
79
-23
-89
24
175
100
-115
-117
113
203
2
-192
-142
3
44
53
125
110
-78
-181
-1
181
57
-151
-88
109
99
-51
-60
40
42
-11
38
94
-22
-148
0
249
152
-216
-292
49
272
83
-126
-10
161
35
-193
-132
139
211
19
-90
35
113
-43
-176
-24
208
153
-133
-235
-1
235
161
-59
-75
88
121
-20
-77
9
15
-94
-80
86
104
-113
-224
0
272
211
-72
-173
-16
126
105
22
-56
-112
-48
132
168
-53
-221
-62
186
147
-94
-145
52
147
-23
-180
-72
139
181
54
-69
-100
-42
44
58
12
37
121
74
-103
-136
46
142
-28
-189
-47
203
169
-91
-161
42
175
77
-44
-56
-36
4
79
58
-90
-114
90
200
-4
-202
-39
238
178
-79
-45
192
91
-281
-272
153
260
-127
-267
169
457
59
-410
-187
348
293
-275
-423
96
465
146
-312
-244
135
221
-13
-122
20
109
-2
-83
8
64
-62
-145
20
198
88
-128
-76
148
126
-138
-213
23
197
83
-60
12
114
17
-115
-38
109
69
-63
-65
-5
-23
-1
136
155
-67
-224
-52
183
98
-178
-206
56
225
125
-19
-58
-69
-28
142
231
2
-270
-125
278
312
-117
-364
-52
319
159
-261
-247
193
368
13
-305
-107
267
231
-139
-269
8
229
60
-193
-130
89
77
-90
-43
171
169
-60
-144
6
81
-28
-71
36
34
-150
-172
128
332
83
-270
-203
155
291
100
-112
-164
-99
39
167
120
-100
-214
-48
162
104
-111
-135
37
96
-19
-57
45
67
-50
-102
-9
53
-5
-42
38
102
22
-84
-35
93
62
-117
-142
98
279
118
-167
-177
55
148
3
-84
33
96
-60
-158
39
238
63
-266
-258
57
224
92
-58
-48
14
35
50
34
-72
-146
-9
205
142
-195
-329
-4
352
226
-211
-345
-16
284
149
-177
-203
78
205
2
-147
34
219
32
-257
-145
228
247
-190
-463
-154
321
329
-80
-312
-103
190
190
-24
-160
-138
-68
0
96
166
81
-129
-208
-20
174
70
-158
-112
143
168
-76
-162
45
154
-50
-202
5
256
128
-188
-205
50
139
-13
-65
52
30
-165
-169
110
253
-1
-280
-148
199
230
-85
-231
9
206
30
-178
-25
193
23
-275
-154
225
235
-134
-268
22
220
32
-156
-36
79
-65
-129
96
177
-105
-218
109
268
-116
-421
-107
329
214
-192
-219
80
132
-118
-185
19
87
-52
-66
50
15
-78
35
174
43
-145
-69
91
10
-172
-117
105
145
-51
-182
-88
52
68
34
33
12
-36
-45
-33
-37
1
59
3
-106
-71
36
-7
-88
50
211
20
-327
-262
218
448
75
-397
-347
99
325
118
-177
-222
-14
219
211
-82
-308
-144
162
148
-95
-122
77
123
-55
-160
-65
41
30
-22
-57
-94
-64
114
246
56
-287
-291
63
251
44
-191
-155
0
71
77
44
-56
-138
-73
70
97
-18
-104
-55
31
35
-24
-79
-90
-18
105
98
-94
-193
12
216
25
-334
-274
203
431
71
-356
-245
202
322
-6
-251
-103
110
30
-157
-103
97
96
-94
-149
9
103
-5
-114
-44
86
92
-2
-66
-83
-97
-65
52
150
104
-37
-139
-132
-17
128
146
0
-111
-56
-3
-71
-63
133
225
-37
-343
-241
132
228
-35
-172
3
96
-73
-136
53
113
-95
-173
45
177
5
-167
-96
14
-30
-56
69
119
-63
-178
13
195
53
-152
-102
12
-25
-6
155
118
-207
-317
56
378
120
-339
-288
160
270
-80
-250
21
240
72
-167
-148
12
85
58
0
-64
-97
-64
-19
-33
-64
-13
95
121
32
-61
-89
-69
14
130
108
-89
-187
-8
179
76
-128
-81
121
96
-153
-222
23
210
59
-161
-80
160
148
-123
-255
-68
162
145
-36
-108
-34
-13
-105
-115
31
105
-25
-103
66
194
-19
-302
-187
210
328
18
-259
-157
91
128
0
-76
-89
-76
47
210
144
-125
-228
-52
83
17
-19
88
87
-133
-247
-14
255
161
-126
-175
-6
60
13
52
81
-83
-240
-85
220
249
-29
-224
-129
36
42
-13
45
130
74
-67
-100
7
100
56
-66
-86
60
165
3
-269
-249
104
316
71
-279
-199
212
351
20
-297
-197
83
129
-5
-20
59
-13
-160
-74
180
184
-117
-262
-26
213
107
-128
-127
53
123
54
19
21
-52
-120
-27
99
45
-84
-61
25
-24
-94
1
131
92
-19
-32
-24
-114
-155
40
287
234
-80
-251
-114
87
163
154
59
-131
-212
-34
158
84
-91
-56
116
127
-49
-163
-78
81
134
44
-80
-105
10
132
71
-116
-124
104
190
-67
-270
-51
289
253
-79
-253
-128
58
126
120
119
94
-12
-139
-129
37
156
68
-91
-93
23
13
-142
-140
125
280
45
-211
-58
209
89
-190
-101
185
141
-128
-132
69
36
-156
-33
329
300
-215
-471
-38
465
317
-215
-399
-120
170
203
77
-30
-38
13
18
-15
13
60
-4
-98
-24
137
120
-52
-74
100
132
-98
-193
92
319
51
-323
-191
229
265
-73
-201
13
141
13
-89
-2
84
20
-67
-36
44
61
43
24
-46
-124
-50
155
243
99
-78
-91
3
52
39
27
10
-57
-118
-39
168
240
2
-293
-237
123
320
146
-100
-142
-63
-6
73
175
112
-137
-242
9
278
150
-191
-225
67
215
46
-113
-42
75
56
-12
-8
13
-19
-31
53
131
40
-138
-119
149
309
79
-273
-259
118
331
80
-262
-205
138
277
104
-61
-80
-100
-105
60
240
134
-130
-141
83
109
-143
-217
103
362
139
-253
-254
70
207
42
-67
42
118
-1
-123
-46
123
152
13
-116
-114
-34
36
77
84
43
3
33
63
-42
-202
-137
190
388
135
-298
-360
11
302
186
-52
-46
80
16
-157
-118
116
198
9
-177
-134
6
31
-16
17
92
66
-31
-34
71
114
17
-78
-31
76
57
-82
-141
-9
167
157
-38
-143
29
238
126
-190
-228
89
265
22
-241
-99
191
131
-159
-152
129
145
-143
-175
147
243
-78
-267
-34
190
90
-29
68
86
-166
-280
53
369
147
-255
-190
161
183
-58
-48
157
89
-213
-260
39
238
69
-190
-162
103
257
125
-125
-213
-35
199
168
-115
-239
-1
236
107
-169
-188
1
72
-7
-18
75
96
0
-62
-16
21
-18
-21
70
83
-112
-276
-95
278
340
-25
-332
-193
131
173
-21
-58
88
54
-185
-190
146
320
57
-220
-132
68
55
-26
40
111
10
-121
-100
-23
-36
-38
85
161
8
-176
-116
50
28
-91
-45
103
119
8
-72
-86
-60
23
104
60
-85
-152
-61
71
111
69
23
-7
-37
-45
-28
-25
-6
80
123
-25
-216
-144
129
206
-34
-252
-177
57
172
89
-59
-110
-41
27
2
-38
16
99
48
-120
-173
5
199
141
-103
-229
-110
101
203
106
-128
-263
-112
136
125
-99
-146
59
163
-13
-186
-96
119
173
40
-95
-119
-50
55
97
-20
-186
-127
138
229
-11
-222
-94
146
125
-118
-244
-95
142
191
8
-176
-145
27
83
-41
-136
-45
98
81
-47
-83
-12
19
9
43
22
-150
-222
67
414
273
-263
-484
-91
346
229
-200
-291
24
212
13
-217
-135
84
120
6
-43
-27
-70
-100
22
163
78
-148
-172
46
142
-57
-220
-45
210
129
-184
-272
-37
162
97
-60
-92
-31
-1
1
38
70
3
-118
-123
24
129
48
-87
-81
10
6
-64
-13
127
86
-164
-244
37
265
33
-325
-229
179
251
-95
-269
-3
251
89
-230
-242
23
174
66
-84
-94
-2
85
82
-52
-206
-157
102
245
51
-231
-201
99
225
-28
-295
-162
198
247
-111
-354
-117
264
277
-30
-222
-143
-7
42
75
108
35
-118
-141
34
169
60
-147
-180
-29
79
16
-114
-136
-15
85
13
-123
-95
56
78
-50
-88
22
76
5
-38
6
16
-38
-30
49
38
-80
-77
96
146
-64
-207
-42
169
138
-15
-110
-193
-228
-40
225
186
-118
-210
38
169
-71
-264
-24
284
128
-256
-237
146
284
10
-219
-129
45
54
-32
-47
14
38
-17
-54
6
57
-27
-143
-90
75
103
-35
-80
79
185
6
-258
-216
125
318
94
-274
-334
14
412
381
-125
-520
-271
267
318
-97
-247
33
144
-130
-284
-53
153
43
-71
70
164
-32
-160
57
188
-92
-276
41
303
5
-323
-88
292
180
-180
-194
77
168
31
-29
19
-42
-151
-66
93
16
-160
-70
158
129
-85
-121
13
74
49
31
-20
-89
-49
52
33
-87
-103
29
135
91
-39
-122
-95
27
153
124
-93
-231
-56
174
81
-135
-46
162
48
-170
-25
247
137
-163
-143
78
50
-132
-51
188
121
-175
-152
183
203
-187
-327
0
219
74
-16
67
-43
-283
-143
309
400
-33
-356
-159
153
100
-117
-63
168
181
-18
-122
-66
-3
39
79
23
-115
-116
91
239
96
-178
-240
-32
150
80
-87
-55
134
153
-68
-202
-40
178
156
-22
-93
-22
35
5
-35
-7
70
100
18
-108
-121
24
143
37
-155
-108
132
150
-119
-216
44
240
102
-88
-89
-45
-34
86
240
153
-130
-238
-73
69
49
93
237
138
-231
-326
53
307
58
-183
4
191
-33
-280
-105
205
174
-81
-133
53
153
36
-84
-49
42
63
34
-14
-85
-110
-25
99
161
125
-19
-174
-110
170
272
10
-218
-98
85
34
-38
88
167
-19
-198
-90
87
29
-71
94
268
39
-297
-154
263
274
-77
-181
-5
1
-136
-36
187
116
-127
-59
241
198
-229
-370
66
445
211
-241
-275
20
150
42
-23
35
60
2
-36
9
63
38
-42
-61
13
78
48
-20
-35
5
48
59
25
-36
-55
11
78
27
-85
-59
132
222
32
-193
-116
146
200
-8
-154
-85
17
22
-2
-5
-22
-17
60
120
43
-93
-91
54
132
57
-5
52
80
-54
-192
-108
132
251
126
-93
-208
-141
75
302
317
20
-341
-350
30
316
138
-186
-121
204
200
-159
-273
40
251
64
-130
-1
164
29
-189
-108
153
201
22
-93
-85
-71
5
172
186
-22
-117
11
10
-198
-172
206
391
83
-238
-109
165
93
-138
-60
167
44
-269
-194
210
346
104
-101
-113
-83
-14
137
190
29
-148
-146
-48
4
36
74
34
-72
-40
147
161
-101
-196
111
304
-12
-332
-97
312
243
-145
-238
33
216
86
-123
-133
39
173
108
-96
-201
-44
190
139
-157
-218
100
296
67
-169
-41
155
72
-80
-24
49
-90
-208
-19
249
191
-90
-140
82
163
-29
-143
9
143
30
-112
-45
83
38
-73
-27
89
39
-90
-1
249
236
-126
-332
-56
269
134
-200
-182
70
69
-117
-49
200
168
-125
-193
70
222
49
-103
7
94
-51
-132
58
197
32
-149
-59
125
162
71
-68
-199
-151
137
337
116
-288
-327
50
298
89
-212
-179
52
132
49
-42
-110
-101
67
206
64
-166
-96
180
226
0
-118
12
109
25
-19
104
135
-84
-261
-123
113
144
41
-17
-75
-159
-96
138
259
80
-186
-227
-33
155
159
13
-131
-143
-2
154
128
-62
-147
16
206
150
-74
-163
-39
83
36
-74
-50
84
112
-38
-150
-24
195
210
-2
-168
-113
48
115
50
-56
-118
-88
47
190
169
-44
-230
-164
73
192
56
-163
-197
5
217
172
-98
-256
-78
220
231
-76
-285
-112
184
194
-46
-144
31
178
71
-107
-93
44
86
48
74
102
-10
-148
-104
39
38
-60
-8
139
53
-245
-283
107
403
164
-249
-253
53
152
-31
-136
-38
43
5
-10
46
37
-60
-59
97
181
42
-127
-90
89
168
38
-178
-224
-5
211
104
-160
-117
215
300
-60
-366
-190
179
225
-13
-127
-53
-45
-82
46
179
16
-219
-89
231
186
-187
-299
22
279
121
-152
-128
92
149
-2
-113
-73
27
96
66
-99
-244
-139
144
258
59
-200
-220
-6
193
166
-27
-125
6
168
109
-110
-185
-12
163
101
-96
-157
-27
108
113
8
-133
-195
-72
134
158
-34
-163
-66
88
105
-1
-133
-188
-72
146
207
6
-175
-62
162
117
-120
-110
159
184
-151
-297
19
305
152
-137
-182
-91
-60
8
149
130
-105
-208
30
249
56
-297
-276
93
297
139
-94
-166
-101
25
124
83
-50
-81
10
33
-72
-135
-47
72
65
-49
-123
-67
83
196
126
-118
-265
-82
201
141
-200
-284
48
312
165
-118
-150
31
157
115
-27
-164
-185
-24
187
185
-84
-306
-194
94
179
-9
-179
-113
81
148
3
-157
-98
110
160
-21
-151
-63
52
20
-35
18
74
10
-85
-65
33
75
34
-21
-63
-93
-66
15
39
0
45
140
44
-196
-194
99
238
17
-204
-135
32
61
32
49
-1
-147
-150
74
179
-50
-235
-20
249
102
-216
-204
41
108
2
-19
17
-51
-122
-16
146
116
-55
-102
2
34
-54
-85
-22
20
53
123
80
-136
-228
4
244
127
-173
-229
-19
117
23
-83
-4
121
60
-121
-144
34
139
2
-158
-55
193
174
-174
-352
-40
309
132
-294
-301
72
230
60
-41
18
-38
-175
-74
184
155
-161
-208
165
347
-18
-374
-178
222
245
-14
-149
-108
-29
89
192
94
-155
-227
-19
151
43
-122
-74
38
-29
-132
-43
80
19
-63
16
88
6
-49
32
52
-67
-90
72
135
-58
-193
10
243
86
-247
-227
99
225
38
-101
-51
-14
-51
-1
148
186
13
-204
-223
-16
181
132
-113
-252
-92
167
160
-98
-197
0
129
-12
-100
53
114
-96
-199
43
224
3
-248
-71
258
180
-145
-122
186
152
-230
-276
153
371
50
-272
-143
138
143
-17
-40
21
-34
-119
-55
50
22
-27
25
5
-173
-207
85
326
137
-214
-213
88
182
-51
-198
-40
125
68
-20
28
42
-76
-89
125
250
16
-292
-224
128
280
107
-66
-56
-18
-33
-8
50
28
-30
7
82
33
-92
-85
54
84
-56
-125
-11
97
80
32
-34
-162
-166
90
281
62
-269
-193
156
204
-91
-180
104
250
-14
-218
-10
202
54
-106
43
154
-58
-202
33
240
9
-319
-215
163
246
-26
-175
-7
147
62
-58
-35
22
19
16
23
-8
-36
-5
41
52
44
12
-36
-15
83
89
-84
-212
-50
253
300
13
-238
-172
33
94
39
19
4
-71
-91
32
144
84
-56
-91
-16
37
11
-14
35
96
50
-85
-140
-16
163
203
80
-74
-124
-42
78
81
-64
-175
-67
161
206
-9
-194
-104
97
139
81
89
43
-164
-236
69
367
185
-223
-258
41
121
-115
-170
134
305
29
-257
-94
225
180
-110
-169
17
66
-91
-131
71
217
66
-168
-117
168
247
-40
-293
-128
230
281
-32
-282
-184
85
227
182
39
-133
-230
-113
133
187
-41
-189
15
262
112
-269
-312
95
403
189
-242
-289
87
325
102
-207
-138
138
138
-130
-218
18
246
221
67
-49
-141
-172
0
265
231
-179
-447
-175
263
286
-30
-174
-22
100
13
-103
-55
106
172
38
-138
-115
90
183
10
-193
-122
132
193
-31
-197
-56
178
197
29
-126
-179
-111
45
121
8
-108
-27
99
27
-124
-66
156
223
37
-157
-151
-31
24
-6
-41
-42
9
81
46
-105
-112
146
309
61
-276
-219
99
176
-56
-206
-82
96
106
2
-66
-57
4
83
78
-52
-119
34
180
28
-224
-162
131
200
-25
-155
-18
107
20
-90
-33
48
-20
-90
18
140
28
-163
-85
186
220
-81
-282
-99
162
109
-110
-90
135
160
-91
-217
-9
201
83
-151
-125
86
121
-49
-113
40
156
34
-172
-173
51
203
72
-154
-156
37
120
15
-33
81
118
-70
-220
-70
144
52
-178
-89
217
196
-178
-308
22
286
86
-240
-214
63
162
18
-71
16
68
-40
-133
-60
52
31
-67
-61
61
111
-31
-182
-77
186
203
-112
-320
-110
205
185
-64
-111
92
177
-4
-154
-49
104
49
-86
-44
85
25
-175
-188
47
197
72
-85
-32
70
-30
-189
-86
184
191
-115
-254
10
263
119
-170
-181
23
114
41
-33
-49
-32
44
138
95
-105
-213
-58
145
100
-80
-88
49
66
-44
-80
-21
21
57
108
67
-78
-146
-46
67
65
26
37
30
-55
-106
-8
136
158
82
-3
-126
-248
-168
108
240
70
-120
-97
-23
-65
-85
39
140
50
-98
-98
-7
-11
-74
-24
101
94
-49
-102
12
121
71
-82
-160
-47
148
156
-79
-243
-78
189
154
-130
-231
-1
208
112
-91
-85
58
79
-3
14
85
-7
-193
-150
130
248
16
-202
-62
188
107
-191
-207
102
219
-65
-258
13
330
146
-277
-272
160
361
64
-265
-198
66
117
-47
-114
5
83
-6
-78
24
158
102
-93
-167
-38
81
15
-82
4
130
32
-145
-45
216
170
-193
-345
-63
247
212
-6
-99
-67
-45
14
143
149
-68
-217
-45
188
126
-90
-105
52
98
-18
-121
-119
-41
67
113
1
-178
-167
78
228
48
-187
-99
164
161
-105
-214
-39
97
4
-98
-31
39
-47
-115
11
146
44
-138
-89
104
85
-132
-143
142
275
2
-271
-125
191
200
-36
-107
41
104
-10
-82
-6
61
25
-6
13
-6
-46
6
57
-61
-178
-8
265
176
-221
-357
-24
297
186
-122
-179
1
78
-13
-57
-3
2
-43
-10
52
-6
-106
-18
209
239
-41
-278
-132
193
211
-114
-281
-9
301
159
-256
-361
-38
245
152
-89
-118
45
120
25
-50
18
93
12
-157
-193
-16
189
180
-18
-133
-37
65
10
-45
37
70
-88
-185
14
238
96
-241
-252
104
294
47
-233
-150
90
108
-30
-57
-5
-52
-125
-34
137
131
-60
-158
-24
122
43
-141
-128
104
244
85
-168
-166
99
274
121
-154
-195
11
146
48
-85
-38
86
63
-81
-109
41
154
71
-66
-47
71
71
-49
-80
20
47
-77
-141
4
163
103
-77
-102
42
109
-2
-96
-10
117
81
-58
-85
22
63
-44
-119
-6
154
106
-107
-165
35
181
26
-189
-111
146
173
-91
-267
-104
191
272
91
-121
-169
-48
116
169
49
-115
-112
55
154
50
-107
-128
-26
60
64
20
-14
-20
-18
-20
-9
30
59
31
-39
-77
-36
50
101
72
-20
-106
-96
29
135
63
-108
-116
83
199
43
-166
-135
57
125
31
-12
63
61
-93
-172
-1
208
144
-122
-217
-13
198
153
-17
-39
61
43
-106
-114
107
250
66
-208
-189
82
220
85
-73
-61
2
-18
-25
77
134
-4
-164
-83
122
94
-165
-222
89
332
117
-237
-173
207
275
-110
-341
-26
353
195
-254
-318
39
245
96
-28
60
60
-158
-224
86
351
133
-276
-269
118
277
-5
-254
-94
205
198
-81
-230
-81
126
143
19
-60
-54
-44
-43
0
70
74
-8
-61
-5
77
51
-51
-66
45
118
25
-108
-78
78
124
-4
-92
-8
68
-51
-197
-81
206
258
-21
-243
-130
75
62
-47
6
113
16
-172
-124
136
240
62
-102
-47
38
-18
-55
69
158
22
-153
-91
127
187
8
-161
-97
102
151
-37
-226
-147
141
285
81
-233
-269
-25
144
84
2
33
23
-98
-130
44
195
109
-60
-56
43
-13
-159
-102
149
241
44
-145
-90
34
2
-67
25
145
26
-228
-240
36
209
46
-170
-103
110
111
-89
-163
-14
112
64
-27
-45
-61
-107
-60
120
236
112
-135
-228
-87
98
131
16
-91
-48
109
160
-15
-203
-130
117
203
47
-111
-106
-27
16
44
61
-1
-99
-68
70
64
-116
-140
119
286
67
-242
-213
75
234
143
-18
-124
-169
-87
139
266
77
-197
-161
92
132
-68
-107
100
164
-72
-236
-60
158
78
-109
-65
75
-3
-158
-36
229
180
-152
-245
52
250
13
-296
-203
133
240
69
-70
-69
-69
-81
16
169
174
9
-125
-96
0
42
33
2
-59
-101
-71
-29
-35
4
134
161
-43
-233
-124
120
109
-138
-204
40
212
58
-144
-81
69
8
-146
-95
86
93
-75
-131
0
80
-8
-71
29
130
72
-20
19
75
-22
-150
-67
144
163
-40
-139
12
150
65
-67
-23
87
39
-104
-111
28
110
65
3
-51
-132
-121
94
299
182
-158
-298
-87
183
215
44
-121
-166
-87
68
170
82
-106
-127
55
146
-12
-179
-90
132
190
36
-117
-118
-40
-12
-32
-19
21
5
-70
-92
-7
72
20
-101
-110
31
139
72
-64
-87
2
69
68
43
-5
-84
-105
9
156
153
-5
-130
-99
4
47
34
42
63
21
-64
-85
-11
59
59
35
16
-49
-147
-143
25
181
116
-100
-200
-78
88
122
54
-16
-63
-62
26
117
72
-60
-79
45
125
68
-5
15
66
45
-28
-65
-50
-26
-12
-5
-13
-11
32
56
-10
-64
25
134
47
-156
-190
-21
114
94
23
-16
-58
-89
-27
70
33
-102
-84
122
199
-15
-231
-160
52
117
34
-23
-28
-59
-85
-21
81
78
-39
-118
-65
23
23
-31
-28
35
56
-15
-98
-91
5
93
107
64
11
-42
-76
-46
45
111
81
-27
-134
-141
4
183
175
-42
-201
-116
54
89
35
42
60
-28
-114
-20
132
61
-151
-123
158
247
-30
-254
-95
172
154
-71
-163
-59
23
-17
-58
-8
46
18
-25
-1
42
20
-32
-28
21
12
-90
-157
-53
132
145
-58
-203
-94
97
120
9
-49
-5
50
58
9
-75
-108
-12
127
122
-46
-153
-48
106
81
-58
-93
-9
50
52
42
-8
-98
-101
22
98
-3
-150
-151
-11
116
137
70
-31
-100
-66
58
122
31
-97
-94
13
87
79
12
-82
-97
59
242
180
-111
-279
-112
164
208
6
-171
-161
-48
33
48
14
-23
2
67
34
-133
-234
-100
131
188
24
-150
-152
-16
106
112
27
-49
-28
68
110
15
-121
-135
-25
64
45
-24
-73
-98
-77
37
169
123
-131
-301
-128
215
306
44
-223
-200
-9
67
8
1
78
80
-48
-161
-110
83
258
239
-9
-282
-287
20
318
274
-47
-266
-173
46
121
46
9
67
96
3
-123
-129
1
118
92
-31
-100
-57
31
74
47
-19
-51
6
91
66
-82
-165
-34
170
169
-59
-220
-101
145
228
100
-53
-98
-56
8
63
64
-13
-96
-66
70
143
40
-112
-93
91
190
46
-173
-192
7
181
139
-51
-175
-114
55
148
73
-74
-113
6
131
99
-56
-145
-58
113
195
101
-108
-248
-164
82
229
130
-71
-142
-45
78
108
45
-45
-88
-44
42
59
-28
-100
-32
117
163
54
-73
-85
13
122
143
60
-27
-18
29
-15
-117
-99
77
214
142
-54
-161
-104
23
118
130
38
-97
-112
56
210
132
-95
-181
-37
127
114
-8
-51
15
66
28
-26
-26
-14
-42
-62
-9
67
69
5
-35
-20
-4
-8
5
23
-23
-117
-122
17
150
105
-65
-159
-92
38
108
84
10
-34
-12
26
6
-54
-67
-5
67
81
27
-52
-94
-47
65
128
55
-67
-75
24
53
-32
-60
60
158
65
-117
-159
-14
152
184
88
-37
-96
-45
75
137
55
-87
-109
15
109
35
-107
-121
15
139
129
41
-20
-32
-21
14
69
74
-13
-105
-82
27
89
64
14
-34
-91
-118
-60
46
108
94
31
-57
-135
-117
21
135
66
-97
-108
53
145
48
-65
-37
34
6
-69
-61
22
63
30
-8
-18
-35
-53
-16
71
107
37
-67
-95
-36
27
22
-23
-28
14
24
-26
-46
29
119
106
-3
-95
-98
-30
56
119
126
65
-22
-72
-59
-10
47
87
73
0
-66
-63
-23
-13
-19
5
32
-3
-82
-98
-1
123
148
53
-64
-101
-50
20
46
27
3
-3
-15
-48
-71
-43
18
58
45
-7
-63
-83
-54
6
55
67
31
-42
-104
-87
14
103
69
-73
-193
-189
-86
30
98
89
1
-101
-107
2
96
59
-55
-89
-15
34
-27
-103
-70
35
73
5
-63
-40
30
68
74
80
74
19
-58
-85
-39
34
79
71
15
-57
-87
-38
54
103
66
-15
-67
-61
-13
41
63
54
41
34
13
-21
-24
25
79
81
39
5
6
20
28
39
47
27
-15
-44
-40
-17
16
60
89
67
-2
-68
-90
-66
-18
29
39
-13
-92
-112
-36
64
89
32
-31
-46
-25
-1
20
29
3
-47
-65
-30
3
-16
-53
-36
28
60
23
-26
-35
-19
-11
-8
-5
-20
-59
-85
-73
-40
-16
-3
3
3
6
27
58
59
2
-85
-133
-104
-18
54
38
-61
-143
-107
9
82
59
2
-21
-8
19
49
49
-8
-86
-100
-28
42
30
-28
-43
0
39
39
12
-21
-40
-32
-8
0
-14
-31
-44
-58
-54
3
96
145
99
5
-52
-40
6
47
51
-7
-103
-149
-85
37
112
100
47
4
-20
-19
21
82
101
39
-55
-98
-73
-37
-31
-36
-28
-25
-42
-47
2
78
106
51
-35
-78
-58
-22
-17
-43
-59
-30
27
50
5
-56
-54
14
71
51
-31
-104
-117
-71
-15
4
-20
-50
-49
-13
31
59
65
55
35
9
-23
-55
-72
-56
-23
-14
-36
-46
-24
0
1
4
29
50
38
11
-6
-17
-36
-45
-21
9
-6
-53
-67
-29
14
18
-6
-27
-23
6
33
23
-19
-51
-54
-56
-75
-82
-42
20
48
34
18
19
11
-12
-24
-22
-31
-60
-89
-100
-91
-55
2
52
57
17
-26
-30
8
54
68
27
-54
-124
-140
-109
-58
-6
31
28
-9
-20
35
111
122
50
-39
-77
-59
-22
3
9
-4
-20
-17
4
30
53
70
65
33
7
9
9
-34
-95
-97
-23
52
50
-14
-55
-28
31
67
59
24
-11
-34
-40
-30
-7
9
-3
-37
-51
-27
8
26
33
42
34
0
-27
-5
38
34
-23
-60
-35
6
16
10
24
44
44
28
22
28
30
20
-3
-44
-86
-83
-20
45
51
19
9
30
43
39
42
50
34
-2
-17
-5
-10
-45
-62
-29
13
18
8
31
84
117
109
75
28
-27
-72
-77
-45
-13
-6
-11
-11
-4
4
13
22
30
32
23
-4
-36
-48
-30
-12
-23
-45
-38
6
46
58
55
56
53
34
6
-10
-14
-12
-8
-3
-2
0
19
56
81
66
28
11
29
50
43
13
-16
-34
-44
-43
-22
18
53
58
39
19
13
17
20
21
22
14
-6
-28
-33
-16
6
23
37
46
42
28
24
38
53
50
35
21
11
0
-4
10
33
42
33
18
9
12
33
70
90
61
-6
-53
-46
-5
28
39
36
19
-7
-16
11
49
62
44
15
-10
-27
-28
-5
29
46
39
23
14
8
8
20
37
42
29
9
-6
-13
-11
3
21
31
26
5
-20
-26
5
62
94
64
-2
-41
-25
16
45
54
42
6
-37
-53
-28
17
44
36
9
-9
-4
13
20
12
5
14
23
11
-9
-14
-5
-9
-27
-33
-13
12
22
18
8
-3
-9
-1
15
21
11
-1
-2
-1
-3
2
18
30
31
27
20
2
-20
-22
1
25
26
12
5
5
2
2
18
36
34
13
-1
5
21
33
35
27
9
-15
-32
-28
-5
21
31
17
-5
-11
4
21
20
5
-4
-2
-1
-3
0
7
6
-10
-27
-30
-20
-8
0
-2
-19
-40
-39
-9
23
25
2
-17
-14
3
18
22
13
-10
-34
-44
-35
-15
7
17
3
-27
-45
-33
-2
20
26
26
26
23
14
5
-1
-1
6
12
5
-11
-21
-12
4
13
16
19
9
-15
-28
-10
17
21
2
-20
-31
-28
-11
15
32
23
6
8
24
23
3
-6
7
15
1
-23
-32
-18
2
9
-1
-9
1
22
31
14
-11
-22
-16
-9
-9
-14
-19
-21
-14
-1
3
-11
-25
-23
-12
-6
-7
-9
-13
-19
-16
-5
0
-11
-20
-11
8
8
-13
-32
-32
-22
-15
-20
-32
-40
-33
-15
-2
-1
-2
2
9
9
7
9
10
5
-2
-3
-4
-10
-19
-20
-12
-2
6
11
6
-11
-28
-31
-18
-7
-8
-16
-22
-25
-27
-19
2
22
24
9
-3
0
15
27
27
13
-9
-27
-29
-18
-5
2
13
27
29
10
-17
-27
-11
12
21
12
-5
-18
-20
-14
-3
7
13
11
2
-6
-7
0
4
-3
-15
-20
-17
-13
-9
-4
2
2
-6
-14
-15
-12
-13
-17
-14
-5
-6
-22
-38
-35
-14
4
3
-7
-11
-9
-9
-9
-7
-6
-11
-19
-17
-6
7
14
16
14
7
-5
-14
-13
-5
0
-1
-6
-12
-16
-17
-13
-2
15
24
18
3
-7
-5
2
10
14
15
8
-4
-13
-13
-6
1
4
1
-11
-24
-25
-7
14
20
9
-7
-19
-25
-20
-5
10
14
4
-9
-17
-20
-18
-13
-9
-16
-29
-35
-28
-15
-8
-11
-16
-17
-13
-3
9
18
20
12
2
-3
-3
-6
-16
-25
-25
-19
-16
-19
-23
-20
-12
-5
1
6
9
11
14
15
8
-3
-9
-5
0
-2
-8
-7
2
9
6
-3
-9
-7
-1
2
0
-3
-2
2
5
5
4
5
5
4
5
6
6
1
-6
-13
-18
-21
-19
-13
-8
-9
-9
-1
12
20
18
11
5
4
4
0
-8
-17
-21
-20
-20
-23
-21
-12
-2
-1
-8
-13
-12
-7
-3
1
1
-2
-7
-6
2
11
14
11
7
3
-3
-9
-8
-3
-6
-19
-35
-40
-30
-15
-6
-5
-3
2
5
5
2
1
2
2
-2
-9
-14
-15
-13
-13
-15
-16
-11
-3
2
7
12
16
10
-4
-14
-13
-8
-8
-12
-16
-13
-7
-1
-1
-6
-12
-11
-5
-3
-8
-15
-17
-13
-12
-15
-18
-12
3
17
17
7
-2
1
11
13
4
-7
-9
-1
10
16
13
3
-3
-2
5
9
8
8
14
23
26
20
9
-2
-6
-6
-5
-3
-4
-8
-14
-19
-18
-13
-9
-8
-9
-11
-14
-14
-11
-8
-6
-9
-12
-13
-10
-2
7
8
-1
-10
-12
-7
-3
0
4
9
10
11
14
16
13
10
14
21
20
9
3
7
14
13
5
-2
-2
2
7
11
12
10
10
12
14
15
17
19
20
18
15
13
9
2
-7
-10
-8
-8
-13
-17
-18
-15
-14
-16
-19
-16
-9
-1
5
8
8
5
-1
-5
-3
-1
-4
-12
-18
-16
-9
-3
-4
-10
-16
-15
-8
-1
5
9
15
20
18
7
-5
-3
9
18
12
-3
-13
-11
-5
-2
-1
-2
-2
-1
4
12
18
20
21
24
25
19
8
1
2
7
7
2
-3
-5
-6
-9
-13
-12
-9
-7
-9
-8
-2
6
12
15
16
14
12
13
18
21
20
15
10
4
-2
-5
-7
-6
-3
2
5
2
-2
-3
2
8
9
9
13
21
28
29
23
13
4
2
5
8
7
3
1
6
16
22
23
22
21
22
20
17
19
25
28
21
9
-1
-2
3
8
13
18
22
21
16
9
6
5
6
12
19
22
19
15
17
22
23
18
15
17
21
18
11
5
0
-4
-5
0
8
15
20
25
28
27
23
21
20
18
13
9
7
6
8
9
9
8
9
11
14
15
14
14
14
10
6
3
3
3
5
10
15
19
22
24
22
16
11
8
6
4
4
8
14
15
11
7
7
14
24
31
30
25
22
21
18
10
5
6
12
18
24
33
40
39
32
26
25
27
30
32
31
23
10
1
1
9
17
19
19
20
23
24
22
20
21
20
16
11
8
7
9
15
21
22
18
13
11
13
14
13
9
5
2
3
7
10
13
16
20
22
22
20
21
22
20
14
8
5
3
4
8
12
14
11
6
5
9
16
20
20
16
9
3
1
4
10
15
13
6
-2
-5
-1
8
16
17
13
7
5
8
12
14
13
11
8
7
6
7
11
15
17
14
8
2
2
7
15
20
19
13
7
2
-2
0
8
17
18
11
4
3
6
8
8
7
4
-1
-4
-3
-1
0
-1
-1
2
5
7
8
7
5
3
0
-3
-6
-5
-2
-1
0
2
4
3
-2
-6
-8
-7
-5
-4
-4
-5
-8
-11
-13
-12
-10
-5
0
4
6
7
5
-2
-11
-18
-20
-16
-12
-11
-13
-14
-13
-10
-8
-9
-11
-12
-12
-11
-9
-7
-9
-15
-23
-28
-27
-21
-12
-5
-1
-2
-7
-10
-12
-13
-16
-19
-19
-18
-16
-15
-12
-10
-9
-10
-10
-7
-3
-3
-7
-12
-15
-21
-27
-31
-29
-23
-17
-13
-10
-9
-9
-11
-13
-17
-20
-21
-20
-17
-15
-15
-16
-19
-20
-20
-18
-15
-13
-13
-15
-20
-26
-31
-33
-29
-23
-16
-12
-9
-8
-8
-8
-8
-6
-5
-7
-10
-13
-13
-15
-20
-25
-27
-26
-24
-20
-15
-10
-8
-9
-13
-18
-20
-19
-18
-21
-25
-26
-25
-25
-26
-26
-23
-21
-21
-20
-18
-13
-9
-5
-5
-8
-10
-9
-7
-4
-1
-1
-2
-5
-9
-12
-13
-15
-15
-13
-12
-13
-15
-14
-11
-11
-13
-13
-9
-3
2
4
2
-4
-12
-18
-20
-20
-19
-19
-21
-23
-24
-21
-16
-13
-13
-15
-16
-18
-20
-20
-17
-16
-18
-24
-27
-25
-20
-15
-12
-9
-8
-10
-14
-17
-17
-16
-17
-18
-15
-10
-7
-8
-9
-9
-7
-6
-8
-9
-9
-7
-7
-7
-8
-9
-12
-13
-11
-9
-6
-4
-1
2
2
-5
-13
-16
-16
-14
-15
-15
-15
-15
-16
-19
-18
-15
-11
-8
-8
-9
-10
-11
-11
-12
-13
-14
-14
-15
-13
-8
-1
4
2
-4
-10
-14
-16
-16
-14
-11
-9
-10
-11
-9
-7
-6
-7
-6
-5
-5
-7
-10
-13
-15
-17
-20
-21
-20
-16
-12
-6
-2
-1
-3
-7
-10
-11
-10
-9
-8
-8
-10
-12
-14
-16
-19
-20
-18
-13
-10
-9
-9
-8
-5
-3
-3
-4
-5
-5
-4
-3
-2
-3
-7
-11
-13
-13
-12
-9
-6
-5
-4
-4
-3
-3
-4
-7
-9
-7
-5
-5
-8
-11
-13
-12
-13
-14
-14
-14
-15
-18
-21
-21
-19
-17
-17
-16
-15
-14
-12
-8
-3
1
2
1
1
2
4
5
6
6
3
-2
-7
-9
-8
-6
-4
-2
1
3
3
1
-2
-3
-2
-1
-3
-5
-5
-5
-5
-7
-8
-7
-5
-2
1
5
6
4
1
-2
-3
-4
-4
-3
-2
-3
-4
-4
-3
-2
-2
-5
-7
-9
-9
-8
-7
-7
-8
-9
-8
-5
-1
3
7
9
10
8
6
5
5
2
-1
-4
-5
-4
-3
-3
-2
0
1
0
-2
-4
-4
-4
-4
-5
-7
-9
-9
-9
-7
-6
-3
-1
1
2
3
2
0
-2
-3
-4
-3
-2
-3
-4
-5
-4
-3
-1
1
3
5
6
5
3
2
2
2
1
0
0
2
5
6
8
9
9
6
2
0
0
0
-3
-7
-10
-12
-11
-11
-11
-10
-9
-8
-6
-2
2
2
1
-1
-2
-2
-2
0
3
6
9
9
8
6
7
9
11
11
9
6
5
5
7
9
11
12
12
11
12
13
15
15
14
12
10
7
5
5
7
9
10
10
10
11
13
14
15
16
15
14
14
15
15
13
11
10
10
11
12
13
14
15
15
16
17
19
20
23
24
25
22
18
16
15
16
16
16
14
13
12
12
12
14
15
15
15
15
14
13
14
16
17
18
18
16
16
16
16
16
15
13
14
14
13
12
11
12
14
15
15
16
16
18
18
19
20
21
20
19
16
14
13
12
13
14
13
11
9
9
12
14
14
13
12
11
12
13
13
12
11
9
7
7
8
9
10
11
11
10
9
7
6
7
9
10
11
12
13
13
12
12
13
15
16
15
13
10
9
10
10
9
8
8
8
10
11
12
13
14
15
14
13
12
12
12
12
11
12
12
12
10
9
9
9
10
12
13
14
13
12
12
14
17
20
20
19
19
19
20
20
20
18
16
13
11
9
8
9
10
11
12
12
11
11
12
14
15
13
9
6
4
3
1
-1
-1
-1
-1
-1
-1
0
0
1
2
2
0
-2
-4
-4
-3
-2
0
2
3
4
3
4
6
9
11
9
6
4
2
1
2
4
6
8
7
6
5
4
4
4
5
3
1
-3
-5
-5
-3
0
1
1
-1
-1
1
4
6
6
5
3
2
2
3
4
6
9
10
10
10
9
7
6
6
6
5
3
2
2
4
5
6
7
9
10
12
12
10
9
8
7
5
1
-3
-6
-7
-6
-4
-2
-2
-1
-2
-4
-4
-4
-2
-2
-2
-3
-3
-3
-3
-1
1
2
2
2
2
2
2
3
3
3
2
2
2
4
6
7
9
9
9
9
8
7
7
7
6
4
2
1
0
1
3
4
4
4
4
5
6
5
3
1
-1
-2
-3
-3
-3
-2
-2
-1
0
0
1
0
0
0
-1
-2
-3
-4
-3
-3
-3
-3
-2
-2
0
1
2
2
2
0
-2
-2
-2
-2
-2
-3
-4
-4
-5
-5
-5
-5
-5
-5
-6
-7
-8
-9
-10
-11
-11
-11
-12
-12
-12
-11
-10
-9
-9
-9
-9
-8
-7
-7
-6
-4
-2
-1
-1
-3
-4
-4
-3
-2
-2
-4
-5
-6
-5
-3
-1
0
0
-1
-2
-1
-1
0
0
0
1
1
1
0
-1
-2
-1
0
1
1
0
-1
-1
-1
-1
-2
-3
-2
-2
-1
-1
-1
0
1
1
0
0
0
1
1
1
2
2
2
3
2
2
1
0
1
2
2
1
0
-2
-3
-5
-4
-3
-1
1
1
1
1
1
1
0
0
1
2
2
1
0
0
-1
-1
-1
1
2
3
3
4
4
2
1
0
0
-1
0
0
1
2
2
1
1
1
1
1
1
1
2
1
0
-2
-3
-5
-7
-7
-6
-5
-6
-7
-8
-8
-9
-10
-11
-11
-11
-11
-11
-11
-10
-10
-10
-10
-11
-12
-12
-11
-10
-10
-10
-12
-14
-14
-14
-13
-11
-11
-10
-10
-10
-9
-9
-8
-7
-6
-6
-7
-8
-9
-9
-9
-7
-5
-4
-5
-6
-7
-6
-5
-4
-4
-4
-6
-8
-9
-10
-9
-7
-5
-4
-5
-5
-4
-2
0
1
0
-1
-2
-2
-3
-4
-4
-2
-1
-1
-2
-2
-2
-1
0
1
1
-1
-2
-3
-5
-5
-5
-5
-5
-5
-5
-5
-5
-5
-4
-4
-5
-6
-7
-7
-7
-6
-6
-6
-6
-6
-7
-7
-7
-7
-7
-7
-7
-8
-10
-12
-12
-12
-11
-10
-10
-9
-8
-7
-7
-6
-5
-4
-3
-5
-6
-6
-5
-5
-5
-5
-5
-5
-5
-4
-3
-2
-1
-1
-2
-2
-2
-3
-3
-3
-2
-1
-1
0
0
1
1
1
0
-1
-1
-2
-2
-3
-3
-2
-2
-2
-1
-1
-1
-1
0
1
1
1
0
-2
-3
-4
-4
-5
-5
-5
-5
-4
-4
-3
-2
-2
-2
-2
-2
-1
-1
-1
-1
-2
-2
-2
-2
-2
-3
-3
-3
-3
-4
-5
-6
-7
-8
-7
-6
-6
-5
-4
-3
-2
-1
-1
-1
-2
-2
-2
-2
-3
-4
-4
-4
-5
-6
-6
-5
-4
-3
-3
-3
-3
-2
-1
-1
-2
-2
-2
-1
0
0
0
1
1
1
1
0
-1
-2
-2
-2
-3
-5
-5
-5
-5
-5
-5
-5
-4
-3
-2
-2
-2
-2
-2
-2
-3
-5
-6
-6
-6
-5
-4
-4
-4
-4
-3
-2
-2
-2
-1
-1
0
1
1
1
0
-1
-1
-1
-1
-1
-1
-1
0
0
-1
-2
-2
-1
0
0
0
1
1
1
1
1
1
1
1
2
2
1
0
1
1
1
0
-1
-1
-2
-2
-1
-1
-1
0
0
-1
-2
-2
-2
0
1
2
2
2
1
1
1
1
1
1
1
2
2
1
1
1
2
2
2
2
2
2
3
4
4
3
2
1
1
2
2
2
2
2
1
1
0
0
0
0
0
0
0
1
1
0
0
0
1
1
1
0
0
0
-1
-2
-2
-2
-2
-1
-1
-1
0
0
0
0
0
0
-1
-1
0
1
1
1
1
1
0
0
0
0
1
1
1
1
0
-1
-1
-2
-2
-2
-1
0
0
1
2
2
1
0
-1
-1
-1
-1
-2
-2
-2
-2
-2
-2
-2
-3
-3
-2
-2
-2
-2
-2
-2
-2
-2
-3
-2
-2
-1
0
0
0
-1
-1
-1
-2
-2
-3
-3
-3
-3
-3
-3
-3
-3
-3
-3
-2
-2
-1
-1
-2
-2
-3
-3
-4
-4
-3
-3
-3
-3
-3
-3
-3
-3
-2
-2
-2
-2
-2
-2
-2
-2
-2
-2
-2
-2
-1
-1
-1
-1
-1
-1
-1
-1
-1
-2
-2
-2
-2
-2
-2
-2
-2
-1
-1
0
0
0
-1
-1
0
0
0
0
0
0
0
0
0
0
0
1
1
1
1
1
0
0
-1
-1
-1
0
-1
-1
0
0
0
0
0
0
-1
-1
-1
-1
-1
-1
-2
-1
-1
-1
-2
-2
-1
-1
-1
-1
-2
-2
-2
-2
-2
-3
-3
-2
-2
-2
-2
-2
-2
-2
-2
-1
-1
0
0
0
0
-1
-1
-1
0
0
0
0
0
0
0
0
0
0
-1
-2
-2
-1
-1
-1
-1
-1
-1
-1
-1
-2
-1
-1
-1
-1
-1
-1
-2
-2
-2
-2
-2
-2
-2
-1
-1
-2
-2
-2
-1
-1
-1
0
-1
-1
-1
-1
-1
0
-1
-1
-1
-1
-1
-1
-1
0
-1
-1
-2
-1
-1
0
0
0
0
0
0
0
-1
-1
-1
0
-1
-1
-2
-2
-2
-2
-2
-2
-2
-2
-2
-1
-1
0
-1
-1
0
-1
-1
0
0
0
-1
-1
-1
0
0
0
0
0
-1
-1
-1
0
0
-1
-1
0
0
-1
-1
0
0
0
0
0
1
1
0
-1
-1
-1
-1
-1
-1
-1
-2
-2
-2
-2
-1
-1
-1
-1
-1
-1
-1
-1
-1
-1
0
0
0
-1
0
0
0
-1
-1
0
-1
-1
0
0
0
-1
-1
0
0
1
1
1
1
1
2
2
2
1
1
2
2
2
1
1
1
1
1
1
1
1
1
2
1
1
1
1
2
2
2
2
2
2
2
2
1
1
2
2
2
1
1
1
1
1
1
2
2
1
1
0
1
1
1
0
0
0
1
1
1
1
1
1
1
1
1
1
1
2
2
2
1
1
1
1
1
2
1
1
2
2
2
2
2
2
2
2
2
2
2
2
2
2
2
2
2
2
2
2
2
2
2
2
2
2
2
1
1
2
2
2
2
2
2
2
1
2
2
2
2
2
2
2
1
2
2
2
2
2
2
2
2
2
2
2
2
2
1
1
1
1
1
2
2
2
1
1
1
1
2
1
1
1
1
2
2
2
1
1
1
2
1
1
2
2
2
1
1
1
1
1
2
2
2
1
1
2
2
2
1
1
1
2
2
2
2
2
2
1
1
1
2
2
2
2
1
2
2
2
2
1
2
2
2
2
1
1
2
2
2
2
2
2
2
2
2
2
2
2
2
1
2
2
2
2
2
1
1
1
1
1
1
1
1
1
1
1
2
2
2
2
1
1
1
1
1
2
2
2
2
1
1
2
2
2
2
2
2
2
2
2
2
2
2
2
2
2
1
2
2
2
2
2
2
1
2
2
2
2
2
2
2
2
2
2
2
2
1
1
1
1
1
2
2
2
1
1
2
2
1
1
1
1
1
1
2
2
2
2
2
2
1
1
2
2
1
1
1
1
2
2
2
2
1
1
1
2
2
2
2
1
1
1
0
0
0
1
1
0
0
0
0
1
1
1
0
0
0
0
0
0
0
0
0
0
0
1
2
1
1
0
1
1
1
1
0
1
1
1
1
1
1
1
1
0
0
0
1
1
1
1
1
1
0
0
0
0
0
0
0
1
0
-1
0
0
1
0
0
0
0
0
-1
-1
0
0
0
0
0
0
0
0
1
1
0
0
0
0
0
0
0
-1
-1
-1
-1
-1
-1
-1
-1
-1
-1
-1
0
0
0
0
0
1
0
0
-1
-1
0
0
0
0
0
0
0
0
0
0
0
0
0
0
-1
-1
-1
-1
-1
-1
-1
0
0
0
-1
-1
-1
-1
-1
-1
-1
-1
-1
-1
-1
-1
-1
-1
-1
-2
-2
-1
-1
-1
-2
-2
-2
-1
-1
-1
-1
-1
-1
-1
-1
-1
-1
-1
-1
-2
-1
-1
-1
-1
-1
-1
-1
-1
-1
-1
-1
-1
-2
-1
-1
0
0
-1
-1
-1
-1
-1
-1
0
-1
-1
-1
-1
-1
-1
-1
-1
-1
-1
-2
-1
-1
-1
-2
-2
-2
-2
-2
-2
-2
-2
-2
-2
-2
-2
-2
-2
-2
-2
-2
-2
-2
-2
-1
-1
-2
-2
-2
-2
-2
-2
-2
-2
-2
-2
-2
-2
-2
-2
-2
-2
-2
-2
-2
-2
-2
-2
-2
-2
-2
-2
-2
-2
-2
-2
-2
-2
-2
-2
-2
-2
-2
-2
-2
-3
-3
-2
-2
-2
-2
-2
-2
-2
-2
-2
-2
-2
-2
-2
-2
-2
-2
-2
-2
-2
-2
-2
-2
-2
-2
-2
-2
-2
-2
-2
-2
-3
-2
-2
-2
-2
-2
-2
-2
-2
-2
-2
-2
-2
-2
-2
-2
-2
-2
-2
-2
-2
-2
-2
-2
-2
-3
-3
-2
-2
-2
-2
-2
-2
-2
-2
-2
-2
-2
-2
-2
-2
-2
-2
-2
-2
-2
-2
-2
-2
-2
-2
-3
-2
-2
-2
-3
-3
-3
-3
-2
-2
-2
-3
-3
-3
-3
-3
-3
-2
-2
-2
-2
-3
-3
-3
-3
-3
-3
-3
-3
-3
-3
-2
-2
-3
-3
-3
-2
-2
-3
-3
-2
-2
-2
-2
-2
-3
-2
-2
-2
-2
-3
-3
-2
-2
-2
-2
-2
-2
-2
-3
-2
-2
-1
-2
-3
-3
-2
-2
-2
-2
-2
-2
-2
-2
-2
-2
-2
-2
-2
-2
-2
-2
-2
-2
-2
-2
-2
-2
-2
-2
-2
-2
-2
-2
-2
-2
-2
-2
-2
-2
-2
-2
-2
-2
-2
-2
-2
-2
-2
-2
-2
-2
-2
-2
-2
-2
-2
-2
-2
-2
-2
-2
-2
-2
-2
-2
-2
-2
-2
-2
-2
-2
-2
-2
-2
-2
-2
-2
-2
-2
-2
-2
-2
-2
-2
-2
-2
-2
-2
-2
-2
-2
-2
-2
-2
-2
-2
-2
-1
-1
-1
-1
-1
-1
-1
-1
-1
-1
-1
-1
-1
-1
-1
-1
-1
-2
-2
-1
-1
-1
-1
-2
-2
-2
-1
-1
-1
-2
-1
-1
-1
-1
-1
-1
-1
-1
-1
-1
-1
-1
-1
-1
-1
-1
-1
-1
-1
-1
-1
-1
-1
-1
-1
-1
-1
-1
-1
-1
-1
-1
-1
-1
-1
-1
-1
-1
-1
-1
-1
-1
0
-1
-1
-1
-1
-1
-1
-1
-1
-1
-1
-1
-1
-1
-1
-1
-1
-1
-1
-1
-1
-1
-1
-1
0
0
0
-1
-1
0
0
-1
-1
0
0
0
-1
-1
0
0
0
-1
0
0
-1
-1
-1
0
0
0
0
0
0
0
0
1
1
0
0
0
0
-1
-1
-1
0
0
0
0
0
0
-1
-1
0
0
0
0
0
0
1
0
0
0
0
0
0
0
1
1
1
0
0
0
1
1
1
0
0
0
1
1
1
1
1
1
1
1
1
1
1
1
1
1
1
1
0
0
0
1
1
1
1
1
0
0
1
1
1
1
0
1
1
1
1
0
0
1
1
1
1
1
0
0
0
1
1
1
0
0
1
1
0
0
0
0
0
1
1
1
1
0
1
1
1
1
1
1
1
1
1
1
1
1
1
1
1
1
1
1
1
1
1
1
1
1
1
2
1
1
1
2
2
1
1
1
1
1
1
1
1
1
1
2
2
2
1
1
1
1
2
2
2
2
1
1
1
1
1
1
1
1
1
1
1
1
1
1
1
1
1
1
1
1
1
1
1
1
1
1
1
1
1
1
1
1
1
1
1
1
2
1
1
1
1
1
1
2
2
2
1
1
1
2
2
2
2
2
2
1
1
1
1
1
0
0
1
1
1
1
1
2
1
1
2
2
2
1
1
1
1
1
1
1
1
1
1
2
2
1
1
1
1
1
1
1
1
1
0
0
1
1
1
1
1
1
1
1
1
1
1
0
1
1
1
1
0
0
0
1
1
1
0
0
1
1
1
1
1
1
1
1
1
1
1
0
0
1
1
1
1
1
1
0
0
1
1
1
1
1
1
1
1
1
1
1
1
1
1
1
1
1
1
1
0
1
1
0
0
0
0
0
0
0
0
1
0
0
0
1
1
0
0
1
1
1
0
0
1
1
0
0
0
0
0
1
0
-1
-1
0
0
0
0
0
1
1
0
0
0
0
0
0
0
1
1
0
0
0
0
1
0
0
0
0
0
0
0
0
0
0
1
1
0
0
1
1
1
1
0
1
1
1
0
0
1
0
0
0
0
0
0
0
0
0
0
0
0
0
-1
0
0
0
-1
-1
0
0
0
-1
0
0
0
0
0
0
0
0
0
0
0
0
0
0
0
0
0
0
0
0
1
0
0
0
0
0
0
0
0
0
0
0
0
0
0
0
0
0
-1
-1
-1
0
0
0
0
0
0
0
-1
-1
0
0
0
0
-1
-1
-1
-1
0
0
0
0
0
-1
-1
-1
-1
-1
0
0
0
0
0
0
0
0
0
0
-1
-1
-1
-1
-1
0
0
-1
-1
-1
-1
-1
-1
-1
-1
-1
-1
-1
-1
-1
-1
-1
-1
-1
-1
-1
-1
-1
-1
-1
-1
-1
-1
-1
-1
-1
-1
-1
-1
-1
0
0
0
-1
-1
0
0
0
0
0
0
0
-1
-1
-1
-1
0
0
-1
-1
-1
-1
-1
-2
-2
-1
-1
-1
-1
-1
-1
-1
-1
-1
-1
-1
-1
-1
-1
-1
-1
-1
-1
-1
-2
-1
-1
-1
-1
-1
-1
-1
-1
-1
-1
0
-1
-1
-1
-1
-2
-2
-1
-1
-1
-2
-2
-2
-2
-2
-1
-1
-1
-1
-1
-1
-1
-1
-2
-1
-1
-1
-2
-2
-2
-2
-2
-2
-2
-2
-2
-1
-1
-1
-1
-1
-1
-1
-1
-2
-2
-2
-2
-2
-2
-2
-2
-2
-2
-2
-2
-2
-2
-1
-1
-1
-1
-1
-1
-1
-1
-1
-1
-1
-1
-1
-2
-2
-2
-1
-1
-1
-1
-2
-1
-1
-1
-1
-2
-2
-2
-2
-1
-1
-1
-1
-1
-1
-1
-1
-2
-2
-2
-2
-2
-2
-2
-2
-2
-2
-2
-1
-1
-1
-1
-2
-2
-2
-1
-1
-1
-1
-1
-1
-1
-1
-1
-1
-1
-1
-1
-1
-1
-1
-1
-1
-1
-1
-1
-1
-1
-1
-1
-1
-1
-1
-1
-1
-1
-1
-1
-1
-1
-1
-1
-1
-1
-1
-1
-1
-1
-1
-1
-1
-1
-1
-1
-1
-1
0
0
0
0
-1
-1
-1
-1
-1
0
0
-1
-1
-1
-1
-1
-1
-1
-1
-1
-1
-1
-1
-1
-1
-1
-2
-2
-2
-1
-1
-1
-1
-1
-1
-1
-2
-1
-1
-1
-1
-1
0
0
-1
-1
-1
-1
-2
-1
-1
0
0
-1
-1
-1
-1
-1
-1
0
0
0
0
0
-1
-1
-1
-1
0
0
-1
-1
-1
-1
0
0
0
-1
-1
-1
-1
-1
-1
-1
-1
-1
-1
0
0
0
-1
-1
-1
-1
-1
-1
-1
-1
-1
-1
-1
-1
-1
-1
-1
-1
-1
-1
-1
-1
-1
-1
-1
-1
-1
-1
-1
0
-1
-1
0
0
0
0
0
0
0
0
0
-1
-1
-1
0
0
0
0
0
-1
-1
-1
-1
-1
-1
-1
-1
-1
-1
-1
-1
-1
-1
-1
-1
-1
-1
0
0
0
0
0
-1
-1
-1
-1
0
0
0
0
0
0
0
0
0
0
0
0
0
0
0
0
0
0
0
0
0
0
0
0
0
0
0
0
0
0
0
0
0
0
0
0
0
0
0
0
0
0
0
0
0
0
0
0
0
1
1
0
0
0
0
0
0
0
0
0
-1
0
0
-1
-1
-1
-1
0
0
0
0
0
0
0
0
0
0
0
0
0
0
0
0
0
0
0
0
0
0
0
0
0
0
0
1
1
0
0
0
0
0
0
0
0
0
1
1
1
0
0
0
0
0
0
0
0
0
0
0
0
0
0
-1
0
0
0
0
0
0
0
0
0
-1
-1
-1
0
0
0
0
0
0
0
0
0
0
0
1
1
1
1
1
1
1
1
1
1
0
0
0
0
1
0
0
0
0
0
0
0
0
0
0
0
-1
0
0
0
-1
-1
-1
0
0
-1
-1
0
0
0
0
0
0
0
0
0
0
0
0
0
0
0
0
0
0
0
0
0
0
0
0
0
0
0
0
0
0
0
0
0
0
0
0
0
0
0
0
0
0
0
0
0
0
0
-1
-1
-1
-1
0
0
0
-1
0
0
0
-1
0
0
0
-1
-1
0
0
0
0
0
0
0
0
0
0
0
0
0
0
0
0
0
0
0
-1
0
0
0
0
0
0
0
0
0
0
0
0
0
0
0
0
0
0
0
0
0
0
-1
-1
-1
-1
-1
-1
-1
-1
-1
-1
-1
0
0
0
0
0
0
0
0
0
-1
-1
-1
-1
-1
-1
-1
-1
-1
-1
-1
-1
-1
-1
-1
-1
0
0
0
-1
-1
-1
0
0
0
0
0
0
0
0
0
0
0
0
0
0
0
0
0
0
0
0
0
0
0
0
0
0
0
0
0
0
0
0
-1
-1
-1
0
0
0
-1
-1
-1
0
0
0
-1
-1
-1
-1
0
-1
-1
0
0
0
-1
-1
-1
0
0
-1
0
0
0
0
0
0
0
0
0
0
0
0
0
0
-1
-1
-1
-1
-1
-1
-1
-1
-1
-1
-1
-1
-1
-1
-1
-1
-1
0
0
0
-1
0
0
-1
-1
-1
-1
-1
-1
-1
-1
0
0
-1
-1
-1
0
0
0
0
-1
0
0
0
-1
-1
-1
-1
-1
-1
0
0
-1
-1
-1
-1
-1
-1
-1
-1
-1
-1
-1
-1
0
0
0
0
0
0
0
0
0
0
0
0
0
0
0
0
0
0
0
-1
-1
0
0
-1
-1
-1
-1
-1
-1
-1
-1
-1
-1
-1
-1
-1
0
0
0
-1
-1
-1
0
0
0
0
0
-1
-1
-1
0
0
-1
-1
-1
-1
-1
-1
0
0
0
0
0
0
0
0
0
0
0
0
-1
-1
0
0
0
0
-1
-1
-1
-1
0
0
0
0
0
0
0
0
0
0
0
0
0
-1
-1
-1
0
0
0
0
0
0
0
0
-1
-1
-1
-1
-1
0
0
0
-1
-1
-1
-1
0
0
0
0
0
0
0
0
0
0
0
0
0
0
0
0
0
0
0
0
-1
0
0
0
-1
-1
0
0
0
-1
0
0
-1
-1
-1
-1
-1
0
0
0
-1
-1
-1
-1
-1
-1
0
0
-1
-1
-1
0
0
0
0
0
0
0
0
0
0
0
0
0
0
-1
-1
-1
-1
-1
-1
-1
-1
-1
-1
-1
-1
-1
-1
-1
-1
-1
-1
-1
-1
-1
-1
-1
-1
0
0
0
0
0
0
0
0
0
0
0
0
0
0
-1
0
0
0
0
-1
-1
-1
-1
-1
-1
-1
-1
-1
-1
-1
0
-1
-1
-1
-1
-1
-1
-1
-1
-1
0
0
-1
-1
0
0
-1
-1
-1
-1
-1
-1
-1
-1
-1
-1
-1
-1
-1
-1
-1
-1
-1
-1
-1
-1
0
-1
-1
-1
0
-1
-1
-1
-1
-1
-1
-1
-1
-1
-1
-1
-1
0
0
0
0
0
0
-1
-1
-1
-1
0
0
0
0
0
0
0
0
0
0
0
0
0
-1
-1
-1
-1
-1
-1
-1
0
0
0
0
0
0
-1
-1
-1
-1
-1
0
0
-1
-1
0
0
0
0
0
0
-1
-1
-1
0
0
-1
-1
-1
0
-1
-1
-1
0
0
0
-1
-1
-1
-1
-1
0
0
0
0
0
0
0
0
0
0
-1
-1
0
0
-1
-1
0
0
0
0
0
0
0
-1
-1
0
0
0
0
0
0
0
0
0
0
0
0
0
-1
0
0
0
-1
-1
-1
0
0
0
0
0
0
0
0
0
0
0
0
0
0
0
0
0
0
0
0
0
0
0
0
0
0
0
0
0
0
0
0
0
0
0
0
0
0
0
0
0
0
0
0
0
0
0
0
0
0
0
0
0
0
0
0
0
0
0
0
0
0
0
0
0
0
0
0
0
0
0
0
0
0
0
0
0
0
0
0
0
0
-1
0
0
0
0
0
0
0
0
0
0
0
0
0
0
0
0
0
0
0
0
0
0
0
0
0
0
0
0
0
0
0
0
0
0
0
0
0
-1
-1
0
0
-1
0
0
0
0
0
0
0
-1
0
0
0
-1
0
0
0
-1
-1
0
0
0
-1
-1
0
0
0
0
0
0
0
0
0
0
0
0
-1
0
0
0
0
-1
0
0
0
0
0
0
0
0
0
0
-1
0
0
0
0
0
0
0
0
0
0
0
0
-1
0
0
0
-1
0
0
0
0
0
0
0
0
-1
0
0
0
-1
0
0
0
0
0
0
0
-1
-1
0
0
-1
-1
-1
-1
0
0
0
-1
0
0
0
0
0
0
-1
0
0
0
0
0
0
0
0
0
-1
0
0
0
0
0
0
0
0
0
0
0
0
0
0
0
0
0
0
0
0
-1
0
0
-1
-1
-1
0
0
0
-1
0
0
0
0
0
0
0
0
0
0
0
0
0
0
0
0
0
0
0
0
0
0
0
0
0
0
0
0
0
0
0
0
-1
0
0
0
0
-1
-1
0
0
0
0
0
0
0
0
0
0
0
0
0
0
-1
0
0
0
0
0
0
0
-1
0
0
0
0
0
0
0
0
0
0
0
0
0
0
0
0
0
0
0
0
0
0
0
0
0
0
0
0
0
0
0
0
0
0
0
0
0
0
0
0
-1
0
0
0
0
0
0
-1
-1
-1
0
0
0
0
0
-1
-1
-1
0
0
0
0
0
0
0
0
0
0
0
0
0
0
0
0
0
0
0
0
0
0
0
0
-1
0
0
0
0
0
0
0
0
0
0
0
0
0
0
0
0
0
0
0
0
0
0
0
0
0
0
0
0
0
0
0
0
0
0
-1
-1
-1
0
0
-1
-1
-1
0
0
-1
-1
-1
-1
0
0
0
0
0
0
0
0
0
0
0
-1
-1
0
0
0
0
0
0
0
0
0
0
-1
0
0
0
0
0
0
0
0
0
0
0
0
0
0
0
-1
0
0
0
-1
-1
-1
0
0
0
0
0
0
0
0
0
0
-1
-1
-1
0
0
-1
-1
0
0
0
0
0
0
0
0
0
0
0
0
0
0
0
0
0
0
0
0
0
0
0
0
0
0
0
0
0
0
0
0
0
0
0
0
0
0
0
0
0
-1
-1
0
0
-1
0
0
0
0
-1
0
0
0
-1
0
0
-1
0
0
0
0
0
0
0
0
0
0
0
0
0
0
0
0
0
0
0
0
0
0
0
0
0
0
0
0
0
0
0
0
0
0
0
0
0
0
0
0
0
-1
0
0
0
-1
0
0
0
0
0
0
-1
-1
-1
0
0
0
0
0
0
0
0
0
0
0
0
0
0
0
0
0
0
0
0
0
0
0
0
0
0
0
0
0
0
0
0
0
0
0
0
0
0
0
0
0
0
0
0
0
0
0
0
0
0
0
0
0
0
-1
0
0
0
0
0
0
0
0
0
0
0
0
0
0
0
0
-1
0
0
-1
-1
0
0
0
0
0
0
0
0
0
0
0
-1
-1
-1
0
0
0
0
0
0
0
0
0
0
0
0
0
0
0
0
0
0
0
0
0
0
0
0
0
0
0
0
0
0
0
0
0
0
0
0
0
0
0
0
0
-1
0
0
0
0
0
0
0
0
0
0
0
0
0
0
0
0
0
0
0
0
0
0
0
0
0
0
0
0
0
0
0
0
-1
-1
0
0
0
0
0
0
0
0
0
0
0
0
0
0
0
-1
-1
-1
0
-1
-1
-1
0
0
0
0
0
0
0
0
0
0
0
0
0
0
0
0
0
0
0
0
0
0
0
0
0
0
0
0
0
0
0
0
0
0
0
0
0
0
0
0
0
0
0
0
0
0
-1
0
0
0
0
-1
0
0
0
0
0
0
0
0
0
0
0
0
0
0
0
0
0
0
0
0
0
0
0
0
0
0
0
0
0
0
0
0
0
0
0
0
0
-1
0
0
0
0
0
0
0
0
0
0
0
0
0
0
0
0
0
0
0
0
0
0
0
0
0
0
0
0
0
0
0
0
0
0
0
0
0
0
0
0
0
0
0
0
0
0
0
0
0
0
0
0
0
0
0
0
0
0
0
0
0
0
0
0
0
0
0
0
0
0
0
0
0
0
0
0
0
0
0
0
0
0
0
0
0
0
0
0
0
0
0
0
0
0
0
0
0
0
0
0
0
0
0
0
0
0
0
0
0
0
0
0
0
0
0
0
0
0
0
0
0
0
0
0
0
0
0
0
0
0
0
0
0
0
0
0
-1
0
0
0
0
0
0
0
0
0
0
0
0
0
0
0
0
0
0
0
0
0
0
0
0
0
0
0
0
0
0
0
0
0
0
0
0
0
0
0
0
0
0
0
0
0
0
0
0
0
0
0
0
0
0
0
0
0
0
0
0
0
0
0
0
0
0
0
0
0
0
0
0
0
0
0
0
0
0
0
0
0
0
0
0
0
0
0
0
0
0
0
0
0
0
0
0
0
0
0
0
0
0
0
0
0
0
-1
0
0
0
0
0
0
0
0
0
0
0
0
0
0
0
0
0
0
0
0
0
0
0
0
0
0
0
0
0
0
0
0
0
0
0
0
0
0
0
0
0
0
0
0
0
0
0
-1
0
0
0
0
0
0
0
0
0
0
0
0
-1
-1
0
0
0
0
0
0
0
0
0
0
0
0
0
0
0
0
0
0
0
0
0
0
0
0
0
0
0
0
0
0
0
0
0
0
0
0
0
0
-1
-1
-1
0
0
0
0
0
0
0
0
0
0
0
0
0
0
0
0
0
-1
0
0
0
0
0
0
0
0
0
0
0
0
0
0
0
0
0
0
0
0
0
0
0
0
0
0
0
0
0
0
0
0
0
0
0
0
0
0
0
0
0
0
0
0
0
0
0
0
0
0
0
0
0
0
0
0
0
0
0
0
0
0
0
0
0
0
0
-1
0
0
0
0
0
0
0
0
0
0
0
0
0
0
0
0
0
0
0
0
0
0
0
0
0
0
0
0
0
0
0
0
0
0
0
0
0
0
0
0
0
0
0
0
0
0
0
0
0
0
0
0
0
0
0
0
0
0
0
0
0
0
0
0
0
0
0
0
0
0
0
0
0
0
0
0
0
0
0
0
0
0
0
0
0
0
0
0
0
0
0
0
0
0
0
0
0
0
0
0
0
0
0
0
0
0
0
0
0
0
0
0
0
0
0
0
0
0
0
0
0
0
0
0
0
0
0
0
0
0
0
0
0
0
0
0
0
0
0
0
0
0
0
0
0
0
0
0
0
0
0
0
0
0
0
0
0
0
0
0
0
0
0
0
0
-1
0
0
0
0
0
0
0
0
0
0
0
0
0
0
0
0
0
0
0
0
0
0
0
0
0
0
0
0
0
0
0
0
0
0
0
0
0
0
0
0
0
0
0
0
0
0
0
0
0
0
0
0
0
0
0
0
0
0
0
0
0
0
0
0
0
0
0
0
0
0
0
0
0
0
0
0
0
0
0
0
0
0
0
0
0
0
0
0
0
0
0
0
0
0
0
0
0
0
0
0
0
0
0
0
0
0
0
0
0
0
0
0
0
0
0
0
0
0
0
0
0
0
0
0
0
0
0
0
0
0
0
0
0
0
0
0
0
0
0
0
0
0
0
0
0
0
0
0
0
0
0
0
0
0
0
0
0
0
-1
0
0
0
0
0
-1
0
0
0
0
0
0
0
0
0
0
0
0
0
0
0
0
0
0
0
0
0
0
0
0
0
0
0
0
0
0
0
0
0
0
0
0
0
0
0
0
0
0
0
0
0
0
0
0
0
0
0
0
0
0
0
0
0
0
0
0
0
0
0
0
0
0
0
0
0
0
0
0
0
0
0
0
0
0
0
0
0
0
0
0
0
0
0
0
0
0
0
0
0
0
0
0
0
0
0
0
0
0
0
0
0
0
0
0
0
0
0
-1
0
0
0
0
0
0
0
0
0
0
0
0
0
0
0
0
0
0
0
0
0
0
0
0
0
0
0
0
0
0
0
0
-1
0
0
0
0
0
0
0
0
0
0
0
0
0
0
0
0
0
0
0
0
0
0
0
0
0
0
0
0
0
0
0
0
0
0
0
0
0
0
0
0
0
0
0
0
0
0
0
0
0
0
0
0
0
0
0
0
0
0
0
0
-1
0
0
0
0
0
0
0
0
0
0
0
0
0
0
0
0
0
0
0
0
0
0
0
0
0
0
0
0
0
0
0
0
0
0
0
0
0
0
0
0
0
0
0
0
0
0
0
0
0
0
0
0
0
0
0
0
0
0
0
0
0
0
0
0
0
0
0
0
0
0
0
0
0
0
0
0
0
0
0
0
0
0
0
0
0
0
0
0
0
0
0
0
0
0
0
0
0
0
0
0
0
0
0
0
0
0
0
0
0
0
0
0
0
0
0
0
0
0
0
0
0
0
0
0
0
0
0
0
0
0
0
0
0
0
0
0
0
0
0
0
0
0
0
0
0
0
0
0
0
0
0
0
0
0
0
0
0
0
0
0
0
0
0
0
0
0
0
0
0
0
0
0
0
0
0
0
0
0
0
0
0
0
0
0
0
0
0
0
0
0
0
0
0
0
0
0
0
0
0
0
0
0
0
0
0
0
0
0
0
0
0
0
0
0
0
0
0
0
0
0
0
0
0
0
0
0
0
0
0
0
0
0
0
0
0
0
0
0
0
0
0
0
0
0
0
0
0
0
0
0
0
0
0
0
0
0
0
0
0
0
0
0
0
0
0
0
0
0
0
0
0
0
0
0
0
0
0
0
0
0
0
0
0
0
0
0
0
0
0
0
0
0
0
0
0
0
0
0
0
0
0
0
0
0
0
0
0
0
0
0
0
0
0
0
0
0
0
0
0
0
0
0
0
0
0
0
0
0
0
0
0
0
0
0
0
0
0
0
0
0
0
0
0
0
0
0
0
0
0
0
0
0
0
0
0
0
0
0
0
0
0
0
0
0
0
0
0
0
0
0
0
0
0
0
0
0
0
0
0
0
0
0
0
0
0
0
0
0
0
0
0
0
0
0
0
0
0
0
0
0
0
0
0
0
0
0
0
0
0
0
0
0
0
0
0
0
0
0
0
0
0
0
0
0
0
0
0
0
0
0
0
0
0
0
0
0
0
0
0
0
0
0
0
0
0
0
0
0
0
0
0
0
0
0
0
0
0
0
0
0
0
0
0
0
0
0
0
0
0
0
0
0
0
0
0
0
0
0
0
0
0
0
0
0
0
0
0
0
0
0
0
0
0
0
0
0
0
0
0
0
0
0
0
0
0
0
0
0
0
0
0
0
0
0
0
0
0
0
0
0
0
0
0
0
0
0
0
0
0
0
0
0
0
0
0
0
0
0
0
0
0
0
0
0
0
0
0
0
0
0
0
0
0
0
0
0
0
0
0
0
0
0
0
0
0
0
0
0
0
0
0
0
0
0
0
0
0
0
0
0
0
0
0
0
0
0
0
0
0
0
0
0
0
0
0
0
0
0
0
0
0
0
0
0
0
0
0
0
0
0
0
0
0
0
0
0
0
0
0
0
0
0
0
0
0
0
0
0
0
0
0
0
0
0
0
0
0
0
0
0
0
0
0
0
0
0
0
0
0
0
0
0
0
0
0
0
0
0
0
0
0
0
0
0
0
0
0
0
0
0
0
0
0
0
0
0
0
0
0
0
0
0
0
0
0
0
0
0
0
0
0
0
0
0
0
0
0
0
0
0
0
0
0
0
0
0
0
0
0
0
0
0
0
0
0
0
0
0
0
0
0
0
0
0
0
0
0
0
0
0
0
0
0
0
0
0
0
0
0
0
0
0
0
0
0
0
0
0
0
0
0
0
0
0
0
0
0
0
0
0
0
0
0
0
0
0
0
0
0
0
0
0
0
0
0
0
0
0
0
0
0
0
0
0
0
0
0
0
0
0
0
0
0
0
0
0
0
0
0
0
0
0
0
0
0
0
0
0
0
0
0
0
0
0
0
0
0
0
0
0
0
0
0
0
0
0
0
0
0
0
0
0
0
0
0
0
0
0
0
0
0
0
0
0
0
0
0
0
0
0
0
0
0
0
0
0
0
0
0
0
0
0
0
0
0
0
0
0
0
0
0
0
0
0
0
0
0
0
0
0
0
0
0
0
0
0
0
0
0
0
0
0
0
0
0
0
0
0
0
0
0
0
0
0
0
0
0
0
0
0
0
0
0
0
0
0
0
0
0
0
0
0
0
0
0
0
0
0
0
0
0
0
0
0
0
0
0
0
0
0
0
0
0
0
0
0
0
0
0
0
0
0
0
0
0
0
0
0
0
0
0
0
0
0
0
0
0
0
0
0
0
0
0
0
0
0
0
0
0
0
0
0
0
0
0
0
0
0
0
0
0
0
0
0
0
0
0
0
0
0
0
0
0
0
0
0
0
0
0
0
0
0
0
0
0
0
0
0
0
0
0
0
0
0
0
0
0
0
0
0
0
0
0
0
0
0
0
0
0
0
0
0
0
0
0
0
0
0
0
0
0
0
0
0
0
0
0
0
0
0
0
0
0
0
0
0
0
0
0
0
0
0
0
0
0
0
0
0
0
0
0
0
0
0
0
0
0
0
0
0
0
0
0
0
0
0
0
0
0
0
0
0
0
0
0
0
0
0
0
0
0
0
0
0
0
0
0
0
0
0
0
0
0
0
0
0
0
0
0
0
0
0
0
0
0
0
0
0
0
0
0
0
0
0
0
0
0
0
0
0
0
0
0
0
0
0
0
0
0
0
0
0
0
0
0
0
0
0
0
0
0
0
0
0
0
0
0
0
0
0
0
0
0
0
0
0
0
0
0
0
0
0
0
0
0
0
0
0
0
0
0
0
0
0
0
0
0
0
0
0
0
0
0
0
0
0
0
0
0
0
0
0
0
0
0
0
0
0
0
0
0
0
0
0
0
0
0
0
0
0
0
0
0
0
0
0
0
0
0
0
0
0
0
0
0
0
0
0
0
0
0
0
0
0
0
0
0
0
0
0
0
0
0
0
0
0
0
0
0
0
0
0
0
0
0
0
0
0
0
0
0
0
0
0
0
0
0
0
0
0
0
0
0
0
0
0
0
0
0
0
0
0
0
0
0
0
0
0
0
0
0
0
0
0
0
0
0
0
0
0
0
0
0
0
0
0
0
0
0
0
0
0
0
0
0
0
0
0
0
0
0
0
0
-1
0
0
0
0
0
0
0
0
0
0
0
0
0
0
0
0
0
0
0
0
0
0
0
0
0
0
0
0
0
0
0
0
0
0
0
0
0
0
0
0
0
0
0
0
0
0
0
0
0
0
0
0
0
0
0
0
0
0
0
0
0
0
0
0
0
0
0
0
0
0
0
0
0
0
0
0
0
0
0
0
0
0
0
0
0
0
0
0
0
0
0
-1
-1
-1
-1
0
0
0
0
0
0
0
0
0
0
0
0
0
0
0
0
0
0
0
0
0
0
0
0
0
0
0
0
0
0
0
0
0
0
0
0
0
0
0
0
0
0
0
0
0
0
0
-1
0
0
0
0
0
0
0
0
0
0
0
0
0
0
0
0
0
0
0
0
0
0
0
0
0
0
0
0
0
0
0
0
0
0
0
0
0
0
0
0
0
0
0
0
0
0
0
0
0
0
0
0
0
0
0
0
0
0
0
0
0
0
0
0
0
0
0
0
0
0
0
0
0
0
0
0
0
0
0
0
0
0
0
0
0
0
0
0
0
0
0
0
0
0
0
0
0
0
0
0
0
0
0
0
0
0
0
0
0
0
0
0
0
0
0
0
0
0
0
0
0
0
0
0
0
0
0
0
0
0
0
0
0
0
0
0
0
0
0
0
0
0
0
0
0
0
0
0
0
0
0
0
0
0
0
0
0
0
0
0
0
0
0
0
0
0
0
0
0
0
0
0
0
0
0
0
0
0
0
0
0
0
0
0
0
0
0
0
0
0
0
0
0
0
0
0
0
0
0
0
0
0
0
0
0
0
0
0
0
0
0
0
0
0
0
0
0
0
0
0
0
0
0
0
0
0
0
0
0
0
0
0
0
0
0
0
0
0
0
0
0
0
0
0
0
0
0
0
0
0
0
0
0
0
0
0
0
0
0
0
0
0
0
0
0
0
0
0
0
0
0
0
0
0
0
0
0
0
0
0
0
0
0
0
0
0
0
0
0
0
0
0
0
0
0
0
0
0
0
0
0
0
0
0
0
0
0
0
0
0
0
0
0
0
0
0
0
0
0
0
0
0
0
0
0
0
0
0
0
0
0
0
0
0
0
0
0
0
0
0
0
0
0
0
0
0
0
0
0
0
0
0
0
0
0
0
0
0
0
0
0
0
0
0
0
0
0
0
0
0
0
0
0
0
0
0
0
0
0
0
0
-1
0
0
0
0
0
0
0
0
0
0
0
0
0
0
0
0
0
0
0
0
0
0
0
0
0
0
0
0
0
0
0
0
0
0
0
0
0
0
0
0
0
0
0
0
0
0
0
0
0
0
0
0
0
0
0
0
0
0
0
0
0
0
0
0
0
0
0
0
0
0
0
0
0
0
0
0
0
0
0
0
0
0
0
0
0
0
0
0
0
0
0
0
0
0
0
0
0
0
0
0
0
0
0
0
0
0
0
0
0
0
0
0
0
0
0
0
0
0
0
0
0
0
0
0
0
0
0
0
0
0
0
0
0
0
0
0
0
0
0
0
0
0
0
0
0
0
0
0
0
0
0
0
0
0
0
0
0
0
0
0
0
0
0
0
0
0
0
0
0
0
0
0
0
0
0
0
0
0
0
0
0
0
0
0
0
0
0
0
0
0
0
0
0
0
0
0
0
0
0
0
0
0
0
0
0
0
0
0
0
0
0
0
0
0
0
0
0
0
0
0
0
0
0
0
0
0
0
0
0
0
0
0
0
0
0
0
0
0
0
0
0
0
0
0
0
0
0
0
0
0
0
0
0
0
0
0
0
0
0
0
0
0
0
0
0
0
0
0
0
0
0
0
0
0
0
0
0
0
0
0
0
0
0
0
0
0
0
0
0
0
0
0
0
0
0
0
0
0
0
0
0
0
0
0
0
0
0
0
0
0
0
0
0
0
0
0
0
0
0
0
0
0
