0
0
0
0
0
0
0
0
0
0
0
0
0
0
0
0
0
0
0
0
0
0
0
0
0
0
0
0
0
0
0
0
0
0
0
0
0
0
0
0
0
0
0
0
0
0
0
0
0
0
0
0
0
0
0
0
0
0
0
0
0
0
0
0
0
0
0
0
0
0
0
0
0
0
0
0
0
0
0
0
0
0
0
0
0
0
0
0
0
0
0
0
0
0
0
0
0
0
0
0
0
0
0
0
0
0
0
0
0
0
0
0
0
0
0
0
0
0
0
0
0
0
0
0
0
0
0
0
0
0
0
0
0
0
0
0
0
0
0
0
0
0
0
0
0
0
0
0
0
0
0
0
0
0
0
0
0
0
0
0
0
0
0
0
0
0
0
0
0
0
0
0
0
0
0
0
0
0
0
0
0
0
0
0
0
0
0
0
0
0
0
0
0
0
0
0
0
0
0
0
0
0
0
0
0
0
0
0
0
0
0
0
0
0
0
0
0
0
0
0
0
0
0
0
0
0
0
0
0
0
0
0
0
0
0
0
0
0
0
0
0
0
0
0
0
0
0
0
0
0
0
0
0
0
0
0
0
0
0
0
0
0
0
0
0
0
0
0
0
0
0
0
0
0
0
0
0
0
0
0
0
0
0
0
0
0
0
0
0
0
0
0
0
0
0
0
0
0
0
0
0
0
0
0
0
0
0
0
0
0
0
0
0
0
0
0
0
0
0
0
0
0
0
0
0
0
0
0
0
0
0
0
0
0
0
0
0
0
0
0
0
0
0
0
0
0
0
0
0
0
0
0
0
0
0
0
0
0
0
0
0
0
0
0
0
0
0
0
0
0
0
0
0
0
0
0
0
0
0
0
0
0
0
0
0
0
0
0
0
0
0
0
0
0
0
0
0
0
0
0
0
0
0
0
0
0
0
0
0
0
0
0
0
0
0
0
0
0
0
0
0
0
0
0
0
0
0
0
0
0
0
0
0
0
0
0
0
0
0
0
0
0
0
0
0
0
0
0
0
0
0
0
0
0
0
0
0
0
0
0
0
0
0
0
0
0
0
0
0
0
0
0
0
0
0
0
0
0
0
0
0
0
0
0
0
0
0
0
0
0
0
0
0
0
0
0
0
0
0
0
0
0
0
0
0
0
0
0
0
0
0
0
0
0
0
0
0
0
0
0
0
0
0
0
0
0
0
0
0
0
0
0
0
0
0
0
0
0
0
0
0
0
0
0
0
0
0
0
0
0
0
0
0
0
0
0
0
0
0
0
0
0
0
0
0
0
0
0
0
0
0
0
0
0
0
0
0
0
0
0
0
0
0
0
0
0
0
0
0
0
0
0
0
0
0
0
0
0
0
0
0
0
0
0
0
0
0
0
0
0
0
0
0
0
0
0
0
0
0
0
0
0
0
0
0
0
0
0
0
0
0
0
0
0
0
0
0
0
0
0
0
0
0
0
0
0
0
0
0
0
0
0
0
0
0
0
0
0
0
0
0
0
0
0
0
0
0
0
0
0
0
0
0
0
0
0
0
0
0
0
0
0
0
0
0
0
0
0
0
0
0
0
0
0
0
0
0
0
0
0
0
0
0
0
0
0
0
0
0
0
0
0
0
0
0
0
0
0
0
0
0
0
0
0
0
0
0
0
0
0
0
0
0
0
0
0
0
0
0
0
0
0
0
0
0
0
0
0
0
0
0
0
0
0
0
0
0
0
0
0
0
0
0
0
0
0
0
0
0
0
0
0
0
0
0
0
0
0
0
0
0
0
0
0
0
0
0
0
0
0
0
0
0
0
0
0
0
0
0
0
0
0
0
0
0
0
0
0
0
0
0
0
0
0
0
0
0
0
0
0
0
0
0
0
0
0
0
0
0
0
0
0
0
0
0
0
0
0
0
0
0
0
0
0
0
0
0
0
0
0
0
0
0
0
0
0
0
0
0
0
0
0
0
0
0
0
0
0
0
0
0
0
0
0
0
0
0
0
0
0
0
0
0
0
0
0
0
0
0
0
0
0
0
0
0
0
0
0
0
0
0
0
0
0
0
0
0
0
0
0
0
0
0
0
0
0
0
0
0
0
0
0
0
0
0
0
0
0
0
0
0
0
0
0
0
0
0
0
0
0
0
0
0
0
0
0
0
0
0
0
0
0
0
0
0
0
0
0
0
0
0
0
0
0
0
0
0
0
0
0
0
0
0
0
0
0
0
0
0
0
0
0
0
0
0
0
0
0
0
0
0
0
0
0
0
0
0
0
0
0
0
0
0
0
0
0
0
0
0
0
0
0
0
0
0
0
0
0
0
0
0
0
0
0
0
0
0
0
0
0
0
0
0
0
0
0
0
0
0
0
0
0
0
0
0
0
0
0
0
0
0
0
0
0
0
0
0
0
0
0
0
0
0
0
0
0
0
0
0
0
0
0
0
0
0
0
0
0
0
0
0
0
0
0
0
0
0
0
0
0
0
0
0
0
0
0
0
0
0
0
0
0
0
0
0
0
0
0
0
0
0
0
0
0
0
0
0
0
0
0
0
0
0
0
0
0
0
0
0
0
0
0
0
0
0
0
0
0
0
0
0
0
0
0
0
0
0
0
0
0
0
0
0
0
0
0
0
0
0
0
0
0
0
0
0
0
0
0
0
0
0
0
0
0
0
0
0
0
0
0
0
0
0
0
0
0
0
0
0
0
0
0
0
0
0
0
0
0
0
0
0
0
0
0
0
0
0
0
0
0
0
0
0
0
0
0
0
0
0
0
0
0
0
0
0
0
0
0
0
0
0
0
0
0
0
0
0
0
0
0
0
0
0
0
0
0
0
0
0
0
0
0
0
0
0
0
0
0
0
0
0
0
0
0
0
0
0
0
0
0
0
0
0
0
0
0
0
0
0
0
0
0
0
0
0
0
0
0
0
0
0
0
0
0
0
0
0
0
0
0
0
0
0
0
0
0
0
0
0
0
0
0
0
0
0
0
0
0
0
0
0
0
0
0
0
0
0
0
0
0
0
0
0
0
0
0
0
0
0
0
0
0
0
0
0
0
0
0
0
0
0
0
0
0
0
0
0
0
0
0
0
0
0
0
0
0
0
0
0
0
0
0
0
0
0
0
0
0
0
0
0
0
0
0
0
0
0
0
0
0
0
0
0
0
0
0
0
0
0
0
0
0
0
0
0
0
0
0
0
0
0
0
0
0
0
0
0
0
0
0
0
0
0
0
0
0
0
0
0
0
0
0
0
0
0
0
0
0
0
0
0
0
0
0
0
0
0
0
0
0
0
0
0
0
0
0
0
0
0
0
0
0
0
0
0
0
0
0
0
0
0
0
0
0
0
0
0
0
0
0
0
0
0
0
0
0
0
0
0
0
0
0
0
0
0
0
0
0
0
0
0
0
0
0
0
0
0
0
0
0
0
0
0
0
0
0
0
0
0
0
0
0
0
0
0
0
0
0
0
0
0
0
0
0
0
0
0
0
0
0
0
0
0
0
0
0
0
0
0
0
0
0
0
0
0
0
0
0
0
0
0
0
0
0
0
0
0
0
0
0
0
0
0
0
0
0
0
0
0
0
0
0
0
0
0
0
0
0
0
0
0
0
0
0
0
0
0
0
0
0
0
0
0
0
0
0
0
0
0
0
0
0
0
0
0
0
0
0
0
0
0
0
0
0
0
0
0
0
0
0
0
0
0
0
0
0
0
0
0
0
0
0
0
0
0
0
0
0
0
0
0
0
0
0
0
0
0
0
0
0
0
0
0
0
0
0
0
0
0
0
0
0
0
0
0
0
0
0
0
0
0
0
0
0
0
0
0
0
0
0
0
0
0
0
0
0
0
0
0
0
0
0
0
0
0
0
0
0
0
0
0
0
0
0
0
0
0
0
0
0
0
0
0
0
0
0
0
0
0
0
0
0
0
0
0
0
0
0
0
0
0
0
0
0
0
0
0
0
0
0
0
0
0
0
0
0
0
0
0
0
0
0
0
0
0
0
0
0
0
0
0
0
0
0
0
0
0
0
0
0
0
0
0
0
0
0
0
0
0
0
0
0
0
0
0
0
0
0
0
0
0
0
0
0
0
0
0
0
0
0
0
0
0
0
0
0
0
0
0
0
0
0
0
0
0
0
0
0
0
0
0
0
0
0
0
0
0
0
0
0
0
0
0
0
0
0
0
0
0
0
0
0
0
0
0
0
0
0
0
0
0
0
0
0
0
0
0
0
0
0
0
0
0
0
0
0
0
0
0
0
0
0
0
0
0
0
0
0
0
0
0
0
0
0
0
0
0
0
0
0
0
0
0
0
0
0
0
0
0
0
0
0
0
0
0
0
0
0
0
0
0
0
0
0
0
0
0
0
0
0
0
0
0
0
0
0
0
0
0
0
0
0
0
0
0
0
0
0
0
0
0
0
0
0
0
0
0
0
0
0
0
0
0
0
0
0
0
0
0
0
0
0
0
0
0
0
0
0
0
0
0
0
0
0
0
0
0
0
0
0
0
0
0
0
0
0
0
0
0
0
0
0
0
0
0
0
0
0
0
0
0
0
0
0
0
0
0
0
0
0
0
0
0
0
0
0
0
0
0
0
0
0
0
0
0
0
0
0
0
0
0
0
0
0
0
0
0
0
0
0
0
0
0
0
0
0
0
0
0
0
0
0
0
0
0
0
0
0
0
0
0
0
0
0
0
0
0
0
0
0
0
0
0
0
0
0
0
0
0
0
0
0
0
0
0
0
0
0
0
0
0
0
0
0
0
0
0
0
0
0
0
0
0
0
0
0
0
0
0
0
0
0
0
0
0
0
0
0
0
0
0
0
0
0
0
0
0
0
0
0
0
0
0
0
0
0
0
0
0
0
0
0
0
0
0
0
0
0
0
0
0
0
0
0
0
0
0
0
0
0
0
0
0
0
0
0
0
0
0
0
0
0
0
0
0
0
0
0
0
0
0
0
0
0
0
0
0
0
0
0
0
0
0
0
0
0
0
0
0
0
0
0
0
0
0
0
0
0
0
0
0
0
0
0
0
0
0
0
0
0
0
0
0
0
0
0
0
0
0
0
0
0
0
0
0
0
0
0
0
0
0
0
0
0
0
0
0
0
0
0
0
0
0
0
0
0
0
0
0
0
0
0
0
0
0
0
0
0
0
0
0
0
0
0
0
0
0
0
0
0
0
0
0
0
0
0
0
0
0
0
0
0
0
0
0
0
0
0
0
0
0
0
0
0
0
0
0
0
0
0
0
0
0
0
0
0
0
0
0
0
0
0
0
0
0
0
0
0
0
0
0
0
0
0
0
0
0
0
0
0
0
0
0
0
0
0
0
0
0
0
0
0
0
0
0
0
0
0
0
0
0
0
0
0
0
0
0
0
0
0
0
0
0
0
0
0
0
0
0
0
0
0
0
0
0
0
0
0
0
0
0
0
0
0
0
0
0
0
0
0
0
0
0
0
0
0
0
0
0
0
0
0
0
0
0
0
0
0
0
0
0
0
0
0
0
0
0
0
0
0
0
0
0
0
0
0
0
0
0
0
0
0
0
0
0
0
0
0
0
0
0
0
0
0
0
0
0
0
0
0
0
0
0
0
0
0
0
0
0
0
0
0
0
0
0
0
0
0
0
0
0
0
0
0
0
0
0
0
0
0
0
0
0
0
0
0
0
0
0
0
0
0
0
0
0
0
0
0
0
0
0
0
0
0
0
0
0
0
0
0
0
0
0
0
0
0
0
0
0
0
0
0
0
0
0
0
0
0
0
0
0
0
0
0
0
0
0
0
0
0
0
0
0
0
0
0
0
0
0
0
0
0
0
0
0
0
0
0
0
0
0
0
0
0
0
0
0
0
0
0
0
0
0
0
0
0
0
0
0
0
0
0
0
0
0
0
0
0
0
0
0
0
0
0
0
0
0
0
0
0
0
0
0
0
0
0
0
0
0
0
0
0
0
0
0
0
0
0
0
0
0
0
0
0
0
0
0
0
0
0
0
0
0
0
0
0
0
0
0
0
0
0
0
0
0
0
0
0
0
0
0
0
0
0
0
0
0
0
0
0
0
0
0
0
0
0
0
0
0
0
0
0
0
0
0
0
0
0
0
0
0
0
0
0
0
0
0
0
0
0
0
0
0
0
0
0
0
0
0
0
0
0
0
0
0
0
0
0
0
0
0
0
0
0
0
0
0
0
0
0
0
0
0
0
0
0
0
0
0
0
0
0
0
0
0
0
0
0
0
0
0
0
0
0
0
0
0
0
0
0
0
0
0
0
0
0
0
0
0
0
0
0
0
0
0
0
0
0
0
0
0
0
0
0
0
0
0
0
0
0
0
0
0
0
0
0
0
0
0
0
0
0
0
0
0
0
0
0
0
0
0
0
0
0
0
0
0
0
0
0
0
0
0
0
0
0
0
0
0
0
0
0
0
0
0
0
0
0
0
0
0
0
0
0
0
0
0
0
0
0
0
0
0
0
0
0
0
0
0
0
0
0
0
0
0
0
0
0
0
0
0
0
0
0
0
0
0
0
0
0
0
0
0
0
0
0
0
0
0
0
0
0
0
0
0
0
0
0
0
0
0
0
0
0
0
0
0
0
0
0
0
0
0
0
0
0
0
0
0
0
0
0
0
0
0
0
0
0
0
0
0
0
0
0
0
0
0
0
0
0
0
0
0
0
0
0
0
0
0
0
0
0
0
0
0
0
0
0
0
0
0
0
0
0
0
0
0
0
0
0
0
0
0
0
0
0
0
0
0
0
0
0
0
0
0
0
0
0
0
0
0
0
0
0
0
0
0
0
0
0
0
0
0
0
0
0
0
0
0
0
0
0
0
0
0
0
0
0
0
0
0
0
0
0
0
0
0
0
0
0
0
0
0
0
0
0
0
0
0
0
0
0
0
0
0
0
0
0
0
0
0
0
0
0
0
0
0
0
0
0
0
0
0
0
0
0
0
0
0
0
0
0
0
0
0
0
0
0
1
<<<<<<< Updated upstream
0
0
0
=======
1
0
0
>>>>>>> Stashed changes
1
2
1
0
<<<<<<< Updated upstream
1
=======
0
0
>>>>>>> Stashed changes
1
1
1
2
2
2
2
2
1
1
1
2
2
1
1
1
0
0
-1
-1
-1
-1
-1
0
1
1
1
1
1
0
0
-1
-2
-2
-1
-1
-1
-1
<<<<<<< Updated upstream
0
0
1
1
1
1
0
0
=======
>>>>>>> Stashed changes
-1
-1
-2
-1
-1
-1
-1
-2
-1
-1
-1
-1
-1
-1
-1
-1
-1
-1
-1
-1
-1
-1
-1
-1
-1
-1
-1
-1
-1
-1
-1
-1
-1
-1
-1
-1
-1
-1
-1
-1
-1
-1
-1
-1
-1
<<<<<<< Updated upstream
-1
-1
-1
-1
-1
-1
-2
-2
-2
-2
-2
-1
-1
-1
-2
-1
-1
-1
-2
-2
-1
-1
-1
-1
-1
-1
-2
-2
-1
-1
-1
-1
-2
-2
-1
-1
-1
-2
-2
-1
-1
-2
-2
-2
-2
-1
-1
-1
-1
-2
-2
-2
-2
-2
-2
-2
-2
-1
-1
-1
-1
-1
-1
-2
-2
-2
-2
-2
-2
-2
-2
-2
-2
-2
-2
-2
-3
-2
-2
-3
-3
-2
-2
-2
-2
-2
-2
-2
-2
-2
-2
-2
-2
-2
-2
-2
-2
-2
-1
-1
-2
-2
-2
-2
-2
-2
-2
-2
-2
-2
-2
-2
-2
-1
-1
-2
-2
-2
-2
-1
-1
-1
-1
=======
>>>>>>> Stashed changes
-2
-2
-2
-2
-1
-1
-1
-1
-2
-2
-1
-1
-2
-2
-2
-1
-1
-2
-1
-1
-1
-2
-2
-2
-1
-1
-1
-2
-2
-2
-2
-2
-2
-2
-2
-2
-2
-2
-2
-2
-2
<<<<<<< Updated upstream
=======
-1
-1
-1
>>>>>>> Stashed changes
-2
-2
-2
-2
-2
-2
-2
-2
<<<<<<< Updated upstream
-2
-2
-2
-2
-2
-2
-2
-2
-2
-2
-2
-2
-3
-2
-2
-2
=======
-1
-1
-1
-1
-2
-2
-2
-3
-2
-2
-2
-2
-2
-2
-2
-2
-2
-2
-2
-3
-3
-2
-3
-3
-3
-3
-2
-2
-2
-2
-2
-2
-2
-2
-2
-2
-2
-2
-2
-2
-2
-1
-2
-2
-2
-2
-2
-2
-2
-2
-2
-2
-1
-1
-1
-1
-1
-1
-2
-2
-2
-2
-2
-1
-1
-1
-2
-2
-2
-2
-1
-1
-1
-2
-2
-2
-2
-2
-2
-2
-2
-2
-2
-2
-2
-2
-2
-2
-2
-2
-2
-2
-2
-2
-2
-2
-2
-2
-3
-3
-3
-2
-2
>>>>>>> Stashed changes
-2
-2
-2
-2
-1
-1
-2
-3
-3
-2
-1
-2
-2
-2
-1
0
-1
-2
-2
<<<<<<< Updated upstream
-2
=======
-1
0
-1
-1
>>>>>>> Stashed changes
-1
-1
-2
-2
<<<<<<< Updated upstream
-1
-1
-1
-1
-1
-1
-2
=======
>>>>>>> Stashed changes
-2
-2
-2
-2
-2
-2
-2
-2
-2
<<<<<<< Updated upstream
-2
-1
-1
-2
-2
-2
-2
-2
-2
=======
-1
>>>>>>> Stashed changes
-1
-1
-1
-2
-1
<<<<<<< Updated upstream
0
0
=======
>>>>>>> Stashed changes
-1
-1
-2
-2
-2
-1
-1
0
-1
-1
-1
-1
-1
-1
<<<<<<< Updated upstream
=======
-1
-1
0
-1
-1
>>>>>>> Stashed changes
-1
0
0
-1
-2
-1
0
1
0
0
0
-1
-1
-1
0
0
0
1
1
1
1
1
1
0
0
0
0
1
2
2
2
2
2
2
3
3
2
2
2
<<<<<<< Updated upstream
1
1
=======
>>>>>>> Stashed changes
2
2
2
2
2
2
2
2
2
2
1
1
1
2
2
2
2
2
2
1
2
2
1
1
1
1
2
2
2
2
2
2
2
1
1
1
1
2
2
2
2
2
<<<<<<< Updated upstream
2
3
3
3
=======
>>>>>>> Stashed changes
3
3
3
3
3
3
3
3
3
3
4
4
4
4
<<<<<<< Updated upstream
3
3
=======
4
4
3
4
4
4
4
>>>>>>> Stashed changes
4
4
4
3
3
4
4
4
3
3
3
3
2
2
2
2
2
2
2
<<<<<<< Updated upstream
2
=======
3
3
3
>>>>>>> Stashed changes
2
3
3
3
3
3
3
3
3
3
<<<<<<< Updated upstream
=======
3
3
3
3
3
3
3
4
4
>>>>>>> Stashed changes
3
3
3
3
3
3
3
3
3
3
3
3
<<<<<<< Updated upstream
3
3
3
3
=======
>>>>>>> Stashed changes
3
3
3
3
3
3
3
3
3
2
2
2
2
2
2
2
2
2
2
2
2
2
2
2
3
3
3
<<<<<<< Updated upstream
2
2
=======
3
3
3
3
>>>>>>> Stashed changes
2
2
1
1
1
2
2
2
2
2
2
2
2
2
<<<<<<< Updated upstream
=======
3
>>>>>>> Stashed changes
2
2
3
3
2
2
2
2
2
2
3
3
2
2
2
2
2
2
2
2
2
2
1
1
<<<<<<< Updated upstream
1
2
2
2
1
0
1
2
2
2
2
2
2
2
2
2
2
2
2
2
2
2
2
2
2
2
2
2
2
2
2
2
=======
2
3
3
2
1
1
2
2
2
2
2
2
2
3
3
2
2
2
2
2
2
2
2
2
2
2
2
1
2
3
2
0
0
1
2
2
1
2
2
2
1
0
1
1
1
1
2
2
2
2
2
1
1
1
1
1
1
1
1
>>>>>>> Stashed changes
1
1
2
3
2
1
2
2
2
0
0
0
0
1
1
2
2
1
0
0
0
0
0
0
1
1
1
1
0
0
0
0
0
0
0
0
1
1
2
2
2
2
1
1
1
1
1
1
1
1
1
0
0
0
0
-1
-1
-1
0
0
0
-1
-1
-1
-1
-1
-1
0
<<<<<<< Updated upstream
0
1
2
2
1
0
0
0
0
0
1
1
2
1
1
1
0
0
0
0
0
0
0
1
1
1
0
0
0
0
0
-1
-1
-1
0
0
0
-1
0
0
-1
-2
-1
0
=======
>>>>>>> Stashed changes
0
-1
-2
-2
-2
-1
-1
-1
-2
<<<<<<< Updated upstream
-3
-3
=======
-2
>>>>>>> Stashed changes
-2
-2
-2
-2
<<<<<<< Updated upstream
=======
-2
>>>>>>> Stashed changes
-1
0
0
-1
-1
-1
-1
-2
-2
-1
-1
-2
-1
-2
-1
-1
-2
-2
-2
-2
-2
-2
-2
-2
-3
-3
-3
-3
-2
-2
-2
<<<<<<< Updated upstream
-3
-3
=======
-2
-2
-2
>>>>>>> Stashed changes
-2
-2
-2
-2
-2
-2
<<<<<<< Updated upstream
-2
-2
-2
-2
-2
-2
-1
-1
-1
-1
-2
-1
-2
-2
-2
-2
-1
-1
-1
-1
-1
-2
-2
=======
-1
-1
-1
-2
-2
-2
>>>>>>> Stashed changes
-1
-1
-1
-1
<<<<<<< Updated upstream
0
1
=======
-1
0
-1
-2
-2
-1
-1
-1
-1
-1
-1
-1
-1
-1
0
0
0
0
0
1
0
0
0
0
0
-1
0
0
0
-1
0
0
0
-1
-1
-1
0
0
0
0
-1
-1
-1
0
0
-1
-1
-1
0
0
0
0
0
-1
-1
0
1
1
2
2
1
0
0
0
1
1
0
0
0
0
>>>>>>> Stashed changes
1
0
0
0
0
0
-1
-1
-1
-1
-1
-1
0
0
-1
-2
-1
-1
0
0
0
-1
-2
-1
-1
-1
-1
-2
-1
-1
0
0
0
0
-1
-1
-1
0
1
1
<<<<<<< Updated upstream
1
1
1
0
1
1
1
1
1
1
1
1
1
1
0
-1
-1
0
1
0
=======
>>>>>>> Stashed changes
0
0
0
-1
-2
-2
-2
-1
-1
0
0
0
-1
0
0
0
0
0
0
-1
-2
-2
-2
-1
-1
-1
-1
-1
-1
<<<<<<< Updated upstream
-1
-1
0
=======
-2
-2
-2
-1
0
0
-1
-1
-1
-1
-1
-1
-1
>>>>>>> Stashed changes
-1
-1
0
0
0
-1
-1
0
0
-1
-1
-1
0
-1
-1
<<<<<<< Updated upstream
-2
-1
-1
-1
-1
-1
-1
=======
>>>>>>> Stashed changes
-1
-1
-2
-2
<<<<<<< Updated upstream
-1
-1
-1
-2
=======
>>>>>>> Stashed changes
-2
-1
-1
-1
-1
-1
<<<<<<< Updated upstream
-1
-1
=======
0
-1
-1
-2
>>>>>>> Stashed changes
-2
-2
-2
-2
-2
-1
-1
0
0
-1
-1
-1
-2
-3
-4
<<<<<<< Updated upstream
-3
-3
-3
-3
-3
-3
-2
-2
-2
-2
-2
-3
-3
-3
-3
-3
-3
-2
-2
-2
-2
-3
-3
-2
-2
-2
-2
-2
-3
-3
-4
-4
-4
-3
=======
-4
>>>>>>> Stashed changes
-3
-3
-4
-4
-3
-3
-3
-3
-3
-3
-3
-3
-4
-4
<<<<<<< Updated upstream
-5
-5
-4
-4
-4
-5
-4
-4
=======
-3
-3
-3
-2
-2
-2
-3
-4
-4
-3
-3
-3
-3
-3
-3
-3
-4
-4
-4
-4
-3
-3
-4
-4
-3
-3
-3
-3
-3
-4
-3
-3
-4
>>>>>>> Stashed changes
-5
-6
-6
-5
-5
-5
-6
-5
-5
<<<<<<< Updated upstream
-4
-5
-5
-5
=======
>>>>>>> Stashed changes
-5
-6
-6
-5
-5
-5
-5
-5
-4
-5
-5
-5
-5
-5
-5
-5
<<<<<<< Updated upstream
=======
-5
-5
-5
-5
-5
-6
-7
-7
-7
-6
-6
-5
-5
-6
-7
-6
-6
-5
-6
>>>>>>> Stashed changes
-6
-5
-5
-6
-7
-7
-7
<<<<<<< Updated upstream
-6
-6
-5
-5
-6
-6
-6
-6
-5
-6
-6
-5
-5
=======
>>>>>>> Stashed changes
-7
-7
-7
-7
-7
-7
-7
-7
-7
-7
-7
-7
-8
-8
-7
-7
-7
<<<<<<< Updated upstream
-7
-7
-7
-8
-7
-7
=======
-6
>>>>>>> Stashed changes
-6
-6
-6
-6
-7
-6
-6
-7
-7
-8
-8
-8
<<<<<<< Updated upstream
-8
=======
>>>>>>> Stashed changes
-7
-6
-7
-8
-9
-9
-8
-7
-7
-7
-8
<<<<<<< Updated upstream
-8
-8
-7
-6
-7
-8
-8
-8
-8
-8
-8
-8
-7
-7
-7
-7
-7
-6
-7
-8
-9
-8
-7
-6
-6
-7
=======
-9
-8
-7
-7
-7
-8
-9
-9
-8
-8
-8
-8
>>>>>>> Stashed changes
-7
-8
-8
-7
-6
-6
-7
-7
-7
-8
-8
-8
-7
<<<<<<< Updated upstream
-6
-6
=======
-8
-8
-9
-9
-8
-7
-7
-7
-7
-7
-7
-7
-6
-6
-7
-7
-8
-8
-7
-7
-6
-6
-6
-7
-7
-7
-6
-7
-7
-6
-6
-6
-6
-6
-5
-5
-6
-6
-6
-6
-6
-7
-7
-7
-7
-7
-7
>>>>>>> Stashed changes
-7
-7
-6
-6
-6
-6
-6
-6
<<<<<<< Updated upstream
-6
-6
-6
=======
>>>>>>> Stashed changes
-5
-5
-6
-6
-6
<<<<<<< Updated upstream
-6
-6
-7
-7
-7
-7
-7
-6
-6
-7
-6
-6
-6
=======
>>>>>>> Stashed changes
-5
-5
-5
-5
-5
-5
<<<<<<< Updated upstream
-6
-6
-6
-6
=======
-4
-4
-4
-5
-5
-5
>>>>>>> Stashed changes
-5
-5
-5
-5
-4
-4
-4
-4
<<<<<<< Updated upstream
-5
=======
-3
-4
>>>>>>> Stashed changes
-5
-5
-5
-5
-5
<<<<<<< Updated upstream
-4
-4
-4
-4
-4
-4
-4
-5
-5
-5
-5
-5
-4
=======
-5
>>>>>>> Stashed changes
-4
-4
-4
-4
-4
-4
-4
-4
-3
-3
-4
-4
-4
-4
-4
<<<<<<< Updated upstream
-5
-4
-4
-4
=======
-4
-4
-4
-3
-3
-4
>>>>>>> Stashed changes
-4
-4
-4
-3
-3
-3
-3
-3
-3
-3
-4
-4
-4
-3
-2
-2
-2
-2
-2
-1
-1
-1
-1
-2
-1
-1
-1
-2
-2
<<<<<<< Updated upstream
-2
-2
=======
-1
-1
>>>>>>> Stashed changes
-2
-2
-2
-1
-1
-1
<<<<<<< Updated upstream
-2
-1
0
0
0
=======
-1
-1
-1
-1
>>>>>>> Stashed changes
-1
-1
-1
-1
-2
-2
-1
0
0
0
0
-1
-1
-1
0
<<<<<<< Updated upstream
=======
1
>>>>>>> Stashed changes
0
0
0
0
0
1
1
1
0
0
0
0
0
<<<<<<< Updated upstream
0
0
1
1
1
1
1
1
=======
>>>>>>> Stashed changes
1
1
1
1
1
0
<<<<<<< Updated upstream
0
0
1
2
2
2
1
2
2
=======
1
1
1
2
2
2
1
1
1
2
3
3
2
2
2
2
3
3
>>>>>>> Stashed changes
3
3
2
3
3
2
3
4
5
4
4
4
4
5
5
4
4
5
5
5
5
5
<<<<<<< Updated upstream
=======
5
5
6
6
6
6
7
7
7
6
6
>>>>>>> Stashed changes
6
6
6
6
7
7
7
<<<<<<< Updated upstream
6
6
6
7
6
6
7
8
=======
7
7
7
6
7
>>>>>>> Stashed changes
8
8
8
7
7
<<<<<<< Updated upstream
7
8
9
8
8
=======
>>>>>>> Stashed changes
8
9
9
9
9
9
9
9
<<<<<<< Updated upstream
10
10
=======
9
>>>>>>> Stashed changes
10
10
10
10
10
10
<<<<<<< Updated upstream
10
10
=======
9
9
>>>>>>> Stashed changes
10
10
10
11
11
11
11
11
<<<<<<< Updated upstream
11
10
11
11
11
11
11
11
11
11
11
=======
>>>>>>> Stashed changes
11
11
11
11
11
11
11
11
11
11
11
11
12
12
12
12
12
11
11
12
12
12
12
12
11
11
12
12
11
11
11
11
11
11
<<<<<<< Updated upstream
12
12
11
10
10
11
11
11
11
=======
12
12
12
12
11
11
11
11
11
11
10
10
10
10
>>>>>>> Stashed changes
10
10
10
10
10
<<<<<<< Updated upstream
=======
9
9
>>>>>>> Stashed changes
10
10
10
10
9
9
<<<<<<< Updated upstream
10
10
10
=======
9
9
9
9
9
9
>>>>>>> Stashed changes
9
9
9
9
9
9
9
9
9
9
9
9
9
<<<<<<< Updated upstream
9
9
9
9
9
9
9
9
9
9
9
9
=======
9
9
9
8
8
8
8
>>>>>>> Stashed changes
8
8
8
8
8
8
8
8
8
7
7
7
7
7
7
7
7
7
7
8
8
8
7
7
<<<<<<< Updated upstream
7
=======
8
8
7
7
8
>>>>>>> Stashed changes
8
7
7
7
6
6
6
7
7
7
6
6
7
8
7
6
6
7
7
7
6
6
6
6
6
6
6
6
6
6
7
7
7
6
7
7
8
7
7
7
7
7
7
7
7
6
6
6
<<<<<<< Updated upstream
5
=======
7
7
7
7
7
7
7
6
6
>>>>>>> Stashed changes
5
5
5
5
5
5
5
5
5
5
5
4
5
5
5
5
4
4
4
5
5
4
4
5
5
4
4
5
4
4
5
5
4
4
4
5
5
4
5
5
<<<<<<< Updated upstream
5
5
5
4
4
4
4
5
5
5
5
5
5
5
=======
>>>>>>> Stashed changes
4
4
4
5
5
4
4
<<<<<<< Updated upstream
4
3
4
4
4
=======
>>>>>>> Stashed changes
3
3
4
3
3
<<<<<<< Updated upstream
4
=======
3
4
4
3
3
>>>>>>> Stashed changes
4
4
4
3
3
3
3
3
3
3
3
<<<<<<< Updated upstream
=======
3
3
2
2
2
2
>>>>>>> Stashed changes
2
2
2
2
2
2
2
2
1
1
<<<<<<< Updated upstream
=======
2
2
2
2
2
1
1
1
1
1
2
1
>>>>>>> Stashed changes
1
1
1
1
1
<<<<<<< Updated upstream
2
1
=======
>>>>>>> Stashed changes
1
1
1
1
1
1
1
1
1
1
1
1
1
1
1
1
0
0
0
0
0
0
0
0
-1
-2
-2
-2
-2
-2
-2
-1
-1
-1
-1
-1
-2
-2
-2
-2
-2
-3
-3
-3
-2
-3
-3
-3
-3
-3
-3
-3
-4
-4
-3
-3
-3
-3
-4
-4
-4
-4
-4
-5
-5
-5
-5
-5
-5
-5
-5
-4
-5
-5
-5
-5
-5
-6
-6
-5
-6
-6
-6
-6
-6
-6
-6
-6
-7
-7
-7
-7
-7
-7
-7
-6
<<<<<<< Updated upstream
=======
-6
-7
-7
-7
-6
-6
-6
-6
-6
>>>>>>> Stashed changes
-7
-7
-8
-7
-7
-7
<<<<<<< Updated upstream
-7
-7
-7
-7
-8
=======
>>>>>>> Stashed changes
-8
-7
-7
-8
-9
-9
-9
-9
-8
-8
-8
-7
-7
-8
-9
-9
-9
-9
-9
-9
-9
-9
-9
-9
-8
-8
-9
-9
-9
-9
-9
-9
-10
-9
-9
-9
-9
-9
-9
-9
-10
-9
-8
-8
-9
-9
-9
-9
-9
-9
<<<<<<< Updated upstream
-10
-9
-9
-9
=======
>>>>>>> Stashed changes
-9
-8
-8
-8
<<<<<<< Updated upstream
-9
-9
-9
-9
-9
-9
-9
-9
-9
-9
-9
=======
-8
-7
-7
-8
>>>>>>> Stashed changes
-9
-9
-9
-8
-8
-8
-8
<<<<<<< Updated upstream
-8
-9
-9
=======
-7
-7
-8
-8
-7
-7
-7
-8
-8
-8
-7
-7
>>>>>>> Stashed changes
-8
-7
-7
-7
-7
-7
-6
-7
-7
<<<<<<< Updated upstream
-7
-6
-7
-7
-7
-7
-7
-8
=======
>>>>>>> Stashed changes
-8
-7
-7
-7
-7
<<<<<<< Updated upstream
-6
-6
-6
=======
-7
-7
-7
-7
-7
>>>>>>> Stashed changes
-7
-7
-7
-7
-6
-6
-6
-6
-6
-6
<<<<<<< Updated upstream
-6
-6
-6
-7
-7
-7
-6
-6
-6
=======
-5
-5
-5
-5
-5
-5
-5
-5
-5
-5
-4
-4
-5
-4
-4
-4
-4
-5
-5
-5
-5
-5
-5
-5
-5
-5
-4
-4
-4
-4
-4
-4
-4
-5
-5
-5
-5
-4
-4
-5
-5
-5
-5
-5
-5
-5
-5
-5
-5
-5
-5
-5
-5
-5
-4
-4
-5
-5
-5
-5
-5
-5
-5
-5
-5
-5
-5
-5
-5
-5
-5
-5
-5
-5
-5
-5
-5
-5
-5
-5
-5
-6
-6
-5
-5
-5
-5
>>>>>>> Stashed changes
-6
-5
-5
-5
-5
-5
-5
<<<<<<< Updated upstream
=======
-4
-4
-5
-6
-6
-6
-6
-6
>>>>>>> Stashed changes
-5
-5
-5
-4
-4
<<<<<<< Updated upstream
-4
-4
-4
-4
-4
-4
-4
-4
-4
=======
-5
-6
-6
>>>>>>> Stashed changes
-5
-4
-5
-5
-5
<<<<<<< Updated upstream
-5
-5
=======
-4
-4
>>>>>>> Stashed changes
-4
-4
-3
-4
-4
-4
-4
<<<<<<< Updated upstream
-5
-5
-5
-5
-4
-4
-5
-5
-5
-5
-5
-5
-5
-5
-5
-5
-5
-5
-5
-5
-5
-4
-4
-4
-5
-5
-5
-5
-5
-5
-5
-5
-5
-6
-5
-5
-5
-5
-5
-5
-5
-5
-6
-6
-5
-5
-5
-5
-6
-6
-6
-5
-5
-5
-5
-5
-5
-5
-5
-5
-4
-4
-4
-5
-5
-5
-6
-5
-5
-5
-5
-5
-4
-4
-5
-6
-5
-4
-3
-4
-4
-4
-3
-3
-4
=======
-4
-5
>>>>>>> Stashed changes
-4
-3
-3
-3
<<<<<<< Updated upstream
-4
-4
-4
-4
-4
-3
-2
-2
=======
-3
-4
-5
-4
-3
-2
-3
-5
-5
-4
-4
-3
-3
>>>>>>> Stashed changes
-2
-3
-3
-3
-3
-2
<<<<<<< Updated upstream
-3
-4
-5
-4
-3
-3
-2
=======
>>>>>>> Stashed changes
-2
-2
-3
-3
-2
<<<<<<< Updated upstream
-2
-1
-2
-2
-3
-2
-1
0
=======
-1
0
0
>>>>>>> Stashed changes
-1
-2
-2
-2
-1
-1
<<<<<<< Updated upstream
-1
=======
>>>>>>> Stashed changes
0
-1
-1
-2
-1
-1
-1
<<<<<<< Updated upstream
-1
=======
>>>>>>> Stashed changes
0
0
0
0
0
0
0
0
<<<<<<< Updated upstream
1
1
1
2
2
2
0
0
0
0
0
0
=======
0
0
0
0
2
2
2
1
>>>>>>> Stashed changes
0
1
1
1
1
1
1
<<<<<<< Updated upstream
2
2
2
2
2
=======
1
1
1
1
1
>>>>>>> Stashed changes
1
2
2
3
2
2
<<<<<<< Updated upstream
=======
2
>>>>>>> Stashed changes
3
4
3
3
3
3
3
<<<<<<< Updated upstream
=======
3
3
3
3
3
4
4
3
3
3
4
4
4
3
>>>>>>> Stashed changes
4
4
5
4
<<<<<<< Updated upstream
3
3
5
5
4
4
4
5
5
5
4
4
=======
4
3
3
4
5
5
5
3
3
4
4
4
4
4
4
4
4
4
4
4
3
3
3
4
3
3
3
3
3
2
3
3
2
2
1
2
1
2
3
5
5
5
6
6
5
3
2
2
3
2
2
2
2
0
-1
-1
0
0
1
2
2
1
0
-1
0
0
1
2
3
3
2
1
-1
-1
-1
0
0
0
0
1
0
-1
-2
-2
-2
-1
-1
0
0
0
0
1
2
2
3
4
4
2
-1
-4
-6
-7
-7
-6
-5
-3
-2
-1
-1
-2
-3
-3
-2
-1
-2
-3
-3
-3
-3
-3
-3
-2
-2
-2
-2
-2
-3
-5
-5
-5
-3
-2
-1
-1
-1
-2
-4
-4
-4
-3
-2
-1
0
1
0
0
0
-1
-1
-1
-2
-2
-3
-4
-5
-6
-6
-4
-2
1
2
2
2
1
0
-2
-3
-4
-3
-3
-4
-4
-3
-2
-2
-3
-2
0
0
0
-2
-2
-2
-2
-2
-1
0
2
2
3
2
1
-1
-1
0
0
0
1
3
4
3
2
1
1
0
0
-1
-1
-1
0
1
2
4
5
6
7
7
6
5
3
1
0
0
1
2
2
2
2
2
2
4
6
8
8
8
6
5
3
2
2
3
5
6
7
7
6
4
2
0
0
2
>>>>>>> Stashed changes
4
5
6
6
5
<<<<<<< Updated upstream
4
4
4
4
4
5
5
5
5
5
5
5
4
3
3
4
4
4
4
4
4
3
3
4
5
4
4
3
3
3
2
3
4
5
5
5
5
4
2
2
2
2
2
3
3
3
2
1
1
1
0
0
1
1
0
-1
-2
-1
-1
0
2
4
4
3
2
1
0
0
0
-1
-1
0
0
0
-1
-2
-2
-2
-2
-2
-1
0
0
0
0
0
0
1
1
1
0
-1
-2
-4
-5
-5
-5
-4
-3
-2
0
0
-1
-2
-3
-3
-2
-3
-3
-3
-2
-2
-2
-2
-3
-4
-5
-5
-5
-5
-6
-7
-7
-5
-4
-2
-1
1
2
2
1
0
0
0
0
-1
-1
-1
-2
-2
-3
-4
-4
-5
-4
-4
-3
-3
-3
-3
-2
-1
0
0
0
0
-1
-1
-2
-3
-4
-4
-4
-4
-3
-2
0
0
-1
-1
-1
-2
-3
-3
-2
-1
-1
-1
0
0
0
0
1
2
1
-1
-2
-2
-2
-3
-2
0
2
2
3
3
4
3
2
0
0
-1
0
1
2
3
4
4
4
5
5
6
6
6
5
4
3
2
0
-2
-3
-3
-2
-2
-1
1
2
2
2
3
5
7
=======
5
4
5
7
8
7
7
8
8
8
9
11
13
14
14
12
9
4
-1
-5
-6
-5
-2
3
8
10
10
9
7
6
7
9
11
12
12
10
8
5
2
2
5
8
10
10
>>>>>>> Stashed changes
9
10
11
11
10
9
8
6
<<<<<<< Updated upstream
4
2
1
1
2
2
2
2
2
2
4
5
6
5
3
2
2
3
5
7
10
13
14
14
12
9
5
2
0
-1
0
2
4
5
6
6
6
6
8
9
9
9
8
7
5
3
2
0
1
2
4
5
5
5
4
5
5
7
10
13
15
14
12
8
5
2
2
2
4
5
6
5
3
3
5
9
10
11
10
7
3
0
-2
-3
-3
0
5
9
10
8
5
3
1
1
4
7
8
7
4
1
0
2
5
9
9
7
3
1
0
1
2
4
5
6
9
13
14
11
5
0
1
3
5
6
5
4
3
4
7
8
6
2
0
0
2
4
6
6
2
-4
-9
-10
-10
-8
-2
4
6
5
3
4
3
-2
-7
-9
-5
2
9
12
9
2
0
3
8
8
5
3
2
4
4
4
4
4
3
0
-4
-6
-5
-2
1
2
2
3
2
-1
-5
-5
0
4
1
-7
-11
-8
-2
1
4
5
5
1
-2
-2
-3
-6
-9
-6
-2
1
0
-2
-3
-5
-6
-5
-5
-4
-2
2
1
-3
-5
0
3
1
-2
-2
2
2
-2
-4
-2
-2
-4
-5
-4
-3
-2
-1
-2
-3
-3
-3
-3
-2
3
7
7
7
9
9
0
-16
-24
-17
-5
-2
-7
-11
-11
-10
-11
-13
-13
-12
-9
-9
-13
-18
-21
-20
-16
-9
-3
-6
-17
-24
-17
-5
-3
-9
-12
-2
5
-1
-13
-19
-13
-3
2
-1
-7
-11
-10
-8
-6
-5
-4
-5
-9
-12
-9
-2
5
6
-1
-10
-9
1
6
-1
-12
-9
4
8
-6
-23
-26
-15
-6
-6
-11
-17
-20
-19
-16
-14
-14
-16
-17
-17
-13
-10
-10
-12
-5
5
6
-9
-25
-25
-13
-7
-13
-20
-21
-18
-16
-14
-10
-8
-8
-7
-7
-10
-15
-19
-19
-16
-12
-11
-16
-22
-20
-9
2
2
-2
-2
1
-1
-3
1
6
4
-5
-10
-7
-3
-2
-2
-1
0
-1
-2
-4
-7
-8
-5
-4
-12
-21
-20
-9
2
4
3
2
-2
-10
-16
-15
-10
-9
-12
-10
0
9
9
1
-4
-6
-6
-4
2
11
17
17
14
7
-2
-10
-11
-4
8
20
25
11
-30
-82
-109
-93
-46
-5
6
-13
-48
-76
-80
-53
0
72
151
211
220
171
90
8
-63
-118
-139
-112
-56
-8
6
-6
-24
-33
-23
4
34
45
32
5
-22
-41
-47
-39
-26
-20
-18
-8
13
31
34
27
24
28
34
40
43
38
27
20
22
21
10
-2
-4
1
2
5
19
32
20
-14
-33
-21
-4
-3
-8
-1
5
-13
-45
-56
-42
-32
-37
-36
-19
-9
-25
-45
-41
-16
4
8
5
-3
-17
-30
-27
-9
10
15
9
1
0
5
16
31
43
43
29
11
7
22
40
45
39
31
26
21
13
9
16
31
45
43
30
18
18
23
23
22
22
21
12
-4
-13
-9
0
5
0
-16
-34
-39
-23
-2
2
-1
5
10
-2
-21
-27
-24
-35
-56
-57
-29
-9
-33
-89
-143
-169
-156
-102
-27
11
-35
-156
-265
-250
-50
270
534
586
416
168
11
9
90
135
97
31
-2
-12
-42
-79
-59
23
79
46
-28
-58
-34
4
38
51
-8
-128
-198
-124
30
102
29
-95
-137
-68
39
105
104
61
16
-16
-44
-51
9
105
107
-47
-229
-258
-132
-22
-58
-189
-259
-188
-43
28
-53
-224
-338
-305
-166
-16
92
136
70
-97
-230
-189
-4
149
145
20
-106
-146
-93
5
79
77
-10
-120
-147
-24
187
317
234
-12
-208
-182
25
209
205
33
-127
-89
130
289
195
-49
-164
-36
179
258
112
-155
-306
-141
264
522
322
-150
-368
-107
294
409
198
-108
-318
-307
-12
375
453
85
-351
-393
-69
205
208
99
39
-30
-144
-142
62
252
148
-216
-445
-184
432
790
433
-349
-775
-441
259
648
479
0
-443
-618
-363
252
742
588
-90
-594
-479
-30
209
113
-26
-8
37
-79
-270
-276
-18
261
262
-29
-329
-360
-125
158
295
221
-37
-319
-365
-70
311
387
60
-369
-515
-248
230
543
410
-90
-512
-463
-30
333
363
206
66
-78
-241
-231
77
422
410
32
-298
-264
5
186
162
72
74
184
273
202
-14
-181
-125
109
323
376
259
31
-208
-288
-82
276
457
298
-6
-178
-159
-47
103
264
341
236
-19
-253
-311
-153
131
365
389
188
-77
-226
-223
-126
25
177
203
37
-175
-207
-38
110
68
-71
-107
-22
10
-101
-214
-149
51
163
72
-90
-122
1
128
126
23
-63
-66
-25
-16
-77
-164
-184
-81
74
119
-4
-140
-88
114
211
66
-144
-162
23
204
264
252
175
-49
-344
-431
-157
258
442
249
-134
-369
-239
152
441
340
-52
-335
-241
86
284
178
-86
-242
-170
22
117
27
-108
-126
-60
-9
79
245
297
23
-403
-519
-106
514
773
404
-285
-678
-425
209
605
417
-109
-467
-433
-146
189
420
383
42
-362
-525
-363
28
470
656
346
-256
-611
-464
-93
146
209
181
7
-317
-505
-299
96
264
134
-66
-233
-358
-298
-21
189
131
11
48
79
-112
-357
-331
-52
144
95
-35
-87
-105
-146
-149
-79
36
185
295
215
0
-48
167
332
212
11
10
149
184
48
-129
-219
-145
114
417
465
154
-195
-213
33
219
233
168
49
-97
-106
72
190
37
-224
-294
-145
33
142
196
120
-142
-341
-136
344
519
125
-392
-453
-66
272
234
-32
-225
-268
-272
-276
-192
10
187
169
-44
-250
-237
-14
182
135
-88
-204
-60
158
170
-24
-143
2
240
237
-89
-418
-370
31
357
290
-17
-189
-125
-37
-51
-32
124
246
140
-87
-169
-48
117
179
88
-119
-275
-195
61
205
97
-76
-86
37
109
70
-8
-91
-161
-117
71
196
53
-199
-224
17
233
192
-65
-333
-401
-188
162
365
259
-31
-252
-278
-172
-44
51
83
32
-60
-120
-121
-78
1
83
107
73
32
-23
-127
-192
-83
157
309
223
-45
-327
-458
-338
-13
294
345
120
-148
-219
-65
165
289
190
-89
-305
-236
44
238
195
17
-141
-196
-107
90
227
159
-27
-94
29
150
89
-62
-77
76
208
163
-18
-198
-284
-253
-120
68
215
225
93
-66
-137
-110
-14
139
276
216
-92
-385
-347
-9
285
301
114
-100
-273
-379
-331
-85
217
366
298
123
-41
-151
-190
-135
2
151
202
92
-110
-239
-211
-97
-4
25
-18
-116
-173
-80
130
272
228
74
-39
-62
-44
-13
38
86
95
71
20
-77
-172
-135
59
233
225
99
24
55
117
143
127
78
19
5
64
135
129
57
23
72
121
90
19
18
118
217
186
15
-153
-163
-3
200
302
240
62
-85
-67
93
217
172
7
-126
-149
-98
-37
7
30
15
-45
-117
-141
-99
-33
-3
-11
-18
-17
-72
-202
-293
-230
-99
-99
-262
-412
-416
-324
-247
-216
-211
-220
-233
-245
-265
-288
-251
-112
28
-8
-224
-413
-420
-323
-252
-204
-139
-108
-161
-234
-232
-158
-88
-54
-41
-50
-80
-96
-81
-97
-162
-173
-50
89
62
-108
-228
-197
-110
-83
-105
-102
-53
13
76
103
61
-11
-3
117
238
245
158
80
56
68
96
131
137
78
0
-5
75
160
186
173
162
147
117
103
150
244
308
275
161
61
50
115
181
197
171
146
137
132
129
133
143
149
153
154
143
120
114
156
219
237
166
40
-63
-87
-38
38
102
132
112
45
-26
-41
16
102
153
128
35
-73
-125
-88
7
97
128
79
-22
-106
-95
21
146
161
52
-84
-147
-96
44
176
175
31
-105
-92
26
114
133
125
96
10
-91
-122
-95
-103
-147
-124
-46
-67
-217
-312
-222
-48
42
20
-55
-146
-223
-224
-135
-52
-71
-175
-282
-366
-428
-422
-321
-220
-251
-401
-531
-545
-470
-387
-354
-378
-427
-475
-505
-488
-398
-276
-213
-258
-367
-464
-515
-513
-454
-349
-263
-266
-355
-457
-512
-483
-354
-178
-91
-163
-287
-314
-252
-215
-237
-247
-204
-150
-128
-111
-58
17
54
28
-22
-35
8
71
105
120
172
264
318
298
274
321
411
476
514
542
540
490
433
428
465
491
486
489
523
565
593
620
663
705
726
733
742
746
724
669
613
584
565
503
397
325
341
403
442
447
446
439
421
412
421
408
341
262
247
307
372
387
351
275
172
94
95
152
185
165
130
103
65
13
-15
-3
14
-2
-31
-22
34
88
99
72
39
20
10
-3
-16
-23
-33
-55
-56
4
88
109
49
-4
13
47
26
-24
-23
29
48
-4
-74
-119
-151
-177
-158
-88
-35
-66
-164
-265
-321
-327
-299
-276
-290
-335
-365
-367
-397
-487
-576
-598
-576
-594
-676
-774
-839
-858
-846
-834
-865
-938
-984
-942
-846
-775
-729
-644
-521
-455
-492
-566
-608
-626
-665
-724
-777
-814
-844
-847
-801
-718
-638
-576
-524
-474
-421
-351
-270
-207
-186
-190
-196
-190
-166
-106
-12
86
156
199
239
282
316
343
382
440
492
519
534
565
621
686
750
815
880
945
1012
1078
1120
1111
1053
985
941
920
902
882
866
858
868
912
970
996
968
919
886
864
830
777
706
624
548
504
493
486
465
448
444
420
361
311
291
242
122
-5
-50
-39
-62
-130
-167
-131
-76
-65
-95
-124
-132
-125
-126
-169
-279
-414
-501
-521
-513
-504
-473
-406
-326
-255
-202
-170
-161
-160
-145
-119
-113
-141
-179
-200
-205
-201
-178
-128
-74
-32
17
103
207
263
241
188
178
218
253
237
186
132
79
27
5
36
87
94
44
-20
-65
-109
-172
-228
-254
-273
-327
-403
-440
-419
-397
-434
-526
-627
-711
-786
-854
-915
-984
-1084
-1205
-1306
-1367
-1398
-1403
-1350
-1212
-1010
-807
-650
-570
-577
-654
-751
-836
-919
-1021
-1121
-1176
-1189
-1195
-1209
-1191
-1101
-946
-760
-568
-384
-230
-128
-70
-39
-23
-25
-29
-12
40
110
182
259
347
432
495
547
617
706
789
866
962
1074
1157
1187
1198
1237
1320
1429
1545
1645
1695
1679
1619
1549
1476
1397
1330
1291
1269
1258
1268
1298
1316
1309
1301
1310
1317
1299
1262
1216
1146
1030
876
718
580
467
383
331
298
269
243
214
166
100
44
12
-23
-86
-171
-247
-290
-299
-303
-343
-421
-496
-536
-546
-550
-559
-581
-630
-704
-768
-784
-766
-741
-700
-621
-530
-470
-428
-375
-347
-385
-452
-468
-426
-381
-359
-342
-320
-307
-297
-252
-165
-71
16
115
215
267
263
249
246
226
182
153
162
193
222
234
222
181
131
91
63
27
-29
-92
-150
-205
-259
-308
-359
-425
-489
-523
-527
-530
-562
-641
-764
-901
-1022
-1148
-1319
-1517
-1657
-1675
-1578
-1409
-1203
-988
-799
-656
-558
-513
-556
-689
-852
-984
-1086
-1183
-1265
-1318
-1357
-1375
-1316
-1147
-922
-718
-547
-369
-179
-28
46
56
36
19
29
81
159
230
289
365
478
611
735
824
869
889
914
971
1065
1178
1288
1377
1448
1515
1590
1678
1779
1882
1966
2002
1974
1889
1765
1617
1465
1342
1273
1259
1290
1370
1483
1568
1572
1512
1456
1433
1411
1349
1242
1099
927
742
577
446
324
200
112
92
110
98
34
-50
-117
-165
-213
-273
-345
-416
-471
-499
-508
-519
-550
-606
-688
-782
-863
-914
-947
-984
-1029
-1063
-1075
-1071
-1055
-1018
-939
-819
-685
-572
-497
-457
-451
-482
-536
-590
-628
-655
-669
-648
-577
-480
-388
-302
-201
-86
17
96
163
217
246
247
234
220
204
184
163
141
116
97
94
99
88
54
2
-67
-153
-227
-254
-251
-275
-346
-425
-481
-525
-587
-663
-743
-837
-966
-1125
-1286
-1432
-1558
-1637
-1627
-1501
-1283
-1024
-773
-563
-416
-361
-417
-573
-775
-972
-1139
-1270
-1355
-1391
-1388
-1351
-1262
-1110
-913
-706
-507
-311
-114
62
168
170
88
-5
-31
23
110
202
316
463
612
730
828
915
972
995
1026
1103
1208
1293
1348
1405
1489
1591
1699
1810
1919
2011
2081
2121
2102
2002
1843
1677
1544
1461
1434
1448
1482
1521
1568
1614
1631
1602
1546
1501
1470
1415
1307
1150
967
778
598
444
327
244
186
140
103
71
25
-63
-187
-297
-362
-409
-473
-539
-570
-575
-600
-661
-730
-784
-834
-886
-926
-965
-1033
-1122
-1180
-1190
-1194
-1215
-1216
-1155
-1044
-919
-802
-714
-677
-687
-697
-678
-657
-679
-730
-750
-714
-644
-570
-497
-419
-328
-221
-99
21
124
196
231
236
224
201
168
144
163
228
291
300
254
196
154
112
58
-2
-69
-150
-230
-281
-309
-352
-419
-485
-530
-560
-587
-626
-702
-831
-994
-1155
-1317
-1510
-1714
-1833
-1789
-1597
-1323
-1018
-721
-487
-367
-365
-462
-641
-869
-1080
-1205
-1242
-1251
-1279
-1317
-1327
-1285
-1177
-987
-717
-410
-130
78
204
257
248
195
139
134
213
360
524
663
767
853
935
1012
1073
1125
1187
1269
1371
1481
1588
1672
1716
1732
1769
1871
2030
2184
2281
2313
2298
2238
2119
1942
1746
1580
1485
1476
1534
1607
1641
1618
1570
1537
1530
1514
1463
1378
1279
1165
1017
827
609
400
230
117
60
34
5
-52
-135
-230
-332
-445
-565
-667
-725
-745
-751
-768
-799
-834
-871
-914
-963
-1017
-1074
-1131
-1185
-1235
-1287
-1343
-1387
-1393
-1352
-1271
-1161
-1036
-909
-795
-708
-657
-651
-677
-701
-694
-660
-625
-595
-555
-490
-411
-331
-244
-144
-32
84
189
263
292
290
284
288
302
322
350
382
409
421
413
378
311
227
149
86
22
-56
-146
-243
-340
-424
-481
-516
-547
-588
-641
-707
-791
-897
-1035
-1213
-1426
-1640
-1811
-1900
-1883
-1749
-1512
-1221
-945
-727
-591
-557
-644
-828
-1039
-1203
-1292
-1328
-1356
-1401
-1451
-1467
-1405
-1245
-1005
-728
-449
-188
28
158
175
111
43
33
93
207
351
508
663
815
969
1119
1245
1338
1412
1480
1531
1554
1563
1584
1624
1679
1749
1838
1944
2064
2198
2328
2418
2437
2383
2271
2116
1936
1767
1651
1612
1633
1677
1703
1689
1640
1577
1514
1445
1367
1279
1177
1054
912
750
561
361
196
100
59
32
-9
-77
-175
-299
-428
-547
-667
-801
-922
-988
-1000
-1001
-1006
-1000
-982
-973
-983
-1005
-1042
-1100
-1169
-1232
-1288
-1342
-1383
-1384
-1344
-1282
-1205
-1099
-962
-824
-716
-647
-612
-602
-598
-583
-561
-536
-498
-437
-356
-263
-156
-35
84
187
273
338
374
384
386
391
389
374
363
382
422
459
481
490
481
444
385
313
224
116
-1
-110
-212
-309
-399
-481
-555
-621
-672
-715
-776
-872
-991
-1111
-1239
-1397
-1587
-1791
-1986
-2140
-2201
-2121
-1910
-1629
-1341
-1077
-850
-694
-655
-755
-959
-1186
-1362
-1462
-1511
-1548
-1581
-1580
-1507
-1346
-1114
-845
-569
-293
-16
239
410
450
387
317
318
390
490
593
712
866
1057
1265
1456
1595
1670
1717
1787
1890
1988
2038
2045
2048
2073
2114
2150
2177
2225
2322
2453
2556
2577
2508
2367
2177
1974
1804
1700
1658
1655
1670
1685
1671
1608
1501
1378
1262
1156
1055
943
804
633
447
256
65
-101
-208
-256
-281
-313
-360
-437
-556
-700
-831
-938
-1045
-1153
-1222
-1221
-1180
-1153
-1154
-1168
-1184
-1203
-1215
-1221
-1241
-1275
-1300
-1309
-1318
-1331
-1326
-1288
-1213
-1101
-947
-776
-633
-541
-483
-436
-403
-393
-394
-384
-348
-280
-182
-78
5
84
189
319
440
529
583
606
608
610
614
590
531
482
490
540
578
573
536
487
422
347
268
171
45
-78
-164
-234
-334
-464
-592
-703
-804
-891
-959
-1029
-1129
-1256
-1387
-1523
-1698
-1922
-2153
-2336
-2431
-2409
-2253
-1984
-1672
-1389
-1176
-1043
-992
-1021
-1126
-1285
-1436
-1525
-1548
-1549
-1563
-1586
-1585
-1520
-1355
-1089
-766
-448
-168
75
277
411
466
471
480
529
628
763
903
1030
1163
1333
1530
1701
1810
1864
1896
1938
2008
2104
2198
2263
2302
2342
2394
2442
2465
2478
2512
2575
2633
2631
2534
2349
2126
1930
1796
1726
1694
1667
1633
1599
1567
1507
1394
1251
1127
1038
948
818
636
414
181
-19
-152
-226
-283
-353
-434
-516
-616
-747
-887
-1007
-1102
-1180
-1242
-1288
-1318
-1330
-1318
-1288
-1254
-1233
-1233
-1250
-1277
-1306
-1337
-1380
-1430
-1455
-1420
-1328
-1221
-1126
-1028
-903
-757
-620
-513
-435
-382
-344
-312
-279
-254
-238
-209
-133
-7
131
235
305
374
465
564
636
665
664
658
659
663
661
647
627
614
618
641
656
627
539
422
318
228
121
-16
-160
-279
-375
-474
-588
-706
-808
-884
-938
-997
-1101
-1267
-1475
-1690
-1887
-2057
-2205
-2343
-2456
-2494
-2408
-2209
-1957
-1696
-1443
-1224
-1076
-1022
-1058
-1176
-1354
-1538
-1652
-1676
-1664
-1660
-1640
-1549
-1373
-1133
-854
-562
-281
-23
211
397
502
533
540
572
645
758
913
1101
1295
1472
1634
1782
1898
1977
2039
2097
2148
2189
2241
2311
2380
2431
2464
2491
2536
2614
2712
2783
2788
2728
2620
2462
2251
2018
1825
1714
1675
1678
1686
1661
1587
1491
1409
1331
1222
1080
938
807
664
485
267
31
-188
-352
-446
-493
-534
-584
-638
-702
-792
-914
-1053
-1198
-1334
-1426
-1438
-1385
-1321
-1289
-1280
-1265
-1235
-1204
-1193
-1205
-1227
-1244
-1246
-1241
-1243
-1257
-1261
-1215
-1093
-918
-737
-582
-450
-329
-226
-157
-120
-99
-78
-52
-6
63
146
219
281
354
450
558
657
739
806
861
899
909
885
834
772
711
664
641
636
627
600
546
463
348
212
78
-35
-135
-239
-353
-467
-575
-684
-796
-914
-1041
-1166
-1272
-1369
-1495
-1672
-1875
-2062
-2223
-2375
-2530
-2666
-2740
-2693
-2498
-2191
-1873
-1625
-1448
-1299
-1179
-1150
-1248
-1428
-1601
-1704
-1734
-1732
-1736
-1730
-1649
-1447
-1145
-815
-513
-253
-11
224
426
561
623
659
731
855
996
1118
1229
1366
1549
1765
1975
2140
2234
2271
2294
2337
2394
2441
2474
2509
2559
2621
2679
2722
2749
2775
2814
2857
2865
2791
2622
2389
2141
1924
1765
1663
1602
1558
1516
1474
1421
1341
1227
1090
950
805
643
455
251
44
-151
-325
-475
-602
-707
-789
-853
-916
-997
-1097
-1198
-1289
-1371
-1453
-1531
-1593
-1618
-1590
-1518
-1440
-1388
-1364
-1347
-1325
-1304
-1298
-1309
-1322
-1322
-1302
-1259
-1198
-1118
-1014
-881
-723
-555
-394
-254
-134
-27
63
120
139
146
177
236
306
374
451
547
660
776
877
937
949
937
941
978
1017
1016
963
889
829
796
771
726
657
587
532
469
362
201
16
-158
-299
-413
-531
-677
-831
-957
-1051
-1150
-1277
-1417
-1548
-1682
-1840
-2021
-2211
-2409
-2618
-2820
-2978
-3055
-3001
-2793
-2485
-2177
-1918
-1683
-1469
-1342
-1365
-1514
-1696
-1828
-1883
-1882
-1869
-1866
-1842
-1725
-1496
-1223
-968
-717
-425
-107
178
388
509
559
591
668
804
963
1130
1324
1564
1826
2065
2247
2355
2397
2413
2451
2515
2565
2585
2610
2666
2727
2765
2789
2818
2867
2960
3094
3196
3170
3002
2766
2528
2302
2085
1901
1778
1708
1666
1641
1613
1539
1404
1243
1097
965
823
652
443
208
-18
-203
-359
-511
-650
-749
-810
-865
-938
-1029
-1138
-1267
-1410
-1543
-1653
-1741
-1787
-1761
-1676
-1595
-1556
-1535
-1494
-1434
-1392
-1391
-1422
-1448
-1440
-1400
-1353
-1313
-1269
-1187
-1043
-840
-614
-418
-287
-202
-117
-9
91
139
142
153
222
350
496
608
671
727
825
957
1064
1102
1091
1081
1097
1125
1130
1090
1016
956
953
999
1030
995
907
811
718
602
441
252
70
-79
-200
-317
-463
-642
-827
-980
-1083
-1154
-1238
-1364
-1527
-1707
-1891
-2089
-2310
-2548
-2779
-2974
-3098
-3115
-3009
-2799
-2532
-2253
-1992
-1770
-1615
-1551
-1590
-1720
-1885
-2010
-2055
-2043
-2022
-1999
-1933
-1792
-1583
-1329
-1038
-726
-432
-184
22
202
346
440
509
609
774
990
1223
1452
1670
1870
2057
2240
2408
2523
2555
2527
2498
2514
2562
2604
2627
2662
2740
2856
2973
3062
3122
3163
3178
3146
3045
2870
2635
2382
2161
2001
1892
1798
1700
1609
1547
1504
1440
1322
1158
980
810
633
424
181
-73
-298
-461
-553
-604
-664
-758
-869
-971
-1068
-1185
-1340
-1517
-1674
-1777
-1819
-1829
-1839
-1844
-1801
-1692
-1552
-1442
-1390
-1383
-1396
-1404
-1396
-1391
-1409
-1434
-1414
-1320
-1178
-1032
-891
-734
-544
-341
-161
-29
55
116
177
241
292
336
398
485
583
695
826
953
1042
1098
1157
1221
1256
1247
1216
1181
1137
1082
1026
978
933
893
876
863
804
685
544
405
249
77
-79
-208
-342
-502
-667
-814
-956
-1111
-1276
-1433
-1583
-1729
-1870
-2009
-2170
-2366
-2574
-2761
-2923
-3055
-3122
-3077
-2909
-2659
-2403
-2197
-2042
-1904
-1797
-1778
-1861
-1969
-2003
-1944
-1850
-1787
-1773
-1774
-1736
-1611
-1400
-1155
-924
-697
-436
-144
124
325
469
605
775
992
1224
1427
1585
1729
1891
2072
2251
2389
2454
2462
2476
2548
2668
2780
2847
2875
2897
2938
2997
3049
3069
3073
3105
3169
3189
3090
2894
2682
2493
2320
2173
2062
1959
1837
1713
1602
1476
1307
1126
987
889
793
666
505
302
63
-164
-330
-453
-591
-738
-857
-957
-1082
-1236
-1396
-1553
-1687
-1755
-1757
-1759
-1803
-1841
-1807
-1719
-1645
-1613
-1592
-1570
-1561
-1548
-1501
-1450
-1439
-1445
-1404
-1316
-1224
-1137
-1030
-903
-769
-618
-440
-267
-140
-49
57
186
293
360
425
521
638
749
840
898
929
971
1046
1118
1154
1167
1193
1229
1247
1234
1202
1162
1129
1123
1133
1105
1001
847
701
565
406
233
84
-45
-191
-357
-508
-644
-798
-977
-1136
-1247
-1340
-1459
-1612
-1784
-1968
-2160
-2343
-2521
-2725
-2947
-3113
-3137
-3021
-2847
-2684
-2525
-2326
-2087
-1881
-1800
-1865
-1997
-2073
-2034
-1933
-1869
-1880
-1917
-1893
-1766
-1567
-1359
-1170
-973
-723
-431
-170
-5
77
160
312
530
762
970
1163
1388
1668
1960
2180
2292
2342
2398
2477
2543
2571
2579
2599
2646
2715
2787
2841
2869
2906
2997
3129
3228
3234
3159
3045
2910
2750
2579
2420
2278
2149
2047
1987
1930
1810
1617
1419
1273
1165
1038
865
668
471
286
116
-43
-205
-369
-500
-577
-634
-735
-899
-1080
-1228
-1348
-1476
-1625
-1770
-1865
-1890
-1862
-1817
-1777
-1730
-1654
-1564
-1496
-1467
-1466
-1476
-1485
-1478
-1447
-1408
-1380
-1350
-1280
-1152
-988
-827
-693
-584
-481
-359
-217
-90
-13
37
123
263
411
518
587
654
742
847
949
1017
1033
1021
1026
1058
1078
1049
996
982
1026
1086
1104
1070
1010
954
898
810
674
508
342
190
48
-93
-241
-407
-594
-774
-921
-1045
-1180
-1329
-1463
-1572
-1697
-1872
-2069
-2243
-2399
-2577
-2766
-2882
-2859
-2716
-2522
-2324
-2143
-1999
-1907
-1873
-1895
-1961
-2036
-2060
-2009
-1925
-1873
-1866
-1863
-1827
-1742
-1582
-1338
-1055
-805
-606
-425
-256
-129
-48
37
185
408
667
916
1128
1306
1481
1679
1879
2032
2126
2191
2249
2291
2322
2361
2407
2448
2497
2570
2657
2733
2804
2896
2998
3065
3078
3049
2977
2831
2618
2418
2301
2255
2223
2159
2050
1910
1768
1645
1519
1366
1199
1056
942
811
624
397
185
34
-47
-89
-140
-235
-370
-523
-690
-880
-1078
-1248
-1369
-1458
-1530
-1593
-1649
-1686
-1683
-1636
-1565
-1488
-1416
-1366
-1362
-1399
-1440
-1461
-1475
-1492
-1475
-1385
-1248
-1133
-1064
-1000
-901
-768
-618
-472
-357
-288
-244
-176
-63
63
156
221
308
450
605
704
732
746
794
865
915
924
908
881
852
839
855
883
896
899
916
927
886
778
643
511
380
249
131
26
-97
-254
-422
-573
-710
-850
-986
-1105
-1226
-1375
-1549
-1724
-1890
-2050
-2197
-2325
-2447
-2558
-2598
-2494
-2259
-2015
-1870
-1804
-1723
-1604
-1536
-1602
-1764
-1898
-1925
-1877
-1833
-1836
-1859
-1844
-1749
-1569
-1346
-1131
-944
-763
-568
-382
-252
-186
-130
-17
173
403
632
851
1064
1266
1444
1602
1745
1866
1948
1992
2023
2057
2098
2144
2192
2240
2301
2400
2542
2690
2797
2855
2896
2931
2929
2856
2723
2572
2437
2339
2279
2234
2169
2075
1973
1875
1774
1665
1548
1422
1280
1126
976
827
659
469
299
192
138
85
1
-114
-244
-388
-550
-728
-899
-1039
-1145
-1235
-1313
-1364
-1379
-1376
-1368
-1340
-1283
-1222
-1203
-1233
-1279
-1318
-1356
-1396
-1416
-1397
-1348
-1283
-1210
-1135
-1063
-982
-874
-747
-633
-555
-507
-457
-387
-295
-204
-132
-76
4
133
283
394
453
499
560
611
624
621
638
675
698
690
670
663
679
716
765
800
784
710
611
522
443
345
209
54
-89
-207
-317
-436
-561
-686
-809
-923
-1018
-1109
-1233
-1406
-1592
-1747
-1874
-2013
-2174
-2307
-2350
-2275
-2098
-1871
-1670
-1549
-1490
-1434
-1378
-1385
-1491
-1631
-1700
-1675
-1630
-1639
-1696
-1737
-1700
-1573
-1387
-1194
-1023
-865
-707
-557
-438
-362
-311
-245
-121
71
298
512
704
898
1099
1270
1385
1469
1552
1625
1661
1676
1711
1765
1802
1818
1859
1965
2123
2286
2421
2523
2599
2648
2668
2643
2559
2433
2321
2262
2249
2236
2186
2101
2005
1920
1843
1756
1650
1536
1427
1315
1181
1019
845
685
554
459
402
364
314
234
134
27
-106
-284
-478
-628
-713
-774
-857
-952
-1021
-1053
-1074
-1086
-1063
-1009
-971
-988
-1042
-1087
-1120
-1165
-1225
-1265
-1258
-1215
-1159
-1093
-1019
-953
-902
-847
-773
-699
-655
-633
-591
-513
-433
-376
-323
-237
-117
9
121
213
280
322
353
384
406
399
372
354
363
385
403
419
446
489
534
556
538
486
422
346
247
141
67
27
-30
-146
-296
-418
-494
-562
-653
-760
-866
-970
-1083
-1223
-1406
-1603
-1747
-1811
-1859
-1963
-2070
-2040
-1826
-1555
-1390
-1350
-1317
-1213
-1102
-1092
-1194
-1313
-1355
-1322
-1296
-1338
-1426
-1487
-1475
-1387
-1248
-1097
-967
-862
-750
-622
-512
-456
-426
-353
-207
-20
171
363
559
739
893
1035
1163
1244
1263
1266
1310
1383
1427
1414
1385
1398
1470
1582
1716
1855
1986
2107
2224
2332
2394
2374
2277
2165
2097
2084
2081
2049
1995
1953
1931
1892
1796
1660
1547
1492
1455
1370
1225
1069
939
821
700
604
569
572
551
484
403
326
216
51
-129
-268
-363
-456
-567
-674
-744
-771
-772
-771
-777
-780
-762
-733
-733
-786
-866
-931
-972
-998
-1003
-978
-937
-904
-872
-829
-784
-759
-744
-708
-654
-620
-616
-609
-569
-515
-465
-401
-296
-173
-74
-10
50
122
186
208
187
153
138
143
157
175
194
203
193
173
164
181
224
284
327
295
168
9
-78
-74
-67
-126
-217
-273
-309
-385
-511
-638
-738
-824
-908
-991
-1094
-1245
-1404
-1495
-1524
-1589
-1727
-1810
-1692
-1425
-1219
-1185
-1199
-1101
-923
-844
-934
-1060
-1074
-1004
-982
-1056
-1151
-1193
-1188
-1167
-1128
-1061
-976
-881
-776
-686
-644
-626
-557
-418
-288
-212
-118
65
289
449
539
639
771
867
893
916
987
1058
1068
1037
1025
1038
1057
1107
1230
1410
1569
1661
1718
1792
1887
1956
1967
1938
1906
1893
1891
1878
1842
1788
1736
1694
1651
1590
1512
1439
1380
1311
1207
1087
992
918
833
747
709
717
709
651
584
541
487
379
253
166
92
-31
-192
-314
-375
-426
-493
-539
-542
-536
-552
-566
-553
-542
-576
-645
-703
-727
-728
-725
-727
-738
-743
-716
-662
-628
-646
-677
-660
-594
-538
-526
-541
-559
-574
-554
-456
-301
-179
-147
-147
-96
-10
28
10
12
71
121
99
35
5
31
79
115
124
99
53
27
51
95
94
24
-63
-110
-116
-122
-149
-180
-199
-214
-245
-307
-403
-523
-632
-698
-745
-842
-1010
-1164
-1219
-1215
-1251
-1345
-1421
-1422
-1355
-1227
-1050
-881
-807
-832
-859
-833
-805
-828
-856
-828
-785
-803
-879
-948
-968
-943
-885
-811
-753
-716
-677
-623
-575
-551
-518
-427
-301
-216
-186
-127
38
261
423
480
505
578
670
697
670
695
799
870
828
753
758
830
901
973
1085
1206
1272
1302
1373
1487
1555
1538
1511
1536
1581
1606
1618
1626
1596
1520
1442
1389
1340
1275
1212
1161
1090
980
873
829
829
802
734
697
728
755
704
616
578
569
486
325
211
208
202
75
-101
-164
-121
-124
-223
-312
-321
-314
-352
-397
-414
-431
-470
-484
-454
-448
-512
-572
-541
-466
-452
-488
-475
-405
-378
-439
-511
-518
-483
-462
-445
-388
-311
-277
-289
-270
-183
-88
-52
-56
-45
-12
15
25
27
14
-10
-16
7
9
-50
-103
-59
48
78
-12
-105
-112
-102
-169
-257
-248
-146
-83
-149
-291
-395
-421
-410
-420
-466
-514
-534
-568
-703
-943
-1126
-1086
-874
-749
-880
-1138
-1247
-1109
-894
-815
-887
-952
-876
-708
-620
-709
-873
-902
-725
-540
-596
-865
-1044
-940
-711
-634
-734
-808
-740
-627
-598
-620
-588
-478
-360
-292
-285
-312
-306
-207
-45
81
136
188
287
379
398
381
416
506
562
545
530
595
698
740
715
723
832
971
1011
945
913
1031
1233
1358
1338
1246
1184
1183
1227
1289
1324
1282
1175
1090
1087
1112
1077
990
934
943
955
909
817
739
715
752
814
821
714
552
475
529
593
539
396
278
224
177
102
39
20
11
-27
-88
-145
-187
-208
-202
-203
-242
-296
-317
-308
-310
-320
-303
-256
-234
-267
-306
-286
-213
-172
-226
-342
-408
-345
-219
-172
-228
-242
-131
-51
-173
-362
-306
31
297
192
-135
-297
-164
31
66
-19
-63
-40
-32
-70
-97
-81
-51
-45
-56
-77
-119
-176
-197
-156
-99
-103
-184
-288
-352
-362
-333
-299
-303
-368
-466
-544
-582
-612
-662
-717
-734
-703
-676
-709
-805
-914
-996
-1035
-1003
-885
-747
-705
-792
-882
-840
-696
-608
-632
-680
-689
-700
-730
-721
-655
-609
-639
-695
-705
-668
-608
-526
-443
-427
-490
-531
-476
-387
-348
-316
-229
-147
-153
-179
-99
56
131
94
89
199
316
322
278
314
417
469
440
413
446
515
591
675
754
781
749
727
768
843
894
911
916
919
917
924
939
930
890
872
921
981
959
865
809
847
898
860
760
710
750
800
768
662
571
547
558
555
526
485
438
391
348
296
219
133
81
78
96
101
85
46
-19
-76
-66
-4
14
-40
-74
-39
-33
-123
-186
-99
23
-25
-211
-276
-104
96
74
-120
-219
-101
77
92
-81
-239
-174
83
261
158
-102
-207
-26
250
311
68
-222
-215
81
271
75
-264
-283
46
255
51
-268
-266
-19
45
-178
-351
-245
-46
-24
-173
-303
-323
-307
-334
-371
-346
-281
-289
-420
-575
-613
-516
-415
-430
-542
-653
-706
-707
-668
-613
-606
-692
-834
-951
-961
-820
-593
-482
-616
-847
-889
-691
-507
-540
-676
-684
-574
-565
-717
-802
-638
-395
-402
-678
-865
-688
-330
-204
-405
-600
-522
-338
-341
-489
-492
-276
-74
-81
-206
-244
-141
-5
64
74
72
74
84
134
241
330
296
142
31
114
325
447
402
346
429
576
612
515
433
508
712
846
746
510
424
602
811
789
613
565
695
768
668
581
656
748
690
582
593
656
626
563
624
760
762
580
404
399
514
598
576
463
307
209
254
377
395
247
97
128
295
387
281
72
-44
34
232
354
259
25
-85
82
329
315
20
-183
-18
287
304
10
-182
-35
187
153
-14
51
337
420
100
-233
-115
330
553
323
-27
-126
-17
59
68
144
284
296
61
-268
-395
-190
167
332
133
-237
-412
-258
27
203
144
-215
-685
-696
21
699
299
-881
-1300
-315
702
252
-1007
-1216
-138
576
10
-822
-829
-374
-268
-447
-465
-420
-569
-670
-480
-389
-727
-965
-580
-163
-512
-1129
-953
-206
-78
-760
-1166
-727
-212
-347
-709
-640
-395
-518
-764
-595
-237
-291
-654
-719
-410
-229
-381
-516
-408
-301
-396
-473
-325
-164
-242
-394
-323
-102
-35
-159
-233
-150
-66
-91
-110
-18
82
57
-20
-2
81
96
58
97
203
219
128
126
298
443
370
213
254
491
627
494
301
329
528
604
446
287
363
587
667
501
308
337
553
704
643
488
442
543
641
584
426
384
549
711
618
352
251
442
666
634
395
210
205
289
369
443
478
391
217
148
298
533
594
394
150
177
468
636
414
74
72
387
551
324
12
-8
216
368
323
201
109
98
217
374
333
89
-2
238
450
250
-147
-213
120
370
202
-118
-145
135
323
143
-214
-273
129
474
116
-663
-771
128
865
295
-921
-1117
-16
841
358
-592
-642
53
343
-88
-530
-514
-258
-53
-9
-266
-763
-912
-296
414
151
-847
-1186
-408
294
-42
-768
-851
-419
-240
-416
-508
-479
-623
-783
-554
-162
-238
-694
-786
-372
-144
-465
-828
-704
-283
-90
-285
-587
-687
-524
-261
-126
-231
-431
-471
-319
-206
-260
-367
-417
-427
-384
-255
-157
-228
-363
-338
-156
-49
-143
-298
-298
-128
2
-64
-205
-192
-31
40
-68
-126
62
284
187
-125
-171
164
407
238
-29
3
206
237
111
99
258
390
354
226
168
242
358
399
347
295
329
422
485
492
473
403
285
284
503
675
492
165
179
521
665
394
125
256
587
647
369
155
297
594
646
377
119
200
529
685
440
85
53
349
596
563
351
143
69
199
445
565
434
178
-14
-44
124
397
475
160
-229
-118
471
747
222
-443
-277
523
789
85
-625
-359
491
728
20
-646
-325
535
692
-95
-693
-247
587
650
-113
-728
-537
135
508
185
-504
-800
-267
567
636
-270
-987
-539
343
351
-343
-583
-244
-156
-407
-346
-34
-168
-622
-508
154
232
-595
-1074
-376
441
142
-729
-913
-411
-92
-208
-410
-535
-566
-393
-137
-191
-562
-698
-318
45
-161
-605
-611
-271
-211
-471
-531
-300
-199
-358
-446
-283
-86
-108
-319
-469
-407
-284
-289
-294
-93
83
-178
-677
-708
-118
337
50
-538
-596
-132
128
-76
-279
-198
-93
-114
-69
60
40
-117
-163
-45
96
196
191
-30
-320
-252
264
636
302
-375
-461
254
886
639
-130
-443
35
684
753
228
-206
-38
415
508
214
44
174
321
361
408
360
55
-202
77
702
871
294
-291
-95
621
935
490
-169
-330
172
824
864
142
-490
-191
625
837
255
-204
54
549
616
309
95
128
233
311
363
296
103
22
197
391
373
261
204
132
34
76
271
394
309
121
12
94
279
303
77
-74
133
403
241
-190
-193
312
480
-100
-530
-5
678
348
-497
-473
345
593
-88
-586
-246
230
142
-160
-150
-61
-197
-190
191
279
-404
-1021
-544
526
761
-131
-938
-687
113
326
-231
-665
-375
123
51
-461
-630
-205
212
56
-463
-724
-484
-51
177
59
-300
-633
-642
-319
-31
-78
-302
-386
-257
-34
109
-56
-521
-760
-320
366
391
-339
-904
-624
65
315
-27
-444
-558
-399
-99
135
3
-433
-612
-248
162
85
-281
-406
-190
68
138
5
-218
-328
-178
94
136
-133
-331
-138
178
140
-194
-331
-87
201
195
-53
-221
-70
283
443
215
-128
-229
-68
170
335
281
-32
-296
-116
362
531
202
-75
116
351
120
-181
92
567
392
-214
-245
364
627
181
-182
96
518
480
182
92
152
124
154
364
390
28
-193
175
625
472
13
12
397
428
34
-26
472
673
34
-560
-36
1015
1005
-186
-840
31
1095
712
-533
-744
331
981
292
-490
-141
561
327
-359
-137
753
774
-273
-781
89
1021
599
-529
-765
25
594
355
-35
-70
-57
-165
-1
420
363
-322
-644
-30
565
157
-596
-476
255
350
-287
-493
87
400
-108
-524
-167
219
-70
-438
-256
-33
-282
-453
-34
327
-97
-726
-525
242
383
-270
-641
-234
182
-9
-415
-481
-215
67
72
-294
-659
-496
65
291
-78
-479
-429
-171
-93
-105
-22
-97
-484
-643
-149
364
112
-471
-451
59
237
-53
-307
-344
-329
-228
19
129
-130
-445
-395
-128
-46
-39
211
367
-122
-807
-629
350
815
109
-804
-770
18
506
279
-119
-184
-105
-169
-122
290
556
35
-801
-746
354
1143
592
-529
-749
66
698
411
-186
-265
84
306
246
88
-92
-222
-97
302
606
455
-31
-323
-50
499
627
136
-317
-100
506
732
370
-82
-184
39
366
595
461
-130
-656
-351
644
1144
450
-576
-648
224
880
592
-145
-393
66
538
385
-81
-108
292
392
0
-199
176
515
207
-324
-275
248
414
22
-232
35
323
200
-14
77
272
189
-110
-225
33
325
155
-331
-349
300
673
84
-684
-530
261
553
108
-291
-231
-81
9
312
517
-81
-973
-722
519
855
-231
-912
-166
557
33
-667
-266
446
135
-669
-539
281
330
-444
-647
15
321
-165
-449
-81
121
-297
-585
-121
525
401
-461
-1034
-612
272
554
19
-552
-515
-134
-15
-219
-323
-190
-114
-180
-112
53
-117
-573
-615
-24
440
165
-419
-562
-241
37
30
-96
-184
-257
-315
-241
-43
17
-206
-388
-168
175
38
-469
-547
58
554
243
-431
-559
-102
206
78
-72
-71
-173
-255
31
305
-60
-600
-334
449
531
-223
-652
-164
488
504
65
-268
-341
-163
309
652
213
-617
-578
406
855
90
-664
-346
399
551
222
17
-27
-115
-64
275
477
144
-302
-206
252
403
185
16
-18
-49
40
292
379
140
-96
-47
146
266
276
156
-70
-106
296
701
362
-503
-659
312
1080
448
-685
-613
528
971
95
-684
-225
613
516
-187
-280
262
402
-62
-211
298
611
198
-215
21
323
-5
-442
-167
447
464
-71
-320
-20
299
279
105
-53
-218
-229
74
308
13
-397
-186
340
251
-327
-365
255
493
-56
-490
-169
237
13
-352
-169
139
-85
-351
78
589
105
-910
-939
214
1009
406
-722
-984
-322
304
374
87
-292
-560
-444
19
306
58
-404
-517
-162
246
228
-259
-706
-519
213
587
-24
-872
-660
412
722
-253
-1023
-479
378
215
-488
-469
154
259
-260
-431
-33
82
-312
-379
126
314
-185
-540
-219
182
89
-183
-198
-101
-127
-103
89
148
-65
-146
90
113
-342
-555
20
633
332
-458
-558
137
548
113
-418
-210
373
385
-207
-486
-9
540
384
-213
-378
80
442
211
-140
-5
316
180
-211
-112
392
388
-283
-545
224
980
503
-585
-632
477
1086
320
-629
-409
508
763
201
-194
-30
113
-17
94
531
526
-196
-656
-32
902
782
-277
-724
171
1126
669
-602
-819
338
1160
531
-437
-286
526
542
-221
-380
370
722
66
-446
-12
436
70
-297
135
545
47
-500
79
1017
664
-682
-1024
173
1090
457
-571
-450
441
729
130
-498
-492
34
524
474
-131
-673
-473
321
741
190
-636
-584
324
823
167
-786
-757
180
739
227
-545
-531
17
145
-154
-95
280
135
-468
-486
210
413
-347
-848
-162
692
351
-618
-639
254
529
-225
-695
-152
403
47
-602
-549
-8
150
-170
-328
-107
72
-20
-135
-130
-136
-137
26
159
-109
-564
-508
132
490
16
-615
-494
135
321
-104
-401
-197
29
-102
-229
28
311
90
-415
-507
-35
427
382
-68
-475
-482
-60
440
492
-62
-673
-567
273
876
395
-660
-918
28
984
766
-228
-713
-276
336
425
103
-161
-157
40
269
299
39
-189
-34
239
153
-58
146
462
180
-380
-228
537
725
-20
-599
-187
535
556
56
-142
34
99
72
242
323
-37
-352
33
724
734
-57
-665
-276
684
1015
237
-713
-641
298
830
329
-392
-345
273
538
225
-55
15
99
53
150
312
128
-234
-152
313
436
36
-269
-54
361
428
37
-367
-230
397
733
184
-669
-619
410
945
57
-1009
-609
660
888
-107
-703
-211
334
174
-150
-97
-7
-197
-244
179
492
34
-735
-765
56
718
447
-400
-843
-398
355
430
-250
-698
-337
167
68
-312
-327
-101
-92
-191
-39
167
-24
-423
-372
139
335
-143
-646
-498
81
373
23
-626
-799
-117
662
413
-631
-938
60
925
304
-960
-1053
81
728
63
-738
-533
113
152
-223
-192
187
221
-137
-257
46
208
-119
-437
-185
303
246
-304
-473
49
480
183
-358
-374
19
186
61
63
185
14
-331
-221
325
477
-31
-367
19
483
313
-141
-184
105
193
27
-14
152
202
8
-118
67
329
317
70
-70
82
332
328
44
-106
112
316
153
-37
139
316
56
-204
128
596
334
-356
-316
529
871
118
-527
-16
785
542
-338
-460
312
808
413
-221
-287
174
525
352
-133
-369
-46
479
535
18
-362
-85
392
401
120
85
172
-16
-227
41
481
311
-393
-638
-2
647
420
-261
-364
149
354
-116
-514
-198
352
267
-368
-598
-33
517
270
-330
-360
79
104
-401
-559
7
473
106
-561
-572
-32
156
-224
-444
-117
205
12
-355
-336
-41
22
-210
-304
-67
114
-135
-527
-466
64
406
121
-421
-580
-283
10
15
-95
-134
-169
-212
-125
-5
-170
-509
-450
99
395
-55
-620
-439
214
314
-304
-691
-302
212
146
-205
-216
23
38
-154
-179
-34
-3
-28
139
280
-31
-515
-402
305
637
81
-592
-466
202
471
127
-194
-110
77
92
76
124
73
-80
-58
236
498
410
19
-337
-344
59
551
581
-13
-580
-351
412
668
117
-376
-137
372
422
102
-40
82
150
127
227
334
129
-212
-144
327
536
191
-163
4
407
392
-83
-319
149
766
622
-182
-542
51
719
509
-184
-301
218
455
113
-48
318
457
-34
-317
210
681
173
-638
-508
394
799
281
-287
-202
175
261
149
161
153
-107
-333
-111
383
515
-12
-693
-677
172
856
436
-572
-808
-15
633
295
-426
-551
-99
206
99
-89
-183
-293
-307
-11
307
123
-421
-610
-178
331
276
-321
-757
-403
403
568
-262
-1004
-590
410
570
-285
-866
-396
289
179
-372
-455
-130
-66
-249
-193
19
-43
-279
-259
-21
27
-210
-400
-287
-27
43
-128
-230
-66
106
-60
-408
-390
103
395
-38
-606
-397
285
329
-316
-538
40
464
99
-417
-344
74
233
115
33
-18
-168
-203
66
301
136
-118
20
314
203
-221
-336
61
503
488
37
-370
-296
161
445
226
-156
-145
230
378
20
-340
-126
428
585
159
-265
-211
96
228
201
262
332
141
-176
-120
364
624
249
-188
24
564
567
33
-225
92
429
385
191
92
-8
-67
215
710
732
85
-409
-88
495
467
-22
-192
112
388
353
159
-10
-64
99
388
429
58
-266
-70
317
244
-156
-186
175
233
-178
-363
52
477
291
-210
-330
-6
256
200
-19
-245
-368
-192
213
313
-174
-648
-375
340
475
-190
-699
-345
276
227
-353
-554
-89
368
195
-391
-684
-336
278
493
76
-532
-698
-309
126
128
-190
-377
-295
-195
-253
-354
-318
-125
62
34
-214
-401
-297
-81
-93
-283
-263
23
97
-301
-648
-352
277
388
-172
-667
-559
-163
-27
-186
-306
-233
-66
60
14
-270
-540
-340
280
570
50
-669
-639
74
482
103
-432
-413
-43
79
-82
-134
-8
48
8
42
76
-88
-265
-34
517
697
159
-479
-402
278
682
373
-131
-168
171
279
-22
-226
60
479
424
-36
-239
109
520
444
28
-148
122
461
466
189
-29
24
271
473
421
127
-110
18
406
576
280
-118
-70
377
570
179
-221
51
662
669
-7
-382
98
700
575
52
-18
298
254
-118
-20
554
612
-109
-522
60
757
545
-145
-235
269
464
110
-139
18
158
110
210
396
168
-372
-448
114
499
153
-367
-270
288
488
50
-450
-439
-13
311
181
-241
-411
-63
311
85
-489
-575
-32
359
88
-378
-394
-70
34
-206
-435
-443
-341
-200
-27
-22
-340
-646
-457
60
191
-331
-853
-630
117
390
-247
-963
-780
6
266
-261
-666
-361
77
-50
-467
-514
-248
-174
-262
-140
-16
-367
-813
-520
290
476
-232
-797
-499
72
87
-320
-477
-253
-70
-129
-238
-257
-215
-101
43
18
-177
-211
32
189
1
-235
-136
178
283
43
-262
-312
-73
230
339
161
-115
-151
135
400
303
-15
-132
81
329
321
113
-12
105
333
417
279
77
5
105
286
425
436
317
162
75
79
152
291
452
480
269
0
16
341
567
397
100
138
464
577
281
-9
105
430
526
339
149
91
108
220
446
540
261
-92
52
582
677
95
-282
202
832
603
-169
-352
249
705
470
82
117
319
240
47
90
236
206
103
81
3
-166
-129
201
416
194
-192
-255
49
298
170
-180
-339
-108
265
301
-141
-552
-366
174
278
-191
-513
-260
116
104
-150
-288
-318
-367
-312
-74
49
-200
-526
-486
-218
-206
-440
-459
-192
-108
-410
-674
-531
-235
-235
-481
-545
-323
-186
-371
-602
-526
-240
-107
-229
-413
-517
-539
-447
-250
-162
-381
-710
-734
-410
-164
-280
-500
-457
-236
-191
-371
-484
-373
-203
-168
-255
-323
-287
-194
-149
-182
-214
-186
-160
-194
-200
-56
147
153
-81
-250
-101
183
227
16
-93
85
291
236
49
42
233
352
275
151
123
165
225
314
377
294
122
112
323
465
345
196
287
490
533
419
324
305
331
397
464
453
396
415
488
428
241
229
505
681
436
90
131
440
553
409
299
316
325
315
363
413
349
234
228
337
397
329
246
270
353
362
241
94
136
421
599
304
-172
-158
353
615
275
-121
-29
337
462
252
-16
-113
10
266
410
189
-223
-278
161
476
185
-288
-287
98
312
174
-67
-190
-133
43
117
-95
-372
-280
136
271
-159
-563
-323
198
188
-328
-572
-271
0
-156
-386
-303
-141
-278
-546
-516
-251
-222
-519
-690
-478
-247
-391
-702
-739
-514
-374
-415
-490
-589
-764
-811
-527
-157
-145
-481
-710
-628
-524
-605
-655
-511
-404
-519
-649
-601
-514
-503
-452
-358
-411
-595
-634
-446
-279
-283
-305
-244
-263
-432
-479
-241
-14
-81
-222
-132
21
-60
-220
-137
94
128
-49
-114
71
266
231
72
56
219
347
301
182
161
264
385
428
390
319
255
253
376
566
633
497
344
371
503
553
522
522
552
540
510
529
554
503
412
400
481
554
564
551
529
468
399
401
449
435
354
325
388
446
425
375
362
353
291
=======
3
0
-1
2
6
10
11
11
9
7
4
3
3
6
10
13
13
11
8
6
6
5
5
4
3
2
1
-1
-3
-4
-1
6
13
17
16
13
8
5
3
4
4
4
3
2
3
3
3
4
4
4
3
2
2
1
0
0
3
5
6
8
11
14
13
9
7
6
6
4
3
5
7
6
4
5
7
6
1
-3
-4
-1
3
6
6
2
-4
-11
-16
-16
-10
0
8
9
6
5
7
9
7
2
-1
-2
2
8
11
9
5
2
2
2
-2
-8
-10
-7
-1
2
2
-2
-2
1
1
-4
-8
-7
0
3
3
3
4
3
-3
-10
-11
-5
-1
0
-2
-2
0
0
-2
-3
-4
-4
-2
2
4
0
-6
-8
-2
5
7
4
-1
-7
-13
-12
-7
-4
-4
-2
0
-3
-9
-7
5
12
2
-14
-19
-14
-11
-15
-15
-9
-6
-10
-13
-10
-7
-8
-13
-14
-9
-2
-1
-8
-15
-14
-9
-6
-6
-6
-4
-3
-5
-6
-10
-14
-15
-7
3
2
-8
-13
-8
-3
-6
-11
-12
-12
-15
-16
-11
-8
-13
-21
-22
-12
-2
2
0
0
2
1
-6
-12
-11
-8
-9
-9
-1
13
18
10
-1
-7
-11
-17
-19
-16
-16
-21
-20
-8
6
7
0
-4
1
3
-2
-10
-13
-13
-14
-13
-5
7
13
6
-7
-13
-9
-3
-5
-6
-4
-1
-6
-10
-6
-2
-8
-18
-16
-1
10
4
-8
-10
-2
8
10
6
0
-4
-3
-4
-10
-18
-19
-10
1
7
3
-9
-17
-14
-9
-12
-17
-15
-7
-7
-13
-12
-3
-7
-26
-32
-9
16
13
-10
-18
-6
2
-2
-8
-7
-8
-16
-23
-23
-20
-17
-10
0
2
-5
-9
-3
6
9
9
7
-1
-13
-16
-6
6
6
-2
-1
6
3
-12
-20
-12
0
0
-2
4
11
4
-8
-3
20
35
27
6
-7
-6
1
7
6
-2
-9
-8
-10
-33
-72
-94
-78
-40
-13
-13
-35
-66
-85
-78
-42
10
67
130
193
222
188
103
10
-63
-111
-131
-111
-61
-16
-1
-12
-27
-31
-21
-5
10
12
3
-3
-4
-12
-31
-41
-23
10
30
30
27
32
35
32
34
47
57
50
35
29
38
44
35
15
-4
-14
-15
-11
-6
-3
-1
4
9
7
-1
-9
-13
-10
-3
3
1
-13
-32
-44
-41
-29
-19
-18
-24
-31
-35
-37
-40
-35
-14
13
21
0
-27
-34
-19
-2
7
13
19
16
5
0
10
30
44
45
35
23
16
17
24
31
37
37
32
28
32
35
24
15
25
43
42
20
8
24
45
45
26
10
0
-11
-15
0
18
17
-1
-16
-22
-18
-9
-4
-10
-19
-16
-9
-11
-23
-30
-30
-36
-49
-55
-43
-31
-43
-80
-127
-158
-143
-67
24
47
-35
-167
-253
-213
-18
273
515
564
402
161
13
18
95
129
89
35
14
3
-38
-82
-62
25
84
46
-34
-62
-31
11
38
40
-17
-123
-181
-113
25
94
37
-67
-110
-61
34
105
110
56
-3
-23
-19
-8
31
95
91
-40
-204
-243
-145
-51
-77
-183
-239
-167
-26
47
-33
-211
-337
-307
-158
4
110
132
38
-137
-248
-176
14
138
110
0
-92
-122
-91
-9
76
88
-8
-139
-174
-38
193
342
269
15
-206
-193
30
233
216
11
-153
-81
162
307
185
-61
-158
-21
192
274
138
-131
-294
-132
277
526
309
-160
-351
-76
308
397
180
-118
-328
-320
-10
398
470
67
-393
-421
-64
>>>>>>> Stashed changes
224
204
59
-10
-51
-129
-128
45
220
135
-204
-442
-208
403
781
442
-338
-765
-435
244
605
433
-14
-432
-616
-385
228
743
608
-79
-602
-485
-15
235
124
-33
-8
58
-56
-275
-307
-50
239
244
-38
-313
-326
-97
170
305
233
-33
-327
-369
-64
312
377
62
-344
-493
-245
236
567
424
-105
-524
-432
20
347
332
178
66
-71
-245
-230
91
429
396
19
-288
-243
13
178
151
66
65
161
240
174
-28
-192
-154
67
306
414
327
68
-226
-319
-85
293
461
279
-31
-194
-160
-36
120
277
340
217
-44
-266
-300
-129
139
345
360
182
-53
-196
-205
-120
20
156
173
21
-162
-177
-14
118
60
-93
-134
-33
22
-88
-227
-181
36
181
98
-88
-138
-6
128
109
-12
-76
-32
24
-12
-124
-211
-193
-68
77
110
-9
-137
-83
127
238
99
-124
-156
26
215
284
281
206
-29
-342
-431
-144
276
446
234
-157
-389
-247
159
446
316
-103
-374
-233
124
302
163
-96
-220
-140
25
98
20
-86
-96
-52
-23
67
254
317
36
-394
-498
-77
528
765
399
-269
-664
-449
157
575
434
-72
-447
-429
-136
211
434
377
29
-360
-509
-355
21
468
679
378
-246
-624
-467
-68
176
220
182
21
-299
-511
-326
83
283
164
-52
-240
-363
-284
9
212
126
-17
25
86
-87
-343
-336
-61
140
86
-51
-90
-87
-125
-150
-100
22
199
334
263
39
-30
158
304
191
26
63
209
212
34
-161
-239
-148
118
422
473
155
-219
-259
-4
222
269
200
54
-100
-86
111
210
20
-255
-304
-135
31
115
162
99
-146
-331
-107
384
545
117
-417
-464
-52
299
263
-8
-216
-283
-301
-291
-175
44
205
151
-83
-276
-232
11
197
129
-105
-220
-78
140
164
-10
-121
10
232
229
-84
-404
-356
41
363
286
-30
-201
-121
-20
-46
-57
87
235
171
-45
-157
-72
87
161
75
-131
-276
-182
62
177
63
-71
-35
88
115
42
-25
-78
-144
-127
41
176
55
-193
-229
11
243
208
-65
-344
-396
-157
192
368
247
-29
-233
-266
-178
-52
56
83
5
-102
-141
-107
-56
0
59
84
62
20
-43
-136
-178
-62
157
289
217
-12
-273
-425
-342
-32
286
348
118
-163
-244
-95
135
271
197
-60
-280
-236
25
233
220
54
-122
-204
-128
69
211
154
-11
-59
56
143
55
-87
-72
96
213
145
-42
-211
-289
-261
-125
81
244
248
94
-79
-142
-96
4
144
268
208
-93
-385
-350
-17
274
289
105
-99
-258
-359
-323
-98
199
363
312
137
-41
-166
-209
-151
-7
156
227
127
-88
-243
-223
-91
22
42
-33
-153
-202
-86
130
260
210
70
-25
-44
-32
0
58
99
86
47
8
-63
-149
-125
54
226
223
97
23
63
134
148
99
28
-16
3
79
144
130
61
31
72
119
108
64
61
121
186
163
26
-131
-167
-36
169
292
237
49
-100
-67
104
223
170
18
-94
-118
-95
-57
-6
37
27
-45
-123
-140
-94
-39
-16
-11
2
-2
-84
-233
-315
-235
-107
-118
-271
-391
-378
-304
-253
-220
-189
-187
-222
-262
-284
-293
-255
-133
0
-18
-212
-395
-412
-320
-247
-201
-149
-122
-161
-216
-219
-169
-114
-71
-38
-35
-65
-80
-67
-94
-176
-186
-42
115
78
-122
-256
-211
-106
-82
-122
-124
-60
24
86
105
62
0
12
124
237
246
166
87
53
55
85
129
143
88
13
6
78
148
163
150
147
140
113
98
143
237
306
287
194
106
86
127
173
183
165
144
126
112
109
123
139
140
137
144
150
141
132
158
211
231
168
45
-54
-72
-20
49
97
118
106
54
-14
-43
0
84
143
122
27
-83
-133
-93
5
101
139
93
-15
-103
-85
45
173
172
44
-97
-155
-107
19
148
166
43
-92
-97
11
114
152
148
106
12
-91
-129
-117
-132
-157
-105
-17
-53
-221
-316
-212
-33
51
21
-57
-155
-242
-246
-148
-54
-72
-180
-280
-345
-404
-419
-340
-236
-243
-379
-521
-554
-480
-386
-350
-381
-429
-462
-483
-478
-412
-296
-218
-250
-367
-479
-531
-519
-454
-356
-276
-273
-350
-447
-500
-465
-328
-154
-79
-160
-284
-311
-258
-233
-254
-257
-216
-178
-164
-127
-38
55
79
27
-36
-44
9
78
117
135
181
256
299
289
292
356
436
477
494
516
518
474
421
415
450
477
482
500
542
581
604
635
687
729
737
729
733
739
717
657
600
579
567
503
387
309
330
405
454
462
457
442
416
404
416
410
348
268
249
303
366
383
357
293
192
102
89
143
183
167
120
77
40
9
4
20
23
-7
-38
-20
47
108
116
73
19
-12
-14
-4
3
2
-16
-51
-62
-6
85
117
62
-5
-11
12
2
-27
-15
37
57
13
-55
-107
-149
-172
-141
-71
-36
-85
-184
-268
-312
-324
-312
-299
-310
-344
-359
-353
-386
-491
-595
-613
-570
-566
-645
-759
-842
-869
-854
-835
-855
-918
-968
-946
-873
-805
-742
-642
-526
-479
-522
-584
-610
-624
-665
-718
-754
-779
-807
-819
-781
-708
-639
-589
-540
-486
-429
-360
-280
-218
-196
-199
-197
-177
-143
-92
-20
61
132
190
241
286
320
347
384
437
491
532
562
590
622
666
730
810
888
949
1002
1058
1104
1111
1070
1008
954
913
886
876
883
886
889
912
957
979
953
912
892
880
842
770
687
614
564
536
518
488
448
424
419
398
349
313
302
249
118
-9
-43
-19
-38
-113
-163
-142
-96
-83
-99
-118
-131
-137
-137
-162
-253
-391
-498
-532
-520
-499
-464
-401
-322
-252
-204
-180
-166
-145
-114
-96
-117
-168
-207
-214
-211
-209
-192
-145
-90
-47
9
104
212
266
244
200
201
243
266
241
192
143
86
23
-4
31
82
77
13
-43
-63
-89
-154
-228
-265
-283
-331
-401
-431
-404
-386
-440
-548
-646
-708
-759
-822
-899
-990
-1104
-1226
-1317
-1364
-1394
-1414
-1381
-1245
-1024
-796
-630
-557
-573
-647
-737
-821
-910
-1018
-1119
-1179
-1198
-1207
-1212
-1182
-1089
-942
-766
-573
-379
-217
-113
-63
-44
-39
-45
-45
-17
45
121
193
263
341
419
486
554
640
729
797
860
957
1081
1171
1196
1195
1228
1311
1422
1537
1633
1682
1670
1618
1558
1491
1409
1330
1280
1259
1258
1282
1322
1343
1331
1310
1304
1308
1299
1271
1219
1128
995
846
704
576
463
380
338
315
284
248
215
171
106
44
2
-34
-92
-170
-245
-288
-297
-303
-346
-423
-491
-528
-547
-569
-584
-592
-620
-685
-752
-776
-763
-747
-714
-629
-518
-443
-411
-388
-379
-408
-453
-462
-432
-403
-386
-366
-341
-324
-299
-234
-135
-43
38
134
230
273
259
244
245
223
170
133
147
190
223
235
229
201
154
102
57
14
-35
-95
-157
-212
-256
-294
-352
-434
-503
-522
-504
-502
-547
-641
-769
-906
-1029
-1158
-1328
-1524
-1666
-1687
-1589
-1416
-1206
-992
-800
-647
-538
-493
-548
-693
-856
-980
-1075
-1166
-1241
-1291
-1337
-1371
-1323
-1150
-913
-706
-547
-383
-199
-43
34
43
24
12
27
79
153
223
290
379
501
635
748
820
854
871
901
963
1055
1164
1273
1369
1449
1521
1598
1686
1785
1884
1966
2004
1981
1896
1767
1613
1464
1350
1293
1281
1305
1371
1474
1557
1565
1507
1447
1416
1390
1330
1228
1090
922
744
590
462
328
186
89
77
107
101
35
-52
-119
-169
-220
-281
-348
-412
-465
-495
-503
-506
-529
-587
-677
-779
-862
-916
-952
-992
-1038
-1073
-1086
-1075
-1046
-996
-919
-814
-691
-576
-496
-459
-466
-503
-548
-589
-624
-655
-669
-641
-566
-473
-387
-300
-194
-80
14
88
158
221
253
251
237
224
205
179
156
138
120
103
98
103
96
63
8
-62
-144
-215
-249
-260
-286
-341
-402
-456
-518
-598
-678
-752
-841
-969
-1127
-1287
-1437
-1570
-1653
-1635
-1500
-1281
-1031
-789
-579
-426
-365
-416
-565
-761
-954
-1121
-1249
-1330
-1368
-1376
-1350
-1266
-1114
-921
-724
-532
-335
-132
45
152
162
96
17
-9
30
103
191
308
458
606
722
818
903
962
993
1033
1116
1221
1302
1354
1411
1494
1595
1697
1801
1901
1987
2058
2107
2097
2002
1845
1686
1563
1486
1452
1454
1477
1515
1565
1614
1631
1598
1539
1493
1464
1414
1310
1155
969
774
589
434
321
247
200
157
111
64
8
-80
-195
-296
-353
-394
-455
-524
-561
-570
-591
-648
-720
-786
-846
-898
-931
-965
-1035
-1125
-1179
-1179
-1173
-1190
-1195
-1147
-1051
-933
-813
-714
-669
-681
-699
-685
-664
-683
-730
-746
-707
-643
-582
-520
-440
-337
-217
-92
26
128
203
239
240
227
208
179
154
165
225
289
300
253
192
148
109
60
5
-55
-132
-213
-269
-302
-345
-414
-488
-546
-585
-610
-643
-716
-847
-1012
-1173
-1334
-1527
-1728
-1840
-1789
-1598
-1332
-1034
-733
-488
-357
-351
-447
-623
-847
-1056
-1184
-1229
-1248
-1284
-1326
-1334
-1288
-1178
-990
-723
-416
-135
74
201
256
248
192
128
119
203
363
538
679
775
851
926
999
1061
1119
1189
1277
1377
1481
1582
1664
1710
1726
1763
1866
2027
2185
2284
2316
2297
2232
2111
1941
1756
1600
1508
1496
1552
1628
1669
1650
1600
1562
1545
1517
1453
1363
1265
1155
1010
816
595
384
213
102
48
27
4
-51
-135
-233
-337
-453
-574
-675
-730
-746
-751
-768
-794
-824
-854
-892
-938
-988
-1041
-1100
-1163
-1223
-1281
-1342
-1391
-1406
-1375
-1300
-1191
-1059
-922
-798
-703
-651
-650
-683
-709
-699
-663
-628
-601
-563
-500
-422
-339
-248
-142
-27
90
196
269
296
288
276
279
294
316
345
376
403
417
411
378
316
238
164
100
31
-53
-147
-243
-339
-422
-480
-518
-555
-601
-656
-720
-799
-899
-1034
-1212
-1427
-1645
-1819
-1911
-1896
-1762
-1522
-1227
-945
-723
-585
-555
-644
-829
-1037
-1194
-1276
-1306
-1331
-1375
-1427
-1448
-1392
-1236
-1000
-727
-453
-198
15
143
162
102
38
31
93
206
348
502
657
812
971
1126
1253
1342
1412
1476
1525
1548
1562
1590
1636
1694
1763
1848
1950
2068
2202
2332
2423
2442
2387
2274
2119
1939
1770
1654
1614
1635
1678
1704
1690
1642
1582
1520
1450
1368
1276
1171
1046
904
742
554
354
186
86
42
13
-28
-92
-187
-310
-437
-554
-670
-797
-911
-971
-981
-981
-990
-988
-974
-966
-976
-997
-1033
-1093
-1167
-1235
-1295
-1351
-1389
-1387
-1345
-1283
-1211
-1112
-981
-845
-735
-660
-620
-605
-599
-586
-565
-543
-507
-446
-363
-267
-157
-37
81
186
273
341
381
396
400
406
404
387
374
388
424
457
476
484
473
434
375
307
225
124
14
-90
-190
-286
-378
-464
-544
-615
-670
-716
-781
-883
-1008
-1134
-1266
-1421
-1602
-1795
-1981
-2130
-2189
-2111
-1904
-1628
-1345
-1082
-854
-695
-653
-752
-956
-1183
-1359
-1456
-1501
-1533
-1561
-1557
-1483
-1324
-1096
-836
-571
-304
-32
220
391
434
377
316
325
402
500
598
710
860
1048
1256
1448
1587
1663
1711
1782
1887
1984
2033
2040
2045
2075
2120
2161
2192
2242
2341
2469
2566
2579
2503
2358
2169
1970
1805
1703
1660
1654
1666
1681
1672
1614
1513
1393
1274
1160
1046
924
780
610
428
240
51
-115
-222
-268
-289
-315
-356
-427
-544
-688
-821
-933
-1045
-1159
-1232
-1232
-1190
-1162
-1163
-1174
-1186
-1198
-1203
-1205
-1223
-1259
-1290
-1306
-1323
-1340
-1336
-1297
-1220
-1104
-947
-775
-634
-544
-487
-439
-403
-389
-387
-374
-338
-272
-177
-75
11
92
199
330
450
535
584
602
603
609
616
594
537
490
498
549
585
578
544
498
439
366
287
189
60
-67
-157
-230
-333
-470
-606
-724
-828
-914
-979
-1048
-1147
-1273
-1406
-1546
-1725
-1945
-2168
-2338
-2423
-2395
-2236
-1968
-1657
-1377
-1164
-1031
-981
-1012
-1120
-1279
-1430
-1519
-1544
-1548
-1563
-1586
-1588
-1526
-1361
-1089
-758
-435
-157
75
264
386
432
436
450
505
608
746
891
1025
1165
1340
1540
1715
1826
1877
1900
1931
1996
2092
2189
2257
2300
2345
2402
2453
2479
2492
2525
2584
2638
2633
2534
2345
2117
1917
1786
1726
1703
1678
1638
1599
1564
1506
1395
1252
1128
1039
948
816
630
402
164
-39
-172
-242
-296
-367
-447
-527
-620
-741
-876
-995
-1090
-1165
-1226
-1272
-1306
-1322
-1312
-1280
-1244
-1222
-1221
-1237
-1261
-1285
-1314
-1357
-1413
-1446
-1417
-1327
-1222
-1134
-1049
-935
-792
-649
-534
-451
-395
-355
-317
-281
-255
-240
-215
-142
-18
119
224
294
360
451
553
633
669
672
668
674
682
679
658
629
611
620
648
668
638
545
422
311
217
109
-27
-168
-281
-371
-463
-575
-699
-810
-890
-943
-1001
-1109
-1282
-1495
-1707
-1894
-2052
-2192
-2325
-2439
-2480
-2401
-2208
-1959
-1698
-1445
-1224
-1074
-1021
-1062
-1187
-1368
-1546
-1649
-1663
-1645
-1640
-1622
-1537
-1373
-1147
-874
-578
-287
-18
221
404
502
525
529
564
644
762
916
1100
1292
1469
1628
1768
1878
1954
2016
2077
2129
2173
2232
2311
2387
2441
2473
2496
2533
2605
2700
2774
2786
2732
2628
2473
2263
2029
1832
1715
1676
1682
1695
1672
1598
1503
1422
1341
1225
1078
932
801
659
482
266
30
-193
-360
-452
-493
-525
-571
-628
-696
-787
-905
-1039
-1180
-1314
-1405
-1421
-1372
-1315
-1287
-1281
-1270
-1243
-1212
-1195
-1202
-1223
-1238
-1239
-1231
-1231
-1247
-1256
-1212
-1092
-918
-739
-586
-451
-326
-219
-146
-105
-82
-64
-42
-1
67
148
218
278
352
453
566
663
736
792
841
876
883
857
808
751
697
657
638
633
620
585
529
452
349
221
90
-23
-120
-219
-333
-453
-572
-688
-805
-928
-1059
-1186
-1291
-1386
-1512
-1693
-1898
-2084
-2239
-2381
-2521
-2646
-2716
-2675
-2487
-2180
-1854
-1601
-1427
-1285
-1172
-1146
-1247
-1434
-1615
-1720
-1744
-1732
-1725
-1710
-1624
-1422
-1121
-790
-490
-236
-7
215
413
554
626
666
735
856
998
1123
1235
1374
1564
1791
2013
2182
2270
2294
2303
2333
2381
2425
2458
2492
2544
2611
2679
2727
2751
2767
2800
2848
2863
2791
2614
2371
2121
1912
1763
1671
1613
1568
1523
1477
1422
1340
1222
1082
939
798
642
457
248
39
-153
-321
-471
-605
-717
-800
-858
-914
-994
-1096
-1198
-1288
-1371
-1453
-1534
-1601
-1628
-1597
-1516
-1426
-1368
-1346
-1336
-1316
-1296
-1295
-1318
-1344
-1348
-1320
-1269
-1207
-1133
-1037
-905
-741
-562
-389
-241
-120
-19
66
122
143
150
180
243
317
387
457
544
653
775
883
946
955
939
943
979
1015
1007
949
874
817
790
773
733
663
591
538
484
385
225
28
-159
-308
-422
-540
-687
-841
-963
-1053
-1152
-1282
-1425
-1557
-1686
-1834
-2003
-2180
-2374
-2588
-2799
-2965
-3045
-2995
-2795
-2494
-2190
-1932
-1699
-1487
-1360
-1376
-1516
-1694
-1830
-1892
-1897
-1886
-1884
-1857
-1736
-1505
-1232
-979
-728
-434
-115
165
367
486
540
579
659
793
951
1119
1317
1560
1826
2070
2252
2356
2393
2410
2455
2527
2582
2606
2635
2695
2754
2784
2799
2822
2867
2955
3084
3183
3158
2994
2760
2524
2301
2088
1908
1787
1721
1685
1662
1627
1542
1397
1230
1078
942
799
636
441
215
-9
-198
-358
-510
-648
-747
-808
-866
-946
-1043
-1150
-1270
-1404
-1537
-1656
-1753
-1801
-1773
-1687
-1607
-1567
-1543
-1499
-1441
-1402
-1401
-1425
-1443
-1431
-1391
-1351
-1325
-1297
-1229
-1089
-881
-644
-435
-287
-183
-85
22
110
146
148
168
242
367
504
605
662
713
810
945
1057
1104
1105
1110
1140
1173
1174
1125
1045
980
966
992
1006
967
891
809
725
607
441
246
60
-91
-207
-316
-452
-627
-818
-983
-1102
-1189
-1278
-1393
-1537
-1700
-1879
-2080
-2303
-2538
-2767
-2969
-3106
-3132
-3024
-2807
-2536
-2262
-2010
-1798
-1649
-1582
-1613
-1732
-1889
-2006
-2040
-2014
-1985
-1967
-1916
-1787
-1581
-1324
-1032
-724
-431
-182
26
200
331
412
476
582
760
992
1239
1477
1697
1897
2083
2260
2417
2518
2543
2520
2503
2524
2568
2604
2630
2672
2756
2869
2979
3065
3130
3176
3192
3154
3040
2851
2611
2366
2162
2018
1915
1819
1718
1626
1559
1508
1437
1321
1160
981
798
607
392
154
-88
-301
-453
-537
-583
-641
-733
-844
-950
-1058
-1188
-1350
-1527
-1686
-1795
-1844
-1850
-1845
-1833
-1785
-1680
-1547
-1440
-1385
-1375
-1386
-1395
-1390
-1389
-1410
-1436
-1415
-1320
-1176
-1023
-874
-713
-530
-342
-174
-45
43
110
176
245
300
344
398
476
571
686
823
952
1035
1082
1129
1183
1217
1219
1204
1183
1145
1092
1045
1010
969
921
887
860
792
667
524
389
245
87
-58
-182
-315
-477
-647
-803
-952
-1109
-1272
-1428
-1577
-1722
-1860
-1997
-2160
-2358
-2564
-2749
-2911
-3045
-3114
-3071
-2908
-2665
-2414
-2209
-2047
-1902
-1788
-1761
-1837
-1944
-1988
-1943
-1862
-1804
-1788
-1789
-1751
-1624
-1404
-1149
-914
-692
-438
-148
121
322
468
605
774
985
1209
1410
1577
1733
1900
2079
2253
2388
2453
2458
2467
2534
2646
2748
2805
2830
2859
2912
2985
3050
3080
3083
3103
3152
3167
3074
2886
2681
2498
2335
2194
2080
1966
1834
1707
1599
1478
1312
1133
992
893
793
666
507
308
68
-162
-331
-452
-580
-718
-836
-942
-1072
-1226
-1386
-1552
-1696
-1767
-1763
-1757
-1798
-1840
-1812
-1725
-1649
-1610
-1576
-1541
-1526
-1511
-1466
-1421
-1426
-1454
-1427
-1335
-1227
-1127
-1018
-894
-760
-605
-423
-246
-115
-21
82
207
316
385
442
519
617
723
820
884
913
952
1029
1113
1156
1165
1176
1199
1219
1221
1202
1165
1128
1120
1134
1111
1003
838
684
546
390
219
69
-66
-219
-383
-525
-650
-806
-995
-1158
-1256
-1327
-1436
-1598
-1784
-1977
-2167
-2342
-2511
-2712
-2941
-3119
-3149
-3029
-2852
-2699
-2560
-2367
-2113
-1884
-1791
-1859
-1994
-2065
-2021
-1922
-1865
-1881
-1914
-1880
-1750
-1558
-1365
-1191
-994
-731
-423
-156
5
85
171
330
553
784
983
1164
1379
1656
1949
2169
2279
2332
2401
2494
2562
2579
2575
2589
2636
2707
2783
2834
2852
2874
2957
3096
3204
3213
3136
3029
2909
2761
2586
2416
2268
2137
2033
1968
1911
1798
1610
1406
1251
1138
1013
846
654
464
285
118
-42
-205
-368
-499
-576
-634
-738
-907
-1092
-1241
-1354
-1477
-1628
-1776
-1872
-1892
-1856
-1803
-1756
-1703
-1628
-1539
-1471
-1442
-1446
-1467
-1487
-1483
-1450
-1411
-1384
-1349
-1270
-1136
-969
-802
-657
-543
-445
-332
-192
-64
7
43
119
262
420
532
598
663
751
856
954
1017
1029
1015
1020
1057
1086
1061
1005
983
1024
1086
1108
1075
1013
950
884
789
652
490
329
181
44
-85
-221
-382
-567
-746
-892
-1014
-1147
-1294
-1430
-1547
-1680
-1853
-2044
-2219
-2386
-2575
-2766
-2883
-2871
-2747
-2565
-2364
-2172
-2019
-1920
-1878
-1892
-1956
-2029
-2049
-1992
-1907
-1860
-1855
-1853
-1825
-1758
-1619
-1383
-1096
-839
-637
-459
-293
-164
-76
22
181
405
657
901
1120
1309
1490
1684
1875
2019
2104
2162
2219
2265
2303
2350
2406
2456
2506
2578
2665
2742
2807
2881
2968
3040
3072
3057
2982
2824
2604
2405
2291
2252
2228
2172
2065
1924
1784
1663
1531
1364
1191
1059
959
830
636
404
197
51
-32
-81
-137
-232
-363
-509
-669
-862
-1073
-1255
-1382
-1471
-1548
-1622
-1682
-1711
-1695
-1640
-1567
-1489
-1413
-1356
-1346
-1385
-1438
-1472
-1487
-1487
-1451
-1360
-1241
-1142
-1071
-992
-883
-746
-598
-454
-343
-277
-233
-169
-71
38
129
207
308
450
599
702
743
763
807
876
932
951
939
911
879
858
863
884
899
910
928
935
893
797
674
546
411
276
155
46
-79
-237
-406
-561
-703
-843
-975
-1095
-1221
-1371
-1539
-1708
-1877
-2044
-2195
-2325
-2453
-2570
-2610
-2499
-2261
-2019
-1871
-1796
-1711
-1599
-1541
-1611
-1770
-1902
-1927
-1874
-1828
-1839
-1879
-1873
-1765
-1570
-1344
-1137
-952
-763
-563
-383
-262
-201
-145
-27
173
416
652
862
1061
1255
1432
1586
1722
1840
1926
1976
2006
2033
2066
2104
2147
2200
2275
2386
2527
2669
2776
2844
2892
2924
2914
2841
2715
2571
2446
2358
2305
2258
2187
2090
1985
1878
1767
1658
1553
1432
1277
1103
946
805
643
450
277
171
119
67
-13
-119
-249
-407
-586
-764
-918
-1038
-1138
-1234
-1323
-1384
-1406
-1402
-1389
-1362
-1312
-1255
-1226
-1240
-1280
-1322
-1360
-1390
-1401
-1384
-1340
-1276
-1199
-1122
-1051
-972
-869
-750
-642
-559
-498
-443
-374
-283
-184
-105
-47
33
167
320
426
477
523
589
635
635
622
640
679
694
678
667
684
717
754
792
819
803
734
640
554
471
364
225
75
-62
-189
-316
-443
-564
-682
-804
-917
-1007
-1095
-1226
-1408
-1593
-1736
-1850
-1987
-2152
-2292
-2345
-2282
-2115
-1891
-1693
-1576
-1516
-1449
-1378
-1375
-1476
-1609
-1672
-1647
-1610
-1625
-1682
-1725
-1699
-1583
-1399
-1207
-1047
-906
-748
-579
-441
-361
-316
-251
-121
76
298
502
685
875
1079
1261
1382
1457
1523
1589
1634
1660
1693
1746
1795
1830
1877
1969
2109
2267
2409
2519
2597
2646
2661
2631
2549
2434
2330
2267
2242
2224
2182
2108
2016
1929
1847
1751
1637
1523
1421
1310
1163
984
811
663
536
431
367
342
316
247
145
34
-97
-270
-466
-626
-724
-802
-898
-995
-1057
-1086
-1109
-1118
-1082
-1013
-974
-995
-1043
-1075
-1102
-1161
-1237
-1276
-1256
-1205
-1151
-1092
-1021
-958
-908
-849
-768
-692
-654
-639
-599
-521
-440
-379
-317
-224
-107
15
133
237
307
342
365
395
414
400
369
363
387
408
408
412
447
505
557
573
546
493
435
366
269
153
60
11
-34
-132
-279
-414
-496
-550
-626
-737
-862
-976
-1082
-1211
-1389
-1588
-1737
-1808
-1866
-1969
-2065
-2022
-1805
-1537
-1374
-1331
-1295
-1192
-1082
-1073
-1181
-1304
-1338
-1288
-1254
-1300
-1390
-1443
-1425
-1348
-1231
-1087
-946
-829
-728
-620
-518
-453
-410
-330
-186
-6
176
366
569
757
907
1034
1151
1232
1253
1252
1290
1366
1413
1394
1357
1372
1456
1573
1695
1822
1956
2088
2209
2309
2367
2352
2265
2155
2082
2057
2045
2013
1969
1938
1913
1859
1754
1625
1523
1468
1423
1338
1205
1059
929
809
692
600
556
542
511
446
374
302
195
32
-149
-291
-386
-475
-582
-685
-754
-779
-782
-786
-793
-787
-758
-729
-736
-784
-842
-884
-920
-959
-976
-957
-924
-901
-875
-826
-773
-750
-741
-711
-660
-629
-626
-613
-572
-524
-478
-401
-281
-162
-84
-28
50
143
205
213
192
176
169
160
151
159
181
199
199
186
175
181
216
280
330
301
171
11
-74
-66
-53
-104
-191
-255
-304
-387
-508
-628
-728
-822
-911
-988
-1088
-1246
-1422
-1524
-1544
-1591
-1720
-1808
-1698
-1429
-1207
-1157
-1170
-1086
-920
-835
-908
-1026
-1055
-1006
-989
-1053
-1141
-1188
-1185
-1154
-1098
-1021
-934
-841
-741
-657
-619
-599
-527
-395
-276
-203
-106
80
299
453
540
638
767
858
884
910
981
1051
1062
1034
1020
1028
1051
1115
1248
1420
1564
1653
1718
1797
1878
1930
1941
1924
1907
1903
1903
1883
1832
1775
1732
1695
1637
1562
1496
1446
1386
1290
1172
1071
996
914
809
724
708
734
727
658
577
528
482
388
263
165
92
-14
-167
-309
-390
-430
-473
-529
-569
-578
-564
-548
-549
-582
-641
-703
-743
-760
-762
-753
-741
-739
-743
-731
-699
-681
-698
-714
-684
-622
-579
-570
-569
-572
-590
-585
-487
-314
-178
-149
-154
-93
8
43
8
1
66
133
131
79
34
26
58
114
149
120
55
38
92
143
121
53
4
-27
-74
-129
-157
-168
-190
-226
-258
-310
-421
-570
-684
-723
-744
-831
-982
-1115
-1169
-1176
-1207
-1290
-1378
-1400
-1318
-1163
-1002
-887
-824
-795
-789
-810
-843
-847
-804
-759
-770
-835
-897
-922
-934
-946
-924
-844
-743
-689
-690
-687
-629
-538
-474
-439
-380
-279
-183
-102
27
230
415
481
472
514
620
685
679
702
797
848
782
707
745
850
919
973
1084
1213
1277
1306
1398
1536
1591
1532
1472
1504
1581
1631
1649
1635
1568
1470
1414
1410
1385
1299
1204
1150
1107
1017
891
797
763
755
744
733
721
690
648
629
631
587
452
291
213
230
219
87
-82
-146
-110
-109
-207
-320
-361
-345
-334
-355
-400
-463
-514
-518
-484
-480
-532
-572
-538
-475
-461
-488
-492
-460
-440
-457
-487
-512
-533
-531
-468
-355
-269
-273
-315
-287
-169
-63
-56
-100
-87
-2
63
35
-40
-67
-21
38
52
9
-64
-108
-69
38
114
76
-33
-101
-104
-121
-191
-229
-160
-70
-111
-286
-432
-435
-376
-390
-474
-515
-490
-520
-705
-965
-1103
-1017
-823
-752
-909
-1154
-1236
-1070
-836
-768
-893
-1011
-938
-735
-626
-734
-921
-938
-726
-517
-580
-867
-1053
-938
-699
-620
-726
-808
-744
-625
-582
-602
-583
-480
-339
-243
-245
-313
-323
-192
-4
99
124
194
327
404
381
367
451
554
565
518
529
614
682
700
728
805
894
940
929
905
940
1071
1232
1307
1266
1196
1185
1217
1237
1255
1298
1316
1246
1129
1069
1068
1041
972
942
970
953
835
711
704
788
829
772
684
626
589
552
524
507
473
397
287
178
106
75
63
41
0
-55
-122
-191
-235
-233
-213
-229
-284
-316
-301
-292
-324
-352
-328
-279
-261
-283
-312
-302
-238
-172
-198
-328
-420
-336
-164
-138
-272
-301
-103
44
-124
-389
-321
71
323
158
-159
-243
-89
32
9
-30
-5
13
-26
-64
-53
-25
-23
-36
-43
-61
-114
-182
-208
-170
-107
-84
-138
-242
-331
-356
-323
-288
-300
-376
-488
-582
-609
-588
-593
-668
-750
-744
-667
-657
-797
-985
-1059
-987
-886
-850
-858
-845
-805
-768
-742
-716
-693
-678
-664
-657
-679
-724
-742
-706
-645
-606
-612
-649
-674
-628
-499
-372
-364
-470
-545
-478
-336
-259
-266
-261
-199
-127
-76
-7
94
167
165
145
188
281
336
330
330
383
438
434
397
406
486
593
680
735
761
768
775
799
836
876
913
936
930
903
899
933
958
926
877
887
940
950
891
837
839
856
830
769
720
696
674
642
614
605
609
597
545
459
398
401
423
370
235
117
84
87
63
42
72
102
35
-98
-148
-73
-5
-49
-116
-84
-20
-74
-208
-212
-42
81
-14
-201
-241
-106
31
36
-49
-103
-78
-16
1
-60
-130
-92
65
181
111
-76
-172
-64
154
268
135
-133
-229
-23
209
119
-193
-278
9
254
80
-270
-305
-32
76
-154
-360
-245
-19
-30
-242
-356
-284
-224
-308
-403
-361
-262
-281
-420
-525
-517
-459
-421
-422
-481
-612
-736
-723
-583
-497
-598
-790
-898
-896
-856
-769
-616
-522
-628
-820
-846
-680
-547
-572
-623
-561
-484
-575
-788
-855
-638
-358
-354
-651
-883
-724
-314
-115
-304
-549
-508
-321
-326
-490
-479
-212
12
-39
-231
-294
-158
44
176
196
123
41
58
178
275
264
203
173
169
169
210
316
434
493
482
458
468
508
543
568
620
711
764
692
533
459
573
753
791
669
565
598
691
717
668
619
612
627
634
615
575
559
624
731
744
598
427
419
567
666
572
375
251
255
320
377
373
260
94
48
208
397
353
89
-95
11
249
310
123
-82
-68
142
300
200
-66
-173
42
323
297
-13
-197
-32
198
148
-51
-2
299
392
54
-307
-184
308
580
353
-31
-156
-34
66
76
142
287
304
50
-305
-422
-174
203
347
118
-280
-500
-377
-31
268
235
-250
-833
-787
59
743
242
-957
-1269
-226
695
141
-1078
-1169
-53
609
-1
-833
-827
-362
-243
-423
-463
-417
-518
-581
-424
-396
-741
-936
-536
-151
-520
-1121
-926
-168
-23
-695
-1128
-727
-205
-294
-638
-601
-388
-507
-748
-609
-283
-320
-636
-669
-360
-205
-395
-550
-405
-224
-296
-452
-407
-250
-231
-304
-252
-94
-48
-150
-214
-137
-41
-44
-67
5
111
106
11
-23
45
103
103
124
200
222
147
126
283
462
420
224
192
416
599
508
321
337
508
546
402
345
517
699
637
413
303
410
592
681
638
528
464
515
616
612
483
423
564
720
623
359
273
467
657
595
373
221
209
262
335
424
468
388
230
156
265
467
545
367
89
71
398
637
392
-56
-83
350
619
346
-80
-102
242
473
367
128
-2
37
212
381
328
86
5
233
411
206
-145
-171
146
357
189
-113
-153
103
317
184
-204
-364
10
446
156
-684
-864
93
925
315
-1038
-1267
-56
876
327
-711
-737
42
349
-122
-573
-530
-280
-106
-47
-239
-700
-891
-334
370
150
-831
-1187
-391
384
83
-722
-916
-487
-208
-324
-460
-473
-567
-664
-473
-173
-253
-626
-687
-334
-147
-421
-737
-664
-335
-153
-270
-523
-671
-585
-333
-154
-231
-443
-500
-361
-271
-332
-391
-373
-380
-397
-294
-147
-193
-396
-436
-189
43
-45
-310
-356
-108
84
-42
-281
-277
-47
76
-33
-102
96
336
239
-106
-209
100
403
327
73
25
177
251
171
120
222
384
434
333
215
233
364
443
384
280
267
351
438
480
477
401
280
294
516
665
471
189
270
623
704
361
70
226
601
705
436
163
222
514
658
478
212
223
508
642
367
22
89
462
634
460
247
188
190
220
369
556
532
237
-60
-73
187
441
418
118
-140
-1
442
598
129
-416
-231
525
792
103
-649
-420
487
805
72
-694
-415
493
703
-81
-688
-227
621
656
-156
-779
-533
193
548
147
-593
-858
-261
597
652
-256
-971
-549
327
389
-278
-595
-322
-158
-300
-283
-109
-253
-577
-413
154
194
-519
-931
-357
338
114
-631
-849
-454
-121
-148
-351
-550
-594
-372
-114
-214
-582
-664
-281
23
-206
-616
-613
-300
-225
-438
-507
-335
-261
-401
-475
-305
-83
-85
-329
-550
-523
-359
-293
-257
-62
79
-219
-731
-750
-149
312
50
-511
-613
-243
9
-78
-189
-172
-193
-218
-53
150
63
-208
-275
-77
153
278
239
-38
-363
-282
274
661
307
-378
-432
308
914
632
-105
-347
125
658
637
174
-114
97
452
442
139
17
211
437
528
534
400
87
-102
176
679
757
255
-192
26
656
918
493
-153
-325
194
875
892
113
-533
-193
658
862
257
-197
78
568
608
298
127
207
295
292
286
255
133
47
149
323
370
294
186
67
1
90
262
331
252
127
53
92
207
206
19
-77
153
405
217
-223
-232
254
419
-118
-505
-9
608
286
-478
-432
281
413
-244
-591
-139
291
80
-246
-127
45
-157
-268
122
350
-241
-923
-573
458
753
-72
-858
-634
91
244
-245
-507
-143
208
-71
-614
-640
-100
294
58
-488
-721
-446
11
236
69
-354
-691
-639
-274
-20
-128
-371
-418
-240
-11
80
-151
-626
-812
-320
355
321
-452
-999
-666
54
287
-77
-478
-550
-374
-107
72
-99
-538
-670
-222
247
116
-385
-560
-227
168
210
-61
-319
-317
-79
137
86
-167
-273
-65
158
56
-220
-257
-10
187
131
-63
-163
-31
262
443
304
-27
-225
-110
218
461
329
-102
-326
5
510
526
88
-82
283
512
118
-269
91
664
448
-262
-291
432
760
251
-198
89
558
485
110
42
235
273
202
269
281
11
-159
179
615
504
64
16
362
417
51
-40
409
624
45
-534
-64
936
943
-195
-830
6
1035
657
-546
-722
348
959
238
-545
-176
539
311
-353
-95
797
746
-393
-897
106
1161
703
-581
-908
-51
632
420
-25
-107
-106
-218
-37
448
446
-264
-636
3
668
252
-587
-493
327
488
-219
-529
61
459
-41
-524
-175
283
21
-417
-277
21
-150
-379
-84
269
-38
-593
-455
215
351
-240
-584
-208
183
-8
-423
-511
-235
97
125
-300
-764
-624
33
370
-19
-538
-530
-183
-57
-164
-170
-154
-380
-545
-216
224
89
-391
-444
-54
146
-31
-236
-305
-331
-264
-43
83
-123
-412
-380
-137
-72
-99
124
334
-44
-696
-623
240
712
95
-754
-692
101
532
208
-203
-167
-10
-120
-175
199
511
52
-775
-765
293
1113
647
-439
-735
-9
649
460
-130
-307
12
327
328
103
-154
-256
-70
314
560
409
-19
-279
-39
480
641
191
-319
-219
367
715
477
23
-159
10
302
472
338
-107
-474
-231
533
951
421
-482
-665
64
779
658
-28
-362
-1
425
283
-109
-28
425
466
-39
-298
104
512
263
-267
-293
156
363
82
-163
-5
231
184
42
118
278
193
-104
-222
47
349
164
-329
-317
344
658
8
-713
-449
361
563
65
-284
-174
-34
34
330
511
-96
-948
-683
500
805
-201
-807
-127
475
-44
-614
-144
494
94
-695
-509
303
304
-481
-661
11
307
-176
-430
-18
189
-290
-648
-180
509
380
-512
-1050
-561
302
483
-98
-609
-507
-131
-42
-234
-307
-169
-101
-162
-115
-13
-211
-597
-549
25
374
16
-522
-536
-154
34
-93
-189
-133
-171
-356
-369
-84
90
-172
-480
-278
181
133
-421
-600
-10
562
309
-393
-589
-150
197
69
-158
-187
-170
-138
54
143
-210
-558
-201
507
547
-158
-621
-272
369
572
242
-254
-513
-243
441
765
113
-779
-569
548
930
47
-708
-320
443
561
226
44
-15
-153
-100
312
558
168
-362
-255
299
513
256
10
-46
-41
77
309
359
125
-60
31
208
281
273
180
-28
-94
278
713
431
-424
-623
297
1020
382
-671
-500
611
923
21
-611
-47
691
430
-291
-282
305
408
-56
-164
325
578
192
-141
80
281
-80
-445
-109
504
495
-71
-342
-17
357
330
64
-144
-224
-127
137
226
-111
-405
-96
377
181
-406
-348
354
565
-93
-580
-186
306
42
-412
-195
222
-23
-441
-75
560
195
-878
-1032
123
1015
425
-786
-1075
-345
327
366
52
-293
-529
-445
-45
234
55
-344
-488
-223
159
210
-225
-723
-623
108
577
43
-826
-704
302
626
-279
-988
-434
395
217
-481
-481
90
175
-285
-384
14
70
-366
-424
104
306
-191
-549
-223
186
86
-202
-213
-94
-117
-119
61
142
-54
-155
61
115
-289
-513
-3
586
338
-396
-504
139
515
75
-439
-201
411
431
-177
-481
-26
509
368
-184
-309
139
437
154
-166
47
382
170
-260
-92
467
398
-343
-516
405
1142
473
-723
-673
554
1140
308
-623
-393
450
689
251
-75
-26
23
9
254
596
407
-277
-526
135
868
633
-280
-580
213
988
561
-509
-630
409
1054
387
-467
-200
603
535
-265
-400
357
683
42
-400
66
450
11
-330
191
627
64
-559
-14
933
637
-623
-940
162
966
341
-580
-397
463
729
179
-416
-469
-35
439
435
-149
-709
-503
330
760
179
-662
-593
307
779
150
-742
-734
100
621
200
-475
-478
-12
79
-206
-135
267
176
-419
-502
168
454
-271
-906
-351
600
469
-461
-639
132
449
-201
-634
-127
375
-21
-667
-553
49
174
-244
-428
-114
152
45
-140
-156
-118
-71
67
115
-174
-528
-378
215
477
3
-586
-514
49
311
34
-270
-233
-85
-103
-133
53
255
100
-310
-426
-11
463
415
-93
-484
-380
73
447
398
-90
-588
-493
249
819
396
-612
-864
86
1038
786
-224
-683
-238
356
479
218
-89
-211
-27
336
442
84
-255
-54
328
228
-94
87
501
281
-333
-258
500
722
-9
-592
-172
578
626
121
-119
20
96
104
271
320
-42
-324
59
700
702
-9
-559
-251
575
905
272
-580
-569
276
814
343
-435
-445
240
611
278
-98
-38
114
73
121
312
205
-207
-284
170
486
191
-256
-190
291
475
31
-482
-312
418
750
133
-698
-570
424
834
-77
-1030
-560
651
810
-181
-746
-228
358
213
-176
-196
-80
-184
-213
146
425
16
-715
-796
-56
601
406
-361
-776
-359
330
352
-312
-685
-269
206
34
-387
-386
-126
-101
-208
-82
97
-90
-444
-356
134
284
-180
-614
-455
34
252
-50
-606
-756
-98
688
441
-656
-1008
31
973
367
-948
-1085
37
683
41
-718
-521
43
61
-193
-74
201
109
-164
-120
148
136
-215
-391
-86
279
136
-338
-416
70
440
185
-302
-365
-44
145
95
132
239
25
-363
-229
413
601
-16
-466
-29
581
447
-112
-230
109
266
79
-15
159
238
27
-131
57
352
378
148
-38
31
274
362
131
-89
51
286
195
9
150
344
116
-198
31
501
378
-200
-201
520
788
59
-508
67
853
535
-389
-490
308
811
439
-177
-287
119
507
425
-69
-421
-150
485
661
113
-385
-138
397
439
144
110
211
-4
-255
11
464
285
-426
-653
2
656
446
-210
-325
128
286
-161
-484
-121
406
258
-419
-644
-54
506
251
-338
-334
103
78
-439
-537
50
437
14
-585
-522
-22
100
-233
-368
-81
117
-92
-336
-237
-4
-25
-251
-312
-87
81
-138
-517
-500
-16
328
78
-434
-575
-274
13
17
-92
-152
-223
-269
-127
56
-110
-513
-515
30
371
-14
-537
-378
198
257
-312
-627
-232
235
135
-218
-219
22
20
-190
-202
-11
43
-13
119
269
-27
-534
-433
329
714
99
-689
-562
227
546
111
-276
-126
135
113
31
99
110
-41
-60
229
522
439
22
-345
-335
70
546
580
15
-535
-316
420
649
91
-373
-103
399
418
84
-61
51
122
127
242
340
140
-163
-75
360
525
179
-151
19
431
459
-1
-317
60
709
675
-96
-525
20
717
549
-141
-278
214
424
84
-32
381
515
-32
-355
190
714
240
-590
-526
315
737
303
-218
-169
168
268
158
124
100
-103
-291
-114
330
492
32
-643
-687
112
800
409
-578
-808
-20
618
284
-431
-576
-145
197
142
-79
-261
-369
-273
89
344
72
-479
-616
-145
361
281
-338
-773
-390
433
577
-278
-1003
-565
399
515
-296
-794
-350
234
119
-341
-413
-195
-180
-272
-133
24
-141
-379
-280
-8
3
-260
-431
-292
-18
63
-114
-248
-102
90
-57
-410
-390
118
401
-71
-652
-405
314
341
-349
-576
38
476
78
-469
-383
69
241
105
-3
-67
-204
-204
100
334
131
-160
-26
293
207
-206
-327
44
459
452
52
-312
-255
156
440
262
-117
-151
218
420
99
-291
-131
400
565
162
-231
-165
109
199
185
301
383
142
-200
-111
380
588
200
-166
93
577
523
27
-170
115
377
340
229
162
8
-92
211
729
731
70
-405
-74
487
447
-15
-160
134
396
369
182
-15
-96
88
432
489
78
-282
-75
342
271
-145
-174
204
267
-153
-337
94
523
314
-216
-341
4
287
224
-18
-247
-344
-154
220
280
-197
-622
-338
331
439
-184
-649
-326
230
174
-355
-522
-70
369
197
-386
-687
-347
272
503
93
-522
-707
-329
127
163
-155
-387
-331
-197
-219
-342
-345
-145
74
47
-229
-432
-325
-110
-125
-307
-279
-5
54
-325
-638
-340
255
344
-204
-681
-562
-145
16
-147
-304
-256
-77
76
39
-258
-529
-311
323
594
42
-685
-630
104
499
91
-449
-407
-18
99
-75
-143
-39
2
-18
53
92
-106
-311
-70
507
696
151
-494
-421
257
663
361
-142
-180
170
295
-13
-255
14
465
455
-1
-234
96
516
449
26
-157
119
462
461
178
-33
32
282
479
420
119
-119
16
415
588
282
-123
-72
379
572
182
-210
65
666
666
2
-348
136
715
567
44
-12
308
255
-117
-4
580
625
-118
-536
58
762
541
-154
-230
289
478
104
-148
24
168
102
187
387
184
-345
-431
117
493
141
-381
-277
289
489
45
-455
-442
-20
295
164
-251
-423
-90
275
67
-480
-563
-42
331
64
-392
-409
-87
31
-191
-418
-441
-347
-195
-5
1
-329
-641
-446
83
219
-298
-817
-596
138
392
-251
-957
-757
35
285
-258
-670
-362
78
-56
-482
-533
-262
-188
-281
-157
-23
-368
-827
-555
249
453
-232
-790
-500
68
87
-320
-483
-261
-69
-118
-228
-257
-219
-93
67
43
-168
-220
20
182
0
-233
-129
190
292
34
-286
-334
-80
233
335
145
-132
-156
140
402
295
-27
-140
73
318
317
129
18
128
335
410
281
92
22
118
302
449
461
332
172
89
97
161
280
434
476
286
23
25
333
554
387
91
126
456
577
286
-11
92
419
525
341
140
70
87
211
447
543
262
-92
47
564
648
70
-288
211
836
592
-186
-360
250
703
459
70
112
320
242
52
104
256
218
96
63
-5
-154
-105
223
432
212
-169
-234
61
306
183
-162
-327
-106
268
318
-115
-539
-374
154
264
-196
-517
-266
113
103
-160
-314
-349
-384
-316
-81
31
-217
-526
-471
-208
-208
-446
-458
-190
-112
-415
-665
-504
-205
-224
-489
-555
-323
-180
-368
-605
-528
-238
-103
-229
-417
-522
-549
-468
-281
-191
-393
-707
-733
-423
-187
-300
-513
-468
-248
-196
-362
-470
-369
-206
-163
-234
-300
-279
-197
-141
-154
-174
-149
-129
-167
-181
-49
148
163
-59
-229
-95
178
225
20
-92
75
274
222
38
30
220
349
280
150
103
128
190
296
373
292
115
105
322
467
342
188
280
490
534
412
312
305
349
417
465
434
377
413
498
438
247
237
513
680
424
80
132
446
549
397
298
332
346
325
364
415
352
229
217
338
421
362
263
265
343
366
257
106
135
414
599
313
-163
-155
352
613
270
-133
-44
332
476
274
-4
-121
-8
254
406
186
-231
-284
163
482
189
-283
-274
114
314
157
-88
-195
-124
50
110
-109
-387
-298
113
251
-165
-560
-328
179
170
-333
-570
-280
-24
-183
-403
-308
-138
-268
-528
-497
-242
-220
-515
-674
-455
-225
-372
-682
-715
-491
-356
-403
-479
-577
-751
-802
-518
-139
-114
-449
-696
-639
-544
-612
-652
-516
-427
-547
-663
-606
-527
-530
-479
-373
-418
-607
-649
-453
-278
-285
-316
-257
-272
-442
-495
-252
-4
-54
-201
-131
12
-58
-206
-130
84
114
-51
-105
77
259
219
66
55
214
334
290
188
185
292
401
428
384
317
254
246
363
558
634
499
344
377
525
583
539
520
549
555
539
550
556
493
403
394
479
562
583
571
540
472
408
414
450
415
323
298
368
427
408
373
377
368
288
205
247
403
497
405
219
128
181
267
305
298
245
136
55
135
346
450
276
-31
-135
88
378
391
131
-61
43
268
284
60
-103
2
220
307
255
172
58
-56
-9
205
289
84
-123
-37
162
117
-115
-166
29
137
-6
-157
-121
-51
-96
-141
-97
-80
-169
-268
-311
-327
-285
-154
-75
-226
-488
-539
-329
-195
-373
-617
-570
-323
-275
-543
-815
-789
-540
-403
-573
-860
-910
-658
-426
-471
-670
-763
-711
-644
-600
-531
-472
-518
-644
-713
-674
-627
-628
-613
-549
-510
-540
-585
-602
-592
-560
-523
-539
-594
-571
-429
-305
-320
-390
-345
-202
-140
-221
-290
-209
-48
43
28
-23
-49
-27
30
71
68
68
123
210
266
281
293
310
305
272
253
290
384
499
588
608
559
506
513
564
601
618
639
657
647
627
618
598
555
537
588
658
659
597
565
602
641
634
609
590
552
511
521
571
570
487
400
375
371
325
268
284
369
420
357
218
108
98
165
221
203
150
128
125
92
56
78
133
122
33
-27
19
119
172
154
98
38
-1
9
55
75
67
102
189
216
121
8
16
134
222
195
105
46
37
26
-14
-38
13
112
147
39
-128
-171
-20
164
168
-26
-221
-237
-102
-3
-66
-213
-275
-213
-156
-212
-327
-381
-342
-290
-296
-366
-456
-520
-540
-539
-556
-594
-609
-601
-634
-730
-794
-770
-761
-876
-1021
-1012
-863
-776
-843
-924
-869
-733
-658
-662
-678
-689
-705
-677
-587
-546
-656
-810
-790
-582
-430
-514
-695
-716
-558
-446
-508
-604
-546
-364
-254
-301
-385
-360
-247
-156
-115
-57
43
131
175
216
281
329
327
316
347
389
380
343
357
432
484
469
459
526
634
697
702
717
781
848
865
845
833
837
831
807
793
810
848
878
876
839
786
742
710
678
644
625
626
621
588
549
534
540
535
510
487
477
461
433
416
417
402
342
250
167
122
119
135
131
93
47
36
60
74
36
-47
-120
-131
-80
-24
-28
-93
-149
-127
-49
6
6
-12
-10
9
22
12
-27
-70
-73
-22
34
47
29
35
79
113
110
100
125
166
177
143
99
85
108
132
114
68
47
72
103
101
82
72
62
26
-39
-112
-177
-218
-217
-195
-215
-296
-366
-352
-308
-334
-428
-498
-512
-535
-605
-674
-709
-757
-853
-943
-969
-972
-1021
-1089
-1104
-1088
-1130
-1223
-1251
-1155
-1034
-1001
-1016
-949
-783
-652
-668
-779
-838
-783
-685
-646
-678
-709
-685
-641
-644
-703
-754
-734
-642
-535
-458
-414
-375
-325
-269
-220
-178
-124
-38
69
169
249
330
434
546
620
630
608
616
674
723
706
655
645
681
701
680
680
756
876
970
1023
1059
1082
1089
1107
1153
1180
1149
1105
1107
1129
1106
1046
1013
1006
965
872
798
781
768
702
612
559
548
549
551
545
513
468
461
498
509
434
314
243
250
260
201
84
-25
-82
-99
-120
-169
-229
-256
-238
-212
-218
-253
-287
-307
-318
-320
-307
-283
-269
-268
-261
-233
-201
-185
-180
-172
-162
-162
-167
-158
-133
-112
-104
-86
-35
31
71
75
83
135
215
260
240
194
185
217
241
223
192
189
202
189
150
134
165
197
176
114
63
37
-1
-69
-135
-168
-181
-203
-234
-260
-296
-353
-410
-436
-455
-522
-639
-747
-821
-894
-988
-1070
-1117
-1160
-1228
-1284
-1297
-1316
-1392
-1468
-1437
-1312
-1211
-1182
-1136
-1020
-919
-923
-972
-942
-836
-768
-775
-776
-719
-670
-701
-776
-822
-822
-788
-702
-569
-464
-447
-446
-346
-175
-80
-102
-87
94
362
531
565
589
687
805
870
891
918
963
1010
1053
1078
1064
1010
959
940
947
971
1038
1160
1286
1358
1381
1405
1440
1455
1442
1440
1482
1546
1570
1512
1393
1266
1167
1093
1017
926
838
786
776
772
712
572
407
316
337
393
392
338
300
295
268
186
84
10
-29
-60
-106
-166
-232
-306
-396
-500
-592
-629
-610
-587
-597
-607
-573
-531
-542
-593
-619
-602
-562
-502
-426
-375
-374
-378
-345
-308
-331
-380
-356
-247
-155
-136
-135
-104
-69
-44
6
86
158
217
296
384
426
420
420
449
464
449
462
526
565
515
428
393
405
403
374
347
333
318
289
239
165
87
26
-24
-78
-129
-160
-184
-239
-327
-403
-462
-558
-710
-852
-932
-982
-1051
-1139
-1232
-1345
-1476
-1576
-1620
-1660
-1755
-1863
-1891
-1825
-1736
-1657
-1548
-1394
-1252
-1167
-1106
-1033
-983
-994
-1023
-1001
-941
-916
-942
-956
-922
-869
-820
-747
-640
-536
-458
-369
-235
-101
-31
-6
58
204
394
566
704
838
1006
1199
1349
1403
1392
1395
1441
1490
1501
1476
1436
1387
1344
1333
1357
1387
1429
1524
1661
1754
1751
1711
1707
1729
1719
1662
1595
1552
1530
1503
1440
1336
1216
1117
1041
957
842
710
590
487
391
290
168
35
-54
-58
-27
-47
-119
-179
-211
-264
-354
-432
-480
-546
-665
-789
-857
-882
-916
-964
-988
-984
-969
-945
-912
-896
-904
-905
-880
-858
-872
-889
-849
-741
-633
-579
-560
-513
-419
-326
-280
-271
-254
-200
-132
-80
-43
5
73
153
240
334
420
488
553
629
696
723
717
713
723
722
706
699
708
697
648
604
603
616
587
525
482
464
416
320
222
157
98
27
-22
-32
-60
-164
-315
-445
-555
-693
-863
-1013
-1128
-1254
-1412
-1562
-1678
-1776
-1862
-1917
-1942
-1981
-2063
-2160
-2216
-2190
-2081
-1925
-1767
-1628
-1496
-1359
-1241
-1180
-1168
-1161
-1125
-1066
-994
-927
-908
-941
-957
-886
-751
-630
-541
-434
-287
-137
-18
81
184
292
424
609
825
1002
1120
1247
1436
1640
1781
1848
1888
1930
1962
1968
1948
1910
1859
1804
1762
1748
1755
1772
1799
1843
1902
1954
1968
1937
1878
1813
1740
1659
1585
1521
1444
1336
1221
1132
1050
934
787
659
572
483
341
159
-14
-152
-268
-375
-466
-536
-594
-648
-693
-728
-765
-819
-883
-938
-983
-1037
-1117
-1209
-1278
-1304
-1302
-1299
-1297
-1270
-1207
-1137
-1099
-1092
-1079
-1036
-980
-934
-884
-808
-708
-607
-516
-435
-360
-286
-197
-91
10
91
164
250
335
390
428
494
589
674
741
820
916
992
1035
1071
1111
1125
1091
1044
1019
993
938
874
844
831
798
753
736
729
674
561
447
374
313
218
94
-14
-86
-137
-191
-273
-400
-566
-735
-876
-1000
-1139
-1301
-1470
-1628
-1785
-1953
-2125
-2268
-2360
-2418
-2472
-2535
-2597
-2643
-2662
-2635
-2533
-2352
-2129
-1904
-1692
-1506
-1379
-1317
-1271
-1190
-1083
-990
-908
-812
-713
-656
-646
-625
-551
-432
-295
-132
56
245
416
579
735
866
982
1127
1321
1533
1731
1925
2133
2328
2456
2501
2498
2487
2474
2449
2402
2339
2274
2215
2134
2011
1878
1797
1787
1820
1866
1913
1935
1904
1826
1728
1617
1473
1318
1213
1171
1123
1003
835
668
502
309
109
-57
-189
-326
-479
-620
-735
-838
-942
-1033
-1086
-1101
-1104
-1117
-1147
-1182
-1203
-1206
-1212
-1242
-1295
-1351
-1394
-1412
-1402
-1373
-1340
-1301
-1237
-1151
-1068
-1010
-964
-900
-803
-689
-580
-482
-390
-292
-183
-67
44
150
264
392
509
583
617
647
695
748
791
845
931
1034
1117
1172
1226
1292
1344
1351
1317
1269
1232
1208
1181
1124
1031
927
845
783
712
626
539
459
386
315
231
106
-57
-206
-288
-332
-409
-527
-618
-652
-690
-790
-930
-1078
-1248
-1439
-1613
-1758
-1923
-2142
-2363
-2518
-2618
-2722
-2835
-2920
-2963
-2977
-2946
-2867
-2801
-2793
-2761
-2584
-2268
-1938
-1674
-1431
-1156
-881
-677
-562
-505
-467
-395
-238
-30
115
133
90
100
196
326
446
566
730
970
1268
1548
1724
1793
1862
2028
2260
2454
2573
2670
2791
2917
2990
2971
2860
2704
2570
2490
2416
2278
2084
1904
1776
1665
1531
1386
1262
1177
1143
1166
1204
1181
1072
932
812
693
533
355
215
116
12
-122
-272
-443
-651
-862
-1010
-1074
-1113
-1181
-1258
-1290
-1279
-1274
-1301
-1332
-1327
-1279
-1203
-1118
-1049
-1019
-1025
-1041
-1046
-1043
-1042
-1031
-983
-892
-777
-666
-575
-503
-438
-357
-248
-130
-35
37
119
229
356
479
595
703
798
883
965
1034
1059
1034
993
976
974
959
929
908
913
955
1034
1114
1139
1096
1036
997
960
898
830
784
744
670
558
439
316
174
43
-33
-70
-126
-222
-327
-420
-508
-586
-647
-713
-809
-916
-995
-1043
-1099
-1168
-1217
-1246
-1307
-1422
-1566
-1727
-1925
-2136
-2296
-2396
-2501
-2643
-2771
-2832
-2856
-2901
-2958
-2968
-2917
-2845
-2768
-2655
-2462
-2163
-1754
-1282
-840
-497
-236
-8
187
307
359
428
581
785
947
1010
997
962
951
993
1087
1205
1325
1466
1653
1864
2021
2086
2114
2191
2340
2510
2655
2781
2892
2962
2963
2894
2757
2545
2281
2033
1844
1697
1536
1333
1091
824
563
358
237
174
134
132
191
266
264
153
-17
-165
-252
-283
-291
-321
-400
-515
-629
-742
-889
-1077
-1250
-1337
-1334
-1293
-1277
-1306
-1350
-1353
-1288
-1179
-1061
-934
-774
-584
-406
-290
-258
-293
-341
-343
-270
-155
-49
33
118
209
274
295
290
289
319
403
526
636
695
728
792
890
971
1009
1034
1074
1110
1118
1105
1071
994
882
784
716
646
562
500
487
499
502
494
477
428
347
285
275
275
234
174
138
102
24
-74
-144
-199
-279
-371
-439
-501
-611
-760
-874
-922
-952
-1000
-1043
-1064
-1094
-1140
-1168
-1158
-1152
-1176
-1214
-1264
-1367
-1547
-1753
-1926
-2072
-2224
-2356
-2419
-2438
-2491
-2600
-2711
-2775
-2802
-2805
-2763
-2657
-2498
-2291
-2007
-1642
-1258
-920
-604
-245
150
486
703
840
964
1083
1169
1213
1218
1184
1148
1172
1266
1354
1378
1394
1493
1663
1799
1859
1909
2006
2128
2257
2416
2592
2721
2781
2826
2879
2867
2729
2520
2332
2161
1935
1640
1325
1003
658
327
80
-79
-201
-298
-331
-301
-269
-280
-309
-325
-336
-350
-349
-336
-365
-462
-577
-656
-720
-820
-953
-1061
-1112
-1134
-1173
-1237
-1290
-1302
-1261
-1172
-1053
-917
-772
-602
-394
-172
8
115
181
262
364
433
437
417
426
463
500
516
504
468
448
488
576
646
663
674
728
794
812
788
779
807
853
912
980
1001
928
797
686
601
492
352
234
168
126
73
8
-63
-136
-176
-142
-54
12
31
47
79
89
58
10
-43
-108
-169
-193
-196
-238
-331
-415
-448
-474
-544
-637
-699
-722
-724
-708
-700
-739
-815
-866
-871
-878
-917
-948
-939
-931
-1001
-1167
-1398
-1664
-1940
-2171
-2323
-2429
-2525
-2591
-2599
-2600
-2668
-2797
-2917
-2965
-2922
-2781
-2531
-2155
-1652
-1047
-418
124
505
743
902
1011
1068
1104
1170
1279
1396
1482
1494
1413
1283
1199
1217
1317
1449
1596
1754
1889
1957
1954
1913
1875
1894
2029
2279
2551
2754
2881
2946
2899
2690
2357
1998
1659
1342
1053
801
553
258
-81
-395
-641
-815
-901
-865
-734
-589
-482
-425
-439
-542
-685
-775
-771
-709
-627
-538
-459
-435
-484
-581
-700
-839
-972
-1042
-1028
-982
-945
-902
-829
-726
-595
-425
-214
26
292
572
809
930
920
848
780
728
691
703
775
856
883
850
775
662
533
452
462
529
588
608
595
549
469
395
375
413
470
523
563
555
457
281
82
-99
-250
-361
-417
-428
-425
-421
-398
-340
-272
-221
-181
-118
-27
62
114
121
99
66
22
-36
-99
-140
-147
-124
-87
-56
-53
-92
-166
-250
-332
-417
-501
-559
-571
-552
-536
-529
-518
-516
-556
-655
-797
-963
-1150
-1352
-1559
-1780
-2040
-2324
-2568
-2737
-2868
-2997
-3087
-3084
-3022
-3004
-3065
-3132
-3119
-2994
-2735
-2306
-1731
-1114
-524
54
609
1036
1266
1382
1522
1698
1812
1832
1824
1815
1766
1695
1673
1685
1652
1598
1638
1786
1912
1947
1987
2112
2239
2272
2275
2361
2496
2590
2674
2807
2902
2821
2587
2316
2011
1597
1118
720
430
115
-290
-682
-976
-1216
-1429
-1534
-1494
-1398
-1315
-1209
-1070
-995
-1031
-1077
-1015
-876
-771
-716
-649
-577
-556
-574
-575
-578
-643
-749
-815
-827
-829
-826
-761
-592
-336
-32
280
556
761
909
1046
1185
1293
1357
1390
1399
1381
1347
1297
1201
1052
905
810
750
682
598
514
431
348
276
222
154
62
0
24
104
161
176
175
142
44
-93
-215
-328
-470
-613
-688
-684
-676
-709
-742
-724
-662
-575
-453
-300
-161
-50
69
204
293
299
266
265
309
365
406
421
397
326
226
120
5
-111
-181
-163
-94
-60
-108
-222
-356
-479
-580
-654
-694
-695
-678
-699
-811
-1023
-1291
-1560
-1803
-2024
-2236
-2445
-2646
-2819
-2948
-3049
-3156
-3267
-3347
-3381
-3394
-3401
-3365
-3210
-2871
-2330
-1624
-838
-68
624
1222
1709
2045
2214
2260
2267
2288
2326
2358
2364
2334
2281
2231
2195
2143
2043
1917
1831
1839
1917
1988
1996
1958
1924
1928
1966
2022
2102
2221
2379
2527
2568
2406
2015
1476
913
405
-47
-466
-838
-1144
-1392
-1611
-1818
-2010
-2149
-2170
-2028
-1762
-1495
-1317
-1220
-1145
-1068
-999
-923
-801
-622
-407
-177
38
179
202
144
81
42
6
-34
-45
-3
92
234
416
608
768
903
1064
1261
1441
1564
1643
1685
1663
1561
1409
1234
1047
869
746
686
632
520
351
162
-30
-221
-384
-491
-554
-591
-599
-579
-560
-559
-547
-493
-408
-332
-277
-235
-220
-259
-348
-448
-541
-629
-693
-702
-648
-558
-439
-289
-118
36
154
248
339
426
498
544
562
554
533
523
528
533
532
527
512
462
358
207
41
-102
-203
-268
-321
-378
-442
-512
-588
-658
-711
-752
-806
-898
-1040
-1237
-1489
-1767
-2028
-2254
-2471
-2692
-2895
-3058
-3201
-3344
-3462
-3517
-3509
-3472
-3431
-3378
-3283
-3089
-2723
-2153
-1433
-660
110
860
1538
2060
2393
2590
2723
2823
2894
2926
2898
2792
2642
2521
2457
2401
2303
2190
2116
2080
2027
1936
1832
1750
1704
1697
1725
1760
1788
1828
1911
2012
2053
1975
1786
1514
1160
720
221
-289
-772
-1209
-1584
-1895
-2154
-2369
-2509
-2534
-2451
-2308
-2138
-1933
-1690
-1442
-1225
-1042
-868
-673
-445
-182
91
336
527
670
778
836
825
758
683
635
620
622
623
624
643
713
847
1013
1161
1272
1365
1450
1504
1500
1437
1334
1216
1100
979
827
625
401
209
75
-35
-161
-311
-471
-633
-784
-903
-983
-1035
-1052
-1005
-897
-783
-712
-669
-608
-515
-412
-315
-226
-168
-167
-208
-249
-278
-309
-331
-301
-204
-72
59
187
309
408
478
545
622
677
682
657
640
631
599
534
462
399
340
289
258
244
214
152
73
-10
-120
-283
-478
-645
-755
-826
-882
-923
-956
-1017
-1138
-1305
-1491
-1691
-1912
-2136
-2334
-2518
-2725
-2951
-3150
-3304
-3442
-3563
-3614
-3578
-3511
-3455
-3371
-3184
-2871
-2444
-1880
-1161
-346
468
1244
1973
2580
2972
3171
3296
3414
3485
3478
3443
3428
3396
3298
3150
2971
2727
2420
2144
1974
1847
1671
1462
1299
1186
1054
898
793
784
845
960
1133
1298
1330
1191
957
675
298
-195
-712
-1142
-1473
-1753
-1987
-2151
-2265
-2357
-2398
-2347
-2235
-2118
-1971
-1728
-1402
-1089
-842
-625
-391
-139
123
409
721
1021
1279
1498
1656
1689
1571
1376
1199
1067
952
848
778
761
784
824
863
883
885
894
941
1003
1025
981
894
795
684
541
360
164
-2
-114
-185
-257
-356
-481
-610
-727
-830
-927
-1016
-1081
-1095
-1048
-967
-894
-830
-741
-610
-469
-348
-241
-133
-30
63
145
205
216
180
146
158
198
236
296
416
566
675
718
720
695
643
592
577
578
540
459
392
356
298
192
99
72
76
64
39
14
-40
-137
-232
-294
-376
-537
-737
-883
-969
-1065
-1198
-1328
-1451
-1609
-1803
-1995
-2192
-2440
-2719
-2943
-3082
-3209
-3380
-3542
-3608
-3581
-3515
-3425
-3307
-3181
-3040
-2791
-2350
-1738
-1031
-247
631
1537
2318
2874
3222
3430
3546
3620
3701
3769
3761
3662
3537
3419
3259
3004
2691
2395
2142
1902
1650
1391
1131
886
692
572
490
399
319
316
420
583
733
822
829
735
534
232
-147
-570
-979
-1314
-1554
-1732
-1890
-2041
-2163
-2225
-2207
-2116
-1969
-1779
-1547
-1286
-1025
<<<<<<< Updated upstream
-1038
-1034
-1031
-1032
-1032
-1026
-1004
-946
-837
-692
-533
-359
-153
85
340
605
882
1165
1435
1674
1868
1994
2026
1967
1856
1727
1584
1419
1245
1071
898
726
563
410
249
73
-97
-236
-355
-483
-615
-711
-745
-718
-647
-545
-432
-323
-215
-102
-2
49
50
38
40
40
8
-47
-94
-117
-123
-115
-98
-80
-64
-39
1
31
24
-11
-38
-39
-32
-23
3
59
131
202
268
325
363
381
392
407
410
381
320
245
164
77
-4
-67
-110
-142
-154
-139
-113
-108
-134
-169
-184
-178
-170
-173
-182
-180
-162
-141
-151
-215
-316
-416
-489
-556
-655
-798
-958
-1110
-1261
-1445
-1681
-1945
-2186
-2375
-2525
-2663
-2794
-2892
-2929
-2911
-2872
-2850
-2853
-2854
-2810
-2690
-2478
-2146
-1654
-990
-197
639
1435
2132
2693
3095
3344
3476
3537
3563
3578
3592
3595
3569
3504
3396
3220
2944
2568
2137
1699
1268
838
424
56
-252
-505
-713
-876
-990
-1038
-990
-838
-629
-431
-284
-191
-152
-183
-282
-419
-556
-677
-770
-821
-838
-854
-886
-914
-914
-888
-857
-823
-774
-704
-607
-471
-293
-98
89
287
530
817
1103
1353
1568
1750
1883
1944
1924
1827
1667
1483
1321
1190
1055
890
710
541
379
205
23
-146
-291
-413
-510
-580
-630
-670
-690
-668
-602
-514
-419
-317
-211
-116
-34
42
108
142
134
98
57
16
-30
-72
-96
-95
-76
-48
-22
-15
-28
-45
-49
-44
-42
-42
-34
-10
28
72
120
174
227
276
319
352
368
365
341
300
246
187
122
45
-41
-121
-175
-197
-198
-197
-201
-204
-196
-182
-184
-217
-272
-310
-311
-292
-284
-295
-307
-311
-321
-366
-468
-624
-805
-979
-1136
-1300
-1490
-1693
-1877
-2037
-2202
-2385
-2561
-2695
-2773
-2804
-2806
-2806
-2829
-2874
-2910
-2900
-2812
-2603
-2224
-1647
-910
-86
754
1541
2201
2683
2999
3202
3339
3430
3493
3553
3618
3675
3699
3665
3542
3308
2984
2613
2208
1747
1229
707
240
-155
-498
-796
-1031
-1180
-1225
-1160
-1006
-814
-630
-462
-315
-220
-223
-320
-453
-569
-646
-686
-695
-684
-674
-675
-681
-689
-714
-757
-788
-782
-744
-692
-627
-538
-422
-269
-61
209
522
844
1158
1458
1727
1922
2018
2021
1958
1852
1721
1579
1424
1255
1078
909
742
556
341
116
-89
-267
-428
-579
-713
-814
-870
-883
-860
-809
-726
-604
-447
-280
-130
-7
92
174
230
250
231
188
143
109
81
49
8
-29
-55
-70
-83
-98
-117
-137
-147
-139
-121
-107
-94
-68
-13
64
150
234
311
378
432
475
494
469
396
306
226
155
78
-9
-85
-140
-179
-210
-240
-274
-308
-323
-303
-268
-252
-260
-264
-247
-220
-202
-189
-174
-164
-173
-203
-252
-328
-432
-548
-666
-803
-980
-1189
-1414
-1651
-1905
-2156
-2371
-2536
-2666
-2768
-2828
-2845
-2839
-2831
-2828
-2838
-2863
-2871
-2795
-2570
-2167
-1578
-811
86
1007
1829
2471
2906
3140
3218
3221
3242
3323
3457
3612
3747
3810
3755
3568
3266
2873
2414
1926
1456
1024
617
218
-158
-486
-759
-978
-1135
-1211
-1190
-1070
-867
-622
-399
-250
-190
-204
-281
-408
-553
-664
-706
-685
-634
-589
-577
-606
-665
-735
-803
-860
-891
-881
-823
-728
-613
-479
-315
-113
132
421
747
1097
1447
1762
2003
2138
2160
2082
1934
1750
1567
1406
1279
1179
1085
968
798
565
291
15
-236
-446
-612
-730
-804
-840
-844
-824
-791
-748
-678
-557
-386
-200
-32
105
205
262
267
226
154
70
6
-8
23
67
91
97
101
99
69
9
-60
-117
-152
-161
-143
-111
-74
-16
80
197
297
356
390
423
450
452
423
367
284
186
94
20
-48
-114
-158
-161
-136
-121
-135
-167
-208
-254
-295
-321
-331
-336
-326
-284
-211
-135
-75
-30
2
5
-40
-132
-261
-424
-618
-825
-1032
-1244
-1467
-1691
-1900
-2095
-2285
-2461
-2606
-2713
-2790
-2843
-2872
-2888
-2911
-2950
-2986
-2979
-2892
-2679
-2299
-1740
-1029
-217
636
1458
2170
2716
3091
3326
3465
3542
3588
3625
3664
3705
3740
3741
3671
3492
3199
2807
2340
1817
1263
712
202
-235
-591
-874
-1098
-1267
-1371
-1391
-1321
-1173
-973
-751
-539
-368
-265
-245
-303
-405
-503
-559
-564
-526
-460
-387
-333
-319
-355
-438
-550
-661
-737
-761
-741
-692
-613
-495
-331
-120
138
446
789
1141
1471
1748
1938
2017
1993
1905
1793
1679
1578
1494
1416
1321
1191
1029
837
612
354
85
-166
-387
-581
-749
-882
-976
-1024
-1014
-942
-833
-713
-588
-443
-276
-112
24
126
197
239
251
240
208
161
117
112
154
214
250
249
222
179
115
32
-61
-150
-213
-229
-188
-115
-47
11
78
168
264
342
393
419
429
426
409
364
280
170
70
5
-30
-60
-92
-119
-139
-159
-188
-227
-275
-323
-357
-372
-374
-375
-371
-347
-303
-254
-217
-198
-200
-227
-285
-374
-487
-616
-752
-892
-1041
-1210
-1404
-1611
-1817
-2014
-2196
-2357
-2490
-2589
-2658
-2704
-2742
-2788
-2845
-2904
-2940
-2919
-2799
-2540
-2115
-1521
-784
41
876
1645
2286
2775
3111
3317
3430
3498
3556
3627
3711
3794
3845
3830
3722
3511
3190
2760
2240
1671
1102
566
80
-348
-716
-1027
-1284
-1478
-1595
-1626
-1570
-1428
-1217
-974
-748
-572
-461
-416
-426
-465
-493
-480
-424
-338
-237
-143
-76
-52
-75
-138
-235
-347
-444
-504
-529
-526
-492
-413
-284
-111
106
366
658
956
1231
1455
1606
1674
1676
1640
1589
1530
1469
1416
1370
1308
1205
1054
863
649
423
195
-31
-258
-481
-681
-839
-945
-1002
-1006
-951
-845
-706
-556
-410
-281
-178
-95
-20
57
131
194
243
279
303
318
329
336
334
316
284
234
164
69
-41
-146
-229
-280
-297
-284
-250
-203
-147
-79
-3
78
155
223
273
296
294
271
238
205
181
170
165
152
122
72
11
-50
-99
-136
-165
-188
-208
-226
-249
-281
-316
-335
-328
-293
-241
-195
-170
-174
-205
-260
-343
-457
-593
-734
-871
-1005
-1140
-1283
-1436
-1605
-1788
-1979
-2175
-2368
-2542
-2679
-2768
-2818
-2845
-2863
-2881
-2898
-2897
-2838
-2678
-2377
-1913
-1285
-523
306
1117
1834
2415
2844
3128
3296
3391
3457
3531
3635
3764
3882
3934
3885
3722
3447
3062
2570
1999
1394
807
280
-172
-556
-894
-1192
-1437
-1606
-1691
-1699
-1636
-1502
-1306
-1076
-852
-676
-573
-539
-543
-541
-508
-443
-358
-257
-148
-45
27
45
2
-93
-210
-317
-400
-458
-493
-493
-442
-333
-179
4
210
446
717
1010
1290
1515
1659
1721
1721
1681
1611
1521
1431
1360
1310
1260
1176
1033
829
584
320
55
-204
-451
-675
-858
-988
-1061
-1081
-1054
-982
-870
-729
-573
-414
-265
-131
-12
90
176
242
287
316
335
355
379
407
432
439
417
358
265
145
13
-115
-220
-290
-323
-327
-312
-281
-238
-183
-117
-46
23
85
138
182
210
213
188
146
104
76
63
57
48
33
16
-2
-26
-69
-136
-214
-277
-309
-309
-291
-268
-238
-197
-142
-83
-39
-22
-29
-49
-77
-123
-201
-316
-457
-609
-764
-927
-1102
-1288
-1472
-1642
-1794
-1942
-2101
-2273
-2447
-2608
-2744
-2856
-2943
-3001
-3026
-3012
-2955
-2851
-2681
-2413
-2012
-1461
-780
-22
743
1453
2059
2536
2878
3102
3240
3338
3438
3564
3711
3848
3936
3941
3842
3626
3289
2839
2299
1713
1126
582
101
-315
-674
-982
-1239
-1437
-1567
-1623
-1599
-1500
-1340
-1150
-967
-827
-743
-706
-690
-667
-618
-534
-416
-268
-111
29
120
144
102
14
-93
-203
-304
-383
-426
-415
-349
-242
-117
17
171
364
603
869
1126
1343
1503
1603
1646
1630
1563
1469
1386
1341
1333
1332
1293
1188
1014
784
514
219
-81
-359
-581
-730
-812
-853
-875
-886
-875
-834
-764
-672
-563
-434
-286
-128
17
127
198
242
276
311
344
371
396
425
457
479
468
412
313
187
54
-70
-175
-251
-287
-282
-244
-194
-148
-115
-90
-66
-37
-5
27
59
88
108
116
110
94
74
57
41
21
-5
-34
-62
-89
-118
-154
-195
-235
-264
-274
-262
-233
-188
-137
-90
-56
-45
-59
-91
-136
-186
-235
-286
-343
-418
-521
-656
-816
-985
-1149
-1304
-1455
-1610
-1772
-1942
-2114
-2289
-2462
-2622
-2748
-2824
-2854
-2857
-2856
-2859
-2846
-2775
-2603
-2294
-1833
-1221
-488
309
1093
1781
2323
2707
2963
3136
3274
3409
3564
3743
3929
4078
4142
4079
3875
3541
3101
2580
2006
1417
854
351
-88
-476
-833
-1161
-1441
-1644
-1757
-1781
-1727
-1604
-1424
-1218
-1028
-896
-832
-807
-775
-701
-575
-412
-227
-34
149
287
344
299
176
24
-106
-191
-237
-255
-247
-208
-142
-69
-5
57
153
322
569
859
1132
1343
1478
1545
1553
1508
1422
1328
1266
1260
1291
1309
1262
1127
917
660
378
88
-192
-433
-609
-712
-765
-800
-839
-878
-894
-868
-798
-692
-562
-410
-247
-88
41
124
168
197
237
296
368
441
504
556
588
585
530
419
268
108
-32
-139
-215
-265
-288
-287
-267
-243
-230
-232
-238
-231
-200
-151
-98
-54
-23
2
26
49
66
75
78
81
89
92
83
51
-2
-67
-134
-192
-239
-270
-280
-265
-227
-177
-132
-108
-107
-122
-144
-168
-194
-229
-271
-319
-371
-432
-510
-610
-730
-861
-997
-1139
-1295
-1472
-1666
-1864
-2054
-2231
-2393
-2539
-2658
-2740
-2788
-2816
-2845
-2885
-2917
-2899
-2782
-2524
-2106
-1530
-822
-31
774
1515
2126
2577
2879
3076
3221
3356
3507
3678
3859
4020
4125
4131
4009
3746
3355
2862
2301
1710
1122
562
47
-420
-839
-1207
-1511
-1735
-1866
-1902
-1852
-1735
-1575
-1399
-1238
-1113
-1030
-973
-911
-815
-674
-489
-276
-56
148
311
406
418
354
240
107
-13
-106
-165
-190
-184
-152
-101
-35
52
175
346
562
798
1021
1202
1328
1400
1424
1413
1384
1357
1348
1358
1368
1350
1277
1144
956
729
474
201
-76
-337
-560
-732
-855
-937
-983
-995
-970
-912
-834
-747
-655
-558
-451
-336
-219
-104
6
118
233
348
451
532
587
618
625
605
552
464
350
224
103
-4
-94
-166
-217
-242
-244
-232
-222
-224
-236
-246
-244
-227
-204
-181
-158
-127
-81
-25
30
72
99
120
139
151
146
117
67
9
-45
-90
-128
-160
-179
-176
-152
-118
-89
-78
-85
-103
-125
-148
-172
-196
-222
-251
-288
-339
-405
-487
-583
-694
-820
-963
-1123
-1297
-1482
-1674
-1868
-2055
-2226
-2374
-2492
-2579
-2635
-2665
-2681
-2701
-2738
-2791
-2827
-2798
-2646
-2329
-1827
-1156
-359
487
1292
1971
2474
2803
3007
3152
3296
3470
3678
3908
4128
4292
4344
4241
3969
3551
3033
2462
1872
1289
737
237
-202
-593
-957
-1307
-1629
-1888
-2047
-2095
-2041
-1913
-1738
-1546
-1367
-1228
-1139
-1076
-998
-862
-654
-396
-126
120
320
455
512
483
383
248
123
39
0
-11
-10
-3
13
41
82
146
248
411
638
906
1166
1368
1481
1508
1475
1418
1371
1358
1388
1449
1509
1522
1450
1277
1013
694
356
36
-245
-473
-646
-771
-858
-923
-972
-1008
-1029
-1029
-1003
-946
-853
-728
-578
-417
-260
-118
4
111
213
318
429
542
644
718
750
734
673
576
457
331
211
107
26
-36
-85
-128
-165
-198
-228
-260
-295
-329
-353
-356
-335
-296
-246
-190
-130
-69
-13
31
60
80
95
106
104
82
41
-7
-51
-83
-107
-124
-131
-121
-93
-60
-39
-46
-79
-127
-174
-214
-245
-262
-260
-239
-211
-198
-226
-305
-427
-572
-725
-877
-1027
-1177
-1328
-1484
-1653
-1841
-2045
-2250
-2430
-2562
-2639
-2671
-2680
-2690
-2715
-2756
-2793
-2784
-2676
-2415
-1967
-1335
-562
273
1083
1790
2347
2744
3006
3177
3310
3451
3624
3828
4033
4193
4260
4199
3997
3657
3196
2640
2028
1403
808
273
-197
-612
-984
-1319
-1605
-1827
-1974
-2038
-2020
-1923
-1761
-1566
-1377
-1225
-1121
-1045
-962
-844
-681
-477
-244
0
232
418
529
549
491
383
260
145
50
-16
-45
-31
22
99
188
291
420
588
790
1005
1203
1362
1470
1527
1539
1517
1484
1463
1471
1503
1531
1517
1432
1265
1024
729
403
75
-228
-484
-686
-840
-956
-1041
-1095
-1115
-1103
-1064
-1004
-926
-832
-726
-616
-508
-401
-286
-156
-11
138
281
413
532
636
715
758
758
717
646
551
441
320
200
98
28
-10
-25
-33
-45
-69
-104
-151
-208
-268
-318
-348
-352
-332
-297
-253
-203
-150
-96
-49
-12
13
25
26
15
-8
-39
-72
-101
-121
-131
-131
-121
-102
-78
-55
-40
-39
-52
-79
-116
-161
-208
-248
-275
-288
-292
-298
-314
-347
-403
-486
-602
-745
-908
-1074
-1236
-1392
-1551
-1719
-1895
-2069
-2231
-2370
-2482
-2564
-2618
-2648
-2668
-2692
-2721
-2731
-2673
-2491
-2142
-1618
-946
-180
611
1355
1985
2461
2775
2965
3098
3239
3425
3656
3903
4123
4273
4312
4204
3929
3496
2949
2349
1748
1175
632
119
-361
-795
-1177
-1508
-1788
-2001
-2124
-2138
-2053
-1908
-1753
-1618
-1508
-1408
-1310
-1207
-1089
-937
-725
-449
-135
166
406
562
637
641
583
473
336
212
140
132
166
209
240
264
306
385
504
658
840
1041
1241
1408
1507
1525
1481
1423
1393
1409
1456
1506
1528
1499
1400
1218
954
628
277
-58
-351
-594
-792
-953
-1080
-1172
-1232
-1264
-1272
-1256
-1211
-1135
-1027
-896
-753
-608
-466
-327
-182
-25
144
321
492
644
764
843
871
846
773
669
556
451
356
266
177
94
26
-22
-56
-89
-128
-174
-219
-258
-292
-325
-349
-355
-330
-279
-216
-159
-114
-76
-40
-8
11
11
-9
-38
-70
-99
-126
-150
-162
-154
-123
-76
-28
7
21
12
-15
-54
-97
-138
-170
-189
-196
-195
-195
-208
-244
-302
-374
-453
-541
-649
-788
-959
-1146
-1333
-1510
-1682
-1852
-2016
-2157
-2262
-2336
-2395
-2451
-2498
-2523
-2525
-2525
-2542
-2566
-2545
-2407
-2099
-1614
-986
-262
507
1265
1939
2458
2788
2960
3057
3163
3316
3502
3683
3834
3942
3986
3924
3714
3350
2873
2350
1826
1304
767
222
-296
-743
-1107
-1406
-1664
-1873
-1999
-2013
-1935
-1816
-1707
-1619
-1534
-1434
-1324
-1221
-1118
-980
-768
-479
-161
122
327
452
519
540
508
425
317
228
191
200
223
233
239
270
349
472
616
762
909
1059
1200
1306
1355
1352
1331
1329
1363
1420
1475
1511
1517
1480
1384
1212
968
682
389
115
-131
-355
-558
-735
-878
-987
-1070
-1131
-1166
-1166
-1129
-1065
-991
-916
-839
-750
-644
-522
-384
-232
-63
119
301
462
587
667
705
708
680
624
549
465
385
312
249
191
139
94
56
21
-18
-65
-119
-176
-230
-276
-311
-332
-334
-315
-278
-229
-178
-130
-88
-54
-30
-18
-19
-31
-53
-79
-104
-125
-138
-140
-130
-107
-76
-47
-31
-36
-62
-102
-145
-183
-210
-226
-230
-226
-216
-212
-224
-259
-317
-388
-468
-553
-650
-761
-887
-1021
-1162
-1311
-1473
-1647
-1821
-1979
-2107
-2199
-2259
-2294
-2311
-2319
-2330
-2359
-2407
-2454
-2459
-2372
-2149
-1774
-1251
-608
107
832
1498
2049
2455
2729
2909
3041
3162
3291
3434
3578
3705
3777
3759
3626
3377
3031
2613
2144
1638
1105
565
42
-445
-884
-1267
-1580
-1805
-1929
-1954
-1906
-1817
-1715
-1614
-1519
-1432
-1356
-1281
-1190
-1056
-869
-634
-376
-118
119
321
475
564
581
539
461
377
303
243
199
175
178
212
273
355
462
601
773
964
1142
1273
1346
1365
1353
1328
1305
1297
1317
1367
1431
1473
1455
1353
1171
930
654
362
70
-203
-436
-616
-750
-850
-930
-992
-1030
-1041
-1028
-998
-956
-900
-829
-748
-664
-578
-485
-374
-237
-83
78
231
370
483
561
592
576
526
462
397
337
281
231
196
178
172
165
148
118
82
44
-1
-57
-121
-177
-212
-222
-216
-205
-191
-171
-142
-111
-90
-82
-81
-74
-64
-61
-75
-102
-124
-125
-102
-70
-42
-20
2
24
34
21
-17
-63
-100
-119
-132
-155
-190
-226
-249
-263
-281
-316
-367
-424
-479
-536
-607
-698
-806
-920
-1036
-1157
-1286
-1421
-1548
-1662
-1762
-1859
-1957
-2051
-2131
-2189
-2225
-2244
-2252
-2253
-2250
-2239
-2204
-2110
-1910
-1566
-1068
-444
254
960
1608
2142
2527
2759
2874
2930
2988
3082
3210
3352
3478
3557
3558
3450
3213
2852
2399
1893
1365
829
294
-217
-676
-1059
-1363
-1598
-1768
-1866
-1878
-1811
-1696
-1576
-1476
-1395
-1315
-1227
-1132
-1027
-894
-704
-448
-153
128
344
480
548
568
546
483
390
297
237
218
221
219
208
210
254
349
482
628
776
923
1063
1174
1232
1231
1199
1180
1203
1270
1356
1436
1491
1506
1461
1336
1128
861
579
320
94
-107
-297
-474
-627
-748
-839
-910
-962
-985
-971
-926
-871
-827
-797
-767
-721
-647
-551
-438
-308
-157
8
167
295
374
404
399
376
343
304
266
232
207
190
172
148
121
98
85
78
68
48
17
-19
-53
-82
-103
-114
-111
-92
-61
-27
0
18
28
32
28
9
-28
-77
-125
-160
-175
-174
-162
-145
-122
-99
-81
-76
-88
-110
-134
-150
-159
-168
-184
-205
-227
-244
-255
-264
-274
-289
-310
-340
-387
-458
-553
-663
-776
-882
-978
-1067
-1151
-1235
-1322
-1417
-1524
-1642
-1768
-1894
-2008
-2099
-2157
-2177
-2159
-2115
-2063
-2021
-1992
-1966
-1910
-1782
-1541
-1157
-627
20
726
1415
2012
2465
2757
2904
2949
2947
2948
2985
3067
3173
3265
3297
3233
3052
2750
2339
1845
1305
758
238
-237
-665
-1047
-1378
-1643
-1828
-1924
-1936
-1874
-1750
-1581
-1393
-1219
-1089
-1007
-952
-887
-781
-622
-416
-175
83
334
545
681
722
677
580
467
364
282
223
191
187
206
234
264
305
377
496
659
840
1010
1149
1251
1313
1335
1321
1292
1279
1305
1370
1441
1480
1460
1375
1227
1020
755
451
144
-120
-320
-464
-581
-690
-791
-871
-924
-960
-988
-1004
-989
-929
-836
-739
-660
-599
-530
-435
-316
-191
-71
49
177
305
406
450
433
381
325
279
237
190
149
134
155
192
212
194
152
113
96
91
76
45
13
4
20
39
37
13
-6
5
44
81
85
55
11
-25
-53
-91
-147
-205
-236
-226
-187
-151
-139
-146
-154
-156
-163
-190
-236
-278
-291
-269
-229
-196
-183
-183
-187
-197
-224
-273
-333
-386
-423
-451
-492
-559
-648
-741
-831
-921
-1022
-1138
-1262
-1382
-1496
-1614
-1744
-1884
-2017
-2120
-2181
-2201
-2190
-2156
-2104
-2039
-1971
-1905
-1828
-1706
-1488
-1134
-633
-13
664
1326
1904
2350
2641
2785
2819
2799
2786
2819
2906
3023
3123
3157
3091
2905
2602
2195
1713
1193
675
194
-230
-595
-905
-1168
-1383
-1545
-1648
-1684
-1654
-1564
-1429
-1269
-1111
-974
-869
-788
-714
-626
-507
-352
-164
42
243
409
516
551
516
433
325
215
122
57
27
33
66
115
171
238
330
457
621
809
997
1165
1299
1391
1443
1462
1465
1471
1495
1538
1581
1598
1562
1459
1284
1045
759
452
155
-105
-314
-474
-599
-703
-794
-874
-941
-994
-1028
-1032
-999
-927
-825
-712
-602
-496
-388
-272
-146
-18
108
231
351
462
548
592
588
542
474
402
336
282
244
223
217
218
211
186
144
96
56
34
28
33
42
54
69
87
104
119
132
141
148
151
148
137
119
92
55
6
-54
-118
-175
-214
-229
-224
-207
-189
-181
-187
-210
-243
-276
-298
-298
-273
-230
-182
-145
-123
-115
-119
-132
-159
-200
-250
-302
-351
-397
-450
-516
-600
-698
-807
-923
-1050
-1183
-1316
-1440
-1553
-1662
-1776
-1895
-2007
-2097
-2156
-2185
-2193
-2196
-2201
-2211
-2220
-2213
-2156
-2010
-1732
-1310
-757
-121
536
1157
1688
2097
2375
2538
2631
2705
2805
2946
3110
3262
3365
3389
3314
3123
2812
2404
1935
1451
984
545
127
-273
-648
-977
-1244
-1440
-1566
-1623
-1607
-1522
-1393
-1258
-1153
-1089
-1050
-1010
-940
-829
-676
-484
-261
-22
200
365
446
444
383
294
201
116
51
16
16
48
100
163
234
323
443
597
769
935
1076
1190
1281
1353
1407
1451
1495
1553
1623
1693
1735
1722
1639
1488
1283
1039
763
468
177
-78
-282
-439
-568
-682
-786
-875
-943
-987
-1013
-1024
-1019
-984
-912
-809
-690
-568
-438
-294
-139
17
158
280
380
459
515
545
544
506
443
371
309
265
237
225
226
232
229
207
164
110
53
4
-25
-28
-5
35
85
135
177
200
203
193
181
168
151
130
106
75
32
-27
-96
-161
-209
-235
-240
-231
-224
-229
-249
-279
-313
-348
-374
-378
-352
-308
-260
-216
-173
-130
-92
-72
-75
-100
-137
-180
-224
-275
-337
-410
-485
-557
-637
-742
-872
-1010
-1134
-1241
-1346
-1463
-1594
-1728
-1851
-1956
-2043
-2111
-2154
-2162
-2133
-2083
-2042
-2035
-2057
-2078
-2057
-1960
-1756
-1424
-960
-387
241
855
1386
1793
2069
2244
2363
2466
2584
2729
2898
3064
3191
3240
3188
3035
2792
2480
2118
1724
1313
901
494
99
-285
-648
-971
-1229
-1403
-1489
-1495
-1438
-1342
-1237
-1151
-1106
-1100
-1117
-1121
-1083
-985
-828
-624
-396
-168
25
154
208
198
148
83
21
-23
-37
-15
35
96
154
207
267
356
492
672
876
1072
1241
1367
1441
1461
1441
1414
1416
1462
1544
1631
1689
1685
1599
1433
1204
934
644
360
108
-97
-259
-396
-520
-639
-754
-860
-944
-994
-1005
-986
-944
-884
-808
-727
-652
-580
-495
-384
-247
-92
68
221
348
434
478
483
456
403
338
282
247
229
224
228
237
240
227
198
164
133
106
84
76
84
101
114
123
133
144
150
151
150
150
143
123
89
43
-18
-89
-160
-212
-242
-260
-270
-269
-259
-250
-255
-276
-300
-319
-329
-329
-313
-284
-250
-218
-185
-151
-122
-110
-115
-128
-144
-164
-191
-224
-268
-332
-419
-520
-623
-729
-844
-966
-1081
-1183
-1279
-1382
-1496
-1612
-1726
-1834
-1931
-2006
-2057
-2083
-2082
-2053
-2010
-1977
-1974
-1998
-2023
-2017
-1941
-1758
-1440
-987
-437
155
732
1243
1649
1938
2126
2256
2368
2489
2627
2778
2926
3043
3099
3074
2957
2748
2462
2122
1756
1378
992
606
230
-126
-458
-761
-1017
-1203
-1305
-1326
-1287
-1216
-1137
-1070
-1025
-1005
-1004
-1007
-990
-927
-807
-638
-443
-249
-78
49
122
137
106
50
-5
-44
-61
-57
-39
-11
28
85
168
286
446
641
852
1053
1218
1336
1406
1433
1435
1430
1438
1470
1529
1602
1665
1685
1635
1509
1318
1076
801
512
235
-6
-199
-343
-453
-546
-635
-721
-791
-836
-858
-865
-856
-817
-744
-653
-567
-496
-430
-352
-254
-138
-10
121
245
350
426
456
427
348
252
175
128
103
94
105
137
174
196
193
172
144
119
104
104
115
129
144
166
197
223
229
217
200
186
169
144
110
62
-2
-81
-156
-215
-261
-303
-332
-332
-305
-275
-270
-294
-332
-367
-391
-402
-399
-384
-358
-316
-257
-199
-167
-166
-172
-162
-144
-145
-179
-233
-289
-350
-423
-512
-609
-703
-783
-845
-900
-972
-1078
-1205
-1324
-1425
-1525
-1642
-1761
-1853
-1904
-1923
-1930
-1932
-1926
-1907
-1879
-1853
-1850
-1878
-1903
-1858
-1684
-1373
-958
-475
57
609
1125
1543
1831
2010
2132
2252
2398
2563
2718
2840
2930
2991
3001
2920
2728
2452
2141
1821
1484
1115
723
340
-10
-320
-596
-842
-1047
-1191
-1250
-1228
-1159
-1089
-1038
-1002
-972
-952
-944
-934
-890
-785
-619
-417
-215
-47
67
128
152
150
124
78
34
13
22
48
71
90
123
193
313
472
648
818
968
1100
1208
1282
1311
1310
1308
1334
1392
1461
1516
1543
1538
1493
1394
1229
1003
741
482
255
67
-89
-220
-330
-422
-507
-591
-675
-747
-789
-791
-758
-707
-656
-612
-565
-505
-428
-340
-243
-133
-12
109
211
281
315
317
300
274
240
194
139
95
82
100
126
139
138
135
134
130
116
97
85
89
110
140
160
161
155
164
191
214
208
174
134
97
52
-15
-100
-182
-245
-287
-312
-325
-334
-339
-334
-317
-306
-323
-367
-410
-424
-410
-385
-359
-328
-289
-248
-211
-181
-160
-157
-168
-182
-191
-211
-264
-345
-431
-504
-572
-654
-750
-847
-932
-1003
-1067
-1136
-1232
-1359
-1500
-1624
-1719
-1795
-1860
-1893
-1876
-1821
-1768
-1749
-1764
-1797
-1839
-1877
-1892
-1858
-1747
-1533
-1194
-739
-218
301
768
1164
1485
1724
1891
2022
2158
2321
2498
2667
2806
2893
2913
2865
2764
2617
2411
2137
1805
1444
1071
686
297
-72
-390
-642
-824
-935
-985
-991
-974
-943
-911
-894
-909
-942
-957
-920
-831
-711
-575
-424
-269
-126
-14
63
110
130
127
107
77
37
-9
-40
-37
4
70
156
267
407
565
723
864
985
1080
1147
1191
1228
1270
1323
1386
1458
1530
1583
1590
1542
1443
1305
1133
937
725
511
310
132
-15
-135
-237
-331
-412
-478
-529
-577
-626
-663
-674
-655
-615
-566
-511
-443
-361
-269
-180
-101
-32
33
96
146
171
168
147
120
90
58
28
13
21
51
91
125
144
154
159
162
160
154
155
174
207
240
260
269
276
280
277
264
240
209
169
119
56
-25
-117
-205
-269
-305
-322
-332
-337
-333
-327
-333
-356
-388
-411
-418
-405
-372
-323
-269
-218
-172
-132
-106
-103
-117
-125
-115
-99
-100
-130
-189
-273
-386
-521
-661
-788
-892
-967
-1017
-1056
-1111
-1197
-1303
-1411
-1516
-1621
-1717
-1778
-1787
-1758
-1716
-1677
-1639
-1603
-1578
-1575
-1588
-1603
-1603
-1570
-1489
-1352
-1160
-909
-585
-186
253
677
1053
1382
1664
1883
2024
2105
2173
2262
2373
2489
2590
2661
2686
2656
2559
2380
2108
1760
1381
1015
669
330
2
-283
-500
-657
-776
-869
-927
-945
-928
-893
-858
-838
-837
-838
-817
-764
-692
-610
-510
-378
-220
-70
43
115
159
185
190
172
139
106
86
96
144
220
302
384
483
612
757
884
985
1073
1156
1221
1258
1270
1276
1289
1317
1364
1418
1453
1446
1396
1308
1173
982
746
502
278
86
-79
-215
-321
-396
-446
-484
-519
-557
-595
-628
-652
-663
-665
-655
-626
-571
-492
-398
-301
-200
-92
14
101
156
177
169
141
103
70
53
53
66
94
132
172
200
208
201
187
174
166
163
164
168
177
192
205
210
203
186
168
150
125
83
22
-49
-121
-191
-260
-325
-373
-396
-396
-388
-385
-391
-398
-393
-376
-356
-338
-317
-290
-257
-225
-195
-166
-135
-103
-67
-37
-20
-18
-23
-33
-68
-149
-276
-425
-573
-710
-824
-908
-963
-1009
-1055
-1109
-1177
-1266
-1371
-1469
-1534
-1565
-1580
-1592
-1602
-1607
-1608
-1602
-1586
-1559
-1522
-1479
-1436
-1406
-1406
-1434
-1453
-1403
-1237
-949
-569
-139
303
717
1064
1321
1494
1621
1749
1905
2090
2277
2426
2511
2533
2506
2440
2328
2162
1956
1735
1505
1246
945
612
274
-47
-334
-574
-758
-890
-966
-967
-890
-779
-707
-705
-739
-757
-734
-671
-572
-443
-292
-130
27
147
193
168
128
133
186
240
260
253
246
249
247
222
186
181
246
385
558
713
823
895
951
999
1034
1049
1060
1097
1178
1279
1345
1343
1288
1205
1105
988
858
723
585
450
324
198
52
-124
-302
-437
-511
-541
-550
-544
-522
-500
-496
-519
-556
-585
-578
-518
-409
-280
-164
-78
-16
32
63
74
74
84
105
123
127
122
119
115
102
82
64
51
44
47
61
78
88
91
97
103
99
89
84
88
99
112
121
115
90
52
11
-31
-77
-122
-155
-173
-181
-184
-189
-205
-237
-268
-277
-269
-264
-269
-278
-287
-298
-308
-306
-293
-269
-231
-173
-109
-75
-92
-149
-214
-266
-299
-319
-341
-374
-411
-444
-489
-578
-726
-900
-1054
-1165
-1247
-1318
-1380
-1417
-1421
-1404
-1400
-1435
-1497
-1533
-1507
-1433
-1362
-1321
-1291
-1246
-1195
-1167
-1180
-1219
-1249
-1237
-1164
-1036
-873
-677
-426
-115
219
511
729
896
1053
1222
1405
1588
1747
1855
1917
1957
1993
2012
2000
1961
1905
1822
1688
1484
1212
896
575
293
67
-116
-265
-376
-444
-479
-501
-520
-544
-574
-597
-597
-574
-537
-491
-423
-332
-240
-167
-105
-44
12
59
109
166
205
202
164
125
103
100
114
157
232
336
461
595
717
803
856
905
970
1042
1104
1152
1197
1238
1257
1229
1158
1077
1016
977
937
870
763
617
450
281
124
-19
-138
-215
-244
-251
-269
-306
-343
-365
-377
-388
-397
-398
-384
-352
-305
-257
-219
-189
-158
-129
-106
-85
-58
-24
11
42
59
54
34
24
43
79
107
121
131
130
110
82
64
54
44
40
54
74
77
71
80
106
116
88
40
2
-17
-20
-10
-2
-19
-58
-94
-113
-131
-158
-182
-184
-172
-168
-186
-216
-249
-275
-285
-281
-276
-283
-297
-305
-308
-308
-298
-270
-234
-211
-218
-251
-299
-352
-398
-438
-485
-562
-668
-775
-860
-928
-994
-1058
-1109
-1141
-1162
-1186
-1219
-1264
-1305
-1313
-1277
-1227
-1196
-1182
-1150
-1086
-1014
-970
-960
-967
-977
-988
-1005
-1033
-1061
-1048
-945
-751
-518
-292
-74
146
354
523
646
741
838
966
1136
1313
1441
1499
1524
1568
1629
1667
1654
1597
1505
1380
1218
1012
757
490
278
162
110
52
-39
-128
-176
-188
-206
-253
-313
-343
-313
-237
-169
-146
-144
-113
-36
54
115
140
161
204
258
283
249
177
119
104
126
160
203
266
356
455
534
574
583
591
631
704
782
839
874
899
923
947
959
948
919
898
893
878
820
715
584
454
337
236
145
63
0
-22
-6
8
-19
-71
-106
-118
-140
-183
-218
-219
-186
-137
-93
-71
-72
-74
-48
-5
23
30
47
86
112
97
58
33
36
58
82
94
86
74
77
91
92
69
46
48
71
101
130
160
182
190
190
190
188
175
159
143
122
91
58
30
-5
-58
-118
-157
-172
-180
-197
-219
-236
-251
-268
-282
-293
-304
-314
-311
-292
-273
-267
-260
-234
-199
-185
-204
-237
-262
-275
-286
-306
-348
-415
-495
-564
-622
-690
-771
-836
-865
-879
-911
-973
-1051
-1122
-1168
-1177
-1157
-1128
-1097
-1051
-992
-950
-955
-988
-1006
-984
-934
-875
-832
-831
-876
-939
-996
-1045
-1090
-1111
-1075
-972
-818
-634
-435
-242
-79
51
163
267
370
491
652
844
1033
1192
1317
1407
1465
1497
1509
1502
1476
1434
1376
1293
1171
1012
832
648
468
310
197
143
140
157
154
108
28
-52
-111
-151
-175
-172
-128
-50
34
83
75
31
2
19
66
107
128
144
163
172
159
133
120
139
201
294
380
432
468
519
577
605
595
579
586
620
667
715
747
753
742
734
725
691
629
566
519
477
431
387
344
289
226
180
159
144
122
102
94
92
85
74
54
19
-25
-46
-30
3
24
41
68
105
137
158
168
163
150
148
164
179
166
127
86
59
41
25
16
15
21
34
47
43
7
-49
-94
-110
-106
-101
-94
-70
-29
14
40
43
28
11
11
31
54
57
39
20
9
-3
-25
-52
-76
-100
-122
-137
-149
-176
-228
-292
-356
-416
-475
-523
-547
-550
-549
-547
-540
-536
-539
-539
-531
-534
-563
-605
-636
-655
-674
-699
-724
-743
-760
-773
-780
-790
-809
-828
-830
-821
-823
-835
-834
-808
-760
-704
-653
-627
-633
-660
-694
-734
-784
-839
-884
-913
-938
-974
-1018
-1044
-1018
-921
-773
-629
-524
-445
-359
-254
-149
-53
41
158
315
497
665
794
898
1008
1122
1202
1219
1182
1128
1081
1033
961
845
701
577
515
503
493
464
434
416
399
378
353
321
276
229
197
178
164
160
180
214
232
226
213
204
185
149
114
89
67
50
55
72
73
50
33
49
101
185
286
374
418
419
407
403
410
432
481
542
574
562
544
549
559
541
498
452
414
385
364
355
349
340
330
329
331
324
317
330
364
396
410
408
400
389
371
347
320
302
295
295
289
273
252
230
202
164
129
113
114
109
84
51
28
20
14
5
0
3
9
17
27
32
21
0
-15
-20
-30
-48
-61
-51
-20
13
30
31
19
1
-16
-30
-41
-44
-35
-22
-20
-31
-50
-74
-100
-123
-135
-150
-179
-217
-250
-277
-318
-373
-417
-434
-440
-450
-462
-469
-475
-484
-493
-503
-526
-563
-595
-607
-607
-617
-638
-648
-637
-620
-623
-649
-681
-694
-685
-672
-675
-688
-687
-662
-632
-617
-617
-612
-588
-548
-513
-503
-519
-541
-553
-552
-554
-573
-613
-673
-751
-843
-934
-1003
-1032
-1010
-943
-855
-762
-656
-530
-398
-282
-189
-109
-35
35
114
218
338
442
512
565
624
695
770
831
856
829
762
686
615
531
425
323
257
244
276
339
419
495
553
584
574
508
408
334
322
347
361
351
333
318
304
288
265
231
197
182
184
169
118
52
7
-16
-32
-26
31
132
243
334
386
394
373
361
381
407
404
375
355
363
381
390
387
378
364
351
344
338
324
303
285
274
265
255
246
247
273
324
382
421
439
447
450
443
430
417
405
390
382
388
395
378
340
313
309
299
261
215
187
182
176
150
100
48
27
52
95
122
125
120
124
133
137
125
100
76
67
68
64
49
39
52
70
73
60
42
18
-7
-16
-11
-23
-65
-107
-114
-97
-90
-105
-121
-123
-117
-120
-145
-198
-268
-325
-350
-354
-365
-380
-381
-367
-361
-378
-408
-433
-443
-445
-447
-451
-451
-450
-456
-466
-466
-453
-441
-438
-439
-435
-432
-442
-474
-517
-552
-562
-544
-523
-524
-544
-547
-516
-486
-489
-508
-508
-486
-470
-480
-513
-551
-577
-586
-586
-591
-608
-636
-676
-723
-760
-769
-757
-743
-730
-692
-615
-522
-444
-383
-322
-253
-174
-95
-39
-16
3
52
122
181
227
288
373
453
498
513
512
500
470
432
395
360
341
353
376
373
352
368
445
526
528
445
352
333
394
471
489
421
309
224
207
236
256
239
210
205
225
238
222
182
136
98
76
74
92
117
143
169
189
194
190
204
248
298
328
341
353
367
383
405
426
420
385
359
369
395
392
359
327
314
299
264
222
197
195
208
216
205
189
201
253
302
303
265
240
262
311
351
364
359
347
334
324
319
317
318
324
335
336
319
294
280
281
279
254
214
182
169
163
154
145
132
104
69
54
63
67
44
10
-11
-21
-35
-53
-56
-45
-37
-47
-68
-85
-89
-77
-57
-52
-76
-108
-122
-124
-135
-156
-166
-156
-151
-173
-207
-219
-205
-188
-192
-214
-242
-269
-290
-299
-295
-285
-278
-279
-285
-291
-294
-294
-294
-295
-297
-300
-315
-341
-369
-392
-414
-440
-465
-484
-498
-506
-504
-497
-504
-533
-561
-560
-539
-526
-522
-508
-491
-490
-490
-467
-432
-416
-411
-397
-385
-403
-440
-452
-432
-419
-441
-473
-490
-502
-520
-526
-517
-513
-510
-476
-416
-373
-357
-326
-248
-156
-101
-99
-119
-119
-79
-13
45
75
89
113
144
158
147
130
114
95
90
113
143
155
159
177
195
202
223
273
327
350
358
376
382
334
248
196
210
255
294
327
349
333
283
250
257
271
250
192
133
112
141
199
244
248
214
171
154
185
258
334
367
338
273
206
160
144
162
197
220
223
234
265
296
307
309
310
295
257
222
225
262
300
316
312
304
296
292
300
326
362
383
368
319
260
221
213
224
236
242
251
273
296
299
274
240
219
210
203
201
217
241
250
235
208
185
180
199
228
242
235
223
220
219
209
192
172
154
142
142
149
150
143
136
126
97
59
49
63
53
4
-36
-34
-23
-42
-84
-121
-150
-178
-186
-158
-109
-80
-97
-153
-219
-260
-250
-205
-181
-205
-241
-245
-218
-196
-201
-231
-272
-297
-283
-244
-205
-178
-158
-156
-182
-232
-270
-269
-233
-200
-203
-239
-277
-291
-289
-301
-320
-314
-293
-314
-381
-414
-356
-279
-283
-364
-433
-434
-382
-312
-247
-215
-235
-280
-301
-291
-280
-284
-282
-282
-322
-403
-456
-431
-356
-312
-338
-394
-409
-346
-243
-174
-184
-254
-334
-378
-371
-327
-280
-260
-261
-250
-203
-145
-121
-138
-156
-139
-102
-81
-76
-57
-16
14
9
-8
-1
36
77
110
138
144
107
52
32
63
107
130
149
177
197
190
172
182
224
255
236
186
167
210
279
323
337
336
320
282
250
269
320
333
291
265
297
325
286
223
209
232
230
194
168
174
189
193
192
190
179
161
154
169
196
225
240
218
158
110
115
153
180
185
175
155
129
120
138
166
175
161
142
133
142
168
201
226
231
220
201
181
172
187
220
238
232
219
212
198
174
160
169
188
192
177
162
173
206
226
208
168
157
187
220
216
185
173
193
213
205
183
172
171
164
146
129
116
101
76
46
27
24
29
25
3
-39
-85
-97
-61
-23
-40
-89
-93
-34
20
12
-39
-84
-107
-126
-146
-160
-168
-169
-160
-152
-173
-217
-243
-239
-251
-296
-314
-268
-211
-211
-261
-304
-314
-313
-322
-325
-281
-193
-131
-166
-271
-336
-299
-212
-175
-215
-272
-289
-268
-233
-210
-218
-242
-242
-233
-276
-346
-321
-176
-62
-86
-161
-171
-153
-190
-240
-204
-120
-111
-184
-221
-188
-175
-209
-215
-180
-179
-212
-198
-127
-91
-123
-156
-149
-152
-199
-232
-181
-86
-51
-109
-186
-199
-129
-30
21
-9
-72
-98
-72
-30
6
38
45
10
-41
-49
-2
55
82
85
77
37
-42
-97
-49
87
190
172
74
-11
-45
-46
-21
30
64
40
-12
-25
17
60
70
61
55
43
27
44
113
185
188
114
23
-4
70
188
250
216
157
145
176
201
208
198
168
127
103
90
51
-9
-11
88
188
162
43
-9
64
148
138
82
85
146
180
148
104
114
178
242
266
245
198
144
99
73
67
99
181
273
286
199
111
128
221
275
238
158
111
139
230
317
312
205
105
116
204
251
223
195
199
189
153
133
128
121
157
258
320
242
89
6
20
52
73
116
143
59
-104
-171
-64
71
77
-23
-111
-132
-101
-63
-77
-132
-132
-42
14
-74
-222
-265
-182
-100
-104
-161
-223
-272
-276
-212
-155
-193
-256
-202
-82
-85
-216
-264
-130
16
-2
-125
-177
-119
-72
-133
-265
-357
-327
-187
-52
-61
-212
-334
-286
-135
-71
-154
-270
-298
-242
-167
-114
-111
-187
-295
-298
-137
34
10
-177
-288
-207
-78
-51
-62
2
70
2
-159
-233
-164
-80
-86
-122
-95
-40
-56
-134
-169
-100
6
27
-69
-166
-137
-11
73
69
55
50
-19
-131
-115
93
291
256
59
-52
-10
48
72
126
154
11
-227
-278
-69
125
73
-92
-126
-46
-38
-101
-68
77
162
107
4
-66
-110
-118
-58
22
20
-49
-49
81
204
154
-47
-210
-187
2
198
240
113
-24
-23
64
83
11
-31
19
83
85
49
18
-32
-103
-104
33
176
114
-123
-233
-24
292
349
99
-136
-96
109
212
165
117
133
158
191
250
231
63
-80
15
240
297
168
104
164
106
-108
-135
167
392
199
-91
-13
266
257
-9
-49
228
368
147
-53
109
388
378
141
-8
-30
-78
-102
36
218
210
70
61
187
164
-69
-180
51
344
307
10
-148
-22
132
87
-56
-75
22
52
-42
-107
-26
105
121
3
-114
-132
-80
-25
22
64
52
-45
-142
-120
-8
31
-77
-202
-172
-18
57
-49
-187
-156
6
47
-135
-299
-160
179
294
13
-309
-275
-1
94
-76
-186
-52
105
55
-102
-150
-101
-74
-40
44
20
-221
-429
-282
85
227
34
-154
-110
-21
-92
-175
-68
109
124
38
55
121
44
-91
-13
238
290
11
-235
-122
153
187
-40
-202
-130
29
103
82
13
-72
-106
-35
20
-109
-320
-276
95
404
276
-144
-370
-168
188
270
11
-229
-127
175
262
11
-230
-145
84
81
-98
-78
141
168
-68
-165
31
135
-85
-278
-123
92
-29
-270
-179
92
48
-219
-164
197
261
-98
-272
42
336
162
-139
-68
169
69
-234
-181
228
394
73
-290
-291
-71
78
146
208
159
-64
-218
-42
298
392
149
-107
-109
59
172
168
120
59
-42
-159
-197
-94
82
175
78
-129
-226
-91
136
224
143
48
20
-11
-63
-30
105
168
73
4
119
237
113
-103
-51
226
275
-70
-356
-161
245
291
-44
-226
-7
234
150
-28
62
260
168
-138
-190
91
257
55
-175
-86
104
30
-172
-108
152
160
-142
-294
-41
276
235
-94
-319
-238
13
206
217
43
-186
-241
-26
233
210
-84
-273
-96
251
361
124
-158
-184
-17
89
81
61
11
-132
-199
-1
284
290
3
-226
-185
-9
108
117
2
-224
-331
-70
293
181
-342
-491
31
471
190
-354
-377
49
262
47
-223
-276
-183
7
298
431
136
-300
-328
14
202
84
-40
-85
-221
-336
-143
195
187
-168
-304
-22
149
-107
-273
115
561
344
-292
-478
-22
392
272
-86
-206
-102
-64
-143
-193
-181
-136
-4
185
189
-102
-358
-208
167
235
-92
-306
-69
258
187
-127
-149
176
337
77
-208
-101
217
299
103
-51
-30
-6
-62
-50
70
121
40
-10
23
-19
-163
-226
-144
-65
-38
38
130
73
-73
-19
211
184
-187
-338
26
327
87
-198
53
440
295
-154
-226
46
92
-117
-70
275
352
17
-187
-40
13
-183
-190
89
170
-87
-257
-157
-43
-10
70
96
-141
-440
-357
71
300
115
-87
-71
-115
-301
-246
91
220
14
-95
32
86
30
102
188
-5
-261
-112
307
372
-16
-236
29
275
83
-189
-140
-3
-42
-32
154
168
-121
-263
9
305
226
-42
-107
12
40
-24
51
237
207
-103
-293
-103
155
98
-98
-10
272
221
-256
-559
-229
337
444
77
-210
-194
-104
8
231
284
-94
-435
-151
396
374
-167
-394
-7
403
324
-33
-241
-224
-82
132
213
-81
-473
-375
121
281
-45
-218
17
149
-80
-246
-53
177
99
-139
-197
-45
81
56
-22
-47
-25
16
69
111
125
90
-13
-81
71
324
248
-186
-403
-118
192
126
-8
111
211
6
-225
-122
144
174
-34
-169
-116
-32
14
74
70
-88
-221
-127
36
33
-56
-76
-85
-108
-26
90
25
-153
-171
-25
70
75
65
-14
-186
-221
27
231
20
-301
-115
403
410
-191
-486
-38
424
283
-48
-39
67
-82
-199
51
295
20
-461
-390
207
486
88
-345
-215
149
159
-71
-56
154
93
-225
-268
110
370
128
-236
-189
149
276
112
-30
-47
-60
2
189
182
-201
-470
-146
380
398
-56
-362
-282
-112
-44
49
176
118
-127
-242
-125
-12
20
107
140
-89
-327
-189
127
175
19
-16
26
-35
-49
140
247
-13
-308
-129
301
308
-91
-202
117
226
-106
-342
-203
-36
-16
89
217
16
-359
-288
245
440
-94
-600
-301
350
377
-157
-307
182
495
113
-368
-218
294
382
-31
-272
-34
189
-4
-253
-108
138
-36
-406
-319
201
456
164
-176
-115
152
206
13
-129
-39
148
211
124
33
42
94
77
-3
-26
19
-12
-107
-26
206
174
-210
-406
-80
352
392
109
-189
-316
-127
324
520
35
-607
-430
440
684
-186
-798
-16
1042
674
-640
-1026
-128
662
491
-90
-351
-219
51
217
78
-274
-344
91
410
14
-521
-256
426
407
-175
-254
170
197
-143
-43
384
269
-313
-372
214
413
-140
-444
78
501
73
-436
-204
225
129
-118
-20
63
-182
-271
127
445
126
-407
-415
23
295
274
226
84
-250
-328
137
540
296
-153
-154
74
29
-115
42
274
126
-229
-259
-3
63
-53
68
297
104
-353
-370
74
288
74
-52
107
130
-149
-277
4
269
117
-152
-102
81
2
-184
-83
176
153
-153
-323
-176
75
254
364
298
-115
-638
-632
84
750
522
-342
-733
-151
625
610
-99
-557
-280
229
312
22
-133
21
166
61
-110
-91
32
7
-137
-124
103
221
-18
-376
-388
12
377
306
-93
-382
-278
107
371
188
-293
-512
-164
341
367
-89
-405
-178
260
325
-49
-372
-277
59
247
182
24
-131
-284
-312
-23
416
412
-240
-740
-247
663
614
-393
-824
1
781
298
-679
-665
240
674
185
-335
-304
-123
-52
171
382
53
-508
-386
322
511
-110
-522
-103
392
180
-247
-77
352
179
-378
-346
290
503
-86
-602
-305
332
427
-43
-365
-196
89
113
6
1
9
-64
-32
153
138
-197
-322
122
562
277
-406
-539
9
393
110
-313
-257
70
148
20
46
162
48
-219
-246
58
340
233
-204
-456
-112
486
545
-71
-551
-258
358
453
-5
-320
-167
35
-61
-196
-53
159
103
-106
-137
9
79
14
-32
1
26
20
69
172
155
-57
-208
-27
256
195
-93
-86
147
20
-378
-282
335
517
-107
-631
-283
394
463
-3
-276
-193
-94
53
364
368
-193
-504
66
642
219
-566
-521
154
403
54
-197
-37
162
63
-219
-391
-250
202
571
269
-555
-798
20
757
383
-332
-258
219
205
-81
-46
125
114
114
173
-44
-400
-260
314
391
-276
-606
8
477
-86
-602
39
759
179
-787
-550
361
454
-93
-114
266
57
-560
-439
461
839
143
-558
-365
136
111
-159
-52
236
192
-77
-127
79
192
17
-232
-238
-17
143
176
246
212
-188
-556
-207
531
568
-176
-564
-98
347
133
-120
158
335
-207
-675
-118
700
430
-471
-496
247
349
-298
-449
153
436
9
-284
30
322
96
-193
-75
99
-64
-168
189
480
70
-576
-519
174
524
117
-352
-157
404
475
-89
-488
-173
345
323
-127
-399
-298
13
378
470
-15
-606
-424
352
530
-182
-554
145
760
80
-944
-564
786
1018
-225
-1043
-397
526
540
10
-310
-334
-152
240
481
127
-469
-419
341
758
185
-581
-487
225
541
187
-217
-141
286
469
18
-576
-417
356
542
-207
-673
-42
679
298
-570
-519
311
496
-223
-545
76
522
69
-404
-114
307
145
-146
38
305
83
-261
-77
359
302
-150
-244
89
179
-133
-266
21
269
145
-111
-175
-57
89
172
87
-165
-260
65
397
154
-330
-235
266
233
-320
-369
263
491
-119
-504
55
569
55
-588
-98
744
356
-768
-802
269
690
-59
-583
-69
528
287
-244
-193
199
214
-65
-112
32
38
-4
57
-3
-236
-243
76
251
67
-67
108
232
-19
-326
-185
276
399
-43
-451
-259
212
252
-136
-275
78
332
17
-423
-295
241
413
61
-185
-44
46
-106
-105
121
126
-132
-171
75
179
50
-24
-22
-116
-164
54
292
143
-232
-273
65
252
121
39
40
-151
-244
181
510
-52
-788
-428
573
640
-311
-782
-155
493
307
-139
-122
30
-127
-158
266
451
-101
-590
-221
413
370
-147
-335
-66
198
219
108
-31
-141
-99
121
264
61
-296
-297
125
382
51
-447
-410
131
467
223
-176
-222
-48
-32
-44
243
495
124
-533
-520
164
520
168
-202
-141
-5
-42
-2
168
136
-114
-164
57
65
-254
-292
187
446
-13
-478
-197
361
350
-88
-224
58
242
36
-288
-286
128
504
299
-407
-818
-320
623
897
161
-647
-553
178
534
152
-377
-388
91
437
163
-417
-503
88
560
254
-377
-443
62
340
76
-164
13
190
-16
-247
-94
175
171
46
48
-20
-272
-251
299
649
60
-785
-601
391
704
-2
-461
-47
290
-117
-476
-49
489
246
-339
-334
62
64
-144
62
292
-110
-542
-118
546
324
-400
-385
347
613
-1
-587
-358
289
492
83
-419
-496
-51
448
303
-361
-456
309
654
-112
-712
-122
606
309
-309
-215
104
-131
-355
145
568
-81
-864
-271
895
623
-680
-741
505
806
-334
-880
30
763
189
-569
-278
435
337
-381
-527
137
586
167
-497
-518
93
550
275
-373
-486
90
448
88
-260
-30
185
-76
-210
162
334
-125
-467
-86
405
236
-256
-286
81
163
-112
-173
83
138
-150
-321
-120
237
413
118
-539
-725
87
890
421
-651
-643
371
726
-22
-492
69
573
59
-661
-452
260
417
108
-35
-149
-413
-243
459
628
-150
-674
-122
526
198
-488
-378
279
395
-63
-175
190
216
-232
-336
114
327
-43
-343
-130
148
37
-204
-149
101
156
-28
-149
-72
27
56
147
267
142
-198
-262
132
425
140
-307
-260
129
205
-108
-264
-64
96
36
56
160
-72
-482
-284
470
615
-232
-833
-260
598
497
-239
-411
122
434
144
-139
-36
41
-162
-243
41
317
249
-37
-286
-321
-21
389
351
-248
-669
-255
521
615
-90
-603
-267
352
420
-3
-277
-136
184
385
284
-117
-485
-374
205
651
391
-390
-828
-367
467
629
-56
-601
-219
507
438
-364
-630
133
763
266
-549
-437
238
266
-288
-317
312
544
-22
-469
-121
414
358
-33
-173
-122
-103
72
355
194
-378
-476
178
591
63
-602
-355
402
464
-229
-529
42
560
226
-431
-490
33
403
235
-151
-258
-33
153
119
111
219
124
-210
-258
138
312
-126
-485
-82
505
294
-394
-362
398
567
-221
-659
-15
620
284
-328
-309
-14
-47
-72
314
548
34
-622
-425
380
633
61
-441
-327
-18
86
107
136
58
-67
-93
-95
-128
-13
265
323
-57
-434
-240
347
553
108
-353
-224
214
275
-111
-342
-31
421
340
-244
-527
-40
565
396
-340
-614
-107
389
217
-235
-260
117
340
197
-30
-141
-177
-63
322
597
120
-851
-1014
182
1326
780
-819
-1274
-6
1084
495
-667
-574
435
616
-200
-519
109
460
-30
-363
67
430
27
-486
-245
417
537
-4
-410
-198
244
351
67
-240
-193
131
181
-211
-338
189
470
-205
-820
-215
751
504
-503
-487
550
710
-466
-1002
144
1107
286
-835
-335
772
466
-682
-642
502
831
-90
-661
-96
441
93
-283
70
381
-78
-536
-153
440
296
-244
-291
52
85
-128
13
348
135
-497
-534
240
756
305
-409
-426
98
352
121
-150
-185
-85
85
269
180
-261
-500
-55
583
517
-238
-711
-294
475
663
101
-511
-501
67
546
396
-219
-566
-208
402
525
85
-386
-476
-144
374
594
152
-553
-623
106
674
301
-436
-468
131
366
-14
-253
-27
128
-5
16
216
38
-461
-434
302
721
150
-575
-385
327
414
-137
-322
108
349
27
-256
-48
238
108
-206
-171
183
307
-34
-410
-326
130
394
129
-316
-324
94
263
-76
-292
45
363
73
-360
-193
284
238
-225
-227
270
316
-272
-432
233
603
-21
-609
-168
536
331
-379
-385
240
359
-215
-441
78
422
18
-401
-154
272
198
-130
-128
141
191
-65
-225
-39
214
137
-196
-322
-57
204
45
-300
-208
323
480
-119
-623
-190
565
448
-365
-574
142
622
123
-506
-254
422
423
-199
-432
-8
294
48
-221
-96
65
-66
-130
175
370
-23
-521
-357
246
396
-60
-370
-103
273
233
-56
-175
-94
15
134
190
-23
-356
-304
169
433
144
-249
-261
-45
35
-6
28
80
1
-92
-20
80
8
-72
38
123
-47
-194
6
281
176
-204
-363
-114
237
310
36
-292
-307
25
329
230
-173
-396
-170
204
266
-10
-274
-250
43
337
279
-136
-398
-161
172
101
-121
-7
231
93
-229
-148
226
206
-252
-384
69
371
76
-220
-37
167
20
-35
225
209
-295
-464
139
545
-119
-961
-550
689
939
-175
-969
-326
687
646
-163
-530
-195
144
144
99
112
-72
-349
-197
345
475
-119
-554
-60
641
345
-638
-774
302
1035
250
-952
-796
440
877
-28
-771
-306
457
369
-206
-309
35
171
40
32
74
-138
-305
42
487
248
-412
-514
28
357
130
-130
-87
10
-30
-67
-41
-62
-43
170
285
-80
-485
-162
522
443
-310
-489
140
424
-74
-372
60
378
-48
-479
-151
335
145
-252
-37
327
11
-456
-119
529
368
-343
-444
138
387
-82
-514
-284
248
411
111
-265
-379
-101
374
494
-10
-512
-282
330
403
-116
-440
-179
252
338
39
-249
-136
248
332
-98
-495
-296
238
400
76
-163
-34
63
-106
-167
21
22
-182
-25
363
152
-508
-444
441
778
-6
-707
-320
421
374
-221
-390
-63
168
259
380
121
-562
-632
309
874
64
-862
-422
609
566
-361
-623
89
542
154
-218
-5
165
-128
-291
17
236
51
-98
-1
14
-118
-102
58
94
32
60
55
-171
-316
29
507
325
-401
-614
42
617
359
-224
-352
-79
117
101
13
-63
-52
111
270
136
-235
-382
-78
269
218
-55
-111
20
5
-145
-116
125
250
74
-176
-197
5
169
126
-34
-127
-75
62
154
92
-102
-241
-133
166
353
193
-170
-340
-128
217
308
78
-185
-205
-16
128
56
-117
-134
58
206
91
-123
-99
147
211
-63
-247
16
347
157
-344
-396
120
457
144
-343
-351
24
240
143
-2
-54
-38
89
229
41
-411
-431
238
714
196
-645
-542
388
756
32
-642
-272
467
411
-255
-453
20
361
188
-1
116
128
-254
-528
-147
484
488
-154
-531
-171
288
186
-140
-48
265
155
-285
-326
175
490
137
-378
-338
128
314
13
-240
-49
276
213
-205
-394
2
510
396
-198
-380
50
261
-125
-356
52
406
83
-321
-61
381
143
-388
-201
410
251
-526
-528
352
640
-103
-531
44
508
25
-498
-67
645
448
-370
-582
-34
307
79
-113
18
72
-95
-144
44
210
208
107
-51
-218
-218
22
249
182
-56
-117
6
16
-125
-113
123
260
110
-105
-152
-92
-28
96
242
160
-194
-395
-96
357
347
-108
-360
-90
252
166
-165
-231
28
233
160
-86
-276
-174
249
556
266
-345
-478
21
396
127
-323
-266
187
404
179
-182
-417
-357
157
739
488
-588
-1056
-67
1074
717
-602
-978
-2
811
448
-309
-434
-131
3
90
312
230
-291
-467
146
696
293
-544
-626
154
706
307
-454
-585
-5
488
335
-163
-333
-14
261
60
-253
-93
302
206
-314
-393
185
526
49
-517
-273
392
436
-142
-403
-60
209
71
-30
85
-23
-370
-268
393
621
-104
-720
-195
633
350
-588
-533
539
870
-198
-1055
-346
900
902
-189
-756
-263
279
188
-65
-17
69
-87
-234
-83
187
234
36
-157
-168
-14
160
158
-58
-223
-106
80
13
-144
-38
180
93
-175
-110
240
243
-196
-337
151
486
52
-460
-170
432
272
-432
-454
341
653
-133
-857
-415
491
575
-29
-272
2
101
-83
-14
274
125
-449
-550
156
729
341
-451
-590
-37
374
197
-218
-338
-32
356
364
-51
-372
-155
296
277
-247
-500
-75
394
249
-158
-163
86
34
-184
-24
327
177
-337
-291
388
551
-279
-886
-215
828
718
-326
-757
-140
376
96
-223
49
272
-155
-558
-158
486
390
-231
-387
63
308
-29
-322
-17
467
374
-256
-649
-325
356
646
244
-375
-517
-109
278
262
28
-147
-217
-128
180
422
190
-344
-468
49
504
193
-508
-597
95
590
171
-528
-425
386
726
60
-664
-371
506
619
-233
-767
-234
458
332
-157
-154
109
-24
-311
-106
370
342
-176
-375
17
307
32
-287
-84
282
175
-246
-284
214
569
150
-661
-731
250
1001
332
-915
-927
342
1059
288
-707
-540
264
383
-149
-267
176
313
-78
-294
-92
5
-139
-56
288
317
-101
-334
-15
345
176
-255
-289
118
396
208
-186
-389
-261
97
404
294
-234
-552
-123
565
526
-233
-649
-217
308
209
-114
-28
162
-87
-338
73
536
87
-620
-235
709
505
-636
-783
342
812
-151
-808
33
870
151
-886
-360
850
637
-583
-687
357
617
-285
-663
152
730
102
-650
-309
486
441
-250
-413
89
338
7
-265
-75
180
68
-229
-218
199
545
317
-345
-723
-340
406
648
85
-585
-489
248
601
89
-468
-203
417
362
-233
-315
258
453
-147
-552
-37
551
197
-498
-350
328
334
-239
-251
314
324
-355
-503
291
781
102
-749
-521
308
479
16
-133
72
-96
-494
-219
619
758
-195
-930
-358
714
818
-44
-632
-357
198
394
222
-71
-318
-328
-5
350
308
-55
-262
-180
-57
88
358
410
-76
-561
-312
314
358
-164
-309
181
460
42
-379
-159
204
47
-255
-69
258
81
-277
-95
410
396
-209
-567
-170
424
385
-204
-444
61
561
265
-423
-476
189
567
85
-528
-357
306
477
20
-265
-26
218
95
-110
-100
28
80
-22
-190
-131
245
414
-88
-700
-455
448
752
38
-578
-210
403
230
-264
-70
428
176
-476
-341
394
438
-305
-577
71
568
159
-401
-168
439
372
-292
-492
77
486
93
-442
-234
410
421
-350
-743
4
912
576
-614
-917
113
934
381
-651
-699
131
591
229
-203
-125
109
45
-116
-28
119
-6
-224
-140
150
203
-29
-127
66
179
-41
-244
-22
375
324
-225
-583
-236
448
681
200
-483
-651
-133
456
412
-116
-319
35
273
-12
-299
-104
191
76
-164
-29
219
25
-321
-101
434
304
-435
-568
248
750
74
-778
-465
596
853
-65
-834
-404
514
589
-152
-526
-100
303
132
-94
70
169
-153
-341
79
448
-8
-678
-387
545
642
-256
-654
69
658
203
-423
-256
201
92
-310
-229
275
455
44
-421
-396
53
451
380
-156
-584
-308
367
490
-81
-410
-16
377
128
-320
-291
100
291
128
-84
-113
-47
-56
-111
-52
129
220
45
-248
-293
34
346
223
-151
-252
-13
166
90
-90
-237
-252
-30
237
167
-146
-191
93
215
19
-89
71
146
-71
-251
-99
142
126
-36
-86
-78
-68
98
235
-78
-463
-84
667
456
-621
-872
197
911
132
-865
-487
614
718
-170
-577
-131
140
-74
-12
357
172
-503
-559
229
725
219
-528
-494
165
474
85
-317
-131
265
170
-322
-457
32
505
315
-279
-502
-162
208
282
245
141
-226
-564
-284
403
596
55
-483
-446
-23
349
425
136
-322
-518
-253
157
304
197
62
-119
-377
-337
212
600
167
-452
-285
241
107
-349
-96
524
311
-583
-757
157
876
423
-505
-694
-78
500
511
49
-485
-518
113
598
157
-568
-453
216
340
-48
-91
154
-42
-452
-165
594
555
-400
-798
-6
623
97
-498
-39
578
140
-644
-406
479
561
-263
-641
4
605
204
-548
-467
315
616
36
-540
-336
252
362
-77
-346
-35
388
274
-287
-617
-309
347
705
367
-392
-758
-258
498
532
-120
-476
-103
343
212
-249
-392
-44
345
284
-175
-458
-138
443
485
-161
-597
-126
515
219
-561
-445
462
679
-107
-576
-110
307
-1
-292
85
467
100
-469
-353
143
204
-16
60
145
-213
-463
17
601
371
-343
-553
-125
288
342
197
-77
-441
-469
126
664
279
-557
-534
390
807
42
-820
-591
367
792
227
-529
-572
11
412
233
-102
-106
67
-10
-240
-109
359
416
-243
-753
-255
670
703
-233
-796
-205
626
493
-320
-558
90
587
174
-517
-498
104
393
125
-116
-28
41
-78
-36
254
273
-216
-578
-190
510
556
-127
-595
-254
352
419
-11
-288
-139
96
101
8
51
110
-83
-365
-240
311
605
171
-505
-591
8
576
484
-132
-566
-332
261
459
32
-388
-188
300
291
-178
-254
246
384
-273
-667
56
885
401
-822
-932
363
1259
460
-976
-1137
144
1186
762
-447
-969
-387
437
614
171
-281
-384
-213
132
531
537
-149
-864
-600
438
920
285
-527
-560
-58
242
220
190
153
-93
-365
-256
179
442
262
-171
-485
-339
259
648
198
-560
-474
375
617
-207
-749
16
979
510
-870
-1089
303
1313
456
-1007
-972
425
1128
201
-940
-668
580
1035
97
-938
-755
285
854
417
-374
-649
-165
561
684
-72
-858
-609
468
1017
331
-708
-860
-81
680
762
223
-555
-958
-364
844
1175
0
-1151
-649
689
799
-379
-836
231
1089
267
-1044
-851
527
1053
119
-759
-438
345
448
7
-164
20
40
-168
-172
105
266
124
-70
-121
-97
-12
182
255
-58
-407
-170
424
442
-232
-594
-109
498
462
9
-293
-345
-225
155
573
383
-417
-730
60
836
357
-663
-665
289
795
289
-475
-699
-221
604
988
266
-1011
-1229
185
1507
857
-939
-1381
17
1186
771
-280
-704
-475
-1
519
679
107
-688
-738
34
688
590
71
-350
-533
-300
428
852
98
-1000
-714
706
1110
-136
-1084
-343
812
665
-298
-511
38
150
-239
-53
666
544
-660
-1261
-131
1426
1338
-437
-1766
-978
1023
1807
412
-1430
-1448
302
1541
732
-934
-1182
253
1299
453
-1113
-1177
454
1641
774
-1087
-1609
-195
1338
1166
-321
-1238
-616
627
1023
245
-698
-698
190
813
348
-606
-800
-5
726
528
-189
-478
-154
228
309
182
-87
-446
-482
130
820
621
-425
-1076
-450
780
1172
251
-960
-1119
-40
1121
1070
-204
-1290
-895
555
1322
506
-814
-1017
-5
841
572
-256
-585
-228
211
350
279
41
-399
-645
-133
800
930
-185
-1220
-684
860
1324
-23
-1385
-855
883
1443
16
-1516
-1093
815
1804
569
-1443
-1751
121
1964
1491
-841
-2270
-1042
1409
2177
431
-1644
-1639
166
1458
936
-367
-854
-386
88
173
269
420
103
-586
-662
204
880
388
-550
-629
59
374
52
-85
206
143
-453
-521
416
1059
214
-1146
-1149
254
1264
762
-378
-731
-187
221
-55
-370
42
802
739
-450
-1407
-686
1043
1529
56
-1375
-883
626
998
9
-692
-290
284
219
-18
72
60
-327
-388
259
701
148
-648
-546
189
456
113
-44
157
20
-544
-577
311
986
367
-819
-948
191
1086
574
-642
-1003
-137
779
641
-239
-711
-293
392
543
106
-347
-390
-126
129
256
303
223
-119
-599
-709
-74
861
1041
56
-1078
-981
292
1167
549
-734
-1037
-63
857
625
-296
-713
-262
394
567
198
-354
-667
-437
279
885
700
-223
-989
-834
9
683
730
363
-113
-592
-824
-393
572
1113
484
-691
-1021
-185
632
446
-206
-293
101
132
-245
-210
411
653
-84
-929
-706
338
885
345
-495
-603
95
721
437
-549
-1068
-340
901
1156
81
-994
-821
151
594
217
-154
-89
5
-96
-56
217
291
-58
-454
-461
-76
404
643
344
-428
-912
-359
734
932
-135
-1044
-536
662
921
-3
-802
-550
205
479
164
-146
-137
-4
46
27
-3
-51
-110
-118
3
211
274
-19
-463
-476
167
793
501
-540
-1049
-251
943
1008
-186
-1172
-769
465
1043
395
-610
-820
-75
737
675
-218
-898
-515
470
804
90
-668
-450
381
634
-20
-660
-458
280
662
315
-353
-669
-295
417
681
141
-579
-582
115
580
244
-344
-357
126
348
31
-312
-220
115
243
65
-154
-172
3
171
130
-102
-237
-33
297
230
-305
-605
-70
754
710
-308
-1005
-438
608
739
-65
-563
-181
279
109
-196
27
350
22
-591
-457
424
867
207
-741
-816
-1
726
673
52
-527
-669
-316
295
685
475
-152
-566
-390
64
241
67
-36
144
248
-65
-470
-350
263
615
207
-500
-638
-9
655
560
-213
-776
-441
455
878
280
-692
-904
-106
754
717
-48
-591
-409
88
278
96
-71
-16
79
21
-81
-45
52
-6
-177
-151
163
383
132
-352
-439
27
458
303
-194
-367
-59
224
92
-191
-166
139
283
71
-207
-219
-10
141
111
19
-24
-49
-106
-118
12
206
227
-31
-320
-269
121
395
201
-224
-349
-54
243
185
-71
-161
-40
49
6
-21
51
100
14
-116
-117
34
172
117
-106
-263
-166
99
264
189
-1
-123
-151
-138
-53
134
266
135
-177
-316
-114
168
198
16
-68
41
86
-98
-251
-61
281
284
-103
-366
-161
213
290
52
-179
-224
-118
99
332
297
-126
-504
-308
251
441
69
-276
-164
108
116
-40
-38
80
38
-142
-159
54
221
143
-78
-223
-162
75
260
146
-170
-291
-48
253
257
0
-209
-202
-51
110
179
81
-127
-201
-15
193
145
-52
-100
-2
13
-80
-86
36
101
27
-31
38
99
7
-148
-176
-46
125
210
126
-101
-265
-152
151
296
108
-192
-274
-97
114
190
147
46
-84
-180
-161
-33
105
170
135
7
-148
-194
-60
136
182
25
-151
-146
22
159
124
-36
-151
-108
31
92
17
-56
2
106
72
-94
-175
-53
122
140
13
-90
-81
-22
19
38
42
21
-6
-17
-29
-62
-73
4
128
153
9
-166
-174
-6
140
109
-26
-85
-21
45
13
-59
-57
22
82
70
10
-62
-113
-93
9
108
107
16
-66
-71
-18
36
49
5
-63
-71
10
78
24
-78
-60
69
120
18
-93
-92
-31
-1
22
70
79
-6
-96
-77
7
37
13
11
20
-1
-19
-1
-7
-59
-54
55
125
23
-126
-102
44
73
-31
-41
81
95
-68
-152
-15
123
45
-114
-100
57
125
40
-45
-50
-39
-36
4
49
25
-22
0
41
-9
-99
-80
48
113
30
-69
-41
54
64
-28
-103
-79
4
69
77
31
-32
-63
-41
17
59
39
-32
-81
-49
27
66
41
-5
-36
-41
-16
20
27
-13
-44
-5
67
67
-27
-101
-63
32
63
17
-27
-17
20
32
-1
-50
-63
-13
66
99
42
-71
-144
-92
51
149
105
-24
-93
-56
1
-2
-20
16
70
50
-34
-74
-25
31
18
-27
-16
50
74
0
-93
-81
28
88
22
-64
-39
56
74
-16
-93
-55
45
89
42
-35
-73
-48
20
70
49
-20
-53
-23
18
24
7
-4
-1
11
14
-8
-38
-27
27
60
23
-35
-33
15
21
-19
-21
31
51
-3
-49
-21
33
34
-7
-30
-10
26
44
26
-27
-68
-32
62
101
17
-92
-84
34
113
58
-59
-100
-23
81
96
10
-73
-62
20
67
29
-30
-33
12
38
23
0
-13
-21
-16
21
60
42
-29
-68
-23
52
63
11
-30
-14
20
22
-5
-20
-6
22
36
23
-4
-16
0
17
5
-22
-18
27
62
41
-13
-42
-23
12
28
21
7
-3
2
22
36
18
-23
-42
-15
32
54
34
-1
-16
-6
7
7
1
4
16
22
16
9
7
-2
-16
-10
23
44
22
-11
-9
16
11
-19
-15
38
68
26
-39
-45
3
36
28
14
15
9
-12
-20
10
51
45
-12
-55
-24
47
68
16
-32
-9
38
26
-32
-36
30
66
19
-31
-5
43
28
-28
-36
14
50
32
0
-9
-3
5
22
31
6
-27
-17
28
45
19
-5
-1
1
-10
-4
32
51
16
-32
-31
16
48
33
-8
-30
-9
37
51
9
-36
-21
29
39
2
-11
22
35
-14
-50
2
79
66
-27
-78
-31
43
68
47
12
-25
-51
-33
30
71
41
-20
-37
1
36
29
0
-15
-10
3
18
25
17
1
-6
3
13
11
6
7
3
-13
-19
11
52
51
5
-31
-25
-7
-10
-9
27
66
51
-8
-42
-24
0
-3
-5
20
46
34
0
-21
-17
-7
4
15
17
2
-9
6
31
20
-21
-36
4
48
34
-26
-54
-10
52
53
-2
-35
-9
23
5
-33
-21
39
63
11
-52
-46
14
50
27
-13
-25
-13
2
9
12
12
7
2
0
-4
-13
-16
2
27
25
-9
-32
-7
38
37
-17
-53
-21
30
27
-15
-15
32
46
-11
-66
-43
24
47
7
-25
-4
31
23
-24
-52
-28
21
45
24
-14
-30
-16
4
9
4
-4
-9
-5
4
6
-2
-8
-3
-1
-14
-18
10
39
14
-45
-53
8
53
16
-41
-33
18
28
-14
-33
-1
25
1
-32
-21
15
22
1
-14
-13
-14
-19
-6
25
38
-1
-59
-65
1
70
60
-20
-80
-52
21
51
15
-31
-35
-8
15
20
9
-15
-36
-35
-9
23
38
21
-19
-53
-44
8
51
31
-32
-62
-23
34
44
3
-37
-38
-4
25
13
-31
-48
-8
48
47
-14
-57
-34
12
13
-20
-25
11
39
25
-19
-53
-52
-14
33
49
20
-25
-43
-32
-15
6
34
41
-3
-62
-62
-2
43
28
-6
-11
-6
-25
-37
-4
34
16
-34
-36
17
41
-4
-54
-40
10
30
11
-8
-15
-22
-19
1
12
-8
-27
-9
22
15
-23
-38
-14
3
-6
-7
16
23
-13
-49
-40
-3
19
14
4
-5
-16
-21
-13
-2
-3
-10
-7
0
-3
-9
-8
-5
-13
-19
-12
-2
-2
-5
1
4
-13
-35
-35
-6
23
26
3
-30
-51
-36
7
36
17
-25
-37
-14
5
-4
-19
-13
5
5
-15
-29
-18
3
8
-7
-21
-16
1
-2
-27
-35
-2
35
24
-30
-64
-40
12
37
18
-17
-35
-31
-16
-3
-1
-3
-1
1
-7
-23
-31
-21
-5
4
1
-8
-13
-10
-9
-16
-27
-25
-6
11
7
-11
-18
-13
-11
-16
-15
-4
0
-6
-6
1
-4
-25
-34
-12
16
12
-16
-28
-13
1
-2
-13
-20
-20
-9
10
16
-11
-46
-44
-1
29
11
-22
-22
-1
0
-20
-26
-8
7
1
-6
-3
-5
-20
-27
-10
10
9
-5
-13
-13
-13
-13
-2
10
8
-10
-23
-20
-6
5
9
4
-6
-12
-7
-3
-8
-13
-6
5
5
-3
-9
-4
1
-3
-9
-9
-4
1
5
4
-4
-14
-13
-1
8
3
-7
-11
-5
3
7
5
-2
-7
-6
0
2
-1
-2
2
5
1
-2
3
8
2
-10
-12
1
14
15
4
-7
-9
-2
7
13
9
-1
-8
-5
5
11
9
2
-2
0
5
7
7
6
7
7
5
2
2
5
9
10
7
1
-5
-3
7
16
15
5
-3
-2
5
11
11
8
3
1
3
8
9
7
6
7
7
5
6
9
10
7
5
8
11
8
3
3
8
11
10
7
6
7
9
9
7
6
9
11
9
5
3
8
13
13
6
2
4
12
17
15
6
0
3
11
13
10
6
7
6
4
5
11
16
12
4
1
5
11
10
7
5
4
5
7
10
10
6
2
2
7
11
10
6
3
4
7
9
10
10
9
6
5
6
10
11
9
5
5
8
8
5
4
7
10
10
7
4
3
4
7
10
9
7
5
5
5
5
6
7
9
8
6
5
5
7
9
9
8
3
1
3
6
8
9
9
6
2
2
6
12
11
5
0
2
6
9
9
5
2
1
4
9
9
6
4
3
2
2
5
8
8
5
2
1
3
5
7
6
4
1
0
2
5
7
7
4
1
-1
1
5
8
8
5
1
1
4
7
7
4
2
2
2
2
2
4
6
5
1
-2
-2
2
5
6
3
-2
-3
0
5
5
1
-2
-3
-2
1
2
1
-2
-2
-1
0
1
0
0
1
0
-2
-3
-2
1
3
2
0
-3
-2
0
2
4
4
2
-1
-3
-3
-2
1
2
2
1
-1
-2
-3
-2
1
5
5
2
-2
-3
-2
0
1
-1
-3
-4
-2
1
1
-2
-2
0
3
2
1
0
-2
-4
-4
-2
-1
-3
-4
-1
1
-2
-8
-7
0
4
3
0
0
1
-1
-3
-2
0
1
2
3
2
-2
-6
-5
0
5
5
1
-4
-7
-5
2
7
6
-2
-7
-6
-1
2
2
0
0
0
-1
0
1
3
2
1
0
0
-1
1
3
4
3
2
0
-1
0
2
4
2
-1
-2
1
2
0
0
3
7
5
1
-2
0
3
4
4
3
2
1
1
2
2
1
0
0
0
1
2
2
2
2
2
0
-2
0
4
6
2
-3
-3
3
8
6
2
-1
-2
-2
-1
3
5
5
3
2
1
0
1
4
7
6
1
-4
-1
6
11
9
3
-2
-2
0
4
8
8
5
0
-1
2
5
5
3
2
2
4
5
6
3
-3
-5
-2
6
10
9
7
4
1
1
4
7
7
7
7
8
5
2
3
7
8
4
-1
0
4
6
6
4
2
1
3
7
7
2
-2
0
6
6
2
1
5
9
6
-1
-3
1
7
9
9
7
5
2
2
5
8
5
0
-2
2
7
6
2
2
6
7
2
-4
-1
6
9
5
1
3
7
5
-1
-4
-1
4
4
1
2
6
7
2
-5
-5
-1
5
6
3
0
-1
0
0
-4
-6
-1
5
6
-1
-5
-5
-3
-3
-3
0
1
-3
-6
-4
1
2
-2
-5
-5
-4
-4
-3
1
5
4
-1
-7
-9
-5
3
5
1
-6
-8
-6
-4
-3
-2
-1
-5
-10
-10
-4
0
-4
-9
-8
-3
-1
-5
-6
-3
0
-4
-11
-11
-3
0
-6
-13
-9
0
0
-7
-10
-5
2
0
-6
-11
-13
-13
-9
-1
2
-1
-7
-9
-10
-11
-9
-1
5
3
-6
-11
-9
-4
-2
-4
-6
-9
-10
-6
-2
0
-1
-6
-13
-17
-13
-2
7
7
3
1
-2
-12
-22
-19
-5
8
5
-9
-21
-25
-20
-8
4
9
6
-1
-9
-14
-13
-8
-2
1
1
0
-2
-7
-13
-15
-11
-6
-1
2
2
-5
-12
-14
-12
-10
-7
-5
-2
1
1
-5
-15
-20
-14
-2
5
3
-2
-3
-2
-3
-5
-4
-4
-5
-5
-3
-5
-10
-12
-7
-2
-2
-6
-9
-7
-4
-1
-1
-4
-7
-8
-6
-5
-7
-10
-11
-9
-6
-1
1
-2
-5
-3
-2
-6
-13
-11
-2
5
5
3
0
-4
-6
-3
2
2
-1
-5
-8
-11
-12
-7
1
2
-3
-5
-2
1
0
-2
-2
1
4
2
-2
-2
2
3
-3
-10
-9
-4
-1
0
1
3
1
-1
2
3
-2
-10
-8
1
3
-3
-6
-7
-11
-16
-6
11
17
8
-4
-8
-7
-6
-6
-6
-8
-9
-4
9
17
11
-2
-7
-5
-4
-6
-5
5
14
11
-5
-16
-9
0
-5
-18
-13
11
26
19
5
3
7
6
2
1
5
8
11
13
12
5
0
0
-2
-10
-19
-17
-6
10
25
29
14
-7
-16
-5
14
23
18
5
-3
-2
-1
-2
6
23
31
21
6
4
8
3
-6
2
26
38
30
23
20
1
-35
-48
-20
15
24
14
5
-5
-23
-32
-15
9
16
15
26
40
27
-6
-24
-12
9
20
27
37
38
16
-19
-33
-16
10
16
5
-1
7
15
17
18
18
12
0
-8
-11
-16
-20
-14
1
12
13
12
11
6
0
4
14
13
3
9
34
46
26
0
2
23
32
13
-12
-14
7
23
21
10
7
2
-15
-30
-20
15
39
30
5
-9
-11
-13
-14
-10
-14
-22
-7
34
62
43
4
-15
-11
-3
9
32
46
20
-28
-46
-16
25
37
24
10
1
-4
-2
10
19
15
4
-6
-13
-20
-23
-14
10
31
27
5
-9
-2
7
9
12
21
25
12
-5
-10
-6
-11
-20
-16
0
1
-22
-48
-51
-27
12
36
25
-13
-40
-34
-5
18
23
15
-1
-17
-23
-20
-20
-35
-50
-40
-6
14
-10
-68
-108
-85
2
94
123
83
18
-36
-67
-54
13
89
102
34
-46
-67
-32
9
27
20
-12
-56
-70
-34
14
33
33
38
32
-7
-50
-57
-35
-23
-26
-13
20
34
10
-20
-18
6
20
15
8
12
23
17
-16
-62
-89
-80
-44
2
24
-5
-55
-39
66
154
99
-83
-247
-289
-225
-112
37
189
242
135
-40
-118
-50
60
99
66
28
27
44
46
27
-1
-35
-56
-21
65
108
17
-161
-262
-186
5
150
134
-24
-186
-212
-89
57
99
52
20
38
55
69
124
184
156
76
88
177
146
-76
-261
-161
160
389
330
75
-153
-236
-196
-96
26
142
203
148
-29
-227
-303
-232
-128
-92
-106
-87
8
141
204
104
-112
-264
-207
27
269
332
148
-155
-316
-191
89
252
163
-75
-251
-212
54
378
463
167
-251
-362
-118
105
63
-81
-118
-97
-87
21
248
325
27
-423
-548
-201
269
441
258
-32
-179
-104
101
237
169
-13
-73
75
235
160
-133
-357
-270
57
345
397
201
-147
-419
-309
193
583
380
-212
-531
-304
111
297
209
-2
-217
-275
-14
388
418
-117
-673
-587
83
694
758
289
-354
-700
-466
150
625
620
231
-208
-412
-297
-14
170
139
32
29
101
103
46
26
-49
-301
-475
-199
324
459
35
-433
-498
-235
87
306
291
-16
-389
-450
-132
213
261
81
-82
-153
-168
-103
17
60
4
-12
30
-24
-192
-278
-156
84
266
241
-39
-404
-515
-204
282
499
254
-207
-469
-341
16
280
251
11
-182
-196
-133
-102
-49
53
92
45
70
174
98
-246
-496
-270
283
606
369
-189
-553
-466
-93
247
392
355
160
-183
-503
-460
56
583
516
-95
-524
-312
175
334
130
-28
14
-3
-216
-326
-28
425
448
-70
-542
-433
46
274
70
-158
-89
99
114
-1
-63
-124
-270
-277
96
537
436
-229
-713
-428
306
701
453
-73
-447
-563
-396
135
790
901
143
-804
-937
-180
589
715
368
-30
-343
-489
-252
270
487
87
-363
-195
277
231
-332
-559
-15
716
800
95
-723
-815
-67
713
709
97
-277
-110
19
-285
-489
-23
623
560
-92
-447
-231
84
200
170
-5
-219
-148
173
188
-249
-433
94
619
265
-508
-511
245
572
84
-314
-102
170
86
-92
-202
-328
-215
365
827
385
-608
-918
-147
691
656
68
-316
-387
-310
-9
345
248
-207
-316
58
287
85
-169
-237
-221
-21
518
897
349
-791
-1125
-133
939
897
215
-111
-161
-394
-442
140
769
621
-75
-467
-356
-179
-63
202
393
75
-422
-316
252
294
-359
-653
15
771
552
-370
-876
-525
143
561
616
311
-298
-782
-640
17
568
705
587
208
-601
-1348
-985
546
1678
1028
-673
-1484
-745
386
746
435
74
-205
-446
-352
172
490
85
-451
-164
725
958
4
-1100
-1063
52
1021
1017
358
-253
-583
-680
-387
361
1029
888
-2
-716
-551
151
568
441
131
-86
-243
-280
-14
420
585
326
-12
-84
46
136
151
197
255
203
15
-218
-346
-172
337
742
440
-458
-946
-299
838
1121
207
-817
-851
-69
551
502
56
-355
-517
-320
182
554
305
-403
-780
-370
333
531
132
-273
-272
-62
-26
-225
-423
-369
15
501
612
88
-628
-743
-109
514
459
42
-39
155
-15
-538
-605
99
752
536
-208
-549
-279
25
37
25
166
245
147
34
-83
-337
-490
-110
581
724
31
-640
-448
236
455
92
-165
-36
69
-45
-60
144
214
3
-125
38
137
-96
-277
-2
365
192
-388
-640
-299
147
247
101
-17
-103
-239
-275
-25
344
424
71
-399
-553
-270
151
307
128
-97
-172
-232
-383
-388
-27
439
492
35
-469
-562
-269
83
263
214
-47
-377
-511
-307
104
433
414
-25
-568
-643
-53
635
652
-16
-585
-447
112
376
127
-205
-223
-9
124
71
-15
9
59
-37
-198
-139
140
237
-24
-235
-23
278
96
-410
-465
159
685
387
-340
-523
34
528
294
-334
-491
89
657
351
-589
-981
-238
779
894
129
-492
-397
-14
122
93
148
157
-41
-207
-132
-42
-125
-90
288
598
292
-461
-895
-556
217
710
543
-59
-529
-466
-5
338
280
89
85
109
-152
-506
-428
159
678
566
-87
-661
-648
-93
525
725
368
-265
-632
-361
299
617
202
-446
-514
55
459
151
-392
-359
229
602
359
-86
-243
-144
-68
-72
-5
205
398
295
-143
-523
-400
136
523
406
-6
-333
-476
-453
-132
456
784
406
-291
-519
-157
218
231
34
-161
-298
-288
-35
311
413
137
-282
-479
-276
196
553
420
-115
-435
-141
316
267
-146
-241
119
387
212
-144
-284
-127
135
276
209
59
23
77
-31
-309
-285
310
855
516
-457
-912
-345
493
713
304
-177
-370
-281
-34
224
316
168
-55
-109
24
136
80
-61
-93
66
260
214
-107
-360
-237
105
282
200
49
-73
-214
-338
-294
-24
323
478
262
-235
-658
-652
-189
374
596
323
-216
-607
-510
47
569
524
4
-365
-266
-21
48
71
209
291
153
-45
-113
-156
-279
-255
117
517
447
-7
-294
-223
-130
-225
-294
-123
184
352
200
-210
-543
-459
-2
392
394
125
-100
-212
-325
-364
-135
255
423
188
-255
-612
-644
-208
492
842
410
-446
-878
-460
389
904
697
-6
-641
-721
-196
451
606
148
-428
-567
-181
356
570
277
-236
-487
-322
-19
158
246
305
186
-173
-436
-221
293
500
177
-237
-263
50
355
430
235
-147
-465
-412
31
505
629
369
-3
-212
-159
73
271
220
-58
-275
-201
69
273
281
126
-115
-328
-360
-133
237
487
394
-13
-414
-440
-45
384
393
-27
-420
-380
19
399
473
217
-181
-422
-340
-89
51
36
40
106
67
-132
-282
-205
-6
121
163
173
95
-51
-49
155
233
-61
-446
-471
-125
213
304
222
78
-114
-273
-247
-57
85
96
99
132
63
-117
-221
-154
-45
-19
-45
-41
14
66
41
-91
-242
-249
-50
184
217
37
-152
-205
-139
15
200
238
13
-264
-262
27
294
318
159
-40
-208
-291
-237
-121
-101
-167
-99
175
402
325
11
-276
-358
-190
155
438
393
25
-357
-469
-328
-131
3
58
16
-85
-77
155
418
375
-21
-435
-509
-215
179
403
386
227
42
-112
-183
-115
70
227
219
63
-92
-139
-112
-80
-40
35
107
99
-21
-202
-312
-188
191
568
577
137
-412
-634
-423
-16
317
469
412
127
-291
-570
-462
-18
435
588
385
0
-340
-464
-307
49
373
438
219
-97
-308
-337
-195
74
354
461
302
-10
-250
-279
-136
43
137
91
-71
-243
-297
-177
60
284
349
197
-58
-209
-172
-60
0
10
24
27
-19
-81
-107
-113
-135
-114
38
266
378
276
49
-148
-219
-141
14
94
1
-177
-255
-161
18
178
269
239
43
-228
-358
-240
-12
124
120
45
-51
-135
-139
-30
110
162
121
86
112
134
66
-82
-210
-218
-94
67
132
72
-8
-12
26
20
-6
42
163
215
95
-110
-226
-189
-66
63
157
161
30
-154
-196
-10
227
259
51
-174
-208
-86
12
-17
-116
-175
-138
-16
114
162
101
15
10
98
185
161
-2
-223
-362
-320
-129
70
158
127
37
-60
-104
-2
239
421
331
13
-246
-248
-77
71
125
120
59
-61
-141
-65
121
235
190
76
6
-16
-38
-60
-54
-31
-14
7
45
65
36
-6
-1
46
76
59
14
-32
-65
-67
-30
19
32
-1
-41
-59
-38
29
121
161
93
-21
-63
-15
16
-41
-114
-101
-24
10
-28
-75
-85
-73
-41
27
100
94
-14
-127
-132
-42
21
-16
-96
-121
-73
-25
-31
-55
-31
38
68
3
-112
-187
-198
-182
-161
-112
-31
24
-3
-91
-155
-130
-14
144
262
253
99
-100
-188
-109
28
72
0
-66
-17
115
203
163
42
-50
-49
14
64
74
71
87
97
57
-27
-97
-115
-99
-76
-35
40
127
172
146
76
10
-31
-65
-114
-162
-170
-116
-29
46
106
148
133
29
-90
-102
8
117
123
49
-37
-116
-188
-198
-110
13
75
91
128
171
143
58
9
27
48
29
-2
-26
-63
-107
-105
-56
-42
-107
-170
-145
-61
8
47
67
42
-49
-160
-218
-204
-151
-78
11
85
98
36
-59
-139
-172
-139
-60
7
16
-19
-58
-89
-115
-120
-92
-42
2
29
41
45
48
55
58
31
-36
-110
-139
-98
-11
67
84
33
-20
-4
63
96
73
59
101
147
121
25
-60
-75
-23
57
128
163
155
124
90
56
29
33
70
99
91
54
9
-39
-76
-70
-18
34
30
-18
-50
-34
8
37
38
21
-3
-27
-57
-96
-119
-87
-2
71
76
15
-63
-106
-89
-20
53
83
57
8
-34
-67
-96
-92
-34
50
97
73
3
-65
-97
-89
-69
-68
-82
-78
-38
19
63
73
38
-20
-54
-29
32
67
51
25
22
21
-2
-21
-13
-1
-12
-28
-13
22
42
38
40
61
83
87
73
50
26
20
49
92
117
114
102
87
72
74
110
157
162
109
47
32
61
88
87
68
48
28
16
23
45
58
54
50
68
100
116
104
79
51
24
11
38
97
132
101
36
4
24
60
72
56
35
21
18
26
38
44
42
38
38
39
42
43
31
7
-1
35
88
92
23
-63
-85
-27
49
74
47
16
14
18
-4
-53
-96
-101
-70
-26
6
3
-36
-71
-49
32
99
82
-6
-88
-100
-39
45
88
65
13
-14
0
20
20
20
40
49
13
-35
-43
-22
-20
-35
-13
50
86
61
24
34
74
85
61
55
81
98
71
21
-8
0
22
26
3
-27
-37
-16
24
60
73
60
38
26
24
15
-13
-48
-61
-45
-14
5
4
-11
-27
-39
-49
-60
-68
-67
-60
-59
-64
-72
-96
-141
-181
-181
-148
-130
-144
-149
-111
-63
-64
-115
-167
-192
-204
-215
-220
-225
-240
-250
-236
-219
-240
-285
-298
-261
-232
-253
-292
-298
-287
-303
-340
-362
-366
-371
-370
-337
-294
-298
-359
-413
-403
-352
-322
-334
-365
-387
-384
-348
-290
-243
-234
-252
-259
-229
-171
-121
-111
-144
-185
-190
-157
-128
-121
-101
-34
55
108
110
103
118
153
192
232
261
260
238
226
236
252
274
318
371
397
397
416
475
528
532
509
509
536
556
568
583
587
560
530
535
561
566
549
539
529
490
434
405
413
421
426
461
508
495
409
352
396
477
490
435
396
396
378
311
248
232
227
190
149
148
170
159
113
87
103
117
91
54
52
73
65
23
0
27
69
73
39
2
-19
-27
-28
-24
-23
-31
-41
-48
-61
-78
-74
-33
14
33
37
60
87
88
78
102
151
168
138
114
132
150
129
95
93
110
106
89
96
121
127
102
75
64
65
83
121
148
124
57
9
9
14
-18
-71
-99
-96
-91
-111
-152
-190
-203
-192
-186
-210
-257
-281
-267
-247
-254
-278
-294
-311
-340
-363
-355
-342
-369
-426
-461
-465
-486
-543
-590
-596
-599
-633
-658
-621
-549
-516
-532
-538
-508
-485
-497
-516
-517
-522
-549
-579
-597
-630
-692
-747
-752
-723
-709
-713
-696
-649
-604
-582
-570
-565
-584
-627
-659
-656
-644
-661
-706
-741
-749
-747
-752
-757
-742
-708
-664
-616
-560
-492
-408
-304
-184
-59
56
162
273
390
487
538
546
546
558
579
593
593
576
546
516
504
514
534
560
604
676
766
855
923
961
971
979
1010
1053
1062
1017
953
923
929
928
882
802
722
659
606
558
515
478
447
424
412
409
403
385
356
332
328
334
326
291
240
184
124
60
-3
-59
-110
-158
-196
-221
-237
-257
-286
-316
-335
-326
-282
-228
-198
-198
-201
-183
-162
-164
-180
-174
-133
-89
-78
-93
-110
-115
-120
-126
-118
-84
-30
23
66
109
159
211
254
286
310
324
331
342
374
419
443
420
367
325
319
335
347
349
353
371
398
418
422
405
376
354
354
369
371
343
298
260
233
196
136
70
21
-7
-29
-55
-87
-119
-151
-187
-229
-271
-298
-304
-299
-302
-315
-334
-356
-390
-431
-462
-479
-496
-523
-551
-572
-591
-613
-626
-620
-602
-587
-572
-545
-511
-483
-457
-422
-388
-371
-370
-359
-324
-274
-227
-191
-169
-165
-161
-135
-81
-29
-3
4
19
52
90
121
148
179
219
264
312
361
409
449
478
497
504
492
458
415
385
376
378
376
371
362
341
310
290
300
329
341
318
271
219
165
105
42
-20
-75
-124
-165
-195
-217
-242
-282
-336
-390
-437
-486
-549
-618
-666
-684
-696
-728
-775
-820
-852
-878
-900
-912
-914
-908
-901
-908
-941
-1002
-1077
-1148
-1210
-1254
-1269
-1265
-1273
-1311
-1354
-1371
-1364
-1350
-1326
-1276
-1203
-1128
-1046
-932
-791
-653
-517
-334
-93
145
309
404
486
580
665
727
781
831
858
864
876
906
925
917
921
991
1117
1239
1323
1387
1450
1499
1519
1523
1534
1546
1545
1537
1534
1523
1476
1389
1294
1205
1112
1012
920
845
767
667
559
464
380
300
236
205
196
182
161
146
132
88
11
-78
-168
-266
-368
-448
-497
-541
-607
-676
-715
-727
-740
-757
-757
-733
-697
-654
-597
-535
-492
-473
-454
-410
-349
-283
-211
-131
-50
22
83
129
150
156
177
232
299
353
395
445
502
548
587
642
717
788
847
909
970
1004
994
963
940
919
881
838
813
803
783
751
723
699
659
602
551
517
483
435
381
332
275
202
129
70
14
-54
-121
-165
-198
-250
-326
-397
-453
-513
-583
-639
-667
-691
-727
-756
-757
-741
-735
-735
-716
-686
-681
-711
-742
-752
-756
-772
-785
-773
-748
-731
-717
-683
-630
-578
-529
-470
-400
-340
-300
-261
-209
-154
-110
-72
-22
39
95
139
177
212
241
268
298
327
340
338
339
354
375
389
400
422
455
489
518
541
560
569
566
553
533
507
473
432
387
342
301
264
233
208
191
175
154
134
122
113
86
40
-4
-21
-23
-38
-76
-123
-168
-219
-282
-346
-403
-454
-503
-540
-562
-587
-641
-715
-775
-802
-807
-810
-816
-816
-808
-801
-806
-831
-879
-940
-993
-1019
-1014
-990
-972
-985
-1031
-1089
-1136
-1176
-1229
-1294
-1338
-1334
-1297
-1262
-1245
-1243
-1247
-1245
-1207
-1113
-975
-829
-671
-461
-180
122
374
552
684
795
885
954
1017
1080
1129
1158
1174
1181
1157
1093
1020
992
1031
1121
1232
1344
1442
1509
1539
1538
1515
1478
1448
1447
1473
1497
1490
1442
1348
1208
1035
861
702
548
388
241
126
19
-115
-266
-387
-449
-471
-478
-465
-431
-403
-402
-417
-439
-491
-593
-715
-799
-836
-874
-940
-1007
-1044
-1057
-1066
-1069
-1051
-1014
-963
-883
-764
-631
-522
-439
-349
-237
-123
-21
81
194
308
410
504
592
655
678
673
667
671
683
712
771
852
927
979
1022
1066
1106
1135
1160
1193
1228
1248
1239
1200
1134
1041
928
811
708
626
556
490
416
331
237
142
53
-23
-85
-132
-167
-192
-216
-253
-310
-385
-464
-531
-585
-636
-691
-745
-789
-825
-865
-920
-980
-1018
-1019
-994
-960
-919
-863
-794
-724
-663
-617
-588
-571
-547
-500
-437
-389
-374
-367
-341
-296
-258
-238
-218
-178
-116
-46
22
86
146
206
272
341
399
433
456
484
522
553
559
541
516
497
488
470
430
373
324
300
290
267
226
186
172
187
215
236
234
211
182
169
174
173
141
83
28
-4
-25
-60
-113
-164
-194
-201
-200
-202
-209
-214
-210
-192
-161
-127
-100
-83
-68
-48
-33
-36
-58
-80
-88
-88
-104
-147
-202
-248
-280
-311
-348
-385
-413
-427
-423
-400
-373
-366
-390
-420
-430
-421
-423
-457
-512
-567
-610
-649
-698
-762
-840
-914
-963
-990
-1028
-1106
-1215
-1313
-1364
-1370
-1357
-1358
-1386
-1421
-1431
-1411
-1399
-1418
-1426
-1333
-1088
-728
-324
66
414
703
923
1080
1171
1180
1122
1068
1088
1165
1211
1177
1101
1045
1037
1069
1140
1248
1372
1482
1567
1628
1646
1594
1489
1387
1338
1340
1367
1398
1419
1415
1366
1267
1123
937
714
469
225
0
-203
-396
-580
-744
-861
-914
-911
-870
-811
-740
-663
-596
-562
-577
-638
-725
-810
-881
-944
-1006
-1060
-1082
-1058
-999
-930
-871
-823
-774
-715
-643
-567
-490
-400
-277
-114
70
243
397
542
685
823
943
1043
1124
1183
1215
1214
1181
1124
1057
1001
974
978
1003
1036
1071
1108
1137
1140
1109
1055
995
940
887
828
756
665
554
435
322
216
113
9
-87
-173
-257
-347
-444
-542
-638
-721
-772
-790
-792
-792
-781
-748
-709
-695
-711
-732
-742
-748
-755
-759
-756
-758
-764
-753
-715
-670
-639
-605
-535
-421
-293
-184
-99
-31
25
68
102
132
154
172
201
246
297
338
356
351
333
319
316
316
309
303
312
332
338
323
307
305
308
304
302
303
292
251
197
153
112
52
-21
-78
-105
-129
-167
-207
-234
-254
-273
-281
-267
-240
-211
-173
-122
-76
-52
-39
-14
27
64
92
119
145
154
144
134
129
123
120
142
194
247
274
290
317
351
369
376
396
431
451
443
422
400
364
304
233
167
100
21
-57
-116
-165
-229
-305
-367
-405
-439
-484
-529
-563
-591
-619
-640
-651
-668
-701
-734
-751
-764
-796
-848
-905
-966
-1039
-1111
-1156
-1180
-1217
-1277
-1332
-1360
-1378
-1411
-1449
-1472
-1478
-1475
-1461
-1438
-1436
-1471
-1509
-1483
-1363
-1160
-880
-505
-37
465
919
1265
1479
1563
1548
1486
1418
1356
1312
1314
1370
1437
1459
1426
1379
1361
1382
1435
1502
1555
1567
1538
1481
1394
1266
1124
1030
1026
1088
1162
1211
1220
1170
1041
836
578
284
-25
-323
-582
-797
-982
-1135
-1238
-1275
-1247
-1166
-1045
-907
-786
-705
-669
-672
-706
-760
-814
-852
-866
-850
-808
-759
-721
-692
-648
-574
-478
-384
-304
-238
-179
-124
-67
0
87
213
394
623
864
1077
1246
1374
1465
1515
1519
1482
1416
1335
1247
1150
1038
916
808
741
724
740
768
788
791
771
719
637
533
426
333
259
197
133
61
-24
-123
-228
-324
-402
-462
-515
-572
-642
-734
-846
-962
-1054
-1103
-1100
-1036
-916
-764
-616
-497
-411
-352
-314
-296
-292
-295
-297
-292
-279
-266
-264
-263
-244
-193
-121
-38
53
149
237
304
349
372
372
360
366
403
448
475
479
481
480
459
408
344
279
215
154
100
50
-10
-79
-128
-141
-128
-116
-109
-99
-88
-90
-107
-136
-175
-224
-273
-309
-339
-378
-418
-439
-433
-413
-393
-371
-341
-309
-276
-233
-174
-109
-45
27
118
215
297
361
423
492
556
606
643
664
658
624
579
541
512
486
470
475
495
508
500
477
449
418
387
356
324
278
215
144
72
-7
-103
-208
-305
-385
-458
-533
-617
-710
-809
-899
-968
-1017
-1057
-1081
-1076
-1037
-983
-935
-898
-863
-832
-810
-802
-811
-841
-887
-929
-951
-962
-983
-1010
-1027
-1028
-1034
-1064
-1116
-1183
-1252
-1302
-1313
-1291
-1266
-1252
-1240
-1221
-1205
-1193
-1147
-1014
-767
-407
45
545
1016
1390
1646
1787
1815
1740
1607
1492
1438
1429
1433
1430
1407
1352
1281
1232
1215
1209
1201
1210
1241
1258
1214
1107
981
869
790
764
796
854
892
897
870
792
623
367
72
-216
-489
-746
-969
-1143
-1277
-1376
-1418
-1387
-1301
-1191
-1062
-914
-768
-655
-580
-526
-492
-484
-490
-480
-446
-408
-385
-364
-334
-295
-247
-183
-110
-45
2
42
92
153
223
318
455
627
814
1001
1180
1338
1459
1535
1567
1558
1516
1450
1362
1243
1088
914
752
618
513
430
371
337
323
320
310
271
193
97
13
-48
-101
-155
-204
-244
-286
-341
-410
-489
-572
-651
-709
-746
-781
-833
-895
-945
-971
-971
-930
-833
-687
-521
-357
-199
-55
52
110
136
153
165
170
172
173
170
154
140
147
171
193
213
251
313
372
402
406
410
419
422
417
410
399
378
357
345
329
279
194
106
35
-37
-133
-242
-336
-409
-471
-517
-535
-530
-521
-506
-472
-427
-396
-384
-364
-329
-302
-302
-312
-315
-319
-338
-358
-354
-327
-296
-260
-205
-134
-68
-9
59
141
220
296
390
504
615
702
781
867
947
997
1016
1017
1001
957
894
826
755
676
604
555
524
487
441
401
374
341
288
222
156
88
13
-69
-161
-267
-385
-493
-584
-669
-760
-849
-919
-973
-1026
-1082
-1129
-1156
-1166
-1160
-1140
-1114
-1087
-1050
-988
-904
-821
-755
-707
-673
-662
-682
-725
-773
-812
-833
-825
-789
-746
-720
-720
-738
-767
-808
-858
-903
-941
-976
-1013
-1047
-1077
-1108
-1141
-1160
-1146
-1092
-999
-857
-642
-342
31
445
863
1250
1567
1794
1927
1972
1937
1841
1727
1638
1578
1513
1421
1307
1195
1095
1014
960
933
921
911
905
891
843
744
627
542
511
521
549
583
601
571
479
336
153
-73
-331
-583
-801
-990
-1168
-1326
-1446
-1521
-1548
-1505
-1374
-1180
-975
-789
-617
-463
-346
-274
-226
-181
-137
-89
-25
47
94
98
83
84
107
139
184
256
347
431
497
555
613
671
744
854
998
1148
1281
1395
1482
1517
1483
1399
1294
1179
1050
909
758
597
424
257
114
-3
-99
-169
-200
-195
-181
-185
-207
-239
-273
-302
-320
-332
-349
-376
-409
-443
-484
-536
-592
-635
-657
-660
-656
-655
-666
-686
-703
-695
-646
-547
-396
-205
3
201
365
482
549
573
567
547
529
515
505
486
448
392
330
277
244
233
241
263
292
316
323
305
269
230
202
188
177
161
133
94
44
-19
-99
-196
-299
-396
-479
-554
-628
-697
-745
-765
-764
-750
-725
-689
-641
-582
-515
-445
-381
-321
-257
-190
-142
-126
-127
-116
-82
-33
20
78
140
201
260
322
382
435
490
566
670
776
863
933
1001
1063
1110
1141
1163
1170
1145
1084
995
883
745
593
451
334
234
142
65
7
-49
-123
-204
-265
-300
-328
-362
-396
-424
-458
-502
-552
-605
-671
-751
-817
-850
-873
-923
-1001
-1073
-1118
-1146
-1167
-1167
-1137
-1086
-1021
-936
-831
-738
-676
-615
-526
-427
-370
-363
-373
-383
-412
-467
-522
-558
-591
-625
-637
-629
-648
-725
-826
-896
-942
-1007
-1089
-1145
-1161
-1165
-1165
-1135
-1070
-999
-914
-756
-494
-167
182
562
982
1384
1685
1866
1956
1956
1851
1682
1530
1424
1329
1231
1161
1127
1086
1012
941
904
872
813
755
736
728
673
573
482
423
375
336
333
364
383
369
344
306
200
-9
-277
-538
-781
-1026
-1251
-1412
-1498
-1532
-1514
-1424
-1272
-1097
-916
-710
-485
-291
-161
-69
17
89
126
141
165
202
233
256
289
331
365
395
440
496
529
527
518
532
565
606
666
763
894
1034
1165
1277
1351
1371
1343
1284
1193
1056
876
683
504
339
182
36
-85
-176
-242
-280
-298
-309
-329
-354
-376
-397
-432
-476
-511
-521
-510
-492
-473
-458
-450
-448
-445
-438
-439
-453
-473
-486
-493
-501
-502
-476
-412
-309
-170
-4
168
324
452
555
634
679
688
672
641
599
549
500
461
430
400
374
358
347
329
299
266
231
194
154
114
74
35
3
-14
-20
-29
-56
-101
-154
-210
-270
-338
-413
-490
-565
-636
-706
-775
-831
-859
-844
-785
-693
-590
-495
-416
-346
-283
-232
-190
-142
-75
4
78
139
191
242
292
344
399
451
486
510
543
592
641
680
726
796
878
946
994
1030
1055
1059
1045
1021
973
877
740
597
467
337
200
79
-4
-59
-110
-161
-203
-245
-304
-366
-406
-428
-462
-512
-551
-566
-578
-608
-644
-670
-700
-748
-797
-822
-829
-842
-860
-863
-853
-857
-881
-895
-878
-844
-805
-750
-664
-570
-502
-462
-434
-419
-436
-478
-509
-520
-537
-576
-613
-631
-646
-683
-737
-787
-841
-914
-996
-1057
-1094
-1138
-1191
-1220
-1208
-1180
-1155
-1105
-984
-776
-485
-105
359
851
1296
1654
1923
2084
2101
1985
1811
1653
1529
1425
1338
1267
1188
1082
969
881
814
745
684
667
686
688
632
537
442
358
292
263
284
326
355
361
347
285
139
-81
-325
-561
-790
-1014
-1206
-1349
-1448
-1511
-1517
-1449
-1320
-1160
-975
-762
-540
-347
-200
-88
-2
57
102
160
239
311
354
377
401
428
445
455
474
507
544
576
603
616
612
608
642
728
847
971
1092
1207
1298
1341
1328
1266
1167
1039
894
740
570
378
173
-17
-176
-306
-408
-471
-492
-480
-460
-442
-434
-440
-461
-484
-497
-500
-494
-475
-438
-394
-362
-352
-353
-357
-363
-375
-385
-391
-395
-398
-388
-359
-312
-247
-151
-15
149
313
460
587
688
755
786
789
769
726
664
597
533
465
388
313
258
220
186
153
126
100
68
31
1
-22
-47
-81
-112
-135
-157
-186
-219
-248
-280
-320
-364
-406
-452
-521
-611
-700
-771
-820
-849
-851
-825
-774
-708
-630
-548
-472
-406
-334
-234
-110
14
116
196
262
315
354
384
415
454
508
577
650
703
721
711
700
706
726
750
782
828
887
945
980
982
948
889
817
738
647
538
414
291
178
70
-46
-172
-291
-379
-433
-463
-484
-500
-513
-519
-521
-525
-539
-563
-585
-590
-580
-576
-598
-639
-676
-694
-703
-715
-734
-753
-766
-771
-765
-757
-753
-748
-719
-652
-566
-493
-442
-397
-344
-291
-259
-261
-293
-346
-406
-455
-490
-527
-576
-619
-633
-630
-651
-720
-822
-929
-1027
-1111
-1179
-1225
-1250
-1249
-1209
-1136
-1062
-1015
-972
-876
-688
-409
-56
361
821
1276
1665
1941
2076
2063
1937
1772
1634
1537
1461
1388
1322
1252
1149
1003
837
689
585
536
544
583
610
592
532
454
366
267
176
125
123
144
154
133
71
-44
-212
-413
-627
-844
-1057
-1243
-1379
-1469
-1525
-1543
-1499
-1382
-1205
-989
-747
-494
-255
-53
104
219
295
342
381
428
476
506
515
515
516
518
522
540
579
634
689
733
762
771
768
773
805
867
949
1042
1136
1212
1249
1231
1163
1056
919
761
591
414
232
46
-137
-309
-461
-581
-655
-676
-652
-602
-544
-494
-464
-458
-473
-493
-505
-499
-471
-425
-378
-342
-326
-324
-332
-342
-344
-325
-287
-241
-199
-163
-130
-96
-52
14
109
232
374
521
655
753
798
798
771
730
677
617
559
510
465
415
354
283
205
134
83
57
41
16
-19
-58
-98
-149
-212
-276
-322
-346
-354
-356
-363
-387
-427
-468
-502
-535
-580
-634
-685
-726
-761
-792
-802
-772
-692
-564
-404
-238
-96
6
69
105
118
114
109
128
181
252
320
373
413
451
496
554
625
700
775
848
912
951
945
901
843
797
773
760
749
734
714
682
630
549
435
298
157
31
-82
-191
=======
-787
-568
-343
-85
223
579
953
1300
1582
1791
1925
1965
1901
1766
1611
1460
1309
1162
1032
921
821
739
690
666
640
607
587
581
553
487
406
335
263
175
79
-11
-103
-193
-262
-299
-335
-401
-490
-575
-658
-759
-867
-948
-985
-981
-932
-839
-729
-630
-531
-400
-242
-99
4
81
148
199
228
246
256
256
274
347
465
571
630
668
714
754
756
716
649
562
467
396
352
298
210
137
129
158
154
103
46
5
-27
-54
-68
-96
-179
-305
-415
-507
-630
-789
-904
-930
-922
-965
-1085
-1275
-1537
-1851
-2138
-2340
-2489
-2641
-2778
-2852
-2896
-2991
-3134
-3234
-3244
-3199
-3137
-3055
-2966
-2890
-2783
-2522
-2039
-1393
-663
145
1020
1850
2508
2974
3310
3551
3691
3760
3802
3802
3717
3569
3442
3357
3235
3033
2790
2538
2234
1848
1438
1076
768
488
255
101
-5
-108
-185
-165
-46
106
252
392
486
455
272
-1
-298
-617
-956
-1256
-1465
-1597
-1694
-1754
-1755
-1712
-1656
-1578
-1451
-1297
-1159
-1036
-879
-666
-433
-204
51
357
694
1023
1333
1613
1830
1957
2007
2003
1939
1800
1606
1405
1215
1023
833
680
582
522
478
439
393
317
204
78
-27
-105
-161
-191
-194
-194
-217
-257
-284
-281
-255
-218
-182
-169
-209
-311
-451
-598
-730
-818
-835
-780
-684
-583
-485
-381
-272
-165
-65
27
99
140
154
162
176
197
237
315
427
538
621
681
728
758
761
741
703
632
514
368
234
130
58
32
66
137
191
201
180
141
71
-29
-118
-167
-201
-255
-332
-415
-517
-648
-779
-875
-948
-1047
-1175
-1296
-1415
-1584
-1821
-2079
-2319
-2553
-2781
-2959
-3057
-3105
-3130
-3106
-3013
-2910
-2879
-2909
-2917
-2865
-2755
-2547
-2166
-1603
-917
-152
674
1498
2192
2697
3074
3391
3622
3722
3736
3733
3711
3634
3511
3375
3203
2956
2672
2419
2183
1880
1496
1123
822
551
272
25
-143
-249
-318
-325
-255
-155
-77
2
117
212
192
46
-150
-359
-605
-879
-1118
-1285
-1403
-1494
-1542
-1544
-1532
-1523
-1473
-1347
-1177
-1017
-864
-679
-465
-255
-48
197
498
827
1150
1445
1692
1858
1933
1949
1935
1884
1782
1641
1487
1323
1133
914
695
511
374
275
199
130
49
-61
-188
-304
-392
-458
-510
-528
-499
-438
-382
-346
-316
-282
-251
-224
-193
-171
-188
-248
-312
-349
-371
-400
-418
-385
-305
-211
-128
-54
5
32
44
72
112
125
103
94
130
190
240
291
367
458
536
594
640
657
627
573
537
518
479
408
335
278
221
152
86
38
-6
-58
-103
-125
-141
-182
-248
-320
-396
-491
-607
-726
-833
-921
-984
-1018
-1043
-1101
-1218
-1381
-1562
-1749
-1945
-2143
-2322
-2460
-2562
-2646
-2725
-2794
-2844
-2868
-2874
-2875
-2890
-2917
-2917
-2828
-2597
-2207
-1658
-954
-123
755
1571
2248
2769
3148
3402
3559
3657
3724
3764
3777
3767
3716
3587
3369
3092
2794
2470
2098
1691
1292
922
569
224
-99
-390
-636
-809
-876
-840
-733
-577
-373
-146
35
107
65
-58
-234
-438
-637
-803
-930
-1021
-1069
-1078
-1082
-1111
-1158
-1179
-1155
-1094
-1009
-896
-758
-602
-430
-235
-19
218
489
807
1156
1484
1750
1939
2046
2071
2017
1906
1758
1584
1401
1227
1062
892
717
552
407
265
114
-40
-186
-327
-459
-566
-634
-671
-688
-675
-624
-548
-462
-362
-241
-119
-27
28
50
33
-30
-117
-192
-237
-264
-276
-258
-210
-152
-103
-60
-19
6
13
14
14
2
-20
-21
19
89
159
226
306
399
483
539
562
554
520
471
413
339
246
151
85
53
31
-2
-40
-63
-63
-52
-51
-70
-105
-146
-190
-246
-321
-401
-464
-496
-504
-507
-529
-587
-683
-813
-977
-1177
-1403
-1628
-1836
-2025
-2202
-2361
-2498
-2617
-2726
-2809
-2849
-2859
-2870
-2901
-2941
-2971
-2968
-2891
-2694
-2351
-1857
-1209
-428
416
1212
1886
2435
2877
3209
3419
3527
3571
3582
3579
3569
3541
3466
3330
3154
2958
2713
2375
1951
1499
1063
650
265
-80
-373
-609
-770
-836
-813
-733
-615
-456
-272
-117
-37
-38
-109
-242
-418
-595
-740
-854
-944
-1000
-1013
-1000
-987
-983
-982
-982
-975
-937
-847
-715
-568
-403
-201
35
288
550
824
1105
1375
1619
1823
1960
2000
1949
1849
1730
1591
1429
1257
1081
901
722
557
402
236
59
-103
-232
-348
-473
-599
-694
-737
-724
-662
-564
-457
-352
-235
-104
10
70
81
77
72
53
8
-52
-109
-149
-162
-145
-116
-94
-77
-48
-10
5
-14
-48
-73
-80
-70
-42
9
74
143
216
290
347
378
396
411
418
408
379
334
266
181
94
21
-42
-99
-138
-142
-111
-71
-43
-39
-62
-101
-139
-165
-189
-212
-213
-176
-129
-122
-179
-277
-381
-479
-575
-681
-809
-963
-1128
-1295
-1483
-1716
-1971
-2193
-2354
-2480
-2605
-2727
-2819
-2869
-2885
-2880
-2870
-2869
-2872
-2839
-2730
-2529
-2213
-1734
-1069
-265
579
1381
2091
2665
3064
3294
3410
3472
3510
3546
3592
3632
3630
3568
3451
3266
2979
2592
2155
1722
1300
873
451
70
-257
-532
-752
-907
-1003
-1039
-992
-853
-659
-478
-343
-248
-194
-200
-271
-384
-510
-636
-745
-809
-828
-835
-855
-875
-874
-859
-844
-827
-792
-730
-632
-489
-302
-102
86
277
506
776
1052
1302
1521
1707
1846
1919
1913
1826
1675
1497
1335
1198
1061
902
728
556
388
214
33
-142
-298
-427
-526
-595
-645
-681
-693
-670
-605
-506
-390
-273
-166
-73
5
70
115
132
119
86
47
13
-18
-50
-80
-89
-67
-31
-4
-1
-15
-36
-54
-63
-62
-52
-37
-7
44
106
157
193
228
266
300
323
338
341
320
271
213
159
94
6
-89
-161
-200
-213
-208
-191
-178
-175
-168
-149
-144
-179
-237
-269
-256
-229
-222
-232
-242
-255
-285
-344
-448
-608
-802
-982
-1134
-1291
-1482
-1689
-1872
-2034
-2205
-2388
-2550
-2665
-2735
-2760
-2752
-2749
-2791
-2870
-2939
-2952
-2882
-2685
-2302
-1714
-968
-137
715
1518
2187
2671
2990
3202
3340
3420
3469
3521
3586
3645
3680
3662
3554
3327
3004
2633
2227
1761
1241
721
255
-144
-495
-798
-1036
-1190
-1239
-1172
-1012
-815
-629
-462
-313
-216
-212
-298
-423
-538
-621
-667
-680
-674
-671
-677
-684
-692
-714
-753
-782
-779
-741
-685
-618
-536
-431
-289
-91
174
489
820
1143
1447
1716
1915
2014
2015
1948
1840
1711
1569
1414
1247
1072
900
732
556
359
146
-57
-234
-390
-540
-676
-780
-843
-870
-869
-832
-756
-641
-496
-330
-163
-18
95
181
239
253
217
155
100
59
21
-12
-33
-43
-50
-60
-68
-78
-99
-124
-130
-110
-85
-69
-49
-13
34
87
150
227
305
371
432
488
520
500
436
359
284
194
88
-19
-112
-189
-248
-281
-295
-307
-317
-304
-268
-238
-241
-259
-260
-239
-215
-193
-166
-140
-129
-137
-163
-215
-304
-416
-528
-643
-789
-977
-1188
-1408
-1646
-1903
-2154
-2371
-2545
-2679
-2767
-2808
-2817
-2817
-2818
-2824
-2851
-2902
-2933
-2871
-2656
-2254
-1654
-867
42
965
1794
2455
2908
3152
3232
3241
3265
3346
3479
3633
3763
3815
3749
3559
3258
2867
2412
1935
1478
1052
641
233
-154
-497
-781
-1002
-1154
-1224
-1198
-1074
-867
-620
-395
-237
-161
-161
-229
-357
-513
-645
-710
-703
-655
-603
-575
-585
-628
-690
-757
-818
-859
-857
-799
-695
-569
-432
-279
-95
130
399
714
1066
1425
1752
2003
2147
2167
2072
1895
1688
1491
1328
1207
1120
1043
935
769
547
291
27
-220
-430
-598
-728
-826
-887
-905
-888
-849
-787
-687
-546
-378
-207
-49
84
183
244
268
248
187
103
38
17
35
64
90
111
121
110
70
5
-72
-138
-173
-172
-148
-120
-88
-32
56
156
243
307
355
392
419
428
411
359
281
195
114
37
-46
-124
-177
-196
-189
-175
-166
-172
-194
-224
-255
-284
-309
-324
-315
-272
-205
-130
-58
0
33
28
-22
-118
-255
-425
-619
-827
-1046
-1272
-1499
-1716
-1919
-2112
-2297
-2466
-2609
-2722
-2802
-2852
-2878
-2891
-2906
-2929
-2953
-2952
-2879
-2684
-2321
-1775
-1062
-230
650
1493
2218
2774
3151
3375
3493
3551
3584
3616
3658
3710
3754
3759
3687
3510
3221
2830
2355
1821
1256
699
187
-250
-605
-886
-1105
-1263
-1352
-1360
-1283
-1132
-928
-699
-477
-299
-195
-180
-244
-352
-459
-532
-555
-532
-475
-405
-346
-324
-357
-442
-555
-665
-742
-773
-761
-712
-629
-508
-342
-129
133
445
799
1170
1521
1808
1998
2076
2048
1942
1799
1653
1526
1424
1336
1245
1133
990
816
611
375
114
-153
-404
-625
-809
-950
-1039
-1069
-1037
-953
-835
-706
-580
-452
-312
-162
-23
91
175
229
251
240
201
151
108
91
107
145
176
179
154
112
56
-15
-96
-169
-212
-216
-182
-123
-54
15
91
185
288
378
436
464
472
461
425
362
276
183
100
40
0
-34
-75
-118
-153
-179
-207
-241
-276
-307
-333
-358
-376
-381
-365
-325
-266
-203
-157
-143
-162
-211
-290
-397
-521
-645
-765
-891
-1037
-1208
-1398
-1599
-1800
-1991
-2167
-2329
-2472
-2588
-2674
-2738
-2792
-2839
-2879
-2906
-2913
-2874
-2748
-2494
-2083
-1508
-790
19
844
1610
2262
2764
3111
3321
3437
3509
3577
3657
3744
3820
3857
3824
3701
3476
3146
2714
2197
1638
1078
550
68
-359
-723
-1024
-1261
-1432
-1528
-1548
-1492
-1364
-1176
-951
-732
-554
-436
-383
-386
-422
-453
-447
-400
-324
-236
-148
-80
-54
-81
-155
-259
-370
-461
-515
-533
-530
-503
-431
-298
-112
115
379
674
980
1261
1486
1633
1696
1691
1650
1600
1546
1484
1420
1363
1303
1213
1071
882
662
427
189
-43
-268
-486
-688
-849
-952
-1003
-1012
-978
-894
-768
-620
-470
-332
-218
-130
-53
29
114
182
226
254
277
296
311
322
326
317
293
251
187
93
-24
-140
-227
-274
-290
-281
-252
-204
-143
-73
6
87
162
226
275
304
305
278
241
212
197
190
183
168
137
93
45
-3
-50
-102
-157
-206
-242
-269
-296
-324
-345
-346
-321
-276
-229
-200
-195
-211
-240
-284
-355
-458
-585
-719
-854
-992
-1139
-1298
-1467
-1640
-1810
-1977
-2147
-2322
-2491
-2634
-2739
-2809
-2854
-2884
-2902
-2909
-2888
-2814
-2648
-2356
-1911
-1300
-545
286
1106
1832
2415
2840
3118
3281
3373
3439
3513
3616
3743
3858
3908
3855
3689
3416
3040
2561
1999
1394
797
257
-201
-577
-892
-1163
-1385
-1541
-1622
-1631
-1577
-1458
-1281
-1068
-854
-678
-569
-532
-540
-550
-530
-474
-394
-297
-186
-73
19
62
42
-38
-158
-285
-390
-463
-502
-499
-439
-319
-156
27
226
452
715
1006
1294
1535
1693
1756
1744
1683
1595
1493
1398
1332
1292
1253
1176
1035
825
566
289
19
-234
-471
-687
-866
-992
-1060
-1076
-1047
-981
-882
-757
-610
-450
-291
-146
-18
94
191
266
312
332
337
344
367
403
438
449
423
359
267
152
20
-117
-242
-332
-378
-384
-361
-321
-266
-192
-103
-10
68
123
160
190
215
228
216
181
140
112
103
103
98
81
60
41
21
-19
-92
-191
-286
-350
-376
-377
-364
-340
-294
-226
-147
-84
-56
-64
-92
-128
-178
-253
-361
-493
-632
-774
-921
-1082
-1253
-1425
-1585
-1732
-1882
-2047
-2231
-2418
-2587
-2729
-2845
-2934
-2993
-3018
-3007
-2956
-2862
-2700
-2436
-2029
-1468
-777
-13
755
1465
2072
2549
2888
3103
3232
3327
3433
3572
3733
3881
3974
3979
3875
3647
3292
2823
2269
1677
1095
557
81
-335
-698
-1010
-1266
-1461
-1586
-1636
-1608
-1505
-1343
-1154
-974
-836
-751
-712
-695
-674
-628
-547
-427
-274
-109
37
129
148
98
1
-116
-230
-327
-392
-413
-382
-306
-202
-89
33
178
368
607
876
1140
1366
1535
1640
1679
1653
1577
1479
1396
1350
1338
1327
1281
1178
1012
789
519
216
-96
-382
-610
-765
-857
-907
-930
-930
-902
-847
-775
-689
-587
-458
-302
-136
13
125
201
257
309
357
395
420
440
467
497
512
487
412
299
168
39
-80
-183
-261
-298
-291
-250
-195
-146
-110
-79
-44
-3
38
77
109
134
150
151
136
111
87
73
67
64
57
43
20
-13
-60
-124
-195
-261
-307
-325
-315
-281
-230
-173
-121
-87
-78
-94
-128
-174
-222
-270
-317
-367
-429
-516
-636
-785
-952
-1121
-1286
-1447
-1609
-1774
-1940
-2107
-2275
-2446
-2610
-2746
-2838
-2880
-2890
-2888
-2884
-2859
-2776
-2591
-2273
-1805
-1188
-452
347
1126
1805
2332
2699
2938
3102
3238
3378
3544
3737
3937
4098
4167
4099
3883
3534
3080
2550
1972
1378
810
304
-132
-512
-862
-1188
-1472
-1682
-1796
-1814
-1746
-1609
-1418
-1203
-1007
-870
-808
-796
-783
-724
-603
-429
-227
-20
168
303
355
310
188
38
-91
-172
-208
-211
-191
-150
-94
-34
19
76
171
337
580
865
1138
1352
1490
1555
1556
1503
1414
1323
1266
1265
1301
1323
1282
1151
938
671
375
68
-226
-479
-664
-774
-828
-858
-887
-912
-918
-886
-815
-712
-587
-441
-277
-112
33
139
205
251
298
359
426
488
537
572
589
575
515
404
256
103
-28
-123
-187
-229
-255
-262
-253
-235
-223
-222
-222
-211
-176
-123
-67
-23
6
27
48
69
86
95
99
103
111
115
103
63
-5
-91
-178
-253
-308
-335
-332
-300
-247
-190
-147
-129
-137
-162
-193
-223
-252
-281
-312
-345
-382
-432
-502
-599
-718
-853
-997
-1148
-1309
-1483
-1663
-1844
-2021
-2194
-2364
-2523
-2657
-2749
-2801
-2827
-2851
-2883
-2909
-2890
-2779
-2535
-2133
-1570
-865
-65
756
1511
2131
2585
2885
3081
3225
3361
3513
3688
3875
4046
4156
4159
4023
3744
3341
2846
2293
1711
1129
571
54
-416
-845
-1230
-1558
-1804
-1944
-1974
-1906
-1768
-1586
-1391
-1212
-1077
-995
-955
-921
-853
-723
-532
-299
-56
167
342
442
452
378
248
106
-13
-93
-135
-149
-143
-118
-77
-17
69
195
372
598
846
1079
1262
1380
1437
1449
1429
1392
1357
1340
1349
1368
1365
1304
1169
966
714
436
146
-142
-406
-623
-780
-880
-942
-982
-1003
-996
-954
-880
-788
-690
-591
-482
-362
-234
-107
12
126
240
350
448
521
565
585
589
576
537
462
354
228
105
-2
-88
-152
-193
-209
-201
-185
-176
-185
-206
-223
-223
-206
-182
-161
-139
-109
-67
-17
28
59
78
94
107
113
100
66
16
-37
-84
-124
-158
-184
-194
-184
-157
-127
-104
-94
-95
-102
-113
-129
-149
-173
-199
-231
-273
-331
-402
-484
-576
-681
-807
-955
-1122
-1301
-1489
-1682
-1879
-2073
-2250
-2401
-2517
-2597
-2643
-2662
-2666
-2677
-2709
-2759
-2798
-2773
-2626
-2312
-1814
-1143
-347
499
1304
1984
2489
2822
3030
3177
3318
3485
3687
3912
4129
4291
4340
4232
3955
3533
3015
2445
1860
1283
737
240
-202
-601
-975
-1331
-1651
-1899
-2043
-2076
-2011
-1877
-1704
-1522
-1360
-1240
-1165
-1110
-1032
-894
-687
-429
-158
93
297
433
485
452
354
228
115
40
5
-3
1
11
27
48
82
142
250
423
659
927
1181
1377
1490
1522
1493
1438
1391
1380
1414
1475
1524
1518
1423
1233
964
647
316
4
-265
-478
-638
-757
-852
-930
-992
-1033
-1051
-1043
-1009
-944
-846
-720
-574
-424
-279
-144
-19
99
215
332
452
572
677
748
771
742
670
568
447
321
200
99
24
-27
-64
-99
-135
-169
-197
-226
-258
-294
-323
-330
-310
-269
-220
-168
-113
-55
2
48
77
92
100
104
98
72
23
-35
-87
-125
-152
-173
-184
-175
-143
-97
-62
-55
-77
-116
-158
-198
-234
-262
-272
-255
-222
-199
-214
-282
-396
-535
-685
-841
-1003
-1169
-1335
-1499
-1671
-1859
-2062
-2264
-2437
-2560
-2628
-2657
-2669
-2685
-2716
-2759
-2796
-2789
-2683
-2425
-1976
-1341
-566
273
1086
1801
2369
2777
3044
3215
3343
3477
3643
3841
4039
4193
4254
4189
3981
3636
3170
2615
2007
1389
800
266
-205
-619
-990
-1322
-1605
-1824
-1965
-2023
-2000
-1906
-1755
-1572
-1390
-1238
-1127
-1045
-960
-842
-677
-468
-235
4
225
401
506
525
463
350
221
105
16
-39
-61
-46
2
76
167
274
409
580
788
1010
1216
1378
1484
1537
1548
1533
1510
1498
1512
1544
1571
1556
1468
1295
1047
745
417
90
-214
-473
-679
-833
-944
-1026
-1082
-1111
-1112
-1082
-1027
-950
-855
-746
-629
-511
-396
-280
-155
-18
128
274
412
536
639
714
753
749
703
626
528
421
309
203
111
45
6
-10
-20
-38
-69
-114
-168
-222
-273
-312
-332
-328
-305
-269
-231
-194
-156
-113
-66
-20
17
38
42
29
0
-41
-88
-131
-160
-170
-160
-137
-108
-78
-52
-33
-29
-42
-75
-121
-172
-217
-251
-273
-284
-290
-297
-312
-346
-406
-493
-605
-738
-882
-1033
-1187
-1347
-1517
-1697
-1886
-2072
-2243
-2385
-2491
-2561
-2602
-2625
-2646
-2675
-2710
-2726
-2677
-2505
-2167
-1648
-976
-206
589
1335
1968
2447
2765
2957
3087
3225
3412
3647
3900
4123
4271
4304
4191
3913
3481
2935
2338
1745
1182
650
142
-340
-780
-1168
-1501
-1780
-1994
-2118
-2132
-2045
-1897
-1740
-1607
-1502
-1407
-1311
-1209
-1096
-949
-742
-465
-145
162
405
558
628
627
564
450
308
181
111
110
154
205
240
268
317
404
532
689
869
1067
1265
1432
1530
1546
1502
1446
1421
1439
1484
1527
1542
1509
1410
1228
961
630
275
-63
-357
-602
-801
-961
-1082
-1165
-1219
-1251
-1266
-1260
-1225
-1156
-1057
-936
-800
-657
-510
-361
-206
-42
135
317
491
641
752
818
838
811
743
648
542
441
352
268
185
106
40
-3
-28
-51
-84
-131
-183
-230
-272
-309
-339
-349
-328
-276
-209
-146
-99
-63
-30
2
22
20
-3
-36
-67
-91
-112
-135
-153
-155
-135
-99
-59
-29
-16
-19
-34
-58
-91
-129
-165
-189
-199
-198
-200
-217
-254
-311
-381
-459
-548
-657
-795
-959
-1137
-1317
-1492
-1664
-1836
-1999
-2141
-2252
-2334
-2400
-2458
-2500
-2518
-2514
-2508
-2519
-2539
-2520
-2392
-2101
-1633
-1016
-295
479
1244
1925
2452
2790
2967
3062
3160
3304
3484
3663
3813
3918
3957
3891
3681
3321
2852
2338
1822
1311
788
254
-258
-707
-1077
-1385
-1651
-1869
-2004
-2028
-1952
-1828
-1707
-1607
-1515
-1414
-1306
-1206
-1108
-978
-772
-484
-159
135
349
478
542
557
521
437
328
239
202
215
242
255
256
278
347
464
605
750
894
1039
1178
1284
1332
1326
1296
1286
1314
1372
1435
1481
1499
1479
1399
1241
1002
708
399
110
-146
-373
-574
-743
-874
-969
-1039
-1093
-1130
-1140
-1115
-1061
-995
-927
-858
-776
-673
-547
-404
-247
-75
110
298
465
593
673
708
709
681
626
550
462
380
311
258
213
172
133
98
62
18
-39
-107
-177
-237
-282
-312
-327
-327
-308
-271
-223
-175
-133
-99
-72
-51
-39
-41
-55
-77
-98
-114
-125
-132
-133
-123
-99
-67
-37
-23
-31
-59
-99
-143
-184
-218
-239
-246
-240
-231
-230
-248
-289
-347
-417
-493
-576
-669
-776
-895
-1024
-1162
-1310
-1469
-1635
-1799
-1948
-2072
-2164
-2227
-2262
-2277
-2282
-2292
-2319
-2364
-2409
-2416
-2340
-2136
-1781
-1275
-645
61
780
1445
2001
2419
2706
2896
3030
3149
3275
3411
3550
3671
3741
3728
3610
3380
3050
2642
2176
1669
1135
594
67
-423
-863
-1243
-1553
-1778
-1907
-1942
-1901
-1815
-1712
-1609
-1514
-1428
-1350
-1275
-1183
-1055
-875
-647
-390
-129
112
318
474
568
590
549
467
372
284
216
169
148
157
197
266
354
463
595
754
930
1097
1227
1304
1331
1326
1308
1293
1292
1316
1367
1432
1478
1469
1378
1207
971
698
406
115
-160
-398
-585
-722
-820
-892
-945
-979
-990
-981
-961
-934
-898
-851
-788
-712
-625
-525
-406
-266
-110
50
202
337
445
520
554
546
506
447
385
327
275
232
203
189
187
185
173
147
109
63
7
-59
-130
-192
-231
-241
-229
-206
-177
-146
-114
-89
-77
-79
-86
-87
-80
-74
-79
-94
-107
-104
-85
-56
-29
-7
15
35
43
29
-10
-60
-102
-129
-149
-174
-207
-240
-263
-276
-292
-323
-371
-428
-487
-549
-621
-710
-812
-919
-1027
-1139
-1260
-1391
-1522
-1646
-1760
-1867
-1971
-2065
-2143
-2198
-2228
-2240
-2241
-2237
-2232
-2223
-2191
-2100
-1905
-1570
-1086
-474
215
919
1569
2109
2502
2744
2870
2938
3003
3097
3222
3358
3477
3552
3549
3439
3205
2854
2416
1925
1407
875
339
-178
-645
-1039
-1355
-1599
-1773
-1870
-1879
-1810
-1696
-1577
-1476
-1392
-1311
-1225
-1135
-1038
-912
-732
-486
-200
76
296
443
528
564
557
505
421
332
268
239
228
214
195
195
241
342
483
640
797
947
1084
1187
1236
1230
1198
1180
1205
1273
1361
1441
1494
1502
1449
1317
1107
842
564
309
86
-111
-296
-468
-619
-740
-833
-905
-956
-979
-966
-924
-872
-828
-798
-770
-725
-654
-557
-439
-302
-146
20
178
303
377
400
388
358
322
287
253
226
205
191
177
158
135
115
101
93
81
59
24
-17
-54
-83
-99
-104
-96
-74
-44
-13
9
20
21
16
5
-16
-51
-96
-140
-170
-181
-177
-164
-150
-134
-115
-97
-88
-92
-108
-125
-138
-146
-157
-179
-208
-237
-256
-265
-268
-274
-286
-306
-336
-384
-456
-552
-663
-775
-878
-971
-1059
-1146
-1236
-1328
-1426
-1534
-1651
-1772
-1889
-1991
-2070
-2121
-2141
-2131
-2101
-2064
-2035
-2017
-1992
-1928
-1783
-1521
-1119
-580
64
758
1427
2003
2438
2717
2862
2915
2928
2946
2995
3082
3186
3270
3291
3214
3022
2713
2301
1812
1279
739
223
-252
-682
-1066
-1397
-1659
-1837
-1920
-1917
-1839
-1705
-1534
-1353
-1192
-1075
-1004
-955
-890
-777
-607
-387
-137
124
371
573
699
729
675
569
452
348
267
210
176
169
182
206
235
276
351
476
646
836
1013
1154
1253
1310
1326
1310
1283
1274
1308
1381
1460
1504
1483
1393
1238
1024
755
450
146
-117
-315
-458
-575
-688
-794
-881
-939
-977
-1004
-1016
-995
-930
-832
-731
-652
-594
-531
-443
-327
-201
-75
52
189
326
432
478
457
396
329
273
223
173
132
119
144
187
213
199
157
115
93
84
65
30
-3
-9
15
45
54
39
24
34
67
96
90
49
-2
-39
-63
-93
-139
-189
-215
-204
-171
-145
-147
-170
-191
-200
-207
-228
-263
-294
-296
-265
-221
-190
-181
-186
-194
-205
-230
-276
-334
-385
-417
-443
-482
-547
-632
-723
-809
-897
-999
-1120
-1250
-1378
-1498
-1620
-1753
-1893
-2021
-2116
-2168
-2182
-2170
-2140
-2095
-2040
-1983
-1926
-1855
-1733
-1510
-1148
-638
-11
669
1331
1908
2352
2641
2786
2822
2806
2796
2829
2913
3023
3116
3147
3080
2899
2604
2208
1736
1225
710
224
-213
-595
-922
-1198
-1421
-1583
-1678
-1701
-1657
-1556
-1416
-1260
-1112
-989
-896
-823
-750
-656
-526
-356
-154
61
264
427
527
553
512
426
319
215
129
73
51
59
91
134
184
246
331
454
617
805
995
1165
1299
1391
1441
1460
1464
1471
1496
1539
1582
1599
1562
1458
1282
1044
761
459
166
-91
-300
-462
-592
-702
-798
-883
-952
-1005
-1035
-1036
-1000
-927
-827
-718
-612
-511
-407
-291
-163
-29
104
232
356
468
552
594
586
538
469
397
335
285
251
232
227
226
217
189
144
93
51
27
20
22
29
40
56
76
99
120
139
154
164
166
158
142
117
88
52
8
-43
-97
-146
-181
-197
-198
-191
-187
-191
-206
-230
-260
-287
-301
-294
-265
-222
-180
-149
-133
-128
-131
-140
-161
-197
-246
-301
-353
-406
-463
-532
-613
-703
-801
-907
-1025
-1156
-1292
-1427
-1555
-1681
-1809
-1936
-2049
-2132
-2176
-2189
-2185
-2179
-2181
-2193
-2209
-2210
-2161
-2017
-1739
-1311
-752
-108
555
1178
1710
2117
2391
2549
2636
2707
2806
2946
3109
3258
3358
3379
3300
3105
2795
2388
1922
1440
975
537
119
-283
-658
-984
-1244
-1432
-1551
-1599
-1576
-1488
-1359
-1227
-1126
-1069
-1039
-1004
-936
-824
-669
-475
-251
-13
205
362
433
421
352
258
162
78
16
-14
-9
30
90
158
232
321
441
594
764
930
1073
1192
1288
1366
1426
1475
1522
1578
1646
1711
1747
1725
1633
1474
1266
1019
744
451
165
-88
-291
-447
-573
-687
-791
-881
-946
-987
-1009
-1018
-1010
-973
-899
-794
-675
-551
-420
-275
-118
38
179
295
387
457
506
529
521
480
417
347
287
244
216
203
203
207
205
186
148
98
45
3
-21
-22
0
39
88
139
181
205
210
202
189
175
157
134
105
70
23
-38
-110
-180
-232
-259
-262
-251
-240
-240
-252
-276
-305
-336
-360
-367
-348
-309
-265
-223
-182
-137
-92
-62
-56
-75
-110
-151
-198
-255
-324
-403
-484
-561
-645
-747
-874
-1011
-1136
-1243
-1346
-1460
-1591
-1723
-1844
-1947
-2037
-2112
-2164
-2180
-2158
-2112
-2069
-2051
-2060
-2072
-2046
-1946
-1743
-1420
-969
-409
208
814
1342
1752
2039
2225
2351
2461
2584
2731
2895
3053
3174
3221
3172
3020
2780
2472
2113
1721
1313
905
504
109
-275
-635
-951
-1203
-1376
-1465
-1474
-1421
-1331
-1234
-1153
-1109
-1101
-1112
-1106
-1058
-956
-804
-609
-386
-164
21
141
188
178
133
73
14
-29
-45
-31
13
72
130
182
241
337
483
671
873
1065
1232
1362
1442
1465
1447
1419
1415
1454
1532
1619
1676
1671
1587
1430
1211
947
660
379
132
-70
-233
-372
-503
-630
-752
-860
-941
-987
-1000
-984
-944
-880
-800
-718
-644
-573
-489
-381
-250
-102
53
201
329
424
479
491
465
413
354
303
265
237
220
216
222
226
218
195
168
141
119
101
91
92
100
110
119
125
125
122
121
126
138
146
139
115
72
11
-64
-141
-207
-253
-281
-292
-287
-273
-257
-252
-258
-270
-286
-303
-318
-320
-303
-271
-232
-193
-156
-126
-111
-116
-138
-170
-204
-237
-269
-310
-370
-452
-548
-645
-743
-851
-971
-1091
-1198
-1290
-1380
-1481
-1592
-1704
-1811
-1906
-1985
-2045
-2081
-2087
-2063
-2021
-1986
-1979
-2002
-2028
-2016
-1926
-1727
-1402
-951
-405
183
752
1249
1640
1913
2089
2211
2325
2458
2610
2773
2931
3061
3128
3102
2970
2743
2444
2101
1737
1364
987
608
237
-114
-441
-742
-1006
-1204
-1309
-1321
-1271
-1195
-1119
-1053
-1006
-988
-995
-1009
-999
-939
-814
-633
-424
-223
-55
70
145
165
132
67
1
-40
-55
-52
-39
-14
24
82
168
292
452
637
833
1021
1183
1297
1359
1381
1389
1402
1427
1468
1526
1594
1648
1661
1609
1486
1297
1059
793
523
265
32
-165
-315
-424
-514
-604
-695
-771
-818
-840
-848
-841
-808
-747
-665
-577
-495
-419
-340
-246
-131
-2
125
236
328
395
421
396
328
247
182
146
134
139
160
186
207
211
199
175
145
116
100
100
113
131
153
180
212
237
250
247
235
215
192
169
143
104
41
-40
-119
-181
-229
-272
-307
-323
-316
-301
-302
-326
-367
-406
-427
-428
-416
-402
-384
-349
-293
-235
-201
-199
-210
-210
-196
-190
-207
-247
-295
-349
-413
-496
-595
-697
-784
-848
-901
-967
-1067
-1188
-1306
-1406
-1499
-1606
-1723
-1827
-1895
-1926
-1934
-1934
-1925
-1904
-1872
-1845
-1846
-1882
-1917
-1881
-1713
-1394
-959
-453
90
644
1161
1581
1865
2026
2124
2224
2357
2519
2680
2817
2923
2996
3014
2938
2747
2460
2130
1794
1452
1088
700
319
-26
-326
-589
-823
-1020
-1159
-1221
-1208
-1143
-1068
-1009
-972
-948
-932
-926
-920
-885
-788
-623
-414
-202
-25
95
156
171
162
140
106
67
40
42
66
92
107
131
191
304
457
626
788
934
1061
1169
1254
1304
1320
1322
1342
1393
1461
1512
1530
1517
1473
1384
1234
1024
779
528
297
98
-65
-198
-311
-407
-487
-556
-622
-688
-737
-754
-737
-703
-665
-625
-573
-506
-422
-321
-205
-82
36
142
229
288
309
295
267
239
211
171
125
91
87
107
132
148
149
140
124
105
84
65
53
60
89
127
150
149
142
151
176
194
188
163
135
107
69
12
-59
-133
-197
-245
-279
-307
-332
-347
-343
-323
-311
-324
-359
-392
-403
-396
-379
-356
-325
-287
-247
-206
-169
-145
-141
-153
-169
-184
-211
-260
-330
-405
-474
-545
-629
-729
-836
-933
-1013
-1077
-1143
-1233
-1354
-1488
-1610
-1709
-1794
-1863
-1901
-1892
-1844
-1789
-1758
-1759
-1783
-1819
-1855
-1874
-1852
-1756
-1552
-1221
-771
-251
274
753
1158
1479
1716
1883
2013
2146
2305
2484
2661
2810
2908
2937
2892
2784
2622
2403
2122
1790
1430
1061
688
317
-39
-354
-609
-795
-914
-974
-985
-967
-934
-900
-880
-890
-921
-943
-922
-848
-733
-594
-439
-277
-128
-15
53
84
90
79
56
26
-5
-31
-46
-39
-2
60
141
243
370
518
669
809
933
1040
1126
1185
1224
1263
1313
1374
1440
1507
1560
1577
1537
1440
1297
1123
925
710
498
306
141
3
-110
-202
-278
-345
-404
-457
-510
-566
-617
-642
-630
-591
-546
-499
-441
-367
-285
-208
-136
-60
21
94
142
155
138
101
57
19
-10
-31
-39
-22
22
74
110
125
132
143
152
151
147
157
190
232
263
275
271
262
254
253
253
245
222
186
139
74
-17
-123
-216
-275
-301
-313
-321
-323
-316
-308
-309
-324
-349
-374
-390
-385
-355
-310
-263
-220
-176
-135
-113
-116
-133
-141
-131
-115
-114
-142
-202
-291
-404
-533
-667
-797
-911
-997
-1054
-1100
-1158
-1241
-1334
-1427
-1521
-1619
-1707
-1763
-1770
-1742
-1698
-1653
-1612
-1576
-1550
-1541
-1548
-1565
-1570
-1545
-1474
-1356
-1186
-949
-624
-219
226
656
1039
1372
1653
1868
2005
2083
2150
2243
2367
2496
2602
2667
2686
2656
2562
2385
2114
1771
1405
1053
716
377
40
-261
-493
-655
-770
-856
-913
-931
-910
-873
-849
-852
-872
-881
-852
-781
-684
-578
-465
-331
-179
-38
62
116
146
174
193
190
162
121
89
86
125
197
279
366
474
616
773
908
1006
1082
1153
1218
1259
1273
1271
1278
1308
1358
1411
1440
1428
1375
1283
1151
972
749
509
289
108
-42
-175
-289
-371
-422
-460
-502
-548
-592
-627
-652
-663
-656
-637
-607
-560
-487
-396
-300
-207
-110
-9
78
135
160
162
149
122
92
69
59
58
64
81
110
141
161
168
168
168
164
157
150
149
152
161
175
189
190
173
151
135
119
83
23
-48
-115
-176
-235
-287
-325
-348
-358
-363
-371
-381
-383
-370
-344
-315
-291
-274
-256
-232
-201
-165
-134
-110
-89
-67
-50
-42
-38
-32
-36
-73
-154
-271
-409
-557
-705
-834
-929
-993
-1042
-1091
-1145
-1209
-1292
-1388
-1477
-1541
-1581
-1606
-1620
-1618
-1610
-1605
-1603
-1596
-1576
-1544
-1503
-1458
-1424
-1423
-1456
-1481
-1438
-1283
-1006
-626
-179
284
707
1051
1304
1481
1613
1741
1895
2078
2261
2407
2492
2521
2508
2457
2361
2212
2018
1792
1542
1263
954
620
283
-36
-318
-550
-734
-870
-948
-952
-889
-803
-753
-760
-798
-818
-791
-715
-603
-462
-298
-125
33
140
178
161
135
143
191
251
286
288
277
273
270
249
213
205
269
405
569
713
819
893
947
991
1026
1050
1065
1093
1155
1241
1301
1298
1241
1162
1075
966
837
702
575
455
342
228
98
-63
-236
-377
-462
-506
-532
-539
-522
-500
-499
-525
-560
-581
-572
-521
-426
-306
-193
-108
-45
8
49
72
83
97
120
136
135
125
123
130
126
103
75
60
58
63
74
86
90
84
80
86
93
85
67
58
70
87
91
75
50
22
-8
-39
-73
-110
-146
-172
-182
-180
-180
-197
-223
-239
-236
-229
-234
-245
-255
-266
-281
-293
-290
-280
-266
-233
-167
-91
-57
-87
-150
-208
-247
-272
-288
-315
-364
-416
-446
-473
-554
-710
-894
-1044
-1148
-1239
-1329
-1402
-1440
-1437
-1405
-1381
-1408
-1481
-1530
-1499
-1419
-1363
-1354
-1343
-1291
-1219
-1173
-1168
-1187
-1209
-1206
-1147
-1025
-862
-671
-427
-108
240
531
722
855
998
1174
1368
1559
1729
1855
1933
1978
2011
2020
1988
1928
1868
1803
1685
1474
1186
870
568
297
65
-125
-277
-390
-460
-490
-504
-530
-570
-598
-597
-575
-547
-514
-462
-383
-289
-198
-118
-52
2
44
87
140
190
214
207
186
166
146
123
117
155
235
338
451
574
695
790
852
903
965
1035
1098
1151
1197
1226
1223
1188
1135
1078
1019
967
924
875
787
642
464
291
138
-3
-124
-204
-238
-253
-274
-306
-335
-354
-363
-362
-357
-356
-352
-332
-289
-246
-224
-218
-201
-163
-121
-91
-67
-33
11
45
47
20
-13
-25
-6
34
75
101
110
108
106
103
91
70
52
52
65
72
67
57
53
55
57
50
27
-5
-22
-8
18
16
-29
-86
-123
-140
-156
-171
-172
-160
-147
-142
-146
-172
-226
-284
-303
-287
-282
-311
-339
-331
-303
-292
-293
-273
-232
-208
-218
-240
-269
-325
-403
-463
-496
-551
-655
-770
-844
-888
-941
-1008
-1055
-1079
-1107
-1146
-1182
-1219
-1272
-1314
-1296
-1227
-1168
-1147
-1122
-1060
-988
-950
-949
-955
-960
-978
-1011
-1045
-1065
-1047
-951
-759
-509
-266
-56
137
329
501
626
704
784
912
1089
1270
1404
1480
1524
1566
1617
1659
1664
1615
1516
1389
1236
1031
763
485
275
162
99
30
-56
-130
-172
-188
-209
-259
-327
-367
-335
-244
-159
-125
-123
-95
-21
63
115
136
161
213
270
292
258
188
123
92
103
144
198
258
341
444
531
566
559
562
606
679
749
803
846
880
910
938
952
934
891
861
858
848
791
692
577
458
341
235
151
81
23
-6
2
13
-14
-73
-117
-131
-145
-177
-204
-197
-161
-119
-84
-58
-44
-40
-28
3
37
54
57
67
81
77
43
-1
-23
-12
21
49
63
70
81
95
96
77
50
39
53
83
113
135
153
168
179
183
175
162
154
148
135
106
70
38
2
-48
-106
-154
-180
-192
-201
-216
-238
-264
-281
-284
-290
-311
-334
-333
-310
-291
-290
-288
-261
-221
-200
-211
-244
-276
-294
-300
-316
-364
-440
-515
-567
-610
-675
-762
-839
-883
-902
-922
-964
-1029
-1103
-1157
-1169
-1147
-1116
-1089
-1053
-998
-947
-931
-949
-968
-959
-923
-879
-845
-839
-866
-912
-954
-992
-1035
-1066
-1038
-927
-768
-599
-429
-255
-91
48
164
270
370
477
622
822
1040
1214
1325
1397
1448
1468
1457
1441
1434
1418
1367
1280
1160
1007
827
643
475
332
215
137
113
131
152
133
66
-23
-100
-147
-164
-152
-105
-28
51
96
93
61
35
45
83
114
118
114
128
150
153
136
130
157
215
291
365
418
454
493
550
599
605
577
565
600
660
713
750
768
765
746
717
671
604
535
486
456
426
389
341
280
212
161
143
141
126
101
92
99
94
70
42
12
-24
-45
-30
4
23
32
55
93
126
146
163
178
176
163
162
174
169
141
110
89
67
39
23
22
26
29
32
21
-16
-68
-104
-110
-97
-83
-73
-63
-44
-14
23
49
52
42
45
64
81
81
60
27
-4
-19
-23
-38
-70
-99
-110
-113
-128
-165
-226
-301
-374
-427
-462
-494
-527
-545
-539
-526
-532
-551
-563
-557
-546
-548
-569
-602
-634
-657
-679
-707
-732
-742
-744
-751
-765
-782
-804
-830
-847
-845
-833
-827
-824
-805
-764
-716
-680
-657
-650
-662
-694
-741
-797
-855
-901
-927
-950
-989
-1036
-1057
-1016
-907
-757
-615
-510
-431
-346
-244
-143
-58
29
154
331
522
681
798
904
1024
1147
1226
1233
1191
1143
1103
1049
954
821
676
563
513
510
504
471
430
410
406
397
368
324
274
228
196
183
179
181
197
227
251
249
232
215
189
145
96
63
50
52
68
89
90
60
24
18
60
142
240
327
381
397
392
388
393
416
463
517
545
539
526
530
537
524
488
441
396
369
363
364
351
322
303
305
312
305
293
298
323
355
387
410
411
392
372
360
349
329
311
305
309
310
297
266
220
172
135
116
105
87
61
41
34
32
22
7
-3
-2
5
12
16
14
5
-8
-9
5
10
-6
-25
-17
8
20
15
12
15
11
-1
-11
-20
-38
-58
-54
-27
-7
-20
-56
-88
-110
-130
-153
-179
-213
-252
-289
-326
-367
-403
-424
-435
-445
-452
-452
-453
-463
-482
-504
-533
-567
-593
-599
-598
-609
-633
-645
-636
-621
-616
-630
-659
-684
-681
-657
-645
-663
-682
-671
-641
-620
-617
-616
-596
-559
-518
-496
-509
-544
-566
-561
-557
-586
-638
-688
-743
-815
-892
-949
-984
-993
-956
-863
-739
-614
-491
-360
-236
-146
-91
-41
24
106
207
332
456
548
606
659
725
794
842
847
802
728
660
603
533
437
336
267
247
267
319
398
493
577
619
596
512
410
346
335
349
354
345
327
304
288
284
275
244
210
196
195
173
120
63
21
-10
-34
-27
27
113
209
302
367
381
363
354
363
362
347
340
352
366
378
396
415
407
374
352
354
348
310
268
256
262
254
230
214
219
253
316
388
437
455
458
458
451
435
420
411
401
387
376
371
364
349
333
312
277
240
225
228
216
171
115
76
56
50
58
78
105
128
141
143
136
126
113
92
66
46
40
36
26
27
52
85
93
72
45
22
-2
-23
-33
-41
-63
-97
-118
-115
-104
-104
-111
-113
-111
-119
-149
-202
-268
-323
-349
-356
-366
-386
-399
-392
-379
-384
-409
-430
-428
-418
-430
-459
-470
-452
-439
-453
-474
-468
-445
-438
-452
-456
-432
-412
-436
-499
-551
-556
-531
-519
-545
-583
-584
-544
-508
-503
-510
-506
-499
-507
-522
-530
-540
-563
-585
-587
-582
-600
-642
-681
-706
-726
-739
-731
-714
-703
-680
-614
-516
-430
-374
-324
-256
-173
-96
-36
0
23
51
102
165
223
285
370
461
514
525
528
533
509
442
369
336
349
373
377
357
335
353
429
515
527
440
333
307
378
465
485
415
305
229
228
271
293
266
228
225
247
245
203
149
111
85
61
46
52
77
114
151
175
184
193
214
239
261
288
330
364
366
350
357
387
393
358
320
321
352
375
368
338
299
263
236
214
187
170
186
225
241
219
212
251
293
279
229
216
264
325
356
366
370
359
335
320
322
321
313
322
347
353
324
293
291
295
271
233
217
213
185
146
138
156
152
111
74
69
79
78
63
45
17
-20
-44
-43
-37
-43
-52
-54
-60
-74
-79
-62
-48
-65
-101
-123
-124
-124
-139
-157
-168
-170
-175
-190
-212
-230
-232
-218
-212
-234
-273
-300
-305
-298
-292
-288
-281
-274
-276
-284
-285
-274
-268
-280
-296
-293
-281
-296
-346
-397
-416
-422
-453
-506
-533
-507
-465
-461
-498
-535
-538
-524
-517
-517
-504
-479
-468
-474
-479
-469
-456
-440
-407
-366
-355
-383
-414
-422
-420
-428
-439
-453
-485
-535
-565
-551
-527
-524
-515
-467
-413
-397
-388
-323
-217
-137
-113
-113
-104
-82
-44
12
71
111
129
143
157
161
155
147
133
113
112
141
166
154
137
157
197
216
219
240
281
323
358
386
384
334
262
218
220
251
291
332
347
315
260
234
250
270
258
201
127
89
125
201
242
220
175
155
165
197
261
346
394
357
266
194
168
161
161
186
231
259
254
245
266
312
349
350
315
266
233
233
268
311
331
318
291
281
293
319
355
393
410
386
330
273
239
228
232
243
249
251
262
293
318
300
248
209
201
197
189
197
220
226
202
176
176
194
212
227
240
241
228
214
212
211
201
187
175
155
129
118
132
149
144
118
93
82
74
44
-13
-61
-63
-35
-29
-62
-107
-148
-187
-214
-195
-135
-88
-98
-142
-182
-220
-258
-260
-208
-163
-188
-246
-252
-195
-145
-152
-201
-249
-274
-270
-234
-184
-151
-154
-181
-216
-255
-284
-279
-237
-199
-202
-236
-266
-280
-297
-323
-334
-316
-301
-332
-388
-394
-333
-275
-291
-358
-403
-394
-348
-292
-244
-224
-241
-275
-295
-297
-298
-304
-302
-304
-334
-391
-438
-436
-388
-339
-338
-388
-420
-365
-248
-171
-190
-266
-331
-359
-354
-320
-274
-250
-255
-248
-193
-128
-115
-150
-168
-140
-104
-99
-110
-98
-55
-13
-5
-23
-26
6
51
80
94
108
112
88
56
64
115
160
163
158
186
227
234
213
210
230
233
201
179
210
279
332
345
333
311
284
266
280
312
320
294
276
293
310
276
209
175
198
228
213
166
144
171
212
223
204
182
172
167
166
186
228
255
223
151
110
129
169
185
183
185
177
147
122
133
167
181
170
162
164
160
155
175
217
241
227
194
166
156
177
222
250
228
184
171
192
193
158
143
178
207
180
140
157
217
243
208
161
154
176
190
189
190
203
215
217
203
176
152
148
156
150
120
82
61
58
51
29
5
4
12
-7
-64
-114
-110
-66
-40
-61
-87
-73
-29
-6
-24
-57
-75
-77
-85
-120
-169
-188
-160
-139
-178
-238
-247
-208
-208
-275
-335
-314
-245
-211
-230
-256
-271
-295
-333
-361
-359
-306
-211
-143
-183
-298
-361
-310
-212
-160
-178
-230
-270
-268
-230
-202
-224
-260
-246
-215
-264
-358
-332
-167
-53
-101
-179
-158
-119
-172
-248
-225
-138
-121
-186
-229
-211
-195
-199
-181
-157
-185
-224
-192
-118
-99
-136
-154
-144
-164
-221
-242
-186
-105
-75
-112
-170
-186
-128
-29
27
-9
-77
-93
-62
-37
-12
38
70
25
-52
-58
16
80
82
70
79
56
-34
-107
-59
82
185
175
93
14
-28
-32
-3
32
31
-7
-34
-15
32
70
86
83
62
32
19
45
110
179
196
128
24
-9
79
212
265
215
155
151
174
181
182
189
179
145
114
89
37
-28
-31
61
157
141
25
-52
0
114
158
113
72
107
170
178
131
110
158
227
255
240
208
160
103
70
84
128
184
236
244
184
114
123
205
268
248
176
123
139
215
286
280
202
139
164
234
255
223
204
205
173
117
100
117
134
179
267
304
209
72
28
67
86
81
118
159
84
-92
-179
-75
74
91
-13
-112
-138
-105
-62
-69
-128
-155
-95
-29
-65
-177
-245
-218
-155
-132
-164
-219
-259
-248
-191
-162
-209
-254
-190
-79
-78
-190
-238
-132
-2
-2
-102
-156
-112
-67
-124
-257
-347
-309
-166
-37
-40
-183
-326
-312
-155
-41
-99
-253
-331
-278
-179
-113
-110
-182
-296
-328
-179
33
61
-139
-314
-259
-94
-30
-52
-22
36
-15
-159
-220
-141
-60
-91
-147
-105
-11
-10
-108
-166
-99
6
14
-85
-170
-141
-50
6
33
85
107
4
-143
-124
96
287
256
89
-11
-8
10
50
148
181
2
-252
-276
-34
166
104
-67
-105
-33
-27
-91
-75
46
132
99
18
-42
-89
-115
-72
11
26
-46
-68
64
233
220
2
-200
-171
54
248
244
88
-34
-11
85
114
43
-23
-6
48
60
33
16
-4
-62
-103
-34
90
75
-112
-222
-40
256
305
60
-147
-75
133
214
146
85
93
127
186
259
225
35
-106
9
244
306
191
137
173
77
-141
-139
175
384
185
-85
18
306
285
-9
-78
193
349
140
-65
97
387
388
155
16
11
-34
-81
31
206
203
64
64
206
178
-89
-227
7
314
294
24
-111
2
121
69
-39
-27
69
76
-42
-132
-73
57
94
-5
-123
-150
-107
-65
-29
26
45
-35
-136
-118
-1
44
-57
-171
-151
-27
33
-52
-159
-122
24
53
-131
-295
-159
176
285
3
-304
-237
55
130
-73
-195
-57
103
57
-94
-153
-128
-108
-53
49
27
-215
-421
-278
87
243
64
-131
-107
-30
-96
-168
-45
148
169
67
62
122
54
-81
-9
247
298
3
-249
-114
175
190
-56
-214
-146
-7
76
98
47
-77
-148
-67
23
-99
-317
-262
125
419
264
-153
-360
-156
201
296
30
-239
-142
185
267
-23
-272
-152
91
64
-117
-63
166
155
-99
-152
79
145
-125
-299
-96
120
-20
-249
-156
69
-9
-243
-140
213
238
-121
-262
64
333
135
-159
-66
178
65
-252
-201
217
382
45
-322
-287
-25
105
101
121
99
-68
-183
0
310
354
93
-125
-75
110
216
201
139
61
-46
-157
-197
-112
63
186
105
-136
-262
-97
169
245
135
50
42
-7
-79
-21
135
163
11
-67
87
240
131
-73
-20
226
241
-91
-339
-146
224
260
-54
-233
-37
194
123
-41
53
261
186
-107
-167
90
236
38
-164
-60
118
21
-185
-110
151
154
-135
-262
-13
269
215
-80
-269
-200
4
161
169
18
-187
-250
-66
185
197
-62
-260
-113
236
376
151
-147
-178
10
128
101
67
28
-97
-171
8
276
268
-22
-229
-157
24
116
106
-3
-217
-324
-66
304
193
-350
-508
37
502
209
-365
-395
46
258
25
-237
-245
-117
63
319
424
106
-343
-352
39
258
124
-30
-75
-192
-307
-131
205
204
-160
-314
-30
156
-103
-287
98
558
357
-266
-450
-20
351
219
-95
-173
-94
-120
-210
-204
-140
-97
16
196
174
-157
-413
-201
232
290
-96
-341
-83
279
220
-105
-139
182
350
105
-179
-89
217
310
122
-57
-66
-22
-22
1
60
58
0
6
44
-36
-190
-223
-140
-103
-92
31
168
92
-101
-60
185
168
-199
-333
52
361
114
-188
45
430
301
-142
-249
-18
56
-73
-4
254
253
-34
-124
57
40
-217
-202
131
218
-85
-291
-178
-30
9
64
80
-128
-388
-302
92
298
123
-70
-75
-144
-317
-225
132
244
-2
-139
-1
89
49
102
169
-9
-239
-84
331
402
13
-238
-2
273
146
-112
-121
-29
-49
-7
166
148
-140
-261
18
312
240
-13
-84
13
29
-37
36
226
224
-47
-231
-79
134
56
-137
-39
252
217
-241
-533
-215
330
433
84
-191
-193
-136
-44
176
230
-139
-452
-135
410
360
-193
-406
-9
394
327
1
-203
-223
-106
135
247
-67
-490
-365
181
330
-59
-246
34
174
-123
-336
-101
196
113
-170
-222
-27
95
21
-63
-34
24
36
44
78
109
96
22
-23
106
306
234
-123
-292
-60
168
91
-7
116
188
-23
-234
-124
138
180
-24
-194
-175
-55
50
94
24
-136
-200
-79
39
7
-55
-70
-137
-197
-58
146
96
-125
-166
-15
70
51
41
-20
-173
-193
48
208
-42
-345
-120
383
345
-233
-443
19
373
149
-110
21
123
-132
-286
40
348
51
-477
-403
241
555
136
-348
-247
137
180
-61
-87
120
113
-168
-244
89
360
150
-229
-218
133
308
156
-10
-40
-43
13
184
191
-151
-414
-142
337
368
-44
-347
-291
-107
20
141
220
96
-155
-233
-103
-9
28
160
208
-64
-341
-187
158
197
16
-24
11
-75
-87
156
299
2
-338
-121
388
386
-110
-261
132
322
-22
-319
-202
-25
-10
72
189
-16
-390
-291
298
511
-81
-654
-337
395
453
-129
-319
200
562
172
-351
-208
349
467
26
-276
-75
153
-17
-249
-98
160
4
-367
-309
182
439
171
-159
-104
163
222
20
-141
-52
148
199
75
-22
29
107
57
-62
-61
47
42
-84
-43
183
180
-175
-373
-84
305
338
91
-167
-293
-136
294
499
37
-600
-446
398
654
-165
-746
0
995
612
-665
-1015
-110
675
485
-129
-406
-243
72
238
60
-305
-335
138
440
-2
-559
-281
419
404
-194
-294
135
192
-140
-67
348
265
-281
-332
251
447
-130
-464
72
551
140
-438
-275
176
154
-79
-37
10
-220
-298
82
385
75
-434
-415
38
294
250
211
87
-256
-341
161
594
297
-240
-240
87
96
-111
-25
240
154
-210
-281
-21
57
-82
26
286
110
-375
-401
78
302
45
-98
126
213
-93
-292
-12
303
156
-164
-141
63
4
-181
-81
179
155
-137
-290
-159
60
236
369
308
-120
-640
-615
93
720
473
-359
-709
-126
631
617
-77
-526
-244
262
324
13
-126
65
219
99
-82
-76
21
-4
-89
-18
185
225
-47
-366
-343
40
387
337
-56
-399
-351
54
387
235
-277
-532
-184
335
363
-96
-391
-130
309
332
-76
-381
-236
128
301
204
23
-127
-248
-251
22
416
394
-237
-725
-259
623
594
-375
-810
-22
756
306
-658
-664
233
680
194
-337
-309
-128
-77
120
331
27
-519
-401
310
512
-110
-532
-99
417
188
-278
-88
419
277
-354
-403
263
576
10
-590
-370
281
441
13
-308
-158
79
45
-70
-14
51
-36
-40
161
183
-165
-329
128
611
325
-395
-533
38
408
74
-366
-266
107
189
52
65
135
-12
-220
-160
118
285
143
-210
-412
-128
422
546
6
-509
-301
317
482
41
-314
-166
68
-34
-202
-58
178
111
-131
-166
-6
59
-18
-45
6
-7
-71
-8
167
176
-78
-245
-15
308
220
-108
-98
153
16
-404
-310
316
502
-107
-597
-239
402
446
12
-223
-159
-96
58
396
375
-238
-532
123
732
239
-615
-551
177
429
59
-175
9
177
23
-255
-366
-205
192
515
244
-520
-758
18
748
425
-251
-213
196
180
-35
28
113
-4
12
190
44
-359
-295
268
379
-270
-606
8
481
-94
-622
30
765
175
-804
-551
388
481
-85
-112
278
70
-566
-467
423
804
114
-590
-398
113
105
-154
-45
249
212
-70
-148
49
190
46
-218
-256
-20
188
230
247
161
-235
-562
-189
529
526
-230
-576
-53
399
130
-166
151
406
-121
-657
-157
680
457
-437
-488
253
378
-270
-453
129
427
12
-304
-20
283
97
-176
-82
66
-94
-180
189
494
104
-535
-491
188
537
127
-362
-193
359
443
-101
-493
-182
331
320
-108
-372
-292
-9
357
475
4
-592
-418
351
518
-181
-509
208
764
16
-987
-514
872
1035
-276
-1067
-359
560
518
-36
-337
-348
-161
258
528
158
-475
-419
394
843
239
-581
-512
207
529
171
-235
-148
296
489
33
-575
-415
376
569
-204
-699
-63
694
335
-555
-542
271
476
-205
-504
105
512
41
-403
-73
341
127
-190
29
335
92
-309
-136
353
346
-114
-253
50
142
-152
-268
28
275
142
-120
-188
-69
93
194
92
-223
-359
21
456
235
-332
-298
260
320
-232
-362
225
494
-68
-473
32
541
74
-542
-81
722
343
-740
-765
269
665
-55
-547
-66
474
247
-198
-107
215
133
-147
-98
125
115
3
26
-10
-199
-197
90
223
27
-87
112
245
-8
-317
-175
291
421
-15
-435
-270
172
201
-168
-262
126
367
0
-473
-321
266
459
88
-178
-32
70
-88
-104
113
112
-162
-222
21
148
51
-10
-18
-114
-143
85
293
104
-262
-254
99
238
64
15
89
-86
-230
156
504
-27
-769
-429
575
652
-314
-800
-151
537
351
-134
-141
24
-116
-143
285
473
-93
-603
-226
437
392
-170
-382
-81
219
227
83
-52
-136
-83
136
274
49
-338
-329
150
443
83
-450
-392
180
485
193
-186
-190
-52
-106
-91
294
561
96
-599
-490
276
559
78
-297
-135
47
-42
-48
139
128
-135
-188
62
88
-251
-310
184
468
14
-465
-203
329
301
-113
-206
70
201
-16
-272
-208
172
477
274
-370
-775
-347
552
859
161
-656
-575
176
546
141
-396
-368
137
441
118
-444
-491
85
529
253
-339
-446
-11
287
122
-86
9
121
-37
-184
-30
175
132
15
29
-38
-289
-261
305
670
74
-801
-622
413
759
10
-522
-101
318
-56
-476
-96
491
308
-305
-362
31
73
-130
50
280
-99
-530
-127
541
339
-391
-406
322
611
2
-596
-357
312
504
63
-430
-464
-11
442
259
-385
-436
343
675
-109
-736
-166
587
339
-281
-248
50
-120
-282
192
557
-82
-825
-263
834
576
-647
-706
449
724
-315
-777
84
724
159
-522
-222
426
295
-395
-523
128
575
167
-514
-554
89
594
309
-386
-499
127
497
96
-269
-13
188
-139
-280
177
402
-115
-522
-101
472
306
-250
-310
74
154
-139
-180
111
140
-201
-353
-76
297
411
83
-531
-688
80
844
419
-598
-620
325
679
-12
-465
55
537
51
-636
-426
269
418
110
-28
-138
-414
-272
422
628
-115
-664
-154
511
232
-458
-400
245
407
-34
-194
139
215
-167
-283
101
287
-54
-329
-123
139
15
-238
-173
116
201
4
-149
-82
28
61
146
273
149
-219
-306
116
455
169
-322
-292
124
224
-89
-246
-44
97
17
57
197
-64
-550
-360
480
674
-234
-895
-268
680
571
-245
-443
132
446
103
-189
-30
66
-191
-298
46
385
302
-39
-312
-335
-19
412
387
-245
-727
-316
536
678
-87
-670
-301
392
457
-16
-278
-82
226
352
233
-104
-449
-408
127
632
439
-362
-848
-368
509
657
-72
-614
-206
500
392
-382
-587
165
723
217
-521
-369
244
205
-325
-294
340
538
-26
-444
-102
393
331
-31
-153
-116
-118
47
334
202
-336
-442
157
539
55
-555
-328
368
432
-200
-486
31
523
233
-398
-504
-30
369
266
-107
-254
-50
164
160
143
219
99
-244
-284
128
306
-139
-494
-68
536
317
-391
-364
400
573
-213
-651
-20
592
251
-335
-293
-8
-61
-82
317
551
43
-584
-374
385
583
31
-403
-285
-60
-15
59
177
115
-51
-93
-75
-106
-12
266
339
-57
-476
-287
340
575
116
-361
-225
219
279
-93
-314
-35
375
324
-184
-465
-80
467
377
-262
-573
-168
323
237
-179
-248
107
360
222
-49
-173
-166
-40
291
542
124
-796
-992
160
1324
804
-830
-1320
-10
1139
523
-720
-632
459
689
-171
-545
84
455
-42
-388
56
436
36
-473
-223
427
521
-17
-386
-168
226
307
65
-201
-190
80
152
-174
-299
163
424
-189
-761
-196
721
497
-468
-471
518
680
-463
-1006
99
1067
306
-778
-305
767
468
-656
-616
506
809
-136
-714
-113
472
130
-286
37
366
-52
-494
-130
435
277
-251
-276
72
74
-172
-19
355
149
-504
-539
257
769
295
-406
-381
144
343
71
-175
-174
-92
38
234
201
-209
-464
-52
565
503
-225
-678
-285
438
621
103
-483
-501
47
558
435
-225
-625
-231
462
582
53
-455
-469
-69
409
547
99
-551
-601
105
667
312
-433
-488
129
404
13
-284
-72
137
35
16
186
45
-420
-430
261
707
180
-569
-432
295
442
-99
-330
89
376
74
-245
-68
225
89
-249
-197
208
337
-47
-431
-299
174
391
94
-317
-292
99
242
-62
-256
17
271
32
-298
-123
269
184
-227
-179
296
302
-271
-398
255
574
-77
-650
-177
551
348
-376
-392
255
405
-176
-447
43
406
32
-398
-189
231
201
-89
-99
128
160
-77
-211
-15
236
150
-197
-333
-69
197
36
-312
-215
327
489
-117
-631
-198
565
466
-327
-536
145
573
57
-531
-219
478
439
-240
-480
4
359
84
-265
-155
75
-13
-125
125
352
25
-480
-378
214
412
-42
-408
-148
293
283
-56
-209
-89
57
146
160
-42
-344
-299
158
443
171
-261
-314
-64
79
33
5
36
0
-52
16
87
-6
-92
30
134
-36
-213
-36
263
197
-186
-372
-114
282
358
32
-327
-317
37
311
182
-195
-368
-141
199
261
14
-260
-289
3
374
367
-108
-462
-226
179
133
-135
-49
226
128
-203
-154
211
203
-240
-353
110
377
23
-280
-35
208
18
-87
200
250
-237
-446
126
536
-117
-969
-568
682
953
-163
-978
-351
676
667
-132
-531
-235
116
169
147
130
-92
-369
-203
348
480
-120
-566
-73
649
366
-638
-800
292
1066
282
-966
-828
441
895
-42
-800
-292
505
385
-238
-334
45
180
17
7
86
-106
-295
27
476
258
-393
-497
38
352
105
-169
-122
3
6
-5
-7
-92
-106
142
318
-26
-463
-175
503
435
-322
-508
133
437
-66
-389
46
396
-19
-476
-166
348
186
-240
-81
277
9
-429
-112
511
350
-353
-444
173
447
-57
-553
-326
265
442
78
-340
-389
-20
446
468
-94
-552
-251
378
423
-116
-434
-164
251
301
-5
-249
-93
273
305
-138
-497
-265
265
404
68
-168
-34
73
-93
-174
-14
-7
-175
-2
373
156
-494
-437
422
759
2
-692
-325
408
378
-209
-392
-68
177
267
362
96
-559
-612
308
861
81
-826
-424
562
536
-335
-580
98
516
128
-224
5
182
-112
-296
-14
211
70
-54
9
-25
-148
-73
113
107
-13
11
48
-144
-293
29
490
305
-403
-589
72
620
346
-215
-330
-96
56
64
41
-13
-35
100
257
124
-250
-379
-50
291
208
-65
-95
31
-23
-180
-116
136
238
70
-140
-161
-11
128
125
1
-113
-93
55
171
89
-145
-277
-121
207
383
194
-193
-363
-111
267
324
24
-248
-200
42
158
32
-142
-121
75
184
51
-129
-58
199
232
-86
-292
-9
356
172
-349
-395
148
482
119
-399
-371
64
288
148
-24
-60
-33
73
197
37
-370
-385
246
682
153
-673
-534
436
802
19
-709
-314
505
478
-243
-488
10
385
179
-57
90
173
-202
-529
-176
468
477
-165
-511
-121
305
139
-186
-24
316
148
-338
-341
210
509
114
-404
-338
154
350
35
-262
-96
262
248
-181
-422
-30
531
431
-220
-434
48
313
-92
-359
57
414
47
-379
-64
439
181
-411
-233
419
271
-539
-553
355
661
-94
-525
66
518
-8
-547
-78
674
471
-373
-585
-18
316
56
-145
20
107
-69
-149
26
198
198
97
-47
-198
-206
9
231
189
-25
-97
-9
-26
-155
-101
163
284
99
-123
-149
-85
-51
63
255
212
-173
-422
-115
370
345
-141
-372
-55
282
151
-187
-220
40
209
135
-64
-241
-180
228
567
274
-384
-508
67
464
114
-398
-292
241
450
151
-233
-415
-315
177
717
453
-600
-1028
-20
1086
669
-651
-963
48
821
410
-330
-405
-91
6
55
271
214
-264
-407
183
663
223
-567
-585
188
686
283
-431
-548
-21
436
321
-117
-291
-29
215
42
-234
-71
312
211
-317
-420
153
527
82
-490
-262
399
429
-186
-455
-56
273
120
-42
52
-24
-365
-302
352
638
-36
-670
-204
587
302
-609
-512
580
888
-207
-1060
-338
886
862
-202
-713
-217
268
149
-74
-1
69
-88
-208
-72
143
186
58
-92
-143
-45
128
154
-60
-230
-92
109
20
-160
-41
186
70
-212
-99
300
276
-229
-382
149
511
61
-471
-177
439
281
-427
-453
333
634
-143
-843
-391
499
562
-48
-281
10
121
-70
-24
251
118
-430
-531
147
705
341
-419
-568
-64
329
193
-179
-309
-44
337
368
-40
-380
-175
285
284
-223
-469
-65
360
197
-172
-123
122
27
-199
-12
335
150
-364
-277
415
551
-290
-880
-206
819
705
-319
-750
-155
362
117
-196
39
249
-141
-534
-184
432
387
-173
-338
59
269
-64
-337
-3
499
390
-276
-669
-300
396
630
177
-406
-471
-53
279
230
20
-126
-209
-159
135
419
249
-273
-465
-25
433
202
-440
-561
65
552
181
-491
-417
354
696
63
-639
-349
511
608
-253
-782
-231
479
350
-160
-174
95
-25
-307
-95
395
358
-200
-422
-2
334
68
-270
-79
276
140
-297
-292
273
634
148
-714
-766
250
1008
343
-886
-902
327
1016
264
-695
-513
286
391
-159
-291
156
311
-66
-278
-70
25
-153
-107
256
341
-61
-329
-25
358
189
-280
-329
112
420
228
-176
-372
-253
65
355
288
-193
-522
-131
553
533
-233
-670
-227
324
223
-123
-43
168
-67
-327
62
518
78
-619
-232
714
518
-620
-780
324
789
-159
-802
37
873
172
-858
-364
805
598
-573
-648
378
606
-301
-661
163
732
91
-664
-319
482
453
-211
-374
78
266
-56
-247
5
234
46
-282
-242
208
556
326
-332
-720
-356
397
660
91
-599
-491
271
607
56
-495
-174
468
363
-282
-346
281
487
-144
-570
-47
552
201
-494
-348
331
339
-244
-278
295
351
-303
-493
244
738
111
-715
-510
300
480
19
-151
58
-73
-465
-233
579
751
-164
-907
-361
703
808
-57
-638
-338
225
386
184
-86
-280
-283
-12
298
269
-45
-221
-146
-54
69
338
399
-82
-562
-305
329
373
-154
-307
166
425
13
-371
-116
246
54
-282
-103
238
79
-265
-71
435
403
-229
-594
-178
435
394
-208
-442
79
567
235
-452
-453
242
571
26
-573
-334
362
503
7
-293
-51
208
111
-82
-97
5
78
14
-171
-173
191
417
-42
-669
-451
444
737
6
-601
-196
439
251
-269
-84
415
162
-481
-327
409
439
-306
-568
64
534
144
-364
-123
432
331
-313
-483
85
489
112
-420
-246
369
401
-328
-717
5
905
580
-612
-929
102
937
386
-652
-697
144
598
216
-222
-127
124
55
-118
-35
113
-14
-223
-115
179
190
-89
-168
102
259
-5
-287
-92
346
354
-172
-555
-256
399
658
233
-433
-646
-175
423
413
-104
-303
69
302
-38
-366
-137
225
128
-150
-42
210
18
-339
-110
448
315
-443
-566
272
756
44
-795
-444
606
820
-88
-793
-340
515
521
-212
-520
-45
358
143
-145
-4
164
-66
-268
33
339
-35
-593
-309
525
570
-284
-621
108
659
173
-452
-252
243
129
-329
-287
251
491
84
-428
-422
56
471
371
-188
-587
-269
391
463
-122
-408
26
406
113
-362
-318
112
334
161
-101
-161
-66
-28
-83
-62
112
233
64
-270
-334
34
396
262
-162
-292
-50
147
109
-27
-186
-278
-106
205
200
-120
-203
99
263
40
-149
-7
148
2
-195
-105
99
78
-57
-45
-4
-56
17
161
-42
-367
-56
603
397
-606
-823
213
889
103
-878
-470
656
741
-204
-629
-136
176
-56
-25
353
196
-491
-585
193
714
230
-502
-450
197
440
-5
-363
-69
365
192
-392
-529
30
558
369
-266
-545
-236
180
349
344
150
-322
-644
-254
490
624
7
-528
-439
7
367
425
116
-354
-525
-212
199
287
144
46
-81
-347
-352
191
604
171
-468
-286
276
132
-371
-137
508
323
-557
-727
171
848
373
-518
-656
-45
491
498
63
-488
-568
88
659
234
-587
-547
169
387
22
-71
125
-82
-476
-157
633
582
-426
-838
10
675
91
-565
-63
647
203
-686
-500
465
650
-183
-668
-98
538
240
-440
-395
267
492
-22
-456
-213
257
245
-165
-297
84
434
206
-385
-647
-251
431
731
312
-463
-759
-199
531
498
-157
-457
-65
332
173
-247
-349
-34
306
257
-158
-432
-135
436
484
-166
-606
-121
528
206
-585
-426
519
689
-176
-631
-76
372
3
-334
75
498
113
-500
-387
146
236
21
76
115
-279
-491
76
681
367
-424
-601
-89
343
350
170
-92
-437
-466
122
661
277
-549
-507
406
769
-22
-821
-510
431
753
136
-560
-516
76
420
197
-143
-129
79
38
-197
-121
304
380
-229
-721
-236
681
705
-262
-845
-213
686
553
-336
-626
54
609
215
-493
-494
83
352
101
-86
28
52
-124
-72
269
307
-207
-590
-206
491
550
-96
-548
-253
294
370
8
-234
-115
83
82
-11
28
113
-34
-324
-268
244
581
217
-445
-575
-27
519
446
-109
-484
-274
215
352
-4
-308
-97
293
209
-231
-231
307
422
-287
-719
15
898
455
-795
-960
334
1276
482
-1007
-1184
166
1269
798
-517
-1068
-396
529
710
171
-383
-492
-210
260
653
509
-302
-964
-533
578
967
207
-616
-564
-1
283
211
153
131
-73
-323
-249
130
398
290
-100
-464
-395
201
655
246
-530
-475
363
593
-238
-752
60
1025
504
-920
-1127
311
1352
494
-1000
-1011
367
1120
269
-874
-696
491
1004
164
-867
-769
214
817
450
-316
-625
-196
504
658
-32
-793
-598
413
974
353
-668
-865
-109
691
800
219
-612
-990
-318
918
1189
-65
-1230
-659
769
898
-373
-949
118
1120
416
-955
-933
380
1020
228
-647
-444
244
367
26
-69
91
6
-269
-218
171
355
120
-153
-163
-44
52
169
192
-87
-373
-115
447
408
-297
-623
-57
587
485
-70
-384
-341
-139
222
565
330
-467
-750
90
903
400
-696
-741
255
835
349
-454
-718
-255
573
983
305
-957
-1227
127
1466
885
-885
-1370
-18
1158
776
-256
-681
-466
-23
477
669
158
-632
-752
-33
654
624
123
-333
-550
-325
406
845
121
-960
-702
678
1085
-131
-1075
-347
821
699
-283
-551
-13
154
-182
-9
659
507
-695
-1277
-111
1482
1378
-464
-1830
-1004
1057
1853
430
-1434
-1466
265
1509
759
-854
-1137
200
1207
429
-1048
-1095
477
1588
691
-1120
-1545
-87
1370
1075
-432
-1234
-505
709
995
163
-742
-677
242
857
353
-649
-853
-9
776
575
-189
-509
-178
217
313
217
-42
-453
-549
87
872
710
-416
-1161
-521
810
1268
306
-1003
-1218
-92
1186
1201
-152
-1398
-1047
547
1475
638
-854
-1165
-82
908
690
-214
-645
-316
190
417
358
37
-479
-688
-76
876
919
-266
-1256
-629
931
1330
-70
-1423
-856
909
1476
31
-1533
-1119
815
1822
571
-1453
-1734
163
1968
1427
-901
-2239
-945
1465
2137
341
-1696
-1609
256
1533
917
-472
-938
-349
211
247
222
318
54
-550
-588
256
875
327
-612
-621
134
433
30
-153
173
172
-406
-497
410
1034
188
-1147
-1116
283
1252
732
-377
-703
-179
200
-60
-336
66
773
691
-452
-1357
-639
1042
1485
9
-1376
-826
686
988
-69
-744
-245
374
242
-83
12
74
-270
-358
240
662
128
-626
-495
220
424
47
-63
215
86
-548
-636
273
1006
413
-789
-952
158
1052
576
-602
-974
-154
751
655
-202
-721
-348
375
603
172
-360
-465
-173
161
333
352
196
-199
-653
-673
17
903
990
-12
-1076
-930
310
1140
535
-710
-1017
-78
833
625
-274
-691
-251
385
533
167
-334
-608
-405
248
838
691
-201
-968
-822
16
672
699
349
-79
-547
-826
-432
550
1123
497
-683
-1003
-171
611
408
-203
-241
133
99
-300
-218
454
698
-74
-957
-753
318
927
411
-490
-675
40
759
518
-530
-1123
-386
912
1188
95
-994
-826
135
581
234
-118
-81
-29
-129
-53
245
316
-45
-464
-501
-111
434
722
369
-503
-997
-345
824
988
-165
-1105
-564
676
952
26
-798
-582
173
488
200
-132
-152
-12
48
14
-21
-34
-70
-114
-42
185
314
30
-479
-539
139
829
557
-515
-1075
-312
900
1041
-96
-1125
-836
352
1019
487
-508
-813
-154
653
655
-158
-808
-487
394
705
90
-566
-372
339
534
-54
-603
-392
284
613
269
-350
-613
-244
396
599
95
-529
-500
128
518
191
-331
-314
147
340
10
-336
-231
135
276
72
-179
-190
9
177
117
-110
-220
-14
287
205
-310
-589
-57
755
702
-330
-1029
-431
653
772
-93
-624
-199
323
155
-205
-21
320
35
-552
-428
416
826
174
-731
-781
11
703
656
66
-511
-686
-345
301
720
488
-186
-609
-396
104
289
74
-82
82
232
-14
-407
-350
199
561
222
-439
-602
-34
594
519
-197
-717
-399
428
805
242
-644
-823
-94
673
629
-45
-500
-328
72
180
18
-49
80
139
-22
-179
-90
101
72
-154
-193
111
365
143
-337
-426
36
453
281
-217
-368
-37
243
85
-222
-191
142
309
90
-217
-244
-20
151
116
0
-44
-42
-79
-108
-10
178
221
-17
-308
-272
106
374
187
-215
-319
-34
224
139
-100
-148
-2
70
-12
-65
25
120
60
-100
-158
-23
159
154
-69
-263
-190
79
251
183
8
-103
-146
-167
-92
128
299
169
-178
-352
-155
155
220
46
-66
13
66
-89
-239
-74
261
290
-84
-376
-201
196
322
90
-188
-267
-146
106
350
300
-140
-517
-304
265
439
41
-302
-153
140
114
-88
-71
109
89
-143
-212
18
238
173
-82
-255
-182
89
287
154
-196
-332
-64
280
290
-10
-255
-226
-30
140
182
60
-149
-219
-26
202
170
-42
-125
-33
13
-59
-86
11
83
32
-20
34
86
0
-143
-166
-49
95
172
124
-56
-229
-182
84
277
159
-145
-298
-167
76
216
198
68
-111
-231
-189
-15
142
177
100
-30
-149
-172
-47
135
174
8
-177
-160
34
175
120
-53
-156
-103
23
71
10
-42
10
87
44
-103
-159
-29
130
116
-33
-115
-62
14
23
5
16
30
10
-25
-50
-69
-69
-2
114
147
15
-159
-173
-14
120
85
-36
-72
-4
42
-5
-71
-61
16
81
78
7
-91
-143
-86
45
127
83
-24
-83
-62
-5
37
36
-15
-72
-59
25
69
-3
-91
-52
67
97
5
-74
-65
-39
-40
-9
74
103
9
-109
-115
-24
51
62
32
-21
-63
-35
33
23
-68
-83
42
130
30
-128
-115
25
65
-21
-34
64
73
-60
-125
-11
88
6
-118
-80
70
122
32
-58
-66
-43
-25
9
33
4
-28
4
43
-5
-92
-83
22
84
27
-51
-33
45
54
-34
-110
-83
11
72
56
1
-35
-40
-27
0
37
39
-22
-86
-69
10
61
49
11
-30
-60
-47
13
48
0
-65
-36
61
83
-18
-104
-63
28
41
-12
-31
7
39
24
-26
-69
-62
4
81
91
8
-103
-140
-61
70
140
86
-37
-107
-70
6
23
-10
-12
32
46
-2
-46
-34
-7
-18
-35
6
79
81
-21
-116
-85
31
84
17
-59
-35
40
51
-17
-67
-35
32
56
18
-39
-63
-31
32
65
29
-38
-59
-16
29
28
-7
-31
-16
28
49
4
-66
-67
13
73
38
-30
-35
7
9
-29
-21
42
58
-13
-74
-41
38
64
19
-38
-49
-6
49
53
-14
-81
-54
54
110
32
-85
-94
11
94
58
-43
-87
-25
69
85
11
-64
-58
7
45
22
-13
-11
11
18
9
3
-5
-24
-26
13
58
45
-20
-59
-25
38
50
5
-31
-10
30
27
-14
-35
-5
37
42
8
-24
-20
8
26
14
-15
-23
9
50
47
-4
-46
-34
12
36
25
3
-5
1
16
27
15
-22
-45
-11
50
66
16
-32
-23
14
23
-1
-13
2
21
26
25
19
-2
-30
-34
4
49
55
16
-22
-20
7
17
-2
-12
17
51
36
-17
-39
-4
37
28
-7
-9
21
26
-3
-12
23
45
8
-40
-26
31
47
8
-11
23
45
3
-49
-31
34
58
19
-13
3
25
11
-11
-5
15
19
11
8
8
7
11
24
23
-3
-24
-8
27
38
19
0
-3
2
11
17
16
8
4
5
4
3
14
30
22
-8
-15
17
38
9
-25
-7
34
33
2
0
26
20
-24
-35
19
70
48
-16
-46
-21
20
50
57
27
-31
-63
-24
51
81
34
-34
-43
9
52
34
-15
-31
2
37
34
6
-5
5
7
-2
4
27
35
9
-25
-31
1
46
59
21
-27
-29
15
36
-5
-45
-8
72
85
11
-52
-37
1
3
-1
33
65
37
-28
-50
-10
34
36
10
-11
-12
5
33
39
3
-40
-29
28
62
30
-29
-44
-3
39
36
6
-7
8
13
-10
-27
1
50
51
-9
-53
-23
37
49
13
-12
-5
2
-10
-12
12
33
24
2
-3
2
-5
-16
-3
25
30
-1
-27
-6
42
49
-3
-54
-37
21
40
4
-15
22
54
15
-54
-60
5
52
29
-12
-9
22
24
-7
-30
-20
6
25
25
8
-14
-17
4
24
13
-16
-21
7
27
10
-17
-16
11
21
3
-12
2
18
2
-29
-23
23
48
10
-41
-33
24
48
4
-46
-34
18
39
13
-12
-8
1
-5
-6
8
11
-13
-24
11
48
24
-43
-62
-2
55
38
-18
-34
-2
19
4
-14
-9
5
10
7
3
-3
-7
-5
-4
-9
-3
21
31
-4
-47
-33
28
54
11
-43
-42
1
31
26
3
-19
-26
-3
34
28
-28
-62
-17
51
59
5
-35
-29
-9
-4
-1
11
17
13
9
1
-28
-48
-15
47
59
4
-47
-39
-4
10
9
21
27
1
-35
-36
-8
8
11
23
30
0
-44
-41
11
41
5
-38
-21
30
39
-7
-41
-24
12
20
5
-3
-3
-10
-19
-9
13
19
0
-20
-17
0
9
2
-12
-22
-15
12
33
22
-18
-46
-35
-6
13
20
26
19
-13
-47
-42
3
36
20
-19
-33
-9
19
19
-6
-27
-25
-12
-5
-1
13
26
13
-30
-60
-38
18
50
27
-20
-46
-38
-8
19
26
7
-23
-36
-23
3
17
10
-9
-22
-19
-5
6
2
-13
-21
-13
5
14
5
-17
-37
-31
1
31
26
-13
-48
-45
-7
29
34
4
-33
-49
-32
0
19
14
-1
-7
-11
-23
-36
-26
6
26
8
-26
-32
-2
21
0
-42
-51
-12
28
27
-4
-24
-21
-14
-15
-13
-3
4
0
-8
-11
-10
-12
-14
-13
-9
-6
-6
-5
-5
-9
-13
-12
-13
-16
-11
6
12
-11
-42
-38
4
31
10
-26
-26
2
9
-16
-34
-16
13
19
0
-17
-20
-18
-13
-4
5
4
-4
-8
-9
-13
-16
-7
8
9
-8
-23
-19
-4
6
4
-1
-4
-6
-9
-10
-9
-5
-1
1
1
-3
-6
-5
-2
-3
-5
-7
-3
2
5
2
-6
-13
-10
0
9
5
-7
-13
-5
8
10
-1
-10
-8
2
6
0
-7
-5
3
6
2
-1
2
6
3
-5
-8
1
12
14
4
-6
-7
0
8
11
9
2
-6
-7
2
11
12
3
-3
-1
5
7
6
5
6
6
4
2
2
5
9
11
8
0
-5
-1
9
16
12
3
-2
0
5
9
10
8
5
2
4
6
7
7
8
8
7
5
7
9
9
7
6
8
9
6
2
3
7
10
9
6
5
6
8
8
7
7
10
11
8
4
4
9
13
12
6
3
4
11
17
15
6
0
3
11
14
10
6
6
6
4
6
11
15
12
5
3
7
11
10
7
5
5
6
8
10
10
7
3
3
7
10
10
5
2
4
7
9
9
9
9
6
4
5
10
11
9
5
5
8
9
6
5
7
10
11
8
4
2
4
7
9
9
7
5
4
4
5
5
7
8
7
5
4
5
7
9
9
7
3
1
3
6
8
9
9
7
2
1
5
11
11
5
1
2
6
9
9
5
2
1
4
8
9
6
4
2
1
1
4
7
7
4
0
0
2
5
6
5
2
0
0
2
5
7
6
4
0
-1
2
6
8
6
3
1
1
4
7
8
5
2
2
2
2
2
4
6
5
2
-2
-2
2
6
7
3
-2
-3
0
4
4
1
-2
-4
-2
1
2
1
-2
-3
-2
0
0
0
1
1
0
-2
-4
-3
0
2
2
-1
-2
-2
-1
1
3
3
1
-1
-3
-3
-3
-1
1
1
1
-1
-3
-4
-3
0
4
5
1
-3
-4
-2
1
2
0
-3
-5
-3
0
0
-2
-2
0
3
2
1
-1
-3
-5
-5
-2
-1
-3
-4
-1
1
-3
-8
-7
0
5
3
-1
-1
0
-1
-3
-3
-1
1
2
2
1
-3
-6
-5
1
6
6
2
-4
-7
-5
1
6
5
-2
-8
-6
-1
2
1
-1
-1
0
-1
0
1
2
2
1
0
-1
-1
0
2
4
3
2
0
-1
0
2
4
2
-1
-2
0
1
-1
-1
3
6
5
0
-2
0
3
4
3
2
1
1
2
3
3
1
0
0
1
2
2
2
1
2
2
0
-2
0
5
7
2
-3
-3
3
8
7
3
0
-1
-2
-1
2
5
5
3
2
0
-1
0
4
7
6
0
-4
-2
5
11
9
3
-2
-2
0
5
8
8
4
-1
-2
2
5
5
3
2
3
4
5
6
3
-2
-5
0
7
11
10
6
3
1
1
3
6
7
7
8
8
6
3
3
7
9
5
0
1
4
6
6
5
2
1
2
6
6
2
-2
0
5
5
1
0
5
9
5
-2
-5
0
7
9
9
7
4
2
1
5
8
6
0
-2
3
7
5
1
2
6
7
1
-5
-2
6
9
5
1
3
8
6
0
-4
0
5
4
1
2
7
8
2
-4
-5
0
6
7
4
0
-1
0
-1
-5
-6
-2
5
5
-1
-6
-5
-2
-2
-3
-1
1
-2
-6
-4
1
2
-2
-5
-5
-4
-4
-3
2
5
5
-1
-7
-10
-6
2
5
1
-5
-7
-5
-3
-3
-1
-1
-4
-10
-10
-4
1
-3
-8
-7
-3
-2
-5
-7
-3
-1
-5
-11
-9
-1
2
-5
-13
-9
-2
-1
-8
-10
-4
2
0
-6
-10
-13
-13
-10
-2
2
-1
-6
-9
-11
-12
-10
-2
4
2
-6
-11
-9
-5
-3
-4
-6
-9
-9
-6
-1
2
-1
-6
-13
-17
-13
-3
5
6
4
2
-1
-11
-21
-19
-3
10
7
-7
-21
-25
-19
-8
2
7
6
1
-6
-12
-12
-8
-2
1
2
2
0
-5
-12
-14
-12
-7
-2
2
2
-3
-8
-10
-9
-9
-11
-10
-5
1
3
-2
-11
-16
-12
-2
4
3
-1
-3
-4
-5
-3
0
1
-2
-4
-4
-7
-10
-9
-4
-2
-4
-6
-4
-2
-2
-4
-5
-9
-13
-12
-4
2
1
-7
-12
-12
-8
-4
-2
0
2
6
4
-4
-11
-11
-3
3
6
6
3
1
-2
-4
-6
-6
-3
-2
-6
-12
-9
2
10
8
1
-1
0
0
0
1
3
2
-1
-3
-5
-2
6
12
7
-2
-5
-2
-1
-3
-5
-4
-3
-1
4
7
6
4
3
-2
-11
-15
-6
5
5
-1
-1
4
2
-5
-9
-8
-5
0
4
3
-1
-1
2
3
-1
-5
-4
-4
-6
-5
3
9
6
-2
-7
-11
-9
7
29
29
5
-13
-10
-2
-4
-9
-3
8
11
5
0
5
13
16
13
8
5
1
-3
-5
-1
8
10
2
-1
6
6
-9
-16
-2
14
12
0
-1
6
11
15
18
10
-7
-12
5
24
22
9
9
17
16
8
9
13
7
2
10
15
-2
-29
-41
-28
2
33
41
19
-15
-34
-33
-24
-12
8
32
39
25
10
5
-3
-18
-18
7
35
41
25
0
-26
-34
-11
21
31
13
-7
-13
-14
-19
-16
3
23
22
1
-19
-23
-20
-15
-5
10
21
17
2
-2
15
34
28
7
1
5
-9
-37
-39
-4
35
44
27
6
-11
-17
-5
20
33
20
1
-7
-12
-23
-27
-13
2
2
-3
0
5
4
0
-8
-16
-16
0
15
11
-2
-2
13
21
12
2
4
0
-18
-28
-13
15
33
37
27
3
-19
-18
-1
7
0
-6
-2
5
6
2
-2
-6
-12
-15
-12
-8
-3
5
7
-1
-2
19
39
28
-4
-15
6
24
11
-20
-42
-49
-47
-35
-12
9
13
-2
-26
-43
-38
-10
23
31
13
-4
-4
-1
-17
-47
-61
-36
17
55
40
-26
-105
-144
-114
-23
79
129
102
23
-49
-72
-36
34
90
88
22
-55
-80
-44
2
19
12
-2
-17
-27
-25
-13
1
18
35
37
15
-15
-34
-39
-39
-27
0
22
12
-15
-19
4
17
10
7
20
29
20
2
-17
-37
-54
-60
-45
-12
15
9
-15
5
96
168
102
-98
-274
-295
-195
-74
45
173
241
164
-4
-105
-67
37
102
103
70
44
39
50
48
9
-43
-50
13
92
101
5
-146
-241
-184
5
170
166
6
-150
-172
-70
43
82
54
16
0
10
57
131
169
126
69
103
189
146
-81
-271
-166
170
398
315
53
-150
-228
-233
-166
-5
175
236
132
-50
-199
-256
-207
-94
-23
-52
-94
-20
138
200
70
-143
-264
-213
-17
227
345
186
-164
-375
-244
64
228
139
-77
-241
-210
60
394
459
139
-254
-319
-71
115
47
-96
-130
-107
-89
20
226
293
32
-375
-518
-219
257
473
288
-42
-191
-92
93
196
169
70
12
67
165
127
-110
-338
-280
61
373
403
160
-205
-470
-346
193
640
453
-181
-538
-298
144
316
185
-37
-211
-226
35
403
404
-124
-649
-549
96
664
717
283
-318
-651
-444
123
560
570
242
-158
-396
-341
-58
192
206
71
21
89
104
29
-12
-66
-280
-464
-233
286
464
58
-452
-557
-272
93
309
263
-38
-366
-403
-111
186
205
26
-118
-159
-141
-61
41
42
-51
-72
-3
-24
-180
-276
-155
99
284
228
-89
-458
-537
-193
302
506
250
-213
-482
-378
-38
253
275
43
-213
-291
-211
-100
-5
59
46
9
78
192
88
-270
-495
-243
292
565
302
-228
-544
-445
-102
216
381
378
193
-161
-483
-437
61
557
486
-92
-497
-291
184
352
152
-36
-23
-16
-169
-259
-5
401
436
-48
-530
-464
12
285
100
-169
-132
88
152
35
-63
-133
-262
-271
85
537
470
-195
-718
-454
290
685
427
-73
-395
-506
-395
92
761
902
143
-816
-938
-164
598
704
359
-26
-345
-506
-267
272
503
109
-346
-199
267
254
-283
-550
-88
620
774
146
-673
-827
-121
660
668
63
-286
-76
76
-258
-523
-89
601
623
-10
-459
-337
5
233
266
56
-217
-152
194
220
-225
-419
103
630
289
-472
-497
215
526
60
-312
-77
224
145
-90
-271
-395
-212
411
845
353
-652
-933
-128
728
696
94
-309
-381
-292
12
354
251
-211
-345
7
249
76
-175
-261
-252
-36
527
921
369
-791
-1130
-114
974
901
181
-133
-138
-364
-452
116
779
638
-110
-520
-331
-79
7
188
341
22
-484
-365
271
380
-281
-636
-13
729
500
-415
-866
-452
216
583
611
313
-295
-788
-630
40
566
667
554
207
-590
-1344
-971
588
1723
1039
-696
-1506
-735
427
798
472
76
-226
-455
-338
189
504
112
-408
-130
731
935
-29
-1118
-1051
72
1021
1004
368
-216
-563
-695
-392
399
1058
848
-67
-710
-481
190
548
428
152
-97
-310
-318
45
511
598
269
-42
-52
85
146
147
186
227
178
26
-184
-337
-194
327
765
461
-470
-977
-324
815
1089
173
-850
-889
-101
542
500
45
-355
-487
-294
161
507
293
-373
-760
-389
300
498
83
-314
-250
-3
-26
-301
-479
-353
34
468
579
107
-602
-770
-148
530
501
34
-86
134
-13
-555
-610
166
849
557
-266
-581
-237
77
35
-1
177
280
147
-17
-144
-362
-468
-65
606
711
21
-612
-413
231
440
134
-76
9
32
-93
-42
202
237
-15
-124
81
175
-98
-287
25
418
217
-415
-678
-298
185
275
89
-46
-103
-190
-205
19
337
387
53
-373
-496
-210
190
299
63
-179
-208
-204
-335
-366
-27
433
473
-1
-486
-536
-247
45
197
192
-24
-359
-496
-255
168
439
360
-64
-559
-626
-48
660
699
-17
-662
-519
112
402
114
-226
-190
45
117
-5
-88
-3
96
16
-147
-108
125
185
-57
-203
46
309
54
-487
-511
169
722
425
-297
-483
24
451
214
-343
-451
97
617
330
-553
-934
-239
747
883
143
-492
-418
-24
143
132
187
188
-24
-211
-145
-46
-115
-78
292
605
324
-409
-856
-543
233
746
569
-73
-557
-471
-9
288
213
99
199
232
-115
-540
-464
137
657
573
-35
-625
-700
-205
447
724
399
-262
-669
-414
258
596
188
-475
-550
47
482
139
-478
-453
210
630
349
-140
-273
-129
-66
-119
-67
176
398
296
-144
-515
-400
102
464
365
5
-281
-438
-480
-206
411
805
449
-275
-522
-159
208
212
39
-119
-269
-315
-85
293
417
111
-332
-489
-237
223
532
386
-127
-432
-137
329
296
-119
-243
67
296
145
-122
-183
-40
136
219
166
38
-21
13
-56
-277
-248
309
827
490
-473
-924
-368
457
697
346
-101
-347
-347
-117
208
346
171
-74
-87
81
151
47
-51
-2
162
281
179
-132
-344
-194
158
336
247
82
-45
-184
-309
-267
3
333
464
265
-174
-577
-626
-212
375
648
382
-171
-544
-435
64
499
450
24
-259
-162
27
44
29
155
269
179
-3
-79
-116
-230
-234
99
510
500
81
-232
-205
-125
-208
-260
-68
236
351
134
-269
-539
-433
-20
345
377
148
-79
-215
-342
-390
-164
256
471
243
-251
-642
-645
-177
508
851
457
-386
-880
-518
372
969
762
-24
-712
-754
-162
504
632
136
-471
-614
-190
396
627
325
-194
-462
-342
-70
141
298
388
235
-182
-479
-266
263
489
161
-286
-335
0
336
410
216
-129
-425
-424
-49
442
638
381
-75
-329
-207
124
332
213
-119
-341
-254
33
267
297
125
-159
-399
-428
-181
209
478
407
11
-411
-486
-112
360
439
27
-427
-432
3
429
464
112
-308
-465
-294
-26
92
69
68
103
22
-201
-346
-239
2
157
186
157
65
-50
-8
209
279
-34
-459
-520
-162
235
370
286
124
-75
-240
-224
-26
144
166
145
158
112
-31
-134
-106
-35
-27
-53
-26
58
121
91
-38
-192
-241
-107
113
208
99
-76
-163
-121
30
216
269
78
-188
-234
-5
254
316
190
2
-179
-298
-279
-143
-47
-74
-78
87
300
307
52
-255
-362
-174
186
445
382
35
-316
-424
-294
-102
23
55
-6
-115
-130
63
326
351
32
-363
-475
-236
115
332
360
258
67
-150
-251
-138
88
211
145
10
-55
-50
-48
-59
-37
22
62
33
-74
-225
-310
-179
188
548
553
126
-408
-626
-409
16
359
485
384
76
-333
-584
-436
44
488
574
309
-64
-332
-404
-260
36
298
334
134
-124
-273
-275
-150
76
306
381
234
-34
-252
-299
-147
104
255
163
-96
-299
-305
-147
68
264
347
227
-27
-183
-115
49
128
105
53
2
-33
-16
32
14
-87
-119
49
311
431
328
125
-54
-165
-164
-45
78
72
-48
-151
-150
-43
130
276
264
51
-204
-280
-143
29
88
52
-15
-97
-159
-133
-27
57
63
42
61
117
150
105
-32
-201
-279
-179
35
187
174
67
-13
-31
-20
10
70
129
128
41
-98
-210
-219
-107
70
215
227
78
-127
-186
-4
260
322
99
-172
-217
-57
65
22
-76
-89
-20
46
74
77
75
89
135
191
199
115
-47
-213
-299
-256
-103
68
156
132
33
-83
-123
11
280
450
322
-6
-239
-232
-99
9
82
143
120
-20
-145
-102
52
140
114
68
49
-5
-105
-161
-111
-16
40
53
59
50
15
-9
6
31
36
41
49
8
-89
-141
-59
77
95
-28
-136
-108
6
92
113
86
23
-42
-47
9
31
-48
-141
-117
-2
51
-22
-126
-157
-112
-31
68
143
121
-6
-129
-141
-71
-21
-14
-3
14
-13
-80
-109
-55
22
45
8
-47
-106
-169
-206
-181
-119
-80
-82
-92
-88
-89
-103
-84
14
157
247
208
58
-105
-187
-164
-86
-24
-14
-33
-28
32
119
157
99
-14
-82
-57
5
24
11
41
119
150
69
-64
-139
-129
-78
-17
57
135
171
142
80
23
-33
-108
-184
-215
-171
-77
8
51
76
109
113
37
-79
-114
-21
102
132
57
-41
-114
-162
-175
-133
-70
-34
-1
76
156
156
80
16
5
1
-15
-5
30
22
-51
-103
-76
-41
-77
-126
-87
18
81
63
17
-13
-32
-51
-69
-93
-126
-126
-50
68
132
107
42
-16
-63
-91
-66
4
51
27
-34
-80
-107
-135
-141
-82
28
109
115
82
65
66
58
41
22
-17
-89
-143
-101
29
135
129
53
7
10
12
-1
18
79
128
114
50
-21
-56
-27
61
152
181
155
138
153
143
79
21
31
70
62
-2
-61
-83
-83
-73
-42
-7
-14
-69
-103
-53
53
120
92
7
-60
-81
-80
-85
-91
-73
-38
-9
2
-2
-26
-72
-110
-90
-12
62
73
26
-18
-27
-23
-35
-43
-13
40
60
18
-46
-74
-61
-48
-53
-55
-43
-36
-38
-11
49
84
51
-2
1
55
85
61
29
26
30
8
-23
-29
-16
-16
-28
-28
-10
9
28
65
114
130
77
-5
-30
29
98
106
69
48
47
32
14
42
114
161
142
108
107
107
67
23
27
56
56
35
28
32
20
8
40
102
130
100
62
67
101
120
107
72
39
32
53
70
59
45
51
58
37
12
20
53
68
61
60
64
37
-17
-32
22
90
100
57
13
-3
7
27
38
25
-12
-59
-90
-73
-10
51
50
-3
-38
-12
30
18
-38
-70
-48
-12
2
-7
-33
-66
-64
0
80
100
49
-9
-25
-1
31
56
63
47
15
-11
-21
-23
-13
15
28
-11
-75
-97
-61
-17
-3
-12
-21
-17
9
55
93
92
64
46
48
42
27
34
56
41
-10
-34
-7
10
-27
-71
-61
-3
45
62
70
76
62
28
3
-1
-2
-20
-40
-37
-7
19
6
-44
-85
-88
-83
-105
-128
-103
-46
-26
-71
-135
-161
-146
-127
-131
-167
-217
-234
-184
-109
-94
-149
-203
-222
-247
-294
-306
-263
-233
-273
-323
-308
-264
-280
-337
-331
-248
-194
-228
-284
-293
-280
-304
-359
-392
-381
-345
-308
-286
-300
-345
-370
-342
-295
-291
-332
-367
-349
-287
-227
-215
-255
-295
-281
-219
-169
-169
-187
-177
-148
-135
-140
-139
-128
-112
-74
-5
67
103
107
116
139
154
160
182
229
270
288
297
301
290
281
302
340
356
357
395
467
509
497
494
552
615
610
569
570
607
612
584
580
606
602
553
508
497
482
448
443
493
538
521
473
451
439
407
396
450
520
504
406
345
381
430
394
297
230
212
194
165
163
186
180
137
113
127
113
35
-32
1
94
121
49
-30
-42
-17
1
24
58
58
-2
-69
-82
-63
-64
-83
-77
-50
-39
-38
-15
16
16
6
45
112
130
91
70
110
154
145
107
89
84
66
57
84
114
107
85
87
94
70
39
44
80
104
108
117
123
88
21
-20
-21
-29
-71
-112
-125
-136
-166
-189
-181
-169
-190
-228
-243
-227
-215
-222
-242
-273
-311
-330
-320
-309
-329
-363
-379
-379
-397
-435
-464
-476
-500
-544
-581
-598
-617
-642
-646
-620
-593
-582
-561
-519
-496
-514
-533
-511
-483
-517
-595
-638
-631
-641
-702
-764
-775
-754
-745
-737
-694
-618
-557
-537
-546
-564
-587
-610
-627
-647
-676
-706
-723
-728
-736
-746
-744
-723
-696
-676
-648
-587
-500
-419
-359
-289
-177
-35
91
186
280
392
486
525
533
551
578
585
580
590
605
580
520
486
511
558
585
619
699
805
875
900
920
960
1008
1046
1070
1067
1031
982
963
975
967
899
795
710
661
619
565
511
474
446
422
403
393
376
340
302
293
318
339
326
284
234
180
118
62
19
-28
-98
-177
-227
-237
-237
-263
-312
-351
-355
-326
-287
-258
-241
-225
-207
-199
-202
-201
-185
-163
-147
-127
-95
-68
-65
-79
-92
-99
-102
-87
-37
38
102
140
169
198
222
249
292
335
356
361
378
405
409
384
357
344
332
316
322
359
395
401
395
397
393
367
343
349
373
379
362
345
328
291
227
164
121
87
51
24
5
-28
-87
-150
-185
-195
-206
-232
-258
-268
-273
-288
-312
-337
-369
-420
-477
-510
-512
-517
-544
-577
-594
-598
-611
-620
-605
-572
-558
-565
-558
-516
-466
-439
-428
-415
-399
-387
-371
-336
-286
-240
-208
-184
-163
-147
-132
-111
-80
-48
-21
2
29
67
113
157
188
215
254
310
374
426
457
467
464
455
441
424
405
385
361
337
321
325
336
330
297
269
279
315
334
320
288
251
201
135
70
16
-40
-104
-154
-171
-176
-200
-250
-304
-353
-408
-475
-545
-608
-655
-686
-709
-735
-771
-813
-850
-881
-904
-914
-904
-884
-879
-904
-954
-1013
-1072
-1133
-1196
-1248
-1272
-1271
-1273
-1300
-1339
-1362
-1362
-1347
-1321
-1277
-1215
-1147
-1064
-946
-801
-671
-558
-401
-162
99
291
398
484
587
681
736
772
813
842
845
848
875
901
897
898
967
1105
1245
1334
1385
1432
1476
1509
1532
1548
1548
1531
1519
1519
1508
1455
1372
1289
1217
1141
1049
950
851
748
644
546
454
361
273
211
181
169
158
143
125
101
66
20
-42
-130
-240
-345
-424
-483
-545
-615
-678
-719
-735
-731
-721
-716
-715
-695
-638
-563
-506
-481
-463
-426
-370
-308
-244
-174
-101
-32
39
112
162
174
169
193
255
317
356
392
450
517
572
619
680
748
806
863
938
1009
1032
1006
971
954
932
884
836
818
813
790
755
727
697
641
568
512
480
445
395
345
301
244
169
105
67
28
-35
-103
-149
-182
-236
-320
-410
-486
-555
-619
-667
-694
-712
-731
-742
-739
-735
-740
-745
-731
-699
-673
-672
-690
-714
-739
-760
-769
-763
-749
-731
-700
-648
-585
-535
-500
-461
-402
-333
-273
-222
-173
-126
-86
-52
-11
34
74
112
157
205
241
264
285
305
316
316
320
336
354
367
388
429
479
515
535
550
561
567
568
561
540
503
464
432
396
344
284
243
222
207
187
170
156
142
132
129
116
74
18
-18
-28
-38
-70
-117
-164
-211
-260
-307
-352
-410
-475
-519
-534
-554
-611
-695
-765
-802
-817
-822
-823
-821
-817
-808
-799
-815
-873
-952
-1011
-1033
-1030
-1015
-999
-1000
-1031
-1079
-1115
-1144
-1194
-1268
-1321
-1323
-1291
-1259
-1241
-1230
-1230
-1232
-1201
-1109
-977
-841
-690
-476
-189
113
360
539
677
790
877
946
1016
1086
1136
1158
1167
1166
1133
1056
972
944
999
1107
1224
1326
1411
1472
1503
1506
1490
1467
1451
1459
1492
1521
1508
1440
1327
1187
1030
870
716
563
410
266
140
17
-124
-274
-391
-451
-471
-475
-466
-443
-421
-416
-426
-446
-495
-591
-702
-783
-825
-867
-934
-1007
-1050
-1059
-1053
-1046
-1029
-997
-942
-861
-757
-644
-538
-441
-344
-239
-129
-22
79
178
283
392
495
577
627
646
647
647
657
684
728
787
860
935
998
1043
1078
1114
1151
1183
1212
1237
1245
1222
1166
1092
1007
906
795
695
619
551
475
393
315
240
156
68
-12
-77
-132
-179
-212
-236
-269
-325
-399
-471
-528
-577
-627
-683
-732
-768
-801
-848
-913
-974
-1005
-1002
-984
-961
-928
-876
-806
-734
-675
-633
-605
-579
-544
-497
-447
-411
-394
-384
-362
-325
-289
-262
-233
-183
-111
-38
27
89
158
229
291
345
400
450
487
519
550
571
567
540
515
502
493
470
427
377
334
307
292
274
244
213
201
211
226
231
226
213
190
169
167
176
160
103
37
1
-13
-46
-107
-167
-198
-210
-219
-226
-230
-231
-224
-196
-146
-103
-90
-95
-87
-64
-49
-56
-76
-91
-96
-101
-118
-153
-203
-251
-282
-301
-327
-369
-410
-431
-426
-408
-394
-392
-410
-438
-455
-451
-445
-466
-514
-560
-582
-594
-630
-703
-794
-877
-935
-975
-1020
-1092
-1192
-1294
-1359
-1373
-1360
-1362
-1393
-1433
-1442
-1418
-1398
-1407
-1407
-1314
-1072
-709
-303
81
419
704
933
1100
1191
1194
1132
1077
1097
1174
1219
1178
1089
1028
1024
1063
1129
1224
1338
1444
1533
1600
1622
1566
1453
1351
1312
1325
1349
1365
1375
1366
1313
1211
1069
890
671
432
200
-12
-218
-428
-624
-779
-876
-918
-912
-868
-800
-725
-655
-597
-565
-577
-635
-720
-800
-859
-912
-972
-1029
-1053
-1033
-987
-935
-884
-833
-778
-716
-642
-559
-475
-383
-257
-90
90
247
385
527
681
823
941
1040
1123
1181
1209
1211
1185
1127
1050
992
979
997
1020
1044
1079
1117
1139
1135
1105
1052
984
916
861
812
745
655
554
454
352
242
128
20
-78
-166
-251
-341
-439
-540
-634
-713
-771
-800
-800
-782
-754
-723
-695
-683
-692
-710
-724
-732
-741
-749
-754
-759
-764
-759
-736
-702
-666
-622
-545
-432
-305
-195
-111
-48
4
47
86
118
140
161
197
250
305
345
358
345
320
301
298
299
289
274
281
311
330
322
305
304
314
321
326
329
313
267
212
174
135
63
-29
-92
-107
-114
-145
-185
-209
-220
-233
-242
-232
-210
-188
-161
-115
-63
-35
-31
-20
15
60
94
117
134
146
148
147
146
141
136
147
185
234
268
284
299
325
351
368
382
399
411
410
398
381
352
298
227
156
92
25
-46
-110
-161
-214
-283
-354
-411
-456
-503
-552
-590
-616
-640
-667
-691
-713
-738
-764
-782
-793
-813
-847
-894
-954
-1027
-1096
-1142
-1172
-1212
-1268
-1317
-1344
-1365
-1399
-1435
-1453
-1455
-1451
-1435
-1409
-1402
-1431
-1461
-1432
-1317
-1124
-852
-480
-16
479
930
1287
1513
1598
1573
1506
1440
1378
1329
1320
1364
1420
1440
1417
1381
1360
1369
1420
1500
1562
1565
1516
1447
1360
1238
1107
1028
1035
1102
1177
1228
1236
1175
1035
831
584
303
-1
-298
-559
-782
-979
-1144
-1257
-1299
-1271
-1183
-1057
-923
-806
-719
-665
-649
-673
-720
-769
-803
-819
-813
-786
-748
-712
-671
-614
-536
-448
-367
-301
-250
-209
-164
-105
-30
64
193
374
599
835
1047
1217
1341
1423
1474
1498
1486
1430
1340
1243
1148
1042
922
813
750
740
763
796
818
816
779
712
624
525
424
336
274
226
168
87
-10
-113
-214
-305
-377
-435
-492
-557
-635
-732
-848
-968
-1059
-1093
-1066
-989
-876
-739
-604
-493
-415
-367
-339
-325
-319
-318
-320
-321
-320
-319
-316
-306
-276
-219
-141
-51
42
127
194
244
285
316
328
328
342
384
436
467
469
459
449
432
402
362
312
248
178
113
51
-18
-89
-134
-137
-110
-84
-68
-62
-64
-77
-98
-121
-153
-198
-243
-273
-299
-341
-395
-433
-439
-425
-403
-374
-334
-293
-256
-209
-145
-80
-25
37
123
221
302
364
432
515
591
644
678
694
679
634
581
538
496
448
416
420
446
461
454
442
434
421
399
377
351
303
231
155
85
2
-105
-217
-305
-371
-440
-523
-610
-700
-798
-896
-974
-1027
-1069
-1103
-1105
-1067
-1015
-973
-935
-887
-836
-802
-787
-785
-802
-847
-902
-940
-960
-984
-1016
-1032
-1028
-1034
-1071
-1129
-1190
-1250
-1301
-1324
-1316
-1299
-1293
-1285
-1256
-1216
-1183
-1130
-998
-751
-393
48
533
999
1380
1649
1808
1856
1790
1646
1507
1434
1419
1422
1418
1397
1350
1288
1238
1217
1206
1194
1195
1223
1245
1207
1104
979
875
806
784
814
872
913
915
879
792
624
373
83
-203
-476
-738
-969
-1150
-1286
-1388
-1437
-1411
-1324
-1208
-1072
-918
-768
-653
-579
-529
-496
-487
-494
-489
-461
-430
-410
-387
-345
-293
-237
-173
-98
-26
29
70
108
152
207
292
428
607
804
1001
1188
1354
1477
1545
1563
1544
1501
1440
1356
1240
1093
927
767
630
520
434
375
346
343
349
335
281
190
89
5
-58
-110
-153
-186
-215
-250
-300
-370
-458
-556
-643
-705
-747
-793
-846
-896
-929
-944
-934
-885
-789
-658
-510
-353
-198
-64
31
89
124
145
153
152
150
145
131
115
114
134
163
189
218
262
318
366
393
402
402
400
402
410
417
412
393
373
357
328
270
187
103
28
-48
-138
-240
-340
-431
-503
-546
-559
-555
-542
-514
-466
-413
-379
-366
-353
-332
-313
-307
-310
-316
-329
-346
-352
-336
-310
-281
-242
-184
-118
-65
-20
36
110
192
282
387
504
614
714
811
903
971
1009
1029
1042
1034
991
922
843
758
670
591
533
487
443
406
385
368
334
281
224
169
109
36
-46
-139
-250
-371
-482
-580
-674
-770
-853
-915
-968
-1025
-1082
-1129
-1164
-1187
-1191
-1170
-1139
-1106
-1063
-997
-917
-840
-774
-719
-680
-669
-685
-717
-754
-789
-809
-799
-763
-727
-708
-707
-717
-741
-781
-833
-890
-945
-991
-1023
-1043
-1065
-1098
-1133
-1145
-1126
-1077
-999
-871
-667
-370
12
442
870
1252
1561
1789
1929
1974
1932
1832
1723
1641
1582
1519
1429
1311
1186
1077
992
929
883
853
838
838
833
797
719
623
549
518
527
555
583
591
555
468
333
152
-71
-320
-564
-782
-979
-1160
-1318
-1438
-1512
-1531
-1476
-1343
-1159
-962
-774
-600
-450
-342
-273
-222
-173
-124
-70
-6
54
86
89
86
99
123
151
195
264
343
412
468
521
574
633
717
841
991
1140
1275
1396
1483
1508
1466
1385
1289
1183
1060
927
782
621
448
280
132
1
-111
-185
-208
-198
-188
-195
-214
-240
-272
-300
-318
-329
-346
-372
-401
-438
-490
-553
-609
-642
-657
-661
-658
-656
-666
-689
-707
-698
-645
-543
-390
-198
6
198
359
478
547
571
565
551
542
534
518
489
441
381
322
274
245
235
247
275
308
328
327
302
264
224
193
173
160
143
118
83
31
-39
-124
-213
-302
-388
-468
-544
-618
-687
-739
-766
-772
-763
-739
-699
-645
-583
-517
-449
-382
-318
-257
-197
-150
-124
-115
-101
-68
-19
38
99
163
223
277
328
379
430
484
555
652
760
854
930
995
1054
1102
1135
1157
1164
1143
1088
1003
896
765
617
471
345
239
144
63
-1
-56
-117
-186
-243
-278
-305
-340
-379
-415
-452
-499
-554
-611
-676
-752
-820
-859
-887
-937
-1013
-1085
-1125
-1147
-1169
-1179
-1156
-1100
-1024
-928
-818
-722
-658
-598
-510
-411
-356
-356
-373
-380
-397
-445
-503
-545
-583
-623
-646
-648
-671
-747
-841
-901
-936
-995
-1078
-1136
-1151
-1157
-1167
-1145
-1078
-995
-898
-734
-473
-151
190
562
977
1375
1672
1852
1950
1963
1866
1696
1537
1425
1325
1221
1146
1110
1070
1000
938
916
898
844
783
758
741
674
565
475
421
376
335
331
363
381
360
328
289
186
-21
-283
-536
-779
-1030
-1262
-1423
-1506
-1537
-1515
-1416
-1255
-1079
-905
-702
-473
-274
-141
-50
32
96
123
132
157
194
220
242
283
338
377
403
443
496
527
520
507
518
547
585
647
754
893
1035
1165
1279
1353
1369
1334
1273
1187
1056
882
697
526
362
197
43
-82
-176
-245
-288
-308
-323
-348
-375
-392
-407
-437
-481
-511
-516
-507
-496
-483
-467
-453
-446
-441
-435
-440
-458
-479
-491
-501
-514
-516
-484
-410
-304
-172
-14
156
317
455
564
644
688
698
686
658
612
552
497
457
427
395
364
347
340
331
312
280
240
195
151
112
75
35
0
-18
-21
-28
-56
-104
-161
-218
-274
-335
-405
-483
-564
-640
-712
-783
-841
-866
-845
-779
-686
-585
-493
-415
-347
-285
-231
-187
-142
-80
-3
72
133
187
245
305
361
415
462
494
511
534
575
622
664
712
782
867
939
988
1025
1054
1062
1046
1016
966
876
743
600
471
347
217
97
11
-48
-104
-160
-202
-238
-290
-352
-400
-430
-465
-515
-557
-571
-577
-601
-634
-661
-692
-742
-798
-829
-838
-849
-868
-875
-865
-865
-887
-906
-892
-855
-813
-755
-669
-575
-509
-475
-450
-435
-450
-493
-531
-544
-556
-587
-618
-628
-634
-665
-717
-769
-824
-901
-990
-1056
-1092
-1132
-1183
-1215
-1203
-1172
-1148
-1102
-983
-775
-486
-109
353
848
1297
1658
1931
2097
2118
1999
1819
1656
1529
1421
1331
1262
1189
1087
976
890
823
750
685
665
688
693
637
538
436
346
274
244
269
317
347
354
345
288
145
-79
-329
-567
-794
-1012
-1200
-1341
-1444
-1511
-1516
-1441
-1310
-1151
-969
-754
-529
-337
-195
-89
-7
52
99
160
237
304
344
370
401
430
444
453
475
512
551
582
607
620
616
615
652
736
850
969
1091
1208
1298
1335
1317
1254
1155
1027
883
733
569
381
182
-3
-163
-301
-411
-479
-500
-487
-465
-445
-434
-439
-460
-482
-492
-494
-491
-475
-438
-395
-369
-365
-368
-368
-369
-374
-379
-383
-390
-395
-386
-356
-310
-249
-155
-16
150
314
457
581
683
753
789
797
779
732
664
595
532
463
382
307
254
219
186
153
126
102
72
38
9
-15
-46
-85
-117
-137
-155
-182
-213
-240
-269
-309
-356
-402
-453
-525
-613
-698
-768
-820
-853
-856
-826
-771
-703
-627
-546
-471
-407
-335
-237
-116
7
112
198
267
319
354
382
414
457
512
581
651
701
717
707
696
700
719
746
784
834
892
946
978
978
946
889
817
736
643
533
411
289
176
69
-45
-167
-282
-371
-429
-465
-490
-507
-516
-519
-522
-528
-542
-563
-582
-587
-577
-575
-596
-636
-674
-695
-709
-724
-742
-756
-764
-766
-762
-755
-751
-745
-716
-651
-567
-494
-443
-398
-345
-295
-266
-265
-291
-340
-398
-449
-487
-527
-577
-620
-636
-635
-656
-723
-822
-927
-1025
-1111
-1179
-1222
-1243
-1242
-1205
-1137
-1068
-1022
-977
-879
-689
-410
-55
365
827
1281
1666
1940
2075
2063
1938
1772
1630
1530
1454
1385
1324
1256
1154
1008
842
694
588
535
538
576
605
591
533
454
364
265
177
129
129
149
156
132
69
-47
-217
-421
-634
-848
-1055
-1237
-1373
-1466
-1525
-1543
-1497
-1378
-1203
-991
-752
-499
-258
-56
101
217
297
348
390
436
479
504
510
511
514
517
520
536
576
634
691
737
764
774
772
778
808
865
942
1033
1129
1210
1251
1234
1165
1058
922
765
594
416
231
45
-138
-309
-464
-587
-662
-681
-651
-596
-536
-489
-462
-458
-473
-494
-508
-503
-475
-428
-378
-341
-326
-325
-332
-339
-337
-318
-284
-243
-204
-169
-135
-99
-55
12
110
236
379
525
656
752
798
800
774
730
673
610
552
507
466
418
358
287
210
139
86
56
36
11
-22
-58
-97
-150
-216
-279
-321
-341
-348
-350
-360
-386
-427
-470
-507
-542
-586
-637
-683
-721
-757
-790
-802
-771
-689
-560
-402
-239
-99
1
65
102
115
112
110
134
189
259
322
370
409
448
495
553
622
696
772
847
914
953
948
904
847
803
776
759
743
726
708
680
632
551
436
298
160
34
-78
-189
>>>>>>> Stashed changes
-300
-399
-474
-521
<<<<<<< Updated upstream
-544
-555
-554
-540
-511
-471
-430
-399
-384
-382
-392
-414
-450
-497
-548
-593
-624
-639
-639
-628
-610
-591
-577
-569
-560
-544
-522
-501
-490
-481
-465
-438
-404
-368
-336
-306
-277
-253
-249
-283
-360
-461
-557
-630
-688
-743
-795
-832
-847
-852
-866
-903
-964
-1033
-1086
-1113
-1125
-1139
-1158
-1164
-1146
-1115
-1088
-1060
-998
-859
-613
-253
198
693
1179
1611
1954
2174
2244
2173
2016
1838
1684
1566
1477
1401
1322
1227
1118
1002
883
765
662
592
555
525
473
392
293
191
100
38
20
43
92
148
193
202
146
11
-193
-441
-717
-996
-1248
-1444
-1576
-1645
-1649
-1580
-1444
-1263
-1052
-819
-573
-333
-114
78
234
346
413
454
493
538
580
621
672
735
795
839
862
863
834
780
718
665
624
595
595
642
733
849
971
1087
1183
1240
1248
1212
1136
1010
837
635
427
217
4
-202
-381
-522
-623
-687
-714
-713
-703
-694
-681
-663
-650
-650
-648
-625
-577
-515
-445
-365
-283
-211
-157
-116
-87
-77
-83
-92
-95
-97
-106
-110
-95
-58
-1
83
204
353
508
647
761
840
869
846
785
705
618
532
460
405
354
291
220
152
87
18
-56
-118
-161
-191
-221
-253
-288
-325
-359
-377
-375
-367
-363
-360
-348
-336
-343
-375
-419
-466
-512
-558
-598
-628
-649
-658
-640
-592
-529
-465
-395
-311
-216
-118
-20
84
191
290
381
471
558
623
659
676
686
686
668
634
593
550
513
496
508
534
553
566
594
643
689
712
714
705
681
634
554
444
304
151
17
-72
-131
-188
-251
-305
-343
-384
-444
-515
-573
-609
-623
-611
-580
-545
-519
-493
-451
-403
-372
-366
-364
-356
-354
-373
-403
-433
-467
-513
-560
-593
-613
-628
-632
-611
-567
-520
-480
-438
-390
-352
-338
-334
-330
-332
-357
-402
-443
-475
-506
-534
-548
-551
-561
-591
-636
-687
-755
-849
-950
-1034
-1099
-1154
-1197
-1215
-1206
-1189
-1173
-1143
-1088
-1004
-883
-695
-410
-29
416
892
1362
1771
2059
2200
2207
2111
1940
1731
1535
1384
1270
1167
1060
950
832
703
575
474
412
374
345
318
289
244
176
100
44
21
27
57
111
168
194
166
81
-56
-245
-483
-743
-989
-1198
-1360
-1467
-1504
-1465
-1364
-1210
-1009
-770
-518
-279
-59
142
313
440
523
584
635
674
700
721
744
763
772
773
775
775
761
731
694
653
603
549
512
512
548
614
706
822
938
1025
1067
1068
1029
944
811
646
464
267
55
-158
-354
-524
-664
-763
-810
-811
-789
-761
-724
-678
-638
-617
-604
-579
-534
-473
-396
-304
-203
-110
-28
43
99
125
120
101
84
68
41
7
-17
-21
-4
39
114
219
340
465
586
688
749
755
718
658
584
500
413
333
263
197
135
78
27
-22
-68
-107
-136
-164
-198
-241
-288
-336
-386
-432
-465
-480
-477
-459
-431
-401
-375
-361
-365
-391
-438
-496
-549
-587
-607
-615
-611
-592
-551
-482
-391
-285
-167
-32
124
283
411
486
515
517
510
498
484
469
460
468
501
548
582
590
591
615
660
698
706
691
673
663
657
645
622
585
544
513
486
432
332
204
86
-9
-104
-214
-323
-412
-476
-522
-551
-567
-576
-577
-553
-497
-432
-388
-361
-330
-291
-269
-278
-305
-334
-365
-403
-433
-446
-451
-464
-477
-472
-457
-453
-466
-475
-468
-458
-450
-432
-403
-381
-379
-376
-352
-322
-312
-326
-340
-349
-376
-435
-516
-604
-695
-781
-838
-862
-879
-908
-933
-934
-924
-941
-989
-1041
-1073
-1092
-1107
-1109
-1090
-1061
-1029
-981
-910
-829
-746
-623
-413
-102
284
713
1165
1599
1945
2155
2223
2170
2021
1810
=======
-547
-561
-561
-544
-509
-464
-423
-395
-382
-381
-392
-414
-452
-501
-552
-595
-624
-639
-640
-630
-610
-587
-569
-562
-557
-546
-526
-506
-493
-484
-468
-440
-403
-365
-331
-302
-276
-253
-248
-280
-357
-461
-562
-637
-694
-745
-794
-829
-844
-849
-861
-898
-962
-1034
-1090
-1117
-1126
-1139
-1158
-1166
-1150
-1118
-1087
-1055
-992
-855
-611
-252
198
692
1174
1604
1948
2172
2246
2177
2019
1839
1684
1568
1481
1405
1324
1226
1115
999
880
761
658
589
556
530
480
398
295
189
97
36
20
42
89
144
190
201
147
12
-191
-438
-711
-990
-1245
-1446
-1582
-1652
-1653
-1581
-1443
-1262
-1052
-818
-571
-329
-110
79
235
347
414
454
490
531
573
617
674
740
800
843
864
864
835
780
716
662
620
594
595
641
731
847
971
1091
1190
1246
1251
1211
1132
1007
834
632
424
215
4
-200
-378
-520
-623
-687
-712
-709
-700
-695
-686
-669
-655
-652
-648
-623
-575
-512
-440
-360
-280
-213
-161
-119
-88
-76
-84
-96
-99
-100
-105
-106
-90
-55
2
85
205
352
504
641
756
838
871
848
786
705
617
534
464
409
356
291
218
149
84
14
-59
-120
-159
-186
-215
-249
-287
-327
-360
-377
-375
-368
-366
-363
-350
-337
-343
-374
-418
-463
-507
-553
-596
-630
-655
-663
-643
-593
-529
-465
-396
-311
-214
-115
-17
86
192
291
382
471
555
618
654
674
688
690
672
636
594
551
514
497
507
532
551
565
594
641
686
710
715
709
688
638
556
442
301
148
15
-75
-134
-190
-251
-303
-341
-382
-444
-514
-571
-605
-620
-612
-584
-550
-523
-495
-451
-402
-371
-363
-360
-352
-352
-374
-405
-435
-467
-512
-561
-597
-617
-630
-631
-608
-563
-517
-478
-436
-388
-353
-341
-339
-333
-333
-356
-400
-443
-476
-505
-531
-544
-547
-559
-592
-638
-689
-758
-852
-953
-1036
-1097
-1150
-1192
-1212
-1205
-1190
-1173
-1143
-1087
-1005
-886
-698
-412
-31
416
892
1363
1773
2064
2205
2209
2110
1936
1728
1533
1383
1270
1166
1059
950
834
705
577
476
413
376
346
317
286
240
172
98
45
23
29
59
112
169
196
166
80
-57
-246
-483
-744
-991
-1200
-1362
-1467
-1500
-1461
-1360
-1209
-1010
-771
-520
-280
-61
140
312
440
525
585
635
674
701
724
747
765
771
770
771
773
760
731
694
654
605
552
515
512
547
612
706
823
939
1024
1064
1064
1028
945
814
649
467
269
56
-157
-355
-526
-667
-765
-810
-809
-789
-762
-724
-677
-637
-614
-601
-577
-534
-474
-398
-306
-206
-112
-29
45
102
128
121
101
84
68
42
8
-18
-23
-6
37
113
219
340
466
588
692
752
757
717
655
581
499
413
333
262
196
134
79
28
-20
-67
-106
-134
-162
-199
-244
-292
-339
-387
-430
-463
-479
-476
-458
-430
-399
-375
-362
-366
-392
-438
-497
-551
-589
-609
-614
-608
-588
-548
-482
-392
-285
-168
-33
123
281
410
486
515
517
509
498
486
472
462
469
500
545
579
588
590
614
660
699
707
692
675
664
656
645
623
586
544
511
483
430
331
205
88
-8
-103
-212
-322
-411
-476
-523
-553
-568
-576
-577
-553
-498
-433
-388
-360
-328
-290
-269
-278
-306
-334
-366
-404
-435
-446
-450
-463
-476
-472
-456
-453
-465
-473
-468
-458
-451
-434
-404
-382
-379
-376
-352
-320
-311
-324
-339
-349
-377
-436
-516
-604
-696
-782
-839
-863
-879
-907
-932
-933
-924
-940
-989
-1041
-1074
-1093
-1109
-1110
-1090
-1061
-1028
-981
-909
-829
-745
-623
-413
-102
283
713
1165
1598
1944
2155
2223
2171
2022
1811
>>>>>>> Stashed changes
1598
1433
1323
1240
<<<<<<< Updated upstream
1164
1088
999
=======
1163
1088
998
>>>>>>> Stashed changes
876
728
587
477
389
313
255
219
<<<<<<< Updated upstream
182
121
41
-31
=======
183
122
41
-32
>>>>>>> Stashed changes
-80
-104
-100
-62
-4
42
<<<<<<< Updated upstream
53
27
-41
-169
-366
-604
-843
-1059
-1241
-1372
-1431
-1415
-1337
-1206
-1021
-796
-560
-335
-121
88
279
432
549
639
706
=======
54
28
-41
-170
-367
-604
-843
-1058
-1241
-1373
-1432
-1415
-1337
-1205
-1021
-795
-559
-335
-120
89
278
432
549
639
707
>>>>>>> Stashed changes
752
782
809
830
<<<<<<< Updated upstream
836
832
834
848
856
841
806
761
710
650
587
538
514
522
568
648
745
=======
837
833
835
848
856
841
805
761
710
649
587
538
515
523
568
648
744
>>>>>>> Stashed changes
833
900
948
973
959
897
<<<<<<< Updated upstream
794
663
510
333
136
-64
-255
-423
-558
-654
-716
-751
-758
=======
793
663
510
332
136
-64
-254
-422
-558
-655
-717
-751
-759
>>>>>>> Stashed changes
-737
-696
-656
-628
<<<<<<< Updated upstream
-609
=======
-608
>>>>>>> Stashed changes
-584
-552
-514
-468
-408
-332
-244
-150
<<<<<<< Updated upstream
-63
=======
-64
>>>>>>> Stashed changes
2
38
52
60
66
67
<<<<<<< Updated upstream
56
41
27
19
=======
57
41
28
20
>>>>>>> Stashed changes
18
30
63
119
201
307
427
541
627
<<<<<<< Updated upstream
673
685
671
635
582
517
448
378
307
243
182
118
47
-24
-84
-130
-170
-211
-251
-290
-325
-356
-381
-402
=======
674
686
672
636
582
517
448
377
307
242
181
117
47
-24
-84
-131
-171
-211
-252
-290
-326
-356
-381
-403
>>>>>>> Stashed changes
-421
-432
-425
-398
<<<<<<< Updated upstream
-362
-334
-323
-327
-340
-358
=======
-361
-333
-322
-326
-338
-357
>>>>>>> Stashed changes
-383
-415
-450
-480
-500
-502
-488
-461
<<<<<<< Updated upstream
-426
-375
-302
-212
-122
=======
-425
-374
-302
-211
-121
>>>>>>> Stashed changes
-51
-1
41
88
146
<<<<<<< Updated upstream
216
294
=======
215
293
>>>>>>> Stashed changes
378
468
564
661
745
802
833
851
865
<<<<<<< Updated upstream
866
833
761
667
577
504
450
415
396
395
414
448
485
500
479
430
369
297
199
71
-65
-181
-260
-301
-311
-304
-298
-303
-318
-338
-370
-422
-482
-528
-548
-551
-551
-549
-542
-530
-510
-475
-422
-368
-331
-309
-287
-261
-250
-270
-314
=======
865
832
759
666
576
503
450
415
397
396
414
450
487
502
481
431
370
297
199
72
-64
-180
-259
-299
-309
-302
-297
-303
-319
-340
-372
-424
-484
-530
-550
-553
-553
-550
-542
-530
-511
-475
-422
-367
-331
-309
-287
-262
-252
-271
-315
>>>>>>> Stashed changes
-365
-410
-441
-452
<<<<<<< Updated upstream
-449
-443
-439
-423
-389
-363
-376
-433
-500
-547
-575
-600
-634
-672
-702
-712
-698
-670
-652
-651
-652
-636
-615
-620
-667
-736
-799
-852
-907
-970
-1033
-1087
-1121
-1125
-1101
-1065
-1031
-991
-920
-804
-638
-411
-97
314
797
1291
1737
2085
2300
2368
2305
2149
1944
1729
1538
1392
1285
1193
1088
963
826
682
540
410
305
225
162
107
54
0
-59
-116
-157
-162
-129
-67
8
78
126
128
68
-63
-259
-502
-758
-995
-1187
-1323
-1399
-1405
-1336
-1195
-1002
-785
-563
-342
-125
81
261
407
525
624
715
797
866
915
940
948
955
963
966
955
930
894
844
772
681
589
513
467
457
492
568
669
773
864
931
962
945
881
784
659
508
335
157
-14
-179
-337
-476
-582
-656
-709
-744
-754
-742
-724
-710
-695
-674
-650
-618
-566
-488
-393
-296
-194
-85
18
94
135
155
165
159
133
98
69
48
34
36
65
115
175
247
335
429
504
548
570
578
563
519
461
408
364
317
269
229
195
151
93
29
-33
-99
-167
-223
-262
-298
-347
-396
-424
-435
-445
-459
-460
-433
-389
-343
-305
-281
-284
-313
-351
-382
-410
-444
-468
-452
-395
-324
-268
-227
-192
-158
-128
-92
-41
20
89
179
294
416
514
582
644
717
789
841
867
871
850
804
740
668
582
483
391
335
322
330
340
353
373
389
383
347
283
191
76
-41
-137
-206
-261
-305
-334
-347
-359
-381
-410
-433
-452
-474
-497
-515
-527
-542
-561
-574
-575
-565
-543
-504
-448
-388
-339
-307
-287
-282
-297
-329
-369
-406
-439
-464
-477
-473
-461
-454
-455
-458
-461
-466
-471
-476
-479
-483
-492
-504
-521
-545
-578
-614
-642
-663
-682
-705
-729
-752
-780
-823
-884
-953
-1017
-1071
-1109
-1125
-1115
-1079
-1022
-951
-873
-798
-718
-606
-423
-147
211
628
1072
1502
1865
2111
2215
2189
2062
1877
1681
1513
1385
1285
1194
1100
994
862
709
555
426
326
244
175
119
68
4
-78
-161
-220
-244
-226
-167
-76
19
92
130
125
60
-82
-285
-511
-725
-916
-1073
-1177
-1212
-1179
-1092
-963
-801
-628
-458
-291
-117
56
211
341
456
560
642
695
733
772
815
855
895
937
968
965
921
842
739
616
490
392
339
332
363
431
531
642
737
804
845
859
835
775
689
588
468
328
182
40
-98
-230
-346
-435
-502
-554
-593
-618
-634
-653
-675
-690
-688
-670
-634
-576
-489
-381
-264
-149
-43
43
101
132
139
122
85
39
-1
-26
-38
-38
-21
17
75
146
221
292
354
404
441
463
464
446
420
398
383
370
353
331
303
269
228
178
116
43
-36
-115
-192
-267
-336
-392
-429
-451
-458
-447
-422
-392
-367
-348
-331
-315
-302
-294
-292
-303
-328
-356
-377
-386
-388
-378
-351
-304
-252
-207
-173
-145
-120
-95
-59
0
80
175
281
391
494
583
664
753
846
923
965
967
936
871
775
658
537
432
359
326
327
338
331
299
254
208
161
109
58
12
-30
-74
-118
-163
-206
-246
-277
-297
-313
-334
-361
-388
-417
-455
-501
-544
-574
-590
-599
-607
-614
-615
-602
-565
-511
-457
-417
-389
-368
-352
-350
-367
-400
-437
-464
-469
-453
-433
-424
-428
-437
-450
-472
-506
-544
-573
-584
-580
-566
-556
-562
-582
-604
-616
-622
-632
-644
-652
-662
-686
-733
-801
-883
-970
-1046
-1092
-1105
-1096
-1074
-1033
-972
-899
-826
-751
-659
-535
-364
-125
194
576
979
1369
1717
1993
2166
2218
2163
2032
1856
1667
1491
1339
1198
1050
898
752
613
472
331
210
118
49
-6
-52
-92
-131
-168
-190
-181
-148
-103
-47
22
89
126
115
54
-56
-213
-403
-602
-784
-942
-1065
-1134
-1136
-1076
-971
-832
-665
-483
-302
-128
43
205
345
463
566
660
739
797
841
877
904
918
922
917
894
841
757
653
538
422
324
263
245
264
312
390
487
587
670
732
770
781
763
719
653
560
439
300
157
16
-124
=======
-448
-442
-438
-422
-390
-363
-376
-432
-499
-546
-573
-599
-633
-671
-700
-710
-696
-668
-650
-649
-651
-636
-616
-622
-670
-739
-801
-853
-906
-969
-1033
-1088
-1122
-1126
-1102
-1068
-1034
-993
-921
-804
-638
-411
-98
313
796
1292
1739
2087
2302
2369
2305
2148
1942
1727
1535
1388
1283
1192
1090
966
828
683
539
409
303
224
160
105
53
1
-56
-112
-153
-159
-127
-65
11
82
130
131
69
-63
-261
-504
-760
-997
-1189
-1324
-1398
-1403
-1334
-1194
-1003
-787
-566
-346
-128
79
260
408
526
627
717
799
867
913
936
945
951
959
961
949
923
887
839
769
680
589
514
469
462
498
574
674
776
867
936
968
952
889
791
666
513
339
160
-14
-181
-342
-481
-587
-660
-713
-747
-757
-745
-725
-709
-692
-672
-648
-616
-564
-486
-392
-297
-197
-90
13
89
130
150
159
152
126
92
64
43
30
32
62
114
177
251
341
436
513
558
581
589
572
526
465
411
365
317
267
225
189
145
88
25
-36
-102
-169
-224
-261
-296
-343
-392
-422
-432
-442
-456
-455
-428
-384
-339
-302
-279
-283
-315
-356
-390
-421
-455
-477
-461
-402
-331
-273
-231
-193
-157
-126
-89
-38
23
93
182
295
415
511
579
642
717
790
843
869
871
849
801
737
663
577
479
389
338
329
340
352
364
384
400
393
356
291
197
80
-38
-135
-207
-264
-311
-340
-353
-363
-385
-413
-438
-459
-484
-509
-528
-540
-554
-570
-580
-576
-562
-539
-500
-446
-388
-341
-309
-289
-283
-297
-328
-367
-403
-436
-463
-475
-471
-458
-449
-448
-450
-454
-461
-469
-475
-478
-481
-488
-499
-513
-536
-568
-604
-636
-661
-684
-710
-734
-757
-784
-827
-888
-958
-1024
-1078
-1117
-1133
-1122
-1085
-1026
-952
-874
-798
-720
-609
-426
-150
211
630
1076
1508
1871
2117
2220
2191
2060
1872
1675
1507
1380
1281
1190
1096
990
859
706
554
427
328
249
182
127
77
12
-71
-155
-215
-237
-219
-157
-66
29
101
136
128
59
-86
-292
-519
-734
-923
-1079
-1181
-1215
-1180
-1092
-961
-800
-626
-457
-290
-118
53
206
334
448
551
634
688
726
766
808
849
888
929
958
955
912
835
735
616
494
400
352
348
381
450
551
660
752
816
854
865
839
777
691
590
469
330
183
39
-100
-235
-352
-443
-510
-562
-600
-623
-638
-655
-676
-690
-687
-668
-633
-574
-489
-383
-270
-158
-55
29
87
119
128
115
81
38
0
-24
-37
-38
-22
17
78
151
229
302
365
415
452
473
472
452
425
403
388
373
354
329
298
262
220
171
112
42
-34
-110
-185
-260
-331
-388
-428
-452
-458
-446
-418
-387
-362
-344
-329
-316
-305
-299
-298
-310
-335
-363
-384
-395
-398
-392
-367
-320
-265
-216
-176
-144
-117
-91
-54
3
81
175
279
390
496
588
673
763
855
930
970
972
941
876
780
663
543
438
363
329
329
338
332
304
264
223
177
125
70
19
-28
-76
-125
-173
-217
-256
-285
-304
-320
-344
-374
-406
-437
-475
-519
-561
-589
-604
-610
-615
-618
-616
-600
-560
-501
-442
-398
-370
-352
-341
-345
-366
-401
-438
-464
-468
-451
-428
-417
-420
-432
-448
-474
-509
-546
-571
-580
-573
-558
-547
-551
-569
-591
-604
-614
-626
-640
-651
-665
-694
-748
-821
-905
-991
-1063
-1106
-1117
-1106
-1081
-1037
-974
-900
-828
-753
-660
-533
-358
-115
204
584
986
1375
1722
1997
2167
2214
2154
2020
1844
1655
1479
1326
1185
1041
894
754
620
482
343
223
134
69
16
-31
-73
-116
-155
-178
-170
-140
-100
-48
19
86
123
110
45
-69
-229
-418
-613
-793
-948
-1070
-1138
-1137
-1074
-966
-828
-664
-485
-306
-131
40
199
334
446
546
639
720
782
828
867
898
917
926
924
901
846
762
660
550
441
347
288
270
288
336
412
505
598
675
732
769
780
760
713
642
545
425
290
153
15
-123
>>>>>>> Stashed changes
-250
-353
-433
-500
<<<<<<< Updated upstream
-556
-597
-619
-630
-632
-624
-603
-572
-528
-463
-377
-286
-203
-124
-41
42
108
150
171
171
149
114
80
52
23
-6
-19
-6
24
61
107
164
223
269
304
337
364
377
375
371
367
352
321
284
250
211
163
118
85
56
17
-32
-82
-137
-206
-279
-336
-366
-381
-392
-397
-390
-374
-352
-318
-272
-233
-223
-236
-251
-261
-276
-299
-320
-326
-322
-313
-297
-278
-264
-248
-199
-86
82
268
434
564
648
683
672
634
581
523
471
448
458
480
482
458
426
403
394
395
402
409
406
386
357
321
272
209
144
94
60
28
-9
-46
-76
-105
-141
-185
-233
-284
-341
-399
-453
-499
-538
-559
-548
-500
-434
-371
-316
-266
-218
-182
-165
-163
-174
-197
-227
-252
-272
-298
-339
-385
-417
-434
-451
-479
-512
-547
-582
-616
-641
-655
-670
-689
-694
-670
-623
-581
-553
-528
-500
-480
-477
-489
-512
-551
-603
-650
-687
-729
-794
-871
-930
-965
-995
-1034
-1068
-1081
-1069
-1038
-981
-904
-825
-752
-671
-564
-440
-314
-167
49
356
733
1129
1505
1823
2046
2159
2174
2112
1981
1801
1620
1488
1403
1318
1198
1046
883
716
553
408
286
176
74
-5
-49
-83
-136
-205
-252
-256
-226
-180
-124
-63
-18
-2
-13
-48
-125
-250
-403
-551
-681
-800
-901
-959
-964
-926
-858
-759
-633
-498
-370
-244
-115
15
136
255
384
516
629
714
780
836
878
903
918
930
929
905
856
787
696
583
467
373
317
296
303
336
388
441
484
512
528
525
502
464
421
371
305
222
127
25
-81
-187
-287
-376
-457
-530
-588
-628
-653
-670
-680
-680
-664
-630
-575
-499
-408
-311
-211
-112
-19
60
117
150
166
173
178
182
179
167
143
115
92
80
79
87
100
117
138
162
182
193
194
194
202
219
240
255
255
237
204
166
127
85
37
-16
-68
-121
-180
-247
-316
-380
-427
-450
-452
-441
-426
-410
-388
-357
-323
-290
-255
-212
-159
-101
-49
-17
-11
-24
-42
-54
-60
-62
-57
-42
-12
28
72
116
160
211
276
357
443
517
569
600
610
601
577
550
524
500
474
443
402
348
284
222
168
119
66
11
-40
-90
-144
-200
-245
-270
-275
-263
-236
-205
-187
-190
-201
-208
-212
-222
-233
-239
-244
-257
-279
-298
-312
-324
-338
-341
-331
-323
-323
-326
-325
-324
-329
-332
-319
-296
-279
-271
-263
-254
-258
-281
-313
-346
-385
-435
-489
-539
-589
-645
-694
-725
-744
-769
-801
-822
-826
-824
-829
-841
-852
-859
-857
-837
-806
-786
-793
-813
-825
-827
-837
-864
-895
-909
-899
-863
-807
-746
-693
-641
-557
-415
-217
30
327
680
1075
1469
1812
2067
2206
2225
2149
2019
1870
1715
1570
1450
1357
1270
1161
1024
869
710
560
431
329
249
180
121
74
37
2
-24
-28
2
56
117
167
190
172
109
5
-132
-296
-480
-662
-822
-948
-1033
-1068
-1046
-970
-850
-697
-520
-333
-154
7
154
288
407
515
624
735
834
904
948
975
986
980
959
933
897
840
763
675
585
490
399
338
327
366
436
527
627
717
771
782
760
711
631
523
401
277
146
6
-132
-252
-353
-448
-535
-603
-647
-675
-691
-692
-679
-658
-634
-592
-525
-439
-350
-257
-149
-23
106
223
319
381
401
383
343
293
231
160
96
61
60
84
125
176
233
287
339
389
428
445
438
417
392
360
317
268
224
186
150
114
75
34
-15
-68
-120
-172
-232
-298
-356
-397
-424
-446
-461
-458
-431
-381
-316
-244
-176
-124
-91
-73
-70
-85
-120
-159
-180
-171
-135
-85
-27
32
90
146
201
258
316
372
422
467
509
539
551
545
534
529
532
538
545
550
539
503
447
387
328
265
197
134
88
57
35
23
20
18
7
-10
-23
-34
-61
-107
-153
-183
-199
-211
-219
-223
-229
-243
-258
-263
-262
-268
-278
-276
-254
-227
-205
-184
-161
-140
-129
-121
-109
-100
-103
-111
-112
-114
-134
-175
-222
-271
-332
-402
-466
-512
-547
-573
-582
-572
-565
-579
-604
-619
-627
-647
-676
-694
-695
-693
-695
-693
-694
-720
-774
-823
-839
-836
-842
-854
-852
-835
-828
-840
-862
-889
-934
-983
-999
-967
-918
-880
-841
-774
-683
-592
-504
-389
-227
-14
254
588
966
1330
1630
1853
1997
2041
1972
1822
1652
1502
1378
1277
1199
1127
1034
906
757
601
438
278
149
71
30
-5
-47
-89
-124
-152
-168
-162
-136
-99
-55
-9
23
11
-60
-175
-312
-463
-626
-785
-919
-1014
-1060
-1049
-979
-863
-722
-561
-377
-182
0
154
289
422
552
670
776
873
957
1023
1071
1107
1126
1120
1089
1047
995
920
812
682
554
446
361
306
288
308
357
425
498
556
579
562
520
464
394
304
196
79
-38
-151
-259
-364
-469
-567
-648
-701
-731
-749
-759
-757
-739
-706
-660
-594
-508
-406
-291
-160
-18
117
231
323
397
446
458
438
406
368
319
256
196
151
121
102
102
127
159
179
189
205
225
227
207
186
180
182
176
165
156
137
94
38
-8
-45
-95
-164
-235
-297
-365
-450
-534
-589
-612
-615
-595
-543
-469
-403
-351
-300
-244
-196
-164
-129
-78
-25
8
22
38
63
91
123
168
215
244
249
244
241
233
216
210
238
302
381
462
538
594
619
620
611
598
568
518
460
403
341
267
184
105
33
-31
-78
-104
-115
-127
-146
-165
-184
-206
-232
-252
-258
-247
-225
-191
-146
-99
-60
-35
-25
-30
-54
-96
-150
-203
-249
-288
-322
-348
-363
-367
-363
-354
-341
-327
-315
-305
-289
-269
-254
-258
-281
-307
-329
-349
-375
-405
-432
-458
-486
-515
-547
-595
-666
-743
-802
-834
-853
-870
-877
-865
-842
-819
-799
-779
-762
-747
-721
-673
-621
-590
-588
-598
-610
-633
-675
-728
-775
-812
-840
-853
-849
-838
-829
-812
-774
-714
-646
-570
-460
-291
-60
226
562
927
1286
1597
1832
1971
2003
1930
1786
1619
1459
1314
1186
1078
987
893
779
647
505
362
232
128
57
6
-41
-84
-112
-125
-126
-117
-91
-42
24
91
143
164
135
52
-74
-227
-396
-571
-729
-847
-907
-910
-860
-768
-642
-496
-341
-182
-28
114
245
368
489
602
702
783
849
903
945
976
994
997
984
953
901
825
725
609
489
381
299
248
228
235
263
308
359
404
436
453
450
425
379
316
238
145
39
-66
-163
-251
-330
-398
-451
-496
-537
-573
-597
-609
-616
-617
-602
-565
-510
-442
-360
-261
-154
-51
47
142
226
284
314
326
327
310
272
221
171
126
84
54
48
63
85
109
135
161
170
155
129
105
87
72
63
66
77
81
71
52
29
1
-34
-68
-95
-120
-157
-204
-255
-304
-354
-399
-426
-425
-400
-361
-315
-266
-218
-179
-146
-114
-81
-49
-18
18
63
109
147
179
208
236
256
268
270
264
250
234
228
233
244
256
275
303
333
355
365
370
370
363
351
338
318
283
234
186
146
107
66
31
12
3
-7
-22
-38
-59
-90
-125
-149
-157
-162
-166
-161
-140
-115
-101
-97
-96
-95
-104
-123
-143
-163
-190
-228
-264
-291
-315
-341
-363
-371
-367
-360
-354
-347
-339
-338
-348
-364
-384
-408
-435
-464
-487
-503
-511
-514
-517
-525
-536
-553
-574
-599
-623
-641
-656
-671
-682
-687
-691
-705
-727
-741
-735
-720
-705
-688
-667
-652
-653
-669
-687
-707
-738
-772
-789
-785
-777
-780
-781
-765
-737
-711
-683
-639
-578
-505
-409
-264
-57
198
490
812
1150
1457
1685
1815
1855
1812
1699
1546
1392
1259
1146
1049
965
883
787
667
539
421
319
233
162
107
60
14
-34
-76
-106
-118
-101
-48
33
119
189
229
229
179
81
-53
-207
-366
-510
-620
-683
-703
-688
-638
-553
-442
-319
-190
-59
74
198
310
410
498
572
634
691
749
807
859
903
937
957
953
916
847
755
653
548
447
357
290
251
241
258
297
348
398
437
465
480
476
441
378
301
221
137
48
-40
-117
-184
-245
-296
-333
-363
-398
-439
-479
-509
-536
-558
-565
-545
-501
-440
-363
-270
-168
-72
13
86
146
188
209
211
196
164
121
76
39
15
5
9
26
52
81
108
125
125
110
91
73
57
46
46
60
80
97
111
122
124
111
88
65
40
4
-44
-95
-145
-200
-259
-309
-333
-332
-314
-282
-237
-190
-152
-124
-95
-62
-31
-5
26
65
107
143
170
194
219
247
282
322
356
371
362
333
292
246
201
166
148
153
182
228
278
317
340
351
351
343
325
301
272
236
197
161
131
100
63
26
-2
-22
-43
-67
-89
-109
-132
-157
-176
-184
-185
-182
-173
-150
-118
-89
-68
-50
-38
-39
-55
-79
-107
-140
-181
-226
-267
-300
-330
-355
-371
-378
-383
-387
-390
-391
-395
-404
-418
-436
-457
-479
-500
-515
-526
-528
-522
-508
-493
-484
-484
-493
-513
-541
-569
-591
-605
-621
-636
-647
-653
-663
-680
-691
-688
-674
-656
-638
-619
-610
-622
-650
-679
-704
-731
-759
-770
-753
-720
-687
-653
-610
-560
-514
-472
-419
-347
-259
-143
27
258
529
805
1069
1310
1501
1608
1624
1570
1475
1355
1232
1130
1055
988
911
824
738
647
541
427
329
257
204
160
120
80
33
-18
-55
-63
-43
-8
41
105
172
218
226
192
116
6
-121
-245
-350
-429
-479
-489
-456
-389
-308
-221
-134
-49
32
114
201
290
373
450
526
597
656
697
729
759
787
807
816
811
784
729
650
558
463
370
292
245
235
247
270
298
328
352
363
360
349
328
298
259
218
169
106
31
-42
-105
-158
-205
-248
-286
-323
-364
-406
-447
-486
-520
-536
-527
-493
-441
-376
-299
-215
-133
-58
9
66
106
128
139
140
127
100
70
45
27
15
10
17
31
42
48
52
50
37
15
-2
-3
6
21
41
66
90
107
119
130
133
121
97
73
48
12
-40
-98
-151
-191
-212
-209
-189
-165
-146
-128
-107
-86
-70
-59
-43
-17
17
56
92
120
137
150
173
211
256
298
329
342
335
306
262
211
158
118
101
113
150
198
249
293
323
336
338
328
304
267
223
179
136
96
60
31
7
-13
-27
-37
-46
-61
-82
-103
-123
-148
-175
-193
-196
-187
-170
-147
-118
-89
-64
-45
-34
-37
-59
-93
-129
-162
-198
-243
-291
-333
-360
-373
-374
-370
-365
-360
-356
-354
-359
-375
-406
-447
-488
-521
-544
-563
-580
-586
-579
-564
-552
-546
-547
-559
-588
-626
-662
-690
-716
-739
-747
-738
-723
-710
-693
-661
-622
-590
-565
-538
-514
-505
-514
-529
-545
-571
-607
-637
-649
-653
-662
-671
-667
-648
-624
-593
-548
-490
-427
-347
-226
-57
148
376
622
878
1118
1313
1448
1516
1513
1450
1359
1268
1182
1091
1001
920
844
757
657
555
457
360
274
215
183
156
121
91
80
79
78
89
126
182
236
277
309
321
291
217
120
19
-88
-199
-290
-340
-356
-356
-342
-301
-235
-162
-89
-4
95
194
281
360
440
513
570
614
661
712
755
782
797
800
780
732
663
585
504
421
344
281
235
202
182
175
183
201
224
247
269
284
287
278
255
216
166
111
58
6
-44
-94
-143
-197
-254
-309
-356
-401
-449
-493
-518
-520
-507
-488
-457
-410
-352
-293
-228
-155
-87
-40
-9
23
56
70
58
35
19
4
-20
-44
-51
-46
-46
-50
-41
-19
-7
-15
-27
-23
-15
-14
-12
9
42
67
81
99
125
140
134
121
114
106
82
48
17
-10
-44
-83
-111
-119
-118
-114
-100
-70
-32
-2
19
39
62
82
95
107
123
144
164
183
199
208
207
199
192
189
185
177
164
154
153
157
162
166
174
192
218
242
259
263
254
230
198
163
130
96
64
38
24
17
7
-9
-26
-40
-53
-67
-82
-93
-101
-109
-117
-121
-119
-117
-117
-115
-107
-98
-97
-108
-125
-146
-177
-222
-271
-315
-352
-384
-404
-408
-400
-396
-398
-399
-395
-395
-408
-424
-435
-442
-455
-472
-487
-505
-531
-557
-568
-565
-565
-576
-589
-597
-605
-625
-649
-666
-676
-683
-679
-657
-627
-606
-592
-570
-536
-506
-489
-479
-469
-463
-466
-474
-479
-487
-509
-537
-557
-571
-590
-613
-629
-626
-610
-587
-552
-503
-445
-377
-286
-154
21
227
449
677
894
1076
1204
1269
1274
1228
1150
1065
990
926
864
797
724
645
565
479
391
305
234
186
161
147
135
122
113
115
134
175
232
295
358
417
466
488
468
407
321
223
119
21
-61
-121
-158
-173
-163
-129
-81
-28
31
101
177
252
323
390
455
515
566
611
653
690
717
731
733
721
690
639
569
485
393
300
213
143
92
61
49
54
74
105
136
164
185
201
209
208
197
178
152
120
84
46
7
-36
-84
-135
-190
-244
-298
-349
-398
-438
-464
-472
-465
-444
-410
-364
-308
-244
-174
-103
-39
10
46
74
90
87
64
33
2
-23
-43
-58
-66
-71
-76
-79
-80
-85
-103
-127
-139
-133
-114
-88
-57
-21
18
55
86
110
123
124
122
120
114
95
62
23
-15
-48
-72
-86
-92
-94
-90
-78
-64
-51
-38
-17
9
35
60
88
115
134
145
160
186
220
255
289
316
325
307
271
232
191
146
102
78
79
95
114
134
157
180
198
214
230
238
230
210
191
176
157
131
103
80
60
38
13
-10
-33
-55
-78
-99
-123
-150
-177
-199
-210
-208
-198
-181
-157
-127
-97
-77
-72
-79
-93
-115
-145
-183
-226
-273
-323
-366
-394
-409
-420
-432
-439
-440
-440
-447
-457
-465
-472
-481
-488
-486
-483
-488
-497
-498
-486
-473
-469
-471
-478
-496
-530
-571
-606
-635
-665
-686
-687
-674
-661
-655
-641
-612
-583
-561
-538
-509
-483
-475
-476
-475
-474
-487
-510
-524
-527
-533
-549
-558
-546
-523
-504
-484
-448
-403
-363
-324
-259
-154
-16
144
332
544
755
928
1056
1143
1187
1178
1127
1065
1013
963
901
827
752
675
588
496
414
348
293
245
209
188
171
147
120
106
117
151
198
254
316
376
419
438
432
405
356
289
212
139
76
25
-17
-45
-52
-38
-9
33
89
159
234
302
362
419
473
516
543
565
591
618
636
644
644
635
603
547
477
407
334
255
178
121
85
56
31
20
27
42
56
76
110
149
170
173
168
159
132
89
47
17
-11
-47
-85
-116
-148
-196
-254
-305
-344
-377
-404
-412
-395
-368
-343
-315
-273
-222
-174
-131
-86
-43
-14
0
7
7
-6
-35
-64
-80
-84
-88
-96
-104
-109
-111
-113
-112
-107
-105
-106
-103
-89
-67
-45
-29
-13
8
32
53
69
82
92
94
90
85
78
63
40
16
1
-8
-12
-10
1
16
29
42
63
91
113
125
132
136
136
133
136
150
169
185
203
223
237
231
208
183
164
150
140
140
149
158
161
160
159
155
145
138
142
151
154
144
127
108
86
63
44
33
26
22
22
22
14
-7
-33
-53
-63
-65
-63
-59
-54
-53
-55
-57
-59
-65
-75
-86
-96
-109
-129
-156
-186
-221
-262
-299
-328
-348
-364
-379
-391
-402
-415
-428
-439
-450
-466
-485
-497
-499
-497
-496
-495
-492
-490
-495
-504
-515
-531
-557
-587
-610
-624
-637
-648
-649
-638
-623
-612
-599
-578
-550
-528
-516
-512
-508
-504
-502
-497
-482
-461
-444
-433
-419
-398
-386
-403
-442
-480
-505
-526
-551
-564
-551
-525
-500
-466
-408
-343
-299
-268
-205
-90
49
186
330
493
649
764
845
913
958
957
923
902
905
893
839
762
693
627
545
457
389
339
292
253
239
244
240
219
205
220
257
294
330
370
414
449
467
471
458
426
380
332
287
239
186
136
100
79
68
67
80
109
151
200
254
312
370
421
467
508
541
561
573
586
598
595
571
534
495
448
388
321
255
194
133
78
39
15
-5
-16
-6
26
61
86
104
122
137
141
139
135
128
113
95
78
55
15
-36
-84
-127
-169
-211
-248
-278
-305
-328
-337
-331
-324
-318
-301
-264
-221
-183
-149
-113
-79
-57
-44
-32
-25
-37
-64
-85
-93
-101
-119
-135
-139
-136
-138
-141
-136
-124
-116
-110
-94
-70
-53
-45
-33
-5
27
52
72
96
123
140
146
150
150
140
119
96
75
51
24
6
6
20
38
58
78
95
104
107
109
113
120
132
146
157
164
170
177
181
178
169
160
151
143
137
132
123
109
98
99
105
105
96
89
89
93
96
95
89
79
67
58
54
50
42
30
20
13
7
0
-12
-28
-41
-48
-53
-64
-79
-91
-98
-107
-116
-119
-116
-115
-123
-130
-133
-144
-174
-213
-241
-258
-276
-302
-325
-341
-356
-377
-394
-402
-410
-426
-439
-435
-423
-423
-439
-457
-465
-468
-474
-482
-490
-498
-508
-513
-513
-514
-525
-543
-554
-554
-548
-545
-541
-529
-508
-483
-463
-447
-434
-425
-422
-417
-406
-391
-381
-374
-363
-349
-347
-360
-376
-385
-396
-418
-438
-434
-414
-402
-402
-392
-367
-345
-333
-315
-274
-219
-159
-69
69
233
376
488
596
702
772
786
770
760
756
742
725
716
696
643
568
506
471
438
391
350
334
329
311
277
248
235
234
247
279
329
379
419
452
482
503
504
485
454
418
375
325
271
223
190
171
164
164
174
192
220
253
291
332
371
407
436
459
476
489
501
510
512
508
500
481
446
399
346
287
221
157
110
80
54
26
7
9
25
43
62
89
117
133
142
155
170
169
150
131
122
116
96
64
29
-6
-46
-84
-113
-139
-170
-206
-234
-247
-250
-253
-255
-249
-231
-205
-175
-147
-124
-107
-96
-91
-90
-92
-99
-114
-128
-135
-135
-139
-152
-164
-168
-164
-159
-150
-135
-118
-107
-99
-83
-61
-43
-33
-20
5
35
62
80
92
101
104
102
100
94
79
54
32
26
31
34
25
13
13
25
38
46
52
60
68
78
92
109
115
110
110
126
147
155
149
143
148
156
161
161
156
145
132
127
128
125
114
105
106
112
114
110
100
87
76
72
72
67
56
45
37
30
20
13
9
2
-8
-13
-15
-23
-41
-61
-76
-91
-108
-120
-120
-120
-130
-143
-149
-153
-167
-188
-203
-212
-229
-254
-273
-284
-298
-319
-336
-338
-337
-346
-359
-366
-367
-374
-390
-403
-410
-416
-428
-441
-447
-446
-449
-459
-468
-472
-478
-492
-508
-513
-505
-494
-486
-473
-451
-432
-426
-422
-408
-393
-388
-388
-379
-364
-356
-359
-360
-358
-363
-375
-382
-381
-386
-398
-401
-391
-390
-406
-420
-415
-401
-394
-387
-363
-331
-309
-290
-256
-218
-197
-182
-133
-36
74
164
243
330
=======
-561
-606
-633
-643
-641
-627
-601
-569
-528
-467
-384
-295
-214
-138
-57
26
96
144
170
172
149
114
81
58
34
9
-4
6
33
67
112
168
223
267
302
340
374
391
389
381
370
349
316
280
246
208
162
120
91
66
27
-24
-79
-138
-206
-276
-331
-361
-379
-396
-404
-397
-381
-359
-327
-280
-240
-226
-236
-252
-268
-290
-319
-340
-343
-335
-323
-305
-284
-268
-248
-196
-84
82
266
435
570
660
698
686
644
589
531
482
461
471
491
493
471
440
418
405
398
400
405
404
389
362
325
275
211
147
99
64
28
-14
-54
-85
-113
-149
-197
-251
-306
-364
-419
-468
-511
-551
-573
-560
-509
-439
-375
-323
-273
-224
-183
-159
-150
-159
-182
-212
-236
-253
-279
-323
-375
-414
-434
-451
-478
-511
-548
-584
-617
-638
-647
-660
-680
-690
-668
-623
-578
-548
-524
-499
-480
-476
-484
-505
-544
-599
-652
-692
-735
-800
-880
-944
-984
-1018
-1054
-1082
-1088
-1073
-1040
-983
-904
-822
-748
-670
-568
-448
-321
-170
50
361
736
1130
1504
1823
2048
2161
2174
2108
1976
1797
1620
1490
1404
1317
1197
1050
894
735
576
432
306
193
89
9
-38
-76
-134
-204
-248
-247
-216
-174
-124
-71
-30
-14
-24
-61
-139
-267
-420
-565
-693
-812
-916
-977
-980
-937
-861
-757
-631
-500
-376
-252
-121
9
130
248
378
515
634
724
790
842
879
902
921
938
942
919
869
799
709
598
481
384
325
303
314
352
407
459
495
515
522
514
489
451
406
355
290
211
119
19
-90
-201
-305
-394
-471
-537
-591
-631
-657
-673
-681
-678
-662
-628
-573
-497
-404
-305
-206
-114
-30
42
98
135
157
168
177
185
187
179
157
128
100
83
81
94
113
133
154
176
196
207
210
210
215
229
247
261
260
240
203
161
119
78
36
-10
-59
-111
-170
-237
-309
-374
-424
-452
-458
-450
-435
-415
-390
-361
-331
-302
-269
-226
-174
-117
-67
-37
-30
-39
-52
-60
-63
-64
-56
-32
5
51
96
137
177
224
288
369
453
522
569
600
612
606
582
551
523
498
474
446
408
352
285
220
168
122
73
19
-35
-88
-144
-200
-247
-277
-289
-282
-256
-224
-204
-204
-215
-224
-230
-237
-243
-244
-245
-257
-276
-292
-302
-314
-327
-331
-324
-316
-313
-312
-309
-311
-321
-327
-316
-295
-279
-272
-265
-257
-260
-280
-308
-339
-380
-431
-482
-527
-573
-626
-678
-713
-736
-765
-800
-825
-833
-835
-842
-852
-860
-866
-866
-852
-826
-807
-812
-830
-839
-837
-843
-865
-892
-905
-897
-865
-812
-751
-695
-637
-551
-410
-213
30
323
674
1066
1459
1804
2063
2210
2236
2164
2035
1883
1725
1577
1457
1366
1282
1176
1040
887
731
580
448
342
258
186
123
74
36
-1
-35
-47
-21
34
97
149
176
163
103
-2
-140
-306
-495
-686
-854
-978
-1055
-1082
-1054
-971
-846
-692
-517
-332
-154
6
150
284
409
526
639
749
844
912
954
980
993
990
972
946
911
856
779
690
594
493
400
339
331
370
439
528
627
715
768
779
757
705
619
506
382
256
122
-22
-160
-275
-373
-464
-548
-611
-652
-681
-695
-691
-671
-650
-626
-583
-512
-427
-343
-252
-144
-20
106
222
320
383
400
378
340
293
232
161
102
75
81
108
152
205
260
308
353
400
437
450
441
423
402
370
323
271
223
178
133
92
55
15
-32
-81
-125
-170
-226
-287
-340
-377
-406
-432
-449
-448
-425
-382
-322
-253
-187
-137
-103
-84
-80
-99
-134
-170
-185
-173
-136
-84
-23
39
99
156
212
269
327
382
435
483
522
547
554
545
533
526
526
531
539
544
532
495
438
375
315
252
186
127
85
56
37
27
26
23
9
-8
-16
-26
-54
-101
-148
-179
-198
-215
-227
-234
-242
-255
-263
-259
-254
-262
-277
-277
-258
-236
-220
-201
-175
-149
-130
-113
-95
-86
-93
-104
-105
-107
-131
-175
-222
-270
-328
-399
-466
-516
-553
-579
-585
-571
-561
-573
-596
-609
-615
-636
-668
-691
-694
-689
-687
-684
-686
-714
-767
-816
-835
-838
-851
-870
-874
-862
-855
-868
-893
-924
-965
-1005
-1012
-977
-927
-885
-841
-771
-679
-588
-500
-386
-225
-10
264
601
977
1338
1638
1865
2011
2055
1987
1841
1673
1523
1396
1292
1209
1133
1037
910
764
612
453
296
168
88
41
-5
-58
-108
-147
-180
-201
-197
-169
-128
-83
-34
2
-6
-77
-191
-323
-469
-631
-793
-927
-1018
-1062
-1053
-984
-865
-721
-560
-379
-182
1
153
285
419
554
675
784
887
982
1054
1100
1130
1146
1134
1095
1046
992
917
808
681
560
457
369
304
278
294
338
399
469
530
556
542
505
459
395
303
190
75
-36
-146
-256
-358
-456
-552
-634
-689
-717
-738
-757
-761
-741
-702
-653
-587
-496
-390
-275
-150
-10
128
244
334
408
461
477
455
418
377
326
261
198
157
134
121
121
142
171
187
190
196
207
203
180
158
155
163
167
163
156
138
96
42
-8
-51
-103
-169
-235
-294
-360
-441
-523
-584
-617
-623
-602
-550
-479
-411
-352
-296
-241
-197
-164
-126
-77
-26
11
35
56
79
108
146
195
238
262
265
260
250
232
209
200
222
278
356
443
522
575
598
601
597
586
555
506
450
396
338
269
192
113
37
-30
-78
-104
-118
-137
-161
-182
-196
-210
-230
-249
-257
-250
-228
-195
-152
-107
-69
-42
-26
-21
-34
-71
-124
-179
-226
-267
-304
-337
-360
-372
-374
-370
-357
-341
-327
-315
-298
-277
-264
-270
-295
-322
-343
-361
-383
-406
-426
-447
-472
-502
-537
-588
-657
-732
-792
-828
-851
-869
-878
-869
-848
-827
-810
-795
-779
-760
-731
-686
-638
-606
-600
-608
-622
-646
-687
-738
-784
-818
-839
-844
-838
-827
-817
-800
-766
-713
-649
-571
-458
-291
-61
226
562
927
1284
1594
1830
1973
2009
1943
1805
1640
1478
1331
1201
1095
1004
908
789
651
505
360
225
114
37
-14
-59
-100
-130
-142
-145
-141
-120
-70
0
68
121
144
124
47
-81
-237
-403
-572
-729
-849
-910
-911
-862
-772
-648
-502
-349
-200
-52
92
227
351
466
577
683
774
848
907
953
988
1009
1017
1010
984
933
854
753
639
523
415
327
268
244
248
273
312
359
404
440
459
461
445
405
342
259
162
56
-55
-160
-250
-325
-389
-447
-498
-540
-572
-595
-610
-614
-608
-589
-552
-496
-425
-346
-258
-159
-50
60
160
243
300
330
338
329
303
259
204
150
108
78
59
53
63
81
102
125
145
153
141
117
94
79
66
55
52
58
62
53
34
14
-8
-37
-68
-95
-121
-157
-205
-255
-299
-344
-388
-416
-413
-383
-342
-298
-251
-203
-161
-126
-93
-61
-34
-13
15
57
105
146
180
212
242
266
278
278
266
248
231
226
230
239
248
262
280
302
322
338
350
355
354
351
341
316
275
229
189
154
120
88
65
49
33
15
-3
-23
-50
-82
-108
-122
-135
-152
-166
-166
-155
-142
-131
-118
-107
-102
-106
-112
-119
-137
-170
-206
-235
-261
-289
-318
-339
-350
-355
-354
-346
-337
-337
-349
-367
-385
-406
-432
-458
-479
-494
-504
-506
-503
-503
-516
-537
-558
-578
-603
-630
-652
-670
-684
-695
-700
-702
-712
-731
-742
-737
-721
-707
-694
-676
-662
-662
-676
-693
-713
-740
-770
-788
-786
-780
-779
-776
-756
-726
-699
-673
-635
-578
-507
-413
-273
-70
186
483
811
1150
1455
1679
1805
1841
1800
1692
1543
1393
1268
1165
1075
990
902
798
671
534
411
309
225
154
99
57
15
-32
-77
-106
-112
-91
-40
36
120
187
223
217
165
66
-71
-225
-376
-511
-618
-685
-706
-687
-634
-554
-451
-337
-218
-93
37
165
283
385
476
558
630
693
753
813
870
919
958
981
975
930
851
751
645
538
437
354
297
268
262
278
312
357
399
433
457
470
461
426
370
299
220
132
41
-43
-117
-186
-252
-309
-355
-394
-431
-467
-500
-529
-554
-567
-559
-529
-482
-420
-343
-249
-147
-48
40
114
172
214
238
243
226
186
135
86
47
23
13
19
39
69
101
124
132
122
100
75
55
39
30
30
41
60
78
90
96
95
91
83
70
47
10
-42
-101
-163
-225
-283
-330
-355
-349
-319
-276
-233
-195
-162
-132
-103
-73
-43
-10
24
60
99
136
167
190
213
245
287
327
353
363
355
328
284
235
195
169
157
160
186
230
276
310
331
346
350
339
315
289
262
226
181
140
110
84
51
16
-9
-25
-44
-69
-89
-101
-117
-142
-164
-172
-172
-174
-173
-154
-121
-90
-68
-47
-25
-16
-27
-52
-78
-109
-154
-206
-251
-285
-318
-348
-366
-367
-366
-371
-379
-382
-389
-406
-429
-449
-466
-486
-506
-516
-518
-520
-520
-512
-498
-491
-496
-506
-517
-537
-564
-590
-608
-626
-647
-664
-668
-670
-679
-687
-679
-656
-636
-626
-619
-613
-624
-653
-682
-701
-722
-752
-771
-759
-725
-694
-667
-627
-570
-518
-474
-422
-349
-259
-143
24
258
536
817
1080
1319
1509
1615
1628
1571
1477
1360
1239
1136
1059
989
908
817
728
636
531
418
319
247
192
145
103
62
17
-27
-54
-55
-36
-3
43
104
166
207
213
179
105
-4
-128
-248
-353
-438
-492
-502
-468
-404
-327
-240
-150
-63
21
109
203
294
374
446
518
585
640
682
720
759
793
816
828
824
793
728
640
547
455
368
296
252
239
248
269
296
326
348
357
357
352
338
309
267
220
168
107
37
-32
-95
-150
-200
-243
-281
-323
-370
-415
-453
-484
-508
-520
-510
-477
-425
-358
-279
-196
-117
-43
28
91
133
151
154
150
136
110
78
53
36
24
20
31
49
58
58
56
57
49
28
9
5
16
31
47
69
93
109
116
123
128
119
93
61
32
-4
-57
-119
-172
-207
-221
-217
-196
-167
-143
-125
-108
-89
-73
-63
-50
-24
13
52
83
105
119
134
158
197
245
291
324
338
332
302
253
195
141
102
88
103
141
189
236
275
305
321
322
309
287
257
217
172
127
86
49
16
-8
-24
-37
-51
-65
-78
-91
-109
-132
-156
-176
-190
-198
-196
-183
-161
-136
-107
-74
-43
-27
-33
-55
-86
-122
-165
-211
-255
-296
-334
-363
-374
-372
-369
-368
-366
-357
-349
-354
-371
-398
-435
-479
-519
-546
-562
-576
-583
-577
-560
-545
-542
-551
-569
-597
-634
-667
-691
-709
-726
-735
-730
-716
-703
-688
-663
-626
-589
-556
-525
-499
-489
-495
-511
-530
-559
-596
-628
-645
-652
-659
-666
-662
-646
-622
-588
-543
-488
-425
-340
-215
-42
164
395
644
899
1135
1326
1456
1519
1512
1449
1363
1278
1194
1105
1016
937
860
771
667
562
464
369
285
228
197
170
135
104
91
88
84
90
123
178
231
271
302
316
288
214
115
13
-94
-205
-300
-352
-367
-364
-349
-308
-242
-169
-99
-17
83
186
274
354
436
516
576
618
660
709
752
778
792
797
782
733
660
580
500
415
331
265
223
197
178
171
180
199
219
239
261
278
280
267
243
208
161
106
51
3
-44
-92
-141
-192
-249
-309
-365
-412
-456
-496
-519
-519
-503
-483
-454
-410
-355
-301
-243
-173
-99
-40
-3
28
59
73
60
38
22
9
-13
-34
-36
-23
-21
-31
-33
-18
-8
-18
-31
-27
-15
-11
-7
15
49
71
78
91
118
136
131
117
113
107
81
39
3
-26
-61
-102
-127
-128
-119
-111
-94
-60
-23
2
16
36
62
83
93
103
121
144
163
178
193
204
206
201
199
198
190
173
154
144
143
144
147
156
174
198
224
247
260
260
245
221
191
158
121
86
55
32
16
3
-10
-24
-39
-51
-60
-69
-80
-93
-103
-110
-117
-123
-125
-123
-121
-117
-107
-95
-92
-103
-123
-145
-174
-217
-268
-314
-353
-386
-408
-412
-405
-403
-408
-408
-399
-395
-406
-424
-434
-441
-454
-473
-488
-505
-532
-559
-569
-563
-562
-577
-592
-596
-601
-620
-645
-659
-664
-670
-668
-648
-618
-599
-589
-569
-533
-502
-489
-481
-467
-456
-462
-474
-478
-482
-502
-533
-555
-566
-582
-607
-623
-616
-598
-576
-544
-493
-431
-364
-277
-146
33
242
462
687
904
1086
1211
1271
1273
1228
1149
1063
990
931
872
804
729
652
573
485
393
308
241
197
172
157
145
132
121
122
141
180
235
297
361
421
468
486
464
404
320
223
121
22
-61
-121
-157
-172
-165
-134
-86
-31
30
99
175
250
318
383
447
509
562
609
653
695
724
738
736
722
689
632
556
472
385
297
210
138
88
59
45
46
66
96
125
152
178
201
210
204
189
173
150
118
79
42
6
-34
-80
-129
-182
-240
-300
-356
-401
-440
-471
-485
-477
-452
-416
-370
-312
-244
-173
-103
-40
12
48
70
82
80
61
31
2
-21
-38
-54
-65
-71
-74
-76
-79
-87
-102
-120
-131
-125
-108
-87
-62
-29
11
51
84
107
121
128
130
128
116
91
54
14
-23
-53
-75
-89
-95
-92
-84
-72
-60
-50
-36
-15
13
42
67
92
116
133
144
156
179
210
246
282
309
318
303
270
229
186
140
101
78
78
91
110
132
154
175
196
215
230
236
230
216
197
175
149
121
95
71
50
30
9
-14
-37
-56
-75
-100
-130
-159
-182
-200
-211
-212
-201
-181
-158
-132
-103
-83
-79
-89
-101
-117
-143
-182
-227
-272
-318
-363
-396
-412
-422
-434
-443
-444
-441
-445
-455
-464
-470
-479
-486
-487
-485
-489
-500
-501
-487
-471
-464
-468
-476
-494
-527
-567
-602
-632
-659
-678
-675
-659
-648
-646
-636
-609
-580
-557
-535
-504
-476
-465
-465
-463
-464
-481
-507
-520
-519
-524
-542
-551
-537
-512
-495
-477
-442
-396
-356
-318
-251
-144
-9
146
333
548
759
930
1059
1151
1198
1188
1133
1071
1021
970
904
831
759
683
594
501
418
350
289
237
205
190
175
151
126
117
129
157
198
253
314
371
414
437
434
406
354
287
211
135
69
17
-18
-40
-46
-33
-2
39
92
157
228
294
353
412
471
519
549
568
592
620
637
639
634
622
591
536
468
400
329
248
170
114
80
52
26
16
28
46
61
81
115
151
168
166
160
149
122
78
39
11
-16
-53
-89
-118
-152
-204
-263
-311
-346
-379
-408
-415
-397
-371
-347
-316
-273
-223
-178
-131
-80
-35
-11
-3
3
5
-10
-41
-70
-85
-89
-93
-97
-100
-105
-113
-116
-110
-102
-101
-106
-103
-89
-69
-51
-35
-16
6
27
48
68
85
94
93
90
86
78
63
42
24
9
-3
-10
-6
8
20
28
40
62
89
111
123
130
131
127
124
132
149
165
179
198
223
239
231
207
181
163
150
143
145
154
159
159
158
158
152
140
132
138
150
154
144
125
104
81
57
37
24
17
14
15
17
11
-7
-31
-51
-60
-63
-62
-58
-55
-55
-57
-59
-60
-63
-70
-80
-93
-111
-132
-158
-188
-225
-265
-300
-325
-344
-360
-377
-393
-409
-423
-431
-435
-443
-458
-475
-484
-484
-486
-491
-494
-491
-489
-491
-495
-503
-521
-551
-583
-606
-622
-638
-650
-649
-635
-620
-608
-595
-574
-549
-529
-518
-510
-504
-501
-499
-493
-479
-457
-438
-424
-408
-388
-378
-396
-436
-477
-507
-533
-559
-567
-547
-515
-486
-452
-397
-333
-291
-262
-202
-90
49
189
335
500
654
766
841
907
953
955
923
903
908
899
845
768
699
633
551
462
393
346
301
260
243
247
243
220
205
222
260
294
323
360
405
440
456
458
448
421
378
330
285
239
183
129
94
80
74
72
83
112
154
198
246
302
360
411
455
499
537
559
568
576
588
585
559
521
484
442
383
312
248
193
137
81
40
17
1
-11
-4
26
60
81
97
118
139
147
141
133
126
112
92
71
49
13
-36
-82
-122
-162
-207
-250
-285
-312
-333
-341
-334
-324
-316
-299
-266
-223
-186
-153
-118
-83
-56
-38
-23
-17
-31
-60
-85
-93
-99
-114
-131
-136
-133
-133
-136
-134
-126
-122
-117
-100
-73
-53
-45
-35
-8
26
53
74
96
121
139
146
150
150
138
117
94
76
56
34
16
15
28
46
63
80
95
105
107
108
112
121
132
144
152
158
165
174
179
178
172
163
153
144
138
133
123
107
98
102
109
108
97
88
87
91
94
93
87
76
64
56
53
48
36
22
13
9
5
-2
-14
-29
-40
-45
-49
-59
-74
-88
-96
-105
-115
-122
-123
-125
-132
-136
-136
-146
-175
-213
-244
-263
-283
-309
-332
-346
-360
-376
-387
-393
-403
-422
-438
-438
-428
-427
-441
-457
-466
-471
-475
-482
-492
-505
-518
-522
-517
-514
-522
-536
-548
-551
-547
-542
-535
-523
-502
-477
-452
-432
-420
-415
-416
-414
-406
-393
-381
-371
-360
-350
-350
-363
-377
-386
-398
-418
-435
-430
-409
-394
-392
-384
-363
-342
-328
-307
-266
-214
-156
-70
65
226
370
485
592
698
772
792
780
769
761
745
727
717
697
645
570
505
467
434
389
349
332
327
310
278
249
234
233
243
273
319
371
416
452
482
502
503
483
452
417
378
331
279
232
203
188
179
174
178
195
221
255
294
334
371
403
429
453
471
485
497
507
514
515
507
486
449
398
341
281
218
158
110
79
54
27
7
7
23
42
62
88
116
135
145
154
164
162
144
126
119
113
92
59
21
-16
-53
-89
-118
-143
-171
-201
-226
-240
-247
-253
-258
-255
-237
-209
-178
-152
-130
-112
-98
-92
-93
-95
-100
-111
-125
-130
-130
-135
-150
-165
-168
-162
-155
-147
-133
-117
-107
-102
-88
-66
-47
-37
-24
3
38
64
79
89
97
101
101
99
96
83
59
36
29
35
37
26
14
16
30
42
45
48
52
57
63
77
95
103
101
103
122
146
154
146
142
149
159
164
164
161
150
136
130
131
128
117
107
107
113
114
107
94
82
73
70
72
70
60
48
38
30
21
13
6
-1
-8
-10
-11
-19
-37
-58
-75
-92
-109
-119
-121
-123
-134
-145
-148
-152
-166
-186
-199
-208
-222
-244
-262
-274
-290
-312
-327
-329
-330
-341
-357
-364
-367
-377
-393
-408
-417
-425
-437
-447
-450
-450
-454
-462
-469
-470
-473
-485
-499
-506
-500
-489
-479
-466
-447
-432
-427
-421
-406
-390
-384
-385
-378
-365
-357
-358
-360
-361
-369
-381
-385
-382
-387
-399
-402
-394
-394
-409
-421
-416
-404
-399
-388
-359
-324
-302
-284
-252
-215
-197
-182
-132
-37
69
157
237
327
>>>>>>> Stashed changes
413
469
496
513
<<<<<<< Updated upstream
524
520
509
516
543
557
532
488
461
457
446
413
381
372
373
360
338
327
322
304
281
283
317
350
360
370
406
443
443
412
389
379
355
311
280
279
282
272
266
277
282
262
240
254
294
326
340
357
385
404
406
404
408
409
403
401
410
411
386
341
300
272
246
213
176
142
114
96
85
83
86
88
89
95
110
122
119
105
100
114
130
129
117
106
95
73
49
37
28
6
-23
-39
-46
-69
-109
-141
-148
-144
-146
-146
-134
-122
-125
-130
-123
-114
-118
-126
-122
-112
-116
-133
-147
-150
-150
-152
-151
-146
-145
-151
-156
-153
-147
-146
-141
-127
-104
-80
-62
-52
-47
-39
-26
-13
-1
15
31
44
52
62
69
61
38
17
13
16
13
9
14
23
27
28
36
50
62
75
99
130
149
148
140
138
138
131
117
103
91
86
89
98
103
103
104
111
119
121
114
102
92
93
103
110
107
96
91
93
92
84
73
63
52
42
31
11
-19
-49
-64
-69
-78
-93
-103
-104
-103
-105
-107
-110
-114
-120
-118
-113
-121
-144
-168
-181
-186
-191
-195
-198
-201
-206
-214
-226
-246
-272
-296
-314
-329
-343
-351
-349
-345
-341
-335
-327
-329
-338
-347
-352
-365
-392
-419
-435
-449
-470
-495
-510
-515
-515
-505
-477
-445
-424
-413
-397
-378
-369
-370
-368
-360
-357
-357
-349
-331
-318
-319
-316
-305
-301
-313
-328
-334
-340
-356
-372
-371
-359
-356
-362
-360
-344
-325
-311
-288
-251
-213
-189
-179
-171
-160
-152
-145
-128
-86
-23
49
121
193
257
295
301
297
314
353
386
403
421
445
457
439
412
398
392
383
384
407
431
417
365
317
299
295
285
279
293
317
329
334
349
368
375
373
383
406
415
389
347
320
314
314
310
307
305
297
283
277
289
305
315
325
347
372
379
364
347
349
363
377
385
393
394
379
349
320
295
269
239
214
199
184
158
127
107
105
105
98
91
93
99
97
85
76
79
88
96
102
107
101
80
57
49
50
43
23
2
-9
-20
-41
-68
-86
-87
-78
-65
-55
-55
-67
-83
-87
-79
-71
-74
-87
-96
-97
-96
-102
-116
-128
-129
-119
-107
-103
-108
-115
-115
-108
-99
-91
-85
-78
-67
-50
-28
-10
0
8
19
31
37
35
34
37
37
32
27
26
28
28
31
36
41
43
46
53
56
52
45
43
44
44
44
51
62
68
72
78
81
76
70
74
84
85
77
69
63
56
45
37
37
38
42
54
70
76
67
52
43
36
30
26
22
14
4
-2
-3
-10
-27
-43
-52
-57
-65
-74
-83
-95
-112
-124
-128
-131
-139
-146
-152
-157
-162
-163
-160
-159
-164
-175
-186
-199
-215
-227
-237
-246
-255
-259
-257
-259
-272
-288
-300
-309
-316
-322
-324
-326
-330
-332
-330
-329
-335
-344
-348
-341
-331
-326
-328
-338
-348
-352
-348
-340
-336
-334
-330
-321
-309
-303
-307
-315
-315
-302
-286
-276
-280
-292
-302
-302
-293
-284
-285
-293
-293
-282
-270
-271
-280
-283
-273
-256
-236
-216
-203
-198
-194
-183
-171
-167
-169
-164
-151
-142
-143
-146
-133
-97
-39
38
119
188
240
280
306
313
310
313
331
357
379
390
386
368
347
338
344
347
336
322
316
309
287
255
226
212
213
226
249
273
291
309
338
374
396
392
370
347
330
319
309
300
294
297
307
312
303
286
275
280
301
327
345
346
334
322
320
322
322
325
341
365
381
381
365
338
304
274
255
236
204
162
127
108
96
85
79
81
85
88
94
102
99
83
73
78
=======
525
522
512
521
547
557
530
487
463
458
445
410
378
368
369
357
337
324
317
300
280
287
320
351
359
370
407
445
446
415
390
376
350
308
278
275
275
265
262
275
281
261
239
250
287
316
331
349
375
392
394
396
403
407
403
404
414
416
392
350
310
280
251
218
182
149
121
100
87
82
81
81
83
89
102
114
113
104
103
117
133
132
120
109
98
79
55
41
30
8
-18
-33
-42
-64
-104
-135
-143
-141
-143
-144
-134
-124
-125
-128
-121
-114
-118
-125
-121
-112
-116
-132
-145
-149
-150
-152
-151
-147
-150
-159
-163
-159
-154
-151
-145
-132
-111
-89
-70
-57
-49
-39
-24
-7
9
26
42
54
61
67
71
63
40
17
10
13
12
7
11
20
25
27
34
47
58
71
95
125
146
150
145
144
145
139
125
109
96
90
95
104
109
108
110
116
121
120
112
98
86
85
95
104
100
89
84
87
88
81
72
65
56
43
30
9
-22
-53
-70
-76
-83
-98
-109
-110
-107
-107
-109
-111
-114
-116
-112
-107
-115
-140
-166
-181
-187
-190
-193
-197
-200
-205
-211
-224
-246
-275
-298
-314
-326
-338
-343
-342
-341
-341
-336
-328
-330
-342
-352
-354
-364
-388
-412
-427
-439
-461
-487
-500
-504
-506
-500
-477
-447
-429
-420
-405
-385
-375
-377
-375
-367
-362
-363
-358
-340
-326
-322
-317
-304
-298
-310
-327
-334
-338
-353
-369
-370
-357
-351
-354
-352
-337
-321
-309
-288
-251
-210
-185
-176
-172
-164
-155
-148
-132
-92
-28
45
118
192
258
297
301
294
310
350
385
401
417
442
454
437
409
396
391
382
381
405
432
418
363
312
293
291
283
280
299
325
337
339
353
374
380
375
381
402
411
386
345
319
313
310
305
304
307
302
288
282
294
313
324
334
355
380
386
370
355
357
369
378
383
391
393
378
346
315
290
263
232
207
192
177
150
119
103
103
105
97
89
91
97
95
85
81
86
94
99
105
110
102
79
55
47
48
41
22
3
-9
-23
-46
-72
-87
-88
-78
-64
-53
-52
-63
-79
-84
-77
-70
-74
-85
-93
-97
-99
-107
-118
-128
-128
-116
-103
-97
-103
-110
-111
-105
-98
-91
-85
-76
-65
-48
-26
-7
2
6
13
23
28
26
24
27
27
22
16
17
21
23
26
33
40
44
47
52
55
52
45
44
45
46
47
55
67
75
79
82
82
76
70
74
81
81
74
67
62
54
44
38
37
38
41
52
67
72
64
53
45
38
31
29
28
22
11
5
2
-8
-26
-42
-50
-55
-65
-74
-81
-93
-110
-125
-130
-133
-140
-148
-153
-157
-161
-161
-158
-157
-163
-176
-190
-204
-218
-230
-239
-247
-256
-259
-257
-259
-270
-285
-297
-306
-315
-321
-324
-327
-328
-328
-326
-326
-331
-338
-339
-333
-325
-322
-326
-336
-347
-350
-346
-341
-339
-338
-333
-322
-311
-306
-308
-313
-311
-299
-283
-275
-278
-289
-296
-292
-282
-275
-279
-289
-291
-282
-275
-279
-289
-291
-280
-261
-239
-217
-204
-200
-194
-182
-168
-163
-164
-160
-149
-142
-144
-143
-127
-89
-30
49
130
198
247
284
306
311
307
311
331
357
377
385
382
366
344
334
340
345
337
325
319
309
283
245
215
201
203
217
238
261
279
298
328
365
389
388
368
347
333
323
312
301
294
297
307
311
302
287
276
280
298
323
341
343
330
317
315
318
317
320
334
357
372
374
362
338
305
273
253
236
205
164
128
107
95
83
78
82
86
87
91
99
97
83
71
76
88
>>>>>>> Stashed changes
92
88
85
89
<<<<<<< Updated upstream
92
97
103
109
112
103
88
75
64
49
30
13
-3
-18
-34
-46
-52
-51
-42
-30
-20
-18
-23
-34
-50
-69
-84
-89
-86
-83
-85
-92
-102
-108
-105
-97
-92
-91
-87
-81
-78
-79
-78
-77
-75
-70
-54
-30
-14
-9
-2
16
33
39
40
40
35
22
9
2
-4
-16
-26
-26
-17
-12
-15
-20
-23
-23
-22
-16
-11
-10
-10
-7
-2
0
2
6
13
20
27
32
33
31
29
27
23
15
8
8
12
17
21
23
22
16
13
11
6
-2
-4
-1
3
1
-4
-7
-11
-18
-25
-28
-32
-42
-52
-61
-68
-81
-99
-117
-129
-137
-140
-141
-145
-150
-154
-157
-161
-168
-175
-182
-189
-191
-188
-185
-189
-196
-198
-192
-185
-186
-191
-196
-198
-200
-205
-215
-227
-243
-259
-275
-288
-298
-308
-319
-327
-330
-329
-334
-342
-348
-349
-349
-349
-340
-321
-300
-290
-284
-273
-255
-239
-229
-219
-212
-210
-211
-210
-210
-218
-233
-247
-251
-250
-249
-252
-255
-257
-254
-247
-242
-241
-239
-228
-210
-190
-175
-166
-164
-165
-157
-136
-117
-111
-115
-119
-120
-125
-136
-146
-154
-159
-159
-145
-118
-85
-46
7
70
125
160
179
192
205
218
231
246
259
264
260
251
242
235
231
229
225
216
201
184
171
164
161
157
157
168
194
229
261
285
304
318
323
323
320
315
306
295
287
281
267
243
220
210
213
222
234
243
245
242
240
247
259
265
269
279
297
312
320
324
327
325
318
310
302
284
254
223
198
176
149
123
110
110
114
117
121
126
129
128
126
126
128
132
135
140
143
140
130
116
107
107
112
113
111
110
107
93
71
50
37
28
23
28
39
47
43
34
32
34
32
23
15
8
0
-9
-17
-28
-43
-56
-60
-59
-59
-60
-60
-58
-54
-49
-43
-42
-48
-52
-45
-34
-27
-23
-16
-5
1
4
5
4
-3
-12
-17
-15
-11
-11
-14
-17
-20
-22
-21
-17
-12
-10
-11
-13
-14
-16
-20
-25
-30
-31
-30
-28
=======
95
100
107
109
100
83
68
56
44
27
12
-3
-18
-33
-45
-52
-51
-42
-28
-16
-13
-17
-27
-42
-60
-74
-78
-76
-74
-76
-81
-91
-99
-99
-94
-91
-89
-83
-75
-71
-72
-72
-69
-67
-61
-46
-24
-9
-3
3
18
32
37
37
38
34
23
11
6
2
-8
-18
-20
-13
-10
-13
-17
-19
-20
-18
-12
-6
-6
-6
-3
2
5
7
10
15
19
25
32
35
34
31
29
25
18
11
10
14
19
23
26
25
19
14
10
4
-5
-9
-7
-5
-7
-12
-16
-22
-31
-38
-40
-42
-46
-55
-63
-70
-83
-101
-119
-134
-143
-146
-147
-150
-155
-160
-163
-167
-173
-179
-186
-193
-195
-190
-185
-188
-198
-203
-199
-192
-190
-195
-199
-201
-204
-210
-219
-230
-246
-261
-275
-287
-296
-306
-319
-329
-333
-334
-339
-348
-353
-352
-349
-345
-334
-313
-293
-282
-276
-265
-247
-233
-224
-216
-210
-210
-212
-212
-212
-220
-235
-248
-254
-255
-254
-254
-256
-256
-254
-247
-240
-237
-233
-221
-203
-185
-171
-163
-162
-164
-156
-136
-115
-107
-108
-111
-112
-116
-126
-137
-146
-155
-157
-145
-118
-85
-45
8
70
126
163
184
198
211
223
235
249
259
261
254
245
237
231
227
226
222
215
201
185
171
162
158
156
158
170
195
227
257
281
299
312
317
316
312
308
299
287
278
272
259
237
215
204
206
215
227
238
242
238
237
244
257
265
269
278
294
307
315
319
322
321
315
309
302
285
255
224
200
179
154
128
113
111
113
116
121
127
130
130
128
129
130
132
133
136
139
136
126
114
105
107
113
116
114
112
109
97
77
57
43
32
24
26
38
46
44
37
37
42
40
32
22
14
6
-1
-7
-17
-32
-44
-47
-45
-45
-48
-50
-49
-45
-38
-31
-32
-41
-47
-42
-32
-26
-23
-15
-4
4
6
6
4
-4
-13
-16
-13
-9
-9
-13
-16
-18
-21
-22
-20
-17
-16
-15
-16
-18
-21
-25
-28
-31
-31
-29
-27
-23
-21
-20
-23
-27
-28
-26
>>>>>>> Stashed changes
-26
-25
-25
-26
-28
-27
-25
-25
-26
-28
-28
-29
<<<<<<< Updated upstream
-31
-31
-31
-33
-37
-37
-34
-31
-33
-37
-38
-39
-40
-43
-48
-54
-61
-69
-76
-83
-89
-97
-105
-112
-118
-123
-126
-127
-126
-127
-132
-137
-138
-135
-131
-129
-128
-127
-128
-133
-138
-144
-152
-159
-160
-155
-154
-157
-159
-158
-158
-161
-163
-160
-156
-155
-155
-152
-149
-152
-158
-162
-164
-169
-175
-183
-193
-204
-214
-222
-229
-234
-237
-240
-246
-251
-249
-242
-239
-239
-236
-231
-233
-241
-241
-227
-208
-194
-179
-158
-141
-140
-150
-158
-161
-163
-165
-162
-155
-150
-150
-145
-134
-121
-114
-112
-110
-102
-92
-87
-90
-96
-95
-92
-89
-87
-81
-76
-76
-75
-66
-51
-43
-49
-57
-58
-56
-55
-51
-36
-17
1
19
42
62
71
77
92
120
149
170
182
189
189
187
186
187
184
181
181
182
178
167
153
140
135
137
145
154
161
171
182
193
200
204
210
222
235
245
247
240
226
211
202
199
195
189
184
184
189
195
196
190
182
179
185
194
205
216
228
241
250
255
251
240
226
222
230
238
233
217
201
190
181
169
158
152
148
141
133
126
118
105
94
91
94
93
84
78
80
87
90
88
86
84
77
71
71
78
85
89
90
88
82
72
62
57
58
62
65
67
64
59
50
41
31
23
21
22
23
24
23
21
19
17
15
13
9
=======
-32
-36
-38
-39
-38
-38
-40
-45
-45
-40
-36
-38
-42
-43
-42
-42
-45
-50
-57
-65
-72
-79
-87
-95
-104
-112
-118
-124
-130
-135
-137
-137
-137
-140
-145
-145
-142
-137
-135
-134
-133
-136
-140
-143
-147
-155
-164
-166
-162
-159
-161
-164
-164
-164
-165
-164
-159
-155
-155
-155
-151
-146
-147
-152
-155
-157
-161
-167
-175
-186
-198
-208
-215
-223
-230
-236
-242
-249
-253
-250
-243
-240
-239
-235
-228
-228
-237
-238
-224
-204
-190
-175
-154
-138
-136
-146
-154
-157
-161
-163
-159
-151
-146
-148
-146
-135
-121
-110
-106
-101
-92
-81
-76
-80
-87
-89
-87
-85
-84
-79
-74
-75
-76
-67
-51
-42
-48
-56
-56
-52
-50
-47
-36
-20
-4
16
41
62
72
78
93
121
149
168
179
185
186
186
185
184
181
176
177
179
175
164
150
139
136
139
147
155
162
171
183
194
201
204
210
220
232
239
239
230
217
205
198
196
193
186
181
182
189
194
193
187
180
178
184
193
204
214
227
240
251
255
251
240
228
225
233
240
236
221
205
194
183
169
157
151
148
142
133
126
119
107
96
94
97
96
86
79
80
84
85
81
81
80
76
72
74
84
95
101
101
96
87
74
62
56
56
59
62
64
64
60
53
45
36
31
28
28
27
23
19
17
16
14
12
10
7
5
4
>>>>>>> Stashed changes
5
3
3
5
2
<<<<<<< Updated upstream
-7
-17
-25
-28
-31
-35
-38
-36
-32
-27
-23
-17
-12
-6
-1
6
11
14
13
11
9
6
4
3
2
2
0
-2
-4
-6
-6
-6
-9
-14
-19
-20
-21
-21
-20
-15
-13
-13
-16
-18
-21
-26
-31
-35
-39
-44
-48
-53
-60
-68
-75
-78
-78
-77
-76
-74
-73
-72
-70
-71
-75
-82
-86
-88
-88
-89
-90
-90
-92
-96
-100
=======
-6
-16
-23
-25
-28
-33
-36
-35
-32
-29
-25
-19
-12
-6
-1
5
11
15
16
14
11
6
2
-1
-2
-3
-5
-7
-10
-11
-9
-9
-12
-19
-23
-24
-24
-24
-23
-19
-16
-16
-18
-21
-25
-30
-33
-35
-38
-42
-48
-54
-61
-70
-77
-79
-78
-76
-74
-71
-70
-72
-73
-73
-77
-84
-89
-90
-90
-91
-91
-91
-93
-98
>>>>>>> Stashed changes
-103
-105
-108
<<<<<<< Updated upstream
-114
-117
-117
-119
-125
-129
-129
-130
-134
-136
-132
-126
-122
-118
-115
-115
-122
-130
-135
-136
-140
=======
-113
-117
-119
-123
-129
-134
-134
-135
-137
-137
-131
-125
-122
-121
-118
-119
-125
-132
-136
-136
-139
-143
-145
>>>>>>> Stashed changes
-146
-147
-150
-150
-149
<<<<<<< Updated upstream
-150
-151
-153
-153
-153
-155
-156
-154
-151
-152
-155
-158
-160
-161
-161
-160
-159
-159
-155
-145
-132
-125
-123
-122
-121
-121
-125
-128
-127
-122
-115
-106
-98
-93
-92
-89
-85
-81
-81
-84
-88
-90
-91
-91
-90
-88
-86
-85
-85
-86
-86
-84
-78
-71
-66
-63
=======
-151
-153
-153
-150
-151
-154
-157
-159
-159
-158
-155
-153
-153
-151
-142
-131
-123
-122
-122
-122
-124
-127
-129
-127
-122
-116
-107
-98
-92
-90
-89
-85
-81
-80
-84
-87
-89
-90
-89
-86
-83
-81
-81
-83
-83
-82
-79
-74
-68
-63
-62
>>>>>>> Stashed changes
-62
-63
-66
-69
<<<<<<< Updated upstream
-70
-68
-61
-53
-46
-44
-44
-44
-41
-32
-20
-6
8
21
31
39
49
56
58
58
61
67
70
69
70
75
78
75
72
73
75
73
73
81
90
93
93
98
108
113
110
107
110
115
119
124
132
139
143
144
143
137
123
110
103
105
110
113
111
110
113
120
127
131
133
136
142
150
157
163
164
163
162
163
162
158
154
153
154
151
147
143
136
123
111
105
101
94
87
86
89
89
87
89
95
97
95
96
99
100
100
103
108
108
104
100
99
98
96
94
89
85
81
80
78
72
65
62
63
62
60
59
58
56
58
62
65
62
57
55
56
55
49
43
38
33
30
30
31
27
20
15
13
11
10
13
16
17
18
21
22
20
16
14
15
19
24
28
29
26
23
22
21
18
14
11
8
3
0
-1
-1
-4
-8
-10
-12
-16
-20
-23
-23
-25
-27
-27
-25
-24
-27
-30
-32
-34
-35
-36
-37
-37
-38
-39
-42
-45
-46
-47
-47
-45
-43
-39
-38
-38
-41
-43
-45
-49
-54
-57
-60
-63
-66
-68
-71
-75
-81
-86
-88
-87
-85
-83
-81
-77
-76
-79
-85
-91
-94
-96
-96
-96
-96
-100
-103
-102
-99
-100
-105
-110
-110
-109
-108
-106
-103
-101
-100
-99
-96
-96
-99
-101
-98
-95
-95
-97
-99
-99
-99
-98
-97
-98
-102
-103
-100
-96
-94
-94
-94
-93
-92
-88
-82
-80
-82
-83
-78
-73
-71
-73
-74
-74
-75
-77
-77
-76
-76
-76
-70
-62
-58
-59
-59
-55
-50
-48
-49
-48
-44
-40
-35
-30
-25
-24
-26
-27
-26
-24
-25
-27
-27
-26
-27
-29
-32
-34
-34
-34
-31
-26
-20
-13
-7
2
11
16
18
22
28
35
40
43
44
44
42
42
45
46
45
42
40
39
35
29
22
17
16
17
19
21
26
31
37
42
48
55
60
64
70
76
78
75
70
69
69
67
63
61
60
61
63
66
70
72
74
76
81
86
90
89
87
85
86
88
87
85
82
81
79
76
74
72
67
60
55
52
50
45
42
44
45
45
46
49
54
58
62
67
70
70
67
65
63
59
55
54
54
52
49
50
53
56
57
58
58
56
53
54
59
62
61
60
61
63
61
58
56
52
48
=======
-69
-66
-59
-51
-45
-43
-42
-42
-38
-30
-19
-5
10
23
33
40
48
55
59
60
63
69
72
71
72
77
79
76
72
74
76
74
74
80
89
92
92
98
108
113
109
106
109
114
117
121
129
137
141
142
142
135
123
110
103
106
111
114
114
113
115
121
127
132
135
139
144
150
155
160
162
162
161
163
162
158
154
152
152
148
145
141
134
121
109
101
96
89
83
81
84
84
83
87
93
95
92
92
94
96
97
101
106
108
105
101
99
97
95
92
88
84
81
79
77
71
65
62
62
61
60
60
59
58
58
61
62
59
54
53
55
54
50
45
39
33
28
28
29
26
20
15
12
10
9
12
15
16
17
20
22
20
16
13
15
19
25
30
32
30
27
27
26
22
16
12
9
6
3
3
2
-3
-7
-8
-9
-14
-19
-20
-20
-21
-23
-23
-22
-23
-27
-30
-33
-36
-38
-38
-36
-35
-34
-35
-38
-41
-43
-45
-45
-45
-43
-41
-40
-41
-43
-45
-46
-49
-53
-56
-59
-61
-65
-67
-70
-75
-82
-88
-90
-89
-89
-88
-86
-81
-79
-81
-86
-91
-93
-94
-95
-94
-96
-100
-104
-103
-99
-100
-106
-110
-110
-108
-106
-104
-103
-102
-103
-101
-98
-98
-102
-104
-101
-98
-97
-98
-99
-99
-100
-98
-97
-98
-102
-103
-100
-95
-94
-95
-95
-94
-93
-89
-83
-81
-83
-83
-78
-73
-71
-73
-73
-72
-73
-75
-75
-75
-75
-74
-68
-60
-58
-60
-59
-54
-49
-47
-47
-46
-43
-38
-34
-28
-25
-24
-25
-25
-23
-21
-22
-24
-25
-25
-26
-28
-31
-32
-31
-31
-29
-25
-19
-13
-7
1
9
14
17
21
29
37
42
44
45
44
42
41
43
45
44
42
40
38
35
29
22
17
16
17
18
20
23
28
34
41
49
56
62
67
73
78
78
75
70
68
67
65
62
59
58
58
60
63
67
70
73
77
82
88
91
91
87
85
85
85
84
82
80
79
77
75
74
73
67
60
54
51
48
43
40
42
43
43
43
47
53
57
61
66
70
70
68
65
63
58
54
53
53
52
50
51
54
56
58
59
59
56
53
54
58
61
61
60
62
63
62
60
58
55
49
>>>>>>> Stashed changes
43
42
42
40
<<<<<<< Updated upstream
36
32
31
29
27
25
25
27
29
31
34
37
38
=======
35
31
29
28
27
26
27
29
30
32
35
37
39
>>>>>>> Stashed changes
39
40
42
44
<<<<<<< Updated upstream
42
40
40
40
40
=======
43
41
>>>>>>> Stashed changes
39
40
41
40
38
37
36
35
34
34
33
<<<<<<< Updated upstream
31
28
24
21
20
20
18
15
=======
32
30
26
23
22
21
19
16
13
>>>>>>> Stashed changes
12
11
9
8
6
<<<<<<< Updated upstream
5
3
1
-2
-4
-5
-6
=======
4
1
-1
-3
-5
>>>>>>> Stashed changes
-7
-5
-4
-4
-7
<<<<<<< Updated upstream
-10
-12
-12
-11
-12
-15
-19
-22
-23
-22
-20
-21
-25
-29
-32
-35
-37
-38
-40
-41
-42
-42
-40
-40
-41
=======
-6
-5
-6
-8
-10
-11
-12
-12
-13
-16
-20
-23
-23
-22
-21
-23
-26
-29
-32
-34
-36
-37
-38
-39
-41
-41
-40
-40
>>>>>>> Stashed changes
-42
-42
-42
-43
<<<<<<< Updated upstream
=======
-44
-45
>>>>>>> Stashed changes
-45
-46
-46
-47
-49
-52
-55
<<<<<<< Updated upstream
-58
-62
-63
-63
-63
-64
-65
-64
-64
-64
-67
-68
-69
-69
-68
-67
-66
-63
-62
-61
-60
-58
-59
-62
-66
-68
-71
-74
-78
-79
-81
-84
-87
-86
-83
-81
-78
-75
-72
-71
-70
-69
-65
-61
-60
-59
=======
-59
-62
-64
-64
-63
-63
-65
-66
-65
-65
-67
-68
-68
-67
-68
-68
-67
-65
-64
-63
-60
>>>>>>> Stashed changes
-57
-57
-60
-64
-67
-71
-75
-78
-79
-81
-84
-86
-85
-83
-81
-78
-74
-70
-69
-70
-68
-65
-62
-60
-58
-56
-56
<<<<<<< Updated upstream
-55
-53
-51
-51
-51
-52
-52
=======
-56
-56
-54
-52
-51
-52
-53
>>>>>>> Stashed changes
-54
-55
-56
-55
-53
-52
-52
-52
-53
<<<<<<< Updated upstream
-54
-52
-49
-45
-42
-39
-38
-38
-37
-34
=======
-51
-47
-43
-41
-39
-38
-37
-36
-33
>>>>>>> Stashed changes
-29
-27
-28
-28
-27
<<<<<<< Updated upstream
-26
-26
-26
-24
-21
-19
-19
-19
=======
-25
-25
-26
-25
-22
>>>>>>> Stashed changes
-20
-20
-20
-21
-23
<<<<<<< Updated upstream
-21
-18
-18
-20
-23
-23
-20
-18
-17
-16
-17
-19
-19
-16
=======
-24
-23
-19
-19
-22
-25
-24
-21
-18
-17
-16
-18
-20
-20
-16
-11
-9
-6
-2
4
6
5
3
2
1
2
3
4
3
2
2
5
6
7
6
5
7
10
15
19
21
22
25
28
32
36
38
39
39
38
37
35
31
29
28
29
30
31
30
28
24
21
20
22
23
23
26
29
29
28
29
30
31
31
31
34
36
35
33
32
33
33
32
33
34
34
34
34
33
31
29
27
27
28
30
32
32
31
32
34
36
37
38
39
39
38
38
38
38
36
34
32
31
29
26
24
24
25
24
23
22
21
21
21
24
27
28
28
29
30
32
33
34
33
31
30
29
30
29
28
27
26
25
25
25
25
23
21
20
20
18
16
16
17
19
20
20
17
14
11
9
9
11
13
13
13
13
14
13
13
11
11
10
11
12
13
15
15
14
12
10
9
9
8
6
5
4
4
3
2
1
1
0
-2
-1
0
0
-1
-1
0
0
-1
-3
-5
-7
-9
-11
-10
-7
-5
-4
-4
-5
-6
-8
-9
-9
-9
-10
-11
-12
-13
-15
-17
-19
-22
-25
-26
-27
-26
-26
-25
-25
-25
-27
-29
-30
-28
-26
-24
-23
-24
-24
-25
-26
-27
-27
-26
-26
-25
-23
-21
-22
-23
-23
-21
-21
-23
-24
-23
-21
-21
-21
-20
-20
-20
-21
-21
-21
-22
-26
-28
-28
-28
-30
-32
-33
-32
-31
-31
-31
-31
-31
-31
-29
-27
-25
-26
-27
-27
-26
-25
-24
-22
-19
-16
-14
-14
-14
-13
-12
-11
-12
-12
>>>>>>> Stashed changes
-12
-9
-6
<<<<<<< Updated upstream
-2
3
5
5
4
2
2
2
4
4
3
2
2
4
5
5
5
4
6
10
15
19
21
23
25
28
32
36
38
39
39
40
39
36
32
30
29
30
30
29
28
25
21
19
20
22
23
25
27
30
30
28
27
27
27
28
30
33
35
34
32
32
32
32
32
32
33
34
35
35
35
33
30
27
27
27
29
31
32
32
34
37
39
39
39
40
39
38
37
38
38
36
33
31
30
28
25
25
25
25
25
24
24
23
22
23
26
28
29
30
30
31
32
33
34
33
32
31
31
31
30
27
26
25
24
25
26
25
24
23
22
21
19
16
16
17
19
20
19
16
12
9
9
9
11
12
13
12
12
12
13
12
11
11
10
10
11
13
14
15
14
13
11
9
8
6
5
3
2
2
2
2
0
-1
-1
-2
-2
-1
-1
-2
-2
=======
-5
-4
-4
-4
>>>>>>> Stashed changes
-2
-2
-2
-4
-5
-5
-4
-6
-9
-12
-13
-14
-15
-14
-12
-10
-9
-7
-5
-4
-5
-7
-5
-2
-2
-2
-1
2
5
6
6
6
7
7
8
9
9
8
6
6
7
8
8
8
9
10
11
11
12
12
13
15
17
18
17
16
16
16
17
16
16
16
15
15
14
13
10
9
9
11
13
14
15
17
18
16
15
13
11
10
10
11
12
11
10
9
9
8
8
10
12
12
12
13
14
14
14
15
17
17
17
18
20
20
18
17
17
17
15
13
12
12
11
10
10
10
9
9
10
12
12
11
11
11
12
13
13
13
12
11
10
9
8
8
7
5
4
3
4
3
2
2
3
4
3
3
4
4
4
5
7
10
12
12
11
10
10
11
11
10
10
9
8
6
4
2
2
2
3
4
7
8
8
7
6
4
2
0
0
1
3
5
6
7
8
8
6
5
2
1
0
-1
-2
-1
-1
-1
-1
-1
-1
-1
-2
-1
0
1
1
1
3
4
4
3
3
2
2
3
4
3
2
2
2
1
-2
-3
-4
<<<<<<< Updated upstream
-5
-8
-10
-10
-8
-6
-4
-3
-4
-6
-8
-9
-8
-7
-8
-10
-11
-12
-13
-16
-18
-20
-23
-25
-25
-24
-25
-26
-27
-27
-27
-29
-30
-28
-26
-24
-24
-24
-23
-24
-25
-26
-26
-26
-26
-24
-22
-21
-22
-22
-21
-20
-20
-23
-24
-23
-22
-21
-20
-20
-20
-21
-22
-21
-20
-22
-25
-27
-27
-26
-28
-31
-33
-33
-33
-33
-33
-32
-32
-31
-29
-27
-25
-26
-28
-29
-29
-27
-27
-25
-21
-17
-15
-14
-14
-13
-12
-12
-13
-13
-11
-9
-8
-6
-5
-4
-5
-5
-4
-3
-3
-5
-5
-5
-4
-6
-9
-13
-14
-14
-14
-14
-12
-10
-9
-7
-4
-3
-4
-5
-5
-2
-1
-2
-1
2
5
6
6
7
8
8
8
9
10
8
6
5
6
7
7
7
9
10
11
11
11
12
12
14
17
19
17
16
16
18
19
18
16
16
15
14
13
13
12
10
11
12
14
15
16
17
17
16
14
13
12
10
11
12
13
12
10
10
9
8
8
10
12
12
12
13
14
13
13
14
16
17
16
17
19
19
17
16
17
17
15
13
13
13
12
11
11
10
9
8
9
11
12
12
12
13
13
13
13
13
12
11
11
10
9
8
6
4
2
2
3
4
3
3
4
5
4
3
3
3
3
4
7
10
11
10
10
10
10
10
10
11
10
9
8
6
3
1
1
2
2
3
5
7
8
8
7
5
2
0
0
2
4
5
6
7
8
7
6
5
3
1
-1
-1
-1
-1
-1
-1
-1
-1
-1
-1
-1
0
1
1
1
2
4
5
5
3
2
2
2
3
4
4
2
2
2
1
-1
-3
-4
-5
-5
-5
-5
-5
-5
-6
-6
-6
-5
-5
-6
-7
-9
-9
-9
-9
-9
-8
-7
-6
-7
-7
-7
-6
=======
-5
-5
-6
-5
-5
-5
-7
-7
-7
>>>>>>> Stashed changes
-6
-7
-7
-8
-9
-10
-10
-10
-9
-8
-7
-6
-6
-7
-7
-6
-7
-7
-8
-8
-9
-10
-10
-9
-8
<<<<<<< Updated upstream
=======
-6
-5
-5
-6
>>>>>>> Stashed changes
-7
-6
-5
-6
-7
<<<<<<< Updated upstream
-8
=======
>>>>>>> Stashed changes
-7
-7
-9
-10
<<<<<<< Updated upstream
-12
-12
-12
-12
-11
-10
-10
-11
-11
-10
-9
-10
-10
-10
-10
-12
=======
-11
-11
-11
-11
-9
-9
-10
-11
-11
-10
-10
-10
-10
-9
-10
-11
>>>>>>> Stashed changes
-13
-15
-14
-13
-12
<<<<<<< Updated upstream
-11
-9
-8
-7
-6
-5
-6
-8
-9
-7
-5
-4
-5
-5
-5
-5
-6
-6
-6
-7
-6
-5
-4
-3
-3
-4
-4
-4
-3
-3
-3
-4
-4
-5
=======
-10
-9
-7
-6
-5
-5
-6
-8
-8
-7
-6
-5
-5
-4
-4
-5
-5
-6
-6
-7
-8
-6
-5
-4
-4
-4
-4
-4
-4
-3
-3
-3
-4
-5
>>>>>>> Stashed changes
-5
-5
-7
-9
-9
-9
-8
-7
-9
-11
-13
-13
-13
-12
-11
-9
-7
-6
-6
<<<<<<< Updated upstream
-6
=======
-7
>>>>>>> Stashed changes
-6
-5
-5
-4
<<<<<<< Updated upstream
-3
=======
-4
-2
>>>>>>> Stashed changes
0
2
3
4
4
3
<<<<<<< Updated upstream
3
2
2
=======
>>>>>>> Stashed changes
2
2
2
2
1
1
<<<<<<< Updated upstream
=======
1
>>>>>>> Stashed changes
1
1
0
0
<<<<<<< Updated upstream
=======
-1
>>>>>>> Stashed changes
-2
-3
-3
-2
0
-1
-2
-3
-3
-4
<<<<<<< Updated upstream
-5
-5
=======
-4
>>>>>>> Stashed changes
-4
-3
-2
-2
-2
-2
<<<<<<< Updated upstream
-2
=======
>>>>>>> Stashed changes
-3
-4
-4
-4
-3
-2
-2
-2
-2
<<<<<<< Updated upstream
-2
-2
0
2
4
=======
-1
1
3
5
5
5
5
5
5
5
5
5
7
8
9
8
8
7
7
6
6
6
6
>>>>>>> Stashed changes
5
5
5
6
<<<<<<< Updated upstream
7
7
=======
6
>>>>>>> Stashed changes
6
6
7
8
<<<<<<< Updated upstream
8
8
8
8
6
6
6
6
6
5
5
5
6
6
6
5
5
5
7
8
8
7
6
5
3
1
0
-1
-1
=======
7
6
4
3
1
0
-2
-2
>>>>>>> Stashed changes
-1
0
1
2
3
4
4
3
4
4
<<<<<<< Updated upstream
=======
5
4
>>>>>>> Stashed changes
4
5
6
7
7
6
5
5
4
<<<<<<< Updated upstream
=======
4
>>>>>>> Stashed changes
4
3
2
2
1
0
-1
<<<<<<< Updated upstream
-1
-1
-1
=======
>>>>>>> Stashed changes
-1
-1
-1
-1
1
2
2
2
1
2
2
2
1
1
1
0
0
0
0
0
-1
-2
-2
<<<<<<< Updated upstream
-3
-2
-2
-2
-3
-3
-4
-4
-4
-2
=======
-2
-2
-3
-3
-3
-3
-3
-4
-3
-1
>>>>>>> Stashed changes
1
2
2
3
3
3
2
<<<<<<< Updated upstream
0
0
0
=======
2
1
2
2
>>>>>>> Stashed changes
1
1
0
-1
-2
-2
<<<<<<< Updated upstream
-2
=======
>>>>>>> Stashed changes
-1
-1
-1
-1
-1
-2
-3
-4
-3
-2
<<<<<<< Updated upstream
-1
-1
=======
-2
-2
>>>>>>> Stashed changes
-1
-1
-2
-2
<<<<<<< Updated upstream
-2
=======
-1
>>>>>>> Stashed changes
-1
-1
-1
-1
-1
-1
-1
-1
-1
-1
0
0
0
0
-1
-1
-1
<<<<<<< Updated upstream
-1
-1
-1
-2
-2
-1
-1
-2
-4
-5
-5
=======
0
0
-1
-2
-2
-2
-1
-2
-3
-4
-4
>>>>>>> Stashed changes
-4
-3
-3
-4
<<<<<<< Updated upstream
-5
-6
-6
-5
-5
-5
-5
-4
-4
-4
-4
-3
-3
-5
-5
-5
-5
-6
=======
-5
>>>>>>> Stashed changes
-7
-6
-4
-3
-3
-4
-3
-2
-3
-4
-3
-2
-1
0
0
0
0
-1
-1
-1
-1
-1
-1
-2
-3
-3
-4
-4
-4
-5
-5
-6
-5
-5
-5
-5
-5
-4
-4
-4
-4
-4
-4
-5
-6
-6
-5
-6
-7
-5
-4
-3
-4
-3
-3
-2
-2
-2
-2
-1
-1
<<<<<<< Updated upstream
0
-1
=======
>>>>>>> Stashed changes
-1
-1
0
0
1
1
0
0
-1
-1
-1
-1
-1
<<<<<<< Updated upstream
-2
-2
-2
-2
-2
-2
-2
-3
-4
-4
-2
-2
=======
-2
-3
-4
-4
-4
-4
-5
-6
-5
-5
-5
-5
-4
-3
-3
-2
-2
-2
-1
0
0
-1
-1
-1
0
0
-1
-1
0
-1
-1
-1
-1
-1
-2
-2
-2
-2
-2
-2
-2
-3
-4
-4
-3
-2
-1
-1
>>>>>>> Stashed changes
-1
-1
-1
0
0
0
0
-1
-1
-1
<<<<<<< Updated upstream
-1
-1
-1
-2
-1
0
1
2
2
2
2
2
1
1
1
1
0
0
0
1
2
2
3
3
3
2
1
2
2
2
1
0
0
1
2
2
3
3
3
3
3
2
2
2
1
1
0
1
1
2
2
2
3
4
3
2
2
3
4
5
5
4
4
4
4
2
2
3
3
3
3
3
2
2
1
0
0
-1
-2
-2
0
1
1
1
=======
0
0
-1
-2
-1
1
2
3
2
2
2
2
1
1
1
0
0
0
1
2
2
2
3
3
2
1
1
2
2
2
1
1
1
1
2
2
3
2
2
3
3
2
2
2
>>>>>>> Stashed changes
1
0
0
1
<<<<<<< Updated upstream
2
=======
2
2
2
3
4
4
3
3
3
3
4
4
4
4
3
3
3
2
2
2
2
3
3
3
3
2
0
0
0
-1
-2
-2
-1
1
1
1
0
0
0
1
2
>>>>>>> Stashed changes
4
4
4
4
5
5
5
4
<<<<<<< Updated upstream
5
5
5
4
3
2
2
1
2
2
1
0
-1
-1
0
1
1
1
1
2
2
2
2
2
2
2
2
2
2
2
2
1
0
0
0
0
1
1
1
1
0
0
1
0
1
1
2
3
3
2
3
3
3
2
=======
4
5
5
4
3
2
1
1
1
1
1
0
-1
-1
0
1
2
2
2
2
2
2
2
2
2
2
2
>>>>>>> Stashed changes
2
2
2
1
<<<<<<< Updated upstream
0
-1
-1
-2
-2
-2
-1
-2
-2
-2
-2
-3
-3
-2
-2
-3
-3
-3
-2
-2
-2
-1
-1
-1
-1
-1
0
1
1
1
1
1
1
1
1
1
1
1
1
1
1
1
1
1
1
0
-1
-1
-2
-2
-3
-4
-4
-4
-3
-3
-3
-3
-3
-3
-3
-3
-3
-3
-3
-2
-2
-2
-2
-2
-2
-1
-1
-1
-1
0
0
0
0
0
0
-1
-1
0
0
-1
-1
-1
-1
-1
-1
-1
-1
-1
0
=======
>>>>>>> Stashed changes
1
1
0
0
<<<<<<< Updated upstream
1
1
1
1
1
0
0
0
-1
-1
-2
-3
-3
-3
-3
-4
-4
-4
-4
-4
-4
-4
-3
-2
-1
0
0
1
2
2
2
1
0
0
0
0
0
-2
-2
-3
-3
-2
-2
-1
-1
-1
-1
0
1
1
1
1
1
2
2
1
1
1
1
1
0
-1
-1
-1
-1
-1
-1
-2
-3
-3
-2
-1
-1
-2
-2
=======
>>>>>>> Stashed changes
0
1
2
2
<<<<<<< Updated upstream
2
3
4
=======
1
0
1
1
0
0
1
2
2
2
2
>>>>>>> Stashed changes
3
3
2
2
2
2
2
1
0
0
-1
-2
-2
-2
-1
-2
-2
-2
-2
-3
-3
-2
-2
-2
-3
-3
-2
-1
-1
-1
-1
-1
-1
-1
0
1
2
2
1
1
0
1
1
1
1
1
1
1
0
0
0
1
1
1
0
-1
-1
-2
-2
-3
-3
-3
-3
-3
-3
-3
-3
-2
-3
-3
-3
-3
-3
-3
-2
-2
-2
-2
-2
-1
-1
-1
-1
-1
-1
0
0
0
-1
-1
-1
-1
0
-1
-1
-1
-1
0
0
-1
-1
0
1
1
0
0
0
1
1
1
1
1
1
0
-1
-1
-1
-2
-3
-3
-3
-3
-3
-4
-4
-5
-5
-5
-4
-3
-2
-1
-1
0
1
2
2
2
1
0
0
0
0
<<<<<<< Updated upstream
-1
-1
=======
>>>>>>> Stashed changes
-1
-2
-2
-2
-2
-2
-2
-1
-1
-1
-1
-1
0
0
0
0
1
2
3
3
2
2
2
2
2
2
2
2
1
1
1
0
1
1
1
0
0
1
1
1
1
<<<<<<< Updated upstream
=======
1
1
1
0
-1
-2
-2
-1
-1
-1
-2
-2
-2
-1
-1
-2
-2
-2
0
1
2
2
2
3
4
4
3
2
2
2
2
2
1
1
0
0
0
-1
-1
-1
-2
-2
-2
-1
-1
0
0
1
1
0
1
>>>>>>> Stashed changes
2
3
3
3
3
<<<<<<< Updated upstream
4
4
4
4
=======
3
3
2
2
2
2
2
1
1
1
1
1
1
1
1
1
1
2
2
2
2
3
3
4
4
4
>>>>>>> Stashed changes
5
5
4
3
<<<<<<< Updated upstream
2
3
2
1
0
0
=======
3
3
2
1
1
1
>>>>>>> Stashed changes
1
0
0
0
0
<<<<<<< Updated upstream
0
=======
-1
-1
>>>>>>> Stashed changes
-1
-1
-1
0
<<<<<<< Updated upstream
0
2
=======
1
>>>>>>> Stashed changes
2
2
2
2
2
3
4
<<<<<<< Updated upstream
3
=======
4
>>>>>>> Stashed changes
3
3
3
4
3
2
1
1
1
1
2
2
2
<<<<<<< Updated upstream
2
2
2
2
2
=======
1
1
1
1
1
1
>>>>>>> Stashed changes
1
1
1
1
1
2
2
2
2
2
2
2
2
2
2
2
2
0
-1
0
0
0
0
-1
-1
-1
-1
-1
-1
-1
0
0
1
1
1
1
1
1
1
1
1
1
0
1
1
1
0
0
1
0
0
0
0
0
<<<<<<< Updated upstream
-1
-1
-1
-1
0
0
=======
>>>>>>> Stashed changes
1
1
1
1
<<<<<<< Updated upstream
1
1
1
1
1
0
0
0
1
1
1
0
0
0
0
0
=======
>>>>>>> Stashed changes
0
0
1
1
1
0
0
0
0
0
0
0
0
<<<<<<< Updated upstream
0
0
0
0
0
0
0
=======
1
1
0
>>>>>>> Stashed changes
-1
-1
-1
0
0
-1
-1
-2
<<<<<<< Updated upstream
-1
-1
-1
-1
0
0
1
0
-1
-1
-1
0
0
0
0
-1
=======
-2
-1
-1
0
0
1
1
1
1
0
0
0
1
1
1
0
-1
-1
-1
>>>>>>> Stashed changes
-1
-1
-1
-1
-1
-2
-2
-2
-2
-2
-2
-1
-2
-3
-3
<<<<<<< Updated upstream
-2
-2
-2
-2
-1
-1
-2
-2
-2
=======
>>>>>>> Stashed changes
-2
-1
0
1
1
2
2
<<<<<<< Updated upstream
2
2
2
3
=======
>>>>>>> Stashed changes
2
2
2
2
2
2
2
2
1
0
0
0
0
-1
-2
-2
<<<<<<< Updated upstream
-2
-2
-2
-2
-2
-1
-2
-2
=======
>>>>>>> Stashed changes
-3
-2
-2
-1
<<<<<<< Updated upstream
-1
0
-1
-1
-2
-2
-2
-2
-1
-1
-1
0
1
1
1
1
2
2
2
1
2
2
2
2
2
1
1
1
1
1
0
=======
-1
-1
>>>>>>> Stashed changes
-1
-2
-2
-3
-2
-2
-2
-2
-2
-1
0
1
1
1
2
2
2
2
2
2
2
2
2
2
2
1
1
1
1
0
-2
-2
-2
-2
-3
-3
-3
-3
-3
-4
-3
-3
-4
-4
-4
-4
-3
-3
-3
-3
-2
-2
-2
-2
<<<<<<< Updated upstream
-2
-1
-1
-1
=======
-1
0
0
0
>>>>>>> Stashed changes
0
1
1
2
1
1
1
1
2
2
2
<<<<<<< Updated upstream
1
=======
2
>>>>>>> Stashed changes
1
1
1
0
-1
0
0
<<<<<<< Updated upstream
0
=======
>>>>>>> Stashed changes
0
-1
-2
-2
-2
-3
-3
-3
-3
-3
-2
-2
-2
-2
-2
-2
-2
-2
-2
-2
-2
-1
-1
-1
-1
-1
-1
-1
-1
<<<<<<< Updated upstream
0
=======
>>>>>>> Stashed changes
0
0
0
0
1
1
1
<<<<<<< Updated upstream
0
1
1
1
1
1
1
1
0
=======
0
1
1
1
1
1
0
0
0
>>>>>>> Stashed changes
0
-1
-1
-2
-1
-2
-2
-2
-2
-2
-2
-2
-2
-2
-2
-1
-1
-2
-2
-1
-1
0
-1
-2
-2
-2
-2
-2
-2
-2
-2
-2
-2
-3
-3
-3
-2
-1
-1
-2
-2
<<<<<<< Updated upstream
-1
-1
-1
-1
-1
0
0
0
0
0
0
0
0
0
0
0
-1
-2
-2
-1
0
0
-1
=======
>>>>>>> Stashed changes
-2
-2
-2
-1
-1
-1
-1
-1
-1
-1
-1
-1
-1
-1
-1
-1
-1
-1
-1
-1
0
0
1
1
0
-1
-1
0
0
0
0
-1
-2
-2
-1
-2
-2
-2
-2
-2
-3
-3
-3
-3
-3
-3
-2
-2
-2
-2
-2
-1
-1
-2
-2
-3
-2
-1
-1
-1
0
0
<<<<<<< Updated upstream
1
1
1
1
0
0
=======
0
-1
-1
-1
0
-1
-2
-2
-2
-2
-2
-2
-2
-2
-3
-3
-3
-3
-3
-3
-2
-2
-2
-2
-2
-2
-1
-1
>>>>>>> Stashed changes
-1
0
1
1
1
0
0
0
-1
-1
-2
-2
-2
-2
-2
-2
-2
-2
-3
-3
-3
-3
-2
-2
-2
-2
-2
-1
-1
-1
-2
-2
-2
-2
-2
-2
-2
-2
-2
-3
-3
-3
-3
-3
-2
-2
-2
-2
-2
-1
-1
-1
-1
-2
-2
-2
-2
-3
-2
-2
-2
-2
-3
-3
-4
<<<<<<< Updated upstream
=======
-4
-4
>>>>>>> Stashed changes
-3
-3
-3
-3
-2
-2
<<<<<<< Updated upstream
-2
-2
=======
>>>>>>> Stashed changes
-2
-1
-1
-1
-1
-1
-1
<<<<<<< Updated upstream
0
0
-1
-1
=======
-1
-1
-1
-1
-1
-1
>>>>>>> Stashed changes
-2
-2
-2
-2
-3
-2
-2
-2
-3
-2
-2
-3
-4
-4
-4
-4
-3
-3
-3
-3
-3
-2
-1
-1
-2
-1
-1
-1
-1
-1
-1
-2
-2
-2
-2
-2
-2
-3
-4
-4
-3
-3
-3
-3
-2
-2
<<<<<<< Updated upstream
=======
-2
-1
-1
-1
-1
-1
0
-1
-1
-1
-2
-2
-3
-3
-2
-2
-3
-4
-4
-4
-3
-3
-3
-3
-3
-2
-2
-2
-2
-2
-2
-1
-1
-1
-1
-1
-1
-1
-2
-2
-2
-3
-3
-3
-3
-3
-4
-4
-4
-3
-3
-3
-3
-2
-2
-2
-2
-1
-1
-1
-1
0
0
0
0
-1
-1
-1
-1
-2
-2
-2
-2
-2
-3
-3
-3
-3
>>>>>>> Stashed changes
-2
-2
-2
-2
-2
-2
-2
-1
0
0
-1
-1
-1
-1
0
0
-1
-2
-2
-2
-3
-3
-3
-3
-3
-3
-4
-4
-4
-3
<<<<<<< Updated upstream
-3
-3
-2
-2
-2
-2
-2
-1
-1
0
0
0
0
0
0
-1
-1
-1
-2
-2
-2
-2
-2
-3
-3
-2
-2
-2
-2
-1
-1
-1
-1
0
1
0
-1
-1
-1
0
0
-1
-2
-2
-3
-3
-3
-3
-4
-3
-3
-3
-4
-4
-3
=======
>>>>>>> Stashed changes
-2
-2
-2
-2
-1
0
<<<<<<< Updated upstream
1
=======
>>>>>>> Stashed changes
1
1
1
1
1
1
1
1
0
0
0
0
0
<<<<<<< Updated upstream
=======
0
0
>>>>>>> Stashed changes
-2
-2
-2
-2
-1
<<<<<<< Updated upstream
-1
-1
-1
-1
-2
-2
-2
-1
-1
-1
-1
-1
-1
-1
=======
-2
-2
-2
-2
-2
-2
-2
-1
-1
>>>>>>> Stashed changes
-1
-1
-1
-1
-1
-2
-2
-1
-1
-1
-2
-2
-2
-2
-2
-2
-3
<<<<<<< Updated upstream
-2
=======
-3
-3
-3
-3
-2
-1
-1
-1
-1
0
0
1
1
1
1
1
1
1
2
2
2
2
2
2
1
1
0
0
0
0
-1
-1
-1
-1
-1
0
0
-1
-1
-1
-1
-1
-1
-1
-1
-1
-1
0
0
0
0
0
0
0
0
0
0
0
-1
0
0
0
0
0
0
0
0
0
0
1
1
1
1
1
0
0
1
1
1
1
1
1
1
1
1
1
1
1
0
0
0
0
0
0
0
-1
0
0
0
0
0
1
2
1
1
1
2
2
2
2
2
2
1
1
1
1
1
1
1
1
0
-1
0
1
1
1
2
1
1
1
1
2
2
2
2
2
2
1
1
2
2
2
2
2
2
1
1
1
1
1
2
2
2
2
2
3
3
2
2
2
2
2
2
2
2
2
1
1
1
1
1
1
1
0
0
0
1
2
1
1
1
1
2
2
2
1
1
1
1
0
0
1
1
2
2
1
1
1
2
1
1
1
2
2
2
2
1
1
1
1
2
2
1
1
1
1
1
0
0
0
0
0
0
0
0
0
0
0
1
1
1
1
1
1
1
1
1
2
1
1
1
1
1
1
1
1
1
0
0
0
0
0
0
0
0
0
0
0
0
0
0
0
0
0
0
0
0
0
0
0
0
0
0
1
2
2
2
1
2
2
2
1
1
1
1
1
1
1
1
1
1
1
1
0
-1
0
0
-1
-1
-1
-1
-1
-1
0
0
0
0
0
0
0
-1
0
0
0
0
0
0
0
0
0
1
1
1
0
0
0
1
1
1
1
1
1
1
0
0
0
1
1
0
-1
-1
0
0
0
0
0
-1
>>>>>>> Stashed changes
-2
-2
-1
-1
-1
<<<<<<< Updated upstream
-2
-1
0
0
1
1
1
1
1
2
2
2
2
2
1
1
1
1
0
0
-1
0
-1
-1
-1
-1
0
0
0
0
0
0
-1
-1
=======
>>>>>>> Stashed changes
-1
-1
-1
-1
-1
0
0
<<<<<<< Updated upstream
0
0
0
0
0
0
0
0
-1
-1
0
0
0
0
0
0
0
0
0
0
1
1
1
0
0
0
0
0
0
1
1
1
1
1
1
1
1
0
0
1
1
0
0
0
1
0
0
0
1
1
1
1
1
2
1
1
1
2
2
2
2
2
2
1
1
1
1
2
1
1
1
0
0
0
1
1
1
1
1
1
1
1
1
1
2
2
2
2
1
1
1
1
2
2
1
1
1
1
1
1
1
2
2
2
2
2
2
2
2
2
2
2
2
2
2
2
1
1
1
1
1
2
1
1
0
0
0
1
1
1
1
0
1
1
2
1
1
1
1
1
0
0
1
1
2
2
1
1
1
1
1
1
1
1
2
2
2
2
1
1
2
2
1
1
1
1
1
0
0
0
0
0
0
-1
0
0
0
0
0
1
1
1
1
1
1
1
1
1
1
1
1
1
1
1
1
1
1
1
0
0
0
0
0
0
0
0
0
0
0
0
0
0
0
0
0
1
1
0
0
0
0
1
0
0
1
2
2
1
1
2
2
2
1
1
1
1
1
1
1
1
2
2
1
1
0
0
0
0
-1
-1
-1
-1
0
0
0
0
0
0
0
0
0
0
0
0
0
0
0
0
0
0
0
1
1
1
0
0
0
1
1
1
1
1
1
1
0
0
0
1
1
0
0
0
0
0
-1
-1
-1
-1
-1
-2
-1
0
0
0
0
0
-1
0
0
1
=======
>>>>>>> Stashed changes
1
1
1
1
1
1
1
1
1
1
0
0
0
-1
-1
0
0
0
-1
-1
-2
-1
-1
-1
-1
-1
-2
-2
-2
-1
-1
-1
-2
-2
-1
-1
-1
-1
-1
-1
0
0
0
1
1
1
1
1
1
1
<<<<<<< Updated upstream
0
0
1
1
1
0
-1
=======
1
0
0
1
0
0
0
>>>>>>> Stashed changes
0
0
-1
-1
-1
<<<<<<< Updated upstream
-1
-1
=======
0
0
>>>>>>> Stashed changes
-1
-2
-2
-2
-2
-2
-2
-1
-1
<<<<<<< Updated upstream
-1
-1
-1
=======
-2
-2
-2
-2
-2
-2
>>>>>>> Stashed changes
-2
-2
-2
-1
-1
<<<<<<< Updated upstream
-2
-2
=======
>>>>>>> Stashed changes
-1
-1
-1
-1
-1
-1
-1
-1
-1
0
0
0
0
0
<<<<<<< Updated upstream
0
=======
>>>>>>> Stashed changes
0
0
0
0
0
0
1
<<<<<<< Updated upstream
=======
0
>>>>>>> Stashed changes
0
0
-1
-1
-1
-1
-2
<<<<<<< Updated upstream
-2
=======
>>>>>>> Stashed changes
-2
-3
-3
-3
-3
-3
-3
-3
-3
<<<<<<< Updated upstream
=======
-3
-2
>>>>>>> Stashed changes
-2
-2
-2
-2
-2
-2
-1
-1
0
0
0
0
-1
0
0
0
-1
-1
-1
-1
-1
-2
-2
-1
-1
-2
-2
-2
<<<<<<< Updated upstream
-2
-2
=======
-1
>>>>>>> Stashed changes
-2
-2
-1
-1
-1
<<<<<<< Updated upstream
=======
-1
>>>>>>> Stashed changes
0
0
0
0
0
<<<<<<< Updated upstream
0
0
0
0
=======
-1
-1
-1
-1
-1
>>>>>>> Stashed changes
-1
-1
-1
-2
-2
-2
-2
-2
-2
-2
-2
-2
-2
<<<<<<< Updated upstream
-2
-2
=======
>>>>>>> Stashed changes
-2
-2
-1
-1
-1
-1
-1
-1
-1
-1
0
0
-1
-1
0
0
0
-1
-1
-1
<<<<<<< Updated upstream
-2
-2
-2
-2
-2
-2
=======
-1
-1
-1
-1
-1
-1
-1
>>>>>>> Stashed changes
-1
-1
0
0
0
0
0
0
0
0
0
0
0
0
0
<<<<<<< Updated upstream
=======
-1
-1
>>>>>>> Stashed changes
0
-1
0
0
-1
-1
-1
-1
-1
-1
-1
-1
-1
-1
-1
-1
-1
0
0
0
0
0
0
0
0
0
1
1
0
0
0
0
0
0
<<<<<<< Updated upstream
0
0
=======
-1
>>>>>>> Stashed changes
-1
-1
-1
-1
-1
-2
-2
-1
-1
<<<<<<< Updated upstream
=======
-1
>>>>>>> Stashed changes
-1
-1
-1
-1
-1
-1
0
1
0
0
-1
-1
0
1
0
0
0
0
0
0
0
0
0
0
0
1
1
0
0
0
1
1
<<<<<<< Updated upstream
1
1
1
0
=======
>>>>>>> Stashed changes
0
1
1
1
0
0
<<<<<<< Updated upstream
1
=======
0
0
1
1
0
0
0
>>>>>>> Stashed changes
1
1
0
0
0
0
0
0
0
0
-1
-1
-1
-1
0
0
-1
-1
-1
-1
0
0
0
0
0
-1
-1
0
-1
-1
-1
0
0
<<<<<<< Updated upstream
1
1
1
1
=======
0
0
>>>>>>> Stashed changes
0
0
0
0
1
1
1
1
1
1
1
0
0
0
0
1
0
0
1
1
0
0
1
1
0
-1
-1
0
0
1
0
<<<<<<< Updated upstream
=======
-1
-1
0
>>>>>>> Stashed changes
0
0
0
0
0
0
0
0
0
0
0
0
0
0
0
0
0
0
0
0
0
0
1
1
1
1
0
<<<<<<< Updated upstream
1
1
1
=======
0
0
0
>>>>>>> Stashed changes
0
0
1
1
1
1
1
<<<<<<< Updated upstream
1
=======
>>>>>>> Stashed changes
1
1
1
1
1
1
0
0
0
0
0
0
0
-1
0
0
0
0
0
0
0
-1
0
-1
0
0
0
0
0
0
1
0
0
0
0
0
0
<<<<<<< Updated upstream
=======
1
1
>>>>>>> Stashed changes
0
1
0
0
0
0
0
0
0
-1
-1
-1
<<<<<<< Updated upstream
-1
=======
>>>>>>> Stashed changes
0
1
1
0
0
0
0
0
<<<<<<< Updated upstream
0
0
0
0
0
=======
1
1
0
1
1
1
1
1
1
1
>>>>>>> Stashed changes
1
1
0
0
0
0
0
0
0
0
0
0
0
0
0
0
<<<<<<< Updated upstream
-1
-1
-1
0
0
-1
-1
-1
-1
-1
=======
0
0
0
0
>>>>>>> Stashed changes
-1
-1
-1
-1
0
0
0
0
0
-1
-1
-1
0
0
0
-1
0
0
1
1
1
1
1
1
1
1
1
1
1
1
<<<<<<< Updated upstream
0
0
0
0
=======
1
1
>>>>>>> Stashed changes
0
0
0
0
0
-1
-1
-1
<<<<<<< Updated upstream
0
0
=======
-1
-1
-1
>>>>>>> Stashed changes
-1
0
0
-1
-1
-1
-1
-1
-2
-1
-1
-1
-1
-1
-1
-1
-1
-1
0
-1
-1
-1
-1
-1
-1
0
0
0
0
0
0
0
0
0
0
0
<<<<<<< Updated upstream
0
1
1
0
0
=======
1
1
1
1
>>>>>>> Stashed changes
0
0
0
0
0
0
0
0
-1
-1
-1
-1
-1
-1
-2
-1
-1
-1
-1
-1
-1
-1
-1
-1
-1
-1
-1
-1
-1
-1
-1
-1
-1
-1
0
0
0
0
0
0
0
0
0
0
0
0
0
0
0
0
0
0
<<<<<<< Updated upstream
-1
=======
0
0
>>>>>>> Stashed changes
-1
-1
-1
-1
-1
-2
-2
-2
-1
-1
-2
-2
-1
-1
0
-1
-1
0
0
0
-1
-1
0
-1
-1
-1
<<<<<<< Updated upstream
-1
=======
0
0
>>>>>>> Stashed changes
-1
-1
-1
-1
-1
-1
-1
-1
-1
-1
-1
-1
-1
-1
-1
-1
-1
-1
-1
-1
-1
-1
-1
0
0
0
0
-1
0
0
0
-1
-1
-1
-1
-1
<<<<<<< Updated upstream
=======
-1
>>>>>>> Stashed changes
-1
-1
-1
-2
-2
-1
-1
-1
-1
-1
-1
-1
-1
-1
-1
-1
-1
-1
-1
-1
-1
-1
-1
-1
-1
-2
-2
-2
-2
-2
-2
-2
-2
-2
-2
-1
-1
-1
-1
-1
-1
-1
-1
-1
<<<<<<< Updated upstream
0
0
0
=======
-1
>>>>>>> Stashed changes
-1
0
0
0
0
0
0
-1
-1
-1
-1
-1
-1
-1
-2
-2
-2
-2
-1
-1
-1
-1
-1
-1
-1
-1
-1
-2
-1
-2
-1
-1
-1
-1
-2
-1
-1
-1
-1
-1
-2
-2
-2
-2
-2
-2
-2
-2
-2
-2
-2
-2
-2
-1
-1
-2
-2
-1
-1
-1
-1
0
-1
-1
-1
-1
-1
-1
-1
-1
-1
-2
-2
-1
-1
-1
<<<<<<< Updated upstream
-1
-2
=======
>>>>>>> Stashed changes
-1
-1
-1
-1
-1
-1
-1
-1
-1
-1
-1
-1
-1
-1
-1
-1
-1
-1
-1
-1
-2
-2
-2
-2
-1
-1
-1
-1
<<<<<<< Updated upstream
=======
-2
-2
-2
>>>>>>> Stashed changes
-1
-1
-2
-2
-2
-2
<<<<<<< Updated upstream
-1
-1
-1
=======
-2
-2
-2
-2
>>>>>>> Stashed changes
-1
-1
-1
-1
-2
-2
-2
-2
-1
-1
-2
-2
-2
-2
-2
-2
-2
-2
-2
-2
-2
-2
-2
<<<<<<< Updated upstream
-2
-2
=======
>>>>>>> Stashed changes
-1
-1
-1
-1
-1
-1
-1
-1
-1
-1
-1
-1
-1
-1
0
-1
-1
-1
-1
-1
-1
-1
-1
-1
-2
<<<<<<< Updated upstream
=======
-1
>>>>>>> Stashed changes
-1
-1
-1
-2
-2
-2
-1
-1
-1
-2
-2
-2
-2
-2
-2
-2
-2
-2
-2
-2
-2
-2
-2
-2
-1
-1
-1
-1
<<<<<<< Updated upstream
0
0
0
0
=======
-1
>>>>>>> Stashed changes
0
-1
-1
0
0
-1
-1
0
0
0
0
0
0
-1
-1
0
0
-1
-1
-1
-1
0
-1
-1
-1
-1
-1
-2
-2
-2
-1
-1
<<<<<<< Updated upstream
-1
-1
-1
-1
-1
-2
-2
-2
=======
-2
-2
-1
-1
-2
-2
-2
-1
>>>>>>> Stashed changes
-1
-2
-2
-1
-1
<<<<<<< Updated upstream
-2
-2
-1
=======
>>>>>>> Stashed changes
-1
-1
-1
-1
-1
-1
0
0
<<<<<<< Updated upstream
0
0
=======
-1
-1
>>>>>>> Stashed changes
0
0
0
0
0
0
0
0
0
0
0
0
0
0
0
0
0
0
-1
0
0
0
0
0
0
0
0
0
0
-1
-1
-1
-1
-2
<<<<<<< Updated upstream
=======
-2
>>>>>>> Stashed changes
-1
-1
-1
-1
-1
-1
-1
<<<<<<< Updated upstream
=======
-1
-1
-1
0
>>>>>>> Stashed changes
-1
0
0
0
<<<<<<< Updated upstream
0
=======
-1
-1
>>>>>>> Stashed changes
0
0
0
0
0
0
0
0
0
0
0
0
0
0
0
0
0
<<<<<<< Updated upstream
-1
-1
-1
-1
-1
0
=======
>>>>>>> Stashed changes
0
0
1
0
0
0
0
0
0
0
0
0
0
0
0
-1
0
0
-1
-1
-1
-1
-1
-1
-1
0
0
<<<<<<< Updated upstream
-1
-1
=======
0
>>>>>>> Stashed changes
0
-1
0
0
0
0
0
1
0
0
0
0
0
0
0
0
-1
-1
-1
0
0
0
0
0
0
0
0
0
0
0
<<<<<<< Updated upstream
-1
=======
0
>>>>>>> Stashed changes
0
0
0
0
0
0
0
0
0
1
1
1
0
0
0
0
0
0
0
0
0
0
<<<<<<< Updated upstream
0
1
0
0
1
1
1
1
1
=======
>>>>>>> Stashed changes
1
1
1
0
1
1
1
0
0
0
0
<<<<<<< Updated upstream
0
0
1
1
0
=======
1
>>>>>>> Stashed changes
0
0
0
0
0
0
0
0
0
0
0
0
0
0
-1
0
0
0
0
0
0
0
1
<<<<<<< Updated upstream
1
1
=======
>>>>>>> Stashed changes
1
1
1
1
1
1
1
<<<<<<< Updated upstream
1
=======
>>>>>>> Stashed changes
1
1
1
1
1
1
0
0
<<<<<<< Updated upstream
0
0
0
0
1
0
0
0
0
=======
1
1
1
1
>>>>>>> Stashed changes
1
0
0
0
0
1
1
1
0
0
0
1
1
0
0
1
1
0
0
0
1
1
1
1
1
0
0
1
1
1
1
1
1
1
1
1
1
1
1
1
1
1
1
1
<<<<<<< Updated upstream
1
0
=======
>>>>>>> Stashed changes
1
1
1
0
0
0
1
1
1
1
1
1
1
0
0
<<<<<<< Updated upstream
=======
1
1
1
>>>>>>> Stashed changes
0
0
1
1
0
1
1
<<<<<<< Updated upstream
1
1
=======
0
0
>>>>>>> Stashed changes
1
1
1
1
1
1
1
1
1
0
0
0
0
0
0
0
0
0
0
0
0
0
0
0
0
0
<<<<<<< Updated upstream
0
0
=======
1
1
1
>>>>>>> Stashed changes
0
0
0
0
1
1
1
1
1
0
0
0
0
1
1
<<<<<<< Updated upstream
0
0
1
1
1
0
0
=======
1
1
1
>>>>>>> Stashed changes
1
1
1
0
0
1
1
1
0
1
1
1
1
1
1
1
0
0
0
0
0
0
0
1
0
0
0
0
0
0
1
1
0
0
0
1
0
0
1
1
0
0
0
1
<<<<<<< Updated upstream
0
0
=======
>>>>>>> Stashed changes
0
0
0
0
0
<<<<<<< Updated upstream
=======
0
1
>>>>>>> Stashed changes
0
0
0
0
-1
0
0
0
0
-1
-1
0
0
1
1
1
0
0
0
1
1
1
1
1
1
1
1
1
1
1
1
0
0
0
0
0
0
0
0
0
0
0
0
0
0
0
-1
0
0
0
0
0
0
0
0
-1
-1
-1
-1
-1
0
0
0
0
0
0
0
0
0
0
0
0
0
0
0
0
0
0
<<<<<<< Updated upstream
=======
0
1
>>>>>>> Stashed changes
0
0
0
0
0
0
0
0
0
0
0
<<<<<<< Updated upstream
=======
0
0
-1
-1
>>>>>>> Stashed changes
-1
-1
-1
-1
-1
-1
-1
-1
-1
-1
-1
-1
-1
-1
-1
-1
-1
-1
0
0
0
0
0
0
0
0
0
0
0
0
0
0
-1
-1
<<<<<<< Updated upstream
-1
-1
-1
0
=======
>>>>>>> Stashed changes
0
0
-1
-1
-1
-1
-1
-1
-1
<<<<<<< Updated upstream
-1
0
0
0
0
=======
>>>>>>> Stashed changes
-1
-1
-1
-1
<<<<<<< Updated upstream
-1
-1
0
0
=======
0
-1
-1
0
0
-1
-1
-1
0
>>>>>>> Stashed changes
-1
-1
-1
-1
-1
-1
-2
-2
-2
-2
-2
-2
-1
-1
-2
-2
-2
-2
-1
-1
-1
-1
-1
-1
-1
-1
-1
-1
-1
-1
-1
-1
-1
-1
-1
-1
-1
-1
<<<<<<< Updated upstream
-1
-2
-1
=======
-2
>>>>>>> Stashed changes
-1
-1
-1
-1
-1
0
-1
-1
-1
-1
-1
<<<<<<< Updated upstream
=======
0
0
0
-1
>>>>>>> Stashed changes
-1
0
-1
-1
-1
-1
-1
-1
-1
-1
-1
0
-1
-2
-2
-1
-1
-1
-1
-2
-2
-2
-1
-1
-1
<<<<<<< Updated upstream
=======
-1
-1
>>>>>>> Stashed changes
-2
-2
-1
-1
-1
-1
-1
-1
-1
-1
-1
-1
-1
-1
-1
-1
-1
-1
-1
-1
-1
-2
-2
-2
-2
-1
-1
-1
-1
-1
-1
-1
-2
-1
-1
-1
-1
-1
0
0
-1
-1
-1
0
-1
-1
-1
-1
-1
-1
-1
-1
-1
-1
<<<<<<< Updated upstream
0
0
=======
-1
-1
-1
>>>>>>> Stashed changes
-1
-1
-1
-1
-1
-1
-1
-1
0
0
<<<<<<< Updated upstream
=======
-1
>>>>>>> Stashed changes
-1
-1
-1
-1
-1
-1
-1
-1
-1
-1
-1
-1
-1
-1
-1
-1
-1
-1
-1
-1
-1
-1
-1
-1
-1
-1
-1
-1
-1
-1
-1
0
0
0
0
0
<<<<<<< Updated upstream
0
0
=======
-1
-1
>>>>>>> Stashed changes
-1
-1
-1
-1
-1
-1
-1
-1
-1
-1
-1
0
<<<<<<< Updated upstream
0
0
=======
-1
>>>>>>> Stashed changes
-1
-1
-1
-1
-1
-1
0
-1
-1
-1
-1
-1
-1
-1
-1
-1
-1
-1
<<<<<<< Updated upstream
0
0
=======
-1
-1
-1
>>>>>>> Stashed changes
-1
-1
-1
-1
-1
0
0
-1
-1
0
-1
0
0
-1
0
0
-1
-1
-1
0
0
0
-1
-1
0
0
-1
-1
-1
-1
-1
0
-1
-1
-1
0
0
-1
-1
-1
0
0
0
0
0
0
-1
<<<<<<< Updated upstream
-1
0
0
0
=======
>>>>>>> Stashed changes
-1
0
0
0
-1
0
0
0
-1
-1
0
-1
-1
-1
-1
0
0
0
-1
-1
0
0
-1
-1
0
0
0
0
0
0
-1
0
0
0
0
0
0
0
0
0
0
0
0
0
0
0
0
0
0
0
0
0
0
0
0
-1
0
0
0
<<<<<<< Updated upstream
-1
-1
-1
-1
=======
0
>>>>>>> Stashed changes
-1
-1
-1
0
0
0
-1
0
0
0
0
0
0
-1
-1
-1
0
0
0
-1
0
0
0
0
0
0
0
0
0
0
0
0
0
0
0
0
0
0
0
0
0
0
<<<<<<< Updated upstream
-1
-1
0
=======
>>>>>>> Stashed changes
0
-1
-1
-1
0
-1
-1
-1
-1
0
0
-1
-1
-1
-1
0
-1
-1
-1
-1
-1
0
0
<<<<<<< Updated upstream
0
0
-1
=======
>>>>>>> Stashed changes
-1
-1
-1
0
0
0
0
0
0
0
0
0
0
0
0
0
0
0
0
0
0
0
0
0
0
0
0
0
0
0
<<<<<<< Updated upstream
0
0
0
=======
0
0
0
-1
-1
-1
0
0
0
0
-1
-1
-1
-1
>>>>>>> Stashed changes
-1
-1
-1
0
0
-1
0
0
0
0
0
0
0
-1
-1
-1
-1
-1
0
0
-1
-1
0
0
0
0
0
0
0
-1
-1
-1
-1
0
0
0
0
0
<<<<<<< Updated upstream
=======
-1
>>>>>>> Stashed changes
0
0
0
0
0
0
0
0
-1
0
0
0
0
0
0
0
0
0
0
-1
-1
-1
0
0
0
0
-1
-1
0
0
-1
-1
0
0
0
<<<<<<< Updated upstream
-1
0
0
=======
>>>>>>> Stashed changes
0
0
-1
-1
-1
0
-1
-1
0
0
0
-1
0
0
0
0
0
0
0
0
0
<<<<<<< Updated upstream
0
=======
-1
>>>>>>> Stashed changes
0
0
0
0
0
0
0
0
0
-1
0
0
0
0
0
0
0
0
0
<<<<<<< Updated upstream
0
=======
>>>>>>> Stashed changes
0
0
0
0
0
0
0
0
0
0
0
<<<<<<< Updated upstream
-1
0
0
0
-1
-1
-1
=======
0
0
>>>>>>> Stashed changes
0
0
0
0
0
0
0
0
0
0
0
0
0
0
0
0
<<<<<<< Updated upstream
-1
-1
0
=======
>>>>>>> Stashed changes
0
0
0
0
-1
0
0
0
-1
-1
0
0
0
-1
<<<<<<< Updated upstream
-1
-1
=======
>>>>>>> Stashed changes
0
0
0
-1
-1
0
0
0
0
-1
-1
-1
0
0
0
-1
0
0
0
0
0
<<<<<<< Updated upstream
0
0
-1
-1
=======
0
0
0
0
>>>>>>> Stashed changes
0
0
0
0
0
0
0
-1
0
0
0
-1
0
0
-1
0
0
0
0
0
0
-1
-1
0
0
0
0
0
0
0
0
0
-1
-1
0
0
0
0
0
0
0
0
0
0
0
0
0
0
0
0
0
0
0
-1
0
0
0
0
0
0
0
0
0
-1
0
-1
-1
-1
-1
0
-1
-1
-1
0
0
-1
0
0
-1
-1
-1
<<<<<<< Updated upstream
0
0
0
0
0
0
0
=======
-1
>>>>>>> Stashed changes
-1
-1
-1
0
0
0
-1
0
0
0
0
0
0
0
0
0
0
0
0
0
0
0
0
0
0
0
0
0
0
0
0
0
0
0
0
0
0
0
<<<<<<< Updated upstream
=======
0
0
0
>>>>>>> Stashed changes
0
0
0
0
0
0
-1
-1
-1
0
<<<<<<< Updated upstream
-1
-1
-1
0
0
0
=======
0
0
-1
-1
-1
0
-1
-1
-1
-1
>>>>>>> Stashed changes
0
-1
-1
-1
0
0
-1
-1
0
0
-1
-1
0
0
0
0
0
0
0
<<<<<<< Updated upstream
-1
=======
>>>>>>> Stashed changes
0
0
0
0
0
-1
-1
0
0
0
-1
-1
0
0
0
0
0
0
0
0
0
0
0
0
0
0
0
-1
0
0
0
-1
<<<<<<< Updated upstream
-1
0
0
0
-1
-1
0
0
=======
0
0
-1
-1
>>>>>>> Stashed changes
-1
-1
-1
0
0
0
0
0
0
0
0
0
0
-1
0
0
-1
0
0
0
0
0
0
0
0
0
0
0
0
0
0
-1
0
0
0
0
0
0
0
0
0
0
0
0
0
0
0
0
0
-1
-1
-1
0
0
0
0
0
-1
-1
-1
-1
0
0
0
<<<<<<< Updated upstream
=======
0
0
0
0
-1
>>>>>>> Stashed changes
0
0
0
0
0
0
0
0
-1
0
0
0
-1
-1
<<<<<<< Updated upstream
-1
-1
0
0
=======
>>>>>>> Stashed changes
0
0
0
0
0
0
0
0
0
0
0
0
0
0
0
0
0
0
0
0
-1
-1
0
0
-1
0
0
0
-1
-1
0
-1
-1
0
0
0
0
0
0
0
0
0
0
0
-1
-1
-1
0
-1
-1
0
0
-1
0
0
0
0
0
-1
-1
-1
0
0
-1
-1
0
0
<<<<<<< Updated upstream
=======
-1
-1
-1
>>>>>>> Stashed changes
0
0
-1
0
0
0
0
0
0
-1
-1
0
0
0
0
0
0
<<<<<<< Updated upstream
=======
-1
-1
>>>>>>> Stashed changes
0
0
0
0
0
0
0
-1
0
0
0
0
0
0
0
0
0
-1
0
0
0
0
0
0
0
<<<<<<< Updated upstream
0
0
0
0
0
=======
-1
-1
-1
>>>>>>> Stashed changes
-1
-1
-1
-1
<<<<<<< Updated upstream
0
0
0
=======
-1
-1
>>>>>>> Stashed changes
0
0
0
-1
0
0
0
0
0
0
0
0
0
0
0
0
0
0
0
0
0
0
0
0
0
0
0
0
0
0
0
0
0
0
0
-1
0
0
0
0
0
0
0
0
-1
-1
0
0
0
0
0
0
0
0
-1
0
0
0
0
0
0
0
<<<<<<< Updated upstream
0
0
=======
>>>>>>> Stashed changes
0
0
-1
0
0
0
0
0
0
0
0
0
0
0
0
-1
0
0
0
0
0
0
<<<<<<< Updated upstream
=======
-1
-1
>>>>>>> Stashed changes
0
0
0
0
0
0
0
0
0
0
0
-1
-1
-1
0
0
0
0
0
0
-1
0
0
0
-1
0
0
0
0
0
0
-1
0
0
0
0
0
0
0
0
0
0
0
-1
-1
0
0
0
0
0
0
-1
-1
0
0
0
0
0
-1
0
0
0
0
0
0
0
0
0
0
0
0
0
0
-1
0
0
0
0
0
0
0
0
0
0
0
0
0
0
-1
-1
0
0
0
0
0
0
0
0
0
0
0
0
0
0
0
0
0
0
-1
-1
<<<<<<< Updated upstream
-1
0
0
=======
>>>>>>> Stashed changes
0
0
0
0
0
0
0
0
-1
0
0
0
0
0
-1
-1
<<<<<<< Updated upstream
-1
0
0
0
0
-1
=======
>>>>>>> Stashed changes
-1
0
0
0
0
0
0
0
0
0
0
0
0
0
0
0
0
0
-1
0
0
0
0
0
0
0
0
0
0
0
<<<<<<< Updated upstream
-1
-1
-1
0
0
0
=======
>>>>>>> Stashed changes
0
0
-1
0
0
0
0
0
0
0
<<<<<<< Updated upstream
=======
-1
-1
-1
>>>>>>> Stashed changes
0
0
0
0
0
-1
-1
-1
0
0
0
0
0
-1
0
0
0
0
0
0
0
0
0
0
0
0
0
0
0
-1
0
0
0
0
0
-1
-1
-1
-1
0
0
0
0
0
0
0
0
0
0
0
-1
0
0
0
0
-1
0
0
-1
0
0
0
0
0
0
0
0
0
0
0
0
0
0
0
0
0
0
0
0
0
0
0
0
0
0
0
0
<<<<<<< Updated upstream
0
0
=======
>>>>>>> Stashed changes
0
0
0
0
0
0
0
0
0
0
0
0
0
0
0
0
0
0
0
0
-1
0
0
0
0
0
0
0
0
0
0
0
0
0
0
-1
0
0
0
0
0
0
0
0
0
0
0
0
0
0
0
0
0
0
<<<<<<< Updated upstream
0
=======
>>>>>>> Stashed changes
0
0
0
0
0
0
0
0
0
0
0
0
-1
0
0
-1
-1
0
0
0
0
-1
0
0
0
0
0
0
0
0
0
0
0
0
0
0
0
0
0
-1
0
0
0
0
0
0
-1
0
0
0
0
-1
-1
0
0
0
<<<<<<< Updated upstream
=======
-1
-1
0
>>>>>>> Stashed changes
0
0
0
0
0
0
-1
-1
-1
0
0
0
0
0
0
0
0
-1
0
0
0
0
0
0
0
0
0
0
0
0
0
<<<<<<< Updated upstream
-1
-1
=======
>>>>>>> Stashed changes
0
0
0
0
0
0
0
0
-1
0
0
0
-1
0
0
-1
-1
-1
0
0
0
0
0
0
0
0
0
0
0
0
0
0
0
0
0
0
0
0
0
0
0
0
0
0
0
0
0
0
0
0
-1
0
0
0
0
0
0
0
0
0
0
0
0
0
0
0
0
0
0
0
0
<<<<<<< Updated upstream
=======
-1
-1
>>>>>>> Stashed changes
0
0
-1
0
0
0
0
-1
0
0
0
0
0
0
0
0
0
0
0
0
0
0
0
0
0
0
0
0
0
0
0
0
0
0
0
0
0
0
0
0
0
0
0
0
0
0
0
0
0
0
0
-1
-1
0
0
-1
-1
0
0
0
0
0
-1
0
0
0
0
0
0
0
0
0
0
0
0
0
0
0
0
0
0
0
0
0
0
0
0
0
0
0
0
0
0
0
0
0
0
0
0
0
0
-1
-1
-1
0
0
0
0
0
0
0
0
0
0
0
0
0
0
0
0
0
0
0
0
0
0
0
0
0
0
0
0
0
0
0
0
0
0
0
0
0
0
-1
-1
0
0
0
-1
0
0
0
0
0
0
0
0
0
0
0
0
0
0
0
0
0
0
0
<<<<<<< Updated upstream
=======
0
>>>>>>> Stashed changes
0
0
0
0
0
-1
0
0
0
0
0
0
0
0
0
0
0
0
0
0
0
0
0
0
0
0
0
0
0
0
0
0
0
0
0
0
0
0
0
0
0
0
0
0
0
0
0
0
-1
-1
-1
0
0
0
0
0
0
0
0
0
0
0
0
0
0
0
-1
0
0
0
0
0
0
0
0
0
0
0
0
0
-1
0
0
0
0
0
0
0
0
0
0
0
0
0
0
0
0
0
0
0
0
0
0
0
0
0
0
0
0
0
0
0
0
0
0
0
0
0
0
0
0
0
0
0
0
-1
-1
-1
0
0
0
0
0
0
0
0
0
0
0
0
0
0
0
0
0
0
0
0
0
0
0
0
<<<<<<< Updated upstream
=======
0
0
>>>>>>> Stashed changes
0
0
0
0
0
0
0
0
0
<<<<<<< Updated upstream
0
=======
>>>>>>> Stashed changes
0
0
0
0
0
-1
0
0
0
0
0
0
0
-1
-1
0
0
0
0
0
0
0
0
0
0
-1
0
0
0
0
0
0
0
0
0
0
0
0
0
0
0
0
0
0
0
0
0
0
0
0
0
0
0
0
0
0
0
0
0
0
0
0
0
0
0
0
0
0
0
0
-1
0
0
0
<<<<<<< Updated upstream
-1
-1
-1
-1
=======
>>>>>>> Stashed changes
0
0
0
0
0
0
0
0
0
0
-1
0
0
0
<<<<<<< Updated upstream
=======
-1
-1
-1
>>>>>>> Stashed changes
0
0
-1
0
0
0
0
-1
0
0
0
-1
0
0
-1
0
0
0
0
0
0
0
0
0
0
0
0
0
0
0
0
0
0
0
0
0
0
0
0
0
0
0
0
0
0
0
-1
0
-1
0
0
0
-1
0
-1
0
0
0
0
0
0
0
0
0
0
0
0
-1
0
0
0
0
0
0
0
0
0
0
0
0
0
0
0
0
0
0
0
0
0
0
0
0
0
-1
0
0
0
0
0
0
0
0
0
0
0
0
0
0
0
0
0
0
0
0
0
0
0
0
0
0
0
0
0
-1
0
0
0
0
0
0
0
0
0
0
0
0
0
0
0
0
0
0
0
<<<<<<< Updated upstream
-1
=======
0
0
0
0
0
0
0
0
0
0
0
0
0
0
>>>>>>> Stashed changes
0
0
0
0
0
0
0
0
0
0
0
0
0
0
0
0
0
0
0
0
0
0
0
0
-1
0
0
0
-1
-1
0
0
0
0
0
-1
0
0
0
0
-1
-1
0
0
0
0
0
0
0
0
0
0
0
0
0
0
0
0
0
0
0
0
0
0
0
0
0
0
0
0
0
-1
0
0
0
0
0
-1
0
0
0
0
0
0
0
0
0
0
0
0
0
0
0
0
0
0
0
0
0
0
0
0
0
0
0
0
0
0
0
0
0
0
0
0
0
0
0
0
0
0
0
0
0
0
0
0
0
0
0
0
0
0
0
0
0
0
0
0
0
0
0
0
0
0
0
0
0
-1
0
0
0
0
0
0
-1
0
0
0
0
-1
0
0
0
0
0
0
0
0
0
-1
0
0
0
0
0
0
0
0
0
0
0
0
0
0
0
0
0
0
0
0
0
0
0
0
0
0
0
0
0
0
0
0
0
0
0
0
0
0
0
0
0
0
0
0
0
0
0
0
0
0
0
0
0
0
0
0
0
0
0
0
0
0
0
0
0
0
0
0
0
0
0
0
0
0
0
0
0
0
0
0
0
0
0
0
0
0
-1
0
0
0
0
0
0
0
0
0
0
0
0
0
0
0
0
0
0
0
0
0
0
0
0
0
0
0
0
0
0
0
0
0
0
0
0
0
0
0
0
0
0
0
0
0
0
0
0
0
0
0
0
0
0
0
0
0
0
0
0
0
0
0
0
0
0
0
0
0
0
0
0
0
0
0
0
0
0
0
0
0
0
0
0
0
0
0
0
0
0
0
0
0
0
0
0
0
0
0
0
0
0
0
0
0
0
0
0
0
0
0
0
0
0
0
0
0
0
0
0
0
0
0
0
0
0
0
0
0
0
0
0
0
0
0
0
0
0
0
0
0
0
0
0
0
0
0
0
0
0
0
0
0
0
0
0
0
0
0
0
0
0
0
0
0
0
0
0
0
0
0
0
0
0
0
0
0
0
0
0
0
0
0
0
0
-1
0
0
0
0
0
0
0
0
0
0
0
0
0
0
0
0
0
0
0
0
0
0
0
0
0
0
0
0
0
0
0
0
0
0
0
0
0
0
0
0
0
0
0
0
0
0
0
0
0
0
0
0
0
0
0
0
0
0
0
0
0
0
0
0
0
0
0
0
0
0
0
0
0
0
0
0
0
0
0
0
0
0
0
0
0
0
0
0
0
0
0
0
0
0
0
0
0
0
0
0
0
0
0
0
0
0
0
0
0
0
0
0
0
0
0
0
0
0
0
0
0
0
0
0
0
0
0
0
0
0
0
0
0
0
0
0
0
0
0
0
0
0
0
0
0
0
0
0
0
0
0
0
0
0
0
0
0
0
0
0
0
0
0
0
0
0
0
0
0
0
0
0
0
0
0
0
0
0
0
0
0
0
0
0
0
0
0
0
0
0
0
0
0
0
0
0
0
0
0
0
0
0
0
0
0
0
0
0
0
0
0
0
0
0
0
0
0
0
0
0
0
0
0
0
0
0
0
0
0
0
0
0
0
0
0
0
0
0
0
0
0
0
0
0
0
0
0
0
0
0
0
0
0
0
0
0
0
0
0
0
0
0
0
0
0
0
0
0
0
0
0
0
0
0
0
0
0
0
0
0
0
0
0
0
0
0
0
0
0
0
0
0
0
0
0
0
0
0
0
0
0
0
0
0
0
0
0
0
0
0
0
0
0
0
0
0
0
0
0
0
0
0
0
0
0
0
0
0
0
0
0
0
0
0
0
0
0
0
0
0
-1
0
0
0
0
0
0
0
0
0
0
0
0
0
0
0
0
0
0
0
0
0
0
0
0
0
0
0
0
0
0
0
0
0
0
0
0
0
0
0
0
0
0
0
0
0
0
0
0
0
0
0
0
-1
0
0
0
0
0
-1
0
0
0
0
0
0
0
0
0
0
0
0
0
0
0
0
0
0
0
0
0
0
0
0
0
0
0
0
0
0
0
0
0
0
0
0
0
0
0
0
0
0
0
0
0
0
0
0
-1
0
0
0
0
0
-1
0
0
0
0
0
0
0
0
0
0
0
0
0
0
0
0
0
0
0
0
0
0
0
0
0
0
0
0
0
0
0
0
0
0
0
0
0
0
0
0
0
0
0
0
0
0
0
0
0
0
0
0
0
0
0
0
0
0
0
0
0
0
0
0
0
0
0
0
0
0
0
0
0
0
0
0
0
0
0
0
0
0
0
0
0
0
0
0
0
0
0
0
0
0
0
0
0
0
0
0
0
0
0
0
0
0
0
0
0
0
0
0
0
0
0
0
0
0
0
0
0
0
0
0
0
0
0
0
0
0
0
0
0
0
0
0
0
0
0
0
0
0
0
0
0
0
0
0
0
0
0
0
0
0
0
0
0
0
0
0
0
0
0
0
0
0
0
0
0
0
0
0
0
0
0
0
0
0
0
0
0
0
0
0
0
0
0
0
0
0
0
0
0
0
0
0
0
0
0
0
0
0
0
0
0
0
0
0
0
0
0
0
0
0
0
0
0
0
0
0
0
0
0
0
0
0
0
0
0
0
0
0
0
0
0
0
0
0
0
0
0
0
0
0
0
0
0
0
0
0
0
0
0
0
0
0
0
0
0
0
0
0
0
0
0
0
0
0
0
0
0
0
0
0
0
0
0
0
0
0
0
0
0
0
0
0
0
0
0
0
0
0
0
0
0
0
0
0
0
0
0
0
0
0
0
0
0
0
0
0
0
0
0
0
0
0
0
0
0
0
0
0
0
0
0
0
0
0
0
0
0
0
0
0
0
0
0
0
0
0
0
0
0
0
0
0
0
0
0
0
0
0
0
0
0
0
0
0
0
0
0
0
0
0
0
0
0
0
0
0
0
0
0
0
0
0
0
0
0
0
0
0
0
0
0
0
0
0
0
0
0
0
0
0
0
0
0
0
0
0
0
0
0
0
0
0
0
0
0
0
0
0
0
0
0
0
-1
-1
0
0
0
0
0
0
0
0
0
0
0
0
0
0
0
0
0
0
0
0
0
0
0
0
0
0
0
0
0
0
0
0
0
0
0
0
0
0
0
0
0
0
0
0
0
0
0
0
-1
0
0
-1
0
0
0
0
-1
0
0
0
0
-1
0
0
0
0
0
0
0
0
0
0
0
-1
0
0
0
0
-1
0
0
0
0
0
0
0
0
0
0
0
0
0
0
0
0
0
0
0
0
0
0
0
0
0
0
0
0
0
0
0
0
0
0
0
0
0
0
0
0
0
0
0
0
0
-1
0
0
0
0
0
0
0
0
0
0
0
0
0
0
0
0
0
0
0
0
0
0
0
0
0
0
0
0
0
0
0
0
0
0
0
0
0
0
0
0
0
0
0
0
0
0
0
0
0
0
0
0
0
0
0
0
0
0
0
0
0
0
0
0
0
0
0
0
0
0
0
0
0
0
0
0
0
0
0
0
0
0
0
0
0
0
0
0
0
0
0
0
0
0
0
0
0
0
0
0
0
0
0
0
0
0
0
0
0
0
0
0
0
0
0
0
0
0
0
0
0
0
0
0
0
0
-1
0
0
0
0
0
0
0
0
0
0
0
0
0
0
0
0
0
0
0
0
0
0
0
0
0
0
0
0
0
0
0
0
0
0
0
0
0
0
0
0
0
0
0
0
0
0
0
0
0
0
-1
0
-1
0
0
0
0
0
0
0
0
0
0
0
0
0
0
0
0
0
0
0
0
0
0
0
0
0
0
0
0
0
0
0
0
0
0
0
0
-1
0
0
0
0
0
0
0
0
0
0
0
0
0
0
0
0
0
0
0
0
0
0
0
0
0
0
0
0
0
0
0
0
0
0
0
0
0
0
0
0
0
0
0
0
0
0
0
0
0
0
0
0
0
0
0
0
0
0
0
0
0
0
0
0
0
0
0
0
0
0
0
0
0
0
0
0
0
0
0
0
0
0
0
0
0
0
0
0
0
0
0
0
0
0
0
0
0
0
0
0
0
0
0
0
0
0
0
0
0
0
0
0
0
0
0
0
0
0
0
0
0
0
0
0
0
0
0
0
0
0
0
0
0
0
0
0
0
0
0
0
0
0
0
0
0
0
0
0
0
0
0
0
0
0
0
0
0
0
0
0
0
0
0
0
0
0
0
0
0
0
0
0
0
0
0
0
0
0
0
0
0
0
0
0
0
0
0
0
0
0
0
0
0
0
0
0
0
0
0
0
0
0
0
0
0
0
0
0
0
0
0
0
0
0
0
0
0
0
0
0
0
0
0
0
0
0
0
0
0
0
0
0
0
0
0
0
0
0
0
0
0
0
0
0
0
0
0
