0
0
0
0
0
0
0
0
0
0
0
0
0
0
0
0
0
0
0
0
0
0
0
0
0
0
0
0
0
0
0
0
0
0
0
0
0
0
0
0
0
0
0
0
0
0
0
0
0
0
0
0
0
0
0
0
0
0
0
0
0
0
0
0
0
0
0
0
0
0
0
0
0
0
0
0
0
0
0
0
0
0
0
0
0
0
0
0
0
0
0
0
0
0
0
0
0
0
0
0
0
0
0
0
0
0
0
0
0
0
0
0
0
0
0
0
0
0
0
0
0
0
0
0
0
0
0
0
0
0
0
0
0
0
0
0
0
0
0
0
0
0
0
0
0
0
0
0
0
0
0
0
0
0
0
0
0
0
0
0
0
0
0
0
0
0
0
0
0
0
0
0
0
0
0
0
0
0
0
0
0
0
0
0
0
0
0
0
0
0
0
0
0
0
0
0
0
0
0
0
0
0
0
0
0
0
0
0
0
0
0
0
0
0
0
0
0
0
0
0
0
0
0
0
0
0
0
0
0
0
0
0
0
0
0
0
0
0
0
0
0
0
0
0
0
0
0
0
0
0
0
0
0
0
0
0
0
0
0
0
0
0
0
0
0
0
0
0
0
0
0
0
0
0
0
0
0
0
0
0
0
0
0
0
0
0
0
0
0
0
0
0
0
0
0
0
0
0
0
0
0
0
0
0
0
0
0
0
0
0
0
0
0
0
0
0
0
0
0
0
0
0
0
0
0
0
0
0
0
0
0
0
0
0
0
0
0
0
0
0
0
0
0
0
0
0
0
0
0
0
0
0
0
0
0
0
0
0
0
0
0
0
0
0
0
0
0
0
0
0
0
0
0
0
0
0
0
0
0
0
0
0
0
0
0
0
0
0
0
0
0
0
0
0
0
0
0
0
0
0
0
0
0
0
0
0
0
0
0
0
0
0
0
0
0
0
0
0
0
0
0
0
0
0
0
0
0
0
0
0
0
0
0
0
0
0
0
0
0
0
0
0
0
0
0
0
0
0
0
0
0
0
0
0
0
0
0
0
0
0
0
0
0
0
0
0
0
0
0
0
0
0
0
0
0
0
0
0
0
0
0
0
0
0
0
0
0
0
0
0
0
0
0
0
0
0
0
0
0
0
0
0
0
0
0
0
0
0
0
0
0
0
0
0
0
0
0
0
0
0
0
0
0
0
0
0
0
0
0
0
0
0
0
0
0
0
0
0
0
0
0
0
0
0
0
0
0
0
0
0
0
0
0
0
0
0
0
0
0
0
0
0
0
0
0
0
0
0
0
0
0
0
0
0
0
0
0
0
0
0
0
0
0
0
0
0
0
0
0
0
0
0
0
0
0
0
0
0
0
0
0
0
0
0
0
0
0
0
0
0
0
0
0
0
0
0
0
0
0
0
0
0
0
0
0
0
0
0
0
0
0
0
0
0
0
0
0
0
0
0
0
0
0
0
0
0
0
0
0
0
0
0
0
0
0
0
0
0
0
0
0
0
0
0
0
0
0
0
0
0
0
0
0
0
0
0
0
0
0
0
0
0
0
0
0
0
0
0
0
0
0
0
0
0
0
0
0
0
0
0
0
0
0
0
0
0
0
0
0
0
0
0
0
0
0
0
0
0
0
0
0
0
0
0
0
0
0
0
0
0
0
0
0
0
0
0
0
0
0
0
0
0
0
0
0
0
0
0
0
0
0
0
0
0
0
0
0
0
0
0
0
0
0
0
0
0
0
0
0
0
0
0
0
0
0
0
0
0
0
0
0
0
0
0
0
0
0
0
0
0
0
0
0
0
0
0
0
0
0
0
0
0
0
0
0
0
0
0
0
0
0
0
0
0
0
0
0
0
0
0
0
0
0
0
0
0
0
0
0
0
0
0
0
0
0
0
0
0
0
0
0
0
0
0
0
0
0
0
0
0
0
0
0
0
0
0
0
0
0
0
0
0
0
0
0
0
0
0
0
0
0
0
0
0
0
0
0
0
0
0
0
0
0
0
0
0
0
0
0
0
0
0
0
0
0
0
0
0
0
0
0
0
0
0
0
0
0
0
0
0
0
0
0
0
0
0
0
0
0
0
0
0
0
0
0
0
0
0
0
0
0
0
0
0
0
0
0
0
0
0
0
0
0
0
0
0
0
0
0
0
0
0
0
0
0
0
0
0
0
0
0
0
0
0
0
0
0
0
0
0
0
0
0
0
0
0
0
0
0
0
0
0
0
0
0
0
0
0
0
0
0
0
0
0
0
0
0
0
0
0
0
0
0
0
0
0
0
0
0
0
0
0
0
0
0
0
0
0
0
0
0
0
0
0
0
0
0
0
0
0
0
0
0
0
0
0
0
0
0
0
0
0
0
0
0
0
0
0
0
0
0
0
0
0
0
0
0
0
0
0
0
0
0
0
0
0
0
0
0
0
0
0
0
0
0
0
0
0
0
0
0
0
0
0
0
0
0
0
0
0
0
0
0
0
0
0
0
0
0
0
0
0
0
0
0
0
0
0
0
0
0
0
0
0
0
0
0
0
0
0
0
0
0
0
0
0
0
0
0
0
0
0
0
0
0
0
0
0
0
0
0
0
0
0
0
0
0
0
0
0
0
0
0
0
0
0
0
0
0
0
0
0
0
0
0
0
0
0
0
0
0
0
0
0
0
0
0
0
0
0
0
0
0
0
0
0
0
0
0
0
0
0
0
0
0
0
0
0
0
0
0
0
0
0
0
0
0
0
0
0
0
0
0
0
0
0
0
0
0
0
0
0
0
0
0
0
0
0
0
0
0
0
0
0
0
0
0
0
0
0
0
0
0
0
0
0
0
0
0
0
0
0
0
0
0
0
0
0
0
0
0
0
0
0
0
0
0
0
0
0
0
0
0
0
0
0
0
0
0
0
0
0
0
0
0
0
0
0
0
0
0
0
0
0
0
0
0
0
0
0
0
0
0
0
0
0
0
0
0
0
0
0
0
0
0
0
0
0
0
0
0
0
0
0
0
0
0
0
0
0
0
0
0
0
0
0
0
0
0
0
0
0
0
0
0
0
0
0
0
0
0
0
0
0
0
0
0
0
0
0
0
0
0
0
0
0
0
0
0
0
0
0
0
0
0
0
0
0
0
0
0
0
0
0
0
0
0
0
0
0
0
0
0
0
0
0
0
0
0
0
0
0
0
0
0
0
0
0
0
0
0
0
0
0
0
0
0
0
0
0
0
0
0
0
0
0
0
0
0
0
0
0
0
0
0
0
0
0
0
0
0
0
0
0
0
0
0
0
0
0
0
0
0
0
0
0
0
0
0
0
0
0
0
0
0
0
0
0
0
0
0
0
0
0
0
0
0
0
0
0
0
0
0
0
0
0
0
0
0
0
0
0
0
0
0
0
0
0
0
0
0
0
0
0
0
0
0
0
0
0
0
0
0
0
0
0
0
0
0
0
0
0
0
0
0
0
0
0
0
0
0
0
0
0
0
0
0
0
0
0
0
0
0
0
0
0
0
0
0
0
0
0
0
0
0
0
0
0
0
0
0
0
0
0
0
0
0
0
0
0
0
0
0
0
0
0
0
0
0
0
0
0
0
0
0
0
0
0
0
0
0
0
0
0
0
0
0
0
0
0
0
0
0
0
0
0
0
0
0
0
0
0
0
0
0
0
0
0
0
0
0
0
0
0
0
0
0
0
0
0
0
0
0
0
0
0
0
0
0
0
0
0
0
0
0
0
0
0
0
0
0
0
0
0
0
0
0
0
0
0
0
0
0
0
0
0
0
0
0
0
0
0
0
0
0
0
0
0
0
0
0
0
0
0
0
0
0
0
0
0
0
0
0
0
0
0
0
0
0
0
0
0
0
0
0
0
0
0
0
0
0
0
0
0
0
0
0
0
0
0
0
0
0
0
0
0
0
0
0
0
0
0
0
0
0
0
0
0
0
0
0
0
0
0
0
0
0
0
0
0
0
0
0
0
0
0
0
0
0
0
0
0
0
0
0
0
0
0
0
0
0
0
0
0
0
0
0
0
0
0
0
0
0
0
0
0
0
0
0
0
0
0
0
0
0
0
0
0
0
0
0
0
0
0
0
0
0
0
0
0
0
0
0
0
0
0
0
0
0
0
0
0
0
0
0
0
0
0
0
0
0
0
0
0
0
0
0
0
0
0
0
0
0
0
0
0
0
0
0
0
0
0
0
0
0
0
0
0
0
0
0
0
0
0
0
0
0
0
0
0
0
0
0
0
0
0
0
0
0
0
0
0
0
0
0
0
0
0
0
0
0
0
0
0
0
0
0
0
0
0
0
0
0
0
0
0
0
0
0
0
0
0
0
0
0
0
0
0
0
0
0
0
0
0
0
0
0
0
0
0
0
0
0
0
0
0
0
0
0
0
0
0
0
0
0
0
0
0
0
0
0
0
0
0
0
0
0
0
0
0
0
0
0
0
0
0
0
0
0
0
0
0
0
0
0
0
0
0
0
0
0
0
0
0
0
0
0
0
0
0
0
0
0
0
0
0
0
0
0
0
0
0
0
0
0
0
0
0
0
0
0
0
0
0
0
0
0
0
0
0
0
0
0
0
0
0
0
0
0
0
0
0
0
0
0
0
0
0
0
0
0
0
0
0
0
0
0
0
0
0
0
0
0
0
0
0
0
0
0
0
0
0
0
0
0
0
0
0
0
0
0
0
0
0
0
0
0
0
0
0
0
0
0
0
0
0
0
0
0
0
0
0
0
0
0
0
0
0
0
0
0
0
0
0
0
0
0
0
0
0
0
0
0
0
0
0
0
0
0
0
0
0
0
0
0
0
0
0
0
0
0
0
0
0
0
0
0
0
0
0
0
0
0
0
0
0
0
0
0
0
0
0
0
0
0
0
0
0
0
0
0
0
0
0
0
0
0
0
0
0
0
0
0
0
0
0
0
0
0
0
0
0
0
0
0
0
0
0
0
0
0
0
0
0
0
0
0
0
0
0
0
0
0
0
0
0
0
0
0
0
0
0
0
0
0
0
0
0
0
0
0
0
0
0
0
0
0
0
0
0
0
0
0
0
0
0
0
0
0
0
0
0
0
0
0
0
0
0
0
0
0
0
0
0
0
0
0
0
0
0
0
0
0
0
0
0
0
0
0
0
0
0
0
0
0
0
0
0
0
0
0
0
0
0
0
0
0
0
0
0
0
0
0
0
0
0
0
0
0
0
0
0
0
0
0
0
0
0
0
0
0
0
0
0
0
0
0
0
0
0
0
0
0
0
0
0
0
0
0
0
0
0
0
0
0
0
0
0
0
0
0
0
0
0
0
0
0
0
0
0
0
0
0
0
0
0
0
0
0
0
0
0
0
0
0
0
0
0
0
0
0
0
0
0
0
0
0
0
0
0
0
0
0
0
0
0
0
0
0
0
0
0
0
0
0
0
0
0
0
0
0
0
0
0
0
0
0
0
0
0
0
0
0
0
0
0
0
0
0
0
0
0
0
0
0
0
0
0
0
0
0
0
0
0
0
0
0
0
0
0
0
0
0
0
0
0
0
0
0
0
0
0
0
0
0
0
0
0
0
0
0
0
0
0
0
0
0
0
0
0
0
0
0
0
0
0
0
0
0
0
0
0
0
0
0
0
0
0
0
0
0
0
0
0
0
0
0
0
0
0
0
0
0
0
0
0
0
0
0
0
0
0
0
0
0
0
0
0
0
0
0
0
0
0
0
0
0
0
0
0
0
0
0
0
0
0
0
0
0
0
0
0
0
0
0
0
0
0
0
0
0
0
0
0
0
0
0
0
0
0
0
0
0
0
0
0
0
0
0
0
0
0
0
0
0
0
0
0
0
0
0
0
0
0
0
0
0
0
0
0
0
0
0
0
0
0
0
0
0
0
0
0
0
0
0
0
0
0
0
0
0
0
0
0
0
0
0
0
0
0
0
0
0
0
0
0
0
0
0
0
0
0
0
0
0
0
0
0
0
0
0
0
0
0
0
0
0
0
0
0
0
0
0
0
0
0
0
0
0
0
0
0
0
0
0
0
0
0
0
0
0
0
0
0
0
0
0
0
0
0
0
0
0
0
0
0
0
0
0
0
0
0
0
0
0
0
0
0
0
0
0
0
0
0
0
0
0
0
0
0
0
0
0
0
0
0
0
0
0
0
0
0
0
0
0
0
0
0
0
0
0
0
0
0
0
0
0
0
0
0
0
0
0
0
0
0
0
0
0
0
0
0
0
0
0
0
0
0
0
0
0
0
0
0
0
0
0
0
0
0
0
0
0
0
0
0
0
0
0
0
0
0
0
0
0
0
0
0
0
0
0
0
0
0
0
0
0
0
0
0
0
0
0
0
0
0
0
0
0
0
0
0
0
0
0
0
0
0
0
0
0
0
0
0
0
0
0
0
0
0
0
0
0
0
0
0
0
0
0
0
0
0
0
0
0
0
0
0
0
0
0
0
0
0
0
0
0
0
0
0
0
0
0
0
0
0
0
0
0
0
0
0
0
0
0
0
0
0
0
0
0
0
0
0
0
0
0
0
0
0
0
0
0
0
0
0
0
0
0
0
0
0
0
0
0
0
0
0
0
0
0
0
0
0
0
0
0
0
0
0
0
0
0
0
0
0
0
0
0
0
0
0
0
0
0
0
0
0
0
0
0
0
0
0
0
0
0
0
0
0
0
0
0
0
0
0
0
0
0
0
0
0
0
0
0
0
0
0
0
0
0
0
0
1
0
0
0
0
0
0
0
0
0
1
0
0
0
0
0
0
0
0
0
0
0
0
0
0
0
0
0
0
0
0
0
0
0
0
0
0
0
0
0
0
0
0
0
0
0
0
0
0
-1
-1
0
0
0
0
0
0
0
-1
-1
-1
-1
0
0
0
0
0
0
0
0
0
0
0
0
0
0
0
0
0
0
0
0
1
1
0
0
0
0
0
0
0
-1
-1
-1
-1
0
0
0
1
1
1
1
0
0
0
0
0
1
1
2
1
1
-1
-1
0
1
3
3
3
3
2
2
1
-1
-2
-2
-2
-1
0
1
1
1
1
0
-1
-1
-1
-2
-2
-2
-2
-2
-1
-1
-1
-1
-1
-1
-1
-1
0
0
0
0
0
0
0
0
0
0
-1
-1
0
0
1
1
1
1
1
0
0
0
0
0
0
1
1
1
0
0
-1
-1
-1
-1
0
0
0
0
0
0
0
0
0
0
0
0
0
0
0
0
0
0
0
-1
-1
-1
-1
-1
-1
0
0
0
0
0
-1
-1
-2
-2
-1
-1
0
0
0
-1
-1
-2
-2
-1
-1
0
0
1
1
1
0
-1
-1
-1
-1
0
0
-1
-1
-1
-1
-1
-1
0
0
0
0
0
-1
-1
-1
-1
-2
-2
-2
-2
-2
-2
-1
-1
-1
0
0
0
0
0
-1
-1
-1
-1
-1
-1
-1
-1
-1
-1
-1
-1
-1
-1
-1
-1
-1
-1
-1
-1
-1
-1
-1
-1
-2
-2
-2
-2
-2
-2
-1
0
1
1
1
0
0
-1
-1
-1
-1
0
0
0
-1
-1
-1
-1
-1
0
1
1
1
1
0
-1
-2
-2
-1
-1
0
0
0
0
-1
-2
-2
-3
-2
-2
-1
0
0
0
0
-1
-2
-2
-1
0
0
0
0
0
-1
-1
-1
-1
0
1
2
2
2
0
-1
-1
-1
-1
-1
0
1
0
0
-1
-1
-1
-1
0
0
1
0
0
-1
-2
-2
-3
-2
-2
-1
1
1
1
1
1
1
0
-1
-1
-1
-1
-2
-1
0
0
-1
0
1
1
1
1
1
0
-2
-2
-2
-2
-2
-1
1
2
3
2
2
1
0
-1
-2
-2
-2
-2
-1
0
1
1
1
0
0
1
2
1
0
0
0
0
-2
-3
-3
-2
-1
1
2
2
1
0
-1
-2
-2
-2
-1
0
2
2
2
-1
-3
-4
-5
-4
-2
-1
0
1
1
1
-1
-2
-3
-2
-1
-1
-1
-1
-1
-2
-3
-3
-2
-1
0
0
0
1
1
-2
-4
-4
-2
-1
-2
-2
-2
0
0
0
0
0
0
-1
-1
-2
-2
-2
-2
-2
-1
1
1
0
-2
-2
-1
-1
-2
-2
-1
-1
-1
-1
-1
-1
-2
-1
-1
-2
-3
-3
-2
-2
-3
-2
0
1
-1
-1
-1
0
-1
0
1
2
2
1
-1
-2
-4
-4
-3
-1
1
3
4
4
2
0
-1
-2
-3
-3
-2
-1
-1
-1
-1
0
1
1
1
2
1
-1
-2
-3
-4
-5
-6
-5
-3
-2
-1
0
2
2
2
1
0
-2
-4
-5
-5
-5
-4
-3
-1
1
1
0
0
0
0
0
0
0
0
0
-2
-2
-4
-4
-3
-1
0
0
0
0
-2
-4
-5
-4
-4
-3
-2
-1
0
-2
-5
-5
-4
-4
-5
-4
-2
-2
-2
-3
-4
-4
-5
-5
-5
-4
-4
-3
-2
-2
-2
-3
-3
-3
-4
-4
-3
-2
-2
-3
-3
-3
-4
-5
-5
-4
-1
1
2
3
3
4
2
0
-3
-4
-3
-1
1
2
3
4
6
8
8
8
8
9
9
8
5
2
0
-2
-1
4
11
16
17
16
16
15
12
9
9
14
21
24
22
15
5
-5
-15
-17
-9
8
28
45
59
65
58
37
9
-16
-30
-36
-34
-24
-5
16
33
45
55
61
59
49
37
23
4
-20
-43
-53
-49
-35
-13
16
46
70
81
81
69
48
19
-12
-38
-57
-65
-63
-50
-25
10
49
78
91
87
67
34
-9
-46
-64
-64
-55
-38
-13
11
22
18
11
10
17
25
30
30
21
0
-31
-63
-85
-88
-72
-39
2
41
64
62
37
3
-28
-53
-68
-68
-51
-29
-12
-7
-12
-22
-32
-38
-34
-23
-10
2
7
1
-16
-37
-55
-65
-66
-58
-42
-25
-11
-2
-2
-10
-23
-32
-37
-40
-41
-39
-35
-34
-38
-45
-49
-51
-50
-43
-32
-20
-13
-11
-14
-21
-31
-42
-50
-52
-49
-42
-35
-30
-26
-22
-20
-20
-22
-21
-18
-15
-15
-17
-21
-26
-31
-33
-30
-25
-19
-11
-4
0
-2
-7
-13
-17
-17
-13
-8
-3
2
3
0
-5
-9
-12
-12
-7
2
10
15
16
14
10
6
5
8
13
17
19
20
19
14
9
5
5
8
18
30
38
42
45
47
45
39
36
37
40
40
39
39
40
39
39
45
55
68
83
96
103
105
106
103
96
89
85
79
73
71
79
92
105
121
147
180
206
216
209
189
158
123
92
69
56
64
99
146
185
206
214
210
195
174
149
121
99
90
93
93
78
56
40
35
35
42
60
83
98
104
97
66
9
-57
-107
-137
-150
-146
-124
-95
-71
-61
-65
-85
-115
-147
-170
-188
-207
-223
-233
-245
-270
-296
-307
-302
-293
-283
-267
-251
-243
-250
-271
-302
-335
-363
-379
-385
-384
-378
-369
-362
-359
-353
-345
-342
-346
-349
-342
-338
-343
-348
-340
-319
-296
-275
-258
-250
-258
-278
-294
-304
-308
-300
-268
-219
-170
-130
-102
-91
-103
-128
-149
-162
-171
-172
-156
-120
-81
-51
-26
0
24
47
76
109
134
143
139
129
115
99
87
88
109
153
215
278
327
358
377
381
364
337
317
312
312
317
340
377
411
433
453
482
507
518
519
519
518
506
491
480
475
474
482
501
524
544
562
577
581
569
551
532
513
495
485
483
483
479
482
494
507
508
500
495
485
461
429
398
366
334
311
300
290
277
268
266
262
245
220
195
165
125
86
57
28
-10
-45
-63
-70
-82
-93
-98
-106
-128
-158
-186
-221
-268
-313
-340
-359
-390
-427
-453
-468
-489
-517
-535
-544
-558
-580
-606
-636
-672
-708
-739
-772
-807
-830
-831
-822
-823
-835
-845
-854
-872
-887
-876
-839
-802
-778
-755
-737
-744
-786
-845
-890
-905
-888
-847
-792
-728
-661
-608
-578
-569
-567
-562
-552
-538
-511
-471
-436
-419
-411
-391
-354
-299
-224
-128
-25
67
134
167
164
143
129
134
155
193
256
343
428
490
532
571
612
646
677
714
756
789
807
813
815
818
828
851
892
949
1013
1064
1086
1079
1056
1032
1019
1016
1022
1037
1053
1056
1038
1001
960
927
906
902
917
941
958
952
923
883
834
780
737
714
704
694
681
663
629
573
513
470
444
426
417
416
407
371
312
248
186
121
63
30
21
13
-3
-20
-39
-75
-121
-157
-183
-212
-246
-271
-288
-312
-351
-393
-422
-436
-441
-437
-427
-423
-434
-460
-500
-554
-611
-653
-678
-691
-694
-685
-672
-671
-684
-702
-717
-732
-751
-770
-785
-801
-826
-857
-885
-906
-917
-914
-896
-871
-853
-849
-854
-867
-887
-901
-893
-850
-790
-738
-710
-706
-733
-796
-887
-971
-1010
-988
-914
-805
-685
-576
-497
-464
-487
-552
-622
-664
-676
-669
-648
-611
-564
-519
-480
-432
-356
-255
-140
-32
53
100
103
61
-11
-85
-121
-97
-22
88
226
377
510
597
640
661
672
673
667
660
656
652
651
658
678
717
789
900
1029
1141
1213
1239
1223
1169
1089
1003
936
911
935
991
1052
1105
1143
1157
1147
1128
1115
1108
1092
1059
1020
979
929
869
814
783
781
802
834
857
854
822
770
701
621
546
488
447
419
400
383
353
302
244
198
167
139
112
90
69
32
-27
-95
-163
-225
-270
-289
-288
-285
-291
-304
-324
-357
-401
-446
-482
-507
-522
-528
-538
-570
-627
-686
-731
-761
-782
-786
-764
-733
-721
-735
-765
-808
-868
-932
-970
-976
-976
-988
-1000
-995
-985
-994
-1020
-1036
-1030
-1018
-1015
-1020
-1026
-1032
-1033
-1027
-1015
-996
-962
-924
-905
-917
-944
-972
-1010
-1056
-1071
-1015
-908
-806
-737
-682
-637
-627
-663
-718
-761
-783
-775
-732
-661
-589
-526
-467
-404
-339
-268
-183
-96
-30
13
48
74
65
20
-15
4
79
187
312
446
571
671
739
775
782
768
747
739
748
768
797
837
889
947
1010
1083
1168
1254
1326
1372
1387
1370
1324
1258
1191
1146
1134
1155
1200
1260
1325
1376
1397
1385
1356
1325
1294
1253
1198
1142
1101
1068
1033
998
978
979
989
996
1000
995
968
910
826
733
644
567
506
464
435
415
394
367
331
292
252
204
148
94
46
-2
-60
-126
-190
-247
-294
-326
-343
-352
-358
-360
-362
-380
-426
-496
-572
-646
-717
-769
-798
-817
-840
-862
-872
-880
-898
-924
-946
-967
-996
-1031
-1069
-1114
-1173
-1232
-1271
-1290
-1304
-1314
-1302
-1273
-1252
-1258
-1282
-1302
-1306
-1287
-1245
-1188
-1129
-1080
-1058
-1072
-1130
-1221
-1321
-1394
-1404
-1335
-1200
-1040
-896
-782
-702
-667
-697
-784
-887
-955
-967
-932
-871
-798
-724
-652
-573
-472
-348
-219
-103
-1
86
143
142
82
-5
-74
-90
-35
86
251
434
617
778
888
937
940
923
899
873
859
871
905
937
962
1003
1082
1194
1318
1436
1535
1602
1628
1606
1539
1445
1360
1312
1306
1334
1385
1448
1506
1541
1548
1542
1529
1508
1482
1454
1426
1389
1337
1267
1186
1114
1078
1081
1100
1110
1113
1119
1117
1083
1008
906
807
726
667
616
559
491
425
377
342
308
273
245
229
216
197
157
84
-21
-136
-235
-306
-352
-380
-392
-392
-391
-392
-400
-425
-475
-539
-599
-647
-695
-761
-842
-918
-978
-1021
-1047
-1052
-1038
-1021
-1010
-1011
-1028
-1074
-1151
-1242
-1326
-1393
-1440
-1467
-1473
-1472
-1473
-1468
-1449
-1424
-1411
-1412
-1405
-1373
-1320
-1271
-1255
-1276
-1312
-1342
-1373
-1424
-1492
-1531
-1495
-1389
-1258
-1134
-1023
-924
-850
-816
-832
-890
-966
-1029
-1053
-1030
-965
-876
-784
-695
-594
-468
-334
-222
-139
-60
30
100
117
85
44
24
34
81
172
307
475
660
835
970
1048
1079
1085
1078
1063
1043
1034
1048
1090
1152
1221
1287
1361
1463
1588
1701
1767
1787
1779
1752
1699
1624
1549
1500
1483
1501
1551
1621
1679
1705
1706
1702
1693
1660
1602
1541
1490
1444
1390
1329
1265
1200
1150
1131
1139
1147
1139
1119
1089
1035
955
860
764
665
564
483
434
393
339
283
241
204
157
113
80
42
-18
-89
-155
-224
-310
-400
-468
-507
-531
-541
-536
-538
-572
-624
-674
-730
-807
-888
-944
-980
-1013
-1047
-1074
-1104
-1153
-1209
-1248
-1270
-1298
-1329
-1344
-1353
-1386
-1444
-1498
-1542
-1591
-1642
-1665
-1652
-1633
-1629
-1630
-1619
-1597
-1568
-1521
-1453
-1387
-1347
-1335
-1347
-1398
-1494
-1606
-1684
-1694
-1626
-1492
-1322
-1150
-1003
-895
-844
-866
-953
-1054
-1112
-1110
-1069
-1009
-928
-828
-724
-628
-529
-414
-284
-152
-27
79
146
155
110
44
1
12
86
212
376
568
767
936
1040
1078
1086
1096
1111
1119
1130
1164
1217
1260
1282
1303
1356
1454
1583
1717
1834
1917
1956
1946
1889
1800
1701
1625
1597
1630
1705
1785
1840
1869
1882
1877
1838
1773
1715
1684
1662
1625
1569
1502
1426
1347
1285
1256
1256
1267
1278
1275
1238
1154
1036
912
799
703
636
601
576
538
486
431
363
269
169
96
56
22
-26
-79
-134
-203
-294
-388
-457
-498
-518
-522
-529
-563
-628
-703
-775
-849
-928
-988
-1009
-1009
-1021
-1050
-1085
-1129
-1197
-1281
-1356
-1407
-1437
-1446
-1438
-1432
-1453
-1498
-1545
-1586
-1633
-1690
-1737
-1759
-1763
-1765
-1772
-1782
-1787
-1761
-1678
-1549
-1430
-1365
-1358
-1389
-1451
-1555
-1694
-1829
-1893
-1842
-1682
-1468
-1263
-1097
-975
-905
-903
-959
-1039
-1113
-1161
-1169
-1126
-1054
-988
-932
-844
-695
-504
-317
-159
-28
77
136
132
69
-24
-100
-114
-41
108
307
526
736
913
1040
1112
1140
1142
1139
1143
1161
1193
1231
1267
1302
1350
1430
1547
1684
1819
1931
2007
2037
2019
1967
1897
1823
1771
1768
1819
1895
1961
2003
2020
2007
1966
1917
1883
1860
1827
1785
1754
1739
1709
1643
1559
1495
1458
1429
1393
1352
1303
1240
1167
1096
1031
961
882
815
776
750
701
612
496
375
260
161
86
34
-4
-34
-57
-84
-131
-203
-290
-379
-460
-530
-591
-647
-700
-755
-812
-870
-924
-968
-1002
-1030
-1057
-1078
-1103
-1154
-1236
-1323
-1397
-1464
-1530
-1574
-1588
-1591
-1609
-1634
-1650
-1665
-1700
-1753
-1807
-1857
-1906
-1942
-1945
-1934
-1939
-1944
-1899
-1792
-1674
-1593
-1550
-1523
-1510
-1537
-1623
-1752
-1878
-1942
-1909
-1789
-1620
-1435
-1249
-1088
-981
-938
-950
-1010
-1112
-1221
-1276
-1240
-1139
-1025
-919
-802
-646
-465
-297
-165
-60
34
109
139
117
71
38
41
90
189
344
549
778
990
1151
1250
1300
1317
1303
1265
1224
1214
1249
1327
1437
1560
1673
1771
1873
1987
2083
2123
2109
2073
2043
2014
1981
1953
1949
1973
2020
2083
2143
2177
2179
2157
2117
2056
1980
1900
1827
1772
1746
1743
1741
1715
1668
1620
1577
1529
1467
1396
1318
1233
1145
1063
984
903
831
779
737
678
598
513
431
343
239
128
27
-52
-106
-140
-175
-227
-293
-352
-409
-485
-581
-665
-721
-765
-814
-864
-908
-952
-1008
-1072
-1132
-1181
-1227
-1275
-1328
-1384
-1440
-1487
-1528
-1582
-1651
-1709
-1729
-1720
-1718
-1745
-1791
-1841
-1897
-1968
-2047
-2104
-2122
-2110
-2084
-2039
-1952
-1819
-1682
-1595
-1570
-1580
-1606
-1669
-1800
-1976
-2113
-2132
-2025
-1848
-1651
-1446
-1236
-1055
-954
-953
-1032
-1162
-1305
-1407
-1419
-1340
-1218
-1094
-964
-799
-604
-418
-276
-178
-99
-18
62
113
106
54
14
32
114
243
412
620
848
1056
1213
1306
1338
1319
1274
1241
1244
1289
1366
1463
1576
1693
1797
1879
1951
2029
2108
2158
2165
2158
2165
2171
2148
2108
2091
2117
2162
2200
2222
2233
2232
2217
2188
2140
2070
1996
1942
1908
1875
1838
1806
1770
1713
1646
1591
1539
1467
1379
1312
1278
1247
1187
1103
1015
925
824
717
617
522
428
340
262
194
138
94
47
-17
-88
-149
-206
-284
-389
-501
-604
-701
-789
-853
-882
-893
-909
-936
-965
-998
-1047
-1123
-1230
-1349
-1444
-1505
-1559
-1626
-1688
-1717
-1720
-1724
-1739
-1759
-1785
-1822
-1864
-1906
-1964
-2052
-2141
-2199
-2236
-2277
-2289
-2219
-2080
-1941
-1829
-1720
-1623
-1596
-1665
-1790
-1932
-2086
-2232
-2294
-2217
-2036
-1821
-1595
-1363
-1169
-1066
-1059
-1127
-1249
-1388
-1478
-1482
-1430
-1367
-1279
-1124
-910
-696
-522
-371
-233
-122
-39
25
56
31
-29
-67
-45
41
182
366
581
807
1023
1203
1311
1337
1321
1314
1317
1310
1317
1384
1499
1609
1700
1802
1919
2024
2106
2179
2243
2278
2286
2292
2293
2252
2178
2139
2168
2216
2241
2265
2308
2336
2321
2290
2265
2225
2154
2080
2032
1989
1917
1839
1794
1764
1711
1649
1620
1606
1564
1496
1434
1369
1267
1129
1000
904
827
749
668
587
503
419
341
260
168
91
53
23
-43
-140
-233
-319
-417
-521
-611
-688
-758
-808
-833
-859
-919
-996
-1053
-1093
-1151
-1225
-1276
-1311
-1373
-1469
-1563
-1643
-1726
-1803
-1848
-1858
-1858
-1860
-1862
-1873
-1913
-1977
-2051
-2130
-2217
-2288
-2314
-2312
-2311
-2280
-2167
-2002
-1867
-1790
-1737
-1702
-1725
-1825
-1976
-2145
-2299
-2375
-2313
-2123
-1879
-1635
-1399
-1193
-1081
-1092
-1186
-1318
-1465
-1575
-1582
-1490
-1366
-1243
-1087
-883
-679
-519
-390
-258
-131
-31
43
90
81
15
-35
-9
81
204
375
612
874
1095
1247
1336
1367
1347
1313
1309
1342
1398
1482
1601
1727
1821
1892
1974
2065
2137
2188
2253
2333
2396
2409
2379
2328
2274
2234
2226
2249
2284
2318
2359
2400
2417
2390
2329
2255
2184
2126
2084
2050
2011
1967
1924
1876
1809
1721
1635
1568
1517
1474
1441
1404
1335
1226
1104
995
889
764
633
531
464
404
336
267
197
116
30
-38
-84
-142
-230
-332
-422
-511
-616
-729
-825
-898
-957
-1002
-1025
-1042
-1074
-1127
-1191
-1263
-1344
-1433
-1529
-1628
-1717
-1775
-1803
-1830
-1876
-1924
-1951
-1968
-2002
-2050
-2087
-2119
-2173
-2245
-2312
-2363
-2410
-2434
-2389
-2253
-2062
-1888
-1776
-1725
-1731
-1811
-1983
-2224
-2443
-2540
-2478
-2298
-2054
-1770
-1481
-1264
-1176
-1194
-1266
-1378
-1525
-1645
-1656
-1556
-1424
-1318
-1214
-1071
-893
-714
-539
-361
-189
-38
81
140
109
-2
-121
-172
-122
27
253
531
821
1083
1281
1389
1402
1354
1309
1306
1339
1392
1470
1575
1679
1760
1825
1895
1989
2116
2270
2419
2515
2540
2518
2470
2385
2261
2151
2120
2180
2284
2390
2480
2529
2519
2462
2396
2338
2285
2230
2179
2136
2089
2029
1952
1849
1723
1618
1587
1625
1672
1684
1666
1623
1532
1377
1184
998
835
695
587
526
496
465
424
378
325
259
194
138
70
-33
-169
-314
-457
-600
-729
-822
-871
-892
-893
-877
-869
-905
-984
-1078
-1174
-1285
-1407
-1516
-1599
-1673
-1756
-1840
-1907
-1945
-1960
-1953
-1934
-1917
-1918
-1950
-2024
-2138
-2269
-2392
-2502
-2589
-2611
-2529
-2354
-2145
-1954
-1813
-1745
-1756
-1837
-1978
-2176
-2404
-2576
-2599
-2467
-2265
-2056
-1834
-1585
-1358
-1221
-1199
-1272
-1401
-1540
-1643
-1688
-1681
-1631
-1530
-1364
-1146
-902
-665
-459
-297
-168
-57
16
16
-52
-129
-170
-167
-113
17
227
482
747
1011
1255
1427
1489
1470
1440
1424
1405
1384
1399
1469
1570
1674
1789
1933
2099
2253
2368
2451
2520
2564
2552
2480
2388
2314
2269
2242
2243
2290
2371
2447
2500
2543
2571
2550
2460
2344
2258
2204
2138
2042
1945
1888
1863
1833
1780
1724
1693
1685
1674
1637
1568
1469
1343
1203
1065
937
812
691
592
529
492
458
409
343
263
178
97
16
-83
-208
-343
-465
-568
-653
-722
-780
-833
-881
-923
-962
-1015
-1087
-1167
-1245
-1326
-1414
-1498
-1567
-1633
-1709
-1790
-1861
-1914
-1952
-1979
-2007
-2040
-2069
-2093
-2136
-2223
-2338
-2433
-2487
-2521
-2531
-2465
-2294
-2088
-1943
-1879
-1853
-1859
-1948
-2138
-2368
-2546
-2616
-2568
-2412
-2173
-1903
-1659
-1469
-1341
-1284
-1320
-1445
-1605
-1721
-1753
-1721
-1667
-1598
-1485
-1313
-1101
-874
-645
-432
-259
-127
-20
47
29
-85
-225
-289
-236
-100
80
307
586
885
1142
1318
1414
1454
1454
1425
1386
1367
1389
1437
1490
1556
1664
1823
2012
2207
2386
2522
2592
2604
2586
2536
2423
2263
2138
2120
2186
2271
2347
2430
2516
2577
2598
2591
2556
2478
2365
2253
2164
2082
1994
1913
1849
1800
1770
1774
1802
1818
1797
1749
1688
1602
1474
1311
1136
963
804
684
616
576
534
488
455
433
397
331
236
118
-16
-150
-273
-387
-506
-626
-724
-787
-826
-860
-898
-940
-982
-1019
-1054
-1107
-1198
-1321
-1450
-1562
-1664
-1771
-1877
-1960
-2000
-2007
-2006
-2011
-2019
-2021
-2037
-2101
-2211
-2319
-2399
-2483
-2597
-2683
-2650
-2482
-2263
-2076
-1932
-1832
-1810
-1896
-2063
-2266
-2482
-2668
-2726
-2588
-2310
-2028
-1811
-1632
-1469
-1369
-1381
-1478
-1595
-1696
-1761
-1758
-1672
-1552
-1455
-1372
-1242
-1030
-776
-544
-357
-203
-72
16
28
-44
-161
-250
-251
-155
14
243
526
830
1096
1279
1383
1436
1453
1440
1408
1380
1374
1398
1460
1563
1695
1839
1994
2168
2355
2519
2611
2614
2551
2465
2378
2299
2236
2207
2226
2289
2379
2486
2587
2645
2634
2577
2523
2483
2416
2295
2157
2057
1998
1946
1894
1867
1873
1886
1887
1882
1862
1793
1660
1503
1366
1250
1133
1021
937
880
817
730
641
574
524
465
385
290
200
114
12
-125
-279
-413
-499
-547
-582
-617
-653
-699
-767
-854
-948
-1048
-1156
-1263
-1349
-1409
-1458
-1512
-1578
-1650
-1718
-1778
-1837
-1907
-1984
-2047
-2087
-2126
-2191
-2279
-2358
-2411
-2455
-2503
-2539
-2528
-2448
-2311
-2155
-2031
-1971
-1979
-2035
-2128
-2272
-2466
-2651
-2736
-2670
-2481
-2238
-1992
-1765
-1571
-1438
-1397
-1454
-1581
-1727
-1833
-1866
-1831
-1763
-1676
-1556
-1376
-1140
-887
-661
-478
-320
-174
-65
-43
-124
-250
-331
-325
-245
-111
83
338
620
887
1111
1281
1379
1403
1386
1379
1396
1412
1415
1424
1466
1548
1670
1833
2033
2237
2410
2536
2620
2661
2637
2533
2381
2247
2185
2203
2274
2366
2458
2534
2589
2630
2661
2659
2604
2511
2427
2377
2326
2235
2109
1987
1903
1860
1850
1863
1886
1898
1884
1842
1778
1688
1563
1401
1225
1071
959
867
762
651
569
528
503
471
438
410
364
274
140
-13
-168
-327
-484
-617
-703
-744
-760
-775
-801
-840
-891
-956
-1035
-1118
-1201
-1297
-1413
-1530
-1628
-1720
-1826
-1935
-2010
-2038
-2040
-2035
-2022
-2011
-2034
-2105
-2202
-2302
-2414
-2538
-2634
-2660
-2595
-2445
-2242
-2051
-1938
-1909
-1923
-1976
-2115
-2352
-2593
-2712
-2677
-2546
-2368
-2151
-1911
-1693
-1525
-1413
-1378
-1438
-1566
-1686
-1746
-1750
-1731
-1698
-1624
-1480
-1257
-984
-714
-489
-305
-141
-14
36
-2
-98
-206
-281
-274
-157
41
269
507
773
1057
1292
1425
1471
1485
1487
1467
1431
1409
1418
1456
1522
1626
1785
1989
2202
2383
2516
2599
2636
2619
2547
2442
2337
2253
2200
2195
2255
2360
2457
2516
2556
2602
2641
2630
2553
2441
2330
2231
2139
2050
1970
1904
1858
1844
1863
1891
1895
1858
1789
1701
1596
1468
1325
1186
1061
949
845
757
686
627
567
507
450
401
352
287
195
74
-65
-207
-338
-446
-526
-591
-662
-732
-780
-803
-836
-912
-1017
-1106
-1171
-1240
-1332
-1434
-1530
-1619
-1694
-1747
-1792
-1857
-1937
-1999
-2034
-2073
-2141
-2217
-2278
-2332
-2393
-2447
-2473
-2482
-2481
-2431
-2303
-2142
-2028
-1989
-1991
-2017
-2102
-2277
-2503
-2684
-2739
-2653
-2466
-2231
-1981
-1726
-1497
-1357
-1354
-1469
-1635
-1788
-1886
-1902
-1846
-1751
-1638
-1490
-1288
-1057
-846
-673
-511
-340
-182
-74
-43
-95
-204
-308
-340
-282
-144
64
339
650
952
1205
1382
1460
1449
1393
1339
1306
1296
1329
1419
1538
1645
1751
1907
2105
2276
2380
2444
2506
2560
2572
2527
2426
2296
2188
2157
2209
2292
2367
2440
2529
2614
2658
2648
2581
2462
2329
2235
2186
2135
2055
1974
1924
1896
1863
1827
1809
1804
1785
1746
1691
1611
1493
1348
1193
1030
865
729
643
593
549
505
467
434
398
353
289
187
47
-98
-222
-341
-477
-610
-706
-768
-821
-861
-879
-896
-940
-999
-1050
-1103
-1192
-1316
-1440
-1548
-1665
-1793
-1899
-1967
-2012
-2045
-2055
-2048
-2053
-2082
-2128
-2189
-2274
-2378
-2476
-2551
-2592
-2570
-2459
-2292
-2145
-2051
-1982
-1930
-1960
-2118
-2349
-2553
-2668
-2680
-2581
-2386
-2146
-1912
-1693
-1495
-1376
-1399
-1537
-1686
-1779
-1819
-1817
-1765
-1667
-1553
-1419
-1229
-986
-759
-601
-477
-324
-153
-44
-46
-130
-231
-291
-276
-184
-32
168
422
721
1019
1253
1396
1458
1458
1409
1349
1324
1345
1383
1432
1516
1652
1827
2015
2195
2341
2428
2465
2491
2520
2510
2426
2303
2220
2213
2255
2303
2345
2385
2433
2499
2573
2616
2589
2497
2393
2316
2258
2188
2097
2003
1930
1892
1885
1882
1859
1813
1764
1719
1671
1601
1497
1364
1220
1089
974
867
761
670
604
547
487
437
410
375
291
168
50
-46
-152
-285
-422
-532
-622
-704
-767
-805
-843
-905
-964
-988
-995
-1041
-1146
-1281
-1417
-1548
-1672
-1780
-1870
-1946
-2001
-2017
-1999
-1985
-2010
-2072
-2152
-2241
-2332
-2414
-2488
-2568
-2637
-2632
-2504
-2290
-2097
-1996
-1965
-1956
-1980
-2098
-2318
-2563
-2730
-2765
-2662
-2446
-2172
-1910
-1707
-1557
-1442
-1390
-1445
-1598
-1762
-1850
-1843
-1777
-1695
-1609
-1499
-1332
-1099
-833
-590
-394
-236
-107
-27
-22
-94
-211
-320
-362
-288
-95
177
477
778
1057
1277
1406
1455
1457
1434
1391
1346
1337
1387
1475
1563
1641
1737
1887
2086
2292
2455
2555
2598
2597
2557
2474
2358
2233
2144
2133
2208
2328
2440
2527
2592
2631
2624
2569
2495
2420
2337
2239
2144
2074
2017
1948
1870
1815
1794
1793
1793
1797
1793
1750
1647
1503
1358
1227
1091
941
797
688
620
577
541
499
442
379
325
281
215
105
-40
-187
-318
-441
-559
-661
-742
-811
-865
-891
-898
-919
-969
-1036
-1113
-1208
-1319
-1431
-1544
-1665
-1783
-1870
-1922
-1968
-2018
-2048
-2051
-2071
-2128
-2189
-2229
-2281
-2373
-2469
-2516
-2505
-2444
-2330
-2183
-2070
-2037
-2049
-2064
-2129
-2307
-2540
-2675
-2646
-2520
-2361
-2165
-1939
-1739
-1609
-1548
-1552
-1630
-1758
-1856
-1866
-1806
-1725
-1641
-1545
-1436
-1304
-1136
-956
-803
-660
-476
-267
-124
-100
-159
-230
-286
-319
-296
-181
25
295
606
912
1141
1259
1301
1310
1288
1246
1235
1283
1367
1461
1567
1681
1773
1844
1939
2083
2236
2352
2451
2551
2608
2566
2454
2340
2247
2174
2155
2218
2326
2420
2496
2573
2629
2617
2546
2475
2427
2372
2298
2226
2152
2049
1925
1831
1781
1747
1726
1745
1797
1833
1814
1743
1626
1455
1251
1059
902
759
628
550
540
547
523
479
445
413
359
282
186
64
-92
-268
-439
-600
-749
-869
-935
-949
-927
-879
-823
-804
-858
-973
-1114
-1271
-1449
-1633
-1791
-1910
-1998
-2055
-2071
-2056
-2043
-2048
-2050
-2042
-2054
-2119
-2226
-2346
-2466
-2574
-2629
-2581
-2432
-2249
-2099
-1994
-1924
-1916
-2018
-2234
-2482
-2651
-2679
-2578
-2398
-2175
-1934
-1711
-1555
-1494
-1519
-1603
-1708
-1788
-1801
-1743
-1660
-1591
-1525
-1420
-1268
-1102
-936
-755
-545
-325
-141
-34
-27
-110
-226
-302
-305
-241
-112
103
398
716
994
1201
1322
1359
1348
1349
1380
1408
1413
1431
1496
1582
1644
1700
1801
1957
2135
2314
2491
2631
2689
2664
2584
2463
2310
2171
2110
2143
2220
2298
2384
2489
2583
2624
2607
2557
2495
2430
2363
2280
2170
2039
1904
1783
1697
1665
1680
1709
1736
1770
1808
1805
1710
1534
1333
1140
962
807
687
587
494
438
443
466
444
376
319
289
239
132
-20
-186
-359
-537
-694
-810
-893
-950
-967
-942
-905
-881
-884
-931
-1036
-1180
-1334
-1488
-1642
-1778
-1878
-1951
-2014
-2061
-2072
-2061
-2063
-2085
-2103
-2121
-2163
-2225
-2282
-2352
-2455
-2537
-2506
-2366
-2215
-2115
-2048
-1996
-1997
-2083
-2228
-2388
-2532
-2606
-2535
-2319
-2067
-1865
-1700
-1555
-1484
-1525
-1623
-1707
-1767
-1809
-1786
-1668
-1511
-1394
-1308
-1183
-1017
-864
-725
-547
-336
-172
-94
-79
-104
-166
-233
-245
-176
-34
184
480
803
1059
1201
1269
1318
1350
1356
1354
1370
1412
1482
1577
1663
1708
1738
1816
1966
2148
2314
2448
2554
2615
2613
2551
2440
2296
2170
2124
2166
2238
2307
2390
2485
2547
2545
2511
2481
2447
2385
2309
2239
2154
2022
1869
1745
1664
1606
1584
1626
1714
1784
1793
1738
1624
1453
1244
1042
870
717
582
490
454
439
406
360
329
317
305
273
205
96
-56
-241
-443
-640
-804
-914
-970
-987
-973
-933
-885
-874
-923
-1019
-1129
-1241
-1361
-1490
-1628
-1764
-1883
-1978
-2057
-2122
-2153
-2134
-2087
-2056
-2056
-2076
-2118
-2207
-2340
-2462
-2516
-2489
-2390
-2239
-2085
-1993
-1980
-2014
-2082
-2215
-2410
-2568
-2579
-2447
-2259
-2075
-1893
-1725
-1616
-1581
-1592
-1633
-1707
-1782
-1799
-1745
-1668
-1608
-1549
-1458
-1327
-1165
-969
-750
-549
-390
-260
-166
-151
-226
-328
-377
-347
-253
-95
135
414
684
898
1044
1129
1171
1200
1237
1276
1306
1341
1404
1487
1558
1606
1656
1743
1888
2076
2260
2388
2445
2463
2471
2451
2377
2270
2195
2190
2237
2301
2360
2402
2420
2424
2434
2448
2445
2416
2379
2351
2315
2236
2110
1968
1840
1734
1660
1635
1663
1715
1752
1756
1727
1656
1528
1351
1169
1012
874
739
620
542
497
450
396
355
338
327
296
237
147
17
-147
-321
-485
-640
-773
-855
-878
-874
-874
-872
-859
-858
-909
-1010
-1128
-1246
-1377
-1524
-1664
-1775
-1860
-1930
-1973
-1978
-1958
-1943
-1946
-1967
-2009
-2076
-2168
-2271
-2376
-2474
-2535
-2511
-2379
-2189
-2025
-1930
-1881
-1858
-1892
-2027
-2244
-2455
-2572
-2561
-2442
-2254
-2043
-1841
-1665
-1525
-1441
-1439
-1511
-1613
-1692
-1722
-1706
-1664
-1614
-1550
-1441
-1269
-1056
-842
-639
-435
-239
-99
-56
-100
-188
-276
-327
-316
-231
-74
154
439
733
970
1124
1218
1287
1342
1374
1384
1383
1385
1400
1439
1493
1551
1624
1755
1959
2191
2388
2515
2573
2571
2515
2416
2295
2179
2104
2104
2182
2294
2381
2423
2443
2465
2479
2466
2430
2391
2361
2323
2252
2140
1999
1853
1723
1634
1610
1641
1690
1726
1742
1729
1659
1514
1327
1157
1025
909
793
693
618
548
466
381
310
255
220
212
213
179
81
-62
-215
-370
-535
-689
-793
-832
-836
-841
-858
-880
-909
-954
-1022
-1104
-1191
-1276
-1364
-1460
-1566
-1683
-1806
-1923
-2014
-2065
-2072
-2041
-1998
-1980
-2003
-2045
-2076
-2112
-2208
-2362
-2480
-2458
-2304
-2128
-2016
-1964
-1930
-1909
-1937
-2044
-2218
-2392
-2470
-2394
-2198
-1977
-1806
-1692
-1614
-1573
-1579
-1627
-1693
-1745
-1742
-1651
-1494
-1349
-1270
-1240
-1197
-1105
-981
-846
-696
-516
-320
-154
-66
-66
-121
-178
-195
-150
-33
162
414
678
902
1049
1112
1127
1146
1188
1237
1293
1385
1527
1672
1755
1769
1761
1780
1845
1966
2130
2292
2401
2460
2501
2510
2442
2303
2174
2120
2148
2233
2354
2466
2512
2486
2444
2422
2392
2314
2218
2163
2151
2139
2096
2020
1910
1781
1682
1649
1670
1702
1716
1701
1643
1532
1378
1208
1035
872
745
677
651
638
617
572
478
351
251
202
163
88
-9
-101
-198
-324
-466
-591
-692
-781
-830
-811
-766
-770
-829
-897
-966
-1067
-1196
-1310
-1398
-1487
-1573
-1632
-1671
-1735
-1825
-1890
-1905
-1910
-1937
-1958
-1967
-2009
-2101
-2199
-2273
-2349
-2422
-2413
-2274
-2072
-1915
-1820
-1752
-1731
-1825
-2029
-2252
-2417
-2505
-2496
-2367
-2150
-1920
-1724
-1559
-1435
-1394
-1453
-1562
-1651
-1693
-1700
-1685
-1653
-1605
-1526
-1391
-1207
-1012
-832
-653
-461
-278
-152
-115
-163
-254
-329
-343
-287
-182
-37
161
415
685
911
1064
1158
1219
1262
1291
1307
1314
1320
1335
1369
1437
1542
1677
1832
1998
2162
2299
2386
2416
2400
2347
2271
2202
2170
2181
2213
2249
2290
2332
2358
2360
2356
2355
2340
2308
2289
2296
2292
2229
2115
2000
1907
1825
1742
1676
1640
1627
1623
1626
1617
1569
1469
1342
1223
1122
1028
919
788
649
537
461
405
345
284
236
208
190
164
104
-10
-168
-321
-432
-518
-614
-711
-775
-807
-837
-872
-901
-931
-988
-1067
-1139
-1196
-1265
-1361
-1464
-1556
-1646
-1737
-1810
-1862
-1913
-1956
-1967
-1955
-1965
-2013
-2065
-2104
-2156
-2242
-2322
-2333
-2263
-2144
-2003
-1867
-1783
-1782
-1844
-1939
-2081
-2281
-2471
-2538
-2431
-2208
-1966
-1759
-1590
-1464
-1405
-1432
-1543
-1690
-1805
-1827
-1757
-1641
-1525
-1429
-1343
-1241
-1106
-951
-804
-664
-505
-322
-167
-109
-158
-257
-335
-353
-296
-160
43
290
561
824
1029
1135
1157
1148
1148
1164
1197
1252
1331
1418
1499
1574
1647
1725
1825
1960
2113
2245
2335
2386
2400
2364
2279
2179
2102
2075
2107
2187
2281
2354
2395
2419
2424
2393
2326
2261
2224
2196
2151
2091
2033
1971
1891
1811
1757
1729
1704
1679
1667
1656
1607
1508
1384
1262
1138
1010
894
798
706
609
533
494
470
419
346
289
255
207
120
7
-114
-247
-392
-523
-615
-673
-719
-757
-774
-770
-774
-805
-863
-941
-1044
-1170
-1298
-1404
-1487
-1567
-1653
-1725
-1762
-1776
-1792
-1814
-1830
-1841
-1864
-1909
-1970
-2044
-2135
-2238
-2325
-2373
-2364
-2280
-2110
-1891
-1711
-1633
-1641
-1698
-1822
-2043
-2316
-2523
-2578
-2474
-2260
-1989
-1722
-1512
-1381
-1317
-1328
-1429
-1584
-1702
-1730
-1697
-1647
-1580
-1490
-1391
-1288
-1146
-949
-736
-550
-380
-206
-79
-71
-172
-292
-367
-388
-345
-209
17
285
553
804
1007
1119
1139
1131
1154
1193
1211
1223
1270
1355
1434
1492
1556
1664
1817
1991
2150
2271
2342
2362
2338
2275
2181
2088
2045
2079
2162
2244
2302
2351
2395
2407
2368
2298
2242
2215
2200
2182
2156
2111
2033
1938
1862
1812
1760
1700
1661
1655
1652
1619
1555
1466
1348
1209
1093
1031
991
917
806
697
608
517
417
323
250
200
172
163
154
110
12
-132
-288
-419
-510
-575
-641
-710
-763
-796
-838
-903
-965
-1005
-1047
-1115
-1183
-1223
-1263
-1344
-1461
-1581
-1689
-1779
-1829
-1825
-1806
-1829
-1888
-1930
-1949
-2000
-2099
-2198
-2260
-2284
-2252
-2130
-1943
-1779
-1707
-1713
-1749
-1807
-1921
-2100
-2302
-2458
-2498
-2389
-2168
-1928
-1734
-1584
-1451
-1345
-1302
-1352
-1486
-1652
-1768
-1794
-1754
-1695
-1624
-1508
-1339
-1135
-913
-678
-463
-323
-268
-254
-258
-302
-385
-454
-461
-392
-240
13
331
616
801
908
997
1074
1107
1089
1058
1044
1064
1141
1273
1408
1499
1570
1679
1841
2007
2129
2194
2211
2193
2158
2129
2109
2087
2065
2072
2136
2245
2360
2435
2442
2390
2318
2256
2204
2155
2115
2088
2072
2073
2092
2099
2054
1959
1864
1805
1766
1711
1647
1592
1534
1449
1356
1292
1250
1187
1089
984
898
816
714
589
463
360
294
261
240
207
151
76
-7
-96
-190
-292
-403
-510
-595
-653
-702
-758
-816
-865
-906
-937
-963
-997
-1063
-1161
-1271
-1373
-1464
-1547
-1614
-1666
-1710
-1740
-1741
-1723
-1737
-1817
-1933
-2036
-2107
-2156
-2199
-2247
-2292
-2283
-2167
-1968
-1784
-1688
-1659
-1645
-1655
-1753
-1964
-2239
-2498
-2652
-2627
-2420
-2118
-1817
-1540
-1280
-1082
-1024
-1133
-1359
-1618
-1835
-1947
-1928
-1822
-1692
-1546
-1346
-1093
-846
-644
-474
-323
-209
-143
-122
-156
-259
-401
-501
-491
-367
-157
123
460
804
1081
1247
1301
1270
1191
1099
1017
975
1010
1137
1313
1476
1608
1727
1852
1978
2091
2176
2217
2222
2220
2226
2213
2150
2072
2053
2114
2206
2292
2373
2434
2443
2406
2362
2314
2231
2121
2054
2065
2099
2087
2040
2005
1977
1920
1844
1777
1716
1642
1571
1524
1482
1410
1317
1236
1173
1099
1003
908
828
740
634
527
435
353
280
223
173
114
44
-21
-80
-147
-238
-348
-458
-555
-635
-697
-753
-811
-872
-918
-938
-947
-974
-1040
-1138
-1238
-1314
-1375
-1447
-1537
-1618
-1672
-1709
-1739
-1759
-1776
-1809
-1871
-1938
-1989
-2033
-2099
-2187
-2266
-2302
-2265
-2140
-1944
-1745
-1613
-1561
-1562
-1617
-1768
-2031
-2339
-2569
-2626
-2498
-2246
-1951
-1666
-1418
-1230
-1138
-1166
-1304
-1501
-1688
-1804
-1817
-1745
-1645
-1558
-1469
-1336
-1142
-912
-687
-497
-342
-214
-121
-103
-190
-353
-501
-554
-487
-316
-61
249
562
821
1000
1097
1112
1067
1010
990
1010
1055
1127
1238
1368
1469
1529
1597
1722
1896
2066
2191
2259
2277
2257
2216
2157
2083
2011
1988
2052
2188
2327
2402
2405
2379
2350
2312
2252
2186
2140
2118
2104
2088
2063
2016
1938
1849
1791
1771
1752
1710
1661
1620
1569
1484
1372
1259
1159
1078
1021
977
913
811
697
607
526
419
296
204
163
140
102
44
-31
-121
-216
-295
-356
-422
-506
-590
-656
-718
-798
-896
-986
-1047
-1075
-1080
-1089
-1127
-1193
-1267
-1339
-1418
-1517
-1623
-1707
-1753
-1769
-1780
-1801
-1838
-1882
-1930
-1983
-2047
-2116
-2178
-2226
-2249
-2223
-2132
-1992
-1844
-1724
-1649
-1636
-1697
-1825
-2002
-2204
-2394
-2498
-2454
-2264
-2004
-1747
-1518
-1325
-1203
-1192
-1285
-1438
-1603
-1741
-1817
-1815
-1748
-1649
-1525
-1365
-1161
-932
-703
-497
-338
-240
-203
-219
-290
-406
-517
-553
-475
-295
-53
220
495
736
914
1020
1066
1072
1055
1042
1049
1081
1131
1192
1260
1335
1422
1538
1698
1893
2079
2210
2270
2272
2235
2168
2080
1997
1950
1961
2029
2141
2267
2361
2383
2337
2275
2247
2245
2228
2181
2133
2115
2109
2076
1996
1891
1797
1736
1712
1719
1739
1743
1712
1646
1557
1452
1337
1221
1115
1025
946
872
801
730
647
549
450
376
336
316
291
239
151
32
-100
-225
-334
-434
-521
-580
-598
-589
-581
-596
-645
-724
-821
-911
-981
-1046
-1130
-1234
-1326
-1384
-1416
-1450
-1504
-1564
-1604
-1600
-1562
-1532
-1557
-1641
-1745
-1834
-1916
-2016
-2134
-2231
-2265
-2230
-2150
-2048
-1941
-1830
-1715
-1609
-1545
-1555
-1638
-1774
-1942
-2125
-2290
-2383
-2361
-2223
-2001
-1737
-1476
-1260
-1115
-1049
-1077
-1209
-1420
-1631
-1760
-1788
-1744
-1659
-1534
-1358
-1132
-870
-607
-401
-286
-229
-171
-116
-127
-237
-393
-495
-487
-370
-164
107
403
692
956
1169
1287
1282
1196
1101
1038
1006
1011
1072
1184
1309
1426
1559
1734
1927
2089
2198
2263
2289
2274
2224
2150
2063
1980
1925
1929
2006
2131
2256
2340
2380
2395
2399
2374
2301
2195
2094
2026
1981
1946
1915
1881
1839
1793
1760
1743
1728
1707
1680
1641
1567
1454
1332
1229
1135
1028
915
822
756
702
649
589
514
425
346
294
257
201
116
12
-97
-210
-317
-405
-475
-541
-598
-628
-628
-622
-632
-673
-751
-861
-979
-1080
-1161
-1236
-1312
-1377
-1421
-1441
-1439
-1431
-1448
-1503
-1565
-1598
-1613
-1650
-1720
-1796
-1867
-1939
-2004
-2044
-2063
-2084
-2102
-2086
-2031
-1969
-1906
-1803
-1662
-1557
-1553
-1620
-1698
-1785
-1920
-2100
-2263
-2328
-2246
-2018
-1711
-1433
-1254
-1157
-1090
-1062
-1127
-1295
-1496
-1642
-1679
-1602
-1456
-1315
-1215
-1110
-940
-707
-479
-312
-211
-152
-116
-102
-127
-211
-330
-400
-340
-152
103
386
686
963
1154
1237
1243
1212
1163
1112
1082
1083
1117
1198
1338
1496
1611
1689
1805
1993
2192
2315
2338
2284
2186
2081
1999
1939
1891
1876
1940
2088
2255
2368
2416
2424
2393
2322
2228
2134
2037
1946
1887
1862
1839
1799
1772
1785
1812
1805
1756
1695
1644
1596
1533
1432
1276
1090
945
887
870
826
744
666
617
584
544
475
368
237
126
58
7
-72
-181
-287
-370
-428
-457
-463
-479
-537
-617
-681
-728
-780
-845
-916
-992
-1073
-1146
-1196
-1235
-1280
-1328
-1368
-1408
-1455
-1489
-1495
-1505
-1557
-1629
-1674
-1698
-1739
-1800
-1859
-1920
-2000
-2069
-2078
-2032
-1990
-1989
-1997
-1970
-1898
-1786
-1648
-1547
-1552
-1648
-1748
-1817
-1905
-2042
-2177
-2225
-2140
-1926
-1631
-1349
-1172
-1117
-1111
-1103
-1132
-1246
-1412
-1554
-1631
-1620
-1504
-1313
-1123
-970
-810
-596
-360
-173
-65
-29
-59
-143
-232
-279
-292
-296
-251
-97
161
463
755
1001
1159
1213
1209
1208
1210
1179
1118
1078
1095
1157
1255
1400
1571
1729
1876
2047
2224
2334
2336
2263
2159
2047
1943
1885
1889
1930
1985
2068
2189
2310
2379
2389
2359
2296
2209
2125
2060
1993
1902
1806
1742
1720
1718
1721
1732
1746
1747
1730
1699
1650
1557
1413
1246
1096
980
893
824
765
711
663
625
601
572
513
418
309
207
106
-10
-135
-247
-336
-409
-466
-501
-510
-510
-517
-542
-590
-663
-746
-821
-891
-981
-1094
-1195
-1252
-1279
-1305
-1338
-1366
-1386
-1400
-1406
-1408
-1426
-1467
-1523
-1582
-1652
-1742
-1827
-1880
-1906
-1931
-1960
-1975
-1967
-1943
-1906
-1873
-1872
-1902
-1905
-1823
-1682
-1569
-1547
-1597
-1668
-1738
-1807
-1889
-1994
-2095
-2102
-1937
-1637
-1336
-1138
-1044
-1011
-1027
-1097
-1217
-1370
-1523
-1621
-1597
-1441
-1227
-1034
-871
-714
-554
-400
-253
-125
-51
-46
-78
-114
-156
-213
-253
-221
-95
114
393
717
1019
1221
1303
1303
1255
1176
1092
1035
1021
1055
1152
1312
1494
1643
1750
1852
1975
2103
2200
2249
2240
2177
2089
2012
1951
1896
1862
1888
1984
2121
2260
2369
2414
2375
2278
2169
2078
1989
1894
1810
1761
1741
1733
1728
1711
1674
1634
1621
1631
1626
1581
1504
1403
1270
1104
935
797
698
633
599
587
574
549
520
482
407
288
157
43
-60
-168
-278
-379
-471
-552
-603
-613
-602
-598
-607
-622
-654
-717
-802
-893
-993
-1103
-1205
-1277
-1324
-1357
-1373
-1368
-1362
-1376
-1405
-1426
-1436
-1455
-1494
-1544
-1603
-1676
-1750
-1801
-1837
-1877
-1920
-1943
-1933
-1900
-1857
-1819
-1809
-1838
-1870
-1840
-1727
-1587
-1497
-1484
-1522
-1579
-1646
-1736
-1860
-1996
-2061
-1967
-1711
-1400
-1156
-1026
-978
-969
-997
-1082
-1227
-1397
-1517
-1521
-1403
-1228
-1071
-950
-826
-669
-486
-309
-166
-65
-4
24
21
-27
-117
-214
-253
-187
-9
255
564
867
1103
1232
1257
1219
1164
1121
1096
1090
1112
1175
1284
1412
1518
1584
1646
1758
1934
2122
2250
2277
2221
2126
2029
1943
1873
1829
1835
1909
2041
2187
2294
2331
2296
2211
2109
2025
1977
1955
1932
1890
1831
1768
1709
1656
1608
1563
1530
1520
1538
1564
1561
1496
1363
1194
1035
916
836
767
688
604
534
492
465
427
359
272
193
143
110
58
-40
-181
-334
-470
-566
-620
-644
-655
-656
-642
-616
-603
-628
-702
-812
-935
-1040
-1111
-1154
-1203
-1275
-1354
-1411
-1435
-1429
-1399
-1358
-1328
-1326
-1339
-1354
-1382
-1459
-1592
-1746
-1870
-1927
-1917
-1873
-1848
-1856
-1855
-1797
-1704
-1645
-1657
-1702
-1714
-1659
-1556
-1458
-1425
-1478
-1582
-1671
-1723
-1768
-1821
-1837
-1760
-1587
-1364
-1152
-1005
-951
-973
-1023
-1070
-1125
-1199
-1269
-1300
-1285
-1237
-1149
-1004
-818
-627
-441
-255
-79
65
159
188
132
-1
-145
-218
-189
-93
38
219
468
762
1042
1250
1349
1342
1280
1229
1216
1216
1203
1187
1195
1241
1327
1460
1631
1810
1971
2115
2247
2334
2333
2234
2079
1923
1812
1767
1790
1862
1952
2045
2139
2226
2279
2275
2217
2128
2028
1935
1856
1789
1718
1632
1552
1510
1516
1544
1567
1573
1561
1528
1472
1394
1289
1145
975
822
724
671
629
581
526
461
386
321
284
256
199
107
15
-59
-134
-232
-348
-467
-580
-665
-694
-679
-665
-668
-669
-667
-698
-773
-864
-946
-1033
-1137
-1227
-1268
-1280
-1304
-1342
-1369
-1386
-1397
-1378
-1324
-1284
-1310
-1380
-1447
-1506
-1584
-1678
-1754
-1797
-1818
-1809
-1754
-1683
-1645
-1640
-1628
-1618
-1659
-1744
-1805
-1797
-1735
-1642
-1523
-1411
-1352
-1356
-1391
-1448
-1557
-1702
-1785
-1735
-1583
-1410
-1251
-1116
-1024
-974
-944
-945
-1014
-1137
-1221
-1195
-1092
-993
-925
-858
-770
-663
-522
-353
-213
-136
-78
22
133
179
143
76
31
41
132
307
522
718
881
1034
1161
1220
1214
1198
1198
1203
1219
1278
1366
1432
1461
1487
1542
1635
1764
1921
2063
2132
2126
2104
2097
2069
1982
1869
1787
1767
1819
1932
2058
2129
2129
2103
2088
2067
2008
1918
1824
1746
1692
1672
1668
1629
1534
1433
1389
1397
1416
1419
1396
1330
1219
1101
1004
919
817
696
585
500
439
403
382
338
249
150
91
71
40
-35
-144
-262
-368
-445
-493
-547
-632
-730
-788
-790
-770
-766
-786
-827
-887
-946
-979
-998
-1044
-1138
-1248
-1331
-1373
-1387
-1394
-1406
-1420
-1415
-1373
-1312
-1291
-1340
-1429
-1502
-1543
-1572
-1609
-1657
-1710
-1751
-1753
-1709
-1650
-1614
-1611
-1620
-1633
-1657
-1689
-1697
-1654
-1562
-1443
-1328
-1244
-1214
-1243
-1324
-1452
-1614
-1757
-1804
-1710
-1510
-1284
-1087
-936
-829
-768
-764
-828
-950
-1085
-1161
-1143
-1063
-989
-941
-878
-763
-601
-426
-261
-111
26
151
250
290
243
131
24
-13
39
162
335
540
753
947
1105
1213
1253
1243
1230
1251
1295
1332
1357
1386
1419
1442
1465
1518
1621
1762
1910
2038
2117
2137
2119
2090
2048
1977
1891
1833
1833
1881
1949
2007
2035
2023
1987
1952
1928
1902
1873
1852
1836
1797
1724
1634
1547
1465
1390
1339
1319
1319
1317
1293
1232
1129
1004
890
809
748
686
618
547
469
384
298
210
114
26
-29
-50
-71
-118
-188
-268
-356
-457
-562
-654
-724
-770
-792
-804
-826
-863
-895
-916
-946
-995
-1043
-1076
-1100
-1132
-1176
-1236
-1317
-1401
-1453
-1454
-1428
-1401
-1372
-1335
-1312
-1321
-1352
-1385
-1432
-1501
-1576
-1628
-1654
-1660
-1645
-1614
-1595
-1600
-1604
-1583
-1555
-1561
-1605
-1644
-1646
-1598
-1497
-1365
-1257
-1216
-1214
-1212
-1229
-1316
-1467
-1605
-1655
-1596
-1451
-1257
-1064
-914
-807
-720
-660
-672
-758
-864
-944
-989
-996
-949
-860
-761
-654
-511
-325
-135
16
130
219
271
276
256
224
168
98
86
192
395
626
834
1002
1118
1187
1233
1273
1300
1299
1292
1314
1368
1425
1472
1513
1545
1571
1628
1742
1884
1992
2042
2057
2053
2023
1968
1915
1886
1872
1863
1874
1910
1951
1968
1952
1903
1830
1758
1717
1709
1704
1676
1638
1613
1603
1583
1528
1426
1286
1147
1066
1063
1088
1078
1013
927
851
787
723
649
559
453
341
238
152
70
-19
-102
-152
-158
-140
-135
-175
-266
-383
-495
-589
-672
-751
-820
-869
-899
-912
-910
-893
-881
-899
-947
-999
-1033
-1054
-1084
-1130
-1187
-1247
-1300
-1332
-1341
-1340
-1347
-1355
-1341
-1299
-1256
-1250
-1296
-1371
-1435
-1465
-1465
-1460
-1465
-1466
-1447
-1415
-1399
-1409
-1435
-1465
-1495
-1513
-1505
-1478
-1452
-1436
-1399
-1310
-1175
-1037
-944
-925
-982
-1090
-1209
-1310
-1385
-1433
-1436
-1366
-1209
-990
-763
-598
-537
-566
-624
-660
-673
-689
-721
-756
-771
-744
-656
-516
-365
-247
-161
-67
68
227
354
404
376
310
262
264
313
391
483
585
696
820
960
1100
1205
1250
1257
1277
1340
1430
1502
1521
1489
1440
1422
1456
1534
1623
1703
1774
1851
1937
2005
2016
1954
1851
1771
1753
1789
1837
1861
1847
1804
1757
1730
1723
1715
1686
1639
1594
1567
1555
1536
1488
1411
1328
1270
1240
1215
1163
1073
953
828
739
711
721
705
627
518
438
405
381
312
174
2
-138
-194
-184
-178
-232
-326
-405
-440
-451
-476
-542
-648
-753
-803
-791
-773
-804
-881
-959
-1006
-1022
-1016
-1004
-1011
-1050
-1095
-1112
-1105
-1109
-1137
-1180
-1224
-1258
-1262
-1236
-1214
-1232
-1276
-1300
-1283
-1246
-1218
-1208
-1222
-1264
-1301
-1290
-1235
-1192
-1197
-1238
-1292
-1337
-1353
-1327
-1290
-1288
-1331
-1371
-1360
-1295
-1196
-1081
-972
-899
-856
-814
-779
-822
-978
-1188
-1343
-1370
-1270
-1101
-944
-852
-802
-713
-548
-379
-317
-391
-525
-621
-635
-590
-556
-590
-660
-652
-486
-219
15
139
195
265
379
500
561
512
373
240
222
334
495
622
701
770
865
994
1135
1249
1308
1326
1341
1373
1404
1411
1399
1377
1349
1335
1381
1498
1635
1724
1743
1728
1719
1732
1758
1771
1751
1706
1670
1669
1692
1696
1657
1590
1527
1497
1504
1514
1480
1396
1310
1272
1283
1307
1315
1294
1237
1144
1036
940
860
771
659
543
462
446
485
532
536
474
369
268
198
144
65
-66
-226
-351
-401
-398
-400
-437
-491
-521
-511
-486
-491
-550
-640
-721
-775
-819
-875
-937
-985
-1013
-1024
-1016
-991
-966
-963
-979
-1003
-1031
-1053
-1057
-1051
-1064
-1110
-1165
-1195
-1191
-1170
-1154
-1153
-1156
-1138
-1087
-1032
-1018
-1053
-1096
-1112
-1113
-1120
-1121
-1104
-1096
-1126
-1182
-1226
-1241
-1239
-1233
-1230
-1220
-1180
-1089
-958
-824
-719
-644
-602
-621
-728
-896
-1061
-1169
-1205
-1168
-1068
-920
-746
-569
-420
-329
-302
-309
-318
-330
-373
-454
-539
-572
-532
-448
-362
-288
-207
-94
56
216
352
444
494
511
492
442
387
364
393
469
576
687
772
817
845
904
1008
1117
1190
1235
1284
1342
1379
1368
1312
1247
1227
1278
1365
1430
1459
1487
1535
1580
1589
1560
1520
1497
1502
1529
1548
1536
1505
1490
1493
1471
1406
1334
1288
1259
1230
1203
1181
1161
1141
1113
1062
986
919
900
910
891
815
713
622
534
438
358
314
288
258
222
176
105
16
-62
-117
-158
-198
-236
-281
-345
-420
-475
-496
-506
-540
-602
-672
-721
-735
-725
-732
-779
-842
-881
-891
-892
-879
-846
-824
-842
-886
-916
-931
-956
-991
-1011
-1014
-1024
-1040
-1030
-991
-962
-970
-984
-967
-920
-864
-820
-816
-863
-930
-973
-987
-999
-1019
-1034
-1030
-1006
-969
-936
-929
-956
-983
-972
-937
-923
-931
-899
-789
-637
-512
-469
-520
-635
-753
-833
-884
-920
-921
-857
-748
-655
-593
-511
-381
-249
-183
-188
-226
-266
-298
-315
-334
-383
-457
-497
-444
-305
-143
2
134
272
395
467
472
432
385
357
352
363
381
405
434
477
552
666
795
901
968
1011
1055
1107
1163
1209
1224
1187
1107
1042
1051
1140
1246
1294
1277
1252
1277
1339
1378
1367
1353
1394
1474
1513
1465
1368
1300
1291
1300
1272
1199
1114
1050
1013
999
1001
1008
1009
1008
1026
1066
1088
1042
933
815
726
641
527
400
309
269
257
244
223
198
177
168
168
157
116
43
-48
-149
-252
-345
-423
-502
-589
-649
-651
-607
-555
-516
-499
-518
-579
-645
-667
-654
-661
-714
-775
-809
-834
-874
-922
-956
-963
-940
-876
-784
-710
-688
-716
-764
-810
-840
-845
-840
-865
-927
-968
-927
-833
-770
-780
-826
-851
-833
-790
-745
-722
-732
-757
-765
-760
-769
-800
-826
-836
-840
-840
-823
-805
-807
-803
-718
-535
-338
-234
-251
-352
-498
-646
-724
-703
-656
-658
-687
-665
-578
-483
-409
-330
-229
-138
-90
-84
-109
-160
-213
-240
-253
-282
-302
-263
-185
-127
-90
-7
147
306
393
396
366
353
375
412
429
408
382
398
453
510
562
626
677
688
703
793
938
1039
1051
1019
998
995
1004
1034
1082
1114
1101
1060
1025
1013
1032
1088
1154
1195
1213
1232
1239
1213
1181
1179
1182
1138
1056
980
922
863
826
850
906
909
840
777
779
817
839
844
826
751
624
501
414
341
264
206
183
169
137
100
84
79
66
44
23
-12
-69
-130
-186
-262
-366
-460
-509
-523
-525
-516
-493
-472
-475
-504
-537
-556
-562
-568
-588
-623
-656
-663
-654
-667
-713
-747
-734
-696
-685
-703
-710
-681
-634
-601
-590
-597
-625
-669
-705
-706
-677
-655
-665
-691
-698
-678
-651
-634
-629
-635
-659
-681
-659
-578
-493
-492
-592
-714
-768
-745
-711
-723
-771
-807
-796
-730
-611
-462
-329
-258
-258
-284
-299
-319
-400
-554
-702
-740
-642
-497
-425
-463
-540
-551
-440
-239
-52
18
-41
-139
-169
-134
-133
-231
-362
-413
-359
-274
-216
-160
-67
51
151
225
298
375
422
411
362
337
374
443
467
414
355
386
499
584
583
562
616
740
862
940
988
1010
979
904
856
893
995
1083
1086
983
830
735
766
891
1008
1051
1028
993
986
1016
1058
1080
1068
1030
972
891
794
715
674
649
626
634
674
676
599
522
554
674
746
681
522
366
265
217
196
166
99
10
-53
-83
-114
-153
-162
-133
-117
-159
-236
-295
-306
-283
-266
-300
-390
-495
-555
-552
-519
-501
-507
-510
-508
-529
-587
-631
-592
-471
-367
-376
-482
-583
-603
-556
-483
-418
-412
-506
-657
-740
-677
-518
-391
-376
-453
-532
-547
-513
-471
-428
-381
-370
-447
-572
-625
-544
-409
-342
-365
-434
-527
-612
-588
-421
-247
-227
-348
-479
-561
-617
-647
-632
-591
-554
-510
-442
-396
-412
-424
-331
-175
-112
-192
-324
-430
-493
-493
-426
-374
-408
-471
-460
-383
-320
-276
-189
-60
7
-56
-192
-293
-307
-251
-186
-191
-271
-317
-236
-94
-20
-9
34
123
181
175
154
171
231
303
345
320
243
195
251
387
502
527
482
424
408
481
632
764
789
724
654
641
696
798
891
908
852
801
818
868
869
800
735
756
842
891
834
738
739
881
1041
1048
885
701
629
652
678
658
609
556
504
454
421
433
484
518
484
408
362
363
359
313
231
135
35
-44
-72
-60
-56
-81
-99
-84
-76
-129
-222
-291
-307
-291
-270
-266
-296
-358
-440
-521
-548
-463
-305
-219
-297
-450
-513
-429
-292
-224
-276
-405
-512
-498
-345
-158
-90
-204
-431
-633
-666
-461
-150
-3
-140
-382
-495
-456
-376
-298
-211
-179
-276
-450
-545
-490
-372
-298
-277
-273
-291
-366
-490
-581
-520
-269
1
23
-250
-564
-679
-615
-514
-437
-396
-436
-559
-646
-581
-410
-281
-248
-258
-272
-291
-276
-203
-170
-288
-482
-565
-490
-393
-390
-446
-455
-363
-209
-89
-78
-171
-268
-265
-158
-56
-53
-141
-241
-287
-251
-139
-8
53
-5
-130
-197
-115
70
218
234
165
118
136
199
291
401
473
439
315
216
233
328
392
379
352
385
477
563
594
586
592
646
726
786
800
774
722
659
613
612
647
665
633
588
603
692
784
807
758
695
666
674
697
699
653
574
518
512
512
473
422
406
412
382
316
277
294
308
263
196
188
244
277
219
107
38
54
93
64
-36
-122
-141
-139
-174
-219
-215
-177
-173
-205
-197
-119
-67
-137
-286
-360
-282
-130
-50
-118
-298
-479
-542
-439
-238
-71
-34
-131
-304
-455
-458
-251
37
141
-56
-353
-449
-314
-189
-222
-290
-249
-170
-215
-368
-469
-428
-307
-187
-98
-78
-177
-349
-450
-397
-259
-151
-119
-164
-288
-455
-557
-510
-373
-299
-361
-468
-485
-395
-303
-308
-387
-432
-392
-344
-382
-457
-433
-291
-194
-276
-441
-493
-415
-374
-447
-510
-445
-307
-222
-229
-288
-362
-409
-359
-201
-56
-65
-214
-351
-367
-276
-164
-138
-255
-414
-407
-174
76
116
-14
-96
-49
10
0
0
78
160
162
120
91
59
22
63
215
363
381
305
279
345
404
388
375
465
592
583
400
229
271
504
703
708
573
442
373
359
434
619
791
782
592
424
446
608
737
734
638
526
436
378
375
438
525
563
509
399
324
342
428
508
527
466
338
211
165
209
269
279
238
175
112
70
53
40
29
79
218
327
223
-77
-298
-222
36
203
178
34
-169
-377
-428
-193
171
298
34
-348
-459
-231
51
132
32
-88
-163
-240
-314
-290
-139
-11
-56
-198
-233
-151
-128
-208
-230
-144
-120
-261
-402
-348
-171
-110
-254
-441
-464
-276
-23
60
-145
-430
-439
-151
17
-211
-551
-573
-304
-128
-226
-408
-444
-347
-258
-237
-262
-293
-293
-260
-282
-415
-531
-462
-273
-208
-358
-555
-591
-417
-150
20
-48
-316
-571
-627
-508
-364
-264
-184
-162
-290
-491
-531
-316
-47
31
-95
-250
-292
-219
-115
-85
-196
-387
-475
-341
-94
30
-38
-129
-78
60
121
71
7
-14
-25
-27
39
158
200
86
-69
-79
89
275
330
272
220
239
297
351
395
414
361
223
104
146
349
534
545
423
323
315
360
422
484
507
458
382
366
425
477
451
376
341
380
444
479
470
432
381
331
296
281
272
251
241
292
385
410
317
230
265
323
245
98
93
254
344
187
-84
-175
39
368
489
251
-149
-307
-44
333
374
67
-177
-121
31
21
-93
-107
-2
75
38
-36
-30
58
104
-3
-208
-293
-104
212
312
56
-318
-472
-322
-52
86
-38
-302
-410
-214
81
159
-34
-287
-410
-364
-176
74
167
-94
-552
-726
-367
160
280
-100
-519
-554
-266
-20
-25
-172
-272
-294
-311
-315
-254
-180
-197
-274
-288
-224
-191
-253
-355
-421
-413
-308
-156
-130
-359
-651
-625
-229
86
-84
-537
-727
-447
-28
110
-118
-464
-617
-481
-233
-139
-285
-482
-474
-243
-45
-105
-313
-359
-151
38
-71
-353
-416
-153
82
-30
-301
-336
-125
6
-76
-166
-118
-36
-29
-48
-35
-44
-80
-17
182
315
201
-30
-104
33
204
271
242
170
108
127
237
320
251
106
100
292
473
433
248
181
349
583
627
413
134
51
224
458
511
342
144
109
245
403
450
366
247
235
359
450
339
144
160
416
558
312
-83
-141
232
595
542
171
-99
-20
274
444
298
9
-54
207
450
330
-28
-188
14
287
325
168
31
-20
-23
54
211
278
103
-175
-260
-81
143
226
203
155
50
-114
-169
13
273
298
16
-313
-416
-236
107
367
246
-262
-618
-272
486
714
63
-664
-572
110
416
32
-393
-318
1
103
-8
-99
-150
-232
-267
-165
-30
-29
-153
-220
-126
11
-5
-187
-323
-235
-34
-27
-280
-445
-239
70
9
-374
-571
-359
-52
9
-144
-290
-307
-215
-106
-110
-280
-465
-434
-200
-68
-225
-464
-474
-266
-112
-152
-266
-300
-254
-220
-233
-234
-185
-149
-201
-306
-357
-321
-235
-141
-93
-168
-336
-401
-223
46
97
-149
-421
-406
-101
189
191
-58
-291
-294
-105
60
46
-83
-167
-124
16
149
129
-73
-215
-19
366
468
152
-156
-73
230
348
218
110
152
193
121
52
111
244
332
341
276
167
97
149
298
448
499
381
140
-5
130
423
560
402
117
-37
62
346
600
594
310
37
94
405
554
340
60
85
357
516
365
64
-78
109
468
636
425
52
-116
34
311
483
454
269
52
-55
18
192
298
256
165
163
224
185
4
-101
117
524
614
115
-508
-521
110
632
491
-12
-257
-115
71
94
99
231
320
113
-276
-386
-13
436
401
-100
-486
-351
61
226
7
-269
-277
-11
293
316
-89
-594
-583
58
619
404
-382
-913
-697
0
500
336
-321
-774
-522
134
408
-1
-535
-550
-154
90
-13
-217
-339
-355
-229
-76
-175
-484
-520
-89
289
53
-586
-889
-505
142
363
-55
-659
-810
-336
239
242
-314
-723
-551
-174
-88
-215
-269
-276
-332
-296
-107
-35
-264
-526
-462
-134
80
2
-197
-323
-368
-365
-283
-138
-24
-14
-125
-316
-401
-193
177
312
37
-377
-538
-321
92
371
279
-90
-352
-244
85
283
218
49
-57
-86
-34
148
373
378
74
-218
-120
308
594
414
-21
-189
112
508
536
251
60
108
205
254
348
452
383
167
62
179
349
420
443
446
309
53
-4
315
668
592
144
-184
-65
354
677
622
259
-46
-11
280
529
540
327
54
-32
197
515
499
69
-299
-121
425
682
361
-120
-220
124
556
680
347
-169
-340
24
463
425
-9
-276
-78
289
364
78
-198
-124
205
377
183
-112
-125
102
156
-77
-190
59
281
77
-289
-314
-17
215
218
69
-210
-531
-541
-14
615
582
-206
-900
-704
138
655
301
-471
-760
-261
345
227
-463
-756
-251
298
111
-499
-650
-160
287
160
-289
-514
-384
-168
-93
-175
-303
-335
-224
-120
-183
-324
-344
-247
-206
-280
-347
-285
-132
-81
-275
-548
-513
-73
291
20
-717
-1061
-492
420
635
-104
-1008
-1161
-430
471
641
-125
-1007
-1002
-122
584
342
-458
-883
-589
-29
250
118
-224
-471
-366
7
184
-93
-415
-282
96
130
-219
-410
-167
157
147
-112
-234
-69
173
228
67
-95
-17
247
317
-4
-341
-218
224
430
231
-15
-15
148
284
318
226
57
40
338
644
437
-176
-400
166
855
807
136
-292
-21
526
696
357
-74
-133
246
674
681
241
-119
85
629
805
353
-171
-122
397
719
482
21
-144
76
362
438
309
142
97
231
438
497
302
55
44
239
307
105
-82
57
360
359
-40
-307
42
659
693
-14
-576
-233
547
702
71
-430
-184
301
302
-24
-79
142
190
9
-91
-65
-81
-52
170
315
23
-413
-322
280
563
95
-493
-460
33
346
246
-61
-336
-384
-119
189
104
-324
-496
-111
306
157
-302
-369
-12
128
-197
-490
-325
61
174
-113
-484
-561
-264
113
182
-135
-503
-549
-278
-15
17
-143
-360
-490
-374
-73
44
-220
-491
-339
13
-15
-424
-583
-229
67
-201
-637
-548
-27
203
-129
-536
-527
-198
32
-39
-250
-338
-245
-149
-220
-381
-401
-227
-87
-134
-213
-174
-158
-267
-266
-9
153
-102
-429
-282
159
171
-369
-696
-282
343
365
-149
-460
-259
53
100
2
26
148
129
-90
-271
-178
93
244
160
12
-33
-6
14
96
286
378
136
-236
-229
257
679
539
38
-223
-3
384
519
318
26
-75
98
413
611
458
-14
-370
-126
602
1030
576
-288
-497
235
957
742
-46
-341
122
594
506
141
24
209
399
390
198
-26
-45
271
650
602
98
-264
-36
429
497
142
-103
56
334
338
89
-64
76
316
341
113
-92
-34
192
283
133
-37
-1
171
249
168
47
-9
10
103
227
225
-13
-277
-199
221
479
185
-346
-457
-43
316
206
-92
-153
-42
-27
-77
-52
-70
-243
-318
-52
244
63
-458
-594
-85
442
339
-230
-632
-522
-49
331
166
-459
-815
-392
299
332
-326
-760
-410
186
247
-168
-443
-354
-171
-122
-232
-417
-435
-143
95
-174
-633
-512
147
388
-217
-828
-564
176
368
-103
-479
-432
-314
-268
-81
113
-83
-514
-557
-97
258
60
-378
-503
-277
-91
-139
-237
-211
-136
-155
-259
-296
-164
6
-33
-247
-298
-86
16
-242
-509
-329
136
307
7
-337
-342
-126
-2
-14
-18
9
-2
-35
-50
-82
-118
-22
226
341
58
-415
-521
-46
519
541
36
-357
-198
238
404
191
-38
5
214
310
201
62
85
224
266
148
48
110
235
256
201
210
278
272
201
204
257
206
134
272
493
396
25
-82
235
454
227
-22
186
537
408
-74
-179
267
608
401
26
-13
197
308
299
341
381
223
-50
-67
288
568
325
-160
-179
342
647
262
-239
-87
461
486
-90
-319
217
654
259
-343
-222
353
451
5
-241
-40
98
-57
-79
214
305
-120
-487
-177
437
515
-22
-433
-240
188
221
-172
-411
-141
254
208
-190
-359
-107
132
2
-276
-302
-89
38
-40
-172
-252
-266
-155
12
-48
-356
-441
-61
275
38
-444
-478
-60
172
-72
-391
-385
-159
11
32
-132
-424
-461
37
554
285
-574
-923
-331
346
240
-362
-605
-304
-2
-37
-202
-256
-227
-170
-95
-108
-267
-392
-309
-113
-8
-72
-267
-441
-353
16
251
-24
-510
-514
3
247
-196
-624
-310
266
161
-475
-645
-99
339
117
-292
-288
-55
-86
-309
-277
14
132
-71
-276
-236
-72
20
36
58
83
58
-13
-70
-68
-11
62
116
149
168
125
-29
-182
-78
312
578
318
-224
-344
149
574
333
-190
-195
315
555
197
-154
37
404
371
108
134
347
253
-41
46
474
519
-4
-293
192
781
594
-52
-150
403
684
251
-218
-52
422
510
214
66
223
328
201
82
152
267
276
238
233
216
155
133
200
248
167
49
99
333
493
338
-31
-189
121
541
460
-86
-338
85
553
352
-215
-298
200
516
230
-156
-102
189
266
149
67
-20
-146
-79
218
327
-5
-369
-248
204
377
69
-294
-287
16
253
194
-93
-282
-87
278
235
-296
-627
-276
284
322
-101
-352
-205
-30
-75
-151
-102
-68
-113
-88
-27
-152
-353
-239
139
220
-184
-508
-278
148
132
-277
-472
-232
27
-34
-238
-296
-208
-92
23
54
-152
-480
-509
-100
253
53
-423
-490
-89
128
-137
-351
-88
163
-219
-824
-697
150
627
132
-598
-618
-112
56
-266
-398
-27
275
2
-462
-452
-35
138
-144
-374
-167
114
-67
-514
-544
-43
325
125
-241
-240
-20
-25
-166
-30
260
126
-421
-597
-39
508
273
-343
-394
137
367
-37
-345
14
506
343
-254
-396
91
451
212
-133
9
396
410
48
-139
54
262
236
173
223
165
-103
-191
211
674
518
-138
-411
123
789
721
56
-281
128
630
461
-157
-326
254
836
639
-96
-440
-4
618
691
256
-66
49
332
414
281
143
110
156
233
271
173
-12
-24
281
577
389
-160
-344
148
652
461
-92
-140
332
474
-2
-284
196
721
396
-337
-358
339
670
199
-288
-122
312
370
110
-61
-97
-98
66
332
217
-343
-554
51
655
317
-460
-454
288
519
-132
-540
-20
500
94
-567
-407
220
222
-333
-414
134
360
-84
-353
19
255
-233
-664
-201
490
232
-665
-815
15
522
-28
-659
-346
291
83
-669
-664
189
531
-240
-933
-446
470
405
-481
-770
-50
511
88
-575
-493
29
107
-247
-345
-106
-69
-331
-381
-60
115
-170
-474
-318
37
25
-338
-518
-256
125
161
-229
-643
-598
-88
333
179
-367
-673
-427
44
227
3
-337
-472
-317
-37
74
-109
-318
-203
114
158
-179
-441
-280
53
120
-95
-269
-270
-238
-231
-131
61
152
50
-95
-134
-85
-16
56
99
56
-25
-17
76
82
-53
-106
107
378
322
-52
-288
-93
270
366
169
8
67
201
237
186
139
127
141
173
189
152
105
125
181
158
69
71
207
308
263
185
198
232
168
69
108
302
419
266
23
66
409
562
188
-308
-233
401
788
421
-170
-203
223
435
268
125
140
81
-26
104
394
428
151
-27
55
89
-14
101
430
381
-155
-376
150
641
326
-291
-270
265
450
115
-89
91
172
-57
-158
52
172
52
59
250
196
-148
-256
27
151
-163
-371
-57
267
20
-381
-227
210
144
-324
-388
64
287
-51
-379
-226
63
16
-211
-235
-132
-163
-208
-61
73
-87
-328
-263
-13
-3
-208
-220
-37
-102
-436
-458
23
335
-40
-577
-498
-11
85
-252
-348
-114
-164
-521
-413
259
466
-303
-978
-480
481
439
-498
-841
-126
442
45
-565
-490
-42
47
-186
-268
-198
-261
-361
-213
12
-60
-302
-294
-98
-116
-337
-376
-161
-1
-59
-212
-323
-341
-217
2
89
-98
-326
-268
-34
-36
-284
-330
-16
227
42
-307
-340
-22
227
101
-208
-293
-102
29
-75
-169
-46
90
2
-137
-29
171
62
-255
-229
183
346
33
-139
164
338
-26
-286
137
611
276
-421
-357
388
619
25
-316
175
620
277
-201
-1
483
449
34
-78
155
241
122
165
335
220
-92
-34
411
568
180
-148
75
488
497
154
-13
190
393
285
77
125
344
350
100
-26
181
437
395
149
41
125
167
122
201
386
367
92
-72
68
232
176
62
104
194
142
33
96
315
378
102
-244
-196
297
678
378
-367
-632
-6
690
482
-289
-465
124
465
68
-294
17
401
86
-475
-301
441
608
-104
-676
-363
254
307
-81
-226
-28
47
-135
-195
24
149
-78
-345
-276
-32
-4
-159
-155
24
41
-168
-233
13
182
-89
-499
-443
94
410
8
-672
-768
-130
444
246
-392
-550
-43
281
-152
-649
-282
524
507
-435
-978
-383
361
112
-639
-638
72
307
-239
-560
-131
236
-136
-625
-403
175
178
-384
-626
-214
187
40
-311
-324
-82
-9
-179
-287
-150
27
-62
-365
-480
-222
57
-28
-294
-255
74
152
-191
-392
-78
208
-115
-565
-314
354
388
-329
-732
-229
405
261
-341
-448
34
310
8
-326
-177
189
232
-66
-246
-52
220
173
-81
-92
171
221
-115
-322
-10
368
202
-235
-157
410
557
-24
-432
29
674
504
-202
-354
237
636
281
-219
-114
374
503
164
-73
91
322
300
191
240
316
198
43
174
475
452
27
-215
128
586
474
-31
-119
388
711
310
-239
-98
540
740
236
-232
-75
356
439
176
9
85
225
343
431
310
-52
-209
164
582
367
-233
-334
228
640
378
-62
-79
126
121
63
236
349
87
-162
45
334
132
-270
-161
341
421
-72
-341
31
367
39
-448
-273
346
490
-33
-458
-246
221
328
84
-95
-111
-197
-306
-123
242
202
-332
-607
-135
469
369
-256
-552
-260
83
92
-13
-1
-36
-225
-316
-176
-48
-79
-114
-127
-247
-316
-101
125
-67
-428
-340
115
210
-212
-445
-125
132
-146
-393
-43
336
-3
-605
-526
76
237
-218
-498
-222
26
-215
-479
-191
273
118
-544
-757
-175
384
160
-425
-462
47
238
-211
-558
-217
241
23
-551
-571
-30
243
-34
-285
-162
-24
-140
-208
-12
96
-167
-421
-225
126
52
-341
-453
-146
107
-5
-258
-334
-216
-57
28
-24
-193
-274
-88
173
130
-176
-258
67
320
82
-312
-273
112
251
22
-101
67
148
-33
-99
161
352
145
-123
-4
288
238
-66
-76
256
375
60
-215
-50
320
437
234
27
72
280
367
245
133
210
335
279
109
95
269
367
280
242
345
307
44
-22
310
530
235
-108
110
593
577
47
-227
151
634
552
36
-248
1
444
577
266
-123
-106
273
446
175
-54
162
454
317
-46
-103
150
291
237
252
301
99
-164
18
465
396
-224
-447
132
646
319
-318
-307
259
467
16
-399
-213
231
315
12
-220
-98
201
268
-25
-296
-147
192
190
-126
-249
-66
15
-120
-86
191
174
-311
-528
3
504
116
-556
-379
345
368
-360
-599
70
544
28
-687
-536
155
307
-181
-471
-236
-2
-115
-279
-220
-93
-92
-124
-33
71
-69
-414
-530
-157
301
235
-296
-587
-266
170
86
-359
-493
-175
49
-127
-330
-220
-27
-74
-247
-264
-119
-32
-128
-288
-264
-18
132
-78
-409
-410
-113
-21
-288
-415
-83
208
-55
-424
-191
299
158
-473
-591
-26
297
-68
-421
-201
99
-118
-476
-312
118
84
-331
-383
24
197
-149
-442
-218
167
137
-222
-328
5
279
62
-346
-358
41
307
161
-67
-20
128
36
-164
-72
241
279
-43
-206
74
377
255
-79
-145
79
214
110
-5
38
124
124
91
111
174
247
304
263
124
75
259
471
378
38
-116
117
398
359
124
57
224
410
483
445
288
69
8
227
475
407
105
-16
156
283
182
123
317
518
410
110
-18
137
326
296
99
3
148
354
345
121
-1
188
457
430
149
-13
41
73
42
166
385
340
2
-197
-29
202
183
51
62
126
45
-58
25
145
49
-123
-75
118
176
88
30
9
-57
-102
-26
81
51
-92
-179
-145
-71
2
82
86
-38
-128
-37
86
28
-116
-131
-51
-43
-121
-187
-213
-208
-155
-76
-38
-42
-27
-26
-152
-319
-256
11
42
-311
-528
-228
142
23
-322
-296
-10
-52
-411
-457
-44
171
-192
-568
-339
175
250
-157
-479
-417
-186
-43
-27
-119
-304
-449
-370
-114
17
-152
-393
-368
-98
60
-103
-368
-379
-133
8
-157
-348
-254
-58
-143
-430
-471
-165
75
-52
-323
-387
-240
-94
-6
46
-35
-266
-372
-160
86
-16
-336
-417
-160
71
29
-117
-142
-103
-144
-183
-70
91
55
-180
-344
-246
2
155
132
70
74
42
-113
-194
9
283
213
-143
-263
57
358
196
-176
-215
82
242
108
11
134
245
188
139
225
276
151
-2
25
192
294
257
203
224
246
184
123
202
367
395
206
41
167
454
500
231
51
219
437
361
156
173
373
424
228
29
40
194
278
207
103
135
318
482
452
257
99
92
164
265
400
421
157
-166
-105
280
423
119
-149
23
361
399
180
79
170
200
93
43
113
152
106
62
26
-31
-2
164
255
83
-177
-200
50
296
293
79
-114
-117
23
100
-6
-169
-152
41
121
-47
-216
-149
7
-2
-118
-138
-83
-114
-207
-191
-53
30
-41
-150
-156
-90
-78
-167
-280
-293
-157
-1
-30
-231
-319
-130
84
-17
-333
-442
-238
-86
-221
-371
-233
7
-3
-196
-232
-104
-128
-321
-324
-57
52
-217
-449
-274
-24
-175
-500
-418
35
228
-81
-395
-291
-33
-57
-268
-299
-178
-211
-388
-379
-134
-15
-235
-496
-422
-130
-57
-305
-479
-281
38
41
-287
-554
-488
-201
10
-29
-244
-371
-216
87
168
-111
-432
-422
-164
-46
-169
-248
-113
42
27
-84
-161
-180
-125
15
107
-2
-208
-254
-116
-41
-133
-172
6
187
103
-127
-180
-15
130
145
140
161
97
-62
-118
81
368
424
199
5
85
292
345
244
185
209
211
193
233
282
238
194
316
504
461
196
89
292
458
319
155
292
518
439
158
98
320
458
313
119
129
256
292
259
304
392
362
221
162
277
429
443
312
164
112
179
309
399
347
167
30
83
237
274
172
115
174
206
146
121
196
234
143
33
45
150
219
188
85
-23
-35
113
291
250
-18
-174
15
304
316
73
-98
-41
81
94
31
28
102
114
-15
-154
-133
-7
23
-84
-161
-113
-46
-62
-81
-32
-44
-210
-317
-137
126
81
-220
-345
-152
42
-6
-177
-270
-261
-198
-94
-8
-60
-235
-333
-242
-130
-186
-314
-276
-63
86
17
-169
-268
-217
-149
-195
-293
-301
-247
-271
-344
-303
-161
-116
-222
-287
-186
-51
-48
-128
-154
-139
-200
-320
-361
-280
-180
-161
-241
-368
-423
-323
-183
-190
-301
-298
-154
-95
-227
-367
-333
-211
-172
-208
-220
-245
-352
-424
-299
-80
-34
-201
-346
-308
-186
-146
-196
-234
-206
-169
-193
-251
-243
-132
-4
10
-114
-260
-301
-226
-123
-72
-101
-178
-212
-132
2
38
-52
-115
-32
87
67
-45
-46
99
192
127
46
84
164
165
130
156
209
196
150
174
243
251
220
260
347
365
327
332
351
288
206
244
358
370
261
203
281
376
383
361
363
341
316
409
575
577
358
177
219
336
330
251
261
340
346
270
243
312
370
343
292
284
302
312
316
303
240
144
83
108
184
224
193
170
234
318
286
166
124
195
211
88
0
119
311
292
53
-92
63
320
349
112
-108
-63
183
325
170
-113
-187
12
201
152
-26
-104
-60
-28
-42
-21
25
-13
-127
-166
-74
19
15
-26
-47
-93
-171
-172
-44
67
6
-164
-238
-152
-38
-29
-121
-223
-242
-143
-17
-42
-257
-435
-338
-60
61
-94
-276
-259
-154
-161
-229
-204
-136
-197
-356
-392
-223
-28
-2
-136
-282
-331
-262
-146
-133
-282
-415
-320
-91
-44
-260
-456
-382
-161
-88
-234
-399
-399
-272
-168
-175
-276
-397
-453
-420
-359
-343
-364
-375
-359
-355
-408
-496
-530
-446
-320
-282
-331
-337
-249
-187
-250
-348
-330
-211
-155
-235
-347
-377
-334
-285
-266
-286
-326
-319
-229
-126
-100
-133
-136
-94
-75
-118
-180
-213
-214
-190
-136
-74
-49
-70
-81
-48
14
93
177
215
167
93
97
173
216
179
143
180
245
261
245
273
342
380
368
361
388
403
367
317
321
389
461
470
415
356
354
419
501
536
505
452
429
442
451
435
418
436
466
457
412
398
440
466
411
331
329
392
408
344
299
345
405
366
256
201
240
301
314
273
208
160
166
204
198
128
80
143
266
316
236
110
42
60
134
190
151
32
-25
70
199
190
62
-20
-3
12
-18
5
131
233
175
20
-56
-11
45
38
8
4
10
-5
-27
-27
-28
-74
-133
-106
24
114
32
-132
-174
-55
53
22
-83
-142
-149
-160
-164
-114
-42
-45
-142
-238
-241
-158
-65
-35
-77
-126
-109
-46
-35
-114
-211
-239
-173
-71
-39
-135
-272
-296
-187
-87
-98
-148
-141
-131
-216
-323
-286
-135
-102
-269
-443
-436
-301
-203
-220
-318
-410
-402
-295
-215
-274
-413
-466
-386
-296
-311
-409
-505
-566
-583
-525
-419
-368
-430
-534
-584
-560
-501
-469
-509
-587
-602
-500
-357
-287
-313
-368
-385
-358
-331
-349
-412
-470
-458
-382
-318
-307
-297
-250
-224
-247
-221
-95
-3
-81
-232
-250
-121
-33
-94
-191
-180
-79
11
67
127
174
166
131
142
211
271
264
204
167
214
325
415
419
367
354
429
544
611
606
576
569
578
574
551
534
544
575
608
633
665
704
721
690
637
625
667
693
637
527
457
469
527
573
574
531
478
464
501
537
510
425
346
311
304
304
305
289
242
196
198
219
189
116
82
116
153
135
84
50
42
34
14
0
-3
-5
-13
-25
-34
-31
-20
-31
-76
-116
-111
-85
-78
-76
-54
-42
-63
-79
-51
-15
-18
-29
6
46
11
-76
-103
-44
2
-22
-54
-48
-44
-65
-67
-28
6
12
18
26
-2
-58
-70
-19
12
-42
-114
-113
-71
-78
-125
-122
-60
-29
-68
-108
-86
-47
-65
-127
-148
-106
-78
-127
-218
-266
-241
-176
-123
-126
-202
-303
-327
-233
-121
-128
-262
-394
-403
-301
-193
-157
-198
-276
-335
-347
-334
-347
-396
-436
-429
-388
-353
-361
-430
-518
-543
-472
-383
-383
-486
-594
-613
-561
-523
-544
-592
-633
-664
-692
-694
-647
-585
-583
-667
-748
-718
-593
-494
-474
-460
-393
-320
-306
-345
-387
-417
-435
-422
-381
-372
-424
-463
-401
-287
-240
-271
-270
-175
-39
65
120
130
92
24
-22
-12
34
83
130
177
219
262
326
394
424
422
441
503
567
594
597
601
604
605
617
649
681
695
714
761
815
834
818
797
782
774
782
809
843
860
847
803
753
739
771
794
747
652
597
612
627
580
513
482
463
418
378
386
409
392
349
324
306
254
187
166
178
150
78
41
65
68
0
-82
-115
-110
-103
-87
-55
-47
-93
-155
-175
-162
-168
-191
-193
-174
-182
-219
-229
-189
-150
-167
-222
-247
-210
-141
-91
-79
-87
-82
-47
-6
-1
-38
-63
-30
29
43
3
-25
-9
12
11
26
93
167
179
135
109
129
157
164
161
156
126
77
56
87
126
123
86
62
71
90
87
62
39
37
41
28
0
-17
-14
-15
-42
-75
-73
-42
-38
-93
-163
-183
-159
-167
-247
-352
-402
-385
-356
-352
-353
-342
-341
-368
-396
-392
-372
-367
-383
-419
-479
-544
-580
-592
-625
-686
-715
-670
-604
-596
-639
-663
-649
-639
-652
-666
-678
-703
-729
-735
-741
-767
-797
-816
-841
-876
-880
-825
-763
-762
-805
-815
-759
-671
-567
-436
-315
-263
-266
-255
-226
-247
-337
-421
-429
-384
-352
-355
-348
-300
-225
-147
-53
81
229
336
381
400
428
451
436
387
342
324
328
359
424
494
533
564
634
739
828
883
914
927
929
945
974
974
935
907
927
948
913
863
876
934
951
916
909
939
931
865
824
847
872
852
810
783
756
711
660
618
569
500
435
399
375
329
268
219
190
168
151
138
121
102
89
78
44
-25
-119
-207
-256
-267
-269
-287
-309
-323
-335
-354
-360
-334
-297
-289
-311
-332
-336
-336
-344
-349
-350
-358
-368
-355
-313
-271
-240
-206
-167
-138
-126
-119
-113
-109
-91
-48
-3
15
12
21
54
92
117
142
185
231
253
248
245
264
289
296
287
284
296
305
307
331
381
406
370
323
327
351
338
305
314
349
334
254
176
150
152
151
157
180
188
163
129
105
68
19
-9
-15
-48
-124
-198
-239
-273
-317
-346
-344
-336
-351
-368
-358
-343
-373
-443
-499
-518
-536
-588
-658
-701
-706
-705
-729
-768
-784
-768
-747
-743
-750
-763
-789
-819
-827
-814
-810
-832
-863
-887
-902
-909
-905
-895
-897
-910
-914
-906
-921
-971
-1012
-1000
-951
-916
-902
-881
-837
-778
-706
-609
-485
-360
-265
-198
-139
-91
-97
-173
-262
-289
-247
-204
-203
-208
-158
-44
88
198
285
370
472
591
703
770
772
730
682
654
656
664
647
611
623
721
846
910
922
968
1071
1164
1191
1181
1178
1166
1124
1083
1072
1053
987
916
901
932
945
924
900
887
874
855
844
840
821
779
741
724
713
676
605
522
448
392
340
274
200
140
104
68
12
-56
-107
-123
-113
-110
-129
-151
-148
-135
-157
-220
-289
-332
-363
-405
-452
-489
-520
-551
-563
-542
-508
-493
-485
-452
-387
-307
-228
-169
-158
-194
-233
-244
-246
-267
-289
-280
-242
-204
-171
-128
-78
-38
3
74
168
241
273
285
306
338
375
409
435
457
481
505
501
455
393
359
362
368
360
363
408
484
554
595
609
601
577
555
553
560
534
440
295
164
100
93
94
78
65
91
159
226
240
189
110
51
19
-29
-123
-250
-360
-421
-435
-427
-424
-435
-448
-445
-425
-410
-420
-450
-487
-534
-595
-659
-710
-749
-782
-807
-808
-783
-750
-735
-747
-771
-786
-789
-800
-837
-890
-918
-907
-886
-895
-929
-942
-915
-883
-884
-898
-887
-855
-854
-903
-959
-978
-975
-991
-1019
-1023
-1001
-989
-998
-1001
-983
-957
-915
-813
-636
-437
-288
-194
-110
-19
46
47
-24
-144
-262
-319
-293
-229
-188
-174
-140
-44
113
303
498
679
829
934
996
1014
978
883
749
621
553
568
638
708
760
824
931
1067
1190
1284
1349
1387
1389
1364
1329
1280
1195
1083
995
967
985
1006
1010
1002
992
984
978
977
976
957
908
839
777
738
708
660
584
505
446
396
327
242
167
102
24
-67
-133
-149
-146
-170
-219
-254
-256
-253
-267
-293
-322
-356
-405
-469
-543
-613
-660
-677
-677
-682
-686
-661
-602
-536
-493
-469
-443
-414
-398
-403
-415
-418
-411
-401
-385
-349
-291
-231
-189
-156
-103
-21
61
105
110
110
136
189
251
315
384
454
518
575
626
666
676
640
573
522
518
540
544
525
533
605
712
796
835
855
877
883
850
780
687
578
456
344
267
228
206
193
198
231
280
321
341
334
298
229
136
28
-94
-227
-352
-440
-488
-515
-544
-568
-573
-555
-535
-529
-539
-556
-578
-616
-676
-749
-825
-897
-957
-989
-984
-955
-934
-935
-942
-936
-922
-919
-928
-933
-934
-945
-968
-981
-971
-950
-940
-940
-929
-894
-846
-803
-786
-806
-855
-901
-911
-883
-850
-844
-856
-855
-826
-790
-782
-808
-850
-882
-890
-872
-841
-822
-823
-808
-715
-519
-270
-49
102
203
286
352
370
312
180
12
-126
-179
-145
-79
-33
1
89
276
533
778
952
1056
1124
1176
1201
1171
1073
924
769
663
636
673
733
797
883
1011
1173
1329
1444
1505
1519
1493
1439
1365
1279
1186
1096
1021
968
932
906
885
870
864
866
874
877
866
834
791
746
702
648
585
525
475
425
350
242
122
14
-73
-151
-227
-294
-336
-347
-339
-327
-319
-320
-331
-352
-378
-401
-426
-469
-544
-641
-730
-792
-828
-845
-839
-800
-727
-634
-539
-452
-381
-339
-334
-350
-358
-343
-325
-331
-365
-393
-390
-357
-311
-257
-184
-86
24
135
239
326
381
395
387
387
410
450
492
528
550
561
570
592
629
666
687
701
720
745
760
757
744
733
731
735
745
760
767
750
704
641
578
516
453
388
326
275
241
224
220
214
194
166
146
142
127
71
-29
-144
-247
-332
-408
-478
-536
-584
-622
-642
-641
-632
-641
-665
-677
-664
-652
-675
-730
-785
-822
-851
-885
-916
-927
-923
-920
-924
-924
-916
-908
-902
-886
-847
-795
-754
-733
-723
-710
-699
-699
-709
-715
-714
-711
-716
-721
-716
-699
-677
-653
-622
-579
-533
-497
-484
-493
-515
-537
-553
-569
-598
-639
-681
-719
-753
-782
-800
-805
-806
-800
-755
-634
-443
-234
-47
120
278
398
422
329
162
-10
-146
-247
-319
-353
-332
-254
-132
15
174
339
505
672
837
981
1060
1039
923
768
637
550
492
450
443
495
602
732
853
957
1055
1159
1259
1337
1371
1353
1288
1194
1099
1031
994
967
929
886
861
857
852
827
796
785
806
839
861
862
842
800
746
692
637
568
472
355
233
117
5
-103
-197
-259
-280
-264
-229
-197
-176
-162
-151
-153
-181
-237
-312
-399
-500
-614
-729
-822
-875
-881
-840
-763
-665
-572
-499
-445
-396
-345
-305
-291
-307
-334
-358
-381
-415
-460
-495
-496
-448
-350
-216
-75
46
140
219
282
312
306
290
298
334
374
403
427
454
475
488
507
546
602
659
708
752
787
800
788
761
742
741
757
777
785
771
731
670
600
537
486
446
411
385
370
366
360
341
306
264
224
192
162
113
28
-88
-207
-307
-388
-462
-521
-549
-542
-520
-509
-521
-556
-607
-664
-710
-741
-769
-805
-846
-880
-904
-919
-920
-907
-890
-880
-877
-868
-859
-869
-908
-947
-954
-925
-887
-863
-844
-812
-768
-729
-706
-687
-659
-627
-607
-607
-613
-612
-606
-607
-604
-573
-512
-450
-415
-401
-387
-370
-367
-390
-424
-449
-453
-449
-455
-483
-527
-570
-599
-612
-616
-618
-626
-642
-642
-581
-431
-220
-11
163
313
444
511
451
266
27
-180
-321
-405
-449
-446
-381
-252
-70
147
376
596
784
925
1010
1026
956
797
580
376
246
204
220
273
371
526
720
912
1069
1186
1277
1344
1374
1349
1268
1154
1036
934
858
813
809
836
872
903
929
955
971
966
950
944
946
930
879
810
749
704
662
605
529
436
333
226
118
14
-71
-118
-118
-91
-65
-54
-50
-49
-55
-76
-115
-172
-250
-355
-480
-615
-745
-848
-903
-901
-843
-740
-612
-485
-382
-313
-275
-266
-284
-323
-371
-422
-476
-531
-580
-613
-625
-604
-538
-428
-292
-152
-22
86
159
192
202
208
215
222
233
255
283
299
311
343
409
485
543
576
601
632
668
698
719
732
742
761
789
815
822
800
756
701
645
592
538
483
437
416
422
440
447
437
424
423
431
429
399
333
238
129
18
-96
-209
-310
-383
-427
-451
-464
-466
-461
-456
-451
-438
-425
-441
-497
-571
-636
-690
-755
-831
-895
-925
-927
-918
-905
-886
-863
-839
-811
-778
-743
-715
-696
-679
-663
-651
-650
-659
-671
-671
-652
-622
-596
-576
-556
-530
-504
-477
-434
-372
-308
-269
-257
-253
-243
-232
-237
-262
-292
-315
-327
-339
-363
-394
-411
-404
-387
-377
-370
-356
-339
-346
-386
-446
-514
-598
-699
-781
-796
-731
-608
-443
-233
16
253
404
421
312
125
-95
-319
-529
-688
-751
-696
-547
-351
-136
92
317
516
668
769
810
773
652
477
300
157
60
12
27
123
302
537
777
980
1134
1252
1337
1369
1333
1239
1117
995
888
810
773
784
834
911
1000
1083
1143
1176
1190
1187
1165
1129
1089
1043
978
888
793
721
673
634
591
539
474
392
301
213
141
92
74
82
105
123
121
97
46
-34
-135
-242
-352
-469
-590
-700
-780
-825
-836
-810
-744
-640
-512
-384
-287
-247
-273
-355
-474
-612
-748
-850
-900
-901
-865
-797
-693
-563
-425
-296
-184
-99
-49
-31
-36
-62
-101
-130
-124
-85
-31
29
106
206
306
385
444
502
560
603
624
634
648
661
663
656
656
680
723
765
793
809
822
827
804
748
684
642
627
621
613
610
613
610
590
558
518
464
390
301
210
123
37
-46
-119
-177
-214
-230
-230
-224
-219
-219
-231
-273
-345
-433
-520
-610
-710
-805
-860
-865
-844
-823
-802
-773
-738
-715
-716
-740
-782
-835
-890
-934
-959
-966
-959
-943
-914
-860
-780
-699
-650
-638
-630
-601
-561
-542
-548
-554
-540
-512
-485
-463
-439
-408
-368
-327
-297
-284
-283
-282
-278
-276
-279
-276
-268
-263
-267
-271
-272
-283
-320
-374
-423
-454
-479
-514
-561
-609
-649
-681
-711
-729
-700
-581
-369
-116
112
280
383
402
301
80
-207
-480
-684
-798
-815
-732
-564
-343
-108
118
323
496
627
706
729
702
630
503
322
125
-20
-61
-3
119
283
490
723
941
1104
1207
1263
1281
1263
1213
1135
1036
934
854
821
834
880
937
990
1036
1079
1122
1155
1164
1151
1133
1116
1083
1022
946
878
821
762
695
629
558
467
356
251
178
139
119
115
135
176
211
207
153
65
-35
-137
-251
-382
-516
-631
-724
-806
-868
-880
-819
-704
-576
-464
-376
-328
-344
-424
-538
-646
-733
-801
-847
-868
-860
-828
-780
-719
-641
-539
-416
-293
-194
-131
-97
-81
-85
-107
-135
-153
-150
-120
-55
41
147
246
333
406
461
493
511
532
565
604
647
698
746
772
764
735
712
705
710
712
706
696
691
694
699
701
712
739
769
775
747
693
617
509
373
241
154
111
88
64
44
34
29
13
-22
-66
-112
-157
-210
-275
-353
-445
-549
-657
-745
-779
-757
-713
-681
-664
-644
-622
-622
-656
-705
-744
-773
-803
-833
-856
-872
-883
-883
-857
-806
-748
-703
-675
-650
-614
-568
-530
-517
-517
-501
-457
-404
-363
-333
-294
-249
-218
-211
-215
-215
-211
-207
-198
-177
-151
-131
-113
-81
-32
15
35
17
-27
-80
-132
-190
-258
-327
-382
-419
-450
-481
-505
-514
-513
-518
-536
-565
-604
-647
-662
-610
-480
-299
-111
51
161
183
86
-122
-389
-645
-840
-941
-932
-810
-594
-328
-69
139
278
359
400
404
371
307
221
116
-8
-126
-193
-174
-68
111
353
640
925
1145
1264
1295
1269
1202
1101
977
859
776
745
764
822
910
1022
1143
1251
1326
1366
1380
1371
1335
1276
1212
1149
1084
1012
944
892
851
811
769
731
694
645
576
495
420
363
330
316
306
291
267
229
164
55
-92
-248
-388
-497
-574
-621
-647
-659
-660
-641
-602
-557
-520
-497
-490
-507
-560
-647
-753
-863
-957
-1010
-1004
-948
-871
-795
-721
-643
-563
-493
-431
-372
-313
-266
-245
-257
-291
-329
-351
-349
-312
-226
-89
73
221
331
407
465
501
511
504
504
523
552
576
591
608
630
658
690
731
785
847
892
899
870
834
814
805
792
772
760
757
736
679
600
531
481
440
402
370
347
317
267
204
140
83
30
-25
-82
-143
-205
-266
-326
-388
-454
-514
-560
-590
-611
-627
-635
-640
-647
-665
-691
-720
-748
-779
-822
-874
-924
-955
-960
-948
-923
-881
-822
-758
-710
-684
-670
-658
-640
-614
-586
-564
-555
-546
-525
-488
-441
-387
-324
-259
-206
-168
-135
-102
-81
-84
-99
-103
-95
-88
-92
-96
-80
-34
27
76
92
77
50
23
-9
-60
-131
-212
-284
-332
-357
-373
-398
-435
-474
-506
-540
-577
-616
-648
-662
-626
-508
-313
-106
47
125
142
81
-101
-405
-753
-1033
-1167
-1135
-965
-708
-417
-135
106
277
356
347
288
210
122
30
-56
-134
-210
-269
-269
-178
-6
210
444
688
926
1123
1241
1258
1183
1053
922
818
736
678
676
752
877
1002
1104
1191
1262
1304
1318
1324
1329
1318
1288
1252
1212
1146
1047
944
864
807
767
748
744
728
674
597
524
465
414
375
358
356
341
294
205
75
-81
-236
-363
-464
-541
-589
-605
-605
-604
-602
-584
-562
-557
-570
-585
-608
-666
-757
-847
-914
-960
-989
-992
-964
-914
-855
-785
-705
-634
-582
-540
-496
-460
-443
-439
-432
-421
-400
-360
-294
-219
-153
-85
2
106
199
271
332
397
462
519
559
578
580
583
599
626
659
706
771
834
873
887
894
895
877
851
846
869
888
883
865
851
826
775
707
650
610
572
528
486
452
420
380
329
265
189
111
45
-6
-56
-114
-179
-251
-327
-403
-468
-514
-545
-563
-569
-569
-575
-598
-638
-690
-748
-804
-852
-895
-934
-962
-963
-940
-909
-884
-858
-819
-775
-737
-709
-686
-672
-676
-696
-717
-724
-714
-680
-615
-529
-446
-383
-331
-271
-208
-159
-127
-97
-64
-46
-53
-68
-68
-55
-43
-32
-2
44
80
86
78
87
115
136
132
103
64
25
-13
-63
-134
-220
-300
-355
-384
-403
-421
-439
-458
-486
-528
-583
-651
-724
-778
-781
-714
-585
-416
-243
-103
-27
-37
-154
-383
-694
-1003
-1218
-1287
-1211
-1013
-716
-371
-55
172
294
319
259
141
8
-105
-200
-289
-356
-367
-312
-205
-48
173
447
730
976
1158
1259
1266
1182
1044
897
768
676
638
673
773
915
1073
1223
1346
1430
1480
1502
1494
1458
1407
1350
1290
1220
1143
1069
1003
948
912
903
910
916
910
883
823
731
625
533
461
402
352
314
277
213
106
-29
-168
-303
-426
-510
-537
-523
-505
-503
-512
-525
-544
-573
-609
-651
-705
-770
-840
-911
-986
-1050
-1078
-1057
-999
-925
-842
-760
-695
-658
-636
-616
-601
-601
-611
-612
-592
-557
-513
-458
-387
-301
-204
-102
2
99
190
272
333
363
368
365
372
394
436
500
579
658
730
797
854
885
885
873
871
883
896
908
925
950
975
990
984
949
887
815
752
701
660
631
620
620
617
606
589
552
475
361
241
137
48
-37
-112
-168
-206
-237
-265
-286
-300
-316
-339
-371
-419
-494
-599
-721
-830
-900
-920
-902
-868
-833
-801
-781
-776
-782
-791
-804
-826
-846
-847
-831
-821
-826
-823
-789
-727
-652
-575
-506
-459
-435
-416
-392
-375
-378
-379
-351
-291
-225
-161
-93
-24
26
55
78
96
92
63
24
-12
-35
-36
-3
49
90
108
124
150
164
142
88
21
-52
-127
-202
-278
-358
-428
-467
-473
-470
-471
-475
-495
-566
-683
-781
-805
-773
-721
-627
-453
-238
-89
-72
-172
-353
-601
-889
-1147
-1297
-1305
-1176
-936
-633
-335
-84
108
221
222
119
-24
-145
-238
-320
-379
-388
-350
-283
-175
4
250
515
754
957
1115
1206
1209
1120
958
775
634
580
611
706
850
1032
1222
1380
1489
1553
1567
1524
1450
1394
1373
1357
1316
1255
1190
1126
1067
1028
1017
1022
1017
1000
979
950
901
827
738
647
566
501
445
379
287
168
35
-95
-207
-292
-350
-385
-399
-393
-384
-391
-420
-466
-532
-622
-721
-797
-847
-894
-954
-1013
-1047
-1050
-1022
-969
-907
-865
-845
-819
-772
-732
-732
-758
-772
-765
-752
-728
-676
-606
-543
-480
-393
-278
-171
-96
-41
20
88
153
213
263
294
315
346
390
430
466
522
604
688
757
822
890
940
946
920
894
880
873
882
912
940
946
936
931
925
898
850
802
765
733
710
702
690
647
573
498
437
368
279
190
120
68
22
-21
-66
-125
-201
-276
-329
-363
-397
-436
-470
-501
-540
-590
-643
-697
-753
-807
-850
-872
-872
-859
-843
-827
-806
-780
-760
-757
-765
-773
-779
-792
-815
-827
-810
-771
-720
-657
-579
-495
-417
-352
-302
-270
-259
-255
-245
-233
-221
-202
-161
-104
-47
9
72
131
165
172
171
174
170
146
108
74
46
25
21
39
70
100
121
128
113
68
-3
-93
-194
-296
-378
-438
-489
-546
-598
-631
-656
-696
-743
-770
-767
-743
-691
-586
-434
-292
-216
-220
-294
-447
-692
-990
-1259
-1423
-1446
-1316
-1053
-712
-367
-74
135
228
181
19
-182
-367
-522
-637
-679
-630
-517
-371
-181
71
357
617
822
980
1085
1103
1027
892
737
587
479
453
521
659
849
1083
1329
1525
1637
1683
1685
1629
1512
1385
1302
1260
1228
1205
1206
1212
1200
1179
1182
1202
1206
1187
1171
1154
1093
976
844
728
619
518
454
428
391
305
192
88
-9
-119
-224
-282
-292
-290
-293
-297
-316
-378
-483
-597
-700
-797
-886
-950
-981
-995
-999
-986
-956
-923
-896
-862
-817
-784
-775
-781
-795
-822
-858
-882
-877
-855
-826
-773
-680
-562
-447
-340
-228
-117
-40
-6
7
20
36
53
79
118
163
207
264
348
450
552
651
749
835
889
901
879
836
784
737
722
749
797
835
858
882
914
932
916
873
834
817
810
793
758
709
648
571
480
386
302
234
181
143
123
118
119
116
94
47
-26
-117
-216
-315
-414
-503
-570
-605
-618
-622
-624
-622
-618
-619
-628
-639
-652
-679
-728
-790
-841
-863
-854
-827
-789
-746
-703
-670
-649
-635
-622
-605
-587
-562
-520
-466
-420
-390
-363
-325
-282
-248
-220
-186
-149
-126
-117
-94
-43
16
59
85
106
128
150
170
176
152
106
71
64
57
24
-13
-7
39
73
74
70
75
51
-32
-146
-239
-306
-387
-493
-583
-623
-630
-648
-685
-713
-710
-693
-701
-740
-765
-735
-658
-579
-517
-454
-386
-359
-435
-617
-854
-1083
-1262
-1345
-1287
-1086
-788
-455
-137
119
270
291
189
4
-211
-399
-524
-577
-569
-498
-342
-104
177
458
722
955
1127
1212
1216
1156
1038
869
684
545
492
530
651
852
1110
1378
1606
1762
1833
1817
1721
1572
1407
1262
1161
1107
1085
1085
1104
1136
1161
1167
1165
1173
1175
1139
1062
976
892
789
652
509
403
334
278
219
157
81
-22
-134
-221
-274
-309
-334
-343
-341
-352
-393
-463
-556
-670
-789
-886
-949
-989
-1020
-1031
-1014
-976
-929
-877
-823
-781
-760
-755
-757
-771
-800
-833
-855
-864
-854
-816
-745
-657
-568
-471
-358
-242
-146
-71
-7
39
56
51
48
57
71
96
153
247
349
438
523
616
701
762
802
833
853
849
822
787
754
726
713
731
776
826
863
886
900
898
869
816
753
695
643
596
552
513
476
432
377
312
247
186
128
70
12
-33
-59
-78
-111
-168
-235
-298
-359
-429
-502
-558
-591
-616
-638
-643
-633
-640
-686
-746
-784
-800
-821
-846
-847
-814
-771
-739
-709
-667
-631
-619
-625
-629
-630
-639
-655
-664
-651
-605
-528
-431
-337
-257
-184
-120
-78
-70
-80
-91
-105
-126
-136
-114
-64
-7
54
126
203
265
303
320
315
281
224
165
114
63
17
-13
-22
-11
15
52
82
90
74
38
-22
-117
-239
-359
-469
-575
-669
-718
-714
-695
-699
-722
-733
-732
-749
-795
-838
-830
-759
-655
-555
-473
-420
-420
-511
-703
-948
-1173
-1325
-1382
-1319
-1108
-769
-387
-55
172
276
255
115
-103
-336
-527
-639
-653
-570
-413
-209
27
284
537
760
940
1071
1139
1131
1055
932
786
645
543
515
577
727
940
1179
1405
1588
1714
1767
1726
1602
1447
1313
1208
1118
1048
1023
1040
1071
1100
1129
1159
1174
1162
1136
1099
1031
916
768
623
501
406
335
287
254
226
191
134
47
-64
-175
-260
-314
-344
-359
-363
-374
-409
-475
-568
-674
-777
-863
-927
-965
-976
-957
-914
-860
-808
-762
-728
-714
-725
-753
-789
-830
-867
-885
-876
-844
-792
-713
-611
-501
-398
-299
-206
-132
-87
-67
-57
-51
-47
-34
4
68
142
219
301
386
463
530
591
641
671
684
694
709
717
706
685
677
691
717
746
772
790
800
804
800
782
747
701
655
610
563
518
478
440
393
340
292
251
204
147
91
46
14
-15
-49
-90
-144
-213
-294
-379
-459
-520
-551
-558
-557
-560
-564
-565
-573
-600
-643
-686
-722
-749
-767
-771
-769
-767
-761
-738
-694
-641
-590
-544
-507
-478
-452
-424
-404
-399
-397
-376
-333
-283
-237
-184
-117
-50
9
70
139
199
231
238
241
249
256
255
255
265
290
327
366
399
426
457
482
476
434
384
342
291
211
124
70
53
42
22
6
2
-9
-44
-99
-161
-234
-324
-428
-537
-639
-728
-802
-871
-933
-967
-963
-942
-937
-952
-969
-992
-1042
-1106
-1135
-1106
-1045
-974
-881
-773
-702
-719
-816
-947
-1082
-1204
-1270
-1226
-1061
-814
-534
-259
-29
119
174
145
47
-89
-208
-260
-246
-189
-85
83
300
518
717
919
1121
1280
1364
1396
1403
1371
1280
1151
1039
983
991
1067
1212
1408
1620
1815
1959
2023
1991
1885
1741
1583
1424
1295
1219
1188
1172
1154
1140
1131
1120
1102
1087
1072
1034
959
854
731
588
427
262
120
13
-56
-99
-133
-179
-239
-299
-350
-402
-464
-529
-590
-648
-710
-774
-831
-888
-954
-1021
-1063
-1076
-1076
-1078
-1074
-1047
-999
-944
-891
-844
-807
-783
-769
-757
-741
-722
-702
-678
-644
-590
-515
-425
-329
-226
-105
33
163
259
318
354
373
372
360
362
398
464
547
644
754
861
944
999
1033
1051
1051
1036
1017
1005
995
982
970
963
967
976
985
988
980
958
926
883
826
751
663
576
502
441
385
334
291
260
229
187
132
72
5
-77
-172
-260
-324
-369
-411
-454
-493
-525
-556
-591
-629
-672
-722
-766
-787
-785
-776
-775
-782
-788
-791
-787
-778
-770
-768
-760
-733
-689
-647
-619
-594
-557
-504
-444
-382
-323
-269
-228
-198
-179
-163
-142
-105
-57
-6
50
117
191
251
293
329
366
393
403
407
416
423
416
399
389
392
402
420
443
460
458
445
432
414
371
303
226
155
92
28
-37
-93
-132
-157
-181
-212
-250
-289
-341
-427
-543
-651
-729
-803
-901
-1009
-1082
-1115
-1148
-1197
-1228
-1213
-1186
-1195
-1237
-1253
-1209
-1126
-1044
-969
-885
-798
-755
-809
-966
-1179
-1380
-1516
-1540
-1424
-1170
-826
-466
-151
81
201
191
63
-126
-306
-424
-456
-402
-282
-122
69
291
533
769
980
1158
1289
1352
1341
1275
1175
1050
921
833
829
914
1065
1261
1479
1681
1826
1897
1902
1845
1726
1561
1393
1264
1190
1158
1152
1155
1151
1135
1104
1061
1016
981
956
918
850
756
649
525
368
194
48
-41
-89
-132
-179
-228
-290
-372
-460
-527
-571
-606
-639
-662
-683
-730
-822
-942
-1058
-1149
-1209
-1232
-1213
-1155
-1079
-1006
-953
-921
-902
-891
-885
-887
-893
-898
-899
-895
-882
-846
-786
-706
-614
-507
-391
-279
-185
-106
-37
21
64
95
121
143
160
182
224
285
353
426
512
610
701
773
830
876
901
897
871
842
811
773
735
714
714
732
761
802
844
871
873
852
808
735
639
544
471
414
356
294
238
190
144
96
53
24
8
-11
-48
-101
-161
-229
-311
-406
-495
-558
-600
-638
-674
-694
-691
-680
-674
-672
-668
-673
-699
-741
-786
-825
-858
-880
-881
-852
-798
-733
-673
-626
-592
-565
-540
-522
-515
-508
-492
-463
-427
-386
-342
-291
-229
-153
-66
12
62
86
103
121
130
125
121
135
172
217
263
314
370
421
448
451
443
428
401
359
314
286
276
267
248
221
196
173
143
104
69
51
46
31
-17
-100
-195
-284
-368
-459
-554
-640
-710
-763
-796
-814
-831
-863
-901
-921
-930
-967
-1053
-1163
-1249
-1286
-1260
-1161
-1002
-834
-710
-649
-650
-731
-916
-1179
-1421
-1540
-1494
-1306
-1023
-700
-387
-128
32
62
-28
-179
-327
-439
-506
-513
-436
-286
-109
67
255
469
685
866
1003
1099
1146
1120
1022
885
755
666
636
673
791
999
1276
1552
1748
1832
1832
1778
1669
1511
1346
1225
1155
1114
1096
1110
1144
1163
1157
1155
1177
1206
1206
1165
1088
974
820
637
452
295
187
133
119
123
129
121
84
8
-91
-184
-254
-306
-357
-412
-478
-565
-672
-780
-867
-923
-946
-936
-894
-833
-769
-722
-706
-727
-779
-839
-893
-935
-959
-955
-922
-877
-829
-770
-693
-610
-539
-478
-413
-341
-280
-241
-221
-211
-205
-191
-154
-92
-19
60
147
246
342
420
473
504
520
532
555
586
611
621
626
641
662
680
697
726
770
818
858
879
871
828
758
683
614
555
514
504
523
550
561
553
527
475
393
298
213
144
89
49
29
11
-27
-88
-152
-208
-264
-320
-363
-378
-375
-371
-374
-389
-423
-479
-543
-598
-642
-684
-721
-741
-736
-714
-682
-649
-617
-582
-541
-501
-475
-472
-486
-500
-510
-517
-524
-521
-496
-444
-366
-271
-175
-92
-23
32
71
88
83
65
47
44
57
81
103
127
166
225
287
339
381
424
457
469
467
462
453
421
366
308
262
221
168
107
62
49
58
74
94
128
175
199
159
54
-76
-205
-345
-508
-662
-758
-792
-801
-805
-792
-753
-717
-711
-735
-771
-819
-893
-989
-1082
-1136
-1130
-1064
-970
-882
-809
-745
-709
-742
-855
-1004
-1128
-1199
-1206
-1125
-941
-689
-435
-227
-80
-5
-19
-116
-261
-405
-501
-520
-456
-319
-127
107
364
611
809
949
1035
1065
1030
948
851
760
687
650
669
753
898
1098
1336
1572
1754
1853
1870
1815
1691
1520
1343
1198
1100
1054
1064
1121
1207
1302
1384
1432
1440
1418
1374
1297
1170
1002
822
650
490
358
284
273
291
318
357
396
393
319
192
49
-93
-224
-331
-413
-485
-557
-615
-645
-663
-691
-714
-714
-702
-697
-693
-684
-689
-731
-793
-845
-884
-926
-958
-953
-917
-884
-858
-804
-710
-621
-568
-531
-486
-441
-412
-398
-387
-377
-367
-342
-290
-215
-135
-52
33
111
184
262
341
391
404
410
435
460
460
444
444
468
503
552
626
715
791
840
869
875
845
787
723
663
604
556
538
551
574
594
608
617
612
594
568
529
460
364
269
188
114
45
-1
-16
-12
-7
-6
-10
-31
-77
-139
-198
-244
-284
-328
-378
-428
-468
-498
-529
-566
-588
-573
-535
-511
-501
-477
-436
-417
-446
-500
-540
-559
-575
-582
-557
-506
-450
-395
-324
-245
-187
-163
-157
-146
-128
-115
-119
-135
-141
-119
-70
-19
21
66
136
222
286
316
323
310
269
208
161
151
170
202
247
309
367
393
378
333
279
224
165
98
31
-13
-22
-19
-37
-72
-90
-83
-85
-130
-206
-281
-349
-433
-541
-652
-746
-815
-861
-875
-858
-829
-815
-833
-866
-887
-886
-883
-887
-875
-816
-727
-663
-666
-733
-844
-986
-1137
-1251
-1282
-1215
-1050
-797
-495
-214
-19
66
42
-76
-256
-439
-567
-623
-606
-511
-332
-99
141
372
599
800
941
1011
1030
1001
913
778
637
529
478
507
637
857
1116
1364
1583
1753
1837
1814
1708
1557
1388
1234
1127
1080
1072
1089
1136
1213
1294
1353
1392
1414
1403
1342
1249
1142
1009
836
656
518
431
374
341
344
370
385
364
321
263
181
73
-37
-131
-217
-308
-396
-474
-544
-609
-663
-697
-709
-699
-672
-644
-639
-665
-703
-740
-786
-846
-904
-941
-958
-961
-950
-922
-884
-839
-779
-705
-625
-551
-492
-458
-453
-464
-473
-471
-472
-470
-431
-334
-211
-101
-11
75
151
192
196
193
207
233
257
278
306
344
391
442
493
544
600
666
724
758
770
770
751
700
629
569
537
520
509
520
565
625
670
687
677
644
594
531
457
367
266
172
98
40
-6
-28
-17
17
58
99
135
141
92
-9
-132
-258
-389
-510
-588
-603
-569
-516
-462
-417
-394
-404
-433
-456
-461
-463
-475
-497
-518
-541
-576
-620
-654
-652
-607
-530
-436
-337
-249
-186
-156
-154
-169
-189
-209
-222
-224
-210
-182
-147
-112
-73
-21
46
121
191
251
299
320
301
248
188
144
122
117
132
166
213
266
320
362
373
343
286
227
173
114
45
-24
-80
-111
-119
-119
-129
-149
-162
-165
-182
-235
-319
-415
-522
-645
-765
-849
-890
-916
-937
-930
-891
-861
-884
-946
-998
-1015
-1014
-1010
-979
-896
-781
-693
-683
-758
-886
-1029
-1165
-1276
-1323
-1261
-1081
-820
-539
-283
-93
-7
-43
-171
-324
-455
-551
-604
-590
-484
-296
-70
150
345
526
701
854
951
975
942
872
767
635
515
464
511
643
842
1096
1375
1618
1774
1828
1791
1676
1503
1313
1161
1069
1030
1029
1061
1127
1212
1297
1367
1413
1430
1417
1371
1284
1152
983
793
603
441
336
297
307
341
391
447
479
449
353
225
89
-49
-186
-305
-392
-458
-520
-578
-617
-638
-646
-643
-626
-602
-590
-597
-623
-668
-739
-828
-911
-971
-1005
-1012
-986
-928
-859
-799
-749
-697
-644
-600
-568
-540
-513
-495
-494
-502
-507
-502
-480
-434
-358
-262
-161
-63
25
95
139
160
169
179
190
203
221
249
285
326
367
405
444
492
552
614
664
692
697
676
634
584
542
514
495
486
495
518
537
539
528
509
478
437
399
378
361
331
291
253
213
149
59
-34
-106
-154
-182
-190
-170
-131
-91
-67
-68
-99
-157
-235
-321
-410
-495
-565
-616
-646
-651
-622
-565
-496
-428
-361
-296
-253
-252
-296
-370
-455
-540
-606
-636
-620
-561
-466
-346
-223
-116
-35
20
48
45
15
-34
-89
-132
-151
-142
-119
-87
-29
69
187
285
342
373
389
382
341
273
200
138
99
92
121
172
220
253
276
292
300
284
233
156
84
34
-8
-70
-150
-215
-248
-266
-290
-309
-304
-290
-307
-371
-466
-568
-669
-766
-855
-927
-976
-994
-982
-957
-941
-945
-969
-1004
-1040
-1049
-1011
-943
-881
-836
-788
-738
-731
-809
-954
-1103
-1202
-1235
-1199
-1086
-899
-662
-417
-205
-63
-13
-52
-150
-267
-374
-442
-452
-400
-293
-145
34
234
442
640
816
960
1054
1079
1031
924
788
657
562
531
585
731
955
1221
1478
1679
1796
1822
1765
1638
1462
1269
1100
992
959
988
1054
1139
1228
1311
1379
1420
1422
1375
1279
1143
980
803
628
475
355
279
256
287
349
410
448
454
414
309
144
-38
-190
-305
-399
-478
-528
-543
-540
-536
-539
-545
-551
-555
-551
-546
-557
-598
-665
-747
-829
-896
-936
-948
-937
-897
-821
-721
-625
-560
-524
-502
-489
-489
-504
-521
-529
-524
-508
-479
-437
-375
-293
-201
-110
-29
46
113
159
177
172
159
144
135
137
155
184
222
281
370
472
556
607
631
634
613
567
509
459
426
409
405
417
439
460
470
469
468
472
478
474
457
428
381
298
183
68
-16
-63
-85
-79
-41
20
76
105
99
56
-27
-131
-227
-300
-361
-415
-455
-471
-469
-453
-426
-392
-361
-334
-303
-269
-261
-297
-361
-418
-460
-501
-539
-553
-528
-472
-395
-303
-211
-142
-104
-89
-86
-92
-109
-126
-136
-140
-135
-118
-91
-60
-27
25
97
175
241
292
331
349
336
292
233
171
118
90
100
143
195
247
302
351
374
357
318
280
244
191
112
25
-47
-101
-146
-180
-190
-173
-145
-121
-108
-114
-153
-230
-332
-440
-547
-654
-755
-836
-890
-913
-907
-879
-853
-845
-854
-861
-863
-880
-921
-967
-992
-982
-944
-883
-817
-773
-775
-821
-893
-972
-1041
-1077
-1054
-960
-799
-590
-374
-204
-118
-112
-154
-226
-317
-407
-455
-436
-355
-225
-56
138
329
493
624
731
813
858
861
827
764
685
615
583
604
685
824
1011
1215
1397
1532
1612
1627
1567
1443
1291
1155
1060
1009
1000
1031
1091
1161
1224
1268
1293
1298
1281
1237
1169
1078
966
835
689
546
429
359
336
352
390
428
448
433
379
291
178
49
-78
-183
-255
-302
-344
-391
-436
-473
-501
-520
-523
-509
-489
-477
-480
-496
-533
-599
-690
-777
-837
-865
-860
-820
-751
-673
-606
-554
-512
-481
-465
-464
-471
-480
-487
-482
-463
-435
-403
-363
-307
-239
-166
-92
-22
35
67
81
92
104
109
104
104
121
154
194
241
291
336
375
410
440
456
454
444
437
424
401
374
360
360
356
343
329
324
326
328
332
339
343
330
295
242
179
110
41
-20
-62
-81
-81
-70
-58
-49
-47
-49
-57
-74
-111
-167
-229
-282
-325
-367
-406
-432
-437
-422
-389
-342
-286
-240
-221
-226
-246
-276
-316
-356
-385
-401
-403
-389
-360
-317
-265
-205
-145
-95
-57
-20
18
42
36
11
-14
-35
-58
-75
-64
-19
43
110
186
267
331
360
355
334
309
280
245
204
162
131
125
140
158
174
204
258
316
345
334
298
245
175
87
-15
-115
-198
-248
-261
-247
-220
-189
-161
-150
-161
-197
-258
-355
-481
-607
-710
-790
-864
-924
-948
-927
-885
-844
-810
-792
-801
-830
-859
-880
-909
-943
-948
-901
-816
-739
-699
-696
-731
-805
-905
-997
-1040
-1001
-868
-662
-435
-237
-85
7
20
-58
-197
-335
-421
-434
-367
-224
-34
148
295
425
557
681
769
816
837
845
839
814
768
706
647
632
693
826
1002
1195
1381
1523
1590
1577
1506
1397
1260
1121
1018
977
986
1023
1076
1141
1198
1226
1229
1226
1218
1190
1127
1031
915
789
661
541
442
371
337
343
384
432
456
435
372
277
167
56
-45
-133
-205
-259
-296
-325
-356
-395
-435
-464
-472
-460
-436
-413
-406
-425
-471
-535
-607
-679
-739
-772
-772
-743
-692
-626
-551
-486
-447
-436
-436
-428
-410
-395
-388
-392
-400
-404
-394
-370
-333
-287
-226
-150
-69
6
68
112
129
120
99
83
75
68
66
82
120
166
211
264
326
383
421
442
453
449
418
361
294
230
178
152
164
205
253
295
333
367
381
357
298
217
132
59
13
-5
-10
-18
-29
-34
-34
-38
-48
-60
-69
-74
-77
-83
-104
-148
-210
-275
-328
-363
-374
-361
-327
-286
-246
-214
-195
-189
-194
-208
-233
-264
-289
-296
-291
-285
-285
-277
-247
-195
-135
-78
-31
3
23
32
36
35
25
3
-16
-16
13
54
87
107
134
182
240
286
310
317
312
293
263
228
194
159
133
129
154
198
242
271
284
280
263
233
189
132
73
19
-31
-87
-140
-174
-184
-191
-208
-223
-216
-194
-189
-223
-295
-388
-491
-594
-692
-778
-843
-880
-890
-880
-857
-826
-799
-796
-819
-848
-867
-884
-912
-943
-947
-907
-840
-771
-717
-698
-724
-782
-841
-883
-911
-916
-875
-764
-597
-411
-244
-119
-56
-60
-113
-186
-255
-297
-294
-241
-151
-36
106
272
436
572
678
768
838
872
865
831
780
712
636
593
617
712
852
1018
1194
1365
1502
1579
1575
1491
1352
1195
1061
968
922
921
959
1019
1082
1143
1197
1236
1245
1219
1165
1090
993
870
727
580
451
356
305
300
336
397
456
488
475
415
312
182
45
-80
-180
-254
-299
-324
-341
-362
-388
-405
-404
-389
-370
-357
-356
-378
-422
-482
-551
-624
-696
-746
-757
-725
-661
-583
-514
-468
-446
-436
-424
-413
-413
-420
-422
-414
-405
-402
-399
-387
-369
-342
-298
-226
-135
-46
17
49
57
49
31
8
-16
-35
-37
-15
31
92
154
204
239
266
293
318
334
334
314
275
224
172
125
84
57
58
97
166
244
312
358
365
318
224
108
-1
-89
-150
-176
-166
-124
-64
-2
41
50
24
-17
-55
-87
-122
-163
-206
-253
-301
-341
-361
-356
-329
-281
-214
-144
-94
-77
-95
-142
-211
-281
-328
-338
-315
-273
-222
-170
-127
-100
-85
-75
-66
-54
-33
-3
31
56
66
59
38
11
-3
8
44
91
140
190
236
272
292
292
273
244
218
202
190
174
158
153
161
176
192
204
209
203
190
180
170
146
94
23
-49
-110
-154
-182
-196
-201
-207
-217
-226
-233
-249
-286
-345
-420
-497
-566
-629
-692
-760
-820
-858
-876
-888
-896
-884
-855
-842
-872
-923
-951
-943
-928
-921
-901
-849
-782
-743
-755
-818
-915
-1017
-1082
-1079
-1009
-887
-724
-537
-368
-258
-214
-223
-276
-364
-449
-483
-453
-385
-294
-173
-29
98
189
272
380
500
598
659
694
702
672
611
547
506
501
551
670
840
1020
1180
1304
1372
1370
1314
1236
1153
1068
994
963
977
1006
1020
1033
1058
1087
1107
1129
1165
1192
1179
1117
1020
894
742
589
471
405
382
390
429
487
534
544
513
443
340
222
113
24
-50
-122
-189
-241
-278
-302
-313
-307
-287
-258
-225
-201
-203
-241
-310
-404
-511
-608
-670
-688
-669
-623
-557
-481
-412
-361
-329
-317
-331
-369
-404
-418
-418
-424
-434
-434
-418
-388
-342
-276
-198
-126
-70
-28
-1
6
-13
-52
-96
-127
-128
-97
-51
-5
39
92
146
187
211
228
241
242
222
190
159
127
92
57
34
29
53
108
177
237
270
280
270
233
163
68
-27
-105
-159
-182
-164
-115
-60
-18
15
43
58
44
1
-55
-110
-165
-224
-281
-319
-330
-318
-288
-241
-175
-101
-42
-16
-29
-73
-135
-204
-264
-301
-305
-277
-227
-169
-113
-62
-20
11
31
44
51
52
46
34
19
5
-5
2
28
66
105
146
197
252
289
294
279
260
240
219
202
196
197
198
202
213
228
238
246
255
255
239
214
194
175
145
105
71
45
15
-18
-38
-42
-53
-84
-120
-141
-157
-192
-244
-294
-334
-373
-413
-450
-484
-525
-577
-630
-672
-695
-703
-710
-739
-794
-842
-854
-852
-881
-943
-991
-992
-965
-935
-896
-823
-729
-655
-624
-630
-670
-749
-857
-965
-1041
-1060
-1000
-856
-653
-440
-255
-119
-47
-50
-115
-208
-298
-370
-407
-377
-275
-139
-10
107
236
383
524
640
727
777
780
738
672
602
542
504
510
580
712
883
1063
1217
1318
1360
1350
1298
1208
1107
1026
981
957
940
936
957
997
1038
1071
1104
1139
1162
1159
1126
1057
946
801
650
526
446
408
406
435
488
541
570
553
489
392
286
189
109
46
-2
-41
-77
-117
-162
-204
-232
-237
-223
-197
-172
-156
-162
-196
-260
-345
-434
-511
-559
-568
-538
-486
-430
-378
-331
-294
-279
-286
-306
-327
-342
-352
-355
-354
-349
-343
-332
-311
-277
-233
-184
-131
-80
-34
0
14
-1
-38
-83
-120
-139
-134
-103
-48
15
69
110
139
155
154
140
123
107
94
86
82
71
45
8
-19
-21
-1
31
71
114
149
160
139
95
35
-32
-100
-155
-183
-180
-156
-127
-101
-80
-64
-57
-62
-74
-89
-107
-126
-146
-162
-178
-199
-224
-247
-260
-255
-229
-181
-124
-74
-40
-23
-23
-40
-68
-100
-131
-154
-159
-135
-87
-36
-2
15
26
40
58
82
109
137
163
185
196
187
158
125
102
92
96
122
175
240
290
316
323
319
301
276
253
230
202
173
159
160
155
132
106
97
106
122
143
163
164
133
82
30
-23
-87
-159
-221
-262
-287
-295
-285
-269
-271
-297
-327
-346
-367
-408
-472
-545
-612
-670
-721
-773
-825
-865
-872
-847
-815
-791
-769
-750
-759
-809
-874
-909
-899
-864
-822
-767
-695
-629
-602
-629
-708
-815
-912
-951
-906
-783
-613
-429
-265
-146
-89
-89
-138
-222
-316
-374
-361
-283
-173
-57
54
160
254
339
427
522
611
670
694
691
668
623
558
496
475
524
644
811
992
1154
1268
1313
1286
1208
1108
1007
916
847
817
836
893
959
1009
1037
1052
1062
1069
1068
1053
1016
946
840
715
597
503
436
400
402
442
503
555
576
550
477
372
262
165
85
20
-28
-54
-68
-84
-105
-124
-138
-152
-163
-162
-147
-138
-152
-197
-266
-348
-427
-482
-503
-494
-464
-417
-360
-307
-272
-257
-261
-283
-316
-348
-361
-355
-341
-331
-324
-316
-304
-287
-265
-238
-205
-163
-117
-79
-63
-67
-84
-110
-142
-162
-155
-125
-90
-61
-34
-4
20
31
31
29
28
25
22
24
28
25
9
-20
-49
-68
-71
-59
-38
-15
7
24
31
20
-6
-47
-95
-140
-169
-177
-168
-154
-136
-117
-104
-104
-116
-135
-153
-168
-176
-174
-164
-156
-152
-154
-168
-194
-219
-224
-199
-160
-128
-107
-91
-74
-66
-69
-81
-94
-99
-90
-67
-37
-14
-2
4
9
17
27
44
70
103
138
167
180
174
157
141
131
125
124
133
159
197
236
262
270
265
257
252
245
227
204
186
180
174
160
141
128
125
123
123
129
138
137
119
86
46
-5
-71
-143
-199
-228
-234
-232
-230
-229
-228
-231
-247
-287
-348
-415
-475
-525
-570
-614
-655
-691
-718
-736
-748
-761
-777
-791
-797
-800
-813
-836
-854
-850
-819
-771
-718
-667
-624
-600
-612
-670
-769
-874
-938
-936
-871
-758
-611
-440
-274
-153
-104
-124
-191
-277
-356
-405
-404
-352
-263
-157
-46
67
182
295
399
489
566
623
648
628
571
499
435
396
396
451
573
752
946
1109
1212
1254
1246
1194
1102
985
877
810
794
818
866
921
975
1021
1054
1079
1099
1110
1102
1063
992
899
793
678
567
478
432
435
475
532
589
630
635
592
508
404
297
197
115
59
26
5
-15
-38
-60
-77
-87
-87
-75
-56
-40
-41
-74
-143
-230
-317
-393
-455
-493
-492
-449
-379
-303
-238
-197
-186
-203
-234
-268
-303
-337
-361
-371
-370
-362
-346
-322
-296
-266
-219
-154
-89
-51
-43
-52
-71
-105
-153
-199
-226
-228
-203
-153
-88
-23
29
65
84
86
71
49
26
0
-26
-49
-63
-75
-85
-85
-70
-42
-10
23
53
71
67
38
-5
-56
-109
-151
-174
-179
-175
-157
-121
-75
-45
-47
-71
-96
-111
-121
-130
-139
-150
-163
-172
-175
-180
-191
-200
-190
-158
-119
-88
-66
-47
-35
-40
-60
-87
-109
-119
-111
-86
-50
-15
14
38
60
75
79
78
82
97
117
134
141
142
141
142
145
149
156
172
201
240
274
291
290
276
260
243
226
213
208
212
223
235
241
238
222
190
152
127
128
146
156
144
123
108
92
54
-7
-65
-101
-125
-155
-186
-197
-190
-186
-204
-239
-272
-298
-325
-360
-403
-454
-511
-569
-621
-660
-687
-706
-720
-726
-721
-702
-683
-685
-719
-766
-804
-826
-837
-835
-805
-745
-677
-624
-597
-592
-612
-666
-747
-824
-859
-831
-742
-617
-484
-364
-266
-200
-173
-183
-220
-268
-311
-333
-315
-256
-174
-90
-2
105
230
357
467
549
597
604
573
519
459
402
363
367
433
556
713
880
1035
1149
1198
1182
1119
1035
944
855
784
746
750
790
856
932
1002
1058
1094
1108
1099
1069
1018
937
827
706
600
527
488
476
490
529
586
641
667
651
590
502
404
307
216
136
75
34
9
0
4
13
19
20
22
24
16
-14
-63
-128
-200
-270
-327
-367
-389
-390
-367
-328
-283
-244
-214
-200
-208
-233
-262
-285
-305
-329
-351
-365
-373
-371
-353
-313
-265
-221
-182
-144
-111
-93
-94
-114
-152
-200
-237
-241
-219
-191
-166
-135
-92
-51
-23
-10
-5
-8
-16
-28
-41
-60
-87
-115
-134
-142
-135
-112
-76
-39
-13
-1
-2
-17
-49
-86
-118
-141
-158
-170
-173
-166
-155
-149
-147
-147
-142
-129
-115
-108
-114
-129
-148
-168
-183
-196
-205
-206
-192
-159
-119
-90
-81
-85
-93
-99
-103
-103
-99
-92
-81
-64
-39
-16
-1
9
19
27
36
46
60
76
90
101
114
125
134
142
155
171
184
192
201
209
212
210
207
209
216
228
245
263
273
269
256
243
236
226
210
187
169
164
170
171
157
134
115
110
113
108
86
53
23
-1
-33
-84
-146
-201
-234
-245
-243
-236
-233
-239
-252
-270
-299
-354
-432
-510
-567
-608
-647
-682
-703
-709
-706
-699
-692
-699
-726
-760
-780
-784
-790
-807
-822
-818
-792
-749
-698
-652
-634
-646
-680
-729
-789
-843
-857
-815
-732
-630
-512
-378
-258
-192
-192
-237
-303
-368
-405
-397
-349
-284
-209
-114
6
137
254
346
409
445
469
488
490
452
383
322
311
359
459
592
740
880
994
1074
1114
1103
1041
952
866
801
763
755
778
824
880
939
994
1039
1074
1095
1096
1063
994
903
809
718
630
556
511
505
537
597
663
703
698
656
596
526
440
340
247
177
135
111
98
90
81
73
69
72
79
85
84
62
13
-55
-125
-193
-259
-316
-344
-335
-300
-259
-215
-173
-148
-150
-175
-200
-218
-234
-258
-285
-311
-330
-341
-338
-323
-302
-274
-233
-178
-124
-89
-81
-97
-131
-173
-215
-247
-262
-264
-252
-225
-183
-136
-97
-71
-56
-44
-36
-35
-44
-61
-89
-127
-170
-204
-217
-206
-176
-137
-96
-60
-29
-4
4
-20
-75
-142
-192
-212
-212
-207
-202
-194
-178
-157
-136
-120
-110
-105
-103
-101
-101
-110
-132
-164
-197
-218
-221
-205
-173
-131
-88
-55
-36
-30
-29
-33
-44
-59
-70
-68
-56
-41
-24
-6
11
26
45
75
114
147
163
162
158
153
142
125
111
113
136
173
215
249
269
273
271
271
269
258
240
226
226
238
249
252
247
235
223
222
233
244
236
210
184
168
155
133
106
87
83
84
75
54
27
-3
-40
-85
-133
-173
-194
-196
-192
-198
-221
-252
-280
-307
-344
-398
-460
-515
-552
-573
-587
-607
-639
-675
-697
-697
-686
-687
-709
-744
-775
-793
-801
-805
-809
-808
-784
-726
-651
-594
-585
-624
-691
-763
-822
-858
-856
-809
-715
-587
-453
-346
-280
-254
-262
-302
-365
-416
-421
-380
-318
-254
-184
-103
-16
75
172
269
347
392
413
422
418
387
335
289
281
331
437
582
734
865
961
1017
1031
1002
938
861
788
736
715
732
774
826
878
930
978
1016
1038
1044
1034
1000
939
855
761
669
592
542
528
546
589
647
705
739
729
676
593
497
403
315
237
175
140
137
155
172
170
156
148
148
143
122
86
43
-8
-70
-137
-195
-233
-252
-254
-237
-204
-160
-121
-103
-109
-134
-167
-204
-244
-278
-297
-302
-301
-300
-298
-285
-260
-231
-205
-183
-161
-139
-125
-131
-158
-200
-242
-274
-288
-284
-260
-223
-185
-153
-128
-109
-100
-106
-125
-146
-159
-166
-173
-185
-201
-215
-221
-219
-211
-194
-169
-137
-107
-90
-95
-117
-153
-194
-235
-269
-288
-287
-269
-239
-205
-177
-160
-156
-161
-167
-175
-184
-197
-211
-219
-219
-214
-210
-209
-206
-193
-166
-133
-102
-81
-74
-75
-80
-85
-92
-98
-97
-86
-66
-40
-11
19
44
60
70
78
82
87
96
110
123
128
128
137
155
177
192
201
211
227
247
262
261
247
234
230
230
224
218
224
243
260
265
265
266
258
231
196
171
162
153
132
114
114
128
134
119
94
75
64
46
9
-37
-79
-114
-152
-196
-232
-245
-237
-226
-227
-239
-257
-281
-319
-379
-454
-526
-579
-615
-640
-656
-657
-652
-653
-663
-669
-671
-687
-728
-778
-807
-810
-803
-792
-771
-737
-696
-658
-629
-621
-653
-717
-780
-812
-812
-793
-751
-680
-583
-475
-374
-298
-266
-276
-311
-351
-388
-417
-417
-378
-310
-230
-132
-8
123
228
296
341
370
376
357
330
306
283
266
279
342
449
579
714
836
925
974
989
972
919
836
753
699
682
695
738
804
877
938
987
1032
1064
1065
1032
978
912
833
748
667
603
566
562
589
637
688
731
754
745
695
615
526
438
352
279
233
219
222
233
245
254
250
233
214
198
179
148
108
66
20
-30
-77
-113
-137
-146
-136
-109
-75
-49
-37
-40
-61
-97
-138
-170
-193
-213
-226
-229
-225
-219
-212
-201
-188
-179
-169
-152
-129
-112
-112
-129
-157
-190
-221
-241
-249
-247
-238
-219
-188
-155
-130
-118
-116
-120
-131
-149
-173
-198
-219
-234
-246
-254
-255
-247
-231
-209
-183
-160
-145
-141
-148
-168
-203
-247
-287
-312
-320
-309
-280
-240
-201
-171
-150
-141
-149
-175
-205
-222
-220
-211
-199
-187
-176
-169
-167
-164
-157
-140
-113
-80
-50
-31
-24
-25
-34
-50
-63
-59
-35
-2
36
76
110
124
121
119
126
133
137
146
167
191
208
215
221
226
227
230
244
263
279
287
289
289
288
287
282
274
268
272
284
291
286
276
270
259
237
211
196
193
186
172
161
157
152
140
122
99
67
29
-1
-15
-27
-55
-97
-136
-165
-185
-197
-204
-211
-228
-248
-265
-284
-325
-388
-458
-519
-568
-603
-611
-596
-585
-598
-621
-626
-621
-645
-702
-753
-763
-746
-738
-737
-712
-657
-608
-600
-626
-658
-685
-711
-737
-754
-753
-726
-666
-581
-493
-426
-387
-368
-364
-369
-369
-361
-358
-368
-367
-325
-246
-165
-100
-34
57
161
247
298
321
321
301
272
251
251
277
329
407
499
596
689
771
829
851
845
824
800
773
750
736
735
740
757
795
847
899
939
966
981
977
949
905
852
788
714
646
606
600
614
638
663
687
701
695
666
614
549
481
416
364
328
307
292
276
261
252
250
247
241
235
226
208
171
119
63
11
-33
-63
-77
-77
-63
-36
-9
0
-15
-42
-62
-74
-92
-118
-143
-159
-168
-174
-177
-177
-176
-170
-154
-128
-107
-100
-109
-128
-148
-167
-179
-186
-190
-193
-191
-182
-170
-162
-159
-159
-156
-155
-155
-157
-157
-158
-164
-181
-207
-230
-237
-226
-214
-211
-212
-205
-190
-181
-184
-196
-211
-229
-250
-264
-265
-258
-258
-266
-271
-264
-246
-228
-215
-207
-202
-197
-191
-191
-203
-221
-235
-237
-231
-220
-202
-172
-138
-116
-109
-104
-94
-83
-80
-81
-77
-67
-54
-41
-26
-14
-6
4
23
50
78
101
121
137
143
145
150
160
165
162
162
178
203
224
235
240
243
248
258
272
282
282
275
272
272
271
263
250
237
228
229
238
245
238
225
219
214
196
160
125
109
105
97
81
65
51
34
11
-15
-49
-92
-136
-162
-166
-162
-170
-193
-225
-254
-275
-298
-339
-399
-454
-480
-484
-499
-539
-583
-602
-602
-609
-635
-663
-681
-692
-708
-734
-766
-792
-795
-765
-713
-665
-638
-623
-612
-613
-647
-715
-792
-841
-841
-789
-702
-605
-519
-446
-383
-339
-328
-356
-405
-445
-454
-432
-386
-329
-273
-217
-151
-68
25
110
178
235
282
307
299
266
231
210
208
228
286
389
524
655
754
814
838
832
799
751
706
676
660
660
681
727
782
829
862
888
915
938
948
936
899
839
767
695
634
588
563
563
589
631
676
710
719
695
638
565
488
415
352
305
281
274
273
273
275
277
273
258
238
220
203
179
142
93
38
-13
-52
-77
-86
-80
-61
-38
-19
-4
2
-9
-43
-88
-122
-138
-149
-166
-183
-190
-187
-186
-188
-184
-169
-149
-132
-118
-109
-110
-127
-156
-192
-228
-255
-267
-265
-252
-232
-205
-178
-159
-154
-158
-167
-182
-203
-226
-246
-263
-281
-299
-309
-306
-296
-284
-267
-243
-215
-194
-190
-205
-233
-268
-304
-340
-369
-380
-366
-334
-298
-265
-235
-209
-194
-196
-213
-230
-243
-253
-264
-272
-271
-266
-262
-252
-224
-181
-136
-98
-65
-36
-22
-31
-57
-85
-109
-123
-119
-93
-53
-9
38
88
130
150
150
147
150
151
145
139
139
143
150
164
190
217
238
259
287
315
326
317
301
290
281
264
239
222
221
237
256
270
279
286
295
300
291
264
226
188
160
141
123
101
85
81
84
78
62
50
47
39
11
-32
-73
-109
-150
-196
-234
-258
-271
-278
-276
-266
-266
-290
-338
-392
-440
-479
-515
-558
-603
-634
-634
-615
-609
-631
-664
-676
-666
-663
-687
-723
-740
-733
-715
-699
-683
-663
-643
-630
-625
-632
-653
-684
-708
-707
-679
-637
-590
-536
-468
-395
-339
-312
-313
-329
-343
-346
-339
-326
-305
-266
-199
-106
-6
82
154
208
249
280
300
300
277
248
240
264
309
367
441
534
632
717
780
819
827
802
754
707
671
648
643
665
714
772
823
863
897
921
930
916
878
821
759
709
669
632
599
583
594
623
656
683
696
687
650
597
540
480
415
352
308
291
292
303
313
318
317
313
302
280
247
207
168
128
85
49
26
13
1
-7
-4
12
28
36
38
33
12
-26
-69
-98
-114
-128
-145
-157
-150
-125
-102
-94
-103
-113
-112
-107
-110
-125
-146
-170
-197
-221
-233
-230
-225
-222
-211
-186
-163
-158
-172
-190
-205
-224
-247
-266
-273
-269
-266
-271
-283
-292
-291
-281
-270
-264
-260
-252
-246
-246
-255
-270
-295
-328
-355
-363
-355
-340
-326
-306
-274
-236
-205
-195
-208
-233
-253
-263
-270
-280
-280
-259
-226
-199
-181
-161
-137
-117
-103
-83
-57
-38
-35
-38
-41
-44
-52
-51
-31
5
44
79
111
136
151
155
154
154
160
175
197
215
223
227
233
236
234
235
250
276
297
310
319
325
325
316
301
287
278
276
278
279
275
269
263
259
255
245
230
214
200
189
174
151
127
112
103
89
66
41
22
8
-6
-23
-51
-92
-135
-161
-168
-177
-202
-229
-241
-244
-254
-278
-320
-377
-436
-476
-495
-511
-537
-555
-554
-550
-570
-604
-619
-618
-633
-670
-699
-698
-688
-688
-690
-678
-654
-632
-618
-605
-596
-600
-623
-654
-680
-682
-648
-589
-532
-490
-453
-410
-372
-356
-359
-366
-365
-354
-333
-296
-244
-187
-140
-101
-60
-5
62
122
160
180
197
219
237
251
269
297
329
366
420
492
560
604
627
645
665
674
669
659
655
659
672
696
727
757
780
797
804
799
790
783
778
766
746
724
702
679
656
640
630
623
620
625
632
627
603
564
518
470
427
397
383
375
364
351
341
332
319
298
275
251
230
215
200
179
147
108
74
51
40
38
41
45
45
44
40
30
12
-12
-36
-58
-75
-84
-86
-85
-88
-90
-89
-84
-83
-87
-93
-103
-121
-141
-153
-154
-156
-169
-186
-193
-188
-182
-183
-187
-187
-187
-190
-198
-209
-222
-239
-255
-269
-275
-274
-266
-258
-257
-264
-272
-274
-272
-273
-280
-293
-305
-314
-320
-323
-328
-336
-343
-342
-327
-302
-277
-263
-262
-268
-274
-280
-288
-299
-308
-308
-300
-286
-266
-238
-206
-178
-159
-150
-141
-128
-116
-112
-117
-121
-118
-112
-102
-84
-54
-19
15
48
85
121
138
132
115
100
91
87
92
108
135
170
207
239
260
270
274
276
275
268
261
258
262
266
267
263
257
258
271
289
297
293
287
284
279
266
242
210
177
156
156
165
161
138
117
117
125
115
82
43
12
-8
-21
-37
-67
-107
-143
-164
-180
-203
-221
-221
-214
-224
-255
-289
-323
-365
-414
-456
-488
-520
-547
-549
-526
-509
-525
-564
-597
-613
-619
-625
-645
-682
-716
-713
-666
-616
-602
-612
-608
-579
-557
-566
-600
-637
-661
-662
-634
-587
-539
-495
-446
-395
-358
-342
-338
-333
-326
-321
-313
-299
-279
-250
-202
-135
-67
-9
49
120
190
233
243
234
224
219
226
249
286
327
371
431
507
580
627
646
649
649
649
645
636
626
624
636
662
692
719
743
766
782
786
780
769
759
746
721
686
650
624
608
602
603
609
615
616
611
601
582
546
498
451
419
400
388
376
361
344
327
312
302
292
281
267
252
235
215
191
162
128
92
67
56
52
49
47
47
46
38
25
14
6
-6
-23
-40
-53
-67
-82
-98
-109
-114
-116
-112
-102
-91
-90
-102
-120
-135
-147
-162
-183
-203
-214
-218
-221
-224
-223
-217
-214
-217
-218
-215
-214
-223
-241
-260
-279
-298
-314
-322
-320
-312
-303
-291
-278
-269
-266
-271
-283
-303
-325
-339
-342
-341
-342
-341
-330
-308
-285
-271
-263
-257
-251
-248
-249
-248
-244
-246
-257
-268
-261
-234
-205
-184
-164
-135
-101
-77
-68
-67
-65
-63
-64
-63
-56
-44
-31
-13
10
37
63
91
122
152
174
182
178
167
154
146
147
153
163
179
206
245
282
302
302
296
294
292
283
266
246
229
219
220
233
247
252
252
259
272
277
261
229
197
176
161
141
108
72
54
60
77
82
70
53
41
29
7
-29
-76
-125
-163
-181
-188
-199
-214
-225
-234
-250
-276
-299
-314
-331
-359
-393
-424
-453
-485
-511
-524
-534
-549
-559
-555
-546
-547
-558
-576
-599
-626
-637
-617
-582
-565
-572
-567
-536
-505
-505
-535
-564
-573
-565
-546
-519
-485
-444
-400
-357
-322
-300
-287
-278
-275
-275
-267
-243
-208
-175
-142
-102
-54
-1
54
112
171
221
253
267
271
271
269
266
273
299
348
416
490
558
608
633
638
638
637
628
607
587
587
606
630
652
675
702
727
746
760
770
766
742
707
669
632
600
578
570
573
583
598
613
620
616
603
577
533
475
424
394
378
363
345
338
343
354
359
355
338
311
281
254
231
205
172
135
106
92
90
93
95
95
95
98
96
80
51
15
-18
-42
-56
-64
-67
-65
-60
-57
-58
-63
-67
-72
-82
-99
-117
-134
-150
-165
-176
-185
-195
-205
-207
-197
-186
-188
-204
-222
-230
-234
-240
-251
-264
-277
-289
-297
-300
-302
-306
-312
-312
-304
-295
-296
-304
-314
-322
-329
-337
-343
-345
-343
-340
-341
-347
-346
-334
-316
-305
-300
-292
-279
-269
-266
-264
-262
-266
-272
-269
-250
-229
-215
-203
-182
-157
-132
-110
-93
-89
-95
-95
-79
-63
-63
-66
-49
-14
18
40
58
73
82
93
113
135
143
138
140
152
157
154
158
180
204
220
234
248
253
250
251
256
251
236
229
242
257
253
236
225
221
219
222
232
233
217
197
191
188
170
138
110
97
93
92
89
78
56
30
12
3
-10
-35
-61
-79
-92
-110
-136
-167
-192
-206
-212
-224
-248
-280
-309
-322
-322
-327
-356
-403
-445
-461
-461
-470
-495
-522
-532
-526
-512
-508
-529
-571
-601
-595
-569
-556
-552
-528
-489
-474
-498
-531
-541
-539
-547
-555
-537
-500
-458
-411
-362
-335
-343
-355
-339
-308
-288
-279
-264
-247
-238
-220
-171
-107
-68
-51
-15
50
107
133
148
166
176
174
179
204
241
281
324
371
416
456
497
529
531
511
504
518
531
533
550
587
615
619
619
636
656
658
649
654
670
674
663
647
630
605
583
574
575
577
581
588
587
570
544
519
497
475
455
444
439
430
415
398
378
353
331
323
323
320
309
295
273
241
209
187
170
150
130
120
124
130
125
110
87
62
42
33
29
20
4
-13
-25
-35
-44
-52
-59
-69
-80
-87
-86
-84
-92
-112
-138
-160
-175
-183
-188
-192
-194
-197
-199
-201
-204
-208
-215
-233
-257
-276
-279
-269
-266
-278
-296
-306
-306
-305
-306
-303
-298
-295
-299
-303
-307
-316
-333
-351
-360
-358
-346
-327
-309
-300
-303
-307
-304
-296
-294
-296
-295
-288
-280
-275
-268
-258
-248
-246
-242
-226
-197
-169
-154
-151
-148
-142
-137
-132
-124
-110
-95
-81
-66
-47
-26
-6
13
30
43
53
64
76
85
89
90
94
100
108
122
143
163
178
191
208
225
229
218
200
189
188
192
196
197
201
214
233
243
237
224
216
211
199
180
162
151
142
130
120
115
110
104
100
98
89
71
49
28
5
-23
-51
-74
-92
-107
-114
-116
-124
-145
-168
-180
-186
-198
-221
-248
-281
-314
-339
-355
-370
-391
-411
-419
-417
-417
-419
-417
-422
-446
-486
-518
-534
-540
-546
-549
-541
-518
-481
-442
-424
-432
-451
-465
-477
-501
-524
-519
-482
-442
-416
-389
-348
-305
-281
-279
-287
-290
-281
-256
-229
-212
-207
-193
-161
-117
-74
-31
15
60
98
132
161
175
167
154
157
181
216
253
296
348
403
445
466
471
474
480
486
486
486
497
522
548
566
579
587
594
604
623
641
645
631
613
602
599
596
585
570
559
561
574
587
585
569
548
526
503
483
472
465
452
437
429
426
417
400
385
373
356
334
317
309
300
283
259
236
216
202
194
187
171
148
129
121
113
99
80
63
47
33
24
22
17
0
-24
-41
-46
-52
-63
-74
-80
-82
-85
-94
-106
-121
-135
-148
-161
-175
-185
-185
-183
-192
-209
-222
-225
-224
-227
-233
-237
-243
-252
-260
-266
-276
-294
-311
-313
-301
-287
-279
-280
-285
-294
-302
-308
-314
-320
-322
-316
-307
-304
-304
-298
-288
-286
-290
-290
-280
-266
-255
-249
-245
-246
-248
-246
-235
-220
-206
-194
-182
-168
-151
-135
-128
-133
-141
-134
-113
-91
-78
-70
-61
-47
-31
-14
-4
1
7
25
51
68
71
67
67
72
80
92
107
118
127
146
170
180
168
154
156
171
177
170
164
171
182
187
183
174
165
166
178
189
186
171
159
155
150
134
116
102
90
78
74
83
89
75
45
23
19
16
-5
-41
-67
-74
-75
-92
-120
-140
-147
-155
-173
-193
-205
-215
-227
-239
-249
-272
-313
-351
-360
-351
-359
-388
-414
-415
-399
-385
-384
-404
-442
-472
-475
-464
-472
-502
-517
-499
-471
-453
-432
-406
-399
-419
-432
-422
-409
-415
-423
-411
-389
-377
-365
-331
-285
-259
-249
-233
-210
-194
-179
-156
-143
-157
-170
-146
-95
-49
-16
25
74
112
140
177
213
215
187
181
213
247
263
283
326
373
403
422
446
468
480
486
497
506
509
514
526
535
533
535
551
572
588
605
622
623
603
581
572
568
555
541
543
557
564
560
552
542
522
501
488
480
469
455
445
435
420
403
392
385
373
360
353
349
333
305
277
254
230
209
203
209
209
195
178
164
148
123
99
84
68
45
27
24
24
16
1
-13
-24
-35
-41
-40
-45
-65
-89
-104
-113
-126
-142
-148
-149
-157
-170
-169
-159
-160
-179
-201
-212
-220
-233
-244
-248
-250
-256
-259
-254
-249
-254
-265
-273
-276
-277
-278
-278
-281
-288
-295
-298
-300
-305
-304
-292
-276
-269
-273
-275
-273
-273
-279
-285
-284
-274
-261
-247
-234
-227
-227
-228
-223
-214
-206
-199
-189
-177
-165
-157
-151
-146
-139
-131
-120
-106
-91
-75
-64
-56
-48
-39
-29
-20
-12
0
13
24
33
43
56
66
74
82
91
96
102
112
124
131
133
136
143
145
145
149
159
166
167
168
175
177
166
154
150
153
150
143
137
137
140
141
134
119
101
91
90
88
74
53
40
34
24
12
0
-12
-23
-31
-39
-55
-80
-104
-118
-124
-131
-146
-166
-182
-191
-195
-204
-227
-258
-280
-289
-297
-310
-322
-334
-348
-356
-349
-339
-347
-371
-389
-395
-405
-426
-442
-439
-428
-420
-408
-387
-369
-361
-353
-348
-364
-396
-408
-392
-375
-371
-356
-316
-276
-262
-255
-228
-201
-206
-233
-235
-203
-170
-155
-145
-131
-116
-90
-47
-1
25
40
68
110
136
137
129
132
141
156
188
239
285
311
333
362
386
391
382
381
397
421
441
453
464
479
496
508
512
516
528
549
567
575
572
559
541
529
534
547
553
548
544
550
558
555
539
515
495
486
491
498
492
472
452
440
434
422
407
392
380
370
364
357
342
321
304
294
285
266
244
227
216
202
183
164
150
141
137
132
121
101
80
66
54
37
13
-7
-21
-33
-44
-48
-47
-52
-65
-76
-81
-88
-106
-131
-151
-161
-165
-170
-178
-187
-193
-196
-200
-207
-216
-221
-223
-227
-236
-247
-256
-265
-274
-278
-277
-275
-272
-265
-256
-253
-261
-272
-279
-281
-282
-280
-276
-272
-273
-273
-269
-262
-258
-254
-246
-234
-226
-222
-220
-218
-218
-220
-219
-210
-197
-181
-165
-150
-142
-138
-133
-122
-111
-106
-104
-98
-87
-74
-60
-48
-40
-37
-32
-22
-11
-4
0
9
21
33
41
49
55
57
57
63
74
78
79
85
98
106
102
97
99
108
116
124
131
129
116
103
101
101
91
77
75
87
98
100
94
84
72
60
52
45
32
17
6
1
-4
-12
-22
-29
-34
-39
-45
-55
-69
-87
-106
-122
-136
-149
-163
-173
-177
-179
-189
-203
-213
-216
-225
-244
-263
-277
-291
-309
-320
-317
-313
-323
-337
-330
-310
-311
-338
-367
-377
-373
-371
-374
-379
-384
-383
-366
-340
-321
-316
-313
-304
-301
-310
-320
-320
-323
-328
-317
-280
-233
-198
-179
-164
-152
-149
-153
-156
-151
-140
-124
-103
-81
-61
-37
-6
20
40
62
89
114
128
137
145
150
150
160
186
220
247
269
296
325
344
352
360
370
372
368
371
384
400
416
433
450
464
475
485
492
488
477
475
483
489
486
483
486
487
481
473
470
473
478
482
487
483
467
444
426
411
397
389
392
400
402
397
389
374
348
320
302
297
294
287
280
271
256
234
211
194
179
166
160
158
154
142
125
107
85
63
45
36
31
23
14
7
-2
-19
-38
-53
-62
-68
-74
-82
-90
-99
-110
-121
-133
-146
-160
-172
-179
-180
-177
-177
-182
-190
-200
-209
-219
-229
-239
-246
-248
-247
-243
-241
-241
-245
-251
-257
-260
-259
-255
-249
-246
-248
-254
-262
-266
-266
-265
-262
-255
-243
-226
-210
-202
-205
-215
-222
-220
-213
-205
-197
-189
-181
-175
-172
-166
-158
-149
-137
-124
-110
-100
-94
-92
-93
-99
-103
-99
-89
-77
-63
-46
-30
-18
-12
-4
4
5
-2
-7
-4
1
3
6
11
16
22
31
42
52
54
53
52
50
46
40
31
23
20
22
27
32
36
40
42
36
25
14
5
-2
-7
-11
-16
-24
-31
-36
-41
-49
-56
-61
-66
-71
-78
-88
-102
-119
-135
-147
-156
-163
-166
-169
-175
-183
-189
-197
-213
-230
-238
-243
-255
-269
-268
-257
-259
-274
-283
-284
-294
-315
-324
-314
-306
-315
-324
-312
-298
-305
-321
-325
-324
-331
-329
-306
-280
-280
-297
-306
-300
-296
-293
-272
-240
-219
-211
-196
-176
-179
-203
-213
-193
-164
-142
-117
-82
-58
-57
-68
-67
-52
-35
-18
5
27
42
56
74
91
99
108
125
150
179
208
226
226
217
220
240
264
279
288
302
324
349
370
379
378
376
384
394
394
385
387
404
424
436
445
454
457
453
449
450
448
439
438
451
462
453
432
421
423
425
423
423
424
422
416
407
396
376
352
335
331
338
345
348
342
325
306
294
284
269
252
241
237
233
222
204
184
168
157
150
143
136
130
122
107
85
62
48
40
32
21
12
4
-6
-17
-27
-35
-47
-60
-67
-69
-72
-83
-99
-116
-129
-137
-139
-137
-138
-145
-153
-158
-161
-169
-180
-189
-193
-194
-197
-201
-203
-205
-207
-209
-208
-206
-205
-205
-206
-209
-215
-219
-219
-218
-219
-222
-219
-211
-204
-201
-198
-193
-190
-190
-189
-183
-177
-175
-173
-169
-164
-160
-156
-148
-137
-129
-122
-116
-112
-110
-108
-100
-92
-91
-91
-85
-73
-64
-60
-55
-47
-42
-38
-34
-30
-28
-28
-26
-22
-17
-13
-8
-3
0
1
3
8
10
10
12
15
17
17
15
11
7
5
7
10
12
12
14
16
13
4
-4
-10
-16
-22
-24
-24
-32
-43
-48
-44
-45
-54
-63
-67
-68
-74
-83
-89
-95
-106
-116
-121
-126
-136
-143
-143
-140
-146
-156
-159
-157
-165
-182
-195
-199
-204
-213
-219
-216
-213
-217
-222
-222
-223
-230
-239
-242
-243
-246
-245
-239
-235
-241
-249
-247
-238
-232
-229
-227
-227
-230
-230
-222
-211
-204
-197
-182
-163
-153
-151
-149
-147
-148
-145
-128
-104
-86
-75
-63
-51
-43
-37
-27
-11
5
18
31
42
43
38
42
59
80
102
132
167
190
193
186
183
183
187
197
217
241
260
274
286
297
304
313
326
339
349
358
366
365
353
342
343
354
369
383
397
406
409
409
407
401
390
380
382
390
395
392
385
374
367
367
374
378
371
360
353
348
339
326
313
307
306
306
306
300
286
271
263
259
253
243
233
222
211
197
186
177
171
167
166
165
157
140
118
97
80
69
66
65
63
58
52
43
27
6
-9
-11
-5
-4
-11
-24
-38
-54
-71
-84
-89
-86
-78
-69
-64
-69
-85
-103
-117
-125
-129
-132
-132
-131
-131
-132
-134
-136
-141
-144
-143
-139
-133
-132
-135
-142
-150
-156
-161
-163
-164
-161
-157
-153
-150
-145
-139
-135
-135
-136
-138
-140
-144
-147
-146
-143
-141
-137
-129
-120
-115
-112
-103
-91
-85
-83
-78
-72
-75
-88
-98
-97
-90
-84
-77
-64
-51
-44
-40
-34
-31
-35
-43
-46
-44
-44
-46
-48
-45
-44
-43
-38
-28
-18
-11
-4
4
5
-3
-15
-23
-27
-33
-43
-48
-43
-37
-34
-33
-30
-24
-23
-27
-31
-33
-40
-51
-61
-67
-73
-81
-88
-89
-86
-83
-78
-71
-68
-73
-79
-83
-93
-112
-131
-141
-145
-152
-160
-159
-152
-148
-151
-152
-150
-151
-158
-164
-166
-168
-177
-187
-196
-206
-215
-218
-212
-202
-191
-179
-168
-164
-169
-180
-191
-200
-208
-215
-218
-215
-208
-201
-197
-196
-191
-181
-170
-160
-149
-139
-136
-139
-140
-138
-141
-149
-151
-139
-122
-110
-101
-85
-67
-57
-52
-41
-28
-27
-34
-35
-28
-23
-20
-11
4
18
29
45
66
80
85
92
110
124
125
123
128
135
136
136
144
160
176
191
207
221
233
242
247
248
245
245
249
255
258
260
265
269
272
277
289
302
311
316
319
320
317
312
305
298
292
289
290
289
285
281
284
290
292
293
296
297
292
281
270
260
246
232
223
222
223
222
220
219
219
215
208
200
191
183
175
164
152
140
130
124
119
117
114
110
106
101
95
85
74
62
52
45
39
34
29
21
13
8
6
4
-3
-11
-16
-16
-17
-22
-31
-40
-47
-52
-57
-61
-67
-72
-73
-72
-73
-75
-78
-80
-83
-85
-87
-89
-92
-98
-103
-106
-109
-113
-117
-117
-114
-109
-104
-100
-97
-99
-102
-106
-110
-114
-119
-121
-121
-119
-117
-114
-112
-109
-106
-99
-92
-88
-87
-88
-91
-95
-102
-109
-111
-108
-103
-98
-94
-88
-81
-77
-75
-75
-77
-79
-79
-79
-78
-79
-83
-86
-86
-83
-81
-79
-77
-72
-67
-64
-63
-64
-68
-74
-78
-81
-84
-88
-88
-86
-84
-84
-83
-79
-76
-77
-78
-77
-76
-80
-87
-95
-101
-107
-111
-111
-110
-108
-105
-99
-93
-92
-98
-106
-115
-124
-132
-136
-137
-137
-139
-140
-138
-136
-137
-141
-143
-143
-142
-141
-140
-141
-145
-151
-157
-161
-159
-157
-155
-154
-151
-148
-146
-146
-147
-149
-150
-151
-150
-146
-143
-143
-144
-142
-139
-136
-137
-137
-136
-134
-130
-121
-107
-96
-91
-92
-92
-92
-93
-96
-96
-90
-81
-73
-64
-56
-49
-44
-40
-32
-23
-15
-9
-7
-7
-8
-8
-5
2
9
18
31
45
56
62
64
67
72
73
70
70
76
84
90
95
103
112
121
127
134
139
142
144
148
155
159
157
154
153
155
158
162
170
180
189
197
204
206
201
193
187
185
185
185
187
193
197
199
201
205
207
206
204
201
197
189
181
178
179
179
177
177
180
185
189
190
187
182
176
172
168
161
150
141
137
136
136
135
135
136
138
135
130
122
115
107
99
93
90
86
81
78
75
73
69
65
62
62
60
57
53
49
43
35
30
26
20
13
8
6
5
2
-1
-2
-2
-4
-7
-9
-12
-18
-24
-27
-29
-34
-40
-42
-41
-42
-45
-47
-46
-45
-46
-47
-46
-48
-52
-57
-59
-58
-61
-66
-70
-70
-68
-69
-70
-68
-66
-65
-64
-63
-61
-63
-66
-68
-69
-70
-70
-69
-67
-66
-65
-65
-65
-66
-66
-65
-64
-63
-64
-64
-62
-59
-59
-61
-63
-65
-66
-66
-67
-68
-67
-64
-62
-61
-62
-64
-65
-65
-64
-64
-65
-64
-63
-63
-66
-69
-70
-69
-69
-70
-70
-68
-66
-65
-66
-66
-67
-67
-69
-70
-71
-73
-75
-75
-75
-75
-74
-71
-69
-69
-71
-71
-72
-73
-76
-78
-79
-80
-81
-81
-79
-77
-77
-78
-78
-78
-81
-83
-84
-84
-85
-85
-84
-82
-81
-81
-80
-79
-79
-80
-79
-77
-75
-76
-77
-76
-74
-74
-73
-71
-69
-67
-63
-59
-56
-55
-55
-54
-52
-52
-52
-51
-50
-49
-48
-43
-37
-34
-32
-29
-23
-18
-16
-17
-17
-18
-17
-15
-12
-8
-5
0
6
13
19
23
27
29
31
31
31
31
33
36
39
41
45
50
56
59
63
68
73
77
79
81
83
84
82
82
84
87
90
95
99
104
109
114
116
115
115
117
119
120
121
122
122
121
120
122
125
126
125
126
130
133
135
136
137
137
135
134
132
128
124
121
118
116
117
120
122
123
124
125
128
128
124
119
115
112
109
105
101
97
93
91
92
95
98
102
103
102
99
96
89
81
73
66
63
63
66
69
72
73
74
74
73
70
64
57
49
42
35
30
27
25
26
28
31
32
33
32
29
25
21
18
14
10
6
4
3
1
0
2
5
7
8
6
4
1
-2
-4
-7
-10
-13
-14
-15
-15
-15
-16
-17
-16
-14
-13
-12
-13
-16
-20
-23
-25
-27
-27
-27
-26
-24
-23
-23
-23
-24
-25
-27
-28
-30
-31
-33
-34
-36
-36
-36
-36
-37
-38
-38
-37
-37
-37
-37
-35
-36
-38
-39
-40
-40
-43
-46
-49
-49
-49
-48
-46
-45
-45
-45
-45
-45
-47
-49
-52
-53
-54
-55
-55
-56
-56
-55
-52
-49
-47
-45
-43
-44
-46
-49
-52
-56
-59
-60
-60
-59
-57
-56
-56
-56
-55
-53
-52
-52
-53
-53
-53
-55
-58
-60
-62
-63
-63
-60
-57
-54
-53
-52
-50
-49
-48
-48
-48
-49
-52
-54
-55
-57
-58
-56
-52
-48
-45
-42
-40
-39
-40
-41
-41
-41
-41
-42
-42
-43
-45
-46
-45
-43
-39
-36
-33
-31
-29
-28
-27
-27
-29
-30
-30
-29
-28
-28
-28
-27
-24
-21
-17
-13
-11
-10
-9
-8
-8
-9
-10
-9
-7
-5
-3
-2
2
5
9
13
15
17
19
20
19
18
16
16
17
21
25
29
32
33
34
34
36
38
39
39
39
41
41
41
41
41
41
42
45
48
50
52
54
55
55
55
54
54
53
52
52
51
50
50
52
55
58
60
62
65
66
65
63
60
58
56
55
55
54
52
51
52
53
55
57
59
59
58
56
53
50
48
47
48
47
46
45
43
41
39
38
39
41
42
43
42
41
39
36
33
30
28
29
29
28
27
27
26
24
23
23
26
27
27
27
26
23
19
17
16
13
12
12
12
11
9
9
9
9
8
8
8
8
5
2
-2
-5
-7
-8
-8
-8
-6
-4
-1
0
-1
-2
-4
-6
-9
-10
-13
-15
-18
-19
-20
-19
-17
-14
-11
-10
-11
-12
-14
-17
-21
-25
-27
-29
-31
-31
-31
-29
-28
-27
-26
-25
-25
-26
-29
-31
-33
-35
-38
-40
-41
-41
-40
-40
-40
-40
-38
-38
-36
-35
-34
-36
-38
-40
-42
-45
-48
-49
-47
-45
-43
-42
-41
-40
-41
-41
-42
-43
-44
-45
-46
-46
-47
-47
-46
-45
-44
-45
-45
-45
-45
-45
-45
-45
-45
-45
-46
-45
-44
-43
-42
-42
-42
-41
-42
-42
-44
-45
-45
-43
-41
-39
-38
-35
-33
-32
-34
-35
-36
-37
-37
-36
-36
-35
-35
-36
-36
-36
-35
-33
-30
-27
-25
-24
-23
-24
-25
-26
-27
-27
-26
-25
-23
-21
-18
-16
-15
-13
-10
-9
-9
-10
-11
-12
-12
-11
-11
-11
-11
-9
-7
-4
-2
0
2
3
4
4
3
3
3
3
3
3
3
5
6
6
8
9
12
12
13
13
14
13
10
8
7
8
10
11
13
14
16
16
16
17
17
17
17
17
16
15
14
13
14
15
16
19
21
22
23
23
23
21
19
16
15
14
14
15
17
19
21
22
24
25
25
23
21
20
19
17
16
16
17
18
18
19
19
19
19
19
19
17
16
16
15
15
14
13
13
13
13
14
14
14
15
15
14
13
12
11
10
9
8
8
8
8
7
6
6
6
6
5
5
4
3
2
1
1
1
1
2
3
4
4
2
1
-1
-2
-3
-4
-4
-3
-3
-2
-1
0
0
-2
-3
-4
-5
-5
-7
-8
-9
-9
-9
-9
-9
-8
-8
-7
-6
-6
-7
-8
-9
-9
-9
-10
-11
-12
-12
-12
-11
-10
-9
-8
-6
-6
-6
-8
-10
-11
-11
-11
-11
-11
-11
-10
-10
-10
-9
-9
-8
-7
-6
-5
-5
-6
-8
-9
-9
-9
-9
-8
-7
-6
-7
-7
-7
-7
-7
-7
-6
-5
-5
-6
-8
-10
-11
-11
-12
-11
-9
-8
-7
-6
-5
-5
-5
-6
-7
-8
-8
-7
-7
-6
-6
-5
-5
-6
-6
-6
-5
-5
-5
-5
-5
-5
-5
-6
-8
-9
-9
-9
-8
-6
-5
-5
-5
-5
-5
-5
-5
-5
-5
-6
-7
-6
-6
-7
-7
-6
-5
-5
-5
-4
-3
-2
-3
-4
-4
-4
-4
-5
-4
-3
-2
-2
-2
-1
-1
-1
-1
-1
-2
-2
-1
1
1
1
0
0
1
1
2
2
3
3
3
4
4
3
2
2
2
3
3
3
4
3
3
3
3
3
4
5
5
6
7
8
8
8
8
8
8
8
8
8
8
8
9
10
11
11
11
11
11
11
11
11
11
10
10
11
11
11
12
12
13
13
13
13
13
13
12
11
11
11
11
11
11
12
12
13
13
13
13
13
13
13
12
11
11
10
10
10
10
11
11
13
14
14
13
12
12
11
11
11
10
9
9
9
10
11
12
13
13
12
11
11
11
10
9
9
9
8
8
7
8
8
9
10
10
9
9
9
9
9
8
8
8
8
7
7
7
7
7
8
8
8
8
8
8
8
7
7
7
6
5
5
5
5
4
3
4
5
5
5
5
5
5
5
4
3
2
1
1
1
1
1
1
2
3
3
3
4
3
3
2
1
1
1
1
1
0
0
0
1
2
2
3
3
2
2
1
0
-1
-1
-1
-1
-2
-2
-1
0
1
1
2
2
2
2
2
2
1
-1
-1
-1
-1
-1
-1
-1
0
0
0
1
1
0
0
0
0
-1
-2
-2
-2
-3
-3
-3
-2
-2
-2
-1
-1
-1
-1
-1
0
-1
-2
-3
-3
-4
-4
-5
-4
-3
-1
0
0
0
0
-1
-2
-2
-3
-4
-4
-4
-4
-4
-3
-2
-1
-1
-2
-2
-2
-2
-3
-3
-4
-5
-5
-5
-4
-4
-3
-3
-3
-3
-3
-3
-3
-2
-3
-3
-4
-4
-4
-4
-3
-3
-3
-2
-2
-3
-3
-3
-3
-3
-3
-3
-3
-3
-3
-3
-3
-2
-1
-1
-2
-2
-1
-1
-2
-2
-2
-3
-4
-3
-2
-2
-2
-2
-2
-2
-3
-3
-2
-1
-1
-1
-1
0
0
1
1
1
1
1
1
1
1
0
0
1
2
2
1
1
1
1
1
1
1
1
1
1
1
2
2
1
1
1
1
2
2
2
2
2
2
2
2
2
3
3
3
2
2
2
2
2
1
2
2
2
1
2
3
3
3
3
3
3
2
1
1
1
1
1
1
2
2
3
3
3
2
2
2
2
2
1
0
0
1
0
-1
-1
0
0
1
2
3
3
3
3
2
1
0
0
0
1
0
0
0
1
1
1
1
1
1
0
0
0
0
-1
-2
-2
-2
-2
-2
-2
-2
-2
-2
-2
-2
-2
-2
-2
-2
-2
-3
-4
-4
-4
-3
-3
-4
-4
-3
-3
-3
-3
-3
-3
-3
-3
-3
-3
-3
-3
-4
-4
-4
-3
-3
-3
-3
-3
-3
-4
-4
-5
-4
-4
-4
-5
-5
-5
-5
-5
-5
-5
-5
-5
-5
-5
-5
-5
-5
-6
-6
-6
-6
-6
-6
-5
-5
-5
-5
-5
-5
-4
-4
-4
-4
-5
-5
-4
-5
-5
-5
-6
-6
-5
-5
-4
-4
-4
-4
-3
-3
-3
-4
-5
-5
-5
-5
-5
-5
-5
-5
-4
-4
-3
-3
-3
-3
-3
-3
-4
-4
-4
-5
-5
-4
-4
-4
-4
-4
-3
-3
-3
-3
-3
-3
-3
-3
-3
-2
-3
-4
-4
-3
-4
-4
-4
-3
-3
-3
-3
-3
-4
-3
-3
-2
-3
-3
-3
-2
-3
-3
-2
-1
-1
-1
-1
0
-1
-1
-1
0
0
0
0
0
0
0
0
0
0
1
1
1
1
1
1
1
1
1
1
1
1
2
2
2
2
2
2
1
1
2
2
3
2
3
3
3
2
2
2
2
2
2
3
3
2
2
3
3
3
2
2
3
4
4
3
3
2
2
3
3
4
4
4
4
3
3
3
3
2
2
2
2
2
3
3
3
3
3
2
2
2
2
2
3
3
3
3
3
3
3
2
2
2
2
2
2
2
2
2
2
2
2
2
2
2
2
2
2
2
2
2
1
2
2
2
2
2
3
3
2
2
1
1
1
2
1
1
1
1
1
0
0
0
0
1
1
0
1
1
1
1
1
0
0
0
0
0
0
0
0
0
-1
-1
-1
0
0
0
-1
-1
-1
-1
-1
-1
-1
-1
-1
-1
-2
-2
-2
-1
0
0
-1
-2
-1
-1
-1
-1
-1
-1
-1
-2
-2
-2
-1
-2
-2
-2
-2
-2
-3
-2
-2
-2
-2
-3
-2
-2
-2
-4
-4
-3
-3
-3
-3
-3
-2
-3
-3
-4
-4
-3
-3
-2
-2
-2
-3
-3
-4
-4
-4
-4
-4
-4
-3
-2
-2
-3
-3
-3
-3
-3
-3
-3
-3
-3
-4
-4
-4
-4
-4
-4
-3
-3
-4
-5
-5
-5
-5
-5
-5
-5
-4
-5
-5
-5
-5
-5
-6
-6
-5
-5
-5
-5
-5
-5
-5
-5
-5
-5
-5
-4
-4
-4
-4
-4
-4
-4
-4
-4
-4
-4
-4
-3
-3
-2
-2
-3
-3
-3
-3
-3
-2
-2
-2
-2
-3
-3
-3
-3
-3
-3
-3
-2
-2
-2
-2
-2
-2
-2
-1
-1
-1
-1
-1
-1
-1
-1
-1
0
-1
0
0
1
1
1
1
1
2
2
1
1
1
0
1
1
2
2
2
2
2
2
2
2
2
2
1
1
2
2
2
2
1
1
2
3
3
2
2
3
3
3
2
2
2
2
2
2
2
3
3
3
3
2
2
2
3
4
3
3
3
3
3
3
3
3
4
4
4
4
4
4
4
4
4
4
3
3
3
3
3
4
3
2
2
3
4
4
3
3
3
3
3
3
3
3
3
3
2
3
3
3
2
3
3
3
2
2
3
3
2
1
2
2
2
2
2
2
2
2
1
1
2
2
2
2
2
2
2
2
2
2
1
1
2
2
2
2
2
2
1
2
1
1
0
1
1
1
1
1
1
1
1
0
0
0
0
0
0
-1
-1
0
0
0
0
-1
-1
-1
-1
-1
-1
-1
0
0
0
0
0
0
-1
-1
-1
-1
-1
-1
-1
-1
-1
-1
-1
-1
-1
-1
-1
-1
-1
-1
-2
-2
-2
-2
-2
-2
-2
-2
-2
-2
-2
-2
-2
-1
-1
-1
-2
-2
-2
-2
-2
-2
-1
-1
-1
-2
-2
-2
-1
-1
-2
-2
-2
-2
-2
-2
-3
-3
-3
-3
-2
-2
-2
-2
-2
-2
-2
-2
-2
-2
-2
-2
-1
-1
-2
-2
-2
-2
-1
-1
-2
-1
-1
-1
-2
-2
-2
-2
-2
-1
-1
-1
-1
-1
-1
-1
-1
-1
-1
-1
0
0
0
0
0
0
0
0
0
0
-1
-1
0
0
0
-1
-1
-1
0
0
0
0
0
-1
-1
0
-1
-1
0
0
0
-1
0
1
1
1
0
1
1
1
1
1
1
1
1
1
2
1
1
1
1
1
1
2
2
1
0
0
1
1
1
1
1
1
0
0
0
1
1
1
1
1
1
1
1
0
0
1
1
1
1
1
1
1
1
1
1
1
1
2
2
2
1
1
2
2
2
2
2
1
1
1
2
2
1
1
2
2
1
1
1
1
1
1
1
1
1
1
1
2
1
1
1
1
0
0
-1
0
0
0
0
0
1
1
1
1
1
1
1
1
1
0
0
0
0
1
1
1
1
0
0
1
1
1
1
1
1
0
0
0
0
0
0
0
0
0
0
0
0
0
0
0
0
0
0
-1
-1
0
0
-1
-1
-1
-1
-1
-1
-1
0
-1
-1
-1
-1
-1
-1
-1
-1
-1
-1
-1
-2
-2
-2
-2
-1
-2
-2
-3
-2
-2
-1
-1
-1
-1
-1
-2
-2
-1
-1
-1
-1
-1
-1
-2
-2
-2
-2
-2
-1
-1
-1
-1
-1
-1
-1
-1
-1
-1
-1
-1
-1
-1
-1
-1
-2
-2
-1
-1
-1
-1
-1
-1
-1
-2
-2
-2
-1
-1
-2
-2
-3
-3
-2
-2
-2
-2
-2
-2
-2
-2
-2
-2
-2
-2
-2
-2
-2
-2
-2
-2
-2
-2
-2
-2
-2
-2
-2
-2
-2
-2
-1
-1
-2
-2
-2
-1
-1
-1
-1
-1
-1
-2
-2
-2
-1
-1
-2
-2
-2
-2
-2
-2
-2
-2
-1
-1
-2
-2
-1
-1
-2
-2
-2
-2
-2
-2
-3
-3
-2
-2
-2
-2
-2
-2
-2
-2
-2
-2
-2
-2
-2
-2
-2
-2
-2
-2
-2
-2
-2
-2
-2
-2
-2
-2
-2
-2
-2
-2
-2
-2
-2
-1
-2
-2
-2
-2
-2
-2
-2
-3
-2
-2
-2
-2
-2
-2
-2
-2
-2
-2
-2
-2
-2
-2
-3
-3
-3
-3
-3
-3
-3
-3
-3
-3
-3
-3
-3
-3
-3
-3
-3
-3
-3
-3
-3
-3
-2
-2
-2
-2
-3
-2
-2
-2
-2
-2
-2
-2
-2
-2
-2
-2
-2
-2
-2
-2
-2
-2
-2
-2
-2
-2
-2
-3
-3
-3
-3
-2
-2
-2
-2
-3
-3
-3
-3
-3
-3
-2
-2
-2
-2
-3
-2
-3
-3
-3
-3
-3
-3
-3
-3
-2
-2
-3
-3
-3
-3
-3
-3
-3
-3
-3
-3
-3
-2
-2
-2
-3
-3
-3
-2
-2
-2
-2
-2
-2
-2
-2
-2
-2
-2
-2
-2
-2
-2
-2
-2
-2
-2
-2
-2
-3
-2
-2
-2
-3
-3
-2
-2
-2
-3
-3
-3
-3
-3
-3
-2
-2
-2
-2
-2
-2
-3
-3
-2
-2
-2
-2
-2
-2
-1
-1
-1
-1
-1
-1
-2
-1
-1
0
0
0
-1
-1
-1
-1
-1
-2
-1
-1
-1
-1
-1
-1
-1
-1
-1
-1
-1
-2
-2
-1
-1
-1
-2
-2
-1
-1
-1
-1
-1
0
0
0
0
0
1
1
0
0
0
0
0
0
0
0
1
0
1
1
2
2
1
1
1
1
1
1
1
2
2
2
2
2
2
2
2
2
2
2
2
2
2
2
1
1
2
2
2
2
2
1
2
2
2
2
2
2
2
2
2
2
3
2
2
2
2
2
2
2
3
3
2
2
3
2
2
2
2
3
2
2
3
3
3
3
3
3
3
3
3
4
4
3
4
3
3
3
4
4
4
4
3
3
4
4
3
3
3
3
3
3
3
3
3
3
3
3
3
3
3
3
3
3
3
3
3
3
3
3
2
3
3
3
2
2
2
2
2
2
2
2
2
2
2
3
2
2
2
3
3
2
2
3
2
2
2
3
3
3
3
3
3
3
3
3
3
3
4
3
3
2
2
3
3
2
2
2
2
2
3
2
2
2
2
3
2
2
2
2
2
2
2
3
2
2
2
2
2
2
3
3
2
2
2
2
2
2
2
2
3
3
2
2
2
2
2
2
2
2
2
2
2
2
2
2
2
2
2
2
2
2
2
2
2
2
2
2
1
1
1
1
2
2
2
2
2
1
1
1
1
1
2
1
1
0
1
1
1
1
0
0
1
1
1
1
1
1
1
1
0
1
1
1
1
1
1
1
1
0
0
1
1
1
1
0
0
0
0
0
0
0
0
0
0
0
1
1
1
1
0
0
0
0
0
0
0
0
0
0
0
0
1
1
0
1
1
1
0
0
0
0
0
0
0
-1
-1
-1
0
0
0
0
0
-1
-1
-1
0
0
0
0
0
0
0
0
0
0
0
0
0
-1
-1
-1
-1
-1
-1
-1
-1
-1
-1
-1
-1
0
0
-1
-1
0
0
0
-1
-1
-1
-1
0
0
0
-1
-1
-1
-1
0
0
-1
-1
-1
0
0
0
0
-1
0
0
-1
-1
-1
-1
-1
-1
-1
-1
-1
-1
-1
-1
-1
-1
-2
-2
-2
-2
-2
-2
-1
-1
-2
-2
-2
-2
-2
-2
-2
-1
-1
-2
-2
-2
-2
-2
-1
-1
-1
-1
-1
-1
-2
-2
-2
-2
-2
-2
-2
-2
-2
-2
-2
-2
-2
-2
-2
-2
-2
-2
-1
-1
-1
-1
-2
-2
-2
-2
-2
-2
-2
-2
-2
-2
-2
-2
-2
-2
-2
-2
-2
-2
-2
-2
-2
-2
-2
-2
-2
-2
-2
-2
-2
-2
-2
-2
-2
-2
-2
-2
-2
-2
-2
-2
-2
-2
-2
-2
-2
-2
-2
-2
-2
-2
-2
-3
-3
-3
-2
-3
-3
-3
-2
-2
-2
-2
-3
-2
-2
-2
-2
-3
-2
-2
-3
-3
-2
-3
-3
-2
-2
-3
-3
-3
-2
-2
-2
-2
-2
-2
-2
-2
-2
-2
-2
-2
-2
-1
-2
-2
-2
-1
-1
-1
-2
-2
-2
-2
-2
-1
-2
-2
-2
-2
-2
-2
-2
-2
-2
-2
-2
-2
-2
-2
-2
-2
-2
-2
-2
-2
-2
-2
-2
-2
-2
-2
-2
-2
-2
-2
-2
-2
-2
-2
-2
-2
-2
-2
-2
-2
-2
-2
-2
-2
-2
-2
-1
-1
-2
-2
-1
-2
-2
-2
-2
-2
-1
-2
-2
-2
-2
-2
-2
-2
-2
-2
-2
-2
-2
-2
-1
-2
-2
-2
-2
-2
-2
-2
-2
-2
-1
-1
-1
-2
-2
-2
-2
-2
-2
-2
-2
-2
-2
-1
-2
-2
-2
-2
-2
-2
-2
-2
-2
-1
-1
-1
-1
-2
-2
-2
-2
-2
-1
-2
-2
-2
-2
-2
-2
-2
-2
-2
-2
-2
-1
-2
-2
-2
-1
-1
-2
-2
-2
-2
-2
-2
-2
-1
-1
-2
-2
-2
-1
-2
-2
-2
-2
-2
-2
-2
-2
-2
-2
-2
-2
-2
-2
-2
-2
-2
-1
-1
-2
-2
-2
-2
-2
-2
-2
-2
-2
-2
-1
-1
-2
-2
-1
-1
-1
-2
-2
-1
-2
-2
-1
-1
-1
-2
-2
-1
-1
-2
-2
-2
-1
-1
-1
-1
-1
-1
-1
-2
-2
-1
-2
-2
-1
0
-1
-2
-2
-2
-1
-1
-1
-1
-2
-2
-2
-2
-2
-2
-2
-1
-1
-2
-1
-1
-1
-1
-1
-1
0
0
0
0
0
-1
-1
-1
0
0
-1
-1
-1
-1
-1
0
0
0
-1
-1
-1
0
0
0
-1
-1
-1
-1
-1
-1
-1
-1
-1
-1
-1
-1
-1
-2
-2
-1
-1
-1
-1
-1
-1
-1
0
0
-1
-1
0
0
1
0
0
0
0
0
0
0
0
0
0
0
0
0
0
0
0
0
1
1
1
0
0
0
0
0
0
0
1
1
1
0
0
0
0
0
0
0
0
0
0
0
0
0
0
1
0
0
0
0
0
0
0
0
0
1
1
1
0
0
0
0
1
1
1
1
1
1
0
0
1
1
1
1
1
1
1
1
1
1
1
1
1
1
1
1
1
1
1
0
0
1
1
0
0
0
1
1
0
1
1
1
1
1
1
2
1
0
0
0
1
1
1
1
0
0
0
0
0
0
1
1
1
0
0
1
1
1
1
1
2
1
1
1
1
1
1
1
1
1
1
1
1
1
1
1
1
1
1
1
1
1
1
1
1
1
1
1
1
1
1
0
0
1
1
1
1
0
0
0
1
1
1
0
0
0
0
1
1
1
0
0
0
0
0
0
1
1
1
1
1
1
2
1
1
1
1
1
2
2
1
1
1
1
2
1
1
1
1
1
1
1
1
1
1
1
0
1
1
1
1
1
1
1
1
1
1
1
0
0
1
1
1
1
1
1
1
1
1
1
1
1
1
1
1
1
1
1
1
1
1
1
1
1
1
1
1
0
0
1
1
0
0
1
1
1
1
1
1
1
1
1
1
2
1
1
0
1
1
1
1
1
1
1
1
1
1
0
0
0
1
1
0
0
0
0
0
0
1
1
1
0
0
0
1
1
0
0
0
0
0
0
0
0
1
1
1
0
0
0
1
1
1
1
0
1
1
1
1
1
1
1
1
1
1
1
1
1
1
1
1
0
0
0
0
0
0
1
1
0
0
0
0
0
0
1
1
1
1
0
0
1
1
1
1
0
0
0
0
0
0
0
0
0
1
0
0
0
0
0
0
0
0
0
0
-1
-1
-1
0
0
0
0
0
-1
0
0
1
0
0
0
0
0
0
0
0
0
0
0
-1
0
0
0
0
-1
-1
0
0
0
-1
-1
-1
0
-1
-1
0
0
0
0
0
-1
-1
-1
-1
-1
0
-1
-1
-1
0
0
0
0
0
0
0
0
0
0
0
0
0
-1
-1
-1
-1
-1
-1
0
0
0
-1
-1
-1
-1
-1
-1
-1
-1
-1
-1
-1
-1
-1
-1
-1
-1
-1
-1
-1
-1
-1
0
0
-1
-1
-1
-1
-1
-1
0
-1
-1
-1
-1
-1
-1
-1
-1
-1
-1
-1
-1
-1
-1
-1
-1
-1
0
-1
-1
-1
-1
-1
0
-1
-1
-1
-1
0
0
-1
-1
-1
-1
-1
-1
-1
-1
-1
-1
-1
-1
-1
-1
-1
-1
-1
-1
-1
-1
-1
-1
-1
-1
-1
-1
-1
-1
-1
-1
-1
-1
-1
-1
-1
-1
-1
-1
-1
-2
-1
-1
-2
-2
-1
-1
-1
-1
-1
-1
0
0
0
-1
-1
-1
-1
-1
-1
-1
-1
0
0
-1
-1
-1
-1
-1
-1
-1
-1
-1
-1
-1
-1
0
-1
-1
-2
-1
-1
-1
-1
-1
-1
-1
-1
-1
-1
-1
-1
-1
-1
-2
-1
-1
-1
-1
-1
-1
-2
-2
-1
-1
-1
-1
0
0
0
-1
-1
-1
-1
-1
0
0
0
0
-1
0
0
0
-1
-1
-1
-1
-1
-1
-1
-1
-1
-1
0
0
-1
-1
-1
0
0
-1
-2
-2
-1
-1
-1
-1
-1
0
-1
-1
-1
-1
-1
-1
-1
0
0
0
0
0
0
0
-1
-1
-1
-1
-1
-1
-1
-1
-1
-1
-1
-1
-1
-1
0
0
0
0
-1
-1
0
0
0
-1
-1
-1
0
0
0
0
0
0
0
0
-1
-1
-1
-1
-1
-1
-1
0
0
-1
-1
-1
-1
-1
-1
0
0
-1
-1
-1
0
0
0
-1
-1
-1
-1
-1
-1
-1
-1
-1
-1
-1
-1
-1
-1
-2
-1
-1
-1
-1
-1
-1
-1
-1
-1
0
-1
-1
-1
-1
-1
-1
-1
0
0
0
-1
-1
-1
-1
-1
-1
-1
-1
-1
-1
-1
-1
0
-1
-1
-1
0
0
-1
-1
0
0
-1
-1
-1
-1
-1
-2
-2
-2
-2
-2
-1
-1
-1
-1
-1
-1
-1
-1
-1
-1
-1
-1
-1
-1
-1
-1
-1
-1
-1
-1
-1
-1
-1
-1
-1
-1
-1
-1
-1
-1
-2
-2
-2
-2
-2
-2
-2
-1
-1
-1
-2
-2
-1
-1
-1
-1
-1
-1
-2
-2
-2
-1
-1
-1
-1
0
0
0
0
0
-1
-1
-1
-1
-1
-1
-2
-2
-1
-1
-1
-1
-1
-1
-1
-1
-1
-1
-1
-1
-1
-1
-1
-1
-1
-1
-1
-1
-1
-2
-2
-2
-1
-1
-2
-2
-2
-1
-1
-1
-1
-1
-1
-1
-1
-1
-1
-1
-1
-1
-1
-1
-1
-1
-1
-1
-1
-1
-1
-1
-1
-1
-1
0
0
0
0
0
0
0
0
-1
-1
-1
-1
0
0
-1
-1
-1
-1
-1
-1
-1
-1
-1
-1
-1
0
0
-1
-1
0
0
0
-1
-1
-1
-1
-1
0
0
-1
-1
-1
-1
0
0
0
0
0
0
-1
-1
0
0
0
-1
-1
-1
-1
0
-1
-1
0
0
0
0
-1
0
0
0
-1
-1
-1
-1
-1
-1
-1
-1
-1
-1
0
0
0
0
0
0
0
0
0
0
0
0
0
0
0
0
0
0
0
0
0
0
0
0
0
0
0
0
0
0
0
0
-1
-1
-1
-1
-1
-1
0
0
0
0
0
0
0
-1
-1
0
0
0
0
0
0
0
0
0
0
0
0
0
0
0
0
0
0
0
0
0
0
0
0
0
0
0
0
0
0
1
0
0
0
0
0
0
0
0
0
0
1
1
0
0
0
0
0
0
0
0
0
-1
0
0
0
0
0
0
0
0
0
0
1
1
1
0
0
0
0
0
0
0
0
0
1
1
0
0
0
0
1
1
0
0
0
0
0
0
1
1
1
1
0
1
1
1
0
0
0
0
0
0
0
0
0
0
0
1
1
1
0
1
0
0
0
0
0
0
0
0
0
0
0
0
0
0
0
0
0
0
0
0
0
0
0
0
0
0
-1
0
0
0
0
0
0
0
0
0
1
0
0
0
0
0
0
0
0
0
0
0
0
0
0
0
0
0
0
0
0
0
0
0
0
0
0
0
0
0
0
0
0
0
0
0
0
0
0
0
0
0
0
0
0
-1
-1
0
0
0
0
0
-1
-1
-1
-1
-1
-1
-1
0
0
0
0
0
0
0
0
1
1
1
1
0
0
0
1
1
1
0
0
0
0
0
1
1
0
0
-1
0
0
0
0
0
1
0
0
-1
-1
0
0
0
0
0
0
-1
-1
-1
0
0
0
-1
0
0
0
0
0
0
0
0
0
1
1
0
0
0
0
0
0
0
0
0
0
0
0
0
0
0
0
0
0
0
0
0
0
0
0
0
0
0
0
0
0
0
0
0
-1
-1
-1
0
0
-1
-1
-1
0
0
0
0
0
0
0
0
0
0
0
0
0
0
0
0
-1
0
0
0
0
0
0
0
-1
-1
-1
-1
0
0
0
0
0
0
0
0
0
0
0
0
0
0
0
0
0
0
-1
-1
0
0
-1
-1
0
0
0
-1
-1
-1
0
0
0
0
0
0
-1
-1
-1
-1
-1
-1
-1
-1
-1
-1
-1
-1
-1
-1
-1
-1
-1
-1
-1
-1
-1
-1
0
0
-1
-1
-1
-1
0
0
-1
-1
-1
-1
-1
-1
-1
-1
-1
0
0
-1
-1
-1
0
0
0
0
0
0
0
0
0
0
0
0
-1
0
0
0
-1
-1
-1
-1
-1
-1
-1
-1
-1
-1
0
0
0
-1
-1
-1
-1
-1
-1
-1
0
0
-1
-1
0
0
0
-1
-1
0
0
0
0
0
0
0
0
-1
0
0
0
0
-1
-1
-1
-1
-1
-1
-1
-1
-1
-1
-1
-1
-1
-1
-1
-1
-1
0
0
-1
-1
-1
-1
-1
-1
0
0
-1
-1
-1
0
0
-1
-1
-1
-1
-1
-1
-1
-1
-1
-1
-1
0
0
-1
-1
-1
-1
-1
-1
0
0
-1
-1
-1
-1
-1
-1
-1
0
-1
-1
-1
0
0
0
0
0
0
-1
-1
0
0
0
0
0
0
-1
-1
0
0
-1
-1
-1
0
0
-1
-1
-1
-1
-1
-1
-1
0
-1
-1
-1
-1
-1
-1
-1
-1
-1
-1
-1
-1
-1
-1
-1
-1
-1
0
0
0
0
0
0
0
-1
-1
0
0
-1
-1
-1
-1
-1
-1
-1
0
-1
-1
-1
-1
-1
-1
0
-1
-1
-1
-1
-1
0
0
0
0
0
0
-1
-1
-1
-1
-1
-1
-1
-1
-1
-1
-1
-1
-1
-1
-1
-1
-1
-1
-1
-1
-1
-1
-1
-1
-1
-1
-1
-1
-1
-1
-1
0
0
-1
-1
-1
-1
-1
0
0
0
-1
-1
-1
-1
-1
-1
-1
0
0
-1
0
0
0
0
-1
-1
0
-1
-1
-1
-1
-1
-1
-1
-1
-1
-1
-1
-1
-1
-1
-1
-1
-1
-1
-1
-1
-1
-1
-1
-1
-1
-1
-1
-1
-1
-1
-1
-1
-1
-1
-1
-1
-1
-1
-1
-1
-1
-1
-1
-1
-1
-1
-1
-1
-1
-1
-1
-1
-1
-1
-1
-1
-1
0
0
-1
-1
-1
-1
-1
-1
-1
-1
-1
-1
0
0
0
0
0
0
-1
-1
-1
0
0
-1
0
0
0
-1
-1
-1
0
-1
-1
-1
-1
-1
0
0
-1
0
0
0
0
0
0
-1
-1
-1
-1
-1
-1
-1
-1
-1
-1
-1
0
0
-1
-1
-1
-1
-1
-1
-1
-1
0
0
0
0
0
0
-1
-1
-1
-1
-1
-1
-1
-1
0
0
0
-1
-1
-1
-1
0
0
0
-1
0
0
0
0
0
0
0
0
0
0
0
0
0
0
0
0
0
0
0
-1
-1
-1
-1
-1
-1
-1
0
0
-1
-1
-1
0
0
-1
-1
0
0
0
0
-1
-1
-1
0
0
0
0
0
-1
-1
-1
-1
0
-1
-1
0
0
-1
-1
-1
0
0
-1
-1
-1
-1
-1
-1
0
0
0
0
0
0
0
0
1
1
0
-1
0
0
0
0
0
0
0
0
0
0
0
0
0
0
0
0
0
0
0
0
-1
0
0
0
0
0
0
0
0
0
0
0
0
-1
-1
-1
0
0
0
-1
-1
-1
-1
-1
0
0
0
0
0
0
0
0
0
0
0
0
0
0
0
0
0
0
0
0
0
0
0
0
0
0
0
0
0
0
0
0
0
0
0
0
0
0
0
0
0
0
0
0
0
-1
0
0
0
0
0
0
0
0
0
0
0
0
0
0
0
0
0
0
0
0
0
0
0
0
0
0
0
0
0
0
0
0
0
0
0
0
0
0
0
0
0
0
0
0
0
0
1
0
0
0
0
0
0
0
0
0
0
0
0
0
0
0
0
0
0
0
0
0
0
0
0
0
0
0
0
0
0
0
0
0
0
0
0
0
0
0
0
0
0
0
0
0
0
-1
0
0
0
0
-1
-1
0
0
1
1
0
0
0
0
0
0
0
0
0
0
0
0
0
0
0
0
0
0
0
0
0
0
0
0
0
0
0
0
0
0
0
0
0
0
0
0
0
-1
-1
0
0
0
0
0
0
0
0
-1
0
0
0
0
0
0
0
0
0
0
0
0
0
0
0
0
0
0
0
0
-1
-1
-1
0
0
0
0
0
0
0
-1
-1
-1
0
0
0
0
0
0
0
0
0
-1
0
0
0
0
0
0
0
0
0
0
0
0
0
0
0
0
0
0
0
0
0
0
1
0
0
0
0
0
-1
-1
-1
0
0
0
0
0
0
0
-1
-1
-1
-1
-1
-1
-1
0
0
0
0
0
0
0
0
0
0
0
-1
-1
0
0
0
0
0
0
0
0
0
0
0
-1
0
0
0
0
0
0
0
0
0
0
0
-1
0
0
0
0
0
0
0
-1
-1
-1
0
0
0
0
0
0
0
0
0
-1
-1
-1
-1
0
0
0
0
0
0
-1
-1
0
0
0
0
0
0
0
0
0
0
0
0
0
0
-1
-1
-1
-1
-1
0
0
0
0
0
0
0
0
0
0
0
0
0
-1
-1
-1
0
0
0
0
0
0
0
0
0
0
0
0
-1
-1
0
0
0
0
0
0
0
0
0
0
0
0
0
0
0
0
0
0
0
0
0
0
0
0
-1
-1
0
0
-1
-1
0
0
0
0
0
0
-1
-1
0
0
0
0
-1
-1
0
-1
-1
-1
-1
0
0
-1
-1
0
0
0
0
-1
-1
-1
-1
-1
-1
-1
0
0
0
0
0
0
0
0
0
0
0
0
0
-1
-1
-1
0
0
-1
-1
0
0
-1
-1
-1
0
0
-1
-1
-1
0
0
0
0
0
0
0
-1
-1
-1
-1
-1
-1
-1
-1
-1
-1
-1
-1
0
0
-1
-1
-1
-1
-1
-1
-1
0
0
0
0
-1
-1
-1
-1
-1
-1
-1
-1
-1
-1
0
0
-1
-1
-1
0
0
-1
-1
0
0
0
0
0
0
-1
-1
-1
-1
-1
-1
-1
-1
-1
-1
-1
-1
-1
-1
-1
-1
-1
-1
-1
-1
-1
0
0
-1
-1
-1
-1
-1
-1
-1
-1
-1
-1
-1
-1
-1
-1
-1
-1
-1
-1
-1
-1
-1
-1
-1
-1
-1
-1
-1
-1
-1
-1
-1
-1
-1
-1
-1
-1
-1
-1
-1
-1
-1
0
0
0
0
0
0
0
0
0
0
-1
-1
-1
-1
-1
-1
-1
-1
-1
-1
-1
-1
-1
-1
-1
-1
-1
-1
-1
-1
-1
-1
-1
-1
-1
-1
-1
-1
-1
-1
-1
-1
-1
-1
-1
-1
-1
-1
-1
-1
-1
-1
-1
0
0
0
-1
-1
-1
-1
-1
-1
-1
-1
0
0
0
0
0
0
0
0
-1
-1
-1
-1
-1
-1
-1
-1
-1
-1
0
-1
-1
-1
0
-1
-1
-1
-1
-1
-1
-1
-1
-1
-1
-1
-1
0
0
-1
0
0
-1
-1
-1
-1
-1
-1
-1
-1
-1
-1
-1
-1
0
0
0
-1
-1
-1
-1
-1
-1
-1
-1
-1
-1
-1
-1
-1
-1
-1
-1
-1
-1
-1
-1
-1
-1
-1
-1
-1
0
0
-1
-1
-1
-1
0
-1
-1
-1
-1
-1
-1
-1
-1
-1
-1
-1
-1
-1
-1
-1
-1
-1
-1
0
0
0
0
0
0
0
-1
-1
-1
0
-1
-1
0
0
0
0
-1
-1
-1
-1
-1
-1
-1
0
-1
-1
0
0
0
-1
-1
0
0
-1
-1
-1
-1
-1
-1
-1
0
0
-1
-1
-1
-1
-1
0
0
0
0
0
0
0
-1
-1
0
0
0
0
-1
0
0
0
0
-1
-1
-1
-1
-1
-1
-1
-1
-1
-1
0
0
-1
-1
-1
-1
-1
0
0
0
0
0
0
0
-1
-1
0
0
0
-1
0
0
0
0
0
0
0
0
0
0
0
0
0
0
0
0
0
0
0
0
0
0
0
0
0
0
0
0
0
0
0
0
0
0
0
0
0
0
0
0
0
0
0
0
0
0
0
0
0
0
0
0
0
0
0
0
0
0
0
0
0
0
0
0
0
0
0
0
0
0
0
0
0
0
0
0
0
0
0
0
0
0
0
0
0
0
0
0
0
0
0
0
0
0
0
0
0
0
0
0
0
0
0
0
0
0
0
0
0
0
0
0
0
0
0
0
0
0
0
0
0
0
0
0
0
0
0
0
0
0
0
0
0
0
0
0
0
0
0
0
0
0
0
0
0
0
0
0
0
0
0
0
0
0
0
0
0
0
0
0
0
0
0
0
0
0
0
0
0
0
0
0
0
0
0
0
0
0
-1
-1
0
0
0
0
0
0
0
0
0
0
0
0
0
0
0
0
0
0
0
0
0
0
0
0
0
0
0
0
0
0
0
0
0
0
0
0
0
0
0
0
0
0
0
0
0
0
0
0
0
0
0
0
0
0
0
0
-1
0
0
0
0
-1
-1
-1
0
0
0
0
0
0
0
0
0
0
0
0
0
0
0
0
0
0
0
0
0
0
0
0
0
0
0
0
0
0
0
0
0
0
0
0
0
0
0
0
0
0
0
0
0
0
0
0
0
0
0
0
0
0
0
0
0
0
0
0
-1
-1
0
0
0
0
0
0
0
0
0
0
0
0
0
0
0
0
0
0
0
0
0
0
0
0
0
0
0
0
0
0
0
0
0
0
0
0
0
0
0
0
0
0
0
0
0
0
0
0
0
0
0
0
0
0
0
0
0
0
0
0
0
0
0
0
0
0
0
0
0
0
0
0
0
0
0
0
0
0
0
0
0
0
0
0
0
0
0
0
0
0
0
0
0
0
0
0
0
0
0
0
0
0
0
0
0
0
0
0
0
0
0
-1
-1
-1
-1
-1
0
-1
-1
-1
-1
0
0
0
0
0
0
0
0
0
0
-1
-1
-1
-1
-1
-1
-1
0
0
0
0
0
-1
0
0
0
-1
-1
-1
-1
-1
0
0
0
-1
-1
-1
-1
-1
0
0
0
-1
-1
0
0
0
-1
-1
-1
0
0
0
0
-1
-1
0
-1
-1
-1
-1
0
-1
-1
-1
0
-1
-1
-1
0
0
-1
-1
-1
-1
-1
-1
-1
-1
0
-1
-1
-1
-1
-1
-1
-1
-1
-1
-1
-1
-1
0
0
0
-1
-1
-1
-1
-1
-1
-1
-1
-1
-1
-1
-1
-1
-1
-1
-1
-1
-1
-1
-1
-1
-1
-1
-1
-1
-1
-1
-1
-1
-1
-1
-1
-1
-1
-1
-1
-1
-1
-1
-1
-1
-1
-1
-1
-1
-1
-1
-1
-1
-1
-1
-1
-1
-1
-1
-1
-1
-1
-1
0
-1
-1
-1
-1
-1
-1
-1
-1
-1
-1
-1
-1
-1
-1
-1
-1
-1
-1
-1
0
-1
-1
-1
-1
-1
-1
-1
-1
0
-1
-1
-1
-1
-1
-1
-1
-1
-1
0
0
0
-1
-1
-1
-1
-1
-1
-1
0
0
-1
-1
-1
0
-1
-1
-1
0
-1
-1
-1
0
0
-1
-1
-1
0
-1
0
0
0
-1
-1
0
0
0
0
0
0
0
-1
-1
-1
-1
-1
-1
-1
-1
-1
-1
0
-1
-1
-1
0
0
-1
0
0
0
0
0
0
0
0
0
0
0
0
0
0
-1
-1
-1
0
0
0
-1
-1
0
0
0
0
0
-1
-1
-1
-1
-1
0
0
-1
-1
-1
0
0
-1
-1
-1
-1
-1
-1
0
0
-1
-1
-1
0
0
0
-1
-1
-1
-1
-1
0
0
0
0
0
-1
-1
-1
0
0
0
0
0
0
-1
-1
0
0
0
0
0
0
0
0
0
0
-1
0
0
0
0
0
0
0
0
0
0
0
0
0
0
-1
-1
-1
0
0
0
-1
0
0
0
0
0
0
0
0
0
0
0
0
0
0
0
0
0
0
0
0
0
0
0
0
0
0
0
0
0
-1
-1
0
0
0
0
0
0
0
0
0
0
0
0
0
0
0
0
0
0
0
0
0
0
0
0
0
0
0
0
0
0
0
0
0
0
0
0
0
0
0
0
0
0
0
0
0
0
0
0
0
0
-1
0
0
0
-1
0
0
0
0
0
0
0
0
0
0
0
0
0
0
0
0
0
0
0
0
0
0
0
0
-1
-1
-1
-1
0
-1
-1
-1
0
0
0
-1
0
0
0
-1
0
0
0
0
0
0
-1
-1
-1
0
0
0
0
0
0
-1
-1
0
0
0
0
-1
0
0
0
-1
-1
0
0
0
-1
0
0
0
0
0
0
0
0
0
0
0
0
0
0
0
0
0
0
0
-1
0
0
0
0
0
0
0
0
0
0
0
0
0
0
0
0
0
0
0
0
-1
0
0
0
0
0
0
0
0
0
0
0
-1
-1
0
0
0
0
0
0
0
0
0
0
0
0
0
0
0
0
0
0
0
0
0
0
0
-1
0
0
0
-1
0
0
0
0
0
0
0
-1
-1
-1
0
0
0
0
0
-1
-1
-1
0
0
0
0
0
0
0
-1
0
0
0
-1
-1
0
0
0
0
-1
0
0
0
0
0
0
0
0
0
0
0
0
0
0
0
-1
-1
0
0
0
-1
-1
-1
-1
0
-1
-1
-1
-1
-1
-1
0
0
0
-1
-1
-1
0
0
0
0
0
0
0
0
0
0
0
0
0
-1
0
0
0
0
-1
-1
0
0
-1
-1
0
0
0
0
0
0
0
0
0
0
-1
-1
-1
-1
0
-1
-1
-1
0
0
0
0
0
0
0
-1
0
0
0
0
0
0
0
0
0
0
0
0
0
0
0
0
0
0
0
0
0
0
0
0
0
0
0
0
0
0
0
0
0
0
0
0
0
0
0
0
0
0
0
0
0
0
0
0
0
0
0
0
0
0
0
0
0
-1
0
0
0
0
0
0
0
0
0
0
0
0
0
0
0
0
0
0
0
0
0
0
0
-1
-1
0
0
0
0
0
0
0
0
0
0
0
0
0
0
0
0
0
0
0
0
0
0
0
-1
-1
0
0
0
0
0
0
0
0
0
0
0
0
0
0
0
0
0
0
0
0
0
0
0
0
0
0
0
0
0
0
0
0
0
0
0
0
0
0
0
0
0
0
0
0
0
0
0
0
0
0
0
0
0
0
0
0
0
0
0
0
0
0
0
0
0
0
0
0
0
0
0
0
0
0
0
0
0
0
0
0
0
0
0
0
0
0
0
0
0
0
0
0
0
0
0
0
0
0
0
0
0
0
0
0
0
0
0
0
0
0
0
0
0
0
0
0
0
0
0
0
0
0
0
0
0
0
0
-1
0
0
0
0
0
0
0
0
0
0
0
0
0
0
0
0
0
0
0
0
0
0
0
0
0
0
0
0
0
0
0
0
0
0
0
0
0
0
0
0
0
0
0
0
0
0
0
0
0
0
0
0
0
0
-1
0
0
0
0
0
0
0
0
0
0
0
0
0
0
0
0
0
0
0
0
0
0
0
0
-1
0
0
0
0
0
0
0
0
0
0
0
0
0
0
0
0
0
0
0
0
0
0
0
0
0
0
0
0
0
-1
0
0
0
0
0
0
0
0
0
0
0
0
0
0
0
0
0
0
0
0
0
0
0
0
0
0
0
0
0
0
0
0
0
0
0
0
0
0
0
0
0
0
0
0
0
0
0
0
0
0
0
0
0
0
0
0
0
0
0
0
0
0
0
0
0
0
0
0
0
0
0
0
0
0
0
0
0
0
0
0
0
0
0
0
0
0
0
0
0
0
0
0
0
0
0
0
0
0
0
0
0
0
0
0
0
0
0
0
0
0
0
0
0
0
0
0
0
0
0
0
0
0
0
0
0
0
0
0
0
0
0
0
0
0
0
0
0
0
0
0
0
0
0
0
0
0
0
0
0
0
0
0
0
0
0
0
0
0
0
0
0
0
0
0
0
0
0
0
0
0
0
0
0
0
0
0
0
0
0
0
0
0
0
0
0
0
0
0
0
0
0
0
0
0
0
0
0
0
0
0
0
0
0
0
0
0
0
0
0
0
0
0
0
0
0
0
0
0
0
0
0
0
0
0
0
0
0
0
0
0
0
0
0
0
0
0
0
0
0
0
0
0
0
0
0
0
0
0
0
0
0
0
0
0
0
0
0
0
0
0
0
0
0
0
0
0
0
0
0
0
0
0
0
0
0
0
0
0
0
0
0
0
0
0
0
0
0
0
0
0
0
0
0
0
0
0
0
0
0
0
0
0
0
0
0
0
0
0
0
0
0
0
0
0
0
0
0
0
0
0
0
0
0
0
0
0
0
0
0
0
0
0
0
0
0
0
0
0
0
0
0
0
0
0
0
0
0
0
0
0
0
0
0
0
0
0
0
0
0
0
0
0
0
0
0
0
0
0
0
0
0
0
0
0
0
0
0
0
0
0
0
0
-1
0
0
0
0
0
0
0
0
0
0
0
0
0
0
0
0
0
0
0
0
0
0
0
0
0
0
0
0
0
0
0
0
0
0
0
0
0
0
0
0
0
0
0
0
0
0
0
0
0
0
0
0
0
0
0
0
0
0
0
0
0
0
0
0
0
0
0
0
0
0
0
0
0
0
0
0
0
0
0
0
0
0
0
0
0
0
0
0
0
0
0
0
0
0
0
0
0
0
0
0
0
0
0
0
0
0
0
0
0
0
0
0
0
0
0
0
0
0
0
0
0
0
0
0
0
0
0
0
0
0
0
0
0
0
0
0
0
0
0
0
0
0
0
0
0
0
0
0
0
0
0
0
0
0
0
0
0
0
0
0
0
0
0
0
0
0
0
0
0
0
0
0
0
0
0
0
0
0
0
0
0
0
0
0
0
0
0
0
0
0
0
0
0
0
0
0
0
0
0
0
0
0
0
0
0
0
0
0
0
0
0
0
0
0
0
0
0
0
0
0
0
0
0
0
0
0
0
0
0
0
0
0
-1
0
0
0
0
0
0
0
0
0
0
0
0
0
0
0
0
0
0
0
0
0
0
0
0
0
0
0
0
0
0
0
0
0
0
0
0
0
0
0
0
0
0
0
0
0
0
0
0
0
0
0
0
0
0
0
0
0
0
0
0
0
0
0
0
0
0
0
0
0
0
0
0
0
0
0
0
0
0
0
0
0
0
0
0
0
0
0
0
0
0
0
0
0
0
0
0
0
0
0
0
0
0
0
0
0
0
0
0
0
0
0
0
0
0
0
0
0
0
0
0
0
0
0
0
0
0
0
0
0
0
0
0
0
0
0
0
0
0
0
0
0
0
0
0
0
0
0
0
0
0
0
0
0
0
0
0
0
0
0
0
0
0
0
0
0
0
0
0
0
0
0
0
0
0
0
0
0
0
0
0
0
0
0
0
0
0
0
0
0
0
0
0
0
0
0
0
0
0
0
0
0
0
0
0
0
0
0
0
0
0
0
0
0
0
0
0
0
0
0
0
0
0
0
0
0
0
0
0
0
0
0
0
0
0
0
0
0
0
0
0
0
0
0
0
0
0
0
0
0
0
0
0
0
0
0
0
0
0
0
0
0
0
0
0
0
0
0
0
0
0
0
0
0
0
0
0
0
0
0
0
0
0
0
0
0
0
0
0
0
0
0
-1
0
0
0
0
0
-1
0
0
0
0
0
0
0
0
0
0
0
0
0
0
0
0
0
0
0
0
0
0
0
0
0
0
0
0
0
0
0
0
0
0
0
0
0
0
0
0
0
0
0
0
0
0
0
0
0
0
0
0
0
0
0
0
0
0
0
0
0
0
0
0
0
0
0
0
0
0
0
0
0
0
0
0
0
0
0
0
0
0
0
0
0
0
0
0
0
0
0
0
0
0
0
0
0
0
0
0
0
0
0
0
0
0
0
0
0
0
0
0
0
0
0
0
0
0
0
0
0
0
0
0
0
0
0
0
0
0
0
0
0
0
0
0
0
0
0
0
0
0
0
0
0
0
0
0
0
0
0
0
0
0
0
0
0
0
0
0
0
0
0
0
0
0
0
0
0
0
0
0
0
0
0
0
0
0
0
0
0
0
0
0
0
0
0
0
0
0
0
0
0
0
0
0
0
0
0
0
0
0
0
0
0
0
0
0
0
0
0
0
0
0
0
0
0
0
0
0
0
0
0
0
0
0
0
0
0
0
0
0
0
0
0
0
0
0
0
0
0
0
0
0
0
0
0
0
0
0
0
0
0
0
0
0
0
0
0
0
0
0
0
0
0
0
0
0
0
0
0
0
0
0
0
0
0
0
0
0
0
0
0
0
0
0
0
0
0
0
0
0
0
0
0
0
0
0
0
0
0
0
0
0
0
0
0
0
0
0
0
0
0
0
0
0
0
0
0
0
0
0
0
0
0
0
0
0
0
0
0
0
0
0
0
0
0
0
0
0
0
0
0
0
0
0
0
0
0
0
0
0
0
0
0
0
0
0
0
0
0
0
0
0
0
0
0
0
0
0
0
0
0
0
0
0
0
0
0
0
0
0
0
0
0
0
0
0
0
0
0
0
0
0
0
0
0
0
0
0
0
0
0
0
0
0
0
-1
0
0
0
0
0
0
0
0
0
0
0
0
0
0
0
0
0
0
0
0
0
0
0
0
0
0
0
0
0
0
0
0
0
0
0
0
0
0
0
0
0
0
0
0
0
0
0
0
0
0
0
0
0
0
0
0
0
0
0
0
0
0
0
0
0
0
0
0
0
0
0
0
0
0
0
0
0
0
0
0
0
0
0
0
0
0
0
0
0
0
0
0
0
0
0
0
0
0
0
0
0
0
0
0
0
0
0
0
0
0
0
0
0
0
0
0
0
0
0
0
0
0
0
0
0
0
0
0
0
0
0
0
0
0
0
0
0
0
0
0
0
0
0
0
0
0
0
0
0
0
0
0
0
0
0
0
0
0
0
0
0
0
0
0
0
0
0
0
0
0
0
0
0
0
0
0
0
0
0
0
0
0
0
0
0
0
0
0
0
0
0
0
0
0
0
0
0
0
0
0
0
0
0
0
0
0
0
0
0
0
0
0
0
0
0
0
0
0
0
0
0
0
0
0
0
0
0
0
0
0
0
0
0
0
0
0
0
0
0
0
0
0
0
0
0
0
0
0
0
0
0
0
0
0
0
0
0
0
0
0
0
0
0
0
0
0
0
0
0
0
0
0
0
0
0
0
0
0
0
0
0
0
0
0
0
0
0
0
0
0
0
0
0
0
0
0
0
0
0
0
0
0
0
0
0
0
0
0
0
0
0
0
0
0
0
0
0
0
0
0
0
0
0
0
0
0
0
0
0
0
0
0
0
0
0
0
0
0
0
0
0
0
0
0
0
0
0
0
0
0
0
0
0
0
0
0
0
0
0
0
0
0
0
0
0
0
0
0
0
0
0
0
0
0
0
0
0
0
0
0
0
0
0
0
0
0
0
0
0
0
0
0
0
0
0
0
0
0
0
0
0
0
0
0
0
0
0
0
0
0
0
0
0
0
0
0
0
0
0
0
0
0
0
0
0
0
0
0
0
0
0
0
0
0
0
0
0
0
0
0
0
0
0
0
0
0
0
0
0
0
0
0
0
0
0
0
0
0
0
0
0
0
0
0
0
0
0
0
0
0
0
0
0
0
0
0
0
0
0
0
0
0
0
0
0
0
0
0
0
0
0
0
0
0
0
0
0
0
0
0
0
0
0
0
0
0
0
0
0
0
0
0
0
0
0
0
0
0
0
0
0
0
0
0
0
0
0
0
0
0
0
0
0
0
0
0
0
0
0
0
0
0
0
0
0
0
0
0
0
0
0
0
0
0
0
0
0
0
0
0
0
0
0
0
0
0
0
0
0
0
0
0
0
0
0
0
0
0
0
0
0
0
0
0
0
0
0
0
0
0
0
0
0
0
0
0
0
0
0
0
0
0
0
0
0
0
0
0
0
0
0
0
0
0
0
0
0
0
0
0
0
0
0
0
0
0
0
0
0
0
0
0
0
0
0
0
0
0
0
0
0
0
0
0
0
0
0
0
0
0
0
0
0
0
0
0
0
0
0
0
0
0
0
0
0
0
0
0
0
0
0
0
0
0
0
0
0
0
0
0
0
0
0
0
0
0
0
0
0
0
0
0
0
0
0
0
0
0
0
0
0
0
0
0
0
0
0
0
0
0
0
0
0
0
0
0
0
0
0
0
0
0
0
0
0
0
0
0
0
0
0
0
0
0
0
0
0
0
0
0
0
0
0
0
0
0
0
0
0
0
0
0
0
0
0
0
0
0
0
0
0
0
0
0
0
0
0
0
0
0
0
0
0
0
0
0
0
0
0
0
0
0
0
0
0
0
0
0
0
0
0
0
0
0
0
0
0
0
0
0
0
0
0
0
0
0
0
0
0
0
0
0
0
0
0
0
0
0
0
0
0
0
0
0
0
0
0
0
0
0
0
0
0
0
0
0
0
0
0
0
0
0
0
0
0
0
0
0
0
0
0
0
0
0
0
0
0
0
0
0
0
0
0
0
0
0
0
0
0
0
0
0
0
0
0
0
0
0
0
0
0
0
0
0
0
0
0
0
0
0
0
0
0
0
0
0
0
0
0
0
0
0
0
0
0
0
0
0
0
0
0
0
0
0
0
0
0
0
0
0
0
0
0
0
0
0
0
0
0
0
0
0
0
0
0
0
0
0
0
0
0
0
0
0
0
0
0
0
0
0
0
0
0
0
0
0
0
0
0
0
0
0
0
0
0
0
0
0
0
0
0
0
0
0
0
0
0
0
0
0
0
0
0
0
0
0
0
0
0
0
