0
0
0
0
0
0
0
0
0
0
0
0
0
0
0
0
0
0
0
0
0
0
0
0
0
0
0
0
0
0
0
0
0
0
0
0
0
0
0
0
0
0
0
0
0
0
0
0
0
0
0
0
0
0
0
0
0
0
0
0
0
0
0
0
0
0
0
0
0
0
0
0
0
0
0
0
0
0
0
0
0
0
0
0
0
0
0
0
0
0
0
0
0
0
0
0
0
0
0
0
0
0
0
0
0
0
0
0
0
0
0
0
0
0
0
0
0
0
0
0
0
0
0
0
0
0
0
0
0
0
0
0
0
0
0
0
0
0
0
0
0
0
0
0
0
0
0
0
0
0
0
0
0
0
0
0
0
0
0
0
0
0
0
0
0
0
0
0
0
0
0
0
0
0
0
0
0
0
0
0
0
0
0
0
0
0
0
0
0
0
0
0
0
0
0
0
0
0
0
0
0
0
0
0
0
0
0
0
0
0
0
0
0
0
0
0
0
0
0
0
0
0
0
0
0
0
0
0
0
0
0
0
0
0
0
0
0
0
0
0
0
0
0
0
0
0
0
0
0
0
0
0
0
0
0
0
0
0
0
0
0
0
0
0
0
0
0
0
0
0
0
0
0
0
0
0
0
0
0
0
0
0
0
0
0
0
0
0
0
0
0
0
0
0
0
0
0
0
0
0
0
0
0
0
0
0
0
0
0
0
0
0
0
0
0
0
0
0
0
0
0
0
0
0
0
0
0
0
0
0
0
0
0
0
0
0
0
0
0
0
0
0
0
0
0
0
0
0
0
0
0
0
0
0
0
0
0
0
0
0
0
0
0
0
0
0
0
0
0
0
0
0
0
0
0
0
0
0
0
0
0
0
0
0
0
0
0
0
0
0
0
0
0
0
0
0
0
0
0
0
0
0
0
0
0
0
0
0
0
0
0
0
0
0
0
0
0
0
0
0
0
0
0
0
0
0
0
0
0
0
0
0
0
0
0
0
0
0
0
0
0
0
0
0
0
0
0
0
0
0
0
0
0
0
0
0
0
0
0
0
0
0
0
0
0
0
0
0
0
0
0
0
0
0
0
0
0
0
0
0
0
0
0
0
0
0
0
0
0
0
0
0
0
0
0
0
0
0
0
0
0
0
0
0
0
0
0
0
0
0
0
0
0
0
0
0
0
0
0
0
0
0
0
0
0
0
0
0
0
0
0
0
0
0
0
0
0
0
0
0
0
0
0
0
0
0
0
0
0
0
0
0
0
0
0
0
0
0
0
0
0
0
0
0
0
0
0
0
0
0
0
0
0
0
0
0
0
0
0
0
0
0
0
0
0
0
0
0
0
0
0
0
0
0
0
0
0
0
0
0
0
0
0
0
0
0
0
0
0
0
0
0
0
0
0
0
0
0
0
0
0
0
0
0
0
0
0
0
0
0
0
0
0
0
0
0
0
0
0
0
0
0
0
0
0
0
0
0
0
0
0
0
0
0
0
0
0
0
0
0
0
0
0
0
0
0
0
0
0
0
0
0
0
0
0
0
0
0
0
0
0
0
0
0
0
0
0
0
0
0
0
0
0
0
0
0
0
0
0
0
0
0
0
0
0
0
0
0
0
0
0
0
0
0
0
0
0
0
0
0
0
0
0
0
0
0
0
0
0
0
0
0
0
0
0
0
0
0
0
0
0
0
0
0
0
0
0
0
0
0
0
0
0
0
0
0
0
0
0
0
0
0
0
0
0
0
0
0
0
0
0
0
0
0
0
0
0
0
0
0
0
0
0
0
0
0
0
0
0
0
0
0
0
0
0
0
0
0
0
0
0
0
0
0
0
0
0
0
0
0
0
0
0
0
0
0
0
0
0
0
0
0
0
0
0
0
0
0
0
0
0
0
0
0
0
0
0
0
0
0
0
0
0
0
0
0
0
0
0
0
0
0
0
0
0
0
0
0
0
0
0
0
0
0
0
0
0
0
0
0
0
0
0
0
0
0
0
0
0
0
0
0
0
0
0
0
0
0
0
0
0
0
0
0
0
0
0
0
0
0
0
0
0
0
0
0
0
0
0
0
0
0
0
0
0
0
0
0
0
0
0
0
0
0
0
0
0
0
0
0
0
0
0
0
0
0
0
0
0
0
0
0
0
0
0
0
0
0
0
0
0
0
0
0
0
0
0
0
0
0
0
0
0
0
0
0
0
0
0
0
0
0
0
0
0
0
0
0
0
0
0
0
0
0
0
0
0
0
0
0
0
0
0
0
0
0
0
0
0
0
0
0
0
0
0
0
0
0
0
0
0
0
0
0
0
0
0
0
0
0
0
0
0
0
0
0
0
0
0
0
0
0
0
0
0
0
0
0
0
0
0
0
0
0
0
0
0
0
0
0
0
0
0
0
0
0
0
0
0
0
0
0
0
0
0
0
0
0
0
0
0
0
0
0
0
0
0
0
0
0
0
0
0
0
0
0
0
0
0
0
0
0
0
0
0
0
0
0
0
0
0
0
0
0
0
0
0
0
0
0
0
0
0
0
0
0
0
0
0
0
0
0
0
0
0
0
0
0
0
0
0
0
0
0
0
0
0
0
0
0
0
0
0
0
0
0
0
0
0
0
0
0
0
0
0
0
0
0
0
0
0
0
0
0
0
0
0
0
0
0
0
0
0
0
0
0
0
0
0
0
0
0
0
0
0
0
0
0
0
0
0
0
0
0
0
0
0
0
0
0
0
0
0
0
0
0
0
0
0
0
0
0
0
0
0
0
0
0
0
0
0
0
0
0
0
0
0
0
0
0
0
0
0
0
0
0
0
0
0
0
0
0
0
0
0
0
0
0
0
0
0
0
0
0
0
0
0
0
0
0
0
0
0
0
0
0
0
0
0
0
0
0
0
0
0
0
0
0
0
0
0
0
0
0
0
0
0
0
0
0
0
0
0
0
0
0
0
0
0
0
0
0
0
0
0
0
0
0
0
0
0
0
0
0
0
0
0
0
0
0
0
0
0
0
0
0
0
0
0
0
0
0
0
0
0
0
0
0
0
0
0
0
0
0
0
0
0
0
0
0
0
0
0
0
0
0
0
0
0
0
0
0
0
0
0
0
0
0
0
0
0
0
0
0
0
0
0
0
0
0
0
0
0
0
0
0
0
0
0
0
0
0
0
0
0
0
0
0
0
0
0
0
0
0
0
0
0
0
0
0
0
0
0
0
0
0
0
0
0
0
0
0
0
0
0
0
0
0
0
0
0
0
0
0
0
0
0
0
0
0
0
0
0
0
0
0
0
0
0
0
0
0
0
0
0
0
0
0
0
0
0
0
0
0
0
0
0
0
0
0
0
0
0
0
0
0
0
0
0
0
0
0
0
0
0
0
0
0
0
0
0
0
0
0
0
0
0
0
0
0
0
0
0
0
0
0
0
0
0
0
0
0
0
0
0
0
0
0
0
0
0
0
0
0
0
0
0
0
0
0
0
0
0
0
0
0
0
0
0
0
0
0
0
0
0
0
0
0
0
0
0
0
0
0
0
0
0
0
0
0
0
0
0
0
0
0
0
0
0
0
0
0
0
0
0
0
0
0
0
0
0
0
0
0
0
0
0
0
0
0
0
0
0
0
0
0
0
0
0
0
0
0
0
0
0
0
0
0
0
0
0
0
0
0
0
0
0
0
0
0
0
0
0
0
0
0
0
0
0
0
0
0
0
0
0
0
0
0
0
0
0
0
0
0
0
0
0
0
0
0
0
0
0
0
0
0
0
0
0
0
0
0
0
0
0
0
0
0
0
0
0
0
0
0
0
0
0
0
0
0
0
0
0
0
0
0
0
0
0
0
0
0
0
0
0
0
0
0
0
0
0
0
0
0
0
0
0
0
0
0
0
0
0
0
0
0
0
0
0
0
0
0
0
0
0
0
0
0
0
0
0
0
0
0
0
0
0
0
0
0
0
0
0
0
0
0
0
0
0
0
0
0
0
0
0
0
0
0
0
0
0
0
0
0
0
0
0
0
0
0
0
0
0
0
0
0
0
0
0
0
0
0
0
0
0
0
0
0
0
0
0
0
0
0
0
0
0
0
0
0
0
0
0
0
0
0
0
0
0
0
0
0
0
0
0
0
0
0
0
0
0
0
0
0
0
0
0
0
0
0
0
0
0
0
0
0
0
0
0
0
0
0
0
0
0
0
0
0
0
0
0
0
0
0
0
0
0
0
0
0
0
0
0
0
0
0
0
0
0
0
0
0
0
0
0
0
0
0
0
0
0
0
0
0
0
0
0
0
0
0
0
0
0
0
0
0
0
0
0
0
0
0
0
0
0
0
0
0
0
0
0
0
0
0
0
0
0
0
0
0
0
0
0
0
0
0
0
0
0
0
0
0
0
0
0
0
0
0
0
0
0
0
0
0
0
0
0
0
0
0
0
0
0
0
0
0
0
0
0
0
0
0
0
0
0
0
0
0
0
0
0
0
0
0
0
0
0
0
0
0
0
0
0
0
0
0
0
0
0
0
0
0
0
0
0
0
0
0
0
0
0
0
0
0
0
0
0
0
0
0
0
0
0
0
0
0
0
0
0
0
0
0
0
0
0
0
0
0
0
0
0
0
0
0
0
0
0
0
0
0
0
0
0
0
0
0
0
0
0
0
0
0
0
0
0
0
0
0
0
0
0
0
0
0
0
0
0
0
0
0
0
0
0
0
0
0
0
0
0
0
0
0
0
0
0
0
0
0
0
0
0
0
0
0
0
0
0
0
0
0
0
0
0
0
0
0
0
0
0
0
0
0
0
0
0
0
0
0
0
0
0
0
0
0
0
0
0
0
0
0
0
0
0
0
0
0
0
0
0
0
0
0
0
0
0
0
0
0
0
0
0
0
0
0
0
0
0
0
0
0
0
0
0
0
0
0
0
0
0
0
0
0
0
0
0
0
0
0
0
0
0
0
0
0
0
0
0
0
0
0
0
0
0
0
0
0
0
0
0
0
0
0
0
0
0
0
0
0
0
0
0
0
0
0
0
0
0
0
0
0
0
0
0
0
0
0
0
0
0
0
0
0
0
0
0
0
0
0
0
0
0
0
0
0
0
0
0
0
0
0
0
0
0
0
0
0
0
0
0
0
0
0
0
0
0
0
0
0
0
0
0
0
0
0
0
0
0
0
0
0
0
0
0
0
0
0
0
0
0
0
0
0
0
0
0
0
0
0
0
0
0
0
0
0
0
0
0
0
0
0
0
0
0
0
0
0
0
0
0
0
0
0
0
0
0
0
0
0
0
0
0
0
0
0
0
0
0
0
0
0
0
0
0
0
0
0
0
0
0
0
0
0
0
0
0
0
0
0
0
0
0
0
0
0
0
0
0
0
0
0
0
0
0
0
0
0
0
0
0
0
0
0
0
0
0
0
0
0
0
0
0
0
0
0
0
0
0
0
0
0
0
0
0
0
0
0
0
0
0
0
0
0
0
0
0
0
0
0
0
0
0
0
0
0
0
0
0
0
0
0
0
0
0
0
0
0
0
0
0
0
0
0
0
0
0
0
0
0
0
0
0
0
0
0
0
0
0
0
0
0
0
0
0
0
0
0
0
0
0
0
0
0
0
0
0
0
0
0
0
0
0
0
0
0
0
0
0
0
0
0
0
0
0
0
0
0
0
0
0
0
0
0
0
0
0
0
0
0
0
0
0
0
0
0
0
0
0
0
0
0
0
0
0
0
0
0
0
0
0
0
0
0
0
0
0
0
0
0
0
0
0
0
0
0
0
0
0
0
0
0
0
0
0
0
0
0
0
0
0
0
0
0
0
0
0
0
0
0
0
0
0
0
0
0
0
0
0
0
0
0
0
0
0
0
0
0
0
0
0
0
0
0
0
0
0
0
0
0
0
0
0
0
0
0
0
0
0
0
0
0
0
0
0
0
0
0
0
0
0
0
0
0
0
0
0
0
0
0
0
0
0
0
0
0
0
0
0
0
0
0
0
0
0
0
0
0
0
0
0
0
0
0
0
0
0
0
0
0
0
0
0
0
0
0
0
0
0
0
0
0
0
0
0
0
0
0
0
0
0
0
0
0
0
0
0
0
0
0
0
0
0
0
0
0
0
0
0
0
0
0
0
0
0
0
0
0
0
0
0
0
0
0
0
0
0
0
0
0
0
0
0
0
0
0
0
0
0
0
0
0
0
0
0
0
0
0
0
0
0
0
0
0
0
0
0
0
0
0
0
0
0
0
0
0
0
0
0
0
0
0
0
0
0
0
0
0
0
0
0
0
0
0
0
0
0
0
0
0
0
0
0
0
0
0
0
0
0
0
0
0
0
0
0
0
0
0
0
0
0
0
0
0
-1
0
0
0
0
0
0
0
0
0
0
0
0
0
0
0
0
0
0
0
0
0
0
0
0
0
0
0
0
0
0
0
0
0
0
0
1
0
0
0
0
0
0
0
0
0
0
0
0
0
1
0
0
0
0
0
0
0
0
0
0
0
0
0
0
0
0
0
0
0
0
0
0
0
0
0
0
0
1
1
0
0
0
0
0
0
0
0
0
0
0
0
0
0
0
0
0
0
0
0
-1
-1
0
0
0
0
0
0
0
0
-1
-1
-1
0
0
0
0
-1
0
0
0
0
0
0
1
1
1
0
0
0
0
0
0
1
1
0
0
-1
0
0
0
0
0
0
-1
0
-1
-1
-1
0
0
0
0
0
0
0
0
0
0
0
0
0
0
0
-1
-1
0
0
0
-1
0
0
1
0
0
0
0
0
-1
-1
0
0
0
0
-1
-1
-1
-1
-1
0
0
0
0
0
0
0
0
0
0
0
0
0
-1
0
0
0
0
0
0
0
0
0
0
0
0
0
1
1
0
-1
0
0
0
0
0
0
0
0
0
0
0
0
0
0
0
0
1
1
0
0
0
0
0
0
0
0
0
-1
-1
0
0
-1
-1
-1
-1
0
0
1
1
1
1
0
0
0
0
0
0
0
0
1
1
0
0
0
0
1
0
0
0
0
0
0
0
0
0
0
0
-1
-2
-1
2
3
2
-1
-1
0
1
1
1
0
0
1
2
2
1
0
0
1
1
0
1
1
1
1
1
1
0
0
-1
-1
-1
0
1
0
-1
0
0
-1
-2
-2
-1
-1
-1
-1
-1
-1
-1
-1
-2
-2
-2
-1
-1
-1
-1
-1
-1
-1
-1
-1
-1
-2
-2
-2
-1
0
0
0
0
0
-1
-1
-1
-1
-1
-1
-1
-1
-1
-2
-1
-1
-1
-1
-2
-2
-2
-1
-2
-2
-2
-1
-1
-2
-2
-2
-2
-3
-3
-2
-1
-2
-3
-3
-3
-3
-4
-4
-3
-2
-2
-2
-2
-2
-1
-2
-2
-2
-2
-2
-2
-2
-1
-1
-1
-2
-2
-2
-2
-2
-2
-1
-2
-2
-2
-2
-2
-2
-2
-2
-2
-2
-2
-2
-3
-4
-3
-2
-2
-2
-3
-3
-2
-3
-3
-3
-2
-2
-2
-2
-2
-1
-1
-2
-2
-2
-1
-1
-1
-1
-2
-2
-2
-2
-1
-1
-1
-1
0
-1
-2
-2
-2
-2
-2
-2
-2
-2
-2
-2
-1
-1
-2
-2
-2
-2
-2
-1
-1
-2
-2
-1
1
1
-1
-1
-1
-1
-1
0
0
0
-1
-2
-2
-2
-1
-1
0
-1
-1
-1
-1
-1
-2
-2
-1
-1
-2
-1
0
1
0
0
0
0
0
-1
0
0
0
-1
-2
-1
0
0
-1
-2
-2
-1
0
-1
-1
0
1
1
-1
-1
0
2
2
1
0
0
0
0
0
-1
-1
0
0
-1
-2
-2
-2
-1
-1
-1
0
-1
-1
-1
-1
0
1
0
-1
-1
0
2
2
1
0
0
0
1
1
1
1
0
-1
-1
0
1
1
0
-1
0
1
1
-1
-1
0
1
1
0
0
2
3
3
3
2
1
0
0
0
0
0
1
2
2
2
2
2
2
2
2
3
3
3
3
3
3
2
2
2
2
3
3
3
2
2
2
2
2
2
1
1
2
2
2
2
3
2
1
0
1
2
2
2
1
2
2
2
2
3
4
4
4
5
5
4
4
3
4
4
5
4
3
2
2
2
3
3
3
3
3
3
3
4
4
4
3
2
2
1
1
1
2
2
2
2
2
2
2
2
2
3
2
2
1
2
4
5
4
4
4
4
4
5
6
5
5
4
4
5
5
5
5
4
4
4
4
4
3
3
4
5
5
4
3
4
4
4
3
2
2
1
2
3
4
5
5
5
5
5
5
4
4
4
3
2
1
1
2
2
2
2
1
1
2
3
5
5
4
4
3
4
4
5
6
7
6
5
5
5
5
5
5
5
5
5
4
3
3
4
4
4
4
4
2
2
3
4
4
5
5
5
4
4
5
6
5
3
3
2
2
2
2
2
2
2
2
2
2
1
1
0
-2
-2
-1
0
-1
-1
0
1
1
0
-2
-2
-2
-2
-2
0
2
1
0
-1
0
1
1
1
1
1
0
-1
-2
-3
-3
-4
-4
-4
-4
-3
-2
0
1
2
2
2
0
0
0
0
-1
-3
-2
0
1
1
-1
-2
-3
-2
-1
0
-1
-1
1
2
2
2
2
3
2
1
0
-1
-1
0
3
3
-1
-5
-6
-5
-5
-5
-4
-3
-4
-6
-6
-5
-5
-5
-5
-4
-4
-5
-5
-4
-3
-3
-4
-4
-3
-4
-5
-5
-5
-5
-7
-8
-8
-8
-7
-7
-7
-6
-6
-6
-7
-7
-8
-7
-6
-4
-3
-4
-5
-6
-5
-3
-3
-3
-4
-5
-4
-4
-3
-3
-3
-2
-2
-3
-5
-7
-8
-8
-6
-5
-3
-3
-2
-2
-2
-2
-1
-1
0
1
3
2
-1
-4
-5
-5
-5
-5
-5
-5
-5
-5
-4
-3
-2
-1
-1
-2
-4
-5
-6
-5
-3
-2
-2
-4
-5
-4
-2
-1
0
-1
-3
-5
-5
-4
-2
-3
-4
-5
-5
-7
-6
-4
-4
-6
-6
-2
2
2
0
0
1
0
-3
-4
-3
-3
-2
-2
0
0
1
2
2
0
-2
-2
1
2
1
0
0
0
-3
-5
-5
-2
2
3
3
2
2
0
-3
-6
-5
-2
1
0
0
1
2
1
1
1
0
-1
-1
0
1
0
-1
-2
-1
-1
-2
-2
-2
0
1
2
1
1
0
-1
-2
-2
-2
-2
-2
-1
-1
-2
-3
-5
-5
-4
-2
1
3
2
1
1
-1
-3
-5
-3
1
2
1
-3
-5
-5
-4
-2
0
1
1
1
2
1
0
-1
1
2
1
-2
-4
-3
-1
0
-1
-2
-1
-1
-2
-4
-4
-5
-6
-6
-4
-3
-3
-3
-3
-3
-3
-3
-1
1
2
2
1
1
0
-2
-4
-4
-3
-2
-2
-4
-5
-5
-5
-4
-4
-3
-2
-4
-7
-9
-8
-8
-7
-7
-5
-3
-2
-2
0
2
1
-1
-4
-6
-9
-10
-9
-5
-3
-3
-5
-7
-7
-7
-8
-8
-7
-5
-4
-3
-2
-1
-2
-4
-5
-5
-6
-7
-5
-1
1
-4
-9
-9
-8
-7
-6
-5
-3
-4
-5
-7
-7
-6
-5
-5
-6
-8
-8
-6
-5
-6
-6
-5
-6
-9
-10
-8
-5
-3
-2
-2
-6
-10
-12
-10
-8
-5
-3
0
1
-4
-10
-11
-9
-8
-6
-4
-2
-1
-4
-8
-10
-10
-8
-8
-10
-12
-12
-12
-11
-10
-8
-7
-6
-6
-6
-9
-13
-14
-12
-11
-12
-11
-7
-4
-4
-7
-7
-5
-5
-5
-5
-5
-8
-11
-9
-5
-3
-7
-9
-7
-3
-5
-9
-10
-6
-2
-1
-2
-3
-4
-5
-5
-5
-7
-9
-10
-10
-9
-9
-9
-7
-5
-4
-3
-2
-1
-2
-5
-8
-8
-10
-12
-14
-14
-12
-8
-4
-2
-1
-2
-2
-2
0
-1
-3
-7
-9
-8
-4
-1
-1
-3
-5
-6
-6
-7
-9
-11
-10
-8
-6
-7
-9
-9
-8
-7
-7
-5
-4
-4
-3
-2
1
1
-2
-5
-6
-7
-6
-3
1
2
-1
-3
-1
2
3
2
0
-3
-3
-1
2
3
2
-1
-4
-8
-11
-12
-10
-8
-5
-1
2
4
5
6
6
5
4
2
-2
-5
-5
-1
2
-1
-4
-4
-1
0
0
2
5
5
3
2
1
-1
-4
-2
3
7
7
4
2
3
6
8
8
7
5
2
-1
-1
0
0
0
1
1
0
1
5
8
7
6
6
7
7
5
5
4
1
-1
3
8
8
4
5
11
14
9
5
6
9
8
6
8
13
13
6
0
-1
0
-1
-3
0
9
18
18
13
10
9
7
5
7
10
8
1
-1
6
13
13
13
14
9
0
-2
5
10
6
2
7
14
13
8
9
11
8
4
9
17
16
10
10
12
7
1
4
13
14
8
6
11
13
5
0
5
13
16
14
10
8
8
9
10
10
14
19
18
13
10
15
17
12
5
5
9
9
5
7
14
14
7
5
12
18
14
7
7
13
14
13
14
17
18
13
7
4
5
6
10
13
12
10
10
12
11
8
6
6
5
3
3
4
2
-1
2
11
17
14
7
7
14
17
14
9
9
13
17
18
14
9
7
9
10
7
-1
-6
-7
-1
8
16
18
17
16
17
18
20
22
21
15
10
12
14
8
-4
-7
2
10
11
11
16
22
20
16
15
15
10
5
8
15
14
7
4
10
14
9
4
11
25
27
18
11
14
16
7
-4
-1
12
17
13
12
16
15
6
0
1
2
3
8
17
20
12
4
5
5
0
-3
4
15
17
12
10
10
6
2
3
10
16
17
12
5
1
2
3
2
5
13
20
16
6
5
12
16
11
9
13
16
13
13
15
13
8
6
5
0
-6
-5
4
10
11
13
17
17
9
0
-5
-8
-9
-2
9
14
7
0
-2
-2
-6
-6
3
16
20
17
11
4
-5
-13
-10
2
12
13
9
7
8
5
-1
-3
0
1
-3
-5
2
9
10
9
14
20
17
9
5
2
-5
-10
-5
3
5
3
2
1
-3
-5
-1
7
9
5
1
-2
-4
-1
6
7
0
-1
11
16
5
-6
1
11
2
-16
-20
-10
-1
1
4
11
13
7
3
3
1
-3
0
4
0
-6
-4
2
-2
-9
-10
-7
-8
-9
-7
-2
-2
-1
4
10
10
8
9
8
-1
-9
-9
-9
-20
-28
-19
-5
-4
-12
-12
-5
-1
-5
-7
-2
2
2
2
1
-6
-16
-18
-11
-1
5
5
-1
-12
-18
-16
-12
-11
-9
-5
-6
-12
-13
-1
9
7
-1
1
9
5
-9
-17
-11
-4
-7
-10
-6
-2
-9
-21
-26
-18
-6
0
-2
-7
-13
-17
-21
-22
-19
-11
-1
7
10
10
3
-10
-23
-28
-27
-27
-33
-32
-18
1
9
4
-3
-3
0
1
-1
-2
-4
-7
-10
-11
-13
-17
-17
-12
-7
-9
-12
-9
-6
-8
-13
-11
-5
-3
-7
-11
-10
-12
-18
-22
-19
-15
-12
-8
-3
-3
-11
-20
-25
-23
-16
-9
-4
-3
-2
-2
-8
-15
-16
-11
-8
-8
-5
6
9
-6
-25
-25
-13
-8
-11
-8
3
10
5
0
-2
-7
-21
-30
-25
-20
-23
-23
-13
-5
-6
-10
-9
-5
-6
-7
-1
5
3
-5
-9
-9
-14
-23
-24
-17
-13
-15
-16
-12
-8
-6
-4
1
4
-2
-12
-17
-12
-4
-2
-7
-13
-15
-15
-12
-7
-2
-3
-8
-10
-5
0
-2
-5
0
8
3
-14
-22
-11
1
-4
-14
-10
7
16
9
-1
-2
-2
-11
-22
-22
-16
-16
-21
-20
-14
-12
-14
-12
-5
-5
-10
-8
4
8
-5
-19
-14
-3
-4
-13
-15
-10
-11
-14
-8
1
-2
-16
-24
-19
-9
-5
-2
3
2
-8
-14
-9
2
6
1
-8
-11
-7
-2
1
1
1
-2
-12
-21
-16
0
8
0
-10
-9
-4
-8
-14
-9
0
1
-2
3
10
2
-16
-19
-3
7
1
-9
-5
4
3
-6
-12
-13
-14
-13
-4
6
5
-6
-16
-17
-10
-2
4
9
13
11
0
-13
-17
-11
-3
0
4
13
20
16
9
11
17
13
-2
-9
-2
9
11
9
9
10
5
-6
-13
-13
-11
-7
2
12
13
6
2
6
5
-11
-21
-4
22
25
5
-1
22
39
21
-8
-12
-1
-10
-37
-42
-15
6
-6
-31
-35
-16
2
8
13
20
16
1
-12
-11
-7
-9
-11
2
22
26
12
1
8
17
5
-16
-17
1
6
-7
-12
8
28
23
2
-12
-12
-13
-14
-6
6
6
-5
-9
3
16
16
13
17
20
9
-7
-10
3
15
14
9
9
7
-4
-10
0
17
24
19
15
11
-3
-19
-22
-13
-8
-10
-5
14
29
22
2
-7
4
15
11
-4
-12
-5
5
3
-4
-4
1
-5
-15
-8
13
16
-3
-13
0
8
-8
-21
-4
24
29
13
4
4
-8
-26
-27
-15
-11
-10
2
15
9
-6
-6
6
5
-8
-15
-7
1
4
13
26
24
6
-2
15
38
39
20
2
0
8
10
-3
-20
-23
-15
-11
-8
4
18
23
17
7
-9
-27
-34
-23
-4
5
8
20
27
4
-32
-41
-15
7
6
2
2
-1
-5
3
9
-5
-23
-12
18
26
5
-5
12
25
9
-9
-4
5
0
-1
13
21
11
1
0
-5
-13
-8
9
11
-5
-12
-1
1
-24
-43
-26
4
13
9
13
19
5
-16
-21
-9
1
4
2
-3
-8
-4
9
13
2
-5
9
24
16
-1
-3
7
6
-2
-4
-2
-13
-29
-26
-4
10
8
6
11
10
-1
-6
-4
-9
-16
-10
2
-6
-27
-27
3
25
11
-12
-10
-1
-11
-23
-6
22
24
1
-17
-22
-26
-27
-15
1
3
-4
-2
7
8
0
0
5
0
-8
1
15
10
-7
-10
1
2
-9
-13
-6
-6
-19
-31
-29
-18
-7
3
10
9
4
5
11
11
9
18
24
10
-17
-34
-28
-12
3
6
2
3
15
18
-1
-20
-11
12
12
-12
-17
11
29
7
-13
3
24
7
-22
-16
10
11
-14
-27
-15
4
12
9
2
-9
-14
-10
-9
-20
-29
-20
-1
9
14
22
21
7
-2
-1
-13
-35
-42
-20
3
9
7
8
3
-12
-16
-1
9
0
-6
13
28
9
-16
-8
15
14
-3
-2
16
20
0
-12
-2
9
-2
-16
-11
5
4
-10
-11
8
20
8
-6
0
15
10
-10
-17
-4
2
-9
-12
9
29
25
11
5
0
-16
-27
-18
2
17
25
25
15
-1
-8
-4
-3
-15
-27
-33
-42
-52
-39
-11
-4
-23
-27
-3
9
0
5
35
40
-5
-52
-49
-15
-2
-5
13
49
58
32
9
4
3
5
16
26
22
16
20
23
16
9
7
1
-19
-35
-36
-29
-27
-21
1
23
26
20
20
15
-3
-16
-7
6
7
6
11
13
4
-9
-16
-17
-6
16
38
36
13
-4
-8
-16
-32
-30
-5
9
1
2
24
36
17
-5
-4
3
-7
-20
-13
2
-5
-28
-40
-35
-30
-28
-11
17
31
23
13
14
18
14
8
10
16
16
12
10
14
16
12
10
16
22
19
12
11
9
0
-7
2
18
22
9
-7
-11
-8
-3
4
12
15
12
10
9
1
-6
-5
-8
-21
-26
-8
8
-4
-21
-8
19
20
-6
-17
4
24
20
9
11
7
-13
-24
-11
1
-10
-21
-5
24
32
14
-5
-4
12
16
-1
-19
-21
-16
-24
-32
-11
34
57
37
9
11
22
6
-17
-13
3
-9
-33
-25
7
20
6
3
17
20
1
-9
3
12
8
14
33
26
-15
-39
-13
22
19
-5
-3
21
22
-12
-34
-13
25
38
21
2
-6
-9
-9
-1
4
-5
-14
1
32
41
11
-18
-6
29
35
10
-2
12
19
-2
-18
-5
17
13
-9
-22
-21
-20
-14
9
31
27
5
-2
12
21
15
13
24
29
16
3
6
16
17
18
23
12
-22
-42
-18
22
29
1
-16
-10
-12
-33
-39
-15
8
5
1
14
22
7
-4
16
37
20
-16
-20
6
16
-7
-22
-5
19
27
30
34
22
-9
-30
-17
5
-5
-39
-58
-42
-18
-11
-10
8
38
50
38
25
31
42
32
19
31
56
45
-10
-51
-34
10
28
16
6
5
-3
-13
-1
23
25
6
5
22
12
-29
-45
-4
47
48
17
12
38
51
37
22
16
0
-27
-37
-23
-9
-8
-5
7
5
-16
-33
-24
-8
-10
-21
-19
-4
6
10
16
16
5
-9
-10
5
26
40
35
9
-23
-37
-26
-5
9
20
30
34
27
15
6
-3
-19
-27
-13
16
34
27
6
-3
4
8
2
9
48
88
83
40
9
9
5
-17
-28
-8
12
5
-7
5
20
9
-3
14
32
16
-9
-3
15
2
-26
-20
18
36
13
-17
-24
-14
7
43
71
49
-11
-50
-46
-26
-5
23
45
41
13
-11
-26
-41
-47
-29
2
14
0
-9
2
13
15
23
37
34
9
-16
-31
-43
-44
-23
9
22
16
10
13
16
13
11
19
27
23
8
-13
-28
-25
-4
10
5
0
13
22
5
-19
-20
-1
3
-19
-43
-40
-8
28
38
24
6
4
10
13
19
38
54
42
2
-24
-19
-8
-13
-14
2
14
4
-16
-31
-41
-46
-31
9
45
54
48
46
42
19
-13
-23
-11
-3
-9
-22
-27
-15
11
27
14
-11
-15
4
14
3
-7
0
-2
-28
-53
-49
-26
-12
0
20
23
-11
-45
-38
-8
-1
-14
-6
23
27
-3
-15
15
44
37
24
37
48
25
-8
-13
0
-5
-20
-16
-8
-32
-75
-77
-32
-3
-24
-46
-26
4
-7
-39
-38
4
39
47
48
52
40
8
-13
-5
3
-18
-52
-64
-45
-14
13
24
13
-12
-22
-5
14
7
-13
-14
4
15
9
6
17
23
14
5
6
1
-20
-35
-26
-3
7
3
-2
-6
-16
-27
-23
-2
16
14
-3
-20
-25
-21
-12
-5
-5
-16
-31
-40
-29
3
32
31
-1
-33
-35
-13
3
-7
-17
8
58
69
13
-55
-58
-7
24
6
-6
27
63
45
-5
-28
-19
-18
-38
-55
-59
-57
-43
-14
10
5
-15
-20
-10
-3
3
24
48
43
10
-16
-23
-32
-43
-36
-16
-14
-33
-39
-17
5
-3
-27
-30
1
33
35
16
2
-1
-12
-34
-49
-43
-27
-19
-16
-6
2
1
2
22
35
14
-13
2
44
44
-9
-49
-28
10
7
-23
-22
21
61
62
39
16
-8
-35
-55
-55
-39
-24
-22
-33
-41
-38
-31
-26
-16
1
13
20
28
31
15
-13
-27
-15
2
-2
-25
-43
-45
-31
-5
16
10
-24
-49
-36
-3
14
13
8
-3
-26
-42
-30
4
28
24
1
-14
-12
-2
3
5
9
7
-16
-50
-62
-35
-6
-16
-50
-55
-22
4
5
4
13
9
-8
-13
5
16
4
-9
-6
-1
-12
-26
-18
-2
-2
-20
-36
-48
-58
-57
-34
-3
18
22
15
7
0
-10
-20
-9
28
57
37
-21
-56
-42
-17
-20
-23
15
62
54
4
-18
1
0
-41
-65
-33
16
36
31
30
27
4
-22
-23
-9
-9
-19
-16
1
5
-4
-5
2
-9
-33
-38
-2
40
40
5
-9
20
46
20
-32
-52
-38
-35
-57
-52
5
51
23
-42
-55
-11
16
-5
-27
-12
2
-26
-69
-76
-51
-35
-33
-13
24
43
24
-2
-7
-4
-9
-13
4
29
32
13
8
33
57
39
-12
-50
-53
-43
-35
-23
-4
1
-13
-16
11
38
31
7
9
23
9
-22
-16
28
54
39
18
12
-1
-29
-37
-5
28
27
20
34
39
0
-48
-50
-20
-5
-11
-6
17
30
17
-6
-18
-11
11
31
33
19
5
-1
-13
-34
-38
-18
-13
-35
-41
-7
27
23
7
11
20
6
-13
3
41
57
39
18
3
-24
-59
-69
-54
-36
-19
6
24
15
-3
0
16
15
-4
-12
5
22
21
15
25
40
37
18
11
25
42
38
20
17
40
48
7
-54
-79
-67
-52
-37
5
59
78
56
32
18
-5
-33
-31
7
34
18
-10
-19
-26
-44
-40
-2
25
10
-13
-6
19
31
23
-2
-31
-45
-27
7
22
9
3
21
36
22
-4
-18
-23
-16
14
49
45
10
-14
-18
-27
-40
-27
6
21
9
2
11
5
-30
-52
-33
3
20
23
25
16
6
18
34
17
-13
-8
19
16
-8
2
42
50
14
2
38
53
10
-25
-1
24
-8
-49
-43
-28
-56
-85
-53
13
42
25
16
26
25
9
6
10
-8
-29
-13
20
9
-35
-42
8
48
27
-22
-42
-24
-4
3
8
14
10
-10
-33
-40
-25
1
12
2
-9
-8
-9
-24
-28
4
50
65
39
5
-11
-12
-11
-3
7
0
-20
-22
-2
9
-5
-22
-15
2
4
-7
-13
-5
11
30
44
42
24
15
27
35
14
-23
-48
-49
-29
6
31
20
-7
-4
29
35
-6
-39
-16
22
15
-16
-10
15
5
-25
-16
19
15
-22
-27
8
21
-13
-37
-11
23
16
-9
-9
5
4
-1
1
-7
-33
-45
-22
12
32
40
41
27
-2
-25
-29
-29
-42
-52
-38
-11
5
6
3
0
-6
-7
-2
8
23
39
36
6
-18
-8
20
36
33
24
13
-8
-20
-4
24
28
13
7
9
-14
-47
-37
16
51
41
20
15
3
-31
-54
-30
16
36
30
25
28
17
-5
-11
4
12
-1
-12
-4
13
23
29
42
49
27
-17
-42
-28
-3
0
-8
-5
-9
-48
-95
-96
-49
-9
-8
-14
11
53
66
43
9
-21
-45
-53
-38
-17
-6
2
19
29
19
2
-3
1
2
10
37
60
46
10
-1
22
27
-11
-56
-58
-26
-2
1
4
17
18
-2
-22
-23
-9
8
23
31
17
-20
-54
-51
-10
37
56
44
23
10
13
18
16
5
-5
-13
-26
-39
-34
-6
29
43
34
14
-8
-27
-29
-5
25
28
2
-20
-19
-11
-12
-10
12
31
12
-37
-65
-46
-12
-4
-20
-26
-11
14
45
77
85
50
-2
-29
-30
-35
-38
-5
56
83
44
-13
-37
-41
-49
-35
17
64
58
22
7
13
13
7
13
17
5
0
32
63
37
-25
-53
-44
-45
-47
-7
54
66
33
17
30
17
-32
-54
-15
30
35
31
50
58
32
15
32
38
3
-28
-21
-10
-29
-39
0
49
36
-30
-69
-52
-24
-21
-25
-18
-10
-9
-9
-10
-18
-23
-9
16
25
11
-6
-7
2
2
-5
-2
18
43
56
48
26
2
-18
-33
-39
-31
-18
-14
-16
-17
-16
-21
-15
15
55
72
56
25
-1
-16
-18
-2
16
15
5
14
38
37
-2
-31
-12
21
21
-3
-10
2
5
-3
2
23
25
-2
-22
-7
19
23
10
9
25
35
18
-21
-61
-76
-57
-17
15
26
27
31
27
-1
-29
-18
31
65
46
3
-17
-17
-29
-47
-28
25
48
4
-51
-56
-35
-43
-58
-27
23
13
-53
-81
-23
44
48
17
12
18
-10
-43
-25
29
49
25
6
12
12
-7
-17
-5
2
-12
-10
25
56
39
-1
-8
18
28
1
-25
-11
27
40
15
-9
-11
-10
-19
-8
35
59
21
-39
-50
-14
0
-27
-39
-5
22
4
-15
10
41
20
-23
-25
11
25
-2
-33
-38
-24
-5
18
37
33
10
-3
4
4
-16
-35
-24
20
70
81
33
-34
-60
-36
-13
-17
-20
-3
-2
-46
-86
-61
0
23
13
32
74
62
-10
-47
5
76
79
30
-1
-2
-14
-38
-29
17
50
42
14
-3
-3
11
31
36
21
13
32
49
18
-34
-38
11
32
-12
-44
7
89
98
31
-21
-20
-14
-26
-16
30
51
11
-37
-38
-10
10
30
61
71
27
-34
-51
-29
-17
-16
6
31
4
-60
-86
-38
37
84
92
68
22
-31
-55
-29
28
73
73
28
-32
-61
-34
22
56
49
20
-9
-30
-39
-45
-51
-41
-3
25
-1
-51
-55
-6
32
28
28
62
73
20
-39
-28
21
29
0
-8
0
-20
-52
-38
9
23
-6
-19
2
4
-26
-24
36
79
38
-27
-20
39
60
23
-8
-3
2
-15
-18
9
25
3
-14
11
38
15
-26
-21
20
29
-5
-20
5
18
-3
-15
1
9
-6
6
68
117
87
5
-49
-49
-34
-22
-8
-5
-30
-50
-27
12
3
-52
-81
-42
20
38
12
-2
17
33
12
-19
-18
8
26
27
27
18
-15
-50
-42
9
42
26
4
19
34
9
-20
-9
15
6
-9
11
33
14
-13
6
43
29
-24
-34
11
40
27
24
46
35
-18
-40
0
38
28
18
52
85
54
-17
-59
-56
-54
-64
-45
13
49
25
-21
-33
-18
-23
-55
-73
-54
-25
-15
-16
-12
-14
-35
-42
-6
31
17
-20
-18
13
13
-23
-44
-42
-54
-74
-45
29
66
33
1
18
23
-27
-60
-19
27
2
-40
-13
53
59
10
-4
32
31
-31
-65
-19
31
14
-26
-17
25
37
10
-12
-5
9
11
5
-1
-3
4
23
38
30
4
-22
-38
-37
-18
5
12
3
-2
-1
-11
-34
-44
-27
-18
-33
-38
-3
33
12
-48
-75
-52
-23
-12
4
30
35
2
-34
-40
-21
2
29
48
31
-17
-43
-24
-6
-30
-66
-66
-30
1
8
5
4
-3
-13
-18
-20
-28
-32
-12
15
18
-1
-8
15
46
54
33
4
-5
2
2
-18
-36
-25
11
33
20
-11
-22
-12
-6
-21
-39
-34
-1
28
22
-15
-34
-9
22
10
-22
-18
23
46
24
4
21
39
11
-40
-52
-25
-11
-27
-36
-20
-7
-22
-42
-37
-13
4
14
29
36
11
-39
-71
-62
-29
2
24
32
17
-13
-23
2
26
14
-13
-9
23
29
-4
-24
-2
25
23
26
54
60
3
-68
-71
-8
38
21
-13
-21
-16
-30
-54
-62
-40
13
79
106
67
3
-25
-16
-4
14
56
90
56
-31
-89
-74
-39
-27
-15
21
39
3
-45
-48
-18
2
2
-1
12
35
46
29
7
12
34
34
9
-1
14
10
-29
-49
-9
32
4
-40
-11
52
45
-10
-9
44
53
-3
-51
-56
-53
-56
-25
39
75
56
20
-12
-55
-81
-32
52
56
-22
-67
-42
-34
-68
-61
27
110
106
49
13
9
2
-4
8
14
-8
-30
-22
-10
-16
-10
24
42
7
-48
-72
-56
-26
-9
-4
5
22
20
-16
-45
-15
55
81
28
-40
-46
-10
0
-11
10
54
54
4
-36
-35
-23
-19
-6
20
31
19
3
-5
-19
-38
-38
-4
32
34
10
-10
-18
-29
-44
-47
-33
-18
-17
-23
-13
19
52
63
57
48
38
21
3
-4
-1
3
8
12
4
-18
-35
-29
-11
-3
-4
11
35
36
4
-23
-11
21
35
25
17
13
-7
-36
-32
13
50
38
3
-2
16
4
-32
-21
59
118
78
-15
-63
-45
-29
-42
-40
5
47
39
4
-2
21
25
-3
-22
-9
6
-1
-16
-17
-16
-24
-21
7
25
-9
-64
-70
-25
3
-12
-17
16
34
4
-21
8
50
47
21
25
46
30
-23
-55
-38
-16
-25
-38
-20
8
14
-1
-10
-5
-9
-34
-54
-26
38
67
33
-5
4
21
-6
-45
-41
-5
14
16
29
36
-4
-55
-38
38
71
28
-13
-7
1
-18
-20
11
23
-15
-60
-68
-47
-23
-4
7
5
-1
12
41
58
52
43
30
-9
-48
-32
23
41
10
-2
36
61
23
-32
-41
-15
-16
-47
-53
-19
5
-14
-33
-7
35
40
23
33
62
55
11
-14
3
18
2
-16
-11
-9
-26
-24
13
30
-16
-62
-36
22
29
-10
-29
-11
9
3
-26
-57
-62
-33
-3
0
3
41
76
39
-53
-89
-26
38
25
-5
19
44
9
-33
-18
16
15
8
29
49
35
5
-15
-37
-63
-58
-5
38
11
-51
-70
-43
-11
15
41
48
38
36
36
3
-37
-35
-13
-20
-40
-20
12
-12
-67
-60
13
47
1
-37
-8
17
-22
-57
-31
2
-18
-40
-13
22
8
-24
-20
13
29
15
-8
-29
-51
-58
-43
-23
-10
15
55
67
24
-28
-34
-8
4
-6
-16
-20
-29
-39
-27
2
16
1
-14
-3
16
5
-31
-43
-14
19
27
23
22
16
-2
-16
-25
-39
-49
-29
18
46
30
-4
-27
-49
-76
-63
10
76
72
34
18
10
-18
-26
28
90
84
24
-10
0
2
-21
-23
11
27
-4
-30
-5
34
36
8
-9
-2
9
5
-9
-20
-27
-34
-31
-11
5
-24
-86
-115
-76
-16
12
23
57
96
84
30
0
-3
-44
-127
-160
-101
-28
-6
6
55
83
27
-48
-27
72
109
34
-50
-52
-14
-5
-8
20
50
32
-5
-2
20
-6
-56
-49
13
29
-32
-84
-60
-3
14
-6
-19
-16
-8
30
97
128
80
9
-11
-3
-22
-47
-26
19
26
-4
-13
12
25
12
17
54
71
36
-7
-11
0
-11
-30
-26
-14
-21
-25
12
66
67
3
-60
-69
-55
-64
-69
-25
28
18
-30
-23
45
90
78
52
18
-51
-119
-95
17
101
86
45
49
45
-20
-67
-8
90
104
45
6
5
6
12
45
78
67
16
-24
-22
8
32
34
17
-3
-16
-26
-37
-13
68
140
110
13
-29
-9
-22
-61
-24
78
111
42
-15
2
18
-7
-1
67
87
-3
-83
-31
66
65
7
13
51
14
-71
-81
-8
33
-14
-67
-48
8
18
-11
-5
48
78
36
-28
-46
-15
12
6
-3
11
27
15
-9
-11
6
13
2
-13
-22
-15
7
20
3
-7
29
69
50
-4
-15
22
41
20
3
4
-8
-33
-25
19
36
7
-6
17
15
-28
-30
41
93
59
-4
-29
-36
-57
-72
-52
-19
-6
-10
-8
4
13
20
34
50
61
67
59
19
-25
-28
2
14
12
29
52
46
19
5
3
-5
-16
-31
-56
-71
-42
10
24
-7
-18
19
33
-18
-51
-1
39
-24
-97
-46
59
60
-23
-50
-5
4
-45
-55
6
50
30
10
36
43
-5
-32
10
50
25
-17
-18
1
-3
-16
-7
21
31
5
-39
-63
-47
-9
18
26
32
39
19
-33
-50
12
83
75
24
27
63
29
-67
-106
-47
11
-7
-41
-15
29
11
-39
-35
16
34
11
15
69
100
56
-18
-43
-13
6
-28
-67
-51
-4
11
-7
-3
29
26
-28
-50
12
73
30
-68
-89
-36
-35
-110
-132
-39
63
68
18
12
45
39
-16
-46
-20
1
-29
-71
-64
-15
26
34
36
62
80
34
-49
-59
28
101
84
44
48
38
-45
-114
-63
43
56
-21
-56
-30
-46
-98
-51
79
104
-12
-80
-11
43
-22
-81
-20
52
6
-71
-31
63
52
-29
-27
30
7
-62
-37
45
22
-93
-118
-14
52
-9
-58
13
89
40
-51
-47
3
-20
-83
-73
-6
14
-17
-6
51
57
-9
-40
8
29
-49
-125
-72
52
92
22
-36
-9
33
17
-10
30
100
100
27
-22
3
30
-13
-77
-68
8
48
9
-32
-13
22
6
-37
-38
-11
-27
-78
-75
9
83
67
13
5
22
-4
-56
-53
15
65
48
9
-5
-14
-41
-52
-13
33
26
-20
-45
-38
-37
-48
-34
7
19
-21
-57
-32
20
27
-14
-30
0
17
-21
-67
-63
-20
15
33
42
23
-37
-99
-111
-74
-25
17
61
96
93
54
21
13
22
32
23
-26
-80
-70
-11
-2
-64
-87
-3
84
56
-29
-34
33
46
-14
-38
-9
-26
-80
-40
95
149
45
-75
-79
-17
0
-35
-56
-47
-33
-19
-8
-25
-53
-26
45
54
-14
-45
1
23
-13
-13
46
53
-39
-110
-66
13
10
-34
-23
9
-26
-80
-53
17
31
17
52
85
23
-88
-127
-85
-58
-73
-62
-5
21
-29
-78
-43
34
61
24
-18
-33
-44
-60
-54
-6
51
53
-3
-49
-38
0
18
26
33
7
-43
-56
-29
-31
-63
-33
74
133
62
-44
-57
-12
-15
-45
-12
46
22
-50
-53
-7
-7
-24
17
54
-5
-75
-26
86
95
0
-45
1
14
-49
-73
-12
16
-40
-70
-30
-13
-48
-45
14
45
29
29
39
-1
-63
-45
37
41
-59
-104
-13
65
11
-60
-17
48
0
-98
-102
-19
29
7
-11
9
15
-20
-41
-7
36
26
-14
-20
13
32
11
-21
-37
-44
-55
-56
-25
24
55
55
29
-21
-79
-87
-23
30
-4
-55
-23
39
2
-108
-138
-47
36
29
3
24
28
-37
-83
-26
57
43
-34
-48
11
52
45
36
43
28
-22
-66
-56
-2
44
51
47
61
65
15
-68
-117
-105
-63
-17
36
79
59
-25
-89
-70
-17
0
6
37
48
8
-18
21
60
29
-28
-38
-15
-8
-6
30
81
81
19
-52
-86
-90
-71
-28
23
60
69
29
-60
-113
-47
57
58
-17
-20
49
50
-36
-72
-1
59
24
-26
0
49
39
9
31
60
35
4
11
-1
-61
-85
-26
44
66
67
52
-3
-67
-64
4
69
98
119
128
77
-18
-61
-25
6
-2
20
74
63
-17
-42
8
19
-46
-83
-45
-2
-1
3
42
67
34
-23
-38
2
55
84
77
43
22
31
15
-59
-115
-80
-26
-34
-31
61
144
103
5
-26
-5
-21
-59
-43
7
13
-9
14
52
9
-74
-66
17
31
-27
-29
33
40
-28
-72
-60
-49
-43
14
98
112
45
6
48
77
15
-64
-56
7
29
3
-10
8
23
3
-36
-58
-49
-38
-37
-16
35
52
-2
-47
5
100
108
21
-40
-7
45
32
-8
-9
14
2
-28
-24
10
41
57
59
39
16
8
-12
-57
-67
6
92
85
10
-13
38
62
15
-22
8
22
-44
-106
-65
24
51
18
-1
1
-13
-32
-13
35
56
23
-22
-31
-8
12
14
9
9
20
35
35
10
-22
-34
-17
8
15
-5
-30
-35
-23
-20
-22
0
44
58
17
-32
-31
14
53
61
56
50
25
-37
-105
-117
-58
17
39
5
-34
-45
-47
-65
-81
-63
-19
19
42
62
72
75
87
92
38
-69
-132
-96
-30
-19
-32
12
93
110
41
-15
12
68
72
34
9
12
13
-5
-36
-47
-11
57
96
68
7
-25
-8
26
20
-46
-118
-118
-46
8
-16
-61
-42
19
23
-40
-74
-34
13
20
30
54
32
-34
-59
-29
-20
-43
-28
23
25
-25
-37
5
-8
-98
-117
2
90
6
-103
-39
113
131
21
-34
24
81
64
18
-2
-5
-16
-18
-1
15
20
26
27
9
-3
18
39
14
-26
-25
11
38
47
51
61
76
75
23
-54
-72
-11
37
4
-46
-31
13
-6
-68
-66
2
27
-18
-33
17
36
-8
-22
26
45
-2
-32
6
57
63
37
14
5
3
2
-3
-8
5
38
41
-21
-88
-79
-30
-19
-11
58
117
63
-24
-10
56
30
-70
-106
-49
-3
-17
-22
22
50
24
2
18
23
-2
0
42
64
53
58
64
24
-24
-12
40
57
34
20
22
10
-14
-20
-4
6
5
10
9
-22
-49
-25
17
17
-5
1
13
-10
-31
2
53
69
56
36
3
-42
-52
-2
59
67
29
-7
-30
-52
-52
-5
52
64
40
29
33
23
2
-12
-24
-36
-23
12
29
7
-19
-5
45
72
31
-44
-70
-24
24
10
-26
-15
24
18
-29
-34
27
67
24
-39
-40
-6
-1
-6
18
38
17
-12
-1
36
65
68
31
-33
-64
-32
3
-22
-50
14
130
150
49
-23
16
44
-40
-129
-88
18
41
-13
-34
13
63
67
38
8
-5
-5
-1
3
5
11
35
78
109
86
25
-7
34
91
68
-27
-73
-24
4
-73
-153
-118
-22
28
35
43
32
6
19
59
32
-61
-81
16
70
-45
-175
-107
70
92
-50
-121
-33
58
42
-9
-20
-8
-12
-26
-23
18
91
137
99
4
-55
-44
-14
10
78
170
140
-36
-141
-46
55
-24
-131
-51
102
83
-62
-90
27
84
9
-27
61
111
10
-97
-50
79
135
93
16
-48
-73
-55
-37
-35
4
96
141
55
-72
-83
16
64
-6
-76
-49
14
39
61
99
81
-17
-111
-128
-88
-26
59
145
174
121
25
-57
-106
-114
-66
6
29
-19
-63
-43
-6
-18
-63
-78
-44
9
52
76
82
79
66
25
-51
-132
-162
-105
8
101
120
78
28
-2
-19
-27
-9
36
71
55
-2
-48
-59
-54
-54
-46
-14
35
82
104
86
50
36
32
-10
-84
-110
-68
-27
-31
-29
22
68
49
-5
-27
-31
-59
-76
-23
54
59
5
-19
-7
-17
-33
8
77
85
34
10
38
50
15
-9
23
62
55
27
17
9
-19
-34
-4
34
24
-26
-55
-38
-9
1
7
50
116
143
106
59
36
7
-34
-32
33
89
79
45
37
23
-27
-52
5
73
43
-39
-38
40
70
35
37
67
18
-93
-124
-45
13
-17
-51
-25
2
-27
-50
-6
53
52
30
52
82
58
11
4
28
35
14
-18
-42
-37
-6
14
-4
-30
-17
20
23
-14
-32
-6
20
8
-6
15
31
-9
-70
-78
-33
1
-8
-16
6
21
-14
-61
-45
22
44
-6
-32
20
69
40
-6
4
18
-31
-90
-69
8
51
49
60
76
40
-21
-24
13
-5
-58
-36
48
59
-13
-31
58
127
83
5
-5
12
-41
-132
-150
-73
8
39
46
55
58
60
81
101
78
33
31
68
63
-15
-68
-9
93
108
35
-4
26
30
-39
-81
-28
27
-5
-61
-40
28
52
26
10
13
3
-26
-44
-41
-36
-27
-4
12
-5
-28
-23
-7
-8
-5
11
9
-6
11
46
37
-6
-5
37
42
0
-12
27
39
-7
-27
29
67
10
-57
-33
21
3
-52
-53
-20
-23
-46
-26
21
28
-13
-51
-52
-42
-45
-51
-40
-26
-25
-21
1
16
-14
-63
-57
24
103
93
21
-18
7
23
-11
-43
-20
20
31
24
9
-22
-38
-7
27
7
-26
-14
-3
-54
-99
-36
86
111
13
-68
-51
-14
-19
-5
50
55
-17
-59
-34
-30
-73
-76
-21
13
4
5
19
-2
-37
-18
34
17
-75
-109
-24
65
67
48
60
40
-37
-68
-6
48
23
-14
7
36
-1
-84
-129
-104
-61
-57
-81
-89
-74
-65
-64
-48
-11
20
28
34
49
36
-31
-81
-23
81
81
-16
-41
48
99
39
-11
34
83
50
-9
-16
-4
-39
-97
-106
-64
-32
-24
-19
-21
-34
-14
42
68
21
-56
-125
-182
-190
-110
-2
50
57
77
85
21
-71
-80
-9
24
-17
-29
36
73
3
-78
-68
-20
-25
-48
-6
81
129
116
86
68
44
-9
-77
-117
-100
-33
48
101
104
75
41
12
-17
-37
-25
10
22
-14
-58
-56
-26
-19
-39
-31
12
19
-43
-93
-66
-24
-50
-94
-71
-22
-44
-114
-126
-70
-31
-45
-53
-7
46
38
-16
-47
-25
10
6
-43
-88
-75
-23
-8
-40
-38
26
70
39
6
39
80
44
-47
-107
-110
-96
-82
-43
22
68
63
25
-14
-35
-25
2
12
-1
5
42
57
26
-8
-7
4
-2
-10
-3
8
13
37
89
127
98
12
-64
-83
-57
-25
-4
6
15
25
23
5
-2
25
58
53
24
14
23
13
-24
-49
-42
-29
-17
23
97
146
123
59
1
-53
-114
-134
-67
27
43
-6
-6
59
61
-54
-152
-103
18
53
-5
-42
-19
-3
-21
-23
-4
-24
-84
-99
-48
-5
6
40
87
70
-13
-66
-50
-24
-27
-18
24
43
-7
-71
-80
-39
11
58
74
16
-60
-40
60
89
-6
-90
-52
41
61
1
-55
-63
-43
-7
49
86
59
-11
-53
-54
-60
-99
-148
-174
-159
-110
-60
-36
-28
-21
-18
-12
24
84
117
99
67
59
48
-2
-60
-68
-34
-25
-55
-66
-31
2
5
11
45
72
60
38
43
66
78
89
123
161
144
68
-1
-12
-6
-43
-97
-95
-38
-2
-6
3
41
39
-40
-127
-148
-122
-109
-96
-38
27
24
-40
-87
-91
-82
-68
-38
-20
-49
-103
-130
-135
-155
-184
-180
-140
-108
-93
-53
18
60
38
-6
-28
-39
-53
-40
20
93
130
123
102
84
55
12
-22
-23
-3
11
14
16
19
11
-5
-15
-23
-41
-58
-54
-29
-4
14
25
16
-23
-64
-55
3
51
56
54
68
58
-1
-63
-81
-70
-67
-61
-32
1
14
12
16
30
36
30
20
15
23
39
35
-9
-65
-77
-49
-37
-41
-7
61
86
48
19
35
45
13
-16
-1
20
-2
-38
-25
32
71
67
42
14
-13
-12
30
76
90
74
41
-11
-66
-91
-75
-39
0
38
64
68
53
35
8
-41
-82
-65
-1
39
30
22
41
41
-6
-56
-68
-62
-63
-55
-23
4
-2
-18
-19
-21
-53
-88
-77
-31
4
11
10
6
-13
-36
-43
-42
-46
-41
1
69
113
102
58
20
0
-7
2
25
46
53
57
69
69
38
-11
-37
-33
-31
-53
-72
-58
-33
-36
-63
-73
-52
-27
-16
4
37
54
34
2
-10
-12
-36
-71
-73
-27
28
56
50
23
-18
-56
-67
-41
-3
26
47
62
55
10
-49
-79
-71
-54
-53
-59
-47
-23
-9
-15
-24
-26
-24
-26
-25
-15
-3
8
31
72
102
86
41
15
23
28
6
-17
-9
15
13
-12
-22
-1
24
39
53
77
97
103
94
77
57
41
30
17
-5
-25
-25
-2
31
63
101
135
147
133
113
97
82
69
61
50
26
-7
-30
-30
-13
8
30
52
78
100
109
97
73
52
38
22
-5
-29
-28
-8
15
32
47
60
67
74
82
87
81
61
35
19
20
24
13
-6
-1
35
66
64
49
58
79
69
29
4
7
3
-27
-54
-56
-57
-77
-98
-96
-73
-48
-25
0
19
20
6
-12
-32
-58
-81
-85
-69
-47
-35
-45
-78
-118
-141
-134
-106
-77
-63
-70
-88
-100
-107
-119
-136
-148
-159
-177
-199
-200
-173
-139
-121
-117
-114
-117
-137
-160
-167
-157
-150
-148
-143
-139
-140
-137
-114
-72
-38
-32
-59
-107
-162
-203
-210
-178
-124
-74
-44
-30
-27
-34
-50
-56
-36
-5
6
-21
-61
-78
-59
-17
26
53
52
34
31
68
131
193
235
246
220
162
99
58
54
77
109
132
131
104
67
45
58
105
164
203
197
160
129
121
124
122
119
126
135
135
134
152
193
239
261
244
199
151
124
123
140
158
166
164
153
136
115
95
81
79
89
107
122
120
104
92
99
115
121
114
102
95
87
82
94
120
141
151
162
173
168
148
144
168
190
182
157
141
129
103
61
32
27
34
43
48
41
19
-1
-5
-3
-22
-64
-107
-134
-142
-139
-133
-131
-135
-145
-158
-171
-186
-203
-220
-229
-229
-227
-246
-294
-350
-385
-394
-400
-419
-440
-457
-472
-488
-497
-500
-499
-488
-465
-444
-438
-443
-443
-429
-405
-381
-363
-359
-365
-366
-352
-333
-317
-285
-229
-178
-165
-172
-153
-107
-68
-48
-35
-22
-16
-16
-2
30
64
91
126
178
228
257
273
294
323
346
343
304
250
220
232
262
284
304
346
403
439
440
423
411
408
409
416
431
440
437
434
439
448
450
448
450
456
459
452
440
430
422
409
385
343
281
214
172
182
226
264
279
295
334
375
382
356
334
333
335
326
316
310
298
282
287
311
325
319
320
348
376
366
326
295
280
253
207
168
150
134
107
84
80
90
97
99
100
92
73
55
42
14
-50
-143
-230
-293
-346
-403
-453
-474
-468
-459
-470
-505
-550
-591
-626
-659
-705
-767
-836
-900
-954
-1003
-1047
-1081
-1104
-1122
-1140
-1159
-1173
-1169
-1125
-1042
-944
-860
-796
-744
-702
-669
-635
-586
-520
-445
-366
-287
-229
-209
-215
-206
-163
-109
-70
-47
-30
-9
16
43
65
88
128
200
287
366
433
504
588
670
739
791
823
827
816
807
798
769
723
681
647
594
509
414
346
315
309
315
320
309
273
226
187
161
137
121
124
151
189
221
240
257
282
312
327
315
280
239
203
175
158
144
120
89
77
101
147
190
234
301
384
444
461
460
467
480
488
497
510
514
498
482
493
518
526
516
517
531
525
479
423
389
373
349
310
279
262
242
217
204
218
243
257
253
236
202
144
76
17
-31
-87
-164
-254
-344
-436
-529
-607
-656
-692
-743
-809
-873
-929
-988
-1056
-1127
-1195
-1257
-1310
-1352
-1398
-1461
-1529
-1575
-1600
-1636
-1693
-1736
-1727
-1666
-1568
-1440
-1283
-1110
-935
-766
-612
-485
-385
-293
-191
-95
-32
-8
-1
5
8
15
41
96
172
245
295
320
331
341
351
365
399
459
532
595
650
713
790
875
959
1044
1119
1169
1190
1190
1156
1069
932
777
625
463
283
115
-3
-67
-97
-109
-105
-91
-74
-54
-26
8
37
60
89
123
148
155
155
163
189
235
294
352
389
402
406
412
407
372
312
251
207
186
192
233
310
410
521
629
709
740
736
741
775
824
863
883
883
849
776
682
599
541
506
490
487
479
447
389
318
241
165
95
37
-5
-31
-37
-29
-11
10
27
27
6
-22
-49
-75
-101
-126
-159
-224
-337
-485
-640
-775
-878
-943
-981
-1014
-1055
-1103
-1168
-1277
-1421
-1539
-1591
-1599
-1611
-1640
-1673
-1708
-1755
-1813
-1884
-1961
-2022
-2020
-1926
-1765
-1576
-1360
-1094
-794
-518
-310
-167
-59
44
154
253
316
349
381
415
430
421
403
388
390
426
497
564
594
599
617
648
656
632
614
632
679
758
880
1016
1115
1181
1252
1309
1292
1194
1069
950
823
675
512
334
130
-76
-233
-324
-380
-410
-386
-314
-251
-220
-194
-165
-150
-126
-53
52
129
172
225
296
349
369
386
415
429
422
421
435
423
374
333
325
318
300
308
365
446
536
647
764
840
859
856
864
873
865
855
861
868
853
816
769
706
630
570
536
504
442
353
253
151
54
-33
-106
-157
-179
-170
-149
-135
-127
-118
-118
-143
-188
-233
-269
-312
-367
-409
-429
-449
-493
-555
-621
-685
-751
-819
-889
-974
-1086
-1207
-1315
-1415
-1526
-1646
-1747
-1808
-1838
-1852
-1852
-1845
-1853
-1884
-1924
-1974
-2048
-2122
-2113
-1965
-1705
-1402
-1080
-741
-409
-131
72
211
304
375
461
574
663
668
622
608
639
656
635
626
667
746
839
923
970
957
911
880
866
829
772
760
833
953
1070
1178
1272
1314
1291
1225
1129
986
807
628
462
284
83
-117
-288
-428
-529
-558
-509
-422
-332
-233
-128
-62
-59
-78
-78
-62
-50
-26
33
125
230
342
453
537
573
575
576
574
551
509
466
428
392
368
359
355
365
427
556
711
842
937
1014
1067
1068
1019
946
858
746
635
563
526
488
449
440
461
470
438
381
316
235
139
55
-5
-76
-174
-261
-308
-331
-349
-339
-289
-235
-217
-230
-252
-287
-346
-409
-451
-487
-544
-611
-653
-679
-717
-760
-783
-796
-835
-904
-987
-1079
-1191
-1312
-1424
-1529
-1644
-1765
-1870
-1950
-2015
-2072
-2115
-2163
-2233
-2304
-2330
-2284
-2159
-1938
-1603
-1180
-732
-320
23
281
456
568
648
711
757
794
832
851
824
764
728
745
784
810
834
884
951
999
1013
1010
995
965
934
933
962
1006
1068
1174
1313
1428
1467
1427
1324
1155
926
675
437
198
-54
-288
-471
-619
-753
-849
-859
-779
-639
-470
-295
-146
-48
21
94
157
180
187
229
303
359
390
431
488
538
569
582
569
522
457
400
362
338
336
367
418
470
533
631
747
846
932
1017
1077
1078
1032
970
889
787
697
639
586
510
437
400
381
345
303
287
283
245
175
111
54
-22
-93
-119
-119
-146
-194
-222
-227
-245
-282
-308
-320
-349
-406
-475
-544
-622
-693
-724
-715
-707
-713
-704
-681
-681
-717
-773
-841
-935
-1054
-1187
-1331
-1494
-1654
-1778
-1867
-1953
-2056
-2159
-2247
-2336
-2434
-2518
-2564
-2550
-2440
-2200
-1847
-1433
-991
-529
-76
309
588
771
891
968
1014
1039
1031
973
882
813
787
774
753
753
807
895
976
1032
1063
1068
1050
1031
1024
1020
1017
1040
1118
1232
1349
1442
1490
1454
1324
1133
908
634
307
-30
-328
-583
-811
-1002
-1127
-1169
-1121
-979
-754
-500
-266
-53
140
275
326
337
360
389
396
395
421
468
502
520
539
554
546
518
491
459
404
349
339
365
391
427
515
649
783
903
1033
1171
1273
1300
1249
1142
996
826
648
476
320
203
147
138
133
119
120
150
193
226
234
209
157
96
36
-24
-82
-122
-134
-130
-124
-124
-135
-171
-236
-312
-380
-447
-533
-628
-699
-727
-724
-711
-692
-663
-619
-564
-510
-475
-470
-494
-548
-635
-761
-929
-1126
-1328
-1510
-1668
-1810
-1937
-2046
-2136
-2215
-2287
-2360
-2454
-2570
-2664
-2664
-2528
-2261
-1891
-1435
-911
-369
116
482
713
844
937
1034
1120
1156
1132
1079
1029
980
919
856
821
841
911
997
1067
1114
1152
1191
1226
1246
1250
1243
1233
1236
1266
1321
1375
1395
1359
1252
1061
796
488
169
-139
-410
-627
-802
-955
-1083
-1158
-1155
-1069
-906
-685
-436
-186
41
219
323
359
369
392
424
438
436
440
451
458
469
492
508
512
535
585
616
593
562
579
639
702
764
844
939
1025
1097
1159
1185
1148
1072
989
875
693
482
313
193
89
12
-11
-2
5
19
63
126
179
221
258
268
223
140
59
-25
-130
-226
-266
-269
-295
-344
-383
-416
-461
-501
-513
-521
-548
-570
-555
-518
-492
-471
-424
-367
-338
-330
-312
-303
-353
-453
-553
-658
-815
-1018
-1220
-1400
-1573
-1732
-1848
-1928
-2007
-2094
-2162
-2204
-2255
-2332
-2415
-2482
-2534
-2534
-2418
-2163
-1807
-1386
-908
-397
79
461
732
917
1049
1154
1239
1284
1267
1204
1136
1082
1024
967
954
1009
1101
1189
1262
1322
1356
1355
1324
1268
1196
1132
1106
1116
1129
1134
1151
1172
1134
993
781
553
318
63
-198
-438
-657
-865
-1049
-1190
-1277
-1294
-1207
-1013
-765
-522
-291
-60
137
254
306
351
416
483
541
585
606
607
613
641
671
695
729
791
860
899
903
892
870
837
822
851
906
953
994
1037
1058
1035
980
905
795
649
504
390
290
179
74
2
-42
-82
-119
-128
-113
-92
-63
-16
21
8
-52
-127
-203
-279
-343
-383
-404
-415
-415
-409
-417
-449
-484
-493
-468
-432
-406
-393
-378
-346
-297
-248
-223
-218
-205
-183
-181
-222
-299
-404
-539
-702
-877
-1057
-1243
-1425
-1582
-1705
-1800
-1879
-1952
-2030
-2121
-2212
-2282
-2336
-2413
-2531
-2649
-2689
-2598
-2376
-2047
-1623
-1108
-535
25
490
816
1012
1123
1198
1257
1290
1277
1224
1167
1130
1105
1086
1096
1147
1223
1301
1380
1455
1495
1477
1417
1352
1295
1232
1162
1105
1074
1070
1096
1133
1122
1017
830
607
359
79
-219
-497
-737
-943
-1120
-1258
-1349
-1382
-1330
-1168
-916
-631
-353
-96
117
257
332
385
440
490
536
591
656
710
746
783
829
865
887
914
953
970
942
896
871
869
873
891
931
980
1014
1037
1063
1071
1021
918
800
677
528
356
198
76
-20
-92
-119
-107
-98
-110
-112
-75
-21
11
19
13
-23
-98
-189
-271
-349
-424
-466
-456
-423
-406
-412
-423
-436
-453
-458
-436
-403
-382
-367
-334
-290
-254
-222
-187
-167
-175
-196
-227
-292
-402
-534
-668
-815
-983
-1153
-1304
-1444
-1589
-1713
-1784
-1820
-1869
-1941
-2017
-2093
-2182
-2285
-2401
-2542
-2694
-2783
-2724
-2502
-2154
-1697
-1118
-455
190
716
1094
1332
1444
1465
1451
1431
1390
1320
1251
1216
1209
1218
1248
1309
1376
1425
1466
1508
1511
1435
1313
1214
1152
1086
1004
942
934
972
1035
1101
1131
1076
930
729
474
142
-238
-580
-854
-1094
-1310
-1453
-1493
-1461
-1377
-1212
-952
-650
-373
-128
89
247
327
380
449
510
550
619
739
844
885
903
956
1015
1023
992
983
1000
993
954
923
910
891
888
934
1000
1030
1033
1048
1058
1006
892
765
639
483
294
121
-3
-91
-160
-192
-177
-144
-118
-97
-84
-92
-116
-131
-143
-181
-252
-329
-391
-440
-480
-495
-472
-432
-403
-399
-417
-452
-490
-510
-502
-476
-439
-383
-313
-255
-220
-193
-158
-125
-116
-137
-182
-253
-356
-477
-604
-743
-906
-1076
-1223
-1344
-1454
-1557
-1630
-1668
-1696
-1739
-1796
-1863
-1949
-2047
-2140
-2237
-2371
-2534
-2657
-2672
-2552
-2287
-1859
-1278
-611
56
658
1140
1451
1583
1602
1583
1549
1492
1423
1358
1296
1244
1231
1263
1298
1316
1350
1421
1486
1490
1427
1331
1218
1090
968
883
825
780
778
841
928
972
954
878
720
466
164
-128
-408
-702
-987
-1201
-1324
-1393
-1418
-1360
-1204
-980
-709
-401
-102
122
260
354
431
482
522
593
704
816
903
985
1073
1133
1135
1108
1095
1088
1061
1015
967
922
887
883
913
950
978
1008
1045
1063
1031
958
869
758
598
400
202
28
-116
-216
-261
-261
-238
-201
-161
-143
-160
-195
-216
-227
-247
-277
-302
-326
-370
-422
-449
-445
-432
-416
-389
-364
-363
-387
-417
-441
-463
-475
-459
-417
-368
-318
-257
-197
-168
-170
-178
-189
-228
-301
-384
-461
-543
-642
-760
-902
-1062
-1220
-1351
-1452
-1534
-1592
-1617
-1622
-1643
-1693
-1761
-1851
-1982
-2146
-2306
-2447
-2578
-2678
-2680
-2528
-2202
-1714
-1092
-394
306
943
1467
1815
1941
1875
1724
1574
1428
1265
1120
1051
1069
1134
1208
1284
1359
1428
1490
1536
1532
1443
1285
1115
964
829
717
663
688
769
877
1002
1108
1117
970
700
381
36
-347
-742
-1080
-1313
-1443
-1481
-1442
-1348
-1211
-1011
-726
-400
-109
118
316
486
578
577
546
544
571
623
721
865
1019
1143
1233
1281
1270
1201
1122
1065
1015
961
934
962
1012
1044
1074
1123
1165
1159
1112
1039
930
768
561
339
120
-82
-241
-335
-374
-375
-336
-249
-152
-98
-100
-134
-188
-261
-339
-406
-458
-493
-507
-506
-502
-499
-484
-453
-417
-385
-357
-339
-347
-381
-416
-433
-436
-425
-383
-312
-243
-185
-123
-63
-42
-75
-134
-202
-296
-420
-537
-621
-697
-796
-899
-980
-1064
-1176
-1277
-1326
-1353
-1402
-1456
-1486
-1529
-1640
-1800
-1948
-2077
-2235
-2431
-2617
-2771
-2885
-2893
-2693
-2277
-1730
-1090
-343
450
1133
1599
1857
1949
1895
1735
1544
1364
1175
993
908
966
1086
1179
1259
1367
1475
1539
1563
1548
1459
1305
1160
1072
1003
913
839
846
931
1035
1107
1118
1027
815
530
215
-146
-549
-916
-1176
-1334
-1425
-1450
-1399
-1281
-1093
-829
-521
-233
3
200
357
433
411
348
316
337
406
531
691
827
928
1036
1146
1190
1158
1126
1135
1152
1145
1128
1114
1094
1084
1126
1209
1254
1219
1158
1108
1013
822
577
342
115
-101
-255
-323
-353
-367
-322
-203
-79
-24
-31
-52
-89
-167
-266
-343
-407
-490
-568
-600
-598
-607
-612
-571
-489
-409
-355
-323
-313
-338
-384
-421
-429
-424
-407
-359
-266
-158
-78
-35
-11
4
-3
-49
-130
-228
-330
-430
-526
-612
-689
-768
-837
-879
-907
-957
-1042
-1130
-1204
-1284
-1391
-1509
-1625
-1754
-1909
-2067
-2208
-2360
-2557
-2771
-2924
-2967
-2893
-2683
-2297
-1728
-1019
-232
556
1236
1701
1929
1988
1937
1776
1513
1231
1024
908
850
847
908
1019
1151
1309
1502
1686
1796
1819
1797
1736
1605
1422
1259
1145
1048
967
945
978
991
922
780
585
316
-27
-378
-671
-918
-1143
-1302
-1345
-1293
-1194
-1045
-831
-589
-357
-125
103
258
276
193
110
78
76
96
170
313
499
705
913
1082
1176
1224
1280
1346
1383
1375
1341
1298
1250
1207
1183
1179
1185
1187
1170
1115
1003
831
616
376
137
-66
-212
-301
-329
-286
-193
-102
-36
21
67
66
2
-106
-231
-356
-463
-538
-597
-671
-747
-771
-722
-644
-577
-504
-403
-311
-272
-280
-306
-347
-402
-435
-416
-354
-283
-212
-135
-67
-23
7
42
61
26
-59
-142
-204
-281
-393
-500
-551
-566
-596
-654
-711
-761
-824
-901
-986
-1095
-1247
-1418
-1560
-1682
-1829
-1999
-2129
-2200
-2282
-2425
-2590
-2740
-2887
-2988
-2911
-2577
-2049
-1420
-708
77
842
1458
1857
2023
1960
1731
1477
1279
1069
779
529
498
684
939
1186
1444
1713
1957
2164
2311
2322
2161
1917
1710
1543
1332
1078
880
784
735
704
711
709
598
371
112
-141
-417
-702
-933
-1082
-1171
-1208
-1177
-1083
-955
-786
-549
-281
-80
7
31
32
-11
-112
-205
-205
-77
156
424
649
813
971
1167
1365
1490
1514
1486
1465
1463
1443
1364
1242
1140
1111
1145
1179
1162
1095
997
876
731
571
390
181
-23
-161
-209
-198
-152
-78
0
54
79
74
10
-135
-320
-478
-588
-687
-796
-878
-898
-865
-803
-718
-617
-519
-425
-332
-268
-275
-336
-386
-393
-386
-394
-404
-385
-326
-234
-130
-40
20
50
70
83
64
-4
-106
-207
-288
-350
-398
-438
-474
-500
-512
-518
-540
-599
-706
-855
-1020
-1185
-1350
-1517
-1672
-1800
-1906
-2004
-2102
-2206
-2330
-2480
-2650
-2834
-3005
-3094
-3004
-2677
-2121
-1391
-555
313
1116
1748
2123
2208
2040
1725
1382
1064
768
509
359
380
577
911
1317
1713
2050
2331
2552
2651
2570
2336
2039
1743
1468
1220
1016
854
730
671
699
753
728
592
398
170
-104
-396
-643
-836
-999
-1109
-1120
-1046
-946
-825
-642
-408
-201
-79
-25
-29
-114
-260
-375
-391
-321
-183
33
304
557
759
943
1127
1274
1355
1395
1430
1453
1432
1369
1291
1215
1145
1100
1092
1097
1071
1006
920
822
688
508
309
134
6
-77
-118
-110
-60
3
56
93
99
38
-91
-243
-388
-543
-710
-840
-895
-894
-873
-832
-750
-636
-522
-424
-355
-331
-363
-421
-473
-520
-580
-624
-601
-504
-380
-266
-168
-77
10
84
124
120
85
35
-30
-101
-160
-214
-287
-359
-383
-368
-371
-413
-462
-513
-606
-748
-894
-1031
-1207
-1421
-1580
-1639
-1697
-1830
-1951
-1988
-2029
-2162
-2325
-2458
-2626
-2845
-2979
-2914
-2694
-2362
-1822
-1017
-112
662
1267
1765
2065
2026
1738
1415
1086
697
373
292
404
561
795
1198
1673
2023
2230
2408
2548
2515
2317
2114
1941
1666
1293
1007
872
775
687
715
844
906
834
702
529
233
-173
-529
-724
-823
-912
-946
-866
-739
-645
-555
-423
-311
-274
-269
-245
-250
-336
-454
-507
-468
-376
-240
-32
245
529
775
981
1147
1234
1232
1193
1172
1159
1120
1072
1056
1065
1057
1024
1004
1001
986
951
922
893
804
631
437
286
166
43
-47
-53
14
103
186
240
219
101
-60
-208
-356
-540
-730
-843
-850
-814
-798
-792
-754
-675
-576
-476
-396
-368
-401
-460
-508
-555
-623
-683
-668
-561
-414
-279
-149
-8
107
163
193
232
235
145
14
-69
-111
-174
-257
-309
-337
-380
-417
-408
-392
-445
-552
-627
-677
-809
-1042
-1258
-1387
-1491
-1609
-1686
-1714
-1772
-1891
-2013
-2129
-2306
-2559
-2807
-2980
-3087
-3107
-2928
-2463
-1762
-938
-50
836
1564
1986
2090
1951
1627
1179
715
345
117
46
141
398
782
1242
1736
2222
2636
2901
2977
2887
2691
2419
2073
1683
1327
1075
937
871
853
883
938
959
909
775
542
207
-153
-425
-591
-713
-804
-822
-770
-709
-657
-579
-481
-406
-363
-323
-304
-377
-546
-708
-768
-726
-607
-394
-94
226
521
795
1018
1134
1155
1160
1186
1194
1165
1123
1093
1076
1069
1072
1070
1052
1032
1030
1030
989
895
776
644
494
353
255
184
123
107
153
197
173
99
13
-99
-251
-412
-551
-683
-810
-882
-871
-832
-820
-802
-715
-591
-511
-480
-445
-414
-430
-479
-520
-567
-632
-666
-610
-493
-378
-274
-150
-16
80
125
160
201
219
197
163
139
104
38
-40
-99
-140
-178
-225
-282
-352
-425
-489
-533
-574
-654
-788
-939
-1069
-1197
-1362
-1539
-1662
-1728
-1793
-1881
-1974
-2080
-2230
-2413
-2589
-2756
-2941
-3108
-3146
-2971
-2580
-1982
-1173
-225
688
1434
1980
2280
2244
1889
1385
896
478
157
-9
13
201
534
1013
1579
2104
2506
2813
3054
3152
3041
2771
2433
2045
1621
1237
951
741
598
569
658
774
826
792
677
460
151
-162
-394
-556
-690
-770
-753
-685
-643
-627
-597
-563
-553
-549
-537
-558
-649
-764
-816
-780
-687
-533
-283
40
347
596
810
988
1085
1095
1083
1093
1095
1060
1019
1005
996
970
970
1027
1090
1103
1089
1093
1077
975
810
657
531
393
256
185
188
193
172
162
160
94
-49
-202
-343
-515
-706
-832
-865
-874
-899
-899
-839
-760
-710
-668
-603
-551
-546
-557
-554
-575
-645
-712
-721
-686
-622
-508
-344
-178
-42
76
179
248
274
268
248
222
201
193
179
131
64
22
9
-11
-38
-55
-89
-178
-277
-330
-378
-488
-631
-738
-815
-906
-1004
-1092
-1212
-1395
-1577
-1676
-1739
-1889
-2122
-2306
-2395
-2484
-2630
-2792
-2944
-3081
-3101
-2866
-2384
-1776
-1082
-255
643
1394
1818
1913
1765
1428
977
562
279
100
10
103
433
895
1353
1788
2236
2662
2981
3156
3191
3067
2774
2386
2008
1658
1294
960
775
780
880
968
1015
1013
926
723
434
111
-200
-443
-549
-520
-456
-449
-486
-506
-511
-551
-630
-708
-761
-802
-847
-894
-938
-966
-924
-757
-479
-169
115
358
548
671
732
748
722
672
646
682
767
862
945
1025
1106
1184
1248
1274
1240
1154
1069
1017
962
860
741
659
602
538
473
428
386
325
256
183
68
-113
-312
-469
-584
-691
-766
-760
-690
-633
-612
-592
-574
-599
-660
-702
-714
-739
-784
-810
-799
-779
-764
-721
-628
-511
-393
-261
-110
16
80
115
171
233
252
224
196
199
216
221
211
199
178
143
100
49
-30
-143
-249
-301
-313
-347
-418
-489
-540
-607
-713
-834
-946
-1071
-1230
-1396
-1537
-1678
-1850
-2014
-2099
-2125
-2170
-2265
-2382
-2518
-2698
-2878
-2950
-2840
-2542
-2041
-1306
-403
467
1137
1583
1819
1792
1479
1006
548
188
-54
-129
5
299
668
1105
1629
2156
2541
2765
2917
3004
2933
2690
2379
2063
1720
1370
1107
970
896
848
873
975
1038
961
788
604
396
151
-47
-133
-170
-240
-322
-375
-444
-584
-746
-832
-843
-853
-884
-893
-880
-891
-910
-864
-735
-564
-359
-111
128
280
350
406
478
528
539
555
620
724
830
918
983
1024
1058
1115
1177
1195
1154
1099
1069
1050
1004
918
809
708
637
595
563
516
447
365
283
197
93
-38
-188
-323
-408
-447
-477
-532
-595
-630
-634
-637
-660
-699
-742
-779
-797
-791
-786
-804
-824
-796
-714
-631
-573
-495
-363
-215
-103
-27
43
107
141
162
201
247
267
272
297
323
299
241
204
190
157
107
72
48
0
-64
-103
-121
-166
-248
-321
-378
-466
-599
-736
-877
-1056
-1241
-1367
-1461
-1608
-1794
-1919
-1966
-2020
-2122
-2220
-2292
-2400
-2575
-2749
-2866
-2941
-2927
-2668
-2092
-1326
-523
279
1033
1580
1793
1711
1444
1041
556
135
-79
-91
10
220
605
1132
1667
2129
2522
2821
2969
2974
2894
2734
2453
2079
1726
1457
1227
999
832
806
899
1018
1097
1114
1034
844
594
356
143
-70
-259
-370
-419
-493
-629
-762
-836
-870
-893
-895
-878
-893
-963
-1029
-1019
-945
-848
-704
-475
-209
6
153
268
351
389
424
497
578
623
658
742
863
954
992
1030
1088
1130
1138
1146
1165
1168
1157
1156
1136
1039
881
740
651
582
512
457
426
390
316
209
91
-32
-156
-263
-335
-384
-437
-505
-582
-652
-700
-724
-740
-760
-777
-789
-803
-813
-810
-808
-822
-820
-757
-648
-546
-466
-373
-246
-106
16
113
187
225
223
204
189
169
131
93
84
107
147
183
191
171
160
181
208
206
168
101
4
-103
-193
-273
-378
-502
-597
-654
-738
-900
-1106
-1282
-1415
-1539
-1657
-1749
-1831
-1936
-2050
-2150
-2258
-2407
-2581
-2749
-2911
-3052
-3104
-2976
-2620
-2039
-1275
-410
424
1086
1483
1585
1413
1038
593
208
-45
-141
-68
163
506
916
1375
1855
2287
2610
2808
2898
2881
2743
2491
2177
1871
1617
1415
1256
1139
1070
1053
1088
1160
1220
1205
1099
935
748
533
288
52
-132
-269
-398
-531
-655
-780
-929
-1064
-1119
-1092
-1040
-992
-940
-896
-874
-849
-785
-693
-596
-477
-309
-119
31
117
176
241
312
394
504
624
718
793
875
955
1006
1048
1110
1172
1202
1213
1218
1193
1118
1020
937
872
810
758
724
689
632
576
547
515
444
347
258
159
21
-120
-225
-314
-421
-526
-591
-626
-667
-722
-773
-815
-845
-854
-841
-834
-859
-890
-870
-786
-685
-600
-517
-405
-266
-130
-31
23
43
53
67
83
85
59
20
9
53
120
166
196
244
303
344
375
403
388
308
213
145
59
-101
-298
-452
-547
-634
-723
-778
-817
-897
-993
-1041
-1087
-1237
-1451
-1595
-1670
-1792
-1973
-2112
-2190
-2291
-2438
-2571
-2690
-2867
-3072
-3142
-2984
-2673
-2253
-1638
-822
6
673
1167
1469
1468
1154
714
319
-23
-320
-450
-289
115
629
1200
1820
2386
2776
3008
3156
3173
2974
2628
2301
2050
1804
1543
1343
1250
1231
1261
1366
1519
1613
1581
1469
1328
1117
791
413
91
-143
-318
-443
-516
-583
-698
-822
-880
-890
-942
-1049
-1133
-1162
-1182
-1216
-1225
-1183
-1100
-966
-748
-483
-276
-159
-47
98
197
207
208
251
287
299
364
512
673
817
1004
1243
1423
1463
1422
1376
1291
1129
981
943
952
922
910
979
1042
1006
942
941
945
863
728
619
519
359
173
45
-45
-178
-332
-410
-433
-508
-623
-671
-641
-629
-672
-714
-739
-784
-851
-884
-858
-808
-758
-680
-562
-450
-388
-348
-282
-196
-126
-78
-36
-3
6
-5
-14
-2
28
64
109
177
254
301
311
320
346
356
334
301
257
173
66
-20
-91
-202
-349
-455
-491
-523
-607
-697
-742
-782
-872
-982
-1086
-1252
-1516
-1773
-1931
-2063
-2266
-2484
-2614
-2681
-2786
-2930
-3022
-3025
-2954
-2753
-2321
-1685
-1012
-415
124
599
886
891
672
363
66
-161
-268
-232
-73
181
532
996
1539
2054
2450
2735
2970
3147
3178
3011
2711
2387
2095
1839
1640
1534
1512
1536
1607
1732
1826
1767
1548
1280
1033
791
556
371
249
154
60
-45
-204
-460
-773
-1038
-1194
-1272
-1317
-1321
-1288
-1250
-1214
-1152
-1078
-1032
-983
-850
-643
-467
-370
-304
-231
-192
-213
-242
-225
-175
-108
30
275
558
782
951
1115
1252
1302
1271
1237
1232
1223
1194
1176
1172
1136
1053
989
998
1045
1071
1082
1110
1130
1083
959
801
636
463
308
207
135
31
-104
-216
-302
-406
-533
-631
-672
-686
-696
-685
-661
-670
-721
-753
-739
-735
-769
-781
-731
-660
-602
-527
-426
-346
-304
-251
-172
-118
-121
-130
-89
-25
13
39
84
118
124
149
214
252
226
209
251
285
244
166
109
52
-50
-162
-231
-283
-370
-452
-454
-410
-427
-517
-610
-695
-840
-1056
-1286
-1501
-1718
-1939
-2125
-2255
-2355
-2466
-2591
-2699
-2778
-2853
-2934
-2971
-2867
-2557
-2061
-1444
-757
-49
553
898
944
764
415
-79
-594
-920
-963
-796
-484
11
693
1422
2042
2536
2946
3207
3214
3008
2738
2451
2102
1731
1483
1422
1463
1527
1634
1812
2005
2127
2162
2134
2021
1766
1393
996
641
324
42
-158
-237
-238
-255
-340
-475
-634
-815
-1007
-1162
-1245
-1277
-1292
-1273
-1197
-1093
-1013
-955
-881
-778
-669
-572
-492
-441
-416
-392
-344
-290
-252
-203
-88
100
322
557
794
984
1082
1115
1129
1104
1006
890
862
938
1042
1123
1197
1272
1310
1299
1285
1283
1243
1140
1037
986
941
832
667
503
370
257
143
21
-102
-207
-274
-304
-323
-371
-465
-583
-677
-719
-718
-717
-725
-705
-631
-556
-556
-630
-709
-746
-732
-667
-561
-457
-394
-357
-303
-238
-208
-223
-224
-160
-48
52
104
112
99
98
130
177
196
179
163
177
202
198
142
46
-53
-126
-170
-211
-274
-346
-384
-374
-367
-432
-592
-809
-1029
-1231
-1425
-1620
-1810
-1977
-2105
-2197
-2273
-2366
-2490
-2619
-2708
-2742
-2757
-2786
-2794
-2683
-2386
-1918
-1354
-752
-157
361
707
821
709
418
8
-405
-658
-658
-458
-150
279
875
1549
2124
2522
2801
2987
3017
2876
2667
2458
2189
1838
1552
1454
1458
1430
1423
1572
1833
2035
2118
2138
2082
1857
1472
1065
710
348
-33
-308
-406
-439
-530
-660
-771
-875
-994
-1090
-1128
-1133
-1133
-1115
-1061
-1004
-992
-1011
-1015
-983
-918
-816
-690
-581
-505
-432
-348
-287
-260
-224
-139
-7
159
355
557
726
839
902
930
932
913
891
899
958
1064
1185
1279
1323
1329
1310
1259
1182
1117
1086
1061
1018
986
976
930
810
658
533
429
310
183
79
-15
-134
-269
-380
-461
-549
-642
-688
-670
-627
-598
-590
-600
-625
-646
-659
-677
-698
-701
-676
-636
-593
-549
-519
-517
-521
-479
-382
-291
-243
-199
-115
-24
15
16
20
23
10
12
59
113
121
101
117
181
236
240
211
183
157
110
35
-64
-186
-316
-421
-493
-554
-636
-753
-889
-1017
-1142
-1302
-1528
-1792
-2032
-2215
-2343
-2426
-2463
-2466
-2456
-2459
-2502
-2609
-2782
-2951
-2994
-2809
-2375
-1734
-963
-156
564
1067
1256
1095
633
12
-584
-1002
-1151
-1009
-602
10
747
1509
2171
2637
2887
2960
2906
2762
2563
2342
2120
1914
1755
1665
1625
1593
1580
1644
1801
1989
2143
2237
2245
2121
1866
1538
1181
801
432
146
-22
-124
-243
-401
-570
-734
-884
-987
-1012
-981
-934
-880
-820
-793
-844
-960
-1083
-1167
-1198
-1174
-1103
-1012
-923
-831
-721
-597
-480
-374
-253
-97
80
247
385
490
563
612
647
679
711
746
795
882
1016
1169
1292
1367
1411
1438
1439
1414
1381
1346
1307
1266
1227
1170
1073
943
814
707
624
557
502
440
354
255
167
76
-50
-193
-297
-357
-422
-504
-563
-590
-620
-653
-645
-594
-557
-568
-586
-576
-566
-596
-648
-676
-679
-684
-686
-667
-633
-591
-527
-437
-336
-236
-143
-79
-54
-38
-9
13
-1
-23
-7
37
57
52
75
139
188
196
201
217
183
65
-83
-199
-291
-389
-480
-539
-574
-627
-734
-890
-1056
-1216
-1390
-1582
-1750
-1862
-1959
-2099
-2260
-2358
-2382
-2415
-2494
-2532
-2491
-2477
-2538
-2534
-2335
-2012
-1654
-1186
-542
109
519
652
626
450
48
-472
-830
-908
-816
-588
-96
633
1342
1867
2291
2680
2910
2887
2726
2570
2392
2122
1852
1723
1691
1630
1571
1646
1836
2007
2125
2261
2407
2455
2352
2141
1844
1437
948
500
184
-25
-188
-300
-346
-370
-433
-535
-642
-736
-809
-840
-825
-808
-848
-956
-1085
-1194
-1277
-1337
-1356
-1316
-1227
-1113
-993
-880
-787
-710
-612
-461
-273
-96
51
182
309
424
509
559
580
589
610
668
765
887
1030
1203
1397
1577
1706
1762
1733
1638
1528
1445
1376
1290
1193
1116
1057
988
905
837
799
775
753
734
689
567
355
110
-104
-280
-425
-526
-564
-556
-531
-507
-495
-504
-533
-564
-583
-602
-641
-704
-779
-851
-905
-924
-908
-875
-832
-765
-669
-567
-482
-413
-342
-272
-222
-199
-192
-183
-166
-135
-74
31
155
245
280
286
290
277
235
197
200
224
210
143
62
-22
-137
-271
-347
-336
-311
-341
-407
-473
-577
-762
-990
-1185
-1351
-1543
-1758
-1937
-2075
-2228
-2396
-2502
-2523
-2531
-2583
-2654
-2705
-2746
-2765
-2678
-2406
-1971
-1451
-892
-336
109
328
311
141
-112
-403
-654
-764
-692
-469
-122
357
932
1505
1997
2399
2705
2865
2854
2735
2585
2423
2255
2120
2050
2009
1944
1876
1872
1935
2018
2118
2262
2402
2426
2285
2023
1680
1263
817
445
205
47
-97
-222
-309
-404
-549
-702
-790
-819
-842
-877
-916
-973
-1077
-1205
-1304
-1351
-1357
-1330
-1259
-1164
-1081
-1026
-984
-947
-915
-861
-759
-633
-511
-369
-164
85
319
509
670
792
829
777
706
677
691
746
884
1123
1383
1559
1634
1666
1683
1663
1606
1560
1555
1553
1501
1395
1261
1106
930
772
692
700
732
727
674
596
490
334
132
-69
-225
-331
-402
-450
-482
-515
-558
-601
-635
-668
-717
-784
-854
-903
-917
-902
-880
-870
-865
-841
-802
-790
-818
-836
-795
-716
-645
-582
-501
-425
-399
-404
-363
-260
-171
-130
-73
45
152
165
126
132
193
240
258
295
349
341
235
101
8
-71
-180
-284
-318
-296
-295
-358
-453
-546
-644
-773
-930
-1091
-1252
-1439
-1658
-1870
-2029
-2137
-2222
-2299
-2354
-2396
-2476
-2630
-2810
-2918
-2889
-2705
-2352
-1820
-1161
-497
42
383
507
411
120
-282
-659
-896
-948
-821
-523
-60
515
1107
1642
2102
2481
2742
2849
2830
2745
2613
2411
2159
1927
1756
1633
1556
1567
1687
1882
2107
2336
2529
2616
2544
2314
1967
1545
1098
692
367
117
-62
-166
-236
-339
-477
-584
-635
-663
-677
-648
-599
-614
-727
-877
-1013
-1166
-1347
-1467
-1446
-1342
-1256
-1183
-1071
-959
-908
-873
-767
-605
-462
-331
-144
91
276
367
425
487
512
481
457
484
533
591
712
920
1151
1338
1482
1608
1699
1722
1685
1618
1526
1409
1293
1207
1133
1042
951
901
892
885
861
827
781
703
596
483
364
211
28
-128
-224
-287
-357
-421
-440
-428
-434
-478
-540
-615
-724
-848
-931
-958
-977
-1012
-1028
-992
-936
-906
-900
-883
-841
-796
-755
-713
-677
-660
-643
-595
-519
-438
-359
-277
-190
-93
9
92
134
155
187
224
232
201
161
137
123
117
131
152
136
76
19
-25
-108
-241
-359
-426
-482
-549
-604
-651
-744
-888
-1017
-1100
-1210
-1394
-1566
-1642
-1684
-1789
-1922
-2010
-2106
-2298
-2525
-2665
-2722
-2763
-2715
-2415
-1859
-1230
-656
-111
390
685
668
437
130
-235
-628
-887
-869
-619
-270
154
706
1328
1864
2238
2503
2700
2784
2736
2617
2467
2251
1962
1688
1518
1441
1406
1425
1558
1791
2031
2204
2293
2283
2140
1873
1549
1217
865
498
186
-6
-114
-213
-320
-401
-453
-507
-557
-578
-577
-592
-618
-620
-612
-666
-807
-971
-1094
-1176
-1221
-1197
-1101
-985
-881
-772
-660
-596
-592
-568
-439
-219
23
260
493
669
722
671
595
519
432
378
443
639
868
1047
1185
1316
1422
1466
1469
1479
1493
1467
1396
1316
1236
1123
964
815
733
710
693
660
633
621
594
530
446
359
258
130
-2
-111
-197
-282
-359
-406
-421
-421
-428
-452
-502
-572
-643
-703
-757
-806
-836
-839
-836
-847
-860
-856
-849
-854
-847
-799
-729
-677
-652
-630
-602
-571
-535
-476
-387
-281
-179
-90
-26
8
20
17
0
-14
9
63
94
77
58
66
64
21
-23
-16
6
-23
-95
-151
-197
-302
-461
-578
-616
-647
-730
-821
-868
-909
-998
-1122
-1226
-1305
-1404
-1530
-1636
-1699
-1758
-1849
-1960
-2058
-2158
-2295
-2460
-2576
-2559
-2366
-1998
-1466
-804
-109
482
861
987
857
495
-2
-484
-822
-962
-885
-594
-131
427
1006
1559
2035
2375
2563
2639
2623
2483
2220
1921
1666
1446
1247
1124
1121
1189
1267
1383
1591
1840
2015
2086
2102
2057
1861
1494
1066
676
328
21
-185
-258
-268
-298
-344
-354
-330
-319
-327
-308
-253
-219
-261
-378
-549
-755
-969
-1138
-1217
-1204
-1129
-1021
-895
-759
-637
-547
-481
-399
-279
-128
29
168
275
333
338
306
263
228
210
227
302
437
608
783
943
1080
1188
1256
1284
1275
1238
1179
1106
1028
953
878
799
724
671
647
640
636
632
623
598
550
482
403
312
211
111
26
-44
-107
-165
-215
-256
-293
-320
-335
-348
-366
-390
-421
-470
-538
-609
-677
-744
-798
-816
-800
-773
-745
-704
-652
-607
-577
-544
-504
-482
-489
-492
-467
-441
-432
-407
-341
-265
-209
-153
-74
-3
30
45
83
123
117
68
20
-17
-75
-147
-184
-175
-160
-153
-137
-116
-125
-175
-244
-309
-364
-413
-467
-540
-634
-742
-862
-995
-1135
-1248
-1328
-1411
-1514
-1599
-1641
-1690
-1775
-1841
-1850
-1873
-1985
-2144
-2267
-2336
-2359
-2257
-1918
-1366
-752
-183
319
677
742
490
75
-349
-730
-1014
-1080
-868
-464
14
535
1098
1624
2007
2238
2369
2400
2285
2047
1776
1526
1309
1153
1105
1165
1284
1421
1567
1727
1885
2016
2100
2119
2052
1881
1603
1240
841
480
213
59
14
61
144
185
150
70
-18
-110
-198
-243
-233
-223
-282
-419
-595
-788
-984
-1127
-1141
-1029
-869
-717
-577
-458
-403
-425
-456
-425
-339
-244
-146
-29
75
111
88
74
107
158
211
301
446
594
694
763
846
933
981
992
1005
1021
1000
942
894
882
882
872
871
892
897
850
769
696
640
591
554
540
528
486
410
317
218
112
18
-27
-19
6
14
-1
-39
-111
-209
-298
-358
-401
-446
-483
-495
-497
-528
-586
-628
-627
-605
-597
-592
-576
-564
-577
-587
-554
-493
-454
-442
-415
-367
-341
-363
-387
-359
-286
-202
-115
-24
40
49
25
6
-8
-36
-74
-93
-88
-78
-82
-109
-154
-201
-225
-221
-216
-236
-268
-284
-292
-316
-359
-419
-511
-639
-774
-887
-992
-1104
-1201
-1259
-1284
-1314
-1380
-1489
-1622
-1741
-1807
-1814
-1802
-1811
-1845
-1908
-2026
-2187
-2301
-2278
-2079
-1681
-1061
-291
438
940
1151
1093
779
243
-373
-866
-1114
-1102
-835
-332
305
919
1434
1861
2192
2382
2420
2354
2220
2028
1797
1559
1328
1109
943
901
991
1152
1351
1606
1890
2115
2233
2256
2166
1911
1510
1079
709
395
122
-60
-106
-65
-29
-22
-20
-30
-68
-97
-62
17
67
46
-44
-206
-445
-728
-993
-1182
-1259
-1201
-1020
-779
-565
-421
-334
-294
-295
-302
-268
-190
-99
-13
68
130
137
90
42
51
131
259
419
595
760
884
961
995
992
960
921
898
897
910
920
908
868
821
795
795
797
787
777
782
785
759
700
629
550
462
381
330
304
268
208
154
132
120
84
21
-39
-83
-121
-167
-222
-287
-363
-440
-496
-526
-545
-566
-586
-591
-574
-542
-512
-504
-516
-524
-513
-500
-507
-525
-525
-495
-446
-395
-344
-297
-265
-244
-214
-168
-130
-123
-135
-139
-124
-112
-123
-146
-157
-144
-122
-109
-104
-101
-106
-124
-151
-180
-224
-295
-372
-417
-417
-406
-410
-426
-440
-472
-548
-663
-797
-937
-1073
-1176
-1236
-1281
-1347
-1431
-1505
-1558
-1600
-1628
-1626
-1602
-1595
-1641
-1747
-1912
-2114
-2279
-2292
-2070
-1614
-993
-298
366
881
1132
1064
716
196
-361
-826
-1090
-1089
-826
-368
201
815
1411
1907
2228
2364
2369
2288
2118
1861
1571
1308
1091
924
836
858
973
1139
1346
1608
1903
2150
2279
2278
2156
1914
1560
1146
742
405
169
50
35
78
122
134
117
94
83
92
113
130
121
63
-56
-248
-500
-771
-998
-1122
-1120
-1013
-843
-657
-494
-388
-351
-363
-387
-406
-412
-384
-304
-201
-134
-128
-150
-155
-126
-66
36
189
367
531
669
786
865
875
817
736
682
668
681
702
735
791
864
925
948
933
896
849
801
772
775
788
768
706
646
609
554
441
307
223
208
227
253
285
304
273
188
93
21
-56
-164
-273
-327
-329
-334
-378
-437
-472
-479
-472
-459
-438
-424
-437
-464
-470
-454
-462
-518
-579
-593
-560
-520
-490
-456
-413
-381
-363
-335
-301
-298
-330
-341
-302
-255
-253
-281
-296
-297
-314
-341
-343
-323
-316
-318
-283
-212
-172
-204
-267
-304
-321
-355
-398
-420
-422
-443
-494
-545
-583
-639
-733
-832
-890
-911
-934
-978
-1026
-1069
-1139
-1269
-1442
-1601
-1716
-1790
-1811
-1747
-1616
-1502
-1483
-1547
-1636
-1711
-1743
-1660
-1382
-915
-363
167
615
903
930
672
242
-203
-568
-794
-807
-562
-123
384
884
1357
1748
1976
2037
2016
1962
1846
1649
1426
1243
1102
986
929
971
1088
1217
1348
1528
1754
1946
2031
2010
1909
1720
1418
1033
653
350
141
25
22
126
260
327
313
276
246
186
79
-16
-46
-54
-125
-272
-443
-621
-819
-985
-1015
-891
-708
-548
-406
-273
-206
-253
-363
-441
-464
-463
-431
-342
-231
-165
-146
-112
-42
29
84
157
270
389
475
532
576
594
578
558
577
633
693
742
790
840
874
871
832
781
739
699
653
619
626
664
696
713
737
762
739
645
535
471
437
386
335
329
337
289
190
114
78
31
-47
-98
-91
-83
-130
-201
-241
-272
-337
-415
-451
-454
-470
-501
-512
-499
-497
-519
-536
-522
-485
-448
-416
-389
-379
-387
-401
-414
-429
-443
-453
-460
-459
-439
-403
-372
-348
-317
-278
-260
-276
-305
-319
-317
-300
-256
-195
-164
-192
-243
-268
-286
-330
-374
-374
-347
-338
-348
-347
-352
-407
-503
-578
-613
-666
-766
-864
-916
-952
-1018
-1105
-1186
-1266
-1356
-1435
-1482
-1505
-1530
-1556
-1570
-1577
-1604
-1677
-1792
-1906
-1936
-1796
-1460
-969
-388
215
727
1006
974
660
152
-435
-945
-1210
-1150
-818
-325
253
855
1389
1761
1958
2024
1990
1878
1735
1596
1444
1247
1038
883
818
834
930
1114
1367
1638
1890
2099
2229
2230
2102
1892
1633
1322
972
636
370
210
169
230
334
422
468
474
447
394
338
295
249
171
56
-91
-296
-569
-842
-1010
-1046
-992
-873
-692
-497
-371
-341
-354
-374
-414
-469
-475
-396
-299
-261
-278
-305
-344
-406
-442
-390
-253
-85
86
257
408
500
527
528
533
538
536
532
529
527
539
577
627
671
714
758
788
796
803
821
832
814
785
774
769
733
667
605
562
520
491
500
534
547
527
497
457
383
276
174
103
50
2
-27
-43
-88
-177
-263
-301
-312
-332
-352
-343
-319
-324
-367
-415
-445
-472
-505
-522
-505
-479
-482
-513
-535
-528
-522
-541
-564
-543
-471
-396
-361
-353
-347
-353
-388
-427
-436
-437
-470
-522
-536
-490
-424
-375
-321
-239
-157
-118
-123
-152
-204
-272
-323
-341
-354
-399
-464
-514
-544
-570
-595
-604
-604
-614
-630
-634
-647
-715
-843
-977
-1077
-1158
-1249
-1348
-1428
-1479
-1510
-1529
-1537
-1543
-1565
-1609
-1653
-1666
-1637
-1568
-1445
-1219
-854
-378
99
461
640
610
374
-14
-445
-798
-1000
-1013
-811
-395
163
738
1226
1581
1794
1870
1829
1712
1554
1369
1184
1033
932
872
851
886
999
1185
1430
1709
1976
2170
2251
2216
2084
1857
1544
1184
842
566
382
303
329
428
553
657
717
722
671
576
464
363
274
177
49
-118
-314
-517
-692
-803
-829
-773
-663
-531
-410
-331
-323
-382
-474
-557
-609
-620
-584
-512
-439
-404
-414
-445
-472
-486
-467
-387
-250
-97
31
129
205
257
283
302
333
367
388
400
423
461
496
522
552
599
649
685
702
708
700
684
681
716
771
806
799
775
761
743
694
625
576
554
540
537
556
573
537
450
384
382
397
365
293
232
178
90
-24
-118
-189
-275
-364
-394
-358
-329
-351
-381
-369
-340
-345
-383
-422
-467
-539
-611
-652
-684
-744
-813
-836
-795
-723
-644
-561
-481
-432
-417
-418
-432
-481
-564
-639
-682
-704
-713
-702
-667
-618
-557
-479
-392
-312
-248
-199
-167
-159
-177
-221
-304
-427
-547
-617
-642
-658
-669
-648
-602
-562
-529
-484
-445
-472
-578
-697
-781
-859
-981
-1124
-1227
-1281
-1324
-1370
-1400
-1414
-1433
-1454
-1450
-1425
-1428
-1486
-1545
-1500
-1281
-909
-459
-9
382
655
744
609
263
-222
-730
-1121
-1261
-1088
-662
-111
461
1000
1446
1731
1830
1773
1608
1385
1165
994
862
722
579
519
606
813
1077
1378
1692
1945
2075
2101
2066
1951
1711
1385
1080
854
675
514
412
412
486
584
692
806
883
869
763
619
488
372
239
74
-92
-219
-307
-384
-454
-495
-493
-458
-403
-320
-232
-212
-306
-455
-556
-578
-557
-512
-436
-352
-299
-281
-277
-301
-379
-472
-492
-405
-274
-157
-40
88
188
247
315
419
502
516
502
522
556
536
464
415
428
468
502
552
635
719
772
804
846
899
941
952
935
908
865
784
667
566
527
539
554
558
577
610
616
570
507
452
378
269
172
128
100
41
-27
-61
-84
-140
-209
-237
-237
-269
-336
-375
-379
-409
-471
-497
-462
-438
-474
-516
-513
-502
-537
-591
-604
-580
-576
-598
-598
-569
-556
-576
-593
-584
-567
-561
-556
-537
-498
-446
-395
-360
-347
-350
-360
-374
-383
-371
-331
-288
-269
-269
-271
-277
-301
-327
-335
-340
-364
-401
-427
-442
-460
-483
-498
-515
-559
-628
-685
-721
-775
-866
-960
-1016
-1044
-1069
-1085
-1075
-1066
-1105
-1198
-1299
-1382
-1484
-1636
-1796
-1880
-1848
-1715
-1478
-1097
-577
-12
482
837
1012
934
554
-45
-662
-1127
-1378
-1391
-1132
-628
-9
587
1108
1538
1823
1919
1870
1767
1639
1448
1193
936
714
524
406
444
667
1002
1368
1746
2108
2363
2424
2301
2072
1782
1437
1078
780
577
445
377
401
526
693
824
884
892
865
792
660
490
329
197
80
-46
-185
-328
-473
-609
-687
-662
-553
-439
-372
-341
-334
-375
-475
-591
-664
-680
-645
-558
-431
-324
-306
-369
-445
-495
-527
-531
-471
-347
-215
-117
-38
42
111
156
208
304
427
524
573
597
608
593
552
518
526
572
628
676
721
771
820
860
900
958
1033
1096
1113
1074
992
886
773
680
632
629
641
644
639
632
609
557
489
436
417
426
436
412
323
168
-8
-156
-264
-353
-431
-472
-461
-412
-360
-328
-323
-352
-404
-450
-464
-466
-504
-594
-697
-763
-791
-810
-829
-820
-763
-677
-597
-540
-500
-482
-497
-539
-580
-608
-642
-697
-744
-734
-659
-557
-470
-395
-317
-245
-204
-190
-179
-159
-155
-186
-234
-279
-329
-402
-482
-534
-542
-520
-478
-415
-347
-304
-298
-313
-349
-434
-568
-706
-803
-860
-894
-900
-883
-891
-959
-1055
-1116
-1153
-1234
-1362
-1468
-1518
-1572
-1676
-1781
-1810
-1740
-1578
-1282
-818
-250
274
652
862
870
615
107
-511
-1052
-1388
-1470
-1289
-875
-317
275
825
1288
1619
1791
1825
1771
1653
1469
1233
980
740
538
418
430
575
807
1086
1410
1763
2075
2270
2328
2272
2112
1847
1502
1137
812
560
403
358
420
549
691
800
850
833
767
675
578
489
421
363
273
110
-116
-347
-535
-667
-729
-691
-559
-407
-317
-314
-370
-463
-585
-703
-763
-742
-666
-574
-484
-414
-392
-429
-497
-546
-552
-516
-451
-374
-294
-208
-116
-28
42
104
187
299
419
519
599
663
700
704
685
661
627
583
552
566
630
721
819
919
1016
1099
1148
1154
1117
1058
1006
972
937
886
827
775
728
676
623
579
542
506
486
496
521
516
459
369
273
178
78
-22
-117
-207
-294
-378
-458
-524
-568
-585
-583
-571
-546
-511
-482
-479
-500
-531
-569
-625
-687
-727
-740
-757
-794
-835
-857
-865
-874
-873
-845
-786
-712
-636
-562
-500
-461
-446
-442
-436
-428
-426
-434
-453
-472
-474
-445
-389
-313
-232
-163
-125
-118
-128
-140
-150
-167
-200
-246
-296
-337
-363
-387
-416
-445
-458
-457
-461
-477
-501
-536
-590
-654
-705
-741
-793
-882
-991
-1091
-1188
-1307
-1436
-1527
-1555
-1540
-1517
-1502
-1500
-1514
-1524
-1470
-1284
-951
-522
-72
343
658
782
641
257
-250
-742
-1115
-1284
-1193
-848
-343
214
768
1283
1676
1861
1851
1744
1606
1439
1255
1096
963
819
681
642
756
965
1192
1446
1751
2043
2227
2293
2272
2136
1844
1467
1138
905
712
548
491
575
714
811
864
890
850
714
542
416
335
242
124
10
-87
-192
-322
-457
-567
-633
-643
-603
-549
-515
-511
-542
-627
-760
-883
-946
-951
-910
-808
-646
-485
-400
-401
-446
-504
-573
-628
-627
-561
-460
-335
-178
-7
132
231
314
392
454
512
589
674
721
712
686
682
688
682
690
744
835
935
1036
1144
1239
1293
1294
1256
1198
1132
1056
967
874
804
779
787
796
799
813
830
809
737
654
591
522
417
300
208
135
38
-82
-189
-262
-324
-382
-405
-371
-317
-304
-346
-416
-494
-582
-678
-761
-813
-841
-863
-876
-861
-821
-786
-771
-759
-740
-735
-756
-789
-811
-825
-846
-857
-834
-781
-725
-670
-600
-525
-478
-461
-435
-391
-362
-364
-366
-341
-311
-299
-285
-231
-142
-51
26
93
131
107
21
-92
-196
-281
-345
-391
-418
-419
-396
-370
-361
-356
-334
-307
-320
-387
-469
-535
-604
-700
-807
-898
-1001
-1135
-1262
-1328
-1349
-1382
-1437
-1489
-1538
-1609
-1695
-1744
-1709
-1566
-1283
-849
-333
140
484
668
653
397
-56
-572
-1017
-1312
-1391
-1207
-795
-281
220
675
1080
1397
1592
1687
1717
1677
1552
1361
1125
852
583
413
408
554
806
1150
1558
1945
2226
2386
2444
2365
2113
1749
1391
1090
828
626
540
563
630
706
804
912
962
921
830
734
622
480
338
206
43
-168
-365
-488
-555
-609
-638
-601
-518
-464
-476
-539
-639
-776
-916
-981
-941
-853
-786
-748
-709
-661
-634
-647
-683
-707
-699
-662
-595
-504
-413
-342
-278
-178
-29
130
254
341
417
486
529
547
568
600
629
667
753
886
1006
1066
1086
1106
1112
1077
1015
974
963
961
975
1044
1165
1272
1309
1285
1237
1169
1065
939
822
723
623
517
428
361
292
197
101
53
67
107
135
134
99
14
-134
-320
-503
-663
-793
-870
-866
-799
-732
-706
-710
-717
-724
-739
-760
-780
-809
-855
-901
-932
-956
-985
-1003
-989
-949
-902
-851
-796
-751
-728
-709
-674
-633
-607
-585
-539
-467
-395
-334
-269
-200
-144
-98
-47
2
20
3
-22
-44
-67
-81
-62
-12
30
43
46
59
60
32
-2
-19
-38
-94
-189
-291
-380
-445
-477
-477
-457
-438
-439
-479
-554
-641
-727
-833
-982
-1147
-1263
-1325
-1394
-1497
-1578
-1599
-1601
-1624
-1642
-1622
-1593
-1585
-1534
-1349
-1035
-691
-363
-26
292
486
482
304
-6
-411
-816
-1065
-1068
-871
-555
-144
357
872
1297
1606
1829
1952
1941
1823
1664
1481
1241
963
741
654
707
865
1105
1414
1749
2056
2290
2423
2429
2309
2090
1808
1497
1203
961
770
626
551
570
655
735
776
793
793
745
630
489
360
224
56
-121
-265
-393
-543
-701
-807
-844
-846
-840
-813
-771
-760
-804
-869
-912
-939
-973
-998
-980
-924
-863
-814
-763
-708
-671
-654
-629
-576
-506
-438
-366
-272
-152
-18
125
270
403
504
578
643
706
760
803
843
889
937
981
1020
1057
1093
1127
1169
1223
1283
1334
1367
1383
1380
1356
1306
1224
1119
1018
953
928
921
916
912
910
889
825
721
594
453
302
160
52
-23
-99
-189
-274
-331
-369
-416
-484
-555
-608
-634
-637
-643
-681
-763
-870
-977
-1070
-1133
-1159
-1154
-1137
-1115
-1071
-1003
-946
-934
-950
-952
-933
-920
-919
-902
-858
-801
-740
-661
-569
-499
-472
-461
-429
-379
-334
-287
-223
-152
-92
-29
57
154
224
259
284
312
320
297
264
244
225
191
155
143
156
177
195
214
233
236
204
131
34
-67
-161
-248
-333
-411
-481
-553
-635
-712
-760
-787
-828
-899
-984
-1072
-1176
-1306
-1446
-1577
-1703
-1823
-1910
-1938
-1925
-1911
-1895
-1835
-1705
-1513
-1259
-924
-525
-128
186
369
389
212
-165
-659
-1115
-1400
-1458
-1288
-898
-329
329
956
1460
1810
2000
2028
1916
1731
1542
1361
1163
954
788
712
728
836
1058
1400
1811
2212
2549
2787
2874
2767
2494
2133
1744
1350
992
735
608
577
609
698
837
971
1041
1045
1008
927
780
580
371
170
-37
-258
-474
-658
-801
-902
-956
-953
-899
-816
-738
-700
-720
-788
-884
-993
-1092
-1146
-1141
-1101
-1056
-1013
-971
-945
-944
-947
-918
-849
-748
-617
-454
-282
-133
-7
119
241
338
417
509
610
678
696
692
688
676
663
692
793
941
1092
1237
1382
1497
1548
1550
1534
1500
1433
1342
1250
1155
1048
954
913
928
963
996
1040
1082
1074
994
867
717
537
330
136
-8
-107
-188
-256
-296
-310
-321
-335
-343
-352
-384
-443
-528
-641
-787
-944
-1076
-1161
-1201
-1198
-1156
-1095
-1049
-1033
-1025
-1006
-982
-966
-951
-927
-900
-883
-874
-856
-833
-816
-805
-782
-739
-684
-620
-531
-411
-281
-157
-39
70
144
163
154
158
179
189
186
201
241
270
267
255
260
269
262
264
312
390
439
436
404
358
281
174
70
-5
-60
-117
-174
-222
-273
-346
-426
-491
-537
-584
-639
-695
-748
-809
-888
-982
-1086
-1201
-1338
-1495
-1649
-1772
-1856
-1907
-1926
-1907
-1864
-1840
-1863
-1896
-1867
-1746
-1537
-1227
-798
-295
158
458
570
487
198
-251
-720
-1049
-1173
-1104
-851
-426
96
596
1015
1359
1626
1798
1894
1966
2023
2007
1871
1643
1379
1104
853
708
739
941
1267
1676
2122
2512
2744
2779
2641
2375
2021
1633
1275
984
768
631
576
571
571
566
567
572
565
548
540
526
468
342
166
-41
-281
-547
-788
-957
-1045
-1072
-1051
-991
-924
-887
-898
-948
-1020
-1096
-1156
-1180
-1157
-1091
-997
-894
-804
-742
-720
-727
-735
-712
-642
-537
-415
-281
-143
-20
79
179
303
438
565
695
852
1014
1116
1133
1100
1056
994
913
859
876
945
1024
1116
1239
1367
1444
1460
1456
1458
1444
1386
1298
1194
1061
893
728
606
528
471
437
438
460
462
424
363
298
218
111
-10
-126
-238
-363
-501
-630
-740
-839
-933
-1007
-1039
-1037
-1030
-1038
-1053
-1061
-1061
-1057
-1041
-1005
-953
-905
-877
-880
-916
-974
-1036
-1082
-1096
-1074
-1016
-930
-830
-719
-595
-462
-333
-218
-112
-10
76
125
135
116
85
52
28
20
27
54
110
198
308
419
523
620
698
737
733
693
615
493
349
223
139
89
59
51
66
89
94
81
63
47
28
-2
-51
-129
-240
-376
-519
-655
-772
-870
-956
-1025
-1071
-1093
-1116
-1161
-1232
-1321
-1427
-1549
-1669
-1765
-1848
-1935
-2002
-2004
-1955
-1920
-1922
-1916
-1854
-1737
-1560
-1273
-856
-385
26
335
538
576
372
-33
-475
-811
-987
-974
-735
-287
258
787
1265
1690
2015
2191
2246
2251
2217
2102
1898
1646
1382
1126
931
873
991
1246
1580
1953
2326
2623
2766
2735
2553
2260
1894
1501
1134
836
626
500
442
440
482
543
582
572
517
439
342
221
84
-53
-197
-377
-594
-809
-986
-1120
-1212
-1245
-1210
-1137
-1075
-1050
-1064
-1113
-1187
-1254
-1271
-1226
-1136
-1022
-896
-776
-695
-671
-684
-698
-688
-648
-579
-486
-374
-251
-121
27
196
383
579
775
964
1136
1263
1318
1293
1216
1127
1056
1012
995
1015
1075
1165
1265
1360
1454
1544
1608
1629
1611
1569
1496
1371
1198
1009
831
669
524
425
392
404
420
425
430
425
379
281
150
2
-162
-337
-494
-621
-729
-826
-900
-943
-973
-1006
-1032
-1035
-1030
-1038
-1057
-1075
-1095
-1118
-1133
-1127
-1115
-1115
-1121
-1112
-1088
-1068
-1054
-1031
-999
-963
-904
-801
-669
-544
-430
-308
-187
-107
-87
-102
-124
-155
-193
-201
-148
-54
54
181
338
501
637
740
821
871
867
815
742
658
552
430
324
250
196
167
189
272
382
484
570
634
650
587
451
282
103
-84
-280
-459
-591
-664
-688
-685
-668
-648
-639
-655
-693
-742
-801
-891
-1027
-1187
-1340
-1485
-1642
-1803
-1926
-1981
-1986
-1971
-1944
-1898
-1851
-1830
-1830
-1823
-1792
-1732
-1613
-1380
-1021
-596
-190
149
396
503
418
148
-223
-586
-852
-953
-830
-485
2
526
1032
1508
1919
2194
2303
2292
2229
2132
1988
1800
1587
1355
1115
923
858
964
1212
1544
1919
2287
2579
2725
2695
2501
2174
1765
1344
971
674
455
302
207
164
168
205
257
300
319
314
284
216
98
-74
-300
-568
-845
-1082
-1257
-1377
-1447
-1454
-1394
-1306
-1232
-1188
-1162
-1158
-1179
-1201
-1187
-1132
-1065
-996
-910
-807
-721
-673
-647
-611
-551
-469
-361
-228
-85
47
163
270
372
477
596
736
887
1035
1169
1270
1315
1306
1266
1220
1174
1139
1135
1171
1224
1270
1317
1374
1420
1426
1403
1383
1364
1312
1211
1079
928
754
576
441
378
357
334
304
290
277
215
77
-115
-316
-498
-647
-751
-812
-851
-891
-935
-959
-955
-942
-947
-974
-999
-1012
-1029
-1082
-1174
-1274
-1352
-1394
-1394
-1346
-1255
-1142
-1025
-905
-780
-663
-572
-512
-465
-419
-388
-389
-416
-445
-456
-440
-395
-316
-201
-58
103
272
440
582
676
716
721
711
685
638
576
522
490
484
505
554
618
669
685
671
640
590
517
429
349
285
231
181
138
105
79
53
35
26
10
-32
-105
-206
-330
-475
-628
-764
-864
-931
-976
-1006
-1025
-1049
-1089
-1143
-1193
-1241
-1303
-1388
-1478
-1559
-1650
-1772
-1910
-2023
-2085
-2105
-2083
-2003
-1872
-1741
-1655
-1597
-1524
-1415
-1267
-1049
-718
-292
143
496
726
810
721
457
95
-242
-456
-494
-329
38
551
1108
1611
2014
2306
2478
2525
2472
2366
2243
2102
1923
1703
1465
1244
1076
1008
1081
1297
1609
1941
2229
2428
2494
2390
2117
1734
1316
917
567
294
121
41
19
23
38
47
32
-20
-96
-175
-256
-356
-489
-649
-813
-968
-1113
-1244
-1341
-1385
-1372
-1319
-1245
-1167
-1114
-1115
-1168
-1237
-1288
-1309
-1297
-1226
-1070
-845
-601
-383
-209
-92
-45
-45
-43
-7
49
104
175
282
413
537
661
817
1015
1229
1432
1619
1776
1860
1848
1761
1644
1512
1367
1233
1154
1146
1183
1233
1287
1345
1389
1397
1370
1329
1277
1194
1065
900
717
519
312
117
-28
-114
-159
-186
-202
-213
-243
-312
-418
-536
-651
-765
-880
-983
-1063
-1124
-1179
-1227
-1260
-1276
-1282
-1283
-1270
-1236
-1187
-1144
-1118
-1101
-1080
-1054
-1024
-984
-923
-839
-749
-671
-598
-515
-418
-323
-239
-159
-77
0
63
120
186
258
326
392
475
573
663
717
747
777
816
847
856
845
825
797
767
749
746
744
721
678
635
602
567
515
444
367
284
197
107
18
-71
-166
-262
-345
-405
-442
-467
-491
-525
-572
-628
-687
-751
-829
-922
-1020
-1108
-1183
-1246
-1302
-1354
-1409
-1460
-1487
-1478
-1452
-1442
-1456
-1474
-1480
-1484
-1502
-1530
-1558
-1585
-1620
-1660
-1689
-1704
-1712
-1711
-1683
-1619
-1535
-1435
-1290
-1050
-699
-262
219
704
1144
1471
1618
1556
1302
917
489
126
-83
-94
80
399
823
1307
1789
2202
2498
2674
2747
2732
2622
2408
2093
1704
1288
905
617
468
468
598
823
1101
1380
1596
1695
1651
1480
1218
902
560
220
-91
-354
-561
-707
-787
-808
-794
-773
-751
-723
-695
-688
-722
-795
-893
-1007
-1129
-1243
-1330
-1382
-1396
-1363
-1280
-1167
-1071
-1022
-1014
-1021
-1020
-1004
-964
-883
-745
-551
-320
-86
113
250
331
388
452
523
579
605
614
628
662
714
780
864
977
1133
1334
1553
1737
1838
1841
1772
1656
1509
1340
1167
1013
893
807
751
714
683
655
636
630
631
619
576
500
391
254
93
-79
-247
-393
-507
-591
-659
-723
-786
-852
-924
-1002
-1080
-1150
-1209
-1255
-1275
-1261
-1219
-1165
-1111
-1056
-1005
-963
-933
-912
-904
-918
-964
-1026
-1071
-1071
-1024
-943
-834
-689
-494
-257
-6
227
421
562
637
650
616
545
440
318
223
197
246
340
461
615
805
1002
1172
1296
1367
1374
1311
1190
1034
854
652
444
268
151
91
68
77
129
219
316
378
385
341
251
114
-66
-266
-466
-654
-821
-947
-1011
-1011
-965
-902
-841
-794
-769
-778
-816
-870
-926
-988
-1070
-1169
-1258
-1316
-1344
-1356
-1350
-1318
-1274
-1245
-1232
-1208
-1166
-1138
-1146
-1169
-1176
-1171
-1180
-1199
-1208
-1209
-1226
-1247
-1226
-1154
-1087
-1075
-1090
-1058
-927
-687
-344
94
593
1099
1559
1918
2100
2025
1689
1194
703
337
147
124
241
467
771
1127
1503
1859
2155
2380
2550
2673
2715
2613
2323
1866
1319
785
357
94
13
100
327
644
975
1230
1346
1317
1173
956
699
434
177
-79
-336
-569
-746
-868
-952
-1008
-1021
-984
-915
-841
-779
-745
-750
-791
-845
-895
-950
-1012
-1058
-1055
-995
-896
-789
-700
-652
-653
-691
-732
-746
-720
-643
-502
-292
-30
242
478
656
782
874
948
1010
1061
1091
1085
1045
990
936
892
875
921
1056
1262
1489
1691
1843
1921
1903
1799
1649
1481
1295
1096
915
777
671
567
464
384
340
325
334
363
393
383
314
200
61
-95
-263
-425
-565
-681
-778
-857
-912
-951
-990
-1039
-1084
-1107
-1114
-1121
-1136
-1147
-1141
-1115
-1072
-1016
-955
-901
-855
-801
-730
-662
-623
-615
-610
-593
-562
-518
-452
-367
-276
-175
-41
134
315
462
577
683
775
824
815
769
711
651
593
556
552
572
601
644
718
826
934
1008
1042
1045
1015
942
827
692
549
386
202
31
-84
-140
-166
-169
-133
-71
-28
-28
-50
-75
-127
-232
-376
-518
-644
-762
-863
-920
-933
-929
-916
-884
-830
-778
-745
-730
-730
-757
-811
-880
-949
-1024
-1099
-1149
-1154
-1127
-1091
-1046
-988
-923
-867
-822
-789
-786
-833
-923
-1019
-1102
-1181
-1257
-1304
-1300
-1261
-1218
-1170
-1099
-1010
-924
-829
-663
-389
-30
369
792
1220
1581
1776
1768
1599
1324
981
639
396
305
333
429
594
840
1134
1418
1677
1927
2156
2316
2387
2384
2290
2054
1667
1213
800
490
302
245
319
481
669
842
980
1060
1053
956
801
624
435
230
4
-236
-470
-672
-818
-896
-911
-891
-861
-826
-776
-721
-691
-710
-767
-835
-899
-953
-986
-981
-944
-895
-840
-768
-678
-594
-536
-500
-469
-437
-398
-339
-244
-111
49
224
397
545
655
736
814
903
996
1070
1110
1117
1108
1100
1101
1114
1146
1199
1265
1337
1411
1478
1510
1486
1411
1310
1202
1089
974
861
749
633
518
414
320
229
153
107
84
58
13
-46
-122
-224
-346
-459
-537
-593
-650
-719
-796
-877
-961
-1031
-1076
-1101
-1119
-1130
-1129
-1111
-1082
-1043
-995
-936
-870
-804
-742
-680
-611
-539
-485
-464
-464
-464
-451
-423
-368
-277
-170
-78
3
110
254
401
522
625
729
825
891
925
931
903
834
743
652
560
454
356
309
326
390
483
597
716
810
858
861
819
720
560
363
162
-27
-201
-347
-446
-499
-518
-513
-482
-430
-368
-302
-224
-146
-110
-157
-283
-442
-602
-759
-905
-1007
-1046
-1040
-1007
-933
-809
-676
-594
-559
-524
-470
-439
-458
-511
-580
-679
-800
-905
-969
-1014
-1059
-1067
-1003
-897
-822
-800
-795
-782
-785
-824
-893
-989
-1113
-1243
-1333
-1358
-1339
-1316
-1294
-1248
-1154
-1010
-828
-605
-327
27
456
913
1311
1563
1625
1508
1273
993
723
487
310
236
293
466
699
940
1162
1358
1543
1745
1973
2180
2283
2231
2037
1755
1430
1088
764
498
331
282
342
478
633
757
818
818
775
692
564
393
201
7
-181
-363
-527
-660
-763
-840
-883
-878
-840
-806
-797
-802
-810
-836
-891
-956
-1004
-1021
-1000
-930
-812
-675
-548
-435
-331
-255
-226
-235
-249
-256
-246
-194
-81
63
193
307
442
614
797
963
1105
1225
1309
1352
1372
1371
1322
1221
1111
1043
1024
1034
1068
1132
1205
1248
1244
1207
1154
1080
979
864
753
646
526
385
239
100
-29
-152
-257
-328
-371
-408
-456
-510
-570
-646
-734
-809
-857
-885
-908
-919
-912
-907
-924
-954
-974
-985
-1007
-1033
-1028
-984
-931
-890
-847
-787
-710
-615
-497
-364
-240
-138
-45
51
132
176
194
212
237
253
262
284
332
392
450
506
567
634
702
772
847
918
959
949
901
836
761
664
544
422
316
233
171
138
126
111
78
45
31
23
-1
-35
-61
-92
-156
-244
-323
-388
-461
-551
-628
-671
-686
-680
-648
-607
-591
-604
-609
-588
-572
-582
-593
-583
-567
-562
-548
-499
-442
-419
-424
-414
-383
-370
-387
-404
-417
-452
-510
-546
-536
-519
-536
-574
-593
-600
-628
-674
-699
-700
-717
-765
-804
-817
-848
-941
-1063
-1151
-1201
-1260
-1332
-1367
-1349
-1324
-1331
-1331
-1271
-1145
-961
-684
-284
182
624
1005
1334
1567
1619
1472
1209
923
640
379
203
157
210
313
478
733
1046
1354
1630
1885
2097
2208
2189
2056
1825
1499
1120
774
526
378
320
350
450
560
629
648
630
565
436
264
92
-56
-194
-330
-445
-521
-562
-583
-579
-554
-528
-529
-561
-612
-681
-784
-909
-1013
-1065
-1081
-1083
-1049
-940
-766
-576
-393
-201
-7
144
221
241
237
205
144
94
99
151
213
289
413
579
742
876
995
1113
1215
1284
1328
1356
1350
1298
1225
1172
1146
1121
1080
1037
1003
963
894
793
683
582
482
375
269
185
119
52
-22
-97
-170
-244
-310
-354
-389
-446
-536
-633
-711
-782
-867
-946
-990
-997
-985
-950
-885
-809
-757
-729
-701
-661
-626
-604
-582
-555
-534
-524
-500
-448
-378
-299
-203
-89
24
120
205
287
356
399
420
437
461
489
518
552
587
619
641
645
628
596
559
513
450
381
339
346
391
447
494
525
531
509
457
367
232
58
-121
-266
-374
-464
-546
-602
-608
-561
-478
-378
-276
-189
-134
-113
-112
-129
-186
-292
-414
-504
-556
-597
-631
-633
-590
-527
-467
-403
-330
-269
-239
-215
-175
-139
-143
-174
-195
-210
-241
-276
-276
-245
-227
-235
-233
-208
-208
-267
-358
-440
-514
-591
-653
-682
-699
-723
-736
-717
-696
-721
-786
-849
-905
-994
-1136
-1294
-1431
-1548
-1644
-1698
-1706
-1704
-1708
-1670
-1519
-1245
-891
-487
-32
459
914
1252
1431
1443
1293
1021
719
482
333
240
190
215
327
488
659
850
1084
1331
1544
1720
1875
1967
1921
1724
1454
1196
978
801
686
642
636
630
624
625
599
508
364
221
100
-19
-147
-262
-338
-380
-400
-394
-357
-303
-260
-241
-244
-271
-341
-459
-606
-751
-874
-972
-1040
-1062
-1023
-924
-772
-573
-342
-114
80
233
352
429
457
449
432
414
396
389
418
477
526
556
599
683
789
885
970
1046
1094
1104
1100
1101
1090
1047
996
978
993
997
970
923
850
720
540
357
204
64
-83
-213
-296
-335
-358
-373
-368
-344
-320
-300
-281
-273
-306
-391
-502
-614
-719
-818
-891
-919
-901
-854
-785
-692
-588
-505
-458
-428
-390
-348
-315
-288
-259
-228
-199
-158
-94
-19
45
100
171
259
335
381
409
421
402
357
325
323
324
311
312
354
418
463
483
500
509
486
438
396
360
298
203
107
29
-48
-126
-180
-193
-187
-186
-177
-143
-106
-106
-144
-191
-231
-277
-334
-383
-405
-402
-384
-356
-323
-288
-255
-220
-178
-142
-128
-137
-143
-131
-113
-105
-103
-89
-62
-35
-18
-5
5
0
-19
-27
-14
0
-5
-14
-14
-23
-66
-128
-176
-208
-246
-293
-323
-335
-357
-401
-445
-480
-536
-624
-706
-749
-776
-830
-906
-967
-1011
-1073
-1164
-1248
-1304
-1362
-1447
-1532
-1573
-1578
-1586
-1607
-1619
-1606
-1568
-1479
-1289
-982
-607
-205
234
717
1165
1459
1556
1509
1380
1191
974
794
688
630
596
616
718
862
982
1089
1245
1454
1651
1787
1861
1859
1749
1545
1328
1165
1049
960
918
940
977
955
856
711
530
302
56
-150
-302
-434
-562
-660
-701
-703
-686
-638
-542
-420
-312
-235
-195
-216
-320
-479
-635
-764
-880
-992
-1057
-1037
-946
-822
-682
-521
-352
-202
-73
57
184
274
320
363
439
533
610
674
748
830
896
953
1025
1100
1134
1116
1085
1061
1015
928
842
811
834
878
933
1010
1094
1143
1136
1087
1003
875
706
529
370
214
48
-115
-245
-335
-401
-453
-476
-464
-439
-428
-438
-462
-501
-566
-649
-725
-772
-792
-791
-762
-703
-638
-594
-571
-542
-504
-479
-481
-487
-476
-455
-436
-420
-392
-343
-270
-165
-27
121
254
371
480
562
580
524
425
327
253
198
156
128
129
171
247
333
407
464
510
543
556
547
513
451
360
252
139
30
-67
-136
-170
-181
-185
-182
-155
-112
-89
-115
-182
-262
-331
-387
-429
-459
-476
-474
-438
-361
-262
-171
-106
-55
0
47
57
20
-42
-103
-160
-218
-268
-287
-266
-219
-162
-102
-46
1
43
94
146
173
157
118
76
20
-67
-171
-260
-318
-354
-379
-391
-394
-403
-427
-469
-525
-596
-671
-735
-786
-839
-898
-955
-1001
-1044
-1096
-1159
-1228
-1298
-1364
-1416
-1452
-1483
-1514
-1531
-1528
-1517
-1514
-1501
-1431
-1270
-1015
-680
-279
164
604
988
1276
1446
1483
1405
1274
1165
1107
1073
1033
996
981
977
960
939
947
999
1081
1188
1323
1459
1530
1501
1410
1308
1211
1111
1031
999
1001
987
933
851
733
551
312
68
-141
-329
-517
-683
-790
-847
-880
-896
-871
-807
-726
-642
-549
-458
-401
-395
-423
-464
-519
-594
-673
-733
-764
-763
-720
-629
-511
-391
-281
-175
-74
19
102
184
267
352
448
567
698
812
896
958
1009
1051
1085
1121
1156
1166
1135
1077
1015
947
862
774
717
705
717
743
784
822
818
753
663
579
494
388
267
157
56
-54
-170
-273
-368
-468
-558
-600
-593
-588
-621
-676
-720
-749
-780
-805
-807
-783
-746
-690
-614
-539
-496
-479
-455
-410
-365
-339
-329
-321
-313
-308
-298
-275
-240
-194
-126
-33
72
162
227
277
319
353
374
378
374
367
367
372
377
372
361
348
336
321
298
263
219
176
146
131
116
92
61
36
16
-7
-38
-69
-97
-124
-152
-178
-206
-249
-305
-352
-374
-382
-397
-412
-405
-374
-336
-303
-268
-227
-187
-148
-100
-40
10
36
51
74
99
103
89
73
62
43
13
-12
-22
-28
-42
-53
-47
-26
-3
13
26
32
21
-13
-63
-120
-178
-239
-303
-363
-410
-457
-520
-600
-684
-764
-847
-935
-1004
-1030
-1030
-1040
-1065
-1081
-1086
-1112
-1172
-1236
-1278
-1316
-1369
-1406
-1400
-1377
-1384
-1407
-1390
-1333
-1289
-1259
-1166
-959
-674
-365
-20
379
776
1089
1312
1483
1589
1583
1498
1440
1448
1448
1384
1304
1267
1246
1184
1106
1080
1105
1126
1140
1192
1259
1256
1156
1040
975
935
874
824
836
877
873
812
731
623
445
201
-41
-248
-448
-662
-851
-978
-1061
-1126
-1149
-1102
-1010
-921
-841
-746
-639
-555
-504
-469
-445
-444
-456
-452
-427
-409
-399
-368
-298
-212
-135
-67
-6
34
50
72
126
201
277
370
507
670
822
958
1092
1216
1296
1331
1354
1377
1368
1305
1212
1120
1020
904
796
725
675
618
561
527
508
461
374
283
213
147
69
-4
-52
-87
-131
-181
-223
-266
-323
-388
-435
-468
-518
-601
-693
-769
-830
-885
-925
-930
-894
-827
-739
-637
-534
-450
-392
-338
-275
-209
-157
-119
-83
-47
-25
-23
-27
-16
13
48
88
141
205
261
300
327
349
359
359
367
401
443
466
474
491
519
526
496
445
390
323
240
161
107
68
22
-21
-45
-58
-93
-154
-209
-246
-278
-304
-299
-258
-216
-206
-210
-197
-171
-163
-175
-181
-172
-166
-170
-171
-169
-183
-215
-231
-206
-156
-112
-74
-26
30
75
111
150
192
216
213
199
186
167
135
96
65
43
29
25
25
12
-30
-94
-161
-221
-276
-333
-396
-462
-519
-560
-591
-631
-681
-720
-730
-727
-740
-776
-822
-873
-932
-989
-1032
-1070
-1124
-1187
-1225
-1230
-1240
-1283
-1334
-1354
-1348
-1344
-1342
-1317
-1273
-1233
-1185
-1069
-852
-569
-266
55
410
768
1071
1296
1456
1553
1577
1547
1520
1519
1508
1457
1391
1349
1319
1269
1200
1150
1130
1110
1071
1030
992
940
863
788
740
715
699
708
761
835
878
865
807
716
580
396
179
-53
-293
-526
-729
-883
-996
-1078
-1122
-1118
-1083
-1036
-979
-907
-832
-772
-726
-675
-616
-554
-488
-404
-308
-225
-157
-78
24
117
168
183
191
192
170
131
107
111
133
176
264
403
561
701
827
959
1084
1177
1236
1280
1311
1312
1276
1226
1176
1118
1040
954
878
803
711
602
489
371
238
98
-25
-117
-189
-250
-290
-305
-306
-314
-324
-324
-314
-310
-320
-335
-354
-388
-447
-521
-594
-659
-709
-738
-741
-724
-699
-668
-623
-569
-517
-478
-443
-399
-338
-266
-189
-115
-44
26
93
155
214
269
318
346
354
352
356
356
338
301
263
243
240
244
252
263
272
278
288
302
304
283
253
238
234
214
168
119
87
60
13
-56
-120
-165
-197
-227
-262
-305
-354
-395
-406
-385
-352
-323
-290
-237
-166
-99
-57
-47
-58
-74
-85
-92
-99
-106
-107
-99
-88
-78
-63
-40
-11
18
45
72
96
108
107
96
76
43
7
-17
-24
-21
-20
-18
-10
-5
-17
-52
-100
-160
-237
-332
-435
-529
-603
-659
-707
-752
-792
-817
-819
-805
-799
-818
-856
-890
-906
-917
-945
-995
-1054
-1106
-1149
-1186
-1218
-1244
-1263
-1277
-1279
-1265
-1242
-1227
-1220
-1195
-1125
-1001
-821
-578
-269
74
407
706
975
1204
1365
1443
1469
1490
1517
1537
1544
1541
1517
1458
1372
1290
1223
1151
1064
984
933
888
818
730
655
602
556
524
533
588
657
707
741
763
747
672
551
414
264
85
-115
-297
-448
-585
-721
-830
-891
-927
-965
-1001
-1006
-977
-944
-917
-882
-823
-753
-681
-596
-492
-379
-271
-157
-26
109
211
268
295
308
301
278
257
254
266
289
332
399
475
539
597
669
752
823
874
924
985
1039
1064
1064
1062
1065
1059
1039
1017
992
947
868
761
639
501
342
177
27
-100
-213
-312
-381
-411
-419
-430
-444
-444
-426
-406
-399
-404
-410
-417
-431
-452
-469
-475
-475
-470
-458
-437
-416
-405
-407
-417
-434
-457
-479
-486
-474
-443
-400
-341
-267
-179
-84
19
124
219
291
340
375
404
421
417
394
367
350
344
341
337
327
310
287
257
222
180
132
80
33
-2
-28
-42
-36
-6
31
62
83
99
106
89
52
13
-17
-55
-110
-166
-197
-204
-209
-220
-223
-206
-184
-165
-145
-122
-114
-132
-153
-145
-116
-94
-85
-65
-24
20
49
74
111
142
141
112
82
64
41
-2
-57
-102
-128
-136
-127
-104
-84
-83
-105
-134
-164
-198
-246
-308
-378
-449
-511
-551
-568
-577
-594
-618
-635
-643
-655
-679
-714
-754
-800
-844
-872
-878
-887
-921
-966
-992
-1000
-1020
-1058
-1081
-1073
-1066
-1088
-1119
-1123
-1107
-1100
-1096
-1052
-950
-810
-632
-392
-96
196
451
695
954
1187
1337
1414
1479
1547
1582
1579
1577
1593
1587
1534
1465
1410
1345
1241
1120
1020
927
807
667
558
490
428
363
336
376
450
513
562
613
654
653
604
524
422
294
153
14
-117
-251
-385
-503
-602
-688
-764
-828
-886
-944
-992
-1016
-1019
-1019
-1010
-962
-863
-738
-605
-458
-290
-117
39
176
299
399
455
476
485
491
483
464
453
462
483
500
516
542
575
607
637
666
693
716
737
764
797
835
878
925
971
1013
1048
1067
1055
1004
919
812
687
544
394
250
116
-11
-126
-226
-309
-379
-435
-476
-508
-535
-555
-562
-563
-568
-574
-566
-532
-483
-436
-391
-340
-284
-236
-206
-196
-208
-239
-283
-330
-374
-414
-445
-460
-456
-435
-398
-345
-279
-209
-142
-71
8
88
152
192
223
264
314
357
380
395
415
443
464
466
442
394
331
267
207
140
60
-16
-62
-71
-70
-77
-81
-61
-27
-5
-6
-17
-23
-29
-38
-41
-33
-24
-18
-10
6
21
20
7
-6
-17
-37
-71
-112
-150
-182
-208
-223
-221
-204
-179
-151
-117
-77
-34
0
19
27
35
44
45
34
19
5
-9
-29
-45
-50
-52
-71
-106
-146
-189
-245
-320
-402
-473
-533
-584
-621
-637
-633
-625
-619
-613
-597
-576
-567
-588
-633
-672
-685
-686
-705
-736
-753
-750
-758
-795
-841
-879
-934
-1021
-1105
-1141
-1142
-1160
-1190
-1183
-1126
-1073
-1053
-1016
-912
-766
-621
-449
-200
102
376
594
799
1012
1179
1264
1307
1364
1428
1461
1469
1482
1490
1461
1389
1305
1220
1115
986
869
784
709
620
530
465
427
399
385
394
426
464
501
538
570
582
564
516
443
350
243
130
13
-103
-212
-309
-400
-492
-583
-670
-757
-843
-914
-958
-974
-974
-956
-910
-835
-744
-645
-532
-407
-276
-144
-8
126
236
310
358
397
428
448
460
476
499
524
550
572
580
573
564
566
573
574
575
590
618
642
657
681
722
766
792
804
817
832
828
794
738
667
582
482
381
288
199
105
9
-76
-147
-213
-283
-351
-409
-457
-503
-543
-565
-571
-570
-566
-547
-505
-454
-413
-379
-338
-295
-266
-258
-257
-253
-256
-273
-293
-303
-307
-314
-318
-312
-297
-286
-274
-247
-204
-166
-139
-109
-63
-10
36
77
121
168
208
238
264
289
309
322
326
319
301
275
245
211
174
142
119
99
76
54
38
24
5
-14
-22
-22
-23
-23
-10
13
32
39
51
74
96
104
103
104
101
82
50
22
1
-22
-49
-67
-74
-87
-114
-146
-165
-169
-171
-175
-171
-158
-149
-151
-160
-163
-156
-147
-140
-132
-121
-111
-111
-124
-146
-173
-205
-243
-281
-320
-362
-410
-459
-506
-549
-584
-609
-625
-645
-669
-685
-689
-697
-719
-736
-728
-705
-693
-690
-675
-650
-647
-677
-704
-705
-712
-764
-834
-874
-891
-934
-997
-1023
-992
-963
-978
-991
-944
-857
-782
-701
-547
-312
-71
139
355
604
836
989
1079
1172
1285
1380
1443
1502
1563
1587
1553
1492
1440
1375
1258
1103
965
866
774
655
527
427
358
302
260
255
290
336
368
398
444
497
525
520
500
474
429
356
277
208
137
42
-66
-159
-239
-334
-454
-573
-668
-753
-842
-914
-938
-917
-885
-850
-793
-703
-603
-506
-397
-262
-117
11
118
218
312
387
437
475
509
538
564
597
636
660
650
616
586
569
550
519
483
461
456
461
472
493
519
547
576
616
664
702
713
704
688
663
616
551
490
443
395
332
261
193
126
49
-33
-106
-173
-254
-350
-435
-493
-533
-572
-603
-609
-587
-552
-511
-462
-411
-376
-358
-341
-315
-287
-271
-258
-240
-217
-200
-188
-174
-155
-143
-138
-136
-137
-148
-167
-182
-184
-178
-172
-155
-114
-52
9
53
87
124
169
214
254
287
312
326
333
341
348
348
337
326
324
325
313
281
240
195
142
78
15
-32
-58
-72
-81
-82
-72
-59
-45
-29
-6
14
18
9
1
2
5
2
-2
5
21
29
23
12
-1
-22
-55
-93
-122
-146
-178
-219
-255
-276
-294
-315
-324
-304
-263
-230
-218
-215
-205
-202
-220
-251
-271
-276
-281
-296
-310
-317
-330
-359
-394
-419
-438
-473
-526
-574
-604
-634
-684
-739
-770
-765
-749
-745
-746
-740
-729
-727
-732
-733
-732
-738
-754
-772
-788
-813
-844
-865
-866
-860
-867
-875
-860
-823
-786
-753
-695
-583
-423
-235
-31
186
397
580
735
873
996
1094
1173
1260
1361
1453
1512
1543
1560
1556
1510
1427
1337
1247
1143
1013
875
750
635
519
415
348
318
305
293
290
309
341
370
385
387
377
358
339
324
302
262
211
162
120
74
10
-70
-163
-268
-387
-510
-621
-716
-798
-865
-910
-926
-921
-898
-854
-782
-691
-593
-491
-382
-271
-166
-70
27
132
239
341
441
544
643
721
770
799
817
819
798
757
709
663
616
566
519
484
458
437
422
420
428
435
432
424
421
423
421
417
415
421
429
432
428
418
401
371
325
267
197
114
21
-73
-164
-252
-337
-414
-478
-534
-583
-618
-634
-633
-630
-634
-637
-626
-598
-563
-526
-486
-437
-377
-310
-246
-189
-141
-100
-64
-33
-12
-5
-8
-13
-17
-24
-39
-57
-66
-64
-57
-48
-35
-18
-1
14
34
64
95
116
129
148
182
223
259
293
329
365
388
396
395
381
347
298
252
219
191
159
122
90
60
25
-13
-47
-73
-99
-128
-157
-177
-188
-194
-193
-184
-169
-155
-142
-123
-95
-67
-52
-53
-61
-64
-63
-70
-94
-129
-161
-182
-196
-212
-230
-247
-259
-271
-289
-316
-347
-373
-390
-404
-419
-432
-436
-432
-425
-421
-412
-399
-386
-382
-382
-384
-396
-425
-466
-503
-529
-549
-573
-600
-625
-652
-684
-717
-743
-766
-796
-839
-882
-911
-927
-940
-953
-959
-951
-930
-903
-869
-832
-802
-791
-789
-763
-688
-574
-444
-295
-108
113
328
501
636
754
857
935
997
1066
1148
1226
1290
1348
1399
1420
1398
1355
1312
1261
1180
1077
980
900
815
713
613
540
488
448
422
419
425
420
403
392
388
373
334
290
258
235
208
179
158
143
120
78
23
-43
-120
-207
-294
-378
-461
-543
-613
-657
-681
-701
-721
-728
-711
-674
-627
-573
-512
-451
-394
-337
-265
-178
-82
15
119
234
353
461
551
622
672
700
715
728
741
742
728
707
687
669
648
624
601
577
548
518
493
475
456
429
397
370
353
347
348
351
354
357
360
357
344
320
289
245
186
119
57
5
-47
-106
-164
-213
-255
-302
-353
-398
-432
-465
-503
-535
-551
-555
-557
-556
-547
-531
-514
-491
-451
-395
-339
-292
-246
-193
-142
-110
-95
-81
-61
-42
-29
-14
13
45
68
78
81
81
82
84
91
102
111
114
120
132
150
170
190
211
233
255
276
296
310
314
313
316
320
315
298
278
260
242
219
194
172
148
116
81
49
14
-28
-71
-102
-118
-133
-152
-168
-175
-177
-188
-202
-204
-192
-178
-168
-156
-139
-129
-135
-147
-147
-134
-122
-122
-131
-141
-154
-175
-201
-225
-241
-253
-268
-284
-301
-317
-333
-347
-359
-376
-399
-428
-453
-467
-474
-483
-497
-507
-503
-488
-476
-479
-494
-517
-548
-586
-622
-643
-649
-653
-659
-661
-661
-674
-708
-752
-783
-798
-816
-844
-863
-858
-838
-823
-811
-790
-764
-746
-733
-693
-605
-482
-345
-190
-6
192
373
524
659
780
870
931
994
1085
1184
1257
1306
1357
1413
1436
1405
1344
1281
1213
1123
1020
927
841
742
635
549
500
463
416
370
350
347
337
316
305
306
298
270
240
223
211
196
187
196
204
184
135
85
38
-24
-112
-208
-295
-375
-455
-524
-568
-598
-637
-679
-699
-691
-670
-647
-612
-562
-510
-466
-415
-338
-242
-148
-54
62
197
320
416
501
588
662
698
708
724
747
753
734
714
708
702
678
643
616
590
546
489
445
417
383
332
284
263
263
260
252
255
270
280
277
273
276
271
245
206
171
141
103
57
16
-13
-45
-92
-146
-193
-236
-284
-339
-394
-443
-486
-524
-553
-571
-582
-588
-583
-568
-548
-526
-496
-454
-409
-372
-339
-298
-247
-200
-166
-137
-101
-61
-25
6
37
68
90
101
110
118
121
115
109
115
129
139
140
144
160
181
194
201
210
226
239
249
262
280
296
299
297
304
320
327
319
305
294
282
258
224
193
169
141
102
57
20
-15
-56
-103
-142
-168
-191
-219
-244
-258
-263
-267
-273
-273
-271
-272
-276
-275
-262
-248
-244
-245
-244
-240
-241
-247
-252
-255
-262
-282
-306
-327
-345
-364
-385
-405
-422
-440
-461
-486
-510
-533
-551
-565
-576
-588
-599
-602
-595
-589
-593
-603
-611
-617
-627
-637
-634
-624
-621
-633
-644
-644
-645
-662
-688
-701
-702
-716
-748
-772
-768
-752
-747
-751
-747
-733
-717
-691
-623
-507
-366
-223
-70
105
280
421
525
625
734
833
912
995
1109
1234
1325
1371
1394
1408
1394
1344
1281
1226
1169
1089
993
906
825
730
624
538
486
446
395
345
318
306
286
255
233
226
213
184
160
161
181
195
198
202
202
178
123
62
10
-49
-133
-229
-302
-348
-387
-437
-488
-527
-562
-601
-633
-642
-630
-612
-592
-561
-515
-464
-408
-336
-236
-120
-6
102
213
323
414
477
524
568
609
639
658
678
703
724
734
730
716
689
647
598
552
509
462
411
367
334
307
280
258
251
257
264
262
254
244
234
226
219
207
187
158
127
105
92
75
48
14
-16
-43
-81
-134
-197
-258
-316
-377
-434
-479
-507
-521
-527
-532
-541
-557
-571
-573
-562
-543
-520
-485
-435
-380
-333
-294
-255
-208
-158
-111
-64
-19
20
48
72
96
114
121
118
121
135
151
156
153
157
172
185
189
184
178
173
169
172
184
200
215
235
268
307
335
343
334
322
312
305
299
294
287
276
257
233
205
178
151
121
86
47
8
-29
-68
-111
-155
-196
-229
-254
-269
-276
-278
-283
-292
-296
-288
-276
-276
-288
-302
-302
-294
-287
-284
-275
-256
-237
-228
-230
-238
-254
-280
-310
-336
-359
-382
-404
-420
-434
-456
-489
-524
-549
-559
-564
-571
-580
-588
-593
-600
-608
-613
-614
-613
-614
-610
-597
-576
-556
-544
-540
-543
-553
-569
-587
-602
-620
-645
-670
-679
-667
-650
-648
-664
-679
-678
-658
-622
-571
-497
-394
-264
-114
41
182
295
386
477
577
680
776
875
992
1115
1217
1282
1317
1335
1330
1300
1252
1199
1145
1082
1014
948
879
796
700
606
530
467
407
347
298
266
241
215
190
170
155
143
138
144
161
181
201
221
237
234
210
172
129
77
16
-46
-95
-132
-170
-216
-267
-321
-380
-439
-488
-522
-542
-554
-552
-535
-507
-475
-438
-389
-324
-250
-171
-84
12
111
199
271
332
389
444
494
539
581
620
651
675
692
697
685
655
614
572
528
480
431
385
345
310
282
256
228
196
167
143
125
107
90
81
80
77
71
65
66
71
73
68
60
53
46
34
14
-12
-42
-79
-121
-161
-193
-219
-250
-287
-324
-358
-390
-424
-457
-481
-497
-505
-503
-490
-468
-447
-428
-408
-382
-349
-311
-267
-219
-168
-121
-78
-37
2
37
62
79
97
121
146
165
176
185
194
202
205
202
192
176
164
161
163
165
168
178
198
217
222
215
209
213
225
234
235
235
240
253
265
266
254
232
205
181
161
139
108
63
17
-16
-40
-68
-106
-146
-177
-204
-233
-265
-290
-305
-317
-330
-341
-345
-341
-335
-332
-327
-316
-301
-285
-269
-257
-250
-253
-258
-261
-265
-276
-294
-309
-320
-334
-356
-382
-407
-436
-475
-515
-545
-569
-598
-629
-650
-661
-674
-692
-703
-698
-689
-692
-704
-702
-683
-663
-653
-645
-625
-601
-591
-594
-596
-591
-592
-604
-614
-609
-600
-602
-609
-604
-591
-589
-594
-579
-518
-423
-320
-213
-92
42
171
277
363
440
517
603
707
825
942
1045
1134
1215
1278
1304
1292
1258
1223
1187
1141
1086
1031
980
922
851
771
691
612
536
468
414
364
311
263
236
223
203
165
129
116
127
144
157
174
194
207
202
179
146
103
51
-2
-47
-83
-117
-157
-198
-238
-284
-345
-414
-473
-513
-542
-569
-585
-582
-562
-537
-508
-466
-411
-348
-281
-204
-115
-26
53
127
206
287
359
420
479
542
604
653
690
719
739
742
722
691
657
620
573
526
487
457
420
373
329
298
269
228
178
140
121
108
93
83
83
89
89
86
88
96
104
102
97
93
87
69
40
9
-19
-54
-99
-146
-183
-213
-248
-292
-338
-380
-428
-482
-533
-569
-593
-612
-622
-616
-598
-575
-552
-524
-489
-453
-419
-379
-327
-269
-215
-165
-115
-62
-11
32
73
114
155
188
217
244
266
273
265
256
256
260
258
251
250
259
269
274
277
279
274
264
254
251
252
252
255
268
284
294
297
297
299
296
285
266
242
218
197
177
151
117
79
45
15
-19
-61
-106
-145
-178
-212
-252
-296
-337
-372
-404
-427
-436
-437
-437
-434
-423
-404
-390
-390
-395
-394
-390
-390
-392
-383
-363
-346
-341
-341
-341
-344
-357
-379
-402
-426
-455
-487
-515
-534
-550
-565
-582
-596
-606
-614
-622
-632
-641
-645
-645
-639
-631
-622
-610
-596
-583
-577
-574
-565
-552
-543
-545
-549
-545
-536
-533
-533
-529
-518
-506
-484
-435
-356
-268
-187
-104
0
117
218
292
360
439
526
613
703
803
906
994
1063
1119
1163
1186
1181
1160
1136
1109
1068
1011
955
910
867
811
747
687
635
580
518
458
407
363
320
284
258
236
213
194
187
190
193
198
206
214
212
193
163
128
93
59
27
0
-28
-59
-93
-128
-168
-217
-274
-330
-376
-408
-431
-450
-465
-473
-471
-458
-433
-396
-350
-300
-247
-190
-128
-62
5
71
136
202
271
342
412
475
531
579
618
645
658
660
653
638
616
591
568
544
517
487
455
418
376
332
292
258
227
194
164
143
129
121
117
116
118
122
126
130
131
128
121
111
103
92
74
52
31
15
-7
-41
-82
-122
-160
-203
-251
-298
-345
-395
-444
-481
-503
-517
-533
-546
-549
-542
-534
-525
-510
-484
-452
-419
-382
-337
-286
-238
-196
-151
-98
-45
-1
37
78
121
156
178
197
216
229
234
236
245
259
271
277
284
293
294
283
269
262
261
259
256
256
264
274
282
288
294
299
298
291
284
282
279
271
257
241
222
198
171
146
122
91
50
6
-35
-75
-117
-162
-208
-254
-300
-340
-372
-399
-424
-443
-456
-465
-476
-489
-500
-507
-507
-504
-498
-488
-472
-452
-434
-423
-418
-412
-407
-407
-413
-421
-431
-440
-450
-458
-468
-482
-497
-509
-521
-537
-557
-572
-579
-583
-587
-588
-587
-585
-580
-565
-544
-530
-525
-516
-496
-474
-462
-458
-450
-438
-431
-428
-419
-397
-379
-378
-388
-381
-347
-293
-234
-168
-83
14
108
189
264
335
392
434
485
562
657
744
818
891
968
1028
1057
1065
1068
1063
1039
1001
964
935
903
862
816
771
723
669
616
566
512
450
390
343
308
275
238
205
181
161
143
135
139
147
148
142
137
129
110
78
46
23
4
-18
-38
-49
-58
-77
-113
-155
-195
-232
-268
-299
-323
-345
-368
-383
-381
-365
-351
-338
-316
-278
-234
-192
-153
-111
-67
-23
28
91
158
221
277
336
397
450
491
524
554
572
574
568
565
563
552
532
513
498
481
453
417
377
336
292
249
213
184
158
134
114
98
84
70
61
60
63
62
54
48
46
43
34
23
16
10
2
-8
-20
-35
-60
-94
-133
-174
-217
-261
-301
-338
-376
-413
-445
-465
-479
-493
-507
-522
-531
-533
-526
-513
-499
-479
-449
-408
-364
-320
-272
-219
-166
-118
-73
-27
20
65
104
138
167
194
223
254
282
303
315
323
331
340
342
334
320
307
300
296
287
277
270
266
260
252
246
238
227
215
207
199
186
171
162
161
157
144
126
110
93
75
54
31
3
-33
-70
-103
-132
-164
-202
-241
-274
-300
-325
-353
-385
-415
-439
-462
-486
-509
-520
-522
-525
-529
-529
-524
-518
-513
-508
-500
-495
-493
-490
-484
-480
-481
-484
-483
-479
-477
-477
-477
-480
-490
-504
-515
-524
-535
-545
-550
-547
-544
-548
-553
-547
-530
-515
-511
-510
-500
-484
-476
-477
-470
-449
-429
-422
-413
-385
-353
-344
-350
-342
-311
-278
-254
-212
-134
-39
40
106
182
269
340
386
430
489
554
611
669
742
819
880
917
948
981
998
985
955
930
910
877
833
793
767
736
687
635
597
563
515
457
413
383
346
296
256
241
233
211
186
179
190
196
188
182
182
175
153
125
106
92
73
50
33
20
2
-26
-57
-87
-118
-156
-197
-232
-259
-283
-305
-322
-334
-342
-345
-338
-318
-292
-268
-244
-214
-175
-133
-93
-50
1
53
102
151
210
275
333
377
414
450
481
499
507
511
512
505
494
489
490
483
460
427
393
361
324
285
250
222
194
162
130
106
89
78
67
57
51
48
47
46
43
35
23
12
5
2
0
-4
-13
-29
-51
-77
-103
-129
-160
-198
-242
-284
-322
-360
-394
-419
-438
-460
-484
-500
-501
-500
-509
-519
-516
-499
-477
-454
-422
-379
-337
-299
-255
-198
-140
-96
-57
-11
42
88
118
146
183
222
255
280
306
332
349
354
356
360
361
352
338
331
330
324
310
297
293
291
284
271
260
251
241
226
213
203
193
181
168
159
153
144
130
113
97
78
54
21
-14
-44
-72
-105
-143
-182
-216
-250
-284
-316
-345
-377
-416
-455
-485
-509
-534
-559
-578
-586
-592
-600
-605
-604
-599
-598
-599
-596
-587
-579
-574
-567
-554
-540
-535
-534
-527
-510
-495
-491
-494
-492
-486
-486
-492
-494
-490
-493
-502
-499
-479
-461
-463
-471
-465
-448
-438
-437
-431
-419
-415
-417
-407
-376
-347
-333
-324
-305
-280
-265
-254
-226
-178
-123
-70
-10
67
152
227
287
337
385
429
471
520
583
652
711
753
787
821
845
853
848
841
828
806
783
767
750
714
664
620
588
555
512
471
442
410
367
328
309
298
273
235
207
197
193
185
180
185
190
186
180
178
173
155
125
95
78
67
55
37
18
-1
-27
-64
-104
-139
-166
-190
-215
-234
-246
-257
-270
-279
-278
-274
-271
-260
-233
-197
-166
-137
-100
-56
-15
22
65
119
171
211
251
299
349
387
413
436
457
468
468
467
469
471
464
448
431
414
393
364
331
299
268
236
204
179
160
140
114
88
69
55
43
32
26
20
13
5
2
0
-7
-19
-29
-35
-43
-59
-78
-91
-103
-121
-147
-178
-206
-233
-261
-292
-322
-349
-373
-395
-414
-430
-443
-453
-464
-471
-471
-463
-449
-432
-415
-392
-363
-325
-283
-241
-199
-154
-106
-59
-14
30
73
113
149
185
223
258
283
302
324
346
363
368
368
366
363
355
345
336
327
316
303
291
281
266
247
229
214
203
189
171
154
141
132
121
104
87
74
63
51
34
17
-1
-24
-51
-78
-103
-128
-156
-185
-211
-237
-265
-294
-321
-345
-373
-404
-434
-461
-483
-504
-522
-535
-544
-552
-559
-562
-561
-561
-564
-567
-565
-558
-550
-544
-536
-527
-517
-509
-501
-490
-479
-470
-466
-464
-458
-450
-444
-442
-442
-442
-439
-435
-431
-429
-428
-426
-421
-414
-409
-403
-396
-391
-391
-391
-382
-366
-351
-346
-342
-324
-296
-272
-258
-241
-211
-171
-128
-76
-5
75
144
197
249
308
365
406
440
483
538
592
640
687
736
774
789
786
779
776
770
757
737
716
690
659
628
604
584
555
515
477
451
431
408
380
356
334
311
289
280
280
275
261
250
254
266
268
262
254
245
227
199
173
158
146
125
99
76
59
39
9
-27
-62
-91
-119
-147
-172
-190
-206
-220
-231
-237
-238
-235
-225
-205
-181
-159
-139
-113
-77
-39
-5
27
65
108
152
195
239
281
317
345
369
389
404
412
418
422
423
421
416
408
397
381
359
332
304
279
255
229
203
178
155
133
114
99
87
75
63
55
50
44
33
23
17
13
3
-12
-26
-34
-41
-51
-67
-83
-99
-115
-136
-162
-191
-221
-249
-276
-302
-322
-335
-348
-364
-381
-393
-400
-406
-410
-409
-400
-387
-372
-352
-326
-293
-261
-229
-197
-160
-117
-74
-35
2
38
76
113
149
183
214
240
264
288
312
331
341
348
356
363
360
348
338
334
331
322
308
298
291
281
265
249
235
217
195
178
169
161
146
124
107
99
89
69
45
26
13
-5
-32
-61
-86
-108
-135
-165
-193
-216
-243
-273
-301
-324
-346
-374
-405
-431
-450
-471
-495
-516
-529
-536
-545
-553
-555
-553
-553
-553
-550
-543
-537
-536
-533
-522
-507
-496
-487
-475
-458
-443
-433
-428
-420
-410
-401
-397
-395
-391
-385
-380
-376
-368
-359
-352
-352
-354
-351
-347
-345
-344
-341
-339
-341
-344
-336
-318
-301
-293
-287
-274
-256
-237
-215
-181
-138
-94
-49
10
82
152
206
246
287
335
383
423
462
509
564
611
646
673
699
719
723
712
698
687
677
662
643
623
598
565
533
508
489
465
433
400
374
359
349
338
320
298
281
272
265
257
253
257
264
264
257
253
254
251
234
210
186
168
150
135
122
110
88
56
22
-4
-26
-53
-85
-114
-132
-145
-162
-178
-185
-184
-184
-187
-183
-166
-142
-123
-107
-83
-52
-21
8
41
79
115
146
178
216
257
292
318
340
359
371
375
377
381
385
381
372
363
357
348
329
305
283
260
228
193
168
156
143
115
84
63
53
42
26
11
1
-9
-23
-34
-39
-42
-51
-63
-74
-82
-89
-99
-110
-125
-140
-154
-170
-190
-212
-233
-253
-273
-293
-311
-325
-338
-349
-358
-367
-375
-381
-381
-378
-374
-365
-347
-323
-302
-282
-253
-217
-182
-155
-125
-87
-44
-6
29
65
102
133
161
190
220
244
264
281
298
314
324
328
324
316
310
306
299
285
271
260
250
234
214
195
177
155
133
115
101
84
66
50
39
27
10
-8
-23
-37
-50
-64
-78
-94
-111
-126
-139
-159
-184
-208
-227
-246
-267
-288
-306
-322
-341
-363
-382
-401
-422
-443
-458
-468
-479
-490
-497
-500
-501
-506
-511
-514
-511
-505
-499
-493
-485
-475
-462
-451
-442
-433
-423
-414
-407
-399
-387
-377
-371
-368
-362
-354
-349
-349
-350
-348
-345
-343
-342
-346
-354
-360
-359
-355
-356
-364
-369
-361
-350
-345
-346
-341
-325
-305
-288
-264
-225
-175
-121
-66
-8
50
100
143
183
229
279
328
376
427
483
537
581
610
627
639
648
651
649
644
639
632
620
601
580
559
538
515
491
468
448
431
414
396
377
360
345
333
325
323
324
320
315
316
325
334
333
321
308
295
280
264
251
242
230
211
190
172
152
126
92
58
28
1
-24
-47
-67
-87
-107
-125
-137
-143
-143
-141
-137
-131
-120
-106
-91
-72
-50
-25
0
25
56
92
131
165
195
222
248
273
295
312
321
327
331
336
339
338
335
327
311
291
270
252
232
207
182
160
139
115
90
69
54
39
22
7
-3
-11
-22
-34
-42
-44
-46
-54
-64
-70
-70
-69
-74
-83
-92
-100
-110
-125
-143
-159
-173
-190
-209
-226
-240
-249
-260
-275
-292
-304
-312
-317
-325
-332
-331
-323
-314
-307
-296
-276
-250
-226
-204
-177
-143
-110
-81
-52
-18
19
51
77
106
141
174
198
216
238
264
286
294
293
293
297
300
296
287
279
271
262
250
236
221
204
183
163
146
132
115
98
81
67
52
38
25
14
4
-7
-19
-33
-47
-58
-67
-78
-95
-113
-127
-140
-155
-172
-187
-203
-221
-240
-258
-273
-290
-310
-330
-347
-362
-375
-386
-396
-404
-413
-422
-429
-434
-435
-437
-440
-442
-440
-432
-423
-416
-411
-406
-396
-387
-380
-375
-368
-360
-354
-351
-350
-348
-342
-334
-331
-332
-334
-331
-324
-322
-325
-330
-334
-339
-345
-348
-344
-340
-346
-354
-352
-340
-330
-331
-334
-326
-308
-286
-264
-234
-191
-138
-84
-34
16
67
118
163
202
243
290
341
390
435
479
521
557
582
598
610
621
628
628
622
612
602
593
580
562
543
526
510
491
470
451
437
423
406
386
371
361
354
345
338
334
332
330
329
328
329
327
318
305
291
279
269
258
247
234
218
199
179
159
137
112
85
59
36
16
-4
-23
-43
-60
-73
-82
-90
-94
-93
-89
-83
-76
-64
-49
-32
-16
2
27
54
81
106
133
162
189
211
232
251
267
276
282
286
290
293
292
288
281
272
258
237
214
193
175
155
132
108
88
69
49
28
11
-4
-21
-38
-49
-53
-59
-70
-82
-89
-93
-99
-108
-114
-115
-117
-125
-136
-144
-149
-155
-166
-179
-191
-201
-211
-226
-239
-247
-255
-265
-279
-288
-291
-292
-299
-307
-308
-300
-290
-283
-275
-262
-244
-225
-205
-184
-161
-134
-107
-80
-54
-27
2
31
54
77
103
132
159
178
191
205
219
229
233
233
232
231
228
222
215
207
198
186
172
157
142
127
110
93
77
61
45
29
15
3
-7
-18
-29
-39
-48
-56
-65
-76
-88
-99
-107
-112
-122
-136
-150
-160
-170
-181
-195
-208
-223
-240
-257
-272
-285
-298
-314
-330
-345
-356
-366
-374
-383
-393
-404
-413
-417
-419
-421
-421
-421
-422
-422
-420
-414
-406
-399
-393
-390
-385
-380
-374
-371
-368
-363
-357
-356
-356
-350
-339
-334
-343
-355
-354
-342
-339
-350
-363
-366
-363
-366
-371
-368
-359
-352
-353
-349
-336
-318
-308
-302
-285
-249
-200
-149
-102
-52
5
60
103
135
168
211
260
305
346
390
437
479
509
529
543
551
552
550
549
551
551
544
531
513
497
485
472
453
428
410
401
394
382
366
355
348
340
329
322
323
326
325
324
328
337
341
337
330
323
314
301
288
281
277
270
255
235
217
200
179
150
120
96
79
62
41
21
5
-12
-31
-47
-54
-55
-57
-61
-60
-49
-35
-22
-10
5
21
39
60
84
110
133
154
175
194
209
224
238
248
249
246
246
250
250
243
231
218
200
176
150
130
113
92
65
38
17
1
-17
-40
-61
-77
-90
-104
-117
-123
-125
-130
-140
-148
-147
-143
-143
-151
-155
-152
-148
-150
-154
-155
-154
-159
-170
-178
-181
-185
-194
-207
-215
-219
-224
-232
-240
-247
-253
-258
-262
-262
-258
-249
-240
-235
-230
-220
-202
-182
-164
-149
-131
-105
-78
-54
-31
-8
16
37
56
77
101
123
139
150
160
171
180
185
182
175
172
174
176
171
158
146
137
126
110
92
78
65
52
39
28
17
6
-5
-16
-26
-37
-47
-54
-60
-65
-70
-74
-80
-88
-97
-102
-104
-109
-120
-133
-142
-146
-151
-161
-174
-188
-200
-209
-221
-236
-250
-259
-265
-275
-287
-297
-305
-316
-331
-341
-343
-344
-349
-354
-353
-348
-346
-348
-347
-342
-338
-337
-336
-333
-327
-321
-317
-316
-315
-311
-304
-300
-300
-300
-297
-294
-299
-306
-306
-302
-305
-320
-331
-330
-324
-326
-332
-330
-318
-309
-309
-308
-297
-280
-264
-248
-218
-168
-109
-61
-26
11
60
111
149
175
208
255
305
347
383
423
460
479
485
493
510
524
528
526
526
523
515
503
490
478
465
452
439
423
407
397
394
391
378
362
351
350
351
348
342
341
346
352
356
359
360
359
356
348
341
338
337
332
324
317
311
296
270
242
222
207
190
168
147
131
116
96
74
57
46
38
28
21
19
21
24
26
32
44
58
69
78
91
112
134
152
166
180
195
209
218
224
229
234
236
236
234
232
229
220
203
182
163
147
129
108
89
73
57
38
16
-4
-20
-34
-51
-67
-78
-85
-92
-101
-109
-114
-117
-119
-121
-121
-118
-118
-123
-128
-126
-120
-120
-128
-138
-142
-142
-145
-153
-159
-162
-168
-179
-188
-192
-194
-202
-215
-222
-221
-217
-219
-223
-223
-215
-205
-199
-194
-185
-170
-153
-140
-126
-108
-86
-66
-49
-33
-14
5
23
40
57
76
92
101
107
114
122
128
129
128
127
128
129
126
118
107
96
87
79
70
59
49
40
30
17
6
-1
-8
-16
-24
-28
-29
-34
-42
-49
-52
-52
-55
-60
-66
-70
-74
-79
-85
-94
-103
-108
-112
-119
-132
-147
-160
-168
-175
-185
-198
-211
-221
-229
-239
-251
-262
-269
-277
-287
-297
-301
-302
-304
-312
-320
-320
-315
-312
-313
-313
-308
-304
-305
-309
-307
-300
-296
-297
-299
-298
-293
-291
-291
-292
-292
-293
-296
-300
-302
-301
-302
-308
-314
-313
-306
-304
-309
-313
-306
-294
-289
-289
-278
-255
-236
-226
-211
-172
-119
-76
-50
-19
29
78
107
124
152
198
244
273
296
329
368
394
401
407
426
447
455
450
449
460
466
457
439
430
434
436
427
412
403
401
398
392
384
377
374
372
371
369
366
365
365
365
365
367
372
375
370
361
353
351
352
349
343
336
327
315
296
276
260
249
236
216
194
176
162
146
128
110
96
85
74
65
60
58
55
51
49
53
60
66
70
78
89
99
106
111
120
132
142
146
147
150
154
156
151
144
140
139
134
119
101
88
78
66
48
32
23
12
-7
-29
-46
-56
-65
-80
-95
-106
-113
-122
-132
-140
-142
-142
-146
-154
-159
-157
-153
-154
-160
-162
-159
-156
-160
-165
-164
-164
-169
-180
-185
-183
-184
-192
-202
-205
-205
-209
-216
-221
-221
-220
-222
-222
-218
-212
-209
-207
-201
-191
-179
-167
-155
-142
-129
-118
-107
-91
-70
-54
-43
-33
-16
3
18
28
39
49
54
57
64
75
82
81
78
80
83
84
80
76
70
63
57
54
52
47
37
27
19
14
11
6
-2
-10
-16
-21
-28
-37
-42
-45
-49
-59
-68
-73
-75
-83
-94
-103
-106
-110
-121
-135
-143
-148
-158
-174
-187
-193
-197
-208
-223
-233
-238
-246
-259
-270
-276
-279
-284
-293
-300
-304
-305
-308
-313
-320
-321
-316
-312
-317
-324
-322
-316
-318
-325
-323
-313
-312
-322
-328
-320
-310
-311
-317
-314
-307
-308
-314
-314
-307
-301
-300
-298
-297
-294
-287
-276
-267
-266
-260
-243
-223
-212
-200
-174
-140
-115
-95
-61
-16
16
31
50
85
122
149
171
200
231
255
274
295
314
324
333
348
364
373
378
384
389
388
383
383
387
389
389
389
391
388
384
383
385
388
390
392
392
389
389
396
403
403
400
402
409
409
401
393
392
391
384
376
372
369
359
342
326
313
303
290
274
257
241
227
212
194
177
164
154
142
128
117
112
109
102
91
84
82
83
83
83
86
92
96
97
99
103
107
110
110
110
110
110
108
106
104
99
91
81
71
62
53
43
33
21
6
-10
-24
-37
-48
-57
-67
-78
-89
-98
-105
-112
-118
-125
-131
-135
-139
-142
-144
-146
-147
-148
-150
-152
-151
-150
-152
-157
-161
-162
-163
-163
-161
-158
-161
-168
-174
-173
-169
-172
-178
-182
-181
-181
-184
-185
-182
-178
-178
-177
-169
-158
-150
-146
-143
-135
-125
-115
-106
-94
-78
-65
-57
-50
-39
-22
-7
1
7
16
26
33
38
45
52
56
54
53
57
63
63
59
54
51
49
46
42
38
33
27
21
18
17
18
16
10
2
-5
-10
-13
-17
-22
-27
-34
-40
-45
-47
-51
-60
-72
-83
-89
-93
-101
-111
-120
-128
-138
-149
-157
-162
-170
-183
-196
-205
-211
-219
-228
-236
-243
-253
-265
-273
-276
-279
-285
-294
-299
-300
-298
-300
-305
-308
-308
-308
-310
-311
-308
-303
-303
-308
-308
-301
-297
-299
-302
-297
-291
-293
-295
-289
-278
-274
-278
-277
-267
-259
-259
-262
-257
-246
-239
-234
-225
-210
-198
-193
-187
-172
-143
-110
-85
-64
-41
-12
14
34
55
84
115
138
157
184
216
239
248
256
273
291
307
322
338
349
350
348
351
359
365
364
365
370
377
381
382
381
379
378
378
382
388
392
392
389
389
395
401
403
404
407
410
408
401
396
397
399
396
391
384
376
365
352
342
334
323
307
287
271
260
249
233
213
194
180
169
159
148
138
125
110
98
92
92
89
81
76
76
75
72
70
73
76
74
70
67
68
68
67
65
63
60
55
47
41
35
29
20
9
2
-3
-9
-21
-38
-52
-60
-64
-72
-81
-89
-96
-105
-113
-117
-120
-125
-132
-136
-134
-132
-132
-135
-137
-136
-135
-134
-134
-134
-133
-133
-133
-133
-133
-133
-133
-132
-131
-131
-135
-140
-140
-136
-133
-138
-144
-145
-141
-138
-139
-140
-138
-135
-134
-132
-128
-122
-117
-113
-107
-96
-85
-77
-69
-62
-53
-45
-36
-27
-18
-9
-2
6
13
21
26
28
30
33
36
37
38
41
44
42
38
34
32
31
27
23
21
20
17
13
10
7
3
-2
-6
-11
-16
-20
-24
-27
-30
-35
-42
-50
-56
-59
-63
-70
-80
-87
-90
-94
-103
-111
-117
-122
-131
-143
-153
-157
-161
-170
-183
-193
-199
-205
-215
-225
-230
-234
-243
-255
-264
-267
-269
-275
-283
-287
-286
-286
-291
-299
-302
-300
-297
-298
-300
-299
-296
-294
-296
-295
-289
-282
-282
-285
-280
-268
-261
-264
-268
-261
-250
-244
-243
-237
-228
-222
-222
-219
-208
-194
-185
-180
-174
-162
-146
-130
-118
-105
-82
-54
-30
-14
4
30
54
66
77
102
135
157
167
183
208
229
237
244
263
285
297
303
313
326
330
328
333
346
358
361
363
368
375
378
378
380
385
389
389
389
395
402
406
405
403
406
412
415
414
413
410
406
402
400
402
403
399
391
382
372
362
352
343
331
316
304
295
285
269
252
240
229
215
201
192
184
172
154
140
134
131
124
113
106
105
103
96
88
85
84
77
67
61
63
65
58
46
40
42
40
31
23
20
17
6
-7
-14
-16
-21
-32
-43
-48
-50
-54
-63
-71
-76
-81
-86
-92
-95
-97
-99
-103
-107
-109
-108
-104
-102
-101
-103
-104
-105
-104
-103
-100
-99
-98
-99
-99
-97
-95
-95
-97
-98
-96
-95
-94
-94
-93
-95
-98
-100
-98
-92
-89
-88
-88
-85
-85
-86
-85
-79
-71
-67
-66
-62
-53
-46
-43
-43
-40
-33
-26
-21
-15
-10
-7
-7
-7
-2
5
9
8
7
9
13
15
13
11
11
10
8
6
6
6
4
2
0
-1
-3
-8
-12
-16
-19
-23
-27
-31
-34
-37
-40
-45
-53
-60
-66
-70
-74
-81
-89
-96
-103
-110
-117
-124
-132
-141
-150
-157
-163
-171
-179
-190
-199
-206
-210
-214
-221
-230
-237
-239
-239
-243
-251
-258
-261
-262
-264
-268
-270
-270
-270
-273
-274
-273
-272
-275
-278
-277
-273
-273
-277
-279
-277
-276
-276
-275
-272
-269
-266
-262
-257
-254
-254
-252
-244
-234
-227
-223
-219
-211
-201
-193
-185
-177
-168
-158
-149
-139
-127
-112
-98
-87
-72
-51
-29
-12
1
17
38
54
66
82
105
123
132
141
157
175
186
193
204
219
231
238
247
258
266
266
268
277
290
298
301
304
311
319
323
325
328
333
338
341
344
348
353
356
356
358
362
364
362
358
358
359
357
352
349
347
345
340
333
325
318
312
305
297
289
281
272
260
247
238
233
225
212
201
195
190
178
163
152
146
140
130
122
118
114
104
93
85
83
81
75
68
62
56
49
41
35
32
30
27
21
15
9
3
-5
-12
-17
-22
-27
-33
-38
-43
-48
-54
-60
-65
-68
-69
-71
-75
-80
-84
-88
-89
-89
-88
-88
-89
-90
-89
-86
-85
-87
-88
-87
-85
-83
-83
-82
-81
-81
-81
-80
-77
-73
-73
-74
-74
-71
-70
-69
-68
-66
-64
-63
-61
-59
-57
-56
-56
-53
-51
-50
-51
-49
-45
-44
-45
-43
-39
-35
-33
-31
-27
-24
-23
-23
-21
-17
-15
-14
-13
-11
-9
-9
-9
-9
-9
-10
-12
-13
-14
-15
-16
-19
-22
-23
-24
-26
-31
-35
-37
-40
-44
-49
-53
-55
-58
-63
-68
-73
-76
-79
-83
-88
-92
-97
-103
-109
-112
-116
-122
-130
-135
-139
-142
-148
-154
-159
-162
-168
-174
-180
-185
-189
-196
-202
-205
-207
-210
-216
-222
-224
-224
-226
-229
-230
-228
-227
-231
-237
-237
-235
-234
-235
-235
-231
-228
-231
-237
-237
-233
-232
-234
-237
-234
-230
-230
-231
-228
-222
-217
-216
-213
-206
-198
-194
-192
-185
-173
-164
-161
-156
-145
-135
-130
-127
-119
-107
-99
-93
-85
-75
-67
-63
-58
-43
-22
0
17
28
38
50
63
75
86
98
112
126
138
148
159
168
173
179
187
200
212
222
227
229
231
235
240
247
253
260
267
271
273
275
281
284
284
283
287
295
301
302
303
305
306
305
305
307
308
305
300
297
298
298
297
294
291
288
284
279
273
269
266
259
249
239
231
224
215
205
198
192
184
175
166
158
149
137
125
117
112
107
100
92
83
77
72
66
58
51
45
42
37
31
27
24
20
16
12
7
2
-4
-8
-11
-14
-17
-23
-29
-36
-43
-48
-52
-56
-60
-64
-67
-69
-74
-79
-84
-89
-93
-95
-94
-92
-90
-92
-96
-98
-98
-96
-93
-92
-91
-90
-89
-87
-86
-85
-84
-81
-78
-76
-72
-69
-68
-69
-69
-67
-64
-62
-60
-59
-55
-52
-50
-49
-47
-44
-42
-40
-40
-41
-41
-40
-39
-38
-36
-33
-30
-28
-27
-26
-24
-23
-23
-20
-15
-12
-11
-11
-9
-6
-4
-4
-4
-3
-2
-1
-2
-3
-4
-6
-8
-9
-10
-9
-10
-13
-15
-17
-21
-28
-33
-35
-36
-40
-46
-50
-53
-56
-61
-65
-67
-70
-76
-81
-84
-86
-90
-95
-101
-106
-109
-110
-113
-116
-121
-125
-129
-134
-138
-139
-139
-141
-146
-151
-153
-155
-160
-166
-170
-173
-177
-183
-187
-189
-192
-197
-201
-202
-200
-201
-204
-207
-208
-207
-208
-209
-209
-208
-209
-213
-214
-212
-210
-208
-208
-205
-200
-194
-190
-188
-187
-184
-177
-169
-163
-158
-154
-152
-151
-149
-142
-134
-129
-127
-123
-116
-109
-105
-105
-102
-94
-83
-75
-69
-61
-51
-42
-35
-26
-12
2
13
20
31
45
57
64
72
85
99
109
116
123
132
138
143
150
161
170
173
176
181
188
193
198
204
213
219
222
225
228
231
231
234
240
246
250
252
255
259
259
257
258
262
266
266
267
271
273
270
267
267
271
272
270
270
273
273
267
258
254
252
248
242
238
237
232
223
214
208
202
195
185
176
171
166
158
149
143
138
133
127
120
115
112
107
99
92
86
82
78
75
72
68
61
55
52
51
49
43
36
32
30
26
20
16
13
12
8
3
-1
-6
-13
-20
-26
-28
-31
-36
-41
-42
-42
-45
-50
-53
-53
-52
-52
-52
-52
-53
-54
-55
-54
-53
-53
-52
-51
-48
-47
-47
-49
-52
-54
-54
-51
-48
-47
-46
-45
-42
-38
-36
-35
-33
-31
-29
-27
-27
-26
-26
-28
-29
-30
-29
-28
-28
-29
-29
-29
-30
-31
-32
-32
-29
-27
-24
-22
-19
-16
-15
-15
-14
-13
-11
-12
-13
-14
-14
-15
-17
-18
-17
-17
-20
-24
-29
-29
-28
-28
-31
-37
-41
-42
-43
-45
-46
-47
-49
-52
-55
-56
-58
-62
-68
-73
-76
-79
-84
-88
-91
-94
-98
-102
-106
-111
-116
-119
-119
-119
-119
-119
-119
-121
-123
-123
-122
-120
-121
-123
-126
-129
-133
-136
-138
-140
-143
-146
-150
-151
-152
-154
-155
-157
-159
-163
-165
-167
-167
-166
-167
-168
-168
-169
-170
-169
-167
-165
-164
-162
-160
-155
-151
-149
-147
-145
-143
-141
-138
-133
-129
-125
-121
-117
-112
-110
-109
-108
-103
-96
-91
-88
-84
-80
-76
-72
-66
-55
-41
-31
-25
-19
-11
-2
6
13
22
30
36
40
46
53
59
62
64
70
78
83
86
88
92
99
105
110
114
121
128
136
143
146
148
149
152
157
164
171
175
177
178
179
182
184
185
186
191
198
201
198
196
196
200
204
207
211
215
216
217
219
220
218
213
210
212
215
214
210
205
200
195
189
183
179
174
168
161
156
153
147
141
137
135
134
132
129
127
125
121
114
107
103
102
100
96
91
87
84
80
76
73
69
65
60
55
51
47
43
38
33
31
30
27
21
15
10
6
2
-1
-3
-5
-9
-12
-15
-18
-22
-26
-29
-29
-28
-29
-32
-34
-36
-38
-40
-38
-36
-34
-34
-36
-38
-41
-42
-44
-43
-42
-41
-41
-43
-44
-44
-44
-43
-44
-45
-44
-42
-41
-42
-44
-45
-46
-46
-45
-45
-45
-45
-47
-48
-46
-45
-44
-45
-46
-45
-45
-44
-44
-43
-41
-40
-40
-41
-42
-43
-43
-43
-42
-41
-42
-44
-44
-44
-45
-47
-48
-49
-49
-51
-53
-55
-58
-60
-61
-62
-64
-66
-67
-66
-66
-67
-70
-73
-74
-76
-78
-79
-79
-80
-84
-87
-87
-86
-87
-89
-91
-92
-92
-95
-96
-96
-96
-98
-102
-104
-104
-106
-107
-110
-110
-111
-113
-114
-115
-116
-117
-117
-117
-117
-118
-120
-121
-121
-120
-120
-120
-120
-119
-118
-119
-120
-121
-121
-120
-118
-117
-115
-113
-113
-113
-113
-111
-108
-107
-106
-103
-100
-97
-96
-97
-95
-90
-85
-83
-81
-80
-79
-78
-77
-74
-71
-70
-70
-68
-63
-58
-53
-48
-43
-38
-32
-25
-17
-11
-6
-2
4
10
15
20
24
28
31
34
38
44
49
51
53
55
58
60
63
67
73
77
79
81
85
88
90
92
97
104
108
109
108
111
115
118
120
123
127
129
128
126
127
128
128
126
128
135
143
145
144
145
149
153
153
153
155
158
158
157
157
157
156
151
147
147
148
146
139
132
128
126
122
118
115
114
112
110
109
107
104
99
96
95
94
93
90
88
86
85
83
82
82
80
75
71
67
65
61
58
56
56
55
52
50
49
47
44
41
39
39
38
34
31
28
26
23
21
19
18
15
12
8
4
1
-3
-5
-6
-7
-7
-8
-10
-13
-15
-16
-16
-17
-18
-18
-19
-20
-22
-22
-21
-20
-19
-19
-18
-18
-17
-17
-17
-18
-19
-20
-21
-22
-23
-23
-23
-22
-22
-22
-23
-24
-24
-24
-25
-25
-25
-25
-27
-28
-28
-29
-31
-33
-33
-32
-32
-33
-34
-35
-37
-38
-39
-38
-38
-38
-38
-37
-36
-37
-38
-39
-39
-39
-40
-40
-40
-39
-39
-38
-38
-38
-40
-41
-41
-41
-42
-44
-45
-45
-47
-48
-49
-49
-49
-52
-56
-58
-59
-61
-63
-65
-66
-66
-67
-69
-68
-67
-67
-69
-71
-72
-72
-73
-75
-77
-77
-78
-78
-77
-76
-74
-75
-76
-77
-77
-77
-78
-79
-79
-79
-79
-78
-77
-76
-76
-77
-77
-77
-76
-75
-76
-76
-78
-79
-81
-80
-79
-78
-78
-78
-79
-79
-79
-78
-77
-76
-76
-75
-72
-70
-68
-67
-66
-64
-63
-61
-59
-55
-53
-53
-53
-52
-49
-45
-43
-41
-39
-36
-32
-29
-26
-23
-21
-19
-17
-15
-11
-7
-4
-1
1
3
5
6
7
9
11
14
17
21
23
26
28
32
35
38
40
43
48
50
51
52
54
57
59
60
62
65
68
69
69
72
75
77
78
80
82
84
83
83
86
89
91
91
92
94
96
97
97
98
98
98
99
99
100
100
99
97
97
97
96
95
93
93
94
92
90
89
90
90
90
89
90
91
91
91
90
90
87
83
81
80
81
80
78
76
75
74
72
70
69
67
66
65
64
62
59
56
54
51
49
47
46
45
43
40
39
38
36
34
34
33
31
29
27
26
25
23
20
19
17
16
13
12
11
9
7
6
6
6
5
4
3
3
3
3
2
2
1
-1
-3
-4
-5
-5
-5
-6
-7
-7
-9
-10
-12
-13
-14
-16
-18
-20
-22
-23
-23
-24
-24
-24
-25
-25
-24
-22
-21
-22
-22
-22
-20
-20
-21
-22
-23
-23
-25
-26
-26
-26
-27
-29
-29
-29
-29
-29
-29
-27
-26
-26
-28
-29
-29
-29
-29
-29
-30
-30
-31
-31
-32
-34
-36
-38
-39
-39
-39
-39
-40
-41
-42
-43
-44
-45
-45
-45
-44
-44
-45
-45
-45
-45
-44
-44
-43
-44
-44
-44
-43
-42
-43
-44
-45
-45
-46
-47
-47
-46
-46
-46
-46
-46
-47
-48
-49
-49
-49
-50
-51
-50
-50
-50
-51
-53
-54
-54
-54
-54
-54
-55
-56
-56
-56
-56
-55
-56
-56
-55
-54
-53
-52
-51
-51
-52
-53
-52
-50
-49
-48
-47
-46
-45
-44
-43
-42
-41
-41
-42
-41
-39
-38
-37
-36
-34
-33
-32
-31
-29
-27
-26
-26
-25
-24
-24
-23
-22
-20
-18
-16
-15
-13
-11
-10
-9
-8
-6
-4
-2
-1
0
0
1
3
5
8
10
12
13
15
16
17
19
21
24
26
29
31
34
36
38
39
41
42
43
43
44
45
45
46
47
49
50
51
51
51
51
52
53
53
53
54
55
56
57
57
57
58
60
60
59
58
58
58
58
59
59
60
61
61
60
59
58
57
56
55
55
55
55
54
53
52
53
54
55
56
56
56
55
53
51
49
47
46
45
44
43
42
40
37
35
34
34
32
30
28
27
26
26
25
25
25
24
25
26
25
24
22
22
22
22
21
20
19
18
17
16
15
14
13
11
9
8
7
4
3
3
4
4
4
4
4
3
2
1
1
0
-1
-2
-2
-2
-4
-5
-5
-6
-6
-8
-9
-11
-13
-15
-16
-17
-17
-18
-19
-19
-19
-19
-19
-20
-20
-20
-19
-19
-19
-20
-20
-19
-20
-20
-20
-20
-22
-23
-24
-24
-26
-28
-29
-29
-29
-29
-29
-29
-29
-30
-31
-31
-31
-32
-32
-32
-32
-33
-33
-34
-33
-32
-31
-32
-33
-33
-34
-35
-36
-36
-37
-38
-39
-39
-39
-39
-39
-39
-39
-38
-38
-38
-38
-39
-39
-38
-37
-37
-37
-36
-36
-36
-37
-38
-38
-38
-37
-37
-37
-36
-36
-37
-37
-37
-37
-37
-35
-34
-34
-34
-35
-35
-35
-36
-36
-34
-33
-32
-32
-32
-31
-31
-32
-32
-31
-31
-31
-31
-29
-29
-29
-29
-29
-28
-27
-26
-25
-24
-24
-23
-23
-22
-21
-20
-19
-18
-17
-16
-15
-14
-14
-13
-12
-11
-11
-11
-10
-8
-7
-6
-5
-5
-5
-5
-5
-5
-3
-2
-2
-2
-2
0
1
1
1
2
3
3
4
5
5
6
6
7
8
8
9
11
11
12
13
14
16
15
15
16
18
19
19
20
22
23
23
24
25
25
25
25
25
27
27
27
27
27
27
27
28
28
28
28
27
27
27
27
26
25
25
26
27
27
28
29
28
28
27
27
28
28
28
28
28
27
26
26
27
27
27
26
26
26
26
26
25
25
25
25
24
24
24
24
25
24
23
22
21
21
20
19
17
17
17
17
16
16
15
15
13
13
13
13
12
12
12
12
12
12
12
12
13
12
12
12
12
12
11
11
9
8
7
7
7
6
5
4
4
4
4
4
4
4
3
3
4
4
4
4
3
2
2
0
-1
-1
-2
-1
-1
-2
-3
-4
-4
-3
-4
-4
-5
-5
-5
-5
-5
-5
-5
-5
-4
-4
-5
-5
-5
-4
-5
-5
-5
-5
-6
-7
-7
-6
-6
-7
-8
-8
-8
-8
-9
-9
-10
-10
-11
-11
-10
-10
-11
-11
-11
-11
-11
-10
-9
-9
-9
-9
-9
-9
-9
-10
-10
-10
-10
-10
-11
-11
-11
-11
-11
-10
-10
-9
-9
-9
-9
-9
-8
-9
-9
-9
-9
-9
-8
-8
-8
-9
-9
-9
-10
-11
-12
-11
-11
-10
-10
-10
-10
-11
-11
-11
-11
-10
-10
-9
-9
-9
-9
-9
-9
-9
-8
-8
-7
-7
-7
-7
-7
-7
-7
-7
-7
-7
-7
-7
-7
-6
-5
-5
-5
-5
-5
-5
-5
-4
-4
-4
-4
-4
-3
-2
-2
-3
-3
-4
-3
-3
-3
-2
-2
-2
-3
-3
-3
-2
-2
-1
0
0
0
0
0
0
1
1
1
2
2
1
1
2
2
1
1
2
2
3
3
4
4
4
4
4
4
4
4
4
5
5
5
5
5
5
4
5
6
6
6
6
6
7
8
8
8
8
8
8
8
8
8
9
9
9
8
9
9
10
9
9
9
9
10
9
9
9
10
10
10
9
9
9
9
11
11
11
9
9
9
9
9
9
9
9
9
9
9
10
11
11
11
11
11
11
10
10
11
11
11
11
11
11
10
9
9
9
9
10
10
9
9
9
9
9
8
8
9
10
9
9
9
8
7
7
7
8
8
7
7
8
8
7
7
7
8
7
6
5
5
5
4
4
4
5
4
4
4
3
3
2
2
2
2
2
2
3
3
2
2
2
2
2
2
2
2
1
1
1
1
1
1
1
2
2
2
2
1
0
0
1
1
0
0
1
1
1
1
0
0
-1
-1
-1
-1
-2
-2
-2
-2
-2
-3
-4
-4
-4
-3
-4
-4
-5
-5
-4
-4
-4
-4
-4
-3
-3
-3
-3
-3
-4
-4
-4
-4
-4
-4
-4
-4
-5
-5
-5
-5
-4
-4
-4
-4
-4
-4
-4
-5
-5
-5
-5
-5
-5
-5
-5
-5
-5
-5
-6
-6
-6
-6
-7
-7
-7
-7
-7
-7
-7
-6
-6
-6
-6
-5
-5
-5
-5
-6
-6
-6
-6
-7
-7
-7
-7
-7
-7
-7
-8
-8
-7
-7
-7
-7
-8
-8
-7
-7
-7
-6
-6
-5
-5
-5
-5
-5
-5
-5
-5
-5
-5
-5
-5
-6
-5
-4
-4
-4
-5
-6
-5
-4
-4
-4
-4
-3
-3
-3
-3
-3
-2
-2
-3
-3
-2
-2
-2
-2
-3
-3
-2
-3
-3
-3
-2
-2
-3
-3
-3
-2
-2
-2
-2
-2
-2
-2
-1
-1
-1
-1
-1
-1
0
0
0
0
0
0
0
1
0
0
0
0
0
0
0
0
0
-1
0
0
0
1
1
2
2
2
2
2
2
2
2
2
2
2
2
2
2
2
1
1
1
1
1
1
1
1
2
2
2
2
2
2
2
2
2
2
2
2
2
2
2
1
1
1
1
1
1
1
1
0
-1
-1
0
0
0
0
0
0
0
0
0
1
1
1
1
1
1
0
0
0
0
0
0
-1
-1
-1
-1
-1
-1
-1
-1
-1
-2
-2
-2
-2
-2
-2
-2
-2
-2
-1
-1
-1
-2
-2
-2
-2
-2
-2
-2
-2
-2
-2
-3
-3
-3
-2
-2
-2
-2
-2
-2
-2
-2
-3
-2
-2
-2
-2
-2
-2
-2
-2
-3
-3
-3
-3
-3
-2
-2
-3
-3
-3
-3
-3
-3
-3
-3
-3
-3
-3
-3
-3
-5
-5
-4
-4
-3
-3
-4
-5
-5
-5
-5
-5
-5
-5
-5
-5
-5
-5
-5
-5
-5
-5
-5
-4
-4
-3
-3
-3
-4
-4
-3
-3
-3
-4
-4
-4
-4
-4
-3
-3
-4
-5
-5
-5
-4
-4
-4
-4
-4
-5
-5
-5
-5
-5
-4
-5
-5
-5
-5
-5
-5
-5
-5
-4
-4
-5
-5
-5
-5
-4
-4
-4
-5
-4
-3
-3
-3
-4
-4
-3
-3
-3
-3
-2
-2
-2
-2
-2
-2
-2
-2
-2
-2
-2
-2
-2
-2
-2
-2
-2
-2
-2
-2
-2
-2
-2
-2
-2
-2
-2
-3
-3
-2
-2
-2
-2
-2
-2
-2
-2
-1
-1
-1
-2
-2
-2
-1
-1
-1
-1
0
0
0
-1
0
0
1
1
1
1
1
0
0
0
0
1
1
1
1
1
1
2
2
2
2
2
2
2
1
1
1
1
2
2
1
1
2
2
2
2
2
2
2
2
2
2
3
3
3
3
3
3
3
3
3
3
3
3
3
3
2
2
3
3
4
4
4
3
3
3
4
4
4
4
5
5
4
4
4
4
4
4
4
4
4
4
4
4
4
5
5
5
5
5
5
5
5
5
5
5
5
5
5
5
5
5
5
5
4
5
5
5
4
3
4
4
4
4
4
4
4
4
4
4
4
3
3
3
3
3
3
4
4
4
4
3
3
3
3
3
3
3
4
4
4
3
3
3
3
3
3
3
3
2
2
2
2
2
2
2
2
2
2
2
2
2
2
2
2
2
2
2
2
2
2
1
1
2
1
1
0
0
1
1
1
0
0
1
1
1
0
1
1
1
0
0
0
0
0
0
0
0
0
0
1
0
0
0
0
0
0
-1
0
0
1
1
1
0
0
0
0
-1
-1
-1
0
0
0
0
0
0
0
0
-1
-1
-2
-1
-1
-2
-2
-2
-2
-2
-1
-1
-1
-1
-1
-1
-2
-2
-1
-1
-2
-2
-2
-1
-1
-1
-1
-1
0
0
0
0
0
0
1
0
0
-1
-1
-1
-1
-1
-1
0
0
-1
-1
-1
0
0
-1
-1
-1
-2
-2
-2
-2
-1
-1
-1
-1
-1
-2
-2
-1
0
0
0
0
0
0
0
0
0
0
0
0
0
-1
-1
0
0
0
-1
-1
-1
-1
-1
-1
0
0
0
-1
-1
-1
-1
0
0
-1
-1
-1
0
1
0
0
0
0
0
0
0
1
1
0
0
0
1
0
0
0
0
1
0
0
0
0
0
-1
0
1
1
1
0
-1
0
0
0
0
0
0
0
0
0
0
0
0
0
1
0
0
0
1
1
1
2
2
1
1
1
2
2
2
2
2
1
1
1
1
1
1
1
1
1
1
0
0
0
0
0
0
0
0
0
0
0
0
0
0
0
0
0
0
0
0
0
0
0
0
0
0
0
0
0
0
0
-1
-1
0
0
-1
-1
-1
0
0
-1
-1
0
0
0
0
0
0
0
0
0
0
0
0
0
-1
-1
-1
0
-1
-1
-1
-1
-1
-2
-2
-2
-2
-2
-2
-2
-2
-2
-2
-2
-2
-2
-2
-2
-2
-1
-1
-1
-1
-2
-2
-2
-2
-2
-2
-2
-2
-2
-2
-2
-2
-3
-3
-3
-2
-2
-2
-2
-2
-1
-1
-2
-2
-2
-2
-2
-2
-2
-2
-2
-3
-2
-2
-2
-2
-2
-2
-2
-2
-2
-3
-3
-2
-2
-2
-2
-2
-2
-2
-2
-2
-2
-2
-1
-1
-2
-2
-1
-1
-1
-2
-2
-2
-2
-2
-2
-2
-2
-3
-3
-3
-3
-3
-2
-2
-2
-2
-2
-2
-2
-2
-2
-1
-2
-2
-2
-2
-2
-2
-2
-1
-1
-1
-2
-1
-1
-1
-2
-2
-2
-1
-1
-1
-2
-2
-2
-2
-2
-1
-1
-1
-1
-1
-1
-1
-2
-2
-2
-2
-1
-2
-2
-2
-2
-2
-1
-1
-1
-2
-2
-2
-2
-1
-1
-1
-2
-2
-2
-1
-1
-1
-1
-1
-1
-1
-1
-1
-1
-1
-1
-1
-1
-1
-1
0
0
0
0
-1
-1
-1
-1
0
0
0
0
-1
-1
-1
-1
-1
-1
-1
-1
-1
-1
-1
-1
-1
-1
-1
-1
-1
-1
-1
-1
-1
-1
-1
-1
-1
-1
-1
0
-1
-1
-1
-1
-1
0
0
0
-1
-1
-1
-1
-1
-1
0
0
-1
-2
-1
-1
-1
-1
-1
-1
-1
-1
-1
-1
-2
-2
-1
-1
-2
-2
-1
-1
0
0
0
-1
-1
-1
-1
-1
-1
-1
-1
-1
-1
-1
-1
0
0
0
-1
0
-1
-1
-1
0
0
0
-1
-1
-1
-1
-1
-1
0
0
-1
-1
-1
-1
0
0
0
-1
-1
-1
-1
0
0
0
-1
-1
-1
-1
-1
-1
-1
-1
-1
-1
-1
-1
-1
-2
-2
-2
-1
-2
-2
-2
-1
-1
-1
-2
-2
-2
-2
-1
-1
-1
-2
-2
-2
-2
-1
-1
-1
-1
-1
0
0
0
0
0
0
0
0
0
0
0
0
-1
-1
-1
-1
-1
0
-1
-1
-1
-1
-2
-1
-1
-1
-1
-1
-1
-1
-1
-1
-1
-2
-2
-2
-1
-1
-1
-1
-1
-1
-1
-1
-1
-1
-1
-1
-1
-1
-1
-1
-1
-1
-1
-1
-1
-1
-1
0
-1
-1
-1
-1
-1
-1
-1
0
0
0
-1
-1
-1
-1
-1
-2
-2
-2
-1
0
0
-1
-1
-1
-1
-1
-1
-1
-1
-1
-1
-1
0
0
0
0
0
0
0
0
0
0
0
0
1
0
0
0
0
0
0
0
0
0
0
0
0
-1
0
0
-1
-1
-1
-1
0
0
0
0
-1
0
0
0
0
0
0
0
0
-1
-1
-1
-1
0
0
0
0
0
0
0
-1
-1
-1
0
0
0
0
0
0
0
0
0
0
0
0
0
0
0
0
0
0
1
0
0
0
0
0
0
1
1
0
-1
0
0
1
0
0
0
0
0
0
1
1
0
0
0
1
1
1
0
0
0
0
0
0
0
0
0
-1
-1
0
0
0
0
0
1
0
0
0
0
1
0
0
0
1
1
1
1
0
0
1
1
0
0
0
1
0
0
0
0
0
0
0
0
0
0
0
0
0
0
0
0
0
0
0
-1
-1
-1
0
0
1
0
-1
0
0
0
0
0
0
0
0
1
0
0
0
0
0
0
0
0
0
0
0
0
0
0
0
0
0
0
0
0
0
0
0
0
0
0
0
0
0
0
0
0
0
0
0
1
1
0
0
0
0
0
0
0
1
0
-1
-1
0
0
0
0
0
0
0
0
0
-1
-1
-1
-1
0
0
0
0
0
0
0
0
0
0
0
0
0
0
0
0
0
0
0
0
0
0
0
0
0
0
0
0
0
0
0
0
0
0
0
0
0
0
0
1
1
1
0
0
0
0
0
0
0
0
0
0
1
1
0
-1
-1
0
0
0
0
0
-1
-1
-1
-1
-1
-1
-1
0
0
-1
-1
0
0
0
-1
0
0
1
1
1
0
0
0
1
1
1
1
1
1
0
0
1
1
0
-1
-1
0
0
0
0
0
0
0
-1
-1
-1
-1
-1
-1
-1
-1
-1
-1
-2
-1
0
0
0
-1
-1
0
0
0
0
0
-1
0
0
0
0
0
0
0
0
0
0
0
0
0
0
0
0
0
0
0
0
0
0
0
0
0
0
0
0
0
0
0
0
0
0
-1
-1
-1
-1
-1
-1
0
-1
-1
0
0
0
0
0
0
0
-1
0
0
0
0
0
0
1
1
0
0
0
0
0
0
0
0
0
0
0
0
0
0
0
0
0
0
0
0
0
0
0
0
0
0
0
0
0
0
1
1
0
0
0
0
0
0
0
1
0
0
0
0
0
0
0
0
1
0
-1
0
0
0
0
0
0
0
-1
-1
0
0
0
0
0
0
0
0
0
1
1
1
1
1
0
0
0
0
0
0
0
0
0
0
0
0
0
0
0
1
1
1
1
1
1
1
1
0
0
1
1
1
1
0
0
0
0
1
1
0
-1
-1
0
0
0
0
0
-1
-1
0
0
1
0
0
0
0
0
0
0
0
1
1
1
1
1
1
0
0
0
0
1
1
1
0
0
1
1
1
1
1
0
0
0
0
0
0
0
0
-1
-1
-1
0
0
-1
0
0
0
-1
-1
0
0
0
0
0
0
-1
-1
-1
-1
-1
-1
0
0
0
0
0
0
0
0
0
0
0
0
0
-1
-1
-1
-1
-1
-1
-2
-1
-1
0
-1
-1
-1
-1
-1
-1
0
0
0
0
-1
-1
0
0
-1
-1
-1
-1
-1
-1
0
0
-1
-1
-1
-1
-1
-1
-1
-1
-2
-2
-2
-2
-2
-2
-2
-1
-1
-1
-1
-1
-2
-2
-2
-2
-2
-2
-2
-2
-2
-2
-2
-1
0
-1
-1
-1
-1
0
0
0
-1
-1
-1
-1
-1
-1
-1
-1
0
-1
-1
-1
-1
0
-1
-1
-1
-1
-2
-2
-2
-2
-1
-1
-1
-1
-2
-2
-2
-1
-1
-1
-1
-1
-1
-2
-2
-1
-1
-1
-2
-1
-1
-2
-2
-2
-1
-1
-1
-2
-2
-1
-1
-1
-1
-2
-2
-2
-2
-2
-1
-2
-2
-2
-2
-1
-1
-1
-1
-1
-1
-1
-1
-1
-1
-1
-1
-1
-1
-1
-2
-2
-2
-1
-1
-2
-2
-2
-1
-1
-2
-2
-2
-1
-2
-2
-2
-2
-2
-2
-2
-2
-1
-1
-2
-2
-2
-2
-2
-2
-2
-2
-2
-2
-1
-1
-1
-1
-1
-1
-1
-1
-1
-1
-1
-1
-1
-1
-1
-1
-1
-2
-2
-1
-1
-1
-2
-2
-2
-2
-1
-1
-1
-2
-2
-2
-2
-2
-2
-2
-2
-2
-2
-1
-1
-1
-1
-1
-1
-1
-1
-1
-1
-1
-1
-1
0
0
-1
-1
-1
-1
-1
-1
0
0
0
-1
-1
-1
-1
-1
-1
-1
-1
-1
0
0
0
0
0
0
0
0
0
0
0
0
-1
-1
-1
-1
-1
-1
-1
-1
-1
-1
0
0
0
-1
0
0
-1
-1
-1
0
0
0
0
0
0
-1
0
0
-1
-1
0
0
-1
-1
-1
-1
-1
-1
0
0
0
0
0
1
1
0
0
0
0
0
0
0
0
0
0
0
0
0
0
0
0
0
0
0
-1
0
0
0
0
0
0
0
0
0
0
0
0
0
0
0
0
0
0
0
0
0
0
0
0
0
0
0
0
-1
-1
-1
-1
0
0
-1
-1
0
0
-1
-1
-1
0
0
0
0
1
1
0
0
1
1
1
1
1
1
1
0
0
1
0
1
1
1
0
0
0
1
0
0
0
0
0
1
0
0
0
0
1
0
0
0
0
0
0
1
1
1
1
0
0
0
0
0
0
0
0
0
0
0
0
0
1
1
1
0
0
0
0
0
0
1
1
1
1
0
0
1
1
1
1
1
1
1
1
1
1
1
1
1
1
0
0
0
1
1
1
1
2
1
1
0
0
1
1
1
1
0
0
0
0
1
1
0
0
0
0
0
0
1
1
1
0
0
1
1
1
1
1
1
1
1
1
1
1
1
1
1
2
1
1
1
0
1
1
1
0
0
1
1
1
1
1
0
0
0
1
1
0
0
1
1
1
0
1
1
1
0
0
1
1
1
0
0
1
0
0
1
1
0
0
1
1
1
1
1
0
0
0
0
1
1
1
1
1
1
1
1
1
1
1
1
0
0
1
1
0
0
0
1
0
0
0
0
0
0
0
0
0
0
0
-1
-1
0
0
0
1
1
0
0
0
0
0
0
0
0
0
1
1
1
1
1
1
1
1
1
0
0
0
0
0
0
0
0
0
0
0
-1
-1
-1
-1
-1
-1
-1
-1
-1
-1
-1
-1
-1
-1
-1
-1
0
-1
-1
-1
-1
-1
-1
-1
-1
-1
-1
-1
-1
0
-1
0
0
0
-1
-1
0
0
0
0
0
0
0
0
0
0
0
0
0
0
-1
-1
-1
-1
-1
-1
-1
-1
-1
-1
-1
-1
-1
-1
-1
-1
-1
-1
-1
-1
-1
-1
-1
-1
-1
-1
-1
-1
-1
-1
-1
-1
-1
-1
0
-1
-1
-1
-1
-1
-1
-1
0
-1
-1
-1
-1
-1
-1
-1
-1
-1
-1
-2
-1
-1
-1
-2
-2
-1
-1
-1
-1
-1
-1
-1
-1
-1
-1
-1
-1
-2
-2
-1
-1
-1
-1
-1
-2
-2
-2
-1
-1
-1
-1
-1
-1
-1
-1
-1
-1
-1
-1
-1
-1
-1
-1
-1
-1
0
-1
-2
-2
-2
-2
-1
-1
-1
-2
-2
-2
-1
-1
-1
-1
-1
-1
-1
-2
-2
-1
-1
-2
-2
-1
-1
-1
-1
-1
-1
-1
-1
-1
-1
-1
-1
-2
-2
-1
-1
-1
-1
-1
-1
-1
-1
-1
-1
-1
-1
-1
-1
-1
-1
-1
-1
-1
-1
-1
-1
-1
-2
-2
-1
-1
-1
-1
-2
-2
-2
-2
-1
-1
-2
-2
-2
-1
-1
-2
-2
-1
-1
-1
-2
-2
-1
-1
-1
-1
-1
-1
-2
-2
-2
-1
-1
-2
-2
-1
-1
-1
-1
-2
-2
-1
-1
-1
-1
-2
-2
-1
-1
-1
-1
-1
-1
-1
-1
-1
-1
-1
-2
-2
-1
-1
-1
-1
-1
-1
-2
-1
-1
-1
-2
-2
-1
-1
-2
-2
-1
-1
-2
-2
-2
-1
-2
-2
-2
-2
-2
-2
-2
-2
-2
-2
-2
-2
-2
-2
-2
-2
-2
-2
-2
-2
-2
-2
-2
-2
-2
-2
-2
-1
-2
-2
-2
-1
-1
-1
-1
-1
-1
-1
-1
-1
-2
-2
-2
-1
-1
-1
-1
-1
-1
-2
-2
-1
-1
-1
-2
-1
-1
-1
-1
-1
-1
-1
-2
-2
-2
-2
-2
-2
-1
-1
-1
-2
-2
-2
-2
-2
-2
-2
-2
-2
-2
-1
-2
-2
-2
-1
-1
-2
-2
-1
-1
-1
-1
-1
0
-1
-1
0
0
-1
-1
-1
0
0
0
0
0
0
-1
0
0
-1
-1
-1
-1
-1
0
0
-1
-1
-1
-1
-2
-2
-1
-1
-1
-2
-2
-1
-1
-2
-2
-1
-1
-1
-1
-1
-1
-1
-1
-1
-1
-1
-1
0
0
-1
-1
-1
0
0
-1
-1
0
0
-1
0
0
0
0
-1
0
0
0
0
0
0
0
0
0
0
0
0
0
0
0
0
0
0
-1
-1
-1
0
0
-1
-1
0
0
0
0
0
-1
-1
-1
0
0
0
-1
-1
0
0
0
0
0
0
0
0
0
0
0
0
0
0
0
0
0
0
0
0
0
0
0
1
1
0
0
0
1
1
0
0
1
1
0
0
0
0
0
0
0
0
0
0
0
0
0
1
0
0
0
0
0
0
0
0
0
0
1
1
0
0
0
0
0
0
0
0
0
0
0
0
0
0
0
1
1
1
0
0
0
1
1
0
0
0
0
1
1
1
1
1
1
1
1
1
1
1
1
1
0
0
1
1
1
1
1
1
1
1
1
1
1
0
0
0
0
0
0
0
0
0
0
1
1
0
0
0
0
0
0
0
0
1
1
1
1
1
1
1
1
1
1
1
1
1
1
1
1
1
2
1
1
1
1
1
1
1
1
1
1
0
0
0
1
1
1
1
1
1
1
1
1
1
0
0
0
1
1
1
1
1
1
1
1
1
1
1
0
0
0
1
1
1
1
1
1
1
1
1
1
1
1
0
0
1
1
1
0
0
0
1
1
1
1
1
1
0
1
1
1
1
1
1
1
1
1
1
1
1
1
1
1
1
1
1
1
1
0
0
1
1
1
1
1
1
1
1
1
1
1
1
1
0
0
0
1
1
0
0
1
1
1
0
0
1
1
1
1
1
1
1
1
1
1
1
1
1
1
1
1
1
1
0
0
1
1
0
0
0
1
1
1
1
1
1
0
0
1
1
1
1
1
1
1
0
0
1
1
0
0
0
1
0
0
0
0
0
0
0
0
0
0
0
0
0
0
0
0
1
0
0
-1
-1
0
0
0
0
0
0
0
0
0
0
0
0
0
0
0
0
0
0
0
0
0
0
0
0
0
0
0
0
0
0
0
0
0
0
0
0
0
0
0
0
0
-1
-1
-1
0
0
0
-1
-1
0
0
0
-1
-1
-1
-1
-1
0
0
0
-1
-1
-1
-1
-1
-1
-1
-1
-1
-1
-1
-1
-1
-1
-1
-1
-1
-1
-1
-1
-1
-1
-1
-1
-1
-1
-1
-1
-1
-1
-1
-1
-1
-1
0
0
-1
0
0
0
-1
-1
-1
-1
-1
-1
-1
-1
-1
-1
-1
-1
-1
-1
-1
-1
-1
-2
-2
-1
-1
-1
-1
-1
-1
-1
-1
-1
-1
-1
-1
-1
-1
-1
-1
-1
-1
-1
-1
-1
-1
-1
-1
-1
-1
-1
-1
-1
-1
-1
-1
-1
-1
-1
-1
-1
-2
-2
-1
-1
-2
-2
-2
-1
-1
-1
-1
-1
-1
-1
-2
-2
-1
-1
-1
-1
-1
-1
-1
-1
-1
-1
-2
-2
-1
-1
-1
-1
-1
-1
-1
-2
-1
-1
-1
-1
-1
-1
-1
-1
-1
-1
-1
-1
-1
-2
-2
-1
-1
-1
-2
-2
-2
-2
-2
-2
-2
-2
-2
-2
-2
-2
-2
-2
-2
-2
-2
-2
-2
-2
-2
-2
-2
-2
-2
-2
-1
-1
-1
-1
-1
-1
-1
-1
-1
-1
-1
-1
-1
-2
-1
-1
-1
-1
-1
-1
0
-1
-1
-1
-1
-1
-1
-1
-1
-1
-1
-1
-1
-1
-1
-2
-2
-1
-1
-1
-1
-1
-1
-1
-1
-1
-1
-1
-1
-1
-1
-1
-1
-1
-1
-1
-1
-1
-1
-1
-1
-1
-1
-1
-1
-1
-1
-1
-1
-1
-1
-1
-1
-1
-1
-1
-1
-1
-1
-1
0
0
-1
-1
-1
-1
-1
-1
-1
-1
-1
-1
-1
-1
-1
-1
-1
-1
-1
-1
-1
-1
-1
-1
-1
-1
-1
-1
-1
-1
-1
-1
-1
-1
-1
-1
-1
-1
-1
-1
-1
-1
-1
-1
-1
-1
-1
-1
-2
-1
-1
-1
-1
-1
-1
-1
-1
-1
-1
-1
-1
-1
-1
-1
-1
-1
-1
-1
0
0
0
-1
-1
-1
-1
-1
-1
-1
0
0
-1
-1
-1
-1
-1
-1
-1
-1
-1
-1
-1
-1
-1
-1
0
0
-1
-1
-1
-1
-1
0
0
-1
-1
-1
-1
-1
-1
-1
-1
-1
-1
-1
-1
-1
0
0
-1
-1
0
0
0
0
0
0
0
0
0
0
0
0
0
0
-1
0
0
0
0
-1
0
0
0
0
0
0
0
0
0
0
0
0
0
-1
0
0
0
0
0
0
1
0
0
-1
-1
-1
-1
0
0
-1
-1
-1
0
0
0
-1
0
0
0
0
0
0
0
0
0
0
0
0
0
0
0
0
0
0
0
0
0
1
0
0
0
0
0
0
0
0
0
0
0
0
0
-1
-1
-1
0
0
0
0
0
0
0
0
0
0
0
0
0
0
0
0
0
0
0
1
1
1
0
0
0
0
0
1
0
0
0
0
0
0
0
0
0
0
0
0
0
0
0
0
0
0
0
0
0
0
0
0
0
0
0
0
0
0
0
0
0
0
0
0
0
1
0
0
1
1
1
0
0
0
0
0
0
1
1
0
0
0
0
0
0
0
0
0
0
0
0
0
0
0
0
0
0
0
0
0
0
0
0
0
0
0
0
0
0
0
0
0
0
0
0
0
0
0
0
0
0
0
0
0
0
0
0
0
0
0
0
0
0
0
0
0
0
0
0
0
0
0
0
0
0
0
0
0
0
0
0
0
0
1
1
1
1
0
0
0
0
1
0
0
0
1
1
1
0
0
0
0
0
0
1
1
0
0
0
0
0
0
1
1
0
0
0
0
0
0
0
0
0
0
0
0
0
0
0
0
0
0
0
0
0
0
0
0
0
0
0
0
1
0
0
0
0
0
0
0
0
0
0
0
0
0
0
0
0
0
0
0
0
0
0
0
0
0
0
0
0
0
0
0
0
0
0
0
0
0
0
0
0
0
0
0
0
0
0
0
-1
-1
-1
-1
-1
-1
-1
-1
-1
-1
-1
-1
-1
-1
-1
-1
-1
-1
-1
-1
-1
-1
0
0
0
0
0
0
0
0
0
-1
-1
-1
0
0
0
0
-1
-1
-1
0
0
0
-1
-1
-1
-1
-1
-1
-1
-1
-1
-1
-1
-1
-1
-1
-1
-1
-1
-1
-1
-1
-1
-1
-1
0
-1
-1
-1
-1
-1
-1
-1
-1
-1
-1
-1
-1
-1
-1
-1
-1
-1
-1
-1
-1
-1
-1
-1
-1
-1
-2
-2
-1
-1
-1
-1
-1
-1
-1
-1
-1
-1
-1
-2
-2
-2
-1
-1
0
-1
-1
-1
-1
-1
-1
-1
-1
-1
-1
-1
-1
-1
-1
-1
-1
-1
-1
-1
-1
-1
-1
-1
-1
-1
-1
-1
-1
-1
-1
-1
-1
0
0
-1
-1
-1
-1
-1
-1
-1
-1
-1
-1
-1
-1
-1
-1
-1
-1
-1
-1
-1
-1
-1
-1
-1
-1
-1
-1
-1
-1
-1
-1
-1
-1
-1
-1
-1
-1
-1
-1
-1
-1
-1
-1
-1
-1
-1
-1
-1
-1
-1
-1
-1
-1
-1
-1
-1
-1
-1
-1
-1
-1
-1
0
0
-1
-1
-1
-1
-1
-1
-1
-1
-1
-1
-1
-1
-1
-1
-1
-1
-1
-1
-1
-1
-1
-1
-1
-1
-1
-1
0
0
-1
-1
-1
-1
-1
-1
-1
-1
-1
-1
-1
-1
0
0
0
0
0
0
0
0
0
0
-1
-1
-1
-1
0
0
0
0
0
0
-1
0
0
0
0
0
0
0
0
0
0
0
0
0
0
0
0
0
0
0
-1
0
0
0
0
0
0
0
0
0
0
0
0
0
0
0
0
0
0
0
0
0
0
0
0
0
0
0
0
0
0
-1
-1
0
0
0
-1
0
0
0
0
0
0
0
0
0
0
0
0
0
0
0
0
0
0
0
0
0
0
0
0
0
0
0
0
0
0
0
0
0
0
0
0
0
0
0
0
0
0
0
0
0
0
0
0
0
0
0
0
0
0
0
0
0
0
0
0
0
0
0
0
0
0
0
0
0
0
0
0
0
0
0
0
0
0
0
0
0
0
0
0
0
0
0
0
0
0
0
0
0
0
0
0
0
0
0
0
0
0
0
0
0
0
0
0
0
0
0
0
0
0
0
0
0
0
0
0
0
0
0
0
0
0
0
0
0
0
0
0
0
0
0
0
0
0
0
0
0
0
0
0
0
0
0
0
0
0
0
0
0
0
0
0
0
0
0
0
0
0
0
0
0
0
0
0
0
0
0
0
0
0
0
0
0
0
0
0
0
0
-1
-1
-1
0
0
-1
0
0
0
0
0
0
0
0
0
0
0
0
0
0
0
0
0
0
0
0
0
0
0
0
0
-1
-1
-1
-1
0
0
0
-1
-1
0
-1
-1
-1
0
0
0
0
0
0
0
0
0
0
0
0
0
0
0
0
-1
-1
-1
0
0
0
0
0
0
0
0
0
0
0
0
0
0
-1
0
0
0
-1
-1
-1
-1
-1
-1
0
-1
-1
-1
-1
-1
-1
-1
-1
-1
-1
-1
-1
-1
-1
-1
-1
-1
-1
-1
-1
-1
0
0
0
-1
-1
0
0
0
-1
-1
-1
0
-1
-1
-1
-1
0
0
-1
-1
-1
-1
-1
-1
-1
-1
-1
0
0
-1
-1
-1
-1
-1
-1
-1
-1
-1
-1
-1
-1
-1
-1
-1
0
0
-1
-1
-1
-1
0
-1
-1
-1
-1
-1
-1
-1
0
0
-1
-1
-1
0
0
-1
-1
-1
-1
-1
0
0
0
-1
-1
-1
-1
-1
0
0
0
-1
-1
-1
0
0
0
0
0
0
-1
-1
-1
-1
0
0
0
0
0
0
0
0
0
0
-1
-1
-1
0
0
0
0
0
0
-1
0
0
0
-1
0
0
0
0
0
0
0
0
0
0
0
0
0
0
0
0
0
0
0
-1
-1
-1
-1
-1
0
0
0
0
-1
0
0
0
0
0
0
0
0
0
0
0
0
-1
-1
0
0
0
0
0
-1
-1
0
0
0
0
0
0
0
0
0
-1
-1
-1
-1
0
0
0
0
-1
-1
0
0
0
-1
0
0
0
-1
-1
-1
-1
-1
-1
0
0
-1
0
0
0
0
0
0
-1
-1
-1
0
0
0
0
0
0
0
0
0
0
0
0
0
0
0
0
0
0
0
0
0
0
0
0
0
0
0
0
0
0
0
0
0
0
0
0
0
0
0
0
0
0
0
0
0
0
0
0
0
0
0
0
-1
0
0
0
-1
-1
0
0
0
0
0
0
0
0
0
0
0
0
0
0
0
0
0
0
0
0
0
0
0
0
0
0
-1
-1
0
0
0
0
0
0
0
0
0
0
0
0
0
0
0
0
0
0
0
0
0
0
0
-1
-1
0
0
0
0
0
0
0
0
0
0
0
0
0
0
-1
-1
0
0
0
0
-1
0
0
0
-1
-1
0
0
0
0
0
0
0
0
0
0
0
0
0
0
0
0
0
0
0
0
0
0
0
0
0
0
0
0
0
0
0
0
0
0
0
0
0
0
0
0
0
0
0
0
0
0
0
0
0
0
0
0
0
0
0
0
0
0
0
0
0
0
0
0
0
0
0
0
0
-1
0
0
0
0
0
0
0
0
0
0
0
0
0
0
0
0
0
0
0
0
0
0
0
0
0
0
0
0
-1
0
0
0
0
0
0
0
0
0
0
0
0
0
0
0
0
0
0
0
0
0
0
0
0
0
0
0
0
0
0
0
0
0
0
0
0
0
0
0
0
0
0
0
0
0
0
0
0
0
0
0
0
0
0
0
0
0
0
-1
-1
0
0
0
0
0
-1
0
0
0
0
0
0
0
0
0
0
0
0
-1
-1
-1
0
0
0
0
0
-1
-1
-1
0
0
0
0
0
0
0
0
0
0
0
0
0
0
0
0
0
0
0
0
0
0
0
-1
-1
0
0
0
0
0
0
0
0
0
-1
-1
0
0
-1
-1
0
0
-1
-1
0
0
0
0
0
0
0
0
0
0
0
0
0
0
0
0
0
0
0
0
0
0
0
0
0
0
0
0
0
0
0
0
0
0
0
0
0
0
0
0
0
0
0
0
0
0
0
0
0
0
0
0
0
0
0
0
0
0
0
0
0
0
-1
0
0
0
0
0
0
0
0
0
0
0
0
0
0
0
0
0
0
0
0
0
0
0
0
0
0
0
0
0
0
0
0
0
0
0
0
0
0
0
0
0
0
0
0
0
0
0
0
0
0
0
0
0
0
0
0
0
0
0
0
0
0
0
0
0
0
0
0
0
0
0
0
0
0
0
0
0
0
0
0
0
0
0
0
0
0
0
0
0
0
0
0
0
0
0
0
0
0
-1
-1
0
0
0
0
0
0
0
0
0
0
0
0
0
-1
0
0
0
0
0
0
0
0
0
0
0
0
0
0
0
0
0
0
0
0
0
0
0
0
0
0
0
0
0
0
0
0
0
0
0
0
0
0
0
0
0
0
0
0
0
0
0
0
0
0
0
0
0
0
0
0
0
0
0
0
0
0
0
0
0
0
0
0
0
0
0
0
0
0
0
0
0
0
0
0
0
0
-1
0
0
0
0
0
0
0
0
0
0
0
0
0
0
0
0
0
0
0
0
0
0
0
0
0
0
0
0
0
0
0
0
0
0
0
0
0
0
0
0
0
0
0
0
0
0
0
0
0
0
0
0
0
0
0
0
0
0
0
0
0
0
0
0
0
0
0
0
0
0
0
0
0
0
0
0
0
0
0
0
0
0
0
0
0
0
0
0
0
0
0
0
0
0
0
0
0
0
0
0
0
0
0
0
0
0
0
0
0
0
0
0
0
0
0
0
0
0
0
0
0
0
0
0
0
0
0
0
0
0
0
0
0
0
0
0
0
0
0
0
0
0
0
0
0
0
0
0
0
0
0
0
0
0
0
0
0
0
0
0
0
0
0
0
0
0
0
0
0
0
0
0
0
0
0
0
0
0
0
0
0
0
0
0
0
0
0
0
0
0
0
0
0
0
0
0
0
0
0
0
0
0
0
0
0
0
0
0
0
0
0
0
0
0
0
0
0
0
0
0
0
0
0
0
0
0
0
0
0
0
0
0
0
0
0
0
0
0
0
0
0
0
0
0
0
0
0
0
0
0
0
0
0
0
0
0
0
0
0
0
0
0
0
0
0
0
0
0
0
0
0
0
0
0
0
0
0
0
0
0
0
0
0
0
0
0
0
0
0
0
0
0
0
0
0
0
0
0
0
0
0
0
0
0
0
0
0
0
0
0
0
0
0
0
0
0
0
0
0
0
0
0
0
0
0
0
0
0
0
0
0
0
0
0
0
0
0
0
0
0
0
0
0
0
0
0
0
0
0
0
0
0
0
0
0
0
0
0
0
0
0
0
0
0
0
0
0
0
0
0
0
0
0
0
0
0
0
0
0
0
0
0
0
0
0
0
0
0
0
0
0
0
0
0
0
0
0
0
0
0
0
0
0
0
0
0
0
0
0
0
0
0
0
0
0
0
0
0
0
0
0
0
0
0
0
0
0
0
0
0
0
0
0
0
0
0
0
0
0
0
0
0
0
0
0
0
0
0
0
0
0
0
0
0
0
0
0
0
0
0
0
0
0
0
0
0
0
0
0
0
0
0
0
0
0
0
0
0
0
0
0
0
0
0
0
0
0
0
0
0
0
0
0
0
0
0
0
0
0
0
0
0
0
0
0
0
0
0
0
0
0
0
0
0
0
0
0
0
0
0
0
0
0
0
0
0
0
0
0
0
0
0
0
0
0
0
0
0
0
0
0
0
0
0
0
0
0
0
0
0
0
0
0
0
0
0
0
0
0
0
0
0
0
0
0
0
0
0
0
0
0
0
0
0
0
0
0
0
0
0
0
0
0
0
0
0
0
0
0
0
0
0
0
0
0
0
0
0
0
0
0
0
0
0
0
0
0
0
0
0
0
0
0
0
0
0
0
0
0
0
0
0
0
0
0
0
0
0
0
0
0
0
0
0
0
0
0
0
0
0
0
0
0
0
0
0
0
0
0
0
0
0
0
0
0
0
0
0
0
0
0
0
0
0
0
0
0
0
0
0
0
0
0
0
0
0
0
0
0
0
0
0
0
0
0
0
0
0
0
0
0
0
0
0
0
0
0
0
0
0
0
0
0
0
0
0
0
0
-1
0
0
0
0
0
0
0
0
0
0
0
0
0
0
0
0
0
0
0
0
0
0
0
0
0
0
0
0
0
0
0
0
0
0
0
0
0
0
0
0
0
0
0
0
0
0
0
0
0
0
0
0
0
0
0
0
0
0
0
0
0
0
0
0
0
0
0
0
0
0
0
0
0
0
0
0
0
0
0
0
0
0
0
0
0
0
0
0
0
0
0
0
0
0
0
0
0
0
0
0
0
0
0
0
0
0
0
0
0
0
0
0
0
0
0
0
0
0
0
0
0
0
0
0
0
0
0
0
0
0
0
0
0
0
0
0
0
0
0
0
0
0
0
0
0
0
0
0
0
0
0
0
0
0
0
0
0
0
0
0
0
0
0
0
0
0
0
0
0
0
0
0
0
0
0
0
0
0
0
0
0
0
0
0
0
0
0
0
0
0
0
0
0
0
0
0
0
0
0
0
0
0
0
0
0
0
0
0
0
0
0
0
0
0
0
0
0
0
0
0
0
0
0
0
0
0
0
0
0
0
0
0
0
0
0
0
0
0
0
0
0
0
0
0
0
0
0
0
0
0
0
0
0
0
0
0
0
0
0
0
0
0
0
0
0
0
0
0
0
0
0
0
0
0
0
0
0
0
0
0
0
0
0
0
0
0
0
0
0
0
0
0
0
0
0
0
0
0
0
0
0
0
0
0
0
0
0
0
0
0
0
0
0
0
0
0
0
0
0
0
0
0
0
0
0
0
0
0
0
0
0
0
0
0
0
0
0
0
0
0
0
0
0
0
0
0
0
0
0
0
0
0
0
0
0
0
0
0
0
0
0
0
0
0
0
0
0
0
0
0
0
0
0
0
0
0
0
0
0
0
0
0
0
0
0
0
0
0
0
0
0
0
0
0
0
0
0
0
0
0
0
0
0
0
0
0
0
0
0
0
0
0
0
0
0
0
0
0
0
0
0
0
0
0
0
0
0
0
0
0
0
0
0
0
0
0
0
0
0
0
0
0
0
0
0
0
0
0
0
0
0
0
0
0
0
0
0
0
0
0
0
0
0
0
0
0
0
0
0
0
0
0
0
0
0
0
0
0
0
0
0
0
0
0
0
0
0
0
0
0
0
0
0
0
0
0
0
0
0
0
0
0
0
0
0
0
0
0
0
0
0
0
0
0
0
0
0
0
0
0
0
0
0
0
0
0
0
0
0
0
0
0
0
0
0
0
0
0
0
0
0
0
0
0
0
0
0
0
0
0
0
0
0
0
0
0
0
0
0
0
0
0
0
0
0
0
0
0
0
0
0
0
0
0
0
0
0
0
0
0
0
0
0
0
0
0
0
0
0
0
0
0
0
0
0
0
0
0
0
0
0
0
0
0
0
0
0
0
0
0
0
0
0
0
0
0
0
0
0
0
0
0
0
0
0
0
0
0
0
0
0
0
0
0
0
0
0
0
0
0
0
0
0
0
0
0
0
0
0
0
0
0
0
0
0
0
0
0
0
0
0
0
0
0
0
0
0
0
0
0
0
0
0
0
0
0
0
0
0
0
0
0
0
0
0
0
0
0
0
0
0
0
0
0
0
0
0
0
0
0
0
0
0
0
0
0
0
0
0
0
-1
0
0
0
0
0
0
0
0
0
0
0
0
0
0
0
0
0
0
0
0
0
0
0
0
0
0
0
0
0
0
0
0
0
0
0
0
0
0
0
0
0
0
0
0
0
0
0
0
0
0
0
0
0
0
0
0
0
0
0
0
0
0
0
0
0
0
0
0
0
0
0
0
0
0
0
0
0
0
0
0
0
0
0
0
0
0
0
0
0
0
0
0
0
0
0
0
0
0
0
0
0
0
0
0
0
0
0
0
0
0
0
0
0
0
0
0
0
0
0
0
0
0
0
0
0
0
0
0
0
0
0
0
0
0
0
0
0
0
0
0
0
0
0
0
0
0
0
0
0
0
0
0
0
0
0
0
0
0
0
0
0
0
0
0
0
0
0
0
0
0
0
0
0
0
0
0
0
0
0
0
0
0
0
0
0
0
0
0
0
0
0
0
0
0
0
0
0
0
0
0
0
0
0
0
0
0
0
0
0
0
0
0
0
0
0
0
0
0
0
0
0
0
0
0
0
0
0
0
0
0
0
0
0
0
0
0
0
0
0
0
0
0
0
0
0
0
0
0
0
0
0
0
0
0
0
0
0
0
0
0
0
0
0
0
0
0
0
0
0
0
0
0
0
0
0
0
0
0
0
0
0
0
0
0
0
0
0
0
0
0
0
0
0
0
0
0
0
0
0
0
0
0
0
0
0
0
0
0
0
0
0
0
0
0
0
0
0
0
0
0
0
0
0
0
0
0
0
0
0
0
0
0
0
0
0
0
0
0
0
0
0
0
0
0
0
0
0
0
0
0
0
0
0
0
0
0
0
0
0
0
0
0
0
0
0
0
0
0
0
0
0
0
0
0
0
0
0
0
0
0
0
0
0
0
0
0
0
0
0
0
0
0
0
0
0
0
0
0
0
0
0
0
0
0
0
0
0
0
0
0
0
0
0
0
0
0
0
0
0
0
0
0
0
0
0
0
0
0
0
0
0
0
0
0
0
0
0
