0
0
0
0
0
0
0
0
0
0
0
0
0
0
0
0
0
0
0
0
0
0
0
0
0
0
0
0
0
0
0
0
0
0
0
0
0
0
0
0
0
0
0
0
0
0
0
0
0
0
0
0
0
0
0
0
0
0
0
0
0
0
0
0
0
0
0
0
0
0
0
0
0
0
0
0
0
0
0
0
0
0
0
0
0
0
0
0
0
0
0
0
0
0
0
0
0
0
0
0
0
0
0
0
0
0
0
0
0
0
0
0
0
0
0
0
0
0
0
0
0
0
0
0
0
0
0
0
0
0
0
0
0
0
0
0
0
0
0
0
0
0
0
0
0
0
0
0
0
0
0
0
0
0
0
0
0
0
0
0
0
0
0
0
0
0
0
0
0
0
0
0
0
0
0
0
0
0
0
0
0
0
0
0
0
0
0
0
0
0
0
0
0
0
0
0
0
0
0
0
0
0
0
0
0
0
0
0
0
0
0
0
0
0
0
0
0
0
0
0
0
0
0
0
0
0
0
0
0
0
0
0
0
0
0
0
0
0
0
0
0
0
0
0
0
0
0
0
0
0
0
0
0
0
0
0
0
0
0
0
0
0
0
0
0
0
0
0
0
0
0
0
0
0
0
0
0
0
0
0
0
0
0
0
0
0
0
0
0
0
0
0
0
0
0
0
0
0
0
0
0
0
0
0
0
0
0
0
0
0
0
0
0
0
0
0
0
0
0
0
0
0
0
0
0
0
0
0
0
0
0
0
0
0
0
0
0
0
0
0
0
0
0
0
0
0
0
0
0
0
0
0
0
0
0
0
0
0
0
0
0
0
0
0
0
0
0
0
0
0
0
0
0
0
0
0
0
0
0
0
0
0
0
0
0
0
0
0
0
0
0
0
0
0
0
0
0
0
0
0
0
0
0
0
0
0
0
0
0
0
0
0
0
0
0
0
0
0
0
0
0
0
0
0
0
0
0
0
0
0
0
0
0
0
0
0
0
0
0
0
0
0
0
0
0
0
0
0
0
0
0
0
0
0
0
0
0
0
0
0
0
0
0
0
0
0
0
0
0
0
0
0
0
0
0
0
0
0
0
0
0
0
0
0
0
0
0
0
0
0
0
0
0
0
0
0
0
0
0
0
0
0
0
0
0
0
0
0
0
0
0
0
0
0
0
0
0
0
0
0
0
0
0
0
0
0
0
0
0
0
0
0
0
0
0
0
0
0
0
0
0
0
0
0
0
0
0
0
0
0
0
0
0
0
0
0
0
0
0
0
0
0
0
0
0
0
0
0
0
0
0
0
0
0
0
0
0
0
0
0
0
0
0
0
0
0
0
0
0
0
0
0
0
0
0
0
0
0
0
0
0
0
0
0
0
0
0
0
0
0
0
0
0
0
0
0
0
0
0
0
0
0
0
0
0
0
0
0
0
0
0
0
0
0
0
0
0
0
0
0
0
0
0
0
0
0
0
0
0
0
0
0
0
0
0
0
0
0
0
0
0
0
0
0
0
0
0
0
0
0
0
0
0
0
0
0
0
0
0
0
0
0
0
0
0
0
0
0
0
0
0
0
0
0
0
0
0
0
0
0
0
0
0
0
0
0
0
0
0
0
0
0
0
0
0
0
0
0
0
0
0
0
0
0
0
0
0
0
0
0
0
0
0
0
0
0
0
0
0
0
0
0
0
0
0
0
0
0
0
0
0
0
0
0
0
0
0
0
0
0
0
0
0
0
0
0
0
0
0
0
0
0
0
0
0
0
0
0
0
0
0
0
0
0
0
0
0
0
0
0
0
0
0
0
0
0
0
0
0
0
0
0
0
0
0
0
0
0
0
0
0
0
0
0
0
0
0
0
0
0
0
0
0
0
0
0
0
0
0
0
0
0
0
0
0
0
0
0
0
0
0
0
0
0
0
0
0
0
0
0
0
0
0
0
0
0
0
0
0
0
0
0
0
0
0
0
0
0
0
0
0
0
0
0
0
0
0
0
0
0
0
0
0
0
0
0
0
0
0
0
0
0
0
0
0
0
0
0
0
0
0
0
0
0
0
0
0
0
0
0
0
0
0
0
0
0
0
0
0
0
0
0
0
0
0
0
0
0
0
0
0
0
0
0
0
0
0
0
0
0
0
0
0
0
0
0
0
0
0
0
0
0
0
0
0
0
0
0
0
0
0
0
0
0
0
0
0
0
0
0
0
0
0
0
0
0
0
0
0
0
0
0
0
0
0
0
0
0
0
0
0
0
0
0
0
0
0
0
0
0
0
0
0
0
0
0
0
0
0
0
0
0
0
0
0
0
0
0
0
0
0
0
0
0
0
0
0
0
0
0
0
0
0
0
0
0
0
0
0
0
0
0
0
0
0
0
0
0
0
0
0
0
0
0
0
0
0
0
0
0
0
0
0
0
0
0
0
0
0
0
0
0
0
0
0
0
0
0
0
0
0
0
0
0
0
0
0
0
0
0
0
0
0
0
0
0
0
0
0
0
0
0
0
0
0
0
0
0
0
0
0
0
0
0
0
0
0
0
0
0
0
0
0
0
0
0
0
0
0
0
0
0
0
0
0
0
0
0
0
0
0
0
0
0
0
0
0
0
0
0
0
0
0
0
0
0
0
0
0
0
0
0
0
0
0
0
0
0
0
0
0
0
0
0
0
0
0
0
0
0
0
0
0
0
0
0
0
0
0
0
0
0
0
0
0
0
0
0
0
0
0
0
0
0
0
0
0
0
0
0
0
0
0
0
0
0
0
0
0
0
0
0
0
0
0
0
0
0
0
0
0
0
0
0
0
0
0
0
0
0
0
0
0
0
0
0
0
0
0
0
0
0
0
0
0
0
0
0
0
0
0
0
0
0
0
0
0
0
0
0
0
0
0
0
0
0
0
0
0
0
0
0
0
0
0
0
0
0
0
0
0
0
0
0
0
0
0
0
0
0
0
0
0
0
0
0
0
0
0
0
0
0
0
0
0
0
0
0
0
0
0
0
0
0
0
0
0
0
0
0
0
0
0
0
0
0
0
0
0
0
0
0
0
0
0
0
0
0
0
0
0
0
0
0
0
0
0
0
0
0
0
0
0
0
0
0
0
0
0
0
0
0
0
0
0
0
0
0
0
0
0
0
0
0
0
0
0
0
0
0
0
0
0
0
0
0
0
0
0
0
0
0
0
0
0
0
0
0
0
0
0
0
0
0
0
0
0
0
0
0
0
0
0
0
0
0
0
0
0
0
0
0
0
0
0
0
0
0
0
0
0
0
0
0
0
0
0
0
0
0
0
0
0
0
0
0
0
0
0
0
0
0
0
0
0
0
0
0
0
0
0
0
0
0
0
0
0
0
0
0
0
0
0
0
0
0
0
0
0
0
0
0
0
0
0
0
0
0
0
0
0
0
0
0
0
0
0
0
0
0
0
0
0
0
0
0
0
0
0
0
0
0
0
0
0
0
0
0
0
0
0
0
0
0
0
0
0
0
0
0
0
0
0
0
0
0
0
0
0
0
0
0
0
0
0
0
0
0
0
0
0
0
0
0
0
0
0
0
0
0
0
0
0
0
0
0
0
0
0
0
0
0
0
0
0
0
0
0
0
0
0
0
0
0
0
0
0
0
0
0
0
0
0
0
0
0
0
0
0
0
0
0
0
0
0
0
0
0
0
0
0
0
0
0
0
0
0
0
0
0
0
0
0
0
0
0
0
0
0
0
0
0
0
0
0
0
0
0
0
0
0
0
0
0
0
0
0
0
0
0
0
0
0
0
0
0
0
0
0
0
0
0
0
0
0
0
0
0
0
0
0
0
0
0
0
0
0
0
0
0
0
0
0
0
0
0
0
0
0
0
0
0
0
0
0
0
0
0
0
0
0
0
0
0
0
0
0
0
0
0
0
0
0
0
0
0
0
0
0
0
0
0
0
0
0
0
0
0
0
0
0
0
0
0
0
0
0
0
0
0
0
0
0
0
0
0
0
0
0
0
0
0
0
0
0
0
0
0
0
0
0
0
0
0
0
0
0
0
0
0
0
0
0
0
0
0
0
0
0
0
0
0
0
0
0
0
0
0
0
0
0
0
0
0
0
0
0
0
0
0
0
0
0
0
0
0
0
0
0
0
0
0
0
0
0
0
0
0
0
0
0
0
0
0
0
0
0
0
0
0
0
0
0
0
0
0
0
0
0
0
0
0
0
0
0
0
0
0
0
0
0
0
0
0
0
0
0
0
0
0
0
0
0
0
0
0
0
0
0
0
0
0
0
0
0
0
0
0
0
0
0
0
0
0
0
0
0
0
0
0
0
0
0
0
0
0
0
0
0
0
0
0
0
0
0
0
0
0
0
0
0
0
0
0
0
0
0
0
0
0
0
0
0
0
0
0
0
0
0
0
0
0
0
0
0
0
0
0
0
0
0
0
0
0
0
0
0
0
0
0
0
0
0
0
0
0
0
0
0
0
0
0
0
0
0
0
0
0
0
0
0
0
0
0
0
0
0
0
0
0
0
0
0
0
0
0
0
0
0
0
0
0
0
0
0
0
0
0
0
0
0
0
0
0
0
0
0
0
0
0
0
0
0
0
0
0
0
0
0
0
0
0
0
0
0
0
0
0
0
0
0
0
0
0
0
0
0
0
0
0
0
0
0
0
0
0
0
0
0
0
0
0
0
0
0
0
0
0
0
0
0
0
0
0
0
0
0
0
0
0
0
0
0
0
0
0
0
0
0
0
0
0
0
0
0
0
0
0
0
0
0
0
0
0
0
0
0
0
0
0
0
0
0
0
0
0
0
0
0
0
0
0
0
0
0
0
0
0
0
0
0
0
0
0
0
0
0
0
0
0
0
0
0
0
0
0
0
0
0
0
0
0
0
0
0
0
0
0
0
0
0
0
0
0
0
0
0
0
0
0
0
0
0
0
0
0
0
0
0
0
0
0
0
0
0
0
0
0
0
0
0
0
0
0
0
0
0
0
0
0
0
0
0
0
0
0
0
0
0
0
0
0
0
0
0
0
0
0
0
0
0
0
0
0
0
0
0
0
0
0
0
0
0
0
0
0
0
0
0
0
0
0
0
0
0
0
0
0
0
0
0
0
0
0
0
0
0
0
0
0
0
0
0
0
0
0
0
0
0
0
0
0
0
0
0
0
0
0
0
0
0
0
0
0
0
0
0
0
0
0
0
0
0
0
0
0
0
0
0
0
0
0
0
0
0
0
0
0
0
0
0
0
0
0
0
0
0
0
0
0
0
0
0
0
0
0
0
0
0
0
0
0
0
0
0
0
0
0
0
0
0
0
0
0
0
0
0
0
0
0
0
0
0
0
0
0
0
0
0
0
0
0
0
0
0
0
0
0
0
0
0
0
0
0
0
0
0
0
0
0
0
0
0
0
0
0
0
0
0
0
0
0
0
0
0
0
0
0
0
0
0
0
0
0
0
0
0
0
0
0
0
0
0
0
0
0
0
0
0
0
0
0
0
0
0
0
0
0
0
0
0
0
0
0
0
0
0
0
0
0
0
0
0
0
0
0
0
0
0
0
0
0
0
0
0
0
0
0
0
0
0
0
0
0
0
0
0
0
0
0
0
0
0
0
0
0
0
0
0
0
0
0
0
0
0
0
0
0
0
0
0
0
0
0
0
0
0
0
0
0
0
0
0
0
0
0
0
0
0
0
0
0
0
0
0
0
0
0
0
0
0
0
0
0
0
0
0
0
0
0
0
0
0
0
0
0
0
0
0
0
0
0
0
0
0
0
0
0
0
0
0
0
0
0
0
0
0
0
0
0
0
0
0
0
0
0
0
0
0
0
0
0
0
0
0
0
0
0
0
0
0
0
0
0
0
0
0
0
0
0
0
0
0
0
0
0
0
0
0
0
0
0
0
0
0
0
0
0
0
0
0
0
0
0
0
0
0
0
0
0
0
0
0
0
0
0
0
0
0
0
0
0
0
0
0
0
0
0
0
0
0
0
0
0
0
0
0
0
0
0
0
0
0
0
0
0
0
0
0
0
0
0
0
0
0
0
0
0
0
0
0
0
0
0
0
0
0
0
0
0
0
0
0
0
0
0
0
0
0
0
0
0
0
0
0
0
0
0
0
0
0
0
0
0
0
0
0
0
0
0
0
0
0
0
0
0
0
0
0
0
0
0
0
0
0
0
0
0
0
0
0
0
0
0
0
0
0
0
0
0
0
0
0
0
0
0
0
0
0
0
0
0
0
0
0
0
0
0
0
0
0
0
0
0
0
0
0
0
0
0
0
0
0
0
0
0
0
0
0
0
0
0
0
0
0
0
0
0
0
0
0
0
0
0
0
0
0
0
0
-1
0
0
0
0
0
0
0
0
0
0
0
0
0
0
-1
-1
0
0
0
0
0
0
0
0
0
0
0
-1
-1
0
0
0
0
0
0
0
0
0
0
0
0
0
0
0
0
0
0
0
0
0
0
0
0
0
0
0
0
0
0
0
0
0
-1
-1
0
0
0
0
0
0
0
0
0
0
0
-1
-1
-1
-1
0
0
0
0
0
-1
0
0
0
0
0
0
0
0
-1
-1
-1
0
0
0
0
0
0
0
0
1
0
-1
-1
0
0
-1
0
0
0
0
0
0
0
0
0
0
0
0
0
0
0
0
0
0
0
0
0
0
0
0
0
0
0
0
0
0
0
0
0
0
0
0
0
0
0
0
1
1
0
0
0
-1
-1
-1
0
0
0
0
0
0
0
0
0
0
0
0
0
1
1
1
0
0
0
0
1
0
0
0
0
0
0
0
1
1
0
0
0
0
0
0
0
0
1
1
1
0
0
0
0
0
0
0
0
0
0
0
0
0
0
0
-1
-1
0
0
0
0
0
0
0
0
0
0
0
0
0
0
0
0
0
0
1
1
0
0
0
0
-1
-1
0
0
0
0
0
0
0
0
0
0
0
0
0
0
0
0
0
0
0
-1
-1
0
1
0
0
0
0
0
0
0
0
0
-1
0
0
1
0
0
0
0
0
0
0
0
-1
-1
-2
-2
-1
2
2
1
-1
-1
0
1
1
0
0
0
1
2
2
1
0
0
1
2
1
0
0
0
-1
-1
-1
-1
-1
-1
-1
0
0
0
0
0
0
0
0
0
0
-1
-1
-1
-1
-1
-1
-1
-1
-1
-1
-2
-2
-1
-1
-1
-1
-1
0
0
0
-1
-1
-1
-1
-1
-1
-1
-1
-2
-2
-1
-1
-1
-1
-1
-1
0
0
-1
-1
-1
-2
-2
-2
-1
-1
-1
-1
-2
-1
-1
-1
-2
-2
-2
-1
-1
-1
-1
-1
-1
-2
-2
-2
-1
-2
-2
-2
-2
-2
-1
-1
-1
-1
0
0
-1
-2
-2
-2
-1
-1
-1
0
-1
-1
-1
-1
-1
-2
-2
-1
-1
-1
-1
-1
-1
-1
-1
0
0
-1
-2
-1
-1
-1
-1
-1
-1
-1
-2
-2
-2
-2
-2
-2
-2
-2
-2
-2
-2
-2
-2
-2
-2
-2
-1
-1
-2
-1
-1
-1
-1
-1
-1
-1
-2
-2
-1
0
0
-1
-1
-1
-1
-1
-1
-1
-2
-2
-2
-1
-1
-1
-1
-1
0
0
-1
-1
-1
0
0
0
-1
-1
-1
-1
-2
-1
-1
-1
0
0
0
0
-1
0
0
0
-1
-1
-1
-1
0
0
-1
-1
-2
-1
0
0
-1
-1
0
-1
-1
-1
0
1
1
0
-1
-1
0
1
0
-1
-1
0
0
0
-1
1
2
1
-1
-1
0
0
1
1
1
0
0
0
0
0
-1
-1
-2
-2
-2
-2
-1
-2
-1
0
0
-2
-2
-1
0
0
-1
-1
0
-1
-1
0
1
1
1
1
1
2
2
1
0
-1
-1
-1
0
0
0
-1
-2
-2
0
1
1
0
0
0
0
-2
-2
0
1
2
1
1
1
1
0
-1
-1
0
0
0
1
2
3
2
2
1
1
2
2
2
2
2
1
0
0
1
1
2
2
2
0
-1
-2
0
1
0
-1
-1
0
0
0
1
2
1
1
0
0
0
0
1
1
1
1
1
2
2
2
2
2
3
3
2
2
2
2
2
3
2
2
0
0
1
2
2
2
2
3
3
3
2
2
1
1
2
3
2
0
0
1
1
1
1
1
2
1
0
0
1
2
2
2
2
2
2
2
2
3
4
4
4
4
4
4
4
4
3
3
3
2
2
3
3
3
4
4
4
4
4
3
3
4
3
3
2
2
2
2
2
2
2
2
3
3
3
3
4
4
4
2
2
2
1
-1
-1
-1
0
0
0
1
1
1
2
3
3
3
3
3
3
3
3
4
5
5
4
4
4
3
2
2
5
6
5
4
3
2
2
3
5
5
3
2
2
3
4
4
4
4
4
3
3
3
3
2
1
1
1
2
3
2
1
1
1
0
-1
-1
0
0
-2
-4
-3
-1
-1
-2
-2
0
0
-1
-2
-2
-2
-3
-4
-3
-2
0
-1
-2
-3
-2
-2
-2
-1
0
0
-1
-2
-2
-2
-2
-3
-3
-3
-3
-2
-1
1
2
2
2
2
0
-2
-2
-2
-1
-1
0
1
2
2
2
0
-1
0
2
2
1
0
1
1
1
1
1
2
1
0
-1
-2
-2
-1
1
1
-2
-5
-6
-6
-5
-4
-3
-4
-4
-5
-5
-5
-5
-4
-4
-4
-5
-5
-5
-5
-6
-7
-6
-4
-3
-3
-4
-4
-3
-4
-6
-7
-7
-6
-5
-6
-6
-6
-6
-5
-5
-5
-6
-6
-4
-2
-2
-4
-5
-5
-5
-4
-4
-4
-5
-4
-3
-1
-1
-2
-2
-1
-1
-2
-3
-4
-4
-3
-3
-3
-4
-4
-3
-3
-5
-5
-4
-2
-1
-1
-1
0
-1
-2
-3
-4
-5
-4
-2
0
0
-1
-1
-1
-1
-1
-1
-1
-2
-2
-2
-3
-2
-2
-2
-4
-5
-4
-1
1
2
1
-1
-3
-3
-4
-4
-5
-4
-2
-1
-2
-4
-3
-2
-3
-4
-2
2
3
3
2
2
1
-1
-1
0
1
1
2
2
2
1
2
3
3
0
-2
-1
1
1
0
0
0
1
-1
-2
-1
2
3
2
1
1
1
0
-2
-2
0
2
2
1
1
0
-1
0
1
1
0
1
3
4
2
0
-2
0
2
2
1
1
3
3
2
1
1
1
-1
-2
-1
1
2
1
1
0
-1
-3
-4
-5
-4
-1
2
4
4
2
0
-2
-5
-7
-5
-1
2
1
-1
-2
0
2
3
5
6
6
4
2
1
2
4
5
4
1
-2
-3
-2
1
4
4
3
3
3
2
1
-1
-4
-5
-3
0
1
1
2
3
2
-1
-2
0
0
-2
-2
1
2
0
-2
-3
-5
-7
-7
-2
0
-2
-4
-4
-3
-3
-3
0
1
-2
-5
-5
-3
-3
-3
-1
-1
-4
-4
0
2
-2
-7
-7
-4
-3
-4
-4
-2
-1
-2
-4
-3
-2
0
2
3
1
-4
-6
-5
-3
-2
-2
-3
-4
-3
-2
-2
0
2
0
-5
-7
-4
-1
-3
-6
-3
3
4
-1
-4
-3
-2
-5
-7
-6
-5
-6
-4
-1
-1
-6
-12
-14
-12
-11
-11
-11
-7
-2
2
0
-3
-5
-6
-9
-13
-13
-9
-6
-8
-8
-4
-2
-5
-8
-6
-2
-3
-6
-8
-6
-5
-5
-5
-6
-8
-9
-8
-8
-10
-11
-9
-8
-10
-12
-11
-8
-9
-12
-13
-12
-10
-8
-4
-2
-3
-5
-6
-6
-7
-8
-7
-7
-7
-6
-4
-4
-8
-12
-11
-8
-9
-12
-13
-10
-7
-6
-6
-7
-8
-8
-6
-4
-4
-7
-9
-9
-10
-13
-14
-13
-9
-6
-4
-2
-1
-1
-4
-7
-11
-15
-17
-17
-15
-12
-9
-5
-2
-1
-2
-3
-3
-3
-4
-5
-6
-6
-6
-6
-5
-2
-1
-4
-9
-10
-9
-9
-12
-13
-10
-7
-6
-7
-9
-10
-11
-9
-5
-2
1
3
4
2
-3
-6
-7
-10
-11
-7
1
5
2
-2
-2
-2
-3
-4
-4
-3
-5
-5
0
3
2
1
0
-2
-6
-10
-9
-5
-3
-4
-3
-3
-6
-8
-5
1
2
0
-2
-2
-2
-4
-4
-2
2
2
2
2
4
6
5
2
0
0
1
-2
-5
-5
-3
-1
-2
-2
0
1
0
-1
3
8
9
5
2
1
1
-2
-5
-7
-4
-1
2
3
4
2
-1
-2
-1
1
2
5
8
7
3
2
6
8
2
-3
0
9
11
6
4
9
13
10
7
9
13
13
10
7
5
4
2
-1
-2
3
11
14
9
3
7
13
10
4
3
5
1
-5
-3
8
15
13
8
7
6
4
3
5
5
6
9
16
16
8
3
4
7
7
8
11
14
12
8
5
5
6
10
13
13
7
3
6
11
9
2
1
10
20
19
9
3
5
12
13
13
15
19
15
7
3
8
12
10
5
2
1
0
3
13
21
19
11
7
9
11
8
5
5
8
11
12
11
9
9
11
10
3
-2
3
13
16
11
8
12
14
9
2
1
3
2
1
4
7
4
-3
-3
4
7
3
4
13
22
21
14
7
2
-2
-1
8
16
13
5
3
9
13
5
-9
-16
-11
1
8
8
9
19
28
29
23
20
20
15
5
4
14
16
1
-12
-7
9
16
13
13
13
10
9
17
27
22
4
-6
-3
-1
-5
-1
14
23
15
7
13
23
21
13
12
16
8
-6
-8
5
14
9
4
8
10
4
-3
0
6
3
-5
-5
3
8
8
8
7
3
-3
-3
5
13
15
12
7
5
5
5
4
7
14
21
19
9
0
-1
0
-3
-4
3
9
8
2
-1
2
5
5
4
8
17
23
18
9
8
13
13
6
3
9
15
8
-1
2
11
10
4
5
5
-7
-21
-16
0
9
5
4
11
11
-3
-13
-9
2
9
17
27
27
13
-3
-10
-11
-7
1
7
8
7
5
0
-9
-11
-6
-4
-9
-11
-1
10
9
4
11
21
18
4
-4
-7
-15
-21
-13
-2
2
2
5
6
-1
-5
1
9
9
3
-2
-5
-9
-8
1
4
-5
-10
2
9
-2
-12
-4
6
-3
-19
-18
-8
-5
-9
-7
1
8
8
6
5
2
3
10
10
-2
-10
-6
-2
-8
-11
-4
2
-3
-9
-8
-9
-13
-10
2
11
9
7
10
7
-8
-18
-13
-9
-20
-31
-23
-9
-8
-12
-7
1
-1
-7
-5
2
5
5
7
7
-5
-20
-23
-13
-5
-1
4
3
-8
-20
-19
-10
-7
-11
-10
-6
-8
-12
-5
9
14
7
3
9
12
0
-12
-10
-3
-6
-14
-12
-4
-9
-27
-36
-25
-11
-9
-15
-17
-16
-18
-25
-27
-18
-6
3
9
11
12
9
1
-10
-21
-26
-28
-32
-32
-20
0
12
8
-3
-6
-4
-4
-6
-5
-2
-4
-12
-16
-14
-10
-11
-11
-8
-2
1
-2
-7
-11
-11
-9
-8
-5
0
2
-2
-10
-17
-21
-24
-23
-14
2
10
3
-11
-21
-23
-21
-15
-5
6
11
9
1
-9
-17
-18
-9
-3
-6
-5
7
13
-2
-23
-22
-4
1
-9
-12
3
15
9
1
4
4
-11
-25
-20
-12
-16
-21
-13
1
2
-6
-7
1
2
-3
-2
6
7
-2
-9
-9
-10
-14
-15
-11
-12
-20
-23
-15
-3
2
2
2
4
2
-7
-14
-11
-3
-2
-10
-17
-17
-15
-14
-11
-4
-1
-5
-7
5
17
13
2
4
18
18
-3
-20
-15
-4
-8
-18
-9
13
23
16
8
8
4
-10
-22
-22
-21
-29
-33
-20
-5
-8
-16
-7
11
13
1
4
26
34
10
-16
-13
2
0
-12
-11
-2
-2
-8
-2
8
4
-13
-22
-19
-12
-5
6
18
13
-5
-14
-7
2
5
4
-1
-13
-18
-5
16
23
14
2
-7
-15
-19
-12
0
-2
-11
-6
8
7
-10
-15
0
10
5
2
11
16
3
-13
-12
-1
1
-5
-2
5
2
-9
-14
-15
-20
-23
-13
7
18
8
-9
-15
-11
-7
-7
-1
13
20
8
-11
-15
-3
5
1
2
17
26
14
0
8
24
17
-7
-15
0
11
6
4
14
18
4
-10
-5
7
5
-5
-2
14
23
19
17
18
8
-15
-29
-16
11
21
8
2
19
34
18
-16
-27
-13
-9
-30
-41
-14
18
9
-29
-39
-10
15
10
0
4
5
-15
-30
-15
12
15
-1
-3
14
18
-5
-24
-11
12
8
-15
-17
11
31
16
-3
8
34
32
1
-21
-19
-16
-23
-23
-10
-6
-18
-20
4
27
23
8
10
19
9
-9
-5
20
29
18
12
16
12
-6
-11
3
11
0
-5
11
19
-8
-39
-36
-11
-4
-18
-16
15
40
31
4
-2
18
31
13
-16
-26
-9
9
5
-9
-8
0
-9
-23
-12
18
24
-2
-14
8
27
8
-16
-5
24
23
-5
-17
-8
-9
-25
-28
-12
-3
-3
7
22
17
-1
-4
7
2
-23
-31
-9
12
5
-3
13
28
17
-2
1
17
17
4
5
21
26
5
-20
-26
-14
-8
-12
-8
11
31
37
29
13
-10
-32
-35
-14
9
11
-1
1
16
13
-10
-22
-6
11
9
-2
-9
-13
-16
-10
2
4
-1
4
20
19
-6
-22
-10
5
-6
-22
-16
1
6
9
18
21
10
1
2
-1
-13
-14
9
27
13
-15
-26
-23
-29
-38
-23
9
24
19
10
7
3
0
-4
-7
-5
4
9
-2
-13
-1
25
27
3
-7
15
31
12
-10
2
19
2
-26
-20
1
-9
-43
-46
-5
31
27
3
-6
-4
-9
-15
-15
-11
-7
6
17
7
-17
-21
8
33
23
-5
-13
-4
-5
-17
-14
2
4
-14
-32
-34
-27
-20
-13
-4
1
1
-2
-6
-10
-6
9
18
6
-9
-5
4
-3
-16
-12
-1
-4
-13
-7
0
-14
-37
-37
-14
1
-6
-14
-9
-4
-1
13
30
28
14
14
20
9
-12
-20
-16
-9
2
11
1
-17
-13
13
23
3
-9
9
19
-8
-29
1
31
4
-36
-17
26
20
-15
-14
10
5
-21
-23
-2
2
-10
-4
17
13
-12
-15
1
-9
-36
-35
-7
6
7
19
25
4
-18
-14
-11
-32
-49
-34
-5
9
12
14
9
-12
-19
2
14
-4
-11
21
37
-4
-40
-14
27
18
-9
-2
18
14
-1
4
16
8
-9
-9
-2
-15
-30
-12
25
38
25
14
5
-18
-34
-27
-17
-21
-20
-5
8
6
6
16
18
6
-6
-8
-4
-3
-5
-1
7
8
0
-7
-5
5
7
-9
-31
-31
-13
-17
-49
-55
-17
8
-14
-38
-19
14
26
33
50
44
-2
-48
-45
-13
-6
-21
-13
21
40
25
1
-17
-22
-1
38
53
31
9
14
21
13
5
5
-6
-29
-37
-19
-5
-14
-25
-8
20
28
20
12
2
-14
-20
-9
-5
-17
-19
3
24
26
16
4
-4
2
20
26
0
-34
-38
-12
7
3
0
14
24
16
7
8
8
0
-1
3
-12
-42
-57
-43
-22
-14
-9
9
24
19
2
2
19
25
9
-6
0
16
19
16
19
16
-1
-13
-2
10
2
-2
24
59
51
7
-16
-4
-5
-38
-52
-16
18
9
-10
-3
7
-5
-13
6
32
38
33
35
27
-2
-27
-28
-25
-38
-36
0
26
9
-9
14
36
9
-29
-16
31
44
14
-7
-1
-5
-32
-38
-3
32
29
13
17
23
6
-19
-20
1
5
-21
-47
-45
-22
-5
1
14
33
36
17
-1
8
34
44
27
2
-8
-5
-4
-11
-16
-10
3
13
21
26
19
-2
-20
-15
3
12
9
8
9
-5
-27
-25
5
28
25
22
33
27
-13
-43
-22
16
16
-20
-41
-25
-3
-1
-9
-10
-5
0
12
28
27
1
-23
-18
8
23
17
8
13
23
12
-7
1
33
43
12
-20
-22
-18
-29
-30
-2
27
25
12
22
40
36
22
26
32
11
-14
-1
24
10
-18
-11
10
-6
-34
-19
20
17
-23
-30
13
32
-5
-39
-21
10
7
-8
-3
5
-2
1
22
31
14
4
23
37
13
-21
-20
7
14
-1
-3
12
7
-21
-36
-20
-2
-16
-43
-41
-5
22
10
-21
-22
13
41
25
-12
-17
16
42
32
20
31
36
0
-44
-36
16
38
8
-14
9
24
-5
-30
-6
27
21
-3
-6
-10
-40
-53
-9
44
34
-10
-3
44
41
-10
-20
26
45
12
-9
2
-4
-24
-2
53
52
-27
-85
-51
5
-5
-41
-23
23
31
7
-2
-1
-12
-19
-7
9
16
29
49
43
7
-14
7
24
-4
-33
-9
31
17
-29
-34
5
27
11
-1
16
33
20
-12
-27
-10
12
13
9
26
59
68
38
2
-1
14
6
-20
-21
2
1
-29
-40
-22
-14
-25
-14
30
60
51
37
48
51
3
-60
-70
-31
-5
-20
-33
-12
27
44
27
-2
-13
-3
4
0
4
21
19
-27
-81
-90
-42
16
46
51
49
43
29
17
8
-10
-30
-28
-2
13
-6
-37
-47
-28
0
20
27
31
43
57
65
63
52
31
-2
-33
-42
-30
-16
-11
5
36
50
18
-34
-53
-36
-19
-16
-5
24
49
46
20
0
3
14
9
-11
-20
-6
15
18
2
-15
-17
-8
5
15
9
-13
-23
0
27
18
-9
-16
-13
-36
-62
-41
20
61
56
39
29
10
-17
-19
9
16
-14
-27
1
19
-1
-10
12
20
-1
-3
34
55
23
-10
7
29
-6
-55
-41
9
18
-7
2
32
17
-36
-53
-19
6
-5
-12
11
26
14
10
34
45
14
-13
7
42
36
1
-13
-4
-12
-35
-37
-15
-13
-43
-53
-20
7
-18
-55
-41
5
10
-28
-39
-4
20
8
3
30
44
20
-6
2
17
-3
-41
-50
-27
-2
10
14
8
-5
-3
9
0
-27
-28
2
13
-7
-12
20
45
30
1
-3
2
-15
-38
-30
0
15
16
25
29
9
-11
-2
18
16
-5
-22
-25
-16
-5
-6
-18
-21
-3
15
11
-8
-26
-34
-32
-15
9
8
-29
-56
-33
2
-1
-5
41
83
42
-39
-57
-12
9
-15
-18
18
35
7
-13
3
6
-33
-58
-37
-20
-38
-47
-11
20
3
-27
-28
-15
-11
4
44
74
54
2
-30
-27
-20
-20
-12
-1
-9
-32
-40
-23
-3
1
-6
-9
-8
-8
-9
0
23
39
29
0
-24
-39
-53
-61
-41
2
31
23
-1
-7
8
14
7
8
25
22
-26
-79
-75
-20
16
-1
-18
16
70
77
35
3
-2
-21
-58
-66
-28
-3
-25
-48
-28
8
11
-7
-3
21
25
-2
-25
-23
-14
-17
-12
16
44
34
-13
-53
-55
-29
-5
5
11
7
-16
-36
-16
28
36
-4
-36
-22
0
-10
-25
-4
35
41
13
-4
4
9
-2
-8
-4
-19
-48
-57
-35
-17
-23
-34
-23
3
18
10
-6
-8
6
20
18
4
-15
-34
-48
-47
-24
8
27
22
2
-20
-41
-53
-49
-39
-32
-19
10
38
33
6
-8
-1
4
-2
6
35
52
34
-5
-29
-33
-36
-35
-7
44
76
59
20
3
9
0
-32
-48
-22
16
25
7
-3
-3
-8
-8
19
49
38
-4
-25
-8
16
23
19
15
4
-12
-14
-2
2
-9
-9
18
38
20
-17
-36
-32
-31
-44
-50
-23
29
54
21
-34
-46
-17
-1
-20
-34
-15
7
-3
-28
-25
4
22
16
2
-15
-38
-50
-31
1
17
16
12
10
12
24
35
31
20
23
29
9
-33
-61
-57
-39
-26
-11
11
20
10
7
23
38
38
34
23
-6
-27
-11
13
8
-2
22
49
27
-17
-14
31
50
31
33
62
43
-36
-77
-36
2
-23
-45
-3
45
32
-6
-6
25
34
13
-6
-15
-25
-26
-5
12
-8
-37
-30
0
5
-11
0
38
51
16
-27
-32
-7
2
-13
-11
29
57
31
-15
-24
-11
-26
-48
-17
53
73
21
-18
8
36
1
-45
-22
32
25
-28
-36
11
33
1
-27
-8
19
5
-27
-27
10
38
32
18
21
26
13
0
10
25
18
0
3
21
13
-22
-37
-18
-16
-49
-47
18
57
10
-44
-18
28
2
-55
-46
10
17
-24
-16
46
59
-10
-55
-20
16
-1
-9
34
63
27
-20
-27
-22
-42
-59
-30
18
25
-9
-28
-10
16
27
24
14
4
0
-9
-37
-57
-40
-8
-6
-28
-31
-12
-5
-11
-1
31
45
32
26
44
49
23
-1
-4
-13
-30
-13
36
50
12
-13
13
28
-17
-56
-13
48
16
-69
-71
12
39
-36
-86
-20
67
52
-22
-34
15
26
-16
-27
14
31
-5
-32
-6
27
19
-8
-11
-2
-9
-15
9
45
36
-19
-59
-42
-1
11
-14
-29
-5
23
9
-27
-20
35
60
18
-37
-38
-3
11
-7
-13
10
34
33
20
21
34
41
28
-2
-27
-27
-13
-13
-27
-24
-5
2
-1
10
18
-5
-38
-31
4
6
-28
-26
37
83
47
-17
-36
-32
-55
-63
-5
63
50
-23
-56
-21
20
18
-5
-12
-3
-9
-36
-55
-42
-9
8
-2
-10
9
34
19
-22
-29
2
14
-7
-19
-11
-10
-2
42
88
72
15
-7
15
12
-32
-39
19
55
7
-51
-33
14
10
-23
-18
12
16
3
5
18
15
0
-5
-5
-12
-16
2
22
18
0
0
9
0
-18
-14
4
3
-21
-35
-23
-2
5
1
5
19
16
-9
-16
20
49
22
-21
-11
30
25
-22
-25
35
66
20
-22
11
46
-1
-64
-38
30
24
-39
-49
8
44
25
6
11
-1
-39
-50
-19
-4
-23
-17
35
59
16
-23
0
33
5
-47
-37
30
61
19
-38
-53
-43
-42
-35
-2
35
43
30
28
34
25
9
13
25
7
-41
-70
-54
-26
-24
-37
-33
-11
5
10
18
30
32
22
8
-11
-32
-37
-17
7
14
7
7
18
21
3
-17
-12
16
25
2
-10
20
55
34
-27
-53
-21
8
-4
-6
42
82
48
-8
-6
23
-5
-71
-86
-42
-16
-33
-30
20
58
40
14
30
55
35
-3
-7
17
25
8
-8
-11
-9
-13
-22
-27
-17
4
20
27
33
35
17
-12
-21
-2
14
1
-10
10
28
1
-41
-41
-14
-9
-9
21
55
39
-8
-22
-4
-5
-31
-32
11
45
31
1
-8
-5
-7
-2
13
21
19
23
25
11
-8
-18
-27
-34
-25
-7
-13
-41
-35
22
71
54
4
-16
-17
-40
-52
-4
49
29
-22
-12
34
23
-32
-34
26
53
9
-25
-3
15
-18
-45
-13
23
7
-23
-20
-12
-31
-42
-17
2
-27
-62
-42
9
26
10
20
53
48
-11
-54
-36
7
30
38
45
34
-7
-39
-32
-14
-26
-47
-30
9
8
-39
-57
-9
49
50
14
0
11
2
-29
-30
19
69
70
31
4
12
27
22
12
21
25
-11
-68
-82
-42
-5
-5
-2
38
66
25
-34
-20
43
49
-15
-50
-8
38
24
-18
-33
-22
-11
-7
-11
-30
-51
-39
0
12
-16
-24
14
41
10
-32
-31
-11
-15
-25
-12
5
-9
-32
-20
20
37
14
-11
-2
22
27
6
-20
-33
-30
-15
-2
0
-9
-21
-23
-9
4
-5
-23
-16
15
33
30
31
30
1
-31
-12
44
52
-11
-61
-33
12
-3
-35
-7
45
34
-10
-3
35
16
-44
-45
22
51
-8
-66
-35
39
57
13
-16
2
24
17
-6
-13
3
11
-13
-40
-21
25
32
-8
-21
15
25
-34
-88
-60
0
-1
-41
-22
56
88
37
-15
-21
-27
-54
-50
3
36
8
-29
-22
-2
-16
-34
2
65
82
46
12
-3
-24
-41
-10
54
78
30
-31
-44
-21
-7
1
24
48
41
19
13
21
20
15
29
40
4
-65
-94
-56
-10
-2
2
39
86
91
56
22
10
6
-3
-11
-6
4
-3
-33
-63
-60
-16
38
63
67
74
65
13
-48
-65
-46
-39
-41
-25
-16
-52
-95
-62
38
97
68
29
40
45
-4
-38
4
55
28
-31
-24
28
33
-25
-61
-29
14
4
-30
-16
49
95
71
-1
-57
-61
-35
-22
-15
15
54
56
23
0
-3
-9
-10
19
54
43
-9
-49
-56
-54
-53
-32
8
28
17
14
33
36
18
20
49
47
2
-32
-25
-10
-9
-9
-2
7
16
26
20
3
2
23
19
-38
-83
-44
23
21
-11
30
101
75
-19
-42
4
-1
-58
-44
48
75
-7
-61
-3
49
-1
-49
7
67
16
-51
-16
52
38
-5
26
85
58
-35
-74
-35
-13
-31
-18
43
67
25
-5
19
44
35
24
28
21
-5
-19
-10
-5
-7
15
53
49
-12
-52
-17
34
12
-53
-63
-6
22
-18
-47
-14
22
0
-34
-6
50
61
45
67
109
80
-15
-70
-50
-40
-73
-68
5
53
21
-23
-12
20
22
12
24
30
-9
-56
-49
-6
12
8
14
23
15
13
28
32
27
49
78
46
-40
-87
-56
-21
-44
-78
-60
-26
-32
-34
25
85
56
-14
-18
22
5
-61
-67
9
54
7
-50
-32
19
16
-28
-34
4
25
17
28
65
72
26
-19
-19
-1
-2
-7
12
38
40
22
6
-10
-28
-32
-14
-11
-49
-86
-62
2
36
27
12
-4
-36
-46
8
87
110
69
25
3
-23
-57
-56
-15
12
-4
-19
-12
-17
-42
-38
3
25
3
-20
-11
4
0
-1
16
19
-18
-63
-68
-40
-16
0
27
53
51
25
-3
-30
-47
-34
9
30
-5
-52
-41
14
34
-1
-17
35
94
78
11
-19
1
0
-49
-81
-48
0
5
-15
-8
14
3
-31
-29
23
60
29
-24
-25
13
13
-28
-33
24
58
4
-67
-56
12
26
-22
-29
23
27
-48
-76
6
70
6
-89
-74
6
20
-31
-35
27
65
34
-3
-7
-10
-20
-4
13
-22
-72
-65
-25
-29
-56
-33
28
59
49
44
49
25
-22
-39
-19
-12
-24
-14
4
-23
-70
-56
4
26
6
0
-2
-39
-72
-39
17
8
-45
-38
33
57
1
-29
9
23
-24
-22
72
117
16
-102
-83
16
28
-42
-41
67
134
67
-31
-40
5
10
-23
-26
12
38
20
-12
-24
-7
24
44
31
-5
-22
-10
-6
-20
-13
28
45
7
-37
-29
16
40
26
10
22
45
42
0
-64
-97
-67
-13
1
-7
31
81
38
-73
-101
-15
34
-28
-81
-21
57
29
-55
-55
21
49
6
-17
-2
-13
-51
-48
-6
16
14
23
36
32
27
30
28
20
20
23
-1
-46
-70
-53
-30
-23
-13
9
9
-15
-6
38
54
34
42
56
4
-67
-50
21
26
-20
-7
43
17
-58
-40
71
107
22
-13
71
96
-37
-140
-62
37
-15
-100
-43
72
64
-42
-74
2
61
35
-12
-21
-23
-43
-46
-16
7
4
5
14
1
-26
-22
20
49
36
9
7
16
-8
-50
-35
48
86
17
-50
-11
34
-41
-139
-85
60
89
-15
-68
-7
33
-23
-61
-14
6
-57
-73
13
49
-24
-37
79
144
66
10
71
95
-24
-116
-21
117
82
-50
-57
33
22
-72
-59
58
85
-3
-48
1
25
-29
-73
-47
-5
1
2
30
40
-13
-71
-55
18
56
31
-7
-12
2
-6
-38
-56
-37
-14
-16
-14
21
55
43
12
6
0
-42
-85
-71
-20
7
1
3
23
27
5
-9
-2
0
-15
-18
5
17
-8
-43
-48
-21
12
33
36
24
10
-3
-14
-14
5
29
38
32
21
3
-21
-41
-47
-30
15
69
86
56
25
23
18
-21
-54
-37
-6
-28
-78
-70
-15
-7
-54
-50
21
46
-2
-17
24
11
-76
-105
-29
30
-5
-39
9
56
5
-63
-40
15
-9
-52
-6
63
29
-53
-55
4
19
-6
3
37
26
-26
-45
-6
32
27
6
-1
-5
-15
-21
-33
-51
-40
4
24
2
4
51
81
61
30
5
-35
-74
-58
-3
23
10
19
50
28
-43
-43
44
63
-45
-108
-8
98
47
-48
-6
107
94
-38
-99
-21
52
19
-42
-35
5
13
1
-11
-36
-56
-25
27
26
-29
-53
-20
5
-19
-46
-26
14
25
23
34
30
-16
-64
-63
-31
-19
-25
-14
17
35
25
13
17
23
9
-8
1
29
34
0
-34
-22
19
29
-6
-27
2
24
-9
-42
4
92
105
21
-53
-42
-2
-10
-41
-32
2
11
6
23
37
8
-34
-36
-13
-7
-4
39
88
63
-24
-60
-3
59
53
18
2
-18
-67
-95
-58
-2
13
5
24
65
73
31
-16
-36
-39
-35
-18
4
12
9
16
32
45
60
80
89
62
2
-54
-61
-21
11
-5
-35
-17
45
72
23
-42
-39
19
47
4
-61
-87
-67
-31
-2
5
-11
-20
17
83
113
75
10
-16
8
32
9
-41
-60
-43
-45
-83
-102
-55
24
65
59
47
47
35
7
-4
16
31
21
7
4
6
15
30
26
-1
-12
12
31
30
43
73
55
-27
-83
-49
15
15
-22
-13
27
15
-26
-2
74
101
73
59
46
-25
-105
-96
-18
19
-13
-43
-29
-12
-14
-8
11
5
-14
14
71
67
3
-18
31
58
18
-17
0
19
-8
-45
-32
20
44
7
-40
-42
-19
-29
-65
-58
21
102
103
32
-27
-28
-7
-11
-32
-29
3
34
37
1
-44
-53
-34
-39
-53
-1
87
80
-22
-51
52
125
64
-8
33
91
27
-86
-79
22
51
-3
-10
26
-7
-78
-65
-4
-11
-43
5
70
27
-61
-42
62
88
9
-35
14
39
-27
-76
-38
5
-5
-6
27
22
-39
-73
-40
13
36
31
12
6
23
31
3
-27
-24
-22
-73
-134
-114
-22
22
-14
-15
66
95
0
-76
-21
49
13
-40
-5
31
-30
-105
-74
15
43
16
21
43
2
-74
-69
17
61
25
11
64
97
42
-42
-56
14
80
61
-1
6
78
87
-6
-73
-42
-20
-80
-119
-42
60
55
-2
25
95
58
-58
-73
17
28
-66
-84
19
74
3
-66
-49
-18
-33
-50
-35
-32
-60
-58
-8
12
-31
-55
-13
14
-22
-51
-29
-15
-30
-14
34
40
5
10
64
75
20
-5
52
96
44
-24
-1
56
31
-47
-55
-1
-3
-88
-141
-79
25
47
-18
-60
-17
45
42
-2
1
52
71
28
-11
2
21
-15
-70
-63
5
51
38
10
2
-3
-17
-23
-13
-9
-20
-23
-10
-2
-14
-27
-15
16
42
45
25
-3
-12
11
30
15
-11
-9
4
-9
-27
-1
44
31
-40
-74
-34
-8
-59
-104
-48
44
56
11
17
78
93
20
-73
-112
-98
-67
-29
7
25
25
21
-2
-52
-75
-23
58
89
78
66
32
-34
-51
31
112
65
-57
-96
-36
-13
-71
-87
-2
56
2
-62
-27
35
18
-37
-27
39
66
22
-26
-18
23
40
32
44
81
87
16
-81
-100
-23
40
-1
-69
-32
76
107
30
-38
-26
11
16
14
31
29
-26
-94
-107
-63
-20
-14
-26
-20
15
60
78
37
-45
-110
-113
-67
-22
-14
-34
-30
33
126
186
193
169
126
49
-60
-150
-170
-122
-55
-14
5
31
49
10
-75
-105
-18
103
130
60
5
14
11
-52
-91
-26
71
77
-2
-59
-53
-28
-19
-14
-1
23
57
80
70
27
-23
-51
-49
-29
-16
-19
-13
13
34
19
-4
17
73
86
27
-23
-3
9
-68
-159
-143
-54
-6
-14
-10
26
74
113
103
25
-45
-11
80
71
-57
-126
-32
66
5
-97
-38
109
120
4
-47
5
31
-2
-11
25
41
19
-2
-14
-36
-55
-38
-10
-18
-28
18
83
80
34
27
39
-1
-54
-29
35
31
-24
-16
62
84
5
-52
10
97
57
-68
-93
16
71
-34
-128
-45
99
91
-35
-77
-9
2
-84
-111
-16
46
-9
-34
51
80
-46
-136
-45
53
-13
-94
6
174
185
71
31
96
108
24
-31
-8
-17
-100
-147
-97
-33
-20
-19
5
34
46
35
10
12
56
72
2
-82
-73
-6
2
-47
-43
32
56
-19
-68
0
70
28
-37
9
91
52
-72
-105
-7
74
40
-33
-38
0
-20
-104
-138
-62
43
79
72
95
133
127
87
63
46
2
-49
-56
-21
4
5
5
7
-8
-31
-37
-49
-102
-141
-93
-15
-20
-80
-72
12
81
106
109
87
43
32
65
68
13
-21
19
54
5
-63
-47
4
-22
-78
-50
8
-33
-109
-72
35
57
1
-6
45
58
4
-59
-87
-82
-60
-39
-31
-18
34
99
86
-23
-97
-34
74
86
28
-1
1
-6
-8
0
-13
-9
68
141
89
-34
-81
-46
-44
-84
-64
25
57
-11
-61
-26
2
-19
16
116
129
29
-17
36
27
-83
-119
-22
49
2
-50
-14
25
-24
-92
-80
-27
-26
-52
-41
-23
-31
-18
27
21
-36
-31
51
77
3
-47
-7
25
-33
-102
-72
16
44
-2
-25
5
14
-39
-98
-103
-63
-18
17
48
76
86
56
-7
-60
-71
-56
-46
-43
-31
0
41
52
1
-70
-68
13
65
29
-10
31
90
58
-54
-136
-131
-79
-31
13
52
68
58
34
-4
-42
-27
40
61
2
-30
32
70
-18
-123
-78
77
154
94
23
34
60
21
-43
-56
-27
-9
-1
20
42
42
15
-31
-76
-83
-36
23
40
15
-4
23
69
54
-54
-161
-147
-41
19
-7
-4
92
165
99
-12
-4
75
39
-113
-169
-61
27
-26
-89
-32
31
-51
-180
-146
38
154
103
24
40
83
52
-12
-23
9
27
34
63
89
54
-20
-51
-24
-10
-51
-102
-109
-81
-62
-75
-101
-95
-32
60
127
146
134
108
64
6
-45
-68
-68
-57
-34
-6
-2
-19
-9
40
75
64
34
-3
-52
-80
-51
-8
-4
3
67
127
95
22
22
68
21
-121
-189
-113
-42
-69
-80
7
74
36
-6
31
74
61
24
-27
-112
-158
-69
83
129
56
22
83
90
-23
-95
-19
64
36
13
78
103
9
-62
-8
57
27
-36
-42
-5
21
16
-13
-44
-47
-17
-2
-27
-18
95
202
137
-34
-93
-26
-12
-62
-25
83
107
53
50
71
18
-39
25
128
84
-70
-112
-4
53
-19
-45
58
103
-25
-151
-119
-34
-40
-91
-78
-10
35
25
-8
-5
49
93
63
-6
-25
9
11
-49
-86
-29
60
74
16
-21
-6
8
-7
-30
-49
-58
-43
-15
-5
2
38
58
17
-24
6
50
33
2
20
36
-9
-53
-16
53
46
-13
-12
56
77
31
15
46
42
-5
-17
-15
-61
-112
-96
-67
-81
-78
-16
17
-22
-31
57
137
101
35
65
117
39
-99
-102
4
23
-50
-41
65
109
52
2
-8
-30
-70
-82
-61
-31
3
21
-11
-67
-57
30
61
-33
-98
-6
89
2
-129
-62
124
154
14
-67
-13
24
-41
-101
-75
-31
-24
5
79
95
13
-39
31
118
97
10
-32
-23
-34
-79
-96
-48
27
54
16
-37
-56
-53
-53
-46
-1
68
94
56
21
40
65
44
29
78
119
51
-73
-113
-55
-21
-61
-76
-2
63
12
-87
-87
9
63
26
2
62
122
73
-45
-81
7
86
40
-63
-81
-16
8
-30
-26
49
87
36
5
82
157
79
-86
-139
-59
-17
-83
-121
-38
73
91
44
31
72
92
39
-46
-81
-56
-42
-74
-93
-42
34
51
31
76
169
147
-5
-57
101
236
143
-16
-13
56
-18
-151
-120
23
31
-96
-108
27
59
-67
-94
53
116
2
-35
108
163
-31
-217
-148
18
17
-78
-45
57
20
-82
-29
110
90
-39
-29
99
81
-98
-162
-12
103
21
-69
14
121
48
-96
-92
5
-3
-97
-96
16
77
45
36
79
57
-43
-67
30
66
-64
-183
-104
76
131
45
-6
49
97
65
45
105
154
89
-19
-29
51
71
-38
-156
-137
-20
24
-43
-70
28
119
71
-31
-27
41
16
-78
-52
119
204
75
-78
-55
36
0
-99
-66
77
122
22
-52
-6
39
-13
-66
-2
104
107
11
-63
-68
-51
-41
-18
9
-2
-46
-67
-40
-8
-5
-14
-8
8
24
37
28
-23
-75
-48
55
113
45
-62
-83
-46
-58
-107
-78
46
157
184
168
153
114
42
-4
-12
-36
-73
-39
32
-5
-145
-179
-23
123
93
1
15
65
0
-102
-61
45
10
-89
2
219
242
33
-99
-19
54
-28
-107
-40
37
-23
-104
-62
-2
-44
-64
42
103
-12
-122
-59
42
26
1
82
127
-13
-170
-108
48
15
-135
-106
69
90
-44
-54
85
137
70
79
161
98
-113
-207
-83
18
-74
-186
-133
-44
-96
-175
-98
59
114
80
71
73
11
-68
-59
22
55
11
-12
41
81
31
-34
-12
30
-36
-154
-155
-49
-6
-46
-7
139
200
78
-44
-3
73
9
-76
15
159
114
-32
-38
24
-51
-151
-58
99
60
-78
-39
122
117
-60
-113
28
92
-30
-99
2
63
-4
-16
54
25
-77
-46
63
33
-74
-30
101
74
-66
-53
98
82
-136
-211
-21
90
-54
-143
16
138
10
-132
-80
13
-13
-50
-1
40
-2
-33
16
51
-9
-76
-57
-26
-67
-102
-54
-9
-23
-9
57
56
-26
-44
35
71
5
-58
-29
55
108
81
-13
-96
-95
-42
-51
-144
-188
-83
50
39
-61
-70
-5
-23
-97
-59
73
107
10
-43
33
114
96
44
54
92
66
-7
-22
39
81
48
4
12
23
-34
-128
-167
-126
-71
-49
-25
20
31
-25
-79
-65
-26
-16
12
86
117
55
8
60
116
63
-30
-36
27
46
10
8
64
96
46
-34
-77
-93
-114
-132
-119
-64
2
9
-62
-90
24
152
101
-45
-42
102
132
-19
-128
-49
69
50
-34
-20
66
92
55
52
82
77
49
28
-19
-85
-90
-35
-6
-8
23
50
-9
-97
-85
17
84
92
128
185
139
-12
-94
-51
-35
-98
-83
42
77
-42
-103
-6
64
-17
-105
-57
31
24
-21
9
62
20
-70
-64
31
78
53
42
69
84
61
5
-74
-130
-123
-92
-85
-57
32
109
85
9
-11
21
23
-16
-27
0
0
-18
21
85
62
-22
-23
51
46
-50
-90
-43
-29
-81
-109
-82
-68
-61
17
139
149
21
-61
19
114
60
-58
-58
41
84
35
-9
9
35
2
-81
-137
-130
-109
-113
-93
-3
79
59
-7
34
182
243
110
-64
-81
20
46
-37
-89
-55
-21
-31
-24
33
88
89
47
9
-1
-7
-49
-104
-82
29
112
69
-22
-11
89
113
10
-72
-38
-5
-67
-113
-35
60
41
-26
-19
21
-7
-63
-33
61
85
13
-43
-26
-8
-36
-54
-26
3
5
7
12
-23
-95
-138
-113
-56
-25
-31
-41
-23
9
24
14
8
37
81
90
51
22
51
106
121
92
62
30
-39
-132
-175
-130
-53
-20
-42
-73
-90
-114
-153
-173
-141
-67
18
96
151
171
162
154
141
82
-21
-97
-92
-50
-39
-47
-6
85
143
121
71
59
78
87
68
26
-30
-77
-94
-98
-111
-103
-34
62
99
52
-5
0
36
17
-70
-138
-117
-44
-11
-45
-80
-52
20
61
39
-1
-10
13
56
99
104
51
-9
-16
0
-18
-43
-26
-12
-71
-151
-152
-114
-158
-242
-176
37
135
2
-103
40
247
226
49
5
120
168
70
-1
60
123
73
2
35
105
74
-36
-99
-85
-66
-74
-73
-47
-24
-9
22
74
105
92
84
118
139
74
-26
-36
38
54
-38
-111
-73
-5
-10
-56
-49
1
16
-5
-13
-9
-40
-74
-42
28
55
44
51
63
39
5
-11
-37
-68
-42
28
42
-18
-42
15
40
-45
-114
-39
74
63
7
69
171
121
-19
-42
31
1
-143
-207
-121
-29
-31
-45
17
89
82
40
33
46
42
47
71
74
53
50
54
23
-12
9
56
57
17
-7
-2
-15
-56
-86
-85
-76
-69
-38
7
20
-1
-7
5
3
-3
13
30
14
-2
29
80
94
70
45
26
-5
-33
-27
-4
-8
-38
-56
-64
-91
-103
-46
41
67
29
13
38
30
-43
-99
-67
7
45
52
68
81
54
21
31
50
15
-50
-58
-4
15
-33
-61
-7
52
30
-30
-41
-15
-24
-66
-80
-56
-44
-55
-42
11
50
44
31
46
80
109
117
81
11
-35
-22
-1
-15
-12
76
194
216
123
28
-1
-26
-98
-148
-103
-22
-2
-28
-23
25
51
25
-12
-17
-6
-18
-44
-27
47
110
113
95
105
114
72
19
29
77
58
-39
-97
-66
-52
-131
-203
-170
-92
-58
-34
19
49
38
62
122
95
-49
-140
-53
64
9
-140
-151
-36
-10
-102
-124
-22
49
14
-22
10
50
37
2
-2
34
76
79
32
-28
-49
-21
13
47
131
223
163
-55
-180
-79
24
-72
-185
-82
94
71
-86
-102
42
99
3
-32
85
154
50
-54
0
101
100
35
-2
-18
-38
-46
-45
-39
13
115
167
89
-31
-40
49
74
-17
-92
-68
-24
-24
-16
10
-26
-119
-154
-106
-59
-38
24
131
194
166
99
44
-12
-57
-39
27
22
-90
-178
-134
-42
-38
-106
-137
-92
-20
41
87
116
116
91
47
-19
-99
-146
-109
-6
78
92
61
28
0
-25
-16
47
110
97
17
-57
-84
-90
-100
-91
-47
11
52
80
96
83
42
18
20
5
-38
-57
-38
-36
-72
-85
-41
7
13
2
5
-1
-31
-33
27
79
49
-21
-36
-7
-11
-38
-14
53
82
51
19
28
52
55
44
42
45
30
-3
-31
-50
-79
-111
-114
-78
-43
-44
-57
-39
7
43
65
115
190
218
158
76
37
15
-18
-13
49
98
80
38
10
-34
-105
-127
-57
20
13
-28
-3
62
69
40
63
103
54
-47
-63
8
32
-41
-107
-86
-22
10
9
19
43
55
48
41
41
46
54
55
35
10
-11
-46
-95
-110
-74
-45
-66
-85
-47
7
4
-40
-40
22
69
51
17
31
66
47
-18
-50
-25
-9
-39
-62
-36
-13
-48
-95
-71
-2
6
-52
-71
-12
23
-19
-42
11
50
4
-49
-25
28
41
45
81
97
44
-12
8
39
-18
-95
-57
52
71
4
5
102
153
89
5
-14
-27
-98
-175
-175
-121
-85
-63
-5
70
96
83
89
113
94
40
38
97
115
42
-22
21
99
79
-24
-76
-40
-25
-88
-138
-99
-36
-30
-43
-17
25
34
21
16
15
4
-13
-34
-61
-80
-73
-58
-64
-84
-85
-70
-73
-82
-51
-2
-2
-28
8
91
115
69
53
92
104
55
8
7
16
3
-12
-8
-9
-34
-58
-61
-62
-68
-49
-8
6
-16
-26
-13
-13
-28
-28
-20
-27
-36
-24
-12
-25
-44
-42
-25
-10
-6
-10
-12
9
66
119
108
40
-3
22
53
28
-13
-6
30
41
21
-10
-40
-45
-19
-14
-57
-78
-33
1
-45
-94
-39
67
90
24
-12
22
36
-2
-12
24
11
-67
-102
-74
-80
-126
-107
-23
13
-28
-55
-33
-21
-35
-16
41
54
-3
-37
12
71
81
89
127
127
61
13
31
48
18
-9
6
14
-29
-86
-96
-62
-48
-88
-147
-170
-157
-146
-143
-116
-60
-11
13
39
81
92
42
1
57
153
154
74
63
150
189
118
60
100
153
119
38
-7
-23
-67
-142
-194
-192
-154
-108
-74
-63
-56
-14
48
66
25
-31
-80
-127
-126
-36
76
117
113
142
180
142
50
13
51
65
12
-23
13
41
-17
-89
-73
-8
4
-38
-50
-3
47
51
25
9
6
-13
-58
-94
-81
-19
57
112
132
126
115
101
71
25
6
35
69
59
35
52
84
60
-13
-58
-57
-85
-168
-221
-184
-139
-157
-167
-103
-48
-94
-167
-154
-83
-57
-69
-40
34
77
60
34
40
54
52
46
34
0
-38
-52
-58
-70
-59
-11
19
4
-3
27
37
-30
-131
-190
-187
-150
-103
-56
-21
-6
-5
-9
-11
-5
20
47
47
31
46
87
95
63
45
58
58
41
47
73
74
55
67
112
134
102
45
4
-20
-40
-51
-37
-6
22
37
35
28
42
78
91
61
41
68
87
39
-35
-58
-23
25
72
119
143
115
60
18
-17
-80
-150
-157
-92
-34
-36
-54
-29
18
15
-44
-85
-50
20
38
-9
-54
-46
-18
-15
-21
-9
1
-13
-31
-24
4
38
74
91
64
9
-25
-29
-37
-63
-68
-28
8
-8
-41
-35
4
36
53
50
16
-19
7
70
75
5
-40
9
90
114
79
45
33
24
23
44
62
39
-6
-33
-55
-105
-167
-201
-199
-178
-141
-96
-60
-40
-33
-35
-26
21
95
141
132
96
70
44
1
-34
-25
2
-10
-51
-61
-31
-16
-29
-26
8
33
32
32
44
52
56
81
126
148
115
47
2
8
23
1
-45
-66
-55
-51
-61
-44
8
34
-9
-62
-53
-20
-40
-75
-40
21
-13
-116
-147
-79
-32
-63
-91
-64
-48
-94
-141
-126
-98
-123
-165
-162
-136
-126
-100
-35
13
4
-16
-2
18
22
39
78
97
75
60
88
120
105
72
71
82
63
28
14
5
-16
-9
48
99
91
52
33
38
40
43
65
83
67
38
46
88
118
127
148
184
195
171
145
137
126
100
81
86
96
89
75
74
74
54
27
23
41
50
42
40
55
62
47
29
31
49
74
107
141
149
131
125
152
176
159
124
121
141
133
89
58
70
92
87
53
5
-41
-65
-59
-52
-80
-128
-153
-141
-131
-146
-155
-130
-92
-78
-79
-67
-46
-43
-60
-74
-68
-47
-24
-4
20
42
45
23
-4
-18
-28
-56
-99
-129
-133
-133
-149
-167
-168
-168
-197
-245
-272
-269
-271
-301
-336
-346
-332
-319
-316
-314
-301
-282
-265
-251
-234
-215
-203
-203
-216
-229
-226
-204
-178
-164
-168
-174
-169
-160
-168
-200
-230
-240
-240
-251
-273
-282
-269
-245
-215
-179
-147
-133
-135
-133
-112
-81
-52
-29
-14
-8
1
35
89
128
137
138
147
157
161
170
195
221
234
240
251
254
233
206
204
230
256
266
265
264
269
282
296
299
292
294
316
346
362
369
385
412
430
433
434
440
446
450
458
465
462
455
457
464
457
428
406
406
412
396
365
345
349
355
343
315
284
262
251
250
249
245
241
248
266
281
286
281
266
239
214
209
217
210
175
142
140
156
157
143
141
151
146
118
94
88
82
57
22
-5
-27
-57
-94
-120
-132
-132
-126
-122
-135
-161
-182
-199
-226
-272
-317
-353
-394
-448
-495
-515
-519
-533
-551
-558
-565
-595
-634
-655
-657
-668
-688
-697
-697
-718
-768
-820
-852
-879
-908
-921
-915
-918
-950
-983
-989
-984
-999
-1024
-1032
-1021
-1014
-1010
-984
-937
-890
-851
-800
-736
-680
-632
-562
-459
-351
-265
-186
-94
6
93
168
245
326
399
460
515
565
604
642
687
726
735
714
691
686
687
672
644
626
624
617
589
553
530
519
504
486
480
487
488
480
484
508
533
544
562
603
645
664
678
714
761
781
771
766
777
783
774
766
767
756
725
695
675
641
572
495
439
392
329
253
190
148
107
59
13
-26
-68
-118
-158
-173
-167
-159
-151
-136
-106
-70
-41
-19
5
38
74
111
158
213
261
293
319
348
370
373
362
352
346
334
315
298
283
259
225
191
154
98
29
-28
-64
-97
-140
-183
-215
-243
-282
-323
-355
-375
-395
-411
-420
-426
-438
-451
-463
-484
-524
-576
-626
-666
-696
-719
-738
-769
-817
-874
-934
-1009
-1107
-1206
-1275
-1326
-1390
-1467
-1529
-1570
-1606
-1643
-1656
-1634
-1599
-1566
-1512
-1423
-1329
-1257
-1191
-1101
-1000
-919
-853
-764
-638
-492
-339
-175
-13
121
222
317
422
513
578
638
711
774
798
797
804
815
803
776
775
806
822
798
774
797
840
840
786
736
726
726
707
692
718
768
800
817
858
926
976
987
995
1031
1073
1086
1081
1089
1107
1104
1074
1042
1015
973
905
841
798
756
688
606
538
475
391
284
181
93
9
-77
-145
-187
-223
-264
-293
-298
-301
-322
-339
-318
-273
-242
-226
-186
-114
-48
-9
32
94
154
189
220
275
331
348
341
353
379
374
335
308
313
316
280
229
197
178
144
97
64
44
6
-54
-106
-130
-138
-152
-168
-173
-172
-179
-193
-196
-191
-200
-228
-251
-251
-255
-291
-346
-381
-389
-406
-455
-517
-566
-614
-687
-781
-876
-970
-1076
-1195
-1311
-1423
-1541
-1662
-1770
-1865
-1963
-2065
-2149
-2199
-2234
-2271
-2291
-2263
-2183
-2078
-1965
-1845
-1718
-1595
-1476
-1344
-1192
-1031
-865
-675
-449
-212
-6
161
321
492
650
775
876
980
1086
1169
1218
1237
1235
1210
1180
1166
1166
1151
1112
1074
1064
1068
1058
1027
994
975
962
946
925
907
906
937
1000
1075
1143
1208
1280
1348
1394
1422
1451
1491
1527
1548
1557
1552
1518
1454
1384
1323
1259
1180
1099
1025
939
817
667
518
376
223
64
-72
-179
-292
-424
-543
-617
-667
-719
-762
-765
-739
-722
-720
-709
-682
-657
-625
-557
-456
-362
-291
-210
-103
-7
45
83
149
235
294
311
317
327
323
298
269
245
216
176
142
124
104
63
11
-23
-41
-68
-115
-160
-181
-189
-200
-202
-172
-123
-88
-69
-42
-1
26
29
42
78
101
80
42
25
3
-65
-163
-240
-300
-385
-494
-591
-675
-794
-962
-1127
-1261
-1407
-1593
-1775
-1908
-2024
-2174
-2332
-2442
-2507
-2580
-2664
-2701
-2669
-2612
-2556
-2460
-2295
-2109
-1962
-1831
-1656
-1446
-1268
-1124
-939
-679
-407
-177
43
298
549
731
861
1005
1161
1271
1334
1414
1521
1579
1557
1522
1523
1516
1454
1380
1361
1380
1370
1331
1315
1323
1298
1232
1188
1194
1199
1172
1159
1208
1292
1352
1390
1452
1544
1624
1671
1710
1756
1786
1785
1779
1788
1787
1743
1665
1586
1509
1409
1282
1157
1047
941
822
682
524
347
158
-28
-203
-367
-518
-642
-737
-813
-880
-939
-989
-1029
-1044
-1027
-996
-969
-937
-877
-796
-721
-663
-597
-507
-406
-312
-218
-115
-23
46
107
177
242
273
273
274
281
266
221
175
150
134
107
75
57
43
9
-39
-74
-94
-120
-158
-183
-180
-171
-179
-191
-180
-153
-132
-120
-94
-52
-17
-9
-13
-19
-36
-78
-135
-188
-243
-317
-408
-494
-575
-670
-792
-923
-1049
-1180
-1333
-1497
-1651
-1795
-1946
-2103
-2247
-2379
-2518
-2661
-2772
-2825
-2833
-2813
-2749
-2620
-2449
-2286
-2138
-1978
-1808
-1656
-1523
-1352
-1115
-850
-602
-349
-51
265
530
727
911
1115
1300
1434
1544
1668
1780
1839
1857
1877
1890
1851
1772
1721
1726
1730
1691
1649
1652
1667
1628
1542
1470
1428
1372
1300
1264
1288
1328
1352
1392
1478
1567
1606
1612
1641
1689
1704
1685
1685
1715
1716
1655
1576
1519
1453
1336
1198
1100
1034
940
804
665
531
361
142
-77
-260
-432
-619
-782
-883
-953
-1049
-1159
-1225
-1243
-1264
-1308
-1325
-1286
-1228
-1193
-1158
-1082
-981
-893
-810
-697
-558
-435
-331
-209
-60
71
154
219
299
368
386
367
357
365
359
334
317
319
308
268
226
197
156
81
4
-36
-49
-78
-124
-151
-148
-149
-170
-184
-168
-139
-115
-88
-44
-6
-2
-23
-42
-63
-109
-177
-238
-285
-343
-421
-505
-589
-695
-832
-980
-1120
-1270
-1446
-1631
-1799
-1957
-2125
-2295
-2445
-2586
-2737
-2881
-2981
-3027
-3045
-3038
-2965
-2812
-2621
-2447
-2290
-2130
-1964
-1798
-1613
-1389
-1133
-857
-554
-214
124
404
624
840
1080
1312
1507
1685
1866
2031
2147
2212
2240
2231
2182
2126
2098
2089
2062
2016
1983
1967
1931
1855
1767
1694
1622
1531
1441
1387
1368
1358
1357
1387
1444
1495
1525
1547
1571
1588
1594
1612
1651
1688
1692
1664
1621
1560
1459
1323
1191
1092
1016
939
847
739
607
437
230
2
-226
-433
-608
-748
-864
-971
-1073
-1166
-1251
-1331
-1401
-1444
-1452
-1432
-1393
-1341
-1282
-1218
-1150
-1071
-979
-877
-768
-643
-500
-351
-213
-87
36
155
252
316
359
392
416
422
418
419
428
435
432
417
390
346
288
228
174
123
74
34
9
-7
-27
-60
-96
-124
-135
-133
-124
-108
-80
-45
-18
-20
-48
-92
-148
-214
-280
-336
-385
-438
-500
-565
-634
-729
-855
-995
-1134
-1282
-1449
-1625
-1791
-1947
-2102
-2252
-2385
-2509
-2634
-2753
-2850
-2934
-3017
-3071
-3051
-2957
-2833
-2696
-2519
-2297
-2084
-1921
-1773
-1587
-1365
-1135
-876
-551
-191
132
412
696
982
1207
1357
1511
1725
1938
2078
2175
2292
2404
2440
2402
2365
2350
2309
2235
2188
2191
2180
2116
2051
2034
2010
1913
1781
1693
1650
1589
1509
1478
1518
1567
1581
1588
1614
1617
1565
1503
1489
1505
1502
1481
1481
1486
1432
1304
1159
1034
908
766
644
571
511
407
252
82
-97
-304
-532
-734
-880
-992
-1096
-1185
-1248
-1304
-1377
-1456
-1503
-1506
-1492
-1477
-1444
-1375
-1283
-1198
-1119
-1025
-913
-799
-692
-576
-445
-311
-189
-65
70
199
295
355
399
435
449
441
433
441
454
457
457
461
454
414
349
291
249
209
162
125
113
109
90
58
32
15
-5
-26
-28
-5
21
25
16
13
7
-33
-110
-192
-255
-311
-385
-468
-534
-591
-673
-789
-912
-1026
-1159
-1329
-1503
-1647
-1778
-1935
-2103
-2231
-2320
-2429
-2577
-2707
-2784
-2854
-2963
-3058
-3060
-2979
-2892
-2809
-2668
-2451
-2233
-2061
-1888
-1664
-1427
-1224
-1009
-710
-359
-56
193
477
817
1112
1296
1444
1651
1892
2076
2200
2336
2489
2590
2612
2613
2623
2591
2492
2401
2387
2404
2366
2286
2246
2253
2219
2102
1968
1883
1821
1737
1657
1628
1633
1616
1578
1563
1572
1552
1487
1434
1432
1442
1417
1370
1334
1294
1210
1083
954
833
700
559
450
377
294
168
26
-105
-240
-413
-607
-780
-919
-1044
-1157
-1241
-1300
-1359
-1419
-1453
-1457
-1460
-1476
-1471
-1417
-1332
-1257
-1190
-1105
-996
-888
-792
-693
-580
-458
-329
-187
-42
88
193
286
369
426
448
457
480
512
536
548
560
570
567
546
512
471
423
375
335
298
256
213
178
148
113
76
50
39
29
16
10
14
10
-13
-45
-82
-135
-202
-263
-312
-370
-449
-518
-556
-597
-688
-814
-918
-993
-1093
-1236
-1378
-1484
-1586
-1723
-1872
-1998
-2116
-2253
-2379
-2448
-2489
-2569
-2681
-2747
-2754
-2775
-2843
-2872
-2774
-2593
-2421
-2259
-2042
-1776
-1545
-1372
-1191
-963
-725
-493
-214
138
487
758
988
1250
1515
1698
1810
1956
2171
2377
2509
2605
2711
2792
2794
2743
2698
2658
2585
2503
2469
2473
2448
2375
2309
2270
2205
2072
1920
1810
1729
1635
1545
1506
1507
1494
1451
1410
1378
1323
1237
1162
1128
1106
1066
1023
991
937
826
677
539
419
290
157
61
9
-47
-148
-279
-416
-566
-743
-923
-1067
-1172
-1255
-1313
-1338
-1347
-1376
-1426
-1459
-1459
-1447
-1437
-1407
-1330
-1221
-1116
-1027
-940
-847
-751
-653
-541
-420
-299
-175
-35
107
223
300
362
428
485
513
521
534
557
576
590
605
616
612
591
566
533
477
400
333
293
265
228
189
166
150
121
75
34
9
-9
-22
-22
-10
-11
-43
-97
-162
-235
-323
-415
-490
-537
-572
-613
-672
-750
-844
-955
-1082
-1216
-1346
-1462
-1572
-1686
-1804
-1921
-2043
-2178
-2310
-2408
-2473
-2538
-2615
-2682
-2717
-2751
-2814
-2877
-2875
-2798
-2683
-2545
-2353
-2105
-1853
-1635
-1425
-1189
-951
-737
-511
-218
116
416
676
953
1259
1527
1721
1896
2112
2333
2498
2618
2744
2866
2927
2924
2914
2908
2862
2764
2671
2620
2570
2478
2379
2326
2292
2209
2074
1942
1830
1700
1544
1413
1346
1313
1272
1233
1216
1192
1124
1025
948
905
863
816
790
787
761
677
560
451
350
234
117
38
-4
-58
-154
-276
-397
-526
-677
-836
-964
-1058
-1144
-1231
-1301
-1347
-1392
-1445
-1479
-1469
-1436
-1418
-1412
-1378
-1307
-1236
-1183
-1117
-1002
-860
-733
-624
-504
-371
-250
-147
-29
115
253
356
444
537
616
647
648
666
714
755
770
782
807
815
778
716
666
627
572
501
446
414
376
309
237
186
150
105
57
28
11
-18
-64
-103
-126
-157
-213
-272
-310
-342
-399
-481
-551
-598
-646
-713
-782
-839
-902
-999
-1117
-1226
-1326
-1442
-1569
-1674
-1749
-1835
-1952
-2069
-2159
-2243
-2347
-2445
-2496
-2520
-2573
-2657
-2714
-2722
-2726
-2741
-2705
-2565
-2355
-2143
-1930
-1683
-1426
-1216
-1043
-833
-568
-306
-63
226
591
947
1209
1414
1652
1918
2133
2286
2455
2667
2846
2945
3006
3071
3096
3040
2959
2926
2914
2841
2716
2627
2592
2531
2396
2251
2155
2061
1905
1714
1559
1439
1305
1168
1091
1081
1064
1001
936
901
855
760
657
609
600
570
512
463
423
341
208
84
11
-37
-100
-164
-203
-246
-345
-493
-642
-775
-912
-1049
-1147
-1196
-1236
-1299
-1361
-1393
-1409
-1436
-1461
-1450
-1405
-1363
-1336
-1297
-1230
-1157
-1090
-1005
-880
-734
-599
-475
-340
-194
-60
61
186
320
441
531
604
672
725
752
769
804
857
904
927
934
934
918
875
811
744
682
623
565
512
461
403
336
272
218
172
124
76
38
10
-16
-53
-101
-153
-206
-261
-320
-380
-434
-480
-520
-557
-595
-640
-695
-762
-845
-943
-1047
-1150
-1249
-1349
-1445
-1530
-1609
-1694
-1790
-1884
-1974
-2072
-2178
-2273
-2341
-2403
-2480
-2558
-2605
-2627
-2655
-2691
-2695
-2638
-2539
-2419
-2261
-2047
-1810
-1588
-1373
-1135
-894
-691
-505
-270
33
348
633
920
1241
1558
1812
2016
2217
2413
2567
2694
2835
2975
3055
3063
3062
3080
3063
2975
2871
2813
2778
2702
2595
2505
2426
2305
2138
1978
1841
1681
1488
1324
1229
1159
1064
975
938
919
855
751
667
618
556
468
407
392
372
307
223
158
90
-8
-110
-170
-197
-239
-306
-368
-425
-518
-657
-799
-910
-1005
-1099
-1174
-1212
-1233
-1266
-1307
-1331
-1340
-1358
-1380
-1376
-1342
-1297
-1252
-1191
-1108
-1020
-934
-838
-721
-601
-493
-381
-244
-92
49
173
296
421
530
614
681
744
801
852
906
967
1020
1049
1058
1060
1053
1023
968
906
853
806
753
692
630
569
504
433
358
284
213
143
78
19
-32
-81
-138
-202
-268
-331
-393
-460
-524
-572
-604
-633
-670
-710
-753
-814
-901
-995
-1073
-1141
-1223
-1316
-1387
-1430
-1482
-1574
-1682
-1767
-1836
-1923
-2025
-2108
-2163
-2225
-2306
-2371
-2402
-2440
-2518
-2594
-2605
-2565
-2539
-2526
-2446
-2264
-2042
-1843
-1649
-1419
-1176
-974
-796
-584
-333
-86
159
464
838
1190
1448
1657
1895
2145
2334
2455
2587
2765
2936
3045
3105
3145
3142
3078
2993
2935
2889
2807
2697
2618
2575
2496
2340
2152
1994
1855
1688
1496
1327
1198
1086
977
890
833
779
708
638
583
521
430
335
278
258
239
203
171
153
119
42
-56
-137
-191
-239
-284
-316
-339
-383
-467
-578
-698
-824
-950
-1052
-1112
-1139
-1161
-1183
-1198
-1208
-1235
-1282
-1322
-1330
-1313
-1289
-1255
-1195
-1107
-1010
-918
-823
-717
-599
-475
-348
-222
-96
32
166
302
426
529
614
693
769
834
881
920
966
1025
1082
1112
1111
1091
1060
1013
942
856
777
717
667
614
556
496
429
353
271
190
109
31
-34
-80
-119
-168
-231
-289
-335
-384
-447
-512
-554
-572
-588
-620
-662
-703
-746
-805
-884
-971
-1051
-1124
-1196
-1270
-1340
-1406
-1476
-1555
-1638
-1718
-1803
-1903
-2007
-2095
-2166
-2241
-2320
-2379
-2403
-2420
-2462
-2516
-2539
-2522
-2494
-2461
-2378
-2213
-1997
-1777
-1562
-1339
-1118
-928
-757
-562
-327
-74
192
495
840
1170
1432
1639
1842
2045
2216
2352
2491
2652
2802
2909
2975
3015
3014
2964
2890
2826
2765
2679
2577
2493
2430
2348
2226
2087
1950
1801
1618
1417
1234
1081
947
840
778
751
721
668
602
532
445
338
244
197
190
184
168
150
129
81
-2
-88
-144
-170
-181
-185
-184
-197
-249
-341
-449
-557
-665
-762
-828
-858
-876
-905
-942
-973
-1001
-1036
-1072
-1090
-1084
-1068
-1053
-1033
-1000
-955
-900
-829
-740
-642
-545
-445
-337
-228
-128
-34
74
196
316
415
496
568
633
689
742
797
860
926
987
1031
1047
1032
993
937
872
809
756
715
676
633
583
529
466
390
309
233
165
102
42
-11
-66
-129
-199
-262
-314
-364
-418
-465
-492
-506
-526
-557
-594
-631
-676
-735
-804
-877
-945
-1006
-1066
-1129
-1195
-1256
-1310
-1369
-1445
-1530
-1609
-1677
-1749
-1837
-1936
-2028
-2103
-2162
-2213
-2259
-2303
-2336
-2351
-2353
-2361
-2380
-2386
-2339
-2223
-2062
-1890
-1711
-1507
-1278
-1052
-861
-700
-529
-315
-57
220
500
782
1064
1335
1581
1794
1978
2137
2285
2438
2592
2721
2804
2854
2894
2918
2899
2838
2767
2708
2642
2551
2448
2361
2282
2183
2057
1920
1779
1616
1431
1250
1091
952
836
762
729
702
646
575
512
450
367
272
206
183
175
159
139
117
81
27
-20
-44
-57
-78
-99
-107
-121
-175
-266
-360
-443
-525
-606
-670
-709
-745
-792
-834
-860
-881
-914
-946
-961
-968
-987
-1015
-1031
-1028
-1011
-973
-896
-789
-679
-581
-479
-366
-265
-187
-108
-3
118
226
317
405
490
557
609
670
751
833
904
971
1035
1071
1062
1021
977
938
890
836
794
766
733
682
622
564
505
437
364
296
231
158
78
0
-73
-145
-213
-265
-303
-342
-394
-443
-475
-494
-522
-560
-592
-611
-636
-687
-757
-827
-894
-961
-1020
-1053
-1070
-1103
-1160
-1216
-1257
-1315
-1418
-1540
-1628
-1682
-1749
-1845
-1934
-1991
-2043
-2114
-2176
-2200
-2215
-2264
-2328
-2353
-2343
-2355
-2393
-2378
-2258
-2079
-1909
-1743
-1535
-1301
-1099
-937
-762
-555
-345
-134
129
454
769
1016
1234
1483
1739
1934
2070
2223
2417
2602
2731
2825
2904
2944
2929
2890
2858
2811
2721
2621
2562
2525
2446
2316
2185
2078
1955
1782
1585
1405
1239
1075
931
831
758
685
618
575
534
457
350
262
212
176
137
118
129
138
114
70
31
-9
-59
-96
-93
-69
-67
-93
-124
-162
-244
-367
-479
-544
-591
-650
-703
-720
-721
-754
-816
-866
-890
-919
-966
-996
-989
-971
-969
-961
-910
-825
-747
-685
-604
-493
-387
-310
-235
-127
4
126
232
344
463
557
614
659
721
795
862
927
1005
1082
1128
1129
1104
1069
1021
959
900
865
845
818
776
726
668
591
499
409
331
257
181
111
53
-5
-76
-157
-229
-289
-348
-404
-448
-479
-507
-538
-560
-574
-597
-642
-694
-735
-773
-828
-896
-951
-983
-1010
-1049
-1092
-1129
-1172
-1238
-1320
-1398
-1468
-1545
-1629
-1698
-1749
-1805
-1881
-1959
-2018
-2072
-2139
-2206
-2237
-2237
-2248
-2288
-2325
-2322
-2292
-2260
-2210
-2103
-1931
-1730
-1523
-1309
-1098
-920
-773
-606
-388
-149
70
299
590
920
1204
1402
1570
1765
1966
2130
2270
2422
2574
2680
2737
2781
2810
2783
2701
2633
2615
2596
2516
2402
2316
2250
2144
1986
1832
1710
1578
1405
1225
1085
973
851
734
659
623
582
515
445
380
302
213
154
146
157
149
129
126
129
102
40
-20
-49
-49
-34
-20
-22
-58
-126
-201
-272
-353
-446
-521
-556
-565
-583
-622
-674
-729
-786
-836
-868
-888
-908
-927
-926
-906
-882
-860
-825
-764
-683
-596
-504
-408
-320
-244
-166
-66
47
152
246
345
448
540
613
681
754
828
895
963
1033
1082
1093
1075
1053
1034
1002
957
915
888
861
816
755
689
619
540
459
388
326
259
180
95
17
-59
-143
-228
-298
-345
-381
-421
-463
-498
-528
-561
-600
-636
-668
-703
-741
-776
-804
-839
-883
-918
-931
-936
-959
-1002
-1041
-1076
-1127
-1203
-1279
-1336
-1386
-1443
-1494
-1527
-1564
-1632
-1714
-1772
-1812
-1866
-1936
-1978
-1980
-1985
-2027
-2074
-2086
-2087
-2118
-2154
-2133
-2047
-1950
-1863
-1742
-1562
-1365
-1198
-1045
-869
-686
-527
-369
-161
87
325
542
790
1082
1351
1540
1680
1832
1999
2137
2244
2354
2478
2585
2655
2698
2712
2677
2594
2509
2453
2404
2333
2249
2178
2109
2005
1857
1689
1523
1355
1189
1042
929
836
750
671
605
544
477
404
335
271
208
155
126
117
109
96
88
89
87
66
30
-5
-25
-32
-35
-40
-52
-76
-115
-169
-238
-316
-395
-456
-494
-516
-536
-559
-585
-616
-662
-724
-780
-810
-815
-811
-803
-778
-733
-681
-639
-602
-557
-495
-418
-327
-226
-126
-37
50
151
259
348
414
481
570
670
749
804
855
912
965
999
1017
1020
1006
978
946
918
888
848
804
768
734
687
619
533
439
344
254
176
111
52
-8
-67
-125
-186
-258
-340
-419
-482
-521
-544
-562
-582
-601
-621
-646
-678
-712
-749
-786
-817
-831
-835
-847
-875
-901
-916
-934
-975
-1027
-1068
-1105
-1161
-1230
-1278
-1299
-1331
-1394
-1455
-1482
-1502
-1562
-1650
-1715
-1745
-1774
-1813
-1832
-1823
-1827
-1863
-1893
-1891
-1898
-1951
-2000
-1965
-1855
-1743
-1651
-1525
-1333
-1128
-967
-838
-697
-545
-400
-243
-40
190
410
626
878
1148
1368
1512
1636
1792
1952
2072
2166
2282
2416
2520
2574
2595
2588
2542
2464
2394
2344
2290
2220
2159
2120
2061
1939
1771
1605
1451
1287
1111
959
857
785
714
642
575
506
425
344
275
212
148
95
73
73
66
40
16
6
-2
-24
-55
-74
-78
-75
-71
-70
-77
-100
-139
-185
-239
-306
-376
-425
-445
-450
-458
-469
-476
-486
-518
-570
-622
-659
-678
-680
-663
-626
-581
-540
-500
-458
-416
-377
-330
-261
-171
-78
7
85
161
234
297
354
416
485
561
639
713
775
820
853
879
896
901
894
882
864
836
801
765
731
695
659
626
590
539
465
377
287
197
104
17
-51
-102
-155
-217
-284
-347
-412
-479
-534
-565
-578
-588
-603
-620
-645
-686
-744
-799
-833
-847
-850
-845
-830
-812
-809
-829
-866
-907
-949
-994
-1038
-1072
-1095
-1121
-1159
-1201
-1234
-1260
-1293
-1335
-1371
-1395
-1425
-1473
-1527
-1567
-1598
-1635
-1669
-1674
-1653
-1645
-1673
-1708
-1718
-1717
-1734
-1755
-1725
-1626
-1494
-1358
-1205
-1030
-870
-753
-652
-521
-376
-253
-129
66
342
617
828
1006
1208
1414
1560
1650
1745
1876
2011
2130
2254
2384
2466
2471
2444
2435
2415
2334
2219
2151
2151
2148
2084
1986
1896
1796
1646
1456
1270
1106
956
831
755
714
665
591
518
457
378
263
145
69
37
20
8
12
30
38
23
-5
-36
-66
-87
-83
-57
-29
-15
-10
-15
-41
-96
-163
-223
-265
-293
-309
-314
-315
-324
-348
-384
-431
-482
-529
-567
-597
-612
-601
-568
-532
-506
-480
-443
-400
-367
-344
-311
-263
-199
-119
-22
72
143
200
267
341
391
411
443
519
621
703
760
809
847
856
839
818
799
768
736
735
758
759
710
644
595
544
463
367
294
244
183
107
42
-9
-77
-169
-249
-295
-332
-386
-440
-468
-479
-502
-535
-553
-559
-579
-615
-642
-647
-653
-677
-696
-688
-662
-651
-664
-683
-695
-715
-754
-801
-835
-855
-877
-911
-952
-994
-1042
-1104
-1168
-1216
-1247
-1276
-1306
-1321
-1324
-1351
-1419
-1496
-1534
-1542
-1569
-1619
-1636
-1591
-1541
-1545
-1582
-1596
-1586
-1584
-1577
-1523
-1423
-1321
-1220
-1069
-868
-704
-626
-558
-413
-225
-84
14
167
410
665
870
1054
1252
1427
1541
1637
1765
1893
1967
2016
2121
2273
2369
2360
2315
2303
2291
2220
2116
2048
2025
1995
1938
1878
1812
1696
1517
1331
1183
1051
906
779
713
692
656
581
501
433
354
248
150
96
76
56
34
28
35
26
-7
-40
-59
-77
-99
-102
-73
-42
-43
-68
-83
-90
-124
-194
-266
-308
-326
-340
-350
-348
-346
-363
-391
-416
-450
-512
-586
-621
-603
-568
-544
-518
-469
-414
-380
-366
-348
-318
-284
-232
-143
-31
63
129
191
261
318
347
374
429
508
588
665
745
809
833
820
804
792
769
731
705
708
717
708
680
644
594
521
439
368
307
238
164
107
66
19
-47
-119
-180
-232
-286
-337
-375
-402
-425
-446
-459
-469
-488
-518
-547
-571
-594
-616
-628
-624
-610
-597
-589
-583
-587
-611
-651
-694
-728
-755
-779
-793
-799
-809
-836
-876
-919
-969
-1032
-1095
-1131
-1140
-1149
-1175
-1200
-1211
-1230
-1282
-1346
-1383
-1395
-1415
-1440
-1434
-1395
-1370
-1383
-1397
-1381
-1367
-1396
-1436
-1426
-1375
-1332
-1289
-1187
-1021
-865
-759
-650
-503
-369
-307
-267
-157
24
208
381
597
854
1077
1225
1344
1472
1570
1616
1678
1819
1993
2109
2166
2229
2299
2307
2231
2140
2090
2061
2025
1997
1988
1951
1851
1722
1610
1490
1319
1133
1001
932
865
771
683
620
557
472
390
324
245
143
60
26
9
-34
-81
-85
-54
-42
-69
-100
-114
-132
-158
-164
-134
-102
-96
-105
-110
-130
-196
-287
-355
-376
-370
-354
-327
-296
-286
-316
-377
-450
-525
-589
-620
-604
-554
-495
-442
-399
-373
-363
-360
-349
-320
-269
-195
-107
-23
44
97
150
199
238
277
338
426
521
599
659
714
762
787
787
769
744
716
687
667
659
652
636
619
611
600
557
472
373
290
225
157
85
29
-2
-27
-70
-128
-193
-259
-328
-381
-401
-396
-392
-398
-401
-401
-418
-464
-523
-568
-589
-593
-583
-560
-531
-509
-503
-515
-544
-585
-631
-674
-711
-739
-750
-750
-758
-785
-819
-851
-891
-947
-1005
-1043
-1069
-1100
-1130
-1136
-1123
-1131
-1172
-1210
-1216
-1214
-1241
-1285
-1303
-1288
-1272
-1264
-1247
-1224
-1225
-1255
-1280
-1287
-1310
-1367
-1409
-1370
-1257
-1132
-1026
-913
-775
-644
-553
-501
-458
-401
-309
-161
43
265
469
655
844
1025
1165
1255
1334
1447
1599
1761
1903
2014
2096
2156
2188
2184
2151
2111
2088
2086
2086
2072
2039
1985
1907
1802
1675
1532
1380
1232
1100
983
875
776
698
643
589
512
419
327
243
151
52
-31
-77
-85
-78
-71
-76
-93
-119
-149
-175
-193
-199
-183
-145
-98
-70
-80
-124
-182
-237
-279
-306
-313
-291
-249
-215
-212
-244
-296
-361
-434
-501
-537
-536
-516
-498
-484
-469
-461
-466
-471
-458
-427
-387
-337
-269
-196
-146
-121
-91
-37
26
81
141
222
320
410
482
546
604
647
676
702
728
738
729
720
724
733
734
732
736
740
724
683
628
564
486
400
324
266
217
167
114
59
-1
-69
-137
-194
-240
-280
-309
-327
-341
-370
-415
-467
-512
-547
-571
-583
-577
-558
-536
-519
-510
-509
-518
-536
-558
-578
-594
-614
-640
-670
-694
-709
-721
-730
-736
-742
-757
-789
-832
-882
-938
-1000
-1051
-1078
-1083
-1084
-1092
-1100
-1103
-1111
-1130
-1154
-1170
-1174
-1176
-1181
-1187
-1191
-1195
-1202
-1212
-1219
-1222
-1222
-1223
-1232
-1246
-1251
-1231
-1180
-1097
-989
-867
-744
-625
-518
-433
-377
-332
-254
-109
88
295
495
699
907
1082
1200
1276
1355
1460
1593
1749
1915
2057
2148
2197
2227
2231
2188
2113
2065
2076
2109
2110
2068
2009
1933
1821
1672
1515
1365
1219
1087
986
907
818
705
598
522
451
354
243
152
80
4
-78
-135
-159
-172
-186
-189
-178
-179
-211
-250
-266
-264
-263
-255
-219
-169
-149
-173
-214
-252
-299
-358
-394
-382
-341
-308
-292
-285
-297
-350
-434
-507
-543
-557
-560
-541
-495
-449
-431
-436
-441
-437
-426
-401
-344
-261
-182
-118
-59
4
56
92
131
197
285
374
457
537
610
663
701
738
775
797
806
817
834
836
811
781
768
765
750
722
701
678
627
543
452
375
301
219
149
107
77
28
-39
-103
-162
-233
-309
-359
-372
-377
-399
-424
-432
-437
-471
-527
-569
-577
-571
-570
-566
-547
-524
-512
-511
-514
-524
-546
-571
-585
-591
-606
-630
-645
-644
-638
-644
-659
-676
-696
-720
-746
-773
-800
-821
-829
-827
-833
-855
-878
-889
-901
-925
-943
-931
-900
-886
-900
-913
-911
-921
-962
-1007
-1019
-1004
-997
-1004
-1009
-1019
-1061
-1125
-1162
-1153
-1131
-1113
-1056
-922
-762
-661
-629
-594
-515
-432
-376
-309
-173
22
226
422
618
795
919
1010
1125
1274
1403
1487
1582
1738
1907
2000
2012
2014
2041
2059
2035
1998
1983
1977
1951
1911
1872
1809
1689
1534
1397
1288
1163
1006
863
772
711
637
546
464
389
299
192
93
12
-68
-145
-188
-186
-167
-164
-178
-186
-192
-208
-231
-242
-234
-210
-173
-123
-80
-72
-103
-147
-182
-212
-245
-262
-246
-202
-161
-144
-159
-205
-275
-350
-410
-454
-484
-492
-463
-411
-376
-376
-392
-398
-389
-379
-366
-331
-269
-191
-113
-44
10
49
88
144
214
280
338
406
499
598
673
718
753
793
829
847
844
831
822
822
828
832
827
812
786
753
707
640
553
461
383
328
286
238
184
133
83
20
-63
-148
-213
-258
-295
-319
-322
-317
-332
-375
-424
-463
-501
-544
-574
-568
-537
-507
-488
-471
-460
-479
-523
-563
-579
-589
-608
-620
-606
-578
-571
-593
-622
-643
-663
-691
-716
-728
-730
-732
-735
-743
-758
-782
-812
-840
-860
-872
-876
-874
-865
-846
-821
-808
-820
-843
-856
-870
-911
-970
-1003
-992
-975
-985
-1003
-997
-986
-1016
-1084
-1145
-1183
-1218
-1241
-1207
-1108
-1004
-933
-854
-733
-617
-580
-593
-557
-436
-293
-166
-15
198
432
623
779
928
1056
1134
1200
1323
1494
1637
1727
1825
1964
2082
2105
2055
2014
2006
1994
1962
1937
1929
1910
1856
1780
1687
1553
1372
1185
1041
938
838
730
639
578
520
435
322
202
93
0
-77
-139
-184
-211
-223
-232
-243
-253
-262
-275
-292
-299
-285
-259
-241
-233
-218
-195
-188
-210
-242
-263
-277
-298
-313
-303
-275
-262
-272
-286
-297
-332
-404
-478
-513
-515
-512
-511
-482
-426
-379
-367
-372
-363
-340
-319
-289
-228
-140
-58
8
74
147
204
238
280
362
470
565
643
728
822
888
905
898
898
905
905
902
913
932
942
939
934
923
885
819
750
689
620
529
432
356
300
242
176
117
65
9
-58
-127
-191
-253
-310
-350
-372
-391
-422
-457
-488
-522
-568
-611
-630
-624
-608
-588
-559
-529
-518
-536
-571
-607
-641
-674
-692
-684
-659
-634
-612
-588
-572
-580
-610
-635
-645
-652
-667
-677
-669
-649
-641
-646
-650
-645
-644
-650
-648
-630
-610
-602
-599
-585
-567
-565
-580
-592
-592
-596
-612
-625
-625
-630
-659
-692
-705
-709
-742
-810
-872
-909
-947
-1018
-1105
-1165
-1188
-1189
-1170
-1116
-1041
-971
-905
-820
-726
-674
-674
-660
-570
-425
-287
-160
9
233
456
631
769
896
1010
1108
1219
1358
1490
1580
1653
1751
1853
1890
1854
1815
1820
1837
1817
1775
1747
1721
1658
1551
1432
1308
1158
993
857
765
683
587
504
453
407
328
229
148
87
12
-76
-138
-153
-152
-160
-165
-144
-108
-83
-67
-45
-22
-9
2
32
71
85
69
53
55
50
16
-28
-51
-48
-43
-47
-53
-67
-105
-168
-236
-301
-372
-448
-501
-509
-493
-481
-474
-455
-430
-420
-426
-420
-392
-360
-333
-292
-224
-146
-84
-29
44
136
228
316
417
528
622
688
745
807
851
859
854
874
913
940
946
958
984
999
985
959
934
894
821
732
656
583
489
381
294
240
189
125
62
16
-30
-99
-179
-246
-301
-362
-426
-471
-493
-512
-543
-573
-588
-595
-603
-607
-596
-575
-561
-560
-563
-568
-583
-610
-638
-655
-654
-641
-620
-597
-578
-567
-562
-562
-573
-594
-621
-643
-655
-659
-660
-660
-661
-659
-649
-630
-611
-603
-605
-603
-589
-570
-565
-574
-582
-576
-564
-557
-557
-555
-548
-543
-537
-524
-513
-528
-571
-614
-637
-657
-707
-774
-818
-830
-851
-905
-971
-1025
-1078
-1139
-1175
-1151
-1089
-1035
-982
-886
-757
-669
-655
-650
-587
-481
-380
-268
-96
125
330
501
676
858
995
1076
1171
1329
1499
1608
1671
1757
1860
1912
1893
1867
1877
1886
1864
1839
1838
1821
1738
1613
1504
1407
1274
1103
952
854
767
655
542
462
401
327
246
186
140
77
-5
-74
-111
-137
-165
-176
-152
-107
-69
-45
-24
-7
2
5
15
38
63
83
94
93
75
42
1
-39
-70
-87
-94
-100
-118
-153
-202
-269
-354
-439
-503
-541
-565
-583
-586
-572
-558
-558
-559
-544
-510
-468
-422
-363
-290
-223
-168
-110
-32
60
154
252
365
490
602
690
761
827
886
930
968
1013
1060
1087
1090
1086
1088
1087
1065
1029
1001
984
956
898
814
717
613
505
403
315
235
156
85
32
-15
-79
-168
-254
-314
-355
-397
-449
-496
-530
-555
-579
-603
-628
-649
-653
-635
-605
-586
-583
-580
-567
-551
-547
-557
-568
-569
-563
-558
-556
-557
-555
-543
-523
-505
-500
-506
-512
-519
-533
-552
-569
-577
-574
-563
-547
-533
-527
-521
-504
-479
-462
-453
-433
-393
-356
-345
-350
-347
-332
-325
-329
-322
-295
-267
-253
-240
-218
-209
-234
-280
-315
-342
-396
-481
-560
-604
-638
-693
-761
-814
-856
-925
-1029
-1135
-1216
-1279
-1335
-1357
-1316
-1223
-1125
-1050
-985
-918
-864
-834
-804
-728
-594
-419
-223
-4
228
434
581
685
790
913
1031
1132
1249
1411
1588
1714
1767
1782
1795
1798
1770
1728
1708
1711
1706
1678
1640
1588
1490
1342
1192
1080
984
859
721
632
604
574
496
402
345
313
254
160
80
39
12
-18
-26
7
45
53
49
68
90
71
21
7
49
96
101
90
106
125
94
11
-64
-102
-128
-165
-189
-184
-182
-221
-287
-344
-399
-479
-567
-610
-596
-571
-572
-573
-542
-501
-491
-507
-500
-451
-394
-348
-292
-205
-105
-25
41
121
219
309
382
457
550
646
725
796
876
958
1017
1049
1075
1106
1123
1109
1082
1078
1100
1114
1093
1052
1015
973
899
788
670
571
493
424
363
309
248
173
90
10
-73
-172
-270
-338
-367
-385
-422
-474
-516
-545
-577
-622
-666
-691
-692
-679
-661
-650
-650
-657
-663
-668
-681
-703
-721
-721
-709
-697
-690
-681
-669
-658
-653
-651
-652
-657
-659
-653
-637
-620
-605
-586
-561
-539
-531
-533
-527
-508
-483
-453
-414
-361
-306
-263
-238
-226
-223
-226
-229
-222
-206
-183
-159
-134
-117
-121
-145
-176
-203
-231
-267
-304
-334
-362
-407
-471
-540
-604
-670
-741
-805
-860
-921
-1003
-1093
-1167
-1231
-1299
-1354
-1351
-1282
-1196
-1128
-1063
-973
-883
-833
-814
-766
-663
-531
-387
-205
20
243
417
565
727
884
990
1059
1166
1333
1491
1586
1650
1736
1818
1836
1797
1763
1759
1744
1701
1668
1668
1652
1574
1462
1369
1283
1153
983
840
759
699
619
540
499
480
432
349
272
215
151
67
-3
-25
-15
-12
-23
-22
0
12
-7
-39
-56
-57
-62
-73
-71
-57
-55
-87
-135
-174
-207
-256
-318
-357
-356
-343
-353
-381
-402
-419
-461
-533
-595
-622
-628
-635
-628
-583
-516
-466
-442
-414
-367
-323
-291
-245
-161
-58
31
112
212
325
413
465
522
616
724
812
879
955
1039
1102
1130
1140
1146
1145
1134
1130
1142
1148
1128
1088
1054
1025
971
882
785
707
640
559
460
363
276
191
100
13
-63
-134
-210
-285
-351
-414
-481
-550
-608
-649
-682
-714
-742
-760
-777
-802
-829
-843
-840
-831
-825
-821
-811
-798
-795
-808
-830
-848
-849
-833
-805
-774
-744
-718
-695
-677
-667
-666
-669
-662
-634
-587
-539
-501
-472
-439
-400
-362
-331
-299
-257
-203
-141
-81
-30
8
37
65
97
126
143
153
168
187
201
202
195
186
174
152
122
84
33
-30
-91
-142
-192
-251
-310
-356
-400
-473
-580
-692
-782
-865
-963
-1062
-1131
-1173
-1223
-1299
-1387
-1470
-1551
-1623
-1653
-1620
-1548
-1468
-1371
-1231
-1079
-982
-955
-931
-849
-724
-601
-470
-282
-33
218
426
600
759
889
982
1073
1198
1335
1443
1525
1625
1740
1808
1796
1754
1747
1765
1756
1718
1697
1708
1702
1640
1545
1454
1358
1236
1104
1004
944
890
829
785
765
735
669
588
526
475
401
309
244
223
212
180
140
122
118
97
50
-1
-45
-88
-136
-176
-201
-229
-275
-329
-375
-420
-483
-564
-631
-665
-677
-692
-710
-717
-721
-741
-786
-834
-863
-876
-877
-856
-797
-706
-614
-540
-474
-404
-337
-283
-226
-145
-37
76
182
298
426
541
623
691
780
892
993
1069
1143
1230
1306
1343
1349
1354
1362
1353
1327
1311
1315
1306
1261
1199
1151
1107
1031
923
814
724
631
515
392
285
190
89
-9
-85
-142
-209
-298
-385
-453
-515
-592
-677
-742
-780
-807
-835
-860
-880
-900
-920
-930
-930
-927
-930
-928
-916
-900
-897
-906
-917
-923
-923
-913
-891
-860
-832
-804
-769
-733
-711
-708
-706
-689
-663
-642
-617
-574
-517
-465
-421
-373
-314
-257
-211
-163
-101
-31
32
89
149
208
253
285
320
364
403
430
455
490
526
542
533
510
478
435
383
327
269
204
141
88
40
-22
-105
-194
-275
-362
-468
-585
-694
-794
-896
-996
-1077
-1141
-1207
-1287
-1365
-1432
-1504
-1597
-1687
-1739
-1747
-1728
-1685
-1597
-1469
-1345
-1254
-1182
-1100
-1019
-957
-894
-780
-598
-383
-171
41
261
465
625
748
864
980
1085
1188
1314
1461
1589
1670
1723
1779
1824
1830
1805
1789
1801
1815
1808
1785
1761
1722
1650
1551
1448
1347
1239
1133
1056
1010
974
928
884
850
804
722
614
515
433
354
275
218
197
192
173
136
94
48
-13
-85
-146
-191
-233
-277
-313
-339
-377
-445
-526
-591
-633
-673
-716
-744
-744
-735
-740
-762
-787
-808
-834
-861
-873
-862
-833
-794
-738
-663
-579
-500
-425
-348
-268
-193
-122
-44
47
147
250
356
471
588
699
797
886
971
1052
1129
1197
1254
1298
1333
1360
1374
1370
1353
1336
1323
1304
1273
1232
1183
1121
1042
949
853
756
653
547
446
352
255
149
42
-54
-140
-224
-305
-378
-443
-510
-584
-656
-720
-778
-833
-879
-903
-911
-919
-935
-951
-959
-963
-967
-971
-966
-953
-937
-921
-911
-908
-912
-913
-902
-878
-850
-821
-785
-742
-702
-678
-664
-648
-622
-588
-546
-495
-439
-385
-331
-277
-222
-174
-128
-71
5
87
157
213
267
323
369
398
423
458
502
545
582
615
639
646
637
621
599
563
509
450
396
341
272
189
108
38
-33
-114
-202
-290
-381
-480
-586
-688
-790
-895
-997
-1085
-1157
-1229
-1308
-1381
-1438
-1488
-1548
-1618
-1683
-1734
-1776
-1805
-1803
-1761
-1683
-1581
-1454
-1307
-1167
-1061
-982
-903
-809
-706
-591
-434
-220
27
265
479
671
840
966
1057
1145
1253
1372
1487
1602
1727
1837
1900
1917
1922
1933
1935
1920
1907
1917
1931
1910
1854
1786
1714
1621
1501
1385
1298
1227
1149
1071
1014
974
921
847
773
706
628
522
409
318
244
169
96
47
24
-2
-52
-113
-171
-234
-313
-395
-455
-496
-537
-586
-630
-665
-710
-775
-842
-889
-913
-928
-936
-929
-909
-896
-897
-904
-909
-917
-925
-917
-876
-807
-729
-649
-556
-451
-349
-263
-187
-107
-19
77
176
283
395
509
622
733
841
939
1028
1113
1195
1272
1335
1380
1410
1430
1441
1438
1423
1401
1378
1353
1317
1265
1200
1129
1053
968
871
772
678
583
477
361
242
123
6
-106
-205
-290
-365
-436
-500
-560
-627
-706
-788
-857
-909
-955
-993
-1016
-1023
-1025
-1031
-1040
-1047
-1049
-1051
-1048
-1037
-1021
-1009
-999
-989
-980
-977
-975
-963
-936
-903
-872
-836
-790
-742
-708
-682
-653
-615
-574
-533
-486
-427
-364
-303
-237
-164
-89
-22
45
124
211
291
354
414
481
547
600
642
685
730
773
807
831
846
850
842
824
797
759
710
653
590
518
441
358
270
177
84
-5
-96
-195
-301
-402
-497
-598
-711
-818
-906
-985
-1078
-1179
-1265
-1329
-1394
-1472
-1545
-1594
-1632
-1685
-1745
-1790
-1822
-1857
-1886
-1870
-1798
-1703
-1613
-1507
-1365
-1217
-1113
-1053
-985
-878
-754
-628
-475
-270
-36
183
381
575
753
887
986
1099
1245
1385
1491
1590
1713
1836
1904
1918
1925
1951
1970
1962
1952
1962
1972
1950
1903
1852
1788
1684
1551
1435
1349
1260
1153
1059
1008
973
909
814
724
649
556
433
311
215
133
48
-27
-75
-111
-164
-232
-287
-330
-388
-470
-546
-589
-615
-656
-710
-749
-770
-798
-847
-894
-921
-935
-949
-955
-941
-918
-906
-911
-914
-910
-909
-914
-905
-862
-790
-710
-627
-536
-434
-339
-260
-188
-108
-15
81
178
282
396
509
614
712
811
912
1008
1099
1188
1273
1343
1390
1418
1437
1447
1443
1424
1402
1385
1365
1331
1280
1222
1161
1092
1009
917
822
718
602
478
354
232
107
-17
-125
-213
-294
-378
-464
-541
-613
-692
-775
-850
-910
-961
-1008
-1047
-1072
-1089
-1105
-1118
-1120
-1109
-1094
-1080
-1061
-1035
-1009
-992
-980
-963
-941
-921
-902
-873
-831
-784
-742
-704
-662
-616
-574
-538
-503
-461
-414
-363
-310
-254
-195
-137
-81
-22
41
103
161
220
287
359
427
486
540
594
643
683
714
742
771
795
814
830
842
844
828
801
767
726
670
606
543
484
421
349
273
193
102
-7
-122
-231
-339
-453
-568
-661
-733
-806
-896
-990
-1073
-1156
-1255
-1364
-1458
-1530
-1591
-1647
-1682
-1696
-1716
-1761
-1814
-1853
-1887
-1937
-1985
-1979
-1902
-1788
-1670
-1540
-1378
-1208
-1080
-999
-927
-833
-724
-600
-434
-209
47
289
512
733
936
1082
1174
1266
1400
1551
1678
1788
1914
2049
2142
2169
2162
2157
2152
2131
2104
2097
2100
2080
2025
1958
1883
1776
1625
1465
1337
1236
1130
1013
918
858
803
718
610
505
406
294
168
52
-35
-105
-172
-228
-262
-292
-341
-411
-477
-529
-583
-645
-698
-720
-725
-742
-779
-816
-846
-884
-938
-987
-1005
-997
-982
-967
-941
-905
-882
-882
-890
-887
-876
-864
-836
-774
-682
-588
-499
-402
-291
-185
-103
-31
58
164
267
363
469
590
708
810
906
1007
1106
1187
1258
1333
1409
1465
1492
1509
1529
1537
1522
1492
1469
1448
1411
1352
1288
1225
1149
1053
949
853
759
652
533
414
300
180
54
-65
-168
-262
-356
-443
-515
-583
-660
-745
-820
-877
-926
-975
-1017
-1041
-1053
-1064
-1075
-1082
-1082
-1077
-1068
-1049
-1024
-1003
-988
-972
-949
-923
-903
-880
-844
-794
-742
-698
-658
-616
-576
-540
-508
-473
-430
-380
-325
-266
-205
-148
-93
-34
27
88
145
205
273
347
415
472
524
576
627
670
704
732
761
794
827
852
865
867
862
852
830
789
732
675
626
580
526
465
403
344
279
197
99
-6
-114
-220
-323
-421
-516
-612
-704
-785
-860
-945
-1044
-1137
-1208
-1266
-1337
-1424
-1497
-1542
-1580
-1635
-1698
-1737
-1751
-1765
-1791
-1814
-1826
-1838
-1858
-1859
-1818
-1750
-1676
-1580
-1431
-1242
-1076
-963
-863
-732
-586
-468
-364
-213
6
248
471
686
908
1113
1268
1392
1526
1668
1783
1869
1975
2115
2233
2276
2278
2298
2334
2329
2273
2220
2203
2187
2126
2033
1949
1864
1743
1587
1442
1321
1191
1036
894
801
729
631
515
422
356
268
132
-9
-113
-195
-289
-386
-446
-463
-481
-525
-576
-611
-647
-705
-769
-806
-819
-838
-869
-888
-885
-891
-931
-981
-1001
-993
-989
-999
-993
-954
-905
-876
-866
-847
-815
-787
-765
-729
-665
-587
-509
-417
-298
-168
-56
38
136
247
351
432
510
612
735
855
961
1069
1187
1295
1378
1442
1501
1556
1594
1614
1629
1642
1638
1611
1572
1534
1490
1427
1352
1278
1212
1135
1036
924
814
703
580
443
306
179
58
-64
-183
-289
-383
-471
-555
-631
-698
-766
-841
-918
-986
-1046
-1103
-1155
-1191
-1204
-1202
-1196
-1187
-1170
-1147
-1127
-1111
-1095
-1071
-1043
-1018
-995
-966
-932
-897
-863
-822
-768
-706
-642
-576
-509
-448
-398
-358
-319
-279
-239
-197
-143
-75
1
77
148
218
286
349
407
463
517
568
615
659
702
737
763
784
809
838
864
881
892
899
898
884
854
813
765
714
655
592
526
460
390
315
239
165
89
5
-90
-186
-282
-384
-498
-615
-720
-812
-902
-995
-1078
-1146
-1210
-1281
-1355
-1417
-1468
-1522
-1584
-1638
-1676
-1711
-1750
-1785
-1800
-1800
-1805
-1816
-1820
-1813
-1812
-1822
-1824
-1790
-1717
-1623
-1510
-1367
-1195
-1023
-875
-748
-627
-504
-381
-245
-76
127
349
573
799
1020
1217
1376
1506
1632
1765
1893
2006
2108
2209
2300
2363
2390
2388
2372
2347
2315
2277
2234
2182
2115
2032
1936
1823
1687
1527
1360
1205
1063
920
775
643
536
444
346
237
127
22
-87
-201
-313
-412
-498
-572
-627
-659
-681
-711
-750
-780
-797
-817
-852
-885
-896
-892
-892
-904
-913
-915
-919
-931
-936
-926
-911
-898
-880
-844
-799
-769
-752
-726
-684
-641
-610
-578
-525
-452
-377
-299
-203
-90
22
124
226
336
437
517
590
678
783
883
971
1064
1169
1272
1350
1408
1462
1514
1548
1563
1571
1576
1565
1529
1479
1434
1388
1324
1246
1170
1103
1027
925
805
685
568
444
312
184
68
-43
-158
-272
-380
-482
-583
-676
-751
-808
-861
-916
-967
-1012
-1055
-1103
-1149
-1183
-1199
-1200
-1190
-1170
-1144
-1118
-1090
-1061
-1034
-1010
-988
-956
-916
-875
-842
-808
-764
-710
-657
-607
-553
-490
-425
-367
-315
-265
-219
-177
-133
-81
-23
30
79
132
194
257
309
352
399
456
516
567
605
638
671
703
727
742
754
770
787
802
813
820
816
797
768
736
700
650
584
517
463
412
349
274
200
134
64
-19
-109
-196
-282
-374
-466
-553
-636
-725
-816
-896
-965
-1038
-1118
-1191
-1247
-1296
-1351
-1403
-1438
-1464
-1494
-1529
-1556
-1577
-1607
-1642
-1662
-1662
-1660
-1664
-1657
-1625
-1591
-1586
-1597
-1588
-1553
-1514
-1474
-1397
-1265
-1104
-949
-798
-636
-480
-359
-261
-143
9
168
326
515
750
992
1191
1350
1507
1664
1787
1873
1958
2066
2172
2246
2301
2355
2392
2382
2335
2289
2253
2201
2120
2038
1975
1903
1791
1649
1504
1359
1189
999
820
673
540
404
279
182
100
5
-106
-215
-316
-421
-533
-631
-699
-749
-795
-831
-844
-840
-845
-866
-886
-888
-883
-884
-888
-883
-867
-851
-842
-836
-827
-818
-811
-800
-775
-739
-704
-672
-633
-584
-539
-508
-486
-459
-424
-387
-349
-297
-222
-131
-34
67
175
284
380
461
536
613
691
768
847
937
1032
1123
1208
1288
1362
1422
1466
1501
1531
1548
1547
1526
1493
1453
1403
1342
1272
1198
1123
1046
962
865
755
639
523
404
280
154
30
-91
-213
-338
-457
-567
-671
-765
-841
-894
-938
-984
-1029
-1065
-1096
-1136
-1181
-1214
-1224
-1219
-1212
-1195
-1161
-1115
-1074
-1039
-1000
-952
-906
-868
-828
-779
-729
-688
-649
-600
-542
-487
-436
-380
-316
-255
-205
-161
-113
-63
-19
23
73
128
178
221
263
311
356
396
438
487
541
592
638
683
723
750
764
775
790
802
805
805
814
827
832
821
800
779
749
704
648
587
524
454
381
312
245
172
88
4
-74
-153
-245
-345
-436
-516
-595
-681
-765
-841
-915
-994
-1073
-1141
-1203
-1266
-1325
-1363
-1385
-1413
-1451
-1479
-1490
-1501
-1530
-1563
-1574
-1568
-1569
-1580
-1573
-1542
-1512
-1502
-1491
-1459
-1425
-1414
-1409
-1369
-1289
-1205
-1123
-1006
-835
-651
-501
-373
-229
-71
61
168
296
472
667
850
1037
1252
1462
1624
1742
1860
1989
2092
2153
2208
2288
2368
2404
2398
2384
2367
2322
2244
2162
2090
2010
1905
1790
1681
1564
1414
1238
1065
904
739
565
397
253
129
15
-91
-182
-267
-356
-447
-534
-619
-706
-792
-861
-904
-927
-935
-933
-923
-908
-895
-885
-878
-875
-871
-859
-837
-813
-791
-768
-744
-724
-710
-693
-666
-634
-604
-569
-522
-468
-425
-396
-367
-329
-294
-267
-235
-181
-111
-38
38
132
240
342
427
510
602
692
765
830
907
997
1082
1154
1224
1303
1377
1432
1473
1511
1546
1564
1558
1540
1517
1482
1427
1359
1292
1227
1151
1059
961
862
755
634
502
374
254
135
11
-113
-230
-344
-464
-586
-697
-791
-872
-945
-1005
-1045
-1075
-1107
-1144
-1176
-1198
-1217
-1235
-1241
-1228
-1203
-1175
-1142
-1096
-1042
-991
-946
-897
-838
-778
-729
-688
-640
-585
-532
-482
-429
-367
-305
-247
-189
-130
-77
-34
7
56
108
156
195
236
282
327
365
398
434
473
516
562
609
651
687
718
748
772
783
785
788
795
800
801
802
804
804
796
780
758
724
675
616
554
491
421
345
273
208
141
66
-16
-99
-183
-273
-364
-454
-539
-623
-704
-781
-857
-936
-1018
-1096
-1168
-1235
-1295
-1345
-1385
-1421
-1453
-1476
-1489
-1504
-1525
-1542
-1544
-1536
-1537
-1545
-1545
-1530
-1509
-1492
-1468
-1431
-1390
-1357
-1325
-1287
-1249
-1226
-1205
-1152
-1055
-935
-814
-678
-512
-331
-172
-48
63
179
300
424
567
738
924
1105
1286
1474
1648
1779
1870
1956
2056
2147
2205
2241
2282
2323
2338
2316
2275
2229
2169
2091
2007
1926
1834
1717
1584
1458
1331
1180
1000
822
663
512
348
185
50
-53
-148
-246
-334
-406
-479
-567
-659
-740
-807
-872
-925
-952
-952
-946
-946
-938
-916
-893
-885
-882
-865
-834
-807
-791
-773
-748
-723
-709
-696
-673
-644
-618
-590
-548
-499
-459
-428
-391
-342
-297
-267
-240
-198
-146
-95
-44
25
113
208
298
392
492
587
665
731
801
878
949
1013
1084
1165
1244
1306
1354
1402
1446
1473
1480
1480
1478
1465
1433
1387
1334
1274
1201
1118
1032
943
844
735
623
513
401
280
155
34
-81
-198
-322
-446
-562
-668
-765
-853
-928
-988
-1037
-1079
-1117
-1150
-1180
-1210
-1237
-1251
-1251
-1242
-1229
-1208
-1173
-1129
-1084
-1041
-994
-939
-880
-823
-770
-715
-656
-599
-548
-498
-442
-382
-327
-276
-220
-159
-101
-54
-11
39
94
139
173
209
253
296
330
361
400
444
484
520
559
603
642
672
697
726
754
771
776
780
791
800
798
789
783
784
780
763
736
704
665
616
558
496
428
355
280
208
139
64
-18
-101
-181
-262
-349
-439
-528
-616
-705
-790
-867
-939
-1012
-1084
-1145
-1194
-1242
-1298
-1349
-1381
-1400
-1427
-1460
-1478
-1475
-1474
-1489
-1502
-1488
-1461
-1453
-1458
-1439
-1394
-1360
-1356
-1348
-1306
-1258
-1239
-1235
-1200
-1136
-1092
-1077
-1039
-942
-825
-733
-641
-499
-316
-158
-49
60
201
339
439
536
685
870
1035
1174
1338
1532
1693
1782
1849
1951
2060
2116
2125
2148
2203
2233
2204
2152
2118
2084
2014
1924
1849
1783
1687
1556
1428
1313
1180
1006
824
671
535
384
221
81
-24
-121
-226
-324
-401
-469
-548
-632
-705
-769
-838
-903
-941
-951
-954
-962
-956
-928
-898
-888
-887
-870
-839
-814
-800
-779
-744
-709
-687
-668
-641
-609
-579
-546
-500
-446
-395
-351
-306
-257
-212
-178
-149
-114
-70
-22
28
86
156
237
320
405
492
580
659
729
794
856
911
960
1013
1073
1134
1190
1242
1293
1340
1373
1389
1394
1392
1376
1345
1306
1261
1208
1143
1071
995
916
832
738
638
538
438
331
215
97
-16
-129
-248
-370
-485
-592
-695
-789
-868
-932
-988
-1039
-1077
-1104
-1131
-1166
-1199
-1220
-1235
-1249
-1255
-1242
-1215
-1184
-1150
-1100
-1038
-977
-926
-871
-806
-741
-690
-648
-597
-538
-484
-439
-388
-323
-253
-192
-137
-73
-2
57
101
147
205
260
296
323
362
411
448
471
501
549
600
637
668
709
754
786
799
803
808
811
804
791
778
772
769
762
752
741
726
697
649
594
540
483
409
327
254
196
132
51
-33
-104
-169
-248
-339
-423
-494
-565
-645
-728
-800
-865
-935
-1009
-1074
-1125
-1171
-1220
-1266
-1297
-1318
-1342
-1370
-1389
-1399
-1413
-1438
-1458
-1458
-1446
-1441
-1440
-1425
-1388
-1348
-1328
-1324
-1313
-1286
-1256
-1236
-1219
-1186
-1134
-1080
-1040
-1001
-943
-869
-792
-704
-582
-428
-278
-148
-15
139
285
388
471
591
759
928
1068
1211
1387
1567
1699
1783
1864
1958
2036
2076
2105
2151
2193
2194
2158
2120
2090
2036
1944
1846
1772
1703
1600
1465
1334
1217
1088
926
753
597
455
306
150
10
-106
-207
-305
-392
-464
-525
-587
-658
-728
-789
-840
-885
-922
-937
-926
-902
-885
-873
-850
-817
-793
-786
-776
-744
-703
-672
-652
-625
-587
-558
-545
-532
-505
-473
-446
-421
-382
-336
-299
-273
-240
-194
-152
-128
-107
-65
-3
56
107
169
256
353
438
512
588
667
736
794
856
927
997
1062
1127
1198
1263
1307
1334
1358
1383
1397
1391
1373
1354
1334
1299
1245
1179
1110
1038
955
862
766
672
572
460
343
234
131
22
-93
-204
-306
-408
-518
-627
-723
-804
-877
-940
-985
-1012
-1035
-1060
-1084
-1101
-1116
-1136
-1150
-1143
-1119
-1091
-1064
-1027
-977
-927
-888
-854
-811
-759
-712
-673
-627
-573
-525
-487
-448
-398
-346
-305
-265
-211
-151
-109
-84
-51
2
54
86
113
157
213
258
283
309
348
389
421
454
501
551
587
611
639
669
683
677
677
698
723
728
720
723
737
735
706
670
645
622
580
526
479
441
391
323
257
206
157
87
5
-66
-125
-196
-290
-382
-452
-510
-582
-666
-736
-783
-831
-898
-967
-1015
-1046
-1083
-1128
-1160
-1173
-1187
-1219
-1257
-1278
-1285
-1299
-1320
-1328
-1309
-1281
-1266
-1259
-1245
-1221
-1206
-1211
-1219
-1214
-1195
-1175
-1159
-1139
-1108
-1073
-1042
-1015
-983
-940
-884
-816
-726
-611
-478
-344
-215
-85
49
176
287
396
528
688
855
1015
1178
1352
1519
1656
1759
1851
1941
2017
2075
2126
2181
2222
2234
2221
2200
2171
2115
2031
1939
1857
1770
1661
1533
1403
1275
1133
973
808
652
498
337
176
35
-88
-206
-320
-416
-489
-555
-629
-708
-776
-830
-878
-924
-956
-966
-956
-939
-919
-894
-864
-840
-822
-800
-764
-724
-691
-662
-622
-574
-535
-514
-494
-459
-418
-391
-370
-337
-290
-249
-223
-195
-153
-109
-77
-50
-13
34
76
114
164
231
304
375
449
531
614
683
740
799
865
929
983
1035
1098
1168
1229
1273
1309
1340
1364
1374
1371
1359
1340
1309
1267
1218
1162
1096
1020
938
851
760
659
549
432
317
205
92
-27
-146
-255
-358
-465
-578
-685
-778
-863
-943
-1010
-1055
-1089
-1121
-1149
-1166
-1174
-1184
-1194
-1196
-1183
-1162
-1133
-1095
-1047
-995
-938
-876
-811
-749
-688
-625
-558
-497
-443
-389
-328
-266
-210
-157
-101
-41
13
57
98
142
185
220
248
282
321
355
377
398
423
446
457
466
486
516
539
553
572
601
624
629
627
630
632
627
619
614
612
605
594
583
572
552
523
491
459
422
372
314
255
199
140
73
1
-66
-125
-187
-260
-335
-405
-476
-557
-638
-706
-766
-830
-896
-949
-989
-1032
-1084
-1129
-1155
-1175
-1204
-1229
-1235
-1229
-1231
-1243
-1246
-1235
-1227
-1231
-1229
-1207
-1177
-1160
-1151
-1127
-1089
-1066
-1069
-1070
-1047
-1019
-1013
-1017
-994
-947
-918
-916
-905
-856
-801
-768
-723
-622
-481
-355
-247
-114
52
197
285
364
488
642
776
894
1048
1244
1425
1554
1660
1779
1891
1955
1984
2032
2105
2153
2146
2124
2124
2114
2046
1938
1852
1798
1719
1588
1451
1345
1234
1075
887
729
598
447
268
108
-10
-125
-268
-407
-500
-559
-626
-706
-764
-793
-830
-896
-961
-991
-997
-1008
-1016
-989
-927
-869
-838
-811
-764
-715
-691
-680
-646
-589
-540
-513
-481
-432
-387
-367
-351
-314
-267
-237
-222
-194
-149
-109
-90
-75
-45
-6
24
45
72
117
170
220
272
338
417
494
558
618
681
744
796
843
899
964
1027
1082
1135
1190
1237
1269
1291
1307
1313
1303
1281
1251
1210
1156
1094
1028
959
883
801
715
622
515
397
276
158
41
-78
-195
-305
-409
-514
-621
-729
-828
-915
-990
-1055
-1104
-1138
-1164
-1187
-1207
-1224
-1240
-1254
-1258
-1246
-1221
-1188
-1150
-1102
-1045
-985
-928
-871
-810
-748
-688
-625
-562
-499
-441
-383
-321
-255
-190
-129
-68
-5
56
109
151
191
235
280
319
352
388
428
465
493
516
541
566
587
608
632
657
678
694
709
721
722
714
706
702
696
685
670
661
655
642
620
593
561
521
475
425
373
316
254
191
134
78
15
-53
-120
-185
-253
-329
-407
-484
-558
-629
-697
-762
-825
-887
-943
-993
-1041
-1093
-1142
-1177
-1200
-1220
-1244
-1267
-1281
-1291
-1308
-1330
-1345
-1347
-1341
-1332
-1317
-1291
-1259
-1230
-1207
-1186
-1162
-1140
-1127
-1117
-1098
-1065
-1031
-1006
-982
-941
-886
-841
-816
-790
-737
-667
-600
-528
-424
-283
-132
8
142
280
406
508
594
695
817
948
1082
1233
1404
1570
1700
1792
1870
1942
1996
2020
2034
2059
2086
2088
2058
2014
1963
1893
1798
1700
1614
1529
1423
1302
1181
1061
919
751
584
438
303
158
10
-117
-220
-316
-415
-504
-565
-606
-651
-709
-762
-802
-846
-905
-956
-972
-959
-942
-923
-885
-827
-781
-763
-754
-729
-698
-679
-664
-630
-580
-537
-511
-487
-454
-421
-397
-374
-335
-284
-235
-194
-151
-99
-50
-13
16
53
99
146
188
238
308
390
470
547
631
720
797
856
904
952
999
1044
1085
1130
1183
1237
1281
1313
1337
1353
1353
1333
1300
1265
1227
1173
1107
1040
977
907
821
729
642
552
449
337
227
124
18
-88
-188
-281
-374
-472
-568
-656
-739
-818
-890
-945
-982
-1009
-1033
-1053
-1065
-1076
-1093
-1112
-1124
-1121
-1109
-1092
-1062
-1016
-963
-914
-862
-804
-748
-704
-667
-623
-572
-524
-481
-431
-369
-303
-242
-183
-119
-56
-3
42
90
142
192
237
283
335
388
433
467
502
544
585
617
649
688
731
766
792
817
839
847
842
835
835
833
821
804
792
783
767
743
715
682
639
586
528
465
398
326
254
186
119
52
-17
-86
-154
-225
-300
-381
-462
-537
-604
-669
-735
-798
-854
-904
-955
-1007
-1055
-1094
-1125
-1154
-1181
-1198
-1205
-1214
-1231
-1250
-1264
-1276
-1292
-1305
-1304
-1293
-1284
-1273
-1250
-1216
-1188
-1175
-1162
-1141
-1122
-1115
-1107
-1090
-1069
-1050
-1026
-988
-944
-907
-872
-829
-779
-737
-702
-650
-565
-458
-346
-225
-79
84
235
358
470
587
700
800
904
1037
1197
1351
1486
1620
1757
1865
1927
1965
2010
2048
2058
2047
2044
2046
2020
1957
1883
1813
1730
1621
1508
1409
1310
1190
1054
927
804
666
510
357
224
97
-40
-174
-279
-357
-433
-512
-570
-601
-630
-682
-741
-782
-815
-863
-915
-936
-916
-889
-875
-852
-804
-754
-733
-730
-713
-682
-663
-655
-635
-594
-555
-533
-514
-479
-435
-404
-380
-342
-287
-237
-202
-169
-120
-63
-17
18
63
122
182
233
288
360
442
518
593
680
773
848
901
948
1001
1046
1074
1099
1140
1194
1239
1268
1294
1319
1329
1312
1277
1240
1199
1142
1071
1002
942
875
791
701
623
547
456
350
245
150
50
-63
-175
-268
-351
-439
-530
-608
-672
-737
-810
-874
-918
-950
-980
-1005
-1017
-1019
-1028
-1045
-1055
-1055
-1053
-1052
-1039
-1004
-957
-910
-862
-807
-751
-704
-667
-630
-591
-555
-524
-485
-433
-375
-318
-260
-193
-122
-59
-9
37
84
129
168
208
255
307
358
407
459
512
558
593
628
671
715
749
777
809
839
854
856
856
859
855
840
826
819
813
797
772
748
723
685
633
576
519
456
383
305
233
170
106
39
-25
-82
-139
-208
-286
-361
-430
-502
-579
-647
-701
-750
-802
-849
-884
-916
-959
-1003
-1030
-1042
-1061
-1091
-1113
-1119
-1125
-1144
-1169
-1179
-1175
-1176
-1186
-1188
-1173
-1154
-1146
-1143
-1130
-1108
-1094
-1092
-1086
-1066
-1046
-1044
-1047
-1031
-996
-969
-956
-934
-892
-850
-827
-812
-783
-742
-701
-654
-577
-470
-350
-225
-85
67
207
317
416
529
648
755
854
980
1135
1290
1419
1538
1660
1766
1833
1871
1914
1959
1979
1969
1958
1956
1936
1876
1797
1730
1665
1575
1461
1356
1268
1171
1046
911
786
664
524
375
240
121
2
-120
-225
-298
-356
-420
-482
-522
-549
-592
-654
-705
-735
-764
-803
-826
-816
-790
-773
-757
-724
-682
-658
-651
-637
-607
-581
-570
-559
-535
-504
-479
-457
-429
-393
-356
-323
-292
-254
-212
-175
-146
-111
-66
-19
21
57
103
157
206
252
312
389
468
540
614
696
769
821
862
906
950
984
1015
1055
1103
1145
1180
1211
1236
1245
1237
1219
1194
1157
1107
1049
985
919
855
789
716
638
559
479
390
291
190
91
-8
-105
-196
-278
-362
-449
-533
-606
-676
-750
-815
-860
-888
-912
-935
-949
-958
-968
-984
-998
-1005
-1006
-1001
-987
-960
-921
-877
-831
-781
-726
-674
-629
-592
-556
-519
-484
-450
-412
-360
-298
-233
-168
-102
-38
17
63
107
150
191
233
280
335
388
433
472
513
555
591
623
659
701
741
774
801
825
838
836
828
822
816
801
782
767
757
741
716
689
663
630
584
531
475
415
348
280
217
157
98
40
-14
-69
-127
-189
-255
-323
-389
-450
-509
-569
-626
-675
-721
-772
-823
-864
-894
-924
-956
-980
-992
-1005
-1022
-1037
-1046
-1056
-1069
-1081
-1084
-1083
-1088
-1092
-1087
-1074
-1062
-1052
-1037
-1017
-997
-984
-975
-963
-949
-937
-929
-921
-907
-889
-872
-854
-829
-797
-771
-753
-730
-700
-675
-662
-646
-602
-532
-451
-361
-247
-110
26
142
243
339
428
510
597
706
831
959
1090
1228
1362
1466
1536
1587
1636
1678
1707
1727
1748
1768
1770
1750
1711
1659
1592
1509
1419
1335
1251
1158
1054
951
850
738
609
476
356
245
130
10
-95
-176
-247
-318
-379
-420
-450
-484
-527
-567
-601
-636
-670
-691
-692
-680
-663
-637
-597
-558
-536
-528
-520
-505
-489
-477
-463
-440
-410
-383
-360
-340
-323
-309
-298
-285
-268
-248
-229
-208
-182
-151
-121
-96
-72
-42
-6
29
62
103
157
220
286
353
425
498
562
613
661
709
755
796
837
887
942
992
1034
1070
1100
1117
1115
1102
1085
1064
1030
983
933
888
843
786
720
651
581
501
408
311
216
122
26
-67
-148
-222
-298
-381
-463
-537
-612
-690
-760
-811
-843
-868
-892
-908
-917
-930
-952
-974
-988
-994
-995
-986
-960
-921
-879
-840
-802
-760
-720
-687
-659
-627
-588
-547
-510
-470
-419
-359
-305
-256
-205
-147
-93
-49
-10
34
78
119
159
207
259
303
339
378
422
460
489
518
556
596
631
660
687
707
719
723
723
721
714
708
708
711
709
696
680
663
639
602
554
504
456
404
348
294
243
190
132
76
25
-29
-96
-168
-236
-298
-367
-442
-509
-562
-611
-666
-721
-767
-807
-849
-894
-930
-959
-988
-1017
-1037
-1047
-1057
-1077
-1098
-1107
-1104
-1101
-1103
-1100
-1086
-1067
-1053
-1042
-1026
-1009
-999
-991
-974
-950
-931
-920
-905
-880
-856
-844
-836
-823
-802
-782
-766
-748
-727
-706
-685
-663
-641
-624
-602
-562
-498
-416
-320
-211
-89
36
152
252
340
421
498
579
675
792
923
1057
1190
1318
1431
1514
1566
1607
1645
1671
1678
1678
1683
1684
1662
1618
1564
1504
1432
1347
1262
1180
1091
989
882
779
671
550
423
305
197
91
-14
-110
-188
-249
-300
-342
-377
-404
-429
-457
-490
-527
-564
-596
-615
-618
-604
-577
-542
-505
-468
-437
-415
-404
-400
-397
-389
-378
-363
-346
-327
-307
-290
-277
-266
-253
-240
-227
-212
-192
-170
-150
-132
-112
-90
-67
-47
-23
10
51
96
144
201
269
337
399
458
518
574
619
654
689
730
773
814
859
910
960
1002
1034
1056
1063
1051
1026
994
957
913
868
823
780
735
687
633
569
493
410
324
236
144
51
-36
-114
-187
-261
-335
-406
-474
-541
-606
-666
-714
-752
-782
-806
-824
-836
-851
-869
-883
-890
-896
-901
-897
-874
-838
-800
-763
-720
-670
-627
-597
-573
-544
-516
-492
-464
-424
-373
-320
-267
-209
-149
-98
-59
-23
16
55
88
118
157
205
252
294
335
380
425
464
499
538
577
609
634
657
682
703
717
728
738
747
748
743
737
730
719
703
685
667
644
613
572
522
464
401
337
277
221
166
115
70
25
-31
-97
-165
-229
-295
-366
-433
-486
-529
-571
-616
-656
-689
-724
-763
-797
-822
-845
-871
-895
-909
-914
-923
-937
-947
-948
-947
-954
-961
-959
-952
-948
-947
-938
-920
-907
-904
-901
-889
-876
-872
-870
-854
-828
-810
-804
-792
-769
-749
-742
-738
-717
-687
-664
-650
-632
-606
-584
-568
-542
-491
-419
-335
-239
-126
-5
105
194
273
351
428
498
576
677
800
927
1046
1158
1261
1343
1400
1441
1479
1512
1531
1544
1557
1567
1559
1528
1483
1433
1378
1313
1244
1173
1102
1026
940
843
743
644
543
437
334
241
156
71
-14
-88
-145
-192
-236
-272
-294
-313
-340
-375
-409
-437
-461
-479
-482
-463
-432
-401
-378
-356
-335
-320
-319
-323
-322
-309
-292
-279
-266
-251
-240
-238
-237
-228
-216
-211
-210
-200
-182
-169
-164
-155
-136
-114
-96
-75
-48
-17
12
43
85
138
195
253
315
381
442
490
527
562
602
645
687
732
785
840
890
925
951
969
975
965
945
925
905
877
840
800
761
719
670
614
553
487
411
329
246
166
86
5
-71
-139
-203
-270
-341
-410
-474
-536
-594
-641
-672
-693
-713
-732
-746
-757
-773
-794
-811
-815
-809
-799
-783
-756
-719
-682
-653
-626
-596
-567
-545
-524
-495
-462
-430
-400
-362
-316
-269
-227
-187
-144
-103
-69
-36
0
37
70
103
143
189
231
267
302
338
374
408
439
470
504
535
563
588
609
625
634
637
639
643
645
644
641
640
637
624
602
574
543
505
463
418
372
324
278
234
188
138
84
31
-21
-78
-138
-197
-254
-314
-373
-428
-478
-528
-579
-623
-662
-701
-741
-778
-807
-833
-859
-887
-910
-925
-937
-951
-966
-977
-982
-983
-982
-978
-969
-958
-949
-941
-928
-915
-909
-906
-894
-871
-848
-833
-813
-783
-753
-739
-734
-724
-704
-689
-682
-668
-640
-611
-595
-586
-568
-543
-525
-511
-475
-403
-313
-229
-143
-39
73
162
221
276
351
434
509
591
701
833
955
1055
1147
1237
1305
1341
1365
1397
1429
1441
1437
1439
1446
1435
1393
1341
1296
1248
1180
1101
1029
962
882
787
696
615
527
424
323
239
164
80
-4
-64
-100
-133
-172
-204
-219
-235
-267
-309
-342
-363
-382
-397
-393
-368
-336
-311
-290
-266
-247
-246
-256
-261
-258
-255
-255
-250
-233
-218
-212
-212
-208
-203
-203
-205
-203
-195
-188
-184
-174
-159
-144
-135
-123
-104
-80
-56
-29
8
55
105
157
214
272
326
369
406
444
483
520
555
597
649
704
752
793
831
863
881
882
876
867
851
825
797
774
750
720
685
648
609
561
498
425
349
273
197
121
49
-16
-77
-138
-200
-263
-326
-390
-452
-505
-545
-578
-609
-634
-652
-667
-689
-715
-734
-743
-746
-747
-739
-719
-692
-666
-640
-613
-588
-566
-548
-528
-507
-487
-468
-445
-414
-376
-336
-298
-259
-219
-181
-152
-132
-111
-87
-60
-32
0
38
79
118
156
193
229
261
292
328
369
406
438
467
496
523
544
558
571
586
604
620
632
641
648
648
642
628
609
583
551
516
479
440
399
356
314
273
232
186
136
84
28
-31
-92
-153
-213
-270
-322
-369
-414
-457
-499
-540
-581
-623
-663
-699
-730
-761
-790
-811
-824
-837
-856
-874
-883
-887
-896
-908
-914
-909
-901
-900
-901
-896
-887
-880
-881
-879
-869
-856
-844
-833
-815
-789
-766
-753
-743
-725
-701
-685
-680
-671
-645
-610
-585
-572
-554
-525
-493
-471
-451
-415
-357
-287
-215
-132
-35
66
154
230
306
388
462
525
594
685
790
883
962
1045
1138
1219
1271
1306
1346
1383
1402
1400
1394
1390
1372
1336
1296
1263
1225
1170
1106
1046
987
913
822
732
652
573
482
388
305
233
158
77
6
-44
-84
-123
-154
-169
-179
-201
-232
-256
-272
-290
-313
-323
-308
-283
-263
-246
-220
-192
-174
-170
-168
-161
-155
-156
-160
-157
-150
-150
-154
-152
-143
-135
-135
-137
-134
-129
-131
-139
-142
-136
-129
-123
-112
-91
-66
-44
-18
17
60
102
143
189
239
285
324
361
401
439
473
509
553
599
640
675
711
745
769
778
778
774
763
742
714
688
661
630
595
562
528
485
432
374
316
252
180
108
40
-25
-93
-159
-217
-270
-325
-383
-432
-471
-506
-544
-580
-605
-623
-644
-667
-682
-688
-695
-705
-708
-698
-681
-668
-653
-624
-587
-555
-532
-507
-477
-451
-434
-417
-392
-360
-331
-301
-263
-219
-180
-149
-118
-84
-52
-28
-8
17
45
72
94
118
150
187
221
253
287
323
355
378
396
415
432
445
457
472
489
504
516
526
534
539
539
535
529
517
501
481
457
428
396
361
323
282
242
203
160
113
64
17
-30
-81
-138
-194
-247
-298
-350
-402
-450
-494
-535
-573
-607
-637
-666
-697
-727
-752
-771
-793
-817
-837
-845
-847
-854
-863
-866
-859
-852
-854
-856
-851
-841
-837
-840
-837
-827
-818
-816
-811
-797
-779
-766
-759
-746
-727
-713
-712
-713
-700
-679
-665
-659
-645
-616
-585
-569
-563
-545
-512
-478
-443
-391
-315
-227
-144
-61
28
117
187
243
304
382
466
545
628
725
831
924
996
1058
1116
1163
1194
1216
1240
1260
1268
1264
1260
1253
1232
1194
1151
1112
1068
1008
940
877
818
751
674
599
534
469
394
316
248
190
133
78
34
7
-15
-40
-64
-84
-104
-130
-159
-180
-190
-193
-192
-183
-167
-150
-137
-129
-123
-122
-125
-129
-131
-132
-135
-136
-134
-130
-129
-130
-130
-128
-129
-135
-144
-150
-153
-155
-156
-152
-142
-131
-118
-103
-85
-67
-49
-25
8
47
85
123
166
211
248
278
307
340
375
407
441
480
521
557
586
612
636
652
657
655
649
640
623
600
574
550
527
500
467
432
394
349
293
231
168
108
49
-7
-57
-103
-151
-201
-251
-302
-353
-403
-446
-479
-502
-522
-538
-554
-568
-583
-598
-612
-622
-625
-621
-609
-592
-571
-549
-526
-504
-482
-460
-439
-419
-400
-380
-358
-334
-311
-284
-253
-219
-185
-154
-126
-100
-76
-54
-34
-11
16
46
75
106
139
169
193
215
240
269
296
317
340
368
394
409
418
431
445
455
458
462
472
478
475
468
461
452
434
409
384
359
331
295
258
225
192
153
112
74
37
-7
-57
-107
-152
-198
-249
-298
-339
-375
-413
-452
-487
-518
-551
-586
-619
-646
-668
-692
-716
-735
-749
-762
-776
-789
-797
-803
-807
-807
-804
-800
-797
-791
-783
-777
-775
-771
-762
-749
-741
-736
-724
-702
-681
-669
-659
-639
-612
-593
-587
-577
-558
-536
-524
-516
-495
-464
-438
-424
-408
-379
-351
-334
-317
-278
-214
-146
-83
-12
75
161
223
268
317
375
430
481
547
632
721
797
864
932
992
1030
1049
1067
1092
1109
1109
1103
1103
1099
1077
1041
1009
984
952
904
853
808
759
698
630
569
515
457
393
336
292
247
193
141
107
89
71
52
38
35
30
14
-9
-28
-39
-47
-51
-44
-24
-2
14
23
33
40
37
26
15
10
7
-1
-11
-19
-23
-28
-36
-42
-45
-48
-54
-63
-73
-82
-92
-101
-103
-101
-95
-85
-70
-51
-32
-16
3
30
62
94
125
158
192
224
250
273
298
324
349
376
407
440
468
489
504
517
523
519
507
493
476
454
428
404
382
359
332
304
276
243
201
151
97
43
-11
-62
-107
-144
-177
-208
-239
-269
-300
-336
-372
-404
-429
-448
-461
-470
-475
-479
-482
-484
-485
-486
-486
-482
-469
-452
-435
-418
-398
-374
-352
-335
-320
-302
-284
-268
-254
-237
-212
-186
-160
-133
-104
-74
-50
-33
-18
-3
11
25
42
67
96
125
150
177
203
226
242
256
271
289
306
322
338
353
365
373
379
387
392
390
385
382
378
369
351
330
309
288
261
229
196
164
131
92
54
19
-16
-52
-91
-128
-164
-205
-249
-294
-335
-373
-410
-445
-473
-495
-517
-541
-564
-585
-605
-627
-647
-663
-673
-681
-688
-692
-691
-691
-693
-696
-695
-691
-688
-689
-688
-684
-677
-670
-666
-661
-654
-644
-633
-624
-616
-607
-595
-583
-571
-561
-549
-535
-522
-513
-504
-490
-475
-463
-449
-429
-403
-381
-369
-356
-335
-311
-293
-271
-231
-171
-104
-40
27
103
174
227
269
313
363
412
458
516
591
668
730
784
839
892
927
941
954
974
989
989
979
973
970
956
928
900
877
851
810
762
718
675
623
564
509
464
421
371
320
278
243
206
167
137
124
118
109
99
92
89
79
60
43
38
43
49
58
77
104
124
129
126
125
125
117
101
90
89
88
79
66
59
55
45
29
16
8
-2
-20
-41
-54
-62
-70
-79
-81
-75
-67
-62
-55
-45
-31
-17
2
28
60
89
113
137
161
182
197
212
232
258
286
312
336
357
374
382
381
373
362
349
331
310
287
267
247
226
201
175
150
119
81
38
-6
-50
-95
-140
-176
-204
-227
-253
-280
-306
-330
-356
-382
-404
-417
-423
-425
-421
-416
-413
-415
-416
-413
-406
-400
-391
-374
-349
-323
-302
-282
-261
-240
-223
-208
-191
-174
-159
-145
-128
-109
-89
-69
-49
-25
-2
16
28
39
49
58
67
78
96
115
135
154
172
190
204
214
224
237
249
259
269
279
289
294
295
295
298
300
297
293
290
284
272
256
240
222
197
168
140
117
90
55
20
-10
-38
-68
-104
-137
-168
-202
-242
-282
-317
-350
-384
-417
-441
-459
-475
-493
-512
-528
-543
-560
-576
-589
-598
-605
-608
-606
-601
-598
-596
-592
-586
-581
-579
-576
-569
-558
-551
-547
-543
-534
-527
-525
-525
-522
-514
-505
-500
-495
-488
-477
-466
-459
-456
-454
-449
-444
-444
-446
-441
-428
-414
-406
-396
-374
-350
-340
-340
-329
-299
-263
-231
-193
-131
-56
8
55
102
155
203
236
270
323
390
453
507
565
628
681
714
741
772
802
819
830
844
858
858
844
830
824
814
790
764
745
727
695
651
610
576
540
495
453
422
394
357
316
286
268
250
231
221
224
229
222
209
200
196
189
180
181
196
217
233
244
254
263
263
255
244
239
235
226
214
205
197
183
164
146
133
120
102
81
63
48
30
10
-6
-16
-24
-31
-36
-36
-38
-41
-41
-33
-20
-6
12
35
60
81
96
110
125
139
152
166
186
207
225
240
253
263
266
262
254
246
236
220
201
182
164
144
122
100
78
53
23
-10
-43
-75
-109
-143
-172
-195
-215
-236
-255
-270
-287
-306
-324
-334
-338
-341
-342
-339
-330
-320
-314
-311
-305
-294
-284
-274
-262
-244
-223
-204
-187
-171
-154
-138
-124
-113
-100
-88
-76
-66
-56
-42
-28
-15
-4
9
21
31
36
40
46
53
59
67
79
95
112
125
137
147
156
163
169
177
187
197
207
216
223
228
228
225
221
217
214
211
206
198
189
177
161
140
117
95
71
48
25
3
-20
-46
-72
-97
-123
-151
-179
-204
-228
-253
-280
-305
-326
-345
-364
-381
-392
-402
-414
-426
-437
-446
-457
-469
-477
-479
-480
-484
-488
-489
-488
-491
-497
-499
-497
-492
-491
-489
-484
-479
-479
-482
-485
-485
-485
-485
-482
-477
-471
-467
-459
-449
-441
-436
-429
-418
-408
-404
-404
-400
-392
-387
-387
-382
-367
-347
-334
-328
-319
-305
-294
-290
-283
-260
-225
-189
-152
-107
-52
0
37
66
102
147
190
227
271
328
388
436
475
517
562
598
623
647
677
705
719
726
733
738
732
719
712
708
697
677
656
640
617
581
544
515
494
465
430
400
379
357
327
300
285
281
276
271
272
279
284
278
269
267
272
278
284
294
309
321
328
332
337
338
333
325
320
316
305
286
266
247
227
205
185
170
155
135
111
89
68
44
18
-4
-17
-26
-34
-41
-47
-51
-53
-53
-48
-38
-25
-10
6
23
36
47
56
65
75
87
101
116
131
141
146
149
150
149
144
133
120
106
91
72
48
24
2
-19
-38
-59
-80
-103
-130
-157
-184
-210
-235
-256
-270
-279
-288
-299
-309
-316
-321
-326
-329
-326
-316
-303
-291
-281
-269
-258
-250
-243
-234
-221
-206
-189
-171
-152
-136
-125
-114
-101
-88
-78
-71
-63
-54
-46
-40
-35
-30
-23
-16
-5
8
18
25
30
36
40
42
44
51
62
74
85
96
108
118
127
133
139
143
150
157
165
168
167
164
163
160
152
143
137
132
124
109
93
78
60
37
11
-13
-34
-56
-81
-105
-126
-147
-171
-194
-214
-230
-248
-269
-287
-302
-319
-337
-355
-366
-374
-384
-395
-400
-400
-403
-410
-417
-419
-419
-423
-428
-429
-426
-426
-432
-435
-435
-435
-438
-443
-443
-440
-438
-438
-439
-441
-443
-446
-448
-449
-450
-449
-444
-436
-429
-425
-421
-413
-404
-397
-390
-381
-369
-359
-353
-349
-343
-338
-336
-333
-325
-311
-300
-292
-283
-270
-261
-258
-251
-235
-211
-186
-161
-124
-79
-37
-4
30
71
114
150
186
230
279
323
361
403
449
488
517
546
581
611
630
643
659
671
672
668
668
671
663
643
627
619
607
580
549
528
513
491
460
435
417
398
371
345
333
329
320
308
304
311
317
316
313
319
329
334
336
343
356
366
369
371
379
386
385
379
374
372
364
346
326
310
293
270
244
221
203
180
150
121
99
81
57
31
13
4
-5
-19
-34
-39
-41
-45
-49
-45
-32
-19
-11
-2
12
27
36
42
51
63
72
78
87
96
100
97
92
91
91
83
70
58
46
31
8
-17
-41
-62
-85
-109
-130
-148
-165
-185
-209
-230
-247
-262
-277
-291
-298
-300
-302
-305
-307
-303
-297
-291
-282
-269
-252
-236
-221
-206
-189
-174
-162
-148
-133
-119
-107
-96
-82
-69
-58
-49
-39
-28
-18
-12
-9
-8
-9
-10
-10
-10
-8
-6
-1
6
14
19
22
25
29
33
36
40
47
56
64
72
80
89
97
101
105
113
120
124
126
129
134
135
130
125
120
113
101
87
78
69
58
42
27
16
2
-17
-39
-60
-81
-103
-127
-147
-162
-175
-190
-205
-216
-225
-236
-251
-268
-280
-287
-295
-304
-310
-312
-313
-317
-324
-327
-328
-331
-335
-337
-335
-334
-340
-345
-347
-348
-353
-361
-363
-360
-361
-367
-373
-374
-375
-383
-393
-394
-388
-386
-393
-399
-396
-392
-393
-395
-389
-378
-368
-361
-349
-334
-326
-327
-326
-316
-304
-300
-300
-292
-279
-270
-267
-261
-247
-235
-229
-222
-206
-190
-183
-176
-154
-119
-85
-59
-27
17
57
81
96
121
157
189
217
254
305
354
386
407
430
455
472
483
498
523
546
559
564
569
569
558
542
532
530
526
516
507
501
490
468
443
426
416
403
385
373
369
364
354
345
346
352
357
361
369
380
385
383
380
384
392
399
404
412
423
428
424
416
408
399
388
375
365
355
340
320
297
275
252
226
200
179
162
143
124
106
92
77
59
44
35
30
23
15
11
13
14
16
23
33
41
43
46
53
58
57
54
55
60
61
60
59
56
48
35
22
13
2
-13
-29
-42
-56
-73
-93
-112
-130
-150
-169
-185
-197
-208
-220
-231
-239
-245
-251
-258
-262
-263
-262
-259
-254
-247
-239
-229
-218
-206
-195
-184
-173
-161
-150
-141
-132
-122
-113
-104
-97
-89
-81
-73
-68
-65
-62
-60
-58
-57
-55
-54
-54
-55
-54
-52
-52
-55
-57
-54
-48
-42
-36
-29
-21
-16
-13
-7
1
8
14
23
36
48
55
57
61
66
69
70
73
80
84
81
76
73
69
59
45
37
34
31
22
11
2
-9
-24
-42
-57
-69
-80
-91
-99
-106
-114
-127
-139
-146
-151
-158
-168
-174
-176
-181
-190
-199
-206
-211
-215
-218
-220
-223
-229
-238
-245
-251
-258
-264
-271
-276
-280
-286
-296
-307
-319
-328
-334
-340
-344
-345
-346
-351
-359
-367
-374
-378
-381
-381
-376
-368
-362
-359
-357
-354
-350
-345
-338
-326
-311
-295
-282
-273
-268
-262
-255
-248
-242
-235
-225
-215
-209
-206
-204
-199
-193
-189
-182
-170
-159
-151
-145
-135
-122
-106
-88
-60
-26
9
38
64
88
109
125
143
172
211
248
280
312
346
374
388
395
406
425
442
454
468
483
491
486
475
468
465
456
444
439
441
437
423
407
396
383
364
346
338
338
332
320
312
314
315
311
310
320
335
341
340
342
349
353
349
349
360
375
385
388
389
389
384
372
358
347
339
329
319
309
297
279
256
232
210
192
175
160
148
136
123
108
92
77
60
46
37
33
32
31
30
30
32
34
35
37
39
42
42
41
40
38
35
32
30
30
29
25
18
10
2
-7
-19
-34
-47
-58
-68
-80
-96
-111
-126
-140
-152
-160
-164
-169
-176
-183
-188
-193
-201
-212
-219
-217
-211
-207
-204
-198
-189
-181
-176
-171
-160
-147
-137
-129
-121
-110
-103
-101
-100
-93
-84
-77
-72
-68
-62
-57
-55
-54
-52
-51
-51
-50
-47
-45
-47
-51
-53
-52
-48
-41
-34
-30
-27
-27
-26
-25
-25
-25
-23
-17
-10
-3
2
5
5
3
3
5
9
12
13
12
10
7
2
-5
-12
-19
-23
-27
-32
-39
-47
-56
-67
-77
-85
-92
-100
-108
-115
-123
-132
-143
-152
-157
-162
-165
-168
-170
-175
-183
-193
-201
-207
-213
-218
-221
-221
-222
-227
-234
-240
-245
-250
-253
-254
-253
-251
-252
-256
-262
-267
-271
-276
-281
-283
-282
-280
-280
-284
-287
-290
-292
-294
-292
-287
-282
-280
-282
-281
-279
-277
-276
-272
-265
-256
-247
-240
-233
-227
-222
-214
-206
-197
-187
-177
-168
-166
-168
-165
-157
-150
-149
-144
-128
-110
-105
-110
-107
-90
-76
-72
-63
-33
5
29
37
50
77
98
104
115
149
191
215
224
246
281
305
304
304
327
359
373
374
385
405
410
396
386
395
405
398
385
389
403
401
381
365
365
365
353
340
339
342
334
318
310
312
311
304
304
315
327
328
325
325
327
326
324
328
335
337
336
341
348
347
336
328
330
331
324
312
305
300
286
263
244
233
221
203
186
176
169
156
138
122
113
103
89
78
73
69
63
55
49
48
49
49
51
54
55
52
49
48
48
44
38
34
35
37
35
30
25
22
18
11
3
-3
-9
-21
-35
-47
-57
-69
-84
-97
-104
-107
-113
-122
-130
-135
-142
-150
-157
-161
-163
-167
-171
-171
-169
-169
-169
-164
-154
-143
-135
-128
-121
-114
-110
-107
-104
-100
-96
-94
-89
-82
-77
-75
-74
-71
-68
-66
-65
-63
-61
-60
-63
-67
-68
-70
-74
-76
-74
-70
-67
-65
-63
-61
-61
-62
-63
-61
-58
-57
-56
-54
-50
-47
-46
-45
-41
-37
-35
-34
-32
-28
-28
-31
-34
-35
-37
-41
-46
-49
-51
-56
-62
-69
-74
-80
-87
-94
-100
-106
-113
-120
-127
-132
-138
-143
-146
-147
-149
-153
-157
-158
-159
-163
-167
-169
-168
-168
-171
-174
-174
-175
-177
-181
-184
-186
-187
-190
-194
-197
-200
-203
-207
-212
-217
-218
-218
-220
-225
-229
-229
-228
-231
-236
-238
-236
-234
-235
-236
-233
-230
-231
-230
-226
-222
-220
-220
-215
-206
-197
-191
-184
-175
-167
-162
-154
-143
-134
-131
-127
-116
-104
-100
-102
-99
-90
-83
-81
-78
-70
-66
-68
-68
-57
-41
-31
-22
-1
31
55
65
74
90
105
110
116
137
169
190
199
215
240
258
255
249
259
280
294
296
302
315
320
309
297
294
297
293
286
288
299
304
297
286
278
273
266
258
254
252
248
243
243
246
246
244
245
251
259
265
269
272
271
271
274
283
290
293
294
297
299
297
293
289
286
281
276
272
269
260
243
224
210
200
187
172
160
154
149
139
127
115
105
94
81
71
66
62
57
52
49
50
49
47
43
43
46
48
46
42
41
42
41
38
36
34
33
28
22
18
15
11
4
-3
-7
-12
-22
-34
-43
-50
-59
-70
-79
-82
-83
-88
-94
-100
-104
-111
-119
-125
-127
-129
-131
-132
-128
-124
-122
-124
-125
-121
-115
-110
-106
-103
-98
-94
-92
-90
-87
-85
-85
-85
-82
-79
-77
-78
-79
-80
-79
-80
-81
-83
-85
-87
-89
-91
-93
-95
-95
-92
-89
-87
-87
-88
-88
-89
-90
-91
-90
-87
-83
-80
-78
-76
-77
-77
-77
-74
-70
-66
-64
-63
-64
-64
-65
-66
-68
-70
-70
-69
-68
-68
-70
-72
-75
-79
-84
-89
-93
-97
-101
-105
-108
-111
-113
-114
-116
-118
-120
-121
-122
-126
-131
-135
-137
-139
-143
-146
-146
-146
-148
-154
-158
-160
-161
-162
-163
-163
-161
-160
-160
-160
-158
-158
-160
-161
-159
-156
-155
-155
-155
-155
-157
-160
-161
-160
-160
-161
-163
-162
-161
-162
-165
-165
-163
-160
-159
-159
-158
-157
-158
-159
-157
-150
-143
-136
-129
-123
-117
-114
-112
-109
-104
-99
-94
-89
-81
-75
-71
-68
-64
-58
-53
-50
-45
-35
-24
-17
-12
-2
13
27
36
46
60
73
78
80
87
101
114
122
130
143
157
163
163
163
169
175
178
183
193
203
205
200
195
193
191
189
190
195
202
208
209
208
204
198
191
186
186
190
196
200
202
204
206
207
207
207
210
216
224
228
230
232
236
237
237
238
244
249
249
246
244
244
243
237
232
231
230
225
215
206
199
191
181
171
166
164
159
153
145
137
127
115
105
99
98
99
99
99
99
97
92
87
82
79
78
78
78
78
77
74
69
63
59
55
52
49
47
45
43
38
31
24
18
11
4
-2
-6
-11
-16
-20
-23
-26
-31
-36
-40
-45
-51
-57
-62
-66
-69
-71
-71
-69
-67
-69
-70
-69
-67
-67
-67
-65
-63
-63
-63
-64
-64
-64
-65
-66
-66
-65
-65
-66
-67
-69
-70
-73
-75
-77
-79
-82
-84
-85
-86
-87
-87
-86
-85
-83
-82
-81
-82
-83
-85
-86
-85
-85
-83
-82
-81
-80
-80
-80
-80
-79
-79
-79
-79
-78
-78
-79
-82
-84
-84
-83
-82
-81
-81
-80
-80
-81
-84
-85
-88
-91
-96
-98
-98
-99
-100
-102
-103
-104
-105
-106
-106
-106
-106
-106
-107
-107
-109
-111
-112
-111
-111
-110
-109
-107
-107
-109
-111
-113
-114
-117
-120
-121
-121
-121
-123
-124
-125
-127
-129
-131
-131
-129
-129
-129
-129
-128
-129
-130
-130
-128
-126
-125
-122
-117
-111
-108
-106
-104
-102
-100
-98
-96
-93
-90
-87
-85
-83
-80
-77
-74
-72
-69
-66
-62
-59
-57
-56
-54
-52
-51
-49
-45
-42
-38
-35
-32
-30
-28
-27
-25
-21
-16
-9
-4
3
10
16
21
26
33
39
45
53
63
73
81
88
94
100
105
109
114
121
127
131
134
138
140
140
138
137
138
139
141
142
144
145
144
143
143
144
143
142
141
141
141
141
141
142
143
144
146
150
153
154
154
154
157
159
162
164
166
168
169
171
172
174
175
177
178
180
183
185
185
182
179
176
174
170
165
161
157
153
147
142
136
130
123
115
108
103
98
93
89
86
85
82
80
79
78
76
74
74
75
75
74
72
72
72
70
68
67
66
65
62
60
58
56
53
50
47
44
40
35
31
29
27
26
24
21
17
13
8
3
-2
-6
-11
-15
-18
-21
-24
-28
-32
-35
-37
-37
-37
-38
-39
-41
-42
-44
-46
-47
-48
-48
-49
-48
-47
-46
-47
-47
-47
-47
-48
-49
-51
-51
-52
-54
-55
-56
-55
-55
-55
-55
-56
-56
-57
-59
-60
-61
-62
-64
-66
-67
-69
-70
-72
-75
-78
-80
-82
-84
-86
-87
-88
-89
-90
-92
-94
-96
-97
-98
-99
-98
-97
-97
-96
-96
-97
-97
-97
-96
-96
-96
-95
-93
-92
-91
-89
-87
-86
-85
-84
-82
-80
-80
-80
-81
-82
-83
-83
-83
-84
-85
-85
-86
-88
-90
-92
-94
-97
-99
-100
-100
-101
-103
-104
-104
-103
-103
-104
-103
-102
-100
-99
-97
-94
-92
-90
-90
-88
-85
-82
-80
-77
-73
-69
-66
-62
-58
-54
-51
-49
-47
-45
-44
-43
-41
-40
-38
-37
-35
-34
-34
-34
-33
-32
-33
-34
-35
-35
-34
-36
-36
-35
-34
-33
-32
-30
-27
-24
-22
-19
-16
-11
-7
-3
1
5
9
13
19
24
28
33
38
43
47
51
56
60
63
63
64
67
69
69
70
70
72
72
72
73
74
74
73
72
72
72
73
73
73
74
74
75
76
76
77
79
81
83
85
88
90
93
96
99
102
105
107
108
110
113
116
118
119
119
119
118
117
116
114
112
109
107
105
103
101
97
93
89
85
82
80
77
75
74
74
72
70
70
70
70
69
68
69
71
72
72
73
75
76
76
75
76
77
78
78
78
78
78
77
74
72
70
68
65
60
57
55
53
50
45
42
40
37
34
30
28
26
23
20
19
19
17
14
12
11
11
10
11
11
11
11
10
10
11
10
9
8
9
10
10
10
9
8
6
5
4
2
0
-3
-5
-7
-9
-12
-14
-17
-19
-21
-23
-26
-28
-31
-34
-37
-38
-40
-42
-43
-44
-45
-46
-47
-47
-48
-49
-48
-47
-47
-48
-49
-49
-49
-50
-51
-51
-50
-51
-52
-54
-54
-54
-56
-57
-59
-59
-60
-61
-63
-63
-64
-66
-67
-68
-67
-68
-69
-69
-69
-70
-72
-74
-74
-75
-75
-76
-75
-75
-76
-77
-77
-76
-76
-76
-76
-76
-75
-74
-73
-71
-70
-70
-69
-67
-66
-66
-66
-65
-64
-64
-64
-63
-62
-62
-63
-64
-63
-63
-63
-63
-61
-59
-58
-58
-57
-56
-55
-54
-54
-52
-51
-50
-49
-46
-45
-44
-44
-43
-42
-40
-39
-38
-38
-37
-37
-37
-35
-34
-32
-31
-31
-30
-28
-27
-25
-24
-22
-20
-17
-15
-14
-13
-11
-9
-8
-7
-4
-2
0
2
3
4
5
5
6
7
9
11
12
13
13
14
15
16
16
16
16
17
18
18
19
20
21
22
23
23
24
24
25
26
27
28
29
31
32
33
36
39
42
44
45
46
49
51
52
53
55
56
58
58
59
60
60
59
59
58
58
58
58
57
56
54
52
51
49
48
47
47
46
45
45
44
43
42
42
42
42
42
42
44
45
46
47
48
49
49
49
50
52
54
54
54
55
56
55
53
52
52
51
50
49
48
47
45
43
42
41
40
38
37
35
33
31
29
27
25
24
23
23
21
20
20
20
20
20
21
21
20
20
20
21
22
22
23
24
25
25
25
26
26
26
25
25
25
23
21
20
19
18
16
14
14
13
11
9
7
5
3
0
-2
-3
-5
-6
-8
-9
-10
-11
-12
-14
-15
-15
-16
-16
-17
-17
-17
-17
-17
-16
-16
-16
-17
-17
-17
-17
-17
-18
-19
-20
-20
-21
-22
-24
-25
-26
-28
-30
-32
-33
-34
-37
-39
-40
-41
-43
-45
-45
-46
-47
-48
-49
-49
-48
-48
-49
-49
-49
-49
-49
-49
-49
-48
-47
-47
-47
-46
-46
-45
-45
-45
-44
-44
-45
-44
-43
-42
-43
-44
-43
-42
-42
-43
-44
-45
-46
-47
-48
-49
-49
-49
-50
-49
-49
-49
-49
-49
-48
-47
-46
-45
-45
-45
-45
-44
-43
-42
-42
-41
-39
-38
-37
-35
-34
-34
-34
-33
-32
-31
-31
-32
-31
-31
-29
-28
-27
-26
-25
-25
-25
-25
-24
-23
-23
-23
-22
-21
-20
-20
-20
-19
-18
-17
-17
-16
-15
-13
-12
-11
-10
-9
-9
-9
-7
-5
-4
-3
-2
-1
-1
0
1
2
2
2
2
4
5
6
7
7
8
8
7
8
8
9
9
9
10
11
11
12
13
13
14
14
15
15
16
18
19
19
20
22
23
23
22
22
23
23
24
25
26
27
26
24
23
23
24
24
23
23
24
24
23
23
22
22
22
21
22
22
22
21
20
21
21
21
20
20
20
21
20
20
20
21
21
21
22
23
23
22
22
22
22
23
23
23
23
23
23
22
23
23
22
21
21
21
22
21
20
19
20
20
20
19
19
19
18
18
18
18
18
18
17
17
17
16
16
16
16
16
16
17
17
16
16
16
15
15
15
14
14
14
14
14
13
11
11
11
10
10
10
10
9
7
6
6
6
6
5
4
4
5
5
4
4
3
2
2
2
2
2
2
2
1
0
-1
0
0
-1
-2
-2
-2
-2
-3
-3
-3
-3
-4
-4
-4
-4
-4
-5
-5
-5
-6
-6
-7
-8
-9
-9
-9
-9
-9
-10
-11
-11
-11
-11
-12
-12
-13
-13
-13
-14
-14
-14
-15
-16
-16
-17
-17
-16
-16
-16
-16
-16
-16
-16
-16
-15
-14
-14
-14
-15
-15
-15
-16
-16
-16
-15
-14
-13
-12
-11
-12
-12
-13
-12
-12
-13
-13
-13
-13
-14
-14
-15
-15
-15
-16
-16
-16
-17
-17
-17
-18
-18
-18
-18
-17
-17
-17
-17
-17
-17
-17
-16
-14
-13
-12
-12
-11
-10
-10
-9
-9
-8
-6
-5
-4
-4
-3
-3
-2
-2
-2
-2
-1
-1
-1
-1
0
0
0
0
0
1
1
0
-1
-1
0
0
-1
-1
-1
-1
-1
0
0
0
1
1
2
3
3
3
3
4
5
6
7
8
8
8
9
9
10
11
11
11
12
13
13
13
13
13
14
13
13
13
13
12
12
12
12
12
12
12
11
11
10
10
10
11
11
11
10
10
10
10
10
11
12
13
14
13
14
14
14
13
13
13
13
12
12
13
13
12
11
11
11
10
10
11
11
10
9
9
9
9
9
10
10
10
10
9
10
10
10
10
11
11
11
10
10
10
11
11
12
11
11
10
11
11
11
10
10
10
11
11
11
11
11
10
10
9
9
9
9
9
8
7
7
7
6
6
6
6
6
5
5
5
5
4
4
5
5
5
5
5
5
5
4
5
5
4
4
3
3
3
4
3
3
2
2
2
2
2
2
2
0
-1
-2
-1
0
0
0
0
0
1
1
0
-1
-1
-1
-1
-1
-1
0
0
0
0
0
-1
-2
-2
-1
-2
-2
-2
-2
-1
-1
-2
-2
-2
-2
-3
-3
-3
-3
-3
-3
-3
-4
-4
-4
-5
-5
-5
-5
-5
-5
-5
-6
-7
-7
-7
-7
-7
-8
-8
-8
-7
-7
-7
-7
-6
-6
-7
-7
-7
-7
-6
-6
-6
-6
-6
-6
-6
-5
-5
-5
-5
-6
-7
-7
-7
-7
-7
-8
-8
-8
-8
-8
-8
-8
-7
-7
-7
-7
-7
-7
-7
-7
-8
-8
-8
-8
-8
-7
-7
-6
-5
-5
-5
-4
-4
-4
-5
-4
-4
-4
-4
-3
-2
-2
-2
-3
-3
-3
-3
-3
-3
-3
-2
-2
-2
-2
-2
-2
-2
-2
-2
-2
-2
-2
-2
-2
-3
-4
-4
-2
-2
-2
-2
-2
-2
-2
-2
-2
-2
-1
-1
-1
-1
0
0
0
0
0
1
2
2
2
2
2
2
2
2
2
2
1
1
2
2
2
2
2
1
1
1
1
2
2
2
1
1
1
0
0
1
1
2
1
1
2
2
1
1
1
2
2
2
2
2
2
2
2
2
2
2
3
4
4
3
3
3
3
3
3
3
3
4
4
4
4
4
4
4
4
3
4
4
4
3
3
3
3
3
2
2
3
3
3
3
2
2
2
1
1
1
2
1
1
1
1
1
1
1
1
1
1
1
1
1
1
1
1
2
2
2
1
1
1
1
1
1
1
0
0
-1
-1
-1
-1
-1
-1
-1
-1
-1
0
-1
-1
-1
-2
-2
-2
-2
-2
-2
-2
-2
-2
-2
-3
-3
-2
-2
-2
-2
-2
-2
-2
-3
-2
-2
-2
-2
-2
-2
-2
-3
-4
-3
-3
-3
-3
-3
-4
-4
-4
-4
-3
-3
-3
-3
-3
-4
-4
-3
-3
-3
-3
-3
-3
-3
-4
-4
-4
-4
-3
-3
-3
-4
-4
-3
-3
-3
-3
-3
-3
-3
-3
-3
-3
-3
-3
-2
-3
-3
-3
-3
-3
-3
-4
-4
-4
-4
-3
-3
-4
-5
-5
-5
-4
-4
-3
-3
-4
-4
-3
-3
-3
-3
-4
-3
-3
-3
-3
-3
-2
-2
-2
-2
-2
-2
-2
-3
-3
-2
-2
-2
-2
-2
-2
-1
-1
-2
-1
-1
-1
-1
-1
-2
-1
-1
-1
-1
-1
-1
-1
-1
-1
-1
-1
-2
-1
-1
-1
-1
0
0
0
-1
-1
0
0
-1
-1
-1
0
0
0
-1
-1
-1
0
0
-1
-1
0
0
0
-1
0
0
0
0
0
0
1
1
1
1
1
1
1
1
1
1
0
0
1
2
2
2
2
2
2
2
2
2
2
2
2
2
1
1
1
2
2
1
0
0
1
1
0
0
0
0
1
1
1
1
1
0
0
0
0
0
0
0
0
0
0
0
0
0
0
1
1
1
1
0
1
1
2
1
1
1
1
1
0
0
1
1
0
0
1
1
0
0
0
0
-1
-2
-2
-2
-2
-2
-1
-1
-1
-2
-2
-1
0
0
0
0
0
0
0
0
0
0
-1
-1
-1
-1
-2
-2
-2
-2
-2
-2
-2
-2
-3
-3
-3
-2
-2
-3
-3
-3
-3
-3
-3
-3
-4
-3
-3
-2
-2
-3
-3
-2
-2
-2
-2
-1
-2
-2
-2
-2
-1
-2
-2
-2
-2
-2
-2
-3
-2
-2
-2
-3
-3
-2
-2
-3
-4
-4
-4
-4
-4
-4
-4
-4
-4
-5
-5
-5
-5
-5
-4
-4
-5
-5
-4
-4
-4
-4
-4
-3
-4
-4
-3
-3
-2
-2
-3
-3
-3
-3
-3
-2
-2
-2
-3
-3
-3
-3
-3
-3
-3
-3
-3
-3
-4
-4
-5
-5
-5
-5
-5
-5
-5
-5
-4
-5
-5
-5
-4
-4
-3
-3
-3
-3
-3
-3
-3
-3
-3
-3
-3
-3
-2
-2
-2
-2
-2
-2
-2
-2
-2
-1
-1
-2
-2
-1
-1
-1
-1
-1
-1
-1
-1
-1
-1
-1
-1
-1
-1
-1
-1
-1
-1
-2
-2
-2
-2
-2
-2
-2
-1
-1
-1
-1
-1
-1
-1
-1
0
0
0
0
0
0
1
1
0
0
0
0
0
0
0
0
-1
-1
0
0
1
1
0
1
1
1
1
1
1
1
2
2
2
1
1
1
1
1
1
1
1
2
2
2
2
1
1
2
2
2
2
2
2
2
2
2
2
2
2
2
2
2
3
3
3
2
2
2
2
2
2
2
2
2
2
1
0
0
1
1
1
1
1
1
1
1
2
3
3
2
2
3
2
2
2
3
3
3
2
2
3
3
2
2
3
3
3
3
2
2
3
3
3
3
2
2
3
3
3
2
2
2
2
2
2
2
2
2
1
2
2
2
1
1
1
1
1
1
2
2
1
1
2
2
2
2
2
2
2
2
2
2
2
1
2
2
2
2
2
2
2
2
2
1
1
1
1
1
2
2
1
1
1
1
0
0
0
0
1
1
1
1
1
1
1
1
0
0
0
0
1
0
0
0
0
0
0
0
0
0
0
0
0
0
1
0
0
0
0
0
0
0
1
1
0
0
-1
-1
0
0
0
0
-1
-1
-1
-1
-1
-1
-1
-1
-1
-1
-1
0
0
0
0
0
-1
-1
0
0
0
0
0
0
0
-1
-1
0
1
1
1
1
0
0
0
0
1
1
0
0
0
0
0
0
1
1
1
0
0
1
1
2
2
2
2
1
1
2
2
2
2
2
2
2
1
1
1
1
1
1
1
1
1
0
0
-1
0
0
0
0
0
0
1
0
0
0
0
1
1
1
1
0
0
0
0
1
1
1
1
2
2
3
3
3
3
3
3
3
3
3
2
2
2
2
1
1
2
2
2
1
0
0
0
1
1
1
1
1
0
0
0
0
0
-1
-1
0
0
1
1
1
1
1
1
1
1
2
2
2
2
2
2
2
2
2
2
2
2
2
2
2
2
2
2
2
2
1
1
2
2
1
0
0
0
0
0
0
0
0
0
0
0
0
0
0
0
0
0
0
0
0
0
1
1
1
1
1
1
2
2
2
1
1
2
2
1
1
1
1
1
1
1
1
1
1
1
0
0
0
0
0
0
-1
-1
-1
-1
-1
-1
-1
-1
0
0
0
0
0
0
1
0
-1
-1
-1
-1
-1
-1
0
0
0
-1
-1
-1
-2
-1
-1
-1
-1
-1
-1
-1
-1
-1
-1
-1
-1
-1
-1
-1
-1
-1
-1
-1
-1
-1
-1
-2
-2
-2
-1
-1
-1
-2
-2
-2
-2
-2
-2
-2
-2
-2
-2
-2
-2
-2
-2
-2
-2
-2
-2
-2
-2
-2
-2
-2
-2
-2
-2
-2
-2
-3
-3
-2
-2
-2
-2
-2
-2
-2
-3
-2
-2
-2
-2
-2
-2
-2
-1
-1
-2
-2
-2
-2
-2
-2
-2
-2
-2
-2
-2
-2
-2
-2
-2
-2
-2
-2
-3
-3
-2
-2
-2
-2
-2
-3
-3
-3
-3
-3
-3
-2
-2
-2
-2
-3
-3
-2
-2
-2
-2
-2
-2
-2
-2
-2
-2
-2
-2
-2
-2
-2
-2
-2
-2
-2
-2
-2
-2
-2
-2
-3
-3
-3
-2
-3
-3
-3
-3
-2
-2
-2
-2
-2
-2
-2
-2
-2
-3
-2
-2
-2
-2
-2
-2
-2
-2
-2
-2
-1
-2
-2
-2
-2
-2
-2
-2
-3
-3
-2
-2
-3
-3
-3
-3
-3
-3
-2
-2
-2
-2
-2
-2
-2
-3
-3
-3
-3
-2
-2
-3
-3
-3
-2
-2
-2
-2
-2
-2
-2
-2
-2
-2
-2
-2
-1
-1
-1
-2
-2
-2
-2
-2
-2
-2
-1
-1
-1
-2
-2
-2
-2
-2
-2
-2
-2
-2
-2
-1
-1
-2
-2
-3
-2
-2
-1
-2
-2
-2
-2
-2
-2
-2
-2
-2
-2
-2
-2
-2
-2
-1
-2
-2
-1
-1
0
0
0
0
-1
-1
-1
0
0
-1
-1
0
0
0
0
0
-1
-1
-1
-1
-1
-1
-1
-1
-1
-1
-2
-2
-2
-1
-1
-1
-2
-1
-1
-2
-2
-2
-1
-1
-1
-1
-1
-1
-1
-1
-1
-1
-1
-1
0
0
0
0
0
0
0
0
0
0
0
0
0
0
0
0
0
0
0
1
1
1
0
0
0
0
0
0
0
0
0
0
0
0
-1
-1
-2
-2
-1
-1
-1
-1
-1
0
0
0
0
0
0
0
0
0
0
0
0
0
1
1
1
0
0
1
1
1
1
1
1
1
1
0
0
0
1
1
1
1
1
1
1
1
1
1
1
1
1
0
0
0
1
0
0
0
1
1
0
0
0
1
1
1
1
1
1
1
1
1
1
0
0
1
1
1
1
1
0
0
0
0
1
1
1
1
1
1
0
0
0
1
0
1
1
1
0
0
0
1
1
1
1
1
0
0
1
1
1
1
1
1
1
2
2
2
1
1
1
1
1
2
2
2
2
1
0
1
1
2
2
1
0
0
0
0
0
0
0
0
0
0
0
0
0
0
0
0
0
0
0
1
1
1
1
1
1
1
1
0
1
1
1
1
1
1
1
1
1
1
1
1
1
1
0
0
0
0
0
0
0
0
0
0
0
0
0
0
0
0
0
1
1
1
1
1
1
0
0
0
0
0
1
1
1
1
1
0
0
0
0
0
0
0
0
0
0
0
0
0
0
0
0
0
0
0
0
0
0
0
0
0
0
1
1
1
1
1
1
1
0
0
1
1
1
1
1
1
1
1
1
0
0
0
0
0
0
-1
-1
-1
-1
-1
-1
0
0
0
0
0
0
0
0
0
0
0
0
0
0
0
0
1
1
1
0
0
1
1
1
1
1
0
1
1
0
0
0
1
1
0
0
0
0
0
0
0
0
0
-1
-1
-1
0
0
0
0
0
-1
-1
-1
0
0
0
0
1
1
1
0
0
0
0
0
0
0
-1
-1
0
0
0
0
-1
-1
-1
-1
-1
-1
-1
-1
-2
-1
-1
-1
-1
-1
-1
-1
0
0
0
0
0
0
0
0
0
0
0
0
0
0
0
0
0
0
0
0
-1
-1
-1
0
-1
-1
-1
0
0
-1
-2
-2
-2
-2
-2
-2
-1
-1
-1
-2
-2
-2
-2
-2
-1
-1
-1
-2
-1
-1
0
-1
-1
-1
-1
-1
-1
0
0
0
0
0
0
0
0
-1
-1
-1
-1
0
-1
-1
-1
-1
-1
-1
-1
-1
-2
-2
-2
-2
-2
-2
-2
-2
-2
-2
-2
-2
-2
-2
-1
-1
-1
-1
0
0
-1
-1
-1
0
-1
-1
-1
-1
-1
-1
-1
0
0
-1
-1
-1
-1
-1
-1
-1
-1
0
0
0
0
0
0
0
0
-1
0
0
0
-1
-1
-1
-1
-1
-1
-1
-1
-1
-1
-1
-1
-1
0
-1
-1
-1
-1
-1
-1
0
0
-1
-1
-1
0
0
-1
0
0
0
-1
0
0
-1
-1
-1
-1
-1
-1
0
0
0
0
0
0
0
0
0
0
0
0
0
0
0
-1
-1
0
0
0
0
0
0
0
0
0
0
0
0
0
0
-1
-1
-1
-1
0
0
0
0
0
0
0
0
0
0
0
0
0
0
0
0
0
0
0
-1
-1
-1
-1
-1
0
0
-1
-1
0
0
-1
-1
0
0
0
0
0
0
0
0
0
1
1
1
0
1
1
1
0
0
1
1
1
1
0
0
0
0
0
0
0
0
0
0
0
0
0
0
0
0
0
0
0
0
0
0
0
0
0
0
-1
0
0
1
1
1
1
0
0
0
0
0
1
1
1
1
0
1
0
0
0
1
1
2
2
1
1
1
1
1
1
0
0
0
1
1
1
0
0
0
0
0
0
-1
0
0
1
1
1
1
1
0
0
0
0
0
1
1
0
0
1
1
1
1
0
0
0
0
1
1
1
1
0
0
0
0
0
0
0
0
0
0
0
0
0
0
0
0
0
0
0
0
0
0
0
0
0
0
0
0
0
0
0
0
0
0
0
0
0
0
0
0
0
0
0
0
0
0
0
0
0
0
0
0
0
0
0
0
0
0
-1
-1
0
1
1
0
0
0
0
0
0
0
0
0
0
0
0
0
0
0
0
0
0
-1
0
0
0
0
-1
-1
-1
-1
-1
-1
0
0
0
-1
-1
-1
-1
-1
-2
-2
-1
-1
0
0
-1
-1
-1
-1
-1
0
0
0
-1
0
1
1
0
0
0
0
0
0
0
0
-1
-1
-1
0
-1
-1
-1
-1
-1
-1
-1
-2
-1
-1
-1
-1
-1
-1
-1
-1
-1
-2
-2
-2
-1
-1
-1
-1
-1
-1
-1
-1
-1
-1
-1
-1
-1
-1
-1
-1
-1
-1
-1
-1
-1
-1
-1
-1
-1
-1
0
-1
-1
-1
-1
-1
-1
-1
0
-1
-1
-1
-1
-1
-1
-1
-2
-1
-1
-1
-1
-1
-1
-1
-1
-1
-1
-1
-1
-1
-1
-1
-1
-1
-1
-1
-1
-1
-1
-1
-1
-1
-1
-1
-1
-1
-1
-1
-1
-1
-1
-1
-1
-1
-1
-1
-1
-1
-1
-1
-1
-2
-2
-2
-1
-1
-2
-2
-2
-1
-1
-1
-1
-1
-1
-1
-1
-1
-1
-1
-1
-1
-1
-2
-2
-1
-1
-2
-2
-2
-1
-1
-1
-1
-1
-1
-1
-1
-1
-1
-1
-1
-1
-1
-1
-1
-1
-1
-1
-1
-1
-1
-2
-2
-1
-1
-1
-1
-2
-2
-2
-1
-1
-1
-1
-2
-2
-2
-2
-1
-1
-1
-2
-2
-1
-1
-2
-2
-2
-2
-2
-2
-1
-1
-1
-1
-2
-2
-1
-1
-1
-1
-1
-1
-1
-1
-1
-1
-1
-1
-1
-1
-1
-1
-1
-1
-1
-1
-1
-1
-1
-1
-1
-1
-1
-1
-1
-2
-2
-2
-2
-1
-2
-2
-2
-2
-2
-1
-1
-2
-2
-1
-1
-2
-2
-2
-1
-1
-1
-1
-2
-2
-2
-2
-2
-2
-2
-2
-2
-1
-1
-2
-2
-2
-1
-1
-1
-2
-2
-2
-2
-1
-1
-1
-2
-2
-1
-1
-1
-1
-1
-1
-1
-1
-1
-1
-1
-1
-1
-1
-1
-1
-1
-1
-1
-1
-1
-1
-1
-1
-1
-1
-1
-1
-1
-1
-2
-2
-1
-1
-1
-1
-1
-1
-1
-1
-1
-2
-2
-2
-2
-2
-2
-2
-1
-1
-1
-1
-1
-2
-2
-1
-1
-1
-2
-2
-1
-1
-1
-1
-1
-1
-1
-1
-1
-1
-1
-1
-1
-1
-1
-1
-1
-1
-1
-1
0
0
-1
-1
0
0
0
-1
-1
-1
-1
-1
-1
-1
-1
-1
-1
-1
-1
-1
-1
-1
-1
-1
-1
-1
-1
-1
-2
-2
-1
-1
-1
-1
-1
-1
-1
-1
0
0
-1
-1
-1
0
0
0
0
0
0
0
0
1
0
0
0
0
0
0
0
0
0
0
-1
-1
0
0
0
0
0
0
-1
-1
-1
0
0
-1
-1
-1
-1
-1
-1
-1
-1
0
-1
-1
-1
-1
-1
-1
0
-1
0
0
1
1
0
0
0
0
0
0
0
0
0
0
0
0
1
0
0
0
1
1
0
0
0
0
0
0
0
0
0
0
0
0
0
0
0
0
0
0
0
0
-1
0
0
0
0
0
0
0
0
0
0
0
0
0
0
0
1
0
0
0
0
0
0
0
1
1
1
0
0
0
0
0
1
1
0
0
0
1
1
1
0
0
0
1
0
0
0
0
0
0
-1
0
0
0
0
-1
0
0
0
0
0
0
0
0
0
0
0
0
0
0
0
0
0
0
0
0
0
0
0
0
0
0
0
0
0
0
0
0
0
0
1
1
1
0
0
0
0
0
1
0
0
0
1
1
1
1
1
1
1
1
1
1
1
1
1
1
1
1
1
1
1
0
0
0
1
1
1
1
0
0
0
0
0
0
0
0
0
0
0
0
0
0
0
0
0
0
0
0
0
0
1
1
1
1
1
1
1
1
1
1
1
1
0
1
1
1
1
1
1
1
1
1
0
0
0
0
0
0
0
0
0
0
0
0
0
0
0
0
1
1
1
1
1
0
0
0
1
1
1
1
1
1
0
0
0
0
1
1
1
0
0
1
0
0
0
0
1
1
0
0
1
1
0
0
0
0
0
0
1
1
1
1
1
1
1
1
0
0
0
0
0
1
1
1
1
1
1
1
0
1
1
1
0
0
0
1
1
0
0
0
1
1
0
0
1
1
1
0
0
0
1
1
1
0
0
0
0
0
0
0
0
1
0
0
0
0
0
1
0
0
0
0
0
0
0
0
1
1
0
0
0
0
0
0
0
0
0
0
0
0
0
0
0
0
0
0
0
0
0
0
0
0
0
0
0
0
0
0
0
-1
0
0
-1
-1
0
0
0
0
0
0
0
-1
0
0
0
0
-1
-1
-1
-1
0
0
-1
-1
-1
0
0
0
0
0
-1
-1
-1
-1
0
0
0
0
-1
-1
0
0
0
0
-1
-1
-1
-1
0
-1
-1
-1
-1
-1
-1
0
0
0
0
-1
-1
-1
-1
0
0
0
0
-1
0
0
0
0
-1
-1
-1
-1
0
0
0
-1
-1
-1
-1
-1
-1
-1
-1
-1
-1
-1
-1
-1
-1
-1
-1
-1
-1
-1
-1
-1
-1
-1
-1
-1
-1
-1
-1
-1
-1
-1
-1
0
0
0
0
0
0
0
0
0
0
-1
-1
-1
-1
-1
-1
-1
-1
-1
-1
-1
-1
-1
-1
-1
-1
-1
-1
-1
-1
-1
-2
-1
-1
-1
-1
-1
-1
-1
-1
-1
-1
-1
-1
-1
-1
-1
-1
-1
-1
-1
-1
-1
-1
-1
-1
-2
-2
-1
-1
-2
-2
-1
-1
-1
-1
-2
-2
-2
-1
-1
-1
-1
-1
-1
-1
-1
-1
-1
-1
-1
-1
-1
-1
-1
-1
-1
-1
-1
-1
-1
-1
-1
-1
-1
0
-1
-1
-1
-1
-1
0
0
-1
-1
-1
-1
-1
-1
0
0
-1
-1
-1
-1
-1
-1
-1
-1
-1
-1
-1
-1
-1
-1
-1
-1
-1
-1
-1
-1
-1
-1
-1
-1
-1
-1
-1
-1
-1
-1
-1
-1
-1
-1
-1
-1
-1
-1
-1
-1
-1
-1
-1
-1
-1
-1
-1
-1
0
0
0
0
0
0
0
-1
-1
-1
-1
-1
-1
-1
-1
-1
-1
-1
-1
-1
-1
-1
-1
-1
-1
-1
-1
-1
-1
-1
-1
-1
-1
-1
-1
-1
-1
-1
-1
-1
-1
-1
-1
-1
-1
-1
-1
-1
-1
-1
-1
-1
-1
-1
-1
-1
-1
-1
-1
-1
-1
-1
-1
0
0
0
0
-1
-1
-1
-1
0
-1
-1
-1
-1
-1
-1
-1
-1
-1
-1
-1
-1
-1
-1
-1
0
-1
-1
-1
-1
-1
-1
-1
-1
-1
-1
-1
-1
-1
-1
-1
-1
-1
-1
-1
-1
-1
-1
-1
-1
-1
-1
-1
-1
-1
-1
-1
-1
-1
-1
-1
-1
0
0
0
0
0
0
-1
-1
-1
0
0
0
-1
-1
-1
0
0
0
0
0
0
-1
-1
-1
0
-1
-1
0
0
0
0
-1
0
0
0
0
-1
-1
-1
-1
-1
-1
-1
-1
-1
-1
-1
0
0
0
0
0
-1
-1
-1
0
-1
-1
-1
0
-1
-1
0
0
0
0
-1
-1
0
0
0
0
0
0
0
0
0
0
0
0
0
0
0
0
0
0
0
0
0
0
0
0
0
0
0
0
0
0
0
0
0
0
0
-1
-1
-1
-1
0
0
0
0
0
0
0
0
0
0
0
0
0
0
0
0
0
0
0
0
0
0
0
0
0
0
0
0
0
0
0
0
0
0
0
0
0
0
0
0
0
0
0
0
0
0
0
0
-1
0
0
0
0
-1
-1
0
0
-1
-1
0
0
0
0
0
0
0
0
0
0
0
0
-1
0
0
0
0
0
-1
-1
0
0
0
0
0
0
0
0
0
0
0
0
0
0
0
0
0
0
0
0
0
0
0
0
0
0
-1
-1
-1
-1
-1
-1
-1
0
0
0
0
0
0
0
0
0
0
0
0
0
0
-1
-1
-1
-1
-1
-1
-1
0
0
-1
-1
0
0
-1
-1
-1
0
0
0
0
0
0
0
0
0
0
0
0
0
0
0
0
0
0
0
0
0
0
0
0
0
0
0
0
0
0
0
0
0
0
0
0
0
0
0
0
0
0
-1
-1
0
0
0
0
0
0
-1
-1
-1
-1
-1
-1
0
0
0
0
0
0
0
0
0
0
0
0
0
0
0
0
0
0
0
-1
-1
-1
0
0
0
-1
-1
0
0
0
0
0
0
0
0
0
0
0
0
0
0
0
0
0
0
0
0
0
0
0
0
0
0
0
0
0
-1
0
0
-1
0
0
0
-1
0
0
0
0
0
0
0
0
0
0
0
0
-1
-1
0
0
0
0
0
0
0
-1
0
0
0
0
0
0
0
-1
0
0
0
0
0
0
0
0
0
0
0
-1
0
0
0
0
0
0
0
0
0
0
0
0
0
0
0
0
0
0
0
0
0
0
0
0
0
0
0
0
0
0
0
0
0
0
0
0
0
0
0
0
0
0
0
0
0
0
0
0
0
0
-1
-1
0
0
0
0
0
0
0
0
0
0
0
0
0
0
0
0
0
0
0
-1
-1
-1
-1
0
0
0
-1
-1
-1
0
0
0
0
0
0
0
0
0
0
0
0
0
0
0
0
0
0
0
0
0
0
0
0
0
0
0
0
0
0
0
0
0
0
0
0
0
0
0
0
0
0
0
0
0
0
0
-1
-1
-1
-1
-1
0
0
0
0
-1
0
0
0
0
-1
0
0
0
0
0
0
0
0
0
0
0
0
0
0
0
0
0
0
0
0
0
0
0
0
0
0
0
0
0
0
0
0
0
0
0
0
0
0
0
0
0
0
0
0
0
0
0
0
0
0
0
0
0
0
0
0
0
-1
0
0
0
0
0
0
0
0
0
0
0
0
0
0
-1
-1
0
0
0
0
0
0
0
-1
0
0
0
0
-1
0
0
0
-1
-1
-1
-1
-1
-1
-1
0
0
0
0
0
0
0
0
0
0
0
0
0
-1
0
0
0
0
-1
0
0
0
-1
-1
-1
0
0
0
0
0
0
0
0
0
-1
-1
0
0
0
0
0
0
0
0
0
0
0
0
-1
0
0
0
0
0
0
0
0
0
0
0
0
0
0
0
0
0
0
0
0
0
0
0
0
0
0
0
0
0
0
0
0
-1
0
0
-1
-1
-1
0
0
-1
-1
-1
0
0
-1
0
0
0
-1
0
0
0
0
0
0
0
0
0
0
0
0
0
0
0
0
0
0
0
0
0
0
0
0
0
0
0
0
0
0
0
0
0
0
0
0
0
0
0
-1
0
0
0
0
0
0
0
0
0
0
0
0
-1
0
0
0
0
0
0
0
0
0
0
0
0
0
0
-1
-1
0
0
0
0
0
0
0
0
0
0
0
0
0
0
0
0
0
0
0
0
0
0
0
-1
0
0
0
0
0
0
0
0
-1
-1
0
0
0
0
0
0
0
-1
0
0
0
0
0
0
0
0
0
0
0
0
0
0
0
0
0
0
0
0
0
0
0
0
0
0
0
0
0
0
0
0
0
0
-1
0
0
0
0
0
0
0
0
0
0
0
0
-1
0
0
0
0
0
0
0
0
0
0
0
0
0
0
0
0
0
0
0
0
0
0
0
0
0
0
0
0
0
0
0
-1
0
0
0
0
0
0
0
0
-1
0
0
0
0
0
0
0
0
0
0
0
0
0
0
0
0
0
0
0
-1
0
0
0
0
0
0
-1
-1
-1
0
0
0
0
0
0
-1
-1
-1
0
-1
-1
-1
0
0
0
0
0
0
0
0
0
0
-1
0
0
0
0
0
0
0
0
0
0
0
0
0
0
0
0
0
0
0
0
0
0
0
-1
0
0
0
0
0
0
0
0
0
0
0
0
0
0
0
0
0
0
0
0
0
0
0
0
0
0
0
0
0
0
0
0
0
0
0
0
0
0
0
0
0
0
0
0
0
0
0
0
0
0
0
0
0
0
0
0
0
0
0
0
0
0
0
0
0
0
0
0
0
0
0
0
0
0
0
0
0
0
0
0
0
0
0
0
0
0
0
0
0
0
0
0
0
0
0
0
0
0
0
0
0
0
0
0
0
0
0
0
0
0
0
0
0
0
0
0
0
0
-1
0
0
0
0
0
0
0
0
0
0
0
0
0
0
0
0
0
0
0
0
0
0
-1
-1
0
0
0
-1
0
0
0
-1
-1
0
0
0
0
0
0
0
-1
0
0
0
0
0
0
0
0
0
0
0
0
0
0
0
0
0
0
0
0
0
0
0
0
0
0
0
0
0
0
-1
0
0
0
0
0
0
0
0
0
0
0
0
0
0
0
0
-1
0
0
0
0
0
0
0
0
-1
0
0
0
0
0
0
-1
0
0
0
0
0
0
0
0
0
0
0
0
0
0
0
0
0
0
0
0
0
-1
0
0
0
0
0
0
0
0
0
0
0
0
0
0
-1
0
0
0
0
0
0
0
0
0
0
0
0
0
0
0
0
0
0
0
0
0
0
0
0
0
0
0
0
0
0
0
0
0
0
0
0
0
0
0
0
0
0
0
0
0
0
0
0
0
0
0
0
0
0
0
0
0
0
0
0
0
0
0
0
0
0
0
0
0
0
0
0
0
0
0
0
0
0
0
0
0
0
0
0
0
0
0
0
0
0
0
0
0
0
0
0
0
0
-1
0
0
0
-1
0
0
0
0
0
0
0
0
0
0
0
0
0
0
0
0
0
0
0
0
0
0
0
0
0
0
0
0
0
0
0
0
0
0
0
0
0
0
0
-1
0
0
0
0
0
0
0
0
0
0
0
0
0
0
0
0
0
0
0
0
0
0
0
0
0
0
0
0
0
0
0
0
0
0
0
0
0
0
0
0
0
0
0
-1
-1
-1
0
0
0
-1
0
0
0
0
0
0
0
0
0
0
0
0
0
0
0
0
0
0
0
0
0
0
0
0
0
0
0
0
0
0
0
0
0
0
0
0
0
0
0
0
0
0
0
-1
-1
-1
0
0
0
0
0
0
0
0
0
0
0
0
0
0
0
0
0
0
0
0
0
0
0
-1
0
0
0
0
0
0
0
0
0
0
0
0
0
0
0
0
0
0
0
0
0
0
0
0
0
0
0
0
0
0
0
0
0
0
0
0
0
0
0
0
0
0
0
0
0
0
0
0
0
0
0
0
0
0
0
0
0
0
0
0
0
0
0
0
0
0
0
0
0
0
0
0
0
0
0
0
0
0
0
0
0
0
0
0
0
0
0
-1
0
0
0
0
0
0
0
0
0
0
0
0
0
0
0
0
0
0
0
0
0
0
0
0
0
0
0
0
0
0
0
0
0
0
0
0
0
0
0
0
0
0
0
0
0
0
0
0
0
0
0
0
0
0
0
0
0
0
0
0
0
0
0
0
0
0
0
-1
0
0
0
0
0
0
0
0
0
0
0
0
0
0
0
0
0
0
0
0
0
0
0
0
0
0
0
0
0
0
0
0
0
0
0
0
0
0
0
0
0
0
0
0
0
0
0
0
0
0
0
0
0
0
0
0
0
0
-1
-1
0
0
0
0
0
0
0
0
0
0
0
0
0
0
0
0
0
0
0
0
0
-1
-1
0
0
0
0
0
0
0
0
0
0
0
0
0
0
0
0
0
0
0
0
0
0
0
0
0
0
0
0
-1
0
0
0
0
0
0
0
0
0
0
0
0
0
0
0
0
0
0
0
0
0
0
0
0
0
0
0
0
0
0
0
0
-1
0
0
0
0
0
0
0
0
0
0
0
0
0
0
0
0
0
0
0
0
0
0
0
0
0
0
0
0
0
0
0
0
0
0
0
0
0
0
0
0
0
0
0
0
0
0
0
0
0
0
0
0
0
0
0
0
0
0
0
0
0
0
0
0
0
-1
-1
0
0
0
0
0
0
0
0
0
0
0
0
0
0
0
0
0
0
0
0
0
0
0
0
0
0
0
0
0
0
0
0
0
0
0
0
0
0
0
0
0
0
0
0
0
0
0
0
0
0
0
0
0
0
0
0
0
0
0
0
0
0
0
0
0
0
0
0
0
0
0
0
0
0
0
0
0
0
0
0
0
0
0
0
0
0
0
0
0
0
0
0
0
0
0
0
0
0
0
0
0
0
0
0
0
0
0
0
0
0
0
0
0
0
0
0
0
0
0
0
0
0
0
0
0
0
0
0
0
0
0
0
0
0
0
0
0
0
0
0
0
0
0
0
0
0
0
0
0
0
0
-1
0
0
0
0
0
0
0
0
0
0
0
0
0
0
0
0
0
0
0
0
0
0
0
0
0
0
0
0
0
0
0
0
0
0
0
0
0
0
0
0
0
0
0
0
0
0
0
0
0
0
0
0
0
0
0
0
0
0
0
0
0
0
0
0
0
0
0
0
0
0
0
0
0
0
0
0
0
0
0
0
0
0
0
0
0
0
0
0
0
0
0
0
0
0
0
0
0
0
0
0
0
0
0
0
0
0
0
0
0
0
0
0
0
0
0
0
0
0
0
0
0
0
0
0
0
0
0
0
0
0
0
0
0
0
0
0
0
0
0
0
0
0
0
0
0
0
0
0
0
0
0
0
0
0
0
0
0
0
0
0
0
0
0
0
0
0
0
0
0
0
0
0
0
0
0
0
0
0
0
0
0
0
0
0
0
0
0
0
0
0
0
0
0
0
0
0
0
0
0
0
0
0
0
0
0
0
0
0
0
0
0
0
0
0
0
0
0
0
0
0
0
0
0
0
0
0
0
0
0
0
0
0
0
0
0
0
0
0
0
0
0
0
0
0
0
0
0
0
0
0
0
0
0
0
0
0
0
0
0
0
-1
0
0
0
0
0
0
0
0
0
0
0
0
0
0
0
0
0
0
0
0
0
0
0
0
0
0
0
0
0
0
0
0
0
0
0
0
0
0
0
0
0
0
0
0
0
0
0
0
0
0
0
0
0
0
0
0
0
0
0
0
0
0
0
0
0
0
0
0
0
0
0
0
0
0
0
0
0
0
0
0
0
0
0
0
0
0
0
0
0
0
0
0
0
0
0
0
0
0
0
0
0
0
0
0
0
0
0
0
0
0
0
0
0
0
0
0
0
0
0
0
0
0
0
0
0
0
0
0
0
0
0
0
0
0
0
0
0
0
0
0
0
0
0
0
0
0
0
0
0
0
0
0
0
0
0
0
0
0
0
0
0
0
0
0
0
0
0
0
0
0
0
0
0
0
0
0
0
0
0
0
0
0
0
0
0
0
0
0
0
0
0
0
0
0
0
0
0
0
0
0
0
0
0
0
0
0
0
0
0
0
0
0
0
0
0
0
0
0
0
0
0
0
0
0
0
0
0
0
0
0
0
0
0
0
0
0
0
0
0
0
0
0
0
0
0
0
0
0
0
0
0
0
0
0
0
0
0
0
0
0
0
0
0
0
0
0
0
0
0
0
0
0
0
0
0
0
0
0
0
0
0
0
0
0
0
0
0
0
0
0
0
0
0
0
0
0
0
0
0
0
0
0
0
0
0
0
0
0
0
0
0
0
0
0
0
0
0
0
0
0
0
0
0
0
0
0
0
0
0
0
0
0
0
0
0
0
0
0
0
0
0
0
0
0
0
0
0
0
0
0
0
0
0
0
0
0
0
0
0
0
0
0
0
0
0
0
0
0
0
0
0
0
0
0
0
0
0
0
0
0
0
0
0
0
0
0
0
0
0
0
0
0
0
0
0
0
0
0
0
0
0
0
0
0
0
0
0
0
0
0
0
0
0
0
0
0
0
0
0
0
0
0
0
0
0
0
0
0
0
0
0
0
0
0
0
0
0
0
0
0
0
0
0
0
0
0
0
0
0
0
0
0
0
0
0
0
0
0
0
0
0
0
0
0
0
0
0
0
0
0
0
0
0
0
0
0
0
0
0
0
0
0
0
0
0
0
0
0
0
0
0
0
0
0
0
0
0
0
0
0
0
0
0
0
0
0
0
0
0
0
0
0
0
0
0
0
0
0
0
0
0
0
0
0
0
0
0
0
0
0
0
0
0
0
0
0
0
0
0
0
0
0
0
0
0
0
0
0
0
0
0
0
0
0
0
0
0
0
0
0
0
0
0
0
0
0
0
0
0
0
0
0
0
0
0
0
0
0
0
0
0
0
0
0
0
0
0
0
0
0
0
0
0
0
0
0
0
0
0
0
0
0
0
0
0
0
0
0
0
0
0
0
0
0
0
0
0
0
0
0
0
0
0
0
0
0
0
0
-1
0
0
0
0
0
0
0
0
0
0
0
0
0
0
0
0
0
0
0
0
0
0
0
0
0
0
0
0
0
0
0
0
0
0
0
0
0
0
0
0
0
0
0
0
0
0
0
0
0
0
0
0
0
0
0
0
0
0
0
0
0
0
0
0
0
0
0
0
0
0
0
0
0
0
0
0
0
0
0
0
0
0
0
0
0
0
0
0
0
0
0
0
0
0
0
0
0
0
0
0
0
0
0
0
0
0
0
0
0
0
0
0
0
0
0
0
0
0
0
0
0
0
0
0
0
0
0
0
0
0
0
0
0
0
0
0
0
0
0
0
0
0
0
0
0
0
0
0
0
0
0
0
0
0
0
0
0
0
0
0
0
0
0
0
0
0
0
0
0
0
0
0
0
0
0
0
0
0
0
0
0
0
0
0
0
0
0
0
0
0
0
0
0
0
0
0
0
0
0
0
0
0
0
0
0
0
0
0
0
0
0
0
0
0
0
0
0
0
0
0
0
0
0
0
0
0
0
0
0
0
0
0
0
0
0
0
0
0
0
0
0
0
0
0
0
0
0
0
-1
0
0
0
0
0
0
0
0
0
0
0
0
0
0
0
0
0
0
0
0
0
0
0
0
0
0
0
0
0
0
0
0
0
0
0
0
0
0
0
0
0
0
0
0
0
0
0
0
0
0
0
0
0
0
0
0
-1
0
0
0
0
0
0
0
0
0
0
0
0
0
0
0
0
0
0
0
0
0
0
0
0
0
0
0
0
0
0
0
0
0
0
0
0
0
0
0
0
0
0
0
0
0
0
0
0
0
0
0
0
0
0
0
0
0
0
0
0
0
0
0
0
0
0
0
0
0
0
0
0
0
0
0
0
0
0
0
0
0
0
0
0
0
0
0
0
0
0
0
0
0
0
0
0
0
0
0
0
0
0
0
0
0
0
0
0
0
0
0
0
0
0
0
0
0
0
0
0
0
0
0
0
0
0
0
0
0
0
0
0
0
0
0
0
0
0
0
0
0
0
0
0
0
0
0
0
0
0
0
0
0
0
0
0
0
0
0
0
0
0
0
0
0
0
0
0
0
0
0
0
0
0
0
0
0
0
0
0
0
0
0
0
0
0
0
0
0
0
0
0
0
0
0
0
0
0
0
0
0
0
0
0
0
0
0
0
0
0
0
0
0
0
0
0
0
0
0
0
0
0
0
0
0
0
0
0
0
0
0
0
0
0
0
0
0
0
0
0
0
0
0
0
0
0
0
0
0
0
0
0
0
0
0
0
0
0
0
0
0
0
0
0
0
0
0
0
0
0
0
0
0
0
0
0
0
0
0
0
0
0
0
0
0
0
0
0
0
0
0
0
0
0
0
0
0
0
0
0
0
0
0
0
0
0
0
0
0
0
0
0
0
0
0
0
0
0
0
0
0
0
0
0
0
0
0
0
0
0
0
0
0
0
0
0
0
0
0
0
0
0
0
0
0
0
0
0
0
0
0
0
0
0
0
0
0
0
0
0
0
0
0
0
0
0
0
0
0
0
0
0
0
0
0
0
0
0
0
0
0
0
0
0
0
0
0
0
0
0
0
0
0
0
0
0
0
0
0
0
0
0
0
0
0
0
0
0
0
0
0
0
0
0
0
0
0
0
0
0
0
0
0
0
0
0
0
0
0
0
0
0
0
0
0
0
0
0
0
0
0
0
0
0
0
0
0
0
0
0
0
0
0
0
0
0
0
0
0
0
0
0
0
0
0
0
0
0
0
0
0
0
0
0
0
0
0
0
0
0
0
0
0
0
0
0
0
0
0
0
0
0
0
0
0
0
0
0
0
0
0
0
0
0
0
0
0
0
0
0
0
0
0
0
0
0
0
0
0
0
0
0
0
0
0
0
0
0
0
0
0
0
0
0
0
0
0
0
0
0
0
0
0
0
0
0
0
0
0
0
0
0
0
0
0
0
0
0
0
0
0
0
0
0
0
0
0
0
0
0
0
0
0
0
0
0
0
0
0
0
0
0
0
0
0
0
0
0
0
0
0
0
0
0
0
0
0
0
0
0
0
0
0
0
0
0
0
0
0
0
0
0
0
0
0
0
0
0
0
0
0
0
0
0
0
0
0
0
0
0
0
0
0
0
0
0
0
0
0
0
0
0
-1
0
0
0
0
0
0
0
0
0
0
0
0
0
0
0
0
0
0
0
0
0
0
0
0
0
0
0
0
0
0
0
0
0
0
0
0
0
0
0
0
0
0
0
0
0
0
0
0
0
0
0
0
0
0
0
0
0
0
0
0
0
0
0
0
0
0
0
0
0
0
0
0
0
0
0
0
0
0
0
0
0
0
0
0
0
0
0
0
0
0
0
0
0
0
0
0
0
0
0
0
0
0
0
0
0
0
0
0
0
0
0
0
0
0
0
0
0
0
0
0
0
0
0
0
0
0
0
0
0
0
0
0
0
0
0
0
0
0
0
0
0
0
0
0
0
0
0
0
0
0
0
0
0
0
0
0
0
0
0
0
0
0
0
0
0
0
0
0
0
0
0
0
0
0
0
0
0
0
0
0
0
0
0
0
0
0
0
0
0
0
0
0
0
0
0
0
0
0
0
0
0
0
0
0
0
0
0
0
0
0
0
0
0
0
0
0
0
0
0
0
0
0
0
0
0
0
0
0
0
0
0
0
0
0
0
0
0
0
0
0
0
0
0
0
0
0
0
0
0
0
0
0
0
0
0
0
0
0
0
0
0
0
0
0
0
0
0
0
0
0
0
0
0
0
0
0
0
0
0
0
0
0
0
0
0
0
0
0
0
0
0
0
0
0
0
0
0
0
0
0
0
0
0
0
0
0
0
0
0
0
0
0
0
0
0
0
0
0
0
0
0
0
0
0
0
0
0
0
0
0
0
0
0
0
0
0
0
0
0
0
0
0
0
0
0
0
0
0
0
0
0
0
0
0
0
0
0
0
0
0
0
0
0
0
0
0
0
0
0
0
0
0
0
0
0
0
0
0
0
0
0
0
0
0
0
0
0
0
0
0
0
0
0
0
0
0
0
0
0
0
0
0
0
0
0
0
0
0
0
0
0
0
0
0
0
0
0
0
0
0
0
0
0
0
0
0
0
0
0
0
0
0
0
0
0
0
0
0
0
0
0
0
0
0
0
0
0
0
0
0
0
0
0
0
0
0
0
0
0
0
0
0
0
0
0
0
0
0
0
0
0
0
0
0
0
0
0
0
0
0
0
0
0
0
0
0
0
0
0
0
0
0
0
0
0
0
0
0
0
0
0
0
0
0
0
0
0
0
0
0
0
0
0
0
0
0
0
0
0
0
0
0
0
0
0
0
0
0
0
0
0
0
0
0
0
0
0
0
0
0
0
0
0
0
0
0
0
0
0
0
0
0
0
0
0
0
0
0
0
0
0
0
0
0
0
0
0
0
0
0
0
0
0
0
0
0
0
0
0
0
0
0
0
0
0
0
0
0
0
0
0
0
0
0
0
0
0
0
0
0
0
0
0
0
0
0
0
0
0
0
0
0
0
0
0
0
0
0
0
0
0
0
0
0
0
0
0
0
0
0
0
0
0
0
0
0
0
0
0
0
0
0
0
0
0
0
0
0
0
0
0
0
0
0
0
0
0
0
0
0
0
0
0
0
0
0
0
0
0
0
0
0
0
0
0
0
0
0
0
0
0
0
0
0
0
0
0
0
0
0
0
0
0
0
0
0
0
0
0
0
