0
0
0
0
0
0
0
0
0
0
0
0
0
0
0
0
0
0
0
0
0
0
0
0
0
0
0
0
0
0
0
0
0
0
0
0
0
0
0
0
0
0
0
0
0
0
0
0
0
0
0
0
0
0
0
0
0
0
0
0
0
0
0
0
0
0
0
0
0
0
0
0
0
0
0
0
0
0
0
0
0
0
0
0
0
0
0
0
0
0
0
0
0
0
0
0
0
0
0
0
0
0
0
0
0
0
0
0
0
0
0
0
0
0
0
0
0
0
0
0
0
0
0
0
0
0
0
0
0
0
0
0
0
0
0
0
0
0
0
0
0
0
0
0
0
0
0
0
0
0
0
0
0
0
0
0
0
0
0
0
0
0
0
0
0
0
0
0
0
0
0
0
0
0
0
0
0
0
0
0
0
0
0
0
0
0
0
0
0
0
0
0
0
0
0
0
0
0
0
0
0
0
0
0
0
0
0
0
0
0
0
0
0
0
0
0
0
0
0
0
0
0
0
0
0
0
0
0
0
0
0
0
0
0
0
0
0
0
0
0
0
0
0
0
0
0
0
0
0
0
0
0
0
0
0
0
0
0
0
0
0
0
0
0
0
0
0
0
0
0
0
0
0
0
0
0
0
0
0
0
0
0
0
0
0
0
0
0
0
0
0
0
0
0
0
0
0
0
0
0
0
0
0
0
0
0
0
0
0
0
0
0
0
0
0
0
0
0
0
0
0
0
0
0
0
0
0
0
0
0
0
0
0
0
0
0
0
0
0
0
0
0
0
0
0
0
0
0
0
0
0
0
0
0
0
0
0
0
0
0
0
0
0
0
0
0
0
0
0
0
0
0
0
0
0
0
0
0
0
0
0
0
0
0
0
0
0
0
0
0
0
0
0
0
0
0
0
0
0
0
0
0
0
0
0
0
0
0
0
0
0
0
0
0
0
0
0
0
0
0
0
0
0
0
0
0
0
0
0
0
0
0
0
0
0
0
0
0
0
0
0
0
0
0
0
0
0
0
0
0
0
0
0
0
0
0
0
0
0
0
0
0
0
0
0
0
0
0
0
0
0
0
0
0
0
0
0
0
0
0
0
0
0
0
0
0
0
0
0
0
0
0
0
0
0
0
0
0
0
0
0
0
0
0
0
0
0
0
0
0
0
0
0
0
0
0
0
0
0
0
0
0
0
0
0
0
0
0
0
0
0
0
0
0
0
0
0
0
0
0
0
0
0
0
0
0
0
0
0
0
0
0
0
0
0
0
0
0
0
0
0
0
0
0
0
0
0
0
0
0
0
0
0
0
0
0
0
0
0
0
0
0
0
0
0
0
0
0
0
0
0
0
0
0
0
0
0
0
0
0
0
0
0
0
0
0
0
0
0
0
0
0
0
0
0
0
0
0
0
0
0
0
0
0
0
0
0
0
0
0
0
0
0
0
0
0
0
0
0
0
0
0
0
0
0
0
0
0
0
0
0
0
0
0
0
0
0
0
0
0
0
0
0
0
0
0
0
0
0
0
0
0
0
0
0
0
0
0
0
0
0
0
0
0
0
0
0
0
0
0
0
0
0
0
0
0
0
0
0
0
0
0
0
0
0
0
0
0
0
0
0
0
0
0
0
0
0
0
0
0
0
0
0
0
0
0
0
0
0
0
0
0
0
0
0
0
0
0
0
0
0
0
0
0
0
0
0
0
0
0
0
0
0
0
0
0
0
0
0
0
0
0
0
0
0
0
0
0
0
0
0
0
0
0
0
0
0
0
0
0
0
0
0
0
0
0
0
0
0
0
0
0
0
0
0
0
0
0
0
0
0
0
0
0
0
0
0
0
0
0
0
0
0
0
0
0
0
0
0
0
0
0
0
0
0
0
0
0
0
0
0
0
0
0
0
0
0
0
0
0
0
0
0
0
0
0
0
0
0
0
0
0
0
0
0
0
0
0
0
0
0
0
0
0
0
0
0
0
0
0
0
0
0
0
0
0
0
0
0
0
0
0
0
0
0
0
0
0
0
0
0
0
0
0
0
0
0
0
0
0
0
0
0
0
0
0
0
0
0
0
0
0
0
0
0
0
0
0
0
0
0
0
0
0
0
0
0
0
0
0
0
0
0
0
0
0
0
0
0
0
0
0
0
0
0
0
0
0
0
0
0
0
0
0
0
0
0
0
0
0
0
0
0
0
0
0
0
0
0
0
0
0
0
0
0
0
0
0
0
0
0
0
0
0
0
0
0
0
0
0
0
0
0
0
0
0
0
0
0
0
0
0
0
0
0
0
0
0
0
0
0
0
0
0
0
0
0
0
0
0
0
0
0
0
0
0
0
0
0
0
0
0
0
0
0
0
0
0
0
0
0
0
0
0
0
0
0
0
0
0
0
0
0
0
0
0
0
0
0
0
0
0
0
0
0
0
0
0
0
0
0
0
0
0
0
0
0
0
0
0
0
0
0
0
0
0
0
0
0
0
0
0
0
0
0
0
0
0
0
0
0
0
0
0
0
0
0
0
0
0
0
0
0
0
0
0
0
0
0
0
0
0
0
0
0
0
0
0
0
0
0
0
0
0
0
0
0
0
0
0
0
0
0
0
0
0
0
0
0
0
0
0
0
0
0
0
0
0
0
0
0
0
0
0
0
0
0
0
0
0
0
0
0
0
0
0
0
0
0
0
0
0
0
0
0
0
0
0
0
0
0
0
0
0
0
0
0
0
0
0
0
0
0
0
0
0
0
0
0
0
0
0
0
0
0
0
0
0
0
0
0
0
0
0
0
0
0
0
0
0
0
0
0
0
0
0
0
0
0
0
0
0
0
0
0
0
0
0
0
0
0
0
0
0
0
0
0
0
0
0
0
0
0
0
0
0
0
0
0
0
0
0
0
0
0
0
0
0
0
0
0
0
0
0
0
0
0
0
0
0
0
0
0
0
0
0
0
0
0
0
0
0
0
0
0
0
0
0
0
0
0
0
0
0
0
0
0
0
0
0
0
0
0
0
0
0
0
0
0
0
0
0
0
0
0
0
0
0
0
0
0
0
0
0
0
0
0
0
0
0
0
0
0
0
0
0
0
0
0
0
0
0
0
0
0
0
0
0
0
0
0
0
0
0
0
0
0
0
0
0
0
0
0
0
0
0
0
0
0
0
0
0
0
0
0
0
0
0
0
0
0
0
0
0
0
0
0
0
0
0
0
0
0
0
0
0
0
0
0
0
0
0
0
0
0
0
0
0
0
0
0
0
0
0
0
0
0
0
0
0
0
0
0
0
0
0
0
0
0
0
0
0
0
0
0
0
0
0
0
0
0
0
0
0
0
0
0
0
0
0
0
0
0
0
0
0
0
0
0
0
0
0
0
0
0
0
0
0
0
0
0
0
0
0
0
0
0
0
0
0
0
0
0
0
0
0
0
0
0
0
0
0
0
0
0
0
0
0
0
0
0
0
0
0
0
0
0
0
0
0
0
0
0
0
0
0
0
0
0
0
0
0
0
0
0
0
0
0
0
0
0
0
0
0
0
0
0
0
0
0
0
0
0
0
0
0
0
0
0
0
0
0
0
0
0
0
0
0
0
0
0
0
0
0
0
0
0
0
0
0
0
0
0
0
0
0
0
0
0
0
0
0
0
0
0
0
0
0
0
0
0
0
0
0
0
0
0
0
0
0
0
0
0
0
0
0
0
0
0
0
0
0
0
0
0
0
0
0
0
0
0
0
0
0
0
0
0
0
0
0
0
0
0
0
0
0
0
0
0
0
0
0
0
0
0
0
0
0
0
0
0
0
0
0
0
0
0
0
0
0
0
0
0
0
0
0
0
0
0
0
0
0
0
0
0
0
0
0
0
0
0
0
0
0
0
0
0
0
0
0
0
0
0
0
0
0
0
0
0
0
0
0
0
0
0
0
0
0
0
0
0
0
0
0
0
0
0
0
0
0
0
0
0
0
0
0
0
0
0
0
0
0
0
0
0
0
0
0
0
0
0
0
0
0
0
0
0
0
0
0
0
0
0
0
0
0
0
0
0
0
0
0
0
0
0
0
0
0
0
0
0
0
0
0
0
0
0
0
0
0
0
0
0
0
0
0
0
0
0
0
0
0
0
0
0
0
0
0
0
0
0
0
0
0
0
0
0
0
0
0
0
0
0
0
0
0
0
0
0
0
0
0
0
0
0
0
0
0
0
0
0
0
0
0
0
0
0
0
0
0
0
0
0
0
0
0
0
0
0
0
0
0
0
0
0
0
0
0
0
0
0
0
0
0
0
0
0
0
0
0
0
0
0
0
0
0
0
0
0
0
0
0
0
0
0
0
0
0
0
0
0
0
0
0
0
0
0
0
0
0
0
0
0
0
0
0
0
0
0
0
0
0
0
0
0
0
0
0
0
0
0
0
0
0
0
0
0
0
0
0
0
0
0
0
0
0
0
0
0
0
0
0
0
0
0
0
0
0
0
0
0
0
0
0
0
0
0
0
0
0
0
0
0
0
0
0
0
0
0
0
0
0
0
0
0
0
0
0
0
0
0
0
0
0
0
0
0
0
0
0
0
0
0
0
0
0
0
0
0
0
0
0
0
0
0
0
0
0
0
0
0
0
0
0
0
0
0
0
0
0
0
0
0
0
0
0
0
0
0
0
0
0
0
0
0
0
0
0
0
0
0
0
0
0
0
0
0
0
0
0
0
0
0
0
0
0
0
0
0
0
0
0
0
0
0
0
0
0
0
0
0
0
0
0
0
0
0
0
0
0
0
0
0
0
0
0
0
0
0
0
0
0
0
0
0
0
0
0
0
0
0
0
0
0
0
0
0
0
0
0
0
0
0
0
0
0
0
0
0
0
0
0
0
0
0
0
0
0
0
0
0
0
0
0
0
0
0
0
0
0
0
0
0
0
0
0
0
0
0
0
0
0
0
0
0
0
0
0
0
0
0
0
0
0
0
0
0
0
0
0
0
0
0
0
0
0
0
0
0
0
0
0
0
0
0
0
0
0
0
0
0
0
0
0
0
0
0
0
0
0
0
0
0
0
0
0
0
0
0
0
0
0
0
0
0
0
0
0
0
0
0
0
0
0
0
0
0
0
0
0
0
0
0
0
0
0
0
0
0
0
0
0
0
0
0
0
0
0
0
0
0
0
0
0
0
0
0
0
0
0
0
0
0
0
0
0
0
0
0
0
0
0
0
0
0
0
0
0
0
0
0
0
0
0
0
0
0
0
0
0
0
0
0
0
0
0
0
0
0
0
0
0
0
0
0
0
0
0
0
0
0
0
0
0
0
0
0
0
0
0
0
0
0
0
0
0
0
0
0
0
0
0
0
0
0
0
0
0
0
0
0
0
0
0
0
0
0
0
0
0
0
0
0
0
0
0
0
0
0
0
0
0
0
0
0
0
0
0
0
0
0
0
0
0
0
0
0
0
0
0
0
0
0
0
0
0
0
0
0
0
0
0
0
0
0
0
0
0
0
0
0
0
0
0
0
0
0
0
0
0
0
0
0
0
0
0
0
0
0
0
0
0
0
0
0
0
0
0
0
0
0
0
0
0
0
0
0
0
0
0
0
0
0
0
0
0
0
0
0
0
0
0
0
0
0
0
0
0
0
0
0
0
0
0
0
0
0
0
0
0
0
0
0
0
0
0
0
0
0
0
0
0
0
0
0
0
0
0
0
0
0
0
0
0
0
0
0
0
0
0
0
0
0
0
0
0
0
0
0
0
0
0
0
0
0
0
0
0
0
0
0
0
0
0
0
0
0
0
0
0
0
0
0
0
0
0
0
0
0
0
0
0
0
0
0
0
0
0
0
0
0
0
0
0
0
0
0
0
0
0
0
0
0
0
0
0
0
0
0
0
0
0
0
0
0
0
0
0
0
0
0
0
0
0
0
0
0
0
0
0
0
0
0
0
0
0
0
0
0
0
0
0
0
0
0
0
0
0
0
0
0
0
0
0
0
0
0
0
0
0
0
0
0
0
0
0
0
0
0
0
0
0
0
0
0
0
0
0
0
0
0
0
0
0
0
0
0
0
0
0
0
0
0
0
0
0
0
0
0
0
0
0
0
0
0
0
0
0
0
0
0
0
0
0
0
0
0
0
0
0
0
0
0
0
0
0
0
0
0
0
0
0
0
0
0
0
0
0
0
0
0
0
0
0
0
0
0
0
0
0
0
0
0
0
0
0
0
0
0
0
0
0
0
0
0
0
0
0
0
0
0
0
0
0
0
0
0
0
0
0
0
0
0
0
0
0
0
0
0
0
0
0
0
0
0
0
0
0
0
0
0
0
0
0
0
0
0
0
0
0
0
0
0
0
0
0
0
0
0
0
0
0
0
0
0
0
0
0
0
0
0
0
0
0
0
0
0
0
0
0
0
0
0
0
0
0
0
0
0
0
0
0
0
0
0
0
0
0
0
0
0
0
0
0
0
0
0
0
0
0
0
0
0
0
0
0
0
0
0
0
0
0
0
0
0
0
0
0
0
0
0
0
0
0
0
0
0
0
0
0
0
0
0
0
0
0
0
0
0
0
0
0
0
0
0
0
0
0
0
0
0
0
0
0
0
0
0
0
0
0
0
0
0
0
0
0
0
0
0
0
0
0
0
0
0
0
0
0
0
0
0
0
0
0
0
0
0
0
0
0
0
0
0
0
0
0
0
0
0
0
0
0
0
0
0
0
0
0
0
0
0
0
0
0
0
0
0
0
0
0
0
0
0
0
0
0
0
0
0
0
0
0
0
0
0
0
0
0
0
0
0
0
0
0
0
0
0
0
0
0
0
0
0
0
0
0
0
0
0
0
0
0
0
0
0
0
0
0
0
0
0
0
0
0
0
0
0
0
0
0
0
0
0
0
0
0
0
0
0
0
0
0
0
0
0
0
0
0
0
0
0
0
0
0
0
0
0
0
0
0
0
0
0
0
0
0
0
0
0
0
0
0
0
0
0
0
0
0
0
0
0
0
0
0
0
0
0
0
1
0
0
1
2
2
1
0
0
1
1
1
1
2
1
1
1
1
1
1
1
2
2
1
1
1
1
0
0
0
0
0
0
0
1
1
1
1
1
1
0
0
-1
-1
-1
0
0
-1
-1
-1
-1
-1
-1
-1
-1
0
0
0
0
-1
-1
0
0
-1
-1
-1
0
0
-1
-1
-1
0
0
0
0
0
0
0
-1
-1
-1
-1
0
0
0
0
0
-1
-1
-1
-1
-1
-1
-1
-1
0
-1
-1
-1
-1
-1
-2
-2
-1
-1
-1
-1
-1
-1
-1
-2
-2
-2
-2
-2
-2
-2
-2
-1
-1
-1
-1
-2
-1
-1
-1
-2
-2
-2
-1
-1
-1
-1
-1
-1
-1
-1
-2
-2
-2
-2
-1
-1
-1
-1
-1
-2
-2
-2
-2
-2
-2
-2
-2
-2
-2
-2
-2
-2
-3
-3
-3
-3
-3
-2
-2
-2
-2
-2
-2
-2
-2
-2
-2
-2
-2
-2
-2
-2
-3
-3
-2
-2
-1
-2
-2
-2
-2
-2
-2
-2
-2
-2
-2
-2
-2
-2
-2
-2
-2
-2
-2
-2
-2
-1
-1
-1
-2
-3
-3
-2
-2
-2
-2
-2
-2
-2
-2
-2
-3
-3
-3
-3
-3
-3
-2
-2
-2
-3
-3
-2
-2
-3
-2
-2
-2
-3
-3
-3
-3
-3
-3
-2
-2
-2
-2
-2
-2
-2
-2
-2
-3
-3
-2
-2
-2
-2
-2
-1
-1
-2
-2
-2
-1
-1
-1
-2
-2
-2
-2
-2
-2
-2
-2
-2
-2
-2
-2
-2
-2
-1
-1
-2
-2
-2
-2
-2
-1
-1
-1
-2
-2
-1
0
0
-1
-1
-1
0
-1
-1
-1
-1
-1
-1
-1
-1
0
0
0
-1
0
1
1
0
-1
0
0
0
-1
0
0
1
1
1
1
1
1
0
0
-1
0
0
0
1
2
2
2
1
2
2
2
2
1
1
1
1
1
2
2
1
1
1
1
1
1
1
0
0
0
0
1
1
1
1
0
0
0
0
0
0
0
0
0
0
0
1
1
1
1
1
1
2
2
2
2
1
1
1
1
1
1
1
2
2
2
2
2
2
2
2
2
2
2
2
2
1
1
1
1
1
1
1
1
1
1
1
1
1
2
2
2
2
1
1
1
1
2
2
2
2
2
3
3
3
3
3
2
2
2
2
2
2
2
2
3
2
2
2
3
3
2
2
2
2
2
2
2
2
2
2
2
2
2
2
3
3
3
2
3
4
3
2
2
1
1
1
1
2
2
2
2
2
2
2
2
3
4
3
2
2
3
3
3
3
4
4
4
4
4
3
2
3
4
5
5
4
2
2
2
3
4
4
2
2
2
3
3
3
3
3
3
3
3
3
4
4
3
3
3
4
4
3
2
3
3
3
2
2
3
3
2
2
2
3
3
2
2
3
3
2
1
2
2
1
1
2
2
2
2
2
1
1
2
2
2
2
2
2
2
1
1
1
1
1
0
0
1
1
1
1
2
2
2
1
0
0
0
0
0
0
1
1
1
0
-1
-1
0
1
0
0
0
1
2
2
2
2
2
1
0
0
0
-1
0
0
1
0
-1
0
0
0
0
0
1
1
0
-1
-1
-1
-1
-1
-1
-1
-2
-2
-1
-1
-2
-2
-1
0
0
-1
-1
-1
-1
-1
-1
-1
0
-1
0
0
0
0
-1
-1
-1
-1
-1
-1
-2
-2
-2
-2
-2
-2
-1
-1
-2
-2
-2
-2
-2
-2
-2
-2
-2
-1
0
-1
-2
-2
-2
-1
0
0
0
0
-1
-1
-1
-1
-1
-1
-1
-1
-1
-1
-1
-1
-1
0
0
0
0
1
1
0
0
0
1
1
0
0
0
0
0
0
1
1
-1
-2
-1
0
0
0
0
-1
-1
-1
0
0
0
0
0
0
0
0
0
1
0
0
0
1
1
1
2
2
1
1
1
2
2
1
1
1
2
2
2
2
1
0
0
0
0
0
0
1
0
0
-1
-1
0
1
1
1
1
1
1
0
-1
-1
0
2
1
1
1
1
1
1
2
2
1
1
2
2
2
1
1
1
1
1
1
1
1
0
0
0
0
0
1
1
1
1
1
1
0
0
0
0
0
0
0
1
0
0
0
1
1
-1
-2
-2
-2
-1
-1
-1
-2
-1
-1
-1
0
0
0
-1
-1
-1
-1
-1
-1
-1
-1
0
-1
-2
-2
-1
0
0
0
-1
-1
-1
-1
-2
-2
-2
-2
-2
-2
-2
-1
-1
-1
-1
-1
-1
-2
-2
-2
-2
-2
-3
-2
-2
-3
-3
-3
-3
-4
-5
-5
-5
-4
-5
-4
-4
-4
-4
-4
-4
-4
-5
-5
-4
-4
-5
-5
-5
-5
-6
-7
-7
-6
-5
-6
-5
-5
-5
-5
-5
-5
-6
-6
-6
-5
-6
-6
-7
-6
-6
-7
-7
-6
-6
-6
-7
-6
-6
-5
-6
-6
-7
-7
-7
-7
-7
-7
-6
-6
-6
-6
-6
-6
-6
-8
-8
-8
-8
-8
-7
-7
-7
-9
-9
-10
-9
-9
-9
-8
-9
-9
-9
-9
-8
-9
-9
-10
-9
-9
-9
-10
-10
-9
-9
-9
-10
-10
-9
-9
-10
-11
-11
-10
-9
-9
-10
-10
-10
-10
-10
-10
-9
-9
-10
-10
-11
-11
-10
-10
-10
-10
-11
-11
-11
-10
-11
-11
-11
-10
-10
-10
-10
-9
-9
-10
-10
-10
-11
-11
-11
-10
-10
-11
-11
-11
-11
-11
-11
-11
-10
-10
-10
-10
-10
-9
-10
-11
-11
-11
-10
-10
-11
-10
-10
-9
-9
-10
-10
-10
-10
-10
-10
-10
-10
-9
-9
-9
-9
-9
-9
-9
-10
-10
-10
-10
-9
-9
-9
-9
-8
-8
-8
-8
-9
-9
-9
-9
-9
-9
-9
-9
-9
-9
-9
-8
-8
-8
-8
-8
-8
-8
-7
-7
-8
-8
-7
-7
-7
-7
-7
-7
-6
-6
-6
-6
-6
-5
-4
-5
-5
-5
-5
-5
-5
-5
-4
-4
-5
-5
-4
-3
-3
-3
-3
-2
-3
-3
-4
-3
-2
-2
-2
-2
-2
-3
-3
-2
-1
-1
-1
-2
-2
-1
-1
-1
-1
0
0
1
0
0
0
0
2
2
2
1
1
1
2
2
2
2
2
1
1
1
2
3
3
3
3
4
4
4
4
5
5
5
4
5
6
6
5
5
5
5
6
6
5
6
6
6
5
5
6
7
7
6
7
8
9
8
6
7
8
8
7
7
8
9
8
7
8
8
8
8
9
9
9
8
8
9
10
10
10
10
10
9
9
10
10
10
10
10
10
10
10
10
11
11
11
11
12
13
13
12
12
12
12
12
12
12
12
12
12
12
12
12
12
12
12
12
13
13
13
13
13
14
14
13
13
13
13
13
13
13
13
13
13
14
14
14
14
14
14
14
14
14
15
14
14
14
14
14
15
15
14
14
14
14
14
14
14
14
13
13
13
13
13
12
12
13
13
13
12
12
13
13
13
12
13
14
13
13
13
13
13
13
13
13
13
13
13
12
12
13
13
13
12
11
11
11
12
12
13
14
13
13
12
13
13
13
12
12
13
13
13
11
11
11
12
12
11
11
11
12
13
13
13
12
11
11
11
12
11
11
11
12
12
12
12
11
12
12
12
12
11
11
11
10
10
10
9
9
9
9
9
10
10
9
9
9
10
10
9
9
9
9
9
8
9
9
9
9
9
9
9
9
8
8
8
8
9
9
9
8
7
6
6
7
8
8
8
6
6
6
6
6
6
6
6
6
6
5
5
5
5
5
5
5
4
4
4
4
4
4
4
5
4
4
3
3
3
3
3
3
2
2
2
2
2
2
2
2
2
1
1
1
1
1
1
1
1
2
2
2
2
2
1
1
0
-1
-1
-1
0
-1
-1
0
1
1
0
-1
-1
-1
-1
-1
-1
-1
-1
-1
-1
-2
-2
-2
-3
-3
-3
-3
-3
-3
-3
-3
-4
-4
-4
-4
-4
-4
-5
-5
-4
-4
-4
-4
-5
-5
-5
-5
-4
-4
-5
-5
-6
-5
-5
-5
-5
-6
-6
-6
-6
-7
-7
-7
-6
-6
-7
-7
-7
-6
-6
-7
-6
-6
-7
-8
-9
-8
-7
-7
-7
-8
-8
-9
-9
-9
-9
-9
-9
-9
-9
-9
-8
-8
-8
-9
-9
-10
-10
-10
-9
-8
-8
-9
-10
-11
-10
-10
-9
-9
-9
-10
-10
-9
-9
-9
-10
-10
-9
-9
-10
-11
-10
-9
-9
-9
-10
-9
-8
-8
-8
-9
-10
-9
-9
-10
-11
-11
-10
-10
-10
-11
-11
-11
-10
-10
-10
-10
-11
-12
-13
-12
-10
-10
-10
-11
-11
-11
-11
-11
-11
-12
-12
-12
-11
-11
-11
-11
-11
-11
-12
-12
-12
-11
-11
-11
-12
-12
-11
-11
-11
-11
-10
-10
-10
-11
-12
-13
-13
-13
-13
-12
-11
-11
-12
-12
-12
-12
-12
-12
-11
-10
-10
-11
-11
-11
-10
-11
-11
-11
-11
-10
-9
-9
-9
-9
-9
-9
-9
-9
-10
-10
-9
-9
-8
-8
-8
-9
-10
-10
-10
-10
-11
-11
-10
-9
-9
-10
-10
-9
-9
-9
-10
-10
-10
-9
-9
-9
-9
-9
-9
-9
-8
-8
-7
-7
-8
-9
-9
-9
-9
-9
-10
-10
-9
-9
-8
-8
-8
-8
-8
-9
-9
-9
-9
-8
-9
-9
-9
-9
-9
-10
-10
-10
-9
-9
-8
-7
-7
-8
-7
-5
-5
-8
-9
-8
-8
-9
-9
-7
-6
-6
-6
-5
-5
-7
-7
-5
-4
-5
-6
-7
-6
-5
-6
-5
-4
-3
-3
-4
-4
-4
-4
-4
-4
-3
-2
-3
-5
-6
-5
-3
-3
-5
-5
-4
-2
-2
-2
-3
-3
-5
-5
-5
-4
-4
-3
-3
-3
-3
-3
-2
-3
-4
-4
-3
-2
-2
-2
-2
-2
-1
0
0
0
-1
-2
-2
-1
0
1
0
0
2
3
2
0
-1
0
0
-2
-3
-2
-1
-1
-1
0
1
2
2
2
3
3
1
-1
-3
-3
-1
0
1
1
1
1
1
1
2
2
3
3
2
2
2
2
1
2
2
3
2
2
2
2
3
4
4
4
3
3
3
4
6
7
6
5
5
5
5
5
6
7
7
5
4
4
5
6
6
6
7
7
6
5
5
4
3
3
4
5
6
6
6
6
5
3
2
3
4
4
4
4
5
7
7
6
5
4
5
5
6
5
5
5
4
4
4
5
5
6
6
5
4
4
5
6
6
6
8
9
7
5
5
5
5
4
5
5
6
8
9
9
8
7
6
5
5
3
3
3
4
4
5
6
7
7
6
6
6
5
5
4
3
3
3
3
4
4
4
4
4
4
3
2
2
3
3
3
4
5
5
3
3
4
5
5
5
7
9
8
7
6
5
4
4
5
5
4
2
3
4
5
6
6
5
5
5
6
7
6
5
4
4
4
5
5
4
3
5
8
8
6
4
2
0
0
2
3
4
5
6
7
6
5
6
7
7
4
4
5
6
4
3
4
5
5
5
5
5
6
6
6
6
6
6
5
5
4
4
4
5
5
5
4
3
4
5
5
4
2
2
2
2
2
5
6
6
4
3
3
4
5
5
3
2
4
5
6
5
6
8
9
7
5
5
6
5
4
4
5
5
4
3
2
3
3
2
1
2
4
4
1
-2
-2
-1
0
0
1
3
2
0
-2
-2
-3
-4
-3
-2
-3
-4
-4
-2
0
1
1
0
-1
-2
-3
-4
-2
0
1
-1
-3
-4
-4
-5
-7
-6
-4
-4
-5
-5
-4
-3
-2
-2
-2
-4
-5
-5
-2
-2
-3
-3
-2
0
-2
-4
-5
-4
-4
-4
-5
-5
-3
-1
-1
-2
-5
-5
-3
-2
-2
-1
0
-2
-5
-6
-4
-1
1
1
2
1
0
-1
-2
-2
-3
-3
-3
-4
-5
-5
-3
-2
-4
-8
-8
-6
-6
-6
-4
-1
-1
-3
-5
-4
-4
-5
-5
-3
-2
-1
-1
-1
-1
-2
-4
-4
-3
0
2
2
-2
-5
-5
-5
-4
-4
-4
-1
2
3
2
-1
-2
-3
-5
-6
-6
-4
-3
-3
-4
-2
-2
-2
-4
-5
-3
-4
-5
-5
-2
-4
-9
-10
-7
-2
-1
-1
-1
-2
-4
-4
-2
-1
-2
-4
-4
-3
-4
-5
-3
1
4
6
6
4
2
0
0
-2
-3
-2
1
2
1
0
1
2
2
3
5
5
1
-2
-2
-3
-5
-5
-3
-4
-6
-7
-5
-5
-8
-11
-13
-11
-9
-9
-9
-9
-9
-9
-7
-5
-5
-6
-6
-5
-3
-2
-4
-7
-9
-9
-11
-12
-10
-7
-8
-11
-10
-4
-1
-4
-6
-4
-2
-5
-11
-13
-13
-12
-12
-10
-9
-9
-11
-9
-5
-2
-2
-2
-3
-5
-5
-7
-9
-10
-8
-5
-5
-8
-10
-10
-8
-9
-9
-9
-9
-11
-13
-13
-11
-8
-6
-5
-5
-5
-5
-5
-4
-1
4
5
-2
-9
-13
-14
-15
-16
-11
-3
5
8
5
0
-5
-9
-12
-15
-15
-8
1
3
-2
-6
-8
-12
-18
-19
-13
-9
-11
-13
-10
-6
-7
-11
-14
-14
-11
-6
-2
-3
-6
-5
-2
-1
-6
-9
-7
-5
-5
-6
-6
-6
-6
-2
3
6
5
3
2
0
-5
-11
-11
-8
-5
-6
-8
-6
-2
-1
-6
-12
-11
-5
-5
-9
-10
-5
-4
-12
-19
-16
-10
-7
-5
-1
2
-2
-6
-6
-5
-7
-9
-6
1
3
2
1
2
0
-3
-3
2
5
6
6
8
11
13
10
3
-1
2
7
8
5
2
5
7
9
15
23
24
19
14
15
15
11
6
6
7
9
12
16
16
11
6
6
8
6
4
5
7
4
2
2
4
4
3
5
7
4
-1
-3
-5
-7
-9
-5
0
0
-3
-2
2
6
9
13
18
18
13
7
4
2
-1
-4
-6
-7
-7
-8
-8
-5
1
8
11
9
7
6
5
1
0
2
2
-4
-9
-7
2
8
8
9
12
13
7
-2
-8
-14
-18
-15
-4
8
14
16
16
13
7
2
2
7
13
20
25
24
14
3
-1
1
4
9
15
19
20
17
14
13
16
19
21
19
15
11
5
-3
-10
-8
2
10
15
20
23
21
16
16
21
20
10
3
6
10
9
8
14
21
22
18
14
10
3
-3
0
9
14
13
12
12
12
9
3
0
3
11
15
14
13
14
9
0
-3
9
24
27
20
17
18
13
3
1
9
13
6
0
1
5
7
9
13
13
11
9
9
6
-1
-3
2
12
16
13
8
6
6
7
8
7
7
8
9
8
5
2
-2
-2
3
6
2
-2
0
5
4
2
8
19
22
13
4
1
-3
-9
-8
5
17
19
16
16
15
8
1
-4
-8
-9
-5
-2
-9
-18
-13
6
16
8
-3
0
7
6
5
12
16
7
-4
-4
-2
-9
-16
-10
6
14
12
10
16
20
14
6
-1
-8
-14
-13
-6
2
8
16
20
18
14
15
19
18
14
13
13
5
-10
-16
-7
2
-3
-10
-1
17
24
17
15
22
20
5
-9
-8
-5
-11
-13
5
28
34
25
26
32
22
-2
-12
5
19
12
0
2
6
-2
-13
-6
14
28
32
35
28
7
-12
-8
9
13
4
-3
-3
-3
-3
3
15
19
13
5
1
-5
-9
-5
-1
-5
-6
7
17
5
-13
-11
8
9
-9
-18
-3
16
16
12
20
27
17
-4
-18
-15
0
19
25
13
-2
1
15
19
13
13
23
21
-3
-27
-32
-28
-27
-16
10
24
9
-14
-18
-12
-20
-38
-40
-25
-20
-34
-45
-32
-10
2
9
19
21
2
-27
-44
-44
-39
-34
-23
-11
-12
-29
-42
-39
-27
-20
-17
-13
-7
-8
-14
-21
-23
-22
-21
-20
-18
-16
-12
-10
-13
-17
-14
-8
-9
-12
-9
-8
-16
-29
-31
-21
-13
-11
-7
-2
-8
-23
-29
-20
-13
-16
-12
6
13
-2
-15
-13
-7
-10
-15
-9
1
1
-3
0
4
1
-2
7
19
19
11
5
-3
-11
-9
3
16
32
53
67
54
23
4
1
-5
-15
-4
30
49
35
20
34
48
31
6
7
22
16
-7
-22
-22
-15
-5
9
15
3
-13
-12
3
13
15
18
18
4
-19
-31
-31
-26
-17
-5
-1
-11
-27
-39
-42
-32
-11
13
20
8
-5
-4
-2
-16
-40
-52
-48
-41
-39
-39
-41
-43
-39
-20
5
16
3
-26
-47
-51
-52
-67
-92
-101
-82
-50
-26
-14
-11
-16
-24
-23
-10
1
-5
-21
-30
-33
-45
-61
-60
-34
-10
-8
-25
-38
-35
-25
-24
-31
-29
-11
6
3
-17
-40
-51
-45
-22
5
18
11
5
14
21
1
-38
-62
-61
-57
-52
-31
1
11
-3
-8
9
16
-7
-31
-19
11
12
-22
-54
-61
-53
-40
-12
23
44
37
18
7
0
-14
-33
-40
-28
-10
-3
-5
-10
-9
-4
6
21
36
43
38
30
25
23
17
6
3
13
32
45
46
42
38
34
24
17
28
55
78
81
72
67
61
47
31
25
23
21
29
54
81
95
99
111
122
110
78
52
40
24
6
7
27
42
48
56
64
65
70
90
108
87
34
-7
-21
-39
-75
-95
-69
-24
14
44
62
46
5
-18
-12
-16
-51
-83
-79
-55
-48
-54
-49
-39
-39
-38
-20
-10
-28
-50
-52
-53
-76
-98
-95
-83
-84
-88
-77
-60
-55
-48
-23
-6
-36
-92
-125
-131
-142
-154
-140
-107
-85
-79
-74
-71
-77
-79
-64
-48
-54
-74
-82
-82
-96
-113
-109
-100
-119
-144
-121
-63
-30
-41
-50
-35
-28
-54
-81
-78
-56
-51
-58
-55
-37
-24
-22
-24
-23
-7
34
83
100
74
43
43
61
59
32
19
45
89
113
115
116
117
104
85
90
120
139
128
118
144
183
191
165
148
156
163
155
158
183
201
198
196
204
199
172
155
175
211
227
222
217
219
212
194
185
195
213
221
206
170
131
113
119
131
140
149
152
139
118
103
93
82
78
81
75
48
18
14
22
5
-34
-55
-44
-33
-38
-41
-37
-54
-97
-128
-122
-107
-120
-152
-166
-147
-125
-134
-176
-222
-243
-241
-237
-236
-228
-204
-184
-193
-219
-233
-233
-242
-265
-283
-294
-302
-297
-270
-233
-215
-224
-239
-245
-247
-254
-258
-243
-213
-181
-157
-152
-167
-193
-211
-215
-212
-208
-194
-165
-125
-89
-70
-67
-67
-67
-75
-99
-120
-117
-95
-80
-79
-69
-34
6
27
36
52
68
64
47
40
46
47
35
22
24
47
84
123
155
178
195
205
202
181
150
125
119
132
161
197
225
232
222
222
240
259
250
216
193
202
222
225
215
219
242
256
248
231
212
189
176
196
244
283
291
287
295
301
280
243
220
213
205
198
209
231
241
233
224
223
219
203
181
162
143
122
105
100
101
102
102
101
99
97
91
76
52
30
18
4
-27
-62
-74
-51
-18
-8
-27
-55
-70
-68
-70
-101
-159
-206
-220
-224
-240
-249
-228
-202
-207
-229
-226
-204
-217
-274
-318
-314
-307
-339
-380
-386
-370
-360
-351
-335
-337
-365
-379
-358
-344
-379
-435
-454
-443
-452
-472
-455
-401
-365
-363
-363
-351
-350
-364
-374
-379
-386
-386
-362
-325
-303
-298
-284
-258
-240
-233
-217
-194
-193
-202
-188
-159
-157
-179
-174
-126
-81
-68
-63
-37
-2
17
28
48
67
67
60
66
81
87
93
125
183
240
276
291
295
300
311
334
360
379
388
399
420
437
428
397
378
391
425
453
473
496
529
561
570
550
515
492
498
518
531
530
531
534
524
496
473
472
482
488
497
509
507
482
448
421
398
389
403
428
439
426
399
355
291
232
219
254
285
278
258
257
259
241
211
182
147
112
92
73
25
-34
-57
-35
-12
-17
-21
-4
3
-33
-91
-136
-183
-245
-285
-276
-255
-268
-300
-313
-308
-307
-316
-334
-359
-385
-398
-409
-443
-498
-535
-534
-529
-546
-558
-542
-530
-555
-596
-625
-652
-687
-699
-672
-636
-619
-606
-582
-570
-599
-652
-687
-694
-695
-695
-681
-658
-644
-636
-618
-595
-580
-568
-545
-517
-494
-482
-483
-494
-501
-494
-480
-469
-454
-418
-358
-290
-233
-191
-157
-132
-113
-90
-69
-56
-41
-2
51
84
95
117
167
226
274
316
362
408
443
462
471
479
492
512
533
551
568
592
624
653
677
705
739
772
795
806
807
802
795
783
766
749
744
747
750
756
774
798
811
803
785
766
742
711
677
650
631
620
617
616
600
574
558
560
558
534
494
450
404
358
322
300
276
240
199
180
189
201
185
146
111
93
75
36
-19
-65
-92
-112
-132
-145
-147
-154
-177
-198
-203
-202
-214
-242
-272
-299
-327
-356
-393
-443
-494
-524
-522
-503
-491
-486
-483
-490
-517
-553
-582
-616
-667
-716
-732
-714
-701
-717
-745
-764
-785
-818
-851
-863
-854
-840
-823
-795
-760
-739
-734
-729
-716
-712
-734
-779
-835
-885
-906
-881
-824
-770
-727
-667
-581
-510
-493
-518
-543
-555
-576
-611
-632
-630
-613
-580
-514
-419
-328
-260
-204
-143
-79
-29
-4
0
-6
-13
-12
1
22
54
109
191
287
383
471
547
608
652
681
693
691
679
659
638
631
655
705
764
827
904
996
1075
1111
1104
1084
1068
1046
1007
959
916
883
867
880
924
981
1026
1053
1073
1090
1078
1017
929
853
802
758
717
697
704
714
715
720
735
733
690
622
568
533
488
423
355
299
255
225
211
201
182
163
158
159
143
99
42
-15
-68
-121
-166
-198
-219
-237
-251
-255
-250
-244
-247
-261
-279
-295
-317
-360
-420
-478
-522
-561
-599
-626
-625
-605
-591
-595
-609
-618
-620
-633
-671
-726
-777
-811
-833
-855
-877
-887
-880
-870
-876
-898
-920
-930
-937
-958
-990
-1010
-1004
-985
-966
-929
-860
-788
-750
-739
-734
-761
-855
-985
-1070
-1073
-1034
-982
-897
-761
-617
-509
-438
-399
-415
-484
-548
-574
-595
-633
-650
-612
-542
-468
-374
-245
-110
-3
94
205
291
297
247
209
188
149
107
114
179
280
412
577
734
842
911
970
1009
995
942
903
883
846
805
820
894
974
1035
1114
1219
1306
1345
1349
1332
1285
1215
1148
1098
1053
1016
1009
1038
1074
1102
1134
1162
1151
1100
1053
1026
985
915
846
808
784
746
700
664
641
618
601
599
599
576
529
470
405
336
273
217
159
102
65
51
39
12
-20
-43
-61
-87
-121
-152
-186
-228
-273
-312
-352
-395
-428
-439
-443
-454
-460
-445
-428
-440
-479
-512
-528
-559
-621
-682
-703
-698
-707
-735
-755
-760
-772
-798
-815
-806
-796
-805
-826
-840
-858
-895
-942
-982
-1012
-1046
-1078
-1089
-1083
-1086
-1104
-1116
-1101
-1061
-1001
-923
-843
-782
-750
-742
-768
-846
-974
-1110
-1202
-1223
-1174
-1065
-920
-764
-615
-483
-393
-377
-436
-525
-596
-641
-674
-689
-671
-616
-547
-471
-374
-245
-103
29
146
259
352
390
363
299
234
182
149
159
237
371
526
678
828
970
1075
1122
1123
1103
1077
1054
1034
1011
988
985
1020
1087
1166
1244
1324
1402
1463
1499
1506
1473
1396
1306
1240
1194
1133
1066
1041
1075
1127
1165
1194
1223
1228
1190
1127
1059
977
876
784
729
697
661
623
605
600
597
596
594
568
503
424
356
293
216
132
68
30
0
-32
-58
-72
-88
-117
-152
-181
-208
-242
-291
-349
-398
-429
-452
-479
-504
-516
-522
-530
-533
-526
-523
-536
-561
-585
-612
-650
-694
-726
-748
-768
-780
-777
-777
-805
-847
-871
-876
-890
-910
-914
-907
-923
-963
-993
-1002
-1027
-1086
-1140
-1149
-1140
-1153
-1178
-1181
-1168
-1162
-1141
-1057
-930
-829
-783
-745
-695
-693
-804
-991
-1156
-1247
-1272
-1237
-1125
-946
-747
-563
-396
-263
-209
-254
-362
-479
-578
-642
-667
-664
-653
-608
-482
-287
-95
50
189
367
539
628
626
576
492
365
239
186
218
299
420
605
843
1065
1226
1334
1399
1402
1348
1286
1244
1188
1099
1025
1024
1088
1167
1248
1350
1468
1569
1632
1659
1649
1592
1498
1401
1318
1241
1158
1088
1056
1067
1106
1155
1199
1217
1199
1159
1111
1047
952
839
740
669
617
576
542
511
481
460
457
455
426
364
291
222
152
82
25
-22
-76
-135
-179
-208
-241
-287
-329
-352
-367
-380
-390
-403
-439
-493
-537
-563
-591
-623
-635
-625
-627
-648
-653
-630
-614
-639
-684
-711
-721
-741
-771
-793
-807
-836
-874
-892
-894
-911
-952
-978
-965
-934
-920
-929
-946
-978
-1039
-1112
-1162
-1186
-1223
-1281
-1312
-1286
-1246
-1228
-1180
-1052
-892
-780
-710
-632
-581
-656
-867
-1099
-1254
-1343
-1396
-1375
-1243
-1028
-776
-502
-258
-131
-135
-194
-261
-368
-527
-674
-756
-775
-740
-632
-457
-275
-125
42
268
502
654
716
721
680
596
497
394
285
220
276
448
662
875
1094
1305
1455
1526
1551
1542
1471
1339
1217
1151
1110
1082
1118
1224
1329
1406
1506
1638
1721
1710
1660
1623
1577
1490
1387
1296
1207
1110
1049
1062
1115
1142
1141
1145
1153
1138
1093
1017
909
790
701
645
586
518
460
420
386
363
356
342
294
218
152
110
64
0
-65
-120
-173
-220
-250
-286
-359
-440
-474
-471
-485
-522
-541
-534
-533
-553
-573
-588
-623
-675
-709
-706
-695
-704
-714
-703
-683
-677
-687
-704
-732
-766
-785
-784
-785
-805
-840
-873
-895
-911
-929
-945
-948
-937
-922
-917
-932
-967
-1021
-1080
-1136
-1183
-1219
-1230
-1221
-1221
-1249
-1274
-1248
-1158
-1041
-915
-769
-612
-506
-501
-594
-777
-1049
-1341
-1520
-1518
-1389
-1193
-917
-561
-221
-9
57
15
-128
-355
-572
-674
-684
-692
-688
-590
-401
-221
-88
49
226
421
614
799
930
945
840
683
528
383
269
253
380
616
904
1195
1437
1588
1653
1661
1619
1529
1436
1381
1346
1298
1253
1251
1291
1337
1385
1459
1561
1657
1727
1777
1787
1721
1597
1468
1351
1227
1104
1020
989
995
1035
1095
1131
1104
1036
976
932
870
778
680
600
531
467
413
356
281
213
189
196
186
141
79
11
-61
-122
-161
-195
-247
-306
-343
-363
-402
-471
-538
-581
-610
-633
-640
-634
-637
-648
-652
-650
-659
-674
-677
-670
-674
-690
-699
-695
-699
-719
-736
-742
-751
-767
-765
-740
-726
-749
-787
-805
-807
-824
-863
-894
-898
-890
-892
-907
-928
-968
-1037
-1113
-1156
-1166
-1179
-1210
-1231
-1217
-1199
-1216
-1243
-1204
-1074
-909
-766
-639
-512
-437
-494
-699
-977
-1232
-1409
-1489
-1456
-1294
-1019
-683
-349
-73
103
142
40
-150
-347
-500
-614
-706
-747
-688
-525
-316
-120
58
249
469
700
902
1028
1055
991
864
701
532
397
341
400
578
838
1119
1373
1575
1714
1774
1760
1701
1633
1561
1466
1357
1272
1237
1244
1287
1374
1487
1590
1677
1764
1825
1807
1704
1574
1464
1362
1247
1132
1049
1000
983
1002
1043
1050
1001
937
894
846
763
670
595
528
455
397
360
310
226
143
103
90
56
-10
-83
-152
-216
-254
-259
-272
-320
-369
-386
-402
-460
-547
-619
-668
-708
-734
-734
-725
-735
-758
-757
-720
-679
-655
-645
-640
-641
-647
-665
-710
-774
-815
-815
-804
-802
-793
-758
-721
-714
-722
-719
-714
-747
-814
-870
-895
-919
-959
-993
-1005
-1010
-1026
-1040
-1047
-1068
-1116
-1165
-1185
-1199
-1253
-1336
-1382
-1344
-1234
-1077
-876
-651
-464
-373
-382
-487
-713
-1051
-1388
-1576
-1568
-1424
-1201
-901
-538
-187
68
197
201
79
-134
-353
-510
-606
-674
-698
-634
-471
-250
-12
220
444
658
858
1028
1139
1154
1064
899
708
543
445
436
525
706
963
1254
1527
1737
1861
1891
1843
1754
1657
1558
1454
1357
1289
1264
1292
1370
1472
1557
1616
1672
1740
1782
1754
1661
1549
1440
1326
1205
1098
1020
969
950
966
992
982
921
830
742
665
596
531
479
443
416
379
323
252
175
93
9
-68
-123
-161
-207
-266
-312
-329
-334
-349
-372
-398
-435
-489
-543
-587
-633
-698
-773
-825
-839
-826
-804
-773
-725
-665
-613
-586
-588
-612
-644
-680
-713
-728
-721
-713
-725
-748
-755
-746
-732
-714
-679
-638
-623
-650
-701
-757
-822
-900
-966
-994
-984
-959
-941
-941
-964
-1002
-1046
-1101
-1164
-1212
-1234
-1256
-1307
-1361
-1347
-1232
-1060
-882
-694
-495
-345
-317
-430
-654
-966
-1318
-1591
-1660
-1512
-1244
-936
-586
-196
144
321
300
129
-114
-349
-509
-580
-600
-591
-529
-384
-186
11
193
388
611
851
1093
1296
1383
1302
1089
844
635
490
444
533
746
1021
1302
1564
1772
1876
1871
1822
1789
1768
1728
1660
1573
1471
1373
1323
1343
1402
1457
1509
1589
1695
1772
1770
1691
1578
1467
1360
1240
1109
993
921
887
867
847
821
770
680
576
507
483
468
433
392
366
333
260
153
51
-28
-101
-179
-247
-301
-358
-432
-498
-515
-475
-414
-374
-366
-381
-426
-517
-642
-763
-852
-913
-945
-938
-891
-829
-779
-737
-683
-616
-563
-537
-532
-538
-556
-594
-649
-711
-763
-790
-799
-795
-767
-707
-635
-582
-548
-526
-534
-591
-678
-759
-828
-900
-958
-969
-958
-985
-1041
-1050
-1014
-1031
-1127
-1198
-1184
-1174
-1251
-1352
-1377
-1337
-1288
-1192
-976
-697
-504
-438
-430
-477
-666
-993
-1316
-1517
-1581
-1507
-1278
-937
-591
-304
-68
110
167
77
-85
-225
-334
-438
-508
-503
-435
-340
-220
-57
150
393
658
912
1117
1255
1321
1302
1189
1006
810
664
616
691
877
1116
1344
1534
1695
1822
1891
1899
1869
1815
1750
1688
1623
1531
1428
1369
1381
1432
1495
1579
1670
1718
1696
1630
1556
1476
1377
1272
1175
1082
1001
967
969
938
840
734
665
592
482
372
300
252
225
247
308
329
266
168
102
53
-37
-169
-293
-392
-476
-533
-548
-548
-551
-528
-469
-425
-424
-443
-473
-545
-657
-753
-803
-837
-880
-904
-879
-816
-741
-650
-555
-503
-506
-505
-477
-478
-533
-583
-594
-615
-668
-699
-677
-653
-661
-656
-589
-501
-461
-476
-507
-556
-644
-746
-813
-855
-910
-966
-983
-972
-980
-1018
-1061
-1100
-1152
-1223
-1289
-1319
-1325
-1356
-1415
-1418
-1290
-1067
-856
-693
-536
-396
-370
-529
-812
-1112
-1397
-1647
-1760
-1630
-1299
-914
-555
-213
89
273
302
197
1
-220
-385
-457
-477
-491
-475
-376
-207
-15
197
466
778
1068
1302
1480
1562
1502
1322
1093
871
708
677
794
985
1183
1393
1629
1827
1913
1909
1902
1919
1911
1860
1805
1755
1674
1563
1476
1436
1415
1400
1411
1454
1503
1537
1542
1512
1454
1390
1321
1233
1126
1030
970
920
836
705
558
423
305
210
147
119
137
203
278
304
270
215
161
84
-20
-129
-235
-354
-484
-589
-650
-684
-699
-667
-577
-471
-403
-380
-385
-421
-494
-588
-683
-775
-848
-882
-880
-858
-814
-733
-636
-562
-516
-465
-403
-371
-388
-416
-422
-432
-480
-547
-590
-607
-619
-619
-589
-545
-516
-501
-484
-471
-493
-559
-635
-687
-726
-785
-871
-959
-1028
-1081
-1135
-1189
-1227
-1243
-1251
-1265
-1278
-1289
-1324
-1404
-1480
-1462
-1311
-1087
-873
-688
-520
-417
-463
-675
-984
-1308
-1587
-1748
-1708
-1465
-1124
-783
-446
-93
204
338
297
162
-7
-189
-348
-435
-457
-455
-417
-280
-37
235
479
728
1024
1324
1544
1649
1642
1529
1324
1085
891
801
839
984
1182
1396
1618
1832
1983
2030
2005
1974
1957
1919
1848
1776
1713
1635
1548
1499
1495
1478
1426
1386
1393
1414
1412
1396
1386
1366
1304
1205
1100
1003
899
786
677
578
475
360
238
121
30
-17
-20
13
70
125
142
115
72
27
-47
-166
-306
-435
-547
-644
-709
-729
-716
-682
-621
-532
-450
-416
-424
-448
-484
-533
-576
-608
-661
-744
-801
-795
-758
-733
-699
-620
-518
-439
-372
-284
-207
-204
-256
-280
-268
-298
-395
-478
-490
-478
-497
-525
-515
-487
-491
-517
-516
-488
-479
-508
-550
-597
-669
-769
-874
-975
-1084
-1193
-1267
-1306
-1351
-1422
-1480
-1498
-1509
-1542
-1556
-1486
-1333
-1143
-941
-730
-556
-496
-569
-728
-952
-1256
-1584
-1792
-1790
-1625
-1385
-1089
-723
-333
-12
190
281
268
155
-13
-169
-292
-407
-504
-521
-421
-238
-19
239
551
897
1221
1479
1653
1733
1707
1584
1409
1234
1097
1030
1055
1158
1286
1408
1537
1687
1830
1926
1985
2039
2083
2076
2006
1908
1806
1686
1559
1474
1443
1411
1343
1279
1256
1242
1205
1175
1196
1241
1247
1200
1140
1070
958
797
623
452
269
91
-38
-109
-153
-182
-171
-110
-29
31
57
51
12
-51
-127
-222
-354
-517
-667
-762
-801
-804
-776
-713
-632
-559
-504
-466
-454
-477
-521
-546
-538
-533
-575
-648
-700
-710
-710
-717
-701
-628
-519
-411
-318
-229
-150
-100
-91
-109
-135
-162
-198
-251
-315
-374
-416
-452
-491
-521
-513
-470
-419
-370
-319
-292
-339
-458
-591
-711
-852
-1031
-1205
-1317
-1364
-1384
-1397
-1402
-1407
-1428
-1459
-1491
-1540
-1606
-1634
-1550
-1348
-1086
-840
-669
-609
-662
-812
-1049
-1348
-1641
-1819
-1811
-1626
-1339
-1014
-680
-355
-75
126
228
227
138
-3
-147
-256
-319
-349
-360
-318
-164
103
414
714
1020
1345
1634
1811
1857
1802
1669
1485
1315
1233
1244
1295
1364
1467
1588
1682
1748
1833
1943
2032
2084
2125
2148
2104
1980
1822
1684
1570
1469
1391
1343
1293
1218
1150
1118
1106
1093
1088
1100
1101
1059
985
900
791
635
448
271
120
-26
-167
-270
-315
-320
-310
-276
-206
-130
-94
-107
-130
-143
-177
-273
-420
-571
-693
-784
-840
-844
-803
-744
-679
-599
-514
-462
-456
-460
-436
-393
-370
-382
-422
-482
-554
-612
-627
-603
-562
-501
-399
-262
-139
-69
-34
1
36
46
27
1
-23
-66
-138
-210
-257
-299
-371
-452
-479
-436
-379
-364
-375
-370
-361
-404
-522
-671
-809
-944
-1095
-1240
-1337
-1401
-1485
-1592
-1662
-1666
-1659
-1700
-1758
-1754
-1659
-1515
-1341
-1122
-886
-718
-665
-701
-815
-1049
-1399
-1735
-1904
-1877
-1731
-1515
-1209
-820
-421
-91
151
308
363
317
215
107
2
-117
-241
-314
-281
-133
87
342
636
988
1377
1728
1969
2072
2062
1968
1812
1621
1453
1367
1379
1454
1544
1630
1723
1818
1887
1926
1974
2056
2130
2151
2127
2079
1987
1836
1673
1559
1480
1377
1240
1120
1046
984
918
878
874
865
827
796
791
762
667
537
429
337
205
5
-222
-415
-545
-613
-621
-575
-492
-401
-318
-244
-184
-159
-190
-270
-364
-450
-545
-670
-798
-875
-878
-827
-756
-684
-617
-555
-496
-444
-398
-354
-316
-292
-294
-316
-350
-394
-441
-467
-446
-385
-319
-258
-183
-88
-6
41
73
113
148
150
112
53
-13
-80
-157
-247
-335
-395
-420
-428
-431
-420
-392
-380
-414
-479
-548
-639
-788
-966
-1106
-1205
-1323
-1476
-1607
-1682
-1738
-1803
-1850
-1862
-1866
-1863
-1787
-1584
-1314
-1081
-903
-741
-617
-627
-819
-1129
-1459
-1745
-1931
-1951
-1785
-1497
-1169
-811
-398
26
337
454
422
343
267
178
61
-60
-146
-156
-69
107
328
559
810
1111
1454
1779
2021
2138
2127
2016
1862
1719
1602
1514
1487
1554
1680
1794
1872
1930
1968
1973
1961
1976
2019
2047
2032
1992
1936
1841
1709
1583
1476
1352
1198
1060
963
874
777
707
685
674
651
638
654
653
586
470
347
208
15
-213
-418
-583
-717
-798
-788
-703
-602
-518
-436
-355
-303
-309
-359
-423
-492
-571
-653
-730
-800
-858
-878
-839
-759
-679
-614
-538
-439
-343
-285
-262
-244
-222
-211
-218
-232
-257
-305
-353
-353
-304
-251
-210
-142
-29
85
158
210
267
306
291
247
216
185
101
-29
-146
-230
-313
-402
-455
-448
-406
-367
-345
-338
-356
-410
-508
-645
-810
-986
-1151
-1300
-1438
-1560
-1656
-1735
-1802
-1842
-1853
-1872
-1926
-1964
-1902
-1723
-1494
-1274
-1063
-858
-716
-712
-854
-1101
-1404
-1701
-1901
-1935
-1821
-1625
-1369
-1015
-570
-137
173
338
417
447
416
312
169
38
-52
-79
-21
124
318
531
780
1100
1468
1806
2046
2174
2208
2164
2063
1942
1833
1747
1698
1700
1751
1813
1854
1877
1904
1944
1996
2060
2121
2143
2101
2015
1922
1827
1712
1581
1448
1308
1147
984
854
761
682
612
580
590
605
592
552
498
419
304
169
30
-128
-322
-534
-714
-824
-862
-847
-800
-732
-652
-571
-507
-472
-465
-481
-517
-576
-649
-720
-783
-844
-891
-892
-833
-737
-640
-558
-485
-420
-364
-312
-256
-208
-182
-175
-172
-172
-194
-239
-276
-271
-220
-148
-67
21
107
181
253
332
396
404
363
322
306
270
169
29
-90
-174
-248
-314
-353
-376
-396
-390
-339
-282
-288
-365
-464
-569
-716
-905
-1081
-1222
-1367
-1524
-1633
-1679
-1737
-1853
-1967
-2016
-2030
-2059
-2049
-1911
-1667
-1425
-1227
-1029
-838
-753
-838
-1046
-1309
-1590
-1844
-1987
-1964
-1804
-1559
-1243
-849
-420
-37
239
392
439
417
378
339
275
174
80
59
131
273
457
676
934
1236
1576
1915
2180
2304
2291
2206
2106
2006
1908
1830
1797
1813
1866
1939
2007
2035
2020
2002
2017
2049
2057
2032
1995
1952
1887
1794
1692
1588
1464
1312
1149
990
832
689
587
516
441
366
332
336
319
263
217
206
164
29
-158
-330
-515
-761
-999
-1101
-1071
-1021
-985
-893
-730
-598
-570
-584
-565
-546
-594
-678
-720
-728
-768
-837
-866
-827
-760
-701
-638
-563
-488
-418
-341
-258
-193
-155
-122
-76
-30
-9
-20
-45
-62
-53
-14
33
64
87
130
207
298
381
442
476
476
447
406
355
271
143
10
-79
-127
-186
-276
-360
-400
-407
-411
-417
-419
-443
-523
-651
-789
-925
-1088
-1277
-1442
-1539
-1591
-1647
-1728
-1824
-1921
-2016
-2107
-2193
-2249
-2225
-2078
-1820
-1509
-1199
-923
-727
-668
-768
-985
-1271
-1583
-1844
-1950
-1858
-1627
-1328
-977
-580
-193
119
343
504
605
634
608
568
519
439
350
309
350
463
647
917
1258
1612
1928
2176
2336
2396
2362
2263
2141
2039
1997
2023
2079
2110
2105
2081
2042
1978
1914
1895
1920
1945
1954
1970
1989
1956
1832
1655
1497
1372
1234
1062
887
741
615
495
394
321
262
196
133
98
81
38
-56
-177
-293
-406
-545
-715
-881
-1003
-1061
-1069
-1052
-1033
-1011
-974
-928
-887
-851
-812
-772
-743
-718
-682
-651
-660
-710
-743
-722
-680
-656
-628
-557
-463
-389
-320
-217
-99
-26
2
40
105
152
152
134
132
140
148
180
246
313
362
415
485
548
582
595
595
567
511
453
400
323
209
104
41
-10
-90
-174
-215
-230
-276
-352
-407
-439
-499
-613
-744
-860
-988
-1146
-1289
-1374
-1432
-1523
-1638
-1723
-1775
-1861
-2015
-2182
-2296
-2354
-2359
-2274
-2068
-1787
-1500
-1224
-957
-765
-751
-920
-1164
-1395
-1606
-1775
-1824
-1712
-1481
-1180
-803
-379
-8
242
417
587
718
741
679
627
609
579
551
585
685
803
955
1209
1548
1860
2072
2223
2356
2439
2430
2361
2296
2248
2211
2201
2216
2202
2130
2045
2000
1984
1959
1926
1904
1883
1840
1784
1737
1682
1585
1463
1356
1252
1105
915
734
585
443
290
151
48
-33
-110
-172
-204
-224
-252
-291
-350
-458
-625
-809
-960
-1070
-1152
-1202
-1206
-1193
-1199
-1208
-1171
-1098
-1038
-986
-888
-746
-650
-651
-694
-711
-717
-745
-751
-678
-572
-513
-482
-398
-273
-191
-158
-89
42
154
195
221
288
357
373
369
398
435
435
425
453
502
532
553
600
660
699
707
699
676
634
585
539
473
372
266
184
92
-41
-166
-225
-248
-303
-383
-433
-459
-520
-640
-772
-881
-989
-1116
-1248
-1376
-1522
-1689
-1831
-1919
-1974
-2034
-2113
-2209
-2305
-2378
-2414
-2417
-2366
-2204
-1898
-1516
-1181
-967
-870
-889
-1049
-1320
-1588
-1758
-1823
-1799
-1648
-1346
-957
-584
-253
71
378
605
728
790
818
783
685
598
593
652
720
810
982
1244
1536
1815
2083
2324
2481
2531
2514
2477
2421
2342
2279
2271
2303
2322
2303
2257
2191
2108
2036
1998
1984
1964
1923
1851
1739
1609
1502
1425
1336
1216
1106
1035
945
758
503
274
104
-51
-190
-271
-310
-372
-461
-508
-497
-506
-583
-675
-731
-801
-946
-1128
-1270
-1375
-1470
-1521
-1479
-1379
-1290
-1209
-1086
-939
-845
-822
-807
-764
-730
-733
-728
-678
-615
-582
-563
-518
-449
-383
-315
-219
-92
43
164
266
349
411
459
500
532
552
573
608
643
660
671
695
731
755
762
773
805
840
854
842
813
766
699
617
522
407
271
139
37
-39
-112
-190
-265
-334
-400
-448
-476
-518
-620
-773
-927
-1059
-1205
-1392
-1582
-1717
-1791
-1841
-1892
-1952
-2036
-2159
-2297
-2422
-2531
-2634
-2711
-2707
-2566
-2274
-1875
-1451
-1092
-848
-729
-739
-901
-1205
-1553
-1808
-1896
-1819
-1598
-1257
-845
-422
-16
362
677
884
986
1037
1066
1054
991
913
861
843
872
990
1211
1491
1786
2086
2387
2640
2787
2816
2768
2680
2573
2471
2403
2374
2358
2329
2275
2195
2098
2000
1911
1840
1804
1810
1821
1783
1685
1566
1456
1338
1183
1006
840
687
518
326
130
-56
-227
-365
-462
-531
-591
-637
-652
-644
-644
-677
-749
-860
-999
-1139
-1254
-1350
-1442
-1514
-1536
-1512
-1478
-1446
-1389
-1297
-1185
-1066
-933
-797
-696
-654
-642
-625
-604
-594
-581
-536
-467
-396
-319
-219
-100
10
108
216
343
462
536
566
584
615
658
704
742
773
802
829
847
862
883
902
901
886
891
925
946
913
846
792
748
661
520
374
251
124
-17
-128
-185
-238
-334
-433
-470
-466
-507
-613
-727
-824
-951
-1130
-1311
-1457
-1605
-1786
-1953
-2036
-2044
-2046
-2080
-2130
-2179
-2246
-2353
-2499
-2661
-2781
-2780
-2616
-2311
-1915
-1483
-1090
-815
-688
-685
-796
-1037
-1360
-1602
-1636
-1503
-1318
-1086
-736
-295
112
441
752
1045
1223
1255
1242
1262
1241
1114
976
970
1075
1185
1317
1573
1938
2272
2504
2690
2853
2908
2797
2610
2477
2411
2341
2263
2226
2227
2203
2114
1990
1878
1791
1721
1664
1625
1594
1540
1429
1263
1081
921
788
658
532
427
331
195
0
-213
-400
-564
-718
-842
-906
-925
-940
-964
-972
-958
-951
-978
-1035
-1115
-1225
-1351
-1456
-1518
-1564
-1612
-1626
-1557
-1414
-1263
-1132
-991
-816
-645
-533
-479
-448
-428
-426
-428
-399
-338
-282
-237
-170
-62
63
180
293
418
549
668
767
838
865
854
848
870
898
909
929
976
1023
1032
1017
1008
999
960
906
875
867
833
762
695
652
596
494
370
256
151
40
-70
-172
-273
-385
-487
-564
-631
-717
-807
-862
-892
-955
-1087
-1256
-1406
-1523
-1641
-1780
-1919
-2018
-2076
-2122
-2176
-2226
-2260
-2293
-2349
-2426
-2505
-2587
-2675
-2728
-2660
-2430
-2090
-1713
-1315
-889
-508
-306
-338
-518
-732
-948
-1169
-1313
-1271
-1032
-690
-312
104
537
902
1153
1347
1524
1626
1603
1531
1512
1525
1476
1372
1326
1403
1556
1742
1982
2276
2546
2731
2855
2933
2904
2734
2510
2350
2268
2192
2079
1961
1875
1814
1745
1650
1527
1396
1294
1240
1201
1126
1008
871
733
605
486
359
203
35
-105
-219
-358
-553
-765
-937
-1065
-1172
-1252
-1289
-1295
-1285
-1237
-1144
-1067
-1066
-1120
-1172
-1221
-1309
-1423
-1502
-1525
-1529
-1523
-1460
-1317
-1153
-1014
-869
-677
-474
-329
-255
-209
-167
-135
-117
-96
-63
-28
11
81
196
327
436
530
648
804
957
1058
1098
1114
1138
1159
1153
1123
1096
1092
1104
1115
1108
1078
1036
1000
974
944
894
822
743
669
609
557
496
410
308
212
121
8
-140
-289
-403
-488
-574
-657
-712
-748
-800
-883
-965
-1029
-1108
-1241
-1408
-1553
-1655
-1754
-1878
-2006
-2104
-2174
-2231
-2265
-2267
-2271
-2317
-2385
-2412
-2402
-2435
-2541
-2626
-2569
-2363
-2079
-1745
-1343
-905
-521
-260
-138
-165
-349
-626
-860
-941
-873
-723
-513
-219
161
573
941
1215
1401
1552
1700
1819
1866
1842
1779
1694
1595
1521
1523
1606
1732
1895
2126
2414
2665
2797
2815
2769
2667
2509
2334
2197
2100
2005
1892
1778
1670
1545
1387
1218
1078
995
965
964
949
880
747
577
411
269
139
-2
-153
-285
-391
-507
-674
-877
-1060
-1187
-1266
-1315
-1327
-1292
-1227
-1160
-1106
-1068
-1067
-1121
-1224
-1346
-1453
-1519
-1530
-1490
-1407
-1289
-1148
-1009
-891
-789
-680
-561
-449
-345
-229
-102
-11
16
18
56
132
211
281
364
472
579
660
719
777
847
933
1028
1118
1190
1246
1292
1313
1294
1256
1229
1209
1166
1099
1044
1022
1008
978
935
892
837
761
681
616
554
464
354
258
186
101
-23
-169
-294
-380
-443
-502
-558
-609
-670
-745
-818
-888
-976
-1091
-1190
-1230
-1236
-1276
-1371
-1480
-1572
-1675
-1809
-1947
-2054
-2143
-2227
-2277
-2268
-2240
-2245
-2271
-2268
-2237
-2230
-2276
-2343
-2366
-2289
-2091
-1790
-1437
-1069
-687
-304
-2
115
33
-161
-366
-526
-619
-629
-555
-392
-124
251
677
1064
1364
1601
1810
1974
2039
1985
1850
1706
1607
1563
1549
1550
1590
1707
1902
2131
2346
2520
2641
2696
2672
2561
2381
2170
1972
1821
1718
1645
1571
1479
1372
1258
1138
1008
876
755
654
565
480
387
282
165
52
-37
-109
-205
-350
-524
-697
-865
-1027
-1163
-1261
-1335
-1393
-1407
-1358
-1269
-1185
-1112
-1033
-962
-946
-1006
-1113
-1238
-1358
-1428
-1399
-1276
-1114
-951
-791
-632
-484
-357
-253
-171
-102
-36
34
96
136
162
197
257
349
482
635
762
841
908
986
1038
1032
1012
1035
1095
1148
1193
1250
1299
1304
1277
1264
1251
1179
1058
971
950
934
878
821
793
763
695
612
541
458
339
219
143
88
-8
-155
-293
-388
-467
-552
-628
-678
-716
-756
-788
-808
-849
-943
-1068
-1168
-1227
-1277
-1336
-1386
-1417
-1456
-1527
-1606
-1665
-1721
-1806
-1909
-1987
-2033
-2080
-2144
-2198
-2218
-2213
-2198
-2172
-2148
-2165
-2231
-2290
-2260
-2115
-1887
-1597
-1241
-819
-384
-17
206
251
136
-65
-258
-393
-477
-522
-481
-282
74
489
870
1198
1496
1754
1942
2047
2074
2025
1910
1785
1710
1671
1605
1511
1474
1560
1742
1952
2153
2330
2451
2491
2455
2358
2199
1989
1788
1649
1556
1458
1341
1227
1110
959
792
664
591
521
427
346
301
251
154
46
-27
-89
-198
-341
-464
-578
-739
-946
-1118
-1209
-1262
-1317
-1345
-1314
-1254
-1190
-1088
-934
-796
-742
-760
-804
-875
-998
-1143
-1232
-1222
-1135
-1003
-834
-647
-471
-314
-169
-41
73
194
309
374
383
384
397
387
352
363
465
604
706
786
896
1003
1039
1039
1102
1217
1281
1270
1265
1295
1290
1211
1120
1075
1042
975
907
886
876
822
751
727
735
699
602
511
456
393
285
166
82
6
-121
-287
-411
-467
-516
-602
-675
-671
-626
-622
-675
-739
-801
-903
-1042
-1154
-1203
-1237
-1301
-1356
-1351
-1319
-1335
-1404
-1461
-1483
-1508
-1566
-1640
-1710
-1786
-1883
-1976
-2025
-2029
-2019
-2007
-1979
-1930
-1900
-1925
-1998
-2081
-2146
-2156
-2057
-1800
-1407
-958
-520
-113
231
434
434
255
-12
-282
-496
-606
-593
-462
-211
164
618
1052
1384
1607
1760
1859
1895
1868
1799
1707
1606
1521
1465
1428
1406
1433
1543
1719
1917
2101
2251
2341
2354
2286
2135
1923
1710
1554
1455
1367
1260
1152
1057
953
818
672
553
471
418
392
380
342
258
151
49
-48
-146
-249
-368
-504
-635
-743
-842
-956
-1075
-1157
-1179
-1153
-1089
-987
-867
-772
-708
-643
-579
-575
-657
-775
-865
-917
-939
-917
-834
-698
-529
-341
-154
6
123
215
311
409
484
526
536
522
500
498
526
566
612
681
780
884
962
1009
1043
1078
1113
1152
1197
1236
1246
1218
1175
1133
1082
998
889
794
741
723
711
682
630
566
512
488
478
439
346
225
114
14
-103
-240
-369
-468
-540
-581
-585
-575
-591
-643
-693
-712
-723
-765
-830
-876
-898
-932
-998
-1063
-1109
-1165
-1254
-1328
-1339
-1316
-1321
-1352
-1347
-1303
-1291
-1338
-1381
-1384
-1411
-1513
-1615
-1635
-1618
-1654
-1726
-1762
-1776
-1839
-1931
-1952
-1888
-1838
-1854
-1853
-1757
-1603
-1440
-1227
-911
-529
-154
180
437
538
436
194
-68
-280
-433
-506
-444
-221
123
518
907
1253
1528
1733
1885
1985
2006
1926
1763
1582
1443
1350
1271
1215
1241
1378
1575
1763
1923
2063
2164
2196
2158
2059
1890
1652
1402
1227
1145
1093
1015
920
840
770
691
594
491
394
317
271
247
210
126
-6
-144
-239
-292
-346
-426
-512
-587
-667
-773
-897
-1009
-1089
-1117
-1071
-951
-812
-711
-645
-576
-508
-487
-510
-526
-519
-519
-537
-551
-551
-550
-526
-431
-259
-68
101
273
466
627
694
681
642
601
559
546
592
674
742
787
842
918
984
1021
1047
1079
1105
1115
1122
1133
1123
1074
1016
989
977
927
835
747
685
627
569
535
513
459
367
295
269
229
127
9
-51
-82
-162
-284
-385
-458
-541
-622
-655
-654
-674
-719
-739
-730
-750
-818
-870
-860
-826
-821
-842
-882
-961
-1066
-1135
-1143
-1131
-1139
-1145
-1125
-1095
-1089
-1108
-1129
-1140
-1141
-1127
-1093
-1072
-1105
-1198
-1309
-1397
-1457
-1507
-1560
-1596
-1583
-1523
-1465
-1436
-1428
-1436
-1487
-1570
-1623
-1600
-1507
-1341
-1059
-648
-185
223
520
689
685
474
127
-210
-443
-560
-551
-392
-102
250
614
973
1295
1530
1670
1753
1801
1778
1654
1464
1275
1118
996
938
981
1121
1313
1526
1750
1954
2072
2069
1973
1823
1628
1394
1174
1031
965
920
868
833
823
789
698
579
480
407
347
307
289
258
172
36
-108
-228
-322
-391
-432
-452
-478
-530
-607
-699
-796
-876
-919
-909
-844
-735
-619
-530
-475
-434
-399
-380
-383
-405
-443
-482
-498
-482
-448
-398
-307
-156
31
209
356
471
544
560
542
533
538
538
543
576
628
667
696
745
814
877
922
957
985
999
997
982
955
919
891
880
865
820
761
715
671
602
524
464
408
335
271
241
222
171
94
32
-4
-44
-110
-194
-282
-376
-467
-534
-577
-619
-662
-684
-676
-657
-652
-669
-707
-741
-744
-732
-746
-804
-873
-916
-924
-915
-908
-916
-934
-931
-893
-855
-869
-932
-981
-978
-950
-928
-907
-887
-893
-923
-938
-942
-984
-1063
-1102
-1063
-1016
-1046
-1140
-1228
-1295
-1370
-1432
-1434
-1392
-1373
-1395
-1415
-1428
-1466
-1507
-1449
-1222
-856
-424
34
463
753
812
653
365
13
-357
-651
-756
-645
-387
-45
361
784
1126
1350
1513
1652
1706
1633
1492
1363
1237
1073
906
813
799
819
894
1091
1386
1657
1832
1941
2002
1960
1792
1552
1307
1085
904
805
798
824
808
742
663
589
510
428
364
330
332
363
378
327
204
52
-84
-184
-242
-272
-307
-372
-464
-569
-685
-807
-901
-919
-851
-725
-571
-405
-262
-188
-186
-222
-274
-352
-441
-505
-527
-525
-509
-458
-362
-241
-124
-3
144
308
448
533
577
599
597
563
512
472
449
433
431
471
562
671
755
806
844
870
877
869
863
854
829
800
785
775
737
663
572
493
442
410
383
339
283
243
238
240
206
134
64
20
-14
-56
-107
-173
-261
-356
-428
-473
-516
-575
-626
-641
-622
-602
-599
-599
-589
-582
-595
-617
-630
-641
-665
-696
-707
-695
-690
-709
-732
-736
-733
-739
-738
-715
-697
-711
-726
-699
-655
-649
-681
-701
-694
-694
-717
-739
-748
-772
-822
-862
-876
-912
-1008
-1123
-1187
-1185
-1165
-1162
-1163
-1149
-1132
-1147
-1209
-1300
-1388
-1447
-1416
-1214
-824
-358
49
364
621
789
763
504
118
-255
-553
-743
-750
-551
-252
51
392
825
1252
1510
1576
1566
1554
1498
1369
1208
1052
881
708
623
683
822
956
1103
1320
1584
1795
1889
1870
1761
1574
1340
1129
994
914
829
736
688
690
675
592
484
421
408
401
391
400
398
321
181
72
28
-28
-146
-251
-269
-250
-292
-394
-491
-572
-675
-781
-811
-743
-642
-549
-425
-250
-96
-47
-88
-156
-231
-338
-459
-531
-524
-466
-389
-282
-140
-6
78
132
208
313
404
454
478
483
456
397
341
312
306
318
372
481
603
683
707
709
713
707
691
681
689
698
690
670
640
581
484
383
325
315
318
308
297
294
285
252
208
172
139
98
61
44
25
-27
-107
-182
-243
-302
-362
-408
-434
-443
-435
-411
-392
-407
-448
-472
-472
-479
-507
-536
-554
-570
-588
-595
-596
-610
-631
-632
-605
-579
-576
-588
-587
-566
-550
-558
-587
-614
-614
-594
-583
-595
-601
-582
-565
-572
-589
-612
-673
-762
-819
-825
-845
-927
-1017
-1044
-1033
-1060
-1117
-1136
-1116
-1116
-1134
-1130
-1150
-1279
-1477
-1586
-1529
-1353
-1088
-698
-198
284
637
847
900
723
313
-162
-510
-698
-784
-755
-553
-208
185
579
972
1310
1507
1562
1569
1571
1502
1301
1030
802
660
585
576
649
795
979
1197
1457
1711
1865
1863
1746
1583
1401
1194
988
835
760
746
763
785
775
704
587
480
414
374
336
302
279
255
202
115
13
-76
-134
-160
-170
-194
-261
-378
-524
-672
-800
-890
-924
-876
-734
-537
-356
-235
-161
-120
-129
-197
-298
-396
-481
-547
-565
-514
-420
-328
-236
-114
27
139
211
273
334
364
354
327
298
264
232
227
262
327
413
512
607
667
682
675
660
632
600
593
612
631
640
651
657
634
587
555
550
542
511
474
452
422
359
287
240
213
179
142
121
103
64
15
-13
-28
-65
-129
-184
-212
-238
-288
-342
-375
-395
-416
-432
-434
-438
-468
-511
-533
-530
-533
-554
-569
-555
-527
-517
-531
-554
-576
-600
-624
-634
-629
-626
-639
-651
-632
-585
-549
-539
-530
-501
-474
-478
-505
-533
-563
-609
-654
-668
-660
-674
-717
-750
-757
-776
-828
-887
-938
-992
-1051
-1083
-1076
-1063
-1065
-1063
-1037
-1021
-1057
-1144
-1244
-1323
-1342
-1231
-959
-577
-168
226
564
766
758
547
206
-169
-483
-656
-657
-516
-285
9
349
683
946
1120
1233
1306
1346
1353
1310
1190
1015
855
759
720
721
772
892
1068
1271
1468
1621
1688
1667
1596
1498
1344
1121
891
731
653
632
654
693
696
638
557
493
423
323
227
194
215
221
174
92
-8
-124
-228
-271
-259
-254
-295
-363
-436
-523
-629
-722
-754
-706
-595
-461
-341
-270
-266
-315
-384
-437
-459
-456
-446
-436
-412
-373
-340
-317
-270
-172
-41
85
193
283
334
328
288
265
269
274
271
295
357
421
455
482
533
598
643
666
687
700
685
656
660
707
756
777
793
821
830
777
677
586
528
487
455
446
446
414
343
279
247
217
158
96
75
79
51
-20
-105
-190
-282
-360
-386
-368
-354
-364
-372
-365
-373
-416
-473
-520
-566
-612
-634
-625
-626
-657
-686
-685
-669
-662
-659
-656
-670
-706
-719
-677
-616
-582
-564
-516
-447
-409
-414
-435
-463
-503
-527
-504
-458
-446
-482
-518
-523
-516
-526
-540
-536
-511
-478
-447
-440
-480
-557
-640
-718
-798
-877
-945
-1001
-1033
-1015
-953
-895
-879
-892
-919
-990
-1134
-1286
-1327
-1211
-971
-620
-152
349
734
927
949
805
467
2
-409
-635
-708
-700
-586
-313
57
405
710
1007
1268
1424
1488
1523
1514
1379
1119
857
688
594
519
488
562
734
950
1173
1385
1541
1589
1533
1423
1293
1132
939
770
696
724
784
798
750
659
534
379
228
126
86
83
103
151
203
199
113
1
-68
-90
-103
-117
-127
-152
-236
-381
-543
-682
-787
-842
-815
-694
-518
-346
-202
-87
-8
18
-5
-49
-92
-133
-183
-236
-273
-283
-272
-241
-181
-85
33
154
275
399
510
584
620
635
638
622
579
516
449
391
359
367
411
478
557
643
725
787
819
820
789
741
710
710
712
684
624
559
493
414
325
257
222
202
194
208
229
211
141
67
23
-4
-43
-84
-108
-123
-157
-211
-270
-328
-390
-446
-479
-494
-513
-542
-565
-573
-569
-558
-544
-531
-511
-486
-477
-505
-557
-601
-623
-640
-663
-671
-652
-618
-582
-527
-449
-381
-351
-330
-284
-231
-218
-242
-256
-244
-235
-247
-262
-265
-278
-317
-355
-356
-333
-324
-337
-337
-305
-269
-260
-274
-293
-326
-398
-492
-563
-603
-671
-796
-913
-952
-936
-933
-954
-956
-938
-945
-992
-1044
-1105
-1225
-1367
-1379
-1165
-803
-424
-50
339
675
831
757
490
89
-378
-772
-943
-874
-689
-482
-226
116
484
779
971
1102
1210
1304
1369
1371
1262
1027
727
477
363
381
469
595
778
1033
1311
1520
1599
1570
1480
1356
1213
1085
973
847
708
627
645
705
712
654
583
520
443
352
284
247
207
167
171
210
206
126
21
-49
-88
-118
-147
-192
-290
-449
-619
-747
-833
-877
-841
-695
-479
-260
-78
39
51
-42
-167
-260
-327
-394
-439
-423
-365
-314
-275
-211
-123
-44
37
169
342
474
525
536
546
532
477
425
422
447
452
447
474
521
533
510
514
577
660
717
759
807
841
836
817
822
829
784
684
586
524
461
361
255
196
180
171
162
163
161
126
75
57
74
72
12
-74
-138
-190
-270
-382
-483
-544
-573
-578
-558
-526
-522
-559
-602
-607
-583
-572
-582
-576
-540
-517
-544
-597
-637
-663
-693
-711
-688
-645
-630
-641
-622
-555
-493
-465
-428
-356
-297
-291
-299
-272
-233
-227
-232
-205
-170
-185
-239
-266
-255
-256
-276
-262
-201
-158
-164
-178
-179
-206
-276
-338
-353
-360
-406
-473
-519
-554
-609
-670
-710
-743
-801
-864
-893
-906
-948
-1021
-1090
-1136
-1179
-1237
-1311
-1382
-1412
-1336
-1106
-738
-310
101
443
664
713
567
247
-188
-627
-939
-1048
-978
-798
-549
-246
91
430
746
1017
1217
1338
1401
1421
1358
1169
890
617
426
340
363
489
684
904
1131
1354
1534
1615
1588
1493
1372
1232
1079
945
854
802
788
812
845
834
750
616
464
313
186
111
99
122
144
154
152
128
77
23
-9
-25
-54
-113
-208
-354
-556
-778
-959
-1052
-1043
-945
-777
-571
-373
-226
-141
-107
-112
-156
-229
-309
-376
-428
-475
-506
-496
-432
-327
-190
-22
155
295
376
426
481
534
563
577
601
637
663
674
681
689
681
669
688
748
807
826
817
812
820
828
839
868
918
970
1003
1007
973
883
738
570
422
312
223
145
91
72
73
67
52
53
72
79
57
20
-25
-103
-227
-366
-480
-574
-664
-733
-749
-730
-728
-755
-776
-770
-763
-773
-771
-731
-682
-657
-648
-634
-627
-650
-692
-712
-706
-707
-728
-739
-718
-678
-644
-600
-520
-410
-305
-217
-134
-53
3
20
16
10
-13
-69
-132
-157
-145
-130
-122
-90
-24
48
95
123
142
135
89
34
2
-25
-79
-153
-204
-225
-252
-304
-367
-429
-498
-572
-630
-671
-729
-823
-930
-1010
-1054
-1084
-1112
-1135
-1153
-1176
-1215
-1277
-1362
-1451
-1491
-1416
-1183
-807
-367
38
331
477
451
245
-109
-520
-871
-1071
-1080
-900
-583
-220
117
421
710
963
1136
1228
1274
1288
1247
1141
989
814
634
495
464
563
746
958
1186
1422
1620
1733
1758
1715
1604
1431
1234
1061
933
848
809
816
842
842
801
727
622
489
354
259
220
221
234
229
177
80
-23
-91
-124
-152
-189
-235
-302
-412
-569
-748
-923
-1064
-1115
-1036
-850
-636
-450
-301
-192
-148
-180
-263
-358
-446
-512
-532
-500
-446
-399
-345
-245
-94
76
240
389
511
581
596
573
541
511
495
509
566
656
759
860
951
1024
1065
1069
1044
1003
952
893
836
802
806
846
905
967
1023
1064
1075
1045
966
835
657
456
270
130
41
-17
-56
-73
-65
-39
-10
13
21
2
-53
-145
-269
-421
-593
-757
-879
-941
-955
-948
-931
-906
-876
-842
-806
-774
-754
-753
-758
-759
-759
-767
-784
-804
-819
-824
-815
-791
-760
-724
-677
-612
-543
-483
-424
-351
-266
-189
-121
-61
-17
-4
-10
-9
8
20
20
29
57
83
94
115
167
227
263
280
297
306
287
242
197
152
88
8
-55
-87
-112
-148
-175
-177
-182
-225
-308
-404
-493
-573
-650
-725
-813
-927
-1054
-1159
-1218
-1243
-1265
-1291
-1310
-1328
-1371
-1459
-1566
-1623
-1561
-1349
-999
-561
-120
234
441
482
349
49
-365
-773
-1044
-1111
-995
-753
-437
-90
252
573
867
1117
1295
1398
1445
1442
1364
1189
946
707
546
504
582
757
986
1231
1466
1670
1810
1853
1791
1650
1471
1294
1143
1027
948
908
907
928
938
905
815
680
529
388
278
208
165
128
80
16
-64
-159
-256
-334
-372
-374
-364
-377
-439
-563
-741
-941
-1112
-1204
-1195
-1099
-941
-752
-575
-450
-394
-394
-424
-465
-503
-519
-501
-458
-411
-364
-301
-215
-110
14
159
321
473
594
681
741
774
778
767
764
778
807
847
899
958
1009
1042
1061
1075
1082
1080
1068
1054
1043
1033
1021
1005
982
945
894
835
775
714
639
541
426
306
193
91
2
-75
-137
-178
-196
-198
-199
-217
-259
-321
-394
-475
-569
-680
-798
-903
-975
-1009
-1019
-1024
-1027
-1021
-1006
-984
-966
-955
-952
-947
-929
-888
-833
-787
-758
-736
-708
-678
-656
-641
-621
-588
-546
-497
-438
-373
-308
-240
-152
-37
85
189
266
323
360
364
333
287
246
212
182
169
183
221
264
309
362
421
463
474
464
448
414
346
254
160
74
-14
-103
-175
-221
-257
-298
-333
-349
-360
-390
-443
-506
-575
-664
-775
-883
-967
-1036
-1107
-1171
-1213
-1244
-1291
-1358
-1421
-1464
-1503
-1557
-1620
-1669
-1691
-1663
-1543
-1289
-912
-474
-46
321
579
666
546
254
-115
-464
-719
-826
-762
-550
-254
75
423
777
1101
1355
1540
1685
1791
1823
1750
1579
1346
1095
878
757
764
877
1052
1262
1499
1729
1886
1927
1859
1725
1557
1372
1190
1031
907
815
756
732
719
673
565
413
262
137
31
-65
-142
-192
-228
-269
-320
-375
-434
-492
-531
-533
-515
-530
-619
-773
-960
-1154
-1331
-1453
-1476
-1391
-1223
-1003
-760
-529
-361
-277
-251
-243
-240
-252
-273
-283
-278
-269
-255
-212
-124
2
156
348
575
800
972
1070
1105
1096
1057
1007
977
976
993
1013
1037
1064
1082
1078
1065
1065
1085
1104
1106
1083
1038
975
904
842
797
759
717
671
624
566
475
342
182
20
-131
-263
-370
-448
-504
-542
-558
-554
-542
-541
-553
-566
-588
-638
-732
-861
-1007
-1149
-1259
-1308
-1290
-1231
-1157
-1072
-976
-887
-829
-801
-782
-763
-750
-742
-722
-688
-659
-636
-604
-546
-473
-403
-330
-240
-141
-54
16
76
131
172
203
249
326
421
505
565
602
616
605
579
560
554
538
497
448
420
415
411
402
403
428
457
472
474
466
428
344
236
143
59
-52
-194
-322
-393
-416
-427
-436
-443
-464
-516
-578
-620
-661
-744
-872
-983
-1036
-1058
-1099
-1165
-1234
-1304
-1390
-1473
-1520
-1544
-1584
-1633
-1638
-1584
-1537
-1555
-1598
-1570
-1431
-1197
-881
-495
-96
226
431
534
534
381
75
-267
-500
-573
-516
-352
-81
262
617
953
1280
1573
1772
1861
1900
1932
1913
1774
1531
1271
1061
929
892
965
1120
1297
1460
1620
1772
1855
1816
1678
1510
1355
1206
1049
900
777
683
609
547
485
391
247
73
-84
-201
-294
-389
-480
-544
-572
-583
-594
-604
-609
-615
-628
-642
-669
-742
-887
-1084
-1284
-1445
-1553
-1594
-1540
-1382
-1155
-910
-677
-475
-331
-260
-241
-231
-212
-201
-208
-218
-211
-189
-149
-74
50
213
397
598
808
998
1135
1213
1247
1250
1230
1206
1193
1180
1156
1132
1128
1130
1113
1079
1058
1059
1067
1072
1082
1086
1055
988
920
868
807
714
612
530
450
343
216
93
-29
-163
-294
-390
-452
-518
-594
-649
-666
-671
-693
-719
-733
-745
-777
-831
-889
-943
-1001
-1066
-1127
-1171
-1201
-1228
-1247
-1237
-1189
-1115
-1031
-934
-809
-669
-550
-474
-422
-374
-341
-337
-344
-341
-336
-337
-322
-266
-181
-99
-13
111
277
446
583
695
787
845
860
847
821
769
687
599
533
492
461
438
435
463
519
583
630
645
636
613
576
512
425
333
234
120
-1
-103
-185
-265
-344
-399
-423
-444
-485
-534
-572
-609
-663
-727
-778
-815
-856
-907
-957
-1008
-1071
-1144
-1212
-1271
-1336
-1416
-1503
-1576
-1623
-1653
-1675
-1675
-1629
-1539
-1439
-1369
-1336
-1322
-1310
-1275
-1167
-948
-641
-305
31
359
627
745
677
485
258
49
-103
-151
-67
121
369
665
1001
1323
1562
1714
1829
1928
1985
1977
1905
1775
1595
1393
1223
1116
1071
1081
1160
1314
1506
1671
1754
1741
1640
1472
1262
1036
828
665
551
473
422
386
334
232
84
-70
-206
-332
-453
-551
-617
-679
-760
-836
-882
-906
-929
-931
-891
-838
-826
-859
-924
-1033
-1205
-1401
-1541
-1584
-1553
-1461
-1287
-1036
-773
-553
-374
-227
-130
-94
-81
-51
-16
-4
-9
5
51
120
211
334
487
656
835
1016
1177
1288
1345
1364
1363
1351
1336
1319
1300
1284
1279
1281
1275
1250
1216
1183
1146
1099
1049
1001
939
855
777
728
688
625
543
471
410
332
227
117
10
-117
-272
-424
-548
-653
-752
-827
-855
-853
-853
-857
-852
-844
-858
-893
-929
-966
-1025
-1105
-1176
-1220
-1251
-1275
-1269
-1219
-1148
-1077
-997
-889
-771
-675
-601
-528
-457
-409
-380
-343
-291
-240
-194
-132
-47
36
104
173
255
330
381
428
494
572
642
715
800
878
914
909
893
880
850
797
744
708
677
638
598
567
540
513
493
486
484
472
445
402
344
272
187
85
-39
-167
-269
-339
-391
-437
-475
-508
-550
-598
-637
-662
-695
-746
-797
-830
-861
-914
-980
-1031
-1071
-1123
-1184
-1231
-1268
-1326
-1403
-1455
-1460
-1451
-1466
-1487
-1476
-1436
-1403
-1380
-1340
-1286
-1258
-1265
-1260
-1203
-1103
-975
-786
-494
-128
236
539
763
883
865
720
516
324
170
80
102
266
527
816
1095
1362
1603
1794
1930
2025
2072
2043
1927
1756
1564
1369
1184
1040
974
998
1098
1241
1389
1511
1585
1593
1524
1384
1198
987
764
552
386
284
224
163
88
7
-78
-183
-305
-417
-512
-603
-697
-773
-822
-864
-915
-965
-989
-986
-970
-951
-933
-939
-992
-1088
-1192
-1278
-1343
-1378
-1361
-1269
-1111
-917
-715
-522
-351
-215
-118
-41
28
81
100
92
91
123
187
271
381
525
696
871
1037
1188
1305
1365
1370
1351
1328
1299
1266
1241
1235
1244
1258
1277
1296
1297
1266
1220
1177
1130
1057
959
854
755
663
584
533
508
485
449
397
330
234
101
-59
-229
-393
-542
-665
-761
-834
-883
-900
-886
-856
-825
-797
-775
-773
-803
-860
-932
-1017
-1113
-1200
-1252
-1263
-1245
-1202
-1129
-1029
-918
-807
-693
-588
-511
-467
-438
-413
-406
-412
-405
-364
-302
-230
-139
-18
109
211
294
383
471
525
543
556
576
594
611
649
713
773
811
837
859
860
828
779
733
685
634
598
586
577
554
528
518
510
483
441
394
337
255
156
59
-34
-133
-226
-289
-325
-353
-374
-380
-386
-417
-473
-530
-587
-658
-743
-815
-867
-924
-1000
-1064
-1096
-1117
-1158
-1209
-1239
-1245
-1247
-1249
-1244
-1241
-1266
-1321
-1373
-1403
-1426
-1462
-1496
-1497
-1464
-1422
-1386
-1354
-1322
-1279
-1191
-1015
-744
-424
-103
208
503
740
861
847
726
544
343
184
125
174
291
444
638
885
1155
1398
1590
1742
1865
1955
2000
1990
1906
1740
1520
1304
1136
1031
985
995
1055
1160
1286
1395
1443
1412
1308
1161
999
846
705
567
428
298
193
101
-5
-131
-250
-347
-432
-514
-582
-639
-710
-804
-894
-949
-979
-1003
-1012
-982
-925
-882
-877
-908
-975
-1084
-1208
-1302
-1344
-1340
-1287
-1175
-1012
-833
-662
-499
-345
-212
-103
-6
85
152
184
198
218
248
290
353
444
560
695
847
999
1129
1219
1272
1298
1302
1292
1282
1284
1288
1286
1284
1291
1298
1284
1245
1192
1135
1072
998
914
824
731
634
540
462
410
369
323
270
218
165
95
-7
-135
-279
-432
-585
-716
-811
-883
-942
-980
-981
-956
-930
-908
-888
-880
-901
-945
-991
-1031
-1076
-1124
-1154
-1151
-1125
-1093
-1055
-1003
-938
-866
-789
-708
-626
-543
-466
-401
-342
-275
-198
-126
-66
-3
72
143
195
240
294
349
385
409
451
510
569
631
712
800
863
893
910
916
892
836
772
719
668
614
574
559
550
529
512
512
519
517
504
475
421
344
255
154
38
-84
-186
-262
-320
-365
-385
-391
-415
-464
-501
-507
-516
-561
-623
-676
-728
-793
-856
-897
-930
-977
-1027
-1047
-1042
-1048
-1083
-1125
-1153
-1171
-1182
-1181
-1172
-1169
-1171
-1166
-1149
-1135
-1144
-1181
-1228
-1252
-1245
-1223
-1206
-1190
-1158
-1104
-1031
-917
-733
-475
-178
136
471
793
1024
1107
1068
954
781
567
377
278
282
353
479
672
907
1134
1333
1528
1720
1866
1944
1971
1946
1842
1652
1418
1192
999
853
785
806
887
977
1057
1129
1169
1150
1066
940
792
639
497
376
267
157
44
-63
-158
-243
-320
-392
-462
-532
-598
-662
-732
-819
-915
-996
-1039
-1036
-996
-939
-882
-832
-794
-783
-809
-862
-922
-977
-1017
-1022
-978
-894
-793
-684
-553
-399
-244
-104
29
162
280
369
433
482
514
527
541
577
634
701
780
879
988
1084
1155
1212
1256
1280
1285
1287
1291
1288
1271
1244
1215
1183
1144
1095
1041
985
926
856
769
665
552
443
346
268
216
192
177
149
99
33
-48
-149
-269
-395
-515
-629
-737
-829
-904
-970
-1028
-1065
-1067
-1041
-1001
-957
-919
-905
-919
-945
-964
-979
-1003
-1027
-1025
-992
-947
-905
-860
-813
-772
-732
-669
-576
-472
-379
-288
-181
-67
33
115
183
234
262
284
318
359
384
395
414
452
497
539
591
662
744
819
884
939
969
958
910
844
770
694
617
551
507
489
484
473
453
434
421
406
377
337
292
239
168
85
5
-76
-171
-269
-342
-378
-397
-421
-449
-473
-500
-539
-584
-625
-671
-730
-789
-822
-827
-831
-853
-883
-906
-920
-938
-961
-982
-997
-1018
-1049
-1075
-1081
-1080
-1093
-1112
-1110
-1078
-1048
-1047
-1063
-1068
-1067
-1079
-1097
-1092
-1069
-1057
-1050
-999
-879
-712
-515
-269
34
352
626
829
957
988
905
743
576
446
352
305
333
443
598
764
930
1099
1258
1394
1512
1620
1706
1739
1696
1587
1435
1265
1096
944
833
784
798
849
911
971
1015
1014
953
852
744
638
529
423
340
280
215
128
33
-60
-160
-268
-368
-441
-499
-561
-629
-691
-750
-814
-876
-910
-905
-872
-826
-771
-714
-674
-671
-703
-755
-813
-868
-905
-907
-863
-783
-686
-584
-479
-365
-247
-128
-8
117
241
347
424
474
509
532
542
551
578
628
694
771
858
947
1019
1067
1096
1117
1132
1140
1147
1157
1161
1151
1131
1102
1055
986
907
835
774
711
644
579
515
443
369
305
253
202
146
95
49
-3
-73
-151
-236
-334
-448
-561
-655
-736
-814
-872
-901
-910
-923
-933
-924
-899
-880
-876
-872
-867
-874
-898
-918
-924
-924
-925
-915
-879
-825
-769
-713
-655
-596
-539
-482
-418
-351
-285
-215
-131
-37
55
134
199
250
291
326
358
385
407
428
450
475
510
558
611
662
712
761
800
819
818
806
786
754
711
667
623
573
516
464
423
385
355
338
330
317
294
267
236
188
118
37
-44
-127
-212
-283
-330
-364
-400
-435
-461
-480
-503
-534
-572
-615
-665
-717
-764
-800
-826
-850
-874
-893
-899
-897
-900
-914
-927
-929
-926
-929
-935
-940
-956
-993
-1031
-1047
-1059
-1093
-1132
-1135
-1100
-1062
-1035
-993
-934
-894
-888
-877
-835
-782
-723
-607
-397
-139
98
309
514
690
784
790
752
692
605
515
474
488
511
520
551
636
752
872
1001
1151
1309
1441
1534
1586
1577
1486
1332
1165
1024
917
840
791
775
781
793
796
786
770
742
695
634
583
543
489
401
294
188
83
-26
-124
-190
-235
-288
-348
-393
-432
-496
-589
-675
-736
-785
-824
-829
-794
-744
-706
-674
-637
-613
-618
-641
-652
-652
-656
-660
-645
-607
-562
-518
-466
-394
-296
-175
-37
107
244
360
444
499
536
564
579
585
598
631
677
719
756
800
848
884
911
949
993
1022
1032
1042
1057
1056
1028
988
950
904
840
773
721
673
612
542
477
410
328
237
153
80
19
-31
-68
-103
-144
-192
-247
-316
-398
-484
-563
-634
-700
-755
-797
-839
-885
-919
-931
-934
-935
-922
-885
-843
-813
-793
-774
-763
-764
-766
-757
-748
-751
-751
-721
-663
-599
-534
-459
-376
-299
-223
-142
-63
-1
53
117
191
257
305
341
370
390
411
450
502
546
575
603
636
659
668
671
674
671
667
675
696
714
714
699
677
649
609
560
510
455
398
345
293
237
175
119
71
31
0
-20
-33
-48
-61
-75
-105
-166
-249
-330
-401
-475
-552
-614
-651
-677
-700
-710
-710
-720
-746
-764
-759
-749
-760
-786
-807
-821
-848
-887
-914
-919
-916
-916
-909
-886
-861
-848
-843
-837
-838
-861
-899
-924
-920
-907
-910
-915
-893
-846
-800
-767
-721
-641
-534
-400
-222
-4
207
368
494
617
711
725
667
599
554
509
457
429
443
469
493
550
665
796
899
994
1119
1247
1315
1317
1291
1252
1176
1066
963
887
823
758
722
730
748
743
722
710
693
646
571
492
420
351
279
213
156
101
42
-12
-51
-78
-107
-150
-206
-269
-341
-426
-519
-604
-670
-717
-747
-744
-704
-648
-602
-562
-519
-476
-448
-436
-432
-435
-449
-465
-465
-445
-421
-396
-351
-277
-188
-94
2
99
186
257
321
383
438
485
528
569
604
633
665
703
739
767
787
800
803
803
811
822
816
797
787
793
801
800
797
794
784
760
732
701
649
565
462
367
279
186
95
20
-40
-97
-147
-178
-193
-212
-241
-273
-301
-335
-385
-444
-502
-562
-629
-696
-750
-785
-806
-819
-819
-805
-787
-780
-780
-771
-749
-730
-721
-708
-677
-640
-608
-574
-529
-483
-450
-413
-353
-278
-224
-196
-165
-119
-82
-64
-42
-1
47
98
173
279
383
456
511
569
617
625
605
588
573
539
493
466
457
445
433
448
492
535
563
591
623
639
619
577
528
460
365
265
184
118
58
12
-10
-18
-28
-41
-49
-62
-100
-160
-220
-269
-321
-379
-432
-473
-507
-538
-560
-570
-580
-599
-616
-620
-620
-639
-680
-726
-767
-811
-864
-909
-924
-914
-899
-883
-856
-818
-788
-771
-760
-756
-779
-837
-898
-934
-958
-994
-1028
-1027
-991
-947
-907
-861
-802
-737
-652
-521
-347
-170
-14
142
305
438
499
502
489
476
457
439
438
446
446
446
472
522
564
591
641
745
874
982
1055
1108
1146
1157
1138
1102
1057
999
938
897
888
886
859
810
766
732
687
619
549
495
456
420
385
352
307
244
179
133
103
69
34
14
1
-32
-101
-191
-290
-395
-498
-577
-619
-635
-638
-619
-575
-525
-491
-468
-443
-417
-398
-378
-348
-324
-324
-339
-346
-343
-341
-337
-309
-250
-178
-100
-11
83
158
208
252
305
356
391
423
469
521
564
597
628
652
659
659
668
685
692
690
690
697
700
689
671
659
657
658
657
652
637
609
573
530
476
407
329
255
191
136
83
29
-24
-71
-112
-150
-191
-235
-277
-313
-342
-369
-399
-435
-474
-511
-539
-559
-576
-594
-609
-620
-627
-636
-651
-667
-680
-688
-692
-688
-674
-652
-622
-582
-534
-486
-443
-401
-352
-300
-255
-218
-182
-143
-107
-76
-47
-16
13
39
74
123
177
223
260
298
342
389
435
473
495
504
517
541
562
562
543
526
518
506
488
473
462
447
430
427
437
433
401
363
345
336
309
262
215
177
139
92
43
-10
-74
-139
-185
-211
-242
-290
-333
-350
-353
-365
-393
-424
-458
-495
-528
-553
-582
-634
-692
-725
-727
-729
-754
-780
-782
-769
-767
-777
-783
-784
-794
-814
-826
-827
-839
-875
-914
-932
-936
-948
-969
-977
-959
-923
-880
-833
-779
-725
-671
-610
-530
-433
-326
-212
-90
36
155
258
339
391
411
414
424
451
479
488
485
489
513
548
585
622
663
712
771
847
933
1002
1033
1033
1028
1033
1028
996
944
895
864
840
810
772
730
681
628
578
537
496
449
401
367
347
327
292
246
204
171
140
102
58
17
-21
-65
-121
-191
-266
-340
-401
-443
-465
-473
-473
-466
-452
-433
-410
-385
-360
-337
-318
-297
-273
-253
-244
-244
-243
-233
-218
-196
-163
-120
-72
-23
30
86
139
183
222
260
299
339
379
419
453
481
506
530
548
556
561
573
590
598
597
590
583
573
559
547
537
527
515
508
505
497
474
439
401
365
322
269
215
165
114
55
-2
-46
-83
-123
-166
-203
-233
-265
-301
-330
-344
-355
-378
-407
-433
-457
-489
-525
-553
-568
-580
-589
-590
-583
-581
-589
-593
-583
-560
-536
-512
-481
-447
-415
-385
-352
-313
-275
-238
-202
-164
-127
-92
-60
-31
-5
24
56
85
111
140
177
219
262
303
342
378
408
434
455
467
469
470
473
476
470
456
439
423
406
390
378
367
355
343
333
322
305
281
252
223
195
167
137
100
58
19
-13
-47
-93
-148
-201
-245
-284
-321
-356
-391
-422
-447
-469
-493
-523
-554
-578
-597
-611
-614
-607
-610
-637
-675
-701
-716
-738
-769
-790
-797
-808
-832
-847
-847
-854
-887
-918
-911
-877
-857
-863
-864
-845
-829
-828
-821
-792
-758
-735
-695
-609
-494
-396
-320
-225
-95
33
125
189
246
290
309
318
333
341
326
308
326
375
415
435
466
530
605
668
730
797
845
858
858
873
888
870
833
818
829
829
801
776
770
758
722
681
652
617
560
501
466
439
389
329
298
300
300
280
258
249
238
213
182
153
107
30
-61
-134
-187
-240
-297
-340
-361
-366
-360
-340
-312
-294
-288
-279
-254
-226
-217
-224
-233
-239
-247
-255
-251
-233
-214
-198
-174
-135
-92
-59
-34
-5
29
63
92
121
154
186
218
251
285
316
343
368
392
410
418
420
419
417
411
406
403
399
396
399
411
425
433
437
441
443
436
418
395
367
332
289
242
194
145
95
49
12
-15
-36
-58
-82
-107
-129
-148
-171
-203
-237
-263
-279
-294
-314
-337
-359
-382
-410
-435
-451
-458
-468
-485
-504
-514
-515
-517
-523
-525
-514
-489
-456
-417
-370
-321
-277
-244
-216
-187
-161
-144
-139
-137
-132
-120
-103
-79
-49
-18
15
51
93
138
181
218
250
275
294
306
314
319
325
334
345
358
373
388
399
401
393
383
371
355
332
308
286
261
229
198
178
168
159
148
141
137
121
86
46
12
-24
-76
-138
-193
-237
-284
-337
-378
-400
-416
-437
-453
-447
-432
-438
-470
-506
-529
-552
-590
-631
-659
-675
-696
-724
-750
-771
-795
-826
-855
-876
-891
-902
-906
-902
-897
-893
-886
-874
-861
-843
-812
-772
-742
-724
-692
-628
-544
-464
-390
-304
-204
-111
-36
28
84
121
138
162
206
251
273
277
292
323
355
385
428
487
546
596
645
695
732
743
745
755
768
772
770
778
798
812
814
812
811
803
781
753
725
690
644
598
567
543
511
470
433
410
398
392
389
385
374
355
328
288
230
161
93
34
-17
-61
-94
-118
-145
-179
-206
-215
-216
-224
-235
-234
-222
-217
-227
-240
-242
-240
-242
-243
-230
-205
-180
-161
-142
-124
-110
-105
-99
-91
-81
-73
-61
-42
-16
13
46
82
116
144
174
210
245
268
280
291
304
311
309
303
299
295
291
293
304
319
329
332
336
345
349
345
336
327
320
307
289
270
250
223
192
161
135
114
92
67
44
23
2
-23
-49
-73
-96
-119
-142
-164
-184
-203
-220
-238
-259
-280
-298
-309
-318
-329
-342
-355
-363
-368
-372
-374
-375
-377
-379
-375
-360
-335
-308
-286
-268
-247
-220
-191
-168
-155
-148
-140
-127
-111
-97
-84
-70
-53
-36
-14
16
54
90
116
135
154
177
200
217
226
231
233
240
253
268
276
278
279
283
290
296
301
302
298
285
267
251
235
214
185
154
129
113
100
86
69
49
30
13
-9
-39
-74
-110
-147
-188
-232
-268
-294
-322
-356
-387
-407
-422
-444
-466
-468
-452
-447
-470
-509
-540
-566
-602
-647
-684
-710
-737
-767
-784
-786
-795
-826
-859
-863
-844
-829
-824
-811
-785
-761
-745
-714
-653
-577
-509
-445
-370
-284
-210
-155
-111
-70
-37
-16
2
21
36
45
56
78
106
137
180
240
305
362
410
457
504
547
586
622
651
665
673
690
717
737
742
745
753
760
759
753
746
731
701
667
645
628
604
573
552
544
536
524
518
522
526
517
497
472
442
403
359
316
269
214
158
110
70
36
5
-20
-42
-62
-72
-70
-66
-72
-89
-102
-109
-118
-135
-150
-158
-161
-162
-154
-140
-129
-128
-129
-121
-114
-117
-125
-119
-97
-79
-74
-72
-65
-55
-46
-30
3
41
69
86
105
127
138
136
137
152
171
182
192
209
224
222
212
215
232
241
236
234
247
259
253
234
224
226
222
210
196
186
175
164
159
156
143
119
98
86
72
48
24
8
-5
-24
-44
-54
-62
-85
-117
-142
-153
-160
-173
-185
-194
-205
-219
-231
-240
-249
-257
-255
-243
-233
-229
-225
-214
-204
-204
-208
-207
-202
-201
-204
-201
-193
-185
-180
-172
-159
-145
-132
-113
-91
-73
-61
-47
-24
0
16
28
40
52
63
73
86
100
112
123
135
147
154
158
165
173
175
169
159
149
143
142
143
140
128
114
107
106
103
95
90
94
98
87
56
19
-13
-45
-82
-126
-167
-198
-221
-240
-255
-266
-273
-281
-287
-291
-294
-303
-323
-352
-379
-396
-406
-424
-460
-505
-534
-541
-545
-568
-602
-627
-639
-654
-680
-700
-709
-718
-739
-754
-744
-712
-677
-645
-602
-550
-498
-450
-394
-331
-279
-247
-225
-199
-167
-137
-114
-103
-105
-109
-101
-79
-61
-46
-15
41
100
137
163
203
253
289
311
343
393
438
463
486
521
555
570
573
587
612
626
621
607
591
573
560
560
564
552
527
511
518
531
535
534
540
553
558
553
542
521
486
446
415
394
371
342
311
279
242
202
169
148
132
112
96
88
80
63
42
30
28
19
-1
-18
-18
-10
-8
-15
-23
-31
-44
-58
-67
-73
-87
-105
-113
-106
-102
-110
-119
-110
-89
-74
-67
-57
-41
-28
-17
0
16
20
14
18
34
43
35
27
41
67
86
95
105
117
122
121
127
136
136
127
126
139
150
144
129
121
120
121
124
131
131
122
113
110
102
76
41
18
11
8
1
-6
-12
-21
-29
-31
-32
-43
-64
-78
-78
-80
-100
-132
-154
-161
-164
-169
-175
-176
-176
-173
-168
-165
-166
-168
-167
-163
-163
-170
-180
-189
-195
-195
-186
-173
-166
-164
-160
-151
-140
-132
-126
-116
-104
-94
-87
-79
-72
-68
-63
-53
-34
-9
12
27
35
40
45
52
56
54
50
47
44
36
22
10
10
20
31
34
35
42
48
46
35
27
30
35
31
16
-5
-23
-35
-42
-45
-54
-74
-101
-125
-143
-163
-187
-208
-214
-209
-207
-219
-240
-261
-272
-273
-269
-269
-278
-293
-312
-336
-364
-396
-431
-464
-488
-497
-499
-507
-529
-553
-565
-563
-557
-546
-517
-468
-419
-387
-364
-333
-295
-267
-250
-231
-204
-182
-177
-182
-180
-172
-170
-178
-185
-182
-169
-145
-110
-74
-43
-18
11
46
78
99
110
125
148
181
220
256
282
297
311
330
349
362
368
374
378
376
370
367
367
364
361
367
383
400
414
431
459
487
503
503
496
485
469
453
436
415
388
364
350
338
314
283
260
251
247
239
232
225
210
189
175
173
169
153
135
133
141
139
124
110
105
102
91
76
61
42
19
2
-6
-13
-29
-45
-45
-28
-13
-9
-9
-2
10
21
27
31
31
28
24
23
21
13
4
9
28
47
52
50
54
68
78
81
82
88
96
105
114
121
117
107
103
112
122
120
109
102
99
94
86
80
71
52
31
22
27
27
12
-4
-7
-3
-3
-8
-9
-9
-14
-25
-37
-51
-68
-81
-85
-85
-91
-101
-107
-110
-117
-124
-123
-121
-127
-137
-138
-131
-134
-151
-164
-164
-160
-163
-164
-155
-146
-149
-154
-144
-128
-128
-139
-140
-128
-125
-136
-143
-129
-110
-105
-111
-107
-94
-86
-86
-80
-63
-45
-38
-37
-33
-25
-20
-21
-21
-16
-5
2
0
-5
-7
-2
1
-6
-21
-30
-26
-10
4
0
-21
-40
-40
-24
-15
-24
-41
-51
-57
-70
-89
-101
-102
-102
-107
-111
-117
-128
-143
-149
-139
-129
-138
-167
-198
-218
-226
-226
-225
-224
-225
-224
-222
-225
-236
-252
-269
-284
-295
-302
-307
-321
-349
-374
-377
-362
-343
-329
-311
-284
-254
-230
-211
-191
-174
-163
-155
-147
-144
-151
-162
-165
-159
-156
-159
-160
-150
-136
-128
-122
-108
-85
-67
-60
-54
-39
-20
-8
-2
11
38
66
86
102
124
151
173
187
197
205
209
214
221
228
228
223
222
229
239
249
263
282
301
316
330
341
347
348
352
361
360
348
333
324
315
298
280
271
269
264
253
241
232
226
222
219
211
197
184
181
181
174
165
162
162
158
153
155
163
163
152
140
134
130
120
107
94
81
68
60
63
73
83
89
93
93
88
85
86
89
86
83
85
88
82
71
65
68
70
68
70
80
89
85
78
83
98
109
105
93
83
77
73
73
80
88
83
67
54
51
52
47
37
31
33
35
30
21
16
12
1
-11
-14
-10
-13
-32
-53
-63
-60
-50
-46
-50
-63
-79
-90
-92
-90
-89
-92
-93
-95
-95
-91
-88
-94
-107
-113
-112
-110
-116
-121
-121
-117
-114
-113
-114
-121
-128
-124
-108
-99
-110
-128
-134
-125
-116
-118
-124
-119
-99
-74
-63
-71
-85
-85
-67
-45
-37
-52
-79
-95
-85
-60
-48
-63
-81
-69
-33
-13
-30
-55
-52
-32
-32
-58
-72
-52
-19
-10
-28
-50
-58
-54
-47
-38
-29
-23
-18
-18
-34
-69
-102
-107
-92
-85
-93
-99
-96
-103
-122
-129
-112
-95
-106
-129
-131
-112
-103
-114
-133
-148
-157
-157
-151
-155
-177
-195
-191
-180
-189
-211
-219
-212
-216
-238
-247
-232
-213
-205
-191
-161
-137
-137
-146
-141
-129
-131
-142
-139
-121
-110
-117
-127
-126
-125
-129
-128
-114
-95
-89
-92
-92
-85
-80
-81
-80
-71
-61
-52
-41
-26
-10
6
26
50
67
70
70
79
96
108
108
104
103
104
109
119
135
151
161
168
177
189
199
204
207
211
214
215
215
218
218
213
213
225
239
242
234
234
245
249
237
221
215
211
199
188
186
186
179
175
181
187
180
168
171
185
187
175
170
180
186
175
158
150
149
147
146
147
149
146
142
145
150
147
138
133
136
136
128
119
114
112
107
100
99
105
108
107
110
120
128
123
109
103
107
113
105
85
64
61
79
102
107
92
73
65
63
60
54
54
57
57
54
50
44
30
16
13
20
27
27
20
13
10
12
12
2
-12
-22
-30
-45
-63
-70
-62
-51
-47
-47
-47
-52
-66
-75
-73
-67
-71
-82
-86
-83
-81
-85
-87
-81
-72
-72
-80
-85
-77
-67
-70
-86
-96
-88
-76
-80
-97
-105
-94
-78
-74
-78
-79
-76
-76
-74
-62
-43
-34
-40
-45
-35
-20
-21
-42
-60
-62
-57
-59
-62
-63
-67
-72
-66
-44
-28
-35
-45
-33
-5
5
-12
-32
-38
-41
-44
-38
-18
-1
0
-10
-21
-36
-53
-66
-67
-60
-57
-64
-82
-100
-104
-91
-77
-79
-88
-82
-68
-69
-89
-99
-87
-71
-75
-94
-109
-119
-136
-158
-168
-156
-136
-129
-138
-155
-168
-175
-174
-170
-168
-172
-179
-179
-168
-153
-145
-144
-142
-137
-133
-130
-127
-120
-113
-110
-113
-121
-128
-131
-130
-129
-126
-118
-110
-107
-103
-91
-78
-72
-74
-72
-63
-55
-54
-53
-44
-36
-36
-36
-27
-15
-9
-4
6
16
16
14
22
40
53
57
58
61
63
65
68
75
85
96
113
131
141
139
137
141
148
148
143
145
155
163
161
156
155
156
154
152
157
160
151
138
139
156
170
166
150
140
142
147
149
147
147
151
152
146
133
124
123
127
127
121
117
118
122
125
119
104
95
105
126
132
113
93
94
107
112
111
117
127
125
110
97
93
87
75
69
78
93
101
96
83
71
69
72
71
71
79
87
79
59
49
55
61
56
45
39
34
29
37
56
60
36
11
11
21
14
-2
-4
6
1
-22
-39
-34
-23
-22
-25
-15
-1
-5
-29
-47
-39
-16
-7
-28
-58
-70
-59
-45
-37
-33
-37
-59
-89
-95
-66
-35
-38
-65
-78
-66
-59
-72
-80
-58
-27
-34
-74
-97
-78
-50
-54
-76
-80
-63
-58
-72
-81
-69
-60
-75
-95
-87
-56
-32
-35
-58
-79
-81
-68
-62
-69
-76
-64
-45
-38
-48
-59
-65
-74
-80
-67
-46
-47
-72
-83
-61
-39
-51
-77
-76
-50
-35
-43
-46
-30
-16
-31
-62
-84
-94
-97
-86
-53
-19
-18
-53
-86
-90
-74
-70
-79
-82
-74
-67
-70
-78
-81
-82
-87
-95
-100
-98
-91
-84
-83
-90
-99
-109
-118
-123
-117
-106
-106
-118
-124
-113
-97
-97
-111
-122
-122
-115
-107
-99
-94
-92
-86
-78
-81
-96
-104
-99
-95
-101
-102
-89
-81
-91
-105
-102
-86
-81
-87
-83
-69
-65
-71
-68
-52
-42
-42
-40
-31
-28
-34
-39
-33
-21
-9
-3
-2
-3
-1
5
12
13
13
20
30
34
34
39
48
55
65
81
89
83
79
87
100
106
110
125
139
132
107
90
92
96
96
103
120
133
137
139
143
141
138
142
150
145
126
114
120
125
113
99
108
130
137
129
127
143
160
158
138
119
115
120
113
89
66
71
100
117
104
86
94
116
118
96
83
93
103
95
87
101
127
133
113
91
79
68
52
49
69
93
96
81
72
70
65
53
48
52
51
37
25
32
45
41
27
22
32
38
34
33
36
31
8
-13
-11
9
21
6
-20
-33
-27
-16
-16
-20
-11
9
16
-2
-23
-21
-9
-10
-23
-22
-5
-2
-26
-55
-64
-56
-46
-31
-8
5
-4
-19
-19
-10
-16
-34
-42
-28
-17
-29
-55
-66
-54
-34
-24
-29
-42
-50
-48
-42
-35
-28
-18
-11
-11
-16
-28
-48
-71
-79
-63
-42
-43
-67
-80
-61
-23
1
-6
-35
-62
-69
-59
-50
-56
-67
-59
-33
-21
-44
-82
-93
-67
-35
-26
-30
-23
-14
-25
-55
-72
-64
-54
-62
-76
-73
-62
-65
-72
-64
-51
-59
-82
-87
-72
-66
-74
-67
-42
-33
-65
-107
-113
-83
-58
-57
-72
-91
-103
-100
-88
-87
-98
-101
-93
-98
-117
-121
-93
-60
-56
-72
-80
-78
-81
-85
-74
-63
-77
-97
-93
-73
-71
-89
-97
-85
-75
-76
-75
-67
-62
-67
-68
-58
-52
-56
-59
-52
-46
-47
-42
-26
-12
-10
-17
-22
-25
-27
-26
-20
-12
-9
-10
-8
-4
0
4
14
28
38
38
37
45
61
72
69
57
45
33
21
24
49
76
80
69
69
87
97
89
76
77
85
88
85
86
90
90
87
91
103
117
123
113
89
70
70
86
99
101
99
97
94
94
102
116
122
120
121
132
135
121
95
74
62
60
69
85
95
96
98
106
110
100
89
91
102
103
95
93
94
78
49
38
59
83
82
64
54
55
55
60
75
83
63
35
31
44
44
32
37
62
79
74
66
65
57
35
24
32
33
14
0
6
20
26
30
31
16
-7
-13
5
23
27
33
49
49
19
-15
-20
-4
5
3
2
1
-2
-3
-5
-14
-21
-16
-8
-12
-16
-8
0
-9
-25
-25
-12
-13
-26
-24
-9
-11
-29
-25
6
20
0
-21
-26
-31
-38
-39
-38
-47
-47
-18
15
7
-38
-59
-30
0
-5
-22
-23
-24
-42
-52
-37
-23
-31
-43
-36
-21
-17
-25
-37
-52
-65
-62
-40
-22
-26
-38
-34
-20
-21
-37
-46
-37
-21
-17
-29
-46
-57
-60
-60
-61
-62
-63
-65
-66
-65
-70
-78
-75
-56
-45
-54
-63
-49
-23
-18
-34
-52
-59
-66
-74
-73
-67
-73
-84
-76
-51
-39
-49
-64
-78
-93
-100
-86
-66
-63
-77
-89
-94
-96
-91
-69
-45
-41
-57
-74
-82
-87
-79
-55
-43
-65
-87
-66
-29
-31
-63
-73
-50
-34
-45
-60
-60
-57
-68
-84
-89
-88
-83
-67
-42
-26
-26
-26
-24
-31
-41
-40
-26
-19
-26
-34
-32
-21
-14
-17
-22
-17
-6
0
-2
1
18
33
30
15
3
-1
-6
-3
21
48
49
36
50
79
70
26
6
35
63
55
40
53
68
48
18
24
52
54
35
42
75
89
74
69
86
91
66
43
49
64
61
49
58
84
98
92
82
78
73
62
52
56
68
74
68
60
62
70
73
63
54
62
82
94
91
89
91
78
45
21
28
51
58
46
42
59
82
96
100
95
76
52
48
60
67
63
64
74
74
52
23
14
27
45
55
56
48
38
36
46
54
46
31
23
23
19
11
11
26
44
48
33
9
-4
-2
13
42
72
79
55
20
1
-5
-15
-24
-10
21
28
-3
-30
-16
15
24
16
10
1
-20
-29
-2
38
49
27
2
-13
-23
-27
-9
21
29
9
-9
-11
-20
-39
-43
-23
-3
-7
-23
-31
-31
-32
-28
-5
16
4
-37
-60
-39
-3
-2
-36
-60
-46
-14
-3
-13
-10
17
42
40
21
2
-15
-31
-35
-20
-5
-13
-37
-49
-34
-13
-5
-13
-25
-32
-36
-38
-39
-38
-33
-33
-48
-68
-67
-42
-18
-18
-30
-31
-32
-52
-80
-78
-41
-12
-17
-31
-24
-9
-15
-41
-58
-53
-39
-30
-23
-18
-24
-40
-49
-38
-22
-20
-34
-47
-49
-47
-51
-56
-49
-31
-22
-31
-38
-25
-8
-14
-40
-55
-52
-57
-81
-96
-76
-46
-40
-52
-56
-52
-55
-61
-56
-46
-48
-56
-51
-32
-23
-36
-53
-54
-42
-33
-27
-16
0
5
-12
-45
-69
-63
-42
-35
-45
-50
-41
-31
-23
-11
-4
-16
-36
-31
1
21
2
-20
-7
20
19
-8
-21
-10
-4
-12
-15
0
17
21
16
14
17
15
4
-5
-5
-1
0
-1
6
26
43
43
37
47
64
58
27
10
29
58
61
38
15
6
9
17
24
24
19
24
43
58
49
31
31
54
67
53
34
34
43
43
35
43
66
69
34
-3
-2
24
36
26
28
48
55
34
15
22
35
28
18
39
85
109
86
46
27
31
38
33
21
15
20
30
36
41
49
55
50
39
31
24
15
9
18
33
27
-2
-18
7
54
76
63
41
33
32
22
1
-17
-18
-4
9
9
5
13
25
20
-3
-14
14
60
77
53
24
23
37
38
21
13
24
38
29
0
-26
-28
-6
20
32
25
11
1
-6
-21
-37
-33
-7
15
12
-2
-2
11
21
22
24
26
13
-14
-33
-31
-22
-20
-15
-2
1
-18
-35
-20
10
16
-3
-7
17
31
10
-17
-20
-16
-31
-49
-39
-15
-11
-26
-23
2
8
-20
-47
-43
-27
-27
-37
-34
-16
3
5
-5
-16
-17
-11
-9
-16
-22
-16
-10
-20
-32
-21
6
14
-9
-33
-37
-27
-15
2
13
7
-8
-13
-9
-19
-45
-51
-23
1
-11
-40
-50
-40
-33
-34
-34
-37
-48
-59
-57
-46
-38
-39
-47
-60
-68
-58
-34
-20
-27
-33
-27
-29
-46
-55
-45
-43
-65
-80
-60
-32
-36
-59
-59
-37
-32
-49
-49
-28
-19
-36
-49
-43
-37
-38
-34
-24
-29
-51
-59
-35
-8
-7
-15
-11
-11
-33
-49
-28
8
20
9
7
21
24
1
-29
-34
-15
3
1
-10
-13
-4
1
-10
-23
-16
8
18
6
-8
-6
1
5
12
17
10
-6
-14
-8
1
6
12
18
16
0
-15
-24
-33
-31
0
44
55
30
12
26
45
42
33
31
21
-4
-18
-2
20
19
11
29
55
47
8
-13
4
27
27
15
14
23
24
16
10
14
23
34
47
53
46
33
34
56
78
75
47
13
-5
3
32
67
85
71
43
30
42
65
82
90
83
57
30
27
46
56
44
28
22
20
14
13
20
30
41
57
75
76
57
39
35
32
22
22
39
51
43
38
57
86
98
90
80
74
64
52
49
54
56
52
52
57
57
50
44
43
45
51
60
66
60
43
33
38
46
44
34
30
34
38
39
51
67
58
23
2
27
66
69
41
29
47
61
48
30
29
30
17
10
25
36
18
-7
-9
5
8
-3
-13
-20
-26
-22
-7
-1
-18
-35
-22
4
4
-13
-4
30
41
13
-14
-14
-10
-25
-35
-13
16
12
-12
-10
20
34
15
-3
3
14
10
3
12
20
8
-5
4
22
13
-15
-20
2
8
-20
-42
-27
-5
-13
-32
-15
27
41
15
-5
9
28
19
-3
0
23
31
6
-26
-38
-28
-12
-2
3
13
25
19
-16
-53
-58
-37
-27
-39
-41
-15
4
-14
-40
-34
-11
-13
-38
-45
-23
-15
-39
-63
-55
-28
-13
-14
-17
-21
-29
-28
-7
16
20
5
-10
-17
-23
-34
-44
-44
-39
-43
-55
-56
-30
12
31
5
-38
-48
-20
7
5
-16
-34
-43
-48
-52
-54
-54
-42
-7
30
31
-9
-38
-11
51
80
51
3
-16
-4
12
20
31
49
60
51
36
29
25
10
-6
2
32
53
45
20
-1
-12
-20
-23
-12
8
23
23
11
-5
-16
-18
-13
-11
-12
-9
-5
-11
-29
-41
-29
2
26
22
-4
-21
-11
10
12
-3
-6
5
6
-17
-38
-35
-18
-12
-15
-5
13
11
-18
-45
-44
-19
2
-2
-29
-46
-32
-10
-17
-43
-40
-2
27
16
-12
-22
-13
-9
-22
-42
-53
-47
-25
-7
-15
-32
-23
6
13
-11
-24
-13
-11
-25
-20
12
27
0
-42
-63
-63
-59
-51
-32
-15
-17
-29
-42
-55
-53
-16
31
31
-7
-20
12
39
26
1
-11
-19
-27
-18
3
-2
-36
-46
-5
32
12
-29
-31
-13
-33
-82
-92
-42
16
27
-7
-43
-56
-46
-26
0
20
9
-37
-84
-96
-80
-67
-64
-59
-46
-43
-54
-62
-52
-31
-20
-22
-41
-74
-92
-62
-14
-8
-44
-62
-43
-33
-48
-52
-38
-44
-76
-75
-19
27
3
-57
-85
-84
-86
-77
-33
0
-22
-67
-77
-65
-66
-60
-16
33
21
-38
-70
-53
-44
-74
-92
-55
0
23
20
28
48
51
32
8
-12
-36
-62
-71
-52
-26
-19
-20
2
42
60
40
15
13
25
26
11
-13
-32
-38
-20
8
17
0
-12
-1
5
-9
-3
44
75
37
-23
-26
19
38
15
4
26
36
10
-12
1
20
9
-13
-16
-11
-17
-25
-31
-44
-57
-40
1
28
28
29
46
54
27
-11
-23
-8
8
12
-1
-36
-75
-80
-52
-41
-58
-59
-17
29
34
13
15
39
45
27
19
37
60
70
66
46
13
-4
6
17
4
-20
-31
-40
-62
-79
-62
-23
-1
1
10
26
26
19
30
41
26
13
40
70
44
-17
-36
-5
6
-23
-28
16
35
-9
-41
2
58
50
12
17
53
61
35
14
9
4
2
17
32
17
-13
-22
-18
-27
-30
-2
21
-2
-33
-19
23
36
15
-2
-3
-5
-11
-8
2
1
-4
7
23
13
-13
-16
3
15
16
26
34
24
11
14
20
10
-8
-15
-13
-11
-8
2
14
28
47
55
27
-21
-32
9
39
15
-11
9
39
31
5
-1
-7
-33
-49
-24
16
29
30
45
54
22
-13
8
57
51
-8
-41
-17
12
9
-4
-2
6
8
7
6
1
4
42
94
98
34
-34
-38
9
36
20
-5
-8
8
27
48
64
58
30
13
28
52
45
13
-4
4
9
5
16
41
48
31
19
13
-10
-38
-29
17
49
42
33
47
55
38
29
39
19
-43
-69
-20
30
22
12
47
70
27
-26
-16
19
2
-30
6
81
87
26
2
24
14
-32
-35
5
12
-17
1
73
98
36
-29
-26
-5
-26
-47
-17
20
11
-6
17
39
14
-25
-29
-11
-4
8
44
66
34
-15
-12
32
46
22
14
38
50
35
18
11
2
0
26
62
62
17
-31
-43
-26
2
37
70
74
50
40
58
63
23
-30
-41
-5
33
36
18
6
5
3
-8
-25
-45
-58
-49
-22
4
12
8
10
24
36
30
11
-9
-23
-31
-31
-23
-17
-19
-22
-16
-8
-13
-29
-39
-35
-20
-4
9
9
-1
-7
-6
-13
-40
-54
-17
34
31
-19
-37
7
50
38
1
-20
-34
-65
-82
-54
-16
-17
-34
-13
26
23
-7
2
49
63
16
-38
-48
-20
12
30
32
14
-12
-24
-25
-34
-40
-15
32
59
59
65
74
47
-14
-51
-34
-2
7
12
41
76
78
49
24
11
-9
-37
-50
-43
-28
-1
47
92
91
34
-29
-46
-25
-10
-16
-19
-4
14
23
33
42
26
-14
-33
-9
12
-13
-50
-39
13
40
25
14
30
27
-17
-47
-10
61
97
85
61
43
22
-6
-23
-13
10
17
-2
-26
-23
3
22
8
-25
-48
-52
-52
-45
-20
9
18
15
18
10
-33
-82
-88
-59
-47
-61
-52
-9
19
2
-13
14
40
14
-28
-23
20
34
8
-2
33
74
80
58
42
34
13
-22
-44
-34
-1
31
46
42
32
18
5
3
22
45
45
29
27
48
61
42
10
-5
-8
-18
-27
-8
32
56
53
47
52
48
21
-20
-58
-81
-78
-42
3
21
0
-30
-36
-27
-25
-28
-24
-17
-20
-28
-29
-21
-14
-15
-25
-36
-44
-51
-62
-63
-35
21
72
82
57
29
6
-25
-57
-56
-26
-10
-21
-20
13
42
32
-5
-29
-32
-25
-9
17
30
22
22
42
43
-7
-61
-62
-31
-24
-40
-38
-12
-2
-12
-3
30
37
2
-27
-17
0
-2
-2
13
18
9
16
44
58
34
1
-9
-9
-15
-6
38
80
74
37
4
-26
-62
-81
-71
-58
-49
-16
40
64
27
-22
-24
-11
-38
-82
-67
1
43
32
21
36
38
0
-50
-77
-72
-48
-22
-7
-2
12
36
34
-13
-62
-55
-13
-3
-20
-1
54
73
25
-33
-50
-40
-32
-26
-18
-19
-27
-19
9
20
5
4
26
21
-25
-48
-6
34
3
-54
-48
16
52
22
-15
-11
2
-15
-35
-20
11
20
13
21
46
51
11
-47
-69
-34
21
47
37
24
34
45
29
-7
-27
-22
-14
-12
-5
7
16
24
38
44
33
15
-4
-25
-38
-23
9
15
-9
-6
53
101
62
-19
-47
-33
-48
-76
-43
26
38
-10
-36
-29
-55
-110
-103
-20
29
-9
-29
42
105
55
-32
-27
38
50
-6
-55
-54
-28
-9
-10
-23
-26
-7
13
-5
-49
-57
-3
49
46
15
4
-1
-14
-11
5
-15
-58
-53
3
42
33
19
13
-21
-79
-90
-28
36
32
-6
-15
2
11
23
44
35
-15
-52
-48
-23
14
66
82
26
-37
-24
22
-2
-83
-99
-6
91
107
89
84
50
-23
-46
10
41
-14
-65
-50
-38
-84
-106
-27
86
115
59
17
31
51
44
32
28
15
1
5
11
-6
-32
-36
-25
-25
-42
-62
-61
-25
31
71
79
66
39
-2
-30
-15
22
20
-33
-71
-43
7
11
-21
-28
-11
-19
-45
-40
-4
21
31
46
49
14
-37
-56
-39
-6
24
45
42
19
1
6
10
-18
-56
-63
-45
-31
-23
-6
9
14
28
44
29
-9
-16
13
20
-12
-28
-4
16
2
-9
12
20
-23
-58
-27
16
1
-27
15
89
98
38
-11
-19
-20
-30
-27
-12
-7
-12
-4
5
-11
-31
-11
31
25
-28
-50
-6
40
29
-11
-27
-19
-20
-24
-3
31
29
-16
-34
15
66
30
-69
-125
-92
-30
7
34
64
63
15
-23
0
48
59
38
31
26
-11
-54
-54
-29
-15
9
55
73
28
-24
-17
15
-2
-51
-54
-11
1
-30
-33
1
1
-45
-57
-12
20
2
-21
-16
-5
-5
13
51
67
33
-15
-27
-8
14
36
60
63
32
-5
-21
-26
-31
-21
13
49
56
32
6
6
25
26
2
-5
23
45
22
-8
1
23
6
-38
-55
-36
-25
-33
-18
28
58
57
60
65
32
-8
12
60
50
5
20
80
74
-1
-29
27
59
5
-30
33
95
42
-53
-54
9
17
-32
-50
-16
17
24
16
2
-15
-11
14
26
6
-12
5
30
24
19
54
86
49
-21
-41
-3
26
16
4
12
21
13
6
20
41
36
5
-16
-16
-24
-55
-68
-28
27
32
-11
-32
4
50
57
41
42
44
10
-38
-50
-28
-16
-27
-28
-6
15
12
-5
-8
15
42
36
-1
-26
-12
16
26
19
17
14
-9
-36
-31
-4
-7
-45
-64
-38
-12
-17
-20
2
9
-23
-56
-41
10
38
20
-8
-5
12
8
-20
-40
-31
-18
-35
-68
-63
-8
30
1
-36
0
74
80
3
-49
-12
43
30
-18
-22
0
-22
-78
-96
-68
-55
-69
-49
15
55
32
-1
-3
-12
-52
-70
-35
-19
-65
-93
-25
67
62
-18
-46
5
31
-29
-92
-78
-31
-25
-39
-21
11
4
-32
-34
8
33
-3
-62
-66
-11
14
-42
-112
-109
-45
-6
-22
-42
-23
13
29
25
16
0
-17
-12
12
15
-5
-2
32
47
24
-2
-11
-15
-4
34
66
53
24
30
45
11
-41
-22
57
74
-14
-87
-59
-9
-23
-59
-52
-36
-46
-30
40
78
13
-86
-101
-49
-51
-137
-188
-125
-19
22
-1
-14
6
18
-1
-24
-28
-25
-34
-43
-33
-22
-38
-54
-27
22
27
-10
-26
-15
-36
-89
-94
-26
38
24
-32
-56
-31
-4
2
-4
-8
2
39
77
56
-23
-77
-55
-10
2
-1
11
18
3
-6
14
32
17
-6
7
44
57
37
20
23
21
-1
-21
-22
-9
3
3
-10
-25
-25
-5
27
51
46
13
-4
32
78
58
-9
-31
15
52
25
-14
-5
19
-1
-31
-3
56
62
19
9
45
53
7
-39
-43
-31
-27
-11
27
43
9
-29
-19
16
12
-33
-55
-29
-4
-15
-32
-16
12
9
-17
-20
10
41
43
25
0
-20
-17
16
44
22
-36
-62
-30
8
7
-3
21
58
60
21
-16
-20
-4
3
-4
-9
-8
-21
-46
-42
6
57
54
9
-16
-2
4
-27
-51
-35
-23
-51
-73
-40
4
-5
-45
-47
1
57
93
104
81
34
2
9
20
0
-27
-9
31
26
-24
-49
-16
23
20
-13
-35
-27
-9
-13
-36
-28
31
90
94
55
16
-26
-85
-127
-97
-13
54
72
79
81
29
-68
-112
-51
32
43
2
-21
-13
-2
-4
-6
-4
-2
0
1
1
8
30
53
55
28
-9
-37
-55
-56
-33
0
7
-11
-19
0
24
28
7
-28
-48
-31
7
21
1
-3
38
79
57
-15
-63
-48
-12
-1
2
27
59
56
24
9
23
27
-11
-63
-82
-68
-48
-21
29
76
65
2
-38
-23
-15
-48
-64
-15
48
52
15
-1
6
-9
-31
3
85
123
79
31
45
75
51
-12
-40
-19
-8
-42
-76
-50
25
79
72
35
13
3
-25
-68
-90
-66
-14
26
34
24
18
23
23
7
-15
-32
-43
-51
-46
-13
29
42
16
-10
-3
19
28
27
29
21
-4
-23
-13
9
13
-3
-21
-32
-38
-32
-5
24
30
13
-7
-27
-52
-67
-42
9
48
50
28
3
-21
-36
-24
14
48
51
35
18
-8
-50
-85
-79
-41
-16
-15
-7
25
48
41
36
67
104
89
24
-31
-26
14
32
13
-1
18
30
-8
-61
-59
-2
31
8
-7
36
81
54
0
3
45
45
14
17
29
-15
-73
-53
23
49
15
10
45
27
-51
-77
-13
27
-18
-40
24
67
19
-20
31
79
36
-27
-9
49
46
-1
4
52
49
-14
-44
-7
20
-7
-34
-11
46
89
83
35
-12
-24
-25
-35
-29
10
38
16
-16
-10
9
-12
-48
-27
33
42
-11
-28
23
48
2
-30
10
53
37
2
-4
0
-11
-14
5
6
-30
-52
-20
17
-1
-33
-9
42
42
-9
-32
-2
37
53
58
59
40
2
-23
-13
10
22
25
23
9
-15
-19
10
40
42
30
27
25
-3
-45
-53
-12
44
79
92
89
73
47
17
-5
-7
7
6
-21
-36
-7
23
-3
-53
-34
54
93
23
-49
-29
7
-36
-86
-30
70
73
-13
-73
-78
-78
-71
-20
34
8
-63
-61
5
14
-41
-35
45
55
-38
-89
-27
35
13
-13
37
94
65
-12
-31
3
8
-24
-18
37
67
30
-32
-70
-73
-45
-6
15
2
-25
-41
-38
-29
-26
-20
6
45
63
56
57
80
80
35
-2
22
65
44
-36
-89
-69
-24
-2
17
52
73
57
37
34
21
-13
-27
0
30
26
2
-12
-6
8
11
-5
-21
-8
24
29
-13
-51
-36
8
9
-35
-57
-28
1
-4
-15
-3
8
-13
-55
-82
-69
-27
7
19
33
59
58
3
-62
-73
-34
3
11
8
8
0
-23
-41
-44
-34
-7
37
53
1
-68
-71
-23
4
22
86
150
108
-21
-93
-44
38
53
25
29
61
65
35
15
15
10
-3
-9
-20
-52
-91
-97
-52
18
57
34
-8
-3
38
47
17
15
62
94
63
7
-24
-35
-51
-58
-30
15
45
65
79
57
-11
-74
-90
-92
-113
-117
-80
-42
-39
-47
-28
2
18
27
41
43
21
6
27
51
29
-26
-45
-13
14
-5
-44
-56
-28
11
27
25
42
76
79
31
-17
-25
-16
-20
-10
37
78
50
-23
-60
-31
6
11
10
28
40
24
3
-3
-13
-43
-64
-41
12
51
54
36
27
31
29
6
-25
-38
-25
-2
11
6
-8
-18
-13
2
22
35
34
17
-9
-34
-43
-29
5
37
42
17
-10
-6
21
31
11
0
23
37
1
-40
-19
40
55
20
1
20
36
27
21
31
30
16
21
42
30
-20
-46
-22
3
7
23
37
-12
-92
-89
18
99
67
-5
-3
49
60
30
30
61
61
30
17
20
1
-24
-16
8
11
0
-2
-16
-56
-71
-12
66
60
-17
-53
-14
9
-32
-65
-26
38
64
63
65
48
-11
-67
-64
-33
-43
-89
-96
-39
23
42
30
24
39
67
88
84
55
28
30
46
44
18
-2
-4
-5
-8
6
28
29
12
6
12
-8
-63
-102
-91
-56
-37
-20
17
48
35
4
7
32
21
-29
-56
-31
-2
-7
-16
0
14
-6
-34
-30
-21
-53
-91
-59
39
107
95
55
47
48
14
-26
-20
14
23
0
-13
1
17
16
5
-10
-35
-52
-44
-28
-39
-59
-40
6
15
-31
-69
-39
31
76
80
79
97
112
89
27
-43
-87
-89
-63
-42
-41
-48
-41
-17
-1
-14
-43
-42
5
53
48
5
-17
-7
1
-14
-40
-68
-91
-84
-33
15
6
-37
-40
1
9
-35
-52
-16
-11
-82
-127
-60
42
57
-5
-37
1
51
72
78
75
44
0
-14
-1
-8
-43
-66
-64
-61
-59
-44
-21
-7
13
52
81
59
-2
-44
-39
-23
-33
-50
-34
11
41
32
1
-24
-36
-44
-53
-52
-34
-13
-3
3
9
1
-29
-53
-48
-33
-26
-7
39
79
78
49
27
10
-29
-75
-89
-69
-57
-67
-74
-70
-74
-83
-62
-11
28
37
39
49
56
53
41
17
-22
-52
-47
-18
-7
-23
-31
-13
2
-6
-20
-25
-26
-26
-13
10
25
28
27
12
-24
-58
-56
-14
35
63
69
57
30
0
-18
-35
-64
-81
-51
1
14
-14
-24
13
50
43
21
28
49
34
-14
-40
-20
8
7
-22
-57
-81
-86
-71
-48
-20
21
65
79
47
0
-15
-2
-2
-17
-13
18
36
23
4
4
4
-15
-35
-36
-32
-49
-78
-87
-72
-57
-47
-31
-11
-4
-6
4
32
57
61
55
51
44
25
7
2
1
-9
-25
-27
-15
-6
-5
-1
10
9
-10
-27
-24
-9
12
36
55
48
22
15
33
29
-37
-114
-117
-43
24
31
16
29
52
42
-2
-36
-34
-16
-10
-16
-4
25
37
14
-6
16
60
64
22
-5
21
54
38
4
4
26
24
-5
-33
-52
-56
-22
30
34
-26
-82
-75
-46
-54
-69
-22
52
58
2
-16
21
36
0
-27
-17
-13
-32
-31
16
63
65
33
3
-20
-44
-57
-51
-39
-21
19
62
61
21
-2
15
34
23
8
13
19
-2
-32
-35
-5
19
17
15
42
74
66
18
-21
-18
3
0
-27
-42
-35
-29
-31
-17
20
56
71
66
37
-15
-55
-49
-22
-18
-27
-2
50
63
7
-65
-87
-62
-34
-20
-16
-17
-23
-18
-6
-11
-27
-22
6
18
1
-15
-7
1
-14
-37
-43
-37
-34
-32
-17
1
5
2
6
15
17
13
9
-1
-18
-23
-9
10
6
-19
-36
-24
7
22
9
-10
-12
-2
1
-5
2
27
44
28
-4
-19
-12
-2
6
29
65
89
89
73
50
13
-31
-53
-39
-13
-6
-10
-8
-11
-42
-78
-69
-12
32
26
-2
-17
-31
-61
-80
-60
-32
-34
-51
-41
-11
2
-6
-10
-3
-9
-26
-27
-11
-15
-52
-81
-72
-41
-17
-13
-25
-36
-28
-14
-27
-55
-52
-11
18
1
-25
-20
-6
-30
-67
-56
-10
6
-11
-5
32
52
39
28
26
9
-19
-18
14
34
15
-17
-31
-25
-12
4
11
2
-4
22
57
59
38
42
60
45
-3
-31
-23
-12
-13
-1
28
29
-16
-53
-37
-3
-5
-30
-35
-27
-40
-68
-72
-48
-25
-17
-11
-3
-10
-27
-23
5
22
10
-3
4
7
-20
-45
-25
24
48
33
17
11
-12
-50
-46
23
91
81
5
-55
-56
-34
-33
-46
-41
-9
33
64
70
49
17
-3
-2
7
9
0
-11
-24
-42
-56
-42
4
47
55
37
30
42
48
37
25
18
-1
-35
-50
-23
15
21
11
25
52
53
31
17
15
0
-18
-5
35
53
34
18
32
42
25
11
24
37
16
-19
-32
-31
-36
-26
21
76
84
42
3
-11
-21
-38
-38
-7
28
43
40
24
-7
-37
-34
0
27
22
6
8
16
10
2
10
19
13
3
11
24
25
19
22
21
-9
-56
-78
-59
-25
3
31
60
78
83
76
46
-6
-43
-35
-1
16
7
-7
-15
-21
-17
14
58
76
56
31
19
9
0
8
23
22
9
8
16
20
24
34
34
15
0
17
41
29
-3
1
32
28
-15
-30
3
30
31
46
83
92
64
51
70
65
15
-15
20
53
18
-33
-27
-3
-30
-67
-44
7
6
-33
-28
29
57
26
-2
9
12
-16
-22
16
43
28
16
42
64
37
-11
-29
-18
-12
-16
-14
-10
-15
-13
7
25
16
1
4
16
22
30
40
29
-1
-14
5
23
6
-23
-21
3
9
-2
6
39
62
62
54
41
7
-37
-58
-40
-1
28
32
20
9
6
0
-26
-62
-74
-37
21
49
36
11
4
9
9
-2
-16
-19
-3
27
53
59
38
3
-25
-28
-14
-2
-1
-5
-8
-14
-25
-34
-32
-20
0
15
18
11
15
46
83
82
43
16
25
34
16
-7
-7
2
5
23
56
61
16
-34
-30
6
9
-23
-36
-15
0
-5
0
22
28
10
2
15
17
-5
-26
-24
-16
-27
-49
-58
-51
-43
-40
-40
-44
-38
-3
51
89
89
64
34
1
-38
-70
-78
-54
-12
15
1
-46
-87
-90
-65
-42
-30
-13
18
41
40
26
14
3
-11
-22
-21
-13
-11
-15
-11
11
36
42
24
2
-10
-21
-37
-47
-39
-17
3
16
28
34
25
9
5
18
30
33
36
38
24
-2
-16
-15
-23
-43
-44
-11
17
-1
-43
-49
-8
28
22
-5
-10
2
1
-22
-37
-20
12
21
-4
-30
-23
7
23
1
-32
-38
-18
-8
-24
-45
-44
-30
-26
-31
-23
0
19
23
22
22
14
-7
-23
-16
1
5
-2
-4
5
11
5
-8
-18
-20
-17
-14
-17
-21
-10
12
21
0
-24
-16
17
37
33
32
53
73
69
56
55
48
16
-23
-30
-9
4
-9
-21
-13
1
-6
-27
-40
-42
-48
-59
-60
-45
-32
-31
-32
-22
-7
1
5
18
38
48
35
9
-19
-39
-42
-25
-2
-1
-26
-43
-24
15
34
28
26
36
32
2
-26
-22
2
16
16
16
19
15
5
2
7
7
6
16
23
6
-25
-36
-18
-7
-24
-37
-11
38
58
39
20
32
56
57
27
-20
-57
-66
-49
-29
-28
-37
-32
-12
-2
-23
-51
-49
-12
30
51
58
63
58
34
7
4
24
38
23
1
-2
11
13
3
-2
2
-2
-21
-34
-22
0
9
1
-2
6
9
-4
-26
-36
-27
-3
23
39
43
38
26
14
3
-13
-37
-53
-40
-5
15
3
-12
-5
9
0
-18
-7
29
45
24
5
19
43
41
16
-5
-13
-16
-21
-23
-22
-19
-13
-6
-6
-19
-30
-24
-6
11
25
38
45
45
42
37
18
-15
-38
-31
-7
2
-10
-19
-3
19
15
-16
-37
-28
-9
-5
-9
4
31
42
23
-1
-4
4
1
-8
-4
12
20
7
-19
-39
-43
-32
-24
-31
-44
-41
-23
-8
-2
9
24
20
-15
-47
-41
-11
0
-13
-21
-11
-5
-18
-39
-49
-47
-37
-20
-3
4
-4
-13
-17
-19
-23
-23
-16
-13
-18
-19
-1
23
28
11
-6
-3
8
10
3
5
22
37
34
15
-1
-4
1
5
7
11
13
10
3
0
6
16
18
9
-4
-14
-16
-9
2
8
11
18
28
29
16
-1
-4
4
8
4
0
0
-3
-5
3
13
9
-8
-16
-9
0
2
3
4
-2
-18
-39
-56
-62
-55
-42
-39
-53
-63
-49
-28
-33
-55
-53
-26
-11
-21
-21
3
20
1
-38
-58
-49
-30
-15
-9
-15
-31
-38
-32
-27
-31
-30
-21
-22
-31
-23
9
31
21
3
9
30
32
12
-7
-10
-7
-5
-3
-8
-34
-67
-78
-53
-14
17
36
49
56
54
43
28
13
5
9
23
34
29
9
-7
-9
0
13
21
21
18
18
23
25
17
3
-5
-2
-2
-12
-23
-19
2
22
26
17
9
10
10
-4
-27
-38
-25
-9
-12
-28
-30
-17
-12
-19
-22
-16
-14
-20
-17
-5
0
-6
-3
19
36
25
3
-4
-4
-13
-22
-8
17
27
16
1
-8
-12
-16
-17
-8
15
38
42
16
-17
-26
-8
9
9
8
19
23
7
-12
-13
-5
-2
-1
4
10
11
13
19
24
24
28
34
28
8
-8
-3
7
5
1
11
21
9
-15
-23
-13
4
16
28
37
34
24
18
25
38
45
37
16
-9
-23
-20
-13
-20
-35
-38
-23
-10
-19
-45
-69
-71
-55
-33
-16
-2
11
24
34
36
26
11
5
12
20
10
-15
-34
-39
-37
-38
-41
-37
-29
-23
-14
2
14
13
6
11
24
25
10
-5
-4
5
4
-9
-21
-21
-11
4
16
20
13
2
-1
5
13
20
28
34
26
10
2
5
10
15
29
50
54
29
-5
-22
-21
-23
-30
-25
-11
-8
-19
-27
-23
-8
10
28
37
34
25
21
20
12
0
-9
-14
-25
-34
-29
-15
-9
-10
-5
4
-1
-19
-26
-16
-4
-4
-11
-14
-11
-9
-8
-3
3
9
14
12
0
-17
-24
-22
-21
-24
-22
-13
-6
-8
-11
-2
14
29
33
29
23
14
3
-10
-17
-18
-20
-27
-36
-36
-27
-18
-13
-9
-4
-7
-15
-17
-9
-4
-7
-11
-8
-3
2
12
23
27
15
-2
-10
-9
-7
-8
-8
-8
-6
-1
5
8
11
21
38
46
35
20
15
20
24
20
11
4
-2
-5
0
6
5
-5
-14
-16
-15
-18
-20
-15
-9
-10
-18
-23
-18
-8
2
10
15
12
0
-9
-9
-8
-10
-9
3
18
19
7
-6
-13
-17
-17
-10
-1
1
0
7
21
23
11
1
2
6
5
8
17
23
17
5
0
3
0
-14
-28
-29
-20
-12
-10
-9
-2
7
8
0
-5
3
13
14
6
2
2
-1
-6
-8
-4
-2
-5
-11
-16
-20
-22
-16
-2
10
16
17
19
18
16
16
20
21
17
13
15
22
26
23
17
13
13
12
7
1
-2
1
5
4
-9
-24
-33
-30
-18
-3
11
22
26
23
18
13
5
-8
-16
-14
-11
-20
-33
-36
-27
-20
-24
-28
-25
-20
-17
-9
9
21
18
9
5
0
-10
-17
-8
9
13
5
1
7
8
-2
-16
-25
-27
-22
-13
-5
-7
-15
-18
-14
-13
-18
-20
-15
-8
-3
3
14
23
24
17
8
-2
-9
-10
-4
3
5
6
11
15
9
-5
-11
-2
11
14
7
2
3
5
8
11
15
19
22
23
19
10
-2
-9
-13
-17
-23
-27
-26
-24
-23
-23
-18
-10
-3
2
2
-3
-8
-9
-9
-9
-6
4
12
9
-3
-8
1
9
4
-9
-16
-17
-17
-15
-5
6
11
9
6
3
-3
-11
-13
-7
-2
-2
-3
-2
0
0
3
9
10
5
4
15
27
26
16
11
17
22
16
8
9
15
18
15
13
13
12
6
-2
-5
-5
-5
-6
-7
-10
-16
-21
-23
-19
-12
-5
0
2
2
4
4
1
-2
-1
0
-2
-5
-4
-1
-2
-7
-9
-5
2
3
2
4
5
-1
-12
-21
-23
-21
-15
-3
9
16
15
9
6
8
11
12
10
4
-4
-13
-19
-18
-10
1
5
6
7
10
10
4
-1
0
4
5
7
11
16
15
9
4
6
11
12
8
2
-1
-1
-1
0
3
7
10
11
10
11
14
18
19
16
12
7
4
4
5
8
10
6
-6
-19
-27
-29
-31
-31
-23
-10
-1
1
1
2
3
3
5
9
9
3
-1
2
7
6
4
5
10
13
13
12
8
5
3
4
5
1
-5
-11
-13
-10
-1
13
24
31
31
27
17
7
2
-1
-2
-3
-2
-2
-8
-17
-23
-22
-18
-14
-7
2
11
15
16
15
11
6
5
7
11
15
19
20
15
9
8
8
5
1
1
2
1
-3
-4
0
3
4
6
10
11
10
13
20
23
20
16
17
19
16
9
3
-1
-4
-5
-6
-6
-5
0
9
15
11
4
3
9
14
16
19
23
27
26
20
10
0
-7
-7
-5
-5
-9
-13
-13
-13
-13
-15
-18
-20
-17
-9
-2
-2
-8
-10
-7
-5
-9
-14
-12
-7
-6
-7
-5
-2
-4
-10
-13
-12
-10
-10
-9
-5
-2
-4
-5
-5
-3
0
2
2
2
1
2
2
1
-1
-3
-5
-5
-3
0
2
1
0
2
2
2
1
1
1
-1
0
3
7
10
13
15
14
12
14
18
19
14
8
8
12
14
15
17
19
16
9
4
5
7
8
8
11
14
14
9
3
-2
-3
-2
0
0
-5
-12
-17
-18
-17
-15
-13
-9
-3
1
2
1
-1
-3
-7
-8
-6
-2
1
5
9
12
12
7
2
-2
-2
-2
-4
-6
-7
-6
-5
-6
-6
-3
1
5
6
6
8
9
11
11
10
7
5
2
0
-4
-7
-9
-9
-9
-7
-4
-2
-4
-7
-10
-12
-11
-6
2
10
12
10
8
8
8
9
10
12
11
9
8
7
7
8
11
13
13
9
6
7
9
11
11
9
5
0
-4
-5
-6
-7
-7
-5
-4
-5
-8
-11
-13
-13
-11
-10
-9
-6
-4
-5
-7
-10
-13
-17
-19
-15
-8
-4
-4
-6
-6
-8
-10
-11
-11
-11
-12
-9
-4
-1
-2
-3
-2
1
1
-1
-3
-3
-4
-5
-4
-3
-5
-7
-5
-2
0
-2
-2
1
5
7
6
3
1
-1
-2
0
1
2
2
4
5
5
2
-3
-6
-5
-2
0
-2
-5
-5
-1
3
5
3
-1
-4
-5
-4
-1
1
1
0
1
2
-1
-6
-10
-11
-9
-5
-2
-2
-6
-9
-6
3
9
10
5
0
-3
-2
2
6
8
7
4
2
-2
-5
-8
-5
-1
4
5
2
-4
-10
-15
-18
-17
-13
-8
-1
5
8
7
2
-2
-3
-1
0
-1
-1
-1
-2
-3
-5
-4
-1
1
1
0
0
0
1
1
1
2
4
4
1
-3
-4
-2
0
0
-1
0
0
-3
-7
-10
-13
-15
-15
-11
-6
-2
0
0
-1
-2
-2
2
5
10
13
13
8
3
-1
-4
-7
-10
-10
-8
-8
-10
-12
-10
-7
-6
-5
-4
-3
-1
2
5
5
5
5
8
9
8
6
5
5
6
7
6
3
-2
-6
-8
-10
-13
-13
-10
-7
-4
-2
0
0
-1
0
3
5
4
1
-3
-7
-9
-9
-6
-5
-5
-3
-1
0
-2
-3
-2
0
1
1
0
-2
-4
-5
-4
0
3
4
4
4
2
1
0
-1
-2
-5
-9
-12
-13
-14
-16
-19
-21
-21
-18
-13
-9
-6
-5
-5
-5
-4
-2
0
0
-2
-4
-4
-4
-2
-2
0
3
6
5
0
-5
-6
-6
-7
-8
-9
-8
-9
-9
-6
-1
5
9
11
12
10
8
4
1
-2
-5
-8
-10
-10
-10
-10
-9
-7
-5
-2
2
5
6
6
5
3
2
1
0
-2
-3
-3
-2
-2
-2
0
2
4
3
0
-3
-6
-8
-9
-9
-7
-5
-3
0
3
6
8
8
8
6
4
1
-1
-2
-2
-2
-4
-7
-8
-8
-6
-5
-3
1
4
6
6
7
6
5
2
1
0
0
2
4
5
4
1
-1
-2
-2
-3
-3
-2
-3
-6
-8
-9
-9
-9
-8
-5
-2
2
6
8
8
6
2
-1
-3
-4
-5
-6
-7
-7
-6
-6
-7
-7
-6
-5
-4
-3
-2
-1
-2
-4
-4
-4
-6
-9
-10
-9
-9
-9
-9
-8
-6
-5
-5
-6
-8
-10
-11
-12
-12
-11
-9
-5
-3
-2
-3
-5
-5
-3
-2
-1
-1
0
-1
-3
-3
-2
-2
-2
-1
1
4
4
3
2
2
1
1
2
3
3
2
2
2
1
-2
-3
-2
0
-1
-1
-1
0
0
1
1
1
-2
-4
-5
-5
-5
-6
-6
-4
-3
-3
-4
-5
-6
-5
-4
-2
-2
-2
-2
-1
-2
-4
-6
-6
-5
-2
-1
1
0
-2
-3
-6
-9
-12
-14
-13
-12
-10
-8
-6
-4
-3
-4
-5
-5
-4
-2
-1
0
1
1
1
0
-2
-4
-5
-3
0
3
4
3
2
2
1
-1
-2
-3
-3
-2
0
1
2
3
4
5
5
4
3
2
2
3
2
2
2
1
1
0
-1
1
2
4
4
4
4
5
5
5
3
2
0
1
2
3
3
2
0
-2
-4
-5
-6
-8
-10
-9
-7
-5
-5
-5
-2
0
0
0
0
0
2
3
5
5
5
5
5
4
2
0
0
0
1
1
1
0
-2
-2
-1
0
0
-1
1
4
7
9
10
11
10
9
7
7
7
8
8
8
6
4
1
-1
-1
-1
0
2
3
5
7
9
9
8
6
6
6
6
6
5
5
6
6
5
3
2
1
-1
-3
-5
-5
-4
-5
-5
-5
-5
-5
-5
-3
-2
0
2
3
4
5
4
2
0
-1
-2
-3
-3
-2
-1
-2
-3
-4
-4
-4
-5
-5
-5
-5
-5
-5
-4
-3
-2
-2
-2
-1
0
2
3
4
5
5
4
2
2
1
1
1
0
0
2
4
5
6
6
6
7
8
9
10
11
12
12
11
9
8
6
6
6
7
7
6
5
5
5
5
4
2
1
2
3
4
5
5
6
7
6
5
5
5
5
5
5
5
4
2
1
1
0
0
0
0
2
3
4
4
5
5
5
5
5
4
2
2
2
2
2
1
0
0
0
0
-1
-1
0
1
1
1
0
0
0
-1
0
1
2
3
5
6
6
6
5
5
4
4
5
5
5
6
6
6
5
4
5
6
7
7
6
6
6
6
6
6
5
5
5
5
5
5
4
4
4
4
4
3
2
2
1
0
-1
-2
-2
-2
-3
-3
-3
-3
-2
-2
-2
-1
-1
0
0
0
1
1
1
1
0
0
0
1
2
3
3
2
2
1
0
-1
-2
-2
-2
-2
-3
-3
-3
-3
-4
-4
-4
-3
-3
-2
-2
-2
-2
-2
-2
-3
-3
-3
-1
1
2
2
2
1
1
1
1
1
1
1
1
0
-1
-1
-1
-1
0
0
1
2
2
2
3
2
1
0
0
-1
-1
-1
0
0
0
0
0
0
-1
-1
0
0
1
1
1
1
1
0
0
0
0
1
2
2
2
2
2
2
2
2
1
2
2
2
2
2
2
3
2
2
1
1
2
2
2
2
2
2
2
2
1
0
0
0
-1
-1
0
1
2
2
3
3
3
3
3
4
5
5
5
4
4
3
2
1
0
0
1
0
0
0
0
0
0
-1
-2
-1
-1
0
-1
-1
-1
-1
-2
-2
-2
-1
-1
-1
0
0
1
1
1
1
0
0
-1
-1
-1
0
0
0
0
0
-1
-2
-3
-4
-5
-7
-7
-8
-7
-7
-7
-6
-5
-4
-4
-4
-4
-3
-3
-3
-3
-2
-3
-4
-4
-5
-5
-6
-6
-6
-5
-5
-5
-5
-5
-4
-4
-4
-3
-2
-2
-1
0
2
2
2
2
2
1
0
-1
-2
-2
-2
-3
-4
-5
-6
-7
-8
-9
-9
-8
-7
-5
-5
-4
-3
-3
-2
-2
-2
-2
-1
0
2
2
2
2
2
1
0
-1
-1
-1
-1
-1
-1
0
0
-1
0
0
0
0
1
2
2
2
2
1
1
0
-1
-1
-2
-2
-2
-2
-2
-2
-2
-3
-3
-3
-3
-3
-2
-2
-1
-1
0
-1
-1
-2
-2
-2
-1
-1
-1
-1
-1
-2
-2
-3
-3
-2
-2
-2
-2
-2
-1
0
0
1
1
2
2
2
2
2
2
1
0
0
-1
-1
-2
-2
-3
-3
-4
-4
-4
-4
-3
-2
-2
-2
-2
-1
0
0
1
1
0
-1
-1
0
0
0
0
-1
-1
-1
-1
-2
-3
-3
-3
-3
-3
-4
-3
-2
-2
-2
-1
0
1
1
1
0
0
-1
-1
-1
-2
-2
-3
-3
-3
-4
-3
-2
-2
-2
-2
-2
-1
-1
-1
-1
-2
-2
-2
-1
-1
-1
-1
-1
0
0
-1
-2
-1
-1
-2
-2
-3
-3
-3
-2
-2
-3
-3
-3
-2
-2
-2
-2
-1
-1
-1
-1
-2
-2
-2
-2
-2
-2
-2
-2
-2
-2
-2
-2
-2
-2
-2
-2
-2
-2
-2
-3
-3
-3
-3
-3
-2
-2
-2
-2
-1
-1
-2
-2
-2
-2
-3
-3
-3
-3
-3
-3
-3
-3
-3
-2
-2
-1
-1
-1
-1
-1
-1
-1
-2
-2
-2
-2
-2
-3
-2
-2
-2
-2
-2
-3
-3
-2
-2
-2
-2
-2
-2
-2
-2
-2
-2
-2
-2
-1
-1
0
0
-1
-1
-1
-2
-2
-2
-2
-1
-1
0
0
0
0
1
1
1
1
1
2
1
1
0
1
0
-1
-2
-1
-1
-1
0
1
1
0
0
0
0
0
0
1
2
2
1
1
1
1
0
0
0
1
0
0
-1
0
0
0
0
0
0
0
0
0
1
1
1
0
1
2
2
1
1
1
2
2
2
2
2
2
2
1
1
0
0
0
0
0
0
1
1
1
2
2
2
2
2
2
3
3
2
2
2
2
1
0
0
0
-1
-1
-1
-1
-1
-1
-2
-2
-2
-2
-2
-1
0
0
1
1
1
1
1
1
1
1
1
0
-1
-1
-2
-2
-1
-1
-1
0
0
0
0
1
2
2
2
2
2
2
2
2
2
2
2
1
1
1
1
0
0
0
-1
-1
-1
-1
-1
-1
-1
-1
-1
0
0
1
1
1
0
-1
-1
-1
-1
-1
-1
-1
-1
-1
-1
-1
-1
-1
0
0
1
1
1
2
2
2
1
1
1
2
2
1
1
1
1
1
1
1
1
1
1
0
0
0
0
0
1
1
1
2
2
2
2
2
2
2
2
1
1
1
0
-1
0
0
-1
-1
-1
-1
-1
-1
-1
-1
0
0
1
1
1
1
1
1
1
1
2
2
2
2
2
1
1
1
1
0
0
0
0
0
0
0
0
0
-1
0
1
1
1
1
1
2
2
2
1
1
0
0
0
1
0
0
0
0
0
-1
-1
-1
0
-1
-1
-1
-1
0
0
0
0
1
1
0
0
0
0
0
0
0
0
0
-1
-1
-1
-1
-1
-1
-2
-1
-1
-1
-1
-1
0
0
-1
-2
-2
-2
-1
-1
-1
-1
-1
-1
0
-1
-1
-1
-1
-1
-1
0
0
0
0
0
0
0
-1
-1
0
0
0
-1
0
0
-1
-1
-1
-1
-1
-1
-1
-1
-1
-1
0
0
0
0
0
0
-1
-1
-1
-1
-1
-2
-2
-2
-2
-2
-2
-2
-2
-2
-2
-1
-1
-2
-2
-2
-2
-2
-2
-2
-1
-1
-2
-2
-2
-1
-2
-2
-2
-2
-1
-2
-2
-2
-2
-2
-2
-2
-2
-2
-2
-1
-1
-1
-1
-1
-1
-2
-2
-2
-2
-2
-2
-1
-2
-2
-2
-2
-2
-1
-1
-1
-1
-1
-1
0
0
0
0
0
0
0
0
0
0
0
0
-1
-1
-1
-1
-1
-1
-1
-1
-1
-1
-2
-2
-2
-1
-1
-1
0
0
0
-1
-2
-2
-2
-2
-2
-2
-2
-2
-3
-3
-3
-3
-3
-3
-2
-2
-2
-2
-2
-2
-2
-1
0
0
1
1
1
1
0
1
1
1
0
0
0
-1
-1
-2
-1
-1
-1
-2
-2
-1
-1
-1
-1
-1
-1
-1
-1
-2
-2
-1
-1
-1
-1
-1
-1
-2
-2
-2
-2
-2
-2
-2
-1
-1
-1
-1
0
0
0
0
1
1
1
0
1
1
1
1
0
0
0
0
0
0
0
-1
-1
-1
0
0
0
0
0
0
1
1
0
0
0
0
0
0
-1
-1
-2
-2
-2
-2
-2
-2
-2
-1
-1
-1
-1
0
0
0
0
0
0
0
0
0
0
1
1
1
0
0
-1
-1
-1
-1
-2
-2
-2
-2
-1
-1
-1
-1
-1
0
0
0
0
0
0
0
0
0
0
0
-1
-1
-2
-2
-1
-1
-2
-2
-1
-1
-1
-1
-1
0
-1
-1
0
0
1
0
0
0
0
0
0
-1
-1
-1
-1
-1
-1
-1
-2
-1
-1
-1
-1
0
0
0
0
0
0
0
0
0
1
1
0
0
0
0
0
0
0
-1
-1
-1
0
0
0
0
0
0
0
0
1
1
1
1
1
1
1
1
1
0
1
0
0
0
0
0
0
0
0
0
0
0
0
0
0
0
0
0
0
1
0
0
-1
-1
0
-1
-1
0
0
0
0
0
1
1
0
0
0
1
1
1
2
1
1
1
1
1
1
1
1
0
0
0
0
0
0
0
0
0
0
0
0
0
0
0
0
0
0
0
0
0
0
0
0
0
0
0
0
0
-1
0
0
0
-1
0
0
0
0
0
0
0
0
0
0
1
1
0
0
0
0
0
0
0
0
0
0
0
0
0
0
0
0
0
0
0
1
0
0
0
0
1
0
1
1
1
0
0
0
0
-1
-1
0
0
0
0
0
0
0
0
0
0
0
0
0
0
0
0
0
-1
-1
-1
0
0
0
0
0
0
0
0
0
0
0
1
1
1
0
0
1
1
0
0
0
0
0
-1
-1
0
0
0
0
0
0
0
0
-1
0
0
0
0
0
0
-1
-1
0
0
0
0
0
0
0
0
0
0
0
0
0
0
0
0
0
0
0
0
0
0
0
0
0
0
0
0
-1
-1
-1
-1
0
-1
-1
-1
-1
-1
0
0
-1
-1
0
0
0
0
0
1
1
1
0
0
0
0
0
0
0
0
-1
0
0
0
-1
-1
0
0
-1
-1
-1
-1
-2
-2
-2
-1
-1
-1
-1
-1
-1
-1
-1
0
0
0
0
0
0
0
0
0
0
0
0
0
0
0
0
0
0
0
0
0
0
0
0
1
1
0
0
0
0
0
0
-1
-1
-1
-1
-2
-2
-2
-2
-2
-1
-1
-1
-1
-1
-1
-1
-1
0
0
0
0
0
1
1
1
1
1
1
0
0
0
0
0
0
0
0
-1
-1
-1
-1
-1
-1
-1
0
0
1
0
0
0
0
0
0
0
0
0
0
-1
-1
-1
-1
-1
-1
-2
-2
-2
-2
-1
-1
-1
-1
-1
-1
0
0
0
0
0
0
0
0
0
0
0
-1
0
0
0
-1
-1
-1
-1
-1
-1
-1
-1
-1
0
1
1
1
1
1
1
1
0
1
1
1
1
0
0
0
0
0
-1
-1
-1
0
0
0
-1
-1
-1
0
0
0
-1
-1
0
0
0
0
0
0
0
0
0
0
0
0
0
-1
-1
0
0
0
0
-1
-1
-1
-1
-1
-1
-1
-1
-1
-1
-1
-1
-1
0
0
0
0
0
-1
0
0
0
-1
0
0
1
0
0
0
1
1
0
0
0
0
1
1
0
0
0
0
0
0
0
0
0
0
0
-1
-1
0
0
0
-1
-1
-1
-1
-1
-1
0
-1
-1
-1
-1
-1
0
-1
-1
-1
-1
-1
0
0
-1
-1
-1
-1
0
0
0
-1
-1
0
0
0
0
0
0
0
0
0
0
0
0
0
0
0
0
0
0
-1
-1
-1
-1
-1
-1
-1
-1
-1
-1
-1
-1
-1
-1
-1
-1
-1
0
0
0
0
0
0
0
0
0
0
0
-1
-1
-1
-1
0
0
-1
-1
-1
-1
-1
-1
-1
0
0
0
0
0
0
0
0
0
0
0
0
0
0
-1
-1
-1
-1
-1
-1
-1
-1
-1
-1
-1
-1
-2
-2
-1
-1
-1
-1
-1
-1
0
-1
-1
-1
-1
-1
-1
-1
-1
-1
-1
-1
-1
-1
-1
-1
-2
-2
-2
-2
-2
-1
-1
-1
-2
-1
-1
-1
-1
0
0
-1
-1
0
0
0
-1
-1
-1
-1
-1
-1
-1
-1
-1
-1
-1
-1
-1
-2
-2
-2
-1
-1
-1
-1
-1
-1
-1
-2
-2
-1
-1
-1
-1
-1
-1
-1
-1
-1
-1
-1
-1
-1
-1
-1
-1
0
0
-1
-1
0
0
-1
-1
-1
-1
-1
-1
-1
-1
-1
-1
-1
-1
-1
-2
-2
-2
-2
-2
-2
-2
-1
-1
-1
-1
-1
-2
-2
-2
-2
-1
-2
-2
-1
-1
-1
-1
-1
-1
-1
-1
-1
-1
-1
-1
-1
-1
-1
-1
-1
-1
-1
-1
-1
-1
-1
-1
-1
-1
-1
-1
-1
0
-1
-1
-1
-1
-1
-2
-2
-2
-1
-1
-1
-1
-1
-1
-1
-1
-2
-2
-2
-1
-1
-1
-1
-1
-1
-1
-1
-1
0
-1
-1
-1
0
0
0
0
-1
-1
-1
-1
0
0
0
0
0
0
0
-1
0
-1
-1
-1
-1
-1
-1
-1
-1
-1
-1
-1
-1
-1
-1
-1
-1
-1
0
-1
-1
-1
-1
-1
-1
-1
-1
-1
-1
-1
-1
-1
-1
-1
-1
-1
-1
0
0
-1
-1
-1
0
0
0
0
0
0
0
-1
0
0
0
0
0
0
0
0
0
0
0
-1
-1
-1
-1
-1
-1
-1
-1
-1
-1
-1
-1
-1
-1
-1
0
0
0
-1
-1
-1
0
0
-1
-1
0
0
0
-1
-1
0
0
-1
0
0
0
0
0
0
0
0
0
0
0
0
0
0
0
0
0
0
0
0
0
0
0
0
0
0
0
-1
-1
-1
0
0
-1
-1
-1
0
0
0
-1
-1
-1
0
-1
-1
0
0
0
0
0
0
0
0
0
0
0
0
0
0
0
0
0
0
0
0
0
0
0
0
0
1
0
0
0
0
0
0
0
0
0
0
0
0
0
0
0
0
0
0
0
0
0
0
0
0
0
0
0
0
0
0
0
0
1
1
0
0
0
0
0
0
0
0
0
0
0
0
0
-1
0
0
0
0
0
0
0
0
0
0
0
0
0
0
0
0
0
0
0
0
0
0
0
0
0
1
0
0
0
1
1
0
0
0
0
0
0
1
1
1
0
1
1
1
1
0
0
0
0
0
0
0
0
-1
0
0
0
0
-1
0
0
0
-1
0
0
0
0
0
0
0
0
0
0
0
0
0
0
0
0
0
0
1
1
1
1
0
0
0
1
1
1
1
0
0
0
0
1
0
0
0
0
0
0
0
1
0
0
0
0
0
0
0
0
-1
0
0
0
0
0
0
0
0
0
1
1
0
0
0
0
0
0
0
0
0
0
0
1
1
0
0
1
0
0
0
0
0
0
0
0
1
0
0
0
0
0
1
0
0
0
0
0
0
0
0
0
0
-1
-1
-1
-1
-1
-1
-1
-1
0
0
0
0
0
0
-1
0
0
0
0
0
0
0
1
1
0
0
0
0
0
0
0
0
0
0
0
0
0
0
0
0
0
0
0
1
0
0
0
0
0
0
0
0
0
0
-1
-1
-1
0
0
-1
-1
-1
0
0
-1
-1
0
0
0
0
0
0
0
0
0
0
0
0
0
0
-1
0
0
0
0
0
0
0
0
0
0
-1
-1
-1
0
0
0
0
0
-1
-1
0
0
0
0
0
0
0
0
0
0
0
0
0
0
-1
0
0
1
0
0
0
1
1
0
0
0
0
0
0
0
0
0
0
-1
-1
-1
-1
-1
-1
-1
-1
-1
-1
-1
-1
-1
-1
0
-1
-1
-1
-1
0
0
0
0
0
0
0
0
0
0
0
0
-1
0
0
0
0
0
0
0
0
0
0
0
0
0
0
0
0
0
0
0
0
0
0
0
0
-1
0
0
0
0
0
0
0
0
-1
-1
-1
0
0
0
0
0
-1
-1
-1
0
0
0
0
0
0
0
0
0
0
0
-1
0
0
0
0
0
-1
-1
-1
-1
-1
-1
0
0
0
0
0
-1
-1
-1
-1
-1
-1
-1
-1
0
0
0
0
0
0
0
0
0
-1
-1
-1
-1
-1
-1
-1
-1
-1
-1
-1
0
-1
-1
0
0
0
0
0
0
0
0
0
0
0
0
0
-1
-1
0
0
0
0
-1
-1
0
0
0
0
-1
-1
-1
-1
-1
-1
-1
-1
-1
-1
-1
-1
-1
-1
-1
-1
-1
0
0
0
0
-1
-1
-1
-1
-1
-1
-1
0
0
-1
-1
0
0
-1
-1
-1
-1
-1
-1
-1
-1
-1
-1
-1
-1
-1
-1
-1
-1
-1
-1
-1
-1
-1
-1
-1
-1
-2
-1
-1
-1
-1
-1
-1
-1
-1
-1
-1
-1
-1
0
-1
-1
-1
-1
-1
-1
-1
-1
-1
-1
-1
-1
-1
-1
-1
0
0
0
-1
-1
-1
-1
0
0
0
0
0
-1
-1
-1
-1
-1
-1
-1
-1
-1
-1
-1
-1
-1
-1
-1
-1
-1
-1
-1
0
0
0
-1
-1
-1
-1
-1
-1
-1
-1
-1
-1
-1
-1
-1
-1
-1
-1
-1
-1
-1
-1
-1
-1
-1
-1
-1
-1
-1
0
-1
-1
-1
0
0
-1
-1
-1
0
0
0
0
0
0
-1
-1
-1
-1
-1
-1
-1
-1
0
0
-1
-1
-1
-1
-1
-1
-1
-1
-1
-1
-1
-1
0
0
0
-1
-1
-1
-1
-1
-1
-1
0
0
0
-1
0
0
0
-1
0
0
0
-1
-1
-1
-1
0
-1
-1
-1
-1
-1
-1
-1
-1
-1
-1
-1
-1
-1
-1
-1
-1
-1
-1
-1
-1
-1
-1
-1
-1
-1
-1
-1
-1
-1
-1
-1
-1
-1
-1
-1
-1
-1
-1
-1
-1
-1
-1
0
0
0
0
0
0
0
0
0
0
0
-1
-1
-1
0
0
0
0
0
0
0
0
0
0
0
0
0
0
0
0
0
0
-1
0
0
0
-1
-1
-1
-1
-1
-1
-1
-1
-1
-1
-1
0
0
0
0
0
0
0
0
0
0
0
0
0
0
0
0
0
0
0
0
0
0
0
0
0
0
0
0
0
0
0
0
0
0
0
0
0
0
0
0
0
0
-1
0
0
-1
-1
0
0
0
0
0
0
0
0
0
0
0
0
-1
0
0
0
0
0
0
0
0
0
0
0
0
0
0
0
0
0
0
0
0
0
0
0
-1
-1
0
0
0
0
0
0
0
0
0
0
0
0
0
0
0
0
0
0
0
0
0
0
0
0
0
0
0
0
-1
0
0
0
0
0
0
0
0
0
-1
-1
-1
0
0
-1
-1
-1
0
0
0
0
0
0
0
0
0
0
0
0
0
0
0
0
0
0
0
0
0
0
0
0
0
0
0
0
0
0
0
0
0
0
0
0
0
0
0
0
0
0
0
0
0
0
0
0
0
0
0
0
0
0
0
0
-1
-1
-1
-1
-1
-1
-1
-1
0
0
0
0
0
0
0
0
0
0
0
0
0
0
0
0
0
0
0
0
0
0
0
0
0
-1
-1
-1
0
0
0
0
0
0
-1
0
0
0
0
0
0
0
0
-1
-1
-1
0
0
0
0
0
-1
0
0
0
0
0
0
0
0
0
0
0
0
0
0
0
0
0
0
0
0
0
0
0
0
0
0
0
0
0
0
0
0
-1
-1
0
0
0
0
0
0
0
-1
-1
0
0
0
0
0
0
0
0
-1
-1
0
0
0
0
0
-1
-1
0
0
0
-1
0
0
0
-1
-1
-1
0
0
0
0
0
0
0
0
0
0
0
0
0
0
0
0
0
0
0
0
0
0
0
0
0
0
-1
-1
0
0
0
0
-1
0
0
0
-1
-1
0
-1
-1
-1
0
0
0
0
0
0
0
0
0
0
0
0
0
0
-1
-1
-1
0
0
-1
-1
-1
0
0
0
0
-1
0
0
0
0
-1
0
0
0
0
0
0
0
0
0
0
0
0
0
-1
0
0
0
0
0
0
0
0
0
0
0
0
0
0
0
0
0
0
0
0
0
0
0
-1
-1
-1
0
0
0
0
0
0
0
0
-1
0
0
0
0
0
0
0
0
0
0
0
0
0
0
0
0
0
-1
0
0
0
0
-1
-1
0
0
0
0
0
0
0
0
0
0
0
0
0
-1
0
0
0
0
0
0
0
0
0
0
0
0
0
0
0
0
0
0
0
0
0
0
0
0
0
0
0
-1
0
0
0
0
0
0
0
0
0
0
0
0
0
0
0
0
0
0
0
0
0
0
0
0
0
0
0
0
0
0
-1
-1
0
0
0
0
0
0
0
0
0
0
0
0
0
0
0
0
0
0
0
0
0
0
0
0
0
0
0
0
-1
0
-1
-1
-1
0
0
0
0
-1
0
0
0
0
0
0
0
0
0
0
0
0
0
0
0
0
0
0
0
0
0
0
0
0
0
0
0
0
-1
-1
-1
0
0
-1
-1
0
0
0
0
0
0
0
0
0
0
0
-1
0
0
0
0
0
0
-1
-1
0
0
0
-1
-1
0
0
0
0
0
0
0
0
0
0
-1
0
0
0
0
0
0
-1
-1
0
0
0
0
0
0
0
0
-1
0
0
0
0
0
0
0
0
-1
0
0
0
0
0
0
0
0
0
0
-1
-1
-1
0
0
0
0
0
0
0
0
0
0
0
0
0
0
0
0
0
0
0
0
0
0
0
0
0
-1
-1
0
0
0
0
0
0
0
-1
-1
-1
0
0
0
0
0
0
0
0
0
0
0
0
0
0
0
0
0
0
0
0
0
0
0
0
0
0
0
0
0
0
0
0
0
0
0
0
0
-1
0
0
0
0
0
0
0
0
0
0
0
0
0
0
0
0
-1
-1
-1
-1
0
0
0
0
0
0
0
0
0
0
0
0
0
0
0
0
0
0
0
0
-1
0
0
0
0
0
0
0
0
0
0
-1
-1
-1
0
0
0
-1
0
0
-1
-1
0
0
0
-1
0
0
0
-1
0
0
0
0
0
0
0
0
0
0
0
0
0
0
0
0
0
0
0
0
0
0
0
0
0
0
0
0
0
0
0
0
0
0
0
0
0
0
0
0
0
0
0
0
0
0
0
0
0
0
0
0
0
0
0
0
0
0
0
0
0
0
0
0
0
0
0
0
0
0
0
0
0
0
0
0
0
0
-1
-1
0
0
-1
-1
0
0
0
-1
0
0
0
0
0
0
0
-1
-1
0
0
0
0
0
0
0
0
0
-1
0
0
0
-1
-1
0
0
0
-1
0
0
0
0
0
0
0
0
0
0
0
0
0
0
0
0
0
0
0
-1
0
0
0
0
0
0
0
0
0
0
0
0
0
0
0
-1
-1
0
0
0
0
0
0
0
-1
-1
0
0
0
0
0
0
0
0
0
0
0
0
0
0
0
0
0
0
0
0
0
0
0
0
0
0
0
0
0
0
0
0
0
0
0
0
0
0
0
0
0
0
0
0
0
0
0
0
0
0
0
0
0
0
0
0
0
0
0
0
0
0
0
0
0
0
0
0
0
0
0
0
0
0
0
0
0
0
0
0
0
0
-1
-1
0
0
0
-1
0
0
0
0
0
0
0
0
0
0
0
0
0
0
0
0
0
0
-1
0
0
0
0
0
0
0
0
0
-1
0
0
0
0
0
0
0
0
0
0
0
0
0
0
0
0
0
0
0
0
0
0
0
0
0
0
0
0
0
0
0
0
0
0
0
0
0
0
0
0
0
0
0
0
0
0
0
0
0
0
0
0
0
0
0
0
0
0
0
0
0
0
0
0
0
0
0
0
0
0
0
0
0
0
0
0
0
0
0
0
0
0
0
0
0
0
-1
0
0
0
0
0
0
0
0
-1
0
0
0
0
-1
0
0
0
0
0
0
0
0
0
0
0
0
0
0
0
0
0
0
0
0
0
0
0
0
0
0
0
0
0
0
0
0
0
0
0
0
0
0
0
0
0
0
0
0
0
0
0
0
0
0
0
0
0
-1
0
0
0
0
0
0
0
0
0
0
0
0
0
0
0
0
0
0
0
0
0
0
0
0
0
0
0
0
0
0
0
0
0
0
0
0
0
0
0
0
0
0
0
0
0
0
-1
-1
-1
-1
0
0
0
0
0
0
0
0
0
0
0
0
0
0
0
-1
0
0
0
0
-1
-1
0
0
0
0
0
0
0
0
0
0
0
0
0
0
0
0
0
0
0
0
0
0
0
0
0
0
0
0
0
0
0
0
0
0
0
0
0
0
0
0
0
0
0
0
0
0
0
0
0
0
0
0
0
0
0
0
0
0
0
0
0
0
0
0
0
0
0
0
0
0
0
0
0
0
0
0
0
0
0
0
0
0
0
0
0
0
0
0
0
0
0
0
0
0
0
0
0
0
0
0
0
0
0
0
0
0
0
0
0
0
0
0
0
0
0
0
0
0
0
0
0
0
0
0
0
0
0
0
0
0
0
0
0
0
0
0
0
0
0
0
0
0
0
0
0
-1
-1
0
0
0
0
0
0
0
0
0
0
0
0
0
0
0
0
0
0
0
0
0
0
0
0
0
0
0
0
0
0
0
0
0
0
0
0
0
0
0
0
0
0
0
0
0
0
0
0
0
0
0
0
0
0
0
0
0
0
0
0
0
0
0
0
0
0
0
0
0
0
0
0
0
0
0
0
0
0
0
0
0
0
0
0
0
0
0
0
0
0
0
0
0
0
0
0
0
0
0
0
0
0
0
0
-1
0
0
0
0
0
0
-1
0
0
0
0
0
0
0
0
0
0
0
0
0
0
0
0
0
0
0
0
0
0
0
0
0
0
0
0
0
0
0
0
0
0
0
0
0
0
0
0
0
0
0
0
0
0
0
0
0
0
0
0
0
0
0
0
0
0
0
0
0
0
0
0
0
0
0
0
0
0
0
0
0
0
0
0
0
0
0
0
0
0
0
0
0
0
0
0
0
0
0
0
0
0
0
0
0
0
0
0
0
0
0
0
0
0
0
0
0
-1
0
0
0
0
0
0
0
0
0
0
0
0
0
0
0
0
0
0
0
0
0
0
0
0
0
0
0
0
0
0
0
0
0
0
0
0
0
0
0
-1
0
0
0
0
0
0
0
0
0
0
0
0
0
0
0
0
0
0
0
0
0
-1
0
0
0
0
0
0
0
0
0
0
0
0
0
0
0
0
0
0
0
0
0
0
0
0
0
0
0
0
0
0
0
0
0
0
0
0
0
0
0
0
0
0
0
0
0
0
0
0
0
0
0
0
0
0
0
0
0
0
0
0
0
0
0
0
0
0
0
0
0
0
0
0
0
0
0
0
0
0
0
0
0
0
0
0
0
0
0
0
0
0
0
0
0
0
0
0
0
0
0
0
0
0
0
0
0
0
0
0
0
0
0
0
0
0
0
0
0
0
0
0
0
0
0
0
0
0
0
0
0
0
0
0
0
0
0
0
0
0
0
0
0
0
0
0
0
0
0
0
0
0
0
0
0
0
0
0
0
0
0
-1
0
0
0
0
0
0
0
0
0
0
0
0
0
0
0
0
0
0
0
0
0
0
0
0
0
0
0
0
0
0
0
0
0
0
0
0
0
0
0
0
0
0
0
0
0
0
0
0
0
0
0
0
0
0
0
0
0
0
0
-1
-1
0
0
0
0
0
0
0
0
0
0
0
0
0
0
0
0
0
0
0
0
0
0
0
0
0
0
0
0
0
0
0
0
0
0
0
0
0
0
0
0
0
0
0
0
0
0
0
0
0
0
0
0
0
0
0
0
0
0
0
0
0
0
0
0
0
0
0
0
0
0
0
0
0
0
0
0
0
0
0
0
0
0
0
0
0
0
0
0
0
0
0
0
0
0
0
0
0
0
0
0
0
0
0
0
0
0
0
0
0
0
0
0
0
0
0
0
0
0
0
0
0
0
0
0
0
0
0
0
0
0
0
0
0
0
0
0
0
0
0
0
0
0
0
0
0
0
0
0
0
0
0
0
0
0
0
0
0
0
0
0
0
0
0
0
0
0
0
0
0
0
0
0
0
0
0
0
0
0
0
0
0
0
0
0
0
0
-1
0
0
0
0
0
0
0
0
0
0
0
0
0
0
0
0
0
0
0
0
0
0
0
0
0
0
0
0
0
0
0
0
-1
0
0
0
0
0
0
0
0
0
0
0
0
0
0
0
0
0
0
0
0
0
0
0
0
0
0
0
0
0
0
0
0
0
0
0
0
0
0
0
0
0
0
0
0
0
0
0
0
0
0
0
0
0
0
0
0
0
0
0
0
0
0
0
0
0
0
0
0
0
0
0
0
0
0
0
0
0
0
0
0
0
0
0
0
-1
0
0
0
0
0
0
0
0
0
0
0
0
0
0
0
0
0
0
0
0
0
0
0
-1
0
0
0
0
-1
0
0
0
0
0
0
0
0
0
0
0
0
0
0
0
0
0
0
0
0
0
0
0
0
0
0
0
0
0
0
0
0
0
0
0
0
0
0
0
0
0
0
0
0
0
0
0
0
0
0
0
0
0
0
0
0
0
0
0
0
0
0
0
0
0
0
0
0
0
0
0
0
0
0
0
0
0
0
0
0
0
0
0
0
0
0
0
0
0
0
0
0
0
0
0
0
0
0
0
0
0
0
0
0
0
0
0
0
0
0
0
0
0
0
0
0
0
0
0
0
0
0
0
0
0
0
0
0
0
0
0
0
0
0
0
0
0
0
0
0
0
0
0
0
-1
0
0
0
0
0
0
0
0
0
0
0
0
0
0
0
0
0
0
0
0
0
0
0
0
0
0
0
0
0
0
0
0
0
0
0
0
0
0
0
0
0
0
0
0
0
0
0
0
0
0
0
0
0
0
0
0
0
0
0
0
0
0
0
0
0
0
0
0
0
0
0
0
0
0
0
0
0
0
0
0
0
0
0
0
0
0
0
0
0
0
0
0
0
0
0
0
0
0
0
0
0
0
0
0
0
0
0
0
0
0
0
0
0
0
0
0
0
0
0
0
0
0
0
0
0
0
0
0
0
0
0
0
0
0
0
0
0
0
0
0
0
0
0
0
0
0
0
0
0
0
0
0
0
0
0
0
0
0
0
0
0
0
0
0
0
0
0
0
0
0
0
0
0
0
0
0
0
0
0
0
0
0
0
0
0
0
0
0
0
0
0
0
0
0
0
0
0
0
0
0
0
0
0
0
0
0
0
0
0
0
0
0
0
0
0
0
0
0
0
0
0
0
0
0
0
0
0
0
0
0
0
0
0
0
0
0
0
0
0
0
0
0
0
0
0
0
0
0
0
0
0
0
0
0
0
0
0
0
0
0
0
0
0
0
0
0
0
0
0
0
0
0
0
0
0
0
0
0
0
0
0
0
0
0
0
0
0
0
0
0
0
0
0
0
0
0
0
0
0
0
0
0
0
0
0
0
0
0
-1
0
0
0
0
0
0
0
0
0
0
0
0
0
0
0
0
0
0
0
0
0
0
0
0
0
0
0
0
0
0
0
0
0
0
0
0
0
0
0
0
0
0
0
0
0
0
0
0
0
0
0
0
0
0
0
0
0
0
0
0
0
0
0
0
0
0
0
0
0
0
0
0
0
0
0
0
0
0
0
0
0
0
0
0
0
0
0
0
0
0
0
0
0
0
0
0
0
0
0
0
0
0
0
0
0
0
0
0
0
0
0
0
0
0
0
0
0
0
0
0
0
0
0
0
0
0
0
0
0
0
0
0
0
0
0
0
0
0
0
0
0
0
0
0
0
0
0
0
0
0
0
0
0
0
0
0
0
0
0
0
0
0
0
0
0
0
0
0
0
0
0
0
0
0
0
0
0
0
0
0
0
0
0
0
0
0
0
0
0
0
0
0
0
0
0
0
0
0
0
0
0
0
0
0
0
0
0
0
0
0
0
0
0
0
0
0
0
0
0
0
0
0
0
0
0
0
0
0
0
0
0
0
0
0
0
0
0
0
0
0
0
0
0
0
0
0
0
0
0
0
0
0
0
0
0
0
0
0
0
0
0
0
0
0
0
0
0
0
0
0
0
0
0
0
0
0
0
0
0
0
0
0
0
0
0
0
0
0
0
0
0
0
0
0
0
0
0
0
0
0
0
0
0
0
0
0
0
0
0
0
0
0
0
0
0
0
0
0
0
0
0
0
0
0
0
0
0
0
0
0
0
0
0
0
0
0
0
0
0
0
0
0
0
0
0
0
0
0
0
0
0
0
0
0
0
0
0
0
0
0
0
0
0
0
0
0
0
0
0
0
0
0
0
0
0
0
0
0
0
0
0
0
0
0
0
0
0
0
0
0
0
0
0
0
0
0
0
0
0
0
0
0
0
0
0
0
0
0
0
0
0
0
0
0
0
0
0
0
0
0
0
0
0
0
0
0
0
0
0
0
0
0
0
0
0
0
0
0
0
0
0
0
0
0
0
0
0
0
0
0
0
0
0
0
0
0
0
0
0
0
0
0
0
0
0
0
0
0
0
0
0
0
0
0
0
0
0
0
0
0
0
0
0
0
0
0
0
0
0
0
0
0
0
0
0
0
0
0
0
0
0
0
0
0
0
0
0
0
0
0
0
0
0
0
0
0
0
0
0
0
0
0
0
0
0
-1
0
0
0
0
0
0
0
0
0
0
0
0
0
0
0
0
0
0
0
0
0
0
0
0
0
0
0
0
0
0
0
0
0
0
0
0
0
0
0
0
0
0
0
0
0
0
0
0
0
0
0
0
0
0
0
0
0
0
0
0
0
0
0
0
0
0
0
0
0
0
0
0
0
0
0
0
0
0
0
0
0
0
0
0
0
0
0
0
0
0
0
0
0
0
0
0
0
0
0
0
0
0
0
0
0
0
0
0
0
0
0
0
0
0
0
0
0
0
0
0
0
0
0
0
0
0
0
-1
0
0
0
0
0
0
0
0
0
0
0
0
0
0
0
0
0
0
0
0
0
0
0
0
0
0
0
0
0
0
0
0
0
0
0
0
0
0
0
0
0
0
0
0
0
0
0
0
0
0
0
0
0
0
0
0
0
0
0
0
0
0
0
0
0
0
0
0
0
0
0
0
0
0
0
0
0
0
0
0
0
0
0
0
0
0
0
0
0
0
0
0
0
0
0
0
0
0
0
0
0
0
0
0
0
0
0
0
0
0
0
0
0
0
0
-1
0
0
0
-1
0
0
0
0
0
0
0
0
0
0
0
0
0
0
0
0
0
0
0
0
0
0
0
0
0
0
0
0
0
0
0
0
0
0
0
0
0
0
0
0
0
0
0
0
0
0
0
0
0
0
0
0
0
0
0
0
0
0
0
0
0
0
0
0
0
0
0
0
0
0
0
0
0
0
0
0
0
0
0
0
0
0
0
0
0
0
0
0
0
0
0
0
0
0
0
0
0
0
0
0
0
0
0
0
0
0
0
0
0
0
0
0
0
0
0
0
0
0
0
0
0
0
0
0
0
0
0
0
0
0
0
0
0
0
0
0
0
0
0
0
0
0
0
0
0
0
0
0
0
0
0
0
0
0
0
0
0
0
0
0
0
0
0
0
0
0
0
0
0
0
0
0
0
0
0
0
0
0
0
0
0
0
0
0
0
0
0
0
0
0
0
0
0
0
0
0
0
0
0
0
0
0
0
0
0
0
0
0
0
0
0
0
0
0
0
0
0
0
0
0
0
0
0
0
0
0
0
0
0
0
0
0
0
0
0
0
0
0
0
0
0
0
0
0
0
0
0
0
0
0
0
0
0
0
0
0
0
0
0
0
0
0
0
0
0
0
0
0
0
0
0
0
0
0
0
0
0
0
0
0
0
0
0
0
0
0
0
0
0
0
0
0
0
0
0
0
0
0
0
0
0
0
0
0
0
0
0
0
0
0
0
0
0
0
0
0
0
0
0
0
0
0
0
0
0
0
0
0
0
0
0
0
0
0
0
0
0
0
0
0
0
0
0
0
0
0
0
0
0
0
0
0
0
0
0
0
0
0
0
0
0
0
0
0
0
0
0
0
0
0
0
0
0
0
0
0
0
0
0
0
0
0
0
0
0
0
0
0
0
0
0
0
0
0
0
0
0
0
0
0
0
0
0
0
0
0
0
0
0
0
0
0
0
0
0
0
0
0
0
0
0
0
0
0
0
0
0
0
0
0
0
0
0
0
0
0
0
0
0
0
0
0
0
0
0
0
0
0
0
0
0
0
0
0
0
0
0
0
0
0
0
0
0
0
0
0
0
0
0
0
0
0
0
0
0
0
0
0
0
0
0
0
0
0
0
0
0
0
0
0
0
0
0
0
0
0
0
0
0
0
0
0
0
0
0
0
0
0
0
0
0
0
0
0
0
0
0
0
0
0
0
0
0
0
0
0
0
0
0
0
0
0
0
0
0
0
0
0
0
0
0
0
0
0
0
0
0
0
0
0
0
0
0
0
0
0
0
0
0
0
0
0
0
0
0
0
0
0
0
0
0
0
0
0
0
0
0
0
0
0
0
0
0
0
0
0
0
0
0
0
0
0
0
0
0
0
0
0
0
0
0
0
0
0
0
0
0
0
0
0
0
0
0
0
0
0
0
0
0
0
0
0
0
0
0
0
0
0
0
0
0
0
0
0
0
0
0
0
0
0
0
0
0
0
0
0
0
0
0
0
0
0
0
0
0
0
0
0
0
0
0
0
0
0
0
0
0
0
0
0
0
0
0
0
0
0
0
0
0
0
0
0
0
0
0
0
0
0
0
0
0
0
0
0
0
0
0
0
0
0
0
0
0
0
0
0
0
0
0
0
0
0
0
0
0
0
0
0
0
0
0
0
0
0
0
0
0
0
0
0
0
0
0
0
0
0
0
0
0
0
0
0
0
0
0
0
0
0
0
0
0
0
0
0
0
0
0
0
0
0
0
0
0
0
0
0
0
0
0
0
0
0
0
0
0
0
0
0
0
0
0
0
0
0
0
0
0
0
0
0
0
0
0
0
0
0
0
0
0
0
0
0
0
0
0
0
0
0
0
0
0
0
0
0
0
0
0
0
0
0
0
0
0
0
0
0
0
0
0
0
0
0
0
0
0
0
0
0
0
0
0
0
0
0
0
0
0
0
0
0
0
0
0
0
0
0
0
0
0
0
0
0
0
0
0
0
0
0
0
0
0
0
0
0
0
0
0
0
0
0
0
0
0
0
0
0
0
0
0
0
0
0
0
0
0
0
0
0
0
0
0
0
0
0
0
0
0
0
0
0
0
0
0
0
0
0
0
0
0
0
0
0
0
0
0
0
0
0
0
0
0
0
0
0
0
0
0
0
0
0
0
0
0
0
0
0
0
0
0
0
0
0
0
0
0
0
0
0
0
0
0
0
0
0
0
0
0
0
0
0
0
0
0
0
0
0
0
0
0
0
0
0
0
0
0
0
0
0
0
0
0
0
0
0
0
0
0
0
0
0
0
0
0
0
0
0
0
0
0
0
0
0
0
0
0
0
0
0
0
0
0
0
0
0
0
0
0
0
0
0
0
0
0
0
0
0
0
0
0
0
0
0
0
0
0
0
0
0
0
0
0
0
0
0
0
0
0
0
0
0
0
0
0
0
0
0
0
0
0
0
0
0
0
0
0
0
0
0
0
0
0
0
0
0
0
0
0
0
0
0
0
0
0
0
0
0
0
0
0
0
0
0
0
0
0
0
0
0
0
0
0
0
0
0
0
0
0
0
0
0
0
0
0
0
0
0
0
0
0
0
0
0
0
0
0
0
0
0
0
0
0
0
0
0
0
0
0
0
0
0
0
0
0
0
0
0
0
0
0
0
0
0
0
0
0
0
0
0
0
0
0
0
0
0
0
0
0
0
0
0
0
0
0
0
0
0
0
0
0
0
0
0
0
0
0
0
0
0
0
0
0
0
0
0
0
0
0
0
0
0
0
0
0
0
0
0
0
0
0
0
0
0
0
0
0
0
0
0
0
0
0
0
0
0
0
0
0
0
0
0
0
0
0
0
0
0
0
0
0
0
0
0
0
0
0
0
0
0
0
0
0
0
0
0
0
0
0
0
0
0
0
0
0
0
0
0
0
0
0
0
0
0
0
0
0
0
0
0
0
0
0
0
0
0
0
0
0
0
0
0
0
0
0
0
0
0
0
0
0
0
0
0
0
0
0
0
0
0
0
0
0
0
0
0
0
0
0
0
0
0
0
0
0
0
0
0
0
0
0
0
0
0
0
0
0
0
0
0
0
0
0
0
0
0
0
0
0
0
0
0
0
0
0
0
0
0
0
0
0
0
0
0
0
0
0
0
0
0
0
0
0
0
0
0
0
0
0
0
0
0
0
0
0
0
0
0
0
0
0
0
0
0
0
0
0
0
0
0
0
0
0
0
0
0
0
0
0
0
0
0
0
0
0
0
0
0
0
0
0
0
0
0
0
0
0
0
0
0
0
0
0
0
0
0
0
0
0
0
0
0
0
0
0
0
0
0
0
0
0
0
0
0
0
0
0
0
0
0
0
0
0
0
0
0
0
0
0
0
0
0
0
0
0
0
0
0
0
0
0
0
0
0
0
0
0
0
0
0
0
0
0
0
0
0
0
0
0
0
0
0
0
0
0
0
0
0
0
0
0
0
0
0
0
0
0
0
0
0
0
0
0
0
0
0
0
0
0
0
0
0
0
0
0
0
0
0
0
0
0
0
0
0
0
0
0
0
0
0
0
0
0
0
0
0
0
0
0
