0
0
0
0
0
0
0
0
0
0
0
0
0
0
0
0
0
0
0
0
0
0
0
0
0
0
0
0
0
0
0
0
0
0
0
0
0
0
0
0
0
0
0
0
0
0
0
0
0
0
0
0
0
0
0
0
0
0
0
0
0
0
0
0
0
0
0
0
0
0
0
0
0
0
0
0
0
0
0
0
0
0
0
0
0
0
0
0
0
0
0
0
0
0
0
0
0
0
0
0
0
0
0
0
0
0
0
0
0
0
0
0
0
0
0
0
0
0
0
0
0
0
0
0
0
0
0
0
0
0
0
0
0
0
0
0
0
0
0
0
0
0
0
0
0
0
0
0
0
0
0
0
0
0
0
0
0
0
0
0
0
0
0
0
0
0
0
0
0
0
0
0
0
0
0
0
0
0
0
0
0
0
0
0
0
0
0
0
0
0
0
0
0
0
0
0
0
0
0
0
0
0
0
0
0
0
0
0
0
0
0
0
0
0
0
0
0
0
0
0
0
0
0
0
0
0
0
0
0
0
0
0
0
0
0
0
0
0
0
0
0
0
0
0
0
0
0
0
0
0
0
0
0
0
0
0
0
0
0
0
0
0
0
0
0
0
0
0
0
0
0
0
0
0
0
0
0
0
0
0
0
0
0
0
0
0
0
0
0
0
0
0
0
0
0
0
0
0
0
0
0
0
0
0
0
0
0
0
0
0
0
0
0
0
0
0
0
0
0
0
0
0
0
0
0
0
0
0
0
0
0
0
0
0
0
0
0
0
0
0
0
0
0
0
0
0
0
0
0
0
0
0
0
0
0
0
0
0
0
0
0
0
0
0
0
0
0
0
0
0
0
0
0
0
0
0
0
0
0
0
0
0
0
0
0
0
0
0
0
0
0
0
0
0
0
0
0
0
0
0
0
0
0
0
0
0
0
0
0
0
0
0
0
0
0
0
0
0
0
0
0
0
0
0
0
0
0
0
0
0
0
0
0
0
0
0
0
0
0
0
0
0
0
0
0
0
0
0
0
0
0
0
0
0
0
0
0
0
0
0
0
0
0
0
0
0
0
0
0
0
0
0
0
0
0
0
0
0
0
0
0
0
0
0
0
0
0
0
0
0
0
0
0
0
0
0
0
0
0
0
0
0
0
0
0
0
0
0
0
0
0
0
0
0
0
0
0
0
0
0
0
0
0
0
0
0
0
0
0
0
0
0
0
0
0
0
0
0
0
0
0
0
0
0
0
0
0
0
0
0
0
0
0
0
0
0
0
0
0
0
0
0
0
0
0
0
0
0
0
0
0
0
0
0
0
0
0
0
0
0
0
0
0
0
0
0
0
0
0
0
0
0
0
0
0
0
0
0
0
0
0
0
0
0
0
0
0
0
0
0
0
0
0
0
0
0
0
0
0
0
0
0
0
0
0
0
0
0
0
0
0
0
0
0
0
0
0
0
0
0
0
0
0
0
0
0
0
0
0
0
0
0
0
0
0
0
0
0
0
0
0
0
0
0
0
0
0
0
0
0
0
0
0
0
0
0
0
0
0
0
0
0
0
0
0
0
0
0
0
0
0
0
0
0
0
0
0
0
0
0
0
0
0
0
0
0
0
0
0
0
0
0
0
0
0
0
0
0
0
0
0
0
0
0
0
0
0
0
0
0
0
0
0
0
0
0
0
0
0
0
0
0
0
0
0
0
0
0
0
0
0
0
0
0
0
0
0
0
0
0
0
0
0
0
0
0
0
0
0
0
0
0
0
0
0
0
0
0
0
0
0
0
0
0
0
0
0
0
0
0
0
0
0
0
0
0
0
0
0
0
0
0
0
0
0
0
0
0
0
0
0
0
0
0
0
0
0
0
0
0
0
0
0
0
0
0
0
0
0
0
0
0
0
0
0
0
0
0
0
0
0
0
0
0
0
0
0
0
0
0
0
0
0
0
0
0
0
0
0
0
0
0
0
0
0
0
0
0
0
0
0
0
0
0
0
0
0
0
0
0
0
0
0
0
0
0
0
0
0
0
0
0
0
0
0
0
0
0
0
0
0
0
0
0
0
0
0
0
0
0
0
0
0
0
0
0
0
0
0
0
0
0
0
0
0
0
0
0
0
0
0
0
0
0
0
0
0
0
0
0
0
0
0
0
0
0
0
0
0
0
0
0
0
0
0
0
0
0
0
0
0
0
0
0
0
0
0
0
0
0
0
0
0
0
0
0
0
0
0
0
0
0
0
0
0
0
0
0
0
0
0
0
0
0
0
0
0
0
0
0
0
0
0
0
0
0
0
0
0
0
0
0
0
0
0
0
0
0
0
0
0
0
0
0
0
0
0
0
0
0
0
0
0
0
0
0
0
0
0
0
0
0
0
0
0
0
0
0
0
0
0
0
0
0
0
0
0
0
0
0
0
0
0
0
0
0
0
0
0
0
0
0
0
0
0
0
0
0
0
0
0
0
0
0
0
0
0
0
0
0
0
0
0
0
0
0
0
0
0
0
0
0
0
0
0
0
0
0
0
0
0
0
0
0
0
0
0
0
0
0
0
0
0
0
0
0
0
0
0
0
0
0
0
0
0
0
0
0
0
0
0
0
0
0
0
0
0
0
0
0
0
0
0
0
0
0
0
0
0
0
0
0
0
0
0
0
0
0
0
0
0
0
0
0
0
0
0
0
0
0
0
0
0
0
0
0
0
0
0
0
0
0
0
0
0
0
0
0
0
0
0
0
0
0
0
0
0
0
0
0
0
0
0
0
0
0
0
0
0
0
0
0
0
0
0
0
0
0
0
0
0
0
0
0
0
0
0
0
0
0
0
0
0
0
0
0
0
0
0
0
0
0
0
0
0
0
0
0
0
0
0
0
0
0
0
0
0
0
0
0
0
0
0
0
0
0
0
0
0
0
0
0
0
0
0
0
0
0
0
0
0
0
0
0
0
0
0
0
0
0
0
0
0
0
0
0
0
0
0
0
0
0
0
0
0
0
0
0
0
0
0
0
0
0
0
0
0
0
0
0
0
0
0
0
0
0
0
0
0
0
0
0
0
0
0
0
0
0
0
0
0
0
0
0
0
0
0
0
0
0
0
0
0
0
0
0
0
0
0
0
0
0
0
0
0
0
0
0
0
0
0
0
0
0
0
0
0
0
0
0
0
0
0
0
0
0
0
0
0
0
0
0
0
0
0
0
0
0
0
0
0
0
0
0
0
0
0
0
0
0
0
0
0
0
0
0
0
0
0
0
0
0
0
0
0
0
0
0
0
0
0
0
0
0
0
0
0
0
0
0
0
0
0
0
0
0
0
0
0
0
0
0
0
0
0
0
0
0
0
0
0
0
0
0
0
0
0
0
0
0
0
0
0
0
0
0
0
0
0
0
0
0
0
0
0
0
0
0
0
0
0
0
0
0
0
0
0
0
0
0
0
0
0
0
0
0
0
0
0
0
0
0
0
0
0
0
0
0
0
0
0
0
0
0
0
0
0
0
0
0
0
0
0
0
0
0
0
0
0
0
0
0
0
0
0
0
0
0
0
0
0
0
0
0
0
0
0
0
0
0
0
0
0
0
0
0
0
0
0
0
0
0
0
0
0
0
0
0
0
0
0
0
0
0
0
0
0
0
0
0
0
0
0
0
0
0
0
0
0
0
0
0
0
0
0
0
0
0
0
0
0
0
0
0
0
0
0
0
0
0
0
0
0
0
0
0
0
0
0
0
0
0
0
0
0
0
0
0
0
0
0
0
0
0
0
0
0
0
0
0
0
0
0
0
0
0
0
0
0
0
0
0
0
0
0
0
0
0
0
0
0
0
0
0
0
0
0
0
0
0
0
0
0
0
0
0
0
0
0
0
0
0
0
0
0
0
0
0
0
0
0
0
0
0
0
0
0
0
0
0
0
0
0
0
0
0
0
0
0
0
0
0
0
0
0
0
0
0
0
0
0
0
0
0
0
0
0
0
0
0
0
0
0
0
0
0
0
0
0
0
0
0
0
0
0
0
0
0
0
0
0
0
0
0
0
0
0
0
0
0
0
0
0
0
0
0
0
0
0
0
0
0
0
0
0
0
0
0
0
0
0
0
0
0
0
0
0
0
0
0
0
0
0
0
0
0
0
0
0
0
0
0
0
0
0
0
0
0
0
0
0
0
0
0
0
0
0
0
0
0
0
0
0
0
0
0
0
0
0
0
0
0
0
0
0
0
0
0
0
0
0
0
0
0
0
0
0
0
0
0
0
0
0
0
0
0
0
0
0
0
0
0
0
0
0
0
0
0
0
0
0
0
0
0
0
0
0
0
0
0
0
0
0
0
0
0
0
0
0
0
0
0
0
0
0
0
0
0
0
0
0
0
0
0
0
0
0
0
0
0
0
0
0
0
0
0
0
0
0
0
0
0
0
0
0
0
0
0
0
0
0
0
0
0
0
0
0
0
0
0
0
0
0
0
0
0
0
0
0
0
0
0
0
0
0
0
0
0
0
0
0
0
0
0
0
0
0
0
0
0
0
0
0
0
0
0
0
0
0
0
0
0
0
0
0
0
0
0
0
0
0
0
0
0
0
0
0
0
0
0
0
0
0
0
0
0
0
0
0
0
0
0
0
0
0
0
0
0
0
0
0
0
0
0
0
0
0
0
0
0
0
0
0
0
0
0
0
0
0
0
0
0
0
0
0
0
0
0
0
0
0
0
0
0
0
0
0
0
0
0
0
0
0
0
0
0
0
0
0
0
0
0
0
0
0
0
0
0
0
0
0
0
0
0
0
0
0
0
0
0
0
0
0
0
0
0
0
0
0
0
0
0
0
0
0
0
0
0
0
0
0
0
0
0
0
0
0
0
0
0
0
0
0
0
0
0
0
0
0
0
0
0
0
0
0
0
0
0
0
0
0
0
0
0
0
0
0
0
0
0
0
0
0
0
0
0
0
0
0
0
0
0
0
0
0
0
0
0
0
0
0
0
0
0
0
0
0
0
0
0
0
0
0
0
0
0
0
0
0
0
0
0
0
0
0
0
0
0
0
0
0
0
0
0
0
0
0
0
0
0
0
0
0
0
0
0
0
0
0
0
0
0
0
0
0
0
0
0
0
0
0
0
0
0
0
0
0
0
0
0
0
0
0
0
0
0
0
0
0
0
0
0
0
0
0
0
0
0
0
0
0
0
0
0
0
0
0
0
0
0
0
0
0
0
0
0
0
0
0
0
0
0
0
0
0
0
0
0
0
0
0
0
0
0
0
0
0
0
0
0
0
0
0
0
0
0
0
0
0
0
0
0
0
0
0
0
0
0
0
0
0
0
0
0
0
0
0
0
0
0
0
0
0
0
0
0
0
0
0
0
0
0
0
0
0
0
0
0
0
0
0
0
0
0
0
0
0
0
0
0
0
0
0
0
0
0
0
0
0
0
0
0
0
0
0
0
0
0
0
0
0
0
0
0
0
0
0
0
0
0
0
0
0
0
0
0
0
0
0
0
0
0
0
0
0
0
0
0
0
0
0
0
0
0
0
0
0
0
0
0
0
0
0
0
0
0
0
0
0
0
0
0
0
0
0
0
0
0
0
0
0
0
0
0
0
0
0
0
0
0
0
0
0
0
0
0
0
0
0
0
0
0
0
0
0
0
0
0
0
0
0
0
0
0
0
0
0
0
0
0
0
0
0
0
0
0
0
0
0
0
0
0
0
0
0
0
0
0
0
0
0
0
0
0
0
0
0
0
0
0
0
0
0
0
0
0
0
0
0
0
0
0
0
0
0
0
0
0
0
0
0
0
0
0
0
0
0
0
0
0
0
0
0
0
0
0
0
0
0
0
0
0
0
0
0
0
0
0
0
0
0
0
0
0
0
0
0
0
0
0
0
0
0
0
0
0
0
0
0
0
0
0
0
0
0
0
0
0
0
0
0
0
0
0
0
0
0
0
0
0
0
0
0
0
0
0
0
0
0
0
0
0
0
0
0
0
0
0
0
0
0
0
0
0
0
0
0
0
0
0
0
0
0
0
0
0
0
0
0
0
0
0
0
0
0
0
0
0
0
0
0
0
0
0
0
0
0
0
0
0
0
0
0
0
0
0
0
0
0
0
0
0
0
0
0
0
0
0
0
0
0
0
0
0
0
0
0
0
0
0
0
0
0
0
0
0
0
0
0
0
0
0
0
0
0
0
0
0
0
0
0
0
0
0
0
0
0
0
0
0
0
0
0
0
0
0
0
0
0
0
0
0
0
0
0
0
0
0
0
0
0
0
0
0
0
0
0
0
0
0
0
0
0
0
0
0
0
0
0
0
0
0
0
0
0
0
0
0
0
0
0
0
0
0
0
0
0
0
0
0
0
0
0
0
0
0
0
0
0
0
0
0
0
0
0
0
0
0
0
0
0
0
0
0
0
0
0
0
0
0
0
0
0
0
0
0
0
0
0
0
0
0
0
0
0
0
0
0
0
0
0
0
0
0
0
0
0
0
0
0
0
0
0
0
0
0
0
0
0
0
0
0
0
0
0
0
0
0
0
0
0
0
0
0
0
0
0
0
0
0
0
0
0
0
0
0
0
0
0
0
0
0
0
0
0
0
0
0
0
0
0
0
0
0
0
0
0
0
0
0
0
0
0
0
0
0
0
0
0
0
0
0
0
0
0
0
0
0
0
0
0
0
0
0
0
0
0
0
0
0
0
0
0
0
0
0
0
0
0
0
0
0
0
0
0
0
0
0
0
0
0
0
0
0
0
0
0
0
0
0
0
0
0
0
0
0
0
0
0
0
0
0
0
0
0
0
0
0
0
0
0
0
0
0
0
0
0
0
0
0
0
0
0
0
0
0
0
0
0
0
0
0
0
0
0
0
0
0
0
0
0
0
0
0
0
0
0
0
0
0
0
0
0
0
0
0
0
0
0
0
0
0
0
0
0
0
-1
0
0
0
0
0
0
0
1
0
0
0
0
0
0
0
0
0
0
0
0
0
0
0
0
1
1
0
0
-1
0
1
1
1
1
0
-1
-1
0
0
0
-1
-2
-2
-2
-1
-1
-1
0
-1
-1
0
0
1
1
1
0
0
0
0
0
0
0
0
-1
-1
0
0
0
0
0
-1
-1
-1
-1
-1
-1
-1
-1
-1
-1
-1
-1
-1
-1
-1
-1
-1
-1
-1
-1
-1
-1
-1
-1
-1
-1
-1
-1
-1
-1
-1
-1
-1
-1
-1
-1
-1
-1
-1
-2
-1
-2
-2
-2
-2
-1
-1
-1
-1
-1
-1
-1
-1
-1
-2
-1
-1
-1
-1
-1
-1
-2
-2
-2
-2
-1
-1
-1
-2
-2
-1
-1
0
0
0
-1
-1
-1
-1
-1
-1
-1
-1
-1
-1
-1
-1
-1
-1
-1
-1
-1
-1
-1
-1
-1
-1
-1
-1
-1
0
0
0
0
0
0
0
0
0
0
0
0
0
0
0
-1
-1
0
0
0
0
-1
-1
-1
-1
-1
0
0
0
0
0
0
0
0
0
0
0
0
0
0
0
0
0
0
0
0
0
0
0
0
0
0
0
1
1
1
0
0
1
1
1
1
1
1
0
0
0
1
1
1
1
1
1
1
1
1
1
0
0
0
0
0
0
0
0
0
0
0
1
0
0
0
0
0
0
0
0
0
0
0
0
0
0
0
0
0
0
0
0
0
0
0
0
0
0
0
0
0
1
1
2
2
2
2
2
1
1
1
1
1
1
1
2
2
2
1
1
0
0
1
1
1
1
0
0
0
0
1
2
2
2
1
1
1
2
2
2
1
0
0
0
1
2
2
2
1
0
0
1
1
1
0
-1
-1
0
0
1
1
1
0
0
0
0
0
1
1
1
1
0
0
0
0
0
0
1
1
1
1
1
1
1
1
1
0
0
0
0
0
0
0
0
1
1
1
0
0
-1
-1
0
0
0
-1
-1
-1
-1
-1
0
-1
-1
-2
-2
-2
-2
-1
-2
-2
-2
-1
0
0
1
1
0
0
0
0
0
-1
-1
-1
0
0
0
0
0
-1
-1
0
0
0
0
-1
-1
-1
-1
-2
-2
-3
-3
-3
-3
-2
-1
-1
-1
-2
-2
-2
-2
-2
-2
-3
-2
-2
-1
0
1
1
1
0
0
-1
-2
-2
-2
-1
0
1
1
2
1
1
0
0
0
0
0
0
-1
-1
-1
-1
0
1
1
1
0
-1
-1
-2
-2
-2
-1
-1
0
0
1
1
1
1
1
1
1
0
0
-1
-1
0
1
1
2
2
1
1
1
1
1
2
2
2
2
3
3
3
3
3
4
4
4
3
1
0
0
1
1
1
1
0
-1
-2
-2
-1
-1
-1
-2
-2
-2
-1
0
1
0
0
0
0
1
2
2
2
2
2
2
2
2
2
1
1
1
1
2
2
1
0
-1
-2
-3
-3
-2
-2
-1
0
0
0
-1
-2
-2
-2
-2
-2
-2
-2
-1
-1
-2
-2
-2
-3
-3
-2
-2
-2
-2
-2
-2
-2
-2
-2
-1
-1
0
1
1
2
2
2
2
2
3
3
2
2
1
1
1
2
2
1
0
0
-1
-2
-2
-2
-2
-1
0
1
1
1
1
1
1
0
0
-1
-1
-2
-2
-2
-1
1
2
2
2
0
-1
-2
-3
-4
-4
-4
-3
-2
-1
0
0
1
2
3
3
4
4
4
3
2
1
1
1
1
1
1
2
1
0
-3
-6
-9
-11
-12
-13
-12
-12
-11
-10
-9
-9
-9
-8
-6
-5
-4
-2
-1
1
2
3
4
4
4
3
2
2
1
0
-1
-3
-6
-9
-11
-13
-14
-15
-15
-13
-10
-7
-6
-6
-7
-9
-11
-13
-13
-13
-10
-6
-2
1
2
1
-1
-4
-5
-6
-5
-3
-1
1
2
1
-2
-4
-6
-6
-6
-5
-4
-3
-4
-5
-9
-12
-16
-18
-18
-16
-12
-7
-3
1
3
3
2
0
-1
-2
-1
1
5
10
15
19
20
19
17
13
10
7
5
5
5
6
7
7
7
6
4
2
-1
-3
-3
-2
0
2
2
3
2
0
-2
-4
-5
-4
-2
0
2
4
5
4
2
-1
-3
-4
-4
-2
-1
1
2
3
4
3
1
0
0
1
2
2
2
3
2
2
1
1
2
2
4
5
6
6
5
3
1
-3
-6
-9
-9
-9
-7
-6
-4
-3
-3
-3
-5
-6
-7
-8
-9
-9
-8
-5
0
3
5
5
4
1
-2
-5
-7
-8
-7
-5
-2
2
4
5
5
4
2
-1
-2
-2
-2
-1
0
2
4
6
6
5
3
0
-4
-8
-10
-11
-11
-12
-14
-17
-20
-23
-25
-25
-24
-21
-18
-14
-11
-9
-10
-11
-11
-11
-9
-7
-5
-1
3
5
5
4
3
1
-1
-2
-2
-3
-4
-5
-5
-5
-7
-9
-10
-9
-6
-5
-4
-4
-5
-7
-8
-9
-10
-11
-13
-13
-11
-9
-7
-5
-1
2
2
2
-1
-3
-6
-7
-8
-7
-5
-4
-2
1
5
6
6
4
1
-1
-3
-3
-2
-2
-2
-1
-2
-2
-3
-2
0
5
9
12
13
12
9
7
5
4
5
5
6
7
9
9
10
10
10
10
9
8
6
5
4
4
6
8
9
10
11
13
16
19
21
21
22
24
27
31
34
37
37
35
30
24
19
16
17
21
27
33
37
37
36
36
38
41
45
49
52
57
61
62
60
55
44
27
6
-16
-35
-48
-49
-40
-23
-3
14
26
33
33
31
29
33
45
65
92
123
150
167
168
151
121
85
52
26
13
12
18
23
22
12
-5
-24
-38
-39
-28
-10
9
21
16
-8
-50
-102
-150
-182
-189
-166
-117
-53
12
61
87
85
62
29
1
-7
15
70
148
236
315
369
388
370
321
249
169
93
32
-12
-38
-54
-67
-84
-109
-142
-180
-219
-250
-269
-275
-268
-252
-233
-213
-195
-176
-153
-123
-85
-41
4
46
78
97
100
88
66
40
16
-1
-9
-10
-3
6
14
17
13
2
-14
-31
-47
-60
-70
-77
-80
-81
-78
-73
-66
-58
-52
-50
-53
-62
-76
-91
-106
-116
-122
-124
-122
-117
-111
-104
-95
-85
-74
-62
-53
-48
-47
-51
-62
-78
-99
-121
-144
-165
-182
-195
-202
-206
-208
-210
-214
-220
-228
-236
-241
-242
-238
-230
-219
-204
-190
-176
-165
-159
-157
-160
-167
-176
-185
-190
-192
-190
-187
-187
-192
-204
-222
-244
-269
-294
-317
-338
-356
-372
-383
-390
-392
-389
-383
-375
-367
-357
-341
-312
-259
-176
-56
100
285
484
677
842
959
1015
1006
939
828
696
565
452
365
302
255
207
145
60
-50
-176
-307
-427
-523
-587
-616
-613
-582
-530
-460
-372
-265
-138
9
170
339
503
648
761
831
857
844
804
752
705
672
659
661
670
669
645
590
504
396
278
166
76
20
3
25
78
150
229
304
364
406
430
439
440
436
430
420
405
380
342
289
224
153
84
23
-28
-68
-99
-123
-140
-153
-162
-167
-161
-141
-101
-41
37
128
224
317
395
449
472
468
442
403
360
316
275
233
191
145
93
37
-27
-95
-168
-240
-311
-374
-430
-473
-503
-517
-516
-502
-478
-444
-400
-346
-284
-223
-171
-133
-110
-98
-95
-99
-107
-115
-119
-119
-119
-123
-135
-157
-188
-229
-279
-338
-400
-458
-506
-542
-566
-584
-600
-615
-631
-648
-666
-683
-695
-704
-706
-703
-695
-684
-673
-662
-650
-635
-611
-570
-506
-410
-280
-116
70
262
441
595
716
802
854
878
884
880
875
867
853
825
775
699
598
475
334
184
34
-107
-236
-349
-446
-526
-587
-629
-648
-642
-612
-558
-488
-406
-316
-222
-129
-41
38
110
177
244
311
375
432
481
523
559
587
605
613
617
618
618
614
602
585
565
547
529
511
491
472
457
447
441
433
416
387
345
292
232
168
107
51
3
-36
-68
-92
-110
-121
-121
-110
-90
-66
-44
-23
-3
23
57
97
140
186
237
291
346
394
430
452
460
453
431
395
349
302
257
213
168
119
68
18
-28
-71
-113
-154
-196
-240
-285
-325
-354
-367
-364
-349
-327
-302
-274
-246
-221
-201
-187
-178
-172
-173
-183
-197
-211
-218
-216
-209
-204
-203
-207
-212
-221
-235
-256
-282
-306
-324
-336
-343
-349
-354
-362
-374
-393
-417
-447
-479
-511
-539
-564
-593
-635
-692
-761
-836
-915
-998
-1084
-1169
-1244
-1294
-1317
-1318
-1305
-1285
-1258
-1227
-1202
-1189
-1178
-1142
-1045
-866
-599
-255
149
586
1023
1416
1722
1917
2000
1997
1942
1863
1778
1698
1632
1577
1510
1405
1238
1006
720
403
79
-229
-506
-739
-925
-1061
-1152
-1203
-1219
-1198
-1132
-1017
-855
-659
-445
-232
-39
127
261
363
436
487
534
598
682
776
858
915
945
946
918
860
782
700
630
583
553
531
513
506
522
563
619
675
725
768
797
793
746
658
544
420
296
183
92
26
-16
-42
-67
-103
-157
-224
-291
-347
-383
-395
-376
-329
-263
-192
-120
-42
43
131
211
284
355
421
474
506
517
510
490
458
417
368
316
266
224
182
127
54
-30
-113
-189
-262
-333
-390
-425
-439
-445
-447
-441
-423
-397
-371
-351
-340
-333
-326
-314
-301
-291
-285
-278
-265
-253
-251
-256
-260
-257
-253
-258
-269
-277
-280
-282
-289
-303
-322
-346
-374
-403
-431
-457
-483
-505
-524
-548
-580
-619
-660
-706
-766
-840
-924
-1008
-1094
-1183
-1263
-1322
-1354
-1368
-1371
-1361
-1337
-1299
-1248
-1183
-1094
-969
-794
-560
-269
61
408
753
1081
1370
1597
1754
1857
1927
1973
1985
1956
1888
1783
1635
1438
1191
907
602
295
6
-259
-499
-713
-892
-1030
-1130
-1201
-1243
-1238
-1172
-1052
-893
-710
-508
-294
-84
113
292
453
598
726
839
935
1006
1046
1060
1055
1034
990
925
849
769
687
604
521
445
376
315
269
248
251
264
283
308
341
370
385
382
370
358
345
330
307
274
230
184
143
107
70
32
4
-2
6
8
-7
-31
-50
-63
-72
-76
-67
-36
17
86
159
219
256
275
285
286
272
242
207
178
154
123
77
22
-37
-97
-158
-214
-261
-300
-331
-352
-362
-367
-375
-388
-396
-393
-381
-360
-332
-295
-258
-225
-198
-174
-159
-155
-161
-166
-166
-168
-179
-194
-207
-215
-225
-240
-260
-284
-312
-345
-381
-420
-469
-528
-594
-661
-732
-811
-893
-973
-1047
-1125
-1211
-1302
-1393
-1479
-1558
-1618
-1645
-1633
-1591
-1528
-1450
-1367
-1292
-1234
-1190
-1144
-1072
-944
-732
-419
-13
456
947
1416
1815
2099
2248
2282
2242
2167
2080
1998
1927
1863
1784
1661
1478
1227
920
579
233
-94
-389
-650
-867
-1036
-1166
-1271
-1354
-1397
-1375
-1276
-1104
-872
-603
-324
-66
150
313
430
516
596
694
820
960
1091
1193
1257
1276
1249
1181
1092
1001
926
876
851
835
807
754
678
592
509
438
388
375
399
444
478
470
410
305
179
56
-45
-116
-153
-153
-126
-93
-78
-88
-113
-133
-138
-125
-97
-50
16
92
164
216
243
252
259
275
302
337
377
415
439
436
395
319
220
117
27
-39
-80
-101
-109
-114
-123
-144
-177
-219
-260
-294
-314
-317
-306
-291
-279
-269
-258
-249
-247
-250
-249
-238
-224
-219
-227
-244
-261
-277
-291
-304
-314
-316
-304
-281
-258
-247
-247
-248
-250
-266
-309
-370
-429
-479
-530
-589
-651
-710
-766
-832
-913
-1013
-1124
-1239
-1351
-1460
-1565
-1661
-1727
-1750
-1741
-1722
-1705
-1680
-1640
-1600
-1568
-1524
-1421
-1219
-904
-489
4
542
1085
1588
2004
2299
2463
2521
2522
2504
2473
2419
2343
2251
2131
1953
1693
1360
977
568
149
-263
-646
-988
-1275
-1497
-1646
-1725
-1741
-1693
-1571
-1378
-1133
-861
-577
-292
-22
216
421
603
767
915
1055
1194
1324
1423
1472
1473
1436
1365
1257
1117
965
822
697
594
511
441
380
335
313
312
318
323
337
369
408
425
405
356
297
236
174
109
49
2
-23
-28
-26
-34
-57
-84
-100
-104
-109
-119
-121
-96
-40
36
120
203
279
348
414
474
520
540
535
513
481
434
366
281
189
100
20
-51
-117
-183
-252
-319
-377
-428
-476
-518
-545
-552
-540
-514
-477
-432
-383
-334
-285
-239
-197
-162
-131
-102
-77
-60
-57
-68
-95
-135
-187
-245
-306
-368
-419
-448
-452
-446
-447
-460
-482
-514
-564
-633
-710
-781
-835
-870
-897
-926
-962
-1003
-1050
-1118
-1224
-1362
-1502
-1616
-1697
-1755
-1789
-1778
-1714
-1621
-1540
-1495
-1473
-1433
-1334
-1154
-893
-559
-151
330
849
1341
1739
2028
2235
2391
2494
2535
2525
2489
2440
2364
2233
2029
1752
1423
1067
697
317
-66
-421
-715
-943
-1133
-1304
-1442
-1516
-1513
-1447
-1338
-1186
-988
-752
-490
-224
27
245
434
608
777
924
1032
1104
1159
1205
1230
1225
1193
1140
1064
974
883
802
723
643
575
534
513
492
468
459
477
511
540
554
554
538
504
451
381
292
190
99
40
6
-31
-80
-119
-130
-125
-129
-146
-158
-149
-120
-74
-12
60
130
197
266
333
385
415
436
458
468
448
403
352
303
244
173
104
52
9
-41
-99
-160
-222
-287
-344
-382
-404
-424
-440
-442
-423
-400
-384
-366
-337
-307
-287
-275
-253
-222
-199
-187
-176
-160
-150
-160
-182
-207
-232
-260
-284
-297
-302
-314
-331
-342
-355
-389
-453
-524
-583
-636
-702
-782
-862
-937
-1016
-1111
-1227
-1367
-1520
-1664
-1770
-1832
-1876
-1916
-1940
-1929
-1897
-1888
-1922
-1978
-2005
-1959
-1806
-1521
-1097
-543
112
826
1527
2123
2548
2794
2900
2906
2841
2740
2650
2600
2569
2509
2376
2156
1845
1449
986
487
-17
-493
-907
-1240
-1499
-1713
-1885
-1989
-1995
-1903
-1735
-1499
-1191
-821
-425
-51
270
523
706
832
928
1018
1115
1219
1331
1442
1521
1538
1487
1382
1242
1072
886
715
583
492
420
354
297
256
238
250
300
383
480
571
644
683
666
587
462
322
190
80
2
-36
-43
-42
-54
-81
-119
-163
-204
-230
-225
-186
-121
-42
49
142
226
300
371
447
527
605
672
720
734
707
642
551
442
316
177
42
-76
-174
-257
-331
-399
-463
-525
-582
-627
-656
-665
-650
-609
-544
-469
-393
-322
-255
-196
-144
-95
-44
6
46
66
63
44
13
-27
-74
-125
-178
-231
-282
-328
-369
-404
-435
-464
-498
-544
-601
-661
-714
-765
-818
-878
-941
-1002
-1065
-1141
-1240
-1357
-1478
-1588
-1683
-1771
-1853
-1919
-1955
-1957
-1936
-1917
-1921
-1951
-1988
-1997
-1936
-1765
-1454
-993
-403
265
942
1565
2079
2448
2667
2761
2782
2778
2777
2779
2764
2709
2597
2420
2166
1822
1392
909
424
-19
-405
-742
-1039
-1300
-1515
-1674
-1774
-1816
-1790
-1678
-1471
-1180
-840
-492
-169
113
341
514
636
722
790
858
938
1026
1108
1173
1212
1216
1181
1108
1015
919
832
760
712
684
660
628
591
565
567
603
668
751
829
878
884
837
725
546
326
116
-50
-168
-251
-306
-334
-339
-333
-327
-327
-334
-329
-293
-220
-125
-31
58
154
256
352
430
491
549
615
685
739
756
727
662
572
466
342
203
63
-56
-142
-201
-249
-304
-367
-428
-473
-504
-528
-551
-565
-558
-526
-479
-432
-388
-349
-309
-260
-204
-153
-124
-114
-107
-95
-94
-116
-150
-180
-209
-247
-284
-309
-319
-320
-308
-283
-265
-278
-319
-367
-421
-496
-596
-702
-804
-909
-1019
-1125
-1233
-1358
-1501
-1638
-1755
-1861
-1972
-2083
-2173
-2229
-2260
-2288
-2331
-2389
-2433
-2407
-2261
-1967
-1523
-939
-249
493
1214
1841
2324
2650
2845
2949
3000
3027
3047
3051
3016
2920
2755
2523
2218
1838
1394
918
440
-18
-442
-823
-1161
-1451
-1676
-1820
-1878
-1854
-1750
-1564
-1299
-974
-624
-289
2
234
402
514
585
637
682
728
788
870
961
1025
1042
1018
972
907
825
742
677
633
606
606
632
660
675
703
781
904
1027
1121
1180
1197
1147
1015
818
584
337
107
-72
-194
-289
-379
-451
-488
-508
-533
-560
-559
-515
-440
-356
-267
-166
-47
89
235
380
513
634
745
843
909
925
888
813
715
596
455
296
139
-3
-130
-241
-329
-395
-447
-493
-528
-546
-553
-560
-569
-573
-561
-528
-478
-417
-353
-288
-224
-165
-122
-103
-102
-115
-133
-154
-179
-213
-256
-298
-332
-364
-396
-414
-410
-387
-358
-326
-294
-279
-294
-333
-383
-447
-533
-633
-729
-813
-897
-988
-1091
-1214
-1370
-1551
-1732
-1906
-2081
-2248
-2380
-2460
-2504
-2538
-2578
-2612
-2614
-2550
-2385
-2091
-1660
-1109
-466
234
940
1584
2112
2512
2810
3029
3171
3244
3270
3262
3200
3058
2841
2570
2236
1825
1362
891
434
-5
-405
-747
-1039
-1300
-1522
-1671
-1738
-1749
-1711
-1587
-1352
-1038
-702
-380
-86
166
363
503
588
626
639
654
681
717
753
776
785
786
784
768
730
686
667
678
702
731
779
854
924
972
1022
1098
1177
1227
1248
1245
1195
1078
914
727
515
272
27
-178
-341
-486
-613
-697
-726
-725
-710
-673
-612
-537
-447
-333
-197
-52
99
257
413
549
657
742
816
886
941
963
937
865
763
637
483
308
127
-42
-194
-322
-415
-480
-534
-576
-591
-578
-561
-557
-559
-554
-541
-515
-469
-409
-353
-311
-268
-213
-158
-126
-116
-112
-112
-121
-146
-180
-223
-272
-314
-332
-327
-318
-315
-311
-296
-271
-252
-254
-282
-331
-395
-466
-544
-642
-769
-916
-1056
-1177
-1299
-1443
-1606
-1768
-1913
-2047
-2179
-2308
-2422
-2508
-2563
-2598
-2628
-2650
-2621
-2487
-2209
-1779
-1213
-534
220
988
1687
2249
2650
2917
3092
3197
3243
3241
3199
3111
2974
2791
2561
2275
1935
1558
1157
726
269
-178
-577
-918
-1205
-1425
-1553
-1602
-1603
-1560
-1443
-1242
-974
-667
-345
-51
181
347
457
508
496
444
401
390
406
433
478
545
624
698
753
770
749
721
719
745
788
861
967
1081
1173
1241
1295
1339
1375
1409
1428
1394
1274
1081
844
572
265
-38
-284
-461
-590
-681
-734
-765
-784
-767
-695
-593
-494
-399
-288
-166
-48
67
191
324
454
584
719
838
907
926
914
871
781
652
506
344
169
2
-133
-238
-326
-394
-428
-427
-406
-381
-365
-363
-377
-399
-424
-451
-477
-483
-461
-421
-377
-335
-304
-295
-299
-291
-270
-259
-272
-295
-320
-356
-404
-444
-458
-441
-393
-309
-196
-90
-26
-4
-7
-34
-104
-223
-369
-515
-657
-813
-986
-1160
-1317
-1466
-1624
-1785
-1933
-2076
-2232
-2390
-2526
-2647
-2784
-2933
-3049
-3099
-3068
-2921
-2603
-2097
-1454
-728
64
890
1649
2243
2663
2960
3158
3251
3256
3212
3142
3044
2925
2801
2654
2443
2146
1786
1390
964
505
41
-386
-751
-1054
-1288
-1435
-1494
-1485
-1417
-1270
-1027
-719
-402
-114
134
320
414
414
357
272
167
70
27
46
88
130
186
257
318
359
402
467
540
611
696
807
924
1025
1134
1276
1432
1571
1696
1809
1873
1848
1734
1547
1292
981
644
311
-5
-294
-528
-691
-797
-860
-875
-836
-765
-690
-613
-525
-435
-350
-252
-126
16
166
327
492
633
737
815
874
896
862
782
678
555
402
221
38
-122
-249
-339
-389
-403
-391
-364
-336
-312
-294
-281
-274
-266
-250
-234
-239
-264
-291
-312
-334
-353
-357
-349
-346
-349
-350
-355
-385
-439
-491
-519
-536
-551
-543
-497
-424
-332
-216
-94
-8
30
44
31
-34
-140
-248
-352
-489
-667
-844
-999
-1170
-1378
-1581
-1742
-1893
-2074
-2259
-2412
-2553
-2708
-2847
-2940
-3013
-3083
-3084
-2934
-2619
-2171
-1587
-841
17
865
1605
2213
2678
2974
3111
3155
3155
3111
3021
2905
2777
2623
2427
2198
1944
1656
1324
969
622
291
-36
-344
-602
-796
-938
-1039
-1082
-1053
-953
-787
-555
-277
-5
208
337
379
327
187
2
-171
-307
-408
-458
-430
-339
-234
-131
-1
155
302
429
566
730
890
1022
1147
1284
1413
1508
1588
1685
1775
1820
1820
1789
1701
1519
1259
968
660
331
11
-251
-440
-582
-685
-728
-714
-678
-633
-559
-462
-377
-314
-240
-149
-65
-3
63
146
223
279
336
405
458
470
470
478
461
378
256
148
54
-51
-151
-202
-200
-183
-167
-131
-80
-55
-72
-92
-99
-120
-175
-236
-284
-340
-417
-487
-525
-545
-571
-588
-567
-525
-498
-488
-469
-441
-423
-419
-414
-402
-381
-338
-272
-198
-130
-56
33
107
125
82
8
-90
-229
-414
-614
-803
-980
-1147
-1296
-1436
-1578
-1726
-1871
-2018
-2178
-2340
-2472
-2565
-2654
-2780
-2929
-3041
-3065
-2979
-2761
-2374
-1793
-1046
-207
630
1382
1990
2420
2682
2818
2872
2871
2833
2780
2720
2634
2503
2334
2137
1902
1622
1323
1048
811
588
361
136
-69
-253
-415
-544
-624
-646
-596
-457
-245
-9
193
324
366
310
163
-52
-298
-533
-719
-829
-855
-815
-730
-616
-484
-341
-185
-4
206
432
666
908
1144
1343
1480
1565
1630
1697
1766
1831
1884
1902
1859
1735
1529
1240
880
495
150
-114
-303
-436
-511
-523
-486
-434
-384
-335
-287
-240
-185
-114
-38
14
39
54
76
95
98
89
89
111
153
200
224
203
139
60
-6
-56
-102
-141
-151
-117
-47
25
73
98
117
137
144
116
49
-42
-137
-227
-310
-388
-463
-532
-581
-608
-620
-631
-632
-607
-553
-486
-428
-392
-378
-377
-373
-356
-323
-280
-220
-135
-31
61
113
112
64
-18
-123
-246
-389
-542
-681
-791
-887
-992
-1118
-1257
-1403
-1556
-1709
-1852
-1988
-2126
-2270
-2410
-2549
-2707
-2885
-3052
-3152
-3131
-2950
-2586
-2048
-1382
-639
139
902
1577
2095
2445
2676
2844
2958
3000
2964
2869
2738
2581
2401
2193
1958
1707
1462
1240
1022
781
526
297
118
-31
-170
-283
-338
-329
-273
-178
-45
110
259
374
423
374
214
-23
-284
-538
-769
-959
-1085
-1144
-1150
-1092
-952
-738
-485
-208
102
442
779
1072
1301
1464
1578
1674
1771
1855
1901
1910
1911
1898
1824
1656
1421
1163
897
628
374
155
-26
-169
-266
-320
-343
-337
-291
-205
-107
-30
25
63
69
32
-23
-61
-82
-107
-140
-161
-154
-125
-94
-79
-76
-66
-34
9
36
38
39
68
121
161
166
151
148
169
196
204
186
152
112
55
-33
-144
-249
-329
-387
-435
-481
-516
-532
-524
-501
-472
-439
-397
-357
-339
-353
-384
-406
-410
-406
-401
-390
-364
-327
-284
-244
-205
-160
-111
-86
-116
-196
-294
-385
-474
-575
-689
-806
-926
-1053
-1202
-1394
-1632
-1877
-2075
-2222
-2373
-2558
-2738
-2871
-2973
-3068
-3131
-3101
-2932
-2597
-2081
-1400
-619
183
957
1660
2220
2576
2751
2826
2845
2798
2689
2555
2413
2244
2038
1819
1615
1429
1252
1085
938
812
698
589
492
414
363
345
350
356
350
340
352
396
439
429
336
179
-17
-272
-605
-970
-1279
-1481
-1580
-1581
-1484
-1301
-1062
-775
-443
-96
224
520
831
1152
1420
1598
1717
1799
1819
1772
1707
1656
1590
1489
1386
1299
1190
1022
821
638
482
337
223
168
156
152
170
235
313
353
359
360
341
260
119
-34
-169
-294
-410
-497
-547
-576
-579
-536
-453
-373
-307
-228
-124
-29
35
83
131
164
170
165
169
167
137
101
90
98
92
61
19
-37
-118
-206
-260
-275
-287
-312
-325
-305
-280
-282
-298
-303
-302
-311
-335
-370
-423
-493
-557
-589
-598
-602
-596
-554
-479
-400
-327
-251
-172
-106
-73
-91
-177
-313
-449
-559
-662
-780
-909
-1038
-1187
-1383
-1614
-1849
-2079
-2298
-2470
-2572
-2648
-2766
-2918
-3034
-3065
-2998
-2806
-2448
-1920
-1268
-542
215
929
1513
1932
2226
2433
2541
2525
2413
2259
2089
1907
1726
1569
1447
1357
1290
1232
1172
1108
1053
1015
995
988
983
968
929
862
780
696
623
570
532
485
395
242
18
-274
-611
-939
-1205
-1388
-1497
-1531
-1483
-1357
-1173
-951
-697
-411
-102
222
540
821
1037
1187
1289
1344
1341
1292
1234
1187
1140
1089
1054
1043
1027
978
911
858
818
773
734
731
761
793
812
824
824
784
701
610
526
410
240
52
-113
-266
-426
-569
-650
-672
-665
-637
-569
-465
-359
-267
-177
-83
-7
37
52
38
-9
-66
-110
-139
-165
-184
-190
-197
-216
-236
-241
-234
-219
-183
-122
-63
-35
-19
11
37
33
25
48
76
53
-19
-102
-193
-310
-430
-506
-542
-581
-629
-645
-616
-579
-548
-489
-389
-296
-240
-208
-201
-251
-350
-442
-513
-604
-736
-872
-984
-1108
-1286
-1487
-1660
-1811
-1972
-2134
-2266
-2379
-2498
-2601
-2662
-2706
-2766
-2794
-2698
-2443
-2067
-1585
-964
-229
501
1113
1583
1918
2092
2105
2032
1958
1880
1761
1622
1522
1457
1381
1308
1294
1333
1364
1386
1441
1512
1521
1458
1407
1398
1355
1220
1054
931
821
680
549
468
378
221
30
-161
-403
-727
-1035
-1210
-1273
-1320
-1340
-1242
-1040
-850
-695
-489
-221
15
193
380
569
663
643
611
626
628
582
569
649
752
801
847
952
1053
1070
1058
1099
1156
1151
1108
1103
1127
1113
1065
1040
1022
935
784
651
544
388
184
21
-76
-173
-290
-361
-364
-362
-384
-370
-283
-192
-162
-155
-123
-111
-170
-257
-316
-376
-479
-573
-592
-565
-555
-549
-488
-387
-317
-284
-227
-140
-83
-61
-11
74
128
128
125
144
147
111
72
55
23
-53
-137
-194
-254
-345
-422
-435
-410
-403
-407
-370
-288
-210
-165
-143
-134
-154
-216
-310
-419
-550
-701
-847
-960
-1060
-1187
-1339
-1474
-1576
-1673
-1792
-1910
-1988
-2038
-2111
-2209
-2291
-2354
-2451
-2590
-2695
-2688
-2555
-2292
-1868
-1289
-633
17
619
1124
1451
1566
1554
1529
1503
1424
1310
1240
1238
1261
1284
1328
1397
1483
1594
1728
1834
1861
1827
1793
1758
1665
1500
1323
1184
1062
945
863
826
792
728
632
493
278
-9
-312
-581
-805
-975
-1066
-1066
-1015
-952
-862
-714
-529
-363
-235
-114
18
137
204
202
158
118
110
135
178
243
348
501
685
862
994
1068
1102
1119
1128
1118
1086
1055
1049
1068
1089
1096
1087
1055
987
879
741
588
428
268
132
44
10
9
11
12
23
45
57
37
-8
-61
-118
-190
-283
-386
-485
-570
-637
-683
-706
-706
-680
-623
-539
-449
-374
-324
-288
-258
-234
-218
-194
-141
-64
3
37
53
69
68
39
5
-9
-15
-34
-62
-77
-93
-133
-174
-170
-124
-94
-101
-102
-61
-11
4
-28
-105
-229
-379
-526
-675
-848
-1016
-1107
-1096
-1055
-1066
-1130
-1205
-1284
-1383
-1501
-1625
-1766
-1915
-2034
-2122
-2238
-2416
-2599
-2707
-2726
-2683
-2556
-2289
-1888
-1414
-902
-353
186
616
905
1108
1273
1366
1346
1249
1151
1080
1024
989
1002
1068
1179
1342
1566
1797
1944
1985
1985
1995
1974
1858
1675
1515
1421
1356
1280
1191
1096
978
833
674
501
292
51
-165
-315
-423
-534
-649
-738
-789
-794
-734
-604
-439
-285
-155
-41
41
53
-12
-113
-196
-233
-223
-186
-141
-79
32
201
388
555
706
861
1013
1135
1213
1249
1247
1219
1188
1160
1111
1022
923
864
842
814
760
695
628
548
457
383
335
301
282
301
351
383
348
253
139
23
-95
-206
-303
-393
-481
-551
-592
-623
-663
-700
-696
-644
-573
-508
-455
-418
-396
-371
-329
-286
-269
-263
-238
-198
-176
-181
-185
-163
-124
-77
-17
49
93
115
142
176
181
145
105
84
58
10
-43
-80
-101
-114
-124
-153
-237
-368
-494
-592
-693
-805
-872
-865
-847
-874
-932
-1006
-1125
-1295
-1451
-1559
-1665
-1809
-1946
-2027
-2097
-2228
-2385
-2484
-2532
-2585
-2602
-2481
-2213
-1857
-1414
-845
-213
341
739
1001
1127
1080
892
688
550
450
376
397
534
696
822
975
1230
1542
1817
2026
2191
2307
2337
2270
2124
1916
1680
1481
1357
1262
1130
982
889
856
810
700
546
393
266
155
43
-73
-172
-216
-201
-173
-181
-220
-241
-227
-214
-233
-279
-334
-399
-478
-547
-577
-569
-528
-434
-268
-56
143
301
438
577
711
820
903
960
977
958
936
924
886
798
710
686
716
740
734
729
755
801
838
853
836
788
739
721
711
652
541
433
351
257
121
-33
-168
-272
-345
-387
-408
-432
-465
-479
-464
-449
-457
-466
-453
-435
-449
-489
-531
-566
-598
-621
-624
-607
-572
-508
-416
-316
-227
-138
-35
59
109
114
98
61
-3
-71
-108
-111
-111
-113
-98
-61
-32
-34
-62
-105
-175
-274
-377
-472
-572
-677
-756
-786
-795
-823
-877
-939
-1013
-1113
-1233
-1351
-1475
-1620
-1759
-1866
-1974
-2131
-2314
-2434
-2457
-2439
-2415
-2316
-2053
-1644
-1183
-725
-278
131
440
618
673
606
424
199
43
1
14
34
105
298
586
878
1137
1404
1694
1951
2118
2195
2197
2102
1905
1675
1490
1352
1217
1096
1053
1098
1146
1133
1080
1032
973
876
767
677
587
465
342
260
194
89
-43
-126
-139
-144
-182
-232
-277
-343
-426
-483
-502
-517
-524
-455
-287
-102
11
68
148
258
336
357
366
398
446
497
547
576
561
517
494
512
548
583
636
721
814
880
902
880
814
724
656
632
631
627
615
602
571
497
384
262
151
60
3
-11
-13
-43
-97
-139
-155
-175
-225
-281
-306
-301
-308
-362
-450
-539
-599
-628
-645
-658
-653
-615
-552
-479
-392
-292
-199
-127
-61
10
53
30
-38
-88
-109
-149
-223
-286
-307
-317
-333
-322
-272
-228
-221
-230
-248
-310
-428
-542
-595
-605
-619
-635
-640
-671
-770
-911
-1048
-1193
-1363
-1512
-1602
-1675
-1783
-1900
-1978
-2038
-2123
-2208
-2228
-2189
-2138
-2041
-1801
-1415
-985
-571
-162
203
410
410
265
52
-192
-409
-510
-462
-317
-114
165
514
850
1118
1360
1618
1834
1946
1982
1986
1927
1773
1572
1395
1237
1065
923
892
959
1044
1133
1279
1463
1568
1530
1411
1275
1104
873
641
477
369
259
139
51
-4
-67
-146
-196
-196
-174
-160
-156
-161
-186
-223
-242
-229
-203
-178
-143
-87
-25
27
76
123
154
161
166
181
186
173
172
230
344
469
576
670
746
775
738
665
597
547
511
491
498
528
557
568
567
571
576
570
551
529
498
446
377
305
232
146
52
-24
-68
-109
-167
-220
-237
-237
-260
-304
-337
-364
-410
-460
-478
-470
-472
-476
-438
-360
-301
-291
-285
-249
-220
-240
-280
-302
-316
-345
-367
-362
-353
-366
-372
-335
-279
-258
-272
-283
-291
-340
-427
-495
-525
-551
-594
-627
-633
-641
-685
-767
-869
-979
-1088
-1187
-1292
-1431
-1591
-1713
-1779
-1841
-1941
-2041
-2088
-2097
-2112
-2105
-1989
-1723
-1358
-956
-540
-158
93
143
27
-172
-406
-648
-828
-848
-687
-418
-126
168
474
784
1066
1299
1475
1594
1657
1669
1633
1552
1425
1262
1095
979
947
983
1053
1163
1345
1583
1791
1897
1900
1830
1678
1444
1195
1002
856
709
570
483
432
347
215
112
97
142
185
209
219
193
121
31
-51
-135
-215
-247
-212
-161
-152
-188
-227
-244
-238
-210
-161
-107
-71
-45
-6
45
96
155
233
319
385
422
426
382
296
216
194
236
309
385
461
533
590
632
674
711
721
704
679
645
574
457
334
248
203
175
152
144
145
131
93
54
29
4
-45
-119
-199
-270
-332
-380
-403
-397
-362
-301
-233
-189
-190
-220
-249
-256
-257
-278
-329
-387
-420
-427
-439
-473
-497
-465
-388
-336
-344
-377
-416
-492
-610
-706
-738
-747
-775
-779
-709
-616
-595
-652
-709
-743
-814
-938
-1067
-1198
-1368
-1545
-1659
-1727
-1825
-1934
-1961
-1913
-1897
-1938
-1928
-1796
-1609
-1401
-1093
-672
-314
-150
-96
-54
-121
-386
-696
-826
-781
-715
-638
-418
-64
252
483
762
1105
1330
1357
1353
1435
1479
1356
1172
1104
1130
1108
1034
1022
1086
1138
1197
1374
1649
1852
1902
1888
1879
1801
1595
1340
1146
1011
883
778
729
681
567
434
379
395
398
369
360
379
363
294
230
194
133
35
-27
-26
-43
-126
-204
-202
-170
-199
-266
-283
-255
-265
-310
-299
-209
-111
-33
77
220
299
255
156
86
37
-27
-70
-42
28
89
164
288
411
464
486
563
685
758
753
727
695
604
455
339
291
233
127
63
107
189
214
207
240
290
282
223
180
149
65
-58
-129
-137
-161
-226
-268
-259
-251
-273
-287
-269
-255
-266
-267
-242
-244
-304
-366
-382
-402
-474
-558
-602
-634
-687
-735
-749
-756
-786
-806
-775
-718
-700
-724
-750
-777
-835
-917
-992
-1073
-1180
-1281
-1354
-1430
-1530
-1624
-1696
-1775
-1867
-1930
-1945
-1960
-1980
-1911
-1679
-1353
-1031
-702
-331
-38
23
-119
-305
-491
-727
-954
-1016
-870
-635
-402
-137
184
481
689
872
1091
1289
1382
1389
1372
1319
1198
1044
915
835
808
853
977
1149
1330
1511
1693
1854
1962
2010
1993
1895
1732
1570
1442
1300
1107
916
797
739
683
615
585
616
664
686
692
698
667
563
417
300
236
179
95
5
-56
-92
-138
-207
-280
-330
-343
-321
-288
-270
-273
-280
-273
-255
-225
-173
-107
-67
-75
-100
-124
-173
-259
-324
-304
-211
-102
1
108
210
289
358
443
530
569
557
535
509
448
352
271
228
215
240
309
391
435
444
455
478
486
467
436
396
330
249
190
152
99
39
23
47
52
26
12
18
6
-33
-60
-65
-88
-158
-241
-305
-368
-450
-524
-565
-595
-638
-675
-703
-743
-795
-820
-815
-827
-872
-904
-906
-932
-1021
-1119
-1164
-1188
-1263
-1374
-1455
-1510
-1600
-1732
-1846
-1918
-1985
-2064
-2116
-2118
-2086
-2019
-1868
-1603
-1260
-896
-552
-290
-190
-258
-423
-628
-867
-1093
-1193
-1106
-896
-658
-398
-86
232
498
747
1034
1292
1407
1388
1332
1248
1068
823
650
621
671
754
925
1204
1491
1703
1885
2079
2212
2204
2106
1996
1870
1703
1533
1408
1306
1188
1079
1016
973
917
898
977
1100
1161
1154
1122
1039
856
626
455
357
277
205
172
158
92
-38
-167
-253
-319
-367
-354
-289
-249
-269
-303
-323
-354
-398
-406
-363
-321
-327
-366
-408
-467
-558
-643
-655
-585
-476
-350
-197
-30
101
175
218
258
276
252
209
187
178
150
108
106
158
219
260
314
407
500
558
606
666
692
649
579
534
488
398
297
258
283
309
316
338
363
342
291
281
310
305
257
224
209
147
20
-112
-213
-315
-427
-495
-494
-495
-558
-636
-664
-676
-729
-795
-812
-797
-819
-898
-999
-1100
-1210
-1329
-1443
-1540
-1626
-1696
-1739
-1767
-1811
-1885
-1964
-2028
-2084
-2139
-2188
-2223
-2243
-2215
-2074
-1796
-1449
-1138
-896
-688
-524
-489
-632
-872
-1088
-1237
-1308
-1239
-990
-652
-340
-38
332
726
1000
1110
1149
1187
1183
1104
1007
935
850
755
753
890
1077
1252
1462
1740
2017
2232
2399
2510
2496
2341
2148
2005
1862
1651
1444
1355
1354
1337
1312
1353
1437
1483
1493
1520
1543
1487
1335
1143
956
773
596
449
345
269
212
170
116
23
-85
-169
-232
-291
-323
-325
-340
-390
-435
-457
-499
-585
-672
-718
-747
-794
-848
-874
-882
-896
-896
-845
-761
-685
-607
-498
-376
-275
-194
-135
-125
-163
-195
-196
-198
-215
-199
-114
0
91
168
264
363
428
473
543
621
656
640
615
595
567
536
522
531
558
599
634
646
649
658
664
647
619
606
599
551
456
361
286
197
85
2
-34
-81
-174
-269
-331
-386
-461
-528
-566
-600
-658
-728
-793
-877
-999
-1131
-1242
-1353
-1484
-1598
-1665
-1731
-1836
-1938
-1994
-2044
-2149
-2287
-2399
-2485
-2566
-2589
-2466
-2201
-1898
-1621
-1349
-1090
-931
-943
-1087
-1284
-1492
-1678
-1783
-1756
-1609
-1389
-1118
-777
-372
43
396
645
782
832
820
763
662
546
468
473
560
697
868
1071
1304
1555
1818
2090
2346
2534
2611
2582
2482
2336
2162
1987
1856
1799
1805
1837
1869
1895
1921
1956
2000
2037
2053
2035
1977
1866
1697
1485
1263
1066
912
809
747
695
618
510
396
296
211
138
79
32
-20
-92
-179
-277
-394
-538
-684
-795
-874
-955
-1053
-1140
-1182
-1184
-1166
-1130
-1069
-999
-952
-934
-915
-875
-834
-815
-800
-768
-732
-726
-746
-749
-712
-648
-562
-440
-295
-172
-86
-12
70
138
180
224
294
363
392
396
411
434
449
479
558
667
753
811
867
926
954
942
918
904
879
825
758
696
630
555
488
437
385
322
253
185
116
51
-4
-53
-107
-169
-247
-355
-496
-653
-803
-945
-1086
-1209
-1293
-1362
-1450
-1544
-1619
-1705
-1845
-2013
-2155
-2281
-2433
-2580
-2613
-2487
-2271
-2037
-1781
-1512
-1319
-1273
-1344
-1485
-1704
-1989
-2225
-2301
-2228
-2084
-1891
-1614
-1261
-887
-526
-189
71
184
175
144
127
73
-36
-118
-87
61
282
544
826
1101
1354
1607
1874
2114
2261
2298
2268
2223
2178
2126
2061
1994
1953
1965
2033
2130
2222
2296
2361
2433
2505
2540
2504
2397
2250
2094
1943
1807
1689
1584
1479
1377
1282
1189
1082
960
853
780
731
677
599
490
353
203
60
-73
-205
-334
-450
-562
-682
-809
-928
-1033
-1118
-1161
-1145
-1093
-1050
-1035
-1033
-1040
-1078
-1137
-1176
-1186
-1200
-1225
-1225
-1194
-1170
-1169
-1146
-1069
-966
-874
-775
-644
-510
-421
-370
-312
-248
-211
-193
-158
-100
-44
12
92
200
313
418
519
616
694
753
810
864
894
889
871
854
826
781
733
698
675
657
639
620
599
575
536
478
415
365
316
240
126
-3
-126
-250
-392
-541
-674
-786
-891
-986
-1057
-1109
-1166
-1255
-1389
-1565
-1765
-1966
-2148
-2284
-2322
-2220
-1996
-1729
-1496
-1334
-1260
-1308
-1488
-1750
-2013
-2236
-2398
-2458
-2383
-2198
-1964
-1715
-1442
-1151
-885
-683
-551
-495
-519
-587
-634
-639
-637
-627
-550
-367
-124
119
365
641
919
1156
1362
1567
1729
1776
1729
1692
1709
1732
1734
1759
1837
1931
2010
2108
2247
2380
2463
2534
2635
2714
2688
2567
2432
2314
2195
2085
2031
2027
2008
1939
1849
1765
1665
1531
1410
1347
1321
1280
1201
1092
952
777
591
422
277
142
13
-97
-196
-308
-446
-579
-676
-736
-782
-820
-845
-865
-902
-960
-1017
-1060
-1106
-1174
-1250
-1301
-1325
-1351
-1385
-1400
-1377
-1332
-1280
-1221
-1149
-1073
-992
-906
-820
-751
-706
-673
-648
-639
-636
-611
-550
-470
-378
-260
-117
10
103
186
281
368
428
476
523
550
540
518
509
489
440
405
432
485
502
505
554
627
642
587
538
519
457
318
182
106
26
-126
-290
-383
-438
-541
-670
-744
-772
-840
-965
-1084
-1195
-1363
-1558
-1649
-1593
-1495
-1409
-1270
-1075
-965
-1034
-1201
-1368
-1578
-1881
-2146
-2212
-2130
-2068
-2021
-1859
-1592
-1370
-1216
-1028
-807
-687
-709
-764
-796
-883
-1053
-1176
-1143
-1014
-851
-597
-230
121
362
572
818
1016
1082
1086
1123
1162
1139
1101
1141
1229
1281
1334
1484
1699
1871
2004
2173
2347
2441
2468
2492
2492
2409
2279
2200
2186
2166
2126
2128
2170
2177
2125
2078
2049
1977
1870
1809
1794
1743
1632
1520
1424
1299
1137
995
895
779
612
447
332
226
79
-74
-168
-210
-243
-274
-300
-339
-411
-510
-622
-742
-865
-988
-1110
-1222
-1302
-1339
-1346
-1346
-1338
-1304
-1246
-1189
-1154
-1138
-1136
-1149
-1161
-1163
-1171
-1195
-1209
-1190
-1154
-1115
-1051
-941
-815
-706
-602
-477
-354
-281
-258
-237
-193
-152
-135
-126
-99
-57
-13
39
99
157
203
240
271
301
324
329
309
280
258
240
217
197
175
134
76
31
0
-54
-154
-260
-332
-395
-499
-630
-735
-827
-956
-1084
-1118
-1055
-967
-869
-715
-540
-450
-482
-595
-771
-1035
-1343
-1581
-1700
-1756
-1772
-1681
-1479
-1292
-1176
-1041
-848
-703
-665
-652
-614
-639
-784
-956
-1055
-1107
-1162
-1148
-970
-690
-426
-169
129
391
518
573
658
725
692
626
639
701
713
705
785
942
1071
1179
1373
1641
1835
1921
2007
2110
2116
2021
1956
1964
1955
1902
1898
1972
2021
1982
1940
1966
1984
1926
1871
1895
1923
1867
1784
1746
1698
1584
1465
1411
1367
1250
1093
973
863
687
485
364
319
257
182
183
239
232
135
40
-22
-124
-299
-479
-615
-745
-902
-1034
-1093
-1118
-1145
-1139
-1077
-1016
-1001
-997
-975
-978
-1039
-1112
-1146
-1173
-1243
-1318
-1328
-1281
-1245
-1219
-1136
-995
-869
-790
-718
-634
-575
-560
-560
-544
-526
-521
-509
-474
-431
-394
-345
-267
-184
-118
-63
-12
16
10
-1
8
21
10
-15
-18
5
22
9
-24
-59
-96
-139
-178
-209
-249
-311
-378
-426
-463
-522
-621
-735
-821
-851
-819
-731
-604
-471
-362
-288
-261
-314
-472
-704
-939
-1118
-1223
-1257
-1235
-1180
-1108
-1019
-903
-777
-677
-613
-556
-492
-444
-441
-486
-569
-675
-770
-804
-757
-658
-536
-392
-215
-22
150
281
376
441
486
527
570
605
622
641
685
755
840
935
1036
1131
1221
1317
1414
1498
1557
1598
1634
1668
1696
1717
1733
1743
1751
1765
1780
1776
1745
1702
1656
1606
1556
1524
1514
1510
1505
1500
1489
1455
1394
1319
1239
1153
1058
963
866
753
626
504
398
299
216
175
172
172
150
114
67
-8
-117
-239
-354
-466
-582
-683
-756
-811
-869
-920
-951
-966
-974
-971
-953
-942
-951
-966
-978
-1000
-1038
-1072
-1082
-1076
-1073
-1063
-1029
-979
-933
-896
-852
-805
-770
-745
-711
-664
-617
-578
-538
-494
-447
-405
-376
-368
-374
-374
-359
-336
-316
-293
-262
-232
-213
-190
-154
-124
-117
-120
-110
-99
-110
-147
-193
-244
-301
-357
-395
-416
-433
-446
-451
-454
-471
-489
-479
-443
-399
-345
-267
-194
-170
-204
-266
-348
-467
-610
-725
-778
-791
-791
-768
-710
-644
-592
-545
-487
-432
-397
-374
-355
-350
-365
-391
-420
-454
-485
-483
-433
-357
-281
-195
-87
22
106
176
249
307
334
352
390
443
490
534
587
645
697
744
797
848
885
923
983
1049
1093
1119
1146
1170
1180
1194
1230
1273
1300
1313
1328
1335
1307
1252
1198
1157
1117
1080
1064
1064
1051
1021
997
982
956
913
871
836
793
733
657
565
457
350
265
208
164
129
107
94
71
30
-14
-60
-121
-199
-271
-323
-368
-420
-471
-511
-536
-555
-572
-586
-595
-602
-609
-616
-625
-634
-645
-656
-667
-674
-667
-645
-609
-567
-526
-493
-470
-457
-452
-448
-436
-415
-399
-389
-373
-335
-287
-250
-226
-203
-176
-147
-116
-89
-76
-87
-107
-112
-101
-88
-80
-67
-49
-35
-24
-5
9
-6
-43
-74
-86
-98
-124
-154
-176
-193
-211
-229
-245
-266
-289
-296
-279
-251
-223
-188
-156
-149
-181
-236
-299
-371
-445
-500
-524
-534
-550
-566
-568
-559
-557
-563
-565
-557
-545
-530
-514
-510
-524
-547
-563
-570
-576
-577
-567
-542
-510
-471
-426
-380
-344
-316
-280
-233
-183
-138
-94
-45
6
51
92
133
168
196
229
274
324
365
399
434
472
505
530
557
591
626
662
702
738
757
758
757
762
770
777
785
790
782
764
747
735
715
686
665
664
668
658
636
612
582
541
502
477
453
419
383
357
338
313
286
264
245
223
201
185
168
140
109
87
74
60
50
52
59
53
40
28
19
7
-3
-2
3
-2
-15
-21
-13
-2
7
18
36
56
75
90
99
99
95
94
97
101
103
104
103
101
104
117
133
144
149
154
161
167
166
161
155
149
141
128
113
99
95
95
90
79
67
56
41
20
0
-17
-38
-63
-84
-96
-109
-130
-159
-190
-220
-247
-269
-286
-302
-319
-336
-350
-362
-375
-392
-413
-434
-455
-477
-505
-539
-576
-614
-655
-694
-722
-741
-760
-782
-797
-802
-804
-809
-814
-816
-821
-829
-835
-834
-836
-845
-852
-850
-846
-846
-836
-808
-770
-735
-702
-661
-622
-596
-578
-552
-515
-478
-446
-410
-364
-318
-279
-242
-204
-167
-131
-94
-57
-23
11
51
93
132
168
207
247
286
323
363
402
433
457
475
489
498
503
507
509
511
518
532
548
562
578
596
612
621
623
627
630
624
610
597
588
578
562
547
535
526
519
516
518
520
518
512
508
508
507
504
497
487
478
469
461
449
435
423
414
408
402
398
397
399
401
401
398
392
385
379
377
377
373
365
356
349
345
345
346
343
333
323
318
313
302
287
277
272
265
252
242
233
220
202
188
182
177
166
151
136
119
97
75
56
38
14
-9
-25
-37
-49
-62
-73
-87
-107
-128
-146
-167
-193
-223
-251
-276
-302
-327
-350
-370
-390
-408
-424
-441
-465
-492
-513
-527
-538
-549
-561
-573
-584
-595
-607
-624
-646
-667
-686
-705
-723
-740
-755
-771
-790
-804
-812
-817
-823
-830
-832
-829
-825
-824
-825
-826
-825
-818
-813
-810
-804
-789
-769
-749
-726
-696
-660
-630
-608
-587
-560
-533
-508
-482
-451
-418
-386
-352
-317
-284
-251
-211
-169
-130
-97
-64
-31
-4
20
52
92
132
162
189
219
251
278
300
323
345
364
383
403
424
441
456
473
492
510
527
548
569
584
592
599
607
615
619
624
631
641
648
655
661
665
665
664
666
669
671
670
668
663
655
647
643
642
640
637
638
643
645
636
622
609
600
590
578
565
553
545
542
541
536
529
522
516
509
498
486
471
452
427
405
391
380
365
347
332
320
309
294
277
259
243
226
206
181
154
131
113
93
70
47
27
7
-17
-41
-61
-81
-102
-122
-142
-161
-183
-204
-225
-245
-264
-279
-294
-311
-331
-347
-359
-374
-392
-410
-425
-439
-456
-475
-493
-506
-518
-528
-537
-547
-557
-562
-564
-565
-569
-576
-583
-591
-600
-608
-616
-624
-633
-642
-652
-660
-665
-668
-672
-676
-677
-671
-663
-658
-656
-652
-652
-654
-655
-651
-645
-638
-627
-613
-598
-583
-565
-544
-526
-510
-489
-462
-438
-422
-405
-380
-350
-323
-297
-268
-239
-212
-186
-158
-131
-106
-79
-48
-16
13
39
65
89
109
131
159
189
212
233
258
285
306
322
337
352
366
382
399
414
429
444
457
468
476
484
494
504
511
516
523
528
530
533
538
544
549
553
556
554
547
541
537
532
524
518
515
511
507
503
502
499
492
485
482
480
474
466
458
448
436
429
425
418
406
397
394
393
389
384
378
371
361
350
338
326
315
306
299
293
284
273
263
251
240
229
220
209
200
190
181
168
151
131
111
96
87
78
62
43
27
14
-1
-18
-35
-51
-67
-87
-106
-120
-135
-152
-166
-174
-184
-197
-211
-222
-235
-253
-269
-280
-291
-308
-325
-337
-349
-367
-385
-395
-402
-412
-425
-432
-438
-446
-455
-459
-461
-466
-474
-477
-477
-481
-489
-494
-497
-502
-512
-520
-521
-521
-523
-522
-519
-515
-514
-511
-507
-502
-498
-491
-481
-469
-460
-451
-441
-430
-420
-408
-394
-378
-363
-349
-334
-316
-299
-283
-267
-248
-226
-204
-185
-168
-149
-130
-112
-94
-74
-55
-36
-17
2
21
38
56
76
96
110
122
137
154
168
180
193
207
219
229
240
253
262
267
273
283
293
301
308
315
321
324
329
334
338
338
337
340
344
346
349
356
363
368
371
373
375
377
380
381
381
380
380
381
384
385
387
388
389
390
393
397
397
395
392
390
387
384
381
378
373
368
367
366
363
358
354
351
345
334
324
316
307
296
286
276
265
254
245
238
226
211
197
186
173
159
145
133
121
105
91
79
67
51
34
20
7
-7
-23
-38
-53
-69
-83
-96
-107
-120
-133
-146
-158
-172
-186
-197
-206
-215
-226
-238
-247
-258
-269
-280
-290
-298
-307
-317
-327
-336
-343
-351
-357
-361
-361
-363
-365
-367
-368
-372
-377
-380
-381
-384
-387
-388
-387
-388
-392
-396
-396
-395
-396
-397
-393
-388
-388
-388
-386
-383
-382
-380
-374
-367
-362
-357
-347
-336
-328
-323
-315
-305
-298
-291
-282
-270
-261
-253
-244
-232
-221
-211
-199
-184
-170
-157
-146
-132
-121
-111
-101
-89
-77
-66
-52
-36
-22
-10
1
15
31
45
56
64
72
80
89
100
112
125
136
148
161
172
182
191
199
209
219
230
241
252
260
267
274
283
292
300
308
320
331
339
344
350
357
364
370
376
381
385
387
390
395
398
399
400
404
407
407
406
406
405
402
399
397
393
387
380
374
368
361
355
350
343
333
323
313
303
292
283
274
262
250
238
228
215
201
187
175
161
147
134
121
104
89
77
68
56
42
29
19
9
-5
-20
-34
-48
-62
-73
-82
-92
-102
-113
-123
-134
-143
-151
-159
-170
-180
-188
-195
-205
-218
-229
-236
-241
-249
-257
-263
-269
-276
-281
-285
-289
-294
-299
-305
-310
-317
-326
-334
-342
-349
-352
-355
-356
-359
-361
-363
-365
-368
-371
-374
-377
-379
-380
-380
-381
-381
-381
-378
-375
-369
-362
-356
-351
-346
-341
-335
-328
-320
-312
-305
-298
-289
-278
-268
-257
-245
-232
-220
-208
-197
-185
-172
-160
-148
-135
-122
-109
-96
-84
-72
-59
-44
-29
-16
-4
9
23
34
45
55
67
78
88
97
108
119
130
140
150
159
169
179
187
193
200
208
218
227
233
239
246
252
258
264
271
277
281
284
289
294
298
301
303
306
309
312
314
316
316
317
319
321
321
321
321
321
320
318
316
315
312
309
306
305
303
300
296
291
287
284
279
275
269
264
258
252
245
239
233
226
219
212
204
197
188
179
171
163
154
144
134
125
115
106
97
88
78
67
56
45
35
24
11
0
-11
-21
-31
-40
-49
-60
-71
-82
-92
-102
-112
-122
-133
-144
-155
-165
-175
-184
-194
-205
-214
-222
-229
-236
-243
-251
-259
-265
-270
-276
-282
-289
-296
-302
-307
-311
-315
-319
-323
-327
-331
-335
-340
-343
-344
-345
-346
-347
-348
-349
-349
-349
-348
-346
-345
-343
-341
-337
-334
-329
-325
-320
-316
-310
-304
-298
-291
-284
-276
-268
-258
-249
-239
-230
-221
-212
-201
-191
-181
-172
-161
-150
-139
-128
-118
-109
-99
-89
-78
-66
-56
-45
-34
-24
-15
-6
4
14
23
32
41
51
60
69
77
86
95
103
110
118
126
133
140
147
154
161
167
174
181
188
194
199
205
210
215
219
224
229
234
237
241
244
247
251
254
258
262
265
268
269
270
272
273
274
276
276
276
276
275
275
274
273
272
270
269
268
266
263
260
257
254
250
246
241
237
233
230
224
218
210
204
198
192
185
179
172
165
157
149
141
132
123
114
107
100
92
82
73
64
54
45
36
28
20
9
0
-9
-17
-27
-36
-45
-54
-63
-73
-82
-91
-99
-107
-115
-123
-133
-142
-150
-157
-164
-172
-180
-189
-196
-202
-207
-212
-219
-225
-231
-235
-239
-244
-249
-254
-258
-262
-266
-269
-272
-274
-276
-277
-279
-281
-282
-282
-281
-281
-282
-281
-280
-279
-277
-275
-272
-270
-268
-265
-261
-257
-252
-248
-243
-237
-231
-225
-219
-212
-207
-201
-193
-185
-177
-170
-164
-156
-147
-139
-130
-121
-112
-104
-95
-86
-76
-67
-60
-52
-43
-34
-26
-17
-9
0
9
17
26
34
43
51
60
68
76
84
92
99
107
115
122
130
139
147
155
162
170
178
185
192
199
204
210
215
220
226
232
237
242
247
252
257
261
265
268
271
273
275
278
280
282
282
283
284
284
283
284
284
283
281
280
277
275
273
270
267
263
258
254
249
245
240
234
228
222
216
210
203
195
189
182
174
166
158
150
143
135
128
119
111
102
92
83
74
66
59
50
42
33
25
17
9
1
-8
-17
-25
-32
-38
-46
-55
-63
-71
-78
-85
-92
-98
-104
-110
-117
-123
-130
-137
-144
-149
-154
-160
-167
-172
-175
-180
-185
-190
-193
-197
-203
-208
-211
-214
-218
-222
-226
-229
-232
-235
-237
-238
-240
-243
-244
-244
-245
-246
-247
-248
-247
-247
-248
-247
-246
-244
-242
-240
-238
-235
-232
-229
-225
-222
-218
-214
-209
-204
-199
-194
-189
-184
-178
-172
-165
-159
-154
-147
-139
-132
-126
-119
-112
-106
-99
-92
-84
-76
-69
-63
-56
-49
-42
-34
-26
-19
-13
-7
0
7
14
21
28
34
41
48
55
61
66
72
77
83
89
94
100
106
112
117
123
129
134
138
143
148
153
157
161
164
168
172
176
179
182
185
188
191
193
195
197
200
201
202
204
206
206
206
206
207
206
206
205
206
206
204
203
202
201
199
197
194
192
190
187
183
179
176
173
170
166
161
157
153
149
145
141
136
131
126
121
116
112
106
101
96
92
86
79
74
68
62
56
50
45
39
34
28
23
16
10
4
-2
-8
-14
-20
-26
-31
-37
-42
-47
-53
-59
-64
-68
-72
-78
-85
-89
-93
-97
-103
-109
-114
-117
-121
-125
-130
-135
-138
-141
-144
-148
-153
-156
-158
-159
-162
-165
-168
-171
-172
-174
-175
-176
-176
-177
-178
-179
-180
-180
-179
-178
-177
-178
-179
-178
-175
-173
-171
-170
-168
-166
-163
-161
-158
-156
-152
-149
-146
-142
-138
-135
-131
-127
-123
-119
-114
-108
-103
-100
-97
-92
-86
-79
-74
-69
-63
-58
-52
-46
-41
-36
-30
-23
-17
-12
-8
-3
3
9
14
20
26
32
37
43
49
54
57
62
68
74
80
84
88
93
98
102
106
111
115
119
123
128
131
134
136
139
142
145
148
151
154
156
157
159
161
163
165
166
168
170
171
171
172
172
173
174
175
175
175
174
173
172
172
171
170
168
167
164
162
160
158
156
154
151
149
147
143
139
135
131
128
125
120
116
113
109
105
100
96
92
88
83
79
75
71
65
59
55
52
47
41
36
32
28
23
18
14
10
5
0
-4
-9
-15
-20
-25
-29
-34
-39
-44
-49
-53
-57
-61
-65
-69
-75
-80
-85
-88
-92
-96
-101
-104
-107
-111
-115
-118
-121
-123
-125
-128
-131
-134
-136
-138
-139
-141
-142
-143
-144
-146
-148
-150
-150
-151
-152
-151
-151
-151
-152
-151
-150
-150
-151
-150
-147
-144
-143
-142
-140
-139
-138
-136
-133
-131
-130
-130
-127
-124
-121
-120
-117
-114
-109
-106
-103
-100
-98
-95
-90
-85
-81
-78
-75
-71
-67
-61
-56
-52
-49
-45
-42
-37
-32
-27
-22
-19
-16
-12
-7
-1
3
6
10
14
19
23
27
31
34
36
39
43
49
53
56
60
63
66
68
70
74
78
82
85
87
91
94
96
97
98
101
104
107
109
110
111
113
115
117
118
120
120
121
122
125
126
127
126
127
128
129
129
128
127
126
125
125
125
125
124
122
121
119
117
114
113
112
110
107
105
104
103
102
99
95
92
90
86
82
78
75
73
70
66
62
60
57
52
48
45
43
40
35
31
26
23
20
18
15
12
9
5
1
-3
-7
-9
-12
-14
-17
-21
-25
-28
-31
-33
-35
-39
-43
-46
-49
-51
-54
-57
-61
-63
-66
-69
-72
-74
-75
-77
-80
-82
-84
-86
-87
-88
-89
-91
-93
-94
-95
-96
-97
-98
-98
-98
-98
-99
-100
-101
-101
-100
-99
-98
-98
-99
-99
-97
-96
-95
-95
-93
-91
-89
-88
-87
-85
-82
-80
-79
-78
-76
-74
-71
-68
-67
-66
-64
-60
-57
-55
-53
-50
-46
-45
-43
-40
-36
-33
-32
-30
-26
-21
-18
-16
-14
-12
-9
-7
-4
0
2
5
8
12
14
16
19
22
26
29
31
32
35
39
42
43
44
47
51
54
56
56
59
62
65
67
68
69
70
72
73
74
76
77
78
79
81
82
83
83
83
84
86
87
87
86
87
87
87
87
88
89
88
87
87
87
86
85
83
81
79
79
79
79
77
74
73
72
71
70
68
66
64
61
60
57
55
52
50
47
45
42
40
38
34
32
31
28
24
19
16
15
12
9
7
5
2
-2
-6
-9
-11
-13
-16
-20
-24
-26
-27
-30
-33
-37
-40
-41
-43
-44
-46
-49
-51
-52
-53
-56
-60
-63
-66
-67
-68
-70
-71
-72
-74
-77
-78
-79
-81
-82
-84
-85
-86
-88
-89
-89
-89
-90
-92
-93
-93
-92
-93
-94
-96
-96
-95
-95
-95
-96
-96
-95
-95
-95
-94
-94
-93
-92
-92
-91
-90
-89
-88
-86
-85
-84
-83
-82
-80
-79
-77
-76
-75
-75
-74
-71
-68
-64
-61
-58
-57
-56
-54
-50
-47
-45
-43
-40
-37
-34
-34
-34
-32
-28
-24
-21
-18
-15
-13
-10
-7
-4
-1
1
3
6
9
13
15
16
19
23
26
27
29
31
34
35
36
38
40
41
43
45
49
50
48
48
50
54
56
56
56
57
59
60
63
64
64
63
63
64
65
65
66
67
68
69
69
70
70
69
69
68
68
69
68
67
67
67
67
67
66
65
65
64
62
60
59
58
56
55
54
53
51
48
47
47
46
44
43
42
41
38
37
37
35
31
27
24
22
21
19
16
13
11
10
9
5
2
0
-2
-3
-5
-7
-9
-11
-13
-15
-18
-21
-22
-22
-23
-25
-28
-28
-28
-30
-32
-34
-35
-36
-37
-38
-40
-42
-43
-42
-43
-45
-45
-44
-46
-50
-53
-52
-49
-50
-53
-54
-54
-55
-55
-54
-53
-54
-54
-54
-54
-54
-56
-56
-56
-57
-56
-56
-56
-58
-60
-58
-56
-56
-57
-57
-56
-56
-57
-57
-55
-53
-52
-53
-52
-52
-50
-49
-47
-48
-48
-47
-45
-43
-43
-43
-42
-41
-38
-36
-34
-33
-32
-29
-25
-24
-25
-25
-22
-20
-20
-20
-17
-13
-12
-11
-9
-7
-5
-5
-4
-2
1
3
5
7
8
9
12
15
16
15
15
17
20
21
22
24
24
23
22
24
28
30
30
31
33
35
37
38
36
36
38
42
44
42
41
42
45
46
45
44
45
45
44
44
45
47
47
45
44
45
46
46
45
45
46
45
43
42
42
42
40
37
36
38
39
37
34
33
34
33
31
31
32
33
31
27
26
25
23
22
22
21
18
14
13
14
16
15
14
12
11
9
9
10
9
7
4
4
4
2
-2
-6
-8
-8
-7
-6
-8
-13
-17
-19
-17
-16
-17
-20
-23
-24
-25
-25
-24
-25
-28
-31
-31
-30
-30
-31
-32
-34
-38
-42
-42
-41
-40
-41
-43
-43
-43
-43
-44
-45
-45
-45
-45
-47
-50
-53
-54
-54
-53
-52
-51
-49
-49
-50
-50
-49
-48
-48
-49
-47
-45
-45
-45
-45
-45
-45
-47
-47
-45
-42
-42
-45
-46
-44
-40
-38
-39
-41
-41
-39
-37
-35
-34
-34
-33
-33
-31
-28
-27
-28
-30
-30
-25
-19
-17
-18
-19
-16
-13
-10
-9
-6
-3
-4
-9
-10
-6
0
2
1
-1
2
6
9
11
12
11
11
13
16
20
22
22
22
23
27
30
32
33
34
35
36
34
34
35
38
40
41
41
42
43
41
41
45
51
55
53
49
47
47
49
51
52
52
51
50
50
51
52
52
51
51
51
52
53
55
56
54
50
47
47
49
52
54
53
51
49
48
48
48
47
45
44
42
42
42
43
43
42
40
38
36
34
31
31
31
30
27
25
23
22
22
23
23
22
18
16
16
17
18
17
16
15
15
15
15
13
11
8
5
1
-2
-2
-2
-3
-5
-8
-9
-10
-12
-14
-15
-16
-17
-19
-20
-20
-19
-18
-20
-23
-27
-27
-25
-22
-22
-24
-27
-30
-32
-31
-28
-25
-25
-28
-31
-32
-29
-23
-18
-18
-22
-27
-30
-28
-25
-25
-27
-30
-32
-30
-27
-25
-26
-26
-24
-23
-23
-27
-29
-28
-25
-25
-26
-27
-27
-27
-26
-27
-27
-27
-24
-23
-23
-26
-25
-20
-16
-18
-20
-18
-14
-12
-12
-11
-9
-10
-13
-13
-9
-5
-4
-4
-4
-3
-4
-4
-4
-2
1
2
2
2
4
7
8
6
6
6
5
3
2
6
9
9
7
9
15
18
17
16
19
24
25
23
23
29
38
44
41
33
30
33
38
40
38
37
35
33
31
32
37
39
38
37
40
45
44
38
35
39
45
45
42
40
42
41
38
36
38
40
38
35
34
37
37
31
24
21
24
31
34
31
25
20
17
16
19
23
25
21
16
15
20
21
17
12
11
16
18
16
13
11
11
9
4
-1
0
5
8
5
1
-2
-2
-4
-6
-6
-5
-7
-10
-14
-15
-13
-10
-8
-10
-15
-21
-23
-23
-23
-23
-23
-23
-24
-24
-23
-23
-23
-20
-17
-17
-22
-27
-29
-30
-31
-30
-27
-26
-30
-36
-39
-36
-33
-33
-35
-32
-22
-9
-11
-39
-81
-102
-81
-32
7
9
-22
-57
-71
-56
-30
-11
-8
-12
-8
2
5
-5
-24
-42
-52
-50
-34
-11
2
-10
-40
-64
-65
-45
-21
-5
-4
-15
-29
-34
-30
-23
-22
-23
-18
-7
-1
-5
-14
-20
-20
-17
-11
-4
-1
-5
-15
-17
-5
11
16
5
-11
-15
-5
5
8
2
-7
-13
-14
-7
1
0
-6
-9
-3
6
11
9
0
-11
-17
-10
5
15
13
6
2
-1
-1
7
23
34
29
12
-3
-2
12
29
35
27
18
17
24
30
33
38
40
34
24
22
32
42
42
38
41
45
44
41
43
47
45
40
39
42
42
37
35
37
39
38
38
39
38
32
25
20
20
24
29
29
24
20
22
30
34
33
30
25
16
10
14
23
28
27
24
21
13
5
1
-4
-10
4
47
79
50
-31
-79
-27
99
214
264
242
169
92
66
99
137
122
67
29
31
47
46
39
41
45
31
-7
-51
-72
-46
9
40
6
-66
-111
-96
-40
15
34
8
-41
-70
-55
-15
13
19
20
10
-31
-90
-107
-52
21
28
-44
-124
-141
-100
-54
-45
-78
-124
-138
-94
-29
-30
-128
-236
-233
-122
-21
-16
-70
-107
-104
-92
-84
-70
-35
1
-8
-73
-138
-118
-12
64
9
-125
-185
-116
-10
49
66
51
-31
-159
-205
-92
74
105
-38
-191
-177
-20
92
46
-74
-112
-37
48
50
-20
-94
-118
-64
60
159
113
-41
-106
4
118
65
-70
-100
-25
28
31
50
69
7
-95
-87
42
120
50
-45
-53
-38
-70
-57
89
243
188
-72
-263
-145
185
379
242
-47
-175
-66
94
135
78
1
-81
-135
-53
178
324
159
-178
-295
-54
244
257
17
-173
-138
9
86
85
102
135
91
-24
-67
41
181
201
114
46
34
16
6
101
266
286
63
-192
-189
67
294
270
52
-132
-123
32
152
128
35
38
157
228
137
-9
-35
64
161
199
186
96
-58
-108
87
363
375
84
-135
-6
256
282
79
-54
4
106
136
129
104
9
-120
-122
62
248
222
14
-157
-155
-36
57
53
5
-5
-5
-90
-229
-243
-72
117
142
-12
-239
-408
-371
-81
234
200
-231
-610
-506
-75
179
75
-131
-233
-265
-267
-191
-78
-42
-81
-113
-149
-254
-352
-269
-19
146
54
-159
-251
-171
-38
27
-21
-151
-239
-179
-42
-3
-95
-169
-114
-3
16
-82
-166
-128
-32
-9
-42
-1
108
97
-122
-348
-309
-12
245
215
-41
-260
-248
-43
139
101
-115
-237
-92
143
189
41
-97
-126
-84
25
187
266
129
-140
-291
-164
173
480
510
190
-260
-430
-120
403
675
525
132
-246
-391
-157
312
574
374
-14
-164
-39
86
87
83
146
163
53
-68
-57
63
166
179
109
17
-25
-21
-35
-20
148
370
333
-13
-293
-208
70
191
114
37
34
-20
-161
-223
-76
188
359
280
-38
-368
-384
-31
340
381
152
-56
-126
-131
-111
-31
97
202
235
198
112
2
-83
-87
17
211
410
453
199
-241
-501
-327
132
497
514
180
-282
-526
-346
99
432
441
199
-103
-299
-269
-22
242
282
78
-161
-269
-242
-97
124
195
-72
-391
-261
242
434
-6
-523
-443
115
441
167
-346
-539
-292
51
109
-163
-428
-327
46
206
-64
-405
-398
-100
145
140
-75
-351
-479
-319
3
175
56
-167
-291
-343
-370
-231
91
251
-5
-385
-459
-266
-128
-100
-27
50
-36
-215
-232
-62
38
-58
-194
-237
-231
-168
31
224
118
-238
-405
-142
259
374
133
-204
-372
-268
47
348
348
-5
-376
-380
-35
282
286
37
-220
-293
-138
141
344
304
47
-202
-221
-25
154
147
32
-12
46
94
56
-26
-81
-62
55
233
328
204
-63
-205
-61
233
403
326
72
-205
-321
-149
228
518
497
221
-64
-163
-33
238
463
446
171
-118
-156
34
199
194
117
92
107
96
72
75
110
167
264
374
374
176
-103
-208
-23
281
426
305
45
-159
-185
-34
201
366
352
182
-15
-130
-135
-26
186
374
335
30
-281
-302
-56
169
187
79
-16
-96
-200
-234
-74
218
402
315
21
-270
-376
-245
26
240
242
36
-214
-323
-237
-57
60
42
-61
-155
-194
-183
-110
38
180
174
3
-152
-133
-7
52
29
54
141
117
-108
-337
-311
-30
259
338
192
-33
-154
-78
120
260
258
192
142
65
-74
-138
16
249
266
38
-150
-121
-38
-82
-118
74
362
354
-51
-453
-413
14
362
294
-68
-348
-324
-120
-23
-149
-323
-315
-150
-92
-263
-431
-309
17
154
-82
-423
-522
-375
-209
-113
-38
-41
-244
-544
-642
-447
-229
-239
-367
-372
-269
-256
-367
-433
-366
-251
-176
-150
-183
-287
-373
-319
-162
-102
-223
-352
-301
-139
-76
-155
-207
-99
96
186
70
-136
-217
-77
159
283
218
68
-31
-38
6
78
167
241
255
204
124
75
112
229
334
341
282
265
313
345
314
286
333
411
425
361
285
244
251
327
452
519
439
272
175
219
326
386
367
308
254
240
270
309
314
305
331
373
363
298
247
248
272
283
275
240
157
50
1
57
175
273
306
252
101
-79
-153
-57
125
251
236
74
-144
-241
-93
190
324
172
-85
-193
-132
-43
37
149
212
89
-161
-315
-273
-140
-15
115
219
174
-35
-205
-172
-35
15
-26
-48
-61
-152
-283
-310
-195
-73
-79
-189
-262
-212
-79
20
2
-112
-228
-301
-377
-466
-476
-354
-222
-253
-455
-674
-762
-675
-470
-273
-225
-367
-596
-758
-788
-709
-545
-349
-253
-356
-554
-641
-564
-439
-356
-306
-298
-385
-542
-639
-598
-496
-446
-443
-416
-365
-338
-328
-281
-184
-77
-25
-95
-281
-445
-418
-193
46
117
24
-97
-143
-106
-4
136
249
268
214
170
184
237
293
340
374
394
397
392
399
435
484
507
487
457
461
491
508
507
531
597
654
654
619
593
582
568
563
579
593
578
541
504
471
437
421
437
452
424
375
367
407
437
422
387
349
288
209
181
238
291
233
94
16
56
112
85
22
26
92
124
80
19
-13
-31
-44
-28
13
28
-5
-45
-51
-44
-52
-64
-58
-53
-62
-46
19
83
87
60
58
65
23
-45
-35
89
217
201
43
-99
-93
35
154
183
166
172
191
170
126
137
207
242
194
128
103
90
61
65
138
207
180
85
23
3
-41
-101
-94
-21
10
-60
-168
-249
-309
-353
-347
-288
-254
-307
-404
-465
-487
-511
-532
-519
-509
-571
-701
-818
-864
-853
-828
-812
-817
-858
-930
-984
-970
-916
-911
-989
-1054
-991
-807
-635
-573
-590
-608
-613
-645
-707
-760
-792
-822
-849
-838
-779
-705
-638
-570
-485
-382
-277
-190
-132
-91
-47
-15
-33
-107
-179
-187
-131
-59
7
88
190
294
382
456
511
550
595
655
706
727
725
726
738
753
775
810
851
877
881
877
882
896
910
919
930
956
1003
1041
1035
1001
990
1006
1006
964
894
806
712
655
668
703
670
568
499
518
551
516
458
449
453
398
313
273
251
158
0
-117
-143
-138
-165
-201
-201
-185
-193
-218
-235
-250
-272
-287
-299
-331
-380
-406
-392
-385
-424
-476
-479
-432
-390
-388
-402
-408
-412
-411
-378
-310
-252
-246
-267
-259
-216
-178
-157
-119
-52
-9
-33
-85
-89
-32
32
73
103
126
130
138
201
316
410
420
367
315
286
264
247
247
253
242
220
212
231
276
331
366
352
302
243
176
83
-20
-77
-70
-56
-92
-174
-261
-335
-383
-381
-349
-360
-440
-520
-555
-597
-699
-822
-899
-933
-969
-1007
-1031
-1078
-1184
-1289
-1297
-1223
-1163
-1126
-1038
-899
-800
-784
-804
-826
-859
-897
-911
-921
-981
-1082
-1129
-1080
-995
-940
-887
-793
-676
-553
-403
-231
-90
-8
40
65
55
22
2
-1
-13
-20
36
171
320
428
527
657
790
887
969
1059
1141
1197
1234
1251
1237
1217
1225
1245
1225
1175
1168
1232
1306
1330
1333
1369
1422
1442
1431
1435
1459
1472
1448
1386
1296
1207
1130
1042
936
852
820
792
700
562
465
455
490
509
495
464
419
359
287
192
58
-90
-200
-265
-323
-388
-456
-531
-593
-593
-525
-464
-458
-468
-454
-453
-519
-624
-697
-734
-785
-839
-844
-814
-806
-803
-746
-670
-649
-656
-598
-487
-418
-412
-405
-378
-370
-379
-336
-231
-152
-142
-134
-74
-8
19
50
119
183
209
233
289
356
409
451
484
507
536
588
635
629
579
554
564
549
493
473
525
567
535
473
436
406
351
296
268
231
149
54
-11
-77
-192
-319
-380
-383
-407
-467
-513
-542
-603
-709
-806
-870
-944
-1067
-1211
-1332
-1430
-1527
-1610
-1647
-1624
-1541
-1401
-1236
-1100
-1015
-962
-927
-935
-1007
-1115
-1216
-1299
-1370
-1417
-1428
-1417
-1404
-1355
-1223
-1007
-769
-563
-405
-279
-169
-74
-14
0
-22
-45
-41
-9
32
70
124
233
418
645
839
961
1052
1176
1324
1429
1475
1513
1574
1622
1625
1601
1579
1560
1546
1555
1588
1622
1641
1662
1694
1715
1712
1714
1747
1783
1787
1773
1758
1707
1580
1405
1252
1147
1053
942
830
744
680
607
513
420
361
340
333
305
250
180
90
-42
-211
-371
-487
-576
-670
-765
-834
-864
-867
-863
-862
-876
-906
-939
-952
-944
-939
-963
-1016
-1077
-1130
-1166
-1183
-1183
-1165
-1122
-1043
-948
-883
-872
-870
-805
-667
-528
-457
-438
-407
-343
-280
-241
-208
-160
-100
-35
36
107
158
185
215
286
401
521
598
624
641
690
762
811
814
794
791
804
807
784
740
685
641
634
656
655
604
527
461
399
317
224
155
112
57
-34
-144
-249
-349
-451
-547
-627
-687
-738
-800
-905
-1064
-1242
-1382
-1467
-1527
-1595
-1663
-1710
-1736
-1749
-1723
-1619
-1453
-1299
-1207
-1160
-1130
-1148
-1258
-1429
-1584
-1685
-1744
-1762
-1720
-1620
-1494
-1354
-1175
-954
-729
-531
-346
-177
-60
-5
18
11
-49
-128
-136
-45
79
191
331
535
769
982
1179
1372
1524
1611
1685
1789
1861
1840
1779
1769
1806
1831
1835
1847
1864
1876
1909
1990
2090
2152
2159
2130
2082
2026
1989
1979
1948
1863
1769
1701
1609
1451
1279
1152
1044
913
799
745
713
643
551
492
448
356
225
128
78
-5
-163
-354
-539
-719
-879
-976
-1010
-1024
-1039
-1041
-1023
-1010
-1027
-1065
-1107
-1144
-1182
-1223
-1273
-1335
-1395
-1432
-1449
-1453
-1429
-1359
-1264
-1180
-1107
-1025
-938
-872
-825
-769
-695
-630
-582
-525
-435
-341
-285
-265
-232
-154
-44
70
177
279
368
438
496
565
649
725
766
771
778
820
883
916
905
891
905
913
872
803
773
800
822
792
723
648
565
464
372
303
230
125
9
-85
-158
-239
-348
-479
-608
-702
-756
-807
-904
-1049
-1201
-1340
-1482
-1630
-1760
-1863
-1963
-2039
-2022
-1895
-1733
-1602
-1488
-1367
-1269
-1242
-1298
-1421
-1589
-1764
-1892
-1935
-1902
-1829
-1739
-1639
-1522
-1351
-1101
-822
-601
-453
-317
-176
-87
-77
-100
-112
-109
-80
8
155
314
469
660
915
1185
1398
1542
1651
1740
1806
1859
1904
1931
1938
1956
1995
2034
2060
2077
2091
2119
2187
2285
2356
2360
2320
2288
2268
2234
2175
2114
2057
1985
1895
1803
1703
1560
1371
1178
1019
906
832
770
688
593
529
500
450
343
207
79
-44
-188
-356
-542
-736
-917
-1045
-1113
-1166
-1239
-1297
-1292
-1229
-1159
-1115
-1120
-1193
-1301
-1374
-1404
-1454
-1552
-1637
-1654
-1618
-1564
-1504
-1439
-1377
-1304
-1183
-1021
-889
-823
-774
-690
-609
-582
-576
-533
-457
-378
-283
-161
-48
25
87
188
323
444
526
589
657
733
814
891
939
944
933
941
960
964
957
955
951
936
922
921
914
876
815
761
723
675
591
478
359
251
147
38
-75
-184
-280
-366
-453
-548
-654
-773
-909
-1053
-1189
-1314
-1442
-1579
-1711
-1819
-1913
-2025
-2156
-2248
-2220
-2063
-1861
-1699
-1589
-1505
-1452
-1472
-1573
-1719
-1855
-1946
-1977
-1951
-1887
-1813
-1741
-1653
-1516
-1312
-1059
-804
-583
-389
-198
-37
23
-25
-79
-43
69
181
272
381
540
743
970
1210
1442
1643
1813
1965
2096
2181
2213
2212
2204
2207
2231
2256
2243
2197
2186
2263
2394
2502
2559
2589
2606
2594
2538
2442
2322
2198
2097
2033
1984
1905
1779
1627
1469
1319
1188
1076
966
850
742
646
538
398
248
130
54
-13
-112
-262
-455
-663
-849
-995
-1111
-1214
-1295
-1334
-1336
-1327
-1333
-1360
-1403
-1440
-1448
-1436
-1439
-1485
-1554
-1606
-1624
-1628
-1635
-1632
-1589
-1498
-1382
-1272
-1180
-1103
-1024
-931
-826
-718
-620
-544
-483
-415
-326
-234
-165
-110
-28
103
254
377
464
550
661
782
880
942
980
1007
1035
1072
1121
1161
1165
1130
1090
1086
1113
1133
1112
1060
1013
980
939
869
777
678
579
481
393
319
233
108
-45
-181
-281
-378
-511
-671
-815
-929
-1042
-1179
-1330
-1467
-1582
-1693
-1819
-1958
-2099
-2232
-2346
-2405
-2373
-2253
-2094
-1939
-1790
-1644
-1551
-1574
-1707
-1861
-1961
-2015
-2068
-2120
-2118
-2028
-1869
-1674
-1458
-1219
-964
-717
-501
-324
-183
-83
-27
-2
28
83
153
223
318
474
692
925
1147
1380
1651
1921
2119
2210
2227
2235
2268
2320
2361
2374
2373
2382
2409
2436
2450
2455
2477
2534
2623
2709
2744
2696
2579
2445
2337
2258
2185
2100
2001
1891
1766
1613
1425
1217
1028
891
805
737
651
536
407
277
152
26
-100
-224
-345
-476
-630
-816
-1025
-1236
-1414
-1529
-1572
-1569
-1555
-1553
-1555
-1551
-1539
-1532
-1542
-1574
-1615
-1649
-1678
-1717
-1767
-1803
-1796
-1745
-1667
-1577
-1475
-1356
-1221
-1075
-930
-799
-685
-578
-476
-390
-335
-306
-278
-220
-112
36
184
292
376
488
645
802
909
971
1033
1118
1203
1255
1258
1227
1190
1173
1185
1208
1217
1204
1180
1157
1139
1114
1055
957
860
805
768
681
530
373
263
184
82
-62
-223
-372
-502
-622
-745
-881
-1030
-1173
-1299
-1409
-1516
-1636
-1791
-1979
-2160
-2296
-2404
-2521
-2625
-2651
-2570
-2417
-2238
-2055
-1879
-1748
-1701
-1744
-1848
-1977
-2097
-2186
-2238
-2253
-2203
-2063
-1853
-1625
-1400
-1160
-899
-634
-381
-152
18
95
92
73
93
156
240
345
489
687
939
1223
1497
1732
1944
2157
2345
2458
2495
2503
2513
2513
2503
2505
2530
2559
2578
2598
2632
2667
2691
2715
2749
2775
2759
2692
2590
2482
2390
2311
2214
2083
1942
1814
1678
1499
1286
1086
929
801
683
585
507
417
292
150
25
-92
-229
-390
-555
-721
-904
-1114
-1323
-1482
-1568
-1603
-1628
-1656
-1662
-1631
-1588
-1571
-1586
-1606
-1620
-1647
-1698
-1753
-1792
-1821
-1844
-1834
-1765
-1651
-1535
-1436
-1330
-1193
-1040
-907
-804
-710
-607
-499
-402
-319
-241
-164
-87
-1
109
244
381
504
619
745
875
985
1062
1123
1185
1245
1283
1296
1296
1298
1298
1295
1297
1307
1308
1273
1211
1156
1124
1089
1019
925
844
781
704
594
474
368
264
141
4
-127
-254
-394
-562
-748
-929
-1087
-1224
-1346
-1454
-1548
-1642
-1764
-1915
-2069
-2205
-2345
-2520
-2700
-2811
-2812
-2732
-2607
-2448
-2253
-2044
-1850
-1707
-1660
-1738
-1910
-2093
-2209
-2243
-2228
-2192
-2125
-1991
-1761
-1448
-1114
-815
-557
-303
-52
150
259
274
230
183
201
305
459
608
761
972
1260
1580
1866
2101
2302
2480
2623
2709
2725
2679
2609
2558
2540
2540
2551
2571
2596
2628
2682
2758
2822
2839
2815
2776
2719
2619
2477
2330
2208
2105
2001
1880
1735
1565
1377
1185
994
815
673
573
486
385
280
184
87
-28
-157
-298
-465
-668
-891
-1104
-1291
-1449
-1574
-1657
-1702
-1714
-1697
-1664
-1641
-1634
-1614
-1573
-1543
-1555
-1601
-1662
-1735
-1808
-1848
-1833
-1778
-1699
-1596
-1461
-1307
-1157
-1018
-887
-762
-633
-493
-361
-273
-231
-194
-132
-60
13
112
249
398
540
679
819
945
1049
1146
1247
1333
1378
1384
1372
1362
1358
1362
1362
1343
1310
1286
1267
1224
1156
1099
1071
1049
1008
945
860
746
607
468
344
220
85
-54
-183
-312
-463
-630
-792
-930
-1046
-1154
-1278
-1428
-1587
-1730
-1864
-2007
-2160
-2299
-2413
-2520
-2640
-2779
-2921
-3021
-3021
-2881
-2629
-2348
-2115
-1949
-1831
-1760
-1766
-1870
-2032
-2168
-2213
-2173
-2100
-2027
-1935
-1777
-1528
-1193
-808
-434
-123
111
289
424
498
494
438
400
447
587
770
948
1129
1354
1639
1953
2249
2508
2717
2857
2914
2912
2887
2848
2783
2703
2643
2622
2627
2638
2652
2681
2737
2814
2880
2900
2863
2775
2650
2500
2350
2224
2114
1983
1814
1624
1436
1243
1039
852
717
628
552
463
356
230
88
-60
-201
-328
-445
-566
-713
-892
-1089
-1287
-1469
-1624
-1730
-1770
-1758
-1732
-1710
-1689
-1662
-1644
-1635
-1619
-1589
-1574
-1602
-1662
-1717
-1736
-1718
-1680
-1625
-1539
-1407
-1245
-1084
-942
-809
-673
-534
-403
-284
-185
-115
-74
-30
51
172
307
435
559
686
818
947
1065
1169
1264
1354
1428
1472
1486
1472
1434
1385
1354
1364
1399
1426
1425
1402
1362
1306
1234
1154
1072
984
887
789
685
555
400
248
127
43
-28
-118
-246
-393
-536
-676
-838
-1016
-1176
-1307
-1443
-1618
-1815
-1991
-2132
-2257
-2375
-2469
-2534
-2595
-2679
-2790
-2907
-2993
-3004
-2912
-2719
-2460
-2193
-1984
-1863
-1802
-1775
-1812
-1950
-2138
-2252
-2218
-2087
-1953
-1831
-1649
-1352
-966
-570
-233
18
203
357
485
564
580
556
534
564
683
874
1064
1222
1412
1714
2102
2458
2695
2829
2916
2971
2973
2910
2808
2704
2632
2604
2603
2596
2582
2582
2610
2664
2743
2824
2859
2822
2737
2630
2488
2297
2084
1894
1729
1559
1372
1185
1010
847
703
593
510
429
345
262
161
24
-137
-297
-450
-601
-751
-909
-1089
-1282
-1452
-1578
-1674
-1751
-1793
-1787
-1748
-1702
-1658
-1621
-1606
-1615
-1615
-1589
-1574
-1610
-1680
-1729
-1729
-1686
-1615
-1537
-1455
-1346
-1181
-980
-793
-646
-523
-395
-255
-119
-8
53
60
60
117
246
390
511
629
779
952
1121
1266
1373
1440
1486
1537
1586
1597
1554
1476
1398
1342
1317
1310
1299
1276
1258
1259
1256
1214
1136
1059
988
896
768
621
461
284
105
-48
-170
-281
-390
-490
-578
-669
-781
-923
-1089
-1257
-1410
-1559
-1732
-1936
-2135
-2290
-2413
-2535
-2653
-2742
-2806
-2870
-2946
-3017
-3063
-3055
-2962
-2776
-2531
-2275
-2047
-1869
-1762
-1740
-1805
-1935
-2087
-2199
-2217
-2137
-2002
-1841
-1629
-1331
-964
-584
-233
77
343
561
714
777
749
676
631
656
747
888
1079
1327
1624
1946
2266
2553
2784
2957
3092
3185
3201
3114
2961
2806
2689
2609
2546
2492
2469
2509
2613
2735
2819
2844
2826
2779
2696
2564
2383
2162
1918
1682
1486
1328
1173
1001
833
698
595
504
406
298
179
45
-104
-262
-415
-552
-679
-811
-946
-1076
-1205
-1351
-1519
-1688
-1820
-1904
-1944
-1940
-1890
-1814
-1749
-1706
-1670
-1627
-1585
-1567
-1573
-1587
-1594
-1593
-1595
-1595
-1567
-1494
-1381
-1243
-1082
-893
-687
-496
-339
-208
-91
9
89
164
246
324
388
452
547
675
814
938
1052
1175
1319
1466
1578
1629
1626
1598
1570
1552
1530
1493
1439
1387
1362
1367
1364
1314
1224
1145
1103
1071
1000
883
745
609
470
323
172
22
-128
-273
-394
-480
-555
-655
-789
-930
-1057
-1189
-1352
-1543
-1726
-1880
-2019
-2167
-2321
-2453
-2553
-2643
-2748
-2852
-2919
-2953
-2998
-3079
-3159
-3171
-3087
-2919
-2684
-2390
-2075
-1805
-1629
-1557
-1588
-1727
-1944
-2151
-2243
-2176
-1980
-1715
-1414
-1072
-680
-266
111
404
615
776
898
964
966
927
873
837
864
996
1224
1495
1776
2074
2400
2726
3002
3189
3276
3269
3193
3078
2949
2812
2677
2567
2507
2498
2524
2564
2601
2629
2661
2699
2721
2693
2601
2450
2246
2009
1768
1544
1340
1146
965
812
685
565
432
291
166
73
-1
-82
-187
-311
-445
-594
-770
-959
-1131
-1279
-1422
-1561
-1674
-1752
-1812
-1856
-1872
-1855
-1816
-1766
-1705
-1640
-1581
-1542
-1528
-1538
-1557
-1555
-1521
-1483
-1469
-1453
-1380
-1251
-1119
-1010
-890
-731
-540
-339
-148
7
110
188
279
390
492
562
612
665
733
824
936
1042
1128
1234
1407
1613
1760
1800
1772
1724
1669
1606
1541
1475
1404
1339
1295
1271
1239
1185
1126
1082
1059
1044
1019
948
807
620
437
270
98
-86
-262
-422
-570
-698
-788
-851
-916
-1000
-1094
-1191
-1296
-1428
-1593
-1784
-1983
-2165
-2317
-2448
-2578
-2709
-2825
-2913
-2965
-2982
-2986
-3009
-3060
-3104
-3099
-3027
-2881
-2659
-2376
-2072
-1787
-1560
-1433
-1438
-1555
-1717
-1848
-1904
-1873
-1757
-1563
-1305
-988
-616
-216
172
531
865
1143
1313
1353
1291
1169
1034
953
974
1087
1260
1492
1809
2191
2558
2849
3067
3244
3374
3427
3386
3251
3048
2837
2679
2583
2516
2465
2444
2453
2483
2534
2599
2640
2625
2566
2491
2379
2182
1907
1628
1400
1208
1019
838
680
528
360
181
16
-106
-169
-186
-209
-277
-389
-529
-691
-873
-1051
-1201
-1328
-1450
-1567
-1672
-1776
-1892
-1995
-2022
-1950
-1819
-1683
-1570
-1482
-1422
-1393
-1399
-1438
-1482
-1493
-1467
-1429
-1394
-1350
-1275
-1160
-1003
-809
-597
-393
-209
-39
114
234
316
376
437
500
565
639
723
804
887
992
1129
1273
1403
1514
1610
1689
1755
1800
1809
1779
1724
1659
1583
1492
1397
1320
1258
1196
1138
1100
1068
1008
926
858
811
747
632
481
323
168
7
-175
-373
-560
-704
-804
-885
-970
-1061
-1151
-1239
-1325
-1411
-1505
-1636
-1808
-1982
-2125
-2258
-2423
-2618
-2791
-2906
-2970
-3007
-3035
-3058
-3077
-3098
-3120
-3128
-3090
-2979
-2784
-2511
-2183
-1847
-1572
-1416
-1383
-1438
-1550
-1697
-1829
-1863
-1758
-1543
-1277
-976
-623
-217
207
603
937
1188
1348
1415
1402
1332
1236
1142
1090
1131
1300
1570
1868
2138
2394
2679
2976
3209
3320
3323
3267
3174
3044
2887
2724
2581
2471
2404
2384
2394
2404
2393
2378
2392
2429
2434
2353
2188
1986
1783
1575
1349
1122
929
777
638
475
284
84
-98
-244
-349
-416
-457
-500
-565
-658
-765
-886
-1030
-1186
-1323
-1437
-1557
-1701
-1844
-1946
-1997
-2007
-1974
-1886
-1749
-1592
-1448
-1335
-1266
-1244
-1250
-1265
-1288
-1325
-1365
-1380
-1349
-1259
-1107
-917
-722
-529
-317
-93
102
232
316
394
474
537
587
643
706
766
841
961
1119
1273
1393
1485
1565
1640
1700
1730
1730
1715
1705
1701
1684
1641
1577
1505
1422
1328
1238
1164
1089
991
882
797
746
701
627
524
408
289
156
-2
-177
-356
-534
-713
-877
-1008
-1112
-1213
-1316
-1394
-1437
-1469
-1531
-1640
-1782
-1929
-2065
-2197
-2344
-2513
-2678
-2803
-2886
-2955
-3019
-3055
-3050
-3023
-2990
-2960
-2962
-3010
-3044
-2964
-2742
-2437
-2115
-1793
-1476
-1207
-1056
-1058
-1191
-1385
-1535
-1547
-1415
-1211
-980
-694
-328
84
488
857
1170
1409
1587
1728
1810
1775
1625
1458
1376
1404
1500
1646
1852
2121
2430
2752
3045
3253
3356
3381
3345
3233
3044
2823
2625
2467
2346
2264
2220
2198
2180
2177
2196
2220
2216
2178
2116
2020
1854
1609
1322
1047
819
637
479
327
181
43
-91
-228
-367
-493
-593
-657
-696
-740
-814
-916
-1031
-1146
-1252
-1346
-1440
-1560
-1707
-1843
-1938
-1996
-2023
-1996
-1884
-1706
-1516
-1349
-1213
-1125
-1102
-1115
-1111
-1088
-1084
-1102
-1100
-1055
-976
-865
-716
-537
-342
-128
108
327
474
546
601
673
747
811
879
949
1000
1052
1144
1259
1335
1375
1446
1574
1705
1778
1794
1783
1759
1718
1666
1601
1505
1389
1306
1275
1252
1188
1088
981
879
783
695
596
472
344
255
205
135
-3
-184
-354
-501
-651
-811
-962
-1091
-1205
-1307
-1396
-1474
-1552
-1629
-1698
-1765
-1849
-1958
-2080
-2198
-2316
-2454
-2611
-2754
-2845
-2877
-2877
-2876
-2892
-2919
-2932
-2925
-2928
-2974
-3028
-2993
-2802
-2473
-2082
-1702
-1376
-1130
-977
-917
-952
-1081
-1250
-1342
-1268
-1054
-785
-503
-200
124
459
804
1139
1415
1602
1723
1809
1837
1771
1644
1541
1523
1586
1726
1944
2209
2471
2713
2939
3118
3214
3235
3213
3144
3008
2824
2638
2473
2330
2221
2166
2149
2135
2119
2126
2144
2119
2035
1930
1824
1688
1499
1278
1053
829
610
413
245
93
-55
-194
-309
-397
-469
-537
-608
-680
-753
-832
-927
-1047
-1175
-1281
-1359
-1429
-1516
-1618
-1715
-1793
-1847
-1866
-1832
-1744
-1626
-1500
-1368
-1234
-1134
-1105
-1121
-1115
-1062
-1002
-965
-931
-875
-802
-719
-612
-470
-306
-136
43
240
431
583
684
745
784
824
886
956
1004
1044
1118
1227
1327
1403
1489
1590
1663
1687
1702
1737
1760
1720
1635
1556
1488
1402
1296
1199
1115
1033
959
911
874
822
743
641
527
418
322
213
63
-112
-258
-355
-450
-591
-757
-894
-992
-1083
-1182
-1279
-1373
-1468
-1551
-1602
-1642
-1716
-1844
-1991
-2101
-2170
-2249
-2383
-2552
-2691
-2765
-2797
-2823
-2850
-2856
-2827
-2771
-2716
-2692
-2716
-2774
-2809
-2751
-2570
-2288
-1959
-1624
-1302
-1009
-786
-689
-736
-862
-971
-1008
-963
-824
-583
-271
64
403
755
1098
1377
1559
1667
1740
1785
1793
1768
1725
1682
1667
1721
1852
2035
2247
2479
2713
2926
3106
3238
3272
3181
3005
2823
2664
2502
2326
2172
2075
2029
2009
2004
2001
1972
1915
1861
1824
1765
1640
1452
1234
1013
802
594
380
169
-6
-122
-197
-265
-349
-446
-543
-636
-724
-809
-899
-998
-1092
-1161
-1212
-1269
-1344
-1427
-1507
-1580
-1646
-1700
-1738
-1745
-1708
-1634
-1545
-1446
-1328
-1193
-1067
-966
-893
-844
-810
-775
-732
-692
-669
-644
-571
-433
-263
-102
44
190
351
526
696
825
887
914
959
1031
1094
1121
1123
1137
1199
1312
1440
1529
1558
1569
1612
1679
1710
1667
1578
1493
1433
1384
1315
1201
1053
930
873
858
821
729
610
513
462
430
360
224
54
-89
-187
-284
-425
-602
-764
-876
-944
-1002
-1086
-1213
-1360
-1478
-1539
-1575
-1626
-1694
-1757
-1805
-1852
-1921
-2026
-2157
-2285
-2394
-2499
-2608
-2702
-2756
-2769
-2758
-2724
-2653
-2555
-2466
-2422
-2434
-2490
-2548
-2531
-2375
-2097
-1772
-1450
-1136
-846
-628
-533
-572
-705
-837
-864
-740
-521
-289
-68
187
509
860
1172
1406
1562
1667
1758
1843
1880
1824
1704
1611
1616
1714
1855
2001
2157
2349
2586
2826
2998
3062
3029
2938
2817
2662
2466
2249
2052
1915
1848
1823
1798
1759
1726
1718
1724
1711
1652
1543
1399
1237
1058
841
583
327
122
-19
-117
-203
-289
-374
-449
-507
-565
-649
-763
-883
-982
-1060
-1133
-1206
-1270
-1322
-1361
-1378
-1385
-1419
-1492
-1564
-1596
-1593
-1572
-1525
-1436
-1317
-1192
-1067
-947
-850
-785
-735
-678
-619
-574
-541
-508
-481
-454
-393
-274
-116
60
268
513
747
913
1003
1037
1018
951
882
869
917
984
1053
1151
1285
1411
1488
1525
1549
1575
1596
1602
1572
1488
1355
1205
1069
960
870
792
734
710
718
727
698
618
506
398
309
218
94
-65
-226
-354
-455
-556
-669
-771
-846
-901
-954
-1015
-1092
-1192
-1306
-1407
-1483
-1557
-1648
-1740
-1806
-1843
-1874
-1923
-1991
-2064
-2127
-2194
-2283
-2384
-2452
-2466
-2457
-2463
-2478
-2471
-2452
-2466
-2516
-2565
-2585
-2564
-2458
-2212
-1859
-1495
-1167
-846
-535
-324
-297
-437
-647
-834
-938
-928
-808
-612
-351
9
464
919
1268
1490
1636
1748
1827
1852
1802
1676
1522
1419
1417
1491
1591
1714
1907
2189
2505
2771
2935
2990
2960
2863
2712
2509
2276
2054
1883
1777
1721
1687
1654
1626
1620
1639
1655
1639
1585
1510
1416
1279
1073
809
537
307
131
-7
-116
-201
-271
-342
-417
-491
-576
-682
-786
-844
-848
-844
-871
-922
-977
-1053
-1164
-1284
-1380
-1456
-1525
-1556
-1514
-1416
-1314
-1228
-1143
-1055
-975
-898
-816
-740
-697
-683
-667
-641
-623
-613
-585
-521
-413
-253
-57
122
250
354
480
619
726
789
835
880
912
927
943
963
978
1010
1100
1241
1369
1437
1459
1471
1480
1477
1455
1414
1351
1279
1213
1154
1078
980
886
824
782
735
677
617
544
443
334
249
190
120
15
-106
-215
-313
-413
-505
-574
-634
-718
-822
-911
-974
-1053
-1178
-1316
-1407
-1440
-1460
-1508
-1581
-1643
-1671
-1670
-1664
-1682
-1743
-1845
-1969
-2084
-2175
-2255
-2341
-2412
-2419
-2342
-2240
-2192
-2203
-2212
-2185
-2155
-2151
-2160
-2148
-2086
-1942
-1682
-1328
-947
-598
-301
-80
9
-72
-283
-532
-735
-821
-739
-492
-155
212
607
1021
1389
1645
1799
1897
1942
1899
1776
1633
1510
1407
1340
1365
1511
1736
1978
2215
2446
2647
2783
2838
2821
2740
2582
2349
2079
1837
1666
1564
1509
1491
1511
1554
1583
1563
1495
1407
1323
1247
1169
1070
921
709
454
206
3
-146
-258
-342
-400
-435
-469
-526
-613
-708
-780
-812
-811
-810
-838
-902
-982
-1066
-1150
-1223
-1270
-1292
-1313
-1334
-1333
-1299
-1251
-1198
-1113
-973
-805
-665
-566
-488
-436
-434
-472
-501
-496
-472
-435
-364
-247
-99
66
241
410
545
639
713
780
828
854
879
912
943
970
1010
1060
1088
1096
1131
1216
1320
1390
1415
1419
1412
1385
1333
1263
1179
1082
989
917
862
799
713
617
536
485
451
404
327
232
148
82
13
-83
-206
-333
-442
-531
-609
-685
-762
-833
-888
-923
-950
-990
-1059
-1147
-1230
-1299
-1366
-1453
-1560
-1662
-1725
-1741
-1734
-1735
-1749
-1764
-1773
-1793
-1844
-1924
-2019
-2120
-2209
-2256
-2244
-2209
-2192
-2185
-2141
-2059
-1992
-1976
-1977
-1937
-1826
-1635
-1361
-1023
-680
-397
-191
-59
-26
-122
-317
-524
-653
-654
-515
-264
50
390
749
1119
1456
1703
1837
1876
1847
1765
1650
1526
1408
1306
1258
1310
1470
1693
1927
2155
2375
2576
2722
2780
2731
2582
2362
2112
1873
1674
1529
1441
1402
1402
1431
1472
1497
1481
1429
1366
1303
1215
1076
891
685
475
270
90
-44
-131
-195
-254
-304
-345
-395
-469
-559
-641
-711
-783
-869
-962
-1045
-1104
-1136
-1148
-1147
-1139
-1135
-1144
-1172
-1205
-1221
-1208
-1169
-1104
-1016
-922
-849
-805
-767
-705
-623
-533
-438
-334
-246
-197
-185
-181
-165
-128
-54
70
230
392
533
658
761
823
852
884
930
964
972
979
1008
1048
1077
1111
1172
1238
1275
1285
1301
1317
1292
1219
1142
1086
1026
929
814
724
670
634
608
595
583
540
455
348
237
114
-26
-160
-259
-323
-384
-462
-547
-613
-653
-678
-700
-727
-767
-831
-918
-1021
-1140
-1276
-1408
-1499
-1536
-1547
-1564
-1586
-1586
-1561
-1536
-1532
-1550
-1590
-1658
-1749
-1838
-1921
-2025
-2148
-2234
-2227
-2155
-2090
-2052
-2000
-1909
-1821
-1778
-1778
-1790
-1798
-1775
-1653
-1395
-1054
-716
-410
-121
112
197
91
-139
-372
-526
-559
-452
-213
110
467
841
1213
1528
1724
1803
1816
1805
1760
1663
1520
1371
1259
1227
1294
1447
1649
1873
2117
2370
2585
2703
2698
2591
2421
2209
1963
1706
1479
1321
1249
1256
1315
1393
1451
1471
1459
1430
1375
1268
1106
926
753
572
353
118
-78
-200
-261
-287
-288
-287
-319
-401
-506
-602
-691
-787
-872
-915
-927
-948
-1004
-1079
-1146
-1197
-1230
-1238
-1226
-1216
-1219
-1220
-1200
-1148
-1061
-937
-788
-645
-535
-467
-441
-459
-510
-556
-561
-512
-417
-287
-142
-8
108
224
360
502
620
695
732
741
729
706
678
651
646
697
820
982
1129
1242
1335
1413
1461
1473
1446
1368
1229
1063
928
849
793
732
695
720
784
826
812
752
658
534
398
280
183
83
-31
-126
-173
-190
-224
-294
-381
-462
-534
-606
-683
-764
-847
-918
-967
-997
-1031
-1091
-1169
-1241
-1288
-1314
-1338
-1371
-1413
-1451
-1473
-1477
-1477
-1492
-1524
-1556
-1569
-1571
-1596
-1664
-1758
-1839
-1891
-1918
-1932
-1928
-1906
-1870
-1824
-1761
-1701
-1686
-1722
-1743
-1676
-1509
-1282
-1015
-693
-332
-6
207
280
213
17
-251
-479
-580
-545
-411
-179
168
595
1015
1355
1597
1749
1816
1811
1756
1653
1496
1315
1174
1115
1134
1213
1352
1548
1780
2015
2231
2399
2482
2462
2366
2233
2065
1852
1616
1407
1262
1174
1129
1123
1151
1193
1224
1230
1214
1174
1103
990
843
678
509
338
162
0
-128
-222
-301
-372
-428
-468
-508
-563
-618
-649
-658
-668
-698
-742
-789
-835
-887
-945
-1005
-1059
-1103
-1138
-1170
-1200
-1212
-1188
-1114
-988
-816
-616
-426
-285
-209
-189
-215
-289
-392
-469
-472
-404
-308
-202
-70
93
260
405
535
660
766
830
856
854
820
750
681
665
721
817
921
1022
1117
1189
1232
1247
1231
1186
1135
1107
1091
1048
959
853
759
682
618
572
544
513
460
397
341
279
194
100
26
-19
-57
-110
-182
-267
-356
-445
-530
-610
-679
-737
-786
-834
-875
-896
-901
-913
-941
-977
-1020
-1084
-1166
-1237
-1282
-1313
-1340
-1349
-1331
-1304
-1303
-1325
-1339
-1331
-1315
-1303
-1299
-1316
-1375
-1471
-1574
-1661
-1729
-1775
-1773
-1712
-1609
-1506
-1432
-1393
-1384
-1397
-1407
-1387
-1316
-1184
-977
-691
-353
-25
235
388
422
331
132
-126
-364
-511
-516
-358
-48
358
781
1159
1468
1693
1815
1821
1736
1606
1461
1311
1156
1017
926
915
999
1180
1440
1737
2016
2233
2370
2428
2401
2271
2039
1755
1485
1255
1058
900
818
829
904
1007
1119
1215
1248
1189
1067
934
807
663
496
328
175
33
-99
-215
-314
-390
-427
-423
-406
-414
-456
-514
-577
-634
-669
-664
-641
-649
-703
-780
-859
-951
-1057
-1143
-1170
-1132
-1053
-964
-878
-794
-704
-610
-513
-406
-289
-186
-136
-151
-199
-240
-273
-309
-323
-265
-134
23
170
316
468
598
683
739
793
833
823
764
699
670
675
692
719
767
840
929
1015
1082
1118
1120
1100
1071
1030
960
853
721
591
479
397
350
327
308
287
284
307
317
270
174
81
12
-61
-164
-279
-377
-461
-544
-617
-663
-693
-727
-763
-776
-762
-752
-774
-826
-880
-919
-958
-1011
-1073
-1125
-1162
-1193
-1224
-1250
-1269
-1285
-1292
-1273
-1227
-1182
-1162
-1156
-1144
-1143
-1172
-1220
-1266
-1325
-1415
-1508
-1559
-1569
-1577
-1582
-1540
-1439
-1341
-1303
-1315
-1344
-1378
-1395
-1328
-1125
-805
-437
-64
281
535
619
498
218
-132
-452
-653
-683
-549
-299
30
417
820
1167
1404
1533
1592
1615
1606
1552
1441
1270
1059
851
710
680
757
916
1152
1479
1864
2204
2394
2405
2282
2076
1811
1512
1227
1000
846
764
753
793
843
873
893
933
1001
1069
1094
1053
953
812
637
419
165
-84
-272
-370
-396
-387
-367
-349
-340
-351
-378
-415
-455
-493
-528
-551
-558
-563
-597
-673
-763
-829
-865
-899
-939
-962
-948
-907
-850
-768
-654
-527
-411
-309
-212
-132
-96
-106
-149
-203
-240
-238
-201
-157
-105
-22
103
243
366
475
581
670
726
763
801
816
777
706
661
657
662
657
664
706
776
855
927
979
996
979
944
895
818
707
584
477
393
330
284
251
223
201
192
190
176
133
71
10
-36
-84
-159
-266
-376
-462
-526
-588
-653
-700
-716
-713
-705
-694
-685
-698
-733
-760
-764
-772
-813
-882
-946
-994
-1033
-1071
-1104
-1125
-1127
-1100
-1045
-986
-948
-929
-909
-888
-884
-909
-953
-1006
-1068
-1134
-1195
-1246
-1294
-1342
-1376
-1369
-1313
-1232
-1163
-1117
-1091
-1098
-1162
-1278
-1387
-1414
-1314
-1075
-702
-230
251
628
827
829
643
305
-103
-472
-716
-795
-701
-453
-111
261
634
997
1318
1553
1688
1736
1696
1544
1290
1001
739
523
370
331
445
686
993
1324
1650
1935
2126
2195
2137
1971
1718
1414
1113
865
702
631
629
662
715
786
869
939
983
1007
1015
995
929
805
623
403
180
-13
-154
-235
-262
-261
-267
-296
-335
-368
-403
-447
-479
-468
-423
-389
-386
-397
-417
-464
-541
-621
-681
-726
-764
-787
-779
-740
-678
-593
-481
-357
-239
-136
-49
20
65
84
74
34
-19
-58
-66
-41
11
91
199
336
489
635
748
822
865
887
891
877
850
811
767
733
733
768
812
847
883
929
969
986
983
963
916
842
760
687
613
527
446
395
374
363
352
338
308
249
173
102
37
-33
-101
-156
-203
-255
-313
-369
-428
-492
-544
-571
-584
-607
-644
-681
-711
-741
-774
-798
-811
-820
-824
-820
-812
-815
-831
-851
-868
-880
-890
-904
-923
-939
-937
-918
-896
-881
-873
-869
-867
-866
-858
-844
-833
-827
-816
-808
-831
-892
-970
-1041
-1106
-1159
-1180
-1162
-1133
-1127
-1146
-1177
-1208
-1221
-1170
-1014
-746
-394
7
405
721
874
826
590
217
-207
-576
-810
-877
-777
-514
-111
365
818
1176
1421
1569
1635
1618
1516
1341
1121
883
657
476
377
378
474
663
953
1328
1704
1983
2123
2144
2063
1869
1574
1238
938
721
596
553
569
617
678
742
796
828
844
853
849
810
732
626
476
266
29
-161
-269
-333
-394
-446
-462
-452
-461
-510
-568
-594
-576
-530
-477
-432
-406
-413
-464
-551
-640
-711
-775
-842
-888
-880
-819
-742
-667
-576
-448
-292
-140
-16
75
139
171
162
116
57
20
9
9
20
80
206
359
490
601
723
847
933
962
955
930
888
832
782
759
757
765
785
819
855
883
893
876
835
797
779
758
697
601
512
454
404
331
241
165
121
92
51
-10
-81
-145
-191
-217
-231
-247
-283
-350
-433
-502
-556
-625
-719
-807
-848
-847
-840
-855
-889
-913
-903
-863
-824
-816
-832
-837
-822
-816
-841
-872
-880
-880
-893
-909
-911
-915
-941
-963
-939
-875
-823
-813
-824
-818
-804
-813
-858
-908
-917
-871
-798
-753
-767
-819
-876
-934
-1002
-1075
-1133
-1167
-1183
-1190
-1200
-1236
-1310
-1395
-1417
-1296
-1010
-612
-190
205
547
793
855
674
297
-145
-536
-820
-965
-935
-737
-424
-48
372
805
1182
1437
1565
1597
1555
1430
1214
929
626
371
219
184
242
381
617
946
1309
1626
1852
1968
1956
1813
1574
1293
1014
757
546
418
386
419
462
488
517
578
668
750
788
774
717
615
460
265
62
-125
-280
-379
-415
-422
-443
-490
-540
-576
-593
-591
-568
-537
-513
-490
-449
-402
-389
-423
-474
-522
-578
-655
-734
-787
-798
-756
-654
-499
-325
-168
-45
44
103
138
159
169
162
141
118
101
86
73
84
143
253
398
554
699
817
901
944
943
911
866
816
755
690
650
648
667
682
696
730
774
791
770
734
704
677
643
603
549
471
372
264
162
75
11
-33
-63
-86
-98
-107
-139
-206
-284
-333
-348
-365
-408
-471
-546
-626
-701
-759
-797
-820
-824
-804
-768
-733
-715
-718
-737
-753
-749
-720
-694
-698
-728
-756
-770
-777
-783
-779
-757
-721
-676
-631
-602
-602
-628
-664
-697
-715
-717
-714
-715
-719
-716
-703
-686
-674
-665
-657
-658
-673
-699
-742
-812
-901
-978
-1026
-1064
-1109
-1157
-1207
-1273
-1344
-1373
-1312
-1147
-896
-565
-170
227
529
664
616
407
77
-305
-659
-915
-1026
-969
-750
-406
6
429
817
1134
1358
1483
1509
1437
1272
1041
793
569
396
284
254
335
538
830
1149
1435
1664
1821
1873
1800
1629
1415
1190
970
787
677
635
614
588
576
601
648
686
716
754
789
794
753
660
512
326
141
-9
-119
-202
-259
-294
-318
-352
-396
-443
-488
-526
-538
-503
-428
-351
-302
-280
-266
-260
-278
-336
-426
-520
-594
-642
-662
-643
-580
-479
-341
-166
25
179
264
291
298
294
272
229
182
142
112
107
145
213
286
371
498
663
813
903
931
917
877
821
767
732
712
702
706
730
758
771
766
758
750
743
729
700
648
579
510
455
412
374
335
298
266
228
172
99
24
-38
-97
-162
-227
-273
-298
-320
-349
-364
-356
-353
-381
-434
-483
-526
-575
-621
-647
-656
-666
-684
-695
-692
-685
-676
-658
-618
-565
-515
-485
-490
-527
-569
-580
-563
-545
-540
-530
-501
-461
-432
-425
-433
-442
-443
-437
-439
-462
-513
-574
-616
-619
-591
-561
-554
-564
-569
-571
-604
-687
-797
-892
-954
-990
-1017
-1052
-1102
-1158
-1209
-1257
-1318
-1381
-1388
-1272
-1010
-631
-193
239
589
790
799
605
231
-253
-721
-1035
-1117
-974
-667
-266
177
621
1021
1323
1495
1546
1520
1450
1330
1145
905
649
427
292
286
414
645
931
1239
1539
1794
1961
2005
1918
1727
1486
1246
1033
852
717
647
644
675
703
718
721
706
669
634
631
655
662
610
493
336
166
0
-150
-264
-325
-338
-336
-346
-381
-435
-504
-571
-597
-548
-438
-319
-237
-204
-215
-272
-368
-481
-581
-644
-653
-610
-533
-445
-351
-245
-133
-31
55
138
216
267
278
267
258
250
232
214
220
253
298
348
414
504
605
693
759
808
845
863
855
834
817
814
820
829
840
850
847
825
788
740
684
633
603
592
576
542
506
480
446
384
303
233
178
125
72
27
-18
-86
-171
-235
-253
-247
-247
-254
-250
-239
-244
-284
-360
-453
-538
-594
-616
-623
-637
-659
-670
-663
-649
-641
-631
-609
-576
-547
-528
-518
-520
-541
-569
-569
-531
-485
-464
-458
-430
-379
-346
-352
-373
-380
-384
-411
-455
-495
-523
-545
-551
-519
-464
-424
-421
-443
-473
-509
-553
-601
-655
-718
-786
-847
-908
-988
-1090
-1175
-1205
-1187
-1164
-1169
-1210
-1284
-1371
-1429
-1389
-1213
-912
-530
-108
310
640
774
654
331
-76
-462
-762
-931
-944
-804
-545
-201
193
587
921
1173
1361
1502
1573
1533
1378
1142
871
621
445
371
387
478
651
916
1234
1526
1733
1852
1896
1853
1703
1464
1192
938
735
599
544
556
592
613
615
609
601
579
549
534
538
532
472
349
185
12
-144
-262
-338
-385
-418
-442
-458
-488
-552
-628
-663
-633
-562
-484
-410
-347
-318
-335
-374
-405
-431
-475
-533
-563
-547
-510
-482
-450
-376
-251
-103
35
153
244
300
318
317
317
320
310
292
286
304
335
367
399
439
495
576
679
783
856
890
911
937
953
931
881
833
800
766
725
695
675
648
606
577
581
591
566
508
460
438
414
355
271
191
127
65
-2
-70
-139
-206
-259
-282
-278
-274
-283
-294
-294
-296
-320
-373
-439
-510
-576
-622
-634
-632
-639
-652
-643
-607
-583
-601
-638
-651
-634
-615
-603
-583
-551
-532
-531
-526
-496
-455
-423
-389
-332
-263
-221
-227
-269
-328
-396
-461
-505
-518
-517
-512
-499
-470
-441
-431
-438
-443
-444
-458
-491
-529
-569
-631
-717
-794
-841
-880
-946
-1030
-1088
-1100
-1097
-1110
-1133
-1158
-1200
-1277
-1371
-1441
-1453
-1380
-1184
-840
-389
63
411
607
639
509
235
-125
-484
-759
-887
-836
-624
-318
9
331
660
988
1258
1422
1481
1469
1404
1284
1121
938
750
574
454
446
558
736
928
1132
1365
1599
1761
1797
1709
1533
1310
1081
887
743
628
522
440
400
388
372
346
334
359
414
479
526
510
399
207
1
-162
-284
-388
-472
-507
-493
-472
-479
-514
-567
-630
-681
-678
-604
-501
-424
-381
-335
-276
-244
-274
-351
-429
-475
-483
-453
-392
-320
-250
-169
-64
50
135
184
231
310
411
497
545
555
529
479
436
427
443
464
501
587
715
825
866
857
850
867
894
919
946
964
948
894
825
751
660
554
468
442
469
503
508
482
440
391
341
301
265
217
149
76
12
-57
-152
-265
-360
-413
-434
-440
-432
-415
-411
-426
-435
-416
-395
-412
-468
-521
-547
-569
-608
-652
-676
-681
-673
-649
-609
-570
-548
-525
-478
-413
-366
-355
-369
-388
-405
-417
-415
-402
-385
-361
-317
-257
-211
-200
-209
-202
-171
-139
-134
-159
-197
-240
-285
-331
-367
-392
-411
-425
-430
-428
-440
-480
-538
-579
-591
-595
-617
-664
-724
-791
-859
-921
-976
-1031
-1095
-1164
-1234
-1315
-1419
-1544
-1662
-1737
-1734
-1624
-1394
-1063
-674
-271
108
417
593
589
406
97
-262
-598
-848
-966
-932
-756
-462
-71
379
824
1198
1470
1654
1760
1767
1647
1408
1101
784
511
337
300
400
603
881
1207
1529
1776
1900
1905
1817
1658
1448
1217
987
765
569
435
378
374
386
408
447
486
500
483
454
417
362
280
181
70
-57
-203
-348
-468
-548
-586
-590
-578
-571
-580
-608
-654
-698
-711
-673
-584
-458
-320
-204
-146
-157
-222
-315
-408
-475
-489
-441
-355
-253
-138
-16
91
175
266
391
528
630
674
677
652
597
517
440
401
416
490
613
758
882
958
989
996
994
987
970
935
886
839
801
759
699
631
580
566
585
609
611
578
520
461
402
325
222
117
33
-38
-102
-151
-176
-199
-239
-279
-297
-312
-363
-446
-515
-546
-562
-589
-610
-605
-588
-581
-582
-575
-563
-556
-551
-536
-512
-497
-504
-533
-564
-582
-575
-541
-489
-432
-381
-340
-315
-311
-326
-341
-339
-308
-257
-199
-145
-99
-78
-89
-110
-113
-97
-96
-119
-135
-119
-97
-108
-151
-191
-206
-208
-213
-219
-235
-278
-353
-439
-518
-585
-644
-696
-732
-741
-725
-707
-718
-764
-828
-893
-966
-1064
-1185
-1303
-1400
-1469
-1513
-1548
-1594
-1649
-1683
-1671
-1599
-1439
-1147
-728
-253
194
561
800
844
663
322
-63
-407
-667
-792
-727
-482
-137
239
619
983
1300
1561
1776
1928
1982
1925
1779
1556
1265
944
678
533
513
603
799
1080
1377
1615
1776
1868
1882
1794
1603
1344
1066
810
593
418
281
183
126
101
91
91
105
129
151
170
192
196
135
-9
-202
-392
-551
-670
-740
-763
-750
-716
-681
-672
-707
-771
-812
-792
-706
-570
-408
-258
-164
-135
-143
-158
-178
-201
-200
-154
-78
-6
47
92
148
230
342
484
648
810
943
1021
1039
1013
966
900
820
756
742
772
816
856
897
939
967
985
1007
1031
1035
1003
946
874
785
677
564
457
360
282
240
224
202
164
132
118
95
33
-64
-171
-271
-359
-427
-478
-524
-574
-623
-655
-675
-699
-735
-773
-801
-805
-786
-761
-744
-728
-696
-652
-612
-581
-558
-546
-539
-517
-471
-426
-418
-437
-442
-415
-381
-352
-312
-251
-190
-138
-80
-17
25
39
44
56
70
82
93
101
96
91
104
131
138
117
100
108
117
103
75
42
-5
-61
-99
-122
-163
-237
-322
-397
-470
-542
-596
-629
-663
-703
-720
-712
-734
-813
-900
-940
-955
-999
-1078
-1165
-1256
-1355
-1441
-1497
-1544
-1609
-1667
-1674
-1642
-1635
-1671
-1697
-1654
-1515
-1260
-876
-402
79
496
805
964
914
635
203
-238
-551
-673
-612
-409
-96
302
746
1172
1519
1763
1921
2018
2068
2066
1989
1808
1531
1216
935
738
644
660
782
996
1280
1584
1834
1955
1929
1804
1633
1425
1166
875
599
372
199
79
8
-33
-60
-74
-65
-32
10
43
51
26
-28
-115
-250
-434
-631
-788
-875
-903
-889
-838
-771
-723
-711
-715
-723
-740
-744
-687
-554
-385
-225
-84
34
104
112
83
56
43
47
87
168
257
323
388
485
604
724
858
1013
1158
1252
1301
1324
1308
1226
1102
998
940
901
859
835
848
884
921
955
984
1000
1003
993
961
892
783
640
480
332
219
140
74
6
-53
-96
-132
-178
-226
-269
-308
-350
-390
-439
-529
-652
-758
-815
-846
-872
-877
-853
-834
-845
-861
-855
-854
-886
-909
-857
-752
-668
-622
-563
-486
-441
-440
-434
-399
-375
-382
-389
-364
-328
-313
-303
-255
-166
-65
30
117
183
221
241
254
253
230
196
166
145
131
116
103
100
112
127
129
115
101
91
69
28
-12
-35
-67
-134
-209
-252
-280
-351
-465
-560
-604
-630
-676
-727
-756
-771
-804
-854
-907
-970
-1050
-1118
-1138
-1128
-1140
-1197
-1272
-1340
-1403
-1467
-1516
-1535
-1536
-1542
-1549
-1541
-1538
-1582
-1642
-1603
-1369
-964
-486
9
509
946
1199
1193
972
627
227
-148
-383
-401
-240
18
347
751
1185
1579
1897
2138
2287
2325
2266
2136
1922
1603
1238
944
776
706
708
811
1015
1260
1480
1652
1762
1772
1657
1441
1175
894
613
348
127
-23
-91
-96
-86
-107
-157
-201
-230
-258
-277
-270
-258
-287
-363
-453
-548
-664
-788
-865
-861
-806
-753
-724
-722
-756
-815
-852
-826
-742
-616
-448
-244
-42
121
229
276
270
245
243
274
308
322
335
377
448
532
636
771
928
1089
1246
1382
1460
1454
1383
1277
1158
1041
937
848
772
721
719
763
815
841
850
863
870
840
764
656
528
388
252
134
30
-65
-152
-227
-285
-323
-351
-389
-441
-490
-521
-547
-594
-658
-713
-749
-787
-827
-848
-850
-869
-916
-954
-959
-954
-959
-952
-901
-821
-751
-692
-615
-523
-450
-406
-361
-298
-241
-211
-199
-188
-180
-175
-159
-117
-61
-13
30
88
167
240
285
315
355
398
417
410
396
372
313
230
172
162
158
117
67
56
77
75
39
5
-16
-44
-78
-95
-105
-147
-226
-299
-345
-396
-480
-579
-661
-732
-802
-845
-846
-832
-834
-836
-811
-770
-757
-797
-881
-974
-1045
-1097
-1156
-1235
-1313
-1363
-1385
-1404
-1411
-1378
-1310
-1254
-1225
-1189
-1148
-1166
-1273
-1402
-1453
-1384
-1195
-878
-434
85
595
1026
1316
1389
1216
868
474
120
-146
-265
-193
38
351
711
1115
1516
1826
2003
2098
2163
2174
2070
1842
1540
1216
909
659
505
468
547
726
977
1259
1512
1667
1675
1544
1323
1062
776
472
181
-44
-175
-223
-222
-202
-187
-197
-224
-243
-247
-255
-283
-323
-359
-395
-450
-534
-634
-719
-763
-756
-708
-643
-590
-572
-590
-624
-653
-662
-641
-573
-439
-245
-25
183
353
459
494
479
452
422
381
342
340
394
483
588
719
881
1046
1182
1289
1379
1430
1408
1317
1206
1103
1001
890
785
712
680
681
710
757
806
835
828
786
717
621
494
344
197
76
-20
-106
-176
-210
-210
-207
-222
-251
-300
-387
-512
-647
-766
-872
-964
-1012
-995
-927
-847
-775
-711
-667
-653
-661
-681
-721
-781
-836
-864
-872
-876
-862
-803
-698
-562
-409
-255
-127
-47
-13
-8
-23
-60
-100
-118
-110
-86
-40
36
125
208
296
398
485
514
489
446
403
344
265
189
133
93
74
93
135
156
142
125
121
106
60
-5
-74
-151
-238
-315
-363
-390
-422
-458
-479
-482
-485
-505
-546
-597
-641
-665
-692
-749
-824
-879
-905
-924
-947
-943
-902
-867
-884
-934
-969
-986
-1019
-1076
-1127
-1159
-1192
-1234
-1268
-1275
-1260
-1231
-1191
-1151
-1135
-1155
-1189
-1205
-1169
-1035
-758
-339
150
617
1003
1268
1349
1188
826
403
56
-157
-230
-149
90
428
774
1084
1372
1640
1850
1984
2072
2120
2077
1888
1579
1227
888
591
383
320
405
590
836
1112
1360
1497
1495
1395
1234
1008
726
444
211
27
-129
-243
-296
-312
-326
-334
-310
-273
-264
-281
-285
-272
-280
-333
-406
-471
-532
-594
-634
-623
-573
-521
-486
-466
-464
-486
-519
-529
-482
-368
-202
-17
160
319
448
531
553
528
490
460
440
436
462
514
565
609
671
778
921
1076
1229
1370
1469
1494
1442
1329
1164
955
743
591
517
492
487
504
548
602
642
660
654
608
519
412
313
212
81
-76
-222
-331
-409
-465
-496
-499
-488
-479
-480
-494
-534
-612
-706
-782
-823
-843
-858
-863
-838
-783
-724
-688
-680
-685
-692
-696
-694
-674
-630
-573
-516
-461
-398
-323
-248
-179
-110
-38
29
70
85
91
94
82
56
38
49
82
117
161
228
310
374
408
425
424
380
291
200
145
109
58
4
-17
-2
13
11
11
16
0
-49
-106
-146
-183
-236
-299
-356
-402
-437
-447
-430
-410
-411
-425
-429
-436
-476
-542
-599
-634
-661
-686
-698
-693
-683
-676
-667
-649
-627
-615
-623
-656
-702
-738
-759
-792
-850
-901
-918
-933
-988
-1059
-1080
-1048
-1030
-1055
-1073
-1041
-1000
-1006
-1039
-1044
-1003
-915
-723
-369
105
573
947
1212
1345
1276
978
543
113
-215
-375
-317
-44
342
723
1065
1386
1657
1805
1820
1788
1772
1740
1632
1446
1204
912
596
350
269
356
544
789
1084
1379
1568
1583
1455
1249
995
714
449
236
69
-74
-181
-228
-223
-203
-189
-170
-146
-130
-131
-150
-193
-263
-349
-439
-532
-620
-684
-713
-712
-686
-626
-528
-428
-371
-362
-372
-381
-381
-349
-260
-121
39
205
364
478
512
477
420
381
374
405
477
569
650
714
782
853
906
951
1018
1106
1172
1198
1194
1159
1076
958
847
765
692
623
592
607
613
573
515
475
431
365
309
290
270
204
107
18
-73
-201
-342
-433
-472
-518
-580
-612
-608
-623
-679
-727
-737
-740
-767
-798
-807
-811
-836
-863
-856
-821
-788
-757
-705
-644
-604
-593
-592
-589
-579
-549
-490
-410
-334
-270
-211
-154
-102
-58
-10
49
112
167
197
193
165
143
147
167
189
211
236
255
262
258
247
234
224
228
243
251
237
202
159
109
57
16
-13
-46
-86
-114
-126
-152
-213
-283
-317
-310
-293
-285
-278
-274
-289
-318
-338
-355
-397
-468
-530
-567
-596
-630
-648
-637
-612
-585
-543
-478
-431
-443
-495
-535
-557
-605
-693
-786
-852
-902
-949
-980
-978
-964
-967
-987
-999
-996
-1002
-1029
-1062
-1088
-1116
-1164
-1223
-1250
-1196
-1030
-743
-352
100
547
924
1175
1251
1123
814
416
50
-190
-268
-194
2
280
592
908
1210
1483
1700
1845
1929
1961
1918
1764
1490
1143
800
532
384
378
497
699
932
1148
1316
1408
1409
1321
1166
979
791
612
438
269
119
-8
-115
-203
-258
-275
-272
-276
-292
-304
-309
-325
-354
-385
-417
-461
-524
-580
-604
-598
-577
-552
-526
-511
-523
-556
-593
-613
-598
-530
-399
-221
-30
151
304
412
464
472
461
448
435
428
439
465
492
511
540
601
699
820
952
1083
1196
1265
1278
1234
1140
1010
872
756
674
623
588
560
530
496
464
440
421
392
349
303
261
212
144
62
-18
-100
-190
-276
-337
-377
-423
-491
-568
-640
-708
-777
-830
-852
-852
-844
-826
-788
-737
-686
-642
-609
-593
-598
-619
-652
-697
-746
-779
-780
-753
-699
-602
-460
-306
-177
-75
15
77
89
58
14
-27
-63
-77
-46
20
85
136
194
264
316
333
333
331
318
300
294
299
290
264
253
267
273
244
202
177
159
123
76
31
-23
-90
-131
-116
-80
-74
-102
-127
-136
-153
-187
-225
-263
-311
-352
-358
-343
-349
-381
-401
-399
-401
-414
-417
-410
-414
-439
-460
-468
-493
-552
-610
-628
-628
-650
-690
-716
-721
-729
-752
-781
-815
-868
-942
-1014
-1063
-1095
-1130
-1165
-1171
-1133
-1079
-1060
-1103
-1180
-1226
-1180
-999
-674
-237
239
678
1039
1281
1333
1139
737
257
-154
-399
-439
-290
-13
315
657
1012
1354
1617
1763
1835
1883
1900
1839
1676
1421
1095
753
480
349
363
471
640
865
1116
1318
1407
1377
1259
1089
895
698
506
327
172
49
-43
-107
-150
-187
-234
-288
-325
-338
-346
-369
-388
-380
-363
-370
-403
-443
-488
-553
-611
-616
-563
-503
-479
-492
-529
-586
-639
-640
-560
-424
-255
-48
192
407
532
559
527
464
386
328
326
370
417
450
501
583
665
726
794
905
1042
1159
1234
1271
1257
1165
1003
828
687
582
495
437
423
439
452
450
440
422
379
316
258
218
171
93
-6
-100
-181
-258
-331
-397
-454
-503
-532
-539
-554
-606
-681
-733
-743
-732
-724
-722
-718
-709
-687
-642
-586
-552
-555
-572
-580
-583
-600
-623
-630
-606
-544
-450
-341
-238
-146
-63
10
57
80
101
135
167
178
173
165
153
130
112
122
155
195
243
312
391
439
431
391
361
346
327
290
250
220
197
170
136
99
61
19
-22
-46
-55
-68
-99
-128
-137
-138
-164
-219
-271
-290
-284
-272
-261
-258
-277
-321
-366
-391
-412
-451
-498
-516
-496
-461
-432
-410
-398
-413
-455
-499
-520
-530
-558
-608
-647
-659
-667
-696
-734
-755
-760
-776
-805
-823
-828
-864
-950
-1027
-1039
-1021
-1045
-1108
-1154
-1179
-1230
-1302
-1302
-1163
-918
-612
-222
255
706
1006
1136
1146
1020
722
321
-27
-225
-289
-247
-81
199
519
824
1136
1461
1728
1876
1925
1915
1828
1629
1338
1015
709
459
316
319
442
621
816
1008
1163
1243
1238
1159
1010
813
620
459
312
162
28
-71
-151
-226
-268
-260
-247
-284
-346
-372
-368
-396
-457
-493
-493
-505
-539
-548
-511
-479
-490
-504
-477
-445
-471
-549
-611
-630
-618
-576
-476
-316
-129
55
229
385
498
543
525
480
443
426
420
417
425
456
509
575
655
760
880
986
1067
1133
1179
1174
1105
1001
893
784
673
579
517
472
420
372
349
338
309
262
228
213
192
147
85
10
-82
-188
-284
-350
-391
-425
-457
-476
-485
-499
-534
-588
-640
-674
-692
-706
-722
-726
-713
-691
-666
-631
-587
-550
-534
-527
-511
-493
-493
-512
-524
-501
-439
-351
-246
-131
-17
79
149
193
223
250
266
263
253
254
255
231
192
174
190
217
243
289
372
463
524
567
610
630
583
483
379
282
167
41
-52
-99
-129
-152
-138
-74
-1
47
85
131
149
101
5
-97
-204
-331
-455
-538
-580
-608
-620
-585
-498
-400
-328
-275
-227
-197
-194
-211
-241
-297
-379
-472
-555
-624
-677
-706
-708
-690
-657
-606
-546
-504
-492
-497
-511
-555
-641
-738
-810
-861
-920
-981
-1012
-1006
-1000
-1013
-1023
-1017
-1021
-1057
-1099
-1120
-1139
-1175
-1177
-1055
-775
-389
34
458
835
1086
1150
1031
767
394
-14
-332
-444
-340
-93
229
600
983
1314
1553
1708
1794
1806
1753
1663
1544
1358
1075
745
471
319
293
379
571
838
1112
1324
1435
1432
1310
1082
801
539
334
175
35
-79
-147
-175
-193
-215
-227
-220
-214
-229
-258
-281
-316
-385
-468
-521
-537
-546
-558
-552
-520
-487
-466
-446
-424
-432
-486
-544
-561
-539
-496
-414
-268
-76
117
298
462
577
602
553
494
455
417
374
363
409
489
572
664
773
877
958
1029
1106
1168
1180
1135
1052
948
829
706
601
524
474
449
447
453
453
443
416
365
287
204
132
70
12
-49
-113
-190
-279
-367
-438
-492
-532
-552
-549
-540
-546
-566
-594
-631
-671
-693
-688
-670
-655
-636
-602
-569
-557
-558
-544
-512
-484
-464
-432
-384
-344
-324
-303
-266
-220
-165
-83
32
152
238
285
312
321
301
260
224
205
201
210
241
286
323
346
372
411
440
439
417
402
399
391
370
347
319
270
199
134
91
54
7
-37
-54
-48
-45
-51
-48
-34
-34
-63
-103
-135
-168
-217
-276
-324
-354
-373
-386
-388
-383
-378
-372
-354
-323
-291
-272
-266
-269
-272
-272
-281
-318
-382
-450
-504
-549
-593
-627
-642
-645
-647
-642
-622
-604
-613
-645
-670
-688
-719
-770
-820
-865
-930
-1020
-1097
-1136
-1156
-1187
-1216
-1209
-1175
-1153
-1148
-1133
-1088
-1008
-857
-580
-184
240
597
862
1041
1093
958
653
277
-61
-297
-382
-286
-40
267
572
887
1232
1551
1760
1848
1870
1856
1777
1602
1348
1045
724
448
298
308
425
591
795
1034
1248
1360
1344
1225
1031
792
553
354
188
28
-116
-207
-249
-281
-315
-326
-309
-291
-291
-294
-299
-329
-386
-444
-487
-532
-587
-621
-610
-571
-530
-487
-439
-408
-414
-443
-467
-479
-471
-417
-304
-150
16
183
346
485
576
616
617
587
537
494
477
475
486
523
591
671
757
863
990
1101
1171
1213
1236
1211
1113
971
837
714
583
471
418
406
383
350
352
388
404
372
316
260
191
96
-6
-98
-201
-329
-451
-528
-563
-581
-588
-580
-558
-531
-512
-518
-556
-608
-655
-694
-728
-750
-750
-737
-720
-686
-614
-526
-464
-428
-376
-310
-271
-263
-247
-211
-194
-202
-190
-136
-80
-52
-16
65
165
243
315
411
504
542
540
536
518
449
340
246
189
154
138
156
203
256
311
384
465
513
518
499
458
380
275
164
43
-95
-215
-276
-291
-299
-305
-277
-216
-165
-141
-118
-91
-96
-142
-186
-211
-261
-350
-432
-471
-489
-511
-520
-486
-423
-356
-285
-200
-128
-109
-134
-170
-215
-286
-377
-461
-529
-587
-624
-629
-613
-593
-572
-546
-521
-512
-528
-569
-631
-702
-762
-805
-854
-923
-999
-1062
-1116
-1163
-1191
-1207
-1231
-1262
-1265
-1237
-1216
-1216
-1192
-1082
-873
-577
-205
213
593
854
977
967
789
436
17
-306
-455
-444
-291
-5
357
709
1021
1312
1569
1723
1765
1770
1779
1727
1548
1272
972
679
419
258
252
376
568
802
1076
1326
1451
1411
1263
1068
842
596
361
160
-10
-154
-257
-312
-329
-333
-333
-328
-314
-304
-308
-330
-357
-382
-409
-450
-507
-557
-590
-613
-627
-609
-553
-489
-448
-431
-422
-424
-435
-423
-358
-244
-111
35
207
385
516
575
585
572
543
510
499
516
543
569
609
668
735
797
867
954
1045
1115
1150
1143
1083
977
854
738
632
536
468
436
424
413
398
385
364
323
267
206
139
60
-24
-100
-173
-255
-341
-412
-459
-493
-518
-533
-543
-558
-580
-605
-633
-673
-719
-755
-767
-755
-723
-676
-623
-573
-522
-469
-424
-399
-393
-392
-390
-387
-381
-360
-322
-274
-213
-122
-5
108
189
239
277
305
317
314
303
287
266
255
268
291
296
276
255
255
269
283
290
293
295
300
313
333
339
320
284
248
214
170
106
28
-52
-113
-143
-146
-143
-147
-152
-144
-125
-108
-98
-98
-118
-160
-206
-236
-255
-287
-324
-340
-329
-317
-320
-321
-308
-291
-278
-249
-191
-136
-127
-152
-171
-178
-206
-269
-336
-385
-426
-468
-494
-497
-507
-548
-600
-624
-628
-651
-698
-734
-739
-740
-765
-804
-840
-879
-942
-1019
-1079
-1124
-1183
-1249
-1277
-1247
-1205
-1207
-1238
-1245
-1200
-1104
-934
-646
-245
198
607
941
1149
1160
954
618
269
-33
-261
-356
-260
5
347
703
1062
1397
1646
1792
1883
1941
1919
1780
1560
1313
1042
746
484
340
337
441
624
862
1097
1253
1307
1288
1202
1033
800
561
354
169
2
-129
-210
-259
-302
-333
-346
-357
-380
-405
-420
-432
-454
-477
-492
-503
-516
-529
-538
-548
-555
-545
-513
-482
-473
-479
-481
-474
-466
-452
-406
-310
-165
20
220
398
525
597
626
625
602
563
523
499
505
544
603
671
746
830
922
1017
1109
1185
1220
1200
1142
1069
975
844
698
583
515
469
433
423
435
430
392
349
324
291
213
110
23
-53
-146
-246
-322
-373
-425
-477
-499
-487
-480
-503
-537
-561
-588
-632
-676
-696
-699
-703
-704
-684
-647
-609
-576
-538
-491
-442
-409
-395
-386
-367
-342
-322
-303
-263
-195
-119
-57
-3
55
102
118
117
132
165
192
215
262
339
415
466
500
521
510
452
370
292
217
135
72
56
85
139
212
301
385
435
445
429
392
324
227
117
7
-99
-195
-268
-314
-335
-322
-275
-216
-169
-135
-103
-79
-81
-106
-142
-189
-253
-321
-364
-374
-376
-385
-384
-354
-309
-276
-256
-233
-203
-185
-195
-227
-265
-308
-367
-433
-480
-500
-511
-532
-546
-537
-521
-537
-593
-658
-716
-777
-835
-859
-844
-838
-872
-916
-941
-972
-1042
-1123
-1162
-1165
-1179
-1210
-1220
-1216
-1245
-1288
-1235
-1012
-668
-284
119
543
921
1148
1174
1020
728
349
-24
-273
-345
-270
-91
173
499
831
1122
1356
1536
1667
1756
1812
1823
1746
1550
1265
961
695
493
368
345
439
635
874
1082
1209
1246
1204
1088
906
691
485
306
145
-7
-135
-222
-279
-327
-368
-387
-382
-377
-390
-415
-437
-458
-492
-539
-576
-582
-566
-555
-556
-554
-533
-502
-479
-477
-498
-533
-555
-536
-473
-386
-285
-154
19
208
368
480
556
595
590
556
529
523
518
500
496
539
624
716
804
903
1013
1106
1154
1159
1136
1088
1006
895
776
670
580
505
446
406
375
339
299
270
253
238
216
191
165
127
59
-31
-129
-232
-338
-432
-493
-529
-559
-588
-602
-600
-601
-612
-621
-617
-609
-609
-610
-599
-584
-578
-582
-583
-576
-563
-544
-516
-482
-443
-401
-360
-327
-300
-262
-205
-137
-68
3
78
136
165
172
176
176
163
143
135
145
171
213
269
334
395
439
460
450
413
371
341
316
274
219
170
140
131
143
174
210
232
237
236
226
193
133
55
-27
-105
-168
-207
-231
-254
-267
-249
-204
-162
-135
-115
-96
-93
-116
-157
-204
-262
-332
-400
-442
-451
-433
-390
-330
-270
-217
-170
-135
-126
-147
-187
-244
-325
-426
-520
-590
-646
-698
-723
-708
-678
-665
-662
-647
-625
-620
-638
-664
-705
-771
-843
-900
-952
-1030
-1125
-1189
-1205
-1203
-1207
-1190
-1139
-1082
-1058
-1058
-1057
-1046
-1011
-903
-669
-318
81
459
779
1009
1100
1013
767
427
91
-153
-248
-190
-3
275
607
951
1267
1519
1692
1791
1835
1838
1786
1658
1447
1173
874
589
368
266
304
443
632
844
1055
1212
1261
1198
1065
899
702
481
273
104
-44
-197
-342
-443
-484
-485
-467
-440
-410
-382
-361
-348
-352
-386
-451
-523
-575
-605
-628
-649
-652
-630
-594
-562
-529
-484
-435
-406
-395
-362
-279
-164
-45
82
231
381
485
531
548
556
548
524
510
530
567
596
623
668
732
802
879
968
1056
1119
1151
1155
1124
1038
904
764
648
554
464
383
332
315
314
308
289
264
238
210
178
145
105
42
-60
-190
-320
-429
-523
-603
-648
-642
-607
-574
-552
-532
-523
-543
-583
-611
-619
-628
-648
-658
-643
-622
-610
-591
-550
-508
-482
-449
-382
-302
-259
-261
-263
-237
-189
-132
-53
44
129
182
226
279
315
297
235
184
170
175
181
201
253
328
403
469
527
558
544
490
426
370
320
264
208
162
128
99
78
74
83
93
104
126
157
173
152
99
37
-24
-90
-158
-214
-251
-279
-309
-332
-331
-313
-300
-294
-272
-215
-144
-104
-107
-130
-150
-171
-208
-251
-279
-291
-309
-340
-364
-369
-366
-368
-363
-335
-297
-276
-280
-293
-317
-373
-462
-552
-613
-650
-681
-699
-689
-663
-655
-673
-694
-705
-729
-784
-852
-904
-951
-1027
-1121
-1183
-1194
-1193
-1212
-1221
-1177
-1112
-1086
-1084
-1017
-838
-581
-284
63
450
790
989
1042
984
804
479
102
-157
-216
-132
24
256
572
911
1200
1434
1632
1763
1792
1759
1721
1650
1461
1154
829
571
393
297
313
450
656
864
1053
1206
1270
1203
1031
821
608
395
190
9
-144
-266
-350
-400
-432
-449
-434
-384
-338
-333
-349
-358
-378
-444
-535
-594
-613
-629
-651
-642
-588
-529
-498
-476
-440
-412
-418
-430
-401
-331
-252
-163
-37
119
261
365
448
526
579
588
576
577
590
590
580
592
637
695
750
818
917
1033
1122
1162
1168
1153
1102
998
859
728
626
544
469
412
379
356
323
291
276
266
236
185
141
114
72
-16
-136
-254
-351
-436
-509
-558
-582
-598
-611
-608
-587
-575
-592
-622
-635
-627
-620
-617
-605
-580
-552
-529
-502
-469
-445
-438
-425
-389
-344
-319
-313
-301
-270
-228
-185
-134
-73
-8
59
131
208
277
323
347
356
357
352
343
325
296
266
245
236
227
215
209
223
261
319
389
460
518
552
558
525
444
322
185
51
-78
-187
-253
-265
-238
-190
-123
-38
42
92
113
123
120
86
20
-67
-171
-291
-406
-484
-514
-514
-497
-453
-381
-296
-217
-144
-74
-28
-23
-47
-79
-119
-179
-261
-345
-417
-471
-499
-497
-474
-444
-413
-378
-348
-340
-355
-380
-408
-452
-515
-576
-616
-652
-714
-799
-869
-902
-912
-927
-955
-993
-1040
-1080
-1088
-1062
-1043
-1064
-1097
-1095
-1064
-1059
-1105
-1152
-1134
-1021
-797
-447
-6
416
730
940
1082
1106
921
549
157
-98
-190
-167
-42
184
468
751
1032
1324
1579
1729
1787
1828
1862
1810
1607
1293
954
638
376
221
215
331
506
720
971
1198
1304
1249
1097
925
743
521
267
33
-148
-287
-401
-482
-518
-514
-491
-456
-402
-339
-301
-312
-362
-420
-471
-526
-590
-642
-659
-645
-616
-580
-533
-476
-429
-402
-385
-363
-333
-298
-250
-175
-68
58
187
314
433
528
581
595
597
603
603
589
572
572
592
627
686
780
890
978
1032
1080
1131
1156
1126
1054
968
871
752
627
530
461
391
316
268
266
278
268
238
215
198
164
100
16
-73
-167
-263
-351
-423
-482
-537
-587
-620
-631
-633
-636
-645
-652
-651
-645
-638
-629
-613
-593
-570
-544
-517
-494
-485
-486
-480
-463
-440
-416
-386
-346
-300
-254
-197
-120
-30
53
120
170
205
222
230
240
253
256
247
241
252
277
302
326
353
388
431
476
518
546
550
526
479
416
341
263
196
145
108
82
66
57
53
53
60
74
87
84
62
30
-7
-58
-124
-196
-251
-276
-275
-262
-254
-251
-247
-240
-236
-244
-258
-262
-256
-254
-264
-274
-272
-267
-271
-280
-276
-265
-265
-270
-262
-244
-248
-288
-338
-374
-396
-414
-424
-421
-421
-437
-452
-451
-463
-524
-608
-655
-655
-663
-719
-788
-825
-845
-889
-949
-989
-1006
-1034
-1077
-1097
-1079
-1064
-1091
-1131
-1133
-1095
-1063
-1049
-1004
-883
-685
-428
-120
227
565
842
1036
1133
1090
876
540
208
-23
-137
-143
-22
243
597
952
1269
1547
1765
1880
1889
1841
1757
1596
1327
996
690
453
285
206
248
410
635
867
1064
1195
1227
1151
992
786
558
321
100
-82
-219
-322
-404
-470
-508
-500
-451
-392
-354
-336
-331
-351
-404
-473
-523
-550
-578
-607
-609
-574
-531
-501
-464
-406
-358
-349
-357
-346
-317
-293
-263
-190
-67
70
202
342
486
598
656
687
714
723
690
638
609
612
622
630
659
729
822
916
1008
1101
1176
1206
1181
1113
1010
876
717
562
434
338
266
211
177
165
171
186
207
230
242
219
151
48
-75
-210
-351
-487
-599
-671
-699
-686
-645
-597
-562
-549
-553
-569
-598
-639
-680
-705
-711
-708
-699
-681
-648
-598
-530
-447
-363
-296
-256
-237
-230
-241
-274
-312
-327
-297
-227
-131
-16
113
250
381
487
550
557
519
459
393
324
251
189
162
180
236
309
382
442
490
532
563
565
522
439
343
250
162
78
3
-54
-88
-95
-71
-22
30
59
57
31
-7
-55
-114
-178
-234
-278
-314
-347
-367
-365
-344
-320
-301
-279
-244
-210
-199
-220
-255
-286
-305
-317
-327
-336
-340
-327
-293
-253
-223
-208
-198
-194
-207
-242
-290
-345
-411
-484
-544
-579
-601
-620
-625
-604
-566
-538
-532
-541
-562
-595
-640
-689
-751
-826
-899
-952
-992
-1037
-1080
-1098
-1093
-1094
-1105
-1104
-1080
-1063
-1069
-1071
-1027
-929
-777
-549
-226
155
532
861
1115
1236
1162
898
537
185
-97
-270
-294
-148
133
489
878
1259
1575
1776
1865
1888
1868
1785
1619
1383
1108
817
537
310
172
138
215
403
672
948
1151
1239
1217
1105
917
677
415
161
-66
-248
-374
-450
-497
-531
-548
-537
-497
-440
-379
-336
-331
-363
-408
-444
-479
-533
-601
-652
-664
-640
-593
-534
-480
-447
-432
-407
-356
-297
-256
-224
-161
-50
89
232
366
482
568
619
651
673
672
638
594
584
614
656
685
713
765
844
932
1016
1089
1141
1151
1112
1035
935
814
675
534
414
326
264
224
203
195
189
181
172
162
139
96
35
-42
-135
-238
-339
-428
-507
-580
-634
-654
-649
-641
-640
-638
-630
-625
-626
-627
-625
-627
-631
-623
-596
-564
-542
-521
-485
-442
-411
-393
-373
-345
-311
-266
-201
-122
-52
3
67
142
200
219
217
219
218
190
143
118
139
195
273
378
504
617
682
693
670
614
511
362
204
83
23
10
25
59
115
185
247
281
290
283
257
202
119
27
-62
-152
-243
-319
-364
-380
-372
-337
-276
-212
-170
-152
-135
-117
-116
-139
-173
-205
-242
-282
-305
-297
-277
-271
-265
-227
-161
-107
-94
-106
-121
-143
-189
-245
-285
-301
-307
-308
-296
-271
-257
-269
-300
-331
-364
-415
-485
-559
-626
-693
-764
-821
-844
-833
-814
-805
-803
-794
-781
-779
-802
-849
-913
-985
-1051
-1101
-1136
-1166
-1194
-1206
-1185
-1131
-1059
-975
-863
-691
-432
-92
286
649
955
1175
1281
1240
1044
728
366
47
-150
-177
-41
209
524
877
1235
1543
1749
1852
1894
1898
1846
1720
1527
1275
963
616
309
114
47
89
231
470
751
981
1104
1122
1052
887
643
371
123
-93
-284
-438
-536
-598
-651
-685
-661
-584
-503
-451
-412
-372
-356
-392
-462
-525
-566
-596
-613
-599
-551
-489
-426
-360
-294
-244
-218
-202
-183
-157
-120
-59
30
138
261
405
558
688
773
824
864
887
871
818
757
708
667
633
626
662
729
810
898
991
1068
1104
1093
1041
952
820
651
475
320
196
99
26
-17
-33
-30
-15
1
8
-5
-35
-73
-119
-191
-294
-411
-510
-580
-630
-668
-688
-689
-679
-667
-651
-629
-619
-633
-652
-643
-598
-544
-507
-477
-432
-374
-321
-281
-242
-197
-153
-115
-82
-57
-50
-56
-62
-54
-27
20
89
176
264
345
419
483
518
516
493
473
449
403
338
280
245
221
200
191
206
233
258
280
309
341
355
342
308
254
173
72
-31
-119
-197
-266
-315
-322
-289
-236
-181
-129
-80
-45
-34
-41
-56
-82
-126
-183
-236
-271
-298
-323
-334
-309
-250
-182
-124
-68
-9
38
58
52
37
15
-20
-63
-101
-133
-172
-218
-246
-240
-222
-220
-230
-230
-220
-227
-266
-316
-358
-397
-445
-501
-553
-601
-656
-712
-751
-772
-795
-824
-840
-825
-800
-800
-832
-869
-891
-912
-953
-1010
-1059
-1088
-1106
-1121
-1128
-1126
-1123
-1116
-1078
-995
-890
-795
-693
-526
-257
84
441
773
1057
1263
1352
1301
1112
810
450
128
-63
-89
27
255
577
963
1348
1671
1902
2041
2081
2023
1889
1700
1449
1125
755
409
145
-20
-85
-38
127
379
655
887
1026
1048
960
792
569
312
46
-194
-392
-554
-685
-771
-798
-782
-747
-692
-608
-516
-448
-408
-381
-370
-403
-475
-540
-562
-548
-521
-476
-404
-321
-254
-203
-154
-115
-107
-116
-101
-46
33
127
253
415
582
725
849
958
1027
1028
980
920
858
773
671
592
560
561
585
645
749
866
955
1009
1043
1049
995
876
719
557
397
234
79
-52
-146
-201
-212
-187
-150
-126
-121
-128
-144
-180
-243
-323
-411
-500
-587
-661
-711
-735
-745
-746
-729
-685
-626
-576
-552
-547
-547
-550
-559
-568
-563
-539
-495
-424
-321
-203
-104
-44
-9
23
54
70
65
43
14
-10
-10
27
91
154
211
281
376
473
541
576
595
598
571
511
435
357
274
189
126
109
135
183
239
297
344
361
344
303
247
173
86
5
-57
-103
-144
-178
-197
-206
-212
-213
-198
-171
-148
-140
-141
-146
-164
-197
-224
-225
-200
-170
-148
-135
-130
-139
-161
-183
-199
-213
-224
-224
-208
-179
-148
-119
-91
-61
-33
-14
-15
-43
-84
-121
-155
-204
-275
-340
-378
-398
-417
-435
-435
-427
-434
-457
-471
-475
-504
-575
-652
-704
-745
-800
-858
-885
-883
-883
-887
-876
-859
-878
-933
-981
-999
-1019
-1066
-1108
-1110
-1099
-1113
-1130
-1101
-1037
-998
-977
-881
-652
-335
2
356
737
1093
1327
1399
1329
1131
814
448
162
29
24
97
258
531
879
1218
1497
1715
1869
1940
1924
1844
1698
1457
1119
744
411
159
-9
-81
-38
115
323
521
670
757
776
723
605
444
269
93
-86
-267
-434
-569
-667
-730
-753
-732
-680
-619
-558
-488
-414
-367
-367
-393
-407
-400
-392
-386
-358
-299
-234
-189
-155
-120
-92
-89
-97
-81
-30
38
112
210
341
486
612
715
808
884
925
923
898
867
822
755
681
622
591
580
594
643
722
801
848
865
864
845
793
704
602
508
409
285
144
17
-76
-148
-211
-257
-271
-258
-238
-221
-207
-204
-232
-292
-365
-436
-504
-568
-615
-631
-627
-622
-621
-618
-613
-613
-614
-598
-560
-522
-494
-459
-393
-310
-245
-204
-165
-110
-60
-39
-42
-49
-52
-65
-85
-94
-76
-29
44
146
266
380
460
501
508
480
417
335
257
199
162
146
154
180
219
265
319
366
385
366
323
273
217
143
58
-17
-69
-101
-120
-124
-114
-95
-70
-42
-22
-29
-64
-105
-132
-147
-168
-196
-219
-224
-211
-190
-165
-140
-113
-83
-58
-43
-43
-50
-55
-57
-60
-67
-72
-70
-56
-27
15
57
87
99
93
62
5
-62
-121
-169
-217
-261
-279
-268
-248
-240
-232
-218
-214
-240
-283
-317
-352
-421
-525
-623
-696
-773
-868
-948
-970
-941
-894
-840
-772
-710
-689
-706
-728
-754
-818
-924
-1021
-1069
-1096
-1142
-1190
-1196
-1157
-1111
-1071
-1016
-945
-888
-839
-730
-504
-184
161
496
822
1115
1313
1364
1265
1038
726
407
178
98
152
291
486
734
1012
1275
1489
1655
1782
1859
1875
1823
1696
1477
1158
780
425
163
15
-29
22
158
345
524
643
688
670
596
470
313
160
21
-118
-270
-417
-533
-615
-674
-711
-709
-670
-616
-568
-525
-487
-468
-470
-468
-437
-387
-346
-321
-289
-238
-186
-150
-123
-94
-71
-67
-71
-59
-20
39
120
234
378
523
650
761
858
924
948
939
922
902
862
798
729
674
638
619
628
670
730
785
828
863
883
869
805
700
580
463
356
254
152
49
-46
-121
-171
-200
-220
-236
-249
-260
-275
-299
-335
-381
-434
-485
-527
-556
-576
-592
-608
-617
-612
-593
-574
-567
-563
-547
-517
-485
-461
-434
-387
-321
-255
-198
-148
-103
-65
-33
-2
26
45
56
69
87
100
108
122
150
183
213
252
316
393
452
483
507
532
540
518
475
427
364
276
182
106
46
-18
-80
-105
-77
-18
43
107
179
244
277
273
236
163
48
-86
-202
-287
-357
-421
-453
-437
-388
-336
-282
-208
-114
-26
38
81
103
97
58
-2
-66
-128
-186
-229
-243
-226
-190
-151
-106
-51
9
64
110
150
185
198
170
101
16
-62
-130
-197
-257
-293
-302
-302
-305
-308
-303
-305
-325
-350
-360
-362
-381
-422
-464
-500
-548
-616
-684
-731
-763
-798
-834
-856
-869
-893
-922
-930
-911
-890
-886
-880
-858
-841
-861
-907
-947
-975
-1012
-1051
-1054
-1003
-938
-904
-890
-837
-706
-494
-215
122
493
854
1163
1393
1510
1472
1264
938
598
333
183
151
226
389
612
865
1131
1383
1590
1723
1785
1793
1747
1617
1376
1047
693
375
127
-34
-89
-34
100
258
398
494
529
488
382
258
153
57
-55
-180
-290
-375
-457
-549
-632
-679
-690
-674
-632
-567
-510
-492
-505
-505
-475
-433
-397
-349
-272
-184
-113
-57
2
53
68
46
22
20
27
34
64
141
253
373
495
624
746
832
880
918
952
957
916
849
790
739
681
620
581
576
590
613
650
699
738
742
710
650
568
465
351
238
130
25
-71
-147
-204
-255
-304
-336
-341
-327
-312
-314
-332
-363
-404
-450
-493
-530
-558
-574
-576
-562
-536
-511
-498
-497
-496
-481
-456
-433
-412
-378
-321
-252
-191
-145
-103
-56
-8
32
66
97
121
129
117
92
67
56
64
93
134
178
225
284
350
406
436
438
425
403
372
328
270
201
132
77
48
38
28
14
8
30
69
93
81
49
23
8
-16
-63
-121
-166
-192
-208
-223
-232
-231
-220
-198
-165
-130
-108
-103
-96
-75
-51
-47
-63
-78
-82
-80
-80
-73
-50
-18
8
27
45
55
50
36
32
41
46
40
37
48
59
52
27
4
-13
-37
-71
-109
-153
-211
-276
-326
-346
-355
-377
-407
-420
-407
-393
-405
-442
-489
-541
-603
-672
-741
-804
-859
-902
-920
-907
-872
-834
-804
-779
-754
-737
-745
-785
-843
-894
-929
-949
-963
-972
-978
-977
-959
-912
-846
-784
-737
-688
-608
-480
-296
-49
255
580
885
1158
1390
1536
1516
1309
997
699
476
330
257
281
407
605
842
1098
1341
1520
1608
1635
1638
1599
1467
1232
937
623
311
34
-152
-220
-193
-101
45
224
370
420
381
306
216
87
-81
-236
-341
-418
-498
-571
-606
-609
-607
-599
-558
-488
-429
-405
-397
-384
-376
-384
-388
-357
-294
-219
-127
-2
138
247
302
322
332
324
286
240
221
239
280
338
420
521
623
722
828
938
1021
1057
1053
1032
986
897
772
643
537
453
393
372
403
465
519
544
544
524
478
401
305
207
105
-7
-121
-217
-283
-330
-370
-401
-413
-409
-401
-396
-399
-414
-443
-478
-500
-504
-506
-515
-518
-500
-461
-420
-388
-359
-333
-316
-311
-304
-286
-263
-245
-222
-181
-124
-68
-20
34
101
164
202
216
224
231
228
209
182
161
146
134
132
151
188
228
261
287
309
317
305
276
245
219
194
161
120
74
25
-23
-61
-80
-86
-92
-99
-92
-67
-42
-44
-70
-97
-114
-134
-167
-196
-201
-190
-183
-185
-180
-164
-152
-153
-151
-133
-108
-89
-74
-56
-39
-31
-19
17
74
123
148
160
171
170
144
101
64
35
5
-22
-31
-21
-10
-8
1
26
54
66
62
54
45
18
-35
-111
-199
-291
-377
-442
-484
-511
-529
-534
-522
-501
-486
-486
-497
-511
-527
-549
-587
-646
-711
-765
-803
-835
-862
-874
-864
-845
-832
-818
-790
-755
-736
-744
-762
-780
-810
-857
-898
-902
-872
-833
-799
-753
-681
-595
-512
-437
-362
-266
-117
105
388
682
941
1159
1332
1425
1381
1195
929
661
436
272
186
197
295
459
667
903
1128
1298
1400
1455
1474
1433
1297
1065
775
468
174
-78
-254
-335
-320
-221
-56
135
299
383
374
295
181
59
-60
-168
-260
-335
-392
-429
-450
-459
-461
-448
-414
-359
-298
-250
-225
-221
-228
-239
-242
-223
-170
-83
26
145
262
360
422
440
422
390
352
312
276
255
255
276
319
389
482
588
692
792
881
942
957
926
864
777
665
541
432
352
292
241
207
203
224
247
259
261
250
220
170
111
49
-23
-108
-195
-269
-330
-379
-407
-411
-403
-405
-417
-421
-411
-406
-419
-439
-448
-445
-439
-425
-392
-343
-298
-267
-242
-213
-186
-175
-179
-188
-193
-191
-175
-144
-111
-85
-54
-2
72
142
186
211
235
257
263
247
218
184
144
99
62
44
42
44
49
70
111
161
201
221
227
228
225
215
193
152
91
21
-42
-86
-117
-142
-162
-168
-157
-132
-99
-62
-27
-4
1
-3
-6
-9
-23
-49
-78
-97
-106
-108
-100
-81
-56
-35
-18
2
24
38
39
38
46
64
82
99
114
118
106
86
76
78
81
70
57
54
55
44
19
-5
-18
-30
-50
-73
-82
-82
-93
-128
-177
-224
-268
-316
-365
-406
-435
-460
-481
-497
-510
-529
-554
-575
-581
-577
-579
-594
-618
-652
-699
-752
-794
-815
-827
-840
-843
-823
-790
-770
-771
-779
-782
-789
-807
-827
-835
-837
-844
-846
-825
-790
-763
-741
-695
-619
-540
-470
-369
-181
92
392
675
947
1210
1420
1505
1436
1241
985
725
508
363
294
296
367
508
701
900
1064
1189
1291
1370
1405
1379
1281
1104
852
562
291
79
-67
-153
-171
-108
15
139
208
208
160
85
-2
-88
-157
-207
-244
-274
-290
-292
-299
-322
-352
-364
-348
-323
-311
-313
-320
-329
-345
-354
-333
-270
-177
-63
74
236
396
518
584
598
575
525
463
407
368
345
341
367
430
515
602
685
770
857
934
985
1007
996
946
859
750
630
508
392
300
246
223
216
217
226
232
213
160
89
21
-43
-112
-186
-258
-316
-364
-404
-440
-474
-507
-532
-542
-538
-531
-530
-536
-543
-549
-551
-544
-527
-499
-460
-406
-337
-269
-220
-198
-192
-186
-179
-176
-178
-171
-144
-97
-41
16
77
142
207
260
300
324
332
317
283
246
215
187
157
135
135
164
205
244
274
296
305
302
288
258
204
132
65
22
-6
-38
-67
-68
-39
-3
17
26
34
29
-5
-60
-107
-139
-175
-218
-245
-236
-204
-170
-135
-87
-31
17
54
89
121
135
124
101
80
58
30
5
-3
3
10
18
38
72
105
126
143
170
207
240
257
256
238
210
178
147
114
73
25
-21
-55
-82
-113
-151
-193
-224
-240
-251
-270
-299
-328
-349
-368
-393
-422
-448
-473
-501
-527
-548
-572
-613
-665
-703
-721
-733
-754
-768
-758
-734
-717
-705
-682
-652
-642
-660
-681
-684
-685
-708
-748
-776
-786
-795
-809
-814
-801
-779
-750
-697
-616
-526
-449
-385
-320
-241
-140
5
207
448
693
922
1130
1293
1355
1285
1112
902
698
517
373
291
283
339
440
569
707
833
936
1020
1085
1113
1084
987
827
616
373
133
-68
-208
-280
-285
-229
-130
-24
56
91
83
47
-1
-53
-113
-179
-233
-259
-264
-269
-284
-292
-272
-228
-178
-132
-88
-54
-41
-45
-54
-57
-53
-34
18
106
212
319
419
507
570
599
604
599
579
534
479
440
421
406
390
394
436
500
561
617
678
731
749
723
671
601
504
384
268
179
110
48
0
-19
-16
-21
-39
-50
-49
-57
-90
-138
-184
-230
-286
-345
-388
-412
-434
-455
-457
-434
-405
-392
-394
-396
-393
-390
-388
-378
-357
-330
-296
-251
-201
-162
-140
-122
-96
-71
-60
-60
-54
-39
-30
-34
-35
-16
18
49
74
104
147
189
212
215
210
200
179
145
106
74
51
37
26
18
11
3
-1
5
19
31
36
41
53
72
83
75
50
16
-13
-38
-59
-82
-106
-124
-129
-120
-103
-91
-88
-88
-78
-48
-5
35
59
73
86
103
109
97
73
52
41
34
26
20
23
29
35
43
58
79
101
119
133
143
147
139
120
92
61
35
21
17
16
13
11
10
5
-12
-37
-61
-79
-98
-123
-150
-175
-199
-230
-269
-306
-339
-370
-399
-421
-434
-446
-464
-486
-500
-507
-523
-557
-593
-612
-610
-605
-609
-614
-609
-597
-594
-605
-621
-633
-639
-647
-660
-675
-686
-692
-696
-707
-729
-755
-774
-781
-782
-779
-767
-740
-706
-679
-656
-622
-570
-515
-466
-404
-291
-106
131
383
626
854
1057
1210
1270
1207
1042
835
646
497
378
297
278
333
435
550
665
788
913
1015
1080
1113
1110
1047
909
710
491
281
99
-36
-108
-123
-105
-68
-20
21
31
0
-42
-69
-80
-95
-117
-135
-147
-163
-186
-203
-207
-198
-182
-154
-119
-94
-95
-116
-139
-151
-149
-126
-73
7
106
220
347
471
566
618
635
635
626
606
571
527
484
450
432
432
446
470
504
548
600
653
698
719
703
652
584
517
449
367
280
215
183
160
122
72
28
-13
-68
-134
-188
-219
-241
-269
-294
-305
-308
-318
-336
-349
-352
-351
-351
-348
-348
-363
-394
-425
-441
-445
-446
-442
-417
-368
-301
-231
-170
-126
-98
-78
-60
-46
-42
-44
-38
-21
-5
4
12
33
63
88
107
130
161
188
196
183
160
133
110
90
72
55
44
48
70
99
121
134
142
144
129
101
71
47
20
-15
-45
-49
-25
8
35
60
88
114
129
133
129
111
74
28
-13
-42
-68
-92
-102
-86
-50
-2
54
117
173
204
211
208
201
185
153
117
91
74
58
45
42
44
43
36
33
37
42
42
44
51
56
54
47
42
39
28
13
3
-3
-13
-31
-51
-70
-96
-131
-170
-205
-241
-277
-306
-319
-320
-320
-318
-309
-299
-303
-326
-358
-393
-442
-504
-558
-593
-616
-640
-660
-659
-641
-629
-634
-643
-646
-646
-650
-651
-648
-650
-665
-681
-685
-685
-699
-725
-746
-750
-742
-732
-720
-705
-694
-682
-652
-596
-528
-468
-404
-307
-157
37
255
475
682
862
1005
1096
1112
1034
880
703
549
433
353
316
334
401
494
596
697
787
851
890
916
930
912
838
714
560
396
236
96
-4
-57
-70
-50
-6
40
65
59
34
3
-29
-58
-78
-83
-81
-83
-86
-81
-69
-57
-45
-26
5
35
50
49
37
23
9
7
25
66
132
220
322
422
506
569
616
646
656
652
636
611
572
528
493
468
446
424
417
435
469
500
525
548
565
560
526
474
415
350
282
221
176
137
92
40
-7
-49
-98
-158
-216
-260
-291
-315
-328
-328
-322
-320
-316
-301
-278
-262
-262
-266
-266
-269
-287
-320
-352
-375
-393
-405
-403
-379
-338
-292
-242
-186
-130
-82
-50
-31
-17
-5
1
0
-9
-20
-24
-20
-14
-13
-11
2
31
65
92
108
116
118
110
87
57
35
25
22
21
21
26
33
36
35
39
56
88
124
153
165
157
133
102
70
41
12
-8
-3
33
86
128
146
148
150
154
155
150
145
142
138
132
127
120
107
92
85
90
102
112
117
117
107
85
58
38
23
8
-10
-23
-29
-42
-66
-91
-100
-98
-96
-93
-81
-60
-41
-34
-37
-47
-68
-97
-122
-135
-143
-154
-165
-172
-180
-201
-232
-258
-276
-296
-319
-334
-335
-332
-336
-345
-351
-357
-368
-384
-400
-418
-442
-467
-490
-518
-561
-607
-641
-663
-687
-711
-714
-691
-667
-657
-653
-641
-636
-654
-685
-703
-713
-741
-789
-820
-815
-797
-794
-795
-773
-731
-687
-646
-595
-537
-485
-415
-288
-96
116
316
512
720
906
1015
1032
980
883
749
603
485
413
372
349
357
409
483
552
617
690
762
813
836
834
798
710
576
435
313
207
110
39
14
21
32
32
27
15
-10
-47
-76
-87
-86
-82
-76
-66
-52
-32
-2
35
68
96
128
160
177
169
149
132
117
103
103
139
205
277
343
414
495
566
611
634
643
636
610
577
549
517
468
413
375
363
362
360
367
386
403
406
398
383
353
299
236
187
157
126
86
46
15
-17
-56
-97
-137
-182
-232
-278
-304
-311
-313
-320
-329
-335
-333
-322
-302
-282
-272
-272
-268
-259
-258
-275
-301
-323
-335
-340
-336
-321
-294
-258
-222
-188
-158
-135
-117
-104
-97
-93
-88
-76
-64
-59
-55
-47
-38
-34
-34
-23
5
31
39
31
26
30
30
20
7
0
2
10
23
38
46
45
40
38
39
34
24
22
33
56
88
126
172
222
264
280
264
222
173
126
72
5
-58
-85
-60
-4
51
91
126
169
222
273
309
317
298
266
233
200
157
104
54
20
5
3
11
24
30
19
2
-2
6
9
-6
-25
-28
-20
-18
-26
-35
-38
-38
-43
-50
-61
-83
-119
-157
-186
-209
-233
-251
-253
-237
-219
-208
-203
-200
-205
-223
-247
-271
-298
-337
-382
-420
-450
-482
-516
-535
-529
-510
-498
-497
-489
-470
-453
-458
-489
-534
-579
-614
-637
-652
-665
-676
-674
-653
-623
-601
-598
-606
-615
-615
-611
-612
-628
-656
-674
-669
-650
-641
-642
-629
-587
-534
-490
-435
-334
-176
7
190
378
577
762
895
956
947
880
771
654
559
484
413
352
329
352
396
439
489
559
637
704
758
800
808
753
642
520
418
331
248
181
147
135
126
114
101
81
50
15
-7
-14
-21
-31
-29
-9
16
36
62
107
165
219
263
298
315
301
262
222
195
179
168
171
197
245
310
383
457
522
572
612
650
677
681
660
626
587
546
499
453
415
388
366
348
337
335
333
322
300
268
233
199
174
158
143
122
97
77
60
35
-9
-67
-129
-186
-236
-280
-314
-342
-368
-389
-396
-383
-357
-331
-305
-272
-229
-191
-172
-174
-190
-214
-247
-281
-303
-304
-291
-279
-272
-261
-239
-209
-182
-160
-141
-120
-94
-66
-45
-40
-46
-53
-51
-43
-41
-42
-34
-14
5
9
-3
-18
-21
-10
8
24
33
39
51
70
83
78
62
55
66
85
99
105
113
126
136
139
135
133
135
138
135
122
106
94
92
94
96
100
109
126
152
181
204
214
209
197
183
164
135
99
61
29
9
4
9
20
33
54
86
117
135
136
130
121
104
75
38
-2
-42
-78
-104
-119
-124
-123
-115
-104
-97
-99
-104
-102
-99
-102
-114
-122
-124
-129
-144
-168
-190
-208
-227
-250
-274
-298
-324
-357
-394
-428
-450
-457
-457
-461
-465
-461
-442
-425
-431
-460
-490
-505
-512
-526
-547
-571
-596
-615
-614
-591
-573
-584
-606
-598
-560
-540
-567
-609
-620
-611
-615
-635
-641
-629
-630
-650
-652
-611
-555
-516
-489
-441
-373
-298
-213
-98
43
182
309
441
574
671
703
685
648
599
540
484
450
434
414
386
370
378
395
407
422
457
511
565
595
597
572
527
464
396
336
292
257
220
181
148
123
97
65
37
27
39
61
83
99
109
115
128
154
187
215
239
267
300
325
331
317
296
276
266
270
283
296
306
321
346
380
417
454
488
517
544
569
588
583
552
511
479
457
433
401
368
340
312
282
255
237
220
197
172
152
139
127
109
88
69
51
34
17
-3
-34
-79
-137
-196
-244
-280
-309
-331
-345
-349
-343
-326
-304
-285
-273
-261
-238
-206
-182
-177
-187
-201
-214
-226
-235
-239
-240
-240
-237
-225
-207
-196
-197
-201
-191
-165
-134
-112
-101
-95
-86
-71
-56
-45
-38
-33
-26
-19
-13
-15
-25
-43
-63
-75
-78
-76
-75
-74
-66
-51
-31
-9
13
35
55
72
86
94
97
91
78
61
48
44
44
44
42
45
59
83
118
156
186
201
207
215
221
208
170
124
93
78
64
45
28
23
29
46
73
102
123
135
147
164
172
158
126
92
66
41
10
-23
-51
-70
-84
-92
-97
-99
-99
-98
-96
-97
-101
-109
-120
-135
-150
-160
-161
-161
-170
-188
-206
-221
-237
-257
-280
-302
-324
-349
-371
-383
-386
-391
-404
-414
-410
-396
-386
-391
-406
-421
-433
-445
-457
-471
-493
-521
-541
-545
-541
-544
-555
-562
-556
-544
-540
-546
-558
-575
-593
-609
-620
-630
-642
-652
-654
-643
-620
-589
-558
-527
-491
-446
-398
-358
-326
-280
-197
-79
52
181
304
422
524
591
614
595
554
512
482
461
439
419
404
394
386
383
395
421
454
490
528
559
568
549
513
469
415
355
309
287
272
247
216
191
168
137
106
96
105
112
114
130
164
192
199
207
236
273
299
323
361
401
411
393
378
377
368
343
323
327
346
363
381
412
444
460
468
485
509
517
504
490
486
481
456
417
378
343
311
284
267
251
230
207
191
181
164
134
104
84
70
60
53
49
41
22
-3
-24
-45
-77
-119
-157
-182
-198
-215
-234
-250
-263
-273
-273
-260
-241
-226
-212
-193
-172
-161
-164
-171
-180
-195
-216
-230
-230
-226
-226
-228
-220
-207
-200
-198
-191
-173
-156
-146
-133
-112
-92
-85
-84
-74
-58
-49
-51
-53
-48
-42
-45
-56
-67
-72
-75
-73
-64
-50
-37
-23
-2
26
51
66
77
94
113
125
127
126
123
113
92
68
50
40
34
30
34
48
68
92
118
146
168
183
193
204
212
207
186
157
131
110
89
67
49
40
40
47
60
74
84
89
98
117
140
153
150
139
128
116
98
70
35
0
-28
-47
-64
-82
-102
-119
-128
-131
-132
-135
-139
-140
-136
-135
-146
-164
-179
-188
-197
-216
-243
-270
-294
-320
-346
-372
-397
-422
-437
-434
-422
-418
-423
-420
-400
-378
-374
-384
-392
-394
-399
-410
-424
-441
-467
-494
-504
-496
-494
-511
-532
-534
-517
-504
-508
-523
-538
-547
-544
-537
-538
-556
-577
-578
-554
-525
-506
-492
-469
-434
-393
-347
-298
-252
-210
-154
-65
51
166
257
332
408
480
529
544
530
507
486
468
451
433
411
391
381
383
395
414
441
471
495
508
512
511
496
465
425
389
360
334
312
300
290
273
250
233
226
220
212
208
211
211
210
219
244
270
287
306
342
381
408
424
440
447
433
406
390
388
378
351
331
338
356
366
373
390
413
427
434
447
461
460
439
416
399
382
355
322
293
268
243
217
193
174
154
128
100
76
61
51
42
32
27
30
34
30
17
-2
-25
-50
-79
-107
-135
-161
-188
-211
-231
-244
-251
-255
-256
-249
-233
-211
-194
-184
-181
-181
-185
-192
-202
-212
-220
-224
-221
-217
-219
-228
-236
-238
-232
-223
-212
-200
-186
-166
-143
-122
-109
-100
-85
-63
-44
-33
-24
-16
-15
-27
-44
-55
-61
-70
-80
-77
-63
-49
-39
-25
-2
26
51
73
93
110
120
125
128
125
113
97
85
76
65
53
48
49
49
48
55
70
81
85
88
99
110
115
117
122
125
119
108
103
101
91
72
55
48
47
42
34
28
26
24
23
29
39
48
51
50
50
49
42
26
4
-15
-29
-43
-62
-85
-105
-125
-146
-165
-175
-180
-191
-204
-205
-197
-201
-221
-237
-233
-228
-245
-274
-288
-292
-315
-360
-397
-411
-427
-456
-476
-468
-457
-467
-481
-468
-442
-436
-450
-443
-414
-402
-424
-446
-443
-443
-466
-492
-493
-488
-506
-537
-541
-521
-515
-534
-551
-545
-529
-521
-519
-524
-534
-538
-515
-469
-427
-400
-372
-327
-282
-245
-204
-143
-75
-11
62
151
235
290
320
345
361
360
356
373
403
413
392
369
365
367
360
355
364
380
395
415
446
465
448
405
375
375
382
374
359
354
352
339
320
310
307
290
264
254
269
287
280
263
260
274
291
307
331
362
385
401
423
448
456
441
424
419
416
398
376
370
375
375
369
372
386
396
395
390
392
394
392
390
390
384
362
334
312
296
276
250
229
219
214
201
180
155
128
103
85
79
81
82
77
67
54
40
24
4
-22
-48
-68
-79
-89
-108
-138
-169
-192
-204
-207
-202
-194
-185
-176
-167
-162
-166
-179
-191
-199
-202
-200
-197
-198
-206
-219
-227
-230
-233
-236
-232
-219
-203
-192
-186
-179
-172
-167
-159
-141
-116
-93
-76
-63
-53
-47
-47
-51
-58
-66
-71
-69
-60
-55
-58
-63
-61
-48
-31
-13
5
27
48
66
80
90
93
88
78
71
71
73
74
73
70
64
59
56
57
60
64
71
79
87
91
93
93
90
86
86
93
101
104
101
93
81
67
56
51
46
37
30
30
35
35
26
13
5
4
8
13
13
4
-10
-23
-33
-48
-71
-96
-111
-118
-125
-140
-159
-177
-188
-194
-200
-207
-213
-218
-222
-228
-236
-251
-273
-297
-310
-315
-321
-339
-361
-374
-376
-376
-382
-396
-413
-425
-424
-411
-402
-409
-425
-428
-413
-398
-400
-417
-434
-437
-425
-410
-411
-431
-455
-464
-465
-473
-491
-505
-508
-501
-487
-465
-447
-453
-470
-461
-421
-384
-371
-364
-338
-303
-276
-255
-223
-186
-150
-95
-4
99
167
199
230
272
299
297
291
302
318
325
329
339
344
329
306
302
319
338
353
369
387
399
399
390
379
370
365
363
366
374
382
381
368
353
343
334
320
305
302
309
312
310
312
321
326
328
340
364
387
403
421
444
458
456
446
438
428
411
397
396
400
395
386
383
381
370
351
340
343
350
354
356
354
346
331
313
297
276
251
232
225
223
215
197
174
146
120
100
90
82
71
60
59
66
70
60
38
14
-6
-17
-21
-26
-40
-64
-87
-99
-109
-127
-152
-173
-182
-184
-182
-177
-173
-178
-189
-194
-191
-189
-195
-201
-200
-196
-198
-201
-201
-203
-214
-225
-225
-213
-204
-201
-198
-190
-179
-172
-166
-159
-151
-141
-125
-106
-90
-81
-72
-61
-56
-59
-65
-68
-69
-74
-82
-86
-83
-76
-71
-65
-57
-44
-28
-9
11
30
47
59
67
69
67
63
58
52
48
47
51
53
49
41
36
38
41
42
42
47
56
63
64
60
54
51
54
62
67
66
62
63
69
71
63
48
33
27
26
21
7
-8
-18
-24
-31
-38
-44
-50
-58
-64
-66
-71
-89
-114
-129
-135
-146
-166
-183
-189
-190
-194
-201
-208
-219
-232
-240
-244
-253
-273
-293
-302
-302
-305
-316
-331
-344
-353
-356
-355
-358
-370
-382
-385
-382
-381
-388
-398
-406
-406
-395
-382
-379
-392
-407
-407
-392
-383
-390
-403
-407
-399
-392
-391
-397
-405
-413
-412
-396
-378
-379
-401
-414
-399
-373
-363
-361
-341
-305
-278
-265
-241
-204
-176
-161
-129
-67
-2
42
80
134
183
201
203
223
251
256
246
251
278
297
295
290
292
290
277
273
291
316
326
328
341
358
364
354
341
335
341
349
354
356
359
357
344
324
310
303
298
293
299
316
325
320
317
329
340
336
336
359
394
411
416
427
437
427
404
395
403
406
393
388
396
396
375
352
341
331
314
312
329
339
322
297
291
295
282
254
238
241
243
230
212
193
166
131
108
106
107
92
73
70
80
81
66
53
52
52
42
32
33
29
6
-26
-42
-46
-56
-79
-99
-105
-105
-110
-115
-118
-126
-140
-148
-147
-147
-154
-158
-150
-139
-136
-140
-145
-150
-155
-159
-162
-166
-167
-160
-150
-147
-154
-157
-149
-137
-132
-125
-108
-91
-85
-83
-75
-68
-73
-81
-78
-65
-58
-57
-55
-49
-47
-46
-38
-26
-21
-22
-18
-4
9
9
3
-1
4
14
25
28
25
23
29
36
37
31
26
23
22
23
26
27
22
19
25
34
37
36
41
51
57
57
58
61
59
49
41
37
28
13
2
2
2
-4
-11
-13
-9
-5
-2
2
3
-2
-11
-16
-21
-34
-54
-71
-84
-96
-109
-121
-135
-152
-172
-188
-201
-213
-225
-232
-235
-238
-243
-247
-248
-249
-251
-252
-252
-254
-260
-267
-275
-291
-315
-336
-345
-344
-340
-337
-333
-326
-317
-308
-301
-301
-309
-315
-313
-309
-313
-327
-337
-335
-331
-330
-333
-334
-334
-334
-332
-330
-333
-343
-351
-347
-339
-339
-345
-342
-324
-300
-276
-251
-223
-204
-198
-195
-180
-155
-133
-113
-80
-31
22
64
93
114
124
130
144
174
204
215
211
212
224
232
222
210
214
236
260
281
302
318
318
306
299
302
300
288
283
294
309
311
308
317
327
324
313
313
320
318
307
305
312
313
304
301
306
306
301
312
340
359
361
367
385
392
375
357
358
366
359
349
355
364
352
330
324
329
316
293
294
316
318
293
273
277
280
260
235
227
227
216
201
201
204
188
162
150
157
161
151
139
136
139
138
131
122
111
95
76
66
67
67
58
41
26
22
18
5
-11
-19
-18
-23
-34
-41
-42
-48
-63
-78
-81
-81
-84
-86
-81
-75
-78
-85
-85
-81
-89
-108
-121
-122
-117
-117
-117
-112
-105
-101
-99
-94
-87
-85
-81
-68
-52
-43
-47
-55
-60
-65
-70
-69
-65
-63
-63
-56
-45
-40
-47
-56
-54
-45
-38
-32
-25
-20
-20
-18
-6
3
-2
-11
-6
11
21
16
9
4
-4
-14
-19
-14
-14
-22
-25
-12
3
4
-3
0
14
24
24
23
23
22
18
16
16
9
-10
-26
-27
-22
-27
-42
-53
-52
-48
-51
-62
-71
-78
-84
-86
-81
-76
-78
-83
-84
-80
-80
-90
-101
-108
-115
-124
-134
-145
-161
-185
-207
-219
-224
-228
-233
-233
-228
-220
-211
-203
-198
-198
-199
-195
-190
-194
-209
-228
-245
-263
-284
-305
-318
-323
-327
-329
-324
-309
-295
-290
-290
-287
-285
-287
-291
-287
-280
-280
-285
-282
-269
-265
-278
-289
-283
-269
-264
-265
-262
-258
-264
-272
-266
-250
-240
-236
-222
-197
-178
-175
-179
-182
-186
-187
-174
-147
-117
-86
-49
-6
33
58
74
83
87
92
104
121
128
122
120
128
135
135
136
149
166
185
208
233
249
249
240
236
241
247
253
261
276
293
307
318
323
321
311
293
276
270
275
278
269
260
259
259
254
249
258
275
291
307
332
357
359
338
319
315
311
301
299
308
312
301
288
285
281
265
247
244
254
261
263
266
264
248
228
221
223
219
209
206
212
215
205
186
164
139
115
103
104
105
98
93
101
111
110
98
85
77
74
76
81
83
73
53
35
23
12
-2
-17
-23
-18
-10
-8
-16
-31
-50
-66
-75
-75
-75
-77
-79
-75
-67
-63
-68
-79
-89
-93
-92
-89
-88
-92
-99
-107
-114
-123
-135
-143
-142
-135
-125
-111
-99
-92
-91
-88
-80
-72
-71
-70
-66
-61
-64
-72
-79
-85
-96
-107
-109
-101
-93
-88
-81
-70
-66
-70
-73
-69
-64
-63
-63
-54
-42
-37
-36
-34
-30
-27
-24
-18
-10
-7
-9
-13
-15
-19
-27
-33
-35
-31
-26
-18
-9
2
11
17
21
22
21
16
9
5
2
-1
-8
-17
-25
-32
-38
-44
-49
-51
-52
-54
-57
-65
-80
-97
-109
-114
-115
-119
-124
-126
-126
-127
-132
-143
-155
-166
-174
-180
-187
-196
-206
-214
-219
-222
-222
-223
-220
-211
-199
-190
-186
-186
-187
-190
-194
-198
-201
-202
-203
-199
-191
-186
-188
-195
-203
-211
-221
-233
-247
-264
-280
-287
-287
-287
-292
-297
-290
-274
-254
-233
-210
-189
-176
-168
-163
-167
-182
-197
-200
-192
-185
-184
-186
-190
-198
-205
-203
-190
-174
-159
-143
-127
-119
-116
-110
-98
-87
-76
-59
-36
-15
3
23
43
58
67
79
92
99
99
102
113
120
118
117
122
128
128
130
139
154
166
179
195
211
219
220
225
237
244
241
236
235
233
222
206
192
183
178
179
186
197
201
198
198
209
226
240
252
267
282
293
298
300
299
292
282
276
275
271
258
243
233
229
222
212
204
202
203
206
209
212
213
210
206
203
201
198
192
186
182
177
165
150
137
128
117
104
97
99
100
92
81
77
77
73
71
80
93
98
96
98
105
103
90
79
76
69
50
32
21
8
-15
-36
-42
-42
-50
-60
-58
-45
-35
-33
-30
-24
-23
-26
-23
-15
-15
-27
-38
-42
-45
-56
-71
-80
-81
-78
-77
-76
-75
-75
-77
-76
-71
-65
-61
-57
-53
-47
-45
-47
-52
-53
-52
-52
-54
-55
-51
-49
-50
-52
-51
-49
-52
-58
-60
-57
-56
-58
-58
-52
-47
-45
-47
-45
-42
-38
-34
-27
-23
-27
-36
-41
-40
-39
-43
-50
-53
-52
-49
-49
-49
-50
-50
-49
-45
-42
-41
-40
-39
-38
-38
-42
-47
-52
-58
-62
-63
-63
-65
-68
-68
-65
-65
-70
-74
-76
-79
-84
-88
-88
-90
-97
-106
-110
-114
-122
-132
-137
-136
-138
-145
-150
-152
-154
-156
-154
-148
-142
-136
-130
-124
-120
-120
-122
-123
-126
-130
-133
-137
-143
-151
-156
-157
-160
-165
-167
-167
-169
-174
-173
-167
-163
-164
-165
-159
-151
-147
-144
-138
-130
-126
-124
-120
-117
-118
-122
-125
-126
-126
-126
-127
-128
-129
-128
-124
-121
-118
-116
-112
-106
-96
-78
-54
-31
-15
-2
14
28
35
36
39
45
50
52
56
62
65
65
69
79
91
98
101
105
113
120
123
121
120
123
128
135
142
148
151
151
155
167
178
179
168
160
163
169
168
163
161
164
168
173
179
184
182
176
178
190
201
204
204
207
212
213
210
205
202
200
197
197
197
195
190
183
178
175
173
170
166
164
161
158
153
147
143
139
132
125
122
123
127
131
136
138
136
131
126
122
119
114
110
108
104
97
87
78
72
70
74
79
82
82
82
81
76
67
56
49
44
41
38
33
27
20
13
10
8
7
7
6
7
7
6
5
4
4
5
5
5
7
10
12
12
12
13
12
5
-3
-10
-16
-20
-24
-26
-26
-27
-27
-26
-24
-26
-31
-35
-37
-39
-42
-44
-45
-47
-49
-48
-44
-42
-41
-38
-33
-30
-29
-28
-29
-31
-34
-35
-34
-34
-36
-36
-33
-29
-29
-31
-33
-33
-33
-32
-32
-33
-34
-35
-33
-31
-31
-32
-30
-24
-20
-18
-18
-20
-24
-31
-39
-47
-58
-68
-75
-78
-80
-84
-86
-84
-82
-82
-81
-76
-69
-65
-62
-59
-58
-61
-64
-67
-69
-71
-73
-74
-73
-72
-71
-71
-73
-76
-79
-81
-81
-83
-85
-88
-91
-93
-92
-91
-91
-92
-92
-89
-86
-87
-89
-91
-91
-94
-98
-102
-107
-114
-121
-125
-130
-135
-140
-139
-132
-125
-117
-110
-102
-96
-92
-89
-83
-78
-74
-71
-70
-70
-72
-75
-77
-80
-83
-87
-90
-94
-98
-103
-107
-109
-108
-103
-95
-85
-73
-60
-46
-33
-21
-10
-4
-1
0
2
8
14
16
13
9
4
3
5
10
15
20
25
32
36
38
38
41
46
53
60
66
71
77
84
92
97
100
100
101
101
102
100
96
91
87
86
88
91
92
96
102
112
121
129
135
136
136
138
143
146
144
139
137
139
140
136
129
124
122
122
124
127
127
124
119
117
117
117
116
117
121
126
129
129
129
129
127
124
121
117
114
108
101
96
92
86
78
70
65
65
69
75
81
84
84
85
85
83
81
79
77
74
70
66
61
55
47
42
39
34
27
23
22
21
20
20
24
29
32
34
38
43
48
49
49
46
42
37
31
25
19
14
10
7
5
4
2
-1
-4
-5
-4
-4
-5
-7
-10
-13
-16
-15
-13
-15
-18
-21
-22
-23
-26
-31
-35
-38
-38
-38
-38
-40
-42
-41
-37
-32
-30
-31
-30
-29
-27
-27
-27
-29
-31
-32
-32
-33
-37
-39
-41
-41
-42
-43
-42
-40
-40
-42
-44
-45
-45
-44
-42
-41
-42
-45
-48
-49
-50
-51
-52
-53
-55
-59
-62
-63
-63
-64
-64
-64
-62
-61
-61
-60
-58
-55
-53
-55
-60
-64
-65
-64
-65
-66
-66
-68
-71
-73
-71
-70
-72
-76
-77
-74
-73
-77
-78
-76
-75
-78
-81
-78
-76
-76
-77
-77
-76
-78
-82
-85
-88
-90
-91
-91
-91
-93
-97
-99
-96
-93
-89
-86
-83
-79
-75
-71
-68
-67
-66
-68
-70
-74
-77
-79
-81
-84
-88
-92
-96
-96
-93
-88
-83
-80
-78
-77
-74
-73
-70
-64
-55
-47
-41
-35
-30
-28
-31
-34
-35
-33
-31
-28
-23
-17
-15
-16
-16
-11
-5
-1
5
13
20
22
22
25
29
29
27
30
36
38
34
32
31
30
27
28
31
32
29
27
32
36
37
39
46
55
62
67
72
75
77
77
79
83
86
87
88
89
88
85
81
79
80
81
84
87
90
94
98
98
95
91
87
82
78
75
75
75
72
68
67
69
68
65
65
68
70
69
66
63
61
56
52
51
52
51
50
53
59
63
65
66
65
63
60
56
52
49
46
45
44
43
42
43
45
45
44
45
47
47
45
43
41
36
30
24
20
19
18
18
20
21
20
18
17
16
13
10
7
5
6
6
6
6
6
8
10
11
12
13
14
14
12
11
9
8
8
8
7
6
6
5
5
6
6
4
-2
-7
-12
-14
-17
-20
-20
-19
-19
-20
-20
-17
-16
-16
-16
-13
-11
-10
-12
-14
-15
-16
-17
-17
-16
-16
-18
-20
-23
-25
-27
-30
-33
-36
-38
-40
-43
-45
-45
-44
-42
-38
-35
-32
-31
-31
-31
-32
-35
-38
-39
-39
-39
-39
-40
-40
-39
-39
-39
-39
-41
-44
-45
-45
-44
-45
-47
-49
-49
-48
-48
-49
-49
-49
-49
-50
-50
-51
-53
-58
-62
-64
-66
-68
-70
-72
-75
-78
-80
-80
-78
-76
-75
-73
-71
-69
-67
-67
-66
-66
-65
-63
-60
-56
-54
-52
-49
-45
-42
-41
-41
-42
-42
-43
-44
-45
-44
-43
-43
-45
-48
-52
-55
-56
-56
-54
-53
-54
-53
-50
-46
-43
-39
-36
-33
-30
-26
-20
-16
-15
-14
-13
-12
-12
-13
-13
-11
-9
-7
-5
-3
-2
0
2
5
6
8
11
13
16
18
20
22
24
26
27
27
26
24
23
24
26
27
27
27
28
29
30
32
36
39
41
42
46
51
53
54
54
54
54
54
55
56
56
56
56
56
57
58
59
58
58
59
61
62
60
58
57
56
54
51
48
44
39
34
31
30
27
23
20
21
26
30
34
38
40
41
42
44
48
49
49
48
49
49
46
44
43
43
41
38
36
34
31
28
27
26
25
24
24
25
28
31
33
33
33
34
34
34
34
32
30
28
27
25
24
22
19
16
16
17
17
15
13
12
10
9
9
8
6
5
6
9
11
11
9
8
7
6
6
6
6
5
5
5
7
6
5
3
3
3
4
2
2
1
0
0
-1
-1
0
-1
-1
-1
1
1
1
0
1
1
-1
-3
-5
-7
-10
-12
-14
-16
-18
-20
-20
-19
-19
-20
-19
-18
-17
-17
-18
-17
-17
-17
-17
-16
-16
-18
-21
-21
-20
-20
-20
-21
-23
-25
-26
-27
-27
-27
-28
-28
-27
-26
-26
-26
-25
-25
-26
-27
-28
-27
-27
-27
-26
-26
-27
-29
-30
-29
-28
-28
-29
-29
-29
-29
-29
-29
-28
-27
-27
-27
-29
-30
-29
-28
-27
-26
-25
-25
-24
-23
-22
-21
-20
-20
-20
-20
-20
-21
-21
-21
-22
-23
-25
-26
-26
-25
-23
-21
-20
-18
-17
-18
-19
-19
-19
-19
-18
-18
-18
-17
-18
-17
-17
-17
-19
-20
-19
-16
-13
-11
-9
-7
-5
-5
-5
-3
-2
0
0
0
1
1
1
1
2
3
2
-1
-2
-4
-5
-5
-6
-5
-4
-1
2
4
5
7
11
15
17
18
17
17
18
18
18
17
15
12
11
13
14
15
16
16
17
17
16
16
17
18
20
22
23
23
22
21
20
19
19
19
19
19
17
16
14
14
12
10
10
12
14
15
15
15
15
13
10
9
11
13
15
18
22
24
24
24
24
24
23
21
20
20
20
18
17
16
15
13
12
11
10
9
7
6
5
4
2
2
3
5
6
6
7
9
9
10
10
10
9
8
6
5
5
6
6
7
9
10
10
9
9
8
9
9
9
9
9
11
12
12
13
13
14
13
13
13
12
9
7
5
3
0
-4
-6
-6
-6
-7
-6
-5
-5
-4
-2
-1
0
-1
-1
-1
0
-1
-2
-1
1
1
0
0
0
1
0
-1
-2
-3
-5
-6
-6
-4
-2
-1
0
0
0
-1
-2
-2
-3
-3
-1
0
0
-2
-3
-4
-5
-6
-5
-4
-4
-6
-7
-7
-7
-8
-8
-7
-5
-5
-5
-4
-2
-1
-2
-4
-5
-6
-7
-7
-8
-9
-10
-12
-13
-14
-15
-15
-15
-15
-14
-13
-13
-12
-11
-9
-7
-5
-5
-5
-4
-4
-3
-3
-3
-3
-3
-4
-5
-5
-5
-6
-7
-7
-8
-10
-12
-11
-9
-8
-7
-7
-6
-5
-4
-4
-3
-3
-4
-4
-5
-5
-7
-9
-12
-13
-12
-11
-12
-13
-13
-12
-13
-14
-15
-14
-13
-13
-12
-9
-6
-5
-4
-2
0
1
0
-1
0
1
1
-1
-2
-4
-4
-4
-5
-5
-5
-4
-2
-2
-2
-3
-5
-7
-7
-6
-5
-5
-4
-3
-2
0
1
0
-1
-2
-3
-3
-4
-5
-4
-3
-3
-3
-3
-5
-5
-4
-2
-2
-2
-2
0
2
4
5
5
6
7
7
8
9
9
8
8
7
7
5
4
2
2
1
0
-1
-1
-1
-1
-2
-2
-2
-2
-3
-3
-2
-2
-2
-2
0
1
2
3
4
5
5
4
3
3
2
2
2
1
0
0
2
3
4
3
4
5
5
6
5
5
4
3
3
3
3
4
5
5
5
5
5
5
4
3
3
2
2
0
-2
-3
-4
-3
-2
-1
0
2
3
5
5
5
5
5
5
5
6
6
5
3
2
2
2
1
1
1
2
1
1
2
3
4
5
5
6
6
5
4
4
4
3
2
1
2
2
1
-1
-3
-5
-6
-7
-7
-6
-5
-4
-2
-1
-1
0
0
-1
0
1
2
4
5
5
5
4
4
5
5
5
3
2
2
1
-1
-1
-1
-2
-2
-3
-2
-2
-1
-1
-2
-2
-3
-4
-4
-3
-2
-2
-2
-2
-2
-3
-3
-4
-5
-5
-5
-5
-6
-6
-6
-7
-8
-8
-7
-6
-5
-3
-2
-1
-1
-1
0
1
2
1
0
1
1
2
3
3
2
2
1
1
0
-1
-2
-2
-2
-1
-1
-1
-2
-1
-1
0
0
-1
-1
-1
-2
-3
-4
-5
-6
-7
-7
-5
-4
-4
-3
-2
-2
-2
-3
-3
-2
-2
-2
-2
0
1
2
2
2
1
1
1
1
2
1
-1
-1
-2
-3
-3
-3
-2
-2
-2
-2
-1
0
1
1
1
1
0
0
0
-1
-2
-2
-1
-1
-2
-3
-3
-2
-2
-2
-2
-1
-2
-1
0
1
1
2
3
5
5
5
4
4
3
3
2
2
2
0
-2
-2
0
1
2
2
2
2
2
1
2
2
2
2
2
2
2
2
2
3
3
3
2
2
2
2
2
2
2
2
3
4
6
6
6
5
5
6
7
6
5
5
6
6
6
5
4
3
2
3
3
2
1
0
0
1
1
2
2
3
4
5
5
5
5
4
3
3
2
2
2
2
3
4
4
4
4
3
2
2
3
4
5
6
6
5
5
5
5
5
5
5
5
5
4
3
3
3
3
2
1
0
1
2
2
3
3
3
4
4
4
4
5
5
5
4
4
5
5
4
4
4
5
5
4
3
3
3
3
3
2
2
2
2
1
1
1
1
2
2
2
3
2
2
2
2
2
1
1
1
1
0
-1
0
1
2
3
3
3
3
3
2
2
1
1
2
2
2
2
2
2
2
1
0
0
-1
-1
-1
-2
-2
-3
-3
-2
-2
-2
-2
-1
-1
-1
-2
-2
-2
-2
-2
-3
-3
-2
-2
-3
-2
-2
-1
-1
-1
-1
0
0
0
0
-1
-1
-1
-1
-2
-2
-2
-2
-2
-2
-2
-2
-2
-3
-4
-4
-5
-6
-7
-6
-5
-5
-5
-4
-4
-5
-6
-5
-4
-2
-2
-2
-1
0
1
0
0
0
0
0
0
-1
-2
-2
-2
-2
-3
-3
-4
-4
-4
-4
-3
-3
-3
-4
-4
-4
-3
-2
-2
-3
-3
-3
-2
-2
-2
-2
-2
-2
-2
-2
-2
-2
-2
-2
-2
-2
-1
-1
-2
-2
-1
0
0
0
0
1
1
0
-1
-1
0
-1
-2
-3
-3
-3
-4
-4
-4
-3
-3
-3
-4
-4
-4
-4
-3
-3
-3
-4
-4
-2
-2
-2
-2
-2
-2
-2
-1
0
1
1
0
1
1
0
0
0
0
0
-1
-1
0
0
-1
-1
-1
-1
-1
-1
-1
-2
-2
-3
-4
-3
-3
-3
-3
-3
-2
-2
-2
-3
-3
-3
-3
-2
-2
-2
-2
-1
-1
0
-1
-1
-1
-1
-1
-1
-1
0
0
-1
-1
-2
-1
-1
-1
-1
-1
-1
0
1
1
0
0
1
1
1
0
1
2
2
1
0
0
0
0
-1
-1
-2
-2
-3
-3
-2
-2
-2
-2
-2
-2
-2
-2
-2
-1
-1
0
0
0
0
0
0
0
-1
-1
-1
-1
-1
-2
-3
-3
-3
-3
-3
-2
-2
-1
-1
0
0
0
-1
-1
-1
-1
-1
-1
-1
-2
-2
-3
-3
-3
-3
-4
-4
-3
-3
-5
-5
-5
-4
-4
-4
-3
-3
-2
-2
-2
-2
-2
-2
-1
-1
-1
-2
-2
-2
-2
-2
-3
-3
-3
-4
-4
-4
-5
-5
-5
-5
-5
-5
-5
-4
-4
-4
-4
-3
-3
-3
-3
-2
-2
-2
-3
-3
-3
-3
-4
-4
-4
-4
-4
-4
-4
-4
-4
-4
-3
-3
-2
-2
-2
-2
-1
0
0
0
0
0
1
1
1
0
-1
-1
-1
-2
-2
-3
-4
-3
-3
-3
-3
-3
-3
-4
-4
-4
-3
-2
-1
-1
-1
-2
-2
-1
0
0
-1
-1
0
0
0
-1
-2
-2
-2
-2
-1
-1
0
0
0
0
0
0
0
0
0
0
1
2
1
1
1
1
1
1
0
-1
-1
-2
-2
-2
-2
-2
-2
-2
-2
-2
-2
-1
-1
0
1
1
1
1
1
1
0
0
1
1
0
0
0
1
0
0
0
0
0
0
1
1
2
1
0
0
0
0
0
0
0
0
0
1
0
0
0
0
1
0
0
0
1
2
2
1
1
0
1
1
1
1
1
2
2
2
1
1
2
3
2
2
2
2
2
1
2
2
1
0
0
0
0
0
1
2
2
1
0
0
1
2
2
2
3
3
3
3
4
4
4
4
5
5
4
4
3
3
3
3
2
2
3
2
1
0
0
1
0
0
0
0
1
1
1
1
1
2
2
2
2
1
0
0
0
0
0
0
0
1
2
2
2
2
3
4
4
4
3
4
4
3
3
3
4
3
3
3
2
2
0
-1
-1
-1
-2
-2
-2
-2
-2
-2
-2
-2
-2
-3
-3
-3
-2
-2
-2
-2
-1
-1
0
0
0
0
1
1
1
1
1
1
2
2
2
2
2
2
2
2
2
2
1
1
0
0
-1
-1
0
0
-1
-2
-2
-2
-2
-2
-3
-3
-2
-2
-2
-2
-1
-1
-1
-1
-1
-1
-1
-1
-1
-1
-1
-1
-1
-1
-1
0
0
1
0
1
1
1
1
1
1
1
0
0
0
1
1
1
1
1
0
0
0
0
0
-1
-1
-1
-1
-1
-1
-1
-1
0
1
1
1
1
1
1
1
0
0
-1
-1
-1
-1
-1
0
0
0
0
-1
-2
-1
-1
0
0
0
0
0
0
0
0
1
1
1
1
1
1
1
1
1
1
1
1
1
1
0
1
1
1
0
-1
-1
0
0
0
0
1
1
1
1
2
2
1
1
1
1
1
1
1
0
0
0
0
0
0
0
-1
-2
-2
-1
0
0
0
0
1
1
1
1
1
1
1
1
1
2
2
2
2
2
1
1
1
1
0
0
0
0
0
0
0
-1
-1
-1
0
0
0
1
1
2
2
1
1
0
0
0
0
0
-1
0
0
1
0
-1
-1
-1
-1
-1
-1
-1
-1
0
1
1
1
1
1
1
2
2
1
1
1
1
0
0
-1
-1
-1
-1
-2
-2
-2
-2
-2
-3
-2
-2
-1
-1
-1
-1
-1
0
0
0
0
0
0
0
-1
-1
-1
-1
-1
-2
-2
-2
-2
-2
-3
-3
-2
-2
-2
-2
-2
-2
-2
-2
-2
-2
-2
-2
-1
-1
-1
-2
-2
-2
-2
-2
-2
-3
-4
-3
-3
-3
-4
-4
-4
-3
-3
-2
-2
-2
-2
-2
-2
-1
-1
-1
0
0
-1
-1
-1
-1
-1
-1
-2
-2
-2
-2
-2
-2
-2
-2
-2
-2
-2
-2
-2
-2
-2
-2
-2
-1
-1
-2
-2
-2
-2
-2
-2
-2
-2
-3
-3
-3
-3
-4
-4
-3
-3
-3
-3
-3
-2
-2
-2
-2
-1
0
0
0
0
0
0
0
1
1
0
0
0
-1
-1
-1
-1
-1
-2
-2
-2
-1
-1
-2
-2
-2
-2
-2
-2
-2
-2
-2
-2
-2
-2
-2
-2
-2
-2
-2
-1
-2
-2
-2
-2
-2
-2
-2
-2
-2
-2
-1
0
0
0
-1
0
0
0
0
0
0
0
0
0
1
1
0
0
0
0
0
0
0
-1
0
0
-1
-1
-1
-1
0
0
-1
-1
-1
-1
-2
-2
-2
-2
-2
-2
-1
0
0
0
0
0
0
0
-1
-1
0
-1
-1
0
1
1
0
0
0
0
0
1
1
1
1
0
0
0
0
0
0
1
1
1
1
1
1
1
1
0
0
1
1
0
0
0
0
0
0
0
0
1
0
0
0
1
1
1
1
1
2
1
1
1
2
2
1
1
1
0
0
0
1
0
-1
-1
0
0
1
1
1
0
-1
-1
0
1
0
0
1
1
0
0
-1
0
0
0
0
0
-1
-1
-1
-1
0
0
0
0
0
1
1
0
0
0
0
0
0
0
1
1
0
0
-1
-1
-1
0
0
-1
-1
-2
-1
-1
-1
-1
-1
-1
-1
-1
-1
-1
-1
-1
-1
-1
-1
-1
-1
-1
0
0
0
0
0
0
0
0
0
0
0
1
1
0
0
0
0
0
0
0
0
0
0
0
-1
0
0
0
0
-1
-1
-1
-1
-1
-1
0
0
0
0
0
1
1
1
0
0
1
0
0
-1
-1
-1
0
0
0
0
0
0
-1
0
0
0
-1
-1
-1
-1
-1
-1
-1
-1
-1
-1
-1
-1
-1
-1
-1
-1
-1
-2
-2
-2
-1
-1
-1
-1
-1
0
0
-1
-1
-1
-1
-1
-1
-1
-1
-1
-1
-1
-1
-1
-2
-2
-2
-2
-2
-2
-2
-2
-2
-2
-2
-2
-2
-2
-2
-2
-2
-2
-2
-2
-2
-2
-2
-2
-2
-2
-1
-1
-1
-1
-1
-1
-1
0
0
0
-1
-1
-1
-1
-1
-2
-1
-1
-1
-2
-2
-1
-1
-1
-1
-1
-1
-1
-2
-2
-1
-1
-1
-1
-1
-2
-2
-2
-1
-1
-1
0
0
0
0
0
0
0
0
-1
-1
-1
-1
-1
-1
-1
-1
0
-1
-1
-1
-1
0
0
-1
-1
-1
-1
0
0
0
0
-1
0
0
0
0
0
0
0
0
0
1
1
1
1
1
1
1
1
1
0
1
1
0
0
0
0
0
-1
-1
0
0
0
-1
-2
-2
-2
-2
-2
-1
0
0
0
0
-1
-1
-2
-1
-1
-1
-1
-1
-1
0
-1
-1
-1
-1
-1
-1
0
0
0
0
0
0
-1
-1
-1
-1
-1
-1
0
0
0
0
-1
-1
-1
-1
-1
-1
-2
-2
-2
-2
-2
-2
-2
-2
-2
-2
-2
-2
-2
-2
-1
-1
-1
-1
0
0
0
0
0
0
0
-1
-1
-1
0
0
0
1
1
0
0
0
0
0
0
0
0
0
0
1
1
1
1
0
0
0
0
0
0
0
0
0
0
0
-1
-1
-1
-1
-1
-1
0
0
-1
-1
-1
0
0
0
0
0
0
0
1
1
0
0
0
0
0
0
-1
-1
0
-1
-1
-1
0
-1
-1
0
0
0
0
0
1
1
0
0
1
1
1
1
0
0
0
0
0
0
0
-1
-1
0
0
-1
-1
-1
0
0
0
0
-1
-1
0
0
0
0
0
0
1
1
0
0
0
0
0
0
0
0
0
0
0
0
-1
-1
-1
-1
-1
-1
0
0
-1
-1
0
0
0
0
0
1
0
0
0
0
0
0
0
0
1
1
1
1
1
0
0
0
1
1
1
1
1
1
1
1
2
2
1
1
2
2
2
1
1
2
2
1
1
1
1
2
1
1
1
2
1
1
1
1
1
1
1
1
1
1
1
1
1
1
1
1
2
2
2
1
1
1
1
2
2
2
1
1
2
2
2
2
2
2
2
2
2
2
2
1
1
2
2
2
1
1
1
2
1
2
2
2
1
1
1
1
1
1
1
1
1
1
1
2
1
1
1
1
1
1
1
1
2
1
1
1
1
1
1
1
1
1
1
1
2
2
2
2
2
2
2
2
1
1
1
1
1
1
1
1
1
1
1
1
1
1
1
1
1
1
1
1
1
1
1
1
1
1
1
1
1
1
2
1
1
1
1
1
0
0
0
0
0
1
1
1
1
1
0
0
1
1
1
1
1
1
1
1
1
1
1
1
1
1
0
0
0
1
0
0
1
1
1
0
0
0
0
0
0
0
0
0
0
0
0
0
0
0
1
1
0
0
-1
0
0
0
0
0
0
1
1
1
0
0
0
0
0
0
0
0
0
0
0
0
0
0
1
1
0
0
-1
-1
-1
-1
0
-1
0
0
-1
-1
-1
-1
-1
-1
-1
-1
-1
-1
-1
-1
0
0
-1
-1
-1
-1
-1
0
0
-1
-1
-1
0
0
0
0
0
0
0
0
0
0
0
0
0
-1
0
0
0
0
-1
-1
-1
-1
-2
-2
-2
-2
-1
-1
-2
-2
-2
-2
-2
-2
-2
-1
-1
-1
-1
-2
-1
-1
-1
-1
-1
-1
-1
-1
-1
-1
0
-1
-1
-2
-2
-1
-1
0
0
-1
-1
-1
-1
-1
-2
-2
-1
-1
-2
-2
-2
-2
-2
-2
-2
-2
-2
-1
-1
-1
-1
-1
-1
-1
-1
-1
-1
-1
-1
-1
-1
-1
-1
-1
-1
-1
-1
-1
-1
-1
-1
-1
-1
-1
-1
-1
-1
-1
-1
-1
-1
-1
-1
-1
-1
-1
-1
-1
-1
-2
-2
-2
-2
-1
-1
-2
-2
-2
-2
-2
-2
-2
-1
-2
-2
-2
-1
-1
-2
-2
-1
-1
-1
-1
-2
-1
-1
-2
-2
-1
-1
-1
-1
-1
-1
-1
-1
-1
-1
-1
-1
-1
-1
-1
-1
-1
-1
-1
-1
-1
-1
-1
-1
-1
-1
-1
-1
-1
-1
-1
-1
-1
-1
-1
-1
-1
-1
-1
-1
-1
-1
-1
-1
-1
-1
-1
-1
-1
-1
-1
-1
-1
-1
-1
-1
-1
-1
-1
-1
-1
-1
-1
-1
-1
-1
-1
-1
-1
-1
-1
-1
-1
-1
-1
-1
-1
-1
-1
-1
-1
-1
-1
-1
-1
-1
-1
-1
-1
-1
-1
-1
-1
-1
-1
-1
-1
-1
-1
-1
-1
-1
-1
-1
-1
-1
-1
-1
-1
-1
-1
-1
-1
-1
0
0
0
-1
-1
-1
0
0
0
0
0
0
0
0
0
0
0
0
-1
-1
-1
0
0
-1
-1
-1
-1
-1
-1
0
0
0
0
0
0
0
0
0
0
0
0
-1
-1
-1
0
0
-1
0
0
0
0
0
0
0
0
0
0
0
0
0
0
-1
0
0
0
0
-1
0
0
0
0
-1
-1
-1
0
0
0
0
0
-1
-1
0
0
0
-1
0
0
0
0
-1
0
0
0
0
0
0
0
-1
0
0
0
-1
-1
-1
0
0
0
0
0
0
-1
-1
0
0
-1
-1
0
0
0
0
0
0
0
0
0
0
0
0
0
0
0
0
-1
-1
-1
0
0
0
0
0
0
-1
0
0
0
0
0
0
0
0
0
0
0
0
0
0
0
0
-1
0
0
0
0
0
0
0
0
-1
0
0
0
0
0
0
0
0
0
0
-1
0
0
0
0
0
0
0
0
0
0
0
0
0
0
0
0
0
-1
0
0
0
0
0
0
0
0
-1
-1
0
0
0
0
-1
-1
-1
-1
0
0
0
-1
-1
0
0
0
0
0
0
0
0
0
0
0
0
0
0
0
0
0
0
0
0
0
0
0
0
0
0
0
0
0
0
0
0
0
0
0
-1
0
0
0
-1
-1
0
0
-1
-1
0
0
-1
-1
0
0
0
-1
0
0
0
0
0
0
0
0
0
0
0
-1
-1
-1
0
-1
-1
-1
0
0
0
0
0
-1
-1
0
0
0
0
0
0
0
0
0
0
0
0
0
0
0
0
-1
-1
-1
-1
-1
-1
-1
0
0
-1
-1
-1
0
0
0
0
0
0
0
0
0
0
0
0
0
-1
-1
0
0
0
0
-1
0
0
-1
-1
-1
0
0
0
0
0
0
0
0
0
0
0
-1
-1
0
0
0
0
0
0
0
-1
-1
-1
-1
-1
0
0
0
0
0
0
0
-1
0
0
0
-1
-1
0
0
0
-1
-1
0
0
0
0
0
0
0
0
0
0
0
0
-1
0
0
0
0
0
0
0
0
-1
0
0
0
0
0
0
0
0
0
0
0
0
0
0
0
0
0
0
0
-1
-1
0
0
-1
-1
-1
0
0
0
0
0
-1
-1
0
0
0
0
0
0
0
0
-1
0
0
0
-1
-1
-1
0
0
-1
-1
0
0
0
-1
-1
0
0
0
0
0
0
0
0
0
0
0
0
0
0
0
0
0
0
0
0
0
0
0
0
0
0
0
0
0
0
0
0
-1
0
0
0
-1
0
0
-1
-1
-1
0
0
0
-1
-1
0
0
-1
-1
0
0
0
0
0
0
0
0
0
-1
0
0
0
0
0
0
0
0
0
0
0
0
0
-1
0
0
0
0
0
0
0
0
0
0
0
0
0
-1
-1
0
0
0
0
0
0
0
-1
-1
0
0
0
-1
-1
-1
0
0
-1
-1
-1
0
-1
-1
-1
0
0
0
-1
-1
0
0
0
0
0
0
0
-1
0
0
0
0
0
0
0
0
0
0
0
0
0
0
0
0
0
-1
-1
0
0
0
0
0
0
0
0
0
0
0
0
0
0
0
0
0
0
0
0
0
0
0
0
0
0
0
0
0
0
0
0
0
0
0
-1
0
0
0
0
0
0
0
0
0
0
0
-1
-1
0
0
0
-1
-1
0
0
0
0
0
0
-1
-1
-1
0
0
0
0
0
0
0
0
-1
0
0
0
0
0
0
0
-1
0
0
0
0
0
0
0
0
0
0
0
0
-1
0
0
0
0
0
0
0
0
0
0
0
0
0
0
0
0
0
0
0
0
0
0
0
0
0
0
0
0
0
0
0
0
0
0
0
0
0
0
0
0
0
0
0
0
0
0
0
0
0
0
0
0
-1
0
0
0
0
-1
-1
0
0
0
0
0
0
0
0
0
0
0
0
0
0
0
-1
-1
-1
0
0
0
0
0
0
0
0
0
0
0
0
0
0
-1
-1
-1
0
0
0
0
0
0
0
0
0
0
0
0
0
0
0
0
0
0
0
0
0
0
0
0
0
0
0
0
0
0
0
-1
-1
0
0
0
0
0
0
0
0
0
0
0
0
0
0
0
-1
0
0
0
0
0
0
0
0
0
0
0
0
0
0
0
0
0
0
0
0
0
0
0
0
0
0
-1
-1
0
0
-1
0
0
0
0
0
0
0
0
0
0
0
0
0
0
0
0
0
0
0
0
0
0
0
0
0
-1
0
0
0
0
0
0
0
0
-1
-1
0
0
0
0
0
0
0
0
0
0
-1
0
0
0
0
0
0
0
0
0
0
0
0
0
0
0
0
0
0
0
0
0
0
0
0
0
0
0
0
0
0
0
0
0
0
0
0
0
0
-1
0
0
0
-1
0
0
0
0
0
0
0
0
0
0
0
0
0
0
0
0
0
0
0
-1
0
0
0
0
0
0
0
0
0
0
0
0
0
0
0
0
0
0
0
0
0
0
0
0
0
0
0
0
0
0
0
0
0
0
0
0
0
0
0
0
0
0
0
0
0
0
0
0
0
0
0
0
0
0
0
0
0
0
0
0
0
0
0
0
0
0
0
0
0
0
0
0
0
0
0
0
0
0
0
-1
0
0
0
0
0
0
0
0
0
0
0
0
0
0
0
0
0
0
0
0
0
0
0
0
0
0
0
0
0
0
0
0
0
0
0
0
0
0
0
0
0
0
0
0
0
0
0
0
0
0
0
0
0
0
0
0
0
0
0
0
0
0
0
0
0
0
0
0
0
0
0
0
0
0
0
0
0
0
0
0
0
0
0
0
0
0
0
0
0
0
0
0
0
0
0
0
0
0
0
0
0
-1
0
0
0
0
0
0
0
0
0
0
0
0
0
0
0
0
0
0
0
0
0
0
0
0
0
0
0
0
0
0
0
0
0
0
0
0
0
0
0
0
0
0
0
0
0
0
0
0
0
0
0
0
0
0
0
0
0
0
0
0
0
0
0
0
0
0
0
0
0
0
0
0
0
0
0
0
0
0
0
0
0
0
0
0
0
0
0
0
0
0
0
0
0
0
0
0
0
0
0
0
0
0
0
0
0
0
0
0
0
0
0
0
0
0
0
0
0
0
0
0
0
0
0
0
0
0
0
0
0
0
0
0
0
0
0
0
0
-1
-1
-1
0
0
0
0
0
0
0
0
0
0
0
0
0
0
0
0
0
0
0
0
0
0
0
0
0
0
0
0
0
0
-1
-1
0
0
0
0
0
0
0
0
0
0
0
0
0
0
0
0
0
0
0
0
0
0
0
0
0
0
0
0
0
0
0
0
0
0
0
0
0
0
0
0
0
0
0
0
0
0
0
0
0
0
0
0
0
0
0
0
0
0
0
0
0
0
0
0
0
0
0
0
0
0
0
0
0
0
0
0
0
0
0
0
0
0
0
0
0
0
0
0
0
0
0
0
0
0
0
0
0
0
0
0
0
0
0
0
0
0
0
0
0
0
0
0
0
0
0
0
0
0
0
0
0
0
0
0
0
0
0
0
0
-1
0
0
0
0
0
0
0
0
0
0
0
0
0
0
0
0
0
0
0
0
0
0
0
0
0
0
0
0
0
0
0
0
0
0
0
0
0
0
0
0
0
0
0
0
0
0
0
0
0
0
0
0
0
0
0
0
0
0
0
0
0
0
0
0
0
0
0
0
0
0
0
0
0
0
0
0
0
0
0
0
0
0
0
0
0
0
0
0
0
0
0
0
0
0
0
0
0
0
0
0
0
0
0
0
0
0
0
0
0
0
0
0
0
0
0
0
0
0
0
0
0
0
0
0
0
0
0
0
0
0
0
0
0
0
0
0
0
0
0
0
0
0
0
0
0
0
0
0
0
0
0
0
0
0
0
0
0
0
0
0
0
0
0
0
0
0
0
0
0
0
0
0
0
0
0
0
0
0
0
0
0
0
0
0
0
0
0
0
0
0
0
0
0
0
0
0
0
0
0
0
0
0
0
0
0
0
0
-1
0
0
0
0
0
0
0
0
0
0
0
0
0
0
0
-1
0
0
0
-1
-1
-1
-1
-1
-1
0
0
0
0
0
0
0
0
0
0
0
0
-1
0
0
0
0
0
0
0
0
0
0
0
0
-1
0
0
0
0
0
0
0
0
0
0
0
0
0
0
0
0
0
0
0
0
0
0
0
0
0
0
0
0
0
0
0
0
0
0
0
0
0
0
0
0
0
0
0
0
0
0
0
0
0
0
0
0
0
0
0
0
0
0
0
0
0
-1
0
0
0
0
0
0
0
0
0
0
0
0
-1
-1
0
0
0
0
0
0
0
0
0
0
0
0
0
0
0
0
0
0
0
0
0
0
0
0
0
0
0
0
0
0
0
0
0
0
0
0
0
0
0
0
0
0
0
0
-1
0
0
0
-1
0
0
0
0
0
0
0
0
0
0
0
0
0
0
0
0
0
0
0
0
0
0
0
0
0
0
0
0
0
0
0
0
0
0
0
0
0
0
0
0
0
0
0
0
0
0
0
0
0
0
0
0
0
0
0
0
0
0
0
0
0
0
0
0
0
0
0
0
0
0
0
0
0
0
0
0
0
0
0
0
0
0
0
0
0
0
0
0
0
0
0
0
-1
-1
0
0
0
0
0
0
0
0
-1
0
0
0
0
0
0
0
0
0
0
0
0
0
0
0
0
0
0
-1
0
0
0
0
0
0
0
0
0
0
0
0
0
0
0
0
0
0
0
0
0
0
0
0
0
0
0
0
0
0
0
0
0
0
0
0
0
0
0
0
0
0
0
0
0
0
0
0
0
0
0
0
0
0
0
0
0
0
0
0
0
0
0
0
0
0
0
0
0
0
0
0
0
0
0
0
0
0
0
0
0
0
0
0
0
0
0
0
0
0
0
0
0
0
0
0
0
0
0
0
0
0
0
0
0
0
0
0
0
0
0
0
0
0
0
0
0
0
0
0
0
0
0
0
0
0
0
0
0
0
0
0
0
0
-1
-1
-1
0
0
0
0
0
0
0
0
0
0
0
0
0
0
0
0
0
0
0
0
0
0
0
0
0
0
0
0
0
0
0
0
0
0
0
0
0
0
0
0
0
0
0
0
0
0
0
0
0
0
0
0
0
0
0
0
0
0
0
0
0
0
0
0
0
0
0
0
0
0
0
0
0
0
0
0
0
0
0
0
0
0
0
0
0
0
0
0
0
0
0
0
0
0
0
0
0
0
0
0
0
0
0
0
0
0
0
0
0
0
0
0
0
0
0
0
0
0
0
0
0
0
0
0
0
0
0
0
0
0
0
0
0
0
0
0
0
0
0
0
0
0
0
0
-1
0
0
0
0
0
0
0
0
0
0
0
0
0
0
0
0
0
0
0
0
0
0
0
0
0
0
0
0
0
0
0
0
-1
0
0
0
0
0
0
0
0
0
0
0
0
0
0
0
0
0
0
0
0
0
0
0
0
0
0
0
0
0
0
0
0
0
0
0
0
0
0
-1
0
0
0
0
0
0
0
0
-1
0
0
0
0
0
0
-1
0
0
0
0
0
0
0
0
0
0
0
0
0
0
0
0
0
0
0
0
0
0
0
0
0
-1
0
0
0
0
0
0
0
0
0
0
0
0
0
0
0
0
0
0
0
0
0
0
0
0
0
0
0
0
0
0
0
0
0
0
0
0
0
0
0
0
0
0
0
0
0
0
0
0
0
0
0
0
0
0
0
0
0
0
0
0
0
0
0
0
0
0
0
0
0
0
0
0
0
0
0
0
0
0
0
0
0
0
0
0
0
0
0
0
0
0
0
0
0
0
0
0
0
0
0
0
0
0
0
0
0
0
0
0
0
0
0
0
0
0
0
0
0
0
0
0
-1
0
0
0
0
0
0
0
0
0
0
0
0
0
0
0
0
0
0
0
0
0
0
0
0
0
0
0
0
0
0
0
0
0
0
0
0
0
0
-1
0
0
0
0
0
0
0
0
0
0
0
0
0
0
0
0
0
0
0
0
0
0
0
0
0
0
0
0
0
0
0
0
0
0
-1
-1
-1
0
0
0
0
0
0
0
0
0
0
0
0
0
0
0
0
0
0
0
0
0
0
0
0
0
0
0
0
0
0
0
0
0
0
0
0
0
0
0
0
0
0
0
0
0
0
0
0
0
0
0
0
0
0
0
0
-1
-1
-1
-1
0
0
0
0
0
0
0
0
0
0
0
0
0
0
0
0
0
0
0
0
0
0
0
0
0
0
0
0
0
0
0
0
0
0
0
0
0
0
0
0
0
0
0
0
0
0
0
0
0
0
0
0
0
0
0
0
0
0
0
0
0
0
0
0
0
0
0
0
0
0
0
0
0
0
0
0
0
0
0
0
0
0
0
0
0
0
0
0
0
0
0
0
0
0
0
0
0
0
0
0
0
0
0
0
0
0
0
0
0
0
0
0
0
0
0
0
0
0
0
0
0
0
0
0
0
0
0
0
0
0
0
0
0
0
0
0
0
0
0
0
0
0
0
0
0
0
0
0
0
0
0
0
0
0
0
0
0
0
0
0
0
0
0
0
0
0
-1
0
0
0
0
0
0
0
0
0
0
0
0
0
0
0
0
0
0
0
0
0
0
0
0
0
0
0
0
0
0
0
0
0
0
0
0
0
0
-1
0
0
0
0
-1
-1
0
0
0
0
0
0
0
0
0
0
0
0
0
0
0
0
0
0
0
0
0
0
0
0
0
0
0
0
0
0
0
0
0
0
0
0
0
0
0
0
0
0
0
0
0
0
0
0
0
0
0
0
0
0
0
0
0
0
0
0
0
0
0
0
0
0
0
0
0
0
0
0
-1
0
0
0
0
0
0
0
0
0
0
0
0
0
0
0
0
0
0
0
0
0
0
0
0
0
0
0
0
0
0
0
0
0
0
0
0
0
0
0
0
0
0
0
0
0
-1
0
0
0
0
0
0
0
0
0
0
0
0
0
0
0
0
0
0
0
0
0
0
0
0
0
0
0
0
0
0
0
0
0
0
0
0
0
0
0
0
0
0
0
0
0
0
0
0
0
0
0
0
0
0
0
0
0
0
0
0
0
0
0
0
0
0
0
0
0
0
0
0
0
0
0
0
0
0
0
0
0
0
0
0
0
0
0
0
0
0
0
0
0
0
0
0
0
0
0
0
0
0
0
0
0
0
0
0
0
0
0
0
0
0
0
0
0
0
0
0
0
0
0
0
0
0
0
0
0
0
0
0
0
0
0
0
0
0
0
0
0
0
0
0
0
0
0
0
0
0
0
0
0
0
0
0
0
0
0
0
0
0
0
0
0
0
0
0
0
0
0
0
0
0
0
0
0
0
0
0
0
0
0
0
0
0
0
0
0
0
0
0
0
0
0
0
0
0
0
0
0
0
0
-1
0
0
0
0
0
0
0
0
0
0
0
0
0
0
0
0
0
0
0
0
0
0
0
0
0
0
0
0
0
0
0
0
0
0
0
0
0
0
0
0
0
0
0
0
0
0
0
0
0
0
0
0
0
0
0
0
0
0
0
0
0
0
0
-1
0
0
0
0
0
0
0
0
0
0
0
0
0
0
0
0
0
0
0
0
0
0
0
0
0
0
0
0
0
0
0
0
-1
0
0
0
0
0
0
0
0
0
0
0
0
0
0
0
0
0
0
0
0
0
0
0
0
0
0
0
0
0
0
0
0
0
0
0
0
0
0
0
0
0
0
0
0
0
0
0
0
0
0
0
0
0
0
0
0
0
0
0
0
0
0
0
0
0
0
0
0
0
0
0
0
0
0
0
0
0
0
0
0
0
0
0
0
0
0
0
0
0
0
0
0
0
0
0
0
0
-1
0
0
0
0
0
0
0
0
0
0
0
0
0
0
0
0
0
0
0
0
0
0
0
0
0
0
0
0
0
0
0
0
0
0
0
0
0
0
0
0
0
0
0
0
0
0
0
0
0
0
0
0
0
0
0
0
0
0
0
0
0
0
0
0
0
0
0
0
0
0
0
0
0
0
0
0
0
0
0
0
0
0
0
0
0
0
0
0
0
0
0
0
0
0
0
0
0
0
0
0
0
0
0
0
0
0
0
0
0
0
0
0
0
0
0
0
0
0
0
0
0
0
0
0
0
0
0
0
0
0
0
0
0
0
0
0
0
0
0
0
0
0
0
0
0
0
0
0
0
0
0
0
0
0
0
0
0
0
0
0
0
0
0
0
0
0
0
0
-1
0
0
0
0
0
0
0
0
0
0
0
0
0
0
0
0
0
0
0
0
0
0
0
0
0
0
0
0
0
0
0
0
0
0
0
0
0
0
0
0
0
0
0
0
0
0
0
0
0
0
0
0
0
0
0
0
0
0
0
0
0
0
0
0
0
0
0
0
0
0
0
0
0
0
0
0
0
0
0
0
0
0
0
0
0
0
0
0
0
0
0
0
0
0
0
0
0
0
0
0
0
0
0
0
0
0
0
0
0
0
0
0
0
0
0
0
0
0
0
0
0
0
0
0
0
0
0
0
0
0
0
0
0
0
0
0
0
0
0
0
0
0
0
0
0
0
0
0
0
0
0
0
0
0
0
0
0
0
0
0
0
0
0
0
0
0
0
0
0
0
0
0
0
0
0
0
0
0
0
0
0
0
0
0
0
0
0
0
0
0
0
0
0
0
0
0
0
0
0
0
0
0
0
0
0
0
0
0
0
0
0
0
0
0
0
0
0
0
0
0
0
0
0
0
0
0
0
0
0
0
0
0
0
0
0
0
0
0
0
0
0
0
0
0
0
0
0
0
0
0
0
0
0
0
0
0
0
0
0
0
0
0
0
0
0
0
0
0
0
0
0
0
0
0
0
0
0
0
0
0
0
0
0
0
0
0
0
0
0
0
0
0
0
0
0
0
0
0
0
0
0
0
-1
0
0
0
0
0
0
0
0
0
0
0
0
0
0
0
0
0
0
0
0
0
0
0
0
0
0
0
0
0
0
0
0
0
0
0
0
0
0
0
0
0
0
0
0
0
0
0
0
0
0
0
0
0
0
0
0
0
0
0
0
0
0
0
0
0
0
0
0
0
0
0
0
0
0
0
0
0
0
0
0
0
0
0
0
0
0
0
0
0
0
0
0
0
0
0
0
0
0
0
0
0
0
0
0
0
0
0
0
0
0
0
0
0
0
0
0
0
0
0
0
0
0
0
0
0
0
0
0
0
0
0
0
0
0
0
0
0
0
0
0
0
0
0
0
0
0
0
0
0
0
0
0
0
0
0
0
0
0
0
0
0
0
0
0
0
0
0
0
0
0
0
0
0
0
0
0
0
0
0
0
0
0
0
0
0
0
0
0
0
0
0
0
-1
0
0
0
0
0
0
0
0
-1
0
0
0
-1
0
0
0
0
0
0
0
0
-1
0
0
0
0
0
0
0
0
0
0
0
0
0
0
0
0
0
0
0
0
0
0
0
0
0
0
0
0
0
0
0
0
0
0
0
0
0
0
0
0
0
0
0
0
0
0
0
0
0
0
0
0
0
0
0
0
0
0
0
0
0
0
0
0
0
0
0
0
0
0
0
0
0
0
0
0
0
0
0
0
0
0
0
0
0
0
0
0
0
0
0
0
0
0
0
0
0
0
0
0
0
0
0
0
0
0
0
0
0
0
0
0
0
0
0
-1
0
0
0
0
0
0
0
0
0
0
0
0
0
0
0
0
0
0
0
0
0
0
0
0
0
0
0
0
0
0
0
0
0
0
0
0
0
0
0
0
0
0
0
0
0
0
0
0
0
0
0
0
0
0
0
0
0
0
0
0
0
0
0
0
0
0
0
0
0
0
0
0
0
0
0
0
0
0
0
0
0
0
0
0
0
0
0
0
0
0
0
0
0
0
0
0
0
0
0
0
0
0
0
0
0
0
0
0
0
0
0
0
0
0
0
0
0
0
0
0
0
0
0
0
0
0
0
0
0
0
0
0
0
0
0
0
0
0
0
0
0
0
0
0
0
0
0
0
0
0
0
0
0
0
0
0
0
0
0
0
0
0
0
0
0
0
0
0
0
0
0
0
0
0
0
0
0
0
0
0
0
0
0
0
0
0
0
0
0
0
0
0
0
0
0
0
0
0
0
0
0
0
0
0
0
0
0
0
0
0
0
0
0
0
0
0
0
0
0
0
0
0
0
0
0
0
0
0
0
0
0
0
0
0
0
0
0
0
0
0
0
0
0
0
0
0
0
0
0
0
0
0
0
0
0
0
-1
0
0
0
0
0
0
0
0
0
0
0
0
0
0
0
0
0
0
0
0
0
0
0
0
0
0
0
0
0
0
0
0
0
0
0
0
0
0
0
0
0
0
0
0
0
0
0
0
0
0
0
0
0
0
0
0
0
0
0
0
0
0
0
0
0
0
0
0
0
0
0
0
0
0
0
0
0
0
0
0
0
0
0
0
0
0
0
0
0
0
0
0
0
0
0
0
0
0
0
0
0
0
0
0
0
0
0
0
0
0
0
0
0
0
0
0
0
0
0
0
0
0
0
0
0
0
0
0
0
0
0
0
0
0
0
0
0
0
0
0
0
0
0
0
0
0
0
0
0
0
0
0
0
0
0
0
0
0
0
0
0
0
0
0
0
0
0
0
0
0
0
0
0
0
0
0
0
0
0
0
0
0
0
0
0
0
0
0
0
0
0
0
0
0
0
0
0
0
0
0
0
0
0
0
0
0
0
0
0
0
0
0
0
0
0
0
0
0
0
0
0
0
0
0
0
0
0
0
0
0
0
0
0
0
0
0
0
0
0
0
0
0
0
0
0
0
0
0
0
0
0
0
0
0
0
0
0
0
0
0
0
0
0
0
0
0
0
0
0
0
0
0
0
0
0
0
0
0
0
0
0
0
0
0
0
0
0
0
0
0
0
0
0
0
0
0
0
0
0
0
0
0
0
0
0
0
0
0
0
0
0
0
0
0
0
0
0
0
0
0
0
0
0
0
0
0
0
0
0
0
0
0
0
0
0
0
0
0
0
0
0
0
0
0
0
0
0
0
0
0
0
0
0
0
0
0
0
0
0
0
0
0
0
0
0
0
0
0
0
0
0
0
0
0
0
0
0
0
0
0
0
0
0
0
0
0
0
0
0
0
0
0
0
0
0
0
0
0
0
0
0
0
0
0
0
0
0
0
0
0
0
0
0
0
0
0
0
