0
0
0
0
0
0
0
0
0
0
0
0
0
0
0
0
0
0
0
0
0
0
0
0
0
0
0
0
0
0
0
0
0
0
0
0
0
0
0
0
0
0
0
0
0
0
0
0
0
0
0
0
0
0
0
0
0
0
0
0
0
0
0
0
0
0
0
0
0
0
0
0
0
0
0
0
0
0
0
0
0
0
0
0
0
0
0
0
0
0
0
0
0
0
0
0
0
0
0
0
0
0
0
0
0
0
0
0
0
0
0
0
0
0
0
0
0
0
0
0
0
0
0
0
0
0
0
0
0
0
0
0
0
0
0
0
0
0
0
0
0
0
0
0
0
0
0
0
0
0
0
0
0
0
0
0
0
0
0
0
0
0
0
0
0
0
0
0
0
0
0
0
0
0
0
0
0
0
0
0
0
0
0
0
0
0
0
0
0
0
0
0
0
0
0
0
0
0
0
0
0
0
0
0
0
0
0
0
0
0
0
0
0
0
0
0
0
0
0
0
0
0
0
0
0
0
0
0
0
0
0
0
0
0
0
0
0
0
0
0
0
0
0
0
0
0
0
0
0
0
0
0
0
0
0
0
0
0
0
0
0
0
0
0
0
0
0
0
0
0
0
0
0
0
0
0
0
0
0
0
0
0
0
0
0
0
0
0
0
0
0
0
0
0
0
0
0
0
0
0
0
0
0
0
0
0
0
0
0
0
0
0
0
0
0
0
0
0
0
0
0
0
0
0
0
0
0
0
0
0
0
0
0
0
0
0
0
0
0
0
0
0
0
0
0
0
0
0
0
0
0
0
0
0
0
0
0
0
0
0
0
0
0
0
0
0
0
0
0
0
0
0
0
0
0
0
0
0
0
0
0
0
0
0
0
0
0
0
0
0
0
0
0
0
0
0
0
0
0
0
0
0
0
0
0
0
0
0
0
0
0
0
0
0
0
0
0
0
0
0
0
0
0
0
0
0
0
0
0
0
0
0
0
0
0
0
0
0
0
0
0
0
0
0
0
0
0
0
0
0
0
0
0
0
0
0
0
0
0
0
0
0
0
0
0
0
0
0
0
0
0
0
0
0
0
0
0
0
0
0
0
0
0
0
0
0
0
0
0
0
0
0
0
0
0
0
0
0
0
0
0
0
0
0
0
0
0
0
0
0
0
0
0
0
0
0
0
0
0
0
0
0
0
0
0
0
0
0
0
0
0
0
0
0
0
0
0
0
0
0
0
0
0
0
0
0
0
0
0
0
0
0
0
0
0
0
0
0
0
0
0
0
0
0
0
0
0
0
0
0
0
0
0
0
0
0
0
0
0
0
0
0
0
0
0
0
0
0
0
0
0
0
0
0
0
0
0
0
0
0
0
0
0
0
0
0
0
0
0
0
0
0
0
0
0
0
0
0
0
0
0
0
0
0
0
0
0
0
0
0
0
0
0
0
0
0
0
0
0
0
0
0
0
0
0
0
0
0
0
0
0
0
0
0
0
0
0
0
0
0
0
0
0
0
0
0
0
0
0
0
0
0
0
0
0
0
0
0
0
0
0
0
0
0
0
0
0
0
0
0
0
0
0
0
0
0
0
0
0
0
0
0
0
0
0
0
0
0
0
0
0
0
0
0
0
0
0
0
0
0
0
0
0
0
0
0
0
0
0
0
0
0
0
0
0
0
0
0
0
0
0
0
0
0
0
0
0
0
0
0
0
0
0
0
0
0
0
0
0
0
0
0
0
0
0
0
0
0
0
0
0
0
0
0
0
0
0
0
0
0
0
0
0
0
0
0
0
0
0
0
0
0
0
0
0
0
0
0
0
0
0
0
0
0
0
0
0
0
0
0
0
0
0
0
0
0
0
0
0
0
0
0
0
0
0
0
0
0
0
0
0
0
0
0
0
0
0
0
0
0
0
0
0
0
0
0
0
0
0
0
0
0
0
0
0
0
0
0
0
0
0
0
0
0
0
0
0
0
0
0
0
0
0
0
0
0
0
0
0
0
0
0
0
0
0
0
0
0
0
0
0
0
0
0
0
0
0
0
0
0
0
0
0
0
0
0
0
0
0
0
0
0
0
0
0
0
0
0
0
0
0
0
0
0
0
0
0
0
0
0
0
0
0
0
0
0
0
0
0
0
0
0
0
0
0
0
0
0
0
0
0
0
0
0
0
0
0
0
0
0
0
0
0
0
0
0
0
0
0
0
0
0
0
0
0
0
0
0
0
0
0
0
0
0
0
0
0
0
0
0
0
0
0
0
0
0
0
0
0
0
0
0
0
0
0
0
0
0
0
0
0
0
0
0
0
0
0
0
0
0
0
0
0
0
0
0
0
0
0
0
0
0
0
0
0
0
0
0
0
0
0
0
0
0
0
0
0
0
0
0
0
0
0
0
0
0
0
0
0
0
0
0
0
0
0
0
0
0
0
0
0
0
0
0
0
0
0
0
0
0
0
0
0
0
0
0
0
0
0
0
0
0
0
0
0
0
0
0
0
0
0
0
0
0
0
0
0
0
0
0
0
0
0
0
0
0
0
0
0
0
0
0
0
0
0
0
0
0
0
0
0
0
0
0
0
0
0
0
0
0
0
0
0
0
0
0
0
0
0
0
0
0
0
0
0
0
0
0
0
0
0
0
0
0
0
0
0
0
0
0
0
0
0
0
0
0
0
0
0
0
0
0
0
0
0
0
0
0
0
0
0
0
0
0
0
0
0
0
0
0
0
0
0
0
0
0
0
0
0
0
0
0
0
0
0
0
0
0
0
0
0
0
0
0
0
0
0
0
0
0
0
0
0
0
0
0
0
0
0
0
0
0
0
0
0
0
0
0
0
0
0
0
0
0
0
0
0
0
0
0
0
0
0
0
0
0
0
0
0
0
0
0
0
0
0
0
0
0
0
0
0
0
0
0
0
0
0
0
0
0
0
0
0
0
0
0
0
0
0
0
0
0
0
0
0
0
0
0
0
0
0
0
0
0
0
0
0
0
0
0
0
0
0
0
0
0
0
0
0
0
0
0
0
0
0
0
0
0
0
0
0
0
0
0
0
0
0
0
0
0
0
0
0
0
0
0
0
0
0
0
0
0
0
0
0
0
0
0
0
0
0
0
0
0
0
0
0
0
0
0
0
0
0
0
0
0
0
0
0
0
0
0
0
0
0
0
0
0
0
0
0
0
0
0
0
0
0
0
0
0
0
0
0
0
0
0
0
0
0
0
0
0
0
0
0
0
0
0
0
0
0
0
0
0
0
0
0
0
0
0
0
0
0
0
0
0
0
0
0
0
0
0
0
0
0
0
0
0
0
0
0
0
0
0
0
0
0
0
0
0
0
0
0
0
0
0
0
0
0
0
0
0
0
0
0
0
0
0
0
0
0
0
0
0
0
0
0
0
0
0
0
0
0
0
0
0
0
0
0
0
0
0
0
0
0
0
0
0
0
0
0
0
0
0
0
0
0
0
0
0
0
0
0
0
0
0
0
0
0
0
0
0
0
0
0
0
0
0
0
0
0
0
0
0
0
0
0
0
0
0
0
0
0
0
0
0
0
0
0
0
0
0
0
0
0
0
0
0
0
0
0
0
0
0
0
0
0
0
0
0
0
0
0
0
0
0
0
0
0
0
0
0
0
0
0
0
0
0
0
0
0
0
0
0
0
0
0
0
0
0
0
0
0
0
0
0
0
0
0
0
0
0
0
0
0
0
0
0
0
0
0
0
0
0
0
0
0
0
0
0
0
0
0
0
0
0
0
0
0
0
0
0
0
0
0
0
0
0
0
0
0
0
0
0
0
0
0
0
0
0
0
0
0
0
0
0
0
0
0
0
0
0
0
0
0
0
0
0
0
0
0
0
0
0
0
0
0
0
0
0
0
0
0
0
0
0
0
0
0
0
0
0
0
0
0
0
0
0
0
0
0
0
0
0
0
0
0
0
0
0
0
0
0
0
0
0
0
0
0
0
0
0
0
0
0
0
0
0
0
0
0
0
0
0
0
0
0
0
0
0
0
0
0
0
0
0
0
0
0
0
0
0
0
0
0
0
0
0
0
0
0
0
0
0
0
0
0
0
0
0
0
0
0
0
0
0
0
0
0
0
0
0
0
0
0
0
0
0
0
0
0
0
0
0
0
0
0
0
0
0
0
0
0
0
0
0
0
0
0
0
0
0
0
0
0
0
0
0
0
0
0
0
0
0
0
0
0
0
0
0
0
0
0
0
0
0
0
0
0
0
0
0
0
0
0
0
0
0
0
0
0
0
0
0
0
0
0
0
0
0
0
0
0
0
0
0
0
0
0
0
0
0
0
0
0
0
0
0
0
0
0
0
0
0
0
0
0
0
0
0
0
0
0
0
0
0
0
0
0
0
0
0
0
0
0
0
0
0
0
0
0
0
0
0
0
0
0
0
0
0
0
0
0
0
0
0
0
0
0
0
0
0
0
0
0
0
0
0
0
0
0
0
0
0
0
0
0
0
0
0
0
0
0
0
0
0
0
0
0
0
0
0
0
0
0
0
0
0
0
0
0
0
0
0
0
0
0
0
0
0
0
0
0
0
0
0
0
0
0
0
0
0
0
0
0
0
0
0
0
0
0
0
0
0
0
0
0
0
0
0
0
0
0
0
0
0
0
0
0
0
0
0
0
0
0
0
0
0
0
0
0
0
0
0
0
0
0
0
0
0
0
0
0
0
0
0
0
0
0
0
0
0
0
0
0
0
0
0
0
0
0
0
0
0
0
0
0
0
0
0
0
0
0
0
0
0
0
0
0
0
0
0
0
0
0
0
0
0
0
0
0
0
0
0
0
0
0
0
0
0
0
0
0
0
0
0
0
0
0
0
0
0
0
0
0
0
0
0
0
0
0
0
0
0
0
0
0
0
0
0
0
0
0
0
0
0
0
0
0
0
0
0
0
0
0
0
0
0
0
0
0
0
0
0
0
0
0
0
0
0
0
0
0
0
0
0
0
0
0
0
0
0
0
0
0
0
0
0
0
0
0
0
0
0
0
0
0
0
0
0
0
0
0
0
0
0
0
0
0
0
0
0
0
0
0
0
0
0
0
0
0
0
0
0
0
0
0
0
0
0
0
0
0
0
0
0
0
0
0
0
0
0
0
0
0
0
0
0
0
0
0
0
0
0
0
0
0
0
0
0
0
0
0
0
0
0
0
0
0
0
0
0
0
0
0
0
0
0
0
0
0
0
0
0
0
0
0
0
0
0
0
0
0
0
0
0
0
0
0
0
0
0
0
0
0
0
0
0
0
0
0
0
0
0
0
0
0
0
0
0
0
0
0
0
0
0
0
0
0
0
0
0
0
0
0
0
0
0
0
0
0
0
0
0
0
0
0
0
0
0
0
0
0
0
0
0
0
0
0
0
0
0
0
0
0
0
0
0
0
0
0
0
0
0
0
0
0
0
0
0
0
0
0
0
0
0
0
0
0
0
0
0
0
0
0
0
0
0
0
0
0
0
0
0
0
0
0
0
0
0
0
0
0
0
0
0
0
0
0
0
0
0
0
0
0
0
0
0
0
0
0
0
0
0
0
0
0
0
0
0
0
0
0
0
0
0
0
0
0
0
0
0
0
0
0
0
0
0
0
0
0
0
0
0
0
0
0
0
0
0
0
0
0
0
0
0
0
0
0
0
0
0
0
0
0
0
0
0
0
0
0
0
0
0
0
0
0
0
0
0
0
0
0
0
0
0
0
0
0
0
0
0
0
0
0
0
0
0
0
0
0
0
0
0
0
0
0
0
0
0
0
0
0
0
0
0
0
0
0
0
0
0
0
0
0
0
0
0
0
0
0
0
0
0
0
0
0
0
0
0
0
0
0
0
0
0
0
0
0
0
0
0
0
0
0
0
0
0
0
0
0
0
0
0
0
0
0
0
0
0
0
0
0
0
0
0
0
0
0
0
0
0
0
0
0
0
0
0
0
0
0
0
0
0
0
0
0
0
0
0
0
0
0
0
0
0
0
0
0
0
0
0
0
0
0
0
0
0
0
0
0
0
0
0
0
0
0
0
0
0
0
0
0
0
0
0
0
0
0
0
0
0
0
0
0
0
0
0
0
0
0
0
0
0
0
0
0
0
0
0
0
0
0
0
0
0
0
0
0
0
0
0
0
0
0
0
0
0
0
0
0
0
0
0
0
0
0
0
0
0
0
0
0
0
0
0
0
0
0
0
0
0
0
0
0
0
0
0
0
0
0
0
0
0
0
0
0
0
0
0
0
0
0
0
0
0
0
0
0
0
0
0
0
0
0
0
0
0
0
0
0
0
0
0
0
0
0
0
0
0
0
0
0
0
0
0
0
0
0
0
0
0
0
0
0
0
0
0
0
0
0
0
0
0
0
0
0
0
0
0
0
0
0
0
0
0
0
0
0
0
0
0
0
0
0
0
0
0
0
0
0
0
0
0
0
0
0
0
0
0
0
0
0
0
0
0
0
0
0
0
0
0
0
0
0
0
0
0
0
0
0
0
0
0
0
0
0
0
0
0
0
0
0
0
0
0
0
0
0
0
0
0
0
0
0
0
0
0
0
0
0
0
0
0
0
0
0
0
0
0
0
0
0
0
0
0
0
0
0
0
0
0
0
0
0
0
0
0
0
0
0
0
0
0
0
0
0
0
0
0
0
0
0
0
0
0
0
0
0
0
0
0
0
0
0
0
0
0
0
0
0
0
0
0
0
0
0
0
0
0
0
0
0
0
0
0
0
0
0
0
0
0
0
0
0
0
0
0
0
0
0
0
0
0
0
0
0
0
0
0
0
0
0
0
0
0
0
0
0
0
0
0
0
0
0
0
0
0
0
0
0
0
0
0
0
0
0
0
0
0
0
0
0
0
0
0
0
0
0
0
0
0
0
0
0
0
0
0
0
0
0
0
0
0
0
0
0
0
0
0
0
0
0
0
0
0
0
0
0
0
0
0
0
0
0
0
0
0
0
0
0
0
0
0
0
0
0
0
1
1
0
0
-1
-1
-1
-1
0
0
-1
-1
-1
-1
-1
-1
0
0
0
0
0
0
0
0
0
0
0
0
-1
0
0
0
0
0
0
1
0
0
0
0
0
0
0
0
-1
0
0
0
0
0
0
1
0
0
0
0
0
1
1
0
0
0
0
0
0
0
0
0
1
1
1
1
1
0
0
0
0
0
0
0
0
0
0
0
0
0
0
-1
-1
-1
0
-1
-1
-1
-1
-1
-1
-1
-1
-1
-1
-1
-1
-1
-1
-2
-1
-1
-1
-2
-2
-2
-2
-2
-1
-1
-2
-2
-2
-2
-1
-1
-1
-1
-2
-2
-2
-2
-2
-2
-2
-2
-2
-2
-2
-2
-2
-2
-2
-2
-2
-2
-2
-2
-2
-2
-2
-2
-2
-2
-2
-2
-2
-2
-2
-2
-2
-2
-2
-2
-2
-2
-2
-2
-2
-2
-2
-2
-2
-2
-2
-2
-2
-2
-2
-2
-2
-2
-2
-2
-2
-2
-2
-2
-1
-1
-1
-2
-2
-2
-2
-2
-2
-2
-2
-2
-2
-2
-2
-2
-2
-2
-2
-2
-2
-2
-2
-2
-2
-2
-2
-2
-2
-2
-2
-2
-2
-2
-2
-2
-2
-2
-2
-2
-2
-2
-2
-2
-2
-1
-1
-1
-1
-1
-1
-1
-2
-2
-2
-2
-2
-2
-1
-1
-1
-1
-1
-1
-1
-1
-1
-1
-1
-1
-1
-2
-1
-1
-1
0
-1
-1
-1
-1
-1
-1
-1
-1
-1
-1
-1
0
0
0
0
-1
-1
-1
0
0
0
-1
-1
-1
0
0
0
0
0
0
0
0
0
-1
-1
-1
0
0
0
-1
-1
-1
-1
0
0
0
0
0
0
0
0
0
0
0
0
-1
-1
0
0
0
0
1
1
1
1
1
1
1
1
1
1
1
1
0
1
1
1
2
2
2
1
1
1
1
1
1
2
2
1
1
1
1
2
2
1
1
1
1
1
2
2
1
1
1
1
1
1
1
1
1
1
1
2
2
2
2
1
1
1
1
1
1
1
1
1
1
1
1
2
2
2
2
1
1
1
1
2
2
2
2
2
1
1
1
1
1
1
1
1
1
1
2
2
1
1
1
1
2
2
1
1
1
1
1
1
1
1
1
1
1
1
1
1
2
2
1
1
1
1
1
0
0
0
0
0
0
0
1
0
0
0
0
0
0
0
0
0
0
-1
-1
0
0
-1
-1
-1
-1
0
0
0
0
-1
-1
-1
0
0
1
1
0
0
0
0
0
0
0
1
1
1
0
0
0
0
0
0
0
0
0
0
0
0
0
0
0
0
0
0
0
0
1
1
1
1
1
2
1
1
1
1
1
1
1
1
1
1
0
0
0
1
1
1
0
0
0
1
1
1
0
1
1
1
1
1
2
2
2
2
2
2
1
1
1
2
2
1
1
1
1
1
1
1
2
2
2
1
1
1
2
1
1
1
1
2
2
1
1
1
1
1
1
1
2
2
2
2
2
2
2
1
1
1
1
1
1
1
1
0
-1
0
0
1
0
0
1
1
1
0
0
0
-1
-1
0
0
0
0
1
1
1
0
0
0
0
0
0
0
0
0
0
0
0
0
0
0
0
0
0
0
0
0
0
0
1
0
0
0
0
1
1
1
1
1
0
0
0
0
0
0
0
1
1
2
2
2
1
1
2
2
2
2
2
2
2
1
1
2
2
2
2
2
2
2
2
1
1
1
2
2
2
2
2
2
3
3
3
2
2
3
4
4
3
3
4
4
3
3
3
4
5
5
5
5
5
4
4
4
4
3
3
3
3
3
3
4
5
5
5
3
3
4
4
4
5
5
5
4
4
5
5
5
5
5
5
5
4
4
5
5
4
4
4
5
4
3
3
4
5
5
5
5
5
5
4
3
4
4
5
5
5
5
5
5
4
4
4
5
5
5
5
5
6
5
5
5
5
5
5
5
5
5
4
4
4
4
5
5
5
5
5
4
4
4
4
4
4
4
4
4
4
4
3
3
2
2
2
2
2
2
2
3
3
3
3
3
4
4
4
4
4
3
3
3
3
3
3
3
3
3
3
3
3
3
3
3
3
3
4
4
3
2
2
2
2
1
1
1
1
2
2
2
2
1
1
1
1
1
1
1
1
1
1
1
1
1
1
1
1
1
1
2
2
2
2
2
1
1
0
0
0
1
1
1
1
1
1
1
0
0
0
0
-1
-2
-2
-2
-2
-2
-2
-3
-2
-1
-1
-2
-2
-1
-1
-2
-3
-4
-4
-4
-5
-5
-5
-4
-4
-4
-4
-5
-5
-5
-4
-3
-4
-5
-5
-5
-5
-6
-6
-5
-5
-6
-6
-6
-6
-7
-7
-6
-5
-6
-7
-8
-8
-8
-8
-7
-8
-9
-9
-9
-9
-8
-8
-8
-8
-8
-8
-8
-8
-9
-9
-9
-9
-9
-9
-8
-9
-9
-9
-9
-9
-9
-9
-9
-9
-11
-11
-11
-10
-11
-11
-10
-10
-10
-12
-12
-12
-12
-12
-11
-11
-11
-11
-11
-11
-11
-12
-12
-11
-11
-11
-11
-11
-11
-11
-12
-12
-12
-12
-12
-12
-12
-12
-12
-11
-10
-10
-10
-11
-11
-12
-12
-12
-12
-12
-12
-11
-11
-11
-11
-12
-12
-12
-11
-11
-11
-10
-10
-10
-10
-10
-11
-12
-12
-11
-11
-12
-12
-11
-11
-11
-12
-12
-12
-12
-12
-11
-11
-11
-12
-12
-12
-12
-12
-12
-12
-12
-13
-12
-12
-11
-12
-11
-10
-9
-10
-11
-11
-11
-11
-12
-11
-11
-11
-11
-11
-11
-11
-11
-11
-11
-12
-12
-12
-12
-12
-13
-13
-13
-12
-12
-12
-12
-11
-11
-11
-11
-11
-11
-11
-11
-11
-10
-11
-12
-13
-13
-13
-12
-11
-11
-11
-11
-12
-12
-12
-12
-12
-11
-11
-11
-11
-11
-11
-11
-11
-10
-11
-11
-11
-10
-10
-10
-10
-11
-11
-10
-10
-10
-10
-10
-10
-9
-9
-10
-10
-10
-9
-9
-9
-9
-9
-9
-9
-9
-9
-10
-10
-10
-9
-9
-9
-8
-7
-6
-6
-6
-6
-5
-5
-4
-5
-5
-5
-5
-5
-5
-4
-4
-4
-5
-4
-3
-3
-3
-3
-3
-3
-3
-3
-2
-2
-2
-2
-2
-3
-3
-3
-2
-2
-2
-2
-2
-2
-2
-2
-2
-1
1
1
0
1
1
2
2
2
2
2
2
3
4
4
3
2
2
3
3
3
3
3
4
4
4
5
5
5
5
5
5
5
6
6
6
6
5
5
6
6
7
8
9
9
9
9
8
7
6
6
7
6
7
7
8
8
8
8
9
8
8
8
8
8
8
8
9
9
9
8
8
8
8
9
10
11
11
11
12
12
11
11
11
11
11
11
11
12
12
12
12
11
11
12
13
13
12
11
12
12
12
11
10
10
11
10
9
9
10
11
11
11
12
12
11
11
11
11
11
11
11
11
10
9
9
9
8
7
7
8
10
11
11
10
10
10
10
9
10
10
11
11
10
9
8
7
8
8
9
9
9
9
9
10
11
10
10
9
9
9
9
10
11
10
10
10
10
10
10
10
10
9
9
8
8
9
10
10
9
7
6
7
8
9
9
9
9
9
8
9
9
9
8
7
7
6
5
6
7
8
8
8
8
7
7
6
6
6
7
8
8
7
6
6
6
6
6
6
7
8
7
6
6
5
5
6
6
6
6
6
7
7
7
7
7
7
6
5
5
5
5
5
5
4
4
4
4
4
4
5
5
4
3
3
4
3
2
2
3
3
2
2
1
1
1
1
1
2
2
2
2
2
4
5
4
2
1
1
0
-1
-1
0
1
1
1
2
2
1
1
1
2
2
1
0
1
0
0
-1
-1
-2
-2
-2
0
0
0
-1
-1
-1
0
-1
-2
-3
-4
-3
-3
-2
-2
-2
-2
-3
-4
-3
-2
-2
-3
-2
-2
-2
-2
-2
-2
-2
-2
-2
-1
-1
-2
-4
-4
-5
-5
-5
-5
-4
-3
-2
-2
-2
-2
-3
-3
-4
-6
-7
-7
-6
-8
-8
-8
-7
-8
-9
-8
-6
-5
-4
-3
-2
-3
-5
-6
-5
-6
-7
-7
-6
-7
-8
-8
-7
-6
-6
-7
-7
-6
-6
-6
-5
-4
-4
-5
-5
-5
-6
-7
-7
-6
-7
-8
-8
-6
-5
-5
-5
-4
-3
-4
-5
-6
-5
-6
-7
-6
-5
-4
-5
-6
-7
-7
-9
-10
-9
-7
-6
-7
-8
-7
-5
-5
-6
-7
-6
-6
-6
-7
-7
-8
-9
-10
-9
-8
-8
-8
-8
-7
-7
-8
-7
-6
-6
-6
-5
-5
-5
-6
-7
-8
-8
-8
-8
-8
-9
-8
-7
-6
-5
-4
-3
-3
-3
-4
-4
-5
-5
-4
-3
-4
-5
-7
-9
-9
-10
-10
-9
-7
-4
-2
-1
-1
-2
-3
-4
-5
-4
-3
-2
-2
-2
-2
-4
-6
-8
-9
-8
-6
-4
-1
2
3
3
2
0
-2
-5
-7
-7
-6
-5
-3
-1
2
3
3
3
4
3
2
2
2
3
3
2
1
0
-1
-3
-4
-4
-2
0
2
4
4
2
0
-2
-4
-5
-4
-2
0
2
3
3
3
3
5
6
8
9
9
7
3
-2
-6
-8
-9
-9
-7
-4
-1
2
5
9
10
9
8
6
5
3
1
0
0
0
0
1
3
5
7
10
12
13
14
13
12
10
6
2
-1
-3
-5
-5
-3
0
3
7
11
16
19
20
19
17
15
11
6
2
1
0
1
2
4
7
10
12
15
16
17
16
14
13
13
12
12
12
12
12
11
10
9
8
7
7
7
7
7
6
6
7
8
10
12
15
17
18
18
16
14
11
9
5
2
-2
-5
-6
-5
-3
1
7
15
22
28
33
36
36
32
26
17
6
-7
-17
-21
-19
-11
0
12
20
24
25
24
23
22
24
33
44
48
42
28
11
-7
-23
-30
-26
-13
2
17
28
31
24
10
-3
-11
-10
-2
12
27
38
41
35
22
5
-12
-24
-29
-26
-17
-6
4
11
14
16
16
15
16
17
17
15
11
3
-7
-19
-28
-34
-34
-30
-21
-10
3
16
26
33
35
32
25
12
-4
-20
-31
-38
-40
-38
-29
-16
-5
4
11
14
14
11
8
7
5
-2
-11
-19
-26
-31
-34
-31
-23
-12
-1
6
9
7
2
-4
-8
-11
-12
-12
-10
-9
-9
-11
-13
-15
-18
-19
-16
-9
-4
-1
-1
-1
-3
-11
-19
-20
-16
-14
-10
-4
4
6
2
-2
-5
-9
-11
-10
-5
2
7
12
16
16
16
17
19
18
16
18
21
18
11
6
3
0
-4
-3
5
16
26
35
42
45
41
32
23
17
12
10
9
10
11
13
13
13
14
18
24
31
37
41
42
40
36
30
21
13
12
16
20
20
22
28
32
30
27
29
34
36
38
41
43
37
27
21
23
23
17
12
13
20
22
20
21
28
35
37
33
26
17
7
-2
-4
0
6
10
11
13
13
10
4
1
5
13
20
22
24
25
23
16
8
0
-7
-13
-13
-9
-1
10
27
47
61
67
70
74
74
65
54
43
30
9
-13
-27
-31
-29
-13
24
73
111
130
134
119
80
23
-31
-67
-84
-81
-58
-26
-5
-5
-16
-28
-48
-73
-88
-81
-70
-73
-84
-97
-121
-160
-201
-222
-227
-230
-239
-241
-238
-244
-269
-302
-323
-331
-331
-321
-296
-260
-226
-208
-204
-205
-211
-224
-243
-253
-245
-228
-221
-224
-225
-218
-208
-197
-175
-139
-101
-73
-52
-33
-23
-31
-46
-52
-45
-37
-34
-31
-19
1
27
59
98
136
169
197
221
237
239
228
215
207
201
193
188
188
194
203
213
224
234
238
238
241
250
261
267
267
265
260
251
239
227
217
212
211
219
235
254
266
270
269
266
257
242
221
202
192
193
198
200
194
185
177
173
175
181
192
202
210
218
220
213
197
181
179
184
187
182
178
174
167
154
145
141
135
127
123
127
128
121
114
112
110
95
69
48
37
27
15
6
4
2
-8
-28
-49
-67
-83
-99
-110
-116
-124
-145
-173
-195
-211
-233
-270
-310
-338
-361
-391
-426
-447
-450
-446
-445
-441
-434
-436
-455
-478
-493
-509
-539
-578
-610
-635
-663
-699
-734
-760
-782
-803
-821
-828
-828
-823
-811
-790
-767
-755
-756
-765
-775
-781
-775
-746
-690
-613
-526
-437
-360
-310
-291
-287
-284
-277
-264
-231
-173
-105
-42
14
70
120
160
203
267
349
425
488
549
608
646
654
651
659
679
705
744
804
871
928
970
1003
1028
1034
1021
1007
1006
1015
1023
1019
1002
976
947
915
881
854
847
856
864
861
847
818
766
696
630
582
547
513
480
457
438
408
363
316
276
242
208
175
147
122
94
56
11
-30
-60
-82
-103
-116
-111
-94
-83
-89
-106
-127
-157
-194
-221
-224
-211
-195
-178
-154
-130
-120
-129
-144
-150
-143
-131
-119
-111
-104
-98
-97
-107
-119
-125
-122
-119
-115
-103
-88
-83
-87
-84
-72
-68
-75
-79
-74
-72
-85
-103
-115
-129
-153
-174
-180
-186
-201
-215
-217
-223
-251
-289
-318
-340
-368
-398
-418
-433
-457
-495
-533
-569
-607
-644
-669
-679
-683
-686
-696
-721
-763
-803
-838
-879
-926
-961
-981
-1006
-1042
-1073
-1089
-1103
-1125
-1140
-1132
-1115
-1112
-1116
-1096
-1039
-954
-841
-703
-557
-427
-327
-269
-269
-321
-394
-460
-503
-502
-443
-339
-219
-92
49
200
327
414
490
576
656
700
717
718
697
649
601
583
599
646
733
869
1035
1193
1315
1390
1417
1400
1351
1288
1223
1161
1109
1071
1040
1005
965
928
905
909
938
974
996
1002
988
940
856
761
677
601
533
488
466
437
379
307
249
205
154
101
69
54
32
-2
-34
-66
-109
-152
-173
-177
-189
-216
-249
-282
-319
-359
-397
-429
-443
-423
-366
-289
-220
-168
-134
-121
-141
-187
-244
-298
-335
-335
-302
-266
-247
-240
-233
-226
-219
-196
-156
-110
-63
-18
11
4
-40
-97
-145
-174
-188
-184
-164
-137
-111
-81
-54
-40
-39
-39
-42
-57
-78
-99
-128
-169
-207
-227
-244
-272
-297
-309
-318
-343
-375
-396
-413
-448
-497
-533
-556
-585
-626
-660
-690
-735
-788
-831
-866
-916
-976
-1030
-1073
-1112
-1148
-1175
-1189
-1193
-1183
-1162
-1146
-1147
-1154
-1143
-1106
-1044
-949
-817
-670
-544
-452
-393
-380
-424
-499
-560
-576
-543
-466
-353
-214
-64
77
198
299
385
457
519
579
639
689
711
700
673
654
653
667
714
813
963
1133
1295
1430
1518
1547
1527
1480
1422
1364
1317
1287
1265
1243
1215
1178
1133
1094
1082
1105
1146
1179
1196
1199
1179
1118
1022
914
810
717
637
568
507
453
409
374
342
313
287
256
219
183
152
117
71
27
-5
-38
-89
-159
-224
-276
-324
-365
-383
-374
-354
-329
-291
-244
-211
-195
-184
-176
-181
-203
-232
-260
-287
-312
-329
-336
-341
-346
-342
-321
-285
-238
-179
-114
-57
-19
-2
-10
-44
-90
-135
-171
-195
-201
-190
-171
-150
-123
-88
-50
-20
1
9
5
-13
-41
-77
-121
-171
-220
-269
-319
-366
-399
-415
-422
-422
-416
-412
-429
-469
-521
-580
-646
-711
-763
-808
-857
-915
-972
-1029
-1093
-1158
-1205
-1236
-1264
-1285
-1276
-1248
-1241
-1274
-1316
-1340
-1359
-1382
-1378
-1296
-1127
-906
-671
-451
-285
-216
-249
-345
-460
-566
-638
-637
-541
-371
-179
-3
152
299
442
569
678
774
857
919
945
935
900
847
788
745
753
830
961
1122
1301
1491
1663
1775
1809
1779
1709
1622
1540
1482
1447
1414
1375
1333
1289
1237
1183
1144
1132
1143
1165
1183
1175
1123
1037
944
855
765
670
581
504
428
347
270
201
133
69
24
-6
-44
-92
-128
-143
-151
-166
-182
-201
-237
-301
-378
-457
-530
-592
-620
-602
-559
-506
-438
-358
-293
-258
-245
-243
-256
-281
-298
-297
-287
-281
-276
-263
-254
-257
-263
-252
-218
-168
-103
-23
52
96
104
92
73
45
12
-8
1
29
56
70
81
95
107
112
117
132
144
137
110
75
40
-1
-50
-96
-128
-150
-180
-229
-287
-345
-402
-465
-531
-587
-624
-650
-676
-706
-735
-770
-822
-889
-954
-1012
-1076
-1152
-1226
-1285
-1337
-1391
-1449
-1505
-1549
-1576
-1594
-1610
-1617
-1594
-1529
-1433
-1308
-1142
-936
-731
-576
-484
-443
-460
-545
-668
-764
-800
-774
-684
-522
-307
-74
155
374
570
725
840
919
960
958
928
891
849
800
769
793
875
993
1153
1360
1577
1750
1866
1945
1978
1945
1860
1769
1699
1639
1577
1517
1466
1420
1377
1347
1335
1333
1333
1331
1320
1287
1229
1151
1054
949
852
767
681
588
499
413
319
225
143
71
-3
-73
-122
-156
-187
-215
-226
-233
-257
-303
-355
-407
-478
-563
-634
-677
-711
-739
-740
-707
-656
-594
-514
-429
-360
-313
-284
-279
-297
-319
-332
-341
-355
-363
-352
-329
-307
-276
-218
-144
-76
-3
84
159
188
189
194
195
173
139
117
107
99
103
129
164
194
224
268
316
338
329
304
266
211
149
96
42
-27
-96
-148
-187
-227
-275
-334
-405
-466
-502
-530
-580
-640
-684
-715
-768
-857
-954
-1039
-1121
-1197
-1245
-1264
-1296
-1358
-1418
-1458
-1509
-1589
-1666
-1714
-1746
-1779
-1796
-1770
-1689
-1548
-1346
-1096
-833
-605
-451
-398
-460
-616
-811
-983
-1079
-1059
-909
-668
-389
-96
201
461
640
746
825
895
941
956
952
931
883
818
774
784
847
955
1127
1374
1663
1924
2103
2184
2177
2100
1978
1842
1728
1657
1622
1598
1573
1547
1505
1435
1357
1314
1324
1364
1400
1411
1387
1323
1218
1077
912
741
584
454
350
257
167
83
11
-44
-76
-90
-105
-127
-145
-160
-199
-275
-365
-454
-551
-658
-745
-797
-829
-853
-848
-802
-740
-692
-646
-574
-493
-441
-417
-395
-376
-385
-407
-411
-400
-399
-402
-380
-335
-292
-256
-201
-116
-23
57
129
197
243
255
248
239
223
194
161
149
165
203
248
292
337
384
426
449
446
421
383
341
303
267
222
157
83
23
-18
-58
-114
-173
-211
-233
-263
-323
-405
-494
-582
-666
-745
-818
-891
-969
-1049
-1122
-1185
-1238
-1284
-1323
-1359
-1396
-1429
-1460
-1507
-1588
-1686
-1766
-1821
-1880
-1961
-2027
-2025
-1946
-1808
-1617
-1364
-1079
-823
-638
-525
-493
-562
-711
-862
-941
-943
-893
-792
-616
-372
-104
151
390
615
810
957
1056
1111
1121
1092
1049
1022
1014
1014
1025
1073
1180
1344
1536
1733
1916
2069
2175
2221
2201
2128
2026
1927
1847
1779
1705
1616
1522
1436
1374
1339
1323
1318
1320
1326
1321
1286
1211
1103
977
845
710
566
412
256
116
9
-62
-106
-136
-160
-187
-227
-277
-331
-378
-416
-447
-478
-520
-582
-660
-748
-839
-912
-940
-923
-890
-859
-819
-753
-670
-595
-530
-458
-383
-327
-295
-280
-284
-316
-348
-347
-316
-287
-260
-208
-121
-27
60
149
245
320
361
388
415
414
370
321
305
314
319
319
332
358
384
416
466
516
534
520
501
475
416
321
225
150
86
25
-29
-79
-137
-207
-270
-316
-360
-417
-482
-539
-596
-668
-760
-861
-960
-1054
-1144
-1229
-1302
-1355
-1397
-1446
-1499
-1531
-1544
-1573
-1635
-1698
-1734
-1776
-1866
-1982
-2061
-2088
-2098
-2082
-1979
-1774
-1515
-1240
-955
-699
-545
-518
-565
-638
-742
-866
-937
-890
-744
-561
-356
-111
158
417
661
889
1072
1186
1247
1276
1261
1193
1107
1063
1083
1150
1249
1390
1571
1759
1918
2038
2123
2177
2196
2178
2134
2087
2047
1990
1896
1789
1700
1622
1529
1432
1368
1343
1333
1321
1310
1287
1232
1146
1055
963
851
711
569
444
315
169
26
-93
-184
-247
-279
-287
-298
-324
-363
-412
-471
-538
-608
-676
-731
-761
-776
-802
-852
-906
-936
-945
-945
-923
-855
-749
-642
-555
-481
-422
-390
-375
-352
-312
-272
-248
-239
-227
-203
-176
-149
-103
-15
108
230
328
402
455
479
471
450
442
438
424
415
443
491
517
522
547
595
625
618
602
595
575
520
447
383
324
248
160
81
17
-39
-88
-125
-159
-213
-291
-383
-480
-578
-675
-766
-852
-932
-1011
-1091
-1175
-1258
-1337
-1404
-1456
-1498
-1540
-1590
-1649
-1719
-1801
-1877
-1928
-1969
-2029
-2115
-2186
-2214
-2217
-2209
-2139
-1943
-1649
-1356
-1118
-912
-745
-681
-739
-840
-895
-894
-871
-823
-721
-570
-404
-223
-5
248
508
761
1000
1183
1271
1275
1244
1205
1162
1130
1142
1206
1299
1407
1542
1698
1841
1953
2055
2162
2242
2256
2220
2179
2149
2101
2018
1918
1816
1704
1582
1476
1411
1375
1345
1324
1324
1323
1278
1187
1089
1006
922
814
685
536
362
172
1
-124
-209
-270
-311
-327
-332
-349
-385
-434
-486
-533
-570
-606
-659
-736
-826
-911
-987
-1043
-1061
-1037
-980
-904
-811
-708
-614
-552
-527
-517
-498
-473
-458
-447
-413
-347
-278
-231
-195
-142
-73
-8
49
114
193
266
326
385
432
446
434
438
474
523
569
605
627
631
632
641
644
624
598
592
604
604
582
556
522
458
381
329
292
230
145
80
35
-36
-149
-264
-359
-451
-551
-633
-678
-711
-760
-828
-898
-977
-1072
-1172
-1267
-1364
-1465
-1552
-1613
-1664
-1720
-1783
-1846
-1898
-1933
-1968
-2021
-2084
-2129
-2161
-2204
-2245
-2235
-2133
-1946
-1696
-1414
-1148
-943
-818
-763
-779
-869
-981
-1029
-982
-892
-782
-610
-374
-139
65
291
555
793
956
1078
1193
1259
1228
1142
1089
1091
1115
1161
1269
1438
1628
1817
2001
2153
2250
2302
2322
2302
2242
2170
2104
2035
1951
1860
1771
1682
1599
1544
1533
1552
1578
1588
1559
1473
1347
1218
1093
955
812
702
620
513
360
198
59
-60
-158
-218
-236
-249
-286
-339
-386
-428
-489
-565
-637
-693
-748
-814
-891
-970
-1041
-1087
-1092
-1049
-972
-889
-818
-744
-649
-555
-503
-493
-490
-482
-484
-492
-478
-435
-378
-305
-209
-101
-9
64
142
229
299
344
384
422
430
405
391
411
443
475
533
617
694
739
762
774
769
740
703
677
661
641
608
565
515
457
393
330
282
253
227
177
99
22
-46
-135
-260
-383
-476
-560
-660
-755
-820
-865
-916
-974
-1031
-1088
-1158
-1246
-1355
-1474
-1584
-1668
-1740
-1825
-1911
-1956
-1967
-2009
-2097
-2169
-2196
-2226
-2288
-2323
-2265
-2129
-1966
-1781
-1554
-1304
-1093
-963
-909
-915
-972
-1061
-1134
-1138
-1046
-879
-685
-494
-286
-35
225
440
616
797
980
1111
1164
1163
1130
1075
1024
1023
1088
1200
1346
1530
1739
1931
2081
2200
2295
2344
2339
2307
2269
2210
2118
2006
1893
1791
1713
1667
1646
1640
1643
1643
1628
1595
1547
1473
1362
1221
1076
943
813
674
536
406
280
153
39
-62
-171
-281
-348
-359
-359
-383
-421
-459
-514
-596
-678
-743
-817
-915
-1003
-1044
-1060
-1096
-1141
-1141
-1083
-996
-887
-744
-596
-494
-456
-450
-450
-464
-499
-528
-519
-466
-391
-312
-236
-159
-70
44
178
310
417
490
534
561
577
579
560
536
535
564
603
628
647
676
720
766
805
834
847
839
818
796
763
700
609
511
426
352
283
219
160
102
52
19
-5
-50
-134
-238
-331
-407
-496
-609
-724
-818
-893
-965
-1037
-1101
-1159
-1225
-1296
-1361
-1428
-1525
-1652
-1771
-1866
-1960
-2065
-2134
-2139
-2126
-2160
-2227
-2262
-2250
-2242
-2249
-2192
-2017
-1770
-1534
-1328
-1135
-984
-929
-967
-1033
-1067
-1061
-1023
-945
-816
-636
-418
-174
71
283
457
623
808
984
1101
1141
1144
1160
1197
1227
1228
1221
1251
1357
1542
1769
1985
2156
2286
2395
2472
2482
2411
2299
2198
2127
2070
2004
1920
1821
1721
1652
1628
1630
1623
1593
1562
1540
1494
1386
1225
1054
897
742
581
432
313
208
100
1
-70
-137
-236
-352
-429
-455
-479
-525
-569
-591
-620
-683
-771
-858
-944
-1030
-1090
-1103
-1089
-1082
-1078
-1043
-966
-872
-789
-718
-650
-571
-484
-422
-406
-417
-417
-397
-365
-318
-251
-182
-125
-56
54
185
289
353
412
490
569
628
675
713
729
734
757
788
787
758
742
760
800
854
915
954
944
900
860
829
776
695
616
562
512
443
363
285
207
131
66
5
-57
-109
-153
-224
-334
-451
-546
-634
-726
-800
-850
-906
-992
-1086
-1167
-1256
-1376
-1498
-1585
-1659
-1764
-1879
-1948
-1975
-2007
-2050
-2078
-2093
-2122
-2180
-2265
-2368
-2452
-2469
-2388
-2217
-1974
-1681
-1386
-1142
-965
-837
-763
-789
-917
-1058
-1115
-1073
-968
-814
-615
-386
-124
186
504
753
907
1013
1110
1184
1219
1227
1221
1191
1147
1143
1222
1362
1521
1702
1928
2174
2376
2491
2510
2447
2336
2225
2139
2078
2030
1978
1904
1810
1724
1657
1599
1552
1535
1548
1559
1532
1455
1331
1164
976
808
684
573
449
334
251
169
49
-86
-190
-268
-345
-424
-498
-577
-669
-747
-784
-790
-793
-801
-813
-837
-883
-939
-992
-1049
-1106
-1133
-1112
-1074
-1048
-1008
-910
-764
-616
-495
-396
-323
-285
-279
-280
-276
-267
-256
-225
-153
-52
47
130
212
312
428
543
647
728
771
780
781
801
827
824
789
764
775
803
819
828
837
839
835
841
853
838
778
699
630
571
507
433
356
276
191
113
52
-2
-67
-145
-219
-282
-348
-430
-527
-628
-727
-828
-933
-1020
-1068
-1096
-1147
-1224
-1292
-1354
-1459
-1614
-1758
-1844
-1900
-1974
-2051
-2089
-2101
-2139
-2210
-2265
-2287
-2316
-2371
-2403
-2359
-2252
-2117
-1946
-1707
-1417
-1147
-961
-855
-802
-811
-898
-1012
-1055
-987
-863
-735
-587
-378
-110
192
493
753
942
1078
1206
1316
1331
1226
1102
1075
1136
1201
1260
1367
1526
1697
1883
2105
2325
2460
2487
2462
2424
2350
2216
2066
1957
1895
1843
1786
1732
1677
1616
1556
1509
1478
1453
1413
1335
1223
1090
944
786
636
513
410
303
187
76
-36
-166
-305
-412
-472
-516
-579
-649
-696
-717
-738
-765
-787
-800
-817
-855
-920
-1007
-1094
-1156
-1183
-1174
-1126
-1050
-965
-873
-760
-630
-514
-434
-379
-333
-297
-278
-261
-236
-212
-191
-138
-30
91
175
241
342
474
585
657
724
800
854
872
876
889
893
868
837
840
877
915
929
927
927
934
939
928
901
874
848
793
692
570
472
401
325
227
132
66
26
-10
-51
-99
-160
-238
-321
-399
-476
-564
-668
-782
-892
-980
-1037
-1079
-1132
-1205
-1282
-1349
-1415
-1502
-1609
-1718
-1819
-1905
-1966
-1999
-2022
-2067
-2135
-2191
-2207
-2199
-2209
-2256
-2317
-2362
-2370
-2313
-2159
-1906
-1601
-1297
-1004
-727
-523
-476
-598
-792
-947
-1024
-1035
-968
-794
-526
-214
107
426
715
937
1096
1229
1346
1405
1375
1292
1226
1201
1197
1205
1246
1349
1515
1729
1959
2180
2368
2498
2545
2507
2403
2257
2087
1916
1786
1721
1698
1670
1614
1548
1492
1447
1407
1373
1346
1310
1245
1134
970
775
585
430
304
195
105
38
-27
-114
-226
-348
-467
-572
-646
-679
-684
-689
-712
-737
-748
-752
-767
-801
-853
-914
-979
-1039
-1078
-1088
-1065
-1021
-959
-868
-747
-624
-521
-430
-343
-274
-241
-227
-205
-175
-161
-154
-111
-10
119
231
321
409
501
583
652
715
774
821
854
882
912
935
942
939
946
974
1004
1005
976
943
928
926
912
878
839
815
808
788
731
642
549
463
372
270
170
87
16
-51
-100
-128
-157
-214
-283
-341
-398
-481
-584
-683
-780
-892
-1017
-1122
-1188
-1227
-1262
-1298
-1331
-1365
-1411
-1474
-1554
-1663
-1801
-1945
-2055
-2108
-2119
-2122
-2137
-2143
-2124
-2104
-2124
-2182
-2243
-2282
-2290
-2239
-2102
-1880
-1603
-1303
-1003
-738
-544
-447
-454
-555
-696
-791
-782
-705
-624
-530
-343
-38
306
612
868
1097
1297
1446
1520
1504
1409
1283
1188
1166
1211
1293
1390
1511
1676
1885
2093
2242
2314
2345
2360
2337
2249
2114
1965
1813
1669
1570
1528
1504
1464
1417
1380
1340
1286
1231
1174
1085
952
808
689
580
450
307
189
100
11
-93
-211
-342
-471
-565
-617
-656
-697
-727
-739
-749
-758
-758
-752
-758
-778
-800
-831
-890
-977
-1060
-1104
-1103
-1049
-938
-795
-657
-528
-396
-287
-241
-230
-193
-127
-84
-75
-68
-46
-23
6
76
202
357
508
645
765
852
891
887
860
841
864
929
981
984
968
981
1001
989
963
972
1011
1041
1050
1052
1036
975
873
775
713
665
594
497
400
323
255
176
82
-2
-51
-77
-119
-181
-230
-260
-300
-357
-415
-482
-589
-731
-866
-970
-1053
-1121
-1172
-1209
-1244
-1271
-1278
-1282
-1316
-1372
-1415
-1446
-1509
-1618
-1740
-1871
-2036
-2203
-2289
-2272
-2217
-2181
-2145
-2077
-2000
-1962
-1971
-2001
-2026
-2023
-1944
-1755
-1491
-1236
-1031
-847
-652
-485
-420
-483
-609
-691
-681
-600
-474
-293
-45
240
518
765
969
1111
1184
1217
1253
1312
1365
1375
1341
1310
1328
1396
1471
1538
1634
1801
2007
2168
2235
2237
2206
2135
2016
1875
1751
1652
1569
1501
1450
1411
1365
1303
1232
1174
1136
1093
1016
907
798
705
605
470
318
193
100
6
-105
-210
-294
-363
-428
-490
-554
-625
-698
-756
-790
-800
-784
-747
-717
-723
-766
-819
-867
-912
-940
-925
-867
-798
-739
-679
-612
-555
-513
-455
-348
-204
-69
24
78
106
111
110
131
187
258
333
425
540
644
695
707
735
804
886
952
1005
1048
1060
1031
995
988
998
1004
1013
1040
1058
1035
986
947
915
868
809
765
729
667
575
490
428
360
276
201
149
89
7
-68
-113
-150
-208
-278
-340
-396
-470
-561
-648
-716
-769
-816
-857
-898
-952
-1026
-1116
-1204
-1274
-1319
-1347
-1361
-1356
-1339
-1343
-1398
-1490
-1582
-1655
-1721
-1792
-1866
-1934
-1988
-2025
-2043
-2043
-2023
-1981
-1919
-1855
-1821
-1837
-1894
-1948
-1926
-1772
-1499
-1186
-902
-655
-429
-255
-199
-294
-484
-650
-689
-591
-422
-251
-80
135
411
702
939
1088
1169
1230
1298
1363
1382
1331
1250
1210
1243
1321
1405
1481
1560
1663
1807
1970
2092
2130
2103
2050
1979
1867
1717
1571
1462
1389
1341
1311
1270
1187
1080
999
954
912
862
822
789
722
604
466
336
208
78
-27
-91
-144
-230
-341
-446
-539
-625
-685
-696
-668
-639
-628
-631
-638
-647
-656
-662
-661
-658
-661
-673
-696
-732
-775
-796
-751
-630
-466
-307
-169
-42
68
132
139
125
133
169
221
283
349
395
420
458
537
634
711
763
814
876
934
965
967
956
955
982
1034
1078
1079
1039
986
946
914
878
832
788
764
766
768
740
680
600
510
417
338
273
204
114
25
-38
-84
-144
-217
-276
-315
-357
-403
-434
-454
-502
-579
-646
-689
-743
-832
-931
-1005
-1050
-1081
-1100
-1114
-1145
-1206
-1271
-1310
-1325
-1337
-1343
-1329
-1311
-1313
-1338
-1379
-1446
-1547
-1654
-1715
-1714
-1691
-1694
-1719
-1730
-1718
-1709
-1720
-1728
-1716
-1700
-1693
-1665
-1571
-1410
-1225
-1035
-815
-547
-274
-83
-25
-88
-214
-345
-441
-484
-464
-363
-167
112
431
735
980
1143
1234
1293
1351
1392
1371
1280
1169
1104
1111
1157
1201
1245
1326
1472
1658
1818
1905
1918
1884
1816
1722
1616
1499
1361
1216
1117
1094
1103
1076
1005
941
908
878
826
769
724
669
583
488
412
336
227
96
-13
-81
-132
-189
-246
-294
-349
-430
-518
-579
-596
-583
-550
-499
-435
-383
-363
-379
-423
-481
-534
-562
-562
-544
-519
-484
-436
-382
-327
-256
-156
-35
84
185
269
333
361
348
312
282
278
300
344
409
493
574
634
678
728
789
840
869
891
921
937
914
865
829
819
811
795
786
782
750
682
617
588
574
539
493
472
470
440
363
274
197
117
21
-70
-133
-185
-248
-314
-355
-370
-381
-396
-405
-417
-453
-514
-570
-612
-656
-710
-756
-777
-792
-831
-892
-952
-1000
-1041
-1074
-1086
-1082
-1080
-1089
-1096
-1097
-1098
-1105
-1109
-1101
-1089
-1101
-1151
-1232
-1318
-1389
-1434
-1456
-1471
-1491
-1507
-1494
-1448
-1396
-1375
-1389
-1400
-1388
-1372
-1374
-1360
-1259
-1046
-757
-448
-158
71
178
128
-40
-248
-442
-586
-631
-526
-279
38
348
625
872
1077
1213
1265
1250
1201
1140
1069
979
868
772
749
826
974
1142
1307
1472
1628
1740
1784
1762
1686
1558
1396
1245
1139
1066
995
938
933
974
999
961
876
791
725
677
648
633
605
542
447
340
232
122
22
-45
-69
-70
-82
-127
-215
-332
-443
-512
-520
-469
-383
-299
-249
-233
-236
-258
-313
-392
-461
-496
-502
-498
-491
-480
-460
-417
-327
-186
-32
94
174
211
208
174
135
109
97
98
126
187
261
322
369
422
490
557
614
662
700
707
670
613
578
578
588
593
603
627
646
639
610
578
541
488
437
416
414
388
335
294
279
256
201
133
80
38
-17
-84
-147
-205
-258
-297
-312
-317
-332
-357
-375
-386
-399
-419
-455
-511
-567
-605
-630
-665
-708
-741
-753
-751
-747
-747
-760
-787
-810
-818
-829
-871
-930
-967
-985
-1018
-1058
-1059
-1017
-988
-992
-993
-978
-992
-1070
-1178
-1271
-1351
-1435
-1487
-1468
-1406
-1365
-1351
-1317
-1263
-1247
-1300
-1368
-1375
-1292
-1124
-880
-583
-294
-77
52
114
104
-17
-243
-470
-577
-532
-388
-204
4
236
476
711
923
1081
1166
1193
1199
1198
1162
1071
946
827
745
732
812
972
1154
1320
1479
1631
1740
1765
1701
1579
1434
1287
1151
1042
977
953
945
922
885
859
849
823
761
703
693
708
687
617
522
407
270
145
76
51
15
-48
-110
-158
-221
-317
-419
-490
-517
-489
-401
-292
-225
-215
-220
-219
-241
-304
-385
-459
-526
-580
-598
-570
-522
-469
-390
-251
-75
73
151
179
188
190
178
148
114
91
81
83
98
139
204
279
356
444
540
619
659
658
635
612
599
580
537
476
434
432
453
470
492
532
573
578
544
501
458
399
329
287
285
287
263
219
165
100
35
-14
-51
-96
-151
-190
-199
-201
-227
-269
-300
-312
-317
-328
-348
-386
-450
-531
-607
-656
-674
-678
-686
-686
-655
-612
-602
-631
-666
-688
-712
-747
-779
-811
-861
-922
-949
-928
-905
-920
-934
-900
-850
-844
-874
-892
-909
-981
-1112
-1237
-1308
-1342
-1364
-1356
-1291
-1184
-1091
-1050
-1060
-1106
-1179
-1259
-1293
-1221
-1034
-786
-531
-280
-29
171
244
163
-26
-254
-447
-525
-460
-311
-150
38
306
626
884
1017
1069
1099
1111
1093
1068
1039
956
812
701
717
832
948
1042
1167
1351
1546
1678
1717
1670
1560
1422
1299
1211
1138
1049
960
916
930
963
970
945
915
889
857
808
751
689
612
520
430
350
259
145
35
-27
-34
-12
5
-9
-68
-170
-300
-427
-519
-552
-523
-442
-322
-187
-86
-74
-162
-308
-454
-571
-646
-661
-614
-539
-465
-377
-265
-169
-127
-104
-45
42
105
125
120
89
28
-31
-35
16
74
120
196
317
427
482
499
509
512
502
496
501
506
504
506
523
551
579
597
597
583
575
580
574
530
468
431
419
396
355
331
331
324
299
278
261
221
143
56
-10
-62
-113
-146
-144
-122
-110
-109
-113
-136
-199
-281
-342
-375
-407
-449
-486
-506
-526
-557
-583
-580
-559
-544
-531
-500
-463
-467
-530
-615
-688
-750
-811
-851
-853
-835
-823
-810
-775
-733
-722
-746
-771
-779
-791
-835
-904
-978
-1052
-1122
-1177
-1207
-1206
-1182
-1146
-1111
-1075
-1040
-1025
-1057
-1133
-1222
-1282
-1284
-1201
-1014
-744
-440
-150
99
266
298
180
-33
-267
-475
-608
-607
-470
-262
-41
206
490
760
944
1043
1109
1162
1165
1102
999
882
751
627
567
598
703
849
1029
1237
1440
1594
1664
1648
1570
1452
1302
1132
975
871
833
841
871
913
949
952
912
858
806
739
646
562
518
493
441
359
280
224
180
141
114
96
59
-14
-114
-229
-356
-483
-567
-572
-501
-393
-277
-169
-90
-70
-122
-227
-353
-479
-588
-656
-664
-618
-547
-468
-374
-260
-146
-63
-17
9
31
39
17
-29
-70
-87
-87
-72
-19
89
215
308
365
421
485
515
490
448
428
417
387
364
389
447
494
534
605
696
752
748
714
677
625
551
476
416
364
320
306
330
356
359
352
356
357
337
295
243
182
109
33
-31
-74
-101
-119
-133
-144
-151
-162
-194
-254
-314
-347
-365
-404
-462
-505
-523
-543
-572
-583
-568
-559
-583
-622
-649
-673
-715
-762
-787
-795
-808
-817
-799
-766
-749
-750
-742
-728
-746
-803
-862
-891
-909
-941
-970
-970
-955
-963
-994
-1026
-1051
-1084
-1126
-1153
-1149
-1121
-1079
-1029
-987
-983
-1026
-1090
-1143
-1161
-1114
-967
-714
-401
-92
163
332
383
294
91
-148
-335
-425
-409
-298
-105
148
411
627
768
857
925
985
1031
1067
1090
1074
990
854
727
656
647
697
818
1005
1211
1384
1501
1552
1520
1414
1279
1160
1053
937
829
772
776
803
822
832
835
813
759
698
651
608
547
468
389
320
245
151
45
-40
-71
-45
5
37
23
-41
-143
-268
-392
-488
-535
-527
-460
-351
-242
-186
-204
-276
-363
-440
-491
-515
-517
-513
-508
-491
-453
-399
-334
-252
-144
-22
82
135
125
67
-9
-73
-111
-111
-69
11
103
186
256
317
362
381
388
410
446
471
472
471
482
490
484
485
512
550
568
574
597
632
638
601
556
525
491
442
399
385
388
382
372
374
378
354
297
233
181
136
92
51
14
-21
-52
-75
-91
-108
-134
-168
-203
-228
-246
-273
-330
-410
-482
-523
-542
-554
-554
-540
-542
-578
-624
-645
-646
-662
-689
-689
-652
-619
-625
-663
-700
-728
-748
-744
-714
-685
-688
-719
-748
-760
-764
-771
-781
-786
-776
-747
-709
-692
-721
-787
-860
-920
-965
-1000
-1035
-1065
-1063
-1003
-908
-841
-837
-872
-907
-950
-1017
-1070
-1044
-915
-706
-427
-87
235
416
415
307
177
32
-143
-297
-347
-281
-154
-5
163
340
503
666
860
1062
1190
1198
1127
1038
945
831
712
634
619
656
737
862
1016
1156
1252
1318
1373
1408
1379
1265
1100
944
828
742
683
671
713
766
778
741
688
630
550
454
383
358
349
319
267
200
112
11
-56
-49
4
34
15
-29
-84
-173
-299
-423
-508
-553
-558
-504
-388
-262
-186
-165
-163
-160
-181
-247
-338
-410
-440
-435
-409
-375
-335
-283
-213
-124
-26
66
135
180
210
229
231
204
157
122
117
135
157
181
215
263
321
389
461
515
531
524
523
535
531
501
470
468
491
513
525
531
530
518
506
509
521
512
472
419
379
348
310
267
236
223
217
208
199
185
150
90
27
-16
-43
-74
-112
-143
-166
-199
-245
-284
-300
-304
-311
-318
-318
-327
-365
-423
-475
-516
-558
-594
-603
-582
-569
-584
-605
-600
-580
-570
-569
-558
-541
-539
-556
-564
-551
-537
-536
-534
-517
-497
-501
-526
-547
-555
-563
-580
-595
-593
-577
-558
-543
-539
-563
-618
-680
-719
-737
-767
-825
-878
-882
-842
-805
-798
-803
-797
-796
-823
-880
-948
-1009
-1030
-944
-702
-351
-12
224
350
386
321
137
-128
-388
-565
-611
-511
-299
-52
153
315
479
653
791
861
886
903
905
864
769
641
504
393
358
437
612
819
1001
1146
1256
1327
1340
1288
1190
1077
977
890
807
731
685
683
713
749
779
796
785
737
666
600
545
489
424
356
282
205
140
113
117
124
116
108
102
67
-25
-161
-298
-410
-484
-501
-451
-353
-251
-171
-108
-62
-61
-125
-236
-347
-421
-452
-452
-443
-434
-418
-381
-316
-237
-159
-86
-17
48
104
144
156
132
80
25
-5
-1
35
93
158
219
275
334
386
416
421
424
445
481
513
530
528
508
479
467
487
528
561
571
567
559
546
526
502
477
451
433
432
435
414
362
304
265
244
225
204
181
146
93
39
7
-11
-37
-74
-99
-105
-116
-149
-195
-241
-291
-346
-388
-401
-404
-430
-475
-507
-512
-516
-538
-566
-583
-591
-605
-619
-627
-641
-671
-703
-700
-656
-602
-567
-544
-521
-502
-500
-508
-514
-520
-542
-573
-591
-591
-594
-616
-635
-621
-575
-525
-491
-469
-458
-470
-511
-560
-596
-623
-663
-714
-747
-745
-718
-694
-682
-679
-688
-711
-746
-788
-850
-942
-1040
-1082
-1022
-863
-635
-363
-71
195
380
452
406
245
-6
-278
-477
-553
-531
-464
-361
-200
27
283
522
718
864
957
1004
1010
967
859
690
509
381
339
378
465
581
719
874
1031
1156
1215
1197
1130
1056
1000
952
887
797
703
643
633
651
665
660
645
627
600
561
516
474
428
379
345
335
333
306
253
199
160
119
52
-41
-144
-253
-358
-438
-472
-463
-428
-372
-291
-196
-116
-74
-76
-119
-199
-296
-382
-439
-482
-523
-551
-539
-479
-388
-282
-163
-28
101
193
231
216
162
86
14
-25
-16
31
98
169
236
293
334
359
378
399
428
464
504
544
576
588
582
567
556
554
563
585
616
645
658
652
630
590
535
482
454
463
491
515
525
526
515
481
417
325
222
124
43
-17
-64
-106
-138
-144
-119
-79
-50
-46
-66
-98
-141
-198
-276
-377
-486
-576
-633
-663
-686
-705
-709
-693
-659
-621
-591
-582
-600
-631
-655
-670
-693
-731
-766
-779
-769
-750
-722
-685
-641
-596
-546
-482
-421
-395
-414
-457
-498
-530
-551
-554
-533
-497
-459
-417
-369
-336
-341
-374
-401
-402
-394
-406
-439
-475
-500
-514
-522
-526
-534
-551
-573
-588
-592
-603
-645
-723
-819
-913
-987
-1023
-993
-868
-642
-342
-20
267
459
508
400
171
-112
-381
-590
-701
-698
-592
-419
-206
34
280
492
643
750
847
924
933
841
667
469
299
193
175
243
370
533
723
933
1122
1235
1252
1206
1148
1100
1051
976
872
763
685
663
691
735
758
754
742
746
763
758
707
622
536
473
427
387
351
318
287
262
255
261
240
156
22
-107
-196
-257
-306
-339
-341
-312
-261
-190
-116
-76
-101
-176
-250
-300
-348
-415
-491
-547
-564
-538
-469
-372
-274
-192
-113
-13
92
155
145
83
19
-20
-36
-42
-35
-10
42
124
231
341
421
455
465
488
535
577
588
572
558
565
586
608
623
632
638
649
676
707
719
699
667
648
643
632
603
567
538
518
504
495
485
458
402
322
234
150
70
-1
-55
-81
-85
-76
-66
-62
-73
-108
-166
-236
-304
-373
-454
-547
-631
-684
-700
-695
-685
-677
-673
-670
-667
-667
-680
-714
-759
-795
-807
-805
-811
-825
-828
-800
-749
-698
-664
-645
-634
-623
-608
-590
-573
-563
-557
-540
-503
-455
-416
-390
-363
-328
-294
-276
-276
-285
-302
-322
-333
-317
-281
-249
-236
-235
-232
-231
-241
-264
-294
-332
-375
-411
-433
-459
-512
-593
-665
-699
-704
-719
-762
-811
-816
-739
-569
-331
-72
161
339
441
442
311
50
-275
-555
-705
-703
-594
-434
-257
-73
117
306
476
608
696
750
786
795
745
616
434
263
164
159
237
372
537
706
858
986
1085
1142
1143
1098
1031
961
891
820
750
694
660
657
686
736
773
765
712
645
594
566
547
523
491
457
426
404
387
363
323
272
226
182
115
-1
-159
-317
-429
-474
-454
-390
-307
-229
-169
-129
-110
-124
-183
-273
-363
-425
-462
-491
-519
-538
-535
-497
-415
-297
-167
-59
16
68
108
124
101
47
-6
-27
-5
50
123
193
247
291
342
406
464
495
501
508
532
568
598
617
634
654
684
723
764
788
783
757
732
716
692
645
582
524
486
466
457
456
457
453
441
426
403
358
281
184
93
19
-45
-107
-158
-191
-209
-226
-251
-283
-325
-379
-437
-488
-533
-580
-631
-674
-699
-714
-734
-758
-776
-784
-793
-813
-838
-862
-883
-899
-908
-907
-901
-888
-854
-787
-698
-615
-555
-514
-485
-475
-491
-526
-557
-566
-551
-513
-457
-391
-328
-267
-200
-122
-52
-6
17
29
30
9
-38
-89
-125
-140
-144
-132
-96
-37
25
71
94
89
56
2
-61
-129
-216
-321
-420
-479
-497
-506
-537
-583
-619
-641
-674
-740
-832
-911
-923
-829
-626
-365
-118
72
200
265
235
70
-210
-516
-744
-840
-811
-698
-541
-365
-174
33
242
416
522
580
638
711
749
689
530
333
168
84
95
201
377
583
796
1002
1177
1276
1272
1193
1104
1040
991
937
881
839
817
811
825
859
889
887
851
808
777
743
688
622
571
541
517
491
471
453
418
362
301
246
179
76
-57
-186
-293
-375
-429
-435
-392
-328
-273
-234
-208
-207
-250
-325
-400
-457
-503
-550
-590
-616
-631
-638
-618
-545
-423
-290
-175
-78
9
70
82
51
8
-24
-42
-46
-21
34
93
138
183
257
350
429
482
533
600
665
700
709
711
707
689
670
677
713
746
755
753
756
749
710
646
592
563
544
526
517
523
523
498
459
426
392
330
238
146
71
-1
-88
-175
-240
-280
-311
-333
-335
-327
-335
-368
-405
-432
-474
-555
-655
-733
-779
-819
-863
-894
-897
-885
-870
-845
-803
-767
-764
-785
-799
-798
-804
-824
-832
-801
-746
-696
-654
-604
-538
-475
-425
-381
-337
-307
-305
-319
-320
-299
-267
-227
-162
-64
41
122
175
219
253
257
224
181
149
123
91
62
51
50
45
45
74
137
199
233
240
223
172
74
-60
-198
-331
-454
-556
-609
-618
-618
-643
-684
-713
-729
-760
-824
-908
-985
-1030
-1012
-906
-722
-512
-329
-186
-72
-12
-59
-232
-474
-697
-848
-918
-910
-826
-682
-502
-289
-44
202
389
496
557
613
649
618
510
370
252
188
189
262
396
566
749
938
1126
1280
1364
1377
1349
1309
1256
1182
1094
1017
970
954
965
997
1035
1053
1036
992
937
880
817
753
700
661
621
571
520
479
440
388
329
276
222
142
27
-109
-243
-367
-470
-529
-526
-477
-415
-362
-320
-299
-318
-383
-473
-558
-631
-699
-761
-804
-821
-821
-808
-763
-669
-539
-403
-283
-177
-90
-43
-47
-77
-101
-110
-112
-101
-64
-5
53
102
162
243
332
411
488
575
663
730
774
804
819
807
771
737
723
729
747
777
815
844
849
834
810
778
731
676
632
606
583
545
489
428
374
331
296
263
224
166
82
-20
-128
-237
-347
-444
-503
-513
-494
-477
-475
-483
-501
-539
-597
-661
-716
-762
-808
-858
-910
-966
-1023
-1064
-1069
-1037
-984
-929
-875
-818
-760
-709
-669
-631
-583
-523
-472
-446
-446
-458
-472
-481
-476
-449
-403
-345
-269
-169
-52
58
148
225
294
345
368
367
353
333
310
294
289
289
285
286
305
338
365
380
396
417
430
418
383
331
263
186
107
35
-37
-116
-193
-250
-290
-333
-403
-496
-589
-658
-703
-742
-795
-868
-948
-1021
-1081
-1131
-1182
-1226
-1234
-1165
-999
-768
-534
-354
-249
-218
-263
-386
-579
-802
-992
-1085
-1050
-907
-707
-497
-296
-102
90
274
435
553
623
660
675
663
605
506
408
360
390
497
667
869
1068
1236
1370
1467
1521
1520
1471
1393
1308
1231
1174
1141
1121
1103
1089
1089
1098
1096
1067
1010
930
840
759
700
656
603
532
462
413
377
331
260
168
59
-60
-184
-312
-446
-577
-683
-736
-725
-666
-586
-513
-465
-448
-462
-511
-593
-698
-801
-882
-934
-960
-964
-945
-897
-816
-701
-562
-417
-287
-187
-120
-79
-58
-56
-69
-85
-84
-47
20
102
184
265
339
401
453
506
562
615
662
715
780
840
878
896
905
913
913
908
899
886
861
829
798
767
732
697
668
642
613
584
562
543
511
459
396
321
229
121
9
-95
-196
-292
-371
-420
-450
-474
-494
-504
-506
-518
-555
-616
-691
-769
-841
-904
-961
-1016
-1063
-1089
-1087
-1059
-1016
-971
-932
-895
-858
-825
-806
-805
-813
-809
-780
-726
-655
-580
-507
-431
-352
-278
-219
-176
-143
-113
-82
-46
1
58
117
180
259
355
447
515
557
580
588
577
553
529
511
496
490
505
537
570
592
599
591
572
543
500
434
341
236
142
66
2
-53
-95
-131
-166
-199
-222
-253
-323
-439
-575
-702
-819
-938
-1060
-1166
-1249
-1306
-1336
-1344
-1358
-1401
-1463
-1504
-1490
-1415
-1289
-1121
-919
-706
-517
-395
-372
-457
-623
-811
-965
-1049
-1059
-999
-872
-677
-433
-174
65
269
444
597
729
833
892
888
822
724
643
606
614
667
780
959
1175
1381
1550
1672
1736
1740
1699
1641
1575
1494
1402
1322
1270
1244
1225
1206
1184
1153
1110
1053
984
906
827
751
675
601
534
475
413
340
262
191
116
13
-121
-269
-414
-559
-697
-806
-869
-887
-872
-818
-733
-648
-600
-604
-641
-696
-767
-849
-927
-988
-1031
-1050
-1033
-976
-888
-782
-662
-526
-386
-258
-158
-89
-45
-23
-14
-6
14
51
99
156
226
310
395
467
530
598
676
749
812
875
937
980
991
982
971
957
933
909
907
923
931
916
889
862
831
787
736
685
635
582
529
479
426
364
292
216
147
89
33
-40
-135
-238
-328
-403
-476
-546
-597
-627
-649
-674
-694
-712
-742
-785
-822
-840
-854
-891
-944
-988
-1007
-1008
-996
-970
-933
-899
-871
-837
-796
-759
-736
-711
-664
-589
-497
-403
-312
-229
-161
-107
-62
-23
4
10
4
3
22
58
107
177
276
396
512
610
692
754
778
758
714
669
619
557
492
447
423
404
392
410
463
523
558
564
543
492
407
294
168
37
-95
-213
-300
-350
-376
-398
-431
-478
-527
-569
-614
-682
-772
-869
-963
-1057
-1151
-1238
-1318
-1401
-1488
-1556
-1594
-1620
-1653
-1679
-1658
-1569
-1416
-1211
-970
-727
-524
-387
-323
-338
-439
-610
-793
-921
-956
-893
-750
-553
-333
-107
122
356
580
771
918
1022
1094
1130
1117
1049
947
854
807
827
917
1062
1230
1386
1512
1615
1695
1732
1713
1653
1588
1529
1467
1400
1334
1269
1194
1111
1039
985
933
865
785
706
634
563
497
435
371
299
219
138
61
-11
-80
-161
-268
-400
-543
-685
-823
-948
-1033
-1055
-1023
-957
-872
-784
-723
-705
-714
-724
-739
-774
-828
-876
-902
-907
-896
-867
-819
-750
-650
-508
-335
-169
-38
56
124
170
201
221
237
257
291
350
428
502
552
585
622
676
746
821
892
951
1000
1040
1063
1060
1034
1000
970
952
945
946
944
923
880
825
762
683
591
510
455
417
373
317
254
188
125
72
30
-9
-53
-108
-179
-273
-388
-511
-625
-724
-799
-836
-840
-833
-829
-820
-798
-777
-778
-795
-808
-816
-839
-881
-920
-942
-954
-960
-946
-901
-836
-770
-705
-634
-558
-486
-424
-370
-316
-263
-211
-160
-104
-42
23
81
127
164
202
238
263
283
313
363
428
499
571
631
669
687
698
706
702
677
641
605
571
534
497
468
445
431
435
460
482
477
435
372
299
217
118
7
-103
-199
-281
-359
-431
-487
-519
-535
-549
-569
-601
-665
-770
-892
-988
-1059
-1139
-1243
-1336
-1386
-1411
-1450
-1503
-1543
-1568
-1596
-1628
-1644
-1646
-1650
-1639
-1551
-1354
-1083
-802
-547
-323
-149
-63
-87
-213
-403
-598
-730
-743
-638
-454
-231
11
269
535
784
986
1128
1226
1304
1363
1385
1348
1256
1135
1025
968
989
1075
1187
1308
1450
1607
1741
1810
1808
1755
1664
1544
1427
1342
1283
1217
1129
1042
966
883
778
666
575
506
442
377
320
270
211
130
40
-34
-89
-147
-226
-319
-414
-517
-646
-797
-940
-1052
-1133
-1176
-1161
-1082
-973
-876
-798
-729
-675
-660
-685
-721
-750
-781
-821
-849
-848
-822
-779
-704
-579
-415
-242
-75
87
229
327
373
387
394
400
407
426
470
537
612
682
743
795
834
860
885
923
973
1018
1045
1054
1058
1054
1037
1008
986
975
962
929
878
817
743
653
560
483
426
377
336
309
292
266
220
157
85
10
-70
-157
-252
-353
-456
-552
-634
-696
-738
-759
-765
-757
-732
-700
-684
-702
-744
-794
-843
-891
-929
-945
-946
-949
-948
-922
-869
-812
-760
-699
-622
-548
-499
-470
-451
-443
-445
-434
-385
-302
-204
-100
13
129
228
301
349
370
361
336
318
315
321
339
377
435
504
582
670
761
828
857
855
831
779
697
603
515
441
381
341
326
332
349
376
413
446
453
419
349
250
129
-2
-129
-247
-355
-449
-519
-561
-584
-601
-618
-638
-665
-710
-780
-866
-954
-1038
-1120
-1198
-1263
-1310
-1346
-1387
-1434
-1476
-1512
-1554
-1602
-1644
-1668
-1680
-1673
-1618
-1487
-1281
-1029
-760
-493
-252
-80
-9
-40
-153
-307
-457
-559
-588
-536
-409
-217
19
281
547
800
1028
1224
1387
1505
1555
1515
1395
1241
1101
1006
970
995
1076
1198
1346
1497
1623
1699
1720
1696
1647
1582
1508
1428
1336
1232
1124
1026
945
870
789
705
628
555
479
396
310
230
153
77
5
-56
-103
-147
-198
-256
-319
-393
-497
-635
-787
-923
-1035
-1121
-1173
-1172
-1121
-1043
-955
-858
-758
-680
-635
-612
-595
-590
-612
-657
-707
-747
-769
-752
-677
-550
-392
-213
-22
160
299
388
443
473
478
467
469
498
537
568
603
658
726
789
847
910
976
1028
1061
1081
1087
1068
1022
966
920
893
883
885
886
878
859
829
775
687
575
464
373
297
231
177
134
92
46
9
-16
-42
-90
-159
-238
-320
-414
-524
-639
-740
-815
-859
-871
-857
-830
-802
-779
-764
-760
-768
-784
-805
-829
-854
-874
-884
-883
-871
-847
-800
-728
-639
-551
-472
-406
-355
-327
-317
-310
-288
-252
-211
-160
-84
16
123
221
308
385
439
462
461
457
463
472
478
485
504
537
582
630
677
717
745
758
758
749
730
692
632
559
492
441
400
356
309
269
242
222
201
175
145
105
54
-6
-75
-155
-246
-342
-435
-521
-598
-670
-739
-803
-857
-897
-927
-953
-982
-1013
-1043
-1078
-1127
-1194
-1275
-1354
-1419
-1467
-1501
-1521
-1529
-1535
-1551
-1572
-1581
-1569
-1542
-1495
-1394
-1215
-973
-710
-451
-206
-4
110
116
42
-71
-198
-313
-368
-328
-207
-45
144
370
622
859
1054
1218
1364
1487
1568
1596
1565
1468
1321
1172
1070
1035
1056
1125
1241
1388
1533
1644
1698
1684
1609
1500
1387
1285
1185
1081
975
878
793
716
643
566
485
410
345
279
199
110
20
-73
-171
-260
-323
-366
-407
-457
-498
-529
-575
-656
-763
-873
-982
-1087
-1166
-1185
-1147
-1083
-1018
-942
-847
-756
-697
-673
-657
-638
-618
-601
-579
-550
-526
-510
-480
-414
-314
-200
-81
54
204
349
459
529
569
592
605
619
648
692
733
765
798
838
875
903
928
961
1000
1032
1050
1058
1053
1025
974
917
867
829
799
775
757
733
690
627
551
469
380
284
189
106
40
-16
-72
-125
-171
-208
-243
-279
-317
-363
-428
-520
-629
-739
-836
-913
-958
-961
-925
-873
-826
-791
-772
-772
-796
-842
-897
-942
-964
-956
-919
-859
-786
-714
-652
-596
-536
-471
-416
-381
-355
-326
-295
-273
-255
-224
-171
-99
-6
115
256
386
482
547
591
608
589
549
512
490
478
480
500
533
569
611
665
731
790
833
863
876
856
799
714
616
512
414
338
285
246
213
190
176
161
132
99
69
37
-5
-56
-122
-210
-318
-425
-515
-599
-691
-783
-855
-905
-945
-977
-993
-1000
-1021
-1056
-1083
-1094
-1116
-1174
-1258
-1342
-1415
-1482
-1538
-1570
-1583
-1595
-1610
-1608
-1576
-1529
-1488
-1446
-1367
-1224
-1017
-772
-524
-301
-123
-4
55
58
5
-101
-225
-308
-302
-206
-56
114
300
510
740
974
1190
1365
1487
1555
1582
1570
1504
1378
1220
1084
1009
1006
1064
1172
1305
1438
1549
1624
1653
1628
1554
1447
1330
1212
1092
971
860
769
694
619
539
462
402
352
295
220
133
41
-53
-146
-230
-297
-356
-412
-458
-484
-504
-544
-622
-724
-829
-926
-1015
-1091
-1137
-1142
-1104
-1035
-949
-863
-788
-727
-679
-636
-596
-565
-553
-558
-565
-563
-551
-524
-472
-385
-261
-114
46
204
339
437
503
552
589
610
627
654
692
724
746
773
811
849
878
911
953
991
1012
1025
1042
1048
1023
973
925
891
861
830
798
763
717
660
601
539
463
373
283
204
132
65
11
-31
-71
-114
-153
-190
-236
-297
-363
-425
-494
-582
-676
-755
-816
-868
-905
-918
-904
-877
-845
-811
-781
-767
-769
-777
-781
-787
-798
-807
-803
-788
-762
-725
-678
-625
-568
-503
-428
-354
-289
-237
-187
-133
-77
-23
24
71
126
191
256
312
357
401
445
484
514
536
551
559
563
574
597
624
647
669
697
729
749
746
723
688
646
600
551
497
442
388
339
298
268
247
229
209
186
158
125
79
19
-55
-138
-228
-320
-406
-488
-569
-645
-705
-747
-781
-818
-852
-876
-894
-919
-954
-996
-1043
-1098
-1156
-1206
-1245
-1290
-1351
-1415
-1457
-1469
-1462
-1455
-1452
-1447
-1434
-1419
-1403
-1382
-1347
-1285
-1176
-999
-759
-494
-251
-58
82
169
187
134
39
-57
-123
-143
-106
-14
121
291
495
729
971
1191
1372
1511
1599
1620
1575
1484
1362
1220
1092
1021
1025
1082
1164
1262
1368
1458
1509
1524
1514
1474
1388
1267
1146
1043
951
859
768
682
604
538
488
441
376
283
175
70
-32
-130
-218
-292
-357
-408
-429
-418
-401
-411
-459
-533
-618
-715
-823
-931
-1027
-1096
-1129
-1120
-1072
-994
-898
-797
-704
-619
-537
-465
-421
-412
-421
-427
-427
-427
-420
-388
-319
-218
-87
68
227
361
457
528
591
644
669
668
663
675
708
752
796
839
881
922
959
991
1016
1025
1013
979
934
892
853
818
791
782
789
800
802
789
754
692
604
498
385
270
160
60
-26
-98
-155
-190
-204
-208
-213
-220
-231
-258
-312
-391
-480
-571
-671
-778
-874
-936
-960
-957
-935
-896
-844
-789
-744
-717
-702
-699
-715
-746
-775
-785
-773
-750
-720
-675
-605
-521
-438
-364
-297
-238
-191
-154
-121
-85
-43
7
67
138
217
299
379
451
511
556
582
587
576
566
564
562
558
566
601
655
706
746
783
814
826
810
774
728
672
608
540
475
412
357
316
291
270
247
225
198
160
112
61
9
-54
-131
-207
-269
-331
-405
-487
-556
-611
-666
-723
-771
-809
-851
-904
-963
-1015
-1054
-1080
-1093
-1102
-1119
-1145
-1172
-1204
-1252
-1312
-1366
-1406
-1437
-1462
-1468
-1446
-1411
-1383
-1364
-1339
-1302
-1263
-1212
-1122
-968
-759
-524
-288
-70
110
232
281
260
190
100
24
-10
15
97
220
366
528
706
894
1072
1230
1366
1480
1559
1586
1553
1468
1353
1239
1155
1115
1115
1146
1206
1285
1361
1409
1420
1402
1359
1295
1223
1155
1086
999
894
798
728
667
591
500
406
320
235
145
52
-43
-143
-242
-320
-367
-389
-401
-411
-421
-431
-453
-497
-569
-656
-748
-836
-915
-980
-1021
-1027
-996
-937
-864
-786
-703
-614
-525
-454
-409
-382
-362
-352
-359
-371
-365
-326
-259
-172
-63
65
193
301
387
458
517
557
579
597
622
658
700
744
784
823
863
906
945
972
988
990
971
929
874
826
792
766
751
754
774
800
816
814
782
709
598
472
353
251
160
76
1
-64
-111
-135
-143
-152
-171
-193
-213
-241
-289
-359
-449
-552
-658
-746
-805
-837
-852
-852
-835
-808
-786
-769
-755
-751
-759
-771
-770
-760
-751
-748
-737
-711
-675
-634
-583
-521
-458
-405
-357
-312
-277
-258
-242
-206
-146
-78
-12
56
138
227
309
371
416
449
468
468
453
444
455
481
510
541
583
636
684
721
753
779
790
773
732
680
621
555
489
438
408
392
387
395
406
406
384
342
284
212
128
43
-36
-109
-180
-245
-297
-335
-370
-410
-453
-487
-512
-545
-602
-685
-776
-859
-932
-989
-1022
-1033
-1044
-1067
-1092
-1096
-1089
-1105
-1158
-1223
-1277
-1319
-1362
-1404
-1432
-1442
-1442
-1429
-1400
-1363
-1337
-1323
-1291
-1210
-1074
-904
-717
-525
-338
-172
-45
36
65
42
-17
-74
-83
-37
35
106
183
290
435
601
764
918
1059
1185
1295
1385
1431
1408
1324
1227
1163
1140
1134
1140
1161
1198
1240
1282
1328
1364
1367
1333
1284
1237
1183
1108
1016
924
834
746
664
598
543
484
409
321
228
139
54
-26
-103
-176
-236
-278
-304
-320
-334
-357
-394
-447
-510
-580
-657
-739
-815
-873
-905
-909
-888
-854
-814
-771
-716
-652
-590
-538
-490
-443
-407
-394
-397
-401
-392
-365
-315
-238
-144
-51
32
106
175
235
291
352
416
474
519
563
609
651
677
693
714
748
786
817
840
853
856
846
823
790
755
729
719
719
723
726
723
707
675
630
574
508
436
365
299
232
157
77
0
-65
-117
-154
-182
-206
-228
-247
-267
-299
-349
-414
-480
-547
-614
-675
-720
-746
-765
-783
-797
-806
-809
-805
-793
-772
-748
-727
-713
-704
-696
-681
-653
-616
-582
-552
-519
-480
-440
-401
-359
-311
-261
-211
-161
-108
-56
-1
60
127
191
247
296
341
379
409
438
468
497
516
527
536
544
552
566
589
614
634
648
664
680
683
669
647
622
590
548
504
468
440
406
356
298
245
203
161
110
60
21
-11
-50
-99
-145
-184
-229
-288
-352
-409
-469
-547
-634
-706
-763
-820
-880
-923
-941
-950
-965
-984
-1000
-1016
-1040
-1068
-1094
-1131
-1191
-1262
-1316
-1346
-1367
-1389
-1399
-1391
-1373
-1354
-1328
-1282
-1229
-1191
-1159
-1090
-950
-757
-562
-395
-250
-118
-17
31
33
16
-2
-12
5
65
156
237
292
355
467
622
783
930
1068
1194
1288
1334
1335
1297
1228
1152
1109
1117
1154
1180
1183
1179
1187
1201
1210
1210
1204
1193
1179
1160
1128
1075
995
895
795
714
654
606
554
490
408
309
205
115
48
-9
-76
-147
-199
-220
-229
-247
-279
-313
-351
-396
-447
-500
-559
-629
-701
-750
-767
-768
-777
-790
-786
-748
-682
-613
-556
-506
-454
-406
-374
-360
-351
-335
-312
-281
-233
-163
-86
-23
27
80
140
198
242
281
325
379
440
500
548
581
605
632
670
713
750
780
801
804
789
763
739
718
697
678
669
671
678
684
685
680
662
626
572
509
442
373
302
232
165
105
50
-4
-52
-88
-115
-140
-172
-208
-248
-294
-347
-405
-462
-513
-555
-586
-611
-641
-674
-697
-705
-708
-720
-736
-744
-744
-744
-741
-727
-700
-674
-653
-624
-581
-534
-493
-462
-435
-414
-403
-395
-378
-352
-319
-277
-222
-153
-82
-12
66
157
249
320
359
373
383
397
410
413
410
416
441
478
517
549
574
595
621
651
677
690
685
667
641
607
571
540
514
487
458
434
414
383
333
271
213
162
109
53
2
-41
-85
-132
-173
-206
-243
-290
-341
-388
-434
-487
-550
-619
-692
-760
-814
-848
-871
-898
-933
-960
-974
-981
-998
-1028
-1064
-1100
-1136
-1177
-1222
-1261
-1289
-1310
-1323
-1324
-1311
-1291
-1269
-1240
-1195
-1138
-1080
-1011
-908
-757
-578
-410
-277
-179
-105
-47
-4
15
5
-18
-16
32
112
187
243
298
376
483
611
749
886
1005
1088
1134
1150
1147
1128
1097
1069
1060
1076
1103
1122
1127
1129
1132
1131
1122
1115
1120
1125
1107
1059
998
940
886
830
774
723
677
627
573
516
453
376
286
194
115
53
4
-42
-88
-129
-158
-173
-187
-212
-254
-304
-355
-402
-450
-504
-560
-608
-640
-659
-671
-677
-673
-654
-624
-583
-529
-473
-434
-421
-419
-405
-374
-336
-304
-274
-243
-208
-166
-116
-65
-24
6
40
92
157
218
262
293
321
355
395
434
469
502
538
575
608
629
639
637
622
604
595
603
619
625
615
598
582
569
554
537
520
503
482
451
409
360
306
246
178
112
61
28
5
-21
-52
-86
-125
-166
-204
-234
-262
-298
-339
-379
-418
-458
-500
-539
-569
-586
-590
-589
-592
-606
-622
-630
-628
-626
-623
-615
-598
-580
-563
-545
-522
-499
-477
-450
-412
-373
-345
-330
-310
-275
-227
-181
-144
-109
-66
-12
45
94
133
166
199
237
282
329
368
395
414
430
446
459
470
487
510
529
536
537
541
549
551
543
533
526
527
526
511
478
431
384
344
303
251
195
145
107
72
36
-2
-42
-83
-122
-155
-183
-217
-262
-317
-376
-435
-493
-546
-596
-646
-693
-727
-748
-770
-808
-860
-910
-949
-982
-1013
-1044
-1078
-1119
-1164
-1196
-1203
-1201
-1218
-1258
-1292
-1288
-1255
-1228
-1221
-1207
-1148
-1037
-895
-747
-606
-483
-390
-325
-270
-220
-192
-197
-214
-209
-170
-117
-69
-22
38
121
225
345
475
601
711
797
856
888
902
912
928
947
962
974
991
1021
1056
1084
1098
1103
1107
1112
1114
1109
1095
1073
1042
1009
983
967
949
916
872
829
793
753
692
615
536
463
389
310
235
176
140
117
96
71
44
12
-32
-85
-137
-182
-230
-288
-352
-408
-450
-485
-520
-546
-554
-545
-527
-504
-479
-458
-452
-459
-469
-471
-461
-439
-402
-359
-320
-289
-260
-227
-195
-168
-141
-101
-52
-8
24
47
73
104
139
180
231
289
346
396
442
480
504
507
496
489
499
517
532
540
551
562
569
567
560
555
554
555
556
548
524
483
434
385
342
303
269
241
214
188
163
138
104
60
14
-24
-53
-83
-121
-165
-210
-253
-292
-323
-348
-371
-394
-410
-416
-418
-432
-459
-493
-523
-547
-559
-558
-545
-530
-524
-522
-512
-490
-463
-440
-420
-395
-365
-337
-313
-294
-278
-267
-256
-232
-192
-150
-117
-90
-52
1
52
91
122
157
197
233
266
297
322
335
341
353
376
398
405
407
419
442
459
459
455
461
475
480
468
448
435
427
408
374
332
294
258
220
179
140
106
78
56
36
9
-34
-92
-148
-187
-211
-238
-281
-336
-391
-438
-477
-515
-554
-598
-643
-682
-706
-721
-745
-794
-862
-926
-965
-987
-1013
-1054
-1098
-1131
-1146
-1151
-1152
-1155
-1158
-1154
-1130
-1082
-1017
-951
-884
-810
-724
-634
-549
-471
-404
-355
-324
-302
-271
-232
-203
-192
-181
-143
-74
3
71
143
237
349
457
545
620
688
737
760
772
796
831
857
864
867
893
941
990
1020
1031
1039
1049
1063
1072
1071
1056
1028
997
972
953
934
911
888
866
842
813
777
734
681
614
539
469
411
363
314
268
231
207
186
157
119
76
31
-17
-68
-119
-171
-228
-288
-341
-381
-407
-425
-437
-440
-435
-428
-421
-412
-402
-402
-416
-430
-427
-406
-383
-372
-365
-344
-310
-280
-262
-246
-222
-189
-158
-131
-102
-72
-49
-33
-10
31
84
136
181
224
266
300
323
339
354
365
368
363
358
362
374
393
412
427
436
444
459
481
492
479
449
418
394
371
340
304
267
234
209
200
204
204
182
142
105
83
63
27
-27
-83
-125
-151
-169
-185
-204
-230
-258
-280
-288
-285
-289
-309
-341
-370
-387
-398
-413
-433
-449
-451
-436
-412
-391
-379
-378
-379
-375
-361
-342
-328
-325
-324
-312
-285
-252
-225
-205
-183
-154
-120
-80
-36
7
38
51
55
67
91
121
145
161
176
195
218
241
264
281
291
298
310
331
351
356
343
326
316
315
315
310
297
275
250
234
230
222
192
144
102
81
71
54
23
-15
-51
-85
-114
-138
-159
-189
-232
-277
-309
-333
-363
-406
-458
-508
-552
-586
-611
-637
-682
-742
-796
-825
-840
-865
-908
-956
-994
-1018
-1030
-1031
-1028
-1029
-1035
-1028
-985
-911
-834
-773
-721
-661
-591
-527
-481
-457
-449
-447
-438
-411
-378
-356
-344
-319
-263
-189
-114
-38
47
131
205
273
349
426
482
508
518
537
572
613
653
688
716
740
767
801
838
870
891
904
917
935
948
948
933
916
908
907
909
912
910
894
858
817
785
762
728
673
607
551
513
486
458
423
381
334
296
275
265
247
208
152
93
38
-16
-70
-120
-164
-205
-240
-264
-276
-284
-299
-318
-333
-338
-333
-327
-330
-343
-359
-366
-356
-336
-322
-323
-331
-326
-302
-270
-254
-256
-261
-254
-235
-210
-180
-146
-115
-88
-52
-2
47
79
96
114
143
172
190
195
191
186
190
206
226
243
260
280
299
313
325
340
351
350
335
315
299
292
287
274
246
211
190
188
192
183
161
136
113
88
64
45
26
0
-33
-63
-84
-95
-105
-118
-136
-154
-170
-186
-205
-229
-258
-286
-309
-323
-330
-334
-337
-339
-342
-338
-322
-296
-273
-264
-269
-275
-275
-276
-285
-302
-317
-318
-297
-259
-226
-210
-200
-175
-130
-81
-37
-4
14
16
16
29
47
49
35
36
69
113
136
139
145
163
184
199
211
226
242
250
245
233
221
213
208
204
201
200
199
187
163
135
115
99
78
49
27
17
11
-2
-20
-36
-57
-85
-112
-120
-119
-137
-184
-233
-263
-283
-316
-363
-404
-437
-467
-495
-517
-539
-574
-616
-651
-677
-705
-740
-774
-804
-830
-843
-836
-823
-834
-865
-870
-809
-705
-618
-587
-589
-565
-498
-427
-402
-424
-451
-447
-414
-375
-348
-335
-331
-315
-266
-186
-109
-61
-27
30
114
196
251
275
284
292
310
348
402
455
485
494
506
544
604
656
681
684
683
692
712
737
757
762
753
752
768
791
798
787
776
773
770
759
738
703
655
603
568
558
558
540
497
453
430
427
418
391
357
325
289
243
195
160
133
95
42
-7
-39
-55
-63
-72
-92
-125
-159
-174
-171
-170
-185
-205
-218
-220
-217
-215
-216
-222
-232
-237
-232
-219
-210
-218
-237
-251
-246
-227
-205
-186
-162
-136
-113
-92
-65
-37
-18
-7
9
27
32
30
36
50
54
41
40
70
115
140
141
146
167
188
190
177
169
175
189
192
179
162
153
153
149
138
126
118
115
110
98
80
67
61
57
44
19
-7
-24
-29
-30
-43
-77
-117
-140
-138
-134
-150
-179
-193
-189
-187
-193
-196
-194
-205
-229
-239
-219
-193
-192
-216
-238
-235
-213
-189
-182
-198
-223
-233
-215
-189
-183
-204
-222
-213
-173
-130
-104
-93
-74
-41
-4
21
38
50
54
47
36
31
35
45
54
56
53
56
80
119
150
157
154
163
181
188
175
150
124
103
90
84
75
63
55
57
63
60
44
26
20
19
2
-38
-82
-110
-126
-146
-170
-176
-158
-139
-146
-177
-209
-227
-233
-231
-237
-273
-341
-408
-439
-440
-449
-485
-532
-563
-575
-583
-594
-604
-612
-628
-656
-671
-655
-630
-638
-678
-689
-626
-522
-458
-463
-490
-479
-425
-369
-346
-356
-372
-368
-342
-316
-303
-289
-261
-228
-198
-158
-96
-26
24
49
68
99
139
177
209
235
257
287
326
361
381
401
434
471
496
519
555
587
593
581
585
619
655
664
659
667
691
713
720
716
711
706
699
687
666
643
627
616
601
573
541
521
511
498
479
461
446
424
389
356
333
306
265
226
206
186
149
112
102
103
75
23
-6
5
16
-11
-58
-87
-100
-110
-110
-99
-107
-149
-187
-175
-132
-117
-149
-186
-187
-168
-165
-185
-203
-202
-188
-168
-146
-126
-111
-97
-82
-67
-61
-63
-61
-44
-23
-19
-36
-48
-34
-6
12
16
23
45
76
100
104
91
80
84
103
122
126
108
79
65
78
100
101
77
63
85
118
119
83
47
33
31
29
29
28
19
2
-8
-10
-14
-25
-36
-46
-57
-70
-80
-88
-94
-94
-90
-93
-113
-130
-121
-95
-83
-92
-100
-103
-113
-133
-146
-144
-142
-145
-145
-133
-119
-121
-136
-144
-131
-103
-80
-71
-73
-73
-67
-59
-55
-53
-52
-53
-49
-28
4
21
15
6
9
17
14
4
5
18
31
38
46
49
40
29
38
69
95
88
63
45
40
31
14
2
2
3
1
-4
-19
-47
-71
-63
-34
-30
-66
-102
-99
-81
-90
-124
-147
-150
-157
-176
-201
-223
-236
-230
-211
-211
-255
-324
-370
-380
-376
-378
-389
-417
-464
-499
-494
-470
-469
-487
-493
-486
-485
-482
-445
-389
-368
-392
-403
-363
-320
-327
-359
-354
-315
-298
-316
-326
-300
-267
-254
-240
-197
-142
-116
-122
-119
-84
-37
-2
28
62
81
78
82
122
178
209
211
220
256
302
337
363
387
398
398
406
431
462
486
508
529
544
551
561
581
601
606
597
586
578
573
571
572
567
551
535
533
542
543
534
528
530
526
503
471
445
422
389
353
336
338
323
276
224
200
195
181
159
152
156
146
119
99
94
86
60
32
16
10
4
3
5
-12
-56
-102
-116
-105
-98
-107
-114
-109
-101
-97
-85
-66
-62
-87
-108
-85
-33
-15
-52
-95
-99
-85
-82
-82
-59
-34
-40
-62
-50
-1
32
18
-6
1
28
44
45
45
47
49
52
57
64
72
70
49
21
20
53
83
68
19
-15
-15
-5
1
18
38
27
-7
-17
9
27
4
-34
-48
-34
-26
-37
-57
-72
-78
-74
-67
-66
-77
-86
-84
-79
-80
-82
-80
-78
-86
-103
-121
-125
-112
-94
-93
-112
-130
-132
-125
-119
-111
-95
-79
-78
-85
-83
-67
-50
-40
-35
-32
-31
-30
-28
-27
-22
-8
9
11
-2
-9
7
32
43
39
32
27
19
9
10
23
33
27
7
-8
-6
5
9
-5
-23
-24
-9
-4
-31
-64
-60
-18
-3
-57
-137
-153
-86
-13
-5
-52
-107
-151
-168
-138
-91
-106
-191
-247
-202
-140
-183
-296
-327
-238
-173
-246
-369
-392
-312
-255
-294
-372
-409
-392
-378
-407
-444
-427
-362
-323
-349
-390
-383
-346
-335
-343
-313
-253
-247
-318
-377
-349
-274
-237
-255
-283
-281
-244
-195
-174
-195
-214
-177
-96
-40
-49
-78
-67
-20
16
28
42
67
87
92
96
117
161
208
222
193
171
204
281
342
352
335
332
356
391
424
441
430
405
407
444
472
456
423
417
436
441
424
421
448
472
457
426
421
444
451
415
368
354
371
381
356
309
269
251
244
241
242
249
254
235
187
137
127
161
191
167
99
53
65
97
89
42
9
18
38
29
-7
-37
-38
-18
0
-7
-36
-62
-62
-44
-39
-52
-52
-25
2
-4
-34
-54
-53
-40
-24
-16
-29
-57
-65
-32
12
22
-4
-26
-15
17
42
46
31
7
-1
13
23
12
-4
6
30
34
17
5
0
-14
-35
-38
-15
4
-2
-13
-11
-18
-53
-81
-57
-2
8
-51
-119
-128
-89
-63
-78
-104
-116
-124
-143
-158
-153
-133
-113
-96
-93
-114
-144
-157
-153
-157
-165
-149
-114
-106
-141
-173
-161
-128
-112
-108
-92
-87
-118
-154
-145
-105
-80
-78
-85
-108
-147
-157
-102
-27
-14
-74
-127
-114
-59
-19
-13
-30
-60
-90
-98
-76
-39
-7
3
-21
-55
-52
-5
33
24
-11
-31
-35
-44
-56
-52
-39
-46
-72
-74
-40
-11
-29
-79
-107
-94
-60
-41
-44
-60
-92
-148
-184
-133
-14
34
-79
-256
-311
-194
-42
-6
-102
-224
-269
-217
-132
-115
-202
-305
-312
-246
-226
-282
-323
-301
-275
-296
-316
-293
-268
-288
-313
-287
-231
-200
-188
-169
-180
-255
-329
-304
-208
-171
-230
-289
-264
-197
-171
-179
-166
-130
-126
-158
-154
-78
-2
-9
-77
-115
-86
-42
-28
-19
23
73
91
93
117
147
142
122
147
209
234
203
183
224
283
296
272
263
279
295
314
355
396
398
371
352
348
337
321
323
352
381
385
370
352
351
370
398
399
365
333
340
354
330
285
273
291
282
234
200
212
236
230
212
215
221
196
154
133
135
128
108
94
99
104
94
67
38
31
56
91
86
25
-42
-48
-1
27
-2
-35
-10
45
51
-1
-38
-14
31
37
7
-20
-29
-27
-13
10
8
-30
-51
-10
44
37
-6
-7
33
38
-10
-43
-24
6
9
13
36
37
-12
-53
-28
28
36
-13
-66
-92
-88
-63
-37
-38
-66
-96
-100
-78
-49
-35
-49
-72
-73
-50
-52
-109
-170
-159
-97
-89
-164
-222
-181
-95
-65
-103
-137
-117
-67
-47
-86
-152
-180
-145
-93
-94
-159
-214
-181
-88
-41
-88
-154
-141
-72
-48
-98
-140
-105
-47
-57
-126
-157
-113
-47
-17
-34
-85
-119
-74
15
25
-66
-110
-27
39
-46
-154
-77
97
82
-134
-226
-38
167
131
-29
-80
-38
-31
-34
23
53
-49
-163
-93
90
117
-52
-156
-50
77
27
-103
-118
-40
-28
-107
-131
-40
25
-63
-206
-197
-34
61
-50
-229
-251
-105
3
-65
-215
-265
-182
-84
-75
-147
-218
-223
-164
-118
-156
-249
-293
-247
-186
-194
-250
-268
-218
-158
-149
-184
-211
-190
-131
-96
-138
-233
-280
-229
-149
-138
-197
-243
-225
-165
-109
-75
-70
-98
-131
-133
-102
-68
-40
-11
-9
-68
-137
-119
-12
70
50
-9
-1
71
122
118
102
105
119
143
182
207
176
124
134
220
291
279
230
235
293
320
285
261
301
341
301
225
219
288
342
337
330
354
353
299
269
326
389
352
255
223
262
281
254
240
251
240
203
193
227
257
246
220
206
200
195
200
194
147
94
101
151
154
95
52
70
102
101
81
69
56
39
45
81
103
66
9
9
66
88
29
-29
8
99
111
12
-77
-42
59
91
33
-10
24
76
76
19
-53
-78
-7
105
120
12
-68
-13
71
38
-54
-39
71
96
-16
-95
-33
42
-5
-99
-94
-10
32
-7
-63
-66
-17
21
0
-47
-59
-59
-112
-181
-148
-8
61
-61
-236
-234
-67
40
-22
-127
-143
-83
-14
15
-42
-159
-207
-108
9
-26
-171
-234
-149
-47
-31
-51
-48
-74
-157
-191
-92
31
17
-106
-171
-107
-23
-40
-125
-145
-69
-13
-63
-126
-77
34
32
-107
-195
-95
78
97
-70
-211
-147
31
106
24
-64
-60
-41
-80
-94
4
101
19
-175
-207
-5
161
71
-128
-179
-78
19
53
57
19
-74
-147
-137
-79
-39
-19
-15
-61
-131
-99
38
67
-110
-239
-89
128
70
-179
-249
-76
44
-47
-165
-136
-53
-61
-108
-100
-93
-146
-164
-85
-39
-140
-255
-203
-56
-38
-181
-272
-158
19
13
-187
-332
-231
8
105
-56
-288
-321
-129
37
-27
-226
-294
-154
-3
-32
-171
-216
-118
-31
-58
-118
-98
-38
-42
-94
-93
-31
-2
-46
-84
-53
5
29
29
50
81
79
42
27
69
138
169
132
63
38
101
208
252
187
97
100
193
257
222
163
172
232
255
231
220
239
240
212
215
263
286
249
219
249
284
254
201
211
262
243
145
103
206
336
305
118
-5
90
291
357
219
52
44
172
270
241
150
102
110
117
91
66
90
153
183
134
50
22
72
143
165
110
11
-36
49
199
220
33
-162
-94
187
324
125
-148
-138
108
237
108
-48
-12
112
107
-9
-38
68
136
55
-54
-31
78
110
38
3
76
128
21
-160
-186
3
185
123
-116
-225
-62
155
130
-97
-200
-23
186
120
-143
-243
-49
155
81
-161
-236
-60
111
60
-124
-209
-122
20
78
5
-133
-203
-112
61
118
-15
-174
-182
-91
-60
-93
-80
-40
-89
-182
-150
11
85
-38
-189
-168
-34
15
-51
-93
-51
-11
-38
-81
-68
-5
23
-56
-179
-177
-6
135
50
-159
-218
-70
57
3
-96
-53
59
42
-85
-112
17
116
35
-124
-157
-26
98
53
-106
-170
-51
104
112
-8
-86
-34
54
33
-99
-190
-118
47
124
38
-94
-128
-73
-38
-64
-86
-64
-46
-58
-48
-5
-8
-81
-143
-138
-88
-17
47
10
-163
-295
-193
43
109
-81
-274
-238
-78
-45
-161
-241
-184
-73
-38
-135
-280
-273
-35
180
62
-281
-416
-186
77
34
-213
-323
-181
4
24
-102
-221
-226
-132
-53
-84
-167
-150
-39
-8
-121
-212
-141
3
41
-71
-203
-197
-31
124
85
-109
-215
-94
97
122
-3
-58
26
88
34
-15
42
119
120
97
111
115
64
20
50
112
111
47
20
92
197
220
154
100
128
193
206
159
124
129
122
95
124
220
244
115
-17
51
260
351
229
81
86
170
159
78
94
223
271
137
-3
47
204
247
152
101
163
203
139
81
116
135
39
-31
89
268
235
15
-67
117
291
192
-27
-40
156
256
117
-44
3
165
195
53
-58
5
136
146
24
-52
51
239
284
107
-89
-72
95
151
27
-74
-18
73
67
37
85
120
11
-133
-94
90
153
16
-109
-69
29
29
-55
-108
-65
36
97
60
-16
-44
-46
-106
-175
-104
97
171
-27
-245
-163
108
166
-58
-222
-117
53
41
-101
-163
-87
6
12
-43
-81
-90
-111
-131
-91
-8
5
-106
-212
-156
-1
28
-108
-168
-30
76
-62
-251
-175
100
211
14
-237
-254
-54
118
96
-75
-225
-216
-47
130
119
-103
-302
-218
98
298
135
-225
-384
-169
170
257
4
-321
-383
-97
265
296
-88
-437
-276
211
361
-29
-405
-265
141
234
-55
-271
-148
70
77
-72
-154
-109
-29
27
33
-38
-150
-201
-124
30
122
37
-164
-255
-113
86
86
-107
-256
-200
-15
127
117
-43
-237
-263
-43
181
79
-274
-409
-112
235
186
-163
-349
-169
132
218
22
-228
-262
-43
179
125
-177
-375
-195
175
261
-85
-446
-334
165
443
123
-433
-546
-81
373
280
-169
-382
-163
128
139
-59
-166
-70
62
37
-109
-179
-85
41
38
-53
-64
27
49
-75
-164
-46
146
147
-40
-151
-50
96
84
-53
-123
-41
91
129
48
-56
-71
19
107
89
17
28
128
139
-19
-131
23
267
229
-73
-202
31
273
185
-43
-40
141
152
-41
-100
103
282
211
43
-7
42
96
163
209
131
-22
-31
166
312
179
-78
-121
100
278
199
13
-13
139
257
198
60
31
117
155
72
11
86
190
173
76
31
54
80
103
150
170
97
-11
-2
150
264
161
-78
-171
39
353
383
30
-303
-153
344
537
143
-314
-211
273
419
27
-298
-58
397
396
-57
-319
-59
309
296
18
-109
-5
109
141
153
91
-98
-212
-23
277
259
-87
-273
-34
266
209
-74
-192
-67
109
211
193
27
-156
-122
105
193
-12
-214
-115
114
114
-77
-128
11
72
-18
-50
27
18
-109
-112
91
205
-26
-373
-362
67
396
178
-339
-495
-73
392
301
-219
-490
-188
251
270
-70
-262
-113
63
6
-112
-58
50
-17
-155
-98
94
91
-147
-255
-62
106
-16
-170
-67
56
-99
-260
-61
219
73
-314
-314
70
177
-174
-338
32
316
-22
-468
-292
238
322
-108
-408
-270
-14
68
58
57
-42
-247
-293
-41
222
155
-150
-313
-165
88
145
-45
-219
-148
35
22
-175
-220
1
179
58
-174
-183
9
109
23
-66
-52
-33
-42
6
65
-38
-249
-252
55
310
149
-244
-336
22
359
211
-246
-425
-101
305
292
-79
-302
-128
136
139
-28
-67
20
4
-109
-75
116
155
-66
-212
-34
182
75
-172
-130
144
193
-78
-246
-52
204
156
-88
-172
-39
72
46
-7
-24
-63
-99
-20
126
126
-67
-194
-45
209
225
-24
-201
-103
63
59
-10
33
77
-41
-166
-63
150
186
35
-75
-65
-37
-2
91
112
-81
-239
-14
336
219
-252
-321
151
407
43
-347
-186
191
182
-109
-167
34
94
-32
-22
139
139
-42
-119
-34
40
76
125
78
-106
-178
29
237
119
-136
-113
111
81
-195
-182
237
435
23
-450
-296
278
478
73
-341
-235
161
282
23
-215
-144
91
211
150
15
-86
-78
43
152
112
-6
-9
106
126
-7
-44
158
318
129
-199
-206
106
279
119
<<<<<<< Updated upstream
30
-58
117
249
-52
-392
-131
413
361
-229
-417
55
367
69
-189
94
296
-128
-479
-30
504
191
-388
-212
321
224
-260
-246
162
222
-49
-48
202
133
-227
-244
141
250
-89
-218
107
256
-85
-349
-116
209
157
-105
-155
54
222
128
-119
-221
-54
185
217
0
-240
-231
56
305
176
-195
-287
59
326
73
-326
-203
309
385
-179
-526
-66
518
331
-295
-412
39
331
177
-84
-210
-203
-25
255
304
-22
-335
-193
234
358
14
-304
-171
190
281
5
-261
-118
325
444
-73
-555
-226
455
396
-309
-489
127
489
42
-382
-60
393
148
-372
-256
283
316
-149
-280
56
193
-42
-141
43
115
-40
-79
102
179
12
-112
-10
81
-13
-89
8
90
36
13
80
58
-67
-73
44
10
-177
-151
155
256
-74
-306
-23
299
102
-239
-99
246
131
-247
-151
311
283
-291
-426
200
557
21
-501
-138
449
283
-286
-321
125
286
22
-129
20
102
-24
-69
38
38
-51
26
139
-19
-224
-69
216
133
-154
-105
216
250
-92
-273
1
307
171
-208
-284
13
228
77
-196
-204
72
267
107
-196
-202
106
292
147
-49
-61
-3
-5
-9
4
-34
-73
-22
50
34
-11
6
14
-60
-100
18
147
53
-159
-157
70
188
75
-56
-95
-90
16
204
161
-193
-367
-32
341
186
-241
-283
76
262
74
-93
-10
56
-34
-23
134
93
-180
-242
49
241
52
-197
-153
60
159
125
64
-43
-172
-127
140
285
39
-281
-188
183
232
-135
-312
24
359
167
-233
-225
95
149
-110
-152
=======
-62
-6
116
72
-38
2
136
159
68
21
45
54
42
26
-31
-65
75
287
225
-130
-279
70
436
234
-258
-272
192
357
-9
-234
52
321
139
-140
-93
87
70
-15
61
135
-9
-139
8
156
-17
-205
-22
219
71
-207
-154
62
55
-51
30
134
-22
-235
-116
199
228
-49
-190
-77
-20
-76
-14
89
-16
-158
-35
>>>>>>> Stashed changes
152
65
-113
-46
103
1
-197
-108
161
153
-149
-264
-30
146
21
-127
-86
-32
-63
-15
100
34
-183
-202
39
169
-18
-214
-107
112
78
-135
-130
114
166
-127
-316
-80
203
75
-213
-140
160
131
-221
-316
25
292
118
-178
-192
-45
9
53
125
-43
-389
-334
209
466
24
-443
-279
169
251
3
-144
-121
-116
-77
117
222
-18
-302
-191
110
129
-23
24
120
-61
-270
-104
217
197
-122
-277
-101
118
116
-18
-52
21
15
-99
-106
80
213
43
-256
-257
98
312
46
-301
-212
85
68
-109
9
218
45
-282
-210
129
189
-47
-161
-56
15
-17
-3
49
-15
-135
-100
24
5
-68
32
111
-92
-255
-10
267
97
-215
-168
76
136
81
65
-45
-234
-178
137
206
-146
-312
110
465
72
-487
-272
349
341
-178
-263
110
159
-168
-172
213
280
-177
-457
-77
445
384
-110
-315
-48
182
67
-90
6
156
57
-156
-107
195
298
-4
-289
-149
157
187
44
16
-30
-209
-152
271
426
-73
-547
-262
366
433
-69
-366
-147
118
91
13
72
64
-80
-112
6
58
73
158
95
-209
-301
58
338
101
-238
-160
117
133
-17
22
150
31
-198
-116
173
173
-99
-160
39
100
-30
-91
-84
-110
-8
228
186
-229
-394
75
544
249
-446
-512
155
533
64
-487
-269
345
417
-102
-399
-84
317
235
-123
-193
53
133
-92
-176
89
245
-43
-349
-172
230
284
-11
-207
-116
54
92
-10
-140
-164
-37
110
104
-34
-101
-25
26
-32
-28
91
79
-112
-132
121
227
-29
-243
-87
193
236
28
-221
-279
-21
323
264
-248
-533
-77
543
362
-417
-559
248
765
152
-681
-559
196
499
116
-315
-311
33
320
222
-187
-399
-80
370
275
-257
-382
121
404
-13
-383
-63
334
102
-280
-104
255
79
-341
-226
272
299
-197
-356
83
350
27
-279
-94
155
38
-143
-34
135
35
-171
-139
84
177
40
-131
-166
-42
164
224
-41
-345
-207
229
309
-66
-272
-29
205
90
-90
-49
22
-67
-86
116
181
-121
-324
-27
298
86
-294
-202
163
205
-23
-72
36
-23
-164
-56
184
131
-170
-207
111
263
-3
-259
-159
60
90
16
-8
-34
-76
13
215
219
-143
-515
-365
249
591
166
-526
-573
109
635
358
-296
-484
-73
317
232
-95
-202
-30
116
58
-61
-47
73
100
-49
-171
-31
222
197
-111
-261
-54
183
152
-38
-160
-149
-9
179
188
-81
-317
-160
216
282
-60
-302
-99
226
234
15
-118
-142
-129
21
269
278
-66
-370
-247
171
409
175
-290
-405
37
472
270
-304
-400
145
506
99
-504
-424
194
473
164
-170
-194
-106
8
206
242
-71
-312
-55
320
204
-202
-226
126
211
-110
-215
166
421
94
-304
-148
272
282
-80
-222
31
265
178
-36
<<<<<<< Updated upstream
-10
84
48
-27
37
107
-27
-209
-120
138
158
-85
-175
31
174
22
-171
-123
67
133
4
-159
-144
75
252
123
-216
-349
-67
303
288
-92
-328
-113
244
260
-79
-331
-186
168
302
71
-216
-207
48
197
73
-109
-102
23
42
-46
-60
17
16
-75
-85
9
37
-38
-45
42
25
-117
-90
184
270
-85
-370
-70
375
247
-222
=======
-88
0
41
15
16
9
-82
-102
112
302
89
-299
-235
260
435
-4
-393
-177
226
165
-199
-229
112
257
16
-149
40
248
145
-107
-192
-44
176
206
-65
-316
-123
319
358
-93
-366
-76
301
213
-141
-219
-2
98
-21
-77
8
23
-50
-18
81
47
-55
-15
84
16
-133
-84
143
226
27
-187
-104
169
223
-25
-158
48
188
-61
-278
8
405
236
-294
-367
138
458
173
-201
-164
18
15
59
238
101
-336
-299
311
490
-145
-584
-139
431
281
-206
-232
137
266
17
-189
-131
48
227
277
-36
-485
-365
303
524
-26
-385
-24
301
64
-179
-13
151
30
-50
57
29
-179
-138
192
218
-193
-306
137
299
-161
-301
283
517
-155
-632
-139
422
196
-197
-13
266
-22
-408
-125
461
413
-165
-332
58
215
-98
-233
86
329
153
-105
-99
54
70
-76
-152
-13
138
60
-54
88
217
-60
-375
-103
429
356
-241
-414
60
352
47
-186
107
284
-150
-452
37
524
140
-409
-144
368
146
-367
-222
280
253
-153
-156
188
168
-217
-252
146
266
-67
-174
157
260
-124
-358
-70
238
121
-151
-147
96
243
115
-142
-243
-73
188
255
38
-255
-292
34
380
282
-176
-376
-31
329
137
-300
-251
241
365
-139
-464
-31
499
293
-278
-326
96
286
104
-74
-146
-196
-81
224
325
-19
-381
-236
231
371
34
-255
-120
168
205
-10
-182
-64
278
377
-70
-519
-224
440
409
-289
-496
122
517
55
-439
-128
416
244
-320
-288
239
315
-134
-283
47
194
-37
-136
63
148
-22
-92
77
166
13
-98
13
90
-39
-121
15
123
44
-9
71
70
-77
-112
39
74
-114
-157
117
253
-57
-310
-19
350
149
-271
-176
224
165
-251
-215
279
323
-255
-444
187
592
37
-555
-194
473
349
-266
-345
123
312
23
-160
13
131
-13
-97
22
67
-10
40
139
-5
-199
-59
201
110
-165
-103
219
244
-104
-279
-1
290
134
-228
-247
91
280
64
-240
-217
111
320
124
-226
-246
85
296
149
-64
-68
21
31
7
3
-26
-62
-23
55
65
11
-27
-32
-39
-31
22
56
-11
-112
-94
34
105
61
-18
-91
-108
39
240
146
-229
-348
16
326
119
-250
-213
122
242
61
-70
-18
11
-37
27
171
102
-168
-247
-4
201
97
-130
-186
-42
140
205
85
-123
-202
-44
180
199
-28
-225
-122
151
193
-73
-221
24
298
153
-199
-219
75
161
-79
-160
127
279
-55
-374
-133
302
275
-76
-167
17
75
-14
2
80
17
-83
2
141
41
-197
-189
73
179
-3
-125
-1
107
0
-125
-67
78
110
-20
-184
-177
62
280
153
-227
-377
-61
343
316
-96
-347
-121
249
262
-93
-359
-211
162
307
70
-214
-176
86
176
-10
-167
-81
70
52
-59
-52
42
38
-63
-86
-8
23
-24
-21
34
-6
-112
-41
203
221
-138
-368
-59
341
204
-226
-258
67
141
-110
-170
94
216
-3
-155
5
125
-32
-120
49
91
-135
-152
167
243
-117
-301
14
317
174
-139
-200
-33
99
84
-47
-213
-216
75
323
60
-399
-255
336
367
-218
-366
138
317
-110
-288
49
148
-197
-217
278
390
-222
-521
126
648
71
-648
-273
486
291
-434
-410
214
344
-98
-265
55
240
-12
-273
-155
135
205
20
-191
-230
-26
240
191
-185
-342
-13
279
102
-175
-107
89
69
-44
-29
28
3
-37
-20
12
17
6
-26
-80
-99
-31
68
96
55
19
-31
-101
-24
191
134
-293
-421
121
549
146
-443
-267
318
330
-168
-303
72
230
-115
-371
-150
146
143
58
60
-49
-194
-17
292
172
-226
-223
156
224
-139
-307
-24
211
51
-146
-20
153
12
-213
-128
114
134
-9
-40
13
-27
-108
-89
2
54
38
-22
-78
-81
-34
18
53
57
-9
-116
-122
25
148
63
-135
-167
15
145
46
-106
-99
0
49
56
19
-121
-198
15
288
154
-280
-371
50
369
140
-230
-171
161
201
-76
-199
-30
96
23
-44
-1
27
-7
-42
-71
-78
19
158
106
-157
-283
-44
252
175
-156
-245
-17
120
-5
-107
-13
96
86
50
18
-98
-217
-118
166
281
36
-277
-263
38
249
171
-47
-161
-84
52
28
-150
-185
46
219
51
-199
-137
114
122
-114
-166
77
195
-31
-225
-70
153
102
-58
-60
-15
-80
-114
-10
50
-42
-75
77
170
8
-160
-30
190
99
-183
-193
78
175
-49
-235
-130
88
148
28
-100
-95
15
85
53
1
-12
-24
-51
-33
22
13
-62
-58
70
118
-41
-156
24
226
40
-289
-194
203
264
-67
-213
-3
127
7
-5
199
209
-125
-304
-2
305
120
-229
-198
46
41
-106
-27
166
128
-69
-117
-17
9
-42
-9
62
-7
-128
-34
214
239
-36
-225
-85
133
118
-65
-137
-13
125
93
-51
-90
42
156
76
-101
-138
5
123
76
-32
-46
9
28
12
20
13
-56
-83
48
170
1
-302
-211
316
557
72
-494
-308
341
445
-144
-476
-51
389
155
-242
-86
261
119
-219
-94
260
174
-222
-249
125
283
29
-157
-16
117
23
-44
27
23
-22
117
227
-5
-242
-45
219
21
-283
-81
323
217
-198
-127
331
261
-352
-433
254
549
-35
-408
87
496
60
-431
-131
388
231
-283
-283
149
247
-55
-133
102
125
-107
-103
149
172
-60
-117
50
103
-12
-31
79
70
-107
-182
-7
184
131
-64
-129
-16
101
112
48
-10
-1
52
68
27
-12
-34
-54
-10
115
142
-59
-255
-127
205
296
16
-252
-163
130
227
33
-166
-130
47
143
102
18
-42
-60
-11
102
169
66
-126
-140
98
255
44
-258
-183
150
213
-53
-175
24
177
54
-94
-53
17
-29
-19
154
213
-33
-249
-98
157
105
-109
-98
74
88
-36
-47
64
93
-5
-72
-11
84
76
-28
-107
-68
50
95
-22
-136
-27
161
75
-188
-156
161
205
-143
-306
1
262
58
-225
-94
191
112
-157
-78
217
132
-268
-311
85
256
-51
>>>>>>> Stashed changes
-270
-29
251
108
-192
-147
145
187
-80
-205
5
205
101
-117
-115
89
185
20
-195
-178
28
124
-9
-143
-75
55
0
-150
-87
167
212
-78
-280
-66
227
122
-199
-164
219
324
-56
-322
-58
257
83
-248
-129
251
234
-175
-322
4
263
117
-63
50
140
-92
-306
-116
200
165
-128
-237
-74
79
59
-33
-86
-97
-58
42
93
-5
-123
-64
100
134
8
-105
-130
-107
-40
50
70
2
-35
17
54
-1
-58
-15
59
30
-74
-89
27
107
31
-109
-132
1
143
107
-95
-211
-80
108
84
-78
-120
-24
27
-5
-14
13
20
31
76
73
-34
-104
-8
85
-40
-184
-13
276
184
-194
-250
104
270
-16
-260
-82
172
86
-125
-64
125
73
-91
-4
191
78
-210
-167
143
119
-318
-484
-25
443
262
-235
-271
153
324
14
-209
-5
181
-30
-235
13
331
118
-347
-300
212
360
-98
-396
-30
397
174
-331
-302
174
299
-94
-318
-23
274
92
-248
-202
127
211
-44
-205
-60
81
-24
-135
-3
145
10
-197
-93
205
244
-23
-178
-30
123
39
-91
-40
54
-7
-92
-31
51
23
14
76
35
-93
-50
139
135
-89
-163
17
106
-52
-130
61
163
-80
-264
-19
258
98
-170
-70
135
19
-157
-12
173
9
-232
-93
217
163
-190
-270
35
229
67
-111
-75
-18
-43
-1
81
15
-110
-67
53
17
-108
-86
62
108
-28
-168
-109
103
207
54
-177
-204
-20
130
100
14
11
2
-119
-164
28
168
-36
-228
13
301
74
-304
-149
260
175
-251
-255
153
213
-196
-326
90
331
0
-260
7
218
-70
-279
34
295
6
-321
-133
208
140
<<<<<<< Updated upstream
-138
-180
133
252
-32
-220
-21
145
-20
-135
38
89
-146
-151
215
302
-128
-376
-23
372
238
-170
-297
-66
183
184
-49
-291
-241
146
386
19
-491
-270
415
421
-264
-436
152
396
-79
-341
7
195
-109
-184
242
342
-248
-539
103
627
53
-663
-266
523
323
-444
-425
252
401
-108
-326
54
317
26
-330
-199
190
270
-23
-288
-243
45
276
162
-185
-284
9
228
70
-126
-54
70
23
-38
7
20
-48
-63
0
21
-16
-29
-20
-51
-86
-33
76
108
63
43
23
-54
-32
146
123
-249
-390
85
491
138
-407
-247
301
295
-213
-349
67
282
-57
-363
-169
155
182
88
67
-50
-212
-61
265
205
-182
-243
105
232
-88
-311
-81
205
115
-118
-70
128
77
-146
-156
51
140
31
-66
-56
-32
-49
-63
-27
53
96
21
-104
-121
-20
56
39
-7
-54
-107
-94
30
132
59
-107
-134
12
114
50
-37
-25
1
-9
34
67
-74
-222
-47
263
171
-271
-393
17
349
145
-208
-154
152
185
-66
-166
-15
86
31
-9
4
-16
-19
19
-30
-143
-70
171
191
-133
-337
-59
323
236
-176
-287
-3
154
-15
-139
-13
111
74
24
13
-87
-218
-133
150
266
26
-269
-232
70
253
145
-76
-161
-43
116
74
-144
-200
44
218
25
-230
-135
131
110
-144
-166
112
222
-36
-241
-79
153
110
-42
-56
-38
-100
-87
50
75
-75
-119
60
175
23
-140
-30
153
65
-168
-158
66
123
-62
-180
-75
77
109
41
-28
-28
33
69
38
0
-14
-58
-113
-74
40
52
-70
-117
30
143
2
-166
-30
206
99
-201
-154
187
252
-32
-162
2
74
-52
-21
215
211
-153
-332
-4
323
133
-232
-201
63
74
-81
-26
156
132
-49
-104
-39
-43
-82
-1
99
4
-157
-52
237
263
-53
-254
-70
174
116
-110
-151
30
154
69
-63
-38
92
123
-9
-146
-116
49
152
80
-60
-97
-18
54
51
17
-10
-48
-59
36
139
12
-264
-224
243
513
110
-438
-312
298
440
-98
-444
-69
359
154
-236
-109
231
133
-171
-81
211
122
-204
-183
157
251
-15
-163
11
141
24
-73
-19
-8
-21
125
212
-31
-249
-35
227
34
-247
-39
334
201
-202
-114
327
248
-330
-384
261
500
-77
-415
67
436
16
-405
-75
394
184
-311
-251
205
274
-71
-166
90
149
-75
-105
116
154
-43
-100
36
70
-32
-24
97
72
-128
-201
0
200
114
-115
-156
20
158
122
20
-16
22
60
55
24
-16
-75
-108
-14
152
142
-117
-297
-99
255
300
-15
-265
-153
137
232
52
-146
-125
50
153
100
-5
-66
-72
-23
84
157
67
-133
-166
76
259
63
-245
-173
166
218
-67
-180
44
198
50
-114
-69
9
-34
-19
150
195
-47
-233
-59
174
81
-132
-75
128
123
-38
-63
55
91
-11
-89
-32
80
97
-19
-146
-131
23
117
4
-141
-41
166
93
-173
-137
186
214
-161
-311
34
290
28
-284
-105
238
147
-182
-123
214
162
-266
-354
55
283
-2
-263
-67
224
124
-163
-148
113
157
-79
-178
29
196
62
-142
-93
119
156
-60
-243
-159
57
117
-14
-102
-16
74
-13
-146
-63
170
191
-82
-250
-39
222
96
-228
-188
213
340
-49
-355
-110
240
115
-208
-120
236
222
-169
-299
35
280
99
-96
44
169
-73
-322
-134
218
199
-121
-255
-71
118
90
-46
-116
-92
-23
46
54
-29
-93
-20
103
108
6
-78
-118
-126
-56
59
79
-9
-50
15
56
0
-48
-6
40
-9
-82
-47
71
110
11
-108
-113
5
126
99
-84
-204
-86
106
98
-67
-132
-54
10
10
9
7
-15
8
96
110
-21
-120
-21
90
-29
-184
-26
257
167
-200
-243
106
253
-34
-258
-80
151
69
-94
-3
150
49
-107
30
237
79
-244
-188
146
117
-338
-503
-23
464
286
-230
-293
128
329
43
-190
-6
188
1
-211
4
311
125
-317
-290
190
334
-103
-390
-32
383
163
-325
-276
201
302
-110
-327
-8
299
107
-248
-210
119
208
-36
-189
-49
80
-24
-127
-1
131
-2
-192
-85
198
228
-31
-180
-32
129
57
-79
-51
40
2
-81
-53
16
24
44
81
7
-104
-23
152
96
-130
-148
62
111
-90
-153
79
190
-70
-265
-26
243
92
-151
-45
126
-14
-164
17
189
-26
-275
-90
253
176
-210
-288
40
237
63
-114
-62
-5
-54
-27
71
34
-88
-70
30
4
-94
-61
71
95
-38
-153
-77
121
201
47
-160
-177
-13
114
87
21
24
0
-133
-175
30
174
-33
-231
5
292
74
-295
-144
260
178
-244
-248
155
214
-196
-327
94
340
-1
-275
-4
233
-43
-276
17
294
31
-308
-151
187
141
-133
-128
109
124
-95
-124
94
156
-49
-170
-41
84
31
-71
-82
-14
54
41
-60
-108
0
112
31
-138
-115
92
162
-41
-229
-115
140
174
-31
-166
-89
27
27
-19
-5
31
15
-22
-5
35
1
-92
-86
69
167
34
-157
-126
61
102
-40
-98
24
93
-41
-179
-89
121
167
20
-95
-56
28
38
-8
-44
-31
28
77
44
-45
-71
3
71
38
-45
-60
5
60
42
-5
-20
-11
-17
-27
-5
32
31
-13
-32
9
52
30
-14
11
80
70
-27
-69
4
62
3
-62
0
101
66
-53
-57
49
51
-71
-72
119
204
-9
-233
-119
164
172
-89
-175
44
176
1
-153
-1
192
83
-144
-98
140
166
-51
-135
25
107
-29
-93
80
208
65
-112
-47
89
13
-133
-24
215
175
-115
-185
89
265
74
-143
-26
203
136
-119
-143
89
197
54
-79
-49
9
11
37
88
62
-15
-8
63
43
-70
-80
68
161
81
0
56
110
31
-54
-3
115
153
65
-83
-148
-36
127
133
16
-2
89
74
-73
-80
148
280
60
-214
-136
122
132
-34
-20
90
9
-86
108
333
163
-191
-190
136
271
67
-94
0
89
-3
-56
64
133
38
-3
78
64
-48
-5
164
158
-46
-152
-31
138
176
73
-67
-105
10
158
151
-16
-125
-31
117
104
-5
-27
11
12
56
157
110
-67
-46
180
190
-79
-161
97
257
89
-71
9
74
-46
-55
203
304
-34
-304
-16
363
180
-227
-141
260
278
-63
-157
98
231
38
-145
-39
167
154
-43
-113
49
196
98
-129
-176
47
255
172
-34
-24
109
29
-135
13
300
191
-201
-247
101
241
-1
-125
108
267
43
-197
-56
213
181
-21
-21
95
15
-155
-102
114
192
81
-30
-30
45
112
98
26
12
81
107
14
-88
-61
64
137
84
-29
-99
-83
8
113
129
39
-32
-5
17
-39
-54
39
88
8
-44
31
96
67
48
71
31
-54
-27
109
143
-9
-144
-74
92
133
39
-33
-22
26
91
145
101
-27
-81
1
94
89
11
-72
-73
55
173
88
-97
-89
90
117
-58
-100
101
187
-53
-249
-35
276
185
-124
-117
126
105
-131
-102
164
169
-125
-216
46
213
31
-157
-61
72
-8
-63
123
241
-2
-266
-99
249
213
-139
-225
51
162
-73
-183
63
216
-16
-211
-5
234
63
-228
-116
200
158
-125
-88
168
62
-266
-145
300
272
-228
-345
110
330
-58
-353
-39
310
85
-263
-89
239
83
-231
-74
265
147
-207
-163
172
207
-84
-188
21
131
-43
-161
-5
139
27
-125
-70
56
46
-15
9
35
-36
-104
-29
114
120
-40
-137
-21
108
4
-161
-63
145
53
-228
-195
141
226
-77
-257
-51
134
-11
-152
38
229
33
-226
-74
211
104
-175
-117
96
1
-222
-117
146
87
-194
-195
102
214
-20
-187
-30
136
14
-164
-87
97
68
-135
-215
-47
172
148
-119
-251
-27
204
55
-206
-114
157
100
-197
-205
103
197
-67
-193
29
130
-132
-244
88
275
-92
-388
-39
374
96
-440
-327
273
405
-89
-366
-33
266
52
-214
-65
150
3
-214
-86
144
45
-198
-125
157
149
-146
-223
40
201
43
-133
-95
4
16
-4
-37
-133
-178
-7
204
91
-251
-295
48
211
-60
-264
-72
111
-39
-172
11
160
-41
-242
-49
217
58
-273
-168
226
212
-221
-353
16
245
-15
-284
-128
161
135
-93
-128
35
67
-96
-139
49
144
-68
-277
-128
173
165
-132
-261
-67
82
-51
-170
7
196
4
-331
-270
125
280
34
-177
-95
37
14
-27
28
51
-50
-129
-43
88
45
-140
-202
-34
139
86
-108
-173
-38
89
35
-86
-65
37
8
-107
-70
67
32
-121
-95
62
29
-145
-104
128
134
-153
-294
-49
224
146
-114
-174
-40
29
1
-2
-17
-91
-99
-1
26
-70
-109
-31
13
-29
-47
-22
-35
-78
-66
-1
32
6
-41
-84
-107
-44
97
122
-73
-224
-64
162
74
-161
-143
35
17
-104
-10
164
61
-201
-184
95
168
-85
-231
-30
158
30
-144
-56
97
30
-114
-80
35
5
-121
-138
-25
50
-14
-120
-111
11
93
42
-55
-78
-21
39
48
9
-41
-49
7
67
43
-63
-125
-64
15
-7
-50
3
39
-77
-172
-49
96
-11
-182
-74
170
126
-154
-204
65
195
-37
-238
-80
138
45
-151
-81
105
48
-149
-118
121
198
9
-142
-44
118
91
-56
-78
33
60
-59
-124
-10
111
21
-184
-194
45
201
38
-203
-151
114
179
-57
-223
-71
146
92
-126
-155
29
111
-37
-161
-66
80
45
-85
-90
-1
-1
-56
8
128
66
-138
-172
39
179
35
-167
-129
63
110
-29
-122
-52
42
37
-28
-70
-64
-13
48
37
-54
-97
-12
80
13
-140
-132
81
214
32
-246
-206
120
251
-4
-234
-95
151
120
-63
-60
61
0
-150
-45
202
115
-236
-221
217
343
-90
-357
-20
317
103
-233
-113
194
125
-161
-128
131
106
-130
-70
199
135
-186
-178
154
228
-58
-205
-35
80
-41
-111
23
94
-49
-131
9
90
-52
-116
75
190
-7
-191
-52
145
46
-162
-105
102
62
-168
-169
78
149
-49
-115
89
146
-135
-275
67
387
106
-381
-295
221
341
-48
-229
55
223
-46
-244
16
273
39
-291
-127
255
201
-175
-251
5
93
-73
-106
91
174
7
-118
-13
99
12
-105
-29
109
67
-83
-96
40
123
68
-16
-38
-20
-2
24
52
40
-17
-25
56
83
-55
-160
5
239
146
-165
-200
83
191
-41
-168
54
218
-17
-278
-97
245
183
-143
-158
106
109
-162
-182
119
233
-16
-187
-19
150
11
-180
-67
175
140
-112
-161
55
157
-19
-143
36
257
142
-194
-284
0
244
107
-182
-200
27
127
-5
-98
1
117
70
-78
-143
-17
200
249
19
-228
-168
96
180
16
-66
82
159
-33
-175
20
223
53
-189
-52
201
51
-280
-182
237
294
-98
-271
61
325
68
-275
-137
227
212
-118
-210
32
173
20
-122
-27
110
51
-95
-83
53
83
-27
-75
18
92
34
-40
-7
54
18
-51
-15
90
96
-18
-86
-17
76
60
-21
-27
40
51
-35
-86
-7
103
89
-30
-100
-54
26
58
73
89
34
-78
-81
76
167
46
-81
-11
81
-21
-157
-56
153
135
-83
-150
14
101
-13
-58
95
169
8
-125
-31
90
51
-9
48
90
0
-80
0
116
78
-41
-34
75
80
-47
-115
-31
102
149
56
-106
-147
31
224
154
-95
-175
-7
106
-23
-160
-43
179
179
-33
-148
-46
88
114
82
58
24
-16
-32
-33
-28
17
96
114
2
-144
-152
2
152
151
24
-90
-76
59
149
49
-107
-48
171
174
-128
-302
-40
309
231
-141
-236
39
191
14
-104
58
166
-4
-149
-20
128
34
-94
16
184
91
-143
-161
14
75
5
24
81
-12
-128
-33
134
104
-26
-3
95
19
-152
-121
85
137
-27
-101
24
101
40
43
115
31
-137
-64
194
209
-78
-209
37
257
81
-220
-166
164
281
67
-118
-63
36
2
-37
54
145
69
-83
-89
56
116
-1
-81
24
104
-45
-206
-72
186
161
-107
-198
-4
140
34
-108
-70
30
10
-47
-3
57
18
-16
49
89
21
-31
-11
-17
-26
72
157
27
-167
-107
136
182
-26
-111
71
169
-20
-147
37
177
-33
-231
-38
221
89
-208
-163
140
204
-47
-184
-2
185
89
-114
-137
-14
59
56
52
37
-14
-47
-17
34
55
46
25
-5
-36
-44
-3
60
81
32
-27
-28
3
-2
-30
-6
71
105
37
-71
-123
-86
8
99
118
30
-88
-89
51
161
95
-60
-114
-48
-5
-26
4
101
107
-36
-131
-17
137
72
-125
-119
114
192
-35
-173
45
250
53
-247
-166
133
150
-79
-97
132
176
-54
-132
80
146
-112
-224
52
231
-20
-263
-85
183
101
-132
-102
99
101
-78
-112
46
123
30
-54
-77
-119
-96
93
234
89
-143
-119
78
103
-67
-128
38
180
74
-142
-186
-21
132
127
39
-11
-14
-8
5
25
19
-18
-32
4
22
-41
-98
-13
144
141
-38
-113
34
155
55
-93
-70
46
78
19
-49
-77
-23
103
156
17
-164
-114
125
191
-34
-201
-45
166
103
-76
-68
45
25
-63
-28
64
32
-64
-44
61
68
-27
-40
67
105
-14
-114
-47
60
38
-31
16
104
30
-153
-170
38
189
88
-81
-63
42
-13
-145
-63
178
217
-2
-155
-98
-15
12
68
101
-11
-143
-89
76
109
9
-31
10
-6
-37
77
187
6
-253
-113
255
201
-240
-338
79
337
84
-206
-121
80
64
-15
68
134
-28
-179
-33
174
95
-97
-56
96
46
-110
-83
85
136
20
-89
-60
55
100
5
-118
-102
31
97
14
-74
-15
113
123
26
-7
47
38
-47
-57
20
41
-18
-49
-30
-5
55
135
99
-75
-161
-12
172
116
-107
-180
-29
93
24
-77
-27
79
61
-43
-70
-10
13
-34
-45
30
85
12
-117
-128
-8
77
44
15
70
93
-13
-116
-58
75
73
-62
-121
-5
125
72
-102
-140
31
167
76
-75
-43
85
60
-72
-67
74
97
-43
-85
60
114
-61
-146
71
246
67
-160
-71
110
41
-107
-37
108
54
-96
-89
35
66
6
-1
12
-62
-107
9
101
-15
-116
2
77
-74
-121
96
151
-142
-257
107
378
51
-388
-222
287
326
-111
-272
21
154
-73
-142
105
167
-107
-220
23
170
-32
-190
18
257
87
-280
-279
110
318
71
-204
-81
217
209
-92
-235
-31
189
111
-100
-121
11
34
-34
24
137
32
-206
-198
85
238
59
-167
-131
85
172
8
-193
-141
122
233
13
-232
-136
168
218
-68
-237
-21
218
88
-175
-143
85
154
61
-10
-84
-179
-98
165
250
-16
-265
-146
124
127
-91
-148
16
88
-33
-115
-58
-5
4
49
61
-45
-114
7
144
64
-126
-147
31
157
60
-131
-155
35
198
117
-108
-193
-46
123
102
-46
-104
-40
13
20
47
39
-54
-61
114
181
-79
-320
-123
263
270
-98
-298
-92
165
138
-36
-64
34
57
-20
-67
-29
60
136
89
-93
-197
-75
80
51
-43
-18
31
-19
-53
31
86
-8
-77
37
134
-33
-266
-172
154
249
42
-93
-24
6
-70
-63
27
10
-90
-87
6
16
-47
-26
60
35
-77
-67
59
55
-78
-72
76
79
-67
-69
81
71
-112
-132
76
159
-27
-147
26
187
45
-150
-65
99
1
-191
-120
103
128
-16
-44
48
27
-91
-71
75
70
-114
-170
-5
84
-38
-102
54
167
12
-188
-118
125
191
5
-158
-86
89
129
3
-123
-113
16
127
89
-69
-156
-42
143
158
-23
-165
-96
56
68
-40
-57
57
95
-44
-156
-72
66
64
-12
-28
-35
-84
-52
105
158
-43
-246
-134
157
215
-3
-142
-54
6
-91
-132
-9
83
35
-24
-25
-32
-33
27
59
-45
-162
-82
114
139
-45
-142
-17
91
14
-70
-11
37
-36
-65
46
116
4
-143
-125
34
137
63
-88
-117
2
69
-27
-111
1
162
83
-181
-235
44
251
80
-169
-117
51
-1
-115
9
178
45
-214
-174
107
188
-20
-147
-11
110
2
-118
-24
103
9
-161
-112
112
195
29
-156
-128
38
81
-62
-158
-50
78
9
-135
-97
77
122
-18
-135
-89
37
104
68
-39
-134
-110
38
135
19
-170
-148
72
184
66
-74
-74
-28
-28
-24
11
19
-8
-15
3
-8
-46
-49
5
39
-26
-130
-105
90
242
114
-206
-343
-101
229
230
-49
-174
-19
79
-54
-142
5
157
89
-60
-91
-54
-53
-28
72
121
5
-139
-122
6
55
5
-26
-7
20
56
54
-71
-205
-110
147
202
-51
-247
-108
137
136
-42
-96
-21
-37
-107
-9
168
97
-186
-260
-3
180
23
-157
-23
180
51
-243
-223
76
162
-74
-186
45
235
42
-245
-181
118
204
10
-134
-85
-8
-5
-4
30
50
23
-46
-110
-71
84
181
67
-124
-125
37
53
-114
-112
143
199
-136
-322
9
335
95
-328
-252
168
251
-68
-209
18
160
-4
-103
54
104
-123
-217
50
252
49
-225
-151
89
78
-135
-166
42
148
-19
-209
-169
17
131
115
32
-62
-108
-44
85
135
40
-100
-147
-84
-2
39
49
32
-31
-100
-86
0
32
-26
-47
20
40
-65
-134
-25
118
84
-56
-70
43
56
-78
-125
27
150
45
-131
-117
34
83
-13
-59
41
124
8
-205
-212
50
259
132
-149
-182
57
191
26
-169
-108
63
49
-91
-93
7
-22
-119
-23
177
118
-187
-273
39
302
130
-183
-133
173
215
-84
-250
-38
203
113
-153
-211
-18
137
84
-45
-67
7
58
39
-5
-20
-13
-28
-63
-55
10
37
-28
-85
-37
32
-13
-99
-41
121
124
-82
-185
-1
188
71
-175
-169
71
180
30
-117
-59
63
56
-23
-23
27
6
-68
-86
-29
41
74
47
-37
-104
-69
38
97
56
-24
-78
-87
-25
114
199
68
-181
-212
62
269
86
-243
-237
89
246
24
-192
-68
156
97
-124
-108
131
182
-63
-220
-42
182
127
-59
-71
43
53
-12
23
81
-36
-216
-138
173
293
29
-258
-197
61
128
-25
-111
-4
115
63
-84
-114
27
163
114
-63
-141
-23
117
69
-97
-124
38
148
52
-89
-81
10
31
9
49
85
-5
-120
-43
168
202
-29
-208
-88
128
112
-73
-105
63
139
-14
-135
7
229
212
-21
-163
-87
23
9
-33
29
109
38
-112
-103
90
193
45
-132
-61
150
156
-85
-222
-49
166
109
-87
-104
33
67
-2
36
156
103
-129
-220
-30
165
119
-14
0
66
0
-92
-5
164
177
33
-80
-95
-80
-43
44
94
10
-95
-37
109
85
-100
-148
42
192
90
-90
-98
18
53
-4
-3
62
42
-75
-95
58
177
89
-58
-34
92
74
-79
-89
106
194
-21
-238
-85
260
294
-34
-247
-90
121
67
-87
-55
70
36
-87
-47
103
89
-69
-68
118
166
-29
-154
-2
178
107
-81
-89
60
107
3
-59
-4
52
54
61
54
-27
-102
-30
132
170
28
-114
-103
-2
63
75
50
-21
-75
-16
84
56
-62
-49
109
149
-36
-181
-61
132
101
-61
-45
119
119
-78
-150
29
179
82
-85
-62
83
95
-45
-99
31
142
55
-114
-133
16
123
56
-70
-70
32
59
-12
-16
74
80
-50
-96
59
186
61
-135
-90
103
85
-140
-169
107
276
75
-175
-110
105
111
-44
-52
85
76
-126
-205
-4
204
141
-77
-166
-78
26
49
33
25
20
3
-7
1
5
-22
-51
-17
80
138
56
-104
-151
-9
143
110
-38
-81
-5
10
-82
-96
61
182
66
-150
-161
49
190
94
-67
-84
-4
13
-26
0
66
43
-54
-60
59
120
9
-121
-75
87
149
57
-39
-45
-22
-23
-5
52
73
10
-72
-78
4
99
132
77
-30
-104
-79
15
81
84
65
31
-39
-79
6
147
150
-17
-132
-31
140
142
-5
-80
-21
25
-9
-12
64
104
30
-61
-52
20
45
-1
-52
-60
-28
27
60
8
-102
-133
-18
129
153
39
-102
-150
-55
118
200
73
-147
-203
-26
155
133
12
-4
45
-3
-93
-40
112
124
-47
-162
-66
91
100
-7
-66
-39
-3
22
60
62
-18
-102
-70
49
105
25
-88
-81
57
167
113
-36
-95
-16
56
8
-60
-5
109
85
-82
-158
-19
153
133
-33
-131
-82
16
73
95
84
5
-108
-122
20
156
87
-115
-162
37
217
122
-121
-184
-14
114
30
-96
-60
52
46
-53
-70
17
75
60
42
44
19
-27
-20
46
79
36
-10
6
34
4
-37
0
85
94
-10
-111
-76
67
156
97
-23
-68
-31
9
38
83
97
15
-101
-110
4
98
77
2
-35
-38
-42
-15
53
73
-16
-111
-68
68
114
6
-121
-114
10
109
98
33
-5
-23
-58
-74
-3
116
148
40
-83
-74
43
106
36
-76
-104
-31
73
128
82
-51
-165
-140
17
159
146
-4
-134
-111
23
108
60
-39
-69
-36
-29
-56
-32
65
121
55
-55
-83
-39
-4
16
62
90
30
-72
-86
3
63
20
-36
-4
53
18
-77
-78
47
147
95
-42
-107
-60
10
36
38
45
38
1
-45
-72
-80
-63
1
82
81
-36
-153
-129
15
117
78
-40
-99
-44
63
121
89
15
-33
-38
-44
-68
-57
13
72
39
-46
-81
-45
-5
9
25
48
32
-34
-90
-82
-28
39
105
118
14
-146
-180
-23
155
156
7
-102
-85
-30
-22
-27
5
45
47
13
-26
-45
-18
45
68
-2
-90
-77
27
94
55
-20
-45
-33
-29
-23
1
8
-9
8
69
80
-12
-119
-122
-34
41
39
-6
-42
-52
-44
-21
12
42
53
16
-70
-128
-65
78
130
25
-108
-124
-44
33
79
103
67
-47
-134
-73
67
88
-49
-148
-72
67
83
-18
-86
-55
-2
7
4
24
17
-60
-118
-42
115
157
5
-176
-191
-50
79
102
66
18
-47
-97
-47
85
142
34
-113
-125
-13
74
52
-30
-93
-93
-15
101
137
15
-160
-186
-32
114
97
-23
-97
-86
-50
-16
38
91
81
-1
-85
-101
-38
65
134
98
-32
-130
-84
59
132
55
-64
-70
45
135
87
-48
-113
-29
114
153
40
-99
-112
-3
91
85
26
-2
4
-9
-44
-36
52
153
146
8
-141
-151
-12
120
109
2
-54
-16
30
16
-29
-49
-37
-2
38
35
-49
-141
-98
95
236
146
-81
-187
-88
49
56
-27
-55
7
49
-16
-121
-124
-2
107
66
-70
-122
-23
84
55
-46
-58
28
83
46
-6
-27
-60
-107
-68
88
201
117
-71
-135
-20
103
96
16
-25
-27
-31
-9
62
105
38
-62
-48
73
126
28
-91
-80
23
72
37
12
34
29
-42
-97
-41
88
153
83
-49
-109
-48
56
83
3
-94
-99
-4
93
96
1
-116
-163
-99
20
91
69
7
-24
-20
-18
-19
6
39
32
-9
-19
8
12
-23
-25
36
77
25
-68
-104
-72
-22
37
120
170
96
-71
-170
-96
66
154
111
7
-57
-43
16
53
30
-28
-54
-9
74
110
55
-39
-74
-16
65
70
-10
-84
-71
11
87
108
75
1
-84
-117
-49
87
180
145
13
-96
-95
-9
62
60
15
-13
3
41
62
42
-11
-58
-60
-19
23
34
24
16
3
-27
-49
-29
10
16
-14
-34
-10
32
44
12
-36
-60
-49
-9
45
86
63
-38
-138
-123
9
114
63
-85
-154
-70
52
81
27
-22
-29
-18
-4
12
19
15
12
14
6
-16
-38
-39
-20
7
28
38
31
5
-29
-52
-39
21
90
82
-25
-131
-117
-9
68
63
27
0
-41
-89
-81
11
112
123
38
-59
-98
-76
-19
48
94
86
20
-61
-102
-80
-23
19
41
60
56
-11
-100
-114
-33
54
74
45
7
-41
-93
-95
-17
69
67
-12
-79
-93
-76
-36
28
70
46
-15
-49
-52
-52
-32
37
107
83
-37
-131
-102
0
55
28
-14
-16
0
-7
-31
-38
-24
-24
-49
-62
-31
17
30
5
-15
-7
15
29
27
11
-1
13
37
26
-24
-52
-13
55
75
34
-6
-1
31
49
42
14
-21
-38
-30
-20
-28
-31
-7
8
-19
-50
-28
31
51
11
-23
3
53
48
-22
-82
-70
2
71
81
26
-45
-73
-38
20
39
-3
-60
-64
-6
45
24
-48
-99
-92
-41
22
58
33
-40
-90
-62
9
34
-10
-56
-44
3
25
12
-9
-23
-26
-15
11
37
49
45
25
-8
-39
-46
-25
2
6
-16
-27
0
49
60
4
-72
-89
-23
60
80
30
-38
-71
-54
-2
45
34
-36
-96
-71
21
91
74
-9
-84
-102
-60
4
38
17
-23
-23
24
55
21
-39
-53
-18
6
1
6
34
31
-38
-108
-92
-2
67
56
2
-36
-38
-15
23
47
21
-37
-62
-19
42
53
17
-15
-13
2
12
20
21
-3
-42
-47
13
86
89
4
-89
-97
-10
91
125
72
-18
-78
-59
18
67
30
-51
-82
-42
4
9
5
18
18
-27
-70
-47
27
73
54
11
-10
-6
11
23
5
-43
-72
-33
41
65
3
-77
-90
-31
28
26
-25
-66
-51
12
61
48
-15
-62
-50
-5
23
18
3
-3
-5
-13
-20
-14
-3
-10
-36
-56
-50
-25
7
34
40
11
-34
-52
-31
-11
-26
-45
-19
37
55
14
-21
2
49
51
2
-40
-41
-21
-4
13
39
47
18
-22
-29
-2
21
24
31
44
30
-24
-74
-79
-63
-65
-68
-23
49
66
8
-42
-11
61
93
71
39
17
-13
-39
-22
38
73
30
-59
-114
-94
-25
39
60
37
0
-17
-7
10
13
-1
-18
-26
-18
9
35
30
-8
-40
-28
12
30
9
-22
-31
-20
-2
14
12
-26
-74
-68
8
86
86
23
-29
-31
-17
-13
-2
21
21
-27
-77
-67
-1
57
57
14
-22
-16
24
68
86
66
18
-25
-37
-15
14
23
9
-10
-22
-29
-36
-31
-7
19
24
15
5
-5
-18
-23
-9
17
32
34
34
26
-3
-35
-27
20
48
15
-46
-70
-38
13
44
39
6
-34
-53
-37
-1
26
30
22
4
-26
-60
-74
-54
-19
6
10
-2
-18
-34
-45
-40
-10
33
59
55
33
10
-13
-34
-45
-38
-27
-28
-39
-36
-8
26
39
22
-14
-43
-45
-19
4
3
-10
-9
3
4
-12
-21
-6
23
49
69
84
81
53
10
-27
-47
-45
-21
7
18
5
-14
-16
3
34
65
84
85
71
51
28
9
-1
-1
2
-4
-19
-27
-11
27
67
85
71
34
-5
-26
-20
2
25
37
36
29
19
9
3
8
20
24
17
9
5
-7
-28
-38
-18
17
32
14
-11
-15
6
32
38
18
-14
-34
-31
-24
-29
-32
-22
-17
-33
-47
-26
19
41
28
11
16
25
15
-9
-25
-31
-37
-34
-15
2
-5
-26
-28
-13
-7
-18
-22
-3
10
-12
-51
-58
-28
-4
-9
-15
2
22
16
-3
-3
5
-7
-37
-50
-37
-28
-31
-23
3
13
-9
-27
-6
25
21
-11
-24
-9
-4
-28
-51
-40
-11
2
-2
5
25
31
8
-16
-12
10
14
-6
-18
1
30
34
15
3
12
22
17
10
16
24
10
-21
-35
-20
0
4
0
5
16
16
10
20
44
55
34
0
-18
-12
3
9
-3
-25
-40
-32
-4
20
21
9
7
18
27
24
11
-3
-10
-11
-11
-14
-16
-14
-13
-14
-14
-7
2
8
9
11
13
9
3
6
17
28
34
42
56
58
36
4
-11
-3
10
9
-5
-17
-21
-22
-19
-6
12
14
-4
-19
-6
27
50
44
23
0
-20
-29
-14
14
21
-7
-44
-56
-47
-41
-38
-27
-9
-1
-7
-10
-3
2
-8
-27
-37
-28
-6
16
19
1
-19
-18
0
14
9
-11
-29
-31
-18
0
8
3
-2
5
18
18
6
0
11
22
11
-21
-46
-49
-40
=======
-139
-120
116
120
-96
-112
103
150
-56
-165
-39
72
31
-40
-50
-19
31
42
-37
-96
-3
118
43
-146
-141
84
186
-17
-232
-132
131
168
-47
-181
-85
40
29
-25
-2
42
20
-24
-3
44
1
-102
-86
81
168
17
-164
-101
89
96
-70
-112
34
100
-49
-183
-85
117
155
18
-83
-49
22
30
-12
-53
-52
10
72
46
-42
-63
8
55
12
-46
-36
16
42
26
4
-6
-16
-27
-17
16
34
12
-26
-26
21
57
30
-15
12
85
75
-31
-75
6
67
-2
-67
9
112
55
-79
-61
75
71
-82
-90
121
214
-9
-231
-106
169
160
-95
-163
52
168
1
-131
16
180
70
-125
-68
140
145
-49
-111
32
90
-38
-83
91
209
64
-114
-52
90
23
-131
-45
190
178
-91
-180
67
250
85
-128
-29
192
134
-118
-146
81
187
45
-75
-29
25
2
15
84
83
-1
-25
36
38
-54
-70
61
152
83
10
60
101
19
-60
-9
101
140
67
-73
-146
-43
125
135
10
-16
88
88
-69
-100
129
289
82
-206
-140
130
147
-34
-36
83
22
-71
113
332
165
-185
-186
140
280
78
-90
-7
80
-8
-55
67
135
44
8
83
56
-55
3
176
152
-63
-152
-13
146
164
63
-56
-89
16
160
157
-19
-143
-41
134
132
1
-41
0
13
62
165
120
-64
-55
171
191
-79
-174
84
262
104
-76
-16
56
-46
-52
199
302
-33
-310
-31
354
184
-223
-145
256
281
-60
-163
96
235
38
-156
-43
180
163
-61
-137
55
225
110
-144
-184
61
262
152
-55
-12
136
32
-158
-3
306
205
-194
-243
101
231
-15
-129
111
263
37
-189
-38
222
178
-22
-10
107
19
-159
-107
113
198
93
-23
-34
46
131
116
22
-3
81
114
8
-99
-54
79
138
76
-24
-88
-89
-9
115
146
31
-68
-19
42
-20
-65
31
105
20
-60
12
102
82
46
56
22
-54
-20
128
164
-14
-172
-85
115
146
12
-65
-20
43
92
142
114
-14
-93
-21
91
103
13
-84
-82
47
157
81
-78
-73
71
86
-54
-69
109
157
-83
-242
-2
296
175
-145
-121
145
129
-126
-118
148
170
-115
-211
47
213
25
-161
-49
90
-15
-94
109
262
19
-272
-114
253
226
-141
-236
57
184
-63
-193
49
209
-16
-201
13
241
45
-246
-109
223
171
-126
-85
179
70
-270
-153
297
275
-220
-337
112
323
-62
-347
-31
309
79
-265
-92
234
83
-231
-87
244
143
-189
-151
159
184
-88
-173
31
123
-57
-169
-6
141
27
-127
-66
70
53
-33
-18
32
-20
-100
-43
110
136
-31
-153
-37
114
16
-167
-78
141
52
-240
-200
160
245
-85
-273
-44
156
-12
-175
26
241
42
-237
-85
219
119
-173
-118
110
22
-215
-129
132
91
-173
-180
96
200
-15
-160
-8
132
-3
-169
-72
112
67
-149
-224
-38
193
163
-129
-281
-45
216
78
-206
-137
142
110
-178
-200
94
189
-66
-191
27
128
-132
-246
83
270
-94
-387
-33
384
105
-444
-343
261
406
-86
-376
-54
256
62
-200
-69
132
-7
-204
-70
146
31
-212
-124
168
150
-159
-237
34
198
36
-136
-90
5
5
-10
-19
-108
-179
-29
198
114
-233
-303
38
223
-43
-266
-81
120
-21
-172
-6
156
-29
-244
-71
207
78
-251
-179
197
205
-198
-331
15
238
-9
-273
-131
150
137
-76
-117
26
50
-102
-136
50
141
-69
-270
-115
188
178
-127
-265
-72
87
-39
-165
-2
178
-9
-326
-247
145
273
10
-186
-79
51
4
-48
21
58
-48
-135
-48
86
45
-130
-183
-31
111
56
-101
-143
-28
71
20
-79
-56
33
0
-106
-65
67
34
-116
-94
57
28
-143
-109
118
133
-153
-311
-78
205
141
-117
-175
-34
32
-8
-11
-4
-70
-103
-26
18
-55
-109
-56
-1
-9
-24
-26
-51
-84
-64
3
45
21
-44
-104
-111
-21
114
113
-80
-199
-37
156
57
-151
-116
42
3
-111
-5
166
56
-204
-186
89
169
-68
-213
-32
148
40
-122
-47
99
48
-88
-75
19
-2
-111
-129
-26
48
-11
-117
-110
15
99
40
-63
-80
-18
34
41
12
-40
-69
-21
63
61
-57
-145
-84
20
10
-47
-11
19
-97
-192
-60
99
-5
-184
-80
163
120
-156
-197
68
184
-50
-231
-63
131
9
-174
-62
137
49
-175
-130
130
206
9
-139
-41
107
70
-61
-61
46
50
-76
-126
-2
114
18
-183
-191
46
211
63
-176
-140
109
174
-54
-220
-68
156
105
-122
-158
37
135
-16
-159
-75
76
48
-84
-91
1
3
-55
7
127
63
-140
-164
56
191
33
-175
-135
56
98
-37
-113
-37
45
30
-27
-63
-70
-31
42
52
-37
-99
-22
77
20
-132
-129
77
198
11
-250
-188
135
245
-16
-233
-90
141
101
-74
-60
56
-18
-171
-55
200
110
-244
-224
222
356
-81
-361
-30
320
116
-231
-125
187
130
-162
-141
129
128
-115
-93
163
134
-157
-173
122
204
-41
-174
-30
62
-53
-110
27
96
-43
-120
18
91
-59
-126
70
196
1
-196
-71
136
61
-139
-93
100
59
-163
-152
102
172
-35
-109
93
151
-132
-275
67
384
101
-376
-270
243
334
-75
-239
74
242
-47
-252
14
271
34
-287
-110
265
189
-194
-252
21
106
-76
-117
78
165
9
-108
-10
91
4
-104
-24
111
66
-90
-110
29
125
73
-29
-64
-32
4
18
25
20
-13
-28
28
63
-37
-133
-2
212
145
-141
-197
49
162
-34
-154
43
193
-20
-260
-90
231
171
-130
-129
121
99
-172
-171
141
238
-24
-181
8
170
7
-188
-60
186
132
-131
-163
69
158
-30
-141
62
279
139
-206
-276
28
269
112
-188
-194
50
148
-3
-108
-1
132
85
-83
-162
-32
195
250
26
-213
-159
90
170
19
-53
88
148
-51
-186
16
220
50
-193
-58
191
39
-290
-185
241
294
-118
-305
42
335
87
-274
-153
217
218
-107
-204
31
161
0
-137
-20
129
54
-113
-97
62
98
-29
-91
11
98
34
-54
-17
62
31
-56
-32
88
119
3
-98
-51
62
81
9
-21
27
48
-18
-66
2
106
99
-19
-101
-62
23
66
79
85
29
-72
-65
88
167
39
-86
-13
82
-20
-158
-60
154
148
-64
-140
8
89
-20
-61
95
176
18
-128
-49
78
64
13
51
77
-3
-64
13
112
69
-41
-32
67
75
-31
-91
-25
87
135
57
-103
-159
14
219
159
-98
-190
-16
115
-11
-166
-64
165
179
-32
-155
-50
96
121
78
51
31
-2
-30
-43
-31
26
97
98
-13
-138
-136
0
131
138
34
-78
-85
38
143
60
-106
-67
155
182
-105
-287
-34
315
233
-158
-261
35
208
20
-121
47
185
25
-143
-37
120
49
-75
20
180
96
-127
-145
19
71
6
38
99
-8
-138
-39
139
106
-39
-22
88
28
-141
-119
84
143
-17
-98
16
91
38
50
126
41
-128
-57
188
193
-83
-193
49
239
46
-233
-148
182
280
60
-112
-54
24
-22
-45
64
148
47
-112
-98
66
122
-14
-99
25
121
-39
-221
-88
184
163
-114
-208
-1
150
36
-107
-55
49
9
-68
-16
61
18
-28
48
112
43
-32
-22
-14
-11
80
156
34
-151
-99
130
173
-24
-102
75
162
-31
-148
48
182
-46
-250
-43
227
91
-205
-144
171
222
-49
-188
7
196
90
-118
-138
-18
53
60
63
33
-33
-58
-14
30
38
39
33
-4
-52
-51
9
66
60
13
-15
-9
-9
-28
-28
15
70
77
15
-72
-118
-89
1
96
120
33
-84
-88
48
162
106
-49
-109
-37
15
-19
-14
84
108
-37
-143
-15
165
88
-148
-141
138
236
-30
-210
23
263
65
-254
-166
146
152
-93
-98
152
190
-56
-128
100
157
-127
-245
51
243
-18
-271
-84
200
121
-126
-116
79
100
-59
-106
19
93
31
-41
-91
-153
-104
119
251
72
-167
-121
84
93
-81
-127
41
167
61
-137
-179
-36
107
122
54
-4
-20
-6
19
26
3
-20
-4
28
5
-85
-121
1
162
135
-55
-118
40
155
48
-93
-67
36
55
7
-34
-55
-26
79
146
39
-135
-111
107
186
-18
-186
-50
156
108
-65
-69
42
40
-38
-23
40
13
-53
-22
63
51
-38
-43
60
97
-11
-106
-53
45
37
-14
27
96
22
-145
-158
38
190
100
-72
-77
21
-15
-132
-64
154
193
-2
-134
-76
-7
3
52
94
3
-120
-76
73
99
-2
-41
7
-2
-36
68
173
-2
-252
-107
262
210
-236
-342
70
333
85
-204
-118
84
60
-29
63
145
-16
-178
-30
190
106
-114
-90
76
45
-116
-102
74
140
19
-107
-76
59
120
21
-113
-106
24
94
17
-69
-13
113
126
26
-15
37
40
-31
-39
31
47
-13
-46
-26
6
69
143
103
-66
-151
-13
160
107
-105
-175
-27
96
32
-70
-30
71
61
-32
-60
-6
19
-20
-31
38
91
20
-110
-133
-25
60
37
14
74
104
3
-113
-74
57
76
-43
-111
-18
101
61
-92
-128
24
143
58
-73
-34
77
40
-89
-74
69
92
-42
-79
60
109
-55
-128
79
233
44
-187
-99
99
65
-74
-38
76
42
-68
-62
22
33
-6
3
11
-62
-88
35
110
-13
-99
25
82
-84
-128
95
146
-152
-262
108
378
46
-396
-232
284
341
-88
-270
-4
140
-53
-119
100
153
-98
-193
46
186
-23
-197
-1
258
122
-247
-288
85
328
105
-204
-125
181
208
-89
-251
-38
212
139
-107
-154
-5
53
-6
31
124
17
-216
-208
74
232
63
-160
-133
78
179
28
-179
-137
137
261
23
-256
-163
172
239
-66
-257
-29
229
91
-196
-167
81
166
75
4
-76
-185
-114
157
251
-19
-279
-161
116
120
-99
-146
34
110
-23
-116
-60
-4
9
62
75
-41
-119
8
154
72
-127
-142
51
182
71
-135
-161
33
195
111
-112
-193
-45
125
105
-42
-102
-37
12
17
50
50
-47
-67
104
185
-66
-313
-124
272
294
-77
-294
-97
163
132
-49
-74
37
60
-27
-77
-34
62
145
106
-72
-181
-70
79
50
-39
-13
34
-25
-68
21
92
4
-77
27
131
-29
-262
-166
171
267
47
-95
-20
6
-88
-79
45
55
-70
-117
-38
4
-33
-16
61
40
-76
-79
41
49
-73
-67
79
84
-63
-70
79
79
-91
-106
91
150
-59
-181
14
201
58
-153
-75
96
2
-191
-120
104
122
-33
-55
54
38
-99
-93
71
95
-88
-169
-16
86
-31
-116
22
151
26
-171
-119
124
208
18
-175
-121
78
150
28
-115
-117
4
102
65
-67
-130
-25
132
131
-43
-166
-77
82
78
-59
-87
50
115
-20
-144
-63
70
52
-27
-19
-8
-77
-75
80
154
-40
-250
-133
167
212
-32
-163
-37
39
-77
-128
8
101
27
-52
-41
-32
-37
19
64
-31
-162
-96
111
148
-44
-149
-14
93
-13
-104
-4
80
-20
-97
26
148
42
-154
-156
45
175
66
-122
-135
10
63
-53
-117
32
190
76
-201
-235
59
258
81
-169
-128
31
-10
-109
7
163
44
-192
-158
95
173
-8
-125
-17
76
-26
-125
-26
96
11
-149
-106
104
188
32
-150
-129
35
86
-53
-160
-64
68
15
-118
-79
92
138
0
-122
-85
36
104
66
-49
-155
-138
23
151
63
-130
-150
32
150
72
-42
-59
-40
-44
-25
18
20
-12
-12
8
-12
-59
-52
20
59
-20
-137
-110
95
254
130
-189
-333
-100
226
226
-56
-184
-25
81
-51
-146
-2
150
76
-81
-103
-53
-63
-63
46
140
51
-121
-137
-4
66
9
-45
-29
14
52
41
-75
-183
-86
146
181
-72
-269
-132
127
148
-27
-98
-37
-50
-112
-7
174
100
-194
-273
-6
186
25
-161
-14
208
67
-256
-240
85
187
-66
-203
23
222
38
-237
-159
146
218
4
-144
-87
-11
-21
-27
17
47
19
-54
-116
-81
57
147
53
-116
-128
3
24
-101
-76
152
178
-144
-305
23
331
95
-316
-251
145
229
-65
-195
13
133
-34
-121
57
135
-77
-191
37
226
43
-212
-141
93
86
-129
-180
13
126
-28
-219
-182
21
159
136
13
-106
-125
-21
106
117
1
-121
-142
-73
5
47
56
31
-30
-82
-59
9
16
-45
-54
19
34
-77
-153
-45
115
99
-49
-88
23
63
-53
-119
6
129
42
-118
-107
29
56
-50
-78
55
148
13
-209
-209
50
242
118
-143
-185
29
175
54
-130
-108
38
47
-66
-83
-6
-20
-91
-12
152
94
-179
-244
65
318
130
-200
-146
180
226
-89
-260
-33
222
130
-142
-205
-27
107
59
-37
-49
-10
18
28
23
3
-17
-37
-64
-62
-5
37
-7
-64
-30
41
9
-86
-62
83
109
-63
-162
-1
172
60
-175
-167
71
186
44
-108
-68
48
52
-18
-21
27
14
-60
-96
-51
30
81
51
-46
-110
-53
69
118
48
-55
-107
-92
-8
124
179
29
-207
-213
73
284
107
-222
-225
96
247
10
-225
-96
157
115
-123
-129
117
192
-52
-233
-70
165
127
-56
-72
38
37
-37
6
92
-8
-202
-154
147
284
43
-241
-189
62
128
-27
-112
0
116
52
-96
-111
42
165
94
-86
-145
-14
118
62
-96
-108
54
149
39
-106
-88
20
45
3
17
54
-8
-105
-42
150
187
-27
-209
-103
116
123
-57
-119
19
103
-15
-118
15
222
198
-42
-186
-98
31
19
-38
16
101
36
-117
-105
101
216
66
-124
-66
132
132
-102
-226
-56
153
110
-71
-109
-9
34
14
73
156
65
-155
-219
-33
141
103
-6
8
60
3
-68
7
146
152
33
-58
-79
-81
-44
65
128
23
-117
-59
124
124
-85
-164
40
225
114
-115
-135
21
76
-15
-36
58
63
-80
-132
37
191
103
-74
-57
93
89
-76
-100
103
206
-9
-239
-96
252
298
-26
-252
-106
117
81
-77
-62
63
41
-81
-47
106
96
-67
-67
131
182
-35
-183
-23
185
122
-80
-96
48
81
-23
-48
38
68
28
46
85
8
-110
-68
101
152
13
-117
-84
20
71
82
70
-11
-98
-46
81
67
-65
-62
98
128
-69
-194
-37
162
103
-76
-55
108
97
-84
-115
69
172
42
-96
-33
101
77
-65
-95
38
133
47
-98
-108
16
100
46
-48
-42
35
45
-14
-5
74
57
-72
-95
74
192
63
-117
-68
99
60
-150
-151
122
273
75
-159
-99
92
97
-28
-16
111
81
-122
-193
-1
184
109
-96
-157
-46
60
64
25
9
8
-2
-7
5
6
-27
-57
-18
83
138
53
-106
-153
-17
135
114
-27
-86
-27
-4
-71
-76
65
171
52
-156
-164
42
182
96
-49
-59
4
-10
-57
-5
89
63
-53
-57
75
126
-14
-149
-78
101
148
43
-39
-27
-13
-37
-19
53
78
9
-63
-57
9
69
91
62
-19
-96
-87
2
75
82
60
23
-46
-81
15
164
156
-33
-154
-37
149
150
-6
-90
-36
7
-21
-12
71
105
27
-59
-51
9
30
-2
-34
-42
-19
34
72
20
-99
-141
-33
115
147
47
-83
-128
-36
128
193
53
-161
-201
-25
139
117
20
18
49
-26
-117
-45
123
137
-38
-159
-78
69
94
15
-39
-35
-15
25
85
85
-20
-114
-69
60
99
-5
-113
-78
70
160
97
-33
-81
-23
31
10
-18
32
103
58
-87
-143
-12
151
141
-19
-132
-96
0
59
85
89
20
-108
-144
5
173
120
-102
-173
28
219
121
-128
-191
-23
107
44
-62
-45
29
27
-23
-21
16
17
9
46
80
35
-44
-44
36
84
46
-8
-6
16
-3
-30
10
86
81
-31
-121
-66
80
145
71
-26
-40
-9
-5
6
70
108
23
-110
-125
-8
90
68
-11
-52
-54
-50
-23
36
59
-6
-84
-59
45
85
2
-98
-84
29
106
75
10
1
9
-39
-96
-39
105
161
47
-93
-81
48
111
29
-93
-118
-35
75
130
83
-52
-169
-150
4
149
141
-8
-140
-117
21
107
58
-32
-52
-24
-36
-74
-40
71
132
67
-42
-79
-48
-13
25
82
98
20
-82
-82
9
61
13
-38
-5
52
23
-64
-71
44
145
103
-31
-106
-68
2
31
36
56
65
25
-46
-94
-99
-66
11
96
97
-26
-158
-146
7
132
99
-37
-117
-63
65
144
117
24
-51
-66
-55
-52
-36
21
70
43
-34
-74
-52
-22
-8
18
52
39
-37
-100
-88
-28
29
76
92
18
-118
-163
-31
145
160
11
-115
-102
-28
-5
-19
1
47
54
6
-54
-71
-23
49
61
-11
-80
-53
37
76
25
-40
-51
-28
-14
-2
8
-12
-40
-4
83
100
-6
-124
-122
-24
45
28
-25
-52
-51
-42
-23
14
55
63
5
-96
-146
-66
81
134
38
-90
-122
-62
23
94
121
60
-60
-112
-27
83
53
-86
-140
-31
90
70
-42
-97
-56
-2
5
2
19
15
-49
-103
-42
99
151
31
-139
-181
-73
59
117
104
45
-50
-114
-60
79
137
34
-101
-104
0
65
30
-46
-88
-73
5
111
136
5
-171
-185
-14
136
101
-39
-114
-89
-45
-13
42
102
88
-13
-104
-105
-22
80
136
91
-38
-135
-86
61
131
43
-78
-64
68
148
72
-72
-123
-22
125
160
42
-104
-122
-8
99
97
26
-17
-14
-20
-44
-24
70
158
126
-23
-157
-143
1
121
104
3
-50
-22
16
6
-27
-48
-42
-8
41
40
-56
-161
-115
95
247
153
-84
-194
-89
53
63
-21
-52
3
35
-31
-121
-109
10
98
45
-85
-125
-25
80
56
-42
-63
17
83
65
8
-36
-75
-101
-45
96
188
110
-57
-118
-21
92
92
13
-40
-42
-19
26
83
86
0
-80
-32
101
142
27
-99
-85
27
86
53
16
20
12
-38
-68
-12
95
144
78
-48
-114
-59
57
106
29
-90
-112
-15
88
86
-12
-114
-140
-78
22
84
65
2
-34
-19
11
19
14
15
17
14
15
14
-14
-47
-25
50
87
26
-73
-114
-86
-36
27
117
177
113
-53
-162
-105
49
145
117
25
-38
-33
14
43
17
-42
-62
-2
90
113
32
-71
-84
2
85
67
-30
-103
-81
13
99
125
75
-24
-112
-117
-22
105
165
113
-1
-82
-70
0
46
30
-6
-5
31
60
50
10
-36
-61
-47
-5
25
18
-1
2
10
-11
-44
-38
1
14
-16
-34
-1
47
48
1
-44
-55
-44
-19
33
88
77
-31
-144
-133
0
103
59
-70
-126
-58
37
64
33
0
-19
-26
-13
15
30
21
13
16
8
-22
-51
-48
-9
34
51
38
15
-2
-18
-40
-42
13
96
105
-6
-127
-127
-25
51
57
42
23
-33
-102
-92
16
117
116
35
-39
-75
-81
-43
50
135
122
11
-102
-127
-68
5
40
48
51
33
-32
-101
-98
-23
47
65
50
19
-42
-107
-102
-5
85
67
-31
-96
-87
-52
-18
22
51
35
-11
-43
-49
-47
-22
41
96
66
-46
-133
-106
-5
54
26
-23
-23
5
1
-41
-61
-33
-7
-29
-64
-41
24
50
11
-31
-22
16
35
25
5
2
20
29
-5
-60
-70
-4
74
84
25
-24
-12
31
54
46
18
-15
-33
-26
-17
-29
-39
-19
4
-13
-49
-39
21
58
23
-30
-19
42
59
-9
-88
-82
7
88
85
10
-62
-74
-29
30
51
10
-56
-73
-14
54
42
-42
-108
-96
-27
37
50
8
-53
-76
-37
17
22
-23
-59
-42
3
29
25
5
-20
-32
-13
26
52
55
48
34
2
-38
-48
-15
17
6
-34
-43
3
60
64
5
-66
-84
-33
42
81
55
-17
-76
-71
-1
63
43
-45
-104
-66
26
81
60
-5
-66
-98
-80
-16
42
35
-19
-38
10
56
30
-38
-61
-27
2
1
11
42
34
-48
-124
-97
10
78
48
-20
-48
-33
-6
22
42
24
-30
-64
-33
31
58
29
-11
-22
-9
5
15
17
-5
-43
-50
7
86
97
9
-97
-111
-12
105
132
60
-37
-78
-42
26
52
11
-49
-62
-31
-5
-4
6
34
30
-28
-78
-49
34
81
56
2
-27
-20
13
38
16
-51
-89
-40
53
78
0
-92
-93
-16
44
28
-31
-65
-44
13
57
50
-5
-58
-62
-19
21
20
-6
-15
-1
5
-13
-27
-16
0
-14
-47
-57
-25
23
49
39
2
-35
-48
-32
-15
-19
-28
-6
36
48
12
-21
-4
42
59
24
-25
-49
-41
-16
15
42
48
23
-9
-19
-3
16
27
38
47
30
-15
-58
-73
-74
-76
-62
-11
43
42
-6
-28
11
66
81
61
39
14
-23
-46
-15
50
80
32
-57
-116
-103
-33
44
74
44
-9
-30
-8
16
7
-23
-40
-32
-10
14
27
15
-19
-40
-21
17
26
-6
-38
-36
-11
7
11
1
-29
-64
-63
-4
67
83
38
-16
-37
-32
-17
5
25
12
-37
-76
-60
2
51
51
16
-16
-12
25
67
83
61
17
-19
-28
-13
8
18
13
-2
-19
-31
-33
-20
2
15
15
14
14
1
-26
-37
-13
24
42
38
34
27
1
-28
-16
31
53
13
-48
-64
-29
13
34
30
7
-27
-49
-37
2
32
33
18
1
-24
-59
-79
-60
-13
22
18
-13
-39
-46
-44
-34
-5
36
60
50
23
6
-6
-25
-43
-42
-26
-25
-40
-41
-7
35
45
18
-22
-45
-40
-18
0
0
-9
-9
-3
-1
-4
-5
-1
12
36
74
102
94
50
1
-27
-41
-45
-34
-7
15
11
-6
-11
6
34
60
79
86
76
50
21
5
2
2
-4
-14
-23
-22
-4
31
69
89
74
32
-11
-31
-21
5
31
40
33
21
13
6
-1
0
14
28
29
16
-1
-22
-42
-41
-13
20
29
9
-13
-14
3
24
33
21
-9
-35
-37
-25
-21
-27
-27
-28
-40
-48
-28
15
42
33
16
17
26
17
-6
-22
-28
-31
-27
-12
0
-8
-28
-31
-14
1
-3
-8
-1
1
-21
-49
-47
-20
-6
-15
-15
11
30
16
-4
0
13
-5
-41
-54
-36
-21
-23
-17
1
1
-22
-27
8
38
22
-17
-23
1
4
-29
-54
-39
-8
2
-3
5
27
29
2
-22
-15
12
19
-2
-19
-5
24
35
21
7
8
13
9
4
11
16
1
-26
-34
-16
4
4
0
7
18
13
5
17
44
52
28
-6
-19
-10
3
6
-7
-28
-40
-28
4
27
21
5
3
20
32
28
14
2
-5
-9
-12
-15
-16
-14
-12
-11
-11
-9
-4
2
7
13
17
14
4
1
11
26
38
50
61
57
32
1
-9
4
15
6
-12
-19
-14
-15
-21
-16
6
20
6
-13
-8
20
41
37
19
0
-19
-31
-17
14
27
2
-38
-55
-49
-44
-42
-31
-13
-3
-6
-11
-8
-6
-14
-29
-38
-31
-8
18
23
2
-23
-25
-5
11
6
-14
-29
-28
-13
6
13
6
0
9
23
23
8
1
13
26
12
-22
-46
-47
-39
-34
-25
-6
9
5
-4
0
14
19
17
25
39
34
5
-16
-10
2
-4
-15
-13
-5
-9
-15
-1
24
24
-7
-37
-34
-8
14
22
24
26
30
35
36
30
20
15
15
14
2
-17
-34
-37
-27
-15
-5
4
16
28
35
31
19
4
-5
-4
4
7
-1
-10
-7
3
5
0
1
7
9
7
8
15
21
19
8
-6
-13
-8
5
13
11
8
14
24
22
7
-7
-10
-8
-2
2
1
-11
-23
-19
5
35
50
43
24
12
13
19
19
10
-4
-17
-25
-23
-12
0
2
-8
-12
-2
14
24
25
20
12
2
-5
-11
-16
-19
-15
-9
-7
-9
-5
3
7
-1
-10
-11
-5
-4
-10
-16
-15
-1
17
23
10
-4
2
24
40
33
12
-3
-5
2
5
3
2
5
5
-1
-8
-3
13
30
34
24
11
5
7
12
15
10
3
3
12
18
15
6
1
2
11
19
19
11
5
11
23
27
21
15
16
19
20
23
28
25
14
6
10
16
13
5
2
4
6
7
9
13
17
21
28
38
42
35
22
8
-4
-12
-13
-4
13
20
8
-14
-22
-6
17
29
27
23
20
14
4
-5
-8
-3
5
10
8
3
0
1
6
14
20
18
2
-20
-32
-31
-25
-18
-7
5
5
-12
-28
-23
-2
18
22
10
-7
-23
-33
-35
-31
-23
-16
-13
-20
-32
-36
-24
-6
2
-3
-13
-18
-15
-10
-8
-8
-8
-8
-14
-20
-18
-8
2
4
-1
-5
-6
-6
-2
9
21
27
20
2
-13
-14
1
15
14
-2
-14
-10
-1
1
-2
-3
0
0
-5
-7
-3
5
14
18
17
12
6
6
10
12
7
1
-1
3
10
14
13
7
4
4
8
15
22
19
5
-10
-15
-7
4
9
6
3
2
3
5
7
10
15
19
18
11
3
0
1
0
-2
2
10
13
4
-8
-9
4
17
18
7
-2
-2
2
5
6
8
7
2
-1
6
18
22
20
21
26
25
16
6
3
2
0
-1
3
7
4
-4
-7
0
12
16
11
-1
-14
-23
-25
-21
-13
-7
-6
-11
-14
-13
-9
-9
-10
-13
-16
-18
-17
-13
-9
-10
-15
-18
-16
-12
-8
-5
-4
-5
-9
-13
-11
-6
-2
-5
-15
-25
-30
-25
-16
-11
-9
-6
-2
1
-1
-5
-8
-10
-15
-24
-31
-27
-19
-14
-16
-15
-9
-4
-2
2
12
19
14
2
-3
0
1
-2
-3
0
1
0
3
10
11
7
5
9
8
-8
-26
-28
-14
-1
2
0
0
1
-3
-4
4
13
12
-1
-14
-17
-14
-12
-13
-16
-20
-23
-21
-8
5
7
-2
-8
-1
5
-2
-18
-24
-16
-10
-16
-27
>>>>>>> Stashed changes
-32
-20
<<<<<<< Updated upstream
-3
8
0
-12
-9
8
19
19
25
36
31
5
-14
-10
-2
-6
-13
-10
-6
-14
-19
0
28
27
-7
-36
-31
-6
14
23
28
30
27
25
26
27
24
20
18
15
5
-16
-35
-39
-28
-13
-1
8
18
29
34
28
17
7
2
5
11
12
4
-3
=======
-12
-3
1
-4
-12
-12
-3
-2
-16
-32
-33
-18
-2
3
1
-2
-8
-17
-21
-13
-1
3
-7
-19
-21
-19
-19
-21
-19
-13
-8
-6
-2
7
15
15
9
1
-7
-16
-25
-27
-20
-8
-1
-2
-5
-3
5
12
10
2
-3
1
7
9
7
5
6
6
2
-2
-1
4
8
7
1
-5
-8
-5
-2
-4
-8
-7
-2
3
4
5
9
10
3
-9
-13
-9
-6
-13
-24
-30
-30
-29
-25
-15
>>>>>>> Stashed changes
-3
-1
-8
-14
-9
1
<<<<<<< Updated upstream
0
-2
1
7
7
6
11
21
25
17
3
-8
-12
-6
7
17
17
13
14
18
14
1
-12
-16
-13
-5
3
2
-13
-27
-21
6
36
48
38
19
7
9
16
17
9
-5
-20
-27
-24
-9
4
5
-4
-6
2
12
16
17
18
13
3
-7
-12
-15
-16
-14
-10
-8
-7
-3
=======
4
3
2
0
-9
-18
-16
-5
4
0
-11
-16
-13
-6
-2
-2
-4
-6
-5
-2
-2
-7
-12
-12
-3
10
16
10
0
-1
7
13
7
-3
-9
-7
-5
-2
>>>>>>> Stashed changes
3
9
9
3
0
5
<<<<<<< Updated upstream
-1
-8
-8
-4
-3
-8
-14
-13
-1
18
26
14
-2
-1
19
37
33
15
0
0
5
7
3
2
4
5
2
-2
4
21
34
32
20
9
7
9
13
14
11
6
7
13
18
15
8
0
-2
4
13
15
8
2
7
19
23
17
12
16
21
24
27
29
23
10
1
3
8
6
1
-1
3
6
8
11
16
20
23
27
33
37
34
25
13
-1
-12
-14
-4
12
19
7
-12
-16
1
22
28
23
20
19
15
5
-6
-10
-5
3
8
7
3
2
5
10
16
21
19
5
-16
-30
-30
-24
-17
-6
6
7
-8
-23
-21
-2
16
21
12
-5
-23
-34
-37
-32
-25
-18
-14
-17
-26
-29
-20
-7
-2
-8
-18
-21
-17
-13
-13
-13
-10
-9
-14
-21
-18
-6
4
2
-7
-13
-12
-8
-2
7
18
25
18
1
-14
-13
4
20
17
-1
-13
-8
1
0
-5
-5
0
-1
-7
-10
-4
8
18
21
18
12
7
9
14
16
11
3
-2
1
8
13
11
6
5
9
14
17
20
18
9
-5
-13
-9
0
6
5
1
1
5
11
14
15
16
19
18
11
2
0
4
4
1
1
8
13
6
-7
-11
1
16
18
6
-5
-4
0
2
2
3
3
0
-1
7
20
25
20
16
20
22
16
7
1
-2
-3
-2
2
4
0
-4
-3
4
11
14
10
2
-10
-20
-23
-20
-14
-9
-10
-13
-13
-9
-5
-5
-6
-7
-10
-15
-16
-11
-7
-10
-18
-23
-20
-13
-9
-4
-1
-1
-5
-10
-8
-2
2
-2
-15
-26
-27
-20
-13
-12
-9
-2
4
3
-3
-8
-6
-4
-9
-21
-29
-27
-21
-19
-21
-17
-8
-1
0
3
12
17
11
-2
-5
1
4
-1
-4
-2
0
-1
1
6
7
2
1
5
5
-8
-25
-28
-16
-3
-1
-4
-5
-5
-4
-1
7
14
10
-1
-10
-12
-12
-13
-14
-16
-20
-26
-24
-10
6
8
-2
-8
0
8
2
-13
-18
-11
-8
-17
-31
-34
-28
-19
-10
-1
4
-2
-12
-13
-4
-1
-13
-30
-31
-17
-3
0
-3
-6
-9
-15
-19
-14
-2
3
-5
-16
-21
-19
-18
-18
-15
-10
-6
-5
-2
6
12
10
3
-2
-6
-13
-21
-26
-21
-10
-4
-6
-10
-7
3
12
10
0
-5
-2
6
9
7
5
5
4
-1
-5
-3
3
8
5
-2
-9
-10
-5
0
0
-4
-5
-1
3
2
2
6
10
7
-3
-8
-6
-4
-9
-20
-26
-29
-30
-25
-13
-1
0
-9
-15
-9
0
2
0
1
2
-5
-13
-13
-2
5
0
-12
-17
-12
-5
-2
-3
-7
-9
-8
-5
-3
-5
-9
-8
0
11
15
9
-1
-2
7
12
5
-6
-10
-6
-3
-2
3
9
11
5
0
3
9
11
9
8
4
-5
-12
-11
-5
-5
-10
-11
-5
2
3
-1
-4
-4
-2
-1
1
2
0
-1
-2
-4
-8
-11
-12
-9
-6
-4
-2
2
3
0
=======
10
10
10
12
11
3
-6
-8
-4
-3
-9
-11
-5
5
7
3
-1
-2
0
2
2
2
0
-1
-2
-4
-8
-11
-10
-8
>>>>>>> Stashed changes
-7
-7
-5
0
2
-1
-5
-6
-7
-9
-12
-15
-15
<<<<<<< Updated upstream
-12
-9
-9
-14
-18
-17
-13
-11
-13
-18
-20
-20
-22
-28
-34
-34
-28
-22
-20
-20
-21
-21
-20
-15
-8
-4
-6
-11
-10
-5
-1
-4
-10
-12
-9
-6
-4
-3
-1
2
3
4
3
2
1
-3
-6
-4
3
9
12
11
8
5
2
3
7
11
12
10
8
5
1
-1
1
2
-1
-5
-2
5
9
7
2
-1
1
2
3
4
4
3
4
8
13
14
10
7
9
18
26
26
19
14
13
13
9
4
4
5
3
1
2
5
8
9
11
14
16
16
16
16
15
11
9
7
2
-2
-3
3
10
13
14
13
12
10
9
10
11
12
11
10
9
9
10
14
16
14
12
13
17
18
14
9
5
5
4
0
-4
-2
5
10
8
3
-2
-1
1
0
-3
-6
-8
-7
-7
-11
-17
-19
-16
-12
-10
-10
-6
-1
2
2
0
-2
-3
-6
-9
-9
-6
-2
0
-1
-3
-5
-6
-8
-8
-5
-1
2
3
2
1
-1
-2
-1
2
4
5
7
8
9
9
8
6
2
-1
-4
-5
-5
-4
-2
2
5
6
6
8
11
14
16
17
17
16
11
5
1
0
2
2
0
-1
0
3
5
5
6
6
6
6
6
5
0
-5
-7
-7
-8
-9
-9
-7
-3
1
5
4
2
-2
-4
-5
-2
2
5
7
6
5
5
4
2
3
4
5
2
1
1
1
-1
-3
-2
1
3
2
0
1
3
6
9
8
5
3
2
2
4
5
4
2
0
-2
-3
-2
2
5
7
8
9
11
12
10
10
11
13
15
16
17
16
13
12
11
11
9
7
4
2
2
3
5
6
7
9
10
11
12
12
13
10
6
1
-4
-7
-9
-9
-6
-5
-5
-6
-6
-4
-1
2
5
8
9
10
10
10
10
10
9
8
6
5
3
3
3
4
3
1
-3
-5
-3
0
3
4
5
7
8
9
9
9
9
7
5
5
3
1
-3
-6
-7
-7
-8
-8
-6
-2
2
4
4
4
5
5
5
5
5
5
5
4
3
1
-1
-3
-4
-4
-4
-4
-4
-4
-5
-7
-9
-10
-10
-10
-10
-9
-9
-8
-8
-8
-9
-10
-12
-12
-11
-13
-15
-16
-15
-13
-12
-12
-11
-10
-8
-7
-6
-5
-6
-7
-7
-7
-7
-7
-7
-7
-9
-10
-13
-14
-13
-12
-10
-7
-4
-2
-1
-1
0
2
4
3
2
0
-1
-2
-2
-2
-1
1
2
2
2
4
6
9
9
8
5
2
-1
-3
-3
-2
0
1
1
0
0
1
2
4
6
7
7
6
4
3
2
3
5
8
9
11
13
15
15
14
12
10
9
9
8
7
7
8
9
10
9
10
13
16
17
17
17
17
16
15
13
13
13
13
13
14
15
17
18
17
16
16
15
13
13
13
12
10
7
5
4
4
5
7
9
10
10
9
9
8
7
5
3
2
2
3
5
5
4
4
4
4
3
2
1
1
1
-1
-4
-8
-11
-12
-10
-7
-4
-1
2
4
5
5
2
-3
-7
-10
-13
-14
-15
-13
-10
-6
-4
-3
-4
-6
-7
-7
-7
-7
-8
-10
-11
-12
-12
-11
-10
-8
-5
-2
-1
-1
-2
-3
-5
-9
-11
-13
-14
-14
-13
-10
-9
-7
-6
-6
-7
-6
-6
-6
-7
-9
-12
-14
-16
-16
-15
-13
-10
-5
-2
0
0
0
-1
-2
-3
-5
-8
-9
-10
-9
-7
-5
-4
-4
-4
-4
-3
-2
-1
-2
-3
-4
-4
-5
-5
-5
-3
-1
2
4
5
5
3
2
2
1
-1
-3
-4
-3
-2
0
1
2
3
4
6
8
8
7
7
6
5
3
2
1
0
0
1
3
5
6
7
9
10
9
8
6
5
5
4
5
6
6
5
5
5
5
5
4
2
0
-1
-2
-3
-5
-6
-7
-6
-5
-3
-1
2
4
5
5
4
2
1
1
2
2
4
6
7
7
7
6
7
8
8
7
6
5
5
4
4
4
3
2
1
1
2
4
5
4
2
0
-2
-4
-5
-5
-4
-4
-4
-4
-2
-1
-1
0
2
3
3
2
1
0
-1
-2
-3
-4
-5
-5
-4
-2
-1
0
2
3
4
3
3
3
4
5
5
6
6
5
5
5
6
8
9
8
8
8
7
6
5
3
3
3
3
3
2
2
2
3
4
2
0
-2
-4
-4
-4
-4
-4
-3
-3
-3
-4
-4
-3
-3
-3
-3
-3
-2
-2
-3
-4
-5
-6
-6
-6
-7
-7
-6
-5
-5
-6
-7
-8
-10
-10
-9
-8
-8
-9
-9
-10
-11
-13
-13
-13
-13
-16
=======
-13
-10
-9
-11
-14
-16
-15
-13
-14
-17
-19
-20
-23
-28
-34
-34
-31
-25
-20
>>>>>>> Stashed changes
-18
-19
-19
-20
-22
-21
-14
-5
-1
-4
-9
-11
-8
-5
-8
-11
-12
-10
-8
-6
-4
-1
1
3
5
7
6
0
-6
-8
-4
4
10
13
14
11
6
2
4
10
16
15
11
9
6
2
-2
-2
1
0
-3
-2
3
8
7
2
1
2
5
5
5
4
3
4
7
11
12
9
5
7
15
23
23
17
13
13
12
7
3
2
4
2
0
0
2
5
9
14
18
18
15
15
15
12
7
5
6
4
-2
-3
2
9
14
16
15
13
11
9
9
10
12
12
12
10
9
12
16
16
14
13
16
19
19
15
9
6
5
4
-1
-4
-3
3
8
9
5
3
2
2
0
-3
-5
-7
-6
-5
-8
-15
-19
-17
-13
-10
-9
-5
-1
2
1
-1
-2
-4
-7
-11
-11
-9
-6
-5
-6
-6
-6
-7
-8
-9
-6
-1
2
2
1
-1
-3
-4
-2
0
2
3
5
7
9
8
7
5
3
-1
-4
-6
-5
-4
-1
2
5
6
6
7
10
13
16
18
17
16
11
5
2
2
3
2
-1
-1
1
4
6
6
6
6
6
6
7
5
2
-2
-4
-5
-7
-10
-10
-8
-3
2
4
3
1
-2
-5
-5
-3
1
4
5
4
5
5
5
4
4
5
5
3
2
2
2
0
-2
-2
1
2
2
1
1
3
5
7
7
5
2
1
2
4
4
2
0
0
-1
-2
-1
3
7
8
7
9
12
13
12
11
11
13
14
17
18
17
15
13
13
13
11
8
5
3
2
4
6
7
8
9
11
11
10
11
11
10
6
1
-4
-7
-9
-8
-8
-8
-8
-8
-6
-4
0
2
5
8
9
11
11
12
12
12
10
8
6
5
4
4
4
4
3
0
-2
-4
-4
-1
3
5
4
4
5
8
9
10
10
9
7
5
3
0
-4
-6
-6
-6
-8
-9
-5
0
3
4
4
4
4
4
5
5
5
4
4
4
3
0
-2
-3
-4
-5
-4
-4
-3
-5
-6
-7
-9
-10
-11
-11
-11
-10
-10
-10
-10
-10
-10
-11
-13
-13
-13
-13
-14
-15
-14
-13
-13
-12
-11
-9
-9
-8
-7
-5
-6
-7
-7
-7
-6
-6
-7
-7
-8
-10
-12
-13
-13
-11
-9
-6
-4
-3
-2
-1
1
3
5
5
4
3
1
-1
-2
-2
-2
0
1
2
4
5
7
9
9
8
5
2
-1
-2
-3
-2
0
2
2
1
0
1
2
4
6
7
7
5
4
3
3
3
5
7
9
11
13
14
14
13
11
10
10
10
9
9
9
9
10
11
11
12
14
17
19
20
19
18
17
16
14
13
12
12
12
13
15
16
17
17
16
16
15
15
14
14
13
10
7
4
2
3
5
7
9
9
10
11
10
9
8
5
2
0
0
2
3
3
3
3
2
2
2
1
0
0
0
-1
-5
-9
-12
-13
-11
-8
-5
-2
0
2
4
4
1
-3
-7
-9
-12
-15
-17
-16
-13
-9
-8
-7
-8
-8
-7
-7
-6
-7
-8
-9
-12
-13
-14
-13
-11
-9
-5
-2
-1
-2
-3
-4
-5
-8
-10
-13
-14
-14
-13
-11
-9
-7
-7
-8
-8
-7
-6
-6
-6
-8
-11
-14
-15
-16
-15
-13
-11
-7
-4
-3
-2
-2
-2
-3
-5
-7
-8
-10
-10
-10
-7
-5
-5
-5
-5
-4
-3
-2
-2
-2
-2
-2
-3
-4
-5
-4
-2
0
2
4
4
3
2
1
2
1
-2
-5
-6
-5
-3
-1
1
2
3
4
5
6
7
6
6
7
6
4
2
0
0
0
1
4
6
7
7
8
9
9
8
7
6
5
5
6
6
6
6
6
5
5
4
4
3
2
0
-2
-3
-5
-6
-6
-5
-4
-3
-1
2
5
5
5
4
2
0
0
2
4
5
5
6
7
6
6
6
6
7
7
6
6
5
5
5
4
2
1
0
1
3
5
6
5
2
0
-3
-5
-6
-5
-3
-3
-4
-3
-2
-1
-1
-2
-1
1
2
1
0
0
0
-1
-3
-5
-7
-7
-5
-2
0
0
1
2
3
3
2
2
2
4
5
5
5
5
5
5
5
6
7
7
7
7
7
6
5
4
4
4
4
3
2
1
2
3
2
1
-2
-3
-4
-4
-4
-4
-4
-4
-4
-4
-4
-4
-3
-2
-3
-3
-4
-3
-2
-2
-2
-4
-5
-6
-6
-7
-6
-5
-4
-4
-5
-7
-8
-9
-9
-9
-8
-8
-8
-9
-9
-10
-12
-12
-13
-14
-15
-17
-18
-19
-20
-20
-21
-20
-20
-19
-17
-16
-16
<<<<<<< Updated upstream
-15
=======
-16
-16
>>>>>>> Stashed changes
-14
-13
-12
-9
-7
-5
<<<<<<< Updated upstream
-5
-6
-6
-5
-5
-5
-5
-7
-7
-6
-4
-2
-2
=======
-6
-7
-7
-6
-5
-6
-7
-8
-8
-6
-4
>>>>>>> Stashed changes
-2
-1
-1
0
1
2
3
<<<<<<< Updated upstream
4
4
4
4
4
4
4
4
5
5
=======
4
5
5
4
4
4
4
4
3
4
5
>>>>>>> Stashed changes
6
7
8
9
9
8
7
6
<<<<<<< Updated upstream
5
5
5
6
7
8
8
7
8
9
10
10
10
11
11
10
=======
6
6
6
6
7
8
>>>>>>> Stashed changes
9
9
9
9
10
11
<<<<<<< Updated upstream
11
10
11
12
12
12
11
10
10
9
9
11
12
12
11
11
11
10
10
11
12
14
14
=======
12
12
11
11
10
9
9
10
11
12
12
11
10
11
12
12
10
9
8
8
8
10
11
12
11
10
11
11
10
10
11
12
>>>>>>> Stashed changes
13
12
11
10
<<<<<<< Updated upstream
=======
9
10
10
10
9
9
9
10
>>>>>>> Stashed changes
10
11
12
11
10
<<<<<<< Updated upstream
10
11
11
10
10
9
9
8
7
6
6
7
9
=======
>>>>>>> Stashed changes
9
8
6
5
5
6
7
8
8
7
5
5
5
5
5
5
5
4
4
3
1
-1
-2
<<<<<<< Updated upstream
-1
-1
-2
-3
-3
-2
-3
=======
-2
-2
-3
-4
-4
-4
-4
>>>>>>> Stashed changes
-5
-7
-7
-7
-7
-8
-8
-9
-9
-9
-10
<<<<<<< Updated upstream
=======
-10
>>>>>>> Stashed changes
-11
-12
-13
-13
<<<<<<< Updated upstream
-14
-14
-14
=======
-13
-13
>>>>>>> Stashed changes
-14
-15
-15
-15
-15
-15
-13
-13
-12
-12
-12
-13
-13
-13
<<<<<<< Updated upstream
-13
-12
-12
-12
-12
-11
-10
-9
-8
-8
-9
-10
-10
-9
-8
=======
-12
-11
-10
-11
-11
-10
-9
-9
-8
-7
-8
-9
-9
-9
-8
-7
-6
-6
>>>>>>> Stashed changes
-6
-5
-5
-6
-7
<<<<<<< Updated upstream
-8
=======
-7
>>>>>>> Stashed changes
-7
-7
-6
-5
-4
-5
<<<<<<< Updated upstream
-5
-5
=======
-6
-6
-4
-3
-2
>>>>>>> Stashed changes
-3
-3
-2
-2
-2
-3
-3
-3
-2
-2
<<<<<<< Updated upstream
-1
=======
-2
-2
-2
-3
-3
-2
-2
-2
>>>>>>> Stashed changes
-2
-2
-3
<<<<<<< Updated upstream
-2
-2
-2
-2
-2
-2
-2
-2
=======
-4
-5
>>>>>>> Stashed changes
-4
-4
-4
-3
-3
-4
<<<<<<< Updated upstream
-3
-3
-4
-5
=======
>>>>>>> Stashed changes
-5
-4
-2
-2
-2
-2
-2
<<<<<<< Updated upstream
-1
-1
-1
=======
-2
-2
>>>>>>> Stashed changes
-1
-1
-2
-2
-2
<<<<<<< Updated upstream
=======
-3
-3
-3
-3
-3
-3
-4
-4
-3
-3
-3
-3
-2
-2
-2
-2
-1
-1
0
0
1
1
1
0
0
1
2
2
2
2
2
2
2
3
3
3
2
2
2
2
2
2
2
3
3
2
2
1
1
1
2
2
2
2
2
2
1
1
2
2
3
2
2
1
1
1
0
0
-1
-1
-2
-2
-2
-2
-2
-2
-3
-3
-3
-3
-3
-2
-2
-2
-1
-1
-1
-1
-1
-2
>>>>>>> Stashed changes
-3
-3
-4
-4
<<<<<<< Updated upstream
-3
-3
-3
-2
-1
-1
-1
-1
0
0
0
0
1
1
1
0
1
2
2
2
2
2
3
3
3
3
2
2
2
2
2
2
2
3
3
3
3
2
1
1
2
2
2
2
2
2
2
2
2
2
2
3
3
2
2
1
1
0
-1
-2
-2
-2
-3
-3
-3
-2
-3
-3
-3
-2
-2
-2
-2
-2
-2
-1
-1
0
-1
-1
-2
-2
-3
-3
-3
-3
=======
-4
>>>>>>> Stashed changes
-4
-5
-6
-6
-6
-5
-5
-5
-5
-4
-3
-2
-2
-2
-2
-2
<<<<<<< Updated upstream
-1
-1
-1
-2
-2
=======
-2
-2
-2
-2
-2
-2
-1
>>>>>>> Stashed changes
-2
-2
-2
-2
-2
-2
<<<<<<< Updated upstream
-3
-2
=======
>>>>>>> Stashed changes
-2
-1
0
0
0
<<<<<<< Updated upstream
0
=======
>>>>>>> Stashed changes
0
1
1
1
1
1
2
3
3
2
2
2
2
2
2
2
2
2
3
3
2
2
2
2
2
2
3
3
3
3
<<<<<<< Updated upstream
=======
3
4
>>>>>>> Stashed changes
3
3
3
3
2
2
2
2
2
2
3
2
2
2
3
3
3
3
3
3
3
3
4
3
3
3
3
3
3
2
2
2
2
3
<<<<<<< Updated upstream
3
2
2
2
2
=======
2
2
2
2
2
3
3
>>>>>>> Stashed changes
3
3
3
3
4
<<<<<<< Updated upstream
3
3
=======
4
>>>>>>> Stashed changes
3
3
3
4
3
2
2
2
2
2
2
2
2
3
3
3
3
3
3
3
3
3
2
2
<<<<<<< Updated upstream
1
1
1
1
1
1
2
=======
>>>>>>> Stashed changes
2
2
2
1
1
1
<<<<<<< Updated upstream
0
1
1
1
0
0
-1
-1
-1
-2
-2
-1
0
0
-1
-2
-2
-2
-2
-2
-1
-1
-1
-1
-1
0
-1
-1
-1
-1
-2
-2
-3
-3
-2
-2
-3
-4
-5
-4
-4
-3
-3
-3
-2
-2
-2
-3
-3
-3
-3
-4
-4
-4
-4
-4
-4
-4
-5
-5
-4
-4
-5
-5
-5
-4
-4
-4
-4
-4
-4
-3
-3
-2
-2
-2
-2
-1
-1
-2
-3
-2
-2
-2
-2
-2
-2
-2
-3
-2
-2
-2
-2
-2
-1
-1
-1
-1
-2
-3
-2
-1
-1
-2
-2
-2
-1
-1
-2
-2
-2
-3
-3
-2
-2
-2
-2
-2
-2
-3
-3
-4
-3
-3
-2
-2
-2
-3
-3
-2
-3
-3
-3
-2
-2
-2
-3
-3
-3
-3
-4
-3
-3
-3
-3
-3
-3
-4
-4
-4
-4
-4
-4
-3
-3
-2
-3
-3
-4
-4
-4
-4
-4
-3
-3
-3
-3
-4
-4
-3
-3
-3
-3
-2
-2
-3
-3
-3
-2
-2
-2
-2
-2
-2
-2
-1
-1
-2
-2
-2
-2
-2
-2
-2
-2
-1
-1
-1
-1
-1
0
1
1
0
0
0
0
0
0
0
0
0
0
1
=======
1
2
2
1
1
1
>>>>>>> Stashed changes
1
1
1
2
<<<<<<< Updated upstream
2
2
2
2
2
1
1
1
1
1
1
0
0
1
1
1
1
1
1
1
1
1
0
0
0
0
0
0
-1
-1
0
0
1
0
0
0
-1
-1
-1
-1
-1
-1
-1
-1
-1
-1
-1
0
-1
0
1
1
1
2
2
1
1
1
1
2
2
2
2
2
2
2
2
2
1
0
1
=======
>>>>>>> Stashed changes
1
1
0
0
0
-1
-1
-1
-1
0
0
-1
-1
-2
-2
-2
-2
-1
-1
-1
0
0
0
0
0
0
<<<<<<< Updated upstream
0
-1
-2
-2
-2
-2
-1
-1
-1
-1
-1
-1
-1
-2
-2
-1
0
-1
-1
-1
-1
-1
-2
-2
-2
-2
-2
-2
-2
-2
-2
=======
-1
-1
>>>>>>> Stashed changes
-2
-2
-3
-2
-2
<<<<<<< Updated upstream
-2
-2
-2
-2
-2
-2
=======
-3
-4
-5
-4
-4
-4
-4
-4
-3
-2
-2
-3
-3
-3
-3
-4
-4
-4
-4
-4
-4
-5
-5
-5
-4
-4
-5
-5
-5
-5
-5
-5
-5
-5
-5
-4
-4
-3
-3
-3
-2
-2
-2
-3
-3
-3
-3
-3
-2
-2
-2
-3
-3
-2
>>>>>>> Stashed changes
-2
-2
-1
-1
-1
-1
-1
-2
-2
-3
-2
-2
<<<<<<< Updated upstream
=======
-2
-2
-2
-1
0
-1
-1
-1
-2
-2
-2
-2
-2
-2
-2
-2
-2
-2
-3
-3
>>>>>>> Stashed changes
-3
-3
-2
-2
-2
-2
-2
<<<<<<< Updated upstream
-1
-1
-1
-1
0
0
-1
-1
-1
0
0
0
-1
-1
-1
-2
-2
-1
-1
-1
-1
-2
-1
-1
-1
-1
-1
0
0
0
-1
0
0
-1
-1
=======
-2
-3
-3
-3
-3
-2
-2
-2
-2
-3
-3
-3
-3
-3
-3
-3
-3
-3
-4
-4
-4
-4
-4
-4
-3
-3
-3
-3
-4
-4
-4
-4
-4
-4
-4
-4
-4
-4
-4
-4
-4
-3
-4
-4
-3
-3
-3
-3
-3
-2
-2
-3
-2
-2
-2
-2
>>>>>>> Stashed changes
-1
-1
-1
-2
-2
-2
-2
-2
-2
-2
-2
<<<<<<< Updated upstream
-2
=======
-1
>>>>>>> Stashed changes
-1
-1
-1
-1
0
0
0
<<<<<<< Updated upstream
-1
-1
0
0
-1
-1
0
0
-1
-1
-1
-1
-1
-1
-1
-1
-2
-2
-1
1
1
1
1
1
1
=======
0
0
0
0
>>>>>>> Stashed changes
0
1
1
1
<<<<<<< Updated upstream
1
0
1
1
0
-1
-1
0
1
=======
>>>>>>> Stashed changes
1
1
1
1
2
2
2
2
2
2
2
2
1
0
1
1
1
0
0
1
1
1
<<<<<<< Updated upstream
=======
1
1
1
1
1
1
0
0
0
0
0
-1
-2
-2
-1
-1
0
0
0
-1
-1
-1
-1
-1
-1
-1
-1
-1
-1
-1
-1
0
0
0
1
1
2
2
2
2
2
1
1
1
1
2
2
2
>>>>>>> Stashed changes
2
2
2
2
1
<<<<<<< Updated upstream
=======
0
0
1
1
1
1
1
1
0
-1
0
0
0
0
0
0
0
-1
-1
-2
-2
-2
-1
-1
-1
-1
-1
-1
-1
-2
-2
-2
-1
0
0
-1
-2
-2
-2
-2
-3
-2
-2
-2
-2
-2
-2
-2
-2
-3
-3
-2
-2
-2
-2
-2
-1
-1
-2
-2
-2
-2
-2
-2
-2
-2
-2
-3
-3
-2
-2
-2
-2
-2
-2
-2
-2
-2
-1
-1
0
0
-1
-1
-1
-1
-1
0
0
0
0
-1
-1
-2
-2
-1
0
-1
-1
-2
-1
0
-1
-1
-1
0
0
-1
-1
0
-1
-1
-2
-2
-1
-1
-1
-2
-2
-2
-1
-1
-1
-2
-2
-1
-1
-1
-1
-1
0
-1
-1
-1
0
0
-1
-1
0
0
-1
-1
-1
-1
-1
-1
0
-1
-1
-1
-1
0
>>>>>>> Stashed changes
1
1
1
1
1
1
1
1
1
1
1
1
1
0
-1
0
0
1
1
1
1
1
2
2
1
1
1
2
2
2
1
1
1
1
1
1
0
0
1
1
1
0
0
0
<<<<<<< Updated upstream
1
2
2
=======
0
1
2
2
1
>>>>>>> Stashed changes
1
1
0
1
1
1
1
1
1
1
1
2
1
1
0
0
0
0
-1
0
<<<<<<< Updated upstream
1
1
1
1
0
1
1
1
1
1
1
2
2
1
1
0
1
1
1
1
1
1
1
0
0
1
1
1
1
0
=======
1
1
1
1
1
>>>>>>> Stashed changes
1
1
1
1
1
1
2
2
1
1
1
1
1
1
0
0
0
0
0
0
0
0
0
0
0
0
0
1
1
1
1
1
1
1
0
0
0
0
0
0
0
0
0
0
<<<<<<< Updated upstream
-1
-1
-1
-1
0
0
0
-1
-1
-1
-1
-1
-1
-1
-1
-1
0
0
1
0
-1
-1
-1
-1
-1
-1
0
0
0
0
0
0
-1
0
0
0
-1
-1
-1
-1
-1
-1
-1
-1
-1
-1
-1
-1
-1
-1
0
-1
-1
-1
-1
-1
-1
-1
-1
0
0
0
0
0
0
0
0
0
-1
-1
0
0
0
-1
-1
0
0
0
0
0
0
0
0
0
0
0
0
0
0
0
0
-1
0
0
-1
-1
-1
-1
-1
0
0
0
0
0
-1
-1
0
-1
-1
0
0
0
0
0
0
0
0
0
0
0
0
0
0
0
0
-1
-1
0
0
0
-1
-1
0
0
0
0
0
0
0
=======
1
1
1
1
0
0
1
1
1
1
1
>>>>>>> Stashed changes
1
1
1
1
1
1
1
2
2
1
1
1
1
1
1
0
0
0
0
0
0
0
0
-1
-1
0
0
0
0
1
1
1
1
1
1
1
0
0
1
1
0
0
0
0
0
-1
-1
-1
0
0
0
0
-1
-1
-1
-1
-1
-1
-1
-1
-1
0
0
0
0
-1
-1
-1
-1
-1
-1
-1
0
0
0
0
0
0
0
0
0
-1
-1
-1
-1
0
0
-1
-1
-1
-1
0
0
-1
-1
0
0
-1
-1
-1
-1
-1
-1
0
0
0
0
-1
-1
0
0
0
0
-1
-1
0
0
0
0
0
0
1
0
0
0
0
0
0
0
0
0
0
0
0
0
0
0
0
0
0
-1
-1
-1
0
-1
-1
0
0
0
-1
-1
-1
-1
0
0
0
0
-1
-1
0
0
0
0
0
0
0
0
0
0
0
-1
-1
0
0
0
-1
-1
0
0
0
0
0
0
1
1
1
1
1
1
1
1
2
2
1
1
1
1
1
0
0
0
0
0
0
0
0
0
0
0
0
0
0
0
0
1
1
1
0
0
0
0
0
0
0
-1
0
0
0
0
0
0
0
0
1
1
1
1
1
1
1
1
1
1
1
1
1
1
1
0
0
0
1
0
0
0
0
0
0
0
-1
-1
0
0
0
0
0
0
0
0
0
0
1
1
1
1
1
1
1
1
1
1
0
0
1
1
0
0
1
1
1
0
0
1
1
1
0
0
1
1
1
1
1
1
1
1
1
1
1
1
0
0
0
0
0
0
0
-1
0
0
0
1
1
1
1
1
1
1
1
0
1
1
0
0
0
0
0
0
0
1
1
0
0
0
0
0
0
0
0
0
0
0
0
0
0
1
1
0
0
0
1
1
0
0
1
1
1
1
1
1
1
1
1
1
1
1
1
1
1
0
0
0
0
0
0
0
0
0
-1
0
0
0
-1
-1
-1
0
0
0
0
0
1
0
0
0
0
0
1
1
1
1
1
1
1
1
1
0
1
1
1
0
1
1
1
1
0
0
1
1
1
0
-1
0
1
1
1
1
1
1
1
1
1
1
1
0
0
0
0
0
0
0
0
-1
0
1
1
1
1
1
1
1
1
0
0
0
1
1
1
0
0
0
0
0
0
0
0
0
0
0
0
0
0
0
0
<<<<<<< Updated upstream
0
0
0
1
1
1
1
1
0
0
=======
>>>>>>> Stashed changes
0
1
1
1
1
1
1
1
0
0
0
0
0
0
0
0
0
0
-1
-1
0
0
0
-1
-1
-1
0
0
0
0
0
0
0
0
0
0
0
0
0
-1
0
0
0
0
-1
-1
0
-1
-1
-1
-1
-1
-1
-1
0
0
0
-1
-1
0
0
0
0
0
0
0
-1
-1
0
0
0
-1
-1
0
0
-1
-1
0
0
0
0
0
0
0
0
0
-1
0
0
0
0
-1
-1
0
0
0
0
0
0
0
0
0
0
0
0
0
<<<<<<< Updated upstream
0
0
0
0
0
0
0
0
0
-1
-1
0
0
0
0
0
0
-1
-1
-1
-1
-1
-1
-1
-1
-1
0
0
0
0
0
0
0
0
0
=======
-1
-1
>>>>>>> Stashed changes
0
0
0
-1
-1
0
-1
-1
-1
-1
0
0
-1
-1
-1
-1
-1
-1
0
0
0
0
0
0
0
0
0
0
0
0
0
0
0
0
0
0
0
0
0
0
0
0
0
0
0
0
0
0
0
0
0
0
0
0
0
0
0
0
0
0
1
0
0
0
0
0
0
0
0
1
0
0
0
0
0
0
0
0
0
0
0
0
0
0
0
0
0
0
0
0
0
0
-1
-1
-1
0
<<<<<<< Updated upstream
=======
-1
-1
0
0
0
-1
-1
-1
0
0
0
0
-1
-1
-1
-1
0
0
0
0
0
0
0
0
0
0
0
0
0
0
0
0
0
0
0
0
0
0
0
1
0
0
0
0
1
0
0
0
0
0
0
0
0
0
0
0
0
-1
-1
0
0
0
0
0
0
0
0
0
0
0
1
1
0
0
0
0
0
0
0
0
0
0
0
0
0
0
0
0
0
0
0
0
0
0
1
0
0
0
0
0
0
0
1
1
0
0
0
0
0
0
0
0
0
0
0
0
0
0
-1
-1
-1
>>>>>>> Stashed changes
0
0
0
-1
-1
0
0
-1
-1
0
<<<<<<< Updated upstream
=======
0
>>>>>>> Stashed changes
1
0
0
0
0
-1
-1
0
0
0
-1
-1
-1
<<<<<<< Updated upstream
-2
-1
-1
0
0
=======
>>>>>>> Stashed changes
-1
-1
0
0
0
0
0
0
0
0
0
0
0
0
<<<<<<< Updated upstream
-1
0
0
0
0
=======
0
0
0
0
-1
-1
-1
-1
0
-1
>>>>>>> Stashed changes
-1
-1
-1
-1
-1
-1
-1
-1
-1
-1
-1
-1
-1
-1
-1
-1
-1
-1
-1
-1
-1
0
0
0
-1
-1
-1
<<<<<<< Updated upstream
0
0
0
-1
-1
-1
0
0
0
0
0
0
-1
-1
0
0
-1
-1
-1
-1
-1
-1
-1
-1
0
-1
-1
-1
-1
-1
-1
-1
-1
-1
-1
-1
-1
-2
-2
-2
-2
-1
-1
-2
-2
-2
-1
-1
-1
-2
-2
-2
-1
-1
-1
-1
-2
-1
-1
-1
-1
-1
-1
0
0
-1
-1
-1
-1
-1
-1
-1
-1
-1
0
-1
-1
-1
-1
-1
-1
-1
-1
-1
-1
-1
-1
-1
-1
-1
-1
-1
-2
-1
-1
-1
-2
-2
-1
-1
-1
0
0
0
-1
-1
0
0
0
0
0
0
0
-1
-1
=======
>>>>>>> Stashed changes
-1
0
0
-1
-1
-1
-1
0
<<<<<<< Updated upstream
-1
-1
-1
-1
-1
-1
-1
-1
-1
-1
-1
-1
-1
0
=======
0
0
-1
>>>>>>> Stashed changes
0
0
-1
0
0
<<<<<<< Updated upstream
-1
-1
-1
-1
-1
-1
0
=======
>>>>>>> Stashed changes
0
0
0
-1
-1
-1
-1
0
0
0
-1
-1
-1
-1
-1
-1
0
0
-1
-1
-1
0
0
-1
-1
0
0
0
-1
-1
-1
0
0
0
-1
-1
-1
-1
-1
-1
0
0
0
-1
0
0
0
-1
-1
-1
-1
0
0
0
0
0
0
0
0
0
0
0
-1
-1
-1
0
0
0
0
0
0
0
0
0
0
0
0
0
0
0
0
0
0
0
0
0
0
0
0
0
0
0
0
0
0
-1
-1
-1
0
0
0
0
0
0
0
0
-1
-1
-1
0
-1
-1
0
0
0
0
0
-1
-1
0
0
0
0
0
0
0
0
0
0
0
0
0
0
0
0
0
0
0
0
0
0
0
0
0
1
1
0
-1
-1
-1
0
0
0
0
-1
-1
0
0
0
0
0
0
0
0
0
0
0
-1
0
0
0
0
0
0
0
0
0
0
0
0
0
0
0
0
0
-1
0
0
0
0
0
0
-1
-1
-1
0
0
0
0
0
0
0
0
0
0
0
0
0
0
0
1
1
0
0
0
0
1
1
1
1
0
0
0
0
0
0
0
1
1
1
0
0
0
0
0
0
0
0
0
0
0
0
0
-1
-1
-1
0
0
0
0
0
-1
-1
-1
-1
-1
-1
0
-1
0
0
0
0
0
0
0
0
0
0
0
0
0
0
1
1
1
1
1
0
0
0
0
0
0
-1
-1
0
0
0
0
0
0
-1
-1
-1
0
0
-1
-1
-1
0
0
-1
-1
-1
-1
-1
-1
0
0
0
0
-1
-1
-1
0
0
0
0
-1
-1
0
0
-1
-1
-1
0
0
-1
-1
-1
-1
-1
-1
-1
-1
-1
-1
-1
-1
-1
-1
-1
-1
-1
-1
-1
-1
-1
-1
-1
0
-1
-1
-1
-1
-1
-1
-1
-1
-1
-1
-1
-1
-2
-2
<<<<<<< Updated upstream
=======
-1
-1
-2
-2
-2
-2
-1
-1
-1
-1
-2
-2
-1
-1
-1
-1
-1
>>>>>>> Stashed changes
-1
-1
-1
-1
-1
-1
0
<<<<<<< Updated upstream
0
0
-1
-1
-1
-1
-1
0
0
0
-1
-1
-1
-1
-1
0
-1
-1
-1
-1
0
0
-1
-1
-1
-1
-1
-1
-1
-1
=======
>>>>>>> Stashed changes
-1
-1
-2
-1
-1
-1
-1
-1
-1
-1
-1
-1
-1
-1
-1
-1
-1
-2
-1
-1
-1
-2
-1
-1
-1
-2
-2
-1
-1
-1
-1
0
-1
-1
-2
-2
-1
-1
-1
-1
0
0
-1
-1
-1
<<<<<<< Updated upstream
-1
-1
=======
0
0
0
-1
-1
-1
-1
-1
-1
0
0
-1
-1
-1
0
0
-1
-1
-1
-1
-1
-1
-1
-1
-1
0
-1
-1
-1
-1
0
0
-1
-1
0
0
-1
-1
-1
-1
0
0
0
0
0
0
0
-1
-1
-1
-1
0
0
-1
-1
-1
-1
-1
-1
-1
-1
-1
-1
-1
0
-1
-1
-1
0
0
0
-1
-1
-1
-1
0
0
-1
-1
-1
-1
-1
-1
0
0
0
-1
0
0
0
-1
-1
-1
0
0
0
0
-1
-1
-1
0
0
0
0
0
-1
-1
-1
0
0
0
0
0
0
0
0
0
0
0
0
0
0
0
0
0
0
0
0
0
0
0
0
0
0
0
0
0
0
0
0
-1
-1
-1
-1
-1
0
0
0
0
0
0
0
0
0
0
0
0
0
0
0
-1
0
0
0
0
-1
0
0
0
0
-1
0
0
0
0
0
0
0
0
0
0
0
0
0
0
0
0
0
0
0
0
-1
-1
0
0
0
0
-1
-1
0
0
0
0
-1
0
0
0
0
0
0
0
0
0
0
0
0
0
0
0
0
0
0
0
0
-1
-1
0
-1
-1
0
0
0
0
0
0
0
0
0
0
0
0
0
0
0
0
0
0
0
0
0
0
0
1
1
1
0
0
0
0
0
0
1
1
0
0
0
1
1
0
0
1
1
1
0
0
0
0
0
0
0
1
0
0
0
0
0
0
0
-1
-1
0
0
0
-1
-1
-1
-1
-1
-1
-1
-1
-1
0
0
0
0
0
0
0
0
1
1
1
0
0
0
0
1
1
1
1
0
0
0
0
0
0
-1
-1
0
0
0
0
0
0
-1
-1
-1
-1
0
-1
-1
-1
0
0
0
-1
0
0
0
-1
0
0
0
0
-1
-1
0
0
0
0
0
0
0
0
0
-1
-1
-1
0
0
-1
>>>>>>> Stashed changes
-1
-1
-1
-1
-1
-1
0
0
-1
-1
0
0
0
0
-1
-1
-1
0
0
-1
-1
-1
-1
-2
-2
-1
-1
-2
-2
-2
-1
-1
-1
-1
-1
-1
-1
-1
-1
-1
-1
-1
-1
-1
<<<<<<< Updated upstream
-1
-1
-1
-1
=======
>>>>>>> Stashed changes
0
-1
-1
-1
-1
-1
-1
-1
-1
-1
<<<<<<< Updated upstream
0
0
-1
-2
-2
-1
-1
-1
-1
-1
=======
-1
-1
-1
-1
-1
-1
-1
0
0
-1
-1
-1
-1
-1
-1
-1
-1
-1
-2
>>>>>>> Stashed changes
-2
-1
-1
-1
-1
-1
-2
-1
-1
-1
-1
-1
-1
0
0
-1
-1
-1
-1
-1
-1
-1
-1
-1
-1
-1
<<<<<<< Updated upstream
0
0
-1
0
0
0
0
-1
0
0
=======
-2
-2
-1
-1
0
0
-1
-2
-2
-1
-1
-1
-1
-1
-1
-1
-1
-1
-1
-1
-1
-1
-1
-1
-1
-1
-2
-1
-1
-1
-1
-1
-1
-1
-1
-1
-1
-1
-1
0
0
-1
-1
-1
-1
-1
-1
-1
-1
0
0
-1
-1
-1
-1
-1
-1
0
0
-1
-1
-2
-1
-1
-1
-1
-1
-2
-1
-1
-1
-1
-2
-2
-1
-1
-1
-1
-1
-1
0
0
0
>>>>>>> Stashed changes
0
-1
-1
-1
-1
-1
-1
<<<<<<< Updated upstream
=======
-1
-1
-1
-1
-1
-1
0
>>>>>>> Stashed changes
0
0
0
0
0
0
-1
-1
-1
-1
0
0
0
-1
0
0
-1
0
0
0
-1
-1
0
0
-1
<<<<<<< Updated upstream
-1
=======
>>>>>>> Stashed changes
0
0
0
-1
0
0
0
0
-1
-1
<<<<<<< Updated upstream
-1
0
0
0
0
=======
>>>>>>> Stashed changes
-1
-1
-1
-1
0
0
0
0
-1
-1
-1
-1
-1
-1
0
0
0
0
-1
-1
-1
-1
-1
-1
-1
-1
-1
-1
-1
0
0
0
-1
-1
0
0
-1
-1
0
0
0
-1
-1
-1
0
0
0
0
-1
0
0
<<<<<<< Updated upstream
0
0
=======
-1
-1
>>>>>>> Stashed changes
0
0
0
0
0
0
0
0
0
0
0
0
0
0
0
0
-1
-1
-1
-1
-1
-1
-1
-1
-1
0
0
0
-1
-1
0
0
-1
-1
-1
0
0
-1
0
0
0
0
0
0
<<<<<<< Updated upstream
-1
=======
0
0
0
0
0
>>>>>>> Stashed changes
-1
-1
-1
-1
0
0
1
0
0
0
0
<<<<<<< Updated upstream
=======
0
0
0
0
0
0
-1
-1
-1
>>>>>>> Stashed changes
-1
-1
0
0
0
<<<<<<< Updated upstream
=======
0
0
0
0
-1
0
0
0
0
-1
-1
-1
0
0
0
-1
-1
-1
0
0
0
0
0
0
0
0
0
0
0
-1
-1
-1
-1
0
0
0
0
0
0
0
0
0
0
0
0
0
0
0
0
0
0
0
0
0
0
0
0
0
0
-1
-1
-1
0
0
0
-1
-1
-1
0
0
0
0
0
0
>>>>>>> Stashed changes
0
0
0
-1
-1
-1
-1
-1
-1
-1
-1
-1
-1
-1
-1
0
0
0
0
-1
-1
0
0
0
0
-1
0
0
0
-1
-1
<<<<<<< Updated upstream
0
0
0
0
0
0
0
-1
-1
-1
-1
=======
>>>>>>> Stashed changes
-1
0
0
0
0
0
0
0
0
0
0
0
0
<<<<<<< Updated upstream
=======
1
1
0
0
0
1
1
1
0
0
0
0
0
0
>>>>>>> Stashed changes
0
0
1
1
1
0
0
0
0
0
0
0
0
0
0
0
0
1
0
0
0
0
0
0
0
0
0
0
0
0
0
-1
0
0
0
0
0
0
0
0
0
0
0
0
0
0
0
0
0
-1
-1
-1
-1
0
0
0
0
0
0
0
0
0
0
-1
-1
-1
0
0
0
-1
-1
0
0
0
0
0
0
1
1
0
0
0
0
0
1
0
0
0
0
0
0
0
0
0
1
1
1
0
0
0
0
0
0
0
0
0
0
0
0
0
0
0
0
0
0
0
0
0
0
1
1
1
0
0
0
0
0
0
0
0
0
0
0
0
0
0
0
0
0
0
0
0
0
0
<<<<<<< Updated upstream
0
0
0
0
0
0
1
1
1
0
0
0
0
0
0
0
0
0
0
0
0
0
0
0
0
=======
1
1
>>>>>>> Stashed changes
0
0
0
0
0
0
0
1
1
1
<<<<<<< Updated upstream
0
1
1
1
1
1
1
1
1
1
=======
1
0
0
0
1
0
0
0
0
0
0
-1
0
0
0
0
0
0
0
0
0
0
0
0
0
0
0
0
0
>>>>>>> Stashed changes
0
0
0
1
0
0
0
0
0
0
0
0
0
0
0
0
0
0
0
-1
-1
0
0
1
0
0
0
0
0
0
1
0
0
<<<<<<< Updated upstream
=======
-1
-1
0
0
-1
-1
-1
-1
0
0
-1
-1
0
0
0
0
0
>>>>>>> Stashed changes
0
0
0
0
0
-1
-1
<<<<<<< Updated upstream
=======
-1
-1
-1
-1
-1
0
0
-1
-1
-1
-1
>>>>>>> Stashed changes
0
0
0
0
0
<<<<<<< Updated upstream
=======
0
0
0
0
0
0
0
0
0
0
0
0
0
-1
-1
-1
0
0
0
0
-1
0
>>>>>>> Stashed changes
0
0
0
0
0
0
0
0
0
0
0
0
0
0
0
0
0
0
0
0
-1
-1
-1
-1
0
0
-1
-1
0
0
0
0
0
0
0
0
0
0
0
0
0
0
0
-1
-1
0
-1
-1
-1
-1
0
0
0
-1
-1
-1
0
0
0
0
0
0
0
0
0
0
0
-1
-1
-1
0
0
0
0
-1
-1
-1
0
0
0
-1
-1
-1
-1
0
0
0
0
0
-1
-1
0
0
0
0
0
0
0
0
0
0
0
0
-1
-1
-1
-1
-1
-1
-1
-1
-1
-1
-1
-1
-1
-1
-1
-1
-1
0
0
-1
-1
-1
-1
-1
-1
-1
-1
0
0
0
0
0
0
0
-1
-1
0
0
0
0
0
0
0
0
-1
-1
-1
-1
0
0
0
0
<<<<<<< Updated upstream
0
0
0
0
0
-1
0
=======
0
-1
0
0
0
0
0
0
>>>>>>> Stashed changes
-1
-1
-1
0
0
-1
-2
-2
-1
-1
-1
-1
-1
<<<<<<< Updated upstream
=======
-2
-2
-2
-2
-1
-1
-1
-1
-1
-1
-1
-1
-1
-1
-1
-1
0
0
0
0
0
0
0
0
0
-1
-1
-1
-1
-1
0
0
0
-1
-1
-1
-1
-1
-1
0
0
0
-1
-1
-1
-1
-1
-1
-1
-1
-1
>>>>>>> Stashed changes
-1
-2
-2
-2
-1
-1
-1
-1
-1
-1
-1
-1
-1
-1
-1
-1
0
0
0
0
0
0
0
0
0
0
0
-1
-1
-1
0
0
0
-1
-1
-1
-1
-1
-1
0
0
-1
-1
-2
-1
-1
-1
-1
-1
-1
-1
-1
-2
-2
-2
<<<<<<< Updated upstream
-2
=======
-1
-1
-1
-1
>>>>>>> Stashed changes
-1
-1
-1
-1
-1
-1
-1
-1
-1
-1
-1
0
0
0
0
0
0
0
-1
-1
0
<<<<<<< Updated upstream
-1
-1
-1
=======
0
0
0
>>>>>>> Stashed changes
-1
-1
0
0
0
0
0
-1
-1
-1
0
0
-1
-1
-1
-1
-1
-1
-1
-1
-1
<<<<<<< Updated upstream
-2
-2
=======
-1
-1
-1
-1
-1
-1
-1
-1
-1
-1
-1
0
0
-1
-1
-1
-1
-1
-1
-1
-1
>>>>>>> Stashed changes
-2
-2
-2
-1
-1
-1
-1
-1
-1
-1
-1
-1
-1
-1
-1
-1
-1
-1
-1
0
0
0
0
-1
-1
-1
-1
-1
-1
-1
-1
-1
-1
-1
-1
-1
-1
-1
-1
-1
-1
-1
-1
-1
-1
-1
-1
-1
0
0
-1
-1
-1
-1
-1
-1
-1
-1
-1
-1
-1
-1
-1
-1
-1
-1
-1
-1
-1
-1
0
0
-1
-1
-1
-1
-1
-1
-1
-1
-1
-1
-1
-1
-1
-1
-1
-1
-1
-1
-1
-1
-1
-1
-1
0
-1
-1
-1
-1
-1
-1
-1
-2
-2
-1
-1
-1
-1
-1
-1
0
0
0
0
-1
-1
0
0
0
-1
-1
-1
0
-1
-1
-1
-1
-1
-1
0
-1
-1
-1
-1
-1
-1
-1
-1
-1
-1
0
0
-1
-1
-1
-1
-1
-1
-1
-1
0
0
0
-1
-1
-1
<<<<<<< Updated upstream
=======
-1
-1
>>>>>>> Stashed changes
-1
-1
-1
-1
-1
0
0
-1
0
0
-1
-1
-1
0
0
-1
-1
0
-1
-1
-1
0
-1
-1
-1
-1
-1
-1
-1
-1
0
0
-1
-1
0
0
0
0
0
0
0
0
0
0
0
0
0
0
0
<<<<<<< Updated upstream
0
0
0
0
-1
-1
=======
>>>>>>> Stashed changes
0
0
0
0
0
0
0
-1
-1
-1
0
0
0
-1
0
0
0
0
0
-1
0
0
0
0
-1
0
0
0
0
0
0
0
0
0
0
-1
0
0
0
0
<<<<<<< Updated upstream
0
=======
-1
-1
-1
>>>>>>> Stashed changes
0
0
0
0
0
0
0
0
0
0
0
0
0
0
0
0
0
0
0
0
0
0
0
0
0
0
0
0
0
0
0
0
0
0
0
0
0
0
0
0
0
0
0
0
0
0
0
0
0
0
0
0
0
0
0
0
0
0
0
0
0
0
0
0
0
0
0
0
0
0
0
0
0
0
0
0
0
0
0
0
0
0
0
0
0
0
0
0
0
0
0
0
0
0
<<<<<<< Updated upstream
=======
0
0
0
0
>>>>>>> Stashed changes
0
0
0
0
0
0
<<<<<<< Updated upstream
=======
0
-1
>>>>>>> Stashed changes
0
0
0
0
0
0
0
0
0
0
0
0
0
0
0
0
0
0
0
0
0
0
0
0
0
0
0
0
0
0
0
0
0
0
0
0
0
0
0
0
0
0
-1
-1
0
0
0
0
0
0
0
0
0
0
0
0
0
0
0
0
0
0
0
0
0
0
0
0
0
0
0
0
0
0
0
0
0
0
0
0
0
0
0
0
0
0
-1
0
0
0
-1
0
0
0
0
0
0
0
0
0
0
0
0
0
0
0
0
0
0
0
-1
0
0
0
0
0
0
0
0
0
0
0
0
0
-1
0
0
0
0
0
0
0
0
<<<<<<< Updated upstream
=======
0
0
>>>>>>> Stashed changes
0
0
0
0
0
-1
-1
-1
-1
-1
-1
-1
-1
-1
<<<<<<< Updated upstream
-1
-1
=======
0
>>>>>>> Stashed changes
0
0
0
0
0
0
-1
-1
-1
-1
-1
0
0
0
0
0
0
0
0
0
-1
-1
-1
-1
-1
0
0
0
0
0
0
0
0
0
0
0
0
0
0
0
0
0
0
0
0
0
0
0
0
0
0
0
0
0
0
0
0
0
0
0
0
0
0
0
0
0
0
0
0
0
0
0
0
0
0
0
0
0
0
0
0
0
0
0
0
-1
-1
0
0
0
0
0
0
-1
0
0
0
0
0
0
0
0
0
0
0
-1
-1
0
0
0
-1
0
0
0
-1
-1
0
0
0
-1
0
0
-1
-1
-1
0
0
-1
-1
-1
-1
-1
-1
-1
-1
0
0
-1
-1
-1
-1
-1
-1
-1
-1
-1
-1
-1
-1
-1
-1
-1
-1
-1
-1
-1
0
0
0
<<<<<<< Updated upstream
=======
0
>>>>>>> Stashed changes
0
0
0
0
0
0
0
0
-1
-1
-1
-1
-1
-1
-1
-1
-1
-1
-1
-1
0
0
0
-1
-1
-1
0
0
0
0
0
0
0
0
0
0
0
-1
-1
0
0
-1
-1
-1
-1
-1
-1
-1
-1
0
0
0
0
0
0
-1
-1
0
0
0
0
0
0
0
-1
-1
-1
0
0
0
-1
-1
-1
-1
-1
0
0
0
0
0
0
0
0
0
0
0
0
0
0
0
0
0
0
0
0
-1
-1
-1
0
-1
-1
-1
-1
-1
0
0
0
0
-1
-1
-1
-1
0
0
0
-1
-1
-1
-1
-1
-1
-1
-1
-1
-1
-1
-1
-1
-1
-1
-1
-1
-1
-1
-1
-1
-1
-1
0
0
0
0
0
0
0
0
-1
0
0
-1
0
0
0
0
0
0
0
0
0
0
0
0
0
0
0
0
0
0
0
-1
-1
0
-1
-1
-1
-1
-1
-1
-1
0
0
0
-1
-1
-1
-1
-1
-1
-1
-1
-1
-1
0
0
0
0
0
0
0
0
0
0
0
-1
-1
-1
-1
-1
-1
0
0
0
0
0
0
0
0
0
0
-1
-1
-1
-1
0
0
0
0
0
0
0
0
-1
-1
-1
0
0
0
-1
-1
-1
-1
-1
-1
-1
-1
-1
-1
-1
-1
-1
-1
-1
-1
-1
-1
-1
-1
-1
0
0
-1
-1
0
0
0
-1
-1
-1
0
-1
-1
-1
-1
-1
-1
-1
-1
-1
-1
-1
-1
-1
-1
-1
-1
-1
-1
0
0
-1
0
0
0
0
-1
-1
-1
-1
-1
-1
-1
-1
-1
-1
-1
-1
-1
-1
0
-1
-1
-1
-1
-1
-1
-1
0
0
-1
-1
0
0
0
0
0
0
0
0
0
-1
-1
-1
0
0
0
0
0
0
0
0
0
0
0
0
0
0
0
0
0
0
-1
0
0
0
-1
-1
0
-1
-1
-1
0
0
-1
-1
0
0
0
0
0
0
0
0
0
0
0
0
0
0
0
0
0
0
0
0
0
0
0
-1
-1
0
0
0
-1
-1
0
0
0
0
0
0
0
0
0
0
0
-1
-1
-1
0
0
0
-1
0
0
0
0
0
0
0
0
0
0
0
0
0
0
0
-1
-1
-1
0
0
0
0
0
0
-1
0
0
0
-1
0
0
0
0
0
0
0
0
0
0
0
0
0
0
0
0
0
0
0
0
0
0
0
0
-1
-1
0
0
0
0
0
0
0
0
0
0
0
0
0
0
0
0
-1
0
0
0
0
0
0
0
0
0
0
0
0
0
0
0
0
0
0
0
0
0
0
0
0
0
0
0
0
0
0
0
-1
0
0
0
0
0
0
0
0
0
0
0
0
0
0
0
0
0
0
0
0
0
-1
-1
-1
0
0
0
0
0
0
0
0
0
0
0
-1
0
0
0
0
0
0
0
-1
-1
0
0
0
0
0
-1
-1
0
0
0
-1
-1
0
0
0
0
0
0
0
0
0
0
0
0
0
0
0
0
0
0
0
0
0
0
0
0
0
0
0
0
-1
0
0
0
0
0
0
0
0
-1
0
0
0
0
0
0
0
0
0
0
0
0
-1
-1
0
0
0
0
0
0
0
0
0
0
0
0
0
0
0
0
0
0
0
-1
-1
0
0
0
-1
0
0
0
0
0
0
0
0
0
0
0
0
0
0
0
0
0
0
0
0
0
0
0
0
0
-1
0
0
0
-1
-1
-1
-1
-1
-1
-1
0
0
-1
-1
0
0
0
-1
0
0
0
-1
0
0
0
0
0
0
0
0
-1
0
0
0
0
0
0
0
0
0
0
0
0
0
0
0
0
0
0
0
0
0
0
-1
-1
0
0
0
0
0
0
0
0
0
-1
-1
-1
-1
0
0
0
0
0
0
0
0
0
0
0
0
0
0
0
0
0
0
0
0
0
0
-1
0
0
0
0
0
-1
0
0
0
0
0
0
0
0
0
0
0
-1
0
0
0
0
0
0
0
0
0
0
0
0
0
0
0
0
0
0
0
0
0
0
0
0
0
0
0
0
0
0
0
0
0
0
0
0
0
0
0
0
0
0
0
0
0
0
0
0
0
0
0
0
0
0
0
0
0
0
0
0
0
0
0
0
0
0
0
0
0
0
0
0
0
0
0
-1
0
0
0
0
0
0
0
0
0
0
0
0
0
0
0
0
0
0
0
0
0
0
0
-1
-1
-1
0
0
0
0
0
0
0
-1
0
0
0
-1
0
0
0
0
0
0
0
0
0
0
0
-1
0
0
0
0
0
0
0
0
-1
0
0
0
-1
-1
0
0
-1
-1
-1
0
0
0
0
0
0
0
0
0
0
0
0
0
0
0
0
0
0
0
0
0
0
0
0
0
0
0
0
0
0
0
0
0
0
0
0
0
0
0
0
0
0
0
0
0
0
0
0
0
0
0
0
0
0
0
0
0
0
0
0
0
0
0
0
0
0
0
0
0
0
0
0
0
0
0
0
0
0
0
0
0
0
0
0
0
0
0
0
0
0
0
0
0
0
0
0
0
0
0
0
0
0
0
0
0
0
0
-1
0
0
0
0
0
0
-1
-1
-1
0
0
0
0
0
0
-1
-1
-1
0
0
0
0
0
0
0
0
0
0
0
0
0
0
-1
0
0
0
0
0
0
0
0
0
0
0
0
0
0
0
0
0
-1
0
0
0
0
0
0
0
0
0
0
0
0
0
0
0
0
0
0
0
0
0
0
0
0
0
0
0
0
0
0
0
0
0
0
0
0
0
0
0
0
0
0
0
0
0
0
0
0
0
-1
0
0
0
0
0
0
0
0
0
0
0
0
0
0
0
0
0
0
0
0
0
-1
0
0
0
0
0
0
0
0
0
0
0
0
0
0
0
0
0
0
0
0
0
0
0
0
0
0
0
0
0
0
0
0
0
0
0
0
0
0
0
-1
0
0
0
0
0
0
0
0
0
0
0
0
0
0
0
0
0
0
0
0
0
0
0
0
0
0
0
0
0
0
0
0
0
0
0
0
0
0
0
0
0
0
0
0
0
0
0
0
0
0
0
0
0
0
0
0
0
0
0
0
0
0
0
0
0
0
0
0
0
0
0
0
0
0
0
0
-1
0
0
0
0
0
0
0
0
0
0
0
0
0
0
0
0
0
0
0
0
0
0
0
0
0
0
0
0
0
0
0
-1
0
0
0
0
0
0
0
0
0
0
0
0
0
0
0
0
0
0
0
0
0
0
0
0
0
0
0
0
0
0
0
0
0
0
0
0
0
0
0
0
0
0
0
0
0
0
0
0
0
0
0
0
0
0
0
0
0
0
0
0
0
0
0
0
0
0
0
0
0
0
0
0
0
0
0
0
0
0
0
0
0
0
0
0
0
0
0
-1
0
0
0
0
0
0
0
0
0
0
0
0
0
0
0
0
0
0
0
0
0
0
0
0
0
0
0
0
0
0
0
0
0
0
0
0
0
0
0
0
0
0
0
0
0
0
0
0
0
0
0
0
0
0
0
0
0
0
0
0
0
0
0
0
0
0
0
0
0
0
0
0
0
0
-1
0
0
0
0
0
0
0
0
0
0
0
0
0
0
0
0
0
0
0
0
0
0
0
0
0
-1
-1
-1
0
0
0
0
0
0
0
0
0
0
0
0
0
0
0
0
0
0
0
0
0
0
0
0
0
0
0
0
0
0
0
0
0
0
0
0
0
0
0
0
0
0
0
0
0
0
0
0
0
0
0
0
0
0
0
0
0
0
0
0
0
0
0
0
0
0
0
0
0
0
0
0
0
0
0
0
0
0
0
0
0
0
0
0
0
0
0
0
0
0
0
0
0
0
0
0
0
0
0
0
0
0
0
0
0
0
0
0
0
0
0
0
0
0
0
0
0
0
0
0
0
0
0
0
0
0
0
0
0
0
0
-1
-1
-1
0
0
0
0
0
0
0
0
0
0
0
0
0
-1
-1
-1
-1
0
0
0
0
0
0
0
0
0
0
0
0
0
0
0
0
0
-1
0
0
0
0
0
0
0
0
-1
0
0
0
0
0
0
0
0
0
0
0
0
0
0
0
0
0
0
0
0
0
0
0
0
0
0
0
0
0
0
0
0
0
0
0
0
0
0
0
0
0
0
0
0
0
0
0
0
0
0
0
0
0
0
0
0
0
0
0
0
0
0
0
0
0
0
0
0
0
0
0
0
0
0
0
0
0
0
0
0
0
0
0
0
0
0
0
0
0
0
0
0
0
0
0
0
0
0
0
0
0
0
0
0
0
0
0
0
0
0
0
0
0
-1
0
0
0
0
0
0
0
0
0
0
0
0
0
0
0
0
0
0
0
0
0
0
0
0
0
0
0
0
0
0
0
0
0
0
0
0
0
0
0
-1
-1
-1
0
0
0
0
0
0
0
0
0
0
0
0
-1
0
0
0
0
0
-1
0
0
0
0
0
0
0
0
0
0
0
0
0
0
0
0
0
0
0
0
0
0
0
0
0
0
0
0
0
0
0
0
0
0
0
0
0
0
0
0
0
0
0
0
0
0
0
0
0
0
0
0
0
0
0
0
0
0
0
0
0
0
0
0
0
0
0
0
0
0
0
0
0
0
0
0
0
0
0
0
0
-1
0
0
0
-1
-1
-1
0
0
0
0
0
0
0
0
0
0
0
0
0
0
0
0
0
0
0
0
0
0
0
0
0
0
0
0
0
0
-1
0
0
0
0
0
0
0
0
0
0
0
0
0
0
0
0
0
0
0
0
0
0
0
0
0
0
0
0
0
0
0
0
0
0
0
0
0
0
0
0
0
0
0
0
0
0
0
0
0
0
0
0
0
0
0
0
0
0
0
0
0
0
0
0
0
0
0
0
0
0
0
0
0
0
0
0
0
0
0
0
0
0
0
0
0
0
0
0
0
0
0
0
0
0
0
0
0
0
0
0
0
0
0
0
0
0
0
0
0
-1
0
0
0
0
0
0
0
0
0
0
0
0
0
0
0
0
0
0
0
0
0
0
0
0
0
0
0
0
0
0
0
0
0
0
0
0
0
0
0
0
0
0
0
0
0
0
0
0
0
0
0
0
0
0
0
0
0
0
0
0
0
0
0
0
0
0
0
0
0
0
0
0
0
0
0
0
0
0
0
0
0
0
0
0
0
0
0
0
0
0
0
0
0
0
0
0
0
0
0
0
0
0
0
0
0
0
0
0
0
0
0
0
0
0
0
0
0
0
0
0
0
0
0
0
0
0
0
0
0
0
0
0
0
0
0
0
0
0
0
0
0
0
0
0
0
0
0
0
0
0
0
0
0
0
0
0
0
0
0
0
0
0
0
0
0
0
0
0
0
0
0
0
0
0
0
0
0
0
0
0
0
0
0
0
0
0
0
0
0
0
0
0
0
0
0
0
0
0
0
0
0
0
0
0
0
0
0
0
0
0
-1
0
0
0
0
0
0
0
0
0
0
0
0
0
0
0
0
0
0
0
0
0
0
0
0
0
0
0
0
0
0
0
0
0
0
0
0
0
0
0
0
0
0
0
0
0
0
0
0
0
0
0
0
0
0
0
0
0
0
0
0
0
0
0
0
0
0
0
0
0
0
0
0
0
0
0
0
0
0
0
0
0
0
0
0
0
0
0
0
0
0
0
0
0
0
0
0
0
0
0
0
0
0
0
0
0
0
0
0
0
0
0
0
0
0
0
0
0
0
0
0
0
0
0
0
0
0
0
0
0
0
0
0
0
0
0
0
0
0
0
0
0
0
0
0
0
0
0
0
0
0
0
0
0
0
0
0
0
0
0
0
0
0
0
0
0
0
0
0
0
0
0
0
0
0
0
0
0
0
0
0
0
0
0
0
0
-1
0
0
0
0
0
0
0
0
0
0
0
0
0
0
0
0
0
0
0
0
0
0
0
0
0
0
0
0
0
0
0
0
0
0
0
0
0
0
0
0
0
0
0
0
0
0
0
0
0
0
0
0
0
0
0
0
0
0
0
0
0
0
0
0
0
0
0
0
0
0
0
0
0
0
0
0
0
0
0
0
0
0
0
0
0
0
0
0
0
0
0
0
0
0
0
0
0
0
0
0
0
0
0
0
0
0
0
0
0
0
0
0
0
0
0
0
0
0
0
0
0
0
0
0
0
0
0
0
0
0
0
0
0
0
0
0
0
0
0
0
0
0
0
0
0
0
0
0
0
0
0
0
0
0
0
0
0
0
0
0
0
0
0
0
0
0
0
0
0
0
0
0
0
0
0
0
0
0
0
0
0
0
0
0
0
0
0
0
0
0
0
0
0
0
0
0
0
0
0
0
0
0
0
0
0
0
0
0
0
0
0
0
0
0
0
0
0
0
0
0
0
0
0
0
0
0
0
0
0
0
0
0
0
0
0
0
0
0
0
0
0
0
0
0
0
0
0
0
0
0
0
0
0
0
0
0
0
0
0
0
0
0
0
0
0
0
0
0
0
0
0
0
0
0
0
0
0
0
0
0
0
0
0
0
0
0
0
0
0
0
0
0
0
0
0
0
0
0
0
0
0
0
0
0
0
0
0
0
0
0
0
0
0
0
0
0
0
0
0
0
0
0
0
0
0
0
0
0
0
0
0
0
0
0
0
0
0
0
0
0
0
0
0
0
0
0
0
0
0
0
0
0
0
0
0
0
0
0
0
0
0
0
0
0
0
0
0
0
0
0
0
0
0
0
0
0
0
0
0
0
0
0
0
0
0
0
0
0
0
0
0
0
0
0
0
0
0
0
0
0
0
0
0
0
0
0
0
0
0
0
0
0
0
0
0
0
0
0
0
0
0
0
0
0
0
0
0
0
0
0
0
0
0
0
0
0
0
0
0
0
0
0
0
0
0
0
0
0
0
0
0
0
0
0
0
0
0
0
0
0
0
0
0
0
0
0
0
0
-1
0
0
0
0
0
0
0
0
0
0
0
0
0
0
0
0
0
0
0
0
0
0
0
0
0
0
0
0
0
0
0
0
0
0
0
0
0
0
0
0
0
0
0
0
0
0
0
0
0
0
0
0
0
0
0
0
0
0
0
0
0
0
0
0
0
0
0
0
0
0
0
0
0
0
0
0
0
0
0
0
0
0
0
0
0
0
0
0
0
0
0
0
0
0
0
0
0
0
0
0
0
0
0
0
0
0
0
0
0
0
0
0
0
0
0
0
0
0
0
0
0
0
0
0
0
0
0
0
0
0
0
0
0
0
0
0
0
0
0
0
0
0
0
0
0
0
0
0
0
0
0
0
0
0
0
0
0
0
0
0
0
0
0
0
0
0
0
0
0
0
0
0
0
0
0
0
0
0
0
0
0
0
0
0
0
0
0
0
0
0
0
0
0
0
0
0
0
0
0
0
0
0
0
0
0
0
0
0
0
0
0
0
0
0
0
0
0
0
0
0
0
0
0
0
0
0
0
0
0
0
0
0
0
0
0
0
0
0
0
0
0
0
0
0
0
0
0
0
0
<<<<<<< Updated upstream
=======
0
>>>>>>> Stashed changes
0
0
0
0
0
0
0
0
0
0
0
0
0
0
0
0
0
0
0
0
0
0
0
0
0
0
0
0
0
0
0
0
0
0
0
0
0
0
0
0
0
0
0
0
0
0
0
0
0
0
0
0
0
0
0
0
0
0
0
0
0
0
0
0
0
0
0
0
0
0
0
0
0
0
0
0
0
0
0
0
0
0
0
0
0
0
0
0
0
0
0
0
0
0
0
0
0
0
0
0
0
0
0
0
0
0
0
0
0
0
0
0
0
0
0
0
0
0
0
0
0
0
0
0
0
0
0
0
0
0
0
0
0
0
0
0
0
0
0
0
0
0
0
0
0
0
0
0
0
0
0
0
0
0
0
0
0
0
0
0
0
0
0
0
0
0
0
0
0
0
0
0
0
0
0
0
0
0
0
0
0
0
0
0
0
0
0
0
0
0
0
0
0
0
0
0
0
0
0
0
0
0
0
0
0
0
0
0
0
0
0
0
0
0
0
0
0
0
0
0
0
0
0
0
0
0
0
0
0
0
0
0
0
0
0
0
0
0
0
0
0
0
0
0
0
0
0
0
0
0
0
0
0
0
0
0
0
0
0
0
0
0
0
0
0
0
0
0
0
0
0
0
0
0
0
0
0
0
0
0
0
0
0
0
0
0
0
0
0
0
0
0
0
0
0
0
0
0
0
0
0
0
0
0
0
0
0
0
0
0
0
0
0
0
0
0
0
0
0
0
0
0
0
0
0
0
0
0
0
0
0
0
0
0
0
0
0
0
0
0
0
0
0
0
0
0
0
0
0
0
0
0
0
0
0
0
0
0
0
0
0
0
0
0
0
0
0
0
0
0
0
0
0
0
0
0
0
0
0
0
0
0
0
0
0
0
0
0
0
0
0
0
0
0
0
0
0
0
0
0
0
0
0
0
0
0
0
0
0
0
0
0
0
0
0
0
0
0
0
0
0
0
0
0
0
0
0
0
0
0
0
0
0
0
0
0
0
0
0
0
0
0
0
0
0
0
0
0
0
0
0
0
0
0
0
0
0
0
0
0
0
0
0
0
0
0
0
0
0
0
0
0
0
0
0
0
0
0
0
0
0
0
0
0
0
0
0
0
0
0
0
0
0
0
0
0
0
0
0
0
0
0
0
0
0
0
0
0
0
0
0
0
0
0
0
0
0
0
0
0
0
0
0
0
0
0
0
0
0
0
0
0
0
0
0
0
<<<<<<< Updated upstream
=======
0
0
>>>>>>> Stashed changes
0
0
0
0
0
0
0
0
0
0
0
0
0
0
0
0
0
0
0
0
0
0
0
0
0
0
0
0
0
0
0
0
0
0
0
0
0
0
0
0
0
0
0
0
0
0
0
0
0
0
0
0
0
0
0
0
0
0
0
0
0
0
0
0
0
0
0
0
0
0
0
0
0
0
0
0
0
0
0
0
0
0
0
0
0
0
0
0
0
0
0
0
0
0
0
0
0
0
0
0
0
0
0
0
0
0
0
0
0
0
0
0
0
0
0
0
0
0
0
0
0
0
0
0
0
0
0
0
0
0
0
0
0
0
0
0
0
0
0
0
0
0
0
0
0
0
0
0
0
0
0
0
0
0
0
0
0
0
0
0
0
0
0
0
0
0
0
0
0
0
0
0
0
0
0
0
0
0
0
0
0
0
0
0
0
0
0
0
0
0
0
0
0
0
0
0
0
0
0
0
0
0
0
0
0
0
0
0
0
0
0
0
0
0
0
0
0
0
0
0
0
0
0
0
0
0
0
0
0
0
0
0
0
0
0
0
0
0
0
0
0
0
0
0
0
0
0
0
0
0
0
0
0
0
0
0
0
0
0
0
0
0
0
0
0
0
0
0
0
0
0
0
0
0
0
0
0
0
0
0
0
0
0
0
0
-1
0
0
0
0
0
0
0
0
0
0
0
0
0
0
0
0
0
0
0
0
0
0
0
0
0
0
0
0
0
0
0
0
0
0
0
0
0
0
0
0
0
0
0
0
0
0
0
0
0
0
0
0
0
0
0
0
0
0
0
0
0
0
0
0
0
0
0
0
0
0
0
0
0
0
0
0
0
0
0
0
0
0
0
0
0
0
0
0
0
0
0
0
0
0
0
0
0
0
0
0
0
0
0
0
0
0
0
0
0
0
0
0
0
0
0
0
0
0
0
0
0
0
0
0
0
0
0
0
0
0
0
0
0
0
0
0
0
0
0
0
0
0
0
0
0
0
0
0
0
0
0
0
0
0
0
0
0
0
0
0
0
0
0
0
0
0
0
0
0
0
0
0
0
0
0
0
0
0
0
0
0
0
0
0
0
0
0
0
0
0
0
0
0
0
0
0
0
0
0
0
0
0
0
0
0
0
0
0
0
0
0
0
0
0
0
0
0
0
0
0
0
0
0
0
0
0
0
0
0
0
0
0
0
0
0
0
0
0
0
0
0
0
0
0
0
0
0
0
0
0
0
0
0
0
0
0
0
0
0
0
0
0
0
0
0
0
0
0
0
0
0
0
0
0
0
0
0
0
0
0
0
0
0
0
0
0
0
0
0
0
0
0
0
0
0
0
0
0
0
0
0
0
0
0
0
0
0
0
0
0
0
0
0
0
0
0
0
0
0
0
0
0
0
0
0
0
0
0
0
0
0
0
0
0
0
0
0
0
0
0
0
0
0
0
0
0
0
0
0
0
0
0
0
0
0
0
0
0
0
0
0
0
0
0
0
0
0
0
0
0
0
0
0
0
0
0
0
0
0
0
0
0
0
0
0
0
0
0
0
0
0
0
0
0
0
0
0
0
0
0
0
0
0
0
0
0
0
0
0
0
0
0
0
0
0
0
0
0
0
0
0
0
0
0
0
0
0
0
0
0
0
0
0
0
0
0
0
0
0
0
0
0
0
0
0
0
0
0
0
0
0
0
0
0
0
0
0
0
0
0
0
0
0
0
0
0
0
0
0
0
0
0
0
0
0
0
0
0
0
0
0
0
0
0
0
0
0
0
0
0
0
0
0
0
0
0
0
0
0
0
0
0
0
0
0
0
0
0
0
0
0
0
0
0
0
0
0
0
0
0
0
0
0
0
0
0
0
0
0
0
0
0
0
0
0
0
0
0
0
0
0
0
0
0
0
0
0
0
0
0
0
0
0
0
0
0
0
0
0
0
0
0
0
0
0
0
0
0
0
0
0
0
0
0
0
0
0
0
0
0
0
0
0
0
0
0
0
0
0
0
0
0
0
0
0
0
0
0
0
0
0
0
0
0
0
0
0
0
0
0
0
0
0
0
0
0
0
0
0
0
0
0
0
0
0
0
0
0
0
0
0
0
0
0
0
0
0
0
0
0
0
0
0
0
0
0
0
0
0
0
0
0
0
0
0
0
0
0
0
0
0
0
0
0
0
0
0
0
0
0
0
0
0
0
0
0
0
0
0
0
0
0
0
0
0
0
0
0
0
0
0
0
0
0
0
0
0
0
0
0
0
0
0
0
0
0
0
0
0
0
0
0
0
0
0
0
0
0
0
0
0
0
0
0
0
0
0
0
0
0
0
0
0
0
0
0
0
0
0
0
0
0
0
0
0
0
0
0
0
0
0
0
0
0
0
0
0
0
0
0
0
0
0
0
0
0
0
0
0
0
0
0
0
0
0
0
0
0
0
0
0
0
0
0
0
0
0
0
0
0
