0
0
0
0
0
0
0
0
0
0
0
0
0
0
0
0
0
0
0
0
0
0
0
0
0
0
0
0
0
0
0
0
0
0
0
0
0
0
0
0
0
0
0
0
0
0
0
0
0
0
0
0
0
0
0
0
0
0
0
0
0
0
0
0
0
0
0
0
0
0
0
0
0
0
0
0
0
0
0
0
0
0
0
0
0
0
0
0
0
0
0
0
0
0
0
0
0
0
0
0
0
0
0
0
0
0
0
0
0
0
0
0
0
0
0
0
0
0
0
0
0
0
0
0
0
0
0
0
0
0
0
0
0
0
0
0
0
0
0
0
0
0
0
0
0
0
0
0
0
0
0
0
0
0
0
0
0
0
0
0
0
0
0
0
0
0
0
0
0
0
0
0
0
0
0
0
0
0
0
0
0
0
0
0
0
0
0
0
0
0
0
0
0
0
0
0
0
0
0
0
0
0
0
0
0
0
0
0
0
0
0
0
0
0
0
0
0
0
0
0
0
0
0
0
0
0
0
0
0
0
0
0
0
0
0
0
0
0
0
0
0
0
0
0
0
0
0
0
0
0
0
0
0
0
0
0
0
0
0
0
0
0
0
0
0
0
0
0
0
0
0
0
0
0
0
0
0
0
0
0
0
0
0
0
0
0
0
0
0
0
0
0
0
0
0
0
0
0
0
0
0
0
0
0
0
0
0
0
0
0
0
0
0
0
0
0
0
0
0
0
0
0
0
0
0
0
0
0
0
0
0
0
0
0
0
0
0
0
0
0
0
0
0
0
0
0
0
0
0
0
0
0
0
0
0
0
0
0
0
0
0
0
0
0
0
0
0
0
0
0
0
0
0
0
0
0
0
0
0
0
0
0
0
0
0
0
0
0
0
0
0
0
0
0
0
0
0
0
0
0
0
0
0
0
0
0
0
0
0
0
0
0
0
0
0
0
0
0
0
0
0
0
0
0
0
0
0
0
0
0
0
0
0
0
0
0
0
0
0
0
0
0
0
0
0
0
0
0
0
0
0
0
0
0
0
0
0
0
0
0
0
0
0
0
0
0
0
0
0
0
0
0
0
0
0
0
0
0
0
0
0
0
0
0
0
0
0
0
0
0
0
0
0
0
0
0
0
0
0
0
0
0
0
0
0
0
0
0
0
0
0
0
0
0
0
0
0
0
0
0
0
0
0
0
0
0
0
0
0
0
0
0
0
0
0
0
0
0
0
0
0
0
0
0
0
0
0
0
0
0
0
0
0
0
0
0
0
0
0
0
0
0
0
0
0
0
0
0
0
0
0
0
0
0
0
0
0
0
0
0
0
0
0
0
0
0
0
0
0
0
0
0
0
0
0
0
0
0
0
0
0
0
0
0
0
0
0
0
0
0
0
0
0
0
0
0
0
0
0
0
0
0
0
0
0
0
0
0
0
0
0
0
0
0
0
0
0
0
0
0
0
0
0
0
0
0
0
0
0
0
0
0
0
0
0
0
0
0
0
0
0
0
0
0
0
0
0
0
0
0
0
0
0
0
0
0
0
0
0
0
0
0
0
0
0
0
0
0
0
0
0
0
0
0
0
0
0
0
0
0
0
0
0
0
0
0
0
0
0
0
0
0
0
0
0
0
0
0
0
0
0
0
0
0
0
0
0
0
0
0
0
0
0
0
0
0
0
0
0
0
0
0
0
0
0
0
0
0
0
0
0
0
0
0
0
0
0
0
0
0
0
0
0
0
0
0
0
0
0
0
0
0
0
0
0
0
0
0
0
0
0
0
0
0
0
0
0
0
0
0
0
0
0
0
0
0
0
0
0
0
0
0
0
0
0
0
0
0
0
0
0
0
0
0
0
0
0
0
0
0
0
0
0
0
0
0
0
0
0
0
0
0
0
0
0
0
0
0
0
0
0
0
0
0
0
0
0
0
0
0
0
0
0
0
0
0
0
0
0
0
0
0
0
0
0
0
0
0
0
0
0
0
0
0
0
0
0
0
0
0
0
0
0
0
0
0
0
0
0
0
0
0
0
0
0
0
0
0
0
0
0
0
0
0
0
0
0
0
0
0
0
0
0
0
0
0
0
0
0
0
0
0
0
0
0
0
0
0
0
0
0
0
0
0
0
0
0
0
0
0
0
0
0
0
0
0
0
0
0
0
0
0
0
0
0
0
0
0
0
0
0
0
0
0
0
0
0
0
0
0
0
0
0
0
0
0
0
0
0
0
0
0
0
0
0
0
0
0
0
0
0
0
0
0
0
0
0
0
0
0
0
0
0
0
0
0
0
0
0
0
0
0
0
0
0
0
0
0
0
0
0
0
0
0
0
0
0
0
0
0
0
0
0
0
0
0
0
0
0
0
0
0
0
0
0
0
0
0
0
0
0
0
0
0
0
0
0
0
0
0
0
0
0
0
0
0
0
0
0
0
0
0
0
0
0
0
0
0
0
0
0
0
0
0
0
0
0
0
0
0
0
0
0
0
0
0
0
0
0
0
0
0
0
0
0
0
0
0
0
0
0
0
0
0
0
0
0
0
0
0
0
0
0
0
0
0
0
0
0
0
0
0
0
0
0
0
0
0
0
0
0
0
0
0
0
0
0
0
0
0
0
0
0
0
0
0
0
0
0
0
0
0
0
0
0
0
0
0
0
0
0
0
0
0
0
0
0
0
0
0
0
0
0
0
0
0
0
0
0
0
0
0
0
0
0
0
0
0
0
0
0
0
0
0
0
0
0
0
0
0
0
0
0
0
0
0
0
0
0
0
0
0
0
0
0
0
0
0
0
0
0
0
0
0
0
0
0
0
0
0
0
0
0
0
0
0
0
0
0
0
0
0
0
0
0
0
0
0
0
0
0
0
0
0
0
0
0
0
0
0
0
0
0
0
0
0
0
0
0
0
0
0
0
0
0
0
0
0
0
0
0
0
0
0
0
0
0
0
0
0
0
0
0
0
0
0
0
0
0
0
0
0
0
0
0
0
0
0
0
0
0
0
0
0
0
0
0
0
0
0
0
0
0
0
0
0
0
0
0
0
0
0
0
0
0
0
0
0
0
0
0
0
0
0
0
0
0
0
0
0
0
0
0
0
0
0
0
0
0
0
0
0
0
0
0
0
0
0
0
0
0
0
0
0
0
0
0
0
0
0
0
0
0
0
0
0
0
0
0
0
0
0
0
0
0
0
0
0
0
0
0
0
0
0
0
0
0
0
0
0
0
0
0
0
0
0
0
0
0
0
0
0
0
0
0
0
0
0
0
0
0
0
0
0
0
0
0
0
0
0
0
0
0
0
0
0
0
0
0
0
0
0
0
0
0
0
0
0
0
0
0
0
0
0
0
0
0
0
0
0
0
0
0
0
0
0
0
0
0
0
0
0
0
0
0
0
0
0
0
0
0
0
0
0
0
0
0
0
0
0
0
0
0
0
0
0
0
0
0
0
0
0
0
0
0
0
0
0
0
0
0
0
0
0
0
0
0
0
0
0
0
0
0
0
0
0
0
0
0
0
0
0
0
0
0
0
0
0
0
0
0
0
0
0
0
0
0
0
0
0
0
0
0
0
0
0
0
0
0
0
0
0
0
0
0
0
0
0
0
0
0
0
0
0
0
0
0
0
0
0
0
0
0
0
0
0
0
0
0
0
0
0
0
0
0
0
0
0
0
0
0
0
0
0
0
0
0
0
0
0
0
0
0
0
0
0
0
0
0
0
0
0
0
0
0
0
0
0
0
0
0
0
0
0
0
0
0
0
0
0
0
0
0
0
0
0
0
0
0
0
0
0
0
0
0
0
0
0
0
0
0
0
0
0
0
0
0
0
0
0
0
0
0
0
0
0
0
0
0
0
0
0
0
0
0
0
0
0
0
0
0
0
0
0
0
0
0
0
0
0
0
0
0
0
0
0
0
0
0
0
0
0
0
0
0
0
0
0
0
0
0
0
0
0
0
0
0
0
0
0
0
0
0
0
0
0
0
0
0
0
0
0
0
0
0
0
0
0
0
0
0
0
0
0
0
0
0
0
0
0
0
0
0
0
0
0
0
0
0
0
0
0
0
0
0
0
0
0
0
0
0
0
0
0
0
0
0
0
0
0
0
0
0
0
0
0
0
0
0
0
0
0
0
0
0
0
0
0
0
0
0
0
0
0
0
0
0
0
0
0
0
0
0
0
0
0
0
0
0
0
0
0
0
0
0
0
0
0
0
0
0
0
0
0
0
0
0
0
0
0
0
0
0
0
0
0
0
0
0
0
0
0
0
0
0
0
0
0
0
0
0
0
0
0
0
0
0
0
0
0
0
0
0
0
0
0
0
0
0
0
0
0
0
0
0
0
0
0
0
0
0
0
0
0
0
0
0
0
0
0
0
0
0
0
0
0
0
0
0
0
0
0
0
0
0
0
0
0
0
0
0
0
0
0
0
0
0
0
0
0
0
0
0
0
0
0
0
0
0
0
0
0
0
0
0
0
0
0
0
0
0
0
0
0
0
0
0
0
0
0
0
0
0
0
0
0
0
0
0
0
0
0
0
0
0
0
0
0
0
0
0
0
0
0
0
0
0
0
0
0
0
0
0
0
0
0
0
0
0
0
0
0
0
0
0
0
0
0
0
0
0
0
0
0
0
0
0
0
0
0
0
0
0
0
0
0
0
0
0
0
0
0
0
0
0
0
0
0
0
0
0
0
0
0
0
0
0
0
0
0
0
0
0
0
0
0
0
0
0
0
0
0
0
0
0
0
0
0
0
0
0
0
0
0
0
0
0
0
0
0
0
0
0
0
0
0
0
0
0
0
0
0
0
0
0
0
0
0
0
0
0
0
0
0
0
0
0
0
0
0
0
0
0
0
0
0
0
0
0
0
0
0
0
0
0
0
0
0
0
0
0
0
0
0
0
0
0
0
0
0
0
0
0
0
0
0
0
0
0
0
0
0
0
0
0
0
0
0
0
0
0
0
0
0
0
0
0
0
0
0
0
0
0
0
0
0
0
0
0
0
0
0
0
0
0
0
0
0
0
0
0
0
0
0
0
0
0
0
0
0
0
0
0
0
0
0
0
0
0
0
0
0
0
0
0
0
0
0
0
0
0
0
0
0
0
0
0
0
0
0
0
0
0
0
0
0
0
0
0
0
0
0
0
0
0
0
0
0
0
0
0
0
0
0
0
0
0
0
0
0
0
0
0
0
0
0
0
0
0
0
0
0
0
0
0
0
0
0
0
0
0
0
0
0
0
0
0
0
0
0
0
0
0
0
0
0
0
0
0
0
0
0
0
0
0
0
0
0
0
0
0
0
0
0
0
0
0
0
0
0
0
0
0
0
0
0
0
0
0
0
0
0
0
0
0
0
0
0
0
0
0
0
0
0
0
0
0
0
0
0
0
0
0
0
0
0
0
0
0
0
0
0
0
0
0
0
0
0
0
0
0
0
0
0
0
0
0
0
0
0
0
0
0
0
0
0
0
0
0
0
0
0
0
0
0
0
0
0
0
0
0
0
0
0
0
0
0
0
0
0
0
0
0
0
0
0
0
0
0
0
0
0
0
0
0
0
0
0
0
0
0
0
0
0
0
0
0
0
0
0
0
0
0
0
0
0
0
0
0
0
0
0
0
0
0
0
0
0
0
0
0
0
0
0
0
0
0
0
0
0
0
0
0
0
0
0
0
0
0
0
0
0
0
0
0
0
0
0
0
0
0
0
0
0
0
0
0
0
0
0
0
0
0
0
0
0
0
0
0
0
0
0
0
0
0
0
0
0
0
0
0
0
0
0
0
0
0
0
0
0
0
0
0
0
0
0
0
0
0
0
0
0
0
0
0
0
0
0
0
0
0
0
0
0
0
0
0
0
0
0
0
0
0
0
0
0
0
0
0
0
0
0
0
0
0
0
0
0
0
0
0
0
0
0
0
0
0
0
0
0
0
0
0
0
0
0
0
0
0
0
0
0
0
0
0
0
0
0
0
0
0
0
0
0
0
0
0
0
0
0
0
0
0
0
0
0
0
0
0
0
0
0
0
0
0
0
0
0
0
0
0
0
0
0
0
0
0
0
0
0
0
0
0
0
0
0
0
0
0
0
0
0
0
0
0
0
0
0
0
0
0
0
0
0
0
0
0
0
0
0
0
0
0
0
0
0
0
0
0
0
0
0
0
0
0
0
1
1
0
0
0
0
1
0
0
0
0
0
0
0
0
0
0
0
0
0
0
0
0
0
0
0
0
0
0
0
0
0
0
0
0
0
0
0
0
0
0
0
0
0
0
0
0
0
0
0
0
0
0
0
0
0
0
0
0
0
0
0
0
0
0
0
-1
-1
-1
0
0
0
0
0
0
0
0
0
0
0
0
0
0
0
0
0
0
0
0
0
0
0
0
0
0
0
0
0
0
0
0
0
0
0
0
0
0
0
0
0
0
0
0
0
0
0
0
0
0
0
0
0
0
0
0
0
1
1
0
0
0
0
0
0
0
0
0
0
0
0
0
0
0
0
0
0
0
-1
0
0
0
0
0
0
0
0
0
0
0
0
0
0
0
0
0
-1
-1
0
0
0
0
0
0
0
-1
0
0
0
-1
0
0
0
0
-1
0
0
0
0
0
0
0
0
0
0
0
0
0
0
0
0
0
0
0
0
0
0
0
0
0
0
0
0
0
0
0
0
1
1
0
0
0
0
0
-1
0
0
0
0
0
0
0
0
0
0
0
0
0
0
0
0
0
0
0
1
1
0
0
0
0
0
0
0
0
0
0
0
0
1
0
0
0
0
0
0
0
0
1
0
0
0
0
0
0
0
0
0
0
0
-1
-1
0
0
0
-1
-1
0
0
0
0
-1
-1
0
0
0
0
1
1
1
0
0
0
0
0
0
0
0
0
0
0
0
0
0
0
0
-1
0
0
0
0
0
0
0
0
0
0
0
0
0
1
1
1
1
0
0
0
0
0
0
0
0
0
0
0
0
0
0
0
0
0
0
0
0
0
0
0
0
0
0
0
0
0
0
1
3
3
2
0
0
0
-1
-2
-3
-4
-3
-2
-2
-1
-2
-2
-2
-2
-1
0
0
0
-1
0
0
0
-1
-1
-1
0
0
0
-1
-1
-1
-1
-1
-1
-1
-1
-1
-1
-1
0
0
0
-1
-1
-1
0
0
0
-1
-1
-1
-1
-1
-1
-1
0
0
-1
-1
-1
0
0
0
0
1
1
0
-1
0
0
0
0
0
0
0
1
0
0
0
-1
0
0
0
0
0
0
-1
-1
-1
0
0
0
0
0
0
0
-1
-2
-1
0
0
-1
-1
-1
-1
-1
-2
-2
-2
-2
-2
-1
-1
-1
-2
-2
-1
-1
-1
-1
-2
-2
-2
-2
-1
-1
-1
-2
-2
-2
-2
-2
-2
-2
-2
-1
-2
-2
-2
-2
-2
-2
-2
-1
0
-1
-2
-2
-2
-2
-2
-1
-1
-1
-2
-2
-2
-2
-2
-1
0
0
0
-1
-1
0
0
0
1
1
2
2
1
-1
-1
0
1
1
0
1
2
1
0
0
0
0
1
2
2
2
1
0
1
2
1
1
1
2
2
2
2
2
2
2
2
2
2
2
1
0
0
1
1
0
0
0
0
0
0
1
1
1
0
0
1
1
1
1
1
2
2
2
2
2
2
0
0
1
2
2
1
1
1
1
1
1
0
0
1
1
0
-1
0
1
2
2
1
1
2
2
1
1
2
2
2
2
1
0
-1
-1
0
0
-1
-1
0
0
0
-1
-2
-2
-1
0
1
1
0
0
0
0
0
0
0
0
0
0
0
0
-1
-1
0
-1
-1
-1
1
1
0
-2
-2
-1
0
0
0
0
1
0
-1
-1
0
0
0
0
0
1
1
0
-1
-1
-1
0
0
1
2
2
1
0
0
1
1
0
-1
-1
0
0
1
1
0
-1
-1
-1
-1
0
0
0
0
-1
-1
-1
-1
0
0
0
1
0
-2
-2
-2
-2
-2
-2
-2
-2
-1
0
-1
-1
-2
-3
-3
-2
-1
-2
-3
-3
-3
-3
-3
-3
-2
-1
-2
-3
-3
-2
-2
-2
-2
-2
-2
-2
-2
-2
-2
-2
-2
-3
-3
-3
-3
-3
-3
-2
-2
-3
-3
-2
-2
-3
-4
-3
-2
-2
-2
-3
-2
-2
-2
-2
-2
-2
-2
-1
-1
-1
-1
-2
-2
-1
0
0
-1
-1
0
0
0
0
0
0
0
0
0
0
0
0
-1
-1
0
1
1
1
0
1
2
1
1
1
2
3
1
0
0
2
2
2
2
2
2
2
2
2
1
-1
0
1
2
1
1
2
3
2
2
2
2
2
2
2
2
2
1
1
2
2
3
2
0
0
1
3
3
2
1
0
0
1
2
2
2
1
2
2
2
2
1
1
1
1
1
1
1
0
0
0
0
-1
-1
0
0
0
-1
0
0
-1
-2
-2
-1
0
0
-1
0
-1
-2
-3
-3
-2
-1
-1
-2
-2
-2
-2
-3
-3
-4
-4
-3
-3
-2
-2
-2
-3
-5
-5
-3
-1
0
-2
-3
-2
-2
-2
-2
-1
1
0
-1
-2
0
1
0
-2
-1
0
0
-2
-2
0
1
0
-2
-2
-1
0
0
-1
-2
-1
1
1
1
0
0
0
-1
0
2
5
4
1
0
0
1
1
2
2
2
1
1
1
2
1
0
1
2
4
4
4
4
4
4
3
3
5
7
8
6
4
2
3
5
6
6
5
4
5
5
4
3
3
3
4
4
4
5
5
6
6
5
3
2
3
5
4
3
3
4
5
4
3
2
1
-1
-2
0
2
3
2
-1
-5
-6
-6
-3
-1
0
0
0
-2
-6
-8
-8
-7
-5
-4
-2
-2
-4
-7
-8
-8
-9
-9
-7
-4
-3
-5
-8
-9
-10
-11
-10
-7
-4
-4
-6
-9
-9
-9
-9
-9
-9
-8
-7
-6
-5
-5
-7
-9
-9
-8
-5
-3
-4
-6
-7
-6
-6
-7
-7
-5
-3
-2
-4
-5
-5
-4
-4
-4
-4
-3
-2
-2
-2
-3
-2
-2
-2
-2
-1
0
1
1
1
0
1
2
1
1
-1
-2
-2
-1
2
3
3
2
0
0
2
3
5
7
7
5
5
4
4
3
3
5
7
8
7
5
3
2
2
3
6
8
9
7
5
3
1
0
2
5
9
9
8
5
3
1
2
5
9
10
10
8
5
2
0
1
5
8
9
9
7
6
3
2
4
8
11
10
9
7
5
3
3
5
6
7
7
8
7
5
4
5
7
6
5
6
8
8
5
4
5
5
5
6
7
5
1
-1
0
2
3
2
1
1
0
-1
-1
-1
0
2
3
2
-1
-4
-6
-7
-6
-4
-1
-1
-3
-5
-6
-7
-10
-11
-9
-6
-6
-9
-11
-12
-13
-13
-11
-10
-9
-9
-9
-9
-12
-15
-16
-14
-11
-11
-12
-14
-16
-19
-22
-23
-20
-16
-16
-19
-23
-24
-24
-24
-24
-23
-21
-22
-25
-27
-27
-26
-27
-27
-26
-25
-27
-28
-28
-27
-28
-31
-31
-30
-29
-29
-28
-27
-28
-30
-32
-30
-26
-25
-27
-31
-32
-32
-30
-28
-27
-27
-27
-26
-26
-27
-27
-26
-22
-19
-18
-20
-20
-17
-14
-13
-13
-11
-9
-8
-6
-3
-1
-1
-2
-1
3
6
7
8
11
13
14
17
21
23
23
24
26
29
31
35
41
44
45
44
46
49
52
53
57
60
61
63
67
71
71
69
68
71
75
78
81
84
85
85
85
85
84
84
87
91
93
93
94
94
92
90
89
90
90
89
90
92
92
88
83
82
83
82
79
77
76
75
71
66
60
56
54
52
50
47
45
42
39
34
27
21
15
10
8
6
2
-3
-9
-16
-23
-28
-32
-37
-43
-49
-53
-59
-65
-73
-81
-88
-93
-97
-99
-102
-107
-115
-122
-130
-138
-144
-148
-152
-157
-163
-168
-172
-178
-184
-189
-192
-194
-196
-199
-202
-204
-208
-215
-222
-226
-224
-221
-221
-223
-223
-223
-226
-232
-233
-230
-226
-224
-221
-216
-214
-215
-215
-210
-205
-201
-197
-188
-178
-172
-168
-164
-159
-155
-149
-139
-126
-117
-107
-95
-82
-74
-70
-63
-51
-38
-24
-9
5
19
29
39
50
60
71
84
99
115
131
146
158
166
175
189
203
214
226
242
261
276
282
286
293
303
314
326
339
352
361
367
370
371
374
379
384
388
394
404
412
414
412
410
409
408
407
407
409
409
405
400
392
381
372
367
366
362
355
347
339
329
316
303
290
276
265
260
257
247
230
210
193
175
159
146
135
123
107
92
78
59
38
20
8
-1
-13
-24
-34
-48
-68
-91
-111
-129
-146
-161
-170
-181
-198
-218
-235
-251
-270
-291
-305
-317
-331
-348
-364
-377
-393
-411
-428
-441
-451
-459
-465
-471
-482
-496
-507
-516
-527
-539
-545
-544
-541
-545
-551
-555
-555
-558
-563
-568
-569
-567
-564
-559
-556
-553
-552
-548
-540
-526
-511
-495
-481
-467
-453
-440
-428
-416
-399
-378
-355
-329
-301
-274
-254
-235
-211
-184
-159
-138
-112
-80
-50
-27
-5
21
48
72
99
136
173
202
226
255
287
314
334
357
386
415
438
461
485
508
526
544
565
586
604
622
639
655
665
674
683
692
702
713
727
736
740
741
744
746
744
739
736
734
731
725
718
709
698
686
675
663
651
641
633
622
604
584
566
552
536
519
504
490
474
454
433
411
389
364
338
312
288
267
245
220
194
169
146
123
100
77
55
33
9
-17
-44
-69
-94
-119
-144
-169
-194
-220
-247
-272
-298
-326
-356
-388
-417
-443
-470
-498
-524
-551
-579
-605
-628
-650
-672
-695
-715
-735
-756
-779
-800
-818
-840
-862
-875
-878
-882
-891
-899
-903
-908
-919
-928
-927
-921
-922
-927
-926
-921
-922
-927
-925
-913
-901
-888
-865
-836
-812
-800
-787
-764
-739
-715
-689
-653
-615
-583
-553
-518
-483
-453
-418
-374
-326
-285
-249
-210
-172
-140
-110
-73
-26
20
63
107
153
193
229
266
306
347
390
435
476
506
528
553
582
609
634
664
702
736
760
777
794
810
823
840
865
890
909
923
936
945
947
946
951
959
963
963
964
961
951
933
916
905
896
887
879
869
858
844
829
814
795
775
757
742
727
707
685
663
641
616
592
569
545
518
490
464
435
403
371
342
316
287
256
227
202
178
150
119
87
54
20
-10
-36
-63
-93
-125
-155
-186
-221
-255
-289
-321
-354
-386
-416
-445
-478
-512
-544
-573
-601
-629
-655
-678
-702
-731
-763
-795
-826
-856
-884
-911
-937
-964
-993
-1024
-1054
-1077
-1093
-1107
-1122
-1138
-1148
-1150
-1146
-1143
-1140
-1134
-1121
-1103
-1090
-1086
-1085
-1080
-1074
-1071
-1069
-1062
-1049
-1033
-1019
-1003
-981
-956
-928
-892
-846
-798
-760
-729
-693
-651
-608
-567
-527
-482
-434
-381
-324
-269
-222
-181
-139
-91
-43
-1
39
83
131
180
232
287
343
396
447
501
559
615
666
711
752
788
819
844
864
883
909
940
973
1004
1033
1059
1076
1088
1099
1115
1133
1149
1167
1189
1208
1215
1212
1207
1205
1203
1201
1200
1198
1190
1174
1153
1130
1102
1071
1046
1030
1018
1004
985
966
944
915
883
854
827
802
776
753
728
699
665
633
605
576
542
508
479
449
412
370
331
294
259
222
189
159
132
103
74
43
11
-25
-60
-94
-128
-164
-201
-236
-273
-312
-350
-387
-424
-465
-504
-540
-574
-608
-643
-677
-711
-745
-776
-805
-834
-862
-890
-915
-941
-969
-999
-1029
-1060
-1096
-1132
-1163
-1191
-1218
-1243
-1262
-1276
-1292
-1309
-1319
-1318
-1313
-1307
-1298
-1277
-1248
-1221
-1203
-1193
-1188
-1183
-1176
-1164
-1149
-1133
-1112
-1091
-1073
-1060
-1044
-1019
-984
-945
-899
-844
-782
-726
-681
-641
-602
-560
-515
-458
-389
-314
-241
-177
-124
-79
-39
5
53
104
155
209
268
326
377
424
476
532
590
652
720
792
855
905
943
974
996
1014
1036
1067
1100
1128
1153
1180
1207
1228
1242
1254
1266
1283
1304
1325
1342
1352
1358
1362
1360
1351
1342
1343
1349
1348
1335
1316
1292
1264
1230
1193
1159
1129
1102
1079
1058
1035
1006
974
942
912
883
856
829
799
762
722
685
652
616
576
539
509
484
454
414
369
327
287
245
201
158
121
86
50
17
-13
-45
-83
-121
-156
-191
-234
-280
-322
-358
-396
-440
-486
-528
-569
-609
-647
-681
-711
-743
-774
-804
-834
-869
-907
-943
-975
-1005
-1034
-1062
-1089
-1117
-1147
-1182
-1219
-1254
-1283
-1309
-1335
-1363
-1388
-1406
-1420
-1434
-1445
-1449
-1441
-1425
-1403
-1376
-1348
-1324
-1305
-1287
-1272
-1260
-1251
-1237
-1216
-1194
-1173
-1150
-1123
-1100
-1083
-1060
-1020
-965
-910
-858
-800
-735
-674
-630
-593
-548
-490
-427
-359
-286
-215
-157
-107
-52
4
48
84
134
204
277
335
383
434
487
536
587
649
724
798
863
922
975
1020
1057
1089
1116
1136
1155
1185
1223
1255
1274
1288
1307
1328
1344
1357
1370
1385
1399
1411
1421
1425
1424
1423
1424
1422
1417
1409
1402
1393
1376
1352
1321
1284
1242
1199
1163
1135
1109
1082
1050
1019
991
964
933
893
850
813
782
748
710
670
630
588
547
512
482
448
408
368
331
291
244
195
151
110
67
25
-9
-39
-73
-111
-148
-182
-220
-262
-302
-339
-379
-428
-480
-527
-571
-615
-657
-692
-724
-760
-799
-835
-867
-900
-936
-974
-1006
-1034
-1060
-1089
-1121
-1157
-1193
-1230
-1265
-1297
-1325
-1350
-1378
-1412
-1449
-1481
-1504
-1519
-1530
-1538
-1540
-1533
-1517
-1496
-1474
-1452
-1427
-1395
-1364
-1341
-1326
-1310
-1289
-1270
-1256
-1241
-1219
-1191
-1163
-1136
-1106
-1073
-1038
-993
-929
-851
-781
-726
-676
-619
-560
-505
-448
-382
-311
-242
-174
-103
-38
9
46
94
159
228
291
351
413
471
524
577
639
705
768
834
911
991
1054
1096
1130
1169
1204
1228
1245
1267
1295
1321
1343
1363
1386
1408
1424
1436
1451
1467
1481
1489
1497
1508
1522
1529
1524
1510
1494
1478
1462
1447
1431
1411
1382
1346
1306
1265
1221
1176
1137
1107
1084
1059
1029
997
959
916
870
828
793
760
725
689
652
609
561
511
468
432
399
364
324
281
237
189
140
93
50
10
-30
-68
-102
-135
-173
-219
-266
-308
-347
-388
-431
-476
-524
-575
-626
-670
-707
-742
-780
-818
-854
-889
-922
-955
-988
-1023
-1060
-1094
-1124
-1154
-1189
-1223
-1256
-1288
-1322
-1359
-1395
-1427
-1458
-1490
-1519
-1543
-1557
-1565
-1572
-1580
-1588
-1592
-1589
-1574
-1543
-1500
-1459
-1430
-1407
-1383
-1359
-1347
-1343
-1331
-1299
-1254
-1214
-1182
-1151
-1124
-1105
-1088
-1054
-996
-924
-847
-771
-698
-636
-590
-553
-511
-453
-381
-299
-213
-131
-59
2
51
92
132
181
243
316
390
460
522
577
624
670
725
797
880
960
1030
1092
1149
1199
1239
1264
1281
1299
1324
1355
1385
1411
1434
1457
1481
1504
1523
1534
1541
1545
1552
1562
1571
1575
1577
1577
1572
1557
1535
1514
1497
1483
1463
1437
1406
1367
1317
1260
1210
1170
1136
1104
1076
1053
1028
993
949
902
858
816
777
740
704
664
618
569
521
477
435
395
354
310
264
217
169
121
74
29
-14
-55
-97
-140
-185
-229
-270
-306
-343
-381
-421
-461
-510
-569
-627
-676
-714
-752
-791
-826
-858
-898
-946
-994
-1032
-1061
-1089
-1115
-1136
-1158
-1187
-1223
-1262
-1299
-1336
-1372
-1405
-1433
-1461
-1492
-1525
-1560
-1594
-1621
-1637
-1643
-1642
-1639
-1633
-1621
-1602
-1573
-1535
-1492
-1451
-1417
-1392
-1370
-1348
-1330
-1316
-1299
-1271
-1234
-1199
-1172
-1149
-1125
-1097
-1065
-1018
-948
-864
-781
-709
-645
-589
-541
-495
-436
-358
-268
-177
-89
-4
67
116
151
189
239
299
367
443
518
581
628
671
722
784
855
933
1017
1101
1177
1236
1279
1309
1333
1356
1380
1406
1435
1465
1492
1510
1523
1535
1550
1564
1575
1584
1590
1594
1596
1600
1607
1610
1607
1600
1591
1579
1561
1541
1521
1498
1467
1428
1384
1340
1294
1243
1193
1149
1114
1083
1052
1019
981
938
892
844
798
757
719
678
634
589
545
502
457
412
367
319
268
216
165
117
67
16
-33
-80
-126
-174
-221
-263
-300
-336
-374
-413
-452
-492
-537
-587
-639
-691
-739
-777
-807
-836
-875
-922
-972
-1018
-1060
-1098
-1126
-1146
-1167
-1197
-1233
-1263
-1288
-1319
-1360
-1404
-1440
-1463
-1481
-1506
-1543
-1583
-1617
-1640
-1657
-1670
-1675
-1668
-1658
-1653
-1646
-1622
-1581
-1534
-1494
-1455
-1414
-1376
-1352
-1340
-1324
-1297
-1264
-1237
-1213
-1183
-1146
-1111
-1082
-1057
-1024
-972
-898
-809
-716
-637
-579
-534
-483
-419
-346
-270
-187
-94
-2
77
138
193
244
289
331
384
455
531
595
647
695
744
798
862
943
1034
1121
1198
1268
1331
1375
1400
1423
1453
1484
1506
1521
1541
1565
1587
1602
1614
1623
1627
1626
1626
1631
1638
1642
1642
1641
1643
1649
1652
1637
1606
1573
1551
1535
1509
1470
1426
1382
1332
1271
1209
1159
1121
1087
1052
1015
977
938
897
851
801
750
702
658
616
571
526
481
436
390
345
299
251
198
144
89
36
-17
-68
-113
-154
-199
-249
-299
-344
-381
-415
-446
-478
-515
-561
-615
-672
-727
-779
-824
-864
-901
-939
-976
-1014
-1057
-1104
-1148
-1181
-1201
-1218
-1239
-1266
-1297
-1334
-1374
-1413
-1447
-1475
-1496
-1514
-1537
-1572
-1610
-1640
-1662
-1683
-1703
-1711
-1703
-1692
-1687
-1677
-1647
-1604
-1562
-1520
-1465
-1410
-1376
-1366
-1355
-1331
-1303
-1283
-1258
-1216
-1166
-1133
-1118
-1099
-1065
-1016
-954
-875
-782
-692
-620
-564
-515
-464
-406
-333
-245
-146
-43
58
143
200
235
269
318
382
450
518
586
654
712
760
804
855
923
1004
1092
1176
1252
1320
1377
1419
1447
1473
1502
1532
1556
1575
1593
1610
1625
1637
1649
1658
1661
1659
1659
1658
1654
1649
1649
1656
1659
1656
1648
1634
1613
1588
1563
1539
1510
1473
1432
1386
1331
1269
1208
1155
1111
1069
1030
995
957
912
861
811
763
715
665
617
576
537
495
446
394
341
292
244
195
143
91
43
-3
-53
-106
-157
-204
-251
-301
-349
-392
-427
-461
-494
-526
-560
-603
-656
-711
-760
-804
-849
-896
-937
-971
-1007
-1049
-1094
-1139
-1180
-1217
-1246
-1267
-1285
-1306
-1331
-1360
-1393
-1430
-1467
-1499
-1525
-1548
-1573
-1599
-1627
-1650
-1667
-1684
-1703
-1721
-1722
-1709
-1692
-1677
-1649
-1599
-1542
-1496
-1462
-1424
-1382
-1351
-1336
-1318
-1284
-1246
-1216
-1187
-1147
-1107
-1085
-1072
-1042
-981
-900
-816
-732
-648
-574
-514
-459
-401
-340
-274
-195
-101
0
95
176
240
288
326
368
425
491
556
618
678
733
782
830
890
960
1035
1113
1195
1277
1351
1409
1453
1489
1517
1539
1559
1584
1609
1631
1646
1655
1660
1663
1665
1669
1671
1670
1664
1656
1653
1657
1661
1660
1653
1642
1628
1614
1596
1572
1538
1498
1455
1411
1361
1305
1247
1192
1138
1084
1031
988
951
916
878
834
783
729
675
626
579
535
492
448
401
354
311
266
209
142
80
35
-3
-46
-96
-148
-205
-267
-326
-373
-410
-443
-470
-490
-515
-555
-607
-661
-714
-768
-820
-866
-901
-931
-962
-999
-1048
-1107
-1161
-1200
-1226
-1246
-1266
-1286
-1312
-1347
-1385
-1417
-1444
-1471
-1497
-1523
-1550
-1581
-1610
-1634
-1659
-1693
-1728
-1745
-1740
-1728
-1721
-1716
-1697
-1658
-1606
-1551
-1496
-1442
-1399
-1375
-1367
-1356
-1328
-1292
-1257
-1220
-1177
-1137
-1112
-1097
-1076
-1036
-977
-904
-819
-728
-642
-569
-508
-457
-413
-356
-269
-157
-39
67
157
226
272
306
347
406
477
550
621
688
744
786
826
872
929
995
1078
1174
1271
1354
1417
1458
1487
1512
1544
1582
1615
1636
1647
1655
1660
1660
1660
1663
1667
1668
1665
1662
1658
1652
1646
1643
1642
1638
1631
1620
1606
1589
1566
1539
1508
1474
1435
1389
1334
1271
1204
1136
1077
1031
994
958
918
872
822
770
720
674
632
587
543
502
464
420
365
308
256
208
157
105
57
13
-33
-86
-143
-202
-261
-317
-367
-407
-439
-468
-497
-526
-553
-583
-626
-680
-735
-782
-823
-865
-908
-946
-984
-1032
-1087
-1139
-1179
-1208
-1234
-1259
-1284
-1308
-1329
-1353
-1385
-1423
-1461
-1490
-1516
-1545
-1579
-1606
-1627
-1647
-1669
-1687
-1696
-1700
-1706
-1714
-1713
-1693
-1660
-1618
-1570
-1512
-1455
-1415
-1401
-1396
-1380
-1347
-1311
-1273
-1226
-1170
-1125
-1104
-1088
-1062
-1026
-983
-918
-816
-696
-600
-540
-495
-445
-397
-349
-281
-179
-63
42
132
211
276
313
341
391
469
555
633
706
775
824
848
873
923
996
1076
1158
1250
1343
1414
1453
1475
1494
1513
1535
1564
1602
1636
1657
1667
1672
1676
1675
1670
1662
1655
1652
1653
1654
1650
1640
1626
1612
1597
1580
1563
1548
1533
1513
1484
1448
1407
1359
1302
1237
1172
1114
1064
1021
982
946
906
860
808
756
708
663
616
565
514
469
426
384
338
289
240
190
140
89
42
1
-41
-89
-143
-199
-257
-316
-371
-415
-447
-472
-493
-513
-535
-567
-615
-673
-731
-784
-827
-860
-887
-916
-953
-1001
-1054
-1106
-1149
-1177
-1194
-1208
-1227
-1255
-1288
-1323
-1357
-1395
-1433
-1463
-1481
-1496
-1518
-1550
-1583
-1615
-1646
-1674
-1688
-1686
-1680
-1679
-1681
-1676
-1658
-1624
-1573
-1507
-1435
-1377
-1345
-1334
-1328
-1314
-1292
-1265
-1229
-1183
-1131
-1087
-1060
-1042
-1020
-985
-932
-853
-745
-630
-536
-477
-439
-405
-360
-296
-203
-84
42
154
242
307
352
381
413
463
533
613
694
764
815
846
869
898
948
1028
1130
1239
1337
1413
1464
1494
1511
1528
1553
1587
1621
1651
1674
1687
1686
1673
1656
1644
1635
1629
1629
1637
1643
1639
1624
1609
1598
1591
1579
1562
1545
1532
1517
1494
1462
1422
1374
1314
1244
1172
1108
1053
1005
963
925
888
846
800
747
689
631
580
540
505
470
432
391
346
292
232
173
124
82
44
7
-31
-75
-134
-202
-271
-334
-388
-430
-457
-470
-481
-502
-537
-581
-634
-692
-744
-781
-805
-827
-855
-893
-941
-998
-1056
-1108
-1151
-1186
-1207
-1215
-1222
-1243
-1280
-1323
-1365
-1405
-1439
-1463
-1482
-1507
-1536
-1562
-1587
-1621
-1656
-1675
-1678
-1681
-1691
-1693
-1679
-1656
-1628
-1587
-1528
-1469
-1429
-1402
-1374
-1349
-1337
-1329
-1303
-1258
-1209
-1170
-1138
-1109
-1087
-1073
-1046
-981
-880
-773
-683
-608
-540
-490
-460
-430
-371
-274
-159
-42
72
177
255
298
325
359
410
477
565
663
745
793
819
846
880
922
981
1069
1179
1288
1378
1443
1483
1497
1497
1500
1513
1536
1568
1611
1650
1668
1664
1649
1632
1616
1602
1595
1599
1611
1621
1620
1603
1576
1544
1512
1486
1469
1465
1467
1463
1442
1402
1343
1268
1189
1122
1071
1030
996
969
945
908
856
797
740
684
631
589
558
526
483
433
384
336
286
237
195
157
120
82
44
1
-54
-120
-186
-245
-300
-350
-392
-419
-431
-441
-459
-487
-524
-570
-621
-670
-709
-742
-776
-812
-847
-885
-938
-1002
-1059
-1092
-1110
-1125
-1138
-1150
-1168
-1201
-1246
-1296
-1346
-1387
-1417
-1440
-1463
-1488
-1514
-1541
-1577
-1615
-1640
-1651
-1660
-1670
-1672
-1664
-1659
-1650
-1614
-1549
-1488
-1449
-1413
-1366
-1328
-1322
-1324
-1299
-1251
-1215
-1194
-1158
-1107
-1077
-1075
-1063
-1010
-925
-830
-729
-623
-536
-488
-464
-429
-368
-290
-202
-96
26
145
242
309
351
380
417
474
555
646
730
791
828
851
879
923
983
1058
1147
1247
1343
1420
1472
1502
1515
1519
1528
1551
1578
1597
1612
1631
1649
1651
1632
1608
1592
1581
1572
1569
1571
1569
1554
1537
1526
1513
1487
1456
1436
1430
1421
1400
1370
1328
1264
1180
1097
1036
991
948
904
870
842
807
760
709
662
616
568
523
486
450
408
362
318
276
230
180
136
102
71
32
-19
-72
-121
-169
-222
-280
-335
-378
-404
-421
-432
-438
-443
-460
-499
-553
-607
-655
-702
-749
-787
-812
-839
-879
-931
-984
-1028
-1068
-1100
-1123
-1138
-1151
-1167
-1191
-1230
-1285
-1345
-1396
-1429
-1452
-1474
-1498
-1522
-1547
-1579
-1613
-1639
-1653
-1664
-1674
-1672
-1642
-1590
-1541
-1500
-1459
-1415
-1384
-1372
-1356
-1324
-1293
-1276
-1254
-1203
-1146
-1122
-1123
-1110
-1065
-1013
-961
-883
-765
-648
-575
-535
-490
-432
-377
-317
-226
-101
28
137
227
301
354
387
419
470
540
617
694
766
821
850
867
896
953
1034
1125
1219
1312
1395
1455
1486
1497
1497
1497
1504
1527
1566
1607
1631
1631
1612
1585
1557
1537
1526
1527
1534
1541
1545
1535
1508
1473
1440
1418
1405
1400
1402
1398
1377
1335
1275
1201
1120
1048
996
960
925
885
846
810
770
720
667
622
582
542
505
474
444
407
365
323
282
237
188
144
111
80
42
-1
-45
-92
-151
-218
-278
-323
-353
-375
-389
-394
-396
-414
-451
-499
-544
-583
-621
-660
-698
-731
-765
-810
-870
-933
-981
-1006
-1022
-1043
-1069
-1095
-1120
-1151
-1194
-1245
-1293
-1332
-1365
-1398
-1434
-1472
-1508
-1543
-1580
-1614
-1640
-1659
-1676
-1692
-1696
-1685
-1664
-1629
-1573
-1501
-1440
-1411
-1402
-1388
-1365
-1344
-1322
-1282
-1224
-1175
-1151
-1139
-1120
-1094
-1068
-1027
-952
-846
-733
-633
-556
-504
-471
-430
-358
-257
-149
-40
78
196
286
334
366
412
477
546
614
687
760
821
860
880
890
912
967
1056
1157
1251
1336
1418
1482
1512
1516
1518
1535
1562
1591
1625
1656
1668
1652
1614
1565
1521
1495
1484
1483
1486
1494
1498
1482
1441
1391
1355
1339
1337
1346
1358
1352
1313
1251
1185
1112
1027
948
899
880
868
843
801
746
684
624
572
527
487
461
450
439
406
356
311
273
232
189
158
140
124
97
57
0
-70
-142
-203
-250
-284
-305
-313
-320
-334
-356
-381
-422
-482
-542
-576
-591
-610
-639
-670
-705
-753
-813
-872
-923
-964
-992
-1004
-1013
-1037
-1079
-1124
-1169
-1221
-1277
-1320
-1348
-1374
-1404
-1429
-1455
-1496
-1553
-1608
-1644
-1666
-1684
-1698
-1701
-1690
-1666
-1621
-1561
-1505
-1466
-1434
-1396
-1361
-1342
-1328
-1300
-1255
-1211
-1182
-1160
-1137
-1120
-1105
-1074
-1009
-919
-828
-742
-655
-575
-521
-487
-442
-362
-255
-136
-12
112
219
298
357
408
451
493
555
642
729
785
815
843
872
895
926
991
1085
1182
1268
1351
1429
1483
1502
1503
1506
1520
1549
1595
1644
1662
1641
1603
1571
1543
1515
1492
1483
1486
1490
1482
1454
1411
1363
1325
1298
1282
1286
1311
1331
1312
1248
1172
1104
1038
970
911
867
827
784
742
699
648
591
548
527
508
475
439
417
398
364
319
277
238
200
169
149
126
92
54
22
-18
-79
-146
-193
-226
-269
-319
-345
-340
-335
-355
-390
-417
-440
-469
-504
-533
-555
-586
-631
-688
-746
-805
-855
-893
-925
-961
-995
-1017
-1032
-1057
-1100
-1149
-1191
-1232
-1281
-1326
-1357
-1382
-1420
-1470
-1515
-1550
-1588
-1631
-1663
-1682
-1705
-1734
-1738
-1693
-1618
-1549
-1497
-1449
-1410
-1389
-1378
-1355
-1314
-1269
-1229
-1182
-1129
-1091
-1085
-1099
-1106
-1085
-1021
-916
-788
-667
-573
-511
-477
-454
-416
-336
-214
-69
74
204
307
372
411
448
496
554
627
717
807
867
890
884
866
860
895
979
1090
1199
1298
1388
1455
1480
1478
1482
1496
1503
1519
1570
1634
1656
1628
1591
1565
1528
1473
1439
1446
1459
1445
1421
1407
1371
1293
1215
1191
1209
1225
1233
1249
1258
1220
1135
1040
957
880
815
781
768
742
697
654
615
557
490
449
443
435
407
382
372
354
301
233
186
164
143
119
102
87
56
10
-41
-97
-162
-231
-283
-310
-320
-323
-325
-331
-346
-371
-399
-426
-451
-475
-493
-513
-547
-601
-664
-725
-780
-829
-868
-895
-912
-930
-958
-998
-1044
-1092
-1140
-1189
-1234
-1269
-1299
-1333
-1381
-1437
-1490
-1537
-1579
-1620
-1659
-1697
-1734
-1762
-1770
-1755
-1721
-1661
-1573
-1475
-1399
-1355
-1320
-1280
-1241
-1214
-1186
-1138
-1085
-1055
-1048
-1039
-1024
-1016
-1000
-938
-823
-697
-597
-519
-452
-405
-379
-342
-258
-129
9
143
278
403
497
560
605
639
673
726
801
872
905
910
915
928
938
953
1007
1108
1228
1338
1434
1506
1535
1530
1521
1523
1531
1548
1582
1626
1649
1641
1613
1575
1518
1448
1407
1416
1444
1439
1392
1324
1257
1198
1158
1143
1143
1154
1175
1197
1195
1147
1062
970
890
825
778
750
729
692
631
564
508
466
433
404
380
364
349
321
274
225
191
163
123
73
42
40
43
21
-28
-88
-147
-201
-243
-271
-297
-331
-365
-385
-386
-378
-374
-388
-423
-464
-492
-501
-509
-536
-585
-641
-695
-746
-793
-835
-871
-904
-938
-969
-993
-1007
-1027
-1071
-1138
-1206
-1254
-1282
-1310
-1345
-1387
-1442
-1518
-1603
-1671
-1707
-1733
-1781
-1847
-1900
-1913
-1881
-1810
-1697
-1550
-1395
-1273
-1200
-1152
-1104
-1060
-1044
-1042
-1008
-927
-841
-811
-839
-878
-887
-859
-784
-645
-466
-325
-280
-311
-346
-334
-272
-170
-27
162
380
582
721
783
802
835
905
987
1051
1093
1116
1099
1028
931
866
865
926
1027
1143
1245
1310
1329
1324
1323
1343
1384
1437
1490
1536
1574
1601
1608
1586
1537
1469
1401
1353
1328
1295
1227
1141
1081
1050
1012
942
871
843
860
892
916
936
954
952
910
827
725
637
581
553
537
535
545
540
488
402
324
271
226
185
164
170
179
167
137
98
53
14
2
22
42
36
11
-26
-82
-158
-229
-271
-292
-309
-326
-340
-351
-368
-391
-420
-450
-478
-500
-523
-560
-613
-668
-715
-760
-807
-848
-886
-932
-992
-1054
-1108
-1153
-1186
-1205
-1223
-1259
-1319
-1387
-1445
-1495
-1546
-1599
-1646
-1694
-1758
-1850
-1958
-2065
-2156
-2220
-2228
-2148
-1966
-1713
-1446
-1207
-1001
-826
-695
-623
-607
-617
-613
-571
-506
-454
-423
-387
-333
-287
-269
-246
-162
-26
91
152
196
258
315
336
355
427
557
711
877
1062
1241
1352
1367
1317
1250
1183
1117
1068
1044
1035
1018
981
925
857
792
751
749
794
884
989
1060
1067
1031
1000
990
980
965
975
1023
1065
1049
976
886
805
734
669
620
593
577
560
543
536
544
565
598
647
716
791
841
848
831
819
809
776
718
665
635
624
631
653
677
683
667
644
617
573
516
473
452
428
392
364
343
295
214
148
128
120
85
28
-25
-83
-162
-242
-289
-314
-349
-389
-401
-392
-406
-456
-502
-523
-538
-577
-641
-714
-782
-848
-919
-1000
-1086
-1154
-1193
-1216
-1252
-1315
-1385
-1439
-1473
-1502
-1536
-1575
-1614
-1649
-1687
-1735
-1790
-1842
-1889
-1939
-1985
-2013
-2030
-2068
-2143
-2224
-2256
-2197
-2042
-1796
-1471
-1099
-726
-386
-103
102
214
260
302
374
446
479
482
495
522
535
537
571
653
750
826
883
931
953
935
898
872
854
845
873
953
1051
1133
1200
1249
1241
1142
972
775
581
409
296
248
210
131
41
3
11
20
48
152
316
452
507
497
454
385
312
289
346
462
578
652
669
635
588
567
572
586
616
678
740
754
726
714
763
874
1026
1189
1319
1378
1373
1328
1249
1125
995
926
928
938
912
881
879
884
871
850
842
829
779
689
577
451
319
205
126
61
-9
-62
-75
-79
-123
-205
-285
-349
-417
-500
-583
-654
-718
-763
-762
-725
-704
-717
-727
-706
-683
-688
-721
-770
-844
-944
-1051
-1143
-1214
-1256
-1260
-1235
-1210
-1191
-1164
-1144
-1182
-1282
-1370
-1395
-1394
-1415
-1448
-1470
-1508
-1586
-1673
-1720
-1730
-1750
-1799
-1863
-1950
-2080
-2224
-2298
-2239
-2037
-1697
-1236
-710
-204
216
513
673
712
689
670
677
694
691
657
595
528
500
551
676
825
956
1058
1124
1131
1066
945
813
711
669
709
824
970
1072
1094
1061
1019
956
822
605
362
151
-20
-157
-253
-304
-330
-336
-290
-163
12
167
283
390
499
569
567
510
448
428
474
584
720
836
906
939
948
934
904
876
874
910
968
1029
1081
1121
1156
1216
1330
1474
1578
1596
1547
1468
1343
1136
878
665
551
499
474
497
577
652
658
623
601
575
490
340
172
20
-114
-227
-302
-348
-390
-432
-447
-426
-406
-426
-497
-600
-693
-742
-763
-801
-853
-852
-762
-635
-535
-463
-392
-348
-376
-471
-573
-653
-734
-828
-904
-937
-938
-929
-925
-942
-979
-1011
-1022
-1039
-1100
-1199
-1294
-1367
-1432
-1501
-1562
-1595
-1606
-1614
-1638
-1692
-1775
-1870
-1972
-2108
-2293
-2479
-2583
-2554
-2385
-2072
-1614
-1041
-421
163
637
938
1046
1018
939
844
726
623
607
674
733
745
775
888
1042
1166
1261
1359
1421
1379
1255
1137
1055
977
922
947
1049
1163
1243
1274
1216
1026
754
501
291
57
-210
-405
-458
-441
-447
-456
-410
-313
-200
-69
74
183
232
259
298
320
297
281
345
481
632
787
951
1062
1049
949
880
882
897
886
895
982
1132
1286
1408
1493
1545
1578
1606
1612
1543
1374
1152
943
766
606
461
362
332
359
410
454
469
440
365
257
128
-13
-155
-279
-369
-420
-439
-438
-440
-462
-514
-581
-636
-660
-674
-712
-773
-809
-777
-710
-673
-664
-602
-451
-291
-219
-229
-258
-289
-357
-459
-550
-609
-656
-690
-681
-639
-623
-665
-728
-785
-862
-975
-1092
-1183
-1265
-1357
-1444
-1498
-1519
-1528
-1555
-1609
-1675
-1729
-1772
-1842
-1964
-2109
-2230
-2338
-2482
-2650
-2731
-2617
-2292
-1809
-1241
-634
-6
614
1129
1411
1432
1316
1206
1135
1056
964
910
924
982
1054
1137
1234
1338
1447
1542
1570
1512
1422
1346
1235
1057
902
889
995
1089
1098
1061
1009
898
688
403
89
-228
-504
-671
-729
-761
-810
-813
-716
-568
-453
-365
-239
-61
96
176
204
241
303
361
408
479
617
817
1023
1169
1233
1239
1222
1187
1131
1079
1088
1179
1302
1393
1445
1501
1579
1637
1624
1541
1424
1302
1169
1002
780
516
276
131
82
70
57
68
121
172
155
59
-68
-185
-291
-396
-486
-535
-536
-513
-498
-516
-557
-590
-597
-594
-602
-613
-605
-578
-555
-551
-542
-486
-380
-268
-189
-132
-70
-29
-58
-155
-263
-341
-395
-438
-471
-498
-529
-560
-578
-605
-685
-821
-948
-1023
-1085
-1179
-1285
-1363
-1419
-1486
-1569
-1649
-1707
-1735
-1745
-1774
-1846
-1938
-2018
-2103
-2235
-2416
-2589
-2696
-2711
-2589
-2270
-1765
-1166
-536
127
776
1281
1553
1628
1587
1471
1325
1228
1218
1239
1226
1212
1276
1405
1512
1562
1595
1628
1627
1562
1431
1248
1050
908
861
882
912
929
938
917
826
650
414
143
-146
-421
-645
-819
-961
-1056
-1069
-997
-867
-701
-517
-350
-228
-132
-24
97
199
277
380
542
729
884
998
1106
1234
1361
1442
1443
1375
1298
1254
1235
1210
1190
1229
1346
1484
1564
1570
1546
1522
1460
1311
1081
844
653
492
306
98
-59
-110
-92
-77
-93
-114
-118
-119
-143
-205
-298
-397
-471
-512
-533
-544
-525
-452
-351
-287
-294
-348
-400
-433
-454
-474
-482
-447
-365
-282
-249
-245
-209
-132
-71
-59
-63
-56
-79
-175
-309
-403
-444
-482
-533
-561
-557
-564
-616
-717
-855
-1005
-1128
-1205
-1268
-1356
-1458
-1523
-1535
-1540
-1589
-1673
-1730
-1729
-1711
-1744
-1849
-1981
-2092
-2189
-2326
-2520
-2701
-2762
-2620
-2262
-1749
-1173
-562
118
832
1420
1757
1885
1918
1888
1778
1628
1499
1394
1285
1220
1277
1422
1541
1611
1689
1747
1679
1511
1371
1270
1103
890
782
819
846
745
593
510
475
393
239
34
-236
-553
-826
-1015
-1188
-1356
-1385
-1201
-926
-706
-538
-354
-172
-46
39
146
281
411
545
712
875
983
1076
1229
1418
1556
1626
1666
1666
1586
1443
1313
1241
1215
1222
1274
1374
1479
1530
1490
1366
1182
976
782
606
432
253
83
-61
-174
-269
-358
-423
-414
-324
-226
-203
-248
-294
-320
-371
-468
-554
-555
-470
-356
-265
-214
-203
-223
-253
-279
-307
-335
-345
-327
-302
-293
-289
-268
-233
-201
-162
-94
-14
19
-29
-132
-243
-336
-405
-451
-484
-520
-558
-579
-593
-653
-786
-927
-991
-988
-1008
-1095
-1202
-1274
-1328
-1414
-1524
-1604
-1622
-1603
-1595
-1624
-1684
-1767
-1872
-2001
-2145
-2289
-2429
-2574
-2699
-2708
-2490
-2018
-1374
-665
55
771
1428
1911
2110
2034
1830
1662
1594
1579
1555
1510
1474
1483
1554
1659
1732
1712
1628
1562
1518
1405
1178
914
717
604
547
550
594
604
523
400
313
217
-3
-354
-696
-923
-1059
-1158
-1213
-1194
-1100
-935
-724
-533
-424
-361
-239
-28
177
298
382
520
709
883
1030
1198
1406
1621
1797
1890
1865
1732
1560
1413
1309
1245
1239
1303
1393
1438
1418
1363
1285
1163
1003
840
688
513
294
53
-165
-334
-448
-504
-497
-435
-348
-271
-234
-242
-278
-314
-334
-340
-342
-340
-319
-267
-190
-121
-91
-99
-114
-122
-137
-172
-216
-253
-275
-284
-280
-264
-244
-229
-211
-175
-126
-100
-128
-198
-275
-340
-404
-469
-520
-552
-584
-617
-629
-625
-649
-721
-800
-841
-880
-975
-1106
-1193
-1213
-1220
-1238
-1241
-1220
-1214
-1252
-1333
-1442
-1561
-1676
-1784
-1899
-2020
-2133
-2246
-2402
-2613
-2793
-2816
-2622
-2217
-1601
-802
60
849
1512
2016
2275
2257
2101
1980
1918
1842
1746
1681
1632
1536
1424
1410
1497
1552
1511
1449
1402
1285
1055
796
591
462
429
499
597
610
522
403
271
69
-212
-485
-690
-874
-1073
-1233
-1305
-1318
-1286
-1162
-947
-721
-520
-310
-86
100
234
369
539
721
890
1058
1225
1355
1438
1525
1640
1732
1756
1739
1718
1678
1599
1505
1423
1348
1278
1226
1187
1122
1012
869
728
609
499
368
203
25
-138
-287
-443
-597
-695
-703
-640
-551
-449
-331
-226
-162
-125
-92
-78
-99
-126
-123
-89
-50
-30
-41
-78
-107
-115
-124
-160
-209
-236
-235
-226
-220
-212
-215
-241
-258
-219
-157
-164
-257
-353
-396
-431
-508
-605
-676
-717
-754
-792
-828
-865
-913
-965
-1000
-1010
-1014
-1031
-1055
-1060
-1045
-1040
-1070
-1111
-1128
-1135
-1196
-1327
-1464
-1570
-1685
-1839
-1996
-2131
-2281
-2466
-2642
-2757
-2781
-2643
-2243
-1568
-744
91
896
1634
2171
2393
2371
2278
2184
2060
1924
1835
1764
1642
1488
1386
1348
1315
1273
1269
1294
1261
1125
943
772
597
427
333
344
384
382
354
325
256
93
-147
-402
-645
-878
-1080
-1213
-1275
-1285
-1228
-1086
-892
-703
-510
-260
40
305
482
610
743
875
977
1071
1205
1367
1508
1615
1711
1790
1806
1746
1657
1582
1510
1415
1309
1221
1147
1055
940
834
756
689
605
499
378
244
94
-67
-226
-378
-518
-620
-656
-625
-564
-498
-422
-328
-230
-136
-42
42
89
94
92
112
142
150
142
136
125
97
70
48
-7
-110
-199
-212
-199
-244
-335
-388
-374
-353
-360
-361
-335
-330
-380
-449
-500
-565
-667
-769
-819
-829
-836
-848
-858
-871
-890
-903
-902
-902
-912
-918
-909
-903
-930
-989
-1055
-1120
-1190
-1258
-1316
-1377
-1457
-1554
-1654
-1761
-1889
-2048
-2231
-2428
-2627
-2795
-2848
-2663
-2183
-1473
-654
198
1053
1832
2387
2627
2612
2494
2372
2256
2129
1984
1812
1620
1451
1355
1326
1318
1305
1285
1252
1187
1082
938
745
513
305
200
206
243
240
207
187
176
115
-45
-313
-654
-993
-1239
-1344
-1342
-1289
-1192
-1021
-786
-547
-344
-153
60
290
518
739
931
1040
1054
1057
1136
1271
1382
1462
1574
1728
1835
1820
1700
1544
1388
1244
1129
1042
954
851
766
711
651
559
461
377
294
196
89
-32
-201
-414
-605
-703
-710
-670
-590
-457
-292
-140
-16
86
152
171
169
173
172
149
127
138
172
191
178
145
97
22
-74
-164
-240
-305
-355
-382
-400
-423
-437
-436
-440
-455
-449
-409
-383
-423
-513
-602
-672
-744
-812
-841
-830
-815
-806
-780
-748
-750
-785
-813
-824
-843
-872
-888
-901
-950
-1044
-1142
-1219
-1301
-1404
-1501
-1572
-1646
-1740
-1833
-1927
-2076
-2299
-2539
-2727
-2827
-2788
-2523
-1982
-1233
-403
432
1227
1891
2314
2476
2465
2378
2267
2161
2078
1997
1884
1740
1605
1508
1451
1419
1394
1346
1249
1111
957
783
568
325
123
23
28
90
141
137
82
10
-80
-229
-456
-721
-963
-1135
-1205
-1172
-1075
-950
-805
-628
-435
-259
-96
97
329
555
746
927
1096
1205
1243
1273
1328
1385
1457
1590
1759
1852
1809
1688
1557
1407
1211
1003
846
746
681
646
623
551
420
303
229
132
-17
-151
-239
-347
-498
-611
-624
-582
-542
-472
-324
-145
-16
69
156
226
240
235
252
258
228
223
272
293
233
159
135
106
9
-113
-180
-200
-237
-302
-359
-414
-494
-560
-570
-578
-636
-682
-638
-569
-576
-641
-678
-679
-701
-744
-750
-710
-672
-657
-632
-583
-555
-576
-626
-680
-732
-761
-755
-757
-829
-957
-1078
-1177
-1292
-1443
-1591
-1681
-1710
-1725
-1780
-1895
-2061
-2272
-2522
-2775
-2963
-3003
-2813
-2344
-1626
-768
116
973
1756
2364
2682
2713
2592
2448
2300
2124
1948
1809
1694
1596
1550
1559
1558
1505
1425
1340
1222
1057
871
665
418
166
19
20
77
78
45
51
71
17
-134
-356
-632
-910
-1089
-1137
-1137
-1129
-1044
-829
-563
-351
-185
7
232
432
586
725
854
957
1060
1183
1280
1319
1367
1489
1637
1726
1753
1751
1704
1586
1421
1249
1065
864
699
627
615
571
477
389
317
213
69
-72
-200
-339
-484
-597
-662
-686
-665
-588
-463
-312
-154
5
144
238
289
322
343
340
322
312
313
306
287
266
240
195
129
49
-36
-123
-208
-292
-379
-465
-534
-577
-597
-597
-575
-541
-528
-547
-570
-579
-597
-648
-703
-721
-708
-694
-680
-643
-594
-562
-549
-530
-529
-595
-708
-783
-810
-859
-954
-1027
-1047
-1079
-1174
-1279
-1337
-1383
-1473
-1573
-1633
-1699
-1836
-1999
-2121
-2264
-2497
-2737
-2842
-2781
-2554
-2072
-1284
-330
577
1375
2096
2640
2817
2659
2431
2293
2169
2009
1898
1848
1755
1631
1600
1657
1642
1503
1367
1297
1172
897
573
325
127
-56
-124
-32
67
51
22
83
134
42
-155
-366
-597
-864
-1082
-1171
-1175
-1163
-1078
-838
-521
-286
-142
23
240
441
612
789
941
1023
1071
1150
1247
1315
1368
1461
1608
1753
1825
1792
1659
1464
1260
1078
909
746
628
588
587
564
506
428
330
221
117
7
-134
-287
-409
-493
-555
-587
-563
-492
-403
-297
-164
-24
75
139
221
321
373
345
290
254
228
208
217
239
221
162
115
89
16
-138
-311
-414
-447
-479
-540
-606
-643
-641
-600
-542
-511
-516
-514
-476
-444
-469
-528
-553
-537
-538
-583
-627
-632
-618
-624
-652
-681
-705
-722
-735
-766
-843
-949
-1014
-1015
-1024
-1112
-1241
-1324
-1354
-1399
-1484
-1583
-1687
-1820
-1983
-2160
-2360
-2602
-2835
-2947
-2848
-2517
-1965
-1225
-376
476
1276
1988
2515
2758
2760
2678
2596
2477
2275
2021
1771
1555
1396
1317
1297
1285
1269
1287
1324
1281
1103
858
639
460
308
194
121
70
44
58
79
32
-107
-292
-486
-701
-936
-1126
-1209
-1194
-1120
-985
-790
-583
-401
-223
-16
214
449
682
884
999
1017
999
1007
1040
1076
1132
1251
1423
1582
1665
1658
1575
1448
1310
1176
1046
927
840
781
712
617
528
473
425
336
196
46
-82
-209
-364
-537
-678
-743
-726
-645
-527
-390
-240
-74
96
246
342
367
335
273
205
145
104
91
100
117
132
132
103
40
-35
-94
-135
-180
-237
-298
-354
-408
-461
-504
-525
-520
-499
-480
-494
-552
-617
-636
-613
-605
-636
-666
-652
-610
-590
-597
-594
-558
-512
-490
-510
-566
-635
-681
-704
-748
-839
-948
-1032
-1110
-1227
-1380
-1510
-1575
-1597
-1625
-1688
-1800
-1964
-2160
-2360
-2564
-2766
-2887
-2807
-2472
-1912
-1174
-302
614
1450
2119
2599
2872
2903
2711
2414
2131
1880
1625
1368
1161
1049
1061
1194
1375
1505
1550
1554
1530
1417
1171
850
553
325
154
38
-24
-73
-139
-191
-197
-209
-309
-493
-691
-858
-987
-1066
-1083
-1048
-967
-818
-584
-320
-97
88
305
569
804
936
977
980
978
986
1015
1065
1137
1247
1403
1562
1646
1623
1537
1441
1341
1219
1082
959
849
735
617
516
425
322
207
111
38
-46
-171
-320
-461
-591
-703
-765
-750
-667
-550
-410
-245
-72
79
199
292
342
332
285
237
191
142
112
128
172
202
214
220
210
157
66
-29
-113
-201
-295
-380
-461
-550
-620
-625
-581
-548
-544
-544
-538
-545
-561
-575
-591
-610
-607
-565
-511
-474
-440
-380
-315
-293
-312
-331
-356
-424
-524
-606
-670
-746
-826
-892
-972
-1099
-1233
-1328
-1412
-1538
-1692
-1823
-1933
-2072
-2254
-2436
-2597
-2753
-2870
-2856
-2652
-2241
-1601
-749
187
1052
1782
2370
2752
2857
2724
2484
2233
1981
1723
1476
1253
1061
947
969
1114
1298
1470
1631
1747
1748
1617
1393
1104
773
464
241
100
-10
-103
-164
-201
-257
-349
-469
-618
-802
-980
-1087
-1105
-1068
-983
-834
-639
-448
-267
-69
143
340
519
685
814
867
844
787
734
714
763
910
1128
1353
1540
1675
1733
1686
1562
1429
1325
1233
1129
1004
847
656
460
302
190
106
39
1
-19
-70
-197
-388
-583
-722
-768
-725
-632
-532
-427
-291
-120
49
176
257
308
336
332
286
194
73
-30
-69
-47
-14
-9
-15
-5
16
25
11
-20
-63
-112
-167
-241
-346
-462
-539
-555
-540
-530
-518
-492
-471
-465
-454
-436
-450
-500
-525
-491
-440
-425
-436
-439
-434
-438
-440
-441
-477
-564
-638
-654
-681
-795
-935
-1013
-1057
-1149
-1281
-1398
-1504
-1631
-1759
-1862
-1968
-2108
-2234
-2303
-2382
-2549
-2706
-2647
-2317
-1818
-1204
-451
382
1158
1819
2346
2647
2647
2456
2272
2142
1950
1644
1336
1133
1031
1006
1080
1209
1292
1339
1461
1638
1699
1579
1404
1267
1109
868
583
312
49
-196
-350
-392
-420
-518
-643
-737
-850
-1022
-1162
-1169
-1077
-959
-809
-604
-390
-221
-72
108
305
467
592
712
805
814
745
670
640
660
745
903
1087
1239
1357
1472
1574
1620
1588
1509
1415
1304
1152
951
719
494
315
201
145
118
90
43
-37
-151
-286
-430
-565
-656
-672
-618
-529
-427
-321
-220
-132
-45
44
112
130
109
85
55
-16
-125
-203
-206
-170
-145
-126
-85
-27
28
70
92
77
33
-8
-46
-130
-275
-410
-460
-457
-486
-545
-561
-506
-435
-389
-354
-312
-273
-247
-227
-227
-269
-325
-337
-305
-304
-367
-432
-455
-487
-578
-692
-770
-829
-918
-1034
-1147
-1261
-1400
-1541
-1645
-1728
-1833
-1952
-2045
-2126
-2242
-2390
-2524
-2634
-2715
-2692
-2449
-1958
-1304
-564
249
1100
1861
2386
2622
2610
2418
2136
1847
1571
1279
988
797
772
869
1005
1170
1401
1687
1950
2122
2177
2095
1870
1555
1227
908
579
254
-15
-193
-294
-340
-349
-351
-392
-479
-578
-671
-783
-910
-984
-955
-852
-732
-606
-456
-279
-101
58
191
293
366
415
435
402
321
266
310
451
628
804
992
1199
1394
1531
1587
1575
1525
1461
1384
1271
1102
887
666
475
323
202
113
57
26
-5
-52
-117
-195
-279
-353
-389
-370
-322
-296
-301
-296
-252
-195
-154
-134
-127
-134
-147
-160
-202
-293
-382
-384
-298
-215
-197
-198
-149
-60
18
68
100
94
48
1
-46
-154
-319
-431
-426
-372
-345
-320
-253
-174
-128
-94
-31
24
17
-25
-47
-80
-179
-295
-352
-385
-458
-526
-530
-522
-573
-642
-659
-654
-711
-825
-925
-1012
-1148
-1330
-1483
-1602
-1745
-1898
-1998
-2068
-2186
-2333
-2432
-2505
-2620
-2727
-2681
-2411
-1956
-1341
-558
342
1210
1910
2391
2615
2549
2262
1909
1581
1258
956
760
699
716
788
956
1230
1544
1839
2108
2332
2437
2356
2115
1776
1372
943
561
258
0
-219
-340
-338
-293
-301
-371
-454
-537
-633
-737
-824
-888
-925
-904
-801
-663
-548
-444
-303
-131
14
103
146
143
90
18
-11
27
106
224
411
661
901
1084
1235
1381
1504
1585
1632
1634
1552
1383
1175
965
744
512
335
271
280
279
240
182
99
-10
-108
-168
-213
-266
-291
-262
-221
-229
-275
-302
-292
-277
-276
-277
-293
-347
-415
-453
-464
-475
-465
-398
-298
-216
-159
-102
-44
-4
18
32
25
-23
-108
-200
-280
-347
-385
-370
-306
-213
-93
39
134
163
166
189
213
198
138
53
-40
-123
-194
-284
-418
-551
-603
-559
-499
-490
-501
-486
-470
-509
-606
-733
-884
-1043
-1169
-1276
-1430
-1638
-1822
-1947
-2067
-2213
-2337
-2402
-2454
-2539
-2618
-2615
-2501
-2259
-1823
-1152
-326
520
1300
1943
2339
2423
2253
1924
1489
1019
644
453
419
467
594
838
1178
1530
1844
2122
2353
2494
2525
2445
2239
1904
1501
1107
747
421
161
6
-56
-85
-113
-140
-175
-248
-374
-521
-637
-698
-718
-719
-711
-685
-627
-548
-481
-442
-411
-360
-299
-264
-282
-339
-389
-389
-335
-242
-107
94
357
635
877
1076
1246
1388
1487
1529
1515
1443
1307
1109
875
648
475
383
370
409
479
562
627
629
549
421
302
219
154
78
-14
-100
-165
-226
-307
-392
-427
-392
-328
-287
-284
-309
-349
-394
-440
-484
-515
-512
-461
-381
-318
-282
-245
-195
-164
-173
-190
-194
-212
-254
-285
-270
-226
-175
-110
-23
79
182
287
381
432
432
410
387
327
207
70
-31
-105
-189
-269
-317
-341
-364
-383
-394
-412
-449
-501
-570
-677
-822
-974
-1112
-1260
-1441
-1628
-1774
-1887
-1990
-2074
-2119
-2146
-2188
-2243
-2303
-2362
-2378
-2271
-1987
-1531
-928
-204
565
1244
1717
1966
2028
1906
1607
1212
836
533
317
216
250
397
642
1009
1479
1944
2292
2517
2660
2698
2562
2262
1894
1515
1119
733
426
206
32
-80
-78
5
64
58
27
-11
-102
-246
-359
-403
-445
-526
-579
-559
-543
-596
-658
-660
-635
-637
-645
-631
-632
-671
-679
-580
-420
-281
-134
106
397
620
767
920
1085
1186
1216
1225
1201
1085
898
735
634
544
458
453
550
662
726
782
844
847
761
658
580
469
286
94
-31
-103
-176
-244
-270
-268
-275
-285
-277
-282
-328
-371
-356
-320
-339
-416
-486
-519
-541
-570
-579
-543
-479
-415
-358
-315
-304
-321
-332
-306
-254
-199
-135
-52
40
121
192
265
333
374
387
395
405
389
320
221
137
74
6
-77
-151
-197
-220
-231
-237
-260
-316
-396
-482
-585
-724
-884
-1026
-1138
-1260
-1418
-1582
-1711
-1808
-1893
-1963
-2004
-2028
-2063
-2122
-2201
-2275
-2287
-2164
-1856
-1370
-743
-35
675
1278
1676
1826
1750
1502
1142
744
388
138
21
35
163
392
716
1111
1537
1950
2317
2597
2742
2729
2563
2270
1880
1447
1031
671
392
217
156
175
219
261
310
361
371
315
216
104
-27
-185
-348
-493
-623
-734
-797
-808
-800
-790
-771
-750
-753
-782
-791
-748
-672
-587
-476
-317
-136
20
143
255
363
465
572
675
740
753
736
707
647
552
470
451
498
575
659
749
829
872
872
842
782
693
601
523
445
345
236
142
65
0
-41
-44
-28
-24
-44
-76
-116
-180
-266
-350
-417
-465
-496
-510
-522
-542
-558
-547
-513
-485
-474
-462
-437
-412
-399
-381
-336
-265
-176
-70
45
149
230
303
370
411
412
389
362
322
253
172
106
55
7
-24
-20
0
7
10
28
42
16
-57
-169
-323
-518
-719
-887
-1028
-1167
-1291
-1364
-1398
-1449
-1530
-1602
-1649
-1691
-1734
-1777
-1847
-1959
-2061
-2070
-1956
-1727
-1369
-858
-241
362
841
1149
1265
1174
924
615
321
64
-114
-156
-58
123
358
656
1005
1353
1671
1964
2212
2361
2378
2286
2115
1857
1518
1156
837
589
425
373
428
540
662
774
851
850
752
593
420
243
55
-139
-316
-467
-598
-714
-799
-840
-840
-811
-769
-735
-720
-719
-714
-690
-645
-580
-497
-395
-285
-193
-129
-69
9
97
170
231
288
325
320
290
273
281
307
359
447
556
651
722
784
827
822
771
709
639
535
406
307
258
235
224
244
291
330
339
330
315
278
210
131
50
-54
-193
-335
-446
-530
-597
-629
-615
-575
-535
-497
-457
-422
-398
-379
-356
-330
-311
-298
-283
-251
-204
-149
-89
-23
53
128
188
230
258
271
262
233
198
164
120
81
76
100
117
115
111
104
67
-1
-69
-133
-221
-338
-451
-537
-624
-731
-825
-873
-904
-958
-1029
-1100
-1188
-1300
-1395
-1448
-1495
-1572
-1656
-1714
-1755
-1792
-1775
-1626
-1318
-889
-387
147
635
970
1096
1026
793
435
28
-320
-535
-598
-518
-305
11
373
729
1065
1384
1660
1860
1983
2046
2042
1925
1681
1357
1026
723
473
320
301
406
590
810
1027
1184
1234
1188
1088
945
739
497
282
110
-60
-238
-379
-463
-529
-594
-622
-594
-554
-538
-531
-505
-482
-492
-510
-501
-481
-475
-456
-396
-332
-311
-302
-260
-206
-196
-226
-240
-222
-208
-205
-168
-72
52
180
320
458
543
561
551
534
493
430
395
410
437
434
417
419
422
400
380
406
466
515
542
556
543
476
366
247
129
11
-90
-147
-175
-213
-264
-296
-309
-341
-390
-415
-399
-365
-330
-285
-229
-183
-150
-124
-108
-113
-125
-120
-99
-93
-106
-109
-95
-93
-107
-106
-79
-48
-14
40
105
151
176
196
199
164
98
27
-50
-150
-261
-342
-385
-426
-470
-482
-463
-464
-511
-580
-660
-767
-888
-982
-1044
-1101
-1157
-1193
-1224
-1297
-1416
-1523
-1561
-1526
-1414
-1195
-868
-497
-150
144
356
437
383
251
94
-69
-215
-309
-330
-292
-211
-85
83
273
470
687
932
1177
1385
1538
1633
1657
1598
1465
1278
1064
866
724
649
633
666
738
825
908
974
1013
1014
986
942
884
792
656
489
306
118
-65
-218
-330
-409
-460
-472
-448
-424
-422
-424
-410
-392
-390
-394
-397
-410
-433
-454
-466
-485
-514
-535
-533
-520
-510
-498
-468
-421
-366
-299
-216
-131
-56
16
95
170
225
259
280
293
307
325
345
366
401
454
514
562
591
601
597
583
562
533
487
427
366
312
257
196
149
132
133
133
134
136
116
62
-9
-75
-140
-211
-272
-300
-298
-276
-236
-176
-115
-73
-49
-31
-31
-68
-122
-162
-182
-204
-233
-254
-264
-269
-268
-247
-203
-145
-81
-14
45
81
90
76
50
17
-22
-65
-107
-151
-203
-259
-309
-347
-382
-423
-469
-508
-540
-583
-645
-704
-752
-797
-849
-896
-933
-976
-1036
-1105
-1176
-1257
-1342
-1386
-1339
-1184
-924
-562
-122
318
660
853
887
754
466
97
-248
-508
-667
-719
-651
-479
-248
18
323
658
984
1271
1520
1711
1795
1745
1590
1368
1094
793
518
326
230
223
310
493
726
943
1111
1232
1298
1284
1198
1075
931
757
555
346
143
-58
-240
-360
-394
-372
-327
-264
-186
-128
-113
-129
-150
-178
-223
-277
-326
-381
-457
-540
-599
-627
-636
-634
-618
-598
-591
-591
-576
-540
-493
-425
-323
-196
-75
20
88
139
170
177
161
132
100
72
56
55
70
102
153
219
294
376
460
539
607
656
674
647
579
477
351
217
108
43
14
7
23
64
112
147
168
187
210
228
236
233
213
172
122
74
20
-45
-105
-143
-167
-190
-203
-190
-162
-134
-106
-80
-62
-57
-57
-56
-57
-58
-52
-41
-46
-78
-117
-149
-188
-244
-295
-323
-346
-377
-401
-409
-414
-421
-414
-398
-401
-429
-463
-493
-539
-603
-657
-685
-718
-793
-895
-997
-1103
-1213
-1277
-1240
-1099
-868
-555
-189
154
409
560
605
530
341
95
-135
-325
-478
-576
-593
-538
-444
-315
-130
104
362
634
915
1168
1348
1434
1422
1306
1098
840
593
394
257
197
228
341
497
661
817
958
1075
1160
1205
1202
1146
1044
901
720
512
304
123
-14
-101
-138
-131
-96
-45
8
51
75
74
50
5
-66
-157
-255
-355
-457
-555
-631
-673
-690
-693
-684
-657
-618
-579
-544
-511
-474
-437
-398
-358
-322
-301
-292
-285
-275
-266
-259
-240
-199
-143
-87
-29
39
108
167
221
280
340
382
405
420
430
424
401
378
363
349
333
329
338
343
341
350
375
399
410
418
428
427
399
354
304
249
186
126
84
55
27
-2
-23
-40
-62
-86
-102
-110
-118
-126
-136
-153
-183
-223
-268
-309
-342
-365
-380
-383
-374
-356
-339
-323
-299
-267
-240
-226
-218
-209
-212
-234
-258
-268
-273
-287
-295
-287
-279
-282
-280
-258
-229
-213
-197
-169
-143
-150
-181
-208
-231
-276
-333
-364
-366
-372
-384
-375
-352
-351
-379
-406
-415
-421
-415
-360
-239
-89
57
201
334
407
390
315
226
125
9
-87
-126
-121
-103
-69
-1
95
194
302
441
598
732
825
887
906
852
727
572
422
278
151
78
80
138
222
332
472
610
714
784
832
845
799
701
573
419
234
39
-125
-238
-306
-327
-278
-168
-42
67
158
225
241
193
101
-13
-147
-298
-446
-564
-656
-725
-754
-725
-650
-556
-451
-335
-228
-161
-135
-139
-168
-225
-299
-368
-423
-471
-509
-515
-478
-404
-306
-185
-49
77
175
241
278
283
262
232
210
195
181
170
174
197
237
292
365
449
532
599
648
671
661
619
558
492
425
355
289
239
211
204
215
244
280
313
338
350
347
318
263
189
105
10
-96
-205
-299
-368
-409
-421
-407
-376
-345
-321
-304
-294
-295
-311
-338
-371
-415
-480
-561
-644
-721
-783
-817
-815
-787
-753
-715
-665
-611
-570
-549
-541
-547
-585
-662
-757
-842
-902
-911
-836
-666
-435
-183
66
281
421
463
427
343
225
85
-46
-142
-209
-259
-278
-237
-138
2
182
409
655
877
1052
1169
1207
1146
1004
822
625
425
251
141
110
139
215
336
492
651
793
916
1014
1065
1054
990
877
718
524
323
139
-13
-123
-181
-181
-139
-73
6
93
175
235
264
258
217
139
27
-108
-255
-399
-524
-621
-683
-706
-693
-654
-593
-516
-432
-353
-287
-234
-201
-191
-204
-231
-268
-315
-365
-405
-424
-425
-412
-379
-321
-244
-159
-69
24
113
188
250
299
331
338
324
301
275
243
209
186
179
186
204
235
279
327
372
416
461
497
513
509
491
460
412
353
295
242
195
157
132
120
109
97
92
96
102
106
107
105
93
65
20
-38
-106
-180
-248
-301
-337
-362
-378
-383
-379
-368
-352
-330
-301
-268
-237
-214
-204
-211
-236
-270
-305
-332
-347
-351
-344
-327
-303
-280
-258
-235
-210
-184
-160
-137
-119
-113
-122
-138
-153
-167
-181
-190
-186
-174
-162
-149
-132
-117
-113
-116
-122
-135
-164
-204
-242
-268
-282
-278
-246
-185
-108
-28
49
115
149
143
107
53
-15
-92
-161
-208
-232
-236
-217
-175
-116
-51
20
102
184
253
301
328
327
291
224
138
46
-40
-103
-127
-108
-53
31
133
241
342
422
475
500
498
471
424
359
279
193
108
33
-19
-40
-30
9
75
163
256
335
393
426
428
396
338
262
171
71
-27
-107
-163
-198
-208
-185
-133
-68
2
73
133
168
177
168
139
86
16
-55
-121
-181
-230
-258
-262
-247
-214
-159
-89
-22
35
85
123
136
125
99
59
4
-56
-107
-148
-183
-206
-205
-181
-144
-98
-39
26
82
125
159
179
170
138
98
56
4
-51
-89
-109
-118
-113
-84
-37
13
60
114
170
209
224
223
211
177
121
62
10
-42
-89
-113
-110
-93
-71
-37
12
60
98
128
152
157
137
101
56
1
-67
-131
-174
-198
-206
-196
-166
-129
-94
-62
-34
-17
-16
-26
-43
-70
-113
-172
-246
-327
-408
-474
-509
-504
-453
-358
-228
-86
44
141
187
177
116
22
-93
-217
-330
-417
-474
-502
-497
-457
-385
-286
-164
-28
103
210
281
315
309
261
183
93
2
-83
-148
-184
-189
-166
-112
-23
92
216
335
437
510
543
536
494
427
341
253
175
113
66
37
27
37
65
110
170
233
287
332
361
364
338
292
234
166
98
39
-7
-46
-78
-94
-93
-82
-67
-44
-13
16
36
50
57
51
28
3
-20
-45
-74
-101
-119
-131
-141
-143
-135
-120
-102
-77
-42
-4
28
52
73
85
85
74
60
45
31
23
25
30
34
37
40
44
54
70
93
121
154
186
208
214
204
187
163
137
117
109
106
99
94
96
96
84
70
67
67
62
55
54
49
28
0
-22
-43
-77
-117
-144
-159
-181
-208
-222
-226
-236
-251
-250
-236
-230
-233
-229
-217
-217
-238
-260
-275
-293
-319
-336
-335
-333
-343
-347
-333
-317
-310
-298
-270
-241
-226
-219
-213
-217
-239
-267
-281
-285
-288
-285
-262
-225
-188
-153
-114
-78
-55
-47
-46
-55
-77
-107
-134
-151
-161
-163
-156
-139
-117
-90
-58
-23
8
36
60
73
75
67
48
21
-9
-32
-46
-57
-59
-45
-17
18
57
103
148
181
200
210
209
191
157
122
94
66
36
16
13
16
25
48
85
122
150
175
201
215
212
200
189
174
151
126
107
90
68
51
50
60
72
88
112
139
158
168
176
181
179
174
173
174
170
158
145
134
121
107
99
100
106
118
138
160
178
190
200
205
206
201
193
180
164
147
130
112
93
78
71
73
82
96
114
131
143
149
150
143
127
106
86
68
48
25
3
-16
-35
-50
-58
-57
-52
-45
-34
-21
-14
-18
-30
-44
-60
-81
-103
-121
-135
-149
-160
-160
-152
-142
-133
-119
-101
-87
-82
-81
-80
-81
-89
-98
-104
-112
-126
-136
-133
-120
-103
-81
-50
-16
9
22
30
32
23
9
-2
-8
-17
-32
-41
-41
-36
-28
-11
17
48
75
97
116
126
121
109
98
87
72
52
34
19
4
-13
-24
-27
-24
-18
-4
19
44
62
73
80
82
71
50
28
9
-12
-33
-48
-56
-66
-78
-85
-79
-68
-55
-37
-10
16
33
40
42
38
23
3
-11
-23
-39
-59
-72
-76
-80
-80
-69
-48
-23
-2
21
43
54
52
47
42
34
18
2
-9
-20
-30
-36
-33
-24
-13
3
27
53
73
86
96
100
96
85
72
60
48
39
38
42
47
54
64
76
90
104
118
130
137
141
141
135
126
117
112
110
112
117
125
131
136
143
153
161
168
174
179
180
175
165
154
144
135
131
133
138
142
145
149
153
153
149
144
138
129
116
103
91
77
62
52
49
45
41
37
37
37
33
28
23
15
2
-16
-33
-50
-71
-92
-106
-113
-119
-125
-127
-127
-129
-135
-142
-149
-161
-179
-195
-208
-222
-238
-254
-265
-276
-288
-300
-308
-313
-318
-318
-310
-299
-291
-285
-280
-279
-284
-294
-305
-314
-324
-331
-334
-332
-331
-329
-324
-315
-305
-294
-282
-268
-257
-248
-242
-238
-237
-238
-237
-231
-224
-215
-204
-192
-180
-168
-156
-143
-130
-117
-102
-86
-72
-61
-51
-44
-38
-32
-26
-19
-13
-4
6
18
30
39
49
59
67
75
84
93
102
109
117
124
128
127
125
124
122
122
124
128
132
136
142
146
149
149
149
152
154
156
157
158
156
151
145
140
136
132
132
137
145
152
159
166
170
172
173
175
175
174
174
176
177
175
175
175
177
179
184
193
203
210
217
224
227
226
223
222
220
219
220
223
226
225
223
222
218
212
206
204
203
200
197
194
188
177
164
154
143
130
120
113
108
100
92
84
75
63
52
43
34
23
11
0
-13
-27
-43
-57
-69
-81
-90
-96
-102
-110
-120
-129
-140
-152
-163
-172
-180
-186
-191
-195
-199
-204
-209
-211
-212
-212
-212
-211
-209
-209
-209
-209
-210
-213
-215
-215
-215
-215
-215
-211
-207
-201
-193
-184
-175
-168
-162
-156
-150
-145
-141
-135
-130
-125
-122
-118
-113
-108
-101
-91
-78
-64
-52
-40
-30
-20
-13
-7
-1
5
9
13
16
19
21
23
27
34
42
50
59
69
77
84
89
95
99
101
102
103
103
100
98
98
99
100
101
105
109
113
117
123
129
134
136
139
139
137
134
131
129
126
124
124
124
123
123
126
131
137
144
153
160
164
166
165
161
154
148
144
141
138
137
138
140
142
145
152
159
164
170
175
177
173
167
159
150
138
128
121
117
113
111
113
114
114
111
110
107
101
92
83
73
59
43
28
15
1
-11
-19
-23
-26
-31
-34
-38
-44
-54
-64
-74
-85
-99
-113
-124
-136
-150
-162
-170
-176
-182
-186
-186
-186
-188
-190
-192
-194
-201
-209
-216
-224
-235
-246
-253
-258
-263
-266
-265
-263
-262
-262
-261
-258
-256
-255
-252
-247
-245
-245
-247
-249
-255
-262
-267
-269
-269
-269
-266
-262
-257
-255
-253
-250
-247
-246
-243
-238
-234
-233
-233
-233
-236
-239
-240
-239
-235
-229
-222
-213
-204
-197
-190
-184
-178
-172
-167
-160
-154
-150
-144
-138
-132
-127
-118
-108
-97
-85
-70
-54
-39
-24
-10
5
16
26
35
45
54
62
72
83
95
107
120
135
149
163
177
192
205
216
227
238
247
254
260
266
270
273
276
279
283
287
292
299
306
312
317
321
323
321
319
315
310
304
298
291
284
277
271
264
257
251
245
239
232
225
217
209
201
191
180
168
155
141
128
114
99
87
78
69
61
54
47
38
28
18
9
-1
-11
-21
-31
-42
-52
-63
-74
-84
-92
-98
-101
-104
-106
-107
-109
-112
-117
-121
-127
-133
-139
-145
-149
-154
-157
-159
-159
-159
-157
-154
-150
-146
-143
-140
-139
-139
-140
-142
-144
-146
-148
-148
-147
-146
-144
-140
-136
-132
-126
-119
-113
-109
-105
-103
-103
-103
-105
-106
-107
-107
-106
-103
-99
-95
-90
-83
-77
-72
-67
-63
-60
-57
-56
-54
-53
-51
-49
-45
-42
-36
-31
-24
-17
-10
-2
4
9
15
19
23
27
31
34
37
40
45
49
54
60
67
75
82
89
95
100
104
107
111
115
117
118
121
124
126
127
131
135
137
139
143
146
148
148
150
151
151
150
150
152
151
150
150
152
152
151
151
152
151
149
148
148
146
144
143
143
141
139
137
137
136
134
132
132
129
126
123
121
120
119
117
115
113
110
107
104
101
98
95
93
92
88
83
78
73
68
65
62
60
57
54
50
45
40
34
29
25
21
17
13
9
5
0
-5
-9
-13
-19
-25
-31
-36
-41
-47
-52
-58
-63
-67
-71
-75
-79
-83
-86
-89
-92
-97
-102
-106
-110
-114
-118
-121
-124
-126
-128
-130
-132
-133
-134
-135
-136
-137
-137
-138
-140
-141
-143
-144
-146
-148
-148
-148
-148
-148
-146
-145
-145
-145
-143
-141
-140
-139
-137
-136
-135
-135
-135
-135
-135
-135
-135
-134
-133
-131
-128
-125
-124
-122
-121
-118
-117
-117
-116
-114
-112
-111
-110
-107
-104
-102
-100
-97
-93
-89
-86
-82
-78
-74
-70
-67
-63
-60
-57
-55
-52
-48
-45
-42
-39
-36
-34
-31
-27
-23
-20
-17
-13
-10
-9
-9
-7
-5
-4
-3
-1
3
6
9
12
15
18
20
21
23
26
27
29
31
33
35
38
42
44
46
49
52
56
59
63
68
72
74
77
81
84
87
90
95
99
104
107
112
116
119
121
125
129
133
137
139
141
143
145
145
144
143
144
146
148
150
153
154
154
154
153
150
148
147
147
146
142
138
135
132
127
122
119
116
113
107
102
96
89
81
74
67
61
55
49
42
35
28
20
13
4
-5
-13
-20
-25
-31
-39
-47
-55
-62
-68
-74
-81
-86
-91
-96
-99
-103
-108
-113
-118
-122
-126
-130
-132
-135
-136
-139
-141
-142
-143
-144
-145
-144
-143
-143
-144
-144
-144
-144
-145
-145
-143
-141
-140
-137
-135
-132
-130
-128
-124
-121
-117
-114
-110
-106
-103
-100
-97
-93
-89
-85
-80
-76
-71
-66
-60
-52
-46
-41
-36
-30
-24
-20
-16
-11
-5
0
6
12
19
24
29
34
41
46
50
54
59
64
66
69
74
78
81
83
88
93
97
99
102
105
108
111
114
117
117
117
118
119
119
118
119
121
121
120
121
123
125
125
124
124
124
123
123
122
121
119
117
117
117
116
116
115
115
114
112
111
110
109
108
107
106
104
101
98
96
94
91
88
87
85
83
81
80
80
78
75
72
70
67
63
59
57
55
52
48
45
44
41
37
33
30
27
23
20
17
13
9
6
3
0
-3
-6
-9
-13
-17
-20
-21
-24
-28
-32
-35
-37
-40
-43
-47
-50
-53
-55
-58
-62
-65
-67
-69
-72
-75
-77
-78
-80
-83
-85
-87
-89
-91
-91
-91
-92
-92
-93
-94
-95
-96
-97
-96
-96
-96
-97
-96
-96
-96
-97
-98
-99
-99
-97
-96
-96
-96
-94
-91
-90
-90
-89
-87
-85
-84
-85
-83
-80
-78
-77
-76
-73
-70
-67
-66
-63
-61
-59
-57
-54
-51
-48
-46
-44
-41
-38
-35
-33
-31
-28
-26
-23
-21
-19
-17
-15
-12
-9
-7
-5
-4
-1
1
2
4
5
7
8
9
9
11
12
13
14
14
14
14
16
18
19
18
18
19
21
21
21
22
23
25
26
26
26
26
27
27
28
29
30
30
30
31
31
31
31
32
32
32
33
34
34
34
35
35
36
35
34
33
33
34
34
35
36
36
35
35
34
33
31
31
33
33
32
31
30
29
28
27
25
25
24
24
23
23
22
21
21
20
19
18
17
16
15
14
15
13
12
11
10
9
8
8
8
8
7
6
6
5
3
2
2
2
1
-2
-2
-2
-1
-2
-5
-7
-7
-7
-6
-7
-8
-9
-9
-10
-12
-13
-13
-12
-11
-11
-12
-13
-15
-16
-16
-16
-16
-16
-17
-17
-17
-18
-18
-18
-17
-16
-18
-20
-20
-20
-19
-19
-19
-18
-18
-18
-18
-17
-18
-18
-19
-18
-18
-18
-17
-16
-16
-15
-15
-14
-13
-13
-13
-14
-14
-13
-12
-11
-11
-11
-9
-8
-7
-6
-6
-5
-3
-2
-1
-2
-3
-3
-4
-4
-3
-3
-2
-1
0
2
3
3
3
3
4
5
4
4
4
4
4
4
4
4
4
5
6
7
6
6
6
7
8
8
9
9
9
9
9
10
11
10
9
10
12
12
12
12
13
14
15
14
15
16
17
17
18
18
19
18
18
19
19
18
18
19
20
20
20
20
20
19
19
18
18
18
19
19
18
16
16
16
16
15
13
13
14
14
14
13
12
11
11
10
10
10
10
9
8
7
7
7
7
7
6
5
4
3
3
3
2
0
-2
-1
-1
-2
-3
-4
-4
-5
-5
-7
-8
-9
-10
-11
-11
-11
-12
-13
-15
-16
-16
-16
-17
-19
-20
-21
-21
-20
-20
-21
-22
-22
-22
-24
-26
-27
-27
-28
-28
-29
-29
-30
-30
-29
-30
-31
-33
-33
-32
-31
-31
-31
-31
-31
-32
-32
-31
-31
-31
-30
-28
-28
-29
-31
-29
-27
-27
-27
-28
-28
-28
-28
-26
-24
-24
-26
-27
-25
-23
-22
-21
-20
-20
-21
-20
-20
-18
-16
-16
-16
-16
-15
-13
-13
-13
-13
-13
-11
-10
-10
-10
-10
-10
-11
-11
-10
-9
-9
-9
-9
-7
-6
-6
-7
-6
-5
-5
-5
-4
-2
1
1
1
0
1
2
3
4
4
4
5
5
6
6
7
8
9
9
8
8
9
11
13
14
16
16
15
14
14
15
16
16
17
19
20
20
19
18
19
20
21
21
22
22
23
24
25
26
25
25
24
24
25
26
26
26
25
24
24
24
23
22
21
21
21
21
20
20
20
19
19
20
22
22
20
18
20
21
20
19
20
21
21
20
20
19
17
15
15
16
17
16
15
13
10
9
8
9
9
8
8
8
7
7
7
6
6
5
5
5
3
3
4
5
5
5
4
4
4
5
4
2
1
2
2
3
3
3
3
2
0
-1
-1
-1
0
0
1
2
2
1
1
1
1
1
2
2
1
2
4
5
5
3
2
2
1
1
2
5
5
3
4
6
6
5
4
4
5
5
4
5
5
5
5
5
5
5
5
5
6
6
5
5
5
6
8
9
9
9
9
10
11
10
9
9
10
9
9
9
11
13
13
12
11
9
7
6
6
8
10
10
9
8
6
6
6
7
9
10
12
11
10
10
10
10
11
12
13
13
12
11
11
12
14
15
15
14
14
17
19
18
15
15
15
15
14
14
15
16
16
15
15
15
15
15
14
15
15
15
14
13
13
14
14
13
12
12
11
11
10
10
11
12
11
8
6
4
3
3
3
4
6
7
5
4
5
5
5
4
3
2
0
-2
-2
-2
-2
-4
-5
-5
-5
-5
-4
-4
-5
-7
-8
-7
-7
-8
-9
-9
-8
-8
-9
-11
-13
-13
-13
-15
-16
-16
-13
-11
-13
-16
-17
-17
-17
-18
-18
-16
-16
-17
-17
-16
-14
-14
-14
-14
-13
-13
-14
-14
-13
-12
-11
-11
-10
-10
-10
-10
-9
-7
-7
-8
-9
-7
-3
0
0
-2
-3
-2
0
1
2
3
4
3
3
4
4
4
5
6
6
7
8
9
11
13
14
15
13
11
9
10
11
10
11
13
15
16
15
15
15
13
12
12
14
14
13
13
15
16
13
10
9
9
9
10
12
13
12
11
10
12
13
11
9
7
5
5
5
6
7
6
6
7
8
8
9
10
11
11
10
10
11
11
10
9
9
9
8
7
6
7
8
8
7
7
8
9
10
13
15
16
16
17
18
19
19
18
17
16
14
11
9
9
9
10
10
10
9
7
6
6
7
8
8
7
5
2
2
2
3
2
1
0
-2
-3
-5
-5
-2
2
3
2
2
4
5
5
4
3
2
0
-2
-2
0
1
0
-1
1
2
3
2
0
-3
-3
-1
2
4
5
5
6
5
3
2
2
3
4
4
4
4
5
7
7
3
-1
-1
0
1
0
1
2
1
-4
-8
-10
-9
-7
-7
-6
-5
-3
-1
0
-1
-2
-2
-2
-4
-5
-5
-7
-9
-10
-9
-9
-10
-10
-7
-5
-6
-9
-10
-8
-6
-6
-5
-4
-4
-7
-8
-7
-5
-5
-5
-4
-4
-6
-6
-5
-3
-1
1
4
5
5
3
2
2
4
6
7
6
5
4
3
1
-4
-7
-7
-4
-3
-5
-8
-9
-8
-8
-9
-7
-3
-1
-2
-6
-8
-7
-4
0
3
5
4
2
1
1
-1
-4
-6
-6
-6
-9
-12
-12
-11
-9
-6
-3
0
3
4
5
5
3
-1
-4
-6
-7
-8
-7
-5
-4
-2
0
2
5
4
0
-6
-11
-14
-16
-16
-13
-11
-12
-16
-18
-18
-19
-21
-23
-21
-18
-16
-14
-14
-15
-17
-20
-21
-22
-26
-29
-30
-29
-27
-27
-27
-27
-27
-29
-31
-32
-31
-29
-30
-33
-35
-35
-34
-33
-33
-34
-33
-31
-29
-26
-25
-24
-23
-22
-22
-23
-23
-21
-18
-17
-17
-19
-22
-25
-27
-28
-27
-25
-23
-24
-24
-22
-20
-22
-26
-31
-31
-29
-26
-23
-19
-15
-14
-14
-13
-12
-13
-15
-16
-19
-24
-30
-32
-30
-27
-26
-27
-30
-33
-34
-33
-29
-25
-22
-20
-22
-24
-24
-20
-17
-18
-20
-21
-21
-24
-28
-31
-32
-33
-34
-33
-27
-18
-11
-6
-3
-4
-5
-7
-9
-13
-16
-16
-15
-16
-19
-22
-24
-28
-30
-27
-21
-14
-8
-2
0
-2
-8
-13
-15
-13
-8
-1
5
6
4
-1
-6
-11
-11
-7
0
5
4
-1
-6
-11
-16
-18
-19
-18
-15
-13
-11
-9
-10
-12
-16
-18
-16
-13
-12
-13
-11
-9
-6
-5
-4
-5
-8
-12
-14
-13
-12
-11
-8
-3
0
-4
-13
-21
-27
-29
-28
-22
-15
-9
-6
-9
-11
-11
-8
-5
-3
0
2
0
-7
-15
-19
-20
-20
-20
-18
-13
-8
-5
-5
-10
-15
-19
-19
-16
-10
-2
4
4
0
-3
-2
-1
-1
-2
-2
-2
-1
0
2
3
5
8
9
6
-2
-9
-11
-9
-4
2
9
15
16
17
17
16
13
13
16
19
14
5
-3
-8
-11
-15
-16
-12
-8
-7
-7
-2
5
9
7
5
10
18
21
13
-3
-18
-22
-13
6
24
32
31
26
19
9
2
3
9
13
8
-1
-8
-11
-8
4
21
35
35
23
5
-9
-14
-8
4
16
21
21
18
14
12
10
9
8
9
14
20
21
18
14
11
10
11
12
12
10
7
5
8
17
31
42
39
21
-3
-22
-30
-24
-7
16
32
35
31
30
32
35
36
36
33
24
15
10
13
16
16
10
0
-10
-12
-2
13
27
36
39
34
23
13
14
25
33
29
14
0
-5
0
7
11
12
15
20
20
15
10
8
8
9
14
21
26
28
31
37
39
30
15
5
6
11
14
16
19
26
31
30
25
16
5
-6
-11
-5
10
23
28
29
31
30
25
19
15
11
3
-5
-7
1
10
17
22
27
31
31
27
22
20
24
28
25
15
6
7
12
13
10
7
7
9
13
22
31
34
28
23
23
24
22
15
7
1
1
10
26
41
46
40
27
12
-2
-10
-7
7
27
41
42
32
16
3
-2
0
6
14
22
27
28
26
23
22
22
20
15
11
10
10
9
9
14
23
28
26
17
9
5
7
16
25
28
23
17
17
20
18
12
8
9
12
15
22
31
33
21
2
-11
-10
0
11
18
21
21
20
19
16
10
3
0
4
11
17
19
13
5
-1
3
10
15
16
16
19
19
13
5
4
8
12
13
12
6
-4
-12
-9
1
9
12
13
12
6
-2
-8
-8
-5
0
8
17
18
6
-11
-20
-19
-13
-9
-5
2
10
13
6
-4
-12
-15
-13
-9
-4
-2
-5
-9
-7
-1
2
-2
-9
-12
-12
-11
-12
-14
-15
-10
-2
2
-4
-17
-28
-30
-27
-25
-23
-22
-19
-16
-11
-6
-6
-11
-17
-20
-21
-24
-29
-32
-31
-24
-16
-11
-12
-16
-21
-25
-28
-27
-20
-11
-6
-9
-18
-26
-27
-25
-22
-21
-22
-22
-20
-19
-21
-26
-29
-27
-23
-21
-24
-26
-25
-21
-20
-23
-26
-27
-24
-22
-22
-22
-23
-24
-25
-23
-20
-19
-21
-24
-26
-28
-29
-25
-18
-15
-17
-21
-22
-23
-23
-23
-20
-16
-16
-20
-24
-27
-28
-27
-23
-20
-19
-17
-15
-15
-19
-23
-23
-21
-22
-24
-24
-21
-17
-14
-12
-11
-10
-11
-14
-17
-21
-21
-18
-15
-15
-17
-18
-18
-16
-14
-14
-16
-16
-13
-10
-11
-16
-21
-22
-20
-18
-15
-12
-10
-10
-13
-16
-17
-16
-15
-16
-17
-16
-13
-12
-16
-17
-15
-11
-11
-13
-15
-16
-17
-16
-13
-10
-10
-11
-13
-13
-16
-20
-21
-19
-16
-13
-9
-6
-7
-12
-18
-21
-22
-22
-20
-16
-11
-8
-8
-12
-19
-26
-27
-22
-15
-10
-11
-15
-19
-20
-20
-18
-15
-12
-12
-13
-15
-15
-14
-14
-14
-13
-13
-17
-21
-21
-17
-13
-12
-12
-14
-17
-19
-18
-14
-13
-16
-19
-19
-16
-13
-11
-11
-13
-15
-15
-14
-14
-14
-14
-13
-13
-15
-15
-13
-11
-12
-13
-13
-10
-11
-13
-13
-11
-9
-9
-11
-11
-11
-11
-12
-12
-11
-11
-12
-12
-9
-7
-7
-9
-11
-11
-9
-6
-4
-3
-5
-9
-11
-11
-11
-11
-10
-9
-9
-9
-7
-4
-3
-6
-11
-11
-8
-7
-8
-8
-6
-5
-6
-8
-8
-7
-6
-6
-6
-7
-7
-5
-4
-5
-7
-6
-2
0
-2
-4
-4
-2
-2
-4
-5
-5
-5
-6
-5
-1
2
2
0
-1
0
2
0
-3
-5
-6
-5
-4
-2
0
1
-1
-4
-3
0
1
0
-2
-2
-1
0
1
2
3
4
3
2
2
4
4
4
3
3
2
0
-1
1
5
5
2
-2
-1
1
2
3
5
5
3
0
0
2
4
5
5
5
2
-1
-1
2
4
4
4
4
4
5
6
7
6
4
3
5
8
10
10
9
7
5
5
5
5
4
5
8
11
12
11
9
6
5
6
8
9
9
9
10
10
9
8
8
9
10
11
11
10
10
12
14
14
14
14
13
13
14
15
15
13
10
10
11
11
11
11
13
12
11
11
13
13
11
12
13
13
12
11
13
14
13
13
14
15
15
13
13
14
14
12
11
13
16
16
14
14
16
18
17
15
15
17
19
18
16
15
15
15
16
16
15
15
16
17
18
17
16
18
19
18
17
16
16
17
18
19
20
19
17
15
14
15
16
18
19
19
18
17
17
17
18
19
19
20
21
21
19
16
14
15
16
18
20
20
20
19
17
16
17
18
19
18
18
18
18
17
16
15
16
18
19
19
18
16
13
13
15
17
18
18
19
18
16
15
16
17
18
16
15
14
13
13
13
14
15
15
16
15
14
14
15
15
14
13
14
16
17
17
17
17
16
15
14
14
16
18
20
18
15
14
15
14
12
11
13
15
15
13
13
14
15
16
17
17
15
13
13
16
16
14
14
17
17
13
12
13
17
17
16
15
15
13
10
9
11
12
11
10
10
9
8
9
13
16
15
10
6
5
7
9
12
12
11
10
10
11
12
13
13
13
13
12
10
9
9
9
10
9
9
9
10
9
6
5
7
11
13
11
9
7
7
6
5
5
8
10
11
11
10
8
5
1
1
4
7
7
7
9
12
13
11
9
9
10
10
8
8
8
8
6
5
5
7
9
10
10
9
6
5
5
6
8
8
9
9
9
8
6
6
6
5
3
2
4
5
5
4
5
5
4
3
4
5
6
7
7
8
7
5
4
4
3
2
3
4
4
4
3
3
3
3
3
2
2
3
5
6
5
2
1
1
0
-2
-3
-1
1
1
-1
-2
-1
-1
-2
-3
-2
-1
0
-1
-2
-2
-3
-3
-3
-2
-2
-2
-4
-4
-4
-5
-6
-6
-4
-3
-4
-6
-7
-8
-8
-6
-5
-5
-5
-5
-5
-6
-7
-8
-7
-7
-7
-8
-9
-9
-9
-10
-12
-13
-11
-8
-7
-8
-8
-5
-5
-8
-11
-12
-11
-11
-14
-15
-13
-11
-9
-9
-9
-12
-15
-16
-13
-10
-9
-11
-13
-15
-15
-14
-14
-12
-11
-10
-11
-13
-14
-15
-13
-11
-9
-10
-14
-18
-19
-16
-12
-10
-11
-13
-16
-17
-16
-14
-13
-14
-14
-13
-12
-12
-12
-12
-12
-13
-15
-13
-11
-10
-12
-14
-15
-14
-14
-13
-12
-12
-13
-16
-17
-16
-13
-13
-14
-13
-12
-12
-14
-16
-15
-12
-12
-13
-12
-10
-10
-11
-13
-13
-14
-14
-13
-12
-12
-12
-11
-9
-10
-12
-13
-14
-13
-13
-11
-9
-9
-11
-9
-6
-5
-8
-10
-11
-11
-12
-12
-11
-10
-9
-8
-7
-8
-10
-11
-10
-9
-9
-11
-10
-8
-7
-7
-7
-6
-6
-7
-7
-7
-9
-10
-9
-7
-6
-7
-8
-8
-9
-9
-8
-6
-4
-5
-7
-9
-9
-9
-7
-6
-6
-7
-8
-9
-8
-8
-8
-7
-6
-5
-6
-7
-6
-5
-5
-5
-6
-6
-7
-7
-7
-6
-7
-7
-6
-6
-7
-9
-9
-7
-5
-7
-9
-10
-9
-8
-6
-6
-6
-7
-8
-10
-10
-9
-7
-5
-5
-5
-5
-6
-7
-7
-6
-5
-5
-5
-6
-8
-8
-9
-10
-11
-10
-6
-3
-2
-3
-5
-6
-8
-9
-9
-9
-8
-7
-5
-3
-5
-8
-9
-9
-9
-8
-5
-4
-5
-7
-8
-7
-9
-12
-12
-8
-4
-3
-5
-7
-9
-10
-10
-9
-9
-10
-9
-8
-6
-6
-7
-8
-9
-10
-10
-7
-5
-4
-4
-4
-5
-8
-10
-9
-7
-6
-5
-4
-4
-5
-5
-4
-5
-7
-8
-7
-5
-4
-4
-4
-5
-5
-6
-9
-10
-9
-6
-3
-3
-5
-5
-4
-3
-5
-6
-5
-3
-2
-3
-3
-3
-3
-3
-2
-3
-4
-5
-2
0
-1
-5
-5
-3
-2
-3
-4
-4
-4
-4
-3
-2
-2
-3
-4
-4
-3
-4
-4
-3
-2
-2
-3
-3
-4
-5
-5
-3
0
1
0
0
-1
-5
-10
-11
-8
-5
-4
-5
-4
-4
-4
-5
-3
-1
0
-2
-2
-1
0
-1
-2
-2
0
-2
-5
-10
-10
-7
-1
2
3
1
-2
-4
-5
-7
-7
-4
-1
0
-2
-2
-1
0
-2
-5
-6
-5
-2
0
1
2
2
2
0
-2
-5
-7
-6
-3
-2
-1
1
2
1
-2
-4
-2
0
0
0
2
2
0
-2
-2
-1
0
0
-1
-1
-4
-7
-6
-1
5
8
5
-1
-5
-5
-3
0
2
4
6
6
5
1
-2
-3
-3
-2
-1
0
2
3
4
2
0
-2
-2
-2
0
2
5
5
3
2
2
4
4
3
3
3
3
3
2
2
2
5
9
10
4
-3
-5
-2
2
3
2
4
7
8
9
10
12
11
6
2
-1
-1
-2
0
5
12
15
14
11
8
3
-4
-7
-3
5
12
16
16
13
6
0
-3
-2
3
7
10
12
9
5
1
2
5
7
7
6
5
4
5
7
9
8
5
3
5
8
10
10
11
10
7
2
-2
-1
1
2
4
7
9
9
7
5
6
6
5
5
5
6
4
1
0
0
0
2
6
11
13
12
11
11
8
2
-4
-4
-2
1
2
5
7
8
8
9
10
9
6
4
3
3
1
-2
-2
0
2
5
8
9
8
6
4
1
-2
-5
-5
0
5
8
9
7
2
-1
-1
1
1
0
1
3
4
2
0
1
-1
-6
-8
-2
8
11
9
5
3
1
-1
0
2
2
2
3
4
-2
-8
-9
-4
1
2
5
7
5
1
-2
-5
-8
-10
-7
1
5
2
-1
-1
-2
-6
-5
2
9
10
6
0
-7
-13
-13
-6
0
2
1
0
-3
-6
-7
-1
6
6
1
-5
-9
-12
-12
-8
-3
0
-1
-1
-2
-1
0
0
-3
-10
-17
-18
-13
-4
3
7
6
1
-3
-4
-1
-1
-5
-11
-13
-11
-9
-8
-4
6
15
13
2
-5
-6
-9
-13
-12
0
15
19
10
-1
-9
-16
-21
-18
-5
8
15
13
5
-5
-14
-18
-15
-7
1
7
9
8
3
-5
-15
-20
-16
-5
5
7
3
-3
-6
-5
-1
2
0
-8
-16
-18
-14
-5
6
12
8
-1
-7
-8
-5
-2
0
0
-4
-9
-10
-7
-4
-4
-2
6
16
19
13
1
-11
-17
-16
-11
-6
-1
7
17
22
17
3
-11
-21
-25
-22
-9
11
28
33
25
9
-13
-34
-45
-39
-19
7
28
39
36
20
-2
-19
-24
-21
-12
-1
10
15
10
2
-2
-2
-2
0
4
8
9
8
7
6
5
1
-2
-4
-5
-5
-3
4
12
16
17
14
7
-1
-9
-11
-5
8
20
28
27
17
0
-16
-24
-22
-12
3
20
33
37
31
16
-3
-21
-32
-30
-16
6
29
44
46
34
11
-14
-34
-38
-27
-5
21
42
51
45
27
2
-18
-28
-28
-18
-2
15
24
25
20
12
1
-5
-5
2
10
15
16
16
14
13
10
8
6
7
10
13
15
14
13
13
12
12
11
10
7
6
5
5
5
7
8
7
7
9
14
18
20
18
15
12
10
10
9
9
10
14
16
11
5
1
2
6
11
13
9
4
7
16
17
8
-1
-5
-9
-11
2
33
60
70
60
34
-13
-82
-147
-176
-163
-109
-10
123
236
269
210
98
-16
-88
-94
-42
25
65
69
52
27
1
-16
-11
7
18
23
35
53
57
41
16
-9
-36
-55
-55
-34
-2
28
51
60
46
16
-18
-43
-50
-36
-4
33
56
59
39
1
-42
-70
-68
-43
-7
31
56
58
36
5
-18
-30
-29
-15
4
16
14
2
-12
-22
-27
-20
-3
13
17
13
7
-1
-9
-14
-12
-9
-7
-5
-3
-5
-9
-7
1
5
2
-3
-2
2
1
-3
0
12
19
9
-13
-29
-26
-5
21
38
35
16
0
5
26
31
4
-24
-14
33
71
67
29
-7
-20
-15
-3
5
7
6
7
7
-2
-15
-16
-2
17
26
23
13
-4
-20
-25
-13
10
34
53
59
44
13
-20
-42
-49
-41
-11
36
80
97
76
24
-38
-82
-93
-70
-27
24
73
104
103
70
16
-40
-81
-93
-76
-45
-18
3
22
34
33
29
40
59
58
29
-8
-30
-38
-39
-27
5
47
75
74
44
-2
-51
-86
-93
-63
4
84
134
121
56
-22
-80
-108
-100
-47
35
104
121
84
18
-45
-82
-77
-36
13
38
31
6
-13
-8
24
62
66
20
-52
-103
-114
-95
-57
-8
48
87
90
57
8
-37
-70
-85
-67
-10
64
110
96
29
-60
-146
-201
-188
-89
56
163
177
114
25
-51
-100
-115
-87
-31
27
59
55
21
-26
-64
-75
-61
-33
-3
22
38
43
27
-22
-89
-124
-77
38
139
145
60
-41
-93
-97
-79
-46
13
88
132
105
24
-53
-87
-87
-86
-89
-70
-12
66
122
129
92
26
-45
-96
-104
-70
-17
27
55
71
71
46
-4
-58
-91
-93
-70
-35
9
65
127
164
129
7
-157
-266
-245
-103
81
212
246
189
81
-37
-137
-204
-227
-186
-73
85
223
285
254
144
-21
-199
-317
-302
-146
68
231
276
214
90
-52
-183
-272
-279
-178
11
206
306
269
146
26
-41
-80
-137
-198
-199
-111
15
103
126
104
60
4
-42
-59
-52
-41
-19
26
75
82
37
-17
-43
-48
-47
-34
-13
-12
-38
-40
20
106
133
61
-72
-191
-234
-175
-33
131
241
252
170
41
-77
-150
-184
-193
-157
-43
114
210
176
53
-59
-107
-107
-89
-46
34
116
136
75
-20
-85
-110
-120
-126
-95
0
125
205
191
104
9
-42
-46
-41
-59
-92
-110
-99
-70
-14
84
190
226
147
-10
-152
-206
-162
-64
38
124
188
205
135
-15
-158
-198
-131
-39
15
40
56
54
35
23
28
32
29
29
34
26
-8
-59
-105
-116
-74
5
71
92
85
86
92
70
9
-70
-146
-185
-119
63
240
253
84
-123
-224
-194
-102
-3
87
159
168
83
-56
-145
-115
-8
73
74
41
28
31
23
9
-7
-60
-156
-219
-177
-55
71
165
229
240
158
-5
-177
-275
-251
-119
54
169
170
86
-7
-64
-83
-68
-32
-13
-27
-44
-23
20
44
28
-8
-42
-63
-63
-27
36
89
91
38
-30
-77
-97
-104
-95
-60
-11
26
49
88
142
143
43
-107
-207
-223
-179
-85
55
186
229
166
44
-90
-207
-260
-195
-37
109
166
161
145
111
36
-61
-136
-173
-183
-171
-139
-87
2
147
304
361
251
49
-117
-213
-290
-348
-312
-145
85
272
361
353
257
84
-142
-369
-506
-439
-139
245
482
476
317
107
-132
-359
-457
-362
-161
8
113
205
287
291
184
8
-175
-296
-276
-110
80
165
156
143
151
113
-33
-261
-456
-474
-255
109
434
582
517
254
-155
-560
-723
-511
-54
371
575
521
261
-72
-310
-373
-315
-208
-64
101
219
240
191
114
-7
-180
-322
-316
-160
33
162
210
190
120
31
-54
-117
-117
-28
83
86
-50
-207
-239
-108
108
277
287
113
-148
-331
-324
-147
75
211
193
55
-76
-85
13
107
133
112
65
-27
-138
-187
-139
-59
-38
-96
-148
-68
166
401
413
138
-238
-441
-357
-102
140
289
353
321
147
-146
-411
-470
-289
-14
194
313
375
331
130
-120
-248
-246
-222
-182
-40
160
233
110
-47
-53
78
204
240
178
31
-146
-242
-217
-154
-105
-4
180
327
300
122
-64
-158
-159
-118
-71
-23
37
117
193
225
181
81
-30
-127
-200
-216
-126
63
250
287
118
-129
-235
-106
140
320
338
182
-107
-393
-487
-314
18
331
494
466
276
13
-223
-371
-398
-269
1
280
383
270
86
-40
-105
-116
-30
108
147
37
-80
-77
-9
-5
-86
-159
-137
-1
206
380
399
209
-99
-359
-439
-285
48
363
428
222
-49
-182
-158
-61
30
36
-78
-220
-215
-6
255
381
346
243
113
-65
-266
-411
-448
-358
-126
199
479
592
523
308
-30
-418
-681
-641
-294
163
491
561
386
87
-169
-275
-254
-183
-91
16
100
127
124
114
73
8
15
139
229
80
-252
-455
-351
-106
44
99
204
357
385
186
-105
-238
-110
114
167
-38
-321
-447
-365
-175
81
445
822
938
617
-5
-644
-1078
-1156
-774
-23
758
1190
1097
558
-191
-826
-1039
-731
-114
455
728
645
296
-85
-219
-80
12
-217
-598
-678
-229
514
1079
1121
598
-238
-975
-1259
-999
-388
284
805
1049
940
484
-175
-773
-1026
-777
-147
502
814
674
237
-219
-458
-407
-180
13
19
-140
-283
-219
59
358
485
440
335
189
-84
-464
-737
-693
-357
82
464
670
575
210
-150
-269
-246
-322
-443
-309
153
580
573
144
-337
-545
-426
-112
216
410
417
303
129
-132
-489
-784
-744
-233
519
998
861
294
-192
-340
-362
-534
-747
-630
-60
622
940
729
219
-228
-410
-383
-349
-403
-413
-182
293
786
1015
808
195
-559
-1054
-1036
-587
-23
396
613
676
594
331
-78
-474
-648
-504
-175
64
74
8
118
399
541
289
-215
-545
-444
-91
136
104
13
47
146
163
110
78
30
-132
-356
-424
-197
227
599
710
478
-16
-516
-730
-574
-229
82
290
409
407
225
-85
-337
-356
-162
52
141
140
140
121
28
-93
-161
-192
-248
-267
-98
249
528
517
253
-70
-310
-397
-304
-121
6
63
136
165
-4
-272
-285
96
540
619
274
-204
-536
-601
-358
86
430
444
242
71
-38
-181
-300
-257
-99
6
34
120
332
544
539
187
-448
-1063
-1212
-642
382
1231
1409
876
-42
-860
-1154
-807
-107
491
676
407
-117
-524
-479
-2
478
545
234
-78
-179
-227
-397
-544
-368
178
782
1013
659
-113
-850
-1124
-831
-233
286
522
544
514
459
262
-126
-519
-638
-410
-70
101
70
23
95
227
303
280
157
-83
-386
-557
-410
-19
310
348
143
-86
-179
-98
114
348
425
233
-118
-353
-316
-120
1
-25
-56
51
236
282
94
-149
-194
-15
189
249
175
34
-158
-336
-320
-16
360
432
96
-329
-454
-220
116
298
263
82
-116
-191
-87
65
56
-134
-276
-166
113
318
345
242
28
-284
-504
-393
-3
336
414
319
203
56
-175
-422
-563
-559
-383
27
575
907
739
221
-242
-459
-536
-589
-563
-352
43
499
848
962
763
246
-431
-932
-964
-573
-113
126
191
292
447
486
340
95
-236
-675
-992
-793
-37
807
1201
980
331
-385
-774
-642
-207
71
14
-90
52
282
245
-28
-134
134
507
565
178
-420
-844
-837
-426
110
442
423
180
-14
-8
97
107
-19
-168
-256
-309
-356
-328
-115
289
699
813
437
-286
-897
-974
-482
240
825
1090
965
445
-281
-849
-1015
-833
-491
-110
255
538
663
581
316
14
-145
-136
-129
-266
-445
-433
-165
177
392
453
425
323
125
-152
-423
-523
-306
113
353
189
-130
-174
134
458
460
104
-403
-802
-894
-569
119
892
1338
1176
482
-357
-941
-1130
-1023
-701
-159
490
959
1060
853
461
-31
-474
-706
-764
-791
-709
-280
468
1118
1268
896
209
-608
-1321
-1548
-1057
-102
802
1333
1408
999
196
-663
-1198
-1266
-949
-388
237
702
886
867
749
468
-56
-622
-828
-553
-147
-6
-100
-73
267
691
789
392
-285
-832
-945
-581
70
695
1019
929
492
-128
-715
-1025
-916
-479
39
440
656
679
545
332
70
-288
-704
-923
-668
-15
576
702
425
130
42
25
-150
-468
-638
-408
105
493
508
303
137
16
-184
-407
-459
-289
-46
128
187
105
-89
-172
121
668
898
398
-533
-1148
-1037
-470
28
245
344
516
725
766
482
-109
-794
-1230
-1131
-504
344
1032
1304
1040
296
-573
-1051
-902
-376
121
404
493
392
125
-104
-53
204
269
-112
-674
-872
-434
387
1048
1166
771
153
-461
-966
-1198
-958
-293
456
955
1079
846
328
-305
-809
-1000
-818
-288
442
1028
1099
633
16
-415
-704
-988
-1134
-883
-204
670
1420
1707
1288
252
-928
-1688
-1728
-1131
-238
547
961
988
807
580
318
-20
-371
-594
-604
-417
-121
143
255
235
214
268
323
222
-153
-704
-1060
-842
-100
658
962
800
460
126
-225
-589
-826
-814
-559
-115
466
1004
1159
724
-76
-702
-768
-373
53
188
85
-3
48
168
236
178
6
-131
-58
165
239
-6
-369
-525
-370
-20
350
538
340
-221
-738
-735
-180
496
881
876
530
-72
-696
-981
-752
-193
338
583
516
285
44
-170
-355
-425
-270
78
423
562
409
25
-399
-600
-426
-53
152
70
-19
132
384
453
319
152
2
-197
-399
-444
-287
-76
20
6
23
158
341
431
349
116
-185
-439
-557
-518
-357
-88
290
692
893
687
127
-494
-915
-1048
-842
-247
570
1194
1322
988
343
-529
-1413
-1826
-1382
-248
949
1649
1677
1135
234
-680
-1211
-1196
-831
-410
-16
415
847
1067
901
391
-242
-761
-1003
-885
-443
118
532
703
705
566
211
-323
-780
-912
-670
-180
358
737
847
741
512
130
-454
-1029
-1183
-769
-106
426
789
1057
1067
627
-98
-714
-995
-932
-547
67
606
725
419
35
-132
-117
-89
-93
-119
-237
-457
-539
-181
565
1194
1174
476
-395
-911
-990
-915
-837
-545
208
1218
1837
1531
412
-839
-1564
-1582
-1077
-274
596
1201
1266
833
211
-334
-708
-863
-742
-386
24
326
498
574
526
320
12
-289
-484
-485
-266
46
275
370
376
288
96
-111
-244
-346
-476
-502
-230
273
643
597
239
-92
-185
-92
22
37
-51
-136
-120
-32
36
63
79
66
7
-63
-118
-175
-182
-13
323
566
452
23
-422
-665
-682
-455
87
815
1288
1086
240
-764
-1359
-1263
-602
202
704
741
502
269
117
-72
-326
-471
-376
-180
-102
-110
-6
229
401
410
333
185
-135
-564
-785
-558
2
562
871
815
374
-280
-750
-733
-339
85
334
383
213
-121
-351
-197
277
663
604
128
-431
-758
-753
-464
23
553
867
757
293
-183
-399
-434
-542
-702
-577
0
732
1133
978
381
-371
-929
-1003
-565
79
509
534
285
5
-179
-266
-245
-76
217
485
529
224
-361
-912
-999
-412
558
1252
1182
454
-368
-778
-648
-179
276
385
110
-178
-88
264
359
-51
-618
-811
-467
151
680
876
654
129
-363
-483
-202
168
284
66
-306
-584
-617
-379
92
678
1100
1006
325
-528
-969
-778
-228
266
496
485
319
79
-101
-73
137
252
34
-393
-632
-466
-74
247
412
479
391
43
-431
-690
-591
-318
-74
139
349
486
491
353
49
-374
-674
-586
-193
95
3
-260
-244
229
859
1152
831
61
-631
-781
-409
53
240
132
-81
-199
-79
247
497
368
-116
-579
-639
-231
354
712
625
225
-128
-196
-100
-148
-424
-678
-623
-195
457
1063
1298
957
176
-616
-995
-819
-281
238
447
339
105
-90
-201
-222
-128
81
335
491
392
-16
-563
-887
-726
-206
292
566
694
691
374
-289
-927
-1080
-621
182
883
1079
640
-154
-772
-851
-461
59
417
486
287
5
-118
-69
-97
-312
-440
-176
366
757
706
247
-398
-927
-1017
-548
188
711
818
651
334
-126
-561
-627
-255
150
213
64
64
197
103
-302
-603
-395
225
792
925
553
-121
-733
-947
-648
-15
605
874
629
7
-548
-589
-94
458
570
215
-225
-392
-255
-60
-58
-260
-413
-247
222
673
757
389
-192
-637
-731
-467
23
552
886
812
290
-432
-948
-1029
-766
-342
175
723
1088
1093
826
473
12
-693
-1488
-1862
-1415
-272
999
1798
1805
1078
11
-904
-1395
-1483
-1244
-685
82
743
1039
1025
909
703
223
-561
-1356
-1753
-1487
-538
797
1893
2125
1384
176
-857
-1420
-1524
-1194
-453
479
1233
1518
1223
408
-584
-1185
-1039
-385
193
350
201
45
64
248
406
236
-369
-1001
-1018
-266
684
1152
967
435
-56
-305
-374
-484
-726
-867
-584
121
858
1236
1145
647
-145
-916
-1176
-724
60
607
703
473
69
-370
-596
-417
1
245
135
-69
-48
162
285
214
84
-34
-251
-606
-860
-711
-168
436
780
797
570
168
-306
-668
-787
-690
-421
68
714
1161
1004
251
-619
-1090
-993
-475
222
833
1085
871
392
-12
-214
-376
-645
-902
-884
-508
46
554
941
1184
1133
580
-414
-1361
-1675
-1208
-359
378
840
1103
1122
729
-48
-843
-1241
-1092
-498
312
996
1227
993
598
250
-130
-591
-922
-912
-617
-196
334
934
1315
1187
646
-2
-670
-1346
-1673
-1244
-267
580
973
1132
1183
860
20
-943
-1464
-1339
-693
262
1161
1483
1029
206
-464
-890
-1158
-1078
-425
525
1144
1127
713
234
-222
-618
-800
-726
-613
-598
-462
60
825
1342
1256
621
-237
-973
-1322
-1159
-583
131
730
1094
1161
867
240
-508
-1051
-1161
-870
-402
80
601
1184
1581
1364
419
-782
-1576
-1696
-1272
-436
672
1594
1748
1079
166
-440
-708
-817
-706
-258
286
514
388
249
272
244
-45
-478
-737
-598
-99
459
702
504
112
-107
-1
288
505
457
83
-473
-859
-753
-209
351
572
482
322
192
2
-268
-439
-334
-53
110
31
-92
-42
107
103
-157
-509
-674
-447
112
646
747
354
-204
-567
-645
-532
-285
36
266
297
244
240
161
-149
-476
-442
-57
260
240
37
-112
-179
-198
-74
232
472
347
-77
-411
-402
-169
32
89
48
-10
-16
82
251
352
250
-63
-432
-598
-347
279
892
1009
520
-177
-607
-683
-586
-350
91
542
659
449
259
204
49
-273
-430
-193
164
247
82
-24
5
18
-5
19
3
-172
-344
-262
20
226
199
-40
-404
-685
-578
-22
551
578
11
-570
-601
-129
325
338
-62
-470
-490
-143
169
157
-49
-182
-171
-117
-146
-335
-562
-482
89
807
1092
774
200
-311
-763
-1139
-1134
-573
215
776
1042
1107
848
199
-504
-863
-880
-758
-507
-50
455
700
588
319
121
41
-2
-84
-230
-354
-283
25
385
626
705
517
-60
-759
-1016
-665
-168
49
101
314
702
992
937
415
-526
-1459
-1681
-949
84
599
542
385
282
49
-247
-334
-233
-219
-309
-240
43
252
207
86
72
52
-107
-281
-308
-227
-101
154
555
879
870
486
-111
-700
-1089
-1141
-829
-268
326
744
879
750
449
53
-416
-885
-1122
-880
-178
647
1184
1175
610
-233
-886
-1029
-739
-328
55
479
890
950
423
-392
-858
-669
-158
116
-31
-309
-341
-26
453
824
883
558
-30
-565
-732
-476
-48
255
353
337
223
-66
-458
-648
-406
99
459
463
239
-13
-225
-318
-142
263
544
424
66
-161
-160
-129
-187
-242
-221
-184
-140
36
365
616
542
181
-210
-406
-343
-112
100
172
130
31
-150
-382
-450
-179
265
489
334
57
-13
134
260
187
-76
-377
-480
-245
167
427
403
235
55
-149
-346
-382
-197
42
164
225
349
444
299
-86
-479
-680
-628
-315
195
684
881
683
219
-267
-538
-453
-93
232
240
-11
-228
-259
-189
-58
229
619
782
464
-153
-621
-692
-449
-70
310
554
571
429
222
-92
-521
-772
-466
317
980
1037
582
7
-484
-835
-870
-468
112
428
370
223
226
305
263
50
-222
-404
-374
-119
192
300
117
-180
-373
-398
-300
-135
33
146
224
341
497
577
441
66
-395
-688
-633
-287
78
238
237
259
316
231
-41
-250
-145
197
451
389
60
-315
-497
-348
60
418
416
69
-267
-269
39
370
483
323
-17
-338
-417
-220
16
60
-5
52
215
235
60
-38
115
297
228
8
-54
65
85
-120
-350
-386
-227
21
271
414
310
-34
-356
-352
2
392
458
122
-353
-597
-445
-55
293
452
416
173
-259
-659
-675
-201
407
656
426
55
-107
-81
-124
-316
-470
-402
-142
169
435
589
544
294
-8
-183
-229
-295
-444
-551
-450
-122
288
586
638
455
180
-64
-253
-373
-344
-152
61
162
213
339
447
285
-179
-598
-606
-212
252
497
449
191
-100
-195
17
338
380
-29
-601
-839
-541
27
468
642
663
612
436
103
-259
-446
-360
-83
192
307
249
128
46
-2
-81
-182
-193
-48
138
145
-119
-467
-572
-277
220
541
499
232
-25
-187
-278
-322
-341
-334
-230
20
260
228
-112
-456
-471
-149
226
406
355
175
8
-40
-2
-10
-62
-4
156
168
-86
-368
-414
-246
-30
182
406
548
484
241
-48
-306
-473
-413
-107
175
179
41
65
249
327
179
-84
-331
-473
-399
-82
280
427
327
174
94
15
-128
-226
-160
25
190
262
254
212
158
42
-196
-482
-638
-572
-342
-35
273
465
473
360
198
-60
-422
-679
-582
-170
228
337
160
-133
-362
-341
-8
372
416
112
-187
-260
-175
9
272
423
279
6
-74
5
-80
-352
-428
-115
270
416
435
478
331
-139
-549
-472
-85
96
-98
-384
-461
-276
44
338
500
492
302
-55
-461
-672
-494
-35
332
360
143
-119
-352
-501
-482
-355
-286
-237
6
457
850
959
760
295
-355
-928
-1057
-618
90
618
754
560
219
-67
-171
-187
-287
-387
-240
139
441
502
424
244
-153
-680
-936
-659
-83
363
562
683
766
628
194
-347
-747
-891
-753
-371
124
545
772
785
605
275
-103
-344
-306
-68
105
65
-40
-28
14
-139
-446
-597
-393
31
429
691
777
600
183
-215
-357
-327
-359
-486
-534
-396
-109
219
421
316
-51
-339
-249
122
411
421
250
35
-198
-410
-503
-489
-468
-396
-101
391
759
771
554
341
103
-322
-804
-934
-536
58
384
336
130
-56
-187
-199
-13
257
347
178
-28
-57
27
51
8
5
13
-99
-298
-348
-117
229
432
433
370
365
380
278
-11
-388
-655
-660
-398
-2
315
389
220
-35
-190
-152
61
321
436
281
-71
-406
-572
-563
-405
-85
306
518
416
194
86
12
-204
-425
-346
12
284
224
-67
-368
-567
-609
-453
-193
2
154
446
808
841
364
-270
-605
-595
-473
-352
-156
148
454
606
508
168
-262
-536
-502
-225
126
445
647
589
234
-202
-440
-424
-325
-300
-327
-224
146
650
909
653
49
-439
-537
-391
-281
-247
-140
54
172
126
32
38
135
179
65
-146
-270
-186
45
280
419
403
174
-240
-649
-810
-630
-198
333
800
1002
786
265
-227
-478
-576
-659
-652
-406
35
449
656
611
341
-72
-437
-544
-362
-72
145
249
252
129
-99
-284
-288
-159
-69
-81
-73
93
379
612
639
435
94
-223
-381
-375
-314
-288
-251
-97
170
407
482
380
173
-76
-337
-548
-574
-300
200
625
676
341
-94
-343
-359
-268
-143
29
223
357
393
336
150
-185
-533
-654
-457
-92
221
385
413
316
114
-99
-193
-139
-33
4
-76
-211
-265
-148
77
242
243
113
-50
-153
-134
-4
118
110
7
-18
89
129
-113
-537
-789
-644
-208
249
546
660
626
470
225
-39
-246
-367
-415
-383
-252
-56
102
138
89
49
51
54
72
161
280
270
80
-138
-229
-224
-227
-219
-121
12
43
-17
7
183
356
373
276
171
51
-132
-306
-333
-194
-21
76
107
131
148
117
34
-51
-88
-63
-11
16
-10
-63
-108
-143
-184
-220
-202
-96
75
247
357
362
240
24
-172
-218
-115
-15
-37
-122
-135
-63
-1
18
59
144
192
172
170
227
221
55
-141
-169
-52
17
-35
-74
19
166
205
91
-65
-136
-101
-35
-14
-42
-57
-24
7
-31
-131
-246
-344
-375
-255
28
339
523
555
496
341
37
-356
-624
-594
-301
65
336
455
447
367
257
109
-79
-230
-235
-73
153
312
354
312
216
49
-197
-444
-536
-369
-9
338
493
434
257
60
-115
-242
-299
-282
-200
-72
53
114
100
70
56
1
-131
-233
-156
71
226
167
0
-94
-98
-115
-166
-164
-74
28
91
138
178
154
57
-35
-78
-120
-186
-202
-126
-43
-43
-81
-73
-54
-108
-172
-81
157
346
356
259
152
15
-187
-377
-450
-407
-311
-164
61
293
378
261
50
-122
-231
-311
-349
-284
-109
76
137
33
-150
-295
-348
-311
-205
-67
55
131
168
173
126
13
-133
-249
-281
-212
-69
74
141
121
84
86
103
96
79
79
77
55
30
6
-44
-105
-94
13
115
111
45
56
183
312
327
222
54
-114
-218
-223
-165
-107
-70
-35
-16
-33
-76
-112
-128
-122
-87
-24
44
83
85
55
-7
-97
-168
-170
-103
-2
97
142
76
-74
-186
-173
-81
-9
7
-17
-62
-85
-36
79
165
139
35
-46
-66
-71
-97
-128
-143
-125
-49
73
165
169
112
49
2
-10
57
197
309
287
162
65
57
67
24
-19
49
224
368
360
223
89
57
113
186
233
249
225
160
86
34
4
2
63
178
260
243
173
139
154
151
104
53
35
43
70
130
190
181
96
20
5
7
-28
-72
-60
4
56
59
42
54
91
113
104
93
112
161
212
229
180
77
-14
-24
40
100
106
99
135
188
188
140
117
147
176
167
139
101
31
-60
-109
-81
-18
20
26
26
22
-6
-50
-65
-24
46
86
53
-48
-168
-251
-273
-233
-135
-19
44
17
-55
-110
-137
-157
-167
-157
-143
-142
-129
-76
-9
4
-59
-150
-211
-224
-197
-144
-96
-76
-74
-85
-134
-218
-275
-270
-254
-285
-338
-329
-228
-85
28
73
48
-25
-112
-188
-247
-280
-261
-204
-178
-216
-258
-247
-219
-226
-229
-170
-74
-11
9
23
37
3
-97
-218
-302
-336
-333
-304
-248
-168
-64
31
68
32
-30
-85
-137
-171
-151
-106
-115
-190
-248
-236
-201
-199
-188
-98
54
182
240
232
154
7
-137
-193
-167
-137
-143
-165
-175
-155
-100
-39
-6
10
47
98
110
64
3
-34
-70
-124
-150
-109
-45
-17
-9
22
65
92
120
159
164
97
2
-43
-11
71
163
232
245
198
135
108
126
165
217
276
313
306
276
246
218
203
227
270
286
284
325
409
453
406
329
311
352
379
350
287
223
180
183
233
294
341
383
417
409
359
320
314
301
248
194
193
230
254
245
233
236
238
237
248
278
307
308
272
211
169
175
206
204
164
138
157
193
206
200
194
188
172
150
132
109
73
46
60
106
140
135
93
35
-20
-52
-49
-6
66
123
116
48
-17
-34
-36
-71
-109
-83
7
72
58
5
-26
-42
-85
-139
-148
-102
-47
-26
-40
-63
-70
-54
-34
-34
-67
-125
-184
-216
-207
-160
-105
-83
-112
-165
-197
-193
-172
-157
-159
-170
-183
-197
-223
-266
-309
-327
-312
-289
-285
-301
-315
-316
-313
-324
-354
-393
-422
-426
-408
-393
-410
-457
-488
-462
-390
-322
-296
-314
-352
-388
-419
-448
-478
-502
-510
-501
-495
-518
-572
-628
-650
-621
-555
-488
-455
-462
-480
-493
-517
-562
-603
-604
-576
-565
-583
-601
-585
-550
-525
-523
-532
-535
-515
-458
-374
-297
-253
-234
-222
-209
-193
-164
-108
-29
44
78
68
44
45
76
117
162
224
305
383
440
485
524
540
537
565
649
735
754
713
673
657
649
656
692
728
711
647
606
626
667
685
687
700
715
721
728
729
694
621
557
537
546
551
541
518
477
424
383
381
412
451
475
471
428
359
305
289
298
307
302
271
218
171
150
133
93
56
71
130
168
146
97
64
42
11
-9
11
47
62
55
53
61
63
58
62
79
96
100
92
84
84
87
95
115
149
180
186
167
146
146
159
179
223
297
356
342
268
208
208
245
284
315
340
348
332
308
292
276
248
222
223
255
285
283
246
201
175
166
146
110
87
89
82
38
-23
-59
-81
-122
-172
-178
-136
-110
-140
-189
-202
-197
-226
-289
-339
-355
-361
-387
-431
-473
-502
-520
-533
-546
-561
-575
-581
-576
-559
-537
-527
-547
-586
-614
-615
-605
-600
-587
-552
-511
-501
-529
-562
-562
-536
-527
-557
-593
-595
-574
-574
-598
-591
-528
-467
-475
-530
-550
-516
-488
-498
-508
-485
-463
-485
-534
-572
-595
-619
-630
-610
-580
-580
-609
-624
-616
-619
-657
-719
-783
-829
-841
-827
-823
-850
-875
-856
-796
-733
-671
-572
-431
-301
-223
-183
-154
-149
-179
-204
-172
-87
-9
31
63
130
224
294
327
359
424
503
558
584
603
618
613
600
614
656
682
685
726
844
977
1036
1021
995
983
961
923
892
868
824
765
736
750
763
746
722
717
720
717
714
707
674
614
555
512
467
407
349
311
285
262
253
267
289
303
317
325
299
227
146
92
52
3
-40
-43
-13
4
-25
-83
-132
-153
-143
-109
-63
-30
-18
-25
-40
-59
-78
-90
-86
-59
-15
28
58
79
96
101
89
70
64
84
122
159
175
161
129
115
147
217
282
313
321
333
355
372
372
352
316
286
286
323
377
408
399
367
345
342
335
311
285
279
288
290
274
244
201
142
88
68
80
85
67
48
43
23
-36
-109
-155
-172
-191
-224
-263
-306
-357
-398
-406
-398
-412
-447
-462
-445
-434
-460
-500
-522
-529
-547
-577
-601
-607
-603
-593
-576
-554
-537
-519
-487
-441
-403
-391
-396
-400
-398
-399
-414
-442
-469
-486
-489
-479
-458
-428
-385
-327
-259
-204
-180
-193
-229
-273
-314
-345
-364
-373
-376
-376
-370
-364
-363
-368
-377
-386
-402
-421
-432
-428
-420
-428
-462
-511
-560
-602
-639
-678
-722
-766
-800
-826
-856
-898
-939
-962
-972
-991
-1014
-1008
-945
-829
-686
-536
-396
-290
-227
-183
-131
-69
-17
19
54
99
144
175
179
156
131
151
238
354
440
490
547
623
687
724
756
799
833
849
868
900
915
894
880
911
954
954
917
894
894
882
857
849
860
854
819
782
762
734
687
654
666
703
720
702
656
587
503
424
360
305
251
209
196
202
193
154
104
77
80
103
130
148
144
111
54
-1
-33
-48
-68
-93
-91
-58
-30
-42
-83
-116
-127
-126
-111
-77
-37
-8
15
55
107
144
163
193
242
276
271
244
223
212
203
199
205
205
187
170
186
234
281
313
345
388
425
438
430
409
373
324
285
279
292
296
287
285
293
290
274
266
278
284
267
246
236
215
158
86
38
17
-4
-31
-45
-45
-65
-118
-175
-212
-245
-289
-323
-328
-322
-331
-354
-366
-363
-361
-364
-362
-354
-355
-371
-394
-413
-434
-462
-486
-495
-492
-490
-494
-497
-488
-462
-424
-376
-324
-277
-240
-214
-192
-176
-172
-176
-179
-177
-177
-183
-191
-197
-203
-208
-205
-185
-159
-145
-139
-125
-104
-92
-94
-102
-112
-131
-159
-188
-216
-251
-289
-312
-317
-313
-309
-296
-272
-257
-270
-301
-332
-360
-382
-388
-377
-370
-392
-442
-508
-586
-680
-779
-861
-920
-970
-1019
-1065
-1110
-1156
-1193
-1202
-1181
-1154
-1133
-1110
-1064
-991
-889
-754
-587
-406
-240
-104
-8
41
47
45
75
147
229
289
311
301
269
238
233
274
365
495
650
804
920
977
988
993
1028
1094
1165
1212
1230
1220
1189
1142
1090
1047
1023
1021
1036
1056
1051
1004
932
878
867
876
877
865
848
820
771
712
657
601
536
478
445
418
356
254
158
99
59
19
-6
-10
-15
-41
-71
-87
-110
-160
-212
-221
-198
-191
-209
-219
-215
-227
-261
-284
-278
-274
-286
-286
-255
-223
-221
-222
-186
-124
-73
-28
41
124
179
202
228
270
302
310
324
359
384
372
352
353
361
351
342
364
408
435
437
439
451
454
450
464
501
529
527
509
491
459
400
336
298
286
280
268
254
229
181
114
56
18
-8
-30
-43
-45
-55
-87
-138
-191
-237
-275
-302
-315
-319
-333
-362
-402
-444
-487
-526
-551
-556
-547
-534
-520
-504
-489
-479
-473
-464
-447
-428
-410
-396
-392
-398
-410
-417
-416
-413
-411
-405
-390
-369
-345
-316
-279
-236
-186
-128
-65
-15
9
16
22
29
30
26
23
20
7
-13
-29
-38
-52
-66
-62
-34
-5
10
17
29
38
34
24
23
20
-5
-45
-80
-110
-155
-217
-271
-307
-339
-373
-389
-383
-379
-400
-437
-471
-509
-570
-639
-691
-726
-768
-829
-899
-985
-1103
-1240
-1350
-1406
-1424
-1435
-1441
-1435
-1422
-1409
-1375
-1282
-1119
-895
-622
-318
-27
188
305
355
386
414
432
442
445
435
399
345
297
273
285
351
489
688
893
1052
1159
1241
1318
1388
1444
1488
1518
1521
1497
1461
1421
1367
1299
1242
1218
1204
1157
1062
947
842
754
686
648
629
605
564
526
502
475
428
378
358
357
334
266
159
24
-133
-290
-410
-487
-543
-592
-613
-598
-570
-559
-556
-537
-499
-457
-418
-382
-362
-375
-406
-425
-424
-422
-424
-410
-366
-304
-244
-187
-128
-71
-19
42
118
194
255
308
371
443
508
556
595
630
660
688
713
728
723
701
677
656
628
591
554
528
516
514
520
525
521
511
504
500
483
441
383
323
264
204
146
94
46
2
-34
-60
-93
-146
-210
-263
-298
-329
-366
-405
-440
-477
-515
-548
-572
-595
-616
-617
-593
-563
-554
-567
-583
-594
-609
-626
-634
-630
-620
-603
-569
-523
-484
-461
-435
-386
-327
-281
-254
-231
-209
-196
-188
-172
-148
-130
-119
-97
-57
-23
-10
1
32
76
111
134
154
166
161
152
162
194
221
235
254
282
297
281
253
233
216
191
166
150
126
73
7
-41
-63
-81
-95
-88
-61
-37
-30
-34
-45
-78
-132
-185
-218
-247
-293
-350
-397
-440
-491
-548
-595
-631
-662
-685
-692
-694
-717
-766
-823
-875
-930
-1000
-1080
-1161
-1242
-1320
-1385
-1433
-1471
-1502
-1524
-1535
-1545
-1560
-1560
-1502
-1348
-1081
-713
-284
146
516
788
940
973
914
815
724
667
642
626
591
528
460
429
471
593
786
1033
1305
1552
1731
1826
1848
1815
1758
1706
1667
1619
1544
1452
1370
1308
1254
1200
1149
1090
1000
870
715
547
378
237
157
139
141
126
93
60
30
2
-14
-12
-13
-50
-135
-268
-454
-688
-924
-1095
-1172
-1170
-1118
-1031
-928
-839
-778
-728
-670
-607
-537
-449
-349
-269
-242
-261
-294
-321
-331
-312
-250
-149
-33
82
190
281
342
380
422
483
561
646
741
844
945
1030
1092
1129
1141
1128
1097
1057
1006
941
861
775
685
597
517
454
417
406
416
434
446
445
428
396
346
282
208
123
23
-90
-208
-321
-425
-510
-562
-584
-596
-611
-628
-645
-663
-682
-695
-691
-679
-671
-672
-678
-692
-710
-717
-696
-652
-609
-580
-567
-567
-582
-605
-614
-593
-544
-475
-391
-306
-241
-202
-168
-119
-49
34
120
204
273
312
315
289
241
186
144
131
144
165
182
196
211
229
250
271
291
305
315
322
316
289
242
191
151
122
100
78
52
18
-11
-26
-28
-31
-42
-53
-61
-73
-95
-125
-153
-170
-167
-140
-98
-63
-50
-51
-52
-52
-60
-82
-119
-167
-226
-291
-360
-430
-497
-550
-572
-565
-546
-534
-535
-546
-560
-576
-599
-638
-695
-762
-833
-909
-995
-1097
-1212
-1334
-1444
-1528
-1584
-1622
-1649
-1660
-1650
-1631
-1614
-1580
-1497
-1339
-1084
-722
-272
204
633
965
1186
1285
1262
1146
1003
882
791
728
696
681
661
634
643
725
874
1063
1283
1530
1767
1942
2039
2073
2048
1960
1833
1711
1609
1502
1382
1278
1204
1127
1015
870
705
511
284
65
-99
-205
-275
-305
-278
-222
-193
-210
-248
-285
-329
-378
-410
-429
-481
-598
-760
-939
-1132
-1331
-1486
-1543
-1499
-1390
-1238
-1056
-875
-734
-629
-526
-415
-316
-235
-146
-47
36
81
107
134
167
206
268
364
470
559
638
723
808
869
909
952
1008
1068
1130
1200
1274
1337
1380
1413
1430
1404
1317
1187
1035
869
690
512
354
222
118
48
11
-6
-21
-34
-34
-23
-20
-42
-89
-158
-251
-364
-489
-617
-739
-842
-908
-934
-934
-926
-918
-908
-895
-881
-867
-847
-821
-782
-728
-665
-599
-537
-479
-419
-353
-284
-218
-163
-122
-93
-75
-64
-60
-54
-40
-13
28
80
143
214
289
368
454
540
613
663
686
677
633
559
473
390
314
247
194
157
127
96
67
46
32
24
26
41
54
48
19
-22
-67
-116
-168
-208
-234
-251
-261
-261
-256
-261
-279
-295
-298
-293
-294
-300
-298
-283
-261
-229
-183
-130
-84
-40
10
61
92
96
92
96
103
100
87
65
26
-31
-88
-135
-174
-212
-236
-229
-204
-190
-208
-253
-318
-399
-486
-565
-633
-700
-767
-822
-869
-930
-1022
-1137
-1256
-1371
-1485
-1592
-1681
-1752
-1804
-1834
-1844
-1850
-1866
-1879
-1845
-1728
-1508
-1180
-750
-247
273
746
1117
1347
1423
1368
1241
1100
979
884
822
791
788
804
839
904
1008
1155
1345
1565
1784
1960
2064
2095
2061
1973
1843
1693
1547
1424
1331
1268
1223
1173
1092
965
794
579
323
44
-227
-458
-631
-745
-803
-816
-802
-775
-739
-692
-643
-601
-572
-557
-564
-616
-725
-881
-1062
-1246
-1404
-1501
-1514
-1443
-1306
-1117
-895
-672
-478
-321
-187
-65
43
143
248
362
471
568
662
758
847
919
987
1059
1123
1164
1183
1194
1194
1170
1128
1090
1066
1049
1045
1075
1136
1203
1251
1278
1276
1219
1091
913
713
499
271
52
-130
-281
-414
-523
-591
-623
-645
-663
-659
-636
-621
-629
-645
-663
-701
-763
-826
-869
-899
-924
-925
-886
-826
-777
-743
-708
-675
-659
-648
-615
-556
-490
-418
-323
-202
-83
24
135
263
387
485
559
617
646
632
593
554
513
458
401
372
374
387
401
431
477
519
546
569
590
587
548
487
418
328
205
63
-66
-170
-253
-312
-343
-360
-387
-428
-466
-495
-526
-558
-575
-564
-540
-524
-515
-505
-490
-461
-406
-317
-213
-121
-52
-3
25
23
-7
-46
-72
-75
-52
-7
57
127
198
274
362
452
526
577
610
631
636
615
562
484
392
296
204
118
36
-50
-138
-213
-272
-324
-382
-444
-497
-538
-577
-631
-702
-789
-889
-990
-1074
-1135
-1189
-1245
-1295
-1331
-1371
-1443
-1552
-1680
-1806
-1920
-2006
-2050
-2057
-2048
-2031
-1996
-1941
-1874
-1786
-1626
-1340
-916
-383
211
805
1318
1678
1862
1892
1797
1617
1417
1275
1223
1230
1255
1279
1299
1310
1324
1375
1484
1636
1798
1958
2098
2179
2156
2035
1863
1682
1507
1352
1231
1140
1052
947
829
691
506
259
-22
-301
-564
-815
-1039
-1207
-1307
-1344
-1321
-1242
-1129
-1021
-929
-843
-758
-695
-668
-669
-685
-720
-785
-880
-986
-1088
-1165
-1181
-1107
-946
-730
-492
-251
-24
162
297
394
485
594
731
893
1065
1219
1328
1386
1411
1422
1427
1430
1439
1458
1472
1450
1374
1251
1101
947
818
745
737
774
825
872
902
892
818
686
526
359
189
13
-154
-314
-480
-655
-813
-931
-1014
-1073
-1094
-1064
-1003
-947
-909
-878
-854
-848
-852
-836
-792
-742
-697
-639
-559
-482
-431
-391
-340
-287
-252
-227
-188
-140
-104
-66
9
121
241
356
481
620
739
818
876
925
949
929
880
821
737
612
468
353
277
221
184
180
199
202
175
140
109
70
19
-21
-40
-67
-133
-231
-332
-432
-530
-613
-654
-660
-659
-661
-655
-644
-646
-663
-670
-649
-615
-581
-542
-482
-404
-315
-212
-89
39
149
235
309
375
426
458
483
509
529
528
503
466
429
402
396
421
473
529
569
588
592
577
534
470
406
353
298
227
141
45
-67
-198
-332
-448
-553
-664
-772
-856
-916
-980
-1057
-1126
-1173
-1212
-1252
-1274
-1269
-1259
-1260
-1256
-1231
-1209
-1229
-1284
-1349
-1427
-1548
-1704
-1852
-1965
-2051
-2099
-2072
-1971
-1849
-1738
-1614
-1448
-1247
-1015
-707
-283
231
759
1254
1686
1998
2135
2125
2052
1969
1876
1787
1740
1731
1699
1603
1473
1354
1252
1179
1183
1293
1456
1597
1693
1757
1766
1689
1550
1413
1302
1188
1064
953
849
697
479
237
-2
-259
-546
-825
-1054
-1244
-1412
-1535
-1581
-1564
-1523
-1454
-1331
-1174
-1029
-907
-779
-643
-534
-467
-420
-389
-399
-458
-527
-573
-601
-617
-591
-494
-348
-188
-25
144
303
433
550
682
835
986
1130
1277
1419
1522
1569
1573
1553
1509
1451
1395
1346
1282
1187
1069
941
801
648
498
379
301
261
253
267
281
276
247
199
128
28
-96
-227
-353
-472
-587
-702
-820
-939
-1045
-1122
-1169
-1189
-1181
-1140
-1066
-971
-866
-757
-653
-552
-447
-334
-224
-135
-66
-5
53
103
143
172
189
190
182
176
171
163
165
200
277
379
484
584
674
744
788
809
809
780
720
645
568
479
364
235
112
3
-97
-186
-260
-319
-369
-406
-421
-422
-432
-457
-478
-489
-504
-532
-563
-584
-596
-600
-593
-576
-561
-559
-559
-547
-530
-526
-524
-502
-453
-389
-316
-230
-133
-33
73
196
333
461
572
676
779
860
898
903
891
868
833
790
745
693
627
561
515
485
453
414
386
373
356
319
269
214
154
89
29
-28
-100
-197
-305
-402
-491
-592
-704
-810
-904
-995
-1089
-1177
-1251
-1309
-1345
-1342
-1303
-1259
-1232
-1212
-1183
-1149
-1124
-1108
-1085
-1054
-1032
-1032
-1060
-1128
-1245
-1393
-1528
-1622
-1678
-1704
-1690
-1630
-1546
-1468
-1397
-1307
-1168
-952
-629
-181
355
909
1420
1851
2167
2331
2342
2254
2131
2009
1898
1805
1725
1629
1499
1353
1228
1138
1080
1067
1121
1226
1330
1391
1403
1369
1290
1178
1068
979
896
804
710
620
508
343
131
-100
-338
-589
-843
-1074
-1274
-1448
-1585
-1656
-1656
-1609
-1525
-1394
-1215
-1021
-841
-681
-533
-408
-316
-251
-198
-169
-179
-216
-254
-286
-312
-319
-276
-173
-30
134
309
482
628
741
840
942
1045
1143
1245
1350
1438
1488
1502
1491
1459
1408
1345
1281
1205
1099
960
797
618
431
257
120
28
-25
-49
-48
-36
-31
-43
-67
-97
-133
-175
-220
-273
-346
-442
-548
-653
-756
-853
-926
-965
-969
-946
-904
-849
-791
-733
-662
-569
-461
-349
-232
-100
37
164
269
350
406
441
462
476
478
456
416
378
352
332
307
282
271
279
307
353
407
453
486
507
520
508
457
371
277
199
137
80
13
-71
-171
-274
-371
-458
-537
-604
-646
-656
-648
-652
-687
-739
-781
-788
-760
-711
-655
-600
-547
-491
-432
-377
-336
-304
-260
-198
-139
-114
-120
-127
-102
-34
73
204
338
456
562
671
779
866
927
987
1066
1143
1175
1145
1066
957
838
738
668
609
533
441
363
298
212
95
-20
-99
-146
-182
-212
-247
-307
-388
-457
-488
-507
-555
-624
-683
-733
-811
-927
-1053
-1168
-1265
-1326
-1328
-1286
-1247
-1231
-1208
-1158
-1107
-1088
-1080
-1048
-991
-935
-885
-843
-836
-888
-974
-1048
-1106
-1179
-1263
-1320
-1331
-1323
-1324
-1327
-1323
-1320
-1306
-1236
-1073
-830
-523
-133
351
882
1377
1785
2088
2272
2322
2267
2159
2026
1871
1714
1590
1501
1413
1302
1191
1110
1065
1050
1070
1116
1155
1154
1117
1060
976
860
734
636
573
529
486
439
372
270
129
-33
-216
-432
-679
-930
-1161
-1366
-1538
-1658
-1712
-1698
-1619
-1477
-1284
-1066
-849
-640
-442
-267
-132
-42
10
27
16
-9
-33
-52
-60
-42
15
108
224
350
473
584
672
739
792
835
875
925
996
1083
1171
1245
1299
1329
1332
1313
1277
1222
1143
1037
904
743
555
347
144
-32
-167
-254
-292
-292
-269
-242
-223
-220
-237
-270
-313
-359
-404
-449
-494
-539
-583
-624
-662
-695
-716
-718
-699
-663
-620
-570
-513
-449
-379
-300
-208
-108
-2
113
238
356
451
520
571
608
622
610
578
531
468
403
352
320
294
272
267
287
313
323
317
304
284
254
220
188
143
72
-10
-78
-131
-192
-263
-328
-376
-417
-459
-499
-538
-586
-638
-671
-676
-680
-705
-735
-737
-707
-663
-611
-545
-471
-401
-331
-251
-179
-139
-123
-91
-28
40
87
120
158
204
261
337
429
518
594
681
792
898
959
975
977
979
974
952
913
854
772
686
615
550
460
342
228
142
73
-3
-87
-172
-256
-329
-380
-416
-463
-526
-580
-605
-611
-624
-656
-696
-743
-797
-852
-908
-978
-1061
-1128
-1148
-1129
-1099
-1067
-1029
-986
-946
-909
-869
-842
-841
-850
-844
-833
-852
-913
-995
-1080
-1170
-1252
-1306
-1331
-1346
-1348
-1308
-1227
-1151
-1108
-1075
-1010
-907
-759
-537
-224
155
566
1003
1446
1826
2072
2187
2224
2211
2142
2026
1899
1771
1617
1444
1288
1153
1009
867
787
803
866
915
939
949
925
844
732
627
519
393
286
241
233
191
100
-3
-105
-236
-410
-594
-770
-956
-1149
-1299
-1386
-1451
-1516
-1536
-1466
-1325
-1160
-974
-750
-508
-296
-118
42
164
212
204
198
211
212
193
196
244
316
389
474
576
667
725
779
854
924
959
978
1018
1071
1107
1123
1140
1155
1154
1139
1127
1107
1045
934
806
674
515
324
132
-34
-175
-291
-371
-415
-442
-460
-459
-435
-413
-414
-428
-436
-437
-444
-459
-476
-499
-528
-548
-553
-554
-558
-551
-511
-446
-378
-315
-255
-194
-133
-63
23
117
205
303
423
550
648
706
738
749
735
699
652
595
523
452
402
373
335
282
236
215
204
186
163
137
101
55
12
-25
-75
-149
-228
-286
-330
-381
-441
-492
-530
-559
-579
-588
-598
-623
-655
-674
-677
-679
-687
-686
-660
-611
-547
-474
-398
-325
-256
-182
-100
-22
41
92
141
193
243
282
306
325
352
395
455
525
597
666
730
791
844
879
885
863
831
797
754
691
612
533
458
389
328
273
215
143
70
9
-45
-107
-182
-252
-309
-364
-426
-488
-544
-596
-645
-677
-688
-693
-708
-724
-725
-717
-718
-735
-757
-785
-830
-885
-928
-946
-944
-928
-887
-820
-753
-713
-699
-694
-694
-702
-706
-695
-680
-695
-751
-830
-922
-1031
-1154
-1255
-1305
-1308
-1284
-1237
-1167
-1097
-1046
-991
-896
-749
-564
-329
-11
388
815
1220
1588
1895
2102
2197
2209
2169
2072
1924
1761
1622
1488
1323
1137
974
848
742
668
648
670
687
686
683
670
614
509
402
327
263
188
116
65
9
-78
-182
-286
-410
-576
-761
-928
-1078
-1231
-1376
-1471
-1502
-1493
-1447
-1342
-1180
-992
-793
-572
-333
-118
52
191
313
402
444
457
466
472
470
474
502
547
590
634
693
759
809
839
865
898
930
959
991
1028
1057
1074
1086
1097
1091
1057
1000
931
846
732
588
421
242
61
-111
-265
-399
-513
-601
-652
-664
-651
-629
-603
-566
-518
-468
-426
-398
-381
-370
-360
-349
-344
-352
-367
-372
-354
-319
-281
-246
-208
-162
-108
-54
-1
52
114
199
309
430
542
632
703
759
792
791
756
696
622
544
467
388
299
207
125
65
25
-4
-26
-40
-49
-60
-80
-112
-162
-222
-277
-318
-346
-369
-391
-411
-432
-456
-482
-508
-533
-557
-574
-579
-576
-573
-572
-566
-552
-525
-482
-422
-350
-275
-197
-115
-29
49
114
168
215
256
287
307
317
318
316
325
353
394
436
478
523
569
606
627
637
642
644
644
641
628
593
536
470
405
338
267
198
145
101
53
-5
-68
-136
-211
-285
-344
-392
-437
-475
-494
-496
-502
-519
-535
-539
-542
-557
-572
-579
-587
-605
-626
-647
-685
-745
-801
-826
-825
-820
-812
-781
-733
-700
-692
-695
-700
-713
-722
-705
-677
-677
-720
-781
-842
-923
-1037
-1151
-1225
-1258
-1264
-1241
-1193
-1151
-1139
-1130
-1090
-1023
-939
-802
-557
-195
240
703
1165
1587
1913
2126
2245
2285
2237
2126
2007
1906
1794
1638
1453
1270
1100
947
832
775
759
752
744
736
702
611
474
339
232
150
87
52
42
33
3
-46
-117
-225
-378
-555
-730
-901
-1074
-1242
-1383
-1485
-1550
-1572
-1537
-1436
-1278
-1079
-842
-577
-316
-93
82
218
320
386
423
454
491
527
561
603
658
712
750
783
827
876
908
924
943
964
973
972
977
991
997
994
1002
1026
1042
1026
986
931
843
706
534
352
162
-35
-222
-373
-493
-599
-685
-732
-742
-736
-724
-696
-652
-610
-580
-552
-517
-487
-464
-437
-395
-350
-312
-278
-239
-196
-160
-130
-103
-78
-57
-38
-13
27
80
149
236
342
461
578
680
757
809
832
820
775
712
639
555
465
381
303
219
127
40
-26
-78
-126
-164
-180
-184
-197
-219
-241
-269
-313
-360
-388
-399
-414
-437
-450
-448
-455
-483
-516
-544
-573
-608
-626
-612
-583
-549
-497
-417
-332
-270
-223
-169
-104
-35
41
139
249
343
409
455
475
457
411
373
363
375
399
440
492
540
570
588
605
624
643
667
697
719
713
674
609
520
413
299
196
112
45
-14
-75
-141
-209
-278
-343
-399
-441
-466
-473
-470
-463
-462
-473
-492
-504
-499
-487
-480
-472
-458
-443
-446
-471
-516
-575
-640
-698
-736
-759
-778
-789
-776
-740
-705
-686
-673
-652
-620
-585
-551
-525
-520
-541
-577
-622
-685
-772
-869
-947
-996
-1031
-1065
-1097
-1122
-1136
-1138
-1124
-1096
-1060
-1003
-901
-742
-529
-270
36
391
782
1179
1542
1840
2053
2175
2215
2184
2090
1949
1783
1613
1454
1308
1167
1026
890
772
678
603
537
476
422
374
324
265
195
120
52
2
-22
-28
-32
-47
-81
-140
-238
-382
-563
-760
-953
-1132
-1282
-1391
-1451
-1461
-1424
-1336
-1199
-1024
-826
-610
-383
-162
38
211
357
471
547
597
636
670
696
716
743
779
809
829
843
853
848
828
809
801
796
787
786
803
831
854
873
891
894
867
818
761
685
567
414
255
96
-74
-255
-421
-553
-652
-715
-733
-718
-698
-685
-662
-620
-581
-560
-536
-486
-421
-362
-310
-262
-228
-209
-190
-151
-102
-61
-24
25
76
103
104
99
103
114
144
213
313
420
518
611
690
729
719
678
629
573
507
443
384
316
227
129
36
-52
-135
-201
-241
-262
-280
-305
-335
-375
-426
-479
-513
-520
-508
-486
-460
-437
-422
-414
-413
-422
-441
-465
-483
-498
-513
-532
-546
-540
-506
-437
-340
-229
-117
-13
86
170
228
256
266
276
295
324
356
388
423
462
504
542
570
583
586
588
596
602
592
567
541
526
516
499
477
462
452
434
401
353
282
181
63
-51
-161
-274
-383
-464
-508
-534
-552
-553
-527
-490
-460
-433
-405
-384
-377
-375
-374
-385
-414
-446
-462
-468
-485
-508
-518
-508
-491
-484
-493
-521
-570
-623
-659
-685
-714
-735
-721
-663
-591
-534
-503
-489
-485
-487
-493
-510
-548
-602
-652
-693
-750
-843
-956
-1058
-1131
-1174
-1191
-1187
-1165
-1129
-1075
-1007
-939
-875
-794
-660
-450
-164
183
572
977
1369
1720
1996
2167
2228
2202
2124
2021
1900
1763
1613
1454
1289
1123
961
807
673
575
518
483
446
392
319
226
119
14
-68
-113
-121
-103
-78
-66
-78
-118
-190
-302
-457
-630
-797
-948
-1091
-1219
-1317
-1368
-1367
-1309
-1195
-1037
-849
-636
-399
-161
46
206
335
447
541
611
673
742
813
871
916
955
981
982
961
937
915
879
822
760
705
656
613
590
603
641
686
732
780
817
818
779
713
630
515
361
182
-1
-182
-362
-519
-632
-698
-735
-748
-738
-714
-694
-682
-666
-638
-602
-556
-489
-400
-309
-230
-157
-78
1
67
120
167
206
229
235
224
195
152
114
104
130
180
250
343
453
559
640
694
719
714
682
638
586
517
428
335
251
174
91
2
-78
-145
-205
-263
-313
-356
-398
-439
-468
-487
-507
-535
-559
-564
-549
-522
-486
-437
-388
-356
-343
-342
-351
-378
-418
-450
-454
-427
-379
-319
-254
-193
-137
-74
-1
67
122
177
255
349
432
483
511
526
534
545
565
589
604
614
638
670
680
646
587
534
490
445
399
362
333
309
294
289
274
228
161
103
64
19
-46
-113
-157
-186
-220
-266
-319
-371
-414
-438
-441
-443
-457
-474
-476
-466
-466
-486
-509
-510
-490
-466
-454
-456
-468
-479
-487
-497
-522
-561
-602
-625
-629
-631
-648
-674
-688
-680
-659
-642
-635
-630
-610
-568
-519
-494
-512
-558
-598
-625
-665
-736
-822
-895
-949
-994
-1035
-1075
-1110
-1121
-1076
-973
-842
-705
-538
-304
-14
294
607
943
1288
1590
1823
1999
2115
2142
2084
1984
1872
1733
1556
1373
1208
1039
846
658
522
422
321
232
190
184
164
120
83
59
16
-51
-107
-130
-153
-197
-243
-276
-325
-416
-525
-630
-745
-880
-1003
-1079
-1119
-1148
-1153
-1099
-986
-849
-700
-521
-310
-95
108
303
483
628
738
831
910
956
964
959
959
956
934
899
871
850
826
798
770
742
714
690
673
659
650
650
657
664
662
645
611
558
490
406
301
171
26
-116
-256
-402
-547
-665
-747
-800
-827
-822
-792
-757
-724
-678
-611
-535
-461
-381
-280
-172
-82
-13
46
96
129
155
189
233
272
299
317
328
323
307
299
312
341
381
434
496
550
581
587
573
540
495
447
398
342
273
191
101
1
-106
-206
-284
-342
-386
-412
-415
-408
-411
-430
-455
-477
-497
-513
-515
-500
-479
-459
-434
-404
-382
-379
-385
-382
-366
-349
-333
-312
-284
-257
-235
-203
-154
-95
-34
36
118
202
268
313
351
388
420
444
461
474
477
471
462
447
427
406
398
405
418
426
424
416
404
391
381
369
350
331
318
306
279
230
170
106
36
-37
-100
-150
-196
-243
-277
-295
-315
-352
-388
-404
-405
-410
-414
-402
-377
-358
-353
-353
-360
-384
-419
-447
-470
-508
-560
-593
-596
-602
-633
-667
-681
-681
-684
-681
-657
-620
-584
-548
-507
-482
-494
-516
-512
-489
-478
-477
-461
-433
-435
-487
-564
-645
-735
-835
-918
-970
-1009
-1049
-1068
-1049
-1013
-988
-958
-895
-794
-662
-481
-225
98
454
826
1205
1556
1816
1956
2000
1983
1923
1835
1732
1620
1494
1355
1203
1028
819
597
409
287
218
179
161
150
126
75
5
-74
-154
-212
-216
-170
-115
-84
-78
-94
-154
-275
-426
-565
-687
-805
-907
-972
-1010
-1045
-1067
-1044
-963
-838
-677
-470
-231
-2
193
366
523
645
721
775
836
893
930
949
962
966
953
928
906
880
838
780
723
672
621
573
540
523
515
521
542
567
577
567
544
508
447
359
254
136
5
-135
-269
-390
-500
-594
-656
-680
-682
-676
-660
-635
-607
-582
-554
-509
-448
-376
-291
-193
-95
-16
38
81
122
163
201
235
265
287
299
304
298
276
248
239
265
320
387
453
509
543
549
528
485
420
337
252
184
129
71
-2
-86
-170
-249
-314
-357
-381
-403
-431
-453
-463
-476
-510
-552
-573
-559
-522
-475
-423
-368
-321
-287
-258
-237
-234
-255
-278
-286
-285
-294
-306
-302
-275
-230
-171
-93
-2
89
177
261
332
375
386
388
397
415
433
453
472
483
480
462
434
399
364
344
341
340
327
309
291
273
247
228
236
271
314
349
367
364
331
276
211
139
56
-33
-112
-172
-223
-283
-347
-400
-438
-463
-477
-473
-455
-437
-424
-407
-380
-354
-352
-372
-393
-394
-382
-376
-386
-405
-428
-459
-500
-549
-605
-671
-730
-757
-749
-734
-726
-704
-647
-577
-528
-499
-461
-409
-366
-341
-314
-280
-264
-282
-320
-371
-448
-553
-656
-733
-800
-878
-951
-994
-1016
-1043
-1065
-1050
-995
-924
-838
-706
-518
-288
-25
283
635
995
1318
1588
1795
1914
1942
1909
1845
1750
1619
1477
1343
1203
1034
846
680
555
461
386
333
296
258
210
160
108
47
-11
-35
-16
19
38
38
29
4
-48
-128
-224
-334
-457
-583
-701
-808
-910
-996
-1045
-1041
-982
-872
-719
-533
-331
-129
61
229
367
478
570
651
720
777
819
848
863
864
852
832
807
782
757
725
680
624
563
509
470
450
451
474
514
564
614
651
667
658
625
569
496
406
292
152
-7
-165
-311
-440
-547
-623
-664
-674
-665
-642
-615
-593
-578
-559
-523
-472
-412
-343
-261
-174
-94
-24
41
101
148
182
208
229
230
204
155
98
48
15
10
39
101
187
285
380
451
487
487
465
432
390
339
277
212
147
85
20
-50
-117
-174
-214
-242
-262
-280
-306
-342
-378
-405
-424
-445
-463
-465
-444
-406
-363
-318
-278
-253
-245
-243
-243
-252
-271
-287
-285
-267
-244
-214
-172
-125
-78
-26
40
114
175
217
250
282
306
318
325
337
352
370
393
422
446
459
462
461
451
425
391
361
336
309
280
259
255
259
262
256
243
231
219
201
161
98
24
-43
-103
-165
-232
-294
-338
-363
-375
-381
-388
-396
-402
-396
-387
-396
-428
-464
-486
-497
-509
-523
-529
-529
-529
-525
-509
-491
-495
-523
-547
-551
-555
-587
-634
-663
-657
-627
-592
-557
-529
-515
-500
-464
-418
-396
-407
-419
-406
-394
-428
-508
-593
-660
-720
-782
-837
-880
-916
-946
-952
-932
-906
-890
-862
-797
-692
-560
-389
-151
159
513
874
1213
1499
1699
1800
1821
1786
1713
1609
1493
1380
1268
1142
991
824
661
522
417
343
291
247
206
156
92
19
-52
-108
-136
-128
-85
-25
31
68
81
64
10
-81
-194
-318
-452
-591
-721
-825
-897
-934
-930
-876
-774
-633
-464
-278
-90
83
238
374
492
588
663
722
770
811
847
880
905
917
919
909
880
828
756
679
605
537
481
443
425
422
431
451
475
492
505
521
533
524
484
415
324
213
81
-63
-201
-323
-424
-499
-550
-585
-611
-628
-636
-638
-633
-617
-585
-537
-475
-403
-323
-239
-157
-76
2
73
133
187
236
273
291
292
277
247
206
165
135
120
118
138
182
238
287
320
337
335
313
279
244
210
168
123
81
40
-7
-56
-99
-134
-170
-210
-244
-274
-317
-375
-431
-464
-481
-489
-482
-457
-423
-393
-362
-321
-278
-247
-228
-205
-181
-170
-174
-176
-166
-152
-139
-114
-70
-22
15
46
85
133
177
210
239
270
297
316
328
340
351
362
374
388
399
399
392
383
375
361
334
301
274
257
241
220
201
195
201
204
197
183
166
144
114
81
51
22
-9
-39
-67
-93
-122
-153
-182
-207
-230
-253
-273
-294
-319
-349
-379
-405
-424
-439
-454
-466
-469
-463
-463
-479
-502
-515
-517
-523
-545
-571
-588
-602
-623
-643
-652
-650
-641
-622
-587
-549
-529
-527
-520
-499
-479
-472
-467
-452
-441
-453
-485
-520
-560
-614
-678
-734
-772
-804
-835
-857
-859
-847
-833
-821
-798
-761
-710
-637
-516
-322
-53
269
616
960
1277
1529
1696
1775
1782
1730
1635
1527
1430
1342
1234
1093
945
814
696
577
461
367
297
233
162
88
6
-87
-174
-219
-208
-164
-112
-56
14
78
105
81
16
-78
-193
-319
-445
-565
-684
-789
-862
-886
-865
-808
-714
-580
-412
-226
-45
115
250
364
463
544
611
674
745
821
891
949
996
1023
1016
972
904
822
730
634
551
491
445
405
381
388
415
445
473
513
566
608
618
591
531
435
309
168
31
-99
-223
-333
-413
-465
-508
-556
-605
-641
-661
-672
-675
-664
-634
-584
-515
-427
-326
-219
-113
-9
92
186
262
313
343
356
349
312
248
177
115
68
35
26
51
107
175
241
298
339
357
350
331
310
281
242
201
173
156
133
96
53
14
-26
-78
-138
-202
-268
-338
-406
-460
-496
-520
-532
-519
-475
-415
-357
-305
-251
-198
-161
-145
-140
-134
-133
-144
-159
-166
-163
-156
-143
-114
-68
-22
17
54
90
113
120
125
148
185
223
264
317
379
432
467
490
504
506
493
471
444
403
347
287
234
190
149
120
111
119
133
146
155
153
132
97
63
33
3
-26
-45
-52
-59
-74
-94
-115
-142
-178
-214
-244
-275
-318
-366
-406
-437
-467
-494
-500
-481
-450
-425
-403
-382
-369
-379
-408
-439
-469
-505
-547
-580
-597
-611
-633
-650
-647
-631
-620
-611
-590
-556
-532
-528
-526
-513
-503
-509
-517
-504
-478
-464
-467
-469
-473
-506
-575
-653
-723
-795
-877
-943
-962
-945
-922
-892
-834
-745
-647
-538
-382
-159
108
400
717
1050
1349
1566
1694
1752
1748
1679
1568
1459
1370
1280
1174
1062
948
820
670
519
392
291
206
133
76
26
-36
-106
-161
-182
-174
-143
-91
-22
47
91
97
60
-16
-122
-242
-362
-476
-584
-680
-751
-788
-789
-760
-700
-609
-486
-337
-177
-23
115
234
338
433
518
593
658
721
786
849
899
930
938
926
895
846
784
708
622
534
459
401
356
327
323
345
385
427
464
497
514
504
468
412
338
244
138
34
-64
-162
-258
-337
-391
-429
-465
-499
-525
-543
-562
-579
-584
-574
-548
-504
-434
-344
-247
-158
-76
2
75
136
184
220
246
259
258
241
210
166
120
81
61
69
102
145
186
222
252
267
259
232
201
175
155
144
143
143
123
81
36
0
-37
-87
-140
-182
-214
-251
-295
-340
-383
-424
-447
-434
-391
-344
-307
-271
-224
-180
-157
-150
-142
-126
-109
-89
-66
-47
-41
-39
-24
7
39
63
85
116
149
172
181
185
190
198
213
238
269
297
320
346
374
392
392
376
354
330
300
262
224
192
166
143
123
107
90
70
55
48
42
26
0
-22
-39
-61
-92
-121
-138
-146
-154
-156
-153
-154
-166
-182
-189
-194
-215
-247
-275
-293
-313
-340
-363
-376
-388
-402
-405
-392
-382
-390
-406
-412
-414
-430
-465
-502
-534
-565
-593
-603
-596
-589
-589
-585
-571
-562
-575
-601
-620
-628
-633
-639
-641
-647
-665
-692
-715
-733
-757
-789
-815
-823
-815
-800
-786
-771
-754
-735
-712
-679
-630
-553
-428
-236
26
340
677
1005
1296
1524
1670
1725
1699
1619
1517
1415
1324
1240
1158
1067
961
844
722
603
490
387
300
226
154
75
-12
-98
-171
-218
-227
-197
-138
-62
16
79
110
97
39
-58
-180
-310
-435
-546
-637
-703
-738
-740
-712
-656
-570
-456
-322
-175
-16
142
282
395
486
564
633
693
753
821
891
953
1001
1027
1021
974
895
806
720
634
551
486
443
417
399
392
399
412
424
443
471
497
501
478
434
367
272
155
33
-83
-189
-279
-345
-390
-429
-475
-519
-554
-584
-614
-636
-635
-607
-558
-493
-417
-336
-258
-179
-93
-3
80
150
207
255
287
290
263
216
165
123
100
98
112
136
163
191
217
230
222
195
165
147
143
144
143
138
131
119
100
72
39
3
-31
-60
-87
-125
-181
-244
-301
-348
-388
-419
-431
-417
-383
-340
-296
-256
-223
-193
-160
-129
-110
-103
-100
-93
-82
-71
-59
-44
-20
15
62
115
159
188
209
231
250
261
264
270
282
300
325
358
387
403
404
398
382
351
305
263
231
201
165
129
103
83
62
42
34
38
44
46
45
38
15
-21
-58
-84
-100
-110
-113
-101
-82
-72
-79
-96
-116
-138
-168
-201
-226
-244
-262
-286
-309
-327
-340
-351
-356
-348
-338
-341
-357
-372
-380
-396
-431
-469
-496
-511
-529
-549
-564
-575
-590
-603
-598
-578
-567
-570
-569
-550
-530
-530
-544
-547
-533
-517
-511
-508
-510
-524
-552
-582
-610
-648
-703
-754
-779
-781
-780
-779
-760
-715
-661
-616
-576
-528
-459
-356
-202
16
288
586
884
1166
1408
1570
1628
1595
1513
1413
1308
1207
1118
1039
957
860
753
639
517
390
277
198
147
97
35
-33
-96
-154
-202
-224
-204
-149
-79
-5
66
117
128
89
11
-89
-201
-311
-405
-476
-529
-570
-589
-575
-528
-458
-369
-261
-136
-1
132
253
354
433
495
552
611
675
744
811
868
909
934
937
908
846
763
674
587
503
429
369
324
293
277
283
305
330
350
367
381
386
370
335
287
225
146
59
-22
-92
-158
-220
-272
-311
-346
-391
-445
-494
-530
-555
-569
-567
-541
-493
-429
-354
-272
-189
-113
-40
38
118
183
219
232
233
223
193
148
105
75
56
45
48
63
72
63
45
33
27
16
2
-2
10
27
40
56
74
84
73
53
38
26
2
-36
-78
-123
-175
-231
-276
-301
-316
-331
-338
-324
-292
-261
-240
-226
-210
-192
-176
-158
-133
-102
-65
-18
43
110
165
201
221
232
229
204
166
133
112
100
95
105
138
185
237
291
349
401
437
454
457
445
410
355
298
254
219
183
145
110
80
52
27
6
-15
-42
-73
-100
-122
-147
-180
-209
-220
-210
-184
-150
-114
-78
-47
-28
-30
-53
-92
-139
-186
-232
-273
-305
-325
-335
-337
-329
-316
-304
-298
-298
-306
-330
-370
-413
-444
-466
-485
-497
-494
-478
-463
-459
-463
-474
-495
-528
-562
-591
-622
-663
-706
-732
-740
-742
-746
-740
-710
-664
-619
-585
-566
-564
-581
-605
-626
-645
-676
-716
-741
-734
-710
-692
-682
-662
-625
-583
-543
-490
-409
-293
-133
85
359
656
938
1184
1394
1548
1618
1602
1530
1434
1329
1220
1118
1027
932
822
707
605
511
408
300
211
149
93
25
-52
-117
-161
-184
-175
-128
-56
23
98
165
211
209
151
55
-56
-171
-287
-391
-470
-523
-552
-554
-521
-453
-364
-261
-143
-14
114
226
319
399
469
534
597
664
736
808
875
933
973
983
960
907
832
737
627
515
413
333
276
242
231
241
266
297
331
359
376
377
364
338
296
238
168
92
13
-67
-139
-193
-232
-270
-314
-361
-409
-461
-514
-558
-584
-592
-583
-553
-498
-423
-343
-263
-180
-93
-10
64
127
176
200
195
172
146
113
71
28
2
0
11
22
29
35
36
27
13
0
-13
-29
-44
-47
-36
-18
-1
18
41
60
67
61
47
20
-27
-90
-152
-203
-243
-276
-296
-297
-282
-263
-242
-214
-179
-146
-118
-92
-63
-38
-24
-17
-3
20
50
84
123
160
187
202
210
216
212
196
178
172
178
187
195
205
226
254
283
312
341
363
373
368
349
316
270
215
164
123
90
64
46
38
39
39
36
30
19
0
-26
-56
-81
-101
-117
-127
-127
-120
-114
-114
-120
-126
-134
-148
-170
-198
-229
-263
-297
-329
-356
-378
-393
-398
-391
-375
-355
-336
-323
-316
-321
-335
-353
-371
-388
-409
-430
-447
-459
-468
-482
-498
-512
-522
-529
-539
-551
-565
-580
-596
-612
-623
-629
-626
-612
-590
-565
-545
-533
-529
-531
-542
-563
-591
-616
-631
-640
-644
-644
-638
-625
-603
-570
-527
-479
-422
-344
-223
-49
169
415
667
905
1111
1267
1357
1373
1324
1228
1118
1019
937
865
790
710
626
534
432
325
222
132
61
11
-19
-37
-50
-61
-62
-42
3
68
149
236
316
374
398
382
325
227
101
-33
-157
-261
-339
-384
-392
-370
-327
-266
-186
-88
21
133
242
342
430
506
573
632
680
717
752
789
827
853
857
835
785
709
612
507
399
296
205
141
110
108
123
147
181
222
265
302
329
338
328
299
257
203
137
61
-16
-86
-146
-201
-253
-300
-340
-377
-416
-453
-480
-494
-493
-475
-440
-392
-336
-273
-200
-117
-33
43
106
157
193
211
210
190
153
103
50
5
-31
-61
-87
-104
-109
-105
-99
-94
-88
-78
-67
-56
-47
-41
-36
-31
-23
-13
-4
7
19
26
25
14
-5
-31
-62
-101
-145
-189
-226
-252
-262
-259
-243
-212
-169
-121
-75
-35
1
30
48
58
67
80
100
124
149
169
183
194
203
210
212
209
208
208
208
202
193
182
172
167
169
182
200
218
233
244
250
247
234
212
186
160
137
117
98
77
56
38
23
8
-7
-23
-37
-49
-62
-75
-89
-99
-99
-92
-85
-84
-87
-89
-94
-109
-133
-159
-181
-201
-220
-239
-257
-277
-299
-320
-341
-364
-387
-405
-413
-414
-412
-413
-419
-432
-448
-464
-477
-489
-501
-514
-524
-526
-525
-525
-532
-543
-548
-543
-530
-521
-523
-535
-547
-557
-567
-578
-587
-589
-582
-568
-555
-547
-553
-571
-597
-622
-640
-650
-656
-660
-659
-646
-619
-583
-541
-496
-443
-377
-291
-180
-47
108
287
497
722
934
1106
1230
1308
1335
1310
1240
1149
1051
954
865
787
708
612
500
389
293
208
132
75
43
27
15
8
10
15
17
30
71
137
203
255
296
324
324
282
207
119
27
-65
-147
-204
-237
-255
-256
-231
-178
-109
-35
50
153
262
361
444
521
591
645
681
709
738
760
766
759
746
722
674
599
512
428
348
270
200
146
112
96
96
107
126
148
173
204
234
252
250
233
206
172
127
69
3
-64
-129
-191
-252
-309
-356
-393
-424
-451
-469
-471
-456
-435
-411
-377
-328
-271
-212
-151
-85
-18
37
78
108
127
128
114
90
58
19
-20
-46
-54
-56
-66
-80
-86
-85
-85
-91
-95
-90
-78
-63
-45
-24
-5
10
21
31
38
40
39
38
31
16
-7
-29
-49
-73
-106
-140
-162
-166
-156
-138
-116
-91
-66
-40
-9
23
48
64
81
106
135
157
169
178
187
196
202
207
213
219
219
216
209
196
180
168
171
184
192
189
186
195
210
216
207
189
172
161
153
142
123
96
67
49
42
34
18
-4
-20
-28
-35
-47
-61
-78
-96
-110
-116
-112
-105
-99
-92
-83
-78
-85
-102
-122
-149
-186
-225
-256
-277
-297
-318
-332
-340
-353
-375
-396
-402
-403
-413
-430
-441
-446
-455
-471
-490
-510
-533
-555
-562
-554
-548
-559
-577
-589
-596
-611
-636
-656
-663
-659
-648
-632
-614
-599
-589
-579
-566
-555
-547
-539
-529
-521
-520
-527
-538
-551
-565
-576
-581
-578
-570
-551
-518
-474
-424
-374
-315
-243
-150
-29
128
320
526
724
905
1064
1187
1252
1256
1216
1155
1084
1007
933
866
797
715
625
541
464
384
302
234
189
154
116
83
66
65
72
93
137
200
265
325
378
416
424
395
340
270
188
94
2
-71
-123
-154
-162
-149
-116
-69
-11
56
126
192
258
325
390
448
503
555
602
644
682
717
740
742
721
682
626
550
460
367
278
196
130
89
70
62
64
84
122
164
199
227
248
257
246
219
185
146
100
53
12
-28
-75
-128
-179
-229
-285
-344
-397
-434
-456
-470
-473
-458
-426
-387
-346
-298
-238
-173
-115
-68
-29
3
25
29
20
2
-23
-56
-89
-110
-121
-129
-135
-132
-119
-107
-105
-105
-99
-91
-88
-84
-69
-42
-16
6
30
57
79
87
86
82
73
56
36
15
-5
-28
-49
-66
-77
-83
-79
-65
-46
-27
-9
8
25
37
45
51
57
64
75
89
102
115
130
146
159
164
164
159
152
141
131
124
125
139
167
202
234
255
268
275
269
252
229
208
184
153
125
109
95
73
48
33
31
31
26
21
19
13
-1
-16
-32
-55
-83
-104
-108
-105
-110
-119
-122
-120
-124
-141
-168
-201
-238
-276
-310
-341
-371
-393
-401
-394
-383
-370
-357
-344
-338
-341
-351
-365
-382
-399
-410
-418
-431
-450
-468
-478
-487
-502
-521
-536
-545
-557
-573
-592
-611
-630
-643
-644
-631
-611
-588
-559
-525
-492
-468
-452
-439
-429
-430
-442
-458
-475
-494
-520
-549
-569
-575
-571
-563
-549
-528
-497
-457
-404
-341
-267
-172
-41
130
323
511
679
824
936
1003
1022
1005
963
906
846
795
753
705
638
558
479
402
325
256
204
169
144
131
132
139
140
143
167
217
277
334
389
449
500
525
520
487
430
356
279
211
153
100
61
48
58
76
96
127
175
230
285
340
397
450
493
530
570
608
637
655
670
683
682
656
607
540
464
385
310
243
178
115
63
37
32
35
38
49
75
113
146
166
172
168
157
139
119
96
71
44
15
-15
-52
-96
-146
-197
-246
-293
-336
-369
-389
-397
-393
-376
-346
-303
-251
-195
-138
-86
-43
-12
9
22
25
18
-1
-25
-47
-63
-79
-98
-118
-132
-136
-138
-142
-152
-164
-174
-177
-174
-164
-149
-125
-91
-49
-7
27
52
67
72
64
45
18
-8
-29
-46
-63
-78
-88
-89
-86
-81
-74
-64
-50
-32
-12
8
19
20
20
31
57
88
115
138
160
178
188
186
173
155
137
128
129
132
127
116
107
109
115
125
144
175
211
234
236
224
207
189
167
141
116
97
87
84
83
73
50
22
1
-9
-15
-28
-48
-66
-78
-85
-87
-85
-79
-76
-74
-70
-64
-67
-82
-107
-134
-166
-205
-247
-286
-321
-353
-382
-403
-416
-423
-422
-411
-396
-386
-384
-382
-376
-374
-381
-394
-405
-414
-420
-427
-435
-447
-465
-486
-509
-532
-557
-581
-599
-611
-619
-623
-627
-632
-632
-619
-594
-570
-553
-538
-515
-488
-464
-447
-438
-440
-448
-449
-440
-442
-474
-526
-561
-566
-556
-550
-543
-518
-474
-415
-346
-274
-204
-129
-24
125
297
455
588
706
813
893
934
940
926
901
868
831
790
740
677
605
532
461
396
344
311
292
275
253
234
228
235
247
261
283
315
354
396
435
462
468
454
429
399
360
307
250
201
160
124
97
91
102
118
138
174
226
277
319
360
411
461
493
516
545
576
591
591
588
582
560
517
470
424
370
304
243
200
162
116
73
52
52
54
57
73
102
129
144
153
160
156
139
119
106
96
76
49
19
-16
-60
-109
-154
-193
-233
-275
-306
-321
-326
-335
-346
-346
-327
-294
-258
-223
-186
-146
-111
-88
-75
-69
-72
-85
-101
-115
-128
-141
-150
-150
-148
-157
-173
-183
-181
-177
-181
-186
-179
-156
-127
-98
-69
-43
-24
-8
13
38
60
70
69
66
65
64
56
34
5
-20
-34
-39
-43
-44
-44
-43
-43
-40
-31
-19
-4
19
53
93
124
143
156
169
174
168
162
165
171
168
157
148
143
134
115
96
91
98
107
109
107
104
103
105
110
114
109
97
87
89
96
92
73
51
39
34
26
8
-14
-36
-58
-76
-91
-108
-132
-158
-175
-177
-176
-179
-182
-175
-158
-145
-148
-167
-191
-209
-215
-214
-219
-233
-251
-263
-273
-295
-332
-374
-409
-429
-437
-439
-444
-456
-473
-485
-489
-490
-491
-489
-479
-466
-457
-457
-466
-488
-515
-535
-537
-534
-543
-564
-579
-574
-560
-561
-576
-592
-594
-581
-560
-539
-528
-526
-518
-487
-443
-413
-408
-403
-381
-357
-353
-368
-380
-379
-375
-368
-347
-312
-282
-259
-221
-150
-59
36
136
253
377
483
564
628
677
697
693
694
717
739
733
699
663
630
584
521
461
419
385
348
316
299
289
269
248
247
269
294
313
343
387
427
446
449
453
452
431
398
373
354
324
282
253
245
243
231
222
233
255
272
287
315
349
374
392
422
461
489
495
499
514
522
506
475
449
424
386
339
300
266
220
164
121
103
90
67
47
53
76
89
89
88
93
93
87
85
93
96
86
71
63
51
20
-23
-60
-84
-107
-137
-167
-189
-208
-231
-254
-265
-264
-257
-249
-235
-212
-185
-162
-145
-130
-118
-113
-118
-129
-140
-148
-156
-162
-163
-162
-163
-166
-169
-169
-170
-170
-166
-154
-138
-124
-112
-98
-79
-58
-37
-18
1
21
44
64
74
72
64
54
45
38
34
28
17
5
3
10
17
19
18
22
30
41
55
64
65
64
74
98
121
130
129
130
132
128
118
109
99
85
76
78
85
80
63
50
55
67
76
85
96
103
103
101
105
106
92
68
50
39
28
10
-8
-20
-28
-38
-47
-54
-60
-66
-69
-70
-72
-78
-87
-96
-102
-109
-119
-132
-146
-162
-180
-198
-214
-229
-244
-262
-283
-304
-324
-343
-358
-371
-387
-403
-410
-406
-396
-392
-396
-398
-397
-398
-402
-407
-415
-432
-453
-463
-460
-459
-472
-489
-492
-486
-485
-492
-495
-489
-481
-475
-467
-459
-456
-457
-448
-426
-405
-398
-402
-402
-398
-402
-416
-430
-436
-435
-433
-432
-430
-428
-424
-412
-389
-356
-323
-292
-258
-210
-137
-39
77
196
307
403
482
542
583
603
604
597
597
607
615
602
569
526
489
459
436
417
403
389
376
367
360
349
333
326
337
362
390
416
441
464
482
492
493
481
453
414
379
354
332
306
282
270
271
274
276
281
294
314
339
371
404
428
443
455
469
482
483
481
485
495
494
472
437
400
363
323
281
243
208
173
146
135
135
131
119
115
125
136
138
132
129
131
131
129
127
121
105
86
75
74
66
47
27
14
-1
-27
-60
-92
-116
-136
-149
-153
-150
-147
-145
-140
-134
-135
-141
-143
-137
-132
-139
-154
-172
-186
-195
-196
-187
-176
-172
-172
-168
-160
-157
-161
-165
-162
-152
-140
-128
-118
-110
-103
-91
-71
-52
-39
-28
-10
10
23
22
13
5
-2
-6
-7
-4
2
10
17
20
20
20
27
34
37
37
42
54
68
78
81
77
70
69
78
89
92
88
89
95
93
78
61
55
56
59
64
74
84
86
85
89
98
102
103
110
121
128
123
111
98
85
67
48
28
7
-15
-34
-45
-53
-66
-84
-95
-91
-79
-71
-72
-77
-77
-71
-67
-68
-78
-92
-107
-120
-132
-152
-181
-212
-240
-266
-295
-325
-350
-368
-382
-392
-397
-401
-403
-400
-389
-374
-361
-350
-336
-322
-318
-328
-347
-372
-398
-419
-428
-433
-443
-457
-465
-463
-463
-473
-489
-500
-504
-501
-491
-481
-477
-475
-460
-433
-408
-396
-386
-373
-360
-352
-348
-346
-350
-357
-357
-346
-339
-347
-359
-359
-348
-330
-303
-266
-230
-202
-173
-132
-85
-40
8
77
164
247
311
357
389
406
418
437
461
475
473
465
457
444
423
398
380
372
368
364
357
349
336
322
312
313
326
341
350
357
374
396
406
405
410
424
431
421
408
396
372
337
316
324
338
328
309
312
331
336
333
350
385
405
407
417
440
449
432
420
432
447
436
412
399
390
365
332
313
300
272
235
211
203
192
169
146
136
132
124
120
124
131
132
127
121
114
108
106
105
101
96
91
84
70
51
29
6
-18
-36
-44
-46
-53
-66
-79
-88
-99
-110
-113
-107
-102
-104
-109
-112
-117
-126
-137
-142
-139
-135
-136
-141
-145
-147
-148
-149
-148
-145
-142
-137
-133
-130
-132
-135
-131
-112
-85
-64
-54
-50
-45
-41
-37
-30
-20
-13
-10
-3
9
20
22
17
13
11
9
5
4
3
-1
-5
-7
-9
-13
-16
-11
4
25
44
57
67
74
81
79
70
59
55
58
63
69
74
75
71
66
65
66
60
52
48
50
50
46
42
42
42
40
40
44
49
50
50
49
40
23
3
-13
-28
-47
-70
-93
-113
-131
-143
-156
-175
-199
-222
-240
-253
-264
-272
-275
-274
-273
-273
-269
-262
-253
-241
-229
-222
-221
-222
-225
-232
-244
-256
-267
-277
-286
-294
-304
-320
-338
-354
-366
-378
-392
-403
-409
-414
-423
-434
-444
-452
-457
-452
-436
-421
-419
-428
-435
-431
-419
-414
-422
-434
-441
-443
-444
-441
-436
-429
-418
-398
-369
-346
-338
-335
-315
-276
-241
-222
-211
-197
-183
-175
-162
-141
-122
-117
-114
-99
-76
-60
-44
-11
38
88
127
160
185
192
188
194
217
245
266
284
301
313
315
311
307
304
299
298
302
302
294
280
267
255
248
252
262
273
285
304
327
346
357
365
367
362
355
357
365
363
352
345
347
345
334
327
329
328
325
329
341
345
336
330
339
354
362
368
380
389
384
372
368
367
358
347
340
329
303
269
243
224
205
186
176
177
179
174
164
149
125
102
94
100
107
107
107
106
101
94
88
85
82
79
77
76
68
51
27
4
-12
-22
-27
-27
-28
-30
-31
-31
-32
-36
-44
-54
-62
-66
-70
-77
-85
-85
-77
-68
-66
-68
-72
-75
-78
-82
-81
-76
-69
-65
-66
-70
-75
-77
-70
-56
-42
-31
-25
-16
-6
-1
-8
-18
-21
-14
-8
-5
-4
-2
-5
-10
-10
-4
-1
-5
-7
-3
3
5
5
5
3
-3
-5
2
12
16
17
20
26
28
25
22
20
15
10
10
13
11
6
5
10
14
15
20
30
35
33
29
28
27
21
10
0
-7
-16
-25
-34
-44
-57
-71
-79
-82
-86
-97
-109
-115
-116
-116
-118
-122
-125
-128
-130
-131
-132
-136
-143
-152
-159
-167
-180
-198
-217
-235
-250
-262
-272
-282
-291
-299
-306
-310
-312
-312
-312
-311
-309
-306
-308
-313
-319
-322
-320
-312
-303
-295
-291
-289
-288
-290
-297
-309
-321
-330
-335
-342
-349
-355
-358
-356
-350
-340
-329
-319
-311
-303
-296
-292
-289
-284
-273
-262
-258
-257
-253
-246
-238
-230
-218
-204
-195
-190
-184
-177
-173
-177
-184
-190
-189
-181
-163
-139
-112
-82
-41
13
66
108
135
154
171
194
223
245
251
247
247
254
254
246
237
231
228
229
237
244
237
219
205
204
205
201
207
231
264
292
315
333
340
335
331
337
340
331
314
305
302
296
283
270
262
260
265
276
287
290
292
301
314
326
332
335
342
356
377
396
403
397
387
378
365
342
310
278
247
222
203
188
170
147
132
132
138
140
138
139
145
150
150
145
139
134
133
137
143
144
141
138
137
138
134
121
102
83
68
54
40
31
31
38
44
44
41
38
31
23
22
28
30
17
-2
-16
-29
-47
-66
-74
-72
-69
-70
-71
-70
-75
-88
-98
-99
-96
-98
-96
-83
-64
-52
-45
-37
-25
-16
-14
-11
-6
-4
-6
-10
-14
-21
-27
-27
-21
-17
-16
-14
-7
-1
1
-4
-12
-23
-31
-33
-30
-29
-31
-30
-24
-21
-25
-34
-40
-41
-40
-40
-41
-42
-45
-47
-47
-41
-30
-18
-3
14
29
36
34
29
27
27
25
19
13
8
3
-3
-9
-13
-18
-24
-30
-34
-39
-47
-57
-65
-69
-71
-76
-82
-86
-84
-79
-76
-78
-82
-92
-106
-123
-139
-152
-165
-179
-189
-193
-197
-202
-206
-205
-201
-201
-207
-210
-207
-202
-201
-203
-205
-207
-210
-212
-208
-203
-199
-197
-192
-188
-191
-205
-222
-235
-243
-251
-258
-258
-252
-245
-238
-228
-216
-208
-205
-204
-203
-208
-219
-231
-239
-244
-247
-250
-251
-252
-255
-256
-251
-243
-235
-229
-223
-215
-208
-204
-204
-204
-201
-189
-172
-154
-139
-132
-129
-129
-127
-121
-116
-113
-110
-106
-103
-99
-90
-77
-63
-52
-37
-15
6
24
39
56
74
88
101
113
119
119
123
137
154
162
168
176
183
181
172
165
163
163
167
179
193
197
194
199
211
219
218
217
222
226
226
222
218
209
200
198
209
223
226
217
210
211
219
228
237
247
259
271
283
291
293
288
281
280
285
289
283
269
257
247
235
219
206
198
192
185
182
183
182
176
166
158
155
154
155
159
164
166
160
151
143
136
132
130
132
134
131
123
111
100
89
78
71
71
75
81
84
85
85
86
91
96
98
97
94
89
80
68
55
42
29
17
9
2
-6
-17
-25
-28
-27
-29
-33
-34
-31
-28
-27
-27
-25
-23
-20
-14
-2
8
12
11
13
19
20
12
0
-9
-15
-20
-25
-26
-25
-26
-28
-27
-24
-24
-29
-33
-31
-29
-31
-35
-36
-35
-35
-37
-38
-37
-35
-33
-29
-27
-27
-32
-38
-41
-43
-45
-46
-47
-46
-45
-43
-42
-42
-41
-41
-41
-43
-44
-43
-40
-38
-36
-36
-36
-36
-38
-39
-39
-38
-36
-39
-46
-56
-67
-83
-100
-115
-126
-135
-144
-150
-154
-159
-168
-175
-174
-172
-175
-179
-176
-167
-157
-148
-140
-133
-129
-128
-125
-122
-120
-122
-125
-124
-121
-121
-125
-133
-140
-144
-145
-144
-144
-144
-145
-146
-145
-142
-144
-152
-159
-160
-156
-152
-152
-154
-157
-160
-164
-169
-177
-187
-193
-195
-197
-204
-210
-210
-202
-191
-178
-164
-154
-148
-142
-132
-122
-115
-111
-102
-89
-79
-76
-78
-80
-81
-81
-76
-67
-64
-70
-81
-89
-92
-93
-96
-97
-92
-82
-69
-55
-36
-13
9
23
32
40
50
60
71
83
90
88
83
81
80
76
69
67
74
83
84
78
68
60
58
63
73
81
88
98
112
125
136
146
153
161
170
180
185
179
168
163
165
166
163
158
155
154
157
165
174
177
175
177
186
197
199
193
188
188
191
193
192
189
184
182
185
190
190
182
169
155
147
143
139
135
132
133
135
135
132
128
125
125
130
137
140
135
125
117
117
116
112
107
103
101
98
97
98
98
96
96
100
101
95
85
79
77
74
70
67
65
59
49
42
38
33
26
20
19
19
16
13
13
16
17
20
25
31
36
38
39
41
43
45
44
40
34
27
20
16
12
9
5
-1
-5
-5
-7
-14
-23
-28
-29
-30
-30
-27
-21
-19
-19
-17
-12
-10
-13
-17
-17
-18
-22
-27
-29
-30
-33
-37
-37
-36
-37
-39
-39
-34
-31
-30
-31
-32
-31
-31
-33
-35
-35
-34
-33
-34
-34
-35
-38
-40
-42
-45
-49
-56
-63
-67
-70
-75
-81
-88
-95
-101
-103
-103
-101
-101
-103
-105
-103
-100
-98
-96
-95
-91
-87
-84
-82
-83
-83
-83
-82
-82
-81
-81
-81
-82
-84
-87
-92
-96
-98
-98
-100
-102
-103
-105
-108
-111
-113
-114
-117
-119
-121
-123
-126
-127
-126
-125
-125
-127
-128
-129
-132
-136
-140
-142
-142
-139
-137
-133
-128
-122
-116
-108
-99
-90
-83
-77
-70
-59
-48
-38
-32
-28
-28
-30
-31
-30
-33
-41
-48
-49
-49
-52
-60
-66
-70
-73
-76
-78
-78
-78
-75
-67
-58
-53
-53
-50
-41
-28
-16
-9
-5
-2
3
12
25
34
34
29
28
33
39
42
43
44
49
55
62
66
66
64
66
77
91
101
103
106
112
119
120
115
109
102
94
86
80
75
68
62
60
60
60
58
58
61
66
71
78
87
96
105
114
124
131
134
134
136
139
142
143
143
140
133
125
118
113
108
104
101
100
99
97
94
92
89
85
82
79
79
78
76
73
70
66
59
55
55
57
57
54
50
48
48
50
55
60
64
67
72
78
85
90
93
95
96
95
93
90
85
79
73
69
66
64
62
59
55
52
48
45
41
36
32
28
26
24
21
17
13
10
6
6
7
7
4
1
2
6
8
6
5
4
4
5
10
15
17
18
20
26
29
26
21
18
15
11
9
8
4
-2
-5
-5
-3
-5
-9
-12
-14
-17
-17
-15
-12
-13
-18
-23
-24
-24
-24
-25
-26
-27
-29
-30
-32
-36
-39
-42
-45
-48
-49
-51
-53
-56
-56
-55
-54
-54
-54
-52
-50
-48
-47
-47
-48
-50
-50
-48
-48
-50
-53
-54
-53
-53
-54
-57
-61
-68
-75
-78
-79
-83
-88
-91
-90
-89
-90
-90
-88
-87
-89
-89
-85
-82
-82
-82
-81
-79
-78
-80
-81
-83
-85
-88
-88
-88
-90
-92
-93
-92
-92
-94
-94
-91
-87
-83
-79
-74
-70
-68
-65
-63
-62
-60
-56
-53
-54
-57
-60
-61
-63
-65
-66
-65
-63
-63
-64
-66
-70
-71
-69
-66
-63
-60
-56
-52
-48
-46
-44
-41
-40
-40
-37
-32
-30
-30
-30
-30
-31
-34
-34
-31
-27
-23
-21
-19
-18
-17
-15
-11
-8
-7
-5
-2
2
5
8
9
12
16
20
23
24
23
21
18
17
17
16
13
8
6
9
13
16
20
25
30
33
34
36
39
42
42
43
45
46
47
45
44
42
41
39
38
39
40
42
42
41
42
42
42
43
45
49
51
53
55
56
57
58
59
59
60
61
59
54
49
46
45
45
45
44
45
46
47
48
48
48
47
47
50
54
56
57
59
61
62
60
56
53
52
50
49
47
45
44
42
41
41
41
42
44
46
48
49
48
47
46
46
45
43
42
41
41
40
41
43
45
45
43
41
39
37
35
34
33
32
31
30
29
27
25
23
23
23
23
22
20
18
16
13
12
11
12
14
16
15
15
14
14
13
10
10
12
12
12
13
15
14
12
11
13
13
12
10
11
10
8
5
2
1
-2
-5
-6
-6
-8
-12
-14
-16
-17
-19
-21
-22
-22
-23
-23
-23
-22
-22
-22
-22
-20
-19
-21
-24
-27
-27
-27
-28
-27
-26
-23
-23
-23
-25
-26
-27
-27
-27
-27
-26
-26
-26
-27
-27
-28
-28
-29
-30
-31
-31
-34
-37
-39
-40
-42
-46
-50
-53
-54
-55
-56
-56
-55
-52
-50
-47
-45
-44
-45
-45
-44
-41
-40
-38
-36
-34
-34
-34
-34
-34
-34
-35
-36
-37
-38
-40
-41
-42
-41
-40
-38
-36
-34
-32
-31
-30
-29
-28
-28
-28
-27
-27
-28
-29
-29
-27
-26
-26
-27
-27
-27
-27
-27
-27
-26
-25
-24
-22
-20
-17
-15
-13
-11
-11
-11
-12
-12
-12
-11
-12
-13
-14
-15
-16
-16
-17
-16
-14
-13
-12
-10
-9
-7
-6
-4
-2
0
0
2
4
7
8
8
9
10
11
10
9
9
9
9
10
11
10
9
9
10
13
14
14
16
18
20
21
22
22
23
23
23
23
22
19
17
14
13
13
13
12
11
12
13
13
10
8
9
11
13
15
17
20
20
20
20
21
21
21
21
22
23
23
22
20
18
16
16
16
18
20
23
25
27
27
25
23
19
16
16
19
20
20
21
23
23
22
20
19
17
15
13
12
13
12
12
12
13
13
12
11
11
13
13
13
14
15
17
19
20
19
19
20
22
22
22
21
20
21
21
20
18
15
12
10
8
7
6
6
5
4
3
3
3
2
0
-2
-2
-1
0
1
2
3
4
4
5
6
7
7
6
5
5
3
2
2
2
1
1
1
1
1
0
-1
-2
-2
-2
-4
-5
-5
-5
-6
-6
-5
-5
-4
-3
-2
-2
-3
-3
-4
-5
-6
-8
-9
-9
-9
-9
-7
-6
-6
-5
-5
-5
-5
-7
-8
-7
-5
-4
-3
-2
-3
-4
-4
-4
-3
-3
-4
-4
-3
-2
-4
-5
-5
-5
-5
-6
-5
-5
-5
-8
-10
-10
-11
-13
-15
-14
-12
-12
-14
-15
-16
-18
-19
-19
-18
-17
-16
-15
-13
-13
-13
-13
-11
-10
-9
-8
-6
-5
-5
-5
-6
-7
-7
-6
-5
-5
-7
-8
-8
-8
-9
-9
-10
-12
-15
-16
-15
-14
-15
-15
-16
-16
-17
-18
-18
-17
-15
-13
-12
-12
-13
-13
-14
-15
-14
-13
-13
-13
-13
-12
-11
-11
-11
-11
-10
-9
-7
-4
-2
-2
-4
-3
-2
-2
-2
-2
-1
0
0
0
2
2
2
1
1
1
0
0
0
1
1
2
3
3
2
3
5
5
5
5
4
3
1
-1
-2
-2
-3
-3
-2
1
2
2
2
3
3
3
3
4
4
3
3
4
6
6
6
6
6
5
5
4
5
5
5
3
2
1
1
1
2
2
4
5
6
7
7
8
8
7
5
4
4
5
5
4
5
5
4
3
3
4
5
5
4
5
5
5
4
5
6
9
10
12
13
13
13
11
9
9
9
8
7
6
5
4
5
6
8
8
8
8
7
7
6
6
7
7
8
8
8
7
7
7
8
9
10
10
9
9
9
9
8
8
8
8
9
9
9
9
9
9
8
8
8
7
7
7
8
7
5
4
3
3
3
3
2
1
0
0
1
1
1
1
2
3
3
3
3
2
0
-1
0
0
-1
0
1
3
4
3
3
3
3
2
2
2
3
3
3
4
4
3
2
2
3
3
2
1
0
0
-1
-2
-3
-3
-3
-4
-5
-4
-4
-3
-4
-4
-3
-3
-3
-2
-2
-2
-2
-2
-2
-2
-2
-2
-2
-1
-1
-1
-2
-3
-4
-4
-5
-5
-6
-6
-6
-6
-6
-7
-8
-7
-7
-6
-6
-6
-5
-5
-4
-5
-5
-5
-5
-5
-5
-5
-6
-6
-5
-4
-2
-2
-3
-3
-3
-3
-4
-4
-4
-5
-4
-3
-2
-2
-3
-2
-2
-2
-3
-4
-3
-2
-2
-2
-3
-3
-3
-2
-2
-2
-2
-2
-2
-2
-3
-4
-4
-5
-5
-5
-4
-3
-3
-2
-2
-1
-1
-1
-1
-2
-2
0
1
0
0
0
0
-1
-1
-1
-1
-1
-1
-2
-2
-2
-2
-3
-4
-4
-5
-5
-5
-4
-2
-1
-1
-1
-1
-1
-1
0
1
2
3
3
3
2
2
1
1
2
2
1
0
0
0
-1
-1
-1
-1
-1
-1
-1
-1
0
1
2
2
2
2
2
3
3
3
3
3
4
4
4
3
2
2
2
1
0
1
2
3
2
2
2
2
2
1
2
3
4
5
5
5
5
4
3
3
3
3
2
1
1
1
1
0
0
0
1
1
1
1
1
0
1
2
2
2
1
2
3
3
3
3
3
2
2
2
3
4
4
4
4
3
2
3
3
4
4
4
4
4
4
3
2
2
2
3
3
2
1
0
0
0
1
0
0
0
0
0
0
-1
-2
-1
-1
-1
0
1
1
0
-1
-1
0
0
-1
-2
-1
-1
-1
-1
-1
-1
-1
-2
-2
-2
-2
-2
-3
-3
-2
-2
-2
-2
-2
-1
0
-1
-1
-1
0
0
-1
-1
-1
-2
-3
-4
-4
-5
-5
-5
-6
-6
-6
-6
-6
-6
-7
-6
-6
-6
-6
-6
-4
-3
-3
-4
-4
-3
-2
-2
-3
-4
-4
-4
-4
-5
-6
-7
-7
-7
-6
-5
-4
-3
-3
-3
-2
-2
-2
-2
-3
-2
-2
-2
-2
-3
-3
-3
-3
-4
-5
-5
-5
-5
-5
-6
-7
-7
-7
-6
-5
-5
-5
-5
-4
-3
-2
-2
-2
-1
-1
-1
-2
-2
-2
-2
-3
-3
-3
-3
-4
-5
-5
-5
-5
-6
-6
-7
-7
-6
-5
-4
-4
-3
-3
-3
-3
-2
0
1
0
0
0
0
-2
-2
-2
-1
-2
-2
-2
-2
-2
-2
-3
-2
-2
-1
-1
0
0
1
1
2
2
2
3
4
4
3
2
2
2
1
0
0
-1
-1
-1
-2
-2
-1
-1
-1
-2
-2
-2
-1
-1
0
1
1
1
1
2
3
2
2
2
3
3
3
2
1
0
0
0
1
1
1
1
1
1
2
2
3
2
2
2
3
3
3
3
2
2
2
2
2
1
1
1
2
1
0
0
1
0
0
0
0
1
1
1
2
2
1
1
1
1
1
2
2
2
1
1
1
1
1
0
1
1
1
1
2
2
2
2
2
1
1
2
2
2
1
1
1
1
1
0
0
1
0
0
0
0
1
2
2
1
0
-1
-1
0
0
0
0
0
0
0
-1
-1
0
0
-1
-1
-1
-1
-1
-2
-2
-2
-2
-3
-3
-3
-3
-2
-2
-1
-2
-2
-3
-3
-2
-2
-1
-1
-1
-1
-1
0
0
1
1
1
2
2
2
1
0
0
0
0
-1
-2
-2
-2
-4
-5
-5
-4
-5
-5
-5
-4
-4
-5
-5
-5
-5
-4
-2
-2
-2
-3
-3
-3
-3
-3
-2
-2
-3
-2
-1
0
0
-1
-1
0
0
-1
-1
0
0
0
0
0
0
-1
-1
-1
-1
-2
-3
-4
-5
-5
-5
-5
-4
-5
-5
-5
-6
-6
-6
-6
-6
-5
-5
-5
-5
-5
-4
-4
-4
-3
-2
-2
-1
-1
0
0
-1
0
0
1
1
1
2
2
2
1
1
1
0
0
0
-1
-1
0
0
-1
-2
-2
-2
-2
-2
-2
-2
-2
-2
-2
-1
-1
-1
-1
-1
-1
-1
-1
-1
-1
-1
0
1
1
1
1
1
2
2
2
2
3
3
4
4
4
4
4
4
4
4
4
4
5
4
4
3
2
2
2
2
2
2
2
2
2
2
2
2
3
4
4
4
4
4
5
4
3
2
2
2
2
2
3
3
3
3
2
2
2
2
3
4
4
3
3
3
4
4
5
5
5
5
5
5
5
5
5
5
5
5
4
3
3
3
4
5
4
2
2
2
3
3
3
3
3
3
3
4
4
5
5
5
4
5
5
5
4
3
3
2
2
2
2
2
1
0
0
1
1
1
1
2
2
2
2
2
2
3
3
3
3
4
4
4
4
3
3
2
2
2
1
1
1
1
1
0
0
0
-1
-1
0
1
1
0
1
1
2
2
1
1
1
0
0
0
0
0
0
0
0
-1
-1
-2
-2
-2
-2
-2
-1
-1
0
0
0
-1
0
0
1
1
1
1
1
1
0
0
-1
-1
-2
-2
-2
-2
-2
-2
-3
-3
-3
-2
-2
-2
-2
-2
-2
-1
-1
-1
-1
-1
0
0
-1
-1
-2
-2
-2
-3
-2
-2
-3
-4
-4
-3
-3
-3
-3
-3
-3
-2
-2
-2
-2
-2
-2
-2
-2
-2
-1
-1
-2
-2
-2
-2
-3
-3
-3
-3
-3
-3
-4
-4
-3
-3
-3
-3
-2
-2
-2
-2
-1
-1
-1
0
0
0
-1
-1
0
-1
-1
-1
-2
-2
-2
-2
-2
-2
-2
-2
-2
-2
-2
-2
-2
-1
-1
-1
0
1
0
-1
-1
-1
0
0
0
0
-1
-2
-2
-2
-2
-3
-3
-2
-2
-2
-3
-2
-1
-2
-2
0
1
1
2
2
2
2
2
2
2
2
2
2
2
2
2
2
2
1
-1
-1
0
0
0
0
0
0
0
-1
0
1
1
1
1
1
2
2
1
0
0
1
1
1
0
0
0
0
-1
-1
-1
-1
-1
0
1
1
1
1
1
2
2
2
3
3
2
2
3
3
2
2
2
2
2
2
2
1
1
1
1
1
0
0
0
1
1
1
1
1
0
0
0
0
0
0
0
0
1
1
0
0
0
0
0
0
0
0
0
-1
-1
0
0
0
-1
-1
0
0
0
0
0
0
0
0
0
0
0
0
1
1
0
0
1
0
0
0
-1
-1
-1
-1
-1
-1
-2
-1
-1
-2
-2
-1
-1
-1
-2
-2
-1
0
-1
-1
-1
0
0
0
0
0
-1
-2
-2
-2
-2
-2
-2
-2
-3
-3
-3
-3
-2
-2
-2
-2
-2
-2
-2
-2
-2
-2
-2
-1
-1
-2
-3
-3
-2
-2
-2
-2
-2
-2
-2
-2
-2
-2
-2
-2
-2
-2
-2
-2
-2
-2
-2
-2
-2
-2
-2
-2
-2
-2
-3
-3
-3
-3
-2
-2
-3
-4
-4
-4
-3
-3
-3
-4
-4
-4
-3
-3
-3
-3
-3
-3
-3
-3
-3
-3
-2
-2
-2
-2
-2
-2
-2
-2
-3
-3
-2
-2
-2
-2
-2
-2
-2
-2
-2
-2
-2
-2
-2
-3
-3
-4
-3
-3
-3
-3
-4
-3
-3
-3
-3
-3
-2
-2
-2
-2
-2
-2
-2
-2
-2
-2
-2
-2
-2
-2
-2
-2
-2
-2
-2
-2
-2
-3
-3
-3
-2
-2
-2
-2
-2
-2
-2
-2
-2
-2
-2
-2
-2
-2
-2
-2
-2
-3
-2
-2
-2
-3
-2
-2
-2
-2
-1
-1
-1
-1
-2
-2
-2
-2
-2
-2
-1
-1
-1
-1
-1
-2
-2
-2
-2
-2
-2
-2
-2
-2
-2
-2
-2
-2
-2
-2
-2
-2
-2
-2
-2
-2
-2
-2
-2
-2
-2
-2
-2
-1
-1
-1
-2
-2
-1
0
0
0
-1
-1
0
0
-1
-1
-1
0
0
-1
-1
-1
0
-1
-1
-1
-1
-1
-1
-1
-1
-1
0
0
-1
-1
-2
-2
-1
0
0
0
0
0
0
0
0
0
0
-1
-1
-1
-1
-1
-1
-1
-1
-1
-2
-2
-2
-1
-2
-1
-1
-2
-2
-2
-1
0
-1
-2
-2
-1
-1
-1
-1
-1
0
0
0
-1
0
0
0
-1
-1
-1
0
0
-1
-1
0
0
-1
-2
-2
-1
-1
-2
-2
-1
-1
-2
-2
-3
-2
-2
-3
-2
-2
-1
-1
-1
-2
-2
-2
-2
-2
-2
-2
-2
-1
-1
0
-1
-1
-1
-1
-1
-1
-1
0
0
0
0
0
-1
-1
-1
-1
-1
-1
-1
0
0
0
-1
-1
-1
-1
-1
-1
-2
-3
-2
-2
-2
-2
-2
-2
-2
-2
-2
-2
-1
-1
-1
0
0
0
0
0
0
0
0
0
0
0
0
0
-1
-1
0
0
0
-1
-1
-1
0
0
0
0
0
1
2
2
2
2
2
2
1
1
2
2
2
1
1
0
0
0
0
-1
-1
-1
0
0
1
1
1
1
1
1
1
1
2
2
2
2
2
2
2
2
2
2
2
2
2
2
2
1
1
1
1
1
2
2
2
2
2
3
3
4
3
3
3
4
4
4
4
3
2
2
3
3
3
2
2
3
3
2
2
2
3
3
3
3
3
3
3
4
4
4
4
4
4
4
4
4
4
3
3
3
3
3
3
3
3
3
3
3
3
2
2
2
3
2
2
2
3
3
2
2
4
4
3
3
3
3
3
3
3
4
4
4
4
4
4
3
2
2
3
4
4
3
3
3
3
3
3
3
3
3
4
4
3
3
3
3
3
3
2
2
2
2
2
2
2
2
2
2
2
2
2
3
2
2
2
2
2
2
2
2
2
3
2
2
2
2
1
1
2
2
2
2
2
2
2
2
2
2
2
1
1
1
2
1
1
1
2
2
2
1
0
0
1
1
2
2
2
2
2
1
1
0
0
0
1
1
0
0
0
1
1
0
0
-1
0
0
0
0
1
0
0
-1
-1
0
0
0
0
0
0
-1
-1
0
0
0
0
0
0
0
0
-1
-1
0
-1
-1
-1
-1
-1
-1
-1
-1
-1
-1
-1
-1
-1
-1
-1
-1
-1
-1
-1
-1
-2
-1
-1
-1
-1
-1
-1
-1
-2
-1
-1
-1
-2
-2
-2
-2
-2
-2
-1
-1
-1
-2
-2
-2
-2
-1
-1
-1
-1
-1
-1
-1
-1
-1
-1
-1
-1
-1
-2
-2
-1
-1
-1
-1
-1
-1
-2
-2
-2
-2
-2
-2
-2
-2
-1
-1
-2
-2
-2
-2
-2
-1
-1
-1
-2
-2
-2
-2
-2
-1
-1
-2
-2
-1
0
0
0
0
0
0
-1
-1
-1
-1
-1
-1
-1
-1
-2
-2
-1
-1
-2
-2
-3
-3
-2
-2
-2
-2
-2
-2
-2
-2
-2
-2
-2
-2
-2
-2
-2
-2
-2
-2
-2
-2
-2
-2
-2
-2
-2
-2
-2
-2
-2
-2
-2
-2
-2
-2
-1
-1
-1
-1
-1
-1
-1
-1
-2
-2
-2
-1
-1
-1
-2
-2
-2
-2
-2
-2
-2
-1
-1
-1
-2
-1
-1
-1
-2
-2
-2
-2
-2
-2
-2
-1
-1
-1
-1
-1
-1
-1
-1
-1
-1
-1
-1
0
-1
-1
-1
-1
-1
-1
-1
-1
-1
-1
-1
-1
-1
-1
-1
-1
-1
-1
-1
-1
-1
-1
-1
-1
-1
-1
0
0
-1
-1
0
0
-1
-1
-1
-1
-1
-1
-1
-1
-1
-1
-1
-1
-2
-2
-1
-1
-1
-2
-2
-1
-1
-1
-1
-1
-1
-1
-1
-1
-1
-1
-1
0
0
-1
-2
-2
-2
-2
-2
-1
-2
-2
-3
-2
-2
-2
-2
-2
-2
-2
-2
-2
-2
-2
-2
-2
-2
-2
-2
-2
-1
-2
-2
-2
-2
-2
-2
-2
-2
-2
-2
-2
-2
-2
-2
-2
-2
-2
-2
-2
-2
-2
-2
-2
-2
-2
-2
-2
-2
-2
-2
-2
-2
-2
-2
-2
-2
-2
-2
-2
-2
-2
-2
-2
-2
-2
-2
-2
-2
-1
-1
-2
-2
-2
-2
-2
-2
-2
-2
-2
-2
-2
-2
-2
-2
-2
-2
-2
-2
-2
-2
-2
-2
-2
-2
-2
-2
-2
-2
-1
-2
-2
-2
-2
-2
-2
-2
-2
-2
-2
-2
-2
-2
-2
-2
-2
-2
-2
-2
-2
-2
-2
-2
-2
-2
-2
-2
-2
-2
-2
-2
-2
-2
-2
-2
-2
-2
-2
-2
-2
-2
-2
-2
-2
-2
-2
-2
-2
-2
-2
-2
-2
-2
-2
-2
-2
-2
-2
-2
-2
-2
-2
-2
-2
-2
-2
-2
-1
-1
-2
-2
-1
-1
-1
-1
-1
-1
-1
-1
-1
-1
-1
-1
-1
0
0
0
-1
-1
-1
0
0
-1
0
0
0
0
0
0
0
-1
-1
0
0
0
0
0
0
0
-1
-1
0
0
0
0
0
0
-1
-1
-1
0
0
0
0
0
0
0
0
1
1
0
0
1
1
2
2
2
2
2
2
2
2
2
1
2
2
1
2
2
1
1
0
1
1
1
1
1
1
1
0
0
1
1
1
1
1
1
1
1
0
0
1
1
1
1
1
1
1
1
1
1
1
1
2
2
2
1
1
1
1
1
1
1
1
1
1
1
1
1
1
1
1
1
1
1
1
1
1
1
1
0
1
1
1
1
1
2
1
1
1
1
1
1
1
1
1
0
0
1
1
1
1
1
1
1
1
1
1
1
1
1
1
1
1
0
1
1
1
1
1
1
1
1
1
1
1
1
1
1
1
1
1
1
1
1
1
1
1
1
1
1
2
2
1
1
1
1
1
0
0
1
1
1
1
1
1
1
1
1
1
1
0
0
0
1
1
1
1
1
0
0
0
1
1
1
1
1
1
1
1
1
1
1
1
1
1
1
0
0
0
1
1
1
1
1
1
1
1
1
1
1
2
1
1
1
1
1
1
1
1
1
2
1
1
1
1
1
1
1
1
1
1
0
0
1
1
1
1
0
0
0
1
1
1
0
0
0
1
1
0
0
1
1
1
1
1
1
1
1
1
1
1
0
0
0
0
0
0
1
1
1
0
0
0
0
0
0
0
0
0
0
0
0
0
0
0
0
0
0
0
0
0
-1
-1
-1
-1
-1
-1
-1
-1
-1
-1
0
0
-1
-1
-1
-1
-1
-1
-1
-1
-1
-1
-1
-1
-1
-1
-1
-1
-1
-1
-1
-1
-1
-1
-1
-2
-1
-1
-1
-1
-1
-1
-1
-1
-1
-1
-1
-1
-1
-1
-1
-1
-1
-1
0
-1
-1
-1
-1
-1
-1
-1
-1
-1
-2
-1
-1
-1
-1
-1
-1
-1
-1
-2
-2
-1
-1
-1
-1
-1
-1
-1
-1
-1
-1
-1
-1
-1
-1
-1
-1
-1
-1
-1
-1
-1
-1
-1
-1
-1
-1
-1
-1
-1
-1
-1
-1
-1
-1
-1
-1
-1
-1
-1
-1
-1
-1
-1
-1
-1
-1
-1
-1
-1
-1
-1
-1
-1
-1
-1
-1
-1
-1
-1
-1
-1
-1
-1
-1
-1
-1
-1
-1
-1
-1
-1
-1
-1
-1
-1
0
0
-1
-1
-1
-1
-1
-1
-1
-1
-1
-1
0
-1
-1
-1
-1
-1
-1
-1
-1
-1
-1
-1
-1
-1
-1
-1
0
0
0
0
0
-1
-1
-1
-1
-1
0
-1
-1
-1
-1
-1
-1
0
0
0
0
0
0
0
-1
-1
-1
-1
-1
-1
-1
-1
-1
-1
-1
-1
0
-1
-1
-1
-1
0
0
0
0
0
0
0
0
0
0
0
0
0
0
0
0
0
0
0
0
0
0
0
0
0
0
0
0
0
0
0
0
0
0
0
0
0
0
0
0
0
0
0
0
0
0
0
0
0
-1
0
0
0
0
0
0
0
-1
-1
0
0
0
0
0
0
0
-1
-1
0
0
0
0
0
0
0
0
0
0
0
0
0
0
0
0
0
0
0
0
0
0
0
-1
-1
0
0
0
0
0
-1
-1
-1
0
-1
-1
-1
-1
-1
-1
-1
-1
0
0
0
0
0
0
0
0
0
0
0
0
0
0
0
0
0
0
0
0
0
0
0
0
0
0
0
0
0
-1
0
0
0
-1
-1
0
0
-1
-1
-1
-1
-1
0
0
0
0
0
0
0
-1
-1
0
0
0
-1
-1
0
0
0
0
0
-1
0
0
0
0
0
0
0
0
0
0
0
0
0
0
0
0
0
0
-1
-1
-1
0
-1
-1
-1
-1
0
0
0
0
0
0
0
0
0
0
0
0
0
0
0
0
0
0
0
0
0
0
0
0
0
0
0
-1
-1
0
0
0
-1
-1
0
0
0
0
0
0
0
0
0
0
0
0
0
0
0
0
0
0
0
0
0
0
0
0
0
0
0
0
0
0
0
0
0
0
-1
-1
-1
0
0
0
0
0
0
-1
-1
0
0
0
-1
0
0
0
0
0
0
0
0
0
0
0
0
0
0
0
0
0
0
0
0
0
0
0
0
0
0
0
0
-1
0
0
0
0
0
0
0
0
0
0
0
0
0
0
0
0
0
0
0
0
-1
0
0
0
-1
-1
-1
0
0
0
0
0
0
0
0
0
0
0
0
0
0
0
0
0
-1
0
0
-1
-1
0
0
0
0
0
0
0
0
0
0
0
0
0
0
0
-1
0
0
0
0
0
0
-1
0
0
0
0
0
0
0
0
-1
0
0
0
0
-1
0
0
0
0
0
0
0
0
0
0
0
0
0
0
0
0
0
0
0
0
-1
0
0
0
0
0
0
0
0
0
0
0
0
-1
-1
0
0
0
0
0
0
0
0
0
0
0
0
0
0
0
0
0
0
0
0
0
0
-1
-1
0
0
0
0
0
0
0
0
0
0
0
0
0
0
0
0
0
0
0
0
0
0
0
0
0
0
0
0
0
0
0
0
0
-1
0
0
-1
-1
-1
0
0
0
0
0
0
0
0
0
0
0
0
0
0
0
0
0
0
0
0
-1
0
0
-1
-1
-1
0
0
0
0
0
0
0
0
0
0
0
0
0
0
0
0
0
0
0
0
0
0
0
0
0
0
-1
-1
-1
-1
-1
0
0
0
-1
0
0
0
-1
0
0
0
0
-1
-1
0
0
0
0
0
0
0
0
0
0
0
0
0
0
0
0
-1
-1
-1
0
0
0
0
0
0
0
0
0
0
0
-1
-1
0
0
0
0
0
0
0
-1
0
0
-1
-1
0
0
0
0
0
0
-1
-1
-1
0
0
0
0
0
0
0
0
0
0
0
-1
0
0
0
0
0
0
0
0
0
-1
0
0
0
0
0
0
0
0
0
0
0
0
0
0
0
0
0
0
0
0
0
0
0
0
0
0
0
0
0
0
0
0
0
0
0
0
0
0
0
0
0
0
0
0
0
0
0
0
0
0
0
0
0
0
0
0
0
0
0
0
0
0
0
-1
-1
-1
0
0
0
0
0
0
0
0
0
0
0
0
0
0
0
0
0
0
0
-1
0
0
0
0
0
0
0
0
0
0
0
0
-1
0
0
0
0
0
0
0
0
0
0
0
0
0
0
0
0
0
0
0
0
0
-1
0
0
0
0
-1
-1
-1
-1
-1
0
0
0
0
0
0
0
0
0
0
0
0
0
0
0
0
0
0
0
0
0
0
0
0
-1
-1
0
0
0
-1
-1
0
-1
-1
-1
0
0
-1
-1
-1
0
0
0
0
0
0
0
0
-1
-1
-1
-1
-1
-1
-1
0
0
0
0
0
0
0
0
0
0
0
0
0
0
0
0
0
0
0
0
0
-1
0
0
0
-1
0
0
0
0
0
0
0
0
0
0
0
-1
0
0
0
0
0
0
0
0
0
-1
0
0
0
0
0
0
0
0
0
0
-1
-1
0
0
0
0
0
0
0
0
0
0
0
-1
0
0
0
-1
0
0
0
-1
-1
0
0
0
-1
0
0
0
0
0
0
0
0
0
0
0
0
0
0
0
0
0
0
0
0
0
0
0
0
0
0
0
0
0
0
0
0
0
0
0
0
0
0
0
0
0
0
0
0
0
0
0
0
0
0
-1
-1
-1
0
-1
-1
-1
0
0
0
0
0
0
0
0
0
0
0
0
0
0
0
0
0
0
0
0
0
0
0
0
0
0
0
0
0
0
-1
-1
0
0
0
-1
0
0
0
0
0
0
0
0
0
0
0
0
-1
0
0
0
0
0
0
0
0
0
0
0
0
0
0
0
0
0
0
0
-1
-1
-1
-1
0
0
0
0
0
0
0
0
0
0
-1
0
0
0
-1
0
0
0
0
0
0
0
0
0
0
0
0
0
0
0
0
0
0
0
0
0
0
0
0
0
0
0
0
0
0
0
0
0
0
0
0
0
0
0
0
0
0
0
0
0
0
-1
-1
-1
0
0
0
0
0
0
0
0
0
0
0
0
0
0
0
0
0
0
0
0
0
0
0
0
0
0
0
0
0
0
0
0
0
0
0
0
0
0
0
0
0
0
0
0
0
0
0
0
0
0
0
0
0
0
0
0
0
0
0
0
0
0
0
0
0
0
0
0
0
0
0
0
0
0
0
0
0
0
0
0
0
0
0
0
0
0
0
0
0
0
0
0
0
0
0
0
0
0
0
0
0
0
0
0
0
0
0
0
0
0
0
0
0
0
0
0
0
0
0
0
0
0
0
0
0
0
0
0
0
0
0
0
0
0
0
0
0
0
0
0
0
0
0
0
0
0
0
0
0
0
0
0
0
0
0
0
0
0
0
0
0
0
0
0
0
0
0
0
0
0
0
0
0
0
0
0
0
0
0
0
0
0
0
0
0
0
0
0
-1
0
0
0
0
0
0
0
0
0
0
0
0
0
0
0
0
0
0
0
0
0
0
0
-1
0
0
0
0
0
0
0
0
0
0
0
0
0
0
0
0
0
0
0
0
0
0
0
0
0
0
0
0
0
0
0
0
0
0
0
0
0
0
0
0
0
0
0
0
0
0
0
0
0
0
0
-1
-1
0
0
0
0
0
0
0
0
0
0
-1
-1
-1
0
0
0
0
0
0
0
0
0
0
0
0
0
0
0
0
0
0
0
0
0
-1
0
0
0
0
0
0
0
0
0
0
0
0
0
0
0
0
0
0
0
0
0
0
0
0
0
0
0
0
0
0
0
0
0
0
0
0
0
0
0
0
0
0
0
0
0
0
0
0
0
0
0
0
0
0
0
0
0
0
0
0
0
0
0
0
0
0
0
0
-1
-1
0
0
0
0
0
0
0
0
-1
-1
-1
-1
-1
0
0
0
0
0
0
0
0
0
0
-1
0
0
0
0
0
0
0
0
0
0
0
0
0
0
0
0
0
0
0
0
0
0
0
0
0
0
0
0
0
0
0
0
0
0
0
0
0
0
0
0
0
0
0
0
0
0
0
0
0
0
0
0
0
0
0
0
0
0
0
0
0
0
0
0
0
0
0
0
0
0
0
0
0
0
0
0
0
0
0
0
0
0
0
0
0
0
0
0
0
0
0
0
0
0
0
0
0
0
0
0
0
0
0
0
0
0
0
0
0
0
0
0
0
0
0
0
0
0
0
0
0
0
0
0
0
0
0
-1
0
0
0
0
0
0
0
0
0
0
0
0
0
0
0
0
0
0
0
0
0
0
0
0
0
0
0
0
0
0
0
0
0
0
0
0
0
0
0
0
0
0
0
0
0
0
0
0
0
0
0
0
0
0
0
0
0
0
0
0
0
0
0
0
0
0
0
0
0
0
0
0
0
0
0
0
0
0
0
0
0
0
0
0
0
0
0
0
0
0
0
0
0
0
0
0
0
0
0
0
0
0
0
0
0
0
0
0
0
0
0
0
0
0
0
0
0
0
0
0
0
0
0
0
0
0
0
0
0
0
0
0
0
0
0
0
0
0
0
0
0
0
0
0
0
0
0
0
0
0
0
0
0
0
0
0
0
0
0
0
0
0
0
-1
0
0
0
0
0
0
0
0
0
0
0
0
0
0
0
0
0
0
0
0
0
0
0
0
0
0
0
0
0
0
0
0
0
0
0
0
0
0
0
0
0
0
0
-1
0
0
0
0
0
0
0
0
0
0
0
0
0
0
0
0
0
0
0
0
0
0
0
0
0
0
0
0
0
0
0
0
0
0
0
0
0
0
0
0
0
0
0
0
0
0
0
0
0
0
0
0
0
0
0
0
0
0
0
0
0
0
0
0
0
0
0
0
0
0
0
0
0
0
0
0
-1
0
0
0
0
0
0
0
0
0
0
0
0
0
0
0
0
0
0
0
0
0
0
0
0
0
0
0
0
0
0
0
0
-1
0
0
0
0
0
0
0
0
0
0
0
0
0
0
0
0
0
0
0
0
0
0
0
0
0
0
0
0
0
0
0
0
0
0
0
0
0
0
0
0
0
-1
-1
-1
0
0
0
0
0
0
0
0
0
0
0
0
0
0
0
0
0
0
0
0
0
0
0
0
0
0
0
0
0
0
0
0
0
0
0
0
0
0
0
0
0
0
0
0
0
0
0
0
0
0
0
0
0
0
0
0
0
0
0
0
0
0
0
0
0
0
0
0
0
0
0
0
0
0
0
0
0
0
0
0
0
0
0
0
0
0
0
0
0
0
0
0
0
0
0
0
0
0
0
0
0
0
0
0
0
0
0
0
0
0
0
0
0
0
0
0
0
0
0
0
0
0
0
0
0
0
0
0
0
0
0
0
0
0
0
0
0
0
0
0
0
0
0
0
0
0
0
0
0
0
0
0
0
0
0
0
0
0
0
0
0
0
0
0
0
0
0
0
0
0
0
0
0
0
0
0
0
0
0
0
0
0
0
0
0
0
0
0
0
0
0
0
0
0
0
0
0
0
0
0
0
0
0
0
0
0
0
0
0
0
0
0
0
0
0
0
0
0
0
0
0
0
-1
0
0
0
0
-1
0
0
0
0
0
0
0
0
0
0
0
0
0
0
0
0
0
0
0
0
0
0
0
0
0
0
0
0
0
0
0
0
0
0
0
0
0
0
0
0
0
0
0
0
0
0
0
0
0
0
0
0
0
0
0
0
0
0
0
0
0
0
0
0
0
0
0
0
0
0
0
0
0
0
0
0
0
0
0
0
0
0
0
0
0
0
0
0
0
0
0
0
0
0
0
0
0
0
0
0
0
0
0
0
0
0
0
0
0
0
-1
0
0
0
0
0
0
0
0
0
0
0
0
0
0
0
-1
0
0
0
0
0
0
0
0
0
0
0
0
0
0
0
0
0
0
0
0
0
0
0
0
0
0
0
0
0
0
0
0
0
0
0
0
0
0
0
0
0
0
0
0
0
0
0
-1
0
0
0
0
0
0
0
0
0
0
0
0
0
0
0
0
0
0
0
0
0
0
0
0
0
0
0
0
0
0
0
0
0
0
0
0
0
0
0
0
0
0
0
0
0
0
0
0
0
0
0
0
0
0
0
0
0
0
0
0
0
0
0
0
0
0
0
0
0
0
0
0
0
0
0
0
0
0
0
0
0
0
0
0
0
0
0
0
0
0
0
0
0
0
0
0
0
0
0
0
0
0
0
0
0
0
0
0
0
0
0
0
0
0
0
0
0
0
0
0
0
0
0
0
0
0
0
0
0
0
0
0
0
0
0
0
0
0
0
0
0
0
0
0
0
0
0
0
0
0
0
0
0
0
0
0
0
0
0
0
0
0
0
0
0
0
0
0
0
0
0
0
0
0
0
0
0
0
0
0
0
0
0
0
0
0
0
0
0
0
0
0
0
0
0
0
0
0
0
0
0
0
0
0
0
0
0
0
0
0
0
0
0
0
0
0
0
0
0
0
0
0
0
0
0
0
0
0
0
0
0
0
0
0
0
0
0
0
0
0
0
0
0
0
0
0
0
0
0
0
0
0
0
0
0
0
0
0
0
0
0
0
0
0
0
0
0
0
0
0
0
0
0
0
0
0
0
0
0
0
0
0
0
0
0
0
0
0
0
0
0
0
0
0
0
0
0
0
0
0
0
0
0
0
0
0
0
0
0
0
0
0
0
0
0
0
0
0
0
0
0
0
0
0
0
0
0
0
0
0
0
0
0
0
0
0
0
0
0
0
0
0
0
0
0
0
0
0
0
0
0
0
0
0
0
0
0
0
0
0
0
0
0
0
0
0
0
0
0
0
0
0
0
0
0
0
0
0
0
0
0
0
0
0
0
0
0
0
0
0
-1
0
0
0
0
0
-1
0
0
-1
0
0
0
0
0
-1
0
0
-1
-1
-1
0
0
0
0
0
0
0
0
0
0
0
0
0
0
0
0
0
0
0
0
0
0
0
0
0
0
0
0
0
0
0
0
0
0
0
0
0
0
0
0
0
0
0
0
0
0
0
0
0
0
0
0
0
0
0
0
0
0
0
0
0
0
0
0
0
0
0
0
0
0
0
0
0
0
0
0
0
0
0
0
0
0
0
0
0
0
0
0
0
0
0
0
0
0
0
0
0
0
0
0
0
0
0
0
0
0
0
0
0
0
0
0
0
0
0
0
0
0
0
0
0
0
0
0
0
0
0
0
0
0
0
0
0
0
0
0
0
0
0
0
0
0
0
0
0
0
0
0
0
0
0
0
0
0
0
0
0
0
0
0
0
0
0
0
0
0
0
0
0
0
0
0
0
0
0
0
0
0
0
0
0
0
0
0
0
0
0
0
0
0
0
0
-1
0
0
0
0
0
0
0
0
0
0
0
0
0
0
0
0
0
0
0
0
0
0
0
0
0
0
0
0
0
0
0
0
0
0
0
0
0
0
0
0
0
0
0
0
0
0
0
0
0
0
0
0
0
0
0
0
0
0
0
0
0
0
0
0
0
0
0
0
0
0
0
0
0
0
0
0
0
0
0
0
0
0
0
0
0
0
0
0
0
0
0
0
0
0
0
0
0
0
0
0
0
0
0
0
0
0
0
0
0
0
0
0
0
0
0
0
0
0
0
0
0
0
0
0
0
0
0
0
0
0
0
0
0
-1
0
0
0
0
0
0
0
0
0
0
0
0
0
0
0
0
0
0
0
0
0
0
0
0
0
0
0
0
0
0
0
0
0
0
0
0
0
0
0
0
0
0
0
0
0
0
0
0
0
0
0
0
0
0
0
0
0
0
0
0
0
0
0
0
0
0
0
0
0
0
0
0
0
0
0
0
0
0
0
0
0
0
0
0
0
0
0
0
0
0
0
0
0
0
0
0
0
0
0
0
0
0
0
0
0
0
0
0
0
0
0
0
0
0
0
0
0
0
0
0
0
0
0
0
0
0
-1
0
0
0
0
0
0
0
0
0
0
0
0
0
0
0
0
0
0
0
0
0
0
0
0
0
0
0
0
0
0
0
0
0
0
0
0
0
0
0
0
0
0
0
0
0
0
0
0
0
0
0
0
0
0
0
0
0
0
0
0
0
0
0
0
0
0
0
0
0
0
0
0
0
0
0
0
0
0
0
0
0
0
0
0
0
0
0
0
0
0
0
0
0
0
0
0
0
0
0
0
0
0
0
0
0
0
0
0
0
0
0
0
0
0
0
0
0
0
0
0
0
0
0
0
0
0
0
0
0
0
0
0
0
0
0
0
0
0
0
0
0
0
0
0
0
0
0
0
0
0
0
0
0
0
0
0
0
0
0
0
0
0
0
0
0
0
0
0
0
0
0
0
0
0
0
0
0
0
0
0
0
0
0
0
0
0
0
0
0
0
0
0
0
0
0
0
0
0
0
0
0
0
0
0
0
0
0
0
0
0
0
0
0
0
0
0
0
0
0
0
0
0
0
0
0
0
0
0
0
0
0
0
0
0
0
0
0
0
0
0
0
0
0
0
0
0
0
0
0
0
0
0
0
0
0
0
0
0
0
0
0
0
0
0
0
0
0
0
0
0
0
0
0
0
0
0
0
0
0
0
0
0
0
0
0
0
0
0
0
0
0
0
0
0
0
0
0
0
0
0
0
0
0
0
0
0
0
0
0
0
0
0
0
0
0
0
0
0
0
0
0
0
0
0
0
0
0
0
0
0
0
0
0
0
0
0
0
0
0
0
0
0
0
0
0
0
0
0
0
0
0
0
0
0
0
0
0
0
0
0
0
0
0
0
0
0
0
0
0
0
0
0
0
0
0
0
0
0
0
0
0
0
0
0
0
0
0
0
0
0
0
0
0
0
0
0
0
0
0
0
0
0
0
0
0
0
0
0
0
0
0
0
0
0
0
0
0
0
0
0
0
0
0
0
0
0
0
0
0
0
0
0
0
0
0
0
0
0
0
0
0
0
0
0
0
0
0
0
0
0
0
0
0
0
0
0
0
0
0
0
0
0
0
0
0
0
0
0
0
0
0
0
0
0
-1
0
0
0
0
0
0
0
0
0
0
0
0
0
0
0
0
0
0
0
0
0
0
0
0
0
0
0
0
0
0
0
0
0
0
0
0
0
0
0
0
0
0
0
0
0
0
0
0
0
0
0
0
0
0
0
0
0
0
0
0
0
0
0
0
0
0
0
0
0
0
0
0
0
0
0
0
0
0
0
0
0
0
0
0
0
0
0
0
0
0
0
0
0
0
0
0
0
0
0
0
0
0
0
0
0
0
0
0
0
0
0
0
0
0
0
0
0
0
0
0
0
0
0
0
0
0
0
0
0
0
0
0
0
0
0
0
0
0
0
0
0
0
0
0
0
0
0
0
0
0
0
0
0
0
0
0
0
0
0
0
0
0
0
0
0
0
0
0
0
0
0
0
0
0
0
0
0
0
0
0
0
0
0
0
0
0
0
0
0
0
0
0
0
0
0
0
0
0
0
0
0
0
0
0
0
0
0
0
0
0
0
0
0
0
0
0
0
0
0
0
0
0
0
0
0
0
0
0
0
0
0
0
0
0
0
0
0
0
0
0
0
0
0
0
0
0
-1
0
0
0
0
0
0
0
0
0
0
0
0
0
0
0
0
0
0
0
0
0
0
0
0
0
0
0
0
0
0
0
0
0
0
0
0
0
0
0
0
0
0
0
0
0
0
0
-1
0
0
0
0
0
0
0
0
0
0
0
0
0
0
0
0
0
0
0
0
0
0
0
0
0
0
0
0
0
0
0
0
0
0
0
0
0
0
0
0
0
0
0
0
0
0
0
0
0
0
0
0
0
0
0
0
0
0
0
0
0
0
0
0
0
0
0
0
0
0
0
0
0
0
0
0
0
0
0
0
0
0
0
0
0
0
0
0
0
0
0
0
0
0
0
0
0
0
0
0
0
0
0
0
0
0
0
0
0
0
0
0
0
0
0
0
0
0
0
0
0
0
0
0
0
0
0
0
0
0
0
0
0
0
0
0
0
0
0
0
0
0
0
0
0
0
0
0
0
0
0
0
0
0
0
0
0
0
0
0
0
0
0
0
0
0
0
0
0
0
0
0
0
0
0
0
0
0
0
0
0
0
0
0
0
0
0
0
0
0
0
0
0
0
0
0
0
0
0
0
0
0
0
0
0
0
0
0
0
0
0
0
0
0
0
0
0
0
0
0
0
0
0
0
0
0
0
0
0
0
0
0
0
0
0
0
0
0
0
0
0
0
0
0
0
0
0
0
0
0
0
0
0
0
0
0
0
0
0
0
0
0
0
0
0
0
0
0
0
0
0
0
0
0
0
0
0
0
0
0
0
0
0
0
0
0
0
0
0
0
0
0
0
0
0
0
0
0
0
0
0
0
0
0
0
0
0
0
0
0
0
0
0
0
0
0
0
-1
-1
-1
0
0
0
0
0
0
0
0
0
0
0
0
0
0
0
0
0
0
0
0
0
0
0
0
0
0
0
0
0
0
0
0
0
0
0
0
0
0
0
0
0
0
0
0
0
0
0
0
0
0
-1
0
0
0
0
0
0
0
0
0
0
0
0
0
0
0
0
0
0
0
0
0
0
0
0
0
0
0
0
0
0
0
0
0
0
0
0
0
0
0
0
0
0
0
0
0
0
0
0
0
0
0
0
0
0
0
0
0
0
0
0
0
0
0
0
0
0
0
0
0
0
0
0
0
0
0
0
0
0
0
0
0
0
0
0
0
0
0
0
0
0
0
0
0
0
0
0
0
0
0
0
0
0
0
0
0
0
0
0
0
0
0
0
0
0
0
-1
0
0
0
0
0
0
0
0
0
0
0
0
0
0
0
0
0
0
0
0
0
0
0
0
0
0
0
0
0
0
0
0
0
0
0
0
0
0
0
0
0
0
0
0
0
0
0
0
0
0
0
0
0
0
0
0
0
0
0
0
0
0
0
0
0
0
0
0
0
0
0
0
0
0
0
0
0
0
0
0
0
0
0
0
0
0
0
0
0
0
0
0
0
0
0
0
0
0
0
0
0
0
0
0
0
0
0
0
0
0
0
0
0
0
0
0
0
0
0
0
0
0
0
0
0
0
0
0
0
0
0
0
0
0
0
0
0
0
0
0
0
0
0
0
0
0
0
0
0
0
0
0
0
0
0
0
0
0
0
0
0
0
0
0
0
0
0
0
0
0
0
0
0
0
0
0
0
0
0
0
0
0
0
0
0
0
0
0
0
0
0
0
0
0
0
0
0
0
0
0
0
0
0
0
0
0
0
0
0
0
0
0
0
0
0
0
0
0
0
0
0
0
0
0
0
0
0
0
0
0
0
0
0
0
0
0
0
0
0
0
0
0
0
0
0
0
0
0
0
0
0
0
0
0
0
0
0
0
0
0
0
0
0
0
0
0
0
0
0
0
0
0
0
0
0
0
0
0
0
0
0
0
0
0
0
0
0
0
0
0
0
0
0
0
0
0
0
0
0
0
0
0
0
0
0
0
0
0
0
0
0
0
0
0
0
0
0
0
0
0
0
0
0
0
0
0
0
0
0
0
0
0
0
0
0
0
0
0
0
0
0
0
0
0
0
0
0
0
0
0
0
0
0
0
0
0
0
0
0
0
0
0
0
0
0
0
0
0
0
0
0
0
0
0
0
0
0
0
0
0
0
0
0
0
0
0
0
0
0
0
0
0
0
0
0
0
0
0
0
0
0
0
0
0
0
0
0
0
0
0
0
0
0
0
0
0
0
0
0
0
0
0
0
0
0
0
0
0
0
0
0
0
0
0
0
0
0
0
0
0
0
0
0
0
0
0
0
0
0
0
0
0
0
0
0
0
0
0
0
0
0
0
0
0
0
0
0
0
0
0
0
0
0
0
0
0
0
0
0
0
0
0
0
0
0
0
0
0
0
0
0
0
0
0
0
0
0
0
0
0
0
0
0
0
0
0
0
0
0
0
0
0
0
0
0
0
0
0
0
0
0
0
0
0
0
0
0
0
0
0
0
0
0
0
0
0
0
0
0
0
0
0
0
0
0
0
0
0
0
0
0
0
0
0
0
0
0
0
0
0
0
0
0
0
0
0
0
0
0
0
0
0
0
0
0
0
0
0
0
0
0
0
0
0
0
0
0
0
0
0
0
0
0
0
0
0
0
0
0
0
0
0
0
0
0
0
0
0
0
0
0
0
0
0
0
0
0
0
0
0
0
0
0
0
0
0
0
0
0
0
0
0
0
0
0
0
0
0
0
0
0
0
0
0
0
0
0
0
0
0
0
0
0
0
0
0
0
0
0
0
0
0
0
0
0
0
0
0
0
0
0
0
0
0
0
0
0
0
0
0
0
0
0
0
0
0
0
0
0
0
0
0
0
0
0
0
0
0
0
0
0
0
0
0
0
0
0
0
0
0
0
0
0
0
0
0
0
0
0
0
0
0
0
0
0
0
0
0
0
0
0
0
0
0
0
0
0
0
0
0
0
0
0
0
0
0
0
0
0
0
0
0
0
0
0
0
0
0
0
0
0
0
0
0
0
0
0
0
0
0
0
0
0
0
0
0
0
0
0
0
0
0
0
0
0
0
0
0
0
0
0
0
0
0
0
0
0
0
0
0
0
0
0
0
0
0
0
0
0
0
0
0
0
0
0
0
0
0
0
0
0
0
0
0
0
0
0
0
0
0
0
0
0
0
0
0
0
0
0
0
0
0
0
0
0
0
0
0
0
0
0
0
0
0
0
0
0
0
0
0
0
0
0
0
0
0
0
0
0
0
0
0
0
0
0
0
0
0
0
0
0
0
0
0
0
0
0
0
0
0
0
0
0
0
0
0
0
0
0
0
0
0
0
0
0
0
0
0
0
0
0
0
0
0
0
0
0
0
0
0
0
0
0
0
0
0
0
0
0
0
0
0
0
0
0
0
0
0
0
0
0
0
0
0
0
0
0
0
0
0
0
0
0
0
0
0
0
0
0
0
0
0
0
0
0
0
0
0
0
0
0
0
0
0
0
0
0
0
0
0
0
0
0
0
0
0
0
0
0
0
0
0
0
0
