0
0
0
0
0
0
0
0
0
0
0
0
0
0
0
0
0
0
0
0
0
0
0
0
0
0
0
0
0
0
0
0
0
0
0
0
0
0
0
0
0
0
0
0
0
0
0
0
0
0
0
0
0
0
0
0
0
0
0
0
0
0
0
0
0
0
0
0
0
0
0
0
0
0
0
0
0
0
0
0
0
0
0
0
0
0
0
0
0
0
0
0
0
0
0
0
0
0
0
0
0
0
0
0
0
0
0
0
0
0
0
0
0
0
0
0
0
0
0
0
0
0
0
0
0
0
0
0
0
0
0
0
0
0
0
0
0
0
0
0
0
0
0
0
0
0
0
0
0
0
0
0
0
0
0
0
0
0
0
0
0
0
0
0
0
0
0
0
0
0
0
0
0
0
0
0
0
0
0
0
0
0
0
0
0
0
0
0
0
0
0
0
0
0
0
0
0
0
0
0
0
0
0
0
0
0
0
0
0
0
0
0
0
0
0
0
0
0
0
0
0
0
0
0
0
0
0
0
0
0
0
0
0
0
0
0
0
0
0
0
0
0
0
0
0
0
0
0
0
0
0
0
0
0
0
0
0
0
0
0
0
0
0
0
0
0
0
0
0
0
0
0
0
0
0
0
0
0
0
0
0
0
0
0
0
0
0
0
0
0
0
0
0
0
0
0
0
0
0
0
0
0
0
0
0
0
0
0
0
0
0
0
0
0
0
0
0
0
0
0
0
0
0
0
0
0
0
0
0
0
0
0
0
0
0
0
0
0
0
0
0
0
0
0
0
0
0
0
0
0
0
0
0
0
0
0
0
0
0
0
0
0
0
0
0
0
0
0
0
0
0
0
0
0
0
0
0
0
0
0
0
0
0
0
0
0
0
0
0
0
0
0
0
0
0
0
0
0
0
0
0
0
0
0
0
0
0
0
0
0
0
0
0
0
0
0
0
0
0
0
0
0
0
0
0
0
0
0
0
0
0
0
0
0
0
0
0
0
0
0
0
0
0
0
0
0
0
0
0
0
0
0
0
0
0
0
0
0
0
0
0
0
0
0
0
0
0
0
0
0
0
0
0
0
0
0
0
0
0
0
0
0
0
0
0
0
0
0
0
0
0
0
0
0
0
0
0
0
0
0
0
0
0
0
0
0
0
0
0
0
0
0
0
0
0
0
0
0
0
0
0
0
0
0
0
0
0
0
0
0
0
0
0
0
0
0
0
0
0
0
0
0
0
0
0
0
0
0
0
0
0
0
0
0
0
0
0
0
0
0
0
0
0
0
0
0
0
0
0
0
0
0
0
0
0
0
0
0
0
0
0
0
0
0
0
0
0
0
0
0
0
0
0
0
0
0
0
0
0
0
0
0
0
0
0
0
0
0
0
0
0
0
0
0
0
0
0
0
0
0
0
0
0
0
0
0
0
0
0
0
0
0
0
0
0
0
0
0
0
0
0
0
0
0
0
0
0
0
0
0
0
0
0
0
0
0
0
0
0
0
0
0
0
0
0
0
0
0
0
0
0
0
0
0
0
0
0
0
0
0
0
0
0
0
0
0
0
0
0
0
0
0
0
0
0
0
0
0
0
0
0
0
0
0
0
0
0
0
0
0
0
0
0
0
0
0
0
0
0
0
0
0
0
0
0
0
0
0
0
0
0
0
0
0
0
0
0
0
0
0
0
0
0
0
0
0
0
0
0
0
0
0
0
0
0
0
0
0
0
0
0
0
0
0
0
0
0
0
0
0
0
0
0
0
0
0
0
0
0
0
0
0
0
0
0
0
0
0
0
0
0
0
0
0
0
0
0
0
0
0
0
0
0
0
0
0
0
0
0
0
0
0
0
0
0
0
0
0
0
0
0
0
0
0
0
0
0
0
0
0
0
0
0
0
0
0
0
0
0
0
0
0
0
0
0
0
0
0
0
0
0
0
0
0
0
0
0
0
0
0
0
0
0
0
0
0
0
0
0
0
0
0
0
0
0
0
0
0
0
0
0
0
0
0
0
0
0
0
0
0
0
0
0
0
0
0
0
0
0
0
0
0
0
0
0
0
0
0
0
0
0
0
0
0
0
0
0
0
0
0
0
0
0
0
0
0
0
0
0
0
0
0
0
0
0
0
0
0
0
0
0
0
0
0
0
0
0
0
0
0
0
0
0
0
0
0
0
0
0
0
0
0
0
0
0
0
0
0
0
0
0
0
0
0
0
0
0
0
0
0
0
0
0
0
0
0
0
0
0
0
0
0
0
0
0
0
0
0
0
0
0
0
0
0
0
0
0
0
0
0
0
0
0
0
0
0
0
0
0
0
0
0
0
0
0
0
0
0
0
0
0
0
0
0
0
0
0
0
0
0
0
0
0
0
0
0
0
0
0
0
0
0
0
0
0
0
0
0
0
0
0
0
0
0
0
0
0
0
0
0
0
0
0
0
0
0
0
0
0
0
0
0
0
0
0
0
0
0
0
0
0
0
0
0
0
0
0
0
0
0
0
0
0
0
0
0
0
0
0
0
0
0
0
0
0
0
0
0
0
0
0
0
0
0
0
0
0
0
0
0
0
0
0
0
0
0
0
0
0
0
0
0
0
0
0
0
0
0
0
0
0
0
0
0
0
0
0
0
0
0
0
0
0
0
0
0
0
0
0
0
0
0
0
0
0
0
0
0
0
0
0
0
0
0
0
0
0
0
0
0
0
0
0
0
0
0
0
0
0
0
0
0
0
0
0
0
0
0
0
0
0
0
0
0
0
0
0
0
0
0
0
0
0
0
0
0
0
0
0
0
0
0
0
0
0
0
0
0
0
0
0
0
0
0
0
0
0
0
0
0
0
0
0
0
0
0
0
0
0
0
0
0
0
0
0
0
0
0
0
0
0
0
0
0
0
0
0
0
0
0
0
0
0
0
0
0
0
0
0
0
0
0
0
0
0
0
0
0
0
0
0
0
0
0
0
0
0
0
0
0
0
0
0
0
0
0
0
0
0
0
0
0
0
0
0
0
0
0
0
0
0
0
0
0
0
0
0
0
0
0
0
0
0
0
0
0
0
0
0
0
0
0
0
0
0
0
0
0
0
0
0
0
0
0
0
0
0
0
0
0
0
0
0
0
0
0
0
0
0
0
0
0
0
0
0
0
0
0
0
0
0
0
0
0
0
0
0
0
0
0
0
0
0
0
0
0
0
0
0
0
0
0
0
0
0
0
0
0
0
0
0
0
0
0
0
0
0
0
0
0
0
0
0
0
0
0
0
0
0
0
0
0
0
0
0
0
0
0
0
0
0
0
0
0
0
0
0
0
0
0
0
0
0
0
0
0
0
0
0
0
0
0
0
0
0
0
0
0
0
0
0
0
0
0
0
0
0
0
0
0
0
0
0
0
0
0
0
0
0
0
0
0
0
0
0
0
0
0
0
0
0
0
0
0
0
0
0
0
0
0
0
0
0
0
0
0
0
0
0
0
0
0
0
0
0
0
0
0
0
0
0
0
0
0
0
0
0
0
0
0
0
0
0
0
0
0
0
0
0
0
0
0
0
0
0
0
0
0
0
0
0
0
0
0
0
0
0
0
0
0
0
0
0
0
0
0
0
0
0
0
0
0
0
0
0
0
0
0
0
0
0
0
0
0
0
0
0
0
0
0
0
0
0
0
0
0
0
0
0
0
0
0
0
0
0
0
0
0
0
0
0
0
0
0
0
0
0
0
0
0
0
0
0
0
0
0
0
0
0
0
0
0
0
0
0
0
0
0
0
0
0
0
0
0
0
0
0
0
0
0
0
0
0
0
0
0
0
0
0
0
0
0
0
0
0
0
0
0
0
0
0
0
0
0
0
0
0
0
0
0
0
0
0
0
0
0
0
0
0
0
0
0
0
0
0
0
0
0
0
0
0
0
0
0
0
0
0
0
0
0
0
0
0
0
0
0
0
0
0
0
0
0
0
0
0
0
0
0
0
0
0
0
0
0
0
0
0
0
0
0
0
0
0
0
0
0
0
0
0
0
0
0
0
0
0
0
0
0
0
0
0
0
0
0
0
0
0
0
0
0
0
0
0
0
0
0
0
0
0
0
0
0
0
0
0
0
0
0
0
0
0
0
0
0
0
0
0
0
0
0
0
0
0
0
0
0
0
0
0
0
0
0
0
0
0
0
0
0
0
0
0
0
0
0
0
0
0
0
0
0
0
0
0
0
0
0
0
0
0
0
0
0
0
0
0
0
0
0
0
0
0
0
0
0
0
0
0
0
0
0
0
0
0
0
0
0
0
0
0
0
0
0
0
0
0
0
0
0
0
0
0
0
0
0
0
0
0
0
0
0
0
0
0
0
0
0
0
0
0
0
0
0
0
0
0
0
0
0
0
0
0
0
0
0
0
0
0
0
0
0
0
0
0
0
0
0
0
0
0
0
0
0
0
0
0
0
0
0
0
0
0
0
0
0
0
0
0
0
0
0
0
0
0
0
0
0
0
0
0
0
0
0
0
0
0
0
0
0
0
0
0
0
0
0
0
0
0
0
0
0
0
0
0
0
0
0
0
0
0
0
0
0
0
0
0
0
0
0
0
0
0
0
0
0
0
0
0
0
0
0
0
0
0
0
0
0
0
0
0
0
0
0
0
0
0
0
0
0
0
0
0
0
0
0
0
0
0
0
0
0
0
0
0
0
0
0
0
0
0
0
0
0
0
0
0
0
0
0
0
0
0
0
0
0
0
0
0
0
0
0
0
0
0
0
0
0
0
0
0
0
0
0
0
0
0
0
0
0
0
0
0
0
0
0
0
0
0
0
0
0
0
0
0
0
0
0
0
0
0
0
0
0
0
0
0
0
0
0
0
0
0
0
0
0
0
0
0
0
0
0
0
0
0
0
0
0
0
0
0
0
0
0
0
0
0
0
0
0
0
0
0
0
0
0
0
0
0
0
0
0
0
0
0
0
0
0
0
0
0
0
0
0
0
0
0
0
0
0
0
0
0
0
0
0
0
0
0
0
0
0
0
0
0
0
0
0
0
0
0
0
0
0
0
0
0
0
0
0
0
0
0
0
0
0
0
0
0
0
0
0
0
0
0
0
0
0
0
0
0
0
0
0
0
0
0
0
0
0
0
0
0
0
0
0
0
0
0
0
0
0
0
0
0
0
0
0
0
0
0
0
0
0
0
0
0
0
0
0
0
0
0
0
0
0
0
0
0
0
0
0
0
0
0
0
0
0
0
0
0
0
0
0
0
0
0
0
0
0
0
0
0
0
0
0
0
0
0
0
0
0
0
0
0
0
0
0
0
0
0
0
0
0
0
0
0
0
0
0
0
0
0
0
0
0
0
0
0
0
0
0
0
0
0
0
0
0
0
0
0
0
0
0
0
0
0
0
0
0
0
0
0
0
0
0
0
0
0
0
0
0
0
0
0
0
0
0
0
0
0
0
0
0
0
0
0
0
0
0
0
0
0
0
0
0
0
0
0
0
0
0
0
0
0
0
0
0
0
0
0
0
0
0
0
0
0
0
0
0
0
0
0
0
0
0
0
0
0
0
0
0
0
0
0
0
0
0
0
0
0
0
0
0
0
0
0
0
0
0
0
0
0
0
0
0
0
0
0
0
0
0
0
0
0
0
0
0
0
0
0
0
0
0
0
0
0
0
0
0
0
0
0
0
0
0
0
0
0
0
0
0
0
0
0
0
0
0
0
0
0
0
0
0
0
0
0
0
0
0
0
0
0
0
0
0
0
0
0
0
0
0
0
0
0
0
0
0
0
0
0
0
0
0
0
0
0
0
0
0
0
0
0
0
0
0
0
0
0
0
0
0
0
0
0
0
0
0
0
0
0
0
0
0
0
0
0
0
0
0
0
0
0
0
0
0
0
0
0
0
0
0
0
0
0
0
0
0
0
0
0
0
0
0
0
0
0
0
0
0
0
0
0
0
0
0
0
0
0
0
0
0
0
0
0
0
0
0
0
0
0
0
0
0
0
0
0
0
0
0
0
0
0
0
0
0
0
0
0
0
0
0
0
0
0
0
0
0
0
0
0
0
0
0
0
0
0
0
0
0
0
0
0
0
0
0
0
0
0
0
0
0
0
0
0
0
0
0
0
0
0
0
0
0
0
0
0
0
0
0
0
0
0
0
0
0
0
0
0
0
0
0
0
0
0
0
0
0
0
0
0
0
0
0
0
-1
-1
-1
-1
0
0
0
0
0
0
0
0
0
-1
0
0
0
0
0
0
1
0
0
0
1
1
0
0
0
0
0
0
0
0
0
0
0
0
0
0
0
0
0
0
0
0
0
0
0
0
0
0
0
0
0
0
0
0
0
0
0
0
0
0
0
0
0
0
0
0
0
0
0
0
1
1
0
0
0
0
0
0
0
0
0
0
0
0
0
0
0
0
0
0
0
1
0
0
0
1
1
0
0
0
1
0
0
0
0
0
0
0
0
0
0
0
0
0
0
0
0
0
0
0
0
0
0
0
0
0
0
0
0
0
0
0
0
0
0
0
-1
0
0
0
0
0
0
0
0
0
0
0
0
0
0
0
0
0
0
0
0
0
0
0
0
1
1
0
0
0
0
0
-1
-1
0
0
-1
-1
-1
0
0
0
-1
-1
0
0
0
0
0
0
0
0
0
0
0
0
0
0
0
0
0
0
0
0
0
0
0
0
0
0
0
0
0
0
0
-1
-1
0
0
-1
0
0
0
0
0
0
1
0
0
0
0
0
-1
-1
0
0
-1
-1
0
0
-1
-1
-1
0
0
0
0
1
0
0
0
0
0
0
-1
0
1
0
0
0
1
1
0
0
1
1
1
0
1
1
1
1
1
1
1
1
2
2
1
1
1
1
1
0
0
1
1
0
0
1
1
0
0
0
0
0
0
1
1
1
0
0
0
0
0
0
0
-1
-1
-1
0
0
0
0
0
0
0
1
1
0
0
0
0
0
0
0
0
-1
-1
-1
-1
0
-1
-1
-1
0
0
0
-1
-1
0
0
0
0
0
1
1
1
0
0
1
1
-1
-1
0
2
3
3
4
3
2
1
0
0
0
-1
-1
0
1
1
1
0
1
1
0
-1
0
0
0
-1
-1
-1
-1
-2
-2
-2
-2
-2
-2
-2
-2
-1
-1
0
-1
-1
0
0
0
-1
-1
-1
-1
-1
-2
-1
-1
-1
-1
-1
0
0
0
0
0
0
0
-1
-1
0
0
-1
-1
-1
0
-1
-1
-1
0
-1
-1
-1
0
1
1
0
0
0
0
0
1
1
1
1
2
1
0
-1
0
0
0
0
0
1
0
-1
-1
-1
-1
-1
-1
0
0
0
0
0
0
-1
-1
-1
0
0
-1
-1
-1
-1
-2
-2
-1
-1
-2
-2
-2
-1
-1
-1
-1
-1
-2
-2
-2
-2
-2
-2
-2
-2
-1
-2
-2
-3
-2
-1
-1
-1
-1
-1
-1
-1
-2
-2
-2
-2
-1
-1
-1
-1
-1
-2
-2
-1
0
0
0
0
1
2
2
1
2
2
3
3
2
2
2
1
1
0
1
1
1
1
1
1
1
0
1
1
2
2
1
1
2
2
2
2
2
2
3
4
4
3
2
2
2
2
2
2
2
0
0
1
2
0
-1
-1
0
0
0
1
2
2
0
-1
0
1
1
1
1
1
1
0
0
0
-1
-1
-1
0
-1
-1
-1
-1
-3
-3
-2
-1
-2
-2
-2
0
-1
-2
-3
-2
0
0
-1
-1
0
-1
-2
-2
-1
-1
-2
-3
-3
-3
-3
-4
-4
-4
-4
-4
-4
-3
-3
-4
-5
-5
-5
-5
-5
-4
-3
-3
-3
-3
-3
-2
-2
-2
-3
-3
-3
-3
-3
-3
-3
-4
-4
-3
-3
-3
-3
-4
-4
-3
-2
-3
-3
-2
-1
0
0
0
0
0
0
1
1
1
0
1
2
2
2
2
3
4
4
4
3
4
4
3
3
2
3
3
3
2
3
4
5
5
4
4
3
3
3
3
3
3
4
4
4
3
4
4
4
2
2
2
3
2
1
1
1
1
1
3
4
4
3
3
3
3
3
3
3
2
1
2
2
2
2
2
2
0
-1
0
1
0
-2
-4
-3
-2
-2
-2
-2
-2
-3
-3
-3
-4
-5
-4
-3
-3
-5
-7
-6
-5
-4
-6
-7
-6
-5
-6
-6
-6
-6
-7
-8
-8
-8
-7
-7
-8
-8
-8
-8
-7
-7
-6
-7
-8
-9
-9
-8
-8
-9
-10
-10
-9
-8
-8
-8
-8
-8
-9
-9
-9
-9
-9
-8
-8
-8
-8
-7
-5
-6
-8
-7
-4
-3
-5
-7
-5
-3
-4
-5
-5
-4
-2
-1
1
2
0
0
2
4
3
2
2
3
5
5
6
6
6
5
5
7
8
8
7
7
8
9
9
8
8
9
9
10
10
12
13
12
11
11
11
11
11
12
13
13
12
11
11
12
12
12
12
13
13
13
13
12
10
9
9
10
12
12
11
11
12
12
12
11
12
12
12
13
13
12
11
11
12
12
10
9
10
11
9
8
7
8
8
7
7
8
8
7
6
6
5
5
5
6
6
5
5
5
3
2
2
2
0
-1
0
2
1
-2
-5
-6
-5
-5
-6
-7
-8
-8
-9
-11
-13
-13
-13
-14
-14
-12
-9
-10
-15
-19
-18
-16
-18
-23
-24
-21
-20
-21
-25
-28
-29
-28
-28
-27
-27
-28
-30
-32
-32
-31
-32
-34
-34
-33
-30
-31
-34
-36
-36
-35
-36
-38
-38
-37
-38
-40
-42
-42
-42
-43
-44
-43
-39
-38
-41
-46
-46
-42
-39
-41
-44
-43
-39
-38
-41
-41
-38
-37
-38
-38
-35
-31
-30
-32
-34
-34
-33
-31
-27
-24
-23
-21
-19
-16
-13
-11
-10
-10
-9
-6
1
5
6
7
10
14
16
16
20
25
27
28
32
38
38
35
36
45
51
51
52
60
66
66
67
72
76
72
68
73
84
87
83
83
89
93
92
91
95
99
99
99
102
106
107
105
105
106
107
107
107
109
112
115
115
112
107
107
110
108
103
102
104
105
102
99
99
98
94
92
93
94
91
86
84
82
79
74
70
67
64
63
61
58
52
45
39
37
35
31
25
19
13
8
4
-1
-7
-14
-20
-24
-27
-31
-38
-46
-54
-60
-66
-71
-75
-80
-87
-95
-101
-107
-114
-121
-128
-134
-140
-147
-153
-158
-165
-172
-177
-179
-182
-187
-192
-195
-198
-204
-208
-210
-214
-221
-226
-226
-227
-233
-240
-242
-241
-243
-247
-247
-245
-247
-252
-252
-246
-242
-245
-246
-240
-231
-227
-227
-222
-215
-209
-204
-197
-187
-181
-178
-172
-162
-151
-144
-137
-128
-116
-103
-92
-81
-71
-60
-47
-33
-20
-7
5
18
32
48
64
78
90
106
122
135
145
158
174
187
197
211
229
243
249
255
269
284
291
297
309
323
330
334
341
350
353
354
362
372
374
372
377
385
386
379
376
382
386
380
375
378
378
368
357
354
352
344
335
332
330
321
309
301
297
288
275
264
257
248
236
225
216
206
193
179
168
159
149
137
124
110
98
86
74
60
43
29
19
9
-4
-18
-29
-38
-48
-61
-75
-87
-99
-111
-122
-132
-143
-158
-172
-183
-191
-201
-213
-227
-240
-251
-260
-270
-282
-297
-309
-317
-323
-331
-340
-350
-360
-368
-373
-378
-387
-396
-403
-407
-414
-423
-432
-437
-445
-453
-458
-459
-463
-474
-483
-484
-483
-488
-494
-493
-488
-488
-490
-485
-475
-469
-468
-461
-445
-432
-426
-421
-411
-401
-395
-388
-374
-358
-348
-339
-326
-309
-296
-285
-268
-245
-224
-204
-181
-154
-131
-113
-94
-69
-39
-12
14
41
70
99
125
150
172
193
217
244
269
290
310
329
348
366
385
407
427
445
463
484
503
516
528
542
554
563
572
586
598
604
607
614
624
629
628
628
630
629
624
620
620
615
606
599
595
588
578
567
559
550
539
526
516
505
490
475
463
451
435
420
406
392
376
360
346
330
311
294
280
267
250
231
212
194
176
160
145
130
110
90
75
60
43
25
9
-7
-25
-42
-56
-68
-85
-104
-121
-135
-152
-172
-190
-205
-221
-241
-261
-275
-289
-304
-322
-339
-356
-374
-392
-406
-419
-432
-446
-461
-476
-490
-503
-515
-525
-536
-547
-558
-569
-580
-590
-599
-612
-627
-640
-648
-657
-669
-682
-691
-699
-708
-716
-718
-716
-717
-722
-722
-714
-702
-691
-680
-663
-644
-626
-612
-600
-588
-577
-567
-556
-544
-533
-522
-510
-496
-479
-459
-440
-420
-393
-357
-320
-289
-264
-237
-206
-175
-146
-111
-69
-29
7
46
93
139
172
196
225
262
296
320
341
366
392
414
434
458
486
514
540
569
601
630
654
671
686
704
723
737
746
756
771
787
794
798
806
813
811
802
797
797
789
771
755
752
750
735
717
709
706
696
678
667
662
653
635
619
609
596
574
551
535
523
507
487
469
453
434
411
388
365
340
314
290
268
248
229
210
190
172
157
145
129
110
92
75
58
39
19
0
-19
-40
-59
-75
-90
-107
-125
-143
-160
-180
-203
-228
-253
-275
-297
-318
-337
-353
-367
-382
-402
-422
-439
-456
-475
-494
-510
-525
-542
-560
-575
-587
-600
-615
-627
-635
-643
-655
-670
-685
-699
-714
-725
-735
-747
-763
-779
-790
-800
-811
-822
-829
-831
-832
-833
-834
-834
-834
-834
-826
-807
-779
-749
-722
-697
-671
-649
-637
-633
-623
-604
-584
-569
-555
-537
-520
-510
-501
-481
-450
-415
-380
-337
-291
-251
-222
-196
-165
-134
-101
-57
1
61
111
158
205
248
281
308
341
376
404
425
448
477
503
521
540
565
597
629
661
695
728
755
776
793
808
824
840
853
863
873
887
901
910
913
914
911
899
878
859
849
840
824
804
790
782
771
757
744
733
720
706
697
690
678
656
631
611
594
574
555
541
530
514
494
475
455
429
396
363
339
319
296
269
245
228
212
193
174
160
146
128
110
94
81
61
35
10
-7
-24
-46
-69
-84
-95
-111
-133
-154
-173
-197
-226
-255
-280
-302
-326
-349
-367
-383
-398
-414
-432
-453
-474
-491
-505
-523
-545
-566
-585
-602
-620
-637
-652
-667
-681
-694
-705
-714
-725
-740
-760
-782
-801
-813
-825
-844
-866
-880
-883
-887
-898
-909
-912
-910
-910
-915
-916
-907
-891
-874
-855
-826
-788
-753
-731
-716
-698
-678
-664
-659
-652
-634
-610
-591
-577
-565
-552
-533
-502
-458
-414
-373
-331
-284
-240
-204
-173
-139
-98
-53
1
65
131
186
226
261
297
335
373
407
433
455
482
513
539
557
574
599
633
671
710
749
781
804
826
852
877
894
906
922
942
957
964
968
973
976
976
972
963
951
933
911
890
875
865
851
833
817
811
810
801
784
766
754
745
732
717
697
673
644
620
602
586
567
548
530
514
493
468
441
411
378
345
318
297
277
257
237
219
203
186
168
150
131
114
94
72
50
28
5
-21
-47
-68
-88
-107
-124
-140
-155
-174
-198
-227
-257
-285
-313
-341
-368
-390
-408
-425
-445
-465
-482
-501
-524
-548
-565
-577
-591
-613
-638
-659
-679
-699
-718
-733
-744
-753
-764
-778
-792
-808
-826
-848
-875
-903
-923
-935
-945
-963
-984
-996
-997
-995
-1001
-1009
-1004
-989
-978
-971
-951
-909
-866
-843
-827
-796
-757
-737
-739
-737
-713
-683
-669
-662
-646
-626
-615
-607
-587
-552
-512
-469
-417
-358
-307
-269
-237
-203
-164
-117
-58
9
74
129
182
236
284
319
345
375
416
458
491
513
531
551
572
592
620
662
710
751
785
820
859
890
909
924
944
968
989
1004
1017
1026
1032
1035
1037
1036
1033
1027
1017
1000
980
959
939
922
908
898
886
873
860
848
838
826
812
798
783
764
743
724
704
678
650
626
605
584
564
546
528
501
468
438
414
388
356
324
298
276
253
232
216
202
186
164
139
116
94
72
49
26
0
-27
-54
-76
-95
-114
-135
-157
-176
-194
-215
-240
-271
-306
-342
-374
-400
-422
-441
-459
-477
-498
-522
-547
-569
-589
-608
-628
-647
-667
-687
-707
-727
-746
-764
-779
-789
-798
-805
-812
-822
-842
-871
-899
-918
-930
-946
-968
-991
-1008
-1018
-1025
-1031
-1039
-1049
-1055
-1052
-1041
-1028
-1015
-995
-962
-920
-876
-835
-796
-763
-741
-731
-721
-701
-677
-659
-646
-629
-606
-590
-586
-581
-559
-517
-468
-418
-366
-312
-266
-229
-194
-156
-114
-67
-5
73
157
230
285
328
367
402
439
480
520
552
573
591
609
628
644
658
681
719
770
822
863
894
917
935
950
967
988
1009
1028
1046
1062
1074
1078
1077
1076
1078
1077
1068
1050
1026
999
970
943
920
900
881
864
852
846
839
824
802
781
766
755
741
719
692
662
634
610
590
573
556
537
515
492
468
441
407
368
330
298
273
248
222
200
183
166
147
129
115
100
78
54
33
14
-11
-41
-67
-89
-111
-135
-155
-169
-183
-201
-219
-241
-271
-309
-345
-376
-403
-431
-457
-477
-493
-510
-528
-548
-569
-590
-607
-618
-629
-644
-665
-689
-715
-740
-762
-777
-786
-791
-796
-804
-815
-828
-845
-867
-888
-905
-921
-942
-965
-981
-988
-998
-1017
-1035
-1037
-1025
-1017
-1018
-1020
-1011
-997
-979
-947
-894
-833
-789
-765
-740
-706
-679
-674
-676
-662
-629
-596
-575
-559
-541
-530
-526
-515
-481
-430
-376
-323
-269
-215
-177
-153
-126
-86
-34
27
96
175
254
322
377
424
464
495
518
544
579
616
639
647
653
669
695
722
750
786
828
865
893
918
944
962
970
975
990
1013
1031
1041
1048
1057
1062
1063
1062
1058
1044
1021
995
968
938
905
875
854
839
824
810
799
788
774
760
745
727
705
682
663
643
616
589
566
546
526
507
493
480
460
431
399
368
336
302
268
237
210
191
180
169
153
134
118
103
82
56
32
16
-2
-28
-56
-82
-105
-127
-145
-160
-176
-192
-203
-212
-229
-258
-293
-327
-361
-396
-424
-443
-458
-477
-498
-514
-529
-549
-570
-587
-602
-623
-644
-659
-671
-692
-722
-750
-766
-776
-784
-787
-783
-781
-791
-811
-833
-852
-873
-900
-928
-955
-975
-989
-999
-1009
-1021
-1033
-1039
-1039
-1032
-1019
-1003
-989
-978
-953
-905
-844
-793
-757
-719
-677
-649
-647
-650
-632
-602
-584
-576
-558
-525
-506
-511
-514
-491
-447
-401
-352
-287
-216
-162
-129
-103
-69
-27
25
99
192
281
349
399
445
486
518
542
567
599
634
663
680
686
689
693
703
724
763
816
871
911
937
956
972
983
993
1008
1027
1043
1057
1067
1071
1068
1060
1057
1053
1041
1017
990
966
944
912
872
839
819
808
797
781
766
754
739
719
698
686
676
654
619
586
562
538
507
479
464
454
439
420
401
380
347
306
270
241
211
180
155
140
127
112
98
87
71
47
22
3
-13
-34
-61
-90
-117
-141
-161
-178
-195
-213
-228
-237
-244
-255
-278
-309
-345
-382
-419
-451
-475
-492
-508
-527
-547
-564
-580
-600
-622
-638
-648
-657
-676
-700
-723
-742
-763
-788
-808
-815
-811
-805
-801
-803
-816
-839
-866
-887
-905
-927
-951
-971
-988
-1006
-1026
-1040
-1049
-1059
-1071
-1072
-1057
-1037
-1025
-1006
-963
-904
-850
-806
-758
-703
-663
-647
-636
-613
-585
-569
-556
-531
-500
-486
-494
-499
-482
-446
-402
-354
-299
-244
-199
-166
-134
-99
-60
-13
50
134
229
319
388
439
482
524
568
612
655
692
714
721
724
728
731
730
741
776
825
869
901
930
955
968
971
980
1005
1031
1046
1054
1065
1077
1078
1073
1075
1083
1085
1071
1046
1015
976
931
887
851
822
796
777
766
755
735
707
684
668
658
644
627
608
584
551
512
480
458
441
422
408
402
396
377
342
302
264
225
182
148
130
116
96
74
61
54
39
14
-9
-21
-29
-43
-63
-83
-107
-138
-173
-200
-215
-224
-233
-240
-244
-248
-262
-290
-327
-366
-402
-435
-463
-483
-497
-514
-537
-561
-577
-590
-605
-622
-633
-639
-651
-674
-699
-722
-742
-762
-779
-788
-789
-788
-789
-796
-807
-822
-837
-854
-873
-896
-918
-939
-962
-987
-1010
-1024
-1028
-1026
-1025
-1024
-1021
-1016
-1010
-999
-976
-935
-879
-817
-756
-698
-652
-625
-615
-610
-600
-582
-556
-521
-482
-447
-426
-418
-414
-408
-396
-370
-322
-254
-184
-128
-89
-57
-27
4
40
93
171
268
366
453
526
582
615
633
652
683
716
738
753
774
793
797
790
796
823
856
883
914
954
988
996
986
985
998
1013
1020
1031
1049
1066
1070
1066
1062
1057
1045
1024
1003
981
948
904
858
819
785
752
724
708
700
688
667
641
620
601
579
555
534
514
490
461
432
410
392
379
369
358
342
321
297
271
237
196
157
128
108
91
77
64
51
33
15
-3
-18
-32
-42
-52
-71
-99
-125
-145
-161
-184
-208
-226
-233
-236
-237
-240
-250
-275
-313
-352
-385
-413
-442
-473
-498
-513
-521
-530
-547
-569
-593
-615
-635
-652
-664
-672
-684
-705
-731
-750
-758
-765
-777
-783
-777
-770
-777
-799
-822
-842
-871
-912
-952
-976
-990
-1007
-1025
-1035
-1041
-1053
-1066
-1066
-1049
-1028
-1011
-990
-949
-891
-827
-765
-708
-664
-636
-618
-603
-587
-566
-539
-511
-489
-468
-440
-413
-402
-406
-401
-369
-313
-251
-187
-125
-78
-52
-30
5
54
112
186
282
384
468
530
580
619
645
663
694
737
775
795
806
815
816
808
802
815
849
895
942
978
999
1004
998
992
995
1010
1028
1041
1048
1055
1065
1067
1052
1032
1023
1022
1008
980
949
917
875
822
774
744
725
705
687
674
660
637
608
583
562
542
522
501
475
442
412
393
380
364
349
343
340
326
300
274
247
211
167
131
111
98
78
54
36
25
13
-4
-21
-32
-43
-57
-76
-95
-117
-142
-171
-195
-211
-220
-228
-234
-236
-236
-247
-272
-303
-337
-377
-422
-457
-475
-488
-509
-533
-546
-554
-575
-608
-632
-638
-641
-656
-677
-692
-704
-727
-759
-784
-792
-792
-793
-793
-785
-781
-796
-829
-868
-899
-927
-960
-991
-1009
-1014
-1024
-1043
-1058
-1059
-1057
-1065
-1070
-1053
-1014
-973
-929
-873
-806
-752
-719
-686
-641
-600
-581
-569
-537
-489
-449
-430
-420
-409
-403
-405
-399
-368
-312
-251
-194
-143
-95
-53
-22
5
44
106
186
270
351
434
511
564
593
618
657
706
750
788
826
854
857
836
821
828
853
879
905
939
978
1006
1014
1009
1005
1008
1020
1038
1061
1082
1091
1083
1064
1045
1031
1024
1019
1013
1002
978
939
891
843
798
759
728
712
705
693
667
631
600
574
548
522
506
499
489
465
431
397
366
337
316
309
312
310
295
270
240
205
164
128
102
86
74
64
53
37
14
-13
-38
-60
-78
-88
-93
-101
-119
-145
-171
-191
-210
-230
-247
-256
-258
-261
-271
-287
-307
-335
-371
-406
-431
-446
-463
-486
-506
-519
-537
-568
-599
-617
-626
-641
-664
-680
-686
-697
-722
-751
-770
-780
-788
-793
-787
-773
-766
-780
-810
-839
-861
-886
-923
-959
-979
-984
-998
-1023
-1041
-1040
-1037
-1051
-1065
-1050
-1011
-978
-957
-919
-850
-775
-724
-691
-652
-607
-572
-550
-524
-488
-454
-430
-405
-374
-354
-359
-378
-378
-340
-278
-219
-170
-118
-62
-16
12
38
85
150
218
291
381
480
556
594
622
665
713
749
782
828
871
884
869
856
859
865
865
880
918
962
987
993
998
1003
1003
1002
1010
1031
1051
1063
1064
1059
1049
1037
1025
1017
1014
1011
995
959
912
869
830
784
735
702
687
669
636
602
578
557
527
497
481
474
457
429
402
380
353
320
300
297
299
294
285
273
251
216
179
150
123
89
53
29
18
7
-14
-39
-60
-78
-95
-109
-117
-125
-139
-158
-175
-192
-214
-237
-247
-246
-245
-253
-265
-273
-287
-315
-349
-379
-407
-441
-473
-492
-501
-519
-552
-585
-608
-625
-642
-652
-656
-668
-695
-726
-746
-757
-771
-787
-793
-786
-775
-774
-782
-795
-811
-832
-856
-881
-905
-930
-955
-980
-1005
-1028
-1045
-1057
-1066
-1073
-1072
-1057
-1034
-1013
-990
-948
-877
-798
-736
-696
-662
-625
-594
-569
-538
-494
-453
-423
-402
-381
-371
-378
-386
-374
-336
-287
-233
-175
-124
-91
-70
-47
-9
42
105
187
287
385
461
518
571
622
666
706
755
811
855
872
869
867
872
872
867
872
900
937
962
971
977
984
986
984
988
1001
1015
1023
1027
1032
1039
1041
1039
1040
1043
1039
1019
982
937
896
858
818
774
737
714
693
662
625
592
563
536
510
492
476
452
418
385
357
332
309
296
293
288
278
268
263
250
220
181
148
123
98
71
49
32
13
-11
-31
-42
-52
-71
-92
-106
-116
-135
-160
-182
-196
-212
-234
-251
-257
-256
-256
-258
-259
-266
-288
-320
-354
-385
-416
-442
-462
-481
-502
-523
-539
-554
-573
-598
-620
-635
-648
-663
-683
-709
-737
-759
-772
-786
-800
-799
-782
-772
-784
-805
-817
-828
-854
-891
-917
-932
-956
-991
-1018
-1024
-1026
-1040
-1056
-1059
-1050
-1043
-1040
-1030
-999
-946
-887
-833
-777
-711
-648
-610
-596
-578
-540
-499
-471
-448
-412
-374
-360
-367
-368
-353
-327
-290
-231
-160
-103
-70
-43
-10
27
62
105
172
263
362
453
531
595
644
680
711
750
801
851
881
889
891
894
890
879
881
903
929
946
965
994
1014
1004
978
971
989
1005
1006
1012
1031
1046
1044
1037
1040
1046
1038
1013
985
956
919
869
819
779
743
707
675
650
627
596
557
522
497
478
456
432
410
386
357
326
300
284
278
278
283
287
280
260
232
199
161
122
88
62
42
26
10
-8
-30
-52
-70
-83
-93
-103
-110
-117
-132
-156
-185
-211
-229
-240
-243
-240
-235
-231
-235
-250
-275
-303
-335
-369
-402
-426
-445
-464
-487
-511
-536
-564
-594
-616
-625
-634
-653
-677
-695
-710
-733
-760
-779
-782
-778
-776
-777
-778
-780
-793
-815
-839
-862
-892
-927
-961
-984
-1001
-1021
-1042
-1053
-1052
-1049
-1054
-1055
-1040
-1015
-990
-956
-896
-820
-757
-713
-674
-629
-592
-575
-562
-530
-481
-436
-409
-392
-381
-379
-381
-371
-336
-283
-226
-175
-125
-76
-33
-4
17
49
103
183
277
373
458
524
572
612
656
705
753
796
834
864
879
879
875
872
871
878
900
936
971
990
995
999
1002
1001
995
995
1007
1022
1031
1032
1031
1032
1034
1037
1041
1041
1028
998
958
915
875
836
799
764
733
706
679
647
611
574
543
518
497
479
459
434
402
367
336
316
309
310
313
313
308
297
278
248
213
180
156
133
107
79
59
44
22
-8
-35
-51
-60
-73
-88
-103
-120
-143
-169
-191
-205
-216
-228
-237
-237
-231
-229
-234
-247
-263
-287
-321
-359
-392
-415
-438
-465
-492
-513
-533
-559
-588
-609
-622
-634
-649
-667
-685
-707
-731
-751
-765
-775
-782
-783
-776
-771
-775
-791
-818
-851
-886
-916
-940
-963
-989
-1020
-1049
-1069
-1075
-1073
-1070
-1067
-1056
-1034
-1011
-988
-951
-894
-836
-791
-752
-698
-640
-605
-597
-586
-551
-506
-471
-446
-418
-393
-385
-390
-386
-361
-324
-280
-222
-152
-87
-46
-24
3
53
118
188
262
345
433
507
560
596
629
662
695
736
789
840
868
872
867
866
868
875
896
930
961
977
988
1005
1018
1015
1004
1008
1029
1050
1063
1071
1071
1057
1037
1029
1036
1036
1017
990
969
946
906
855
811
780
754
726
696
664
634
603
571
536
504
479
459
440
419
396
371
344
321
310
306
295
275
261
255
240
208
172
150
134
111
80
52
31
9
-16
-36
-52
-71
-92
-107
-118
-132
-151
-167
-179
-195
-215
-232
-238
-240
-245
-258
-270
-280
-291
-309
-338
-371
-403
-430
-452
-472
-490
-512
-539
-569
-595
-615
-638
-663
-682
-690
-695
-705
-723
-739
-751
-759
-769
-779
-784
-786
-791
-807
-835
-866
-893
-923
-960
-995
-1014
-1021
-1037
-1061
-1076
-1073
-1070
-1078
-1079
-1053
-1013
-983
-951
-891
-811
-751
-723
-699
-654
-611
-594
-585
-549
-493
-461
-456
-442
-404
-374
-379
-387
-356
-292
-232
-184
-130
-74
-44
-31
4
75
149
207
274
373
475
542
577
612
657
692
721
764
818
857
868
869
872
876
876
881
899
929
961
990
1010
1017
1015
1011
1012
1020
1038
1061
1075
1073
1071
1081
1088
1075
1049
1034
1028
1008
968
924
887
847
799
757
729
705
673
640
614
586
548
509
484
468
448
424
404
384
358
333
319
313
303
286
275
271
258
229
193
161
126
84
49
34
27
8
-20
-41
-52
-70
-99
-123
-132
-137
-152
-172
-185
-194
-211
-232
-245
-250
-254
-259
-261
-264
-279
-309
-347
-379
-403
-425
-448
-471
-492
-513
-536
-562
-586
-607
-624
-639
-650
-658
-670
-690
-715
-738
-757
-769
-773
-770
-769
-780
-795
-807
-823
-853
-892
-925
-948
-973
-1001
-1021
-1034
-1056
-1081
-1087
-1072
-1062
-1067
-1061
-1023
-969
-924
-883
-825
-762
-722
-705
-682
-645
-613
-595
-569
-523
-478
-453
-444
-434
-424
-419
-407
-372
-318
-263
-214
-165
-122
-95
-74
-34
36
117
197
284
378
461
514
550
590
636
677
714
757
804
835
842
841
846
852
858
875
908
946
973
989
1002
1009
1008
1007
1016
1033
1052
1069
1084
1094
1097
1100
1109
1111
1093
1061
1031
1006
976
936
891
849
813
784
759
728
688
645
610
584
560
533
510
487
457
420
388
370
357
344
333
331
333
323
300
272
243
210
171
133
107
89
66
35
8
-10
-26
-49
-75
-90
-94
-102
-124
-150
-170
-187
-206
-225
-237
-243
-248
-252
-250
-247
-251
-271
-301
-332
-361
-389
-415
-437
-457
-480
-505
-528
-547
-564
-584
-604
-618
-627
-640
-658
-677
-694
-716
-742
-763
-768
-762
-760
-765
-773
-783
-804
-839
-876
-905
-928
-953
-983
-1009
-1026
-1039
-1055
-1070
-1075
-1069
-1064
-1058
-1039
-994
-937
-888
-850
-808
-757
-711
-682
-663
-638
-607
-575
-547
-518
-490
-468
-456
-448
-440
-427
-400
-354
-294
-234
-187
-154
-129
-101
-60
-7
58
136
226
321
406
476
533
579
612
642
680
729
776
807
826
837
840
836
840
862
894
922
948
978
1009
1020
1010
1002
1010
1029
1044
1055
1068
1087
1107
1124
1134
1132
1115
1088
1062
1039
1010
969
921
876
840
812
782
745
706
670
638
606
579
561
543
515
477
441
415
396
375
360
357
358
351
338
324
307
277
233
190
158
134
109
79
50
27
6
-16
-38
-56
-67
-77
-92
-115
-136
-152
-168
-190
-214
-229
-234
-239
-247
-254
-253
-253
-264
-289
-318
-347
-376
-407
-435
-458
-479
-504
-529
-548
-560
-571
-588
-609
-629
-642
-652
-665
-683
-707
-734
-754
-764
-766
-770
-776
-783
-791
-807
-836
-869
-896
-920
-950
-983
-1008
-1021
-1032
-1047
-1060
-1061
-1058
-1059
-1056
-1032
-982
-926
-880
-843
-800
-754
-723
-709
-694
-663
-626
-598
-576
-544
-504
-478
-472
-472
-459
-434
-403
-362
-304
-242
-199
-174
-149
-112
-67
-17
50
134
223
306
387
463
522
557
584
620
665
706
743
782
815
831
835
842
861
882
900
924
960
997
1020
1028
1030
1029
1028
1030
1039
1053
1071
1094
1123
1145
1149
1133
1109
1083
1055
1023
992
965
937
904
869
834
799
759
716
680
655
639
618
586
548
513
479
442
407
385
378
374
365
354
347
336
310
275
241
212
179
143
111
89
68
45
21
1
-18
-37
-56
-74
-96
-121
-142
-157
-170
-186
-204
-220
-237
-252
-261
-260
-258
-261
-271
-286
-308
-338
-372
-400
-423
-443
-462
-476
-490
-508
-531
-551
-570
-591
-615
-634
-645
-656
-672
-693
-713
-731
-747
-756
-756
-750
-750
-761
-783
-810
-839
-869
-898
-926
-953
-983
-1013
-1033
-1039
-1039
-1046
-1058
-1062
-1051
-1035
-1019
-989
-941
-891
-858
-829
-787
-738
-709
-702
-688
-653
-615
-590
-562
-519
-481
-476
-490
-486
-454
-419
-388
-341
-273
-208
-174
-155
-120
-62
-2
53
118
203
295
376
442
495
536
566
598
646
711
770
806
824
838
854
864
872
889
918
945
964
985
1017
1043
1047
1039
1043
1064
1084
1099
1115
1136
1145
1138
1130
1133
1133
1110
1074
1048
1032
1007
966
929
903
877
836
786
743
710
678
646
615
586
555
521
490
461
431
399
370
352
342
337
326
307
283
255
222
187
154
128
108
86
61
35
12
-13
-38
-62
-84
-107
-129
-148
-159
-170
-185
-205
-225
-244
-262
-276
-281
-282
-287
-296
-304
-312
-329
-354
-380
-400
-419
-439
-455
-464
-475
-496
-522
-543
-562
-584
-609
-625
-631
-638
-654
-677
-697
-714
-728
-740
-747
-752
-758
-768
-780
-798
-825
-858
-889
-917
-942
-963
-977
-992
-1014
-1037
-1047
-1042
-1039
-1049
-1053
-1028
-983
-942
-909
-865
-808
-766
-746
-726
-688
-652
-639
-629
-590
-533
-502
-502
-494
-463
-440
-441
-431
-379
-306
-254
-221
-180
-134
-108
-92
-48
36
126
200
276
371
459
515
547
584
630
672
710
759
813
848
857
861
877
899
915
932
963
1002
1033
1049
1056
1058
1053
1047
1050
1068
1091
1107
1121
1143
1169
1181
1171
1148
1124
1098
1066
1034
1008
980
941
898
861
831
793
744
699
672
652
624
586
549
514
472
425
385
359
341
327
321
323
320
300
266
233
203
171
133
99
71
47
20
-8
-30
-52
-77
-102
-121
-135
-151
-171
-190
-205
-223
-245
-266
-281
-293
-302
-308
-307
-303
-305
-315
-328
-343
-363
-389
-417
-439
-451
-461
-477
-496
-512
-527
-546
-568
-587
-602
-615
-628
-641
-652
-669
-694
-716
-724
-723
-727
-739
-747
-747
-757
-786
-822
-847
-869
-901
-938
-961
-968
-980
-1005
-1024
-1027
-1029
-1042
-1052
-1031
-988
-948
-915
-868
-808
-766
-752
-740
-705
-664
-643
-626
-584
-527
-492
-487
-486
-474
-466
-465
-447
-395
-332
-284
-249
-210
-176
-161
-147
-102
-24
62
143
230
331
421
479
515
550
594
643
693
748
802
845
870
883
893
903
914
929
956
995
1035
1060
1068
1070
1068
1061
1052
1054
1073
1100
1125
1148
1178
1203
1203
1173
1135
1107
1087
1064
1038
1013
990
959
920
877
832
782
729
688
663
643
616
576
534
495
452
404
361
338
335
337
331
319
307
288
252
202
154
118
87
55
29
14
0
-25
-61
-91
-113
-136
-163
-185
-194
-201
-218
-240
-258
-274
-296
-320
-329
-322
-313
-312
-313
-313
-322
-350
-387
-417
-438
-453
-460
-460
-462
-475
-495
-511
-526
-549
-579
-600
-605
-605
-613
-628
-645
-666
-692
-716
-723
-715
-706
-707
-717
-729
-746
-776
-820
-861
-888
-903
-919
-939
-955
-962
-969
-987
-1007
-1016
-1015
-1011
-1001
-964
-902
-845
-814
-795
-760
-714
-684
-677
-666
-627
-578
-542
-514
-479
-445
-434
-446
-450
-426
-386
-348
-304
-245
-186
-155
-150
-137
-97
-43
9
73
169
281
374
434
483
538
584
612
642
702
776
831
861
886
914
928
926
933
966
1006
1030
1046
1073
1100
1101
1078
1061
1066
1079
1085
1095
1122
1160
1184
1186
1173
1154
1130
1099
1068
1042
1017
989
960
933
903
861
807
755
716
688
657
619
583
552
514
464
410
367
336
312
296
288
284
274
255
228
198
159
113
69
35
12
-7
-29
-54
-80
-103
-125
-147
-171
-192
-209
-228
-248
-266
-280
-297
-323
-350
-364
-364
-359
-356
-353
-350
-354
-369
-392
-418
-443
-463
-475
-480
-488
-497
-506
-513
-526
-543
-560
-574
-587
-600
-610
-619
-633
-654
-677
-694
-704
-705
-700
-699
-710
-731
-749
-764
-787
-825
-863
-885
-897
-918
-945
-959
-960
-970
-998
-1020
-1016
-1002
-995
-982
-937
-871
-822
-793
-759
-710
-676
-671
-668
-637
-587
-549
-523
-490
-452
-431
-432
-433
-416
-387
-354
-313
-260
-210
-178
-159
-138
-109
-71
-20
51
143
244
341
423
491
545
583
609
639
688
750
807
851
891
931
957
963
966
984
1014
1039
1059
1087
1117
1126
1108
1086
1076
1073
1071
1082
1117
1165
1200
1210
1201
1181
1149
1107
1068
1037
1013
991
969
948
923
884
832
775
727
692
664
638
609
572
524
466
409
359
320
292
277
275
279
276
261
234
195
144
91
47
20
1
-17
-38
-58
-79
-103
-132
-163
-186
-203
-219
-239
-258
-276
-298
-330
-364
-387
-396
-395
-388
-374
-362
-361
-373
-388
-403
-424
-453
-477
-486
-482
-479
-487
-502
-516
-526
-537
-555
-572
-580
-584
-598
-621
-644
-662
-684
-710
-724
-714
-697
-697
-707
-711
-718
-749
-795
-828
-844
-865
-898
-923
-932
-941
-966
-991
-999
-999
-1007
-1012
-995
-963
-931
-896
-847
-797
-765
-739
-702
-657
-626
-608
-580
-538
-502
-480
-453
-413
-390
-397
-404
-370
-312
-269
-246
-210
-155
-116
-104
-82
-24
46
96
144
227
333
413
461
518
594
655
685
719
782
849
884
901
932
972
993
997
1017
1054
1081
1089
1101
1125
1142
1137
1127
1128
1128
1112
1098
1111
1144
1168
1168
1161
1159
1148
1115
1072
1038
1015
987
955
929
911
884
836
783
743
710
671
629
596
566
526
474
423
375
325
279
251
240
229
211
198
187
157
104
56
30
5
-35
-73
-82
-81
-101
-137
-161
-170
-190
-227
-253
-253
-255
-280
-311
-327
-340
-371
-410
-427
-416
-405
-409
-411
-399
-390
-406
-436
-457
-466
-481
-503
-512
-499
-490
-503
-528
-539
-540
-552
-576
-591
-590
-594
-621
-652
-667
-670
-684
-709
-724
-717
-703
-706
-732
-763
-784
-807
-844
-888
-917
-926
-940
-970
-997
-1003
-997
-1007
-1028
-1031
-1012
-993
-982
-954
-895
-826
-776
-741
-700
-653
-618
-599
-576
-537
-496
-466
-442
-410
-370
-338
-327
-327
-311
-266
-208
-159
-120
-80
-40
-13
10
52
117
186
248
322
420
520
590
641
702
769
812
830
858
910
959
979
989
1016
1049
1061
1060
1078
1116
1141
1138
1128
1133
1140
1125
1098
1082
1078
1071
1065
1077
1109
1131
1121
1091
1065
1044
1013
969
929
901
874
837
795
759
725
684
635
593
563
533
491
443
397
352
296
233
180
152
140
130
119
110
100
86
65
41
12
-24
-63
-95
-116
-131
-149
-169
-189
-204
-218
-233
-246
-258
-270
-288
-313
-341
-366
-388
-410
-429
-440
-441
-434
-423
-411
-403
-404
-418
-439
-461
-476
-483
-485
-486
-490
-494
-497
-501
-508
-517
-525
-535
-549
-566
-579
-590
-612
-648
-685
-705
-708
-709
-717
-729
-738
-750
-776
-812
-847
-876
-908
-945
-974
-984
-991
-1011
-1038
-1048
-1045
-1055
-1076
-1073
-1023
-955
-903
-854
-783
-707
-665
-655
-634
-591
-554
-533
-496
-424
-352
-321
-316
-302
-275
-255
-237
-195
-127
-65
-26
1
25
43
56
83
141
226
324
426
529
620
688
730
756
781
821
873
926
972
1018
1062
1086
1082
1073
1085
1112
1130
1137
1154
1184
1192
1160
1113
1081
1060
1037
1023
1038
1074
1103
1111
1105
1088
1047
989
941
915
894
863
829
803
780
743
692
640
600
568
538
509
479
442
392
331
263
201
153
125
115
116
120
117
103
83
60
28
-11
-49
-76
-93
-107
-121
-132
-143
-164
-194
-220
-232
-237
-246
-263
-283
-304
-330
-357
-382
-402
-417
-423
-412
-390
-374
-374
-386
-400
-414
-434
-454
-466
-466
-464
-467
-471
-471
-475
-489
-501
-500
-494
-504
-534
-563
-580
-600
-634
-665
-677
-681
-689
-694
-686
-680
-703
-746
-779
-794
-817
-862
-906
-931
-945
-968
-994
-1009
-1016
-1031
-1056
-1076
-1078
-1070
-1068
-1067
-1038
-966
-875
-798
-742
-677
-592
-522
-496
-487
-453
-399
-357
-327
-275
-201
-155
-156
-159
-120
-57
-15
10
52
116
161
170
173
196
235
278
337
431
554
672
758
819
872
915
940
956
984
1032
1082
1116
1143
1176
1201
1198
1173
1162
1176
1189
1183
1171
1164
1146
1098
1032
978
943
921
916
938
981
1015
1017
990
948
898
842
788
748
727
717
702
670
626
583
541
495
453
430
425
414
377
316
249
180
110
51
20
13
20
36
61
80
72
38
-4
-42
-78
-110
-128
-129
-130
-144
-166
-181
-189
-205
-232
-257
-267
-266
-274
-303
-346
-384
-407
-423
-437
-439
-417
-383
-359
-355
-362
-372
-393
-428
-461
-473
-470
-474
-487
-493
-483
-471
-477
-495
-511
-522
-535
-555
-582
-613
-651
-689
-714
-722
-724
-728
-729
-723
-721
-738
-772
-810
-845
-889
-944
-990
-1005
-1003
-1015
-1051
-1084
-1092
-1089
-1104
-1133
-1146
-1128
-1091
-1042
-975
-889
-799
-711
-615
-509
-422
-375
-344
-292
-225
-181
-170
-152
-99
-34
3
16
43
98
150
177
197
233
276
294
291
299
341
398
450
507
594
709
824
919
997
1058
1095
1113
1129
1150
1166
1174
1188
1215
1243
1252
1241
1219
1188
1149
1114
1089
1062
1022
975
929
881
830
788
765
756
753
766
799
827
817
773
729
698
659
604
562
556
567
562
531
495
469
439
391
335
294
273
247
198
136
89
60
29
-11
-38
-29
0
22
35
52
61
42
2
-25
-34
-55
-103
-144
-143
-115
-106
-131
-166
-193
-219
-255
-292
-319
-344
-375
-405
-415
-412
-421
-450
-473
-468
-443
-426
-421
-417
-415
-430
-460
-478
-472
-465
-480
-502
-504
-486
-479
-503
-545
-584
-614
-638
-665
-697
-729
-750
-754
-753
-760
-779
-804
-831
-857
-869
-863
-860
-886
-930
-959
-964
-984
-1038
-1101
-1135
-1142
-1149
-1166
-1182
-1190
-1194
-1185
-1142
-1054
-933
-799
-662
-530
-409
-302
-218
-163
-130
-89
-18
76
162
228
284
335
369
380
387
405
429
451
476
505
522
509
479
464
480
517
570
651
760
877
970
1031
1068
1091
1106
1110
1110
1123
1154
1188
1205
1201
1187
1169
1136
1082
1024
979
937
880
815
756
693
606
505
432
409
410
405
408
441
487
508
495
470
444
415
392
398
426
442
432
424
442
465
457
423
398
388
366
317
262
223
185
132
81
65
85
103
102
101
119
141
143
128
110
89
53
17
3
9
5
-19
-42
-46
-50
-88
-157
-224
-269
-305
-355
-418
-475
-511
-529
-544
-563
-578
-581
-576
-576
-584
-590
-590
-591
-598
-605
-602
-591
-580
-580
-585
-587
-579
-564
-565
-598
-654
-705
-737
-766
-807
-847
-857
-840
-828
-841
-872
-898
-917
-940
-964
-979
-980
-977
-984
-1002
-1017
-1021
-1022
-1031
-1042
-1043
-1035
-1042
-1078
-1121
-1135
-1104
-1034
-924
-763
-561
-349
-158
1
117
185
220
259
321
393
458
530
628
734
800
815
809
817
833
833
810
774
734
688
632
573
527
511
534
594
685
794
901
981
1020
1018
996
969
942
920
911
923
952
981
990
968
919
854
783
713
642
569
490
407
325
247
177
114
69
59
88
142
201
252
292
318
329
330
327
325
333
359
403
455
499
532
561
586
603
606
597
578
547
504
447
378
309
254
219
201
204
228
258
267
249
222
201
171
119
65
41
33
10
-30
-56
-67
-94
-151
-202
-227
-257
-327
-417
-487
-536
-598
-667
-705
-702
-689
-691
-690
-672
-654
-658
-671
-667
-648
-642
-646
-632
-592
-557
-554
-569
-561
-521
-480
-471
-489
-507
-518
-544
-601
-669
-718
-738
-739
-729
-707
-684
-677
-693
-717
-736
-756
-789
-827
-852
-860
-862
-871
-886
-898
-900
-899
-911
-953
-1024
-1104
-1165
-1190
-1172
-1099
-959
-755
-514
-269
-38
165
318
400
422
432
471
529
573
606
668
778
892
952
945
909
871
823
751
659
569
495
437
393
366
367
410
493
594
695
795
894
965
981
952
920
911
909
894
878
881
894
890
858
805
734
647
557
474
385
273
149
51
2
-10
-10
-5
18
78
171
271
339
369
385
413
442
461
478
510
547
566
583
633
706
738
695
627
600
608
589
517
420
336
269
211
170
151
143
140
162
219
277
288
245
181
118
55
-8
-51
-63
-67
-88
-117
-128
-131
-166
-249
-348
-421
-472
-532
-611
-689
-746
-776
-782
-765
-730
-685
-633
-575
-522
-490
-487
-501
-516
-518
-504
-476
-445
-418
-386
-338
-289
-269
-286
-319
-345
-372
-417
-479
-536
-584
-628
-667
-684
-669
-635
-610
-605
-610
-609
-612
-652
-741
-844
-923
-976
-1020
-1056
-1064
-1061
-1087
-1147
-1196
-1226
-1295
-1436
-1571
-1598
-1528
-1447
-1361
-1179
-872
-551
-314
-117
129
382
526
564
630
787
947
1018
1051
1145
1282
1357
1346
1325
1337
1322
1229
1095
976
858
703
540
444
425
427
431
484
607
737
809
832
859
894
895
857
821
807
797
771
749
747
750
727
667
578
471
356
241
124
-8
-139
-230
-262
-264
-269
-259
-198
-87
35
144
249
354
435
477
500
534
584
644
709
784
868
944
995
1016
1005
965
896
803
700
599
500
394
289
211
174
160
145
137
155
181
173
128
84
56
11
-80
-176
-218
-208
-206
-228
-234
-203
-184
-231
-331
-430
-514
-614
-742
-847
-886
-872
-857
-854
-838
-792
-733
-683
-641
-597
-558
-533
-512
-482
-448
-428
-412
-373
-304
-226
-161
-111
-79
-78
-112
-162
-208
-257
-326
-404
-460
-478
-482
-495
-517
-537
-555
-574
-598
-630
-688
-778
-880
-968
-1039
-1112
-1189
-1242
-1258
-1264
-1295
-1350
-1408
-1482
-1603
-1761
-1887
-1925
-1881
-1769
-1563
-1241
-853
-481
-146
171
435
579
616
666
808
986
1122
1249
1445
1671
1805
1822
1807
1804
1751
1607
1447
1344
1247
1066
825
635
534
463
401
407
513
656
765
834
882
882
806
693
612
570
529
496
522
603
662
636
554
466
363
207
14
-153
-264
-348
-427
-481
-494
-489
-490
-473
-395
-252
-84
81
238
376
468
509
526
550
586
640
740
909
1108
1255
1298
1262
1194
1104
964
779
603
486
423
368
295
220
162
119
87
73
82
93
80
49
18
-22
-92
-179
-245
-270
-273
-263
-227
-173
-149
-193
-275
-348
-418
-536
-701
-843
-906
-909
-901
-895
-870
-817
-752
-694
-652
-622
-598
-567
-527
-479
-429
-378
-323
-266
-198
-118
-45
-2
15
28
32
-1
-77
-155
-205
-249
-317
-386
-415
-416
-444
-497
-516
-481
-466
-534
-647
-719
-748
-814
-955
-1105
-1189
-1217
-1255
-1326
-1401
-1458
-1514
-1589
-1678
-1778
-1901
-2046
-2158
-2173
-2077
-1893
-1629
-1261
-803
-336
53
342
567
745
865
953
1078
1285
1536
1761
1942
2098
2218
2247
2173
2053
1936
1805
1618
1397
1198
1026
833
620
455
392
399
422
465
554
654
701
688
662
635
572
473
410
431
492
526
534
551
554
488
346
175
0
-187
-371
-504
-572
-619
-676
-716
-706
-666
-613
-525
-374
-192
-28
116
264
402
482
513
564
681
837
996
1155
1312
1425
1451
1399
1303
1173
999
804
641
534
458
382
310
256
215
169
113
56
3
-46
-87
-115
-136
-161
-186
-197
-188
-175
-175
-181
-180
-170
-173
-211
-285
-383
-487
-587
-673
-740
-788
-819
-829
-807
-759
-713
-692
-691
-678
-636
-578
-525
-475
-411
-334
-266
-213
-159
-93
-34
-5
6
35
77
90
49
-16
-65
-100
-146
-199
-228
-236
-260
-313
-362
-382
-404
-471
-568
-644
-695
-761
-860
-948
-994
-1038
-1138
-1281
-1402
-1476
-1554
-1678
-1811
-1883
-1899
-1927
-2012
-2133
-2238
-2289
-2238
-2032
-1664
-1201
-715
-226
254
648
868
934
979
1102
1284
1474
1689
1963
2244
2423
2462
2425
2370
2274
2097
1864
1632
1417
1198
968
757
592
476
405
380
395
435
482
530
568
582
566
528
481
434
393
360
347
367
414
453
431
333
188
31
-138
-326
-505
-626
-679
-703
-726
-739
-729
-703
-667
-597
-465
-284
-86
114
312
482
586
632
680
779
923
1080
1236
1386
1504
1550
1509
1390
1208
989
782
639
567
515
444
360
283
207
113
8
-79
-142
-196
-242
-262
-252
-242
-258
-287
-298
-284
-259
-238
-226
-226
-246
-281
-323
-373
-447
-540
-623
-665
-671
-675
-684
-673
-630
-586
-579
-592
-573
-504
-436
-406
-384
-317
-214
-132
-88
-45
14
57
63
61
79
87
55
9
-13
-36
-100
-171
-186
-163
-180
-243
-266
-224
-219
-328
-475
-539
-548
-615
-741
-815
-808
-834
-971
-1148
-1269
-1353
-1467
-1599
-1690
-1751
-1839
-1938
-1999
-2060
-2209
-2413
-2500
-2368
-2105
-1827
-1496
-1008
-403
139
505
743
935
1089
1193
1304
1492
1758
2045
2310
2534
2679
2708
2629
2492
2319
2099
1841
1586
1355
1124
869
610
399
262
189
164
182
239
317
375
373
309
228
177
153
131
118
156
253
350
386
361
305
212
60
-128
-298
-429
-545
-657
-736
-758
-742
-714
-667
-593
-508
-424
-315
-153
36
196
317
437
581
728
860
994
1155
1328
1479
1587
1644
1632
1534
1363
1164
984
848
757
688
610
507
383
251
107
-51
-202
-308
-362
-389
-416
-446
-468
-480
-487
-480
-450
-398
-335
-277
-241
-239
-268
-308
-341
-368
-389
-404
-410
-415
-426
-440
-448
-453
-462
-470
-466
-450
-431
-412
-389
-366
-344
-307
-240
-152
-74
-24
9
37
48
34
12
2
3
-1
-7
-5
-5
-23
-58
-97
-141
-193
-243
-272
-295
-346
-422
-490
-538
-595
-678
-755
-804
-858
-960
-1093
-1214
-1333
-1486
-1658
-1790
-1865
-1931
-2005
-2054
-2075
-2134
-2267
-2386
-2372
-2207
-1956
-1623
-1151
-558
25
484
820
1072
1226
1280
1324
1478
1750
2049
2323
2590
2826
2934
2859
2663
2437
2191
1893
1580
1331
1153
971
737
491
288
136
24
-27
3
73
118
121
110
94
41
-56
-146
-169
-114
-15
94
187
239
229
161
55
-81
-245
-415
-546
-610
-621
-605
-573
-532
-496
-486
-491
-477
-410
-283
-102
117
345
536
670
760
836
914
1002
1125
1311
1534
1721
1800
1757
1618
1410
1169
946
791
702
639
569
489
392
250
50
-170
-357
-490
-576
-625
-637
-629
-629
-642
-642
-613
-567
-520
-466
-393
-312
-246
-209
-203
-227
-271
-310
-325
-322
-319
-314
-292
-261
-250
-270
-297
-318
-343
-381
-407
-397
-360
-327
-294
-239
-163
-97
-64
-48
-31
-21
-20
-5
38
82
85
48
17
9
-5
-49
-92
-92
-57
-40
-72
-134
-201
-278
-383
-502
-594
-644
-684
-747
-834
-925
-1020
-1140
-1285
-1429
-1562
-1699
-1840
-1950
-2005
-2049
-2146
-2297
-2427
-2477
-2448
-2347
-2131
-1759
-1266
-737
-228
245
636
886
1007
1109
1292
1556
1846
2142
2458
2756
2955
3015
2968
2848
2643
2358
2054
1798
1581
1346
1073
800
556
335
137
-13
-99
-143
-163
-150
-108
-78
-104
-176
-242
-271
-269
-233
-143
-4
137
226
246
210
127
4
-135
-258
-349
-409
-434
-430
-424
-453
-511
-554
-551
-512
-450
-347
-181
20
190
305
395
500
618
736
868
1040
1250
1459
1630
1734
1747
1657
1502
1353
1249
1163
1054
929
825
735
607
409
174
-46
-230
-385
-506
-585
-639
-702
-775
-827
-840
-829
-806
-760
-674
-568
-476
-403
-334
-274
-248
-251
-244
-199
-137
-94
-73
-48
-17
-4
-26
-73
-128
-180
-227
-262
-282
-289
-283
-258
-222
-196
-193
-198
-192
-175
-161
-150
-124
-76
-27
3
17
26
32
37
48
65
79
76
57
23
-37
-129
-235
-321
-381
-440
-515
-597
-677
-771
-895
-1035
-1170
-1303
-1452
-1603
-1720
-1794
-1865
-1961
-2061
-2125
-2159
-2203
-2282
-2372
-2421
-2377
-2202
-1891
-1478
-1016
-529
-23
463
853
1100
1249
1392
1585
1823
2079
2345
2608
2836
2998
3075
3059
2942
2731
2463
2177
1885
1584
1281
995
734
498
291
119
-26
-155
-257
-310
-321
-331
-370
-422
-452
-461
-472
-483
-455
-356
-199
-26
113
187
186
130
47
-47
-154
-260
-329
-338
-312
-297
-320
-369
-421
-455
-454
-403
-302
-170
-34
95
213
319
420
528
656
816
1017
1251
1476
1640
1718
1727
1692
1623
1525
1419
1325
1237
1130
998
848
684
496
287
86
-96
-271
-451
-618
-751
-855
-947
-1015
-1037
-1013
-965
-909
-839
-755
-666
-576
-471
-355
-255
-193
-153
-102
-32
39
98
145
178
190
177
144
92
22
-50
-103
-131
-151
-171
-188
-209
-247
-299
-333
-327
-306
-304
-315
-306
-271
-235
-211
-186
-150
-119
-101
-80
-41
0
18
16
11
-1
-39
-96
-146
-188
-255
-358
-466
-543
-605
-696
-829
-978
-1118
-1249
-1382
-1516
-1649
-1784
-1912
-2007
-2059
-2096
-2160
-2266
-2387
-2477
-2493
-2411
-2219
-1917
-1512
-1025
-500
4
429
755
996
1190
1372
1577
1828
2123
2436
2727
2964
3121
3182
3142
3007
2789
2500
2168
1839
1548
1288
1028
751
478
239
42
-126
-271
-389
-475
-536
-583
-622
-658
-694
-726
-735
-694
-591
-436
-254
-80
56
136
161
142
91
20
-60
-125
-155
-146
-118
-104
-126
-181
-248
-303
-334
-330
-282
-189
-70
43
139
227
323
432
549
686
862
1080
1308
1496
1610
1648
1628
1574
1508
1441
1370
1293
1216
1136
1036
884
670
422
176
-51
-263
-455
-610
-718
-800
-882
-964
-1022
-1044
-1041
-1030
-1004
-943
-843
-719
-594
-482
-379
-272
-155
-35
69
146
204
262
325
369
365
317
253
196
144
85
18
-38
-75
-102
-139
-197
-272
-349
-413
-458
-484
-489
-464
-410
-343
-288
-251
-219
-177
-124
-69
-18
26
62
90
109
112
83
20
-50
-105
-148
-211
-304
-412
-520
-647
-809
-990
-1154
-1291
-1427
-1574
-1712
-1822
-1915
-2010
-2103
-2179
-2239
-2293
-2336
-2363
-2390
-2433
-2452
-2370
-2139
-1785
-1355
-866
-324
217
672
997
1222
1401
1566
1742
1966
2257
2585
2890
3127
3276
3320
3245
3065
2820
2541
2238
1918
1604
1312
1028
733
432
157
-70
-252
-396
-507
-590
-659
-731
-814
-904
-993
-1064
-1093
-1055
-941
-761
-544
-327
-149
-28
31
32
-16
-93
-158
-178
-146
-85
-20
36
72
72
31
-37
-96
-117
-86
-13
85
186
276
351
418
490
582
703
858
1042
1236
1401
1502
1526
1494
1440
1385
1339
1310
1299
1287
1234
1122
963
773
553
302
49
-160
-313
-437
-558
-672
-771
-864
-957
-1034
-1072
-1078
-1070
-1042
-968
-849
-723
-620
-524
-410
-284
-168
-64
49
170
271
339
387
421
428
399
355
320
296
263
218
171
123
59
-28
-129
-229
-324
-407
-465
-494
-505
-511
-507
-486
-453
-421
-391
-348
-287
-216
-142
-76
-26
2
17
30
34
15
-24
-56
-73
-101
-170
-275
-391
-516
-670
-852
-1033
-1194
-1344
-1501
-1656
-1791
-1907
-2014
-2115
-2200
-2273
-2335
-2378
-2399
-2426
-2482
-2539
-2507
-2317
-1982
-1564
-1095
-575
-21
493
887
1140
1290
1411
1573
1813
2126
2473
2808
3109
3353
3494
3489
3337
3084
2782
2458
2126
1804
1512
1247
985
715
443
181
-66
-290
-482
-636
-753
-844
-920
-994
-1075
-1159
-1221
-1230
-1166
-1028
-829
-594
-359
-165
-39
11
-3
-59
-122
-159
-146
-88
0
94
177
230
237
190
108
25
-17
1
69
159
249
333
412
487
557
627
716
846
1021
1213
1375
1467
1484
1450
1392
1330
1277
1247
1241
1234
1196
1108
967
777
547
298
63
-139
-306
-445
-557
-649
-736
-824
-902
-956
-992
-1023
-1045
-1037
-988
-907
-809
-695
-566
-434
-309
-185
-56
75
191
292
386
473
534
553
537
505
467
428
395
369
336
282
205
111
3
-122
-256
-376
-468
-526
-557
-565
-562
-555
-549
-536
-511
-478
-437
-380
-302
-217
-145
-91
-45
-3
31
52
60
63
60
48
22
-35
-139
-287
-453
-609
-755
-904
-1059
-1207
-1343
-1478
-1625
-1785
-1950
-2111
-2253
-2357
-2416
-2442
-2465
-2501
-2542
-2560
-2518
-2385
-2141
-1783
-1322
-783
-213
323
762
1078
1293
1456
1614
1808
2060
2377
2736
3094
3395
3590
3649
3568
3367
3067
2695
2291
1908
1584
1313
1062
809
562
326
87
-174
-444
-687
-874
-1008
-1105
-1180
-1242
-1294
-1331
-1343
-1316
-1240
-1100
-891
-637
-390
-203
-87
-27
-14
-44
-97
-130
-100
-7
114
226
312
367
385
361
305
248
221
241
297
365
428
490
563
648
734
818
912
1030
1166
1288
1360
1374
1345
1300
1252
1201
1151
1106
1073
1040
983
883
741
567
372
159
-64
-275
-448
-571
-654
-718
-774
-817
-845
-864
-888
-923
-954
-954
-903
-797
-660
-523
-404
-294
-172
-34
100
207
295
388
493
586
637
638
606
560
514
475
441
403
355
295
225
133
6
-142
-282
-395
-490
-577
-641
-664
-650
-631
-625
-622
-604
-566
-516
-455
-385
-315
-250
-186
-112
-33
32
75
100
115
123
117
89
28
-69
-190
-320
-451
-594
-753
-912
-1052
-1174
-1303
-1458
-1635
-1815
-1983
-2142
-2294
-2426
-2509
-2530
-2507
-2490
-2510
-2538
-2505
-2363
-2111
-1775
-1364
-875
-326
218
677
1007
1222
1384
1563
1805
2111
2462
2831
3190
3498
3696
3741
3629
3400
3105
2785
2468
2167
1886
1618
1354
1082
786
460
114
-228
-538
-799
-1010
-1181
-1322
-1436
-1521
-1579
-1621
-1654
-1660
-1600
-1453
-1237
-996
-759
-543
-364
-242
-177
-146
-117
-67
23
164
342
515
650
735
770
746
669
579
533
548
599
656
718
787
847
877
880
876
884
910
964
1046
1128
1173
1169
1134
1086
1026
956
896
862
836
792
721
629
509
346
149
-52
-228
-370
-480
-560
-620
-678
-742
-795
-828
-858
-898
-930
-926
-878
-802
-706
-587
-454
-330
-220
-106
20
134
219
287
368
463
544
596
619
620
600
568
539
507
450
364
275
201
117
-4
-154
-289
-386
-458
-519
-565
-587
-593
-597
-598
-592
-586
-583
-565
-512
-428
-335
-249
-166
-81
-2
60
101
121
117
95
69
40
-8
-92
-199
-305
-405
-521
-668
-834
-998
-1152
-1305
-1469
-1645
-1819
-1971
-2093
-2198
-2304
-2399
-2453
-2455
-2441
-2455
-2494
-2498
-2407
-2203
-1909
-1539
-1093
-575
-29
475
868
1127
1293
1449
1663
1949
2284
2642
3007
3351
3609
3719
3660
3467
3198
2899
2596
2301
2023
1760
1502
1229
927
594
245
-98
-417
-706
-962
-1179
-1344
-1457
-1533
-1595
-1650
-1688
-1687
-1635
-1530
-1380
-1191
-969
-734
-519
-351
-240
-175
-126
-68
23
159
335
528
709
846
918
918
857
767
689
654
673
737
826
912
971
992
977
943
910
899
919
971
1039
1093
1111
1084
1023
950
883
831
796
774
746
691
595
460
296
122
-46
-193
-310
-401
-477
-545
-611
-677
-746
-818
-879
-913
-919
-905
-880
-845
-789
-702
-588
-462
-338
-224
-116
-8
99
201
293
377
455
528
591
636
655
646
617
576
529
478
420
350
257
134
-9
-151
-275
-381
-468
-526
-551
-553
-558
-579
-611
-641
-660
-663
-641
-587
-500
-393
-280
-176
-94
-36
9
58
105
135
134
111
79
40
-11
-80
-165
-263
-368
-479
-600
-745
-916
-1096
-1263
-1412
-1559
-1714
-1865
-1986
-2075
-2144
-2204
-2253
-2274
-2264
-2238
-2228
-2247
-2267
-2218
-2050
-1765
-1409
-1009
-557
-58
435
847
1143
1352
1527
1715
1938
2203
2496
2793
3070
3298
3440
3463
3361
3165
2910
2613
2289
1969
1682
1421
1151
851
537
230
-67
-363
-653
-920
-1154
-1355
-1521
-1643
-1726
-1783
-1812
-1799
-1731
-1613
-1456
-1265
-1048
-823
-609
-417
-249
-113
-5
96
219
369
532
699
869
1027
1139
1176
1144
1081
1022
983
968
973
990
1011
1030
1036
1014
958
885
830
811
815
825
836
844
834
794
734
679
640
605
562
518
481
441
379
285
165
33
-96
-210
-305
-386
-460
-527
-582
-629
-681
-738
-791
-826
-840
-839
-817
-765
-684
-587
-483
-376
-264
-153
-52
35
114
196
283
370
449
514
569
612
636
630
593
540
483
427
363
285
191
89
-13
-112
-209
-308
-403
-482
-536
-570
-595
-622
-650
-668
-667
-640
-596
-543
-487
-424
-343
-247
-155
-89
-52
-28
2
39
66
66
37
-7
-52
-101
-172
-276
-409
-547
-674
-789
-904
-1024
-1146
-1267
-1388
-1513
-1646
-1781
-1908
-2010
-2079
-2113
-2119
-2107
-2086
-2074
-2080
-2095
-2082
-1998
-1817
-1536
-1163
-719
-239
224
622
927
1145
1306
1452
1625
1856
2154
2502
2854
3156
3357
3430
3377
3220
2983
2689
2373
2075
1820
1599
1372
1108
800
466
119
-234
-587
-916
-1192
-1403
-1559
-1683
-1790
-1877
-1932
-1949
-1925
-1852
-1719
-1519
-1268
-997
-742
-522
-336
-176
-33
110
276
477
708
942
1146
1297
1382
1397
1349
1256
1159
1100
1099
1139
1182
1195
1166
1102
1009
888
754
632
554
532
550
579
591
578
540
487
425
367
320
294
290
295
297
279
237
174
93
-2
-103
-196
-261
-293
-305
-321
-361
-424
-499
-573
-638
-692
-728
-733
-691
-605
-498
-403
-338
-294
-249
-193
-127
-61
5
81
177
287
395
477
520
529
518
501
479
444
395
340
290
246
192
112
6
-111
-221
-313
-392
-463
-523
-569
-601
-626
-650
-666
-663
-638
-596
-546
-489
-419
-337
-254
-182
-124
-71
-16
36
71
87
89
89
84
61
12
-60
-146
-247
-367
-508
-658
-804
-942
-1075
-1205
-1326
-1435
-1538
-1646
-1760
-1864
-1944
-1995
-2030
-2054
-2059
-2037
-1999
-1975
-1982
-1996
-1960
-1825
-1585
-1265
-888
-466
-13
427
795
1054
1223
1362
1528
1746
2012
2309
2620
2915
3150
3279
3281
3167
2968
2715
2434
2151
1888
1650
1423
1180
898
576
226
-132
-483
-807
-1088
-1313
-1485
-1613
-1706
-1771
-1814
-1841
-1845
-1811
-1713
-1541
-1313
-1062
-818
-589
-371
-168
10
157
292
443
632
848
1063
1243
1369
1436
1443
1396
1307
1204
1121
1077
1074
1090
1100
1079
1018
919
795
669
561
486
452
457
484
509
510
478
425
375
343
330
327
324
320
313
294
252
182
92
1
-79
-144
-198
-247
-290
-332
-381
-446
-522
-598
-661
-703
-726
-728
-701
-640
-554
-466
-396
-346
-302
-243
-165
-73
25
127
236
349
451
527
572
592
600
598
584
557
519
471
407
322
217
105
0
-91
-173
-252
-330
-405
-475
-544
-614
-681
-729
-746
-730
-686
-623
-549
-475
-408
-351
-302
-251
-194
-133
-71
-14
39
83
113
125
120
101
68
14
-64
-158
-258
-360
-469
-593
-728
-858
-971
-1071
-1167
-1266
-1361
-1443
-1512
-1579
-1648
-1715
-1765
-1792
-1798
-1787
-1760
-1718
-1675
-1649
-1640
-1617
-1535
-1360
-1094
-761
-385
14
414
773
1049
1226
1329
1415
1536
1723
1974
2267
2564
2822
2997
3061
3005
2837
2577
2261
1941
1661
1440
1254
1063
838
580
299
-4
-334
-681
-1006
-1263
-1438
-1557
-1655
-1743
-1798
-1804
-1768
-1715
-1650
-1544
-1365
-1116
-840
-590
-383
-200
-15
178
368
550
736
943
1167
1382
1547
1635
1640
1579
1481
1378
1295
1242
1219
1213
1209
1190
1135
1028
872
687
510
373
289
253
253
273
298
307
285
228
154
88
50
39
44
51
55
54
45
20
-25
-87
-149
-192
-210
-213
-225
-261
-320
-384
-433
-462
-480
-493
-500
-484
-439
-373
-308
-262
-234
-210
-169
-107
-31
47
126
213
314
422
517
576
591
575
548
521
493
457
411
363
317
268
199
103
-10
-119
-208
-277
-338
-399
-457
-507
-549
-587
-624
-651
-656
-630
-577
-508
-435
-371
-319
-275
-230
-180
-125
-72
-25
16
55
89
108
102
70
25
-22
-72
-137
-228
-341
-463
-583
-697
-804
-904
-991
-1066
-1134
-1201
-1272
-1345
-1420
-1495
-1567
-1624
-1656
-1656
-1632
-1595
-1550
-1502
-1459
-1433
-1430
-1436
-1416
-1330
-1157
-897
-568
-192
199
564
859
1057
1168
1236
1317
1447
1637
1877
2151
2428
2668
2822
2851
2750
2550
2299
2035
1779
1537
1314
1113
925
728
493
208
-115
-447
-758
-1030
-1258
-1440
-1574
-1660
-1706
-1728
-1737
-1733
-1699
-1615
-1472
-1274
-1034
-773
-514
-273
-61
119
277
430
595
787
1004
1232
1441
1601
1688
1696
1637
1532
1409
1299
1224
1193
1189
1185
1152
1075
953
796
620
444
294
194
149
148
163
175
174
162
139
106
64
23
-1
-1
18
39
51
49
33
7
-30
-77
-129
-176
-208
-226
-240
-266
-315
-380
-446
-496
-522
-525
-508
-468
-406
-329
-258
-209
-184
-165
-132
-73
8
101
202
309
415
510
579
616
625
611
581
540
496
455
416
371
311
237
151
56
-52
-170
-289
-393
-474
-535
-587
-636
-677
-706
-722
-724
-711
-679
-625
-553
-475
-400
-328
-262
-202
-154
-113
-70
-18
40
96
141
173
190
186
151
82
-13
-118
-219
-316
-410
-504
-595
-683
-771
-861
-957
-1056
-1155
-1251
-1335
-1402
-1453
-1494
-1531
-1558
-1559
-1523
-1465
-1409
-1378
-1368
-1365
-1363
-1366
-1373
-1358
-1271
-1073
-768
-397
-18
329
622
845
985
1047
1071
1118
1248
1483
1798
2141
2450
2672
2774
2742
2589
2348
2067
1794
1565
1393
1265
1142
984
770
502
198
-123
-447
-758
-1030
-1241
-1384
-1480
-1558
-1632
-1695
-1729
-1723
-1678
-1593
-1460
-1269
-1031
-773
-530
-321
-145
12
164
323
503
717
965
1225
1458
1628
1712
1713
1647
1538
1414
1303
1234
1217
1238
1261
1247
1169
1030
847
648
456
294
178
122
124
157
185
176
125
54
-10
-52
-70
-70
-52
-14
36
76
81
45
-16
-75
-112
-131
-144
-163
-185
-206
-230
-266
-316
-373
-419
-440
-434
-409
-379
-350
-320
-288
-252
-215
-177
-132
-74
5
100
200
293
376
452
522
581
615
615
587
546
506
469
428
376
320
266
211
139
32
-105
-251
-378
-473
-542
-596
-638
-667
-683
-696
-717
-744
-761
-746
-693
-613
-522
-432
-346
-266
-196
-142
-102
-66
-21
34
94
144
173
178
162
131
84
19
-68
-170
-274
-369
-454
-537
-627
-721
-810
-888
-964
-1051
-1151
-1250
-1328
-1377
-1405
-1421
-1425
-1409
-1375
-1338
-1318
-1318
-1327
-1328
-1322
-1320
-1317
-1289
-1204
-1042
-816
-547
-258
41
332
587
777
891
956
1020
1129
1307
1553
1844
2141
2401
2583
2656
2607
2445
2200
1921
1664
1463
1320
1205
1079
918
714
465
169
-167
-511
-821
-1059
-1223
-1336
-1427
-1502
-1558
-1589
-1602
-1598
-1560
-1465
-1302
-1086
-850
-620
-408
-216
-45
106
250
411
606
834
1071
1291
1472
1600
1659
1638
1548
1423
1307
1231
1200
1201
1216
1225
1211
1151
1033
861
659
462
300
193
145
147
177
207
216
200
164
117
63
8
-32
-42
-16
28
61
64
39
1
-42
-89
-142
-196
-241
-272
-293
-316
-352
-400
-454
-502
-532
-536
-514
-475
-425
-369
-302
-227
-155
-99
-57
-13
55
150
256
356
446
536
633
718
764
757
710
648
592
540
483
421
363
318
277
217
121
-10
-162
-313
-447
-556
-639
-695
-725
-735
-731
-722
-717
-715
-711
-690
-642
-569
-481
-390
-302
-219
-143
-79
-32
2
33
70
109
141
157
155
139
106
51
-31
-129
-231
-325
-410
-492
-572
-645
-708
-768
-835
-914
-999
-1076
-1134
-1171
-1190
-1198
-1194
-1184
-1172
-1165
-1166
-1173
-1180
-1184
-1183
-1181
-1186
-1205
-1234
-1253
-1233
-1150
-994
-773
-505
-210
85
344
535
645
700
754
856
1034
1281
1577
1892
2190
2425
2553
2547
2421
2222
2004
1808
1647
1517
1407
1299
1172
999
761
461
121
-220
-530
-790
-998
-1161
-1287
-1382
-1452
-1508
-1560
-1602
-1615
-1573
-1461
-1291
-1086
-869
-649
-430
-222
-44
103
237
397
606
851
1096
1307
1471
1588
1650
1642
1559
1432
1311
1239
1219
1223
1216
1183
1126
1046
927
762
564
374
232
154
126
117
110
101
95
89
71
37
-7
-38
-40
-15
16
34
31
16
1
-13
-35
-70
-114
-152
-179
-202
-238
-294
-359
-417
-459
-489
-511
-524
-516
-483
-432
-377
-323
-268
-204
-137
-73
-13
52
137
244
359
471
572
663
738
784
786
747
688
633
591
556
518
471
418
355
271
154
6
-157
-310
-436
-532
-605
-662
-709
-745
-773
-798
-827
-857
-875
-866
-823
-751
-666
-581
-499
-415
-331
-257
-205
-171
-139
-94
-37
19
60
86
104
115
106
63
-9
-95
-174
-241
-304
-366
-426
-479
-527
-582
-656
-749
-845
-932
-1003
-1056
-1092
-1113
-1122
-1129
-1143
-1169
-1203
-1238
-1270
-1295
-1311
-1316
-1316
-1324
-1343
-1363
-1357
-1296
-1168
-974
-724
-432
-121
173
411
569
657
717
799
938
1145
1412
1718
2030
2301
2480
2533
2456
2282
2064
1849
1666
1521
1401
1285
1152
983
763
487
165
-172
-490
-759
-975
-1151
-1302
-1428
-1523
-1586
-1622
-1638
-1631
-1583
-1479
-1321
-1130
-928
-723
-514
-302
-101
79
240
399
575
774
984
1187
1368
1515
1611
1642
1604
1510
1392
1283
1205
1163
1147
1139
1117
1061
958
808
626
438
271
148
78
51
53
63
67
61
46
23
-2
-24
-33
-23
1
22
27
13
-12
-39
-64
-88
-113
-136
-158
-182
-213
-259
-319
-384
-443
-486
-505
-502
-481
-450
-414
-372
-320
-260
-198
-139
-78
-3
93
201
305
393
469
549
634
713
764
781
774
758
735
694
627
546
468
405
349
279
184
68
-54
-172
-287
-399
-504
-595
-664
-714
-753
-782
-801
-804
-789
-760
-716
-660
-594
-523
-451
-379
-305
-228
-148
-74
-8
48
97
144
183
208
213
196
163
117
60
-9
-90
-175
-251
-313
-362
-414
-481
-568
-668
-770
-869
-962
-1045
-1107
-1134
-1124
-1091
-1058
-1045
-1056
-1084
-1117
-1149
-1177
-1197
-1198
-1174
-1130
-1086
-1069
-1094
-1152
-1215
-1246
-1216
-1111
-925
-667
-359
-43
227
410
500
527
548
614
753
977
1276
1620
1958
2224
2368
2377
2280
2121
1943
1774
1636
1541
1482
1424
1320
1136
878
578
269
-39
-338
-615
-843
-1010
-1133
-1246
-1369
-1485
-1562
-1582
-1556
-1503
-1425
-1302
-1125
-913
-703
-524
-370
-218
-49
135
324
522
739
982
1228
1440
1583
1647
1643
1590
1508
1413
1325
1263
1233
1229
1227
1198
1121
991
818
626
441
281
157
76
39
36
49
52
35
4
-24
-40
-44
-45
-40
-24
5
35
47
38
20
10
13
16
6
-12
-29
-47
-79
-139
-220
-299
-353
-380
-388
-386
-366
-322
-264
-213
-183
-168
-146
-109
-61
-9
49
129
235
354
464
555
631
696
744
759
738
694
647
606
566
522
476
438
402
350
262
138
-4
-142
-268
-384
-484
-555
-592
-606
-622
-655
-697
-728
-738
-732
-720
-698
-650
-570
-473
-382
-312
-253
-190
-122
-63
-25
-3
23
63
103
122
109
76
44
20
-7
-49
-103
-154
-195
-237
-298
-388
-494
-591
-666
-724
-781
-840
-892
-925
-941
-957
-985
-1024
-1054
-1064
-1061
-1065
-1093
-1137
-1176
-1189
-1180
-1168
-1170
-1185
-1204
-1221
-1245
-1279
-1305
-1278
-1151
-914
-607
-295
-27
180
335
447
521
577
663
837
1127
1497
1866
2154
2326
2392
2375
2286
2134
1946
1773
1660
1606
1562
1465
1284
1032
746
447
142
-170
-471
-732
-935
-1089
-1222
-1355
-1486
-1588
-1639
-1631
-1580
-1501
-1400
-1268
-1099
-899
-692
-501
-332
-166
19
230
457
681
898
1118
1336
1530
1656
1690
1644
1561
1478
1410
1355
1316
1302
1312
1318
1272
1142
941
712
498
320
182
89
49
54
75
69
21
-50
-111
-141
-146
-141
-126
-95
-48
-7
3
-18
-44
-47
-26
-3
0
-15
-34
-53
-83
-137
-211
-278
-318
-330
-330
-332
-334
-324
-301
-271
-243
-215
-178
-127
-67
-3
63
136
221
316
414
510
598
673
723
740
727
693
650
605
560
515
476
442
406
352
267
152
17
-123
-258
-378
-477
-551
-599
-627
-645
-663
-683
-701
-711
-707
-688
-658
-619
-573
-519
-458
-391
-322
-255
-191
-130
-73
-22
18
48
69
83
85
74
49
17
-16
-49
-82
-117
-153
-190
-233
-291
-366
-450
-531
-598
-653
-699
-738
-764
-774
-776
-788
-817
-856
-892
-916
-932
-952
-982
-1010
-1024
-1024
-1020
-1025
-1043
-1068
-1100
-1144
-1211
-1298
-1381
-1423
-1392
-1278
-1094
-863
-610
-356
-125
61
187
263
325
422
590
833
1133
1457
1772
2049
2253
2356
2344
2241
2092
1946
1829
1736
1647
1545
1421
1266
1068
818
525
214
-84
-353
-596
-825
-1039
-1228
-1379
-1485
-1549
-1574
-1557
-1496
-1397
-1276
-1151
-1029
-905
-768
-609
-428
-226
-4
235
485
730
954
1143
1293
1401
1469
1498
1493
1463
1424
1390
1371
1363
1357
1333
1280
1188
1062
907
735
561
405
284
208
169
150
131
107
78
53
31
8
-15
-26
-14
20
63
91
96
85
73
70
71
69
62
53
42
19
-31
-113
-212
-302
-362
-386
-382
-365
-343
-323
-309
-306
-314
-324
-321
-291
-229
-138
-30
81
184
272
347
417
484
550
608
652
680
690
682
656
614
562
511
467
425
373
298
194
72
-52
-166
-267
-356
-436
-505
-560
-600
-631
-661
-692
-717
-724
-708
-675
-640
-610
-583
-545
-488
-420
-356
-305
-260
-207
-143
-85
-52
-49
-59
-60
-49
-42
-58
-93
-130
-152
-162
-182
-222
-274
-319
-351
-385
-440
-512
-579
-614
-617
-609
-610
-623
-640
-654
-679
-726
-788
-841
-863
-855
-842
-843
-861
-884
-908
-942
-999
-1074
-1146
-1198
-1232
-1268
-1317
-1366
-1382
-1340
-1235
-1078
-882
-651
-398
-150
55
201
303
402
541
742
1003
1304
1622
1925
2177
2343
2402
2364
2257
2122
1989
1877
1784
1699
1600
1464
1276
1033
740
414
79
-241
-522
-753
-941
-1099
-1240
-1364
-1462
-1527
-1561
-1566
-1538
-1466
-1342
-1175
-985
-790
-595
-395
-191
8
192
368
556
768
998
1220
1407
1541
1620
1643
1610
1530
1427
1338
1288
1277
1284
1278
1236
1147
1006
820
607
400
234
132
92
93
108
114
98
56
-3
-64
-103
-105
-68
-7
56
109
147
167
167
150
123
99
86
78
66
41
4
-40
-85
-131
-183
-242
-301
-347
-374
-385
-388
-389
-388
-378
-351
-312
-269
-224
-173
-103
-9
99
204
291
363
429
493
545
577
590
597
608
623
627
607
558
492
419
343
259
161
54
-52
-148
-233
-312
-388
-460
-523
-579
-627
-667
-697
-718
-727
-721
-695
-653
-602
-550
-501
-452
-395
-331
-269
-219
-182
-147
-103
-49
4
43
67
80
84
73
39
-11
-63
-103
-126
-137
-146
-162
-189
-228
-278
-339
-407
-473
-526
-558
-568
-566
-562
-562
-574
-602
-643
-692
-738
-773
-796
-806
-811
-818
-834
-862
-899
-945
-998
-1054
-1110
-1159
-1203
-1247
-1293
-1337
-1361
-1343
-1267
-1131
-943
-719
-476
-234
-21
138
239
311
403
555
782
1070
1393
1712
1989
2183
2272
2256
2156
2013
1870
1760
1691
1644
1583
1476
1306
1077
804
502
187
-121
-394
-606
-757
-877
-1004
-1151
-1295
-1400
-1453
-1466
-1453
-1407
-1304
-1137
-932
-734
-571
-435
-291
-120
65
241
404
582
797
1034
1243
1380
1439
1444
1421
1372
1299
1219
1163
1153
1175
1193
1171
1096
972
817
643
469
318
215
171
175
199
218
219
197
156
104
58
38
53
98
155
209
250
273
277
263
240
215
196
178
153
114
60
-1
-63
-127
-194
-262
-320
-362
-394
-427
-462
-487
-489
-470
-443
-416
-383
-335
-272
-202
-132
-56
34
141
256
363
453
524
578
611
620
610
594
583
576
560
524
475
420
356
271
160
31
-93
-202
-298
-387
-470
-537
-578
-597
-612
-643
-688
-732
-752
-744
-721
-689
-645
-578
-496
-415
-353
-310
-274
-237
-194
-146
-90
-29
28
72
94
96
81
49
2
-54
-107
-141
-156
-166
-193
-241
-298
-346
-388
-436
-499
-562
-605
-618
-611
-598
-591
-590
-592
-596
-607
-634
-679
-728
-760
-761
-738
-710
-697
-707
-739
-787
-847
-913
-984
-1054
-1110
-1140
-1146
-1151
-1185
-1250
-1317
-1338
-1287
-1165
-989
-769
-512
-233
29
227
341
398
467
604
823
1097
1394
1693
1971
2191
2305
2291
2171
2000
1830
1694
1594
1512
1425
1311
1158
956
700
396
72
-233
-491
-694
-854
-991
-1114
-1227
-1324
-1394
-1429
-1427
-1386
-1305
-1178
-1012
-827
-646
-478
-318
-156
14
188
363
545
741
950
1153
1321
1431
1480
1479
1442
1374
1286
1203
1153
1142
1150
1147
1116
1050
948
807
637
464
319
222
178
176
197
220
232
226
203
171
141
127
139
174
220
263
294
310
310
294
268
238
208
174
135
90
39
-23
-95
-174
-252
-321
-379
-424
-457
-482
-500
-511
-512
-509
-505
-496
-468
-414
-340
-263
-183
-90
22
140
245
326
390
445
492
522
534
533
531
530
526
508
469
408
334
256
172
81
-16
-112
-200
-279
-349
-413
-472
-528
-579
-621
-648
-662
-668
-666
-651
-619
-575
-525
-472
-417
-361
-304
-248
-192
-141
-101
-70
-38
0
38
64
73
71
62
45
18
-17
-55
-93
-130
-163
-190
-216
-248
-287
-331
-372
-408
-440
-468
-489
-496
-487
-464
-440
-429
-436
-453
-466
-476
-489
-509
-526
-535
-538
-546
-565
-597
-640
-697
-763
-831
-893
-948
-999
-1046
-1084
-1119
-1162
-1221
-1288
-1346
-1371
-1343
-1248
-1086
-870
-624
-372
-136
62
206
303
382
484
641
864
1138
1437
1720
1949
2095
2140
2087
1958
1792
1635
1513
1428
1360
1282
1171
1012
801
551
280
6
-257
-492
-681
-818
-925
-1026
-1125
-1206
-1250
-1255
-1232
-1183
-1102
-981
-828
-662
-500
-353
-216
-75
78
243
413
582
756
933
1102
1242
1335
1376
1371
1331
1270
1205
1149
1109
1086
1078
1071
1041
973
865
732
594
464
358
287
257
256
273
294
313
323
318
303
291
294
308
330
357
392
427
446
443
423
395
363
325
277
224
170
117
58
-11
-92
-178
-258
-329
-391
-450
-500
-530
-538
-529
-515
-502
-484
-458
-423
-377
-317
-240
-150
-49
61
176
282
367
427
470
500
516
519
515
515
518
519
509
483
435
358
254
136
21
-85
-181
-269
-345
-409
-465
-519
-575
-632
-684
-721
-735
-730
-711
-686
-649
-599
-539
-478
-420
-363
-304
-242
-177
-112
-51
-1
37
70
104
132
141
129
107
83
56
19
-26
-67
-102
-138
-184
-242
-308
-378
-449
-513
-559
-581
-582
-571
-558
-547
-542
-541
-543
-549
-559
-564
-552
-522
-485
-459
-449
-450
-456
-467
-489
-525
-569
-618
-669
-721
-782
-853
-931
-1001
-1050
-1082
-1119
-1173
-1240
-1299
-1331
-1329
-1277
-1162
-978
-742
-485
-239
-32
122
226
312
423
593
826
1107
1408
1697
1933
2081
2119
2055
1926
1783
1669
1595
1544
1487
1399
1266
1078
829
533
224
-56
-287
-472
-624
-758
-887
-1018
-1147
-1256
-1329
-1357
-1336
-1265
-1146
-993
-829
-668
-515
-367
-219
-70
86
258
443
633
819
999
1165
1299
1387
1427
1429
1402
1356
1302
1253
1220
1204
1192
1168
1113
1018
888
736
582
444
339
280
266
277
288
286
273
251
219
182
155
158
189
234
275
308
334
352
354
343
324
302
275
240
199
148
85
13
-59
-122
-176
-225
-272
-317
-363
-411
-459
-497
-521
-528
-521
-498
-463
-419
-373
-325
-271
-207
-134
-52
33
111
176
227
272
314
346
365
378
394
410
411
387
340
280
209
126
36
-50
-126
-196
-265
-332
-396
-458
-526
-593
-648
-682
-697
-701
-698
-687
-664
-626
-577
-523
-472
-424
-371
-314
-260
-215
-175
-127
-67
-3
53
94
120
129
122
106
86
64
40
18
5
-5
-25
-66
-125
-188
-249
-304
-349
-376
-385
-384
-382
-383
-387
-397
-415
-435
-442
-431
-408
-384
-364
-347
-333
-326
-330
-346
-372
-403
-432
-461
-491
-529
-576
-631
-696
-777
-868
-954
-1025
-1086
-1141
-1192
-1233
-1269
-1314
-1367
-1407
-1400
-1328
-1192
-1001
-770
-517
-270
-54
116
240
337
438
582
792
1060
1355
1635
1866
2018
2072
2027
1906
1752
1606
1496
1426
1380
1325
1227
1067
848
586
302
20
-239
-452
-614
-732
-824
-910
-1003
-1103
-1189
-1236
-1233
-1186
-1100
-973
-807
-625
-459
-324
-206
-86
46
189
346
521
710
892
1049
1172
1256
1298
1300
1274
1234
1196
1170
1162
1165
1164
1143
1097
1024
928
810
685
573
493
451
440
449
465
479
482
477
464
445
421
400
396
416
450
482
500
506
497
469
423
365
304
240
171
103
42
-14
-81
-164
-252
-326
-386
-445
-510
-571
-613
-629
-625
-613
-600
-585
-557
-511
-450
-386
-322
-250
-161
-62
30
108
176
239
292
333
364
390
409
417
417
414
406
380
329
255
168
71
-28
-123
-207
-281
-349
-410
-464
-515
-570
-633
-693
-738
-760
-764
-753
-724
-673
-609
-546
-493
-450
-414
-383
-352
-314
-264
-204
-138
-74
-20
18
38
42
34
13
-17
-43
-55
-54
-51
-54
-63
-77
-104
-151
-207
-258
-294
-312
-314
-297
-267
-240
-223
-218
-221
-232
-247
-258
-256
-239
-217
-196
-177
-164
-169
-198
-247
-307
-368
-428
-485
-542
-599
-655
-713
-778
-858
-950
-1044
-1127
-1194
-1247
-1292
-1326
-1349
-1365
-1383
-1403
-1413
-1391
-1319
-1183
-983
-727
-440
-156
96
302
463
585
688
805
971
1197
1461
1724
1947
2099
2158
2121
2008
1851
1684
1530
1406
1316
1237
1129
966
745
487
217
-45
-285
-492
-659
-787
-883
-965
-1051
-1139
-1207
-1228
-1195
-1120
-1017
-889
-736
-570
-407
-260
-126
4
140
286
439
597
755
907
1047
1167
1258
1311
1321
1295
1248
1195
1145
1102
1071
1056
1046
1023
975
900
806
703
602
518
464
439
435
442
451
458
460
454
448
447
456
471
485
489
480
464
444
420
386
346
307
272
233
175
99
12
-78
-168
-261
-351
-434
-503
-557
-600
-637
-668
-686
-688
-682
-674
-659
-631
-590
-538
-477
-401
-308
-202
-94
8
100
177
239
290
331
358
372
379
387
392
380
351
312
272
226
162
74
-23
-114
-195
-274
-356
-432
-490
-529
-561
-598
-638
-668
-681
-683
-677
-662
-632
-588
-533
-476
-423
-375
-330
-286
-242
-200
-156
-107
-56
-16
9
26
41
46
35
15
0
-5
-10
-23
-39
-52
-65
-86
-115
-150
-186
-217
-235
-231
-209
-180
-151
-121
-89
-62
-52
-60
-73
-74
-57
-32
-14
-8
-7
-8
-16
-46
-102
-174
-247
-312
-370
-433
-505
-585
-664
-738
-811
-888
-970
-1053
-1133
-1203
-1254
-1288
-1317
-1352
-1382
-1389
-1375
-1363
-1371
-1382
-1351
-1248
-1071
-844
-586
-311
-33
228
443
590
670
728
820
978
1193
1433
1672
1890
2053
2126
2088
1952
1755
1543
1357
1223
1136
1066
980
853
676
449
181
-103
-370
-590
-751
-858
-924
-973
-1023
-1082
-1137
-1170
-1167
-1123
-1036
-903
-728
-533
-348
-191
-62
53
162
274
402
558
736
916
1082
1223
1328
1378
1374
1334
1279
1220
1158
1108
1085
1086
1088
1075
1044
989
905
793
673
569
493
445
430
448
481
504
508
500
485
461
428
403
396
406
419
427
429
418
385
333
276
224
175
121
60
0
-60
-133
-229
-337
-433
-504
-552
-589
-618
-639
-655
-669
-680
-685
-683
-675
-650
-595
-518
-435
-356
-273
-178
-81
2
68
126
178
222
257
290
318
335
340
340
338
323
284
224
153
72
-16
-107
-188
-256
-314
-366
-412
-457
-506
-560
-607
-639
-655
-659
-655
-638
-608
-569
-525
-480
-435
-389
-344
-302
-266
-233
-198
-158
-114
-65
-15
27
49
50
41
30
16
-2
-23
-34
-28
-9
7
7
-15
-49
-81
-104
-118
-125
-119
-93
-49
-5
25
36
31
19
14
26
50
73
89
101
114
120
106
69
15
-44
-102
-156
-209
-268
-336
-409
-482
-557
-642
-739
-838
-931
-1014
-1086
-1150
-1210
-1271
-1329
-1372
-1398
-1414
-1432
-1450
-1459
-1451
-1420
-1361
-1263
-1113
-910
-664
-401
-150
67
244
384
497
608
742
916
1127
1359
1590
1790
1922
1961
1909
1799
1667
1534
1413
1314
1239
1170
1075
931
732
488
226
-22
-236
-410
-554
-671
-770
-859
-946
-1032
-1108
-1158
-1170
-1134
-1053
-938
-808
-677
-546
-414
-286
-168
-56
63
207
383
577
764
927
1062
1167
1233
1252
1237
1212
1199
1200
1212
1234
1259
1269
1246
1190
1112
1019
913
807
721
668
643
632
620
599
568
530
493
459
427
400
385
386
390
384
366
345
328
309
282
246
204
159
113
67
22
-25
-79
-145
-219
-295
-366
-428
-484
-533
-569
-587
-597
-611
-627
-634
-627
-609
-583
-547
-496
-432
-361
-284
-202
-124
-56
1
50
93
132
173
219
264
299
323
338
342
329
294
244
190
130
66
1
-58
-109
-156
-207
-268
-338
-410
-480
-543
-595
-633
-647
-639
-622
-606
-594
-578
-556
-529
-499
-464
-424
-378
-322
-257
-190
-132
-87
-53
-29
-13
0
18
42
69
99
132
161
173
162
135
107
80
57
41
34
34
41
53
68
75
66
47
31
20
10
5
12
30
44
46
42
35
20
-8
-47
-85
-119
-157
-202
-251
-304
-367
-441
-518
-594
-670
-748
-825
-890
-943
-993
-1050
-1115
-1183
-1246
-1299
-1335
-1351
-1349
-1338
-1320
-1295
-1263
-1232
-1198
-1140
-1029
-861
-655
-432
-199
36
244
398
507
603
713
841
989
1169
1377
1574
1718
1789
1793
1733
1617
1469
1328
1214
1120
1034
950
850
709
517
298
83
-120
-314
-483
-609
-693
-764
-841
-915
-968
-998
-1006
-986
-926
-830
-717
-599
-471
-337
-211
-104
-7
103
237
384
534
685
840
987
1105
1184
1227
1240
1230
1209
1193
1189
1195
1204
1214
1223
1212
1168
1090
996
898
801
713
651
625
618
611
597
576
546
499
444
399
369
345
321
304
299
297
284
257
226
195
162
123
77
24
-31
-81
-126
-175
-237
-305
-364
-410
-449
-490
-531
-564
-585
-598
-605
-603
-594
-579
-558
-531
-503
-476
-442
-391
-324
-249
-179
-119
-69
-28
2
21
36
55
82
117
151
177
190
186
165
128
75
14
-45
-94
-129
-157
-183
-211
-241
-280
-333
-391
-442
-474
-494
-509
-516
-507
-482
-455
-433
-416
-402
-392
-385
-375
-353
-318
-270
-212
-149
-93
-57
-44
-50
-64
-76
-75
-54
-20
18
57
94
121
124
107
83
67
59
58
72
104
142
170
185
192
194
188
175
167
166
168
168
165
163
155
136
107
77
42
-3
-56
-108
-155
-202
-258
-320
-383
-450
-530
-620
-704
-771
-826
-878
-927
-967
-1005
-1056
-1119
-1178
-1219
-1250
-1283
-1304
-1295
-1263
-1232
-1218
-1205
-1171
-1112
-1026
-899
-726
-528
-330
-136
58
232
351
423
502
633
802
972
1133
1295
1442
1537
1557
1516
1434
1320
1192
1089
1026
975
898
786
654
501
311
89
-128
-312
-460
-582
-674
-737
-791
-858
-930
-980
-994
-983
-954
-895
-791
-653
-511
-377
-247
-120
-3
103
216
355
515
678
834
987
1128
1234
1291
1308
1304
1289
1265
1244
1240
1253
1266
1262
1242
1207
1143
1047
934
829
745
679
631
602
585
563
528
490
457
424
384
345
321
312
309
301
291
281
270
255
235
208
174
135
98
68
38
-2
-53
-111
-172
-230
-282
-327
-368
-406
-437
-451
-452
-455
-468
-484
-489
-478
-457
-434
-408
-371
-319
-258
-200
-154
-120
-89
-54
-16
20
49
74
96
114
124
123
112
92
61
23
-18
-58
-98
-141
-182
-217
-252
-297
-352
-405
-446
-478
-508
-535
-547
-542
-525
-507
-493
-478
-454
-424
-392
-362
-334
-301
-258
-207
-158
-114
-72
-34
-6
11
27
45
59
61
57
59
71
85
89
86
79
71
63
57
52
45
36
34
47
70
91
103
110
117
122
123
122
119
113
106
110
128
146
143
116
77
39
3
-39
-87
-136
-182
-231
-286
-349
-421
-505
-600
-693
-768
-826
-881
-944
-1003
-1049
-1092
-1143
-1199
-1248
-1284
-1312
-1328
-1322
-1296
-1271
-1255
-1234
-1188
-1119
-1039
-939
-803
-630
-439
-241
-39
154
312
431
531
637
749
864
994
1150
1313
1443
1517
1530
1487
1388
1251
1113
997
906
826
749
667
562
416
230
22
-186
-374
-526
-635
-710
-763
-800
-833
-874
-924
-966
-973
-935
-857
-745
-605
-454
-311
-186
-77
25
125
236
374
538
712
881
1042
1183
1286
1337
1353
1358
1358
1346
1332
1337
1360
1373
1355
1314
1261
1196
1112
1018
929
849
774
705
650
607
564
517
477
446
412
367
316
275
247
226
209
198
190
177
154
127
99
69
31
-9
-42
-68
-95
-133
-183
-243
-303
-359
-404
-435
-453
-464
-466
-462
-460
-469
-493
-519
-526
-507
-470
-424
-372
-316
-260
-213
-173
-140
-112
-88
-62
-30
6
36
57
71
81
81
70
49
22
-9
-45
-84
-122
-158
-195
-235
-279
-325
-370
-413
-453
-487
-514
-535
-549
-552
-547
-540
-536
-532
-518
-491
-455
-414
-366
-311
-259
-216
-176
-130
-81
-36
1
42
91
135
164
178
184
186
187
192
203
217
225
231
241
250
245
221
193
171
158
153
158
175
193
201
200
198
195
181
155
128
111
109
114
114
103
82
56
29
-6
-52
-104
-150
-184
-212
-242
-279
-328
-389
-458
-525
-589
-656
-726
-791
-842
-879
-910
-945
-986
-1028
-1068
-1100
-1132
-1166
-1195
-1200
-1180
-1150
-1122
-1089
-1037
-965
-882
-781
-651
-491
-319
-152
4
146
271
376
472
569
676
802
945
1086
1195
1256
1277
1263
1205
1104
991
902
837
768
682
588
484
352
185
9
-146
-275
-392
-497
-578
-639
-697
-758
-814
-852
-865
-849
-797
-715
-618
-514
-402
-284
-172
-73
21
127
251
388
530
672
811
944
1065
1165
1237
1280
1304
1316
1320
1315
1308
1301
1295
1287
1276
1252
1206
1137
1060
983
905
823
748
689
645
601
557
522
494
461
419
381
358
340
314
284
261
244
222
193
166
145
125
104
83
63
40
7
-36
-87
-141
-194
-242
-285
-327
-366
-391
-403
-411
-428
-447
-457
-457
-459
-466
-466
-455
-435
-414
-386
-346
-299
-257
-219
-178
-138
-110
-98
-92
-78
-61
-47
-35
-20
-7
-5
-13
-25
-43
-74
-115
-152
-178
-207
-250
-297
-334
-362
-395
-434
-462
-475
-486
-501
-509
-504
-496
-499
-503
-491
-465
-438
-415
-386
-347
-306
-269
-226
-173
-124
-87
-53
-13
28
54
65
77
99
128
156
182
204
219
225
226
223
211
189
166
152
148
150
155
161
164
164
161
159
153
139
124
115
114
113
106
98
93
87
72
51
29
9
-18
-57
-105
-149
-189
-233
-290
-355
-415
-471
-529
-593
-652
-703
-754
-807
-856
-896
-936
-987
-1042
-1085
-1114
-1136
-1150
-1151
-1140
-1125
-1107
-1078
-1042
-1013
-979
-906
-778
-622
-470
-320
-154
13
143
229
303
391
493
604
733
877
1006
1090
1131
1143
1119
1051
957
873
815
764
706
634
545
425
276
122
-21
-154
-279
-381
-448
-497
-554
-623
-691
-749
-794
-817
-801
-749
-677
-595
-494
-376
-263
-170
-85
13
128
245
363
492
634
775
899
1004
1096
1170
1222
1254
1271
1280
1287
1296
1305
1305
1291
1264
1230
1183
1117
1036
953
878
810
744
683
630
583
531
473
421
379
340
299
260
233
217
200
176
150
128
108
87
64
45
29
11
-9
-32
-59
-92
-130
-169
-208
-247
-283
-311
-335
-360
-386
-408
-426
-443
-463
-479
-482
-477
-472
-468
-458
-440
-420
-400
-378
-349
-312
-276
-243
-215
-189
-167
-151
-143
-135
-124
-108
-95
-89
-87
-90
-101
-120
-145
-170
-198
-230
-260
-283
-305
-335
-368
-394
-408
-421
-435
-444
-445
-445
-448
-446
-432
-414
-401
-388
-364
-330
-298
-273
-244
-208
-167
-122
-74
-25
19
51
76
99
119
137
154
176
203
234
265
285
287
273
253
236
219
200
188
190
204
218
227
231
229
220
208
198
191
181
172
172
179
182
173
157
142
125
100
65
30
-2
-33
-68
-108
-148
-191
-242
-304
-367
-421
-470
-521
-577
-626
-666
-706
-757
-816
-871
-919
-967
-1009
-1033
-1041
-1047
-1059
-1066
-1062
-1060
-1071
-1080
-1064
-1024
-969
-893
-777
-626
-472
-338
-214
-88
27
111
177
254
358
479
612
750
875
957
994
1004
993
947
870
797
755
730
692
633
560
468
347
207
79
-28
-128
-223
-297
-345
-390
-450
-518
-573
-609
-628
-622
-583
-525
-463
-393
-305
-210
-125
-52
32
134
237
332
431
546
667
778
878
975
1060
1121
1155
1176
1189
1192
1190
1194
1207
1214
1205
1180
1146
1100
1040
971
905
844
790
742
700
656
605
550
503
466
432
398
368
344
322
296
268
239
207
175
149
131
113
89
62
41
20
-8
-44
-81
-118
-164
-216
-260
-289
-313
-343
-371
-385
-390
-404
-427
-447
-455
-455
-451
-440
-421
-404
-392
-381
-361
-337
-311
-282
-244
-201
-160
-127
-106
-99
-103
-108
-107
-95
-79
-64
-52
-42
-41
-53
-81
-119
-160
-196
-226
-253
-274
-289
-305
-324
-344
-359
-374
-394
-419
-434
-432
-423
-414
-399
-370
-337
-311
-291
-267
-237
-208
-177
-135
-84
-33
13
56
97
123
132
140
158
181
200
219
246
274
288
287
280
269
251
226
208
204
208
211
211
213
213
209
199
186
171
158
146
136
133
137
140
135
123
112
108
102
82
58
43
37
21
-13
-55
-94
-136
-191
-252
-303
-344
-388
-441
-495
-545
-600
-665
-735
-801
-863
-926
-981
-1021
-1049
-1078
-1104
-1117
-1117
-1118
-1126
-1122
-1093
-1051
-1006
-941
-830
-681
-531
-398
-264
-120
11
105
177
262
371
487
604
732
859
954
994
999
989
961
901
826
767
731
692
627
540
442
331
204
74
-41
-134
-217
-298
-366
-417
-464
-522
-581
-618
-622
-602
-570
-520
-448
-364
-283
-203
-115
-20
67
148
240
349
462
567
671
780
888
978
1044
1091
1123
1138
1140
1143
1153
1165
1172
1170
1160
1140
1104
1052
985
914
851
799
751
704
657
616
574
529
484
446
412
377
342
318
305
287
258
229
209
198
182
161
137
116
95
71
46
21
-8
-41
-78
-118
-158
-197
-234
-271
-303
-327
-348
-372
-401
-431
-459
-482
-499
-505
-502
-496
-490
-480
-462
-441
-422
-401
-373
-342
-312
-281
-250
-226
-214
-203
-183
-157
-138
-126
-112
-97
-90
-97
-110
-123
-139
-159
-175
-182
-188
-202
-224
-245
-261
-278
-301
-322
-335
-343
-347
-347
-341
-332
-322
-310
-294
-278
-267
-257
-240
-214
-182
-147
-106
-62
-25
4
29
51
67
74
86
110
138
159
175
195
216
224
217
206
201
197
187
178
176
179
181
182
182
177
170
168
171
173
169
169
179
189
188
184
186
187
172
147
129
118
99
70
42
18
-10
-50
-93
-133
-178
-233
-289
-333
-374
-425
-486
-539
-583
-631
-689
-749
-800
-846
-894
-943
-977
-994
-1009
-1037
-1068
-1080
-1076
-1077
-1089
-1089
-1054
-999
-945
-877
-773
-649
-539
-442
-326
-192
-83
-16
54
160
278
369
451
555
659
721
746
770
790
770
714
671
655
630
573
510
456
387
286
184
108
38
-52
-134
-178
-206
-257
-323
-367
-386
-407
-427
-410
-357
-309
-278
-227
-143
-62
-7
49
134
229
307
380
474
576
656
717
793
880
943
974
1000
1036
1063
1066
1060
1063
1063
1043
1012
989
971
936
883
834
797
759
712
663
621
579
533
490
459
435
408
382
365
355
343
324
306
288
265
240
220
205
184
155
127
110
95
71
37
0
-39
-83
-130
-171
-207
-247
-289
-324
-350
-375
-408
-442
-466
-481
-493
-504
-512
-518
-526
-534
-535
-524
-507
-491
-474
-448
-415
-383
-361
-346
-331
-312
-294
-278
-255
-226
-200
-186
-172
-151
-130
-126
-134
-137
-131
-129
-139
-150
-154
-161
-175
-184
-181
-178
-189
-205
-208
-199
-197
-204
-208
-202
-199
-202
-197
-182
-166
-158
-146
-118
-85
-62
-49
-32
-8
16
35
53
72
88
103
122
147
169
182
189
197
202
200
189
178
173
171
170
173
181
188
189
186
186
186
181
169
159
153
149
143
136
130
124
119
117
116
111
99
81
58
29
-3
-34
-66
-101
-135
-164
-189
-225
-275
-328
-374
-422
-480
-539
-586
-631
-687
-743
-781
-809
-851
-906
-949
-969
-988
-1021
-1049
-1054
-1050
-1053
-1049
-1020
-971
-924
-869
-782
-666
-552
-458
-370
-275
-182
-104
-32
52
147
240
328
418
503
562
589
594
598
601
594
573
548
526
498
452
391
326
261
191
119
61
20
-23
-81
-139
-173
-192
-215
-239
-244
-231
-216
-204
-177
-130
-80
-37
17
92
168
226
274
335
407
476
544
621
700
766
815
855
890
912
921
932
949
968
981
990
989
970
939
907
876
840
802
771
746
714
673
634
602
567
529
499
483
469
446
420
399
382
361
342
331
323
308
285
262
241
220
196
173
151
128
103
74
39
-3
-46
-85
-121
-155
-186
-215
-247
-286
-324
-356
-385
-417
-447
-465
-474
-482
-493
-500
-505
-512
-516
-510
-494
-479
-468
-454
-434
-413
-396
-376
-351
-325
-303
-281
-257
-239
-231
-226
-214
-197
-185
-177
-168
-157
-152
-153
-153
-150
-150
-156
-161
-161
-161
-165
-171
-172
-169
-168
-171
-173
-174
-175
-179
-182
-179
-173
-162
-146
-124
-99
-78
-61
-45
-29
-16
-3
12
32
56
81
104
122
133
138
141
148
157
162
165
171
182
193
201
205
207
205
201
199
200
200
194
188
187
191
193
186
172
157
143
131
119
105
89
72
55
40
22
-2
-34
-73
-112
-145
-172
-197
-227
-262
-294
-323
-358
-406
-462
-512
-556
-600
-646
-684
-717
-756
-805
-845
-865
-879
-911
-949
-967
-963
-961
-968
-957
-912
-854
-802
-740
-649
-552
-485
-439
-377
-291
-217
-166
-106
-17
75
141
194
257
312
334
334
350
381
393
376
355
344
327
289
245
213
184
144
105
83
68
41
2
-30
-49
-63
-77
-85
-85
-78
-65
-41
-5
35
72
107
147
193
242
287
325
363
409
461
509
554
599
640
668
687
707
729
740
735
733
746
758
752
737
732
730
716
692
681
677
661
629
604
598
591
569
544
537
536
525
508
500
499
489
471
459
456
448
428
404
386
368
345
320
298
276
248
218
191
162
127
87
45
4
-36
-74
-109
-146
-185
-225
-259
-289
-316
-343
-368
-393
-416
-436
-451
-463
-475
-482
-482
-472
-459
-446
-436
-430
-424
-414
-401
-387
-375
-364
-352
-337
-320
-304
-293
-285
-279
-269
-254
-242
-234
-231
-227
-222
-217
-210
-205
-202
-201
-196
-186
-176
-174
-176
-176
-169
-159
-150
-143
-136
-131
-127
-119
-106
-93
-84
-74
-60
-41
-23
-9
-1
6
15
26
37
47
54
62
70
77
85
94
103
106
101
98
100
103
99
91
91
98
105
109
117
128
134
128
120
123
133
136
133
135
144
149
144
138
135
128
110
93
85
79
60
29
-1
-24
-49
-80
-112
-140
-169
-204
-239
-268
-299
-343
-394
-439
-473
-509
-551
-594
-632
-666
-699
-729
-753
-775
-799
-818
-826
-824
-822
-821
-809
-777
-729
-671
-607
-538
-472
-415
-363
-311
-262
-227
-196
-150
-86
-22
27
66
106
137
149
151
161
176
178
168
169
181
178
146
109
94
91
80
64
66
79
79
63
56
64
70
63
64
90
124
143
153
177
215
247
273
305
348
384
405
424
452
479
497
514
543
580
608
620
626
630
630
624
619
620
623
624
620
614
605
592
576
562
555
558
565
566
558
548
538
529
518
511
514
523
530
532
532
532
528
518
507
501
497
488
471
452
434
413
388
362
342
325
306
280
250
219
186
146
102
61
26
-8
-43
-78
-108
-136
-168
-201
-228
-247
-268
-295
-323
-345
-362
-380
-396
-404
-401
-397
-396
-394
-391
-391
-399
-406
-403
-393
-386
-383
-375
-362
-351
-343
-334
-322
-312
-305
-298
-284
-271
-267
-269
-263
-251
-238
-229
-217
-201
-188
-184
-181
-173
-165
-164
-164
-154
-136
-123
-120
-119
-113
-105
-98
-88
-70
-49
-35
-29
-25
-19
-14
-12
-7
7
25
41
52
61
68
72
73
74
79
85
91
94
97
98
97
96
97
101
107
112
116
117
116
112
106
98
92
91
92
92
92
89
84
75
63
53
46
38
24
6
-12
-29
-49
-73
-96
-113
-126
-145
-170
-197
-220
-246
-278
-311
-338
-363
-397
-437
-472
-500
-529
-567
-602
-625
-642
-664
-688
-706
-721
-739
-755
-756
-740
-719
-694
-655
-601
-547
-504
-466
-428
-397
-376
-349
-305
-255
-218
-188
-151
-109
-81
-69
-53
-27
-5
5
18
44
62
56
38
32
38
39
37
46
70
89
96
103
116
123
119
119
137
163
184
202
226
253
274
294
323
358
386
404
424
446
459
464
474
494
515
528
541
558
570
568
561
562
566
564
554
551
554
549
532
518
517
518
512
507
513
522
519
506
496
495
492
480
473
479
487
488
485
487
492
489
478
471
468
462
446
427
410
396
381
367
358
348
330
305
278
252
225
194
164
138
114
89
62
34
5
-23
-50
-74
-93
-111
-133
-160
-188
-212
-233
-254
-273
-287
-294
-299
-308
-317
-325
-335
-349
-362
-368
-368
-369
-373
-372
-367
-363
-364
-365
-360
-352
-343
-335
-326
-318
-315
-315
-310
-298
-287
-278
-269
-256
-242
-231
-223
-215
-207
-200
-195
-188
-176
-166
-160
-156
-146
-131
-116
-105
-96
-85
-75
-67
-60
-49
-36
-25
-17
-7
7
23
34
42
48
53
58
64
71
78
80
78
76
75
77
79
83
83
81
80
82
85
83
76
69
63
59
54
50
45
36
23
14
13
11
1
-16
-34
-49
-65
-81
-95
-106
-120
-139
-156
-169
-183
-205
-232
-255
-272
-288
-308
-331
-352
-375
-400
-426
-450
-473
-498
-526
-552
-576
-599
-624
-649
-671
-690
-705
-718
-729
-740
-746
-745
-735
-720
-705
-684
-654
-619
-589
-566
-539
-504
-468
-435
-396
-345
-294
-262
-244
-217
-179
-147
-132
-116
-84
-48
-31
-27
-15
2
5
-5
-2
26
54
62
62
75
96
105
106
116
136
154
165
186
217
244
258
271
294
322
346
371
400
426
441
456
481
508
523
530
544
563
574
575
577
584
587
583
581
590
596
587
571
561
557
552
542
534
531
528
524
519
516
512
509
509
511
514
520
524
523
518
517
522
524
516
507
504
505
499
486
476
471
458
437
420
409
393
365
335
316
304
286
263
244
228
206
176
149
127
103
76
53
40
29
14
-5
-22
-39
-57
-74
-85
-92
-102
-117
-131
-143
-158
-175
-188
-197
-203
-209
-214
-215
-216
-222
-231
-240
-247
-251
-253
-255
-255
-253
-250
-247
-243
-240
-238
-236
-233
-229
-224
-218
-212
-208
-203
-194
-182
-171
-162
-155
-146
-134
-125
-120
-114
-106
-95
-86
-78
-70
-62
-56
-51
-39
-22
-9
-2
4
13
24
32
37
44
52
60
69
83
97
103
99
95
98
104
105
101
99
100
100
99
101
101
95
83
73
70
70
64
51
37
24
14
8
1
-8
-21
-34
-45
-55
-66
-75
-85
-98
-114
-128
-134
-139
-153
-173
-188
-195
-202
-217
-234
-247
-260
-281
-303
-316
-324
-342
-374
-403
-419
-431
-452
-477
-498
-516
-540
-568
-587
-598
-614
-635
-649
-646
-639
-641
-645
-639
-622
-600
-572
-530
-484
-447
-422
-395
-363
-340
-329
-319
-298
-270
-248
-232
-216
-204
-204
-206
-198
-177
-158
-144
-128
-107
-89
-81
-75
-61
-39
-13
18
57
96
122
139
158
183
209
229
252
281
312
336
355
375
400
424
445
469
497
519
528
526
524
526
528
525
524
533
544
546
539
534
533
529
522
517
522
531
532
528
529
536
541
543
548
562
577
583
580
576
576
573
566
561
562
564
559
549
539
531
520
505
489
478
469
453
429
403
384
369
352
333
321
314
304
286
266
251
234
211
188
172
162
150
130
108
92
78
60
38
19
3
-16
-41
-67
-92
-116
-144
-172
-193
-207
-220
-237
-255
-271
-285
-300
-315
-326
-333
-341
-351
-359
-363
-365
-370
-375
-374
-367
-363
-364
-365
-362
-361
-365
-367
-360
-349
-342
-339
-332
-319
-308
-303
-298
-288
-275
-266
-259
-247
-233
-222
-216
-208
-191
-171
-154
-140
-125
-108
-92
-80
-70
-59
-47
-35
-23
-8
8
21
29
37
46
58
67
73
77
81
88
92
94
96
99
100
101
104
108
110
106
99
97
97
96
90
81
76
73
68
60
55
51
45
36
27
20
14
3
-13
-29
-40
-50
-66
-85
-103
-116
-127
-140
-156
-172
-189
-207
-226
-244
-265
-287
-311
-336
-363
-388
-408
-428
-456
-487
-510
-523
-537
-562
-587
-602
-610
-623
-638
-643
-633
-620
-609
-590
-556
-522
-507
-504
-496
-478
-464
-461
-458
-448
-434
-424
-416
-406
-396
-392
-390
-379
-357
-331
-312
-299
-287
-271
-251
-227
-202
-176
-144
-106
-64
-24
10
37
57
78
104
139
174
203
226
248
273
300
328
356
384
408
428
448
464
470
466
460
462
470
479
485
492
498
500
498
500
508
514
514
514
520
528
530
527
527
536
548
558
567
576
583
580
572
565
564
561
554
549
550
552
548
539
531
526
518
508
500
494
483
464
445
432
423
414
404
397
391
381
368
356
345
329
310
292
280
268
252
233
214
196
178
163
148
131
107
79
53
30
6
-22
-50
-75
-95
-113
-130
-146
-165
-186
-206
-222
-237
-253
-273
-291
-306
-316
-325
-335
-347
-357
-365
-369
-371
-375
-382
-391
-398
-401
-402
-403
-405
-406
-405
-399
-390
-381
-374
-371
-368
-362
-352
-342
-334
-327
-319
-307
-293
-278
-264
-249
-235
-220
-204
-186
-171
-159
-150
-139
-127
-113
-98
-84
-70
-58
-46
-34
-20
-8
2
11
21
33
43
49
56
65
75
83
90
98
107
112
112
113
117
121
120
117
117
119
118
114
110
110
110
105
100
96
92
81
66
53
44
34
21
8
-3
-15
-32
-49
-61
-72
-88
-107
-125
-139
-156
-181
-208
-232
-255
-282
-309
-331
-348
-369
-394
-417
-436
-454
-476
-498
-516
-529
-542
-553
-557
-551
-540
-526
-510
-492
-479
-477
-483
-488
-492
-496
-499
-495
-486
-480
-481
-482
-475
-465
-458
-448
-428
-402
-381
-368
-353
-332
-315
-304
-287
-252
-208
-171
-140
-105
-68
-38
-18
5
35
63
86
111
143
177
202
222
250
285
319
346
370
388
399
405
411
420
430
436
444
456
470
482
490
495
499
505
515
525
533
538
540
540
543
549
558
567
572
576
582
589
590
583
575
568
563
558
555
555
553
545
537
534
536
534
528
521
515
508
499
487
474
462
452
447
447
447
443
432
418
404
393
382
368
350
332
316
302
288
273
257
240
223
209
197
181
157
129
104
83
62
41
20
1
-18
-38
-56
-73
-92
-115
-138
-157
-174
-192
-212
-232
-250
-263
-274
-285
-295
-306
-314
-323
-333
-346
-358
-369
-378
-385
-388
-389
-390
-394
-397
-396
-392
-390
-389
-388
-383
-378
-375
-371
-365
-357
-348
-338
-327
-314
-301
-290
-280
-269
-258
-249
-241
-232
-217
-199
-183
-170
-158
-145
-131
-117
-103
-88
-75
-63
-52
-39
-26
-16
-9
0
13
28
42
52
61
69
74
79
86
93
98
101
104
109
114
115
114
114
119
123
124
121
117
114
108
99
92
88
84
76
66
59
52
42
28
15
6
-3
-16
-33
-49
-66
-88
-113
-135
-155
-174
-194
-213
-233
-258
-286
-308
-323
-340
-366
-394
-415
-430
-448
-468
-478
-475
-471
-469
-462
-446
-433
-440
-459
-471
-472
-477
-492
-505
-506
-501
-506
-516
-518
-510
-501
-494
-482
-460
-440
-431
-425
-410
-388
-366
-346
-321
-286
-249
-215
-184
-155
-128
-103
-79
-50
-18
12
37
62
91
122
153
182
213
249
284
309
327
343
359
374
386
402
423
441
451
459
472
486
494
497
505
519
531
536
539
545
549
550
551
559
570
576
577
576
576
573
563
554
550
549
548
544
539
536
533
528
521
516
515
513
505
496
488
482
473
461
453
451
450
443
432
424
417
406
391
378
368
358
345
331
321
310
297
283
272
263
252
237
219
200
183
166
148
129
112
96
78
59
41
24
5
-17
-38
-54
-68
-88
-113
-134
-150
-165
-184
-202
-215
-226
-243
-260
-273
-285
-302
-324
-342
-353
-359
-367
-378
-386
-392
-398
-404
-407
-406
-404
-406
-409
-410
-406
-401
-400
-399
-395
-388
-381
-375
-367
-358
-352
-349
-344
-332
-320
-313
-306
-293
-276
-262
-250
-236
-220
-206
-193
-178
-159
-143
-133
-124
-110
-92
-77
-65
-51
-36
-21
-8
5
20
31
40
49
61
74
84
90
96
104
111
116
118
121
125
128
131
132
134
135
136
135
135
136
134
130
123
117
112
104
93
80
67
57
48
39
28
11
-10
-30
-46
-64
-84
-105
-124
-143
-168
-194
-215
-229
-248
-276
-303
-320
-334
-358
-392
-417
-428
-435
-446
-449
-437
-421
-417
-425
-429
-428
-439
-466
-492
-500
-497
-503
-519
-533
-538
-540
-540
-533
-518
-504
-497
-491
-476
-456
-441
-435
-428
-407
-374
-335
-297
-263
-234
-211
-186
-155
-119
-85
-61
-41
-15
19
52
78
101
130
166
204
241
276
304
321
331
344
364
388
405
418
433
453
470
482
490
500
511
523
536
549
558
559
557
558
566
578
587
593
596
598
598
592
583
575
567
561
558
558
559
554
541
530
526
526
525
521
516
509
498
484
472
464
457
447
441
438
435
427
414
399
384
370
358
350
343
333
317
301
288
279
270
261
253
245
235
222
203
182
161
141
124
111
102
91
75
54
33
15
-1
-19
-39
-58
-74
-89
-107
-127
-147
-164
-179
-192
-203
-213
-226
-244
-265
-284
-299
-312
-324
-337
-345
-351
-357
-365
-374
-383
-389
-393
-393
-392
-392
-395
-396
-396
-396
-396
-392
-385
-378
-374
-371
-366
-359
-356
-354
-347
-334
-320
-309
-300
-288
-275
-262
-251
-238
-221
-204
-191
-181
-169
-154
-139
-127
-115
-99
-81
-63
-50
-38
-26
-13
-3
7
20
34
48
58
65
74
83
92
100
108
117
123
127
128
130
134
138
139
138
139
141
142
139
135
131
125
116
107
102
96
87
74
63
54
43
28
13
-1
-17
-39
-61
-81
-101
-125
-149
-170
-189
-211
-238
-261
-277
-296
-321
-347
-368
-387
-409
-429
-435
-427
-420
-419
-420
-418
-421
-437
-458
-472
-481
-497
-519
-533
-535
-537
-550
-565
-569
-561
-554
-546
-532
-511
-497
-493
-489
-472
-449
-430
-411
-383
-345
-311
-285
-261
-233
-205
-179
-151
-118
-85
-59
-37
-11
22
57
90
123
158
194
226
250
269
285
300
314
330
352
375
395
407
419
435
454
470
482
493
507
517
522
524
528
533
535
539
551
567
577
577
574
572
569
563
557
555
552
546
537
529
524
518
511
507
506
506
502
493
481
469
456
445
438
435
435
430
422
414
407
398
387
375
366
358
348
336
324
314
301
286
275
271
270
264
254
241
229
214
197
181
168
154
139
126
114
101
85
67
50
35
20
4
-13
-31
-51
-69
-85
-100
-116
-132
-145
-157
-170
-187
-204
-221
-237
-253
-269
-283
-296
-309
-319
-326
-331
-338
-347
-354
-358
-361
-365
-370
-377
-382
-385
-383
-381
-380
-381
-381
-379
-375
-372
-370
-368
-366
-363
-355
-346
-337
-330
-322
-311
-298
-284
-270
-257
-246
-235
-222
-208
-195
-185
-174
-161
-144
-128
-114
-99
-85
-72
-60
-46
-30
-17
-6
3
14
27
39
50
59
67
74
81
89
95
99
102
106
111
115
120
126
131
132
131
131
133
134
131
125
119
114
107
98
89
80
68
56
45
35
22
5
-13
-33
-52
-70
-85
-101
-123
-148
-170
-185
-201
-224
-251
-273
-293
-316
-342
-362
-373
-382
-392
-393
-382
-370
-371
-385
-399
-408
-422
-445
-470
-487
-495
-506
-518
-528
-534
-541
-549
-549
-536
-517
-506
-503
-498
-486
-474
-464
-450
-426
-397
-369
-341
-309
-276
-250
-231
-209
-177
-144
-118
-94
-64
-31
-5
16
44
84
124
156
186
219
247
262
271
289
317
343
360
378
403
427
441
451
467
488
506
518
529
542
551
552
550
554
565
576
583
591
599
604
600
591
583
581
580
576
569
567
566
559
545
535
532
532
528
523
522
517
502
482
467
462
457
448
438
435
432
425
413
402
393
382
370
361
354
346
331
314
302
295
290
284
276
268
261
252
240
224
209
195
182
169
159
149
134
114
95
82
72
58
40
24
9
-7
-27
-45
-60
-76
-93
-107
-118
-128
-141
-157
-172
-188
-207
-227
-243
-256
-269
-282
-294
-305
-317
-326
-331
-333
-337
-348
-359
-366
-369
-372
-377
-381
-384
-384
-383
-378
-373
-370
-370
-370
-368
-363
-359
-356
-352
-345
-335
-323
-311
-301
-291
-279
-264
-249
-235
-223
-213
-202
-190
-176
-161
-145
-130
-114
-97
-80
-64
-49
-34
-19
-5
9
20
32
45
59
74
88
99
107
115
125
136
146
152
154
157
163
169
174
179
183
186
187
187
188
189
189
186
182
177
170
159
147
138
131
122
110
95
80
64
45
25
4
-17
-38
-59
-79
-100
-122
-143
-164
-184
-205
-226
-248
-273
-301
-328
-350
-368
-384
-395
-394
-382
-372
-372
-381
-393
-408
-432
-462
-486
-503
-522
-544
-559
-562
-561
-569
-579
-575
-556
-538
-530
-526
-515
-504
-500
-494
-478
-452
-431
-414
-388
-350
-312
-285
-264
-237
-205
-176
-153
-129
-102
-78
-56
-31
6
49
90
125
161
196
225
246
261
279
298
316
331
349
369
388
404
418
437
459
478
490
500
512
521
522
522
529
541
550
557
566
578
586
584
576
572
570
565
559
554
551
546
537
529
528
530
529
525
521
518
514
503
490
478
468
459
451
445
442
438
430
420
412
406
398
386
375
366
357
344
331
321
316
310
305
301
299
295
284
271
258
245
228
210
194
182
169
154
136
120
106
92
79
64
47
29
10
-8
-25
-41
-55
-71
-88
-103
-115
-126
-143
-163
-183
-202
-220
-238
-255
-271
-287
-303
-316
-326
-335
-346
-355
-363
-369
-375
-381
-387
-395
-403
-407
-406
-403
-405
-409
-412
-411
-410
-410
-409
-405
-404
-405
-402
-393
-381
-372
-365
-356
-344
-331
-319
-305
-289
-276
-264
-252
-236
-220
-207
-194
-180
-163
-147
-134
-120
-105
-90
-77
-63
-46
-29
-16
-5
9
27
44
56
64
75
86
95
100
107
117
125
128
130
136
143
148
149
151
156
160
160
157
158
161
159
152
146
140
134
124
114
105
97
83
65
47
30
10
-12
-33
-50
-69
-92
-115
-134
-149
-168
-190
-210
-230
-254
-283
-311
-332
-351
-370
-385
-386
-376
-369
-370
-375
-380
-392
-416
-446
-473
-497
-520
-543
-558
-565
-573
-584
-591
-585
-569
-554
-545
-537
-529
-522
-519
-514
-503
-489
-473
-453
-422
-383
-348
-322
-299
-273
-246
-220
-196
-170
-145
-124
-106
-81
-48
-11
23
58
99
141
176
202
223
243
259
274
291
312
333
349
362
379
401
423
442
459
476
490
500
507
511
514
517
521
531
545
560
571
575
574
572
569
564
559
557
553
545
534
525
518
513
507
504
506
510
509
503
494
484
470
453
442
437
434
428
422
417
412
404
393
381
372
363
352
342
330
317
305
295
287
282
279
277
273
264
252
239
226
211
196
183
172
158
141
124
110
96
80
64
49
35
19
3
-11
-26
-44
-62
-77
-88
-100
-114
-128
-141
-156
-172
-188
-203
-219
-239
-257
-271
-282
-294
-310
-325
-336
-344
-352
-361
-368
-374
-380
-387
-391
-390
-390
-394
-401
-404
-403
-402
-403
-405
-402
-399
-399
-399
-394
-386
-380
-376
-369
-357
-343
-332
-321
-307
-292
-279
-266
-251
-234
-220
-210
-198
-183
-167
-152
-139
-125
-110
-95
-79
-63
-48
-34
-23
-10
6
23
38
50
63
77
92
103
113
122
130
134
137
144
153
158
158
159
164
170
173
172
172
174
173
170
168
167
163
152
141
134
130
122
110
97
85
71
52
32
13
-5
-28
-51
-71
-88
-109
-133
-156
-175
-195
-221
-248
-270
-292
-317
-344
-362
-370
-374
-377
-375
-368
-367
-379
-398
-413
-429
-456
-489
-515
-531
-545
-563
-579
-583
-583
-584
-584
-573
-555
-541
-536
-533
-525
-516
-511
-505
-489
-462
-434
-410
-385
-357
-325
-297
-273
-249
-220
-192
-169
-150
-128
-101
-74
-48
-17
24
67
104
134
163
193
217
233
249
269
291
307
322
341
363
382
398
415
438
460
475
485
492
499
502
504
511
523
537
548
557
566
574
576
573
569
569
569
565
557
548
540
532
524
521
523
526
526
523
522
519
511
498
486
477
470
461
455
453
449
441
429
420
414
407
399
391
381
368
352
338
329
323
317
311
305
302
298
289
277
263
250
237
222
206
192
177
161
143
128
115
102
86
70
56
42
26
4
-16
-33
-49
-66
-83
-97
-108
-122
-138
-154
-167
-182
-201
-220
-237
-252
-270
-289
-305
-316
-327
-337
-346
-352
-359
-366
-372
-376
-380
-388
-396
-402
-404
-406
-411
-413
-413
-412
-413
-412
-408
-405
-404
-405
-402
-395
-387
-381
-375
-365
-349
-334
-320
-307
-292
-277
-264
-251
-237
-222
-209
-199
-186
-171
-153
-137
-124
-110
-94
-76
-59
-42
-25
-10
2
16
33
51
67
79
92
106
117
128
137
147
155
159
164
171
179
182
182
184
191
198
201
203
205
206
203
198
194
191
184
173
162
155
150
141
128
112
96
78
60
43
25
5
-17
-40
-60
-79
-101
-124
-145
-164
-182
-203
-225
-251
-280
-311
-338
-359
-375
-388
-397
-396
-390
-385
-387
-397
-412
-433
-457
-481
-502
-522
-544
-564
-578
-585
-591
-594
-591
-580
-566
-556
-547
-536
-526
-519
-515
-507
-493
-477
-459
-433
-400
-366
-336
-310
-279
-244
-213
-188
-166
-142
-120
-101
-81
-55
-21
15
51
91
134
171
197
218
239
261
278
291
308
328
348
363
377
396
418
438
457
476
496
510
517
519
524
530
534
538
545
558
571
579
582
584
586
585
582
579
578
573
564
552
544
539
534
531
530
533
534
532
526
518
509
499
490
483
477
471
464
455
448
443
437
428
417
409
401
389
372
355
342
331
321
313
311
312
309
301
290
280
267
250
232
218
205
190
171
153
139
125
110
94
81
67
53
36
18
0
-20
-41
-60
-76
-91
-105
-119
-132
-145
-158
-174
-192
-210
-228
-246
-263
-279
-295
-312
-329
-341
-348
-352
-357
-363
-367
-371
-377
-384
-390
-394
-399
-406
-411
-409
-405
-403
-403
-401
-396
-394
-393
-391
-386
-379
-374
-370
-365
-357
-347
-335
-320
-302
-285
-268
-251
-236
-222
-209
-198
-187
-174
-159
-142
-128
-115
-102
-85
-64
-45
-30
-16
0
17
34
49
62
74
85
97
112
130
146
156
161
165
173
180
185
188
192
198
202
203
203
206
211
213
212
213
215
214
208
200
193
187
177
165
156
146
134
118
103
88
71
51
30
10
-9
-29
-49
-70
-94
-118
-140
-157
-174
-195
-220
-247
-274
-302
-329
-353
-373
-387
-396
-397
-393
-390
-392
-400
-410
-424
-442
-464
-487
-511
-533
-551
-565
-576
-585
-591
-590
-581
-569
-556
-545
-536
-527
-519
-510
-497
-482
-467
-450
-429
-403
-372
-343
-316
-289
-258
-224
-193
-165
-140
-117
-97
-76
-51
-19
17
52
85
121
160
194
222
244
267
288
308
326
344
362
377
390
406
427
451
472
492
509
523
533
540
545
550
554
559
565
573
580
584
586
587
589
590
591
591
590
586
579
570
561
553
547
541
539
540
540
539
534
527
520
513
504
496
486
475
464
453
443
432
422
413
404
397
391
384
375
363
349
336
326
316
306
297
289
281
271
259
246
231
216
201
187
173
157
139
121
105
90
75
61
46
31
16
-1
-17
-34
-52
-71
-91
-110
-127
-145
-162
-180
-196
-211
-228
-245
-262
-276
-291
-306
-322
-334
-345
-356
-367
-376
-382
-388
-396
-403
-410
-416
-422
-428
-431
-433
-436
-439
-441
-439
-436
-433
-429
-424
-421
-417
-413
-406
-398
-390
-383
-374
-363
-351
-338
-323
-309
-295
-281
-266
-249
-233
-219
-205
-192
-177
-162
-146
-130
-115
-99
-82
-62
-41
-24
-9
5
20
37
53
69
83
95
107
122
136
149
158
166
175
183
190
196
201
205
208
210
212
216
219
222
222
222
221
219
214
207
201
193
184
171
159
149
139
126
110
96
85
72
55
33
10
-12
-34
-57
-81
-105
-129
-154
-179
-200
-221
-243
-270
-300
-329
-354
-376
-397
-417
-430
-434
-431
-429
-431
-435
-442
-454
-474
-496
-517
-538
-565
-591
-607
-615
-623
-632
-635
-627
-613
-602
-590
-576
-564
-559
-557
-547
-530
-512
-496
-475
-446
-415
-386
-359
-329
-297
-267
-240
-214
-187
-163
-142
-123
-99
-68
-33
2
40
81
123
159
188
212
235
255
273
291
312
334
351
366
384
405
426
446
467
488
505
516
523
529
535
538
541
548
558
567
573
578
583
587
587
585
583
583
582
577
571
564
558
551
545
542
542
542
540
535
529
523
514
501
490
481
473
463
452
444
436
428
418
409
402
393
381
369
357
345
330
315
303
293
283
273
264
257
249
238
223
208
193
178
161
144
128
112
97
80
63
48
34
15
-5
-24
-41
-58
-79
-100
-118
-134
-152
-171
-187
-200
-213
-228
-243
-256
-269
-286
-303
-320
-333
-346
-359
-373
-383
-391
-400
-409
-417
-422
-427
-433
-440
-445
-446
-447
-449
-451
-451
-450
-450
-447
-443
-438
-435
-433
-428
-421
-413
-406
-401
-393
-384
-372
-359
-345
-330
-316
-300
-282
-262
-243
-228
-215
-201
-185
-169
-152
-135
-118
-101
-84
-67
-48
-30
-14
2
20
38
55
71
87
102
117
131
145
159
173
185
196
204
209
214
219
224
228
231
233
237
241
243
242
241
239
238
236
233
229
223
215
204
192
182
173
164
152
139
126
112
92
68
46
27
7
-19
-46
-68
-87
-110
-137
-161
-178
-197
-223
-251
-273
-294
-323
-357
-382
-398
-410
-423
-429
-424
-415
-417
-428
-440
-452
-468
-491
-513
-532
-553
-576
-594
-603
-604
-604
-603
-598
-585
-568
-552
-542
-536
-531
-525
-517
-503
-482
-458
-434
-411
-383
-350
-315
-284
-254
-222
-191
-164
-142
-121
-100
-78
-55
-28
7
46
85
121
158
193
225
249
269
290
311
331
346
360
374
389
404
422
446
472
496
513
527
539
546
549
551
558
565
571
577
585
594
600
603
606
610
612
611
610
609
603
592
580
572
567
564
563
565
567
565
561
556
549
539
527
516
509
503
494
484
473
463
453
445
439
432
423
411
398
385
370
353
338
326
317
310
302
293
282
269
254
239
225
210
193
175
157
139
118
96
76
59
43
28
13
-2
-18
-38
-59
-78
-97
-117
-139
-155
-168
-181
-197
-215
-231
-246
-260
-274
-287
-302
-318
-335
-351
-364
-374
-384
-394
-402
-406
-408
-411
-416
-421
-424
-427
-430
-433
-435
-435
-436
-438
-436
-432
-428
-424
-418
-409
-401
-397
-392
-385
-376
-366
-356
-343
-328
-312
-296
-280
-262
-245
-228
-212
-195
-177
-161
-148
-136
-122
-106
-89
-74
-56
-37
-17
1
19
35
50
64
79
97
116
133
147
160
172
184
195
205
215
223
230
236
240
244
245
246
247
250
253
256
257
258
258
257
253
249
244
239
232
224
214
203
190
177
164
148
131
114
98
81
61
39
15
-9
-33
-55
-74
-92
-113
-136
-159
-181
-202
-224
-249
-276
-302
-325
-346
-367
-385
-396
-401
-404
-407
-409
-413
-422
-437
-455
-470
-487
-510
-534
-552
-561
-569
-577
-583
-583
-580
-574
-564
-551
-539
-533
-529
-522
-510
-496
-483
-469
-449
-423
-396
-370
-343
-314
-286
-258
-230
-200
-170
-146
-126
-106
-82
-56
-29
2
37
73
107
138
167
194
218
240
260
278
296
313
331
347
366
385
405
424
445
466
485
499
508
515
522
525
528
534
541
547
551
557
564
567
568
569
574
578
577
574
572
569
562
556
554
554
553
550
548
547
544
537
529
523
516
508
500
493
485
475
465
457
448
437
427
418
409
398
385
372
359
346
332
321
311
302
289
277
265
251
236
219
203
188
173
158
141
124
107
90
73
56
40
23
5
-13
-31
-48
-67
-88
-110
-128
-144
-162
-181
-199
-215
-231
-247
-263
-277
-293
-310
-325
-336
-346
-359
-374
-386
-394
-401
-409
-416
-422
-428
-434
-439
-442
-445
-449
-454
-458
-457
-454
-450
-449
-447
-444
-440
-437
-433
-426
-418
-410
-403
-394
-381
-368
-356
-344
-330
-313
-297
-283
-268
-252
-237
-224
-212
-197
-179
-161
-145
-128
-109
-89
-72
-56
-40
-23
-7
9
25
42
57
70
83
98
114
128
142
156
168
179
187
195
202
207
211
217
223
227
230
233
235
237
238
237
235
233
230
226
220
211
201
191
180
169
160
153
143
131
117
105
91
74
55
34
13
-9
-32
-56
-80
-105
-128
-149
-170
-190
-210
-231
-254
-280
-306
-330
-352
-372
-392
-406
-413
-414
-418
-424
-429
-434
-443
-458
-475
-488
-503
-522
-544
-558
-566
-574
-583
-587
-582
-572
-565
-558
-549
-537
-529
-523
-515
-503
-490
-477
-459
-435
-407
-380
-354
-328
-300
-270
-240
-212
-188
-165
-143
-120
-95
-68
-41
-15
10
40
76
112
143
171
197
222
243
261
281
301
317
332
349
370
392
410
426
443
460
475
487
497
506
515
523
530
539
547
555
560
566
574
582
586
586
584
583
580
575
571
569
566
563
560
559
559
558
554
551
548
544
538
529
520
511
501
490
480
473
465
457
447
440
432
421
406
390
375
361
348
335
325
316
303
289
276
264
251
236
221
206
191
173
153
133
115
97
79
62
48
33
15
-4
-23
-42
-63
-85
-104
-122
-139
-156
-173
-191
-210
-228
-245
-259
-272
-284
-298
-312
-327
-343
-358
-372
-384
-396
-404
-409
-413
-419
-427
-433
-438
-442
-446
-448
-449
-451
-453
-454
-454
-453
-452
-450
-446
-439
-431
-424
-420
-414
-407
-399
-390
-380
-367
-352
-338
-323
-308
-292
-278
-265
-249
-230
-211
-196
-182
-168
-152
-138
-124
-107
-88
-69
-52
-35
-18
0
16
31
47
65
82
98
113
129
146
159
170
181
195
208
218
226
234
239
241
243
246
250
252
254
255
256
256
255
252
250
247
244
240
235
227
217
207
196
184
172
161
148
135
121
107
93
75
54
34
14
-6
-26
-48
-69
-92
-115
-140
-164
-184
-203
-222
-244
-267
-290
-312
-334
-355
-371
-383
-392
-402
-410
-412
-413
-418
-431
-445
-455
-464
-477
-492
-504
-515
-528
-541
-547
-544
-539
-537
-535
-525
-511
-502
-498
-492
-479
-466
-453
-439
-418
-396
-376
-356
-330
-298
-268
-243
-219
-191
-163
-140
-124
-107
-85
-59
-33
-5
27
61
90
114
140
170
199
220
237
255
277
295
307
319
336
355
371
388
409
433
451
462
470
480
490
497
504
512
522
529
533
534
538
543
547
550
555
561
564
562
558
554
549
544
540
541
545
547
544
541
539
536
529
521
515
512
506
498
488
479
466
452
439
431
426
419
409
398
387
374
359
344
331
319
307
296
284
271
255
239
222
207
193
181
168
154
137
119
100
81
61
42
25
9
-7
-24
-43
-63
-82
-102
-121
-139
-155
-170
-186
-202
-220
-237
-254
-270
-285
-298
-309
-319
-330
-342
-352
-362
-373
-383
-391
-395
-399
-404
-409
-413
-417
-423
-426
-427
-427
-428
-429
-427
-423
-421
-420
-417
-411
-405
-399
-391
-380
-370
-364
-358
-348
-336
-324
-312
-298
-282
-267
-254
-240
-225
-208
-193
-179
-163
-145
-127
-110
-94
-80
-65
-50
-35
-19
-2
14
30
43
57
73
89
103
114
128
144
158
169
180
192
203
210
217
225
232
236
239
242
245
247
247
247
247
248
247
243
239
234
229
222
215
208
200
190
178
167
156
145
133
121
110
97
82
66
48
29
9
-12
-33
-55
-77
-99
-121
-144
-165
-184
-204
-225
-246
-265
-284
-306
-328
-348
-363
-377
-388
-395
-399
-403
-409
-416
-424
-435
-447
-459
-471
-482
-494
-503
-511
-519
-524
-525
-521
-518
-515
-509
-500
-493
-490
-482
-471
-458
-448
-435
-416
-394
-373
-353
-328
-302
-277
-253
-226
-199
-176
-157
-137
-114
-91
-69
-45
-19
10
38
67
94
119
142
164
186
208
229
247
263
278
294
312
330
347
364
384
403
417
430
441
451
460
468
478
489
500
509
517
524
529
533
536
540
545
549
550
549
547
544
542
540
539
540
544
547
549
547
544
539
534
528
523
519
515
510
505
499
490
479
468
458
450
441
431
419
405
390
375
361
348
335
324
315
306
295
282
268
254
238
223
207
192
176
160
143
125
107
90
73
58
43
28
11
-8
-28
-49
-70
-91
-110
-128
-143
-158
-173
-190
-207
-224
-240
-255
-269
-283
-296
-309
-321
-334
-347
-359
-368
-374
-380
-384
-387
-390
-393
-398
-403
-407
-412
-415
-417
-417
-416
-416
-416
-415
-412
-408
-403
-398
-392
-384
-377
-370
-363
-356
-348
-337
-325
-311
-295
-279
-264
-251
-237
-224
-210
-197
-183
-169
-154
-138
-123
-110
-96
-81
-66
-50
-34
-17
1
17
31
44
58
72
85
97
111
127
141
153
162
172
182
190
197
204
211
217
221
224
228
231
232
232
234
237
239
238
235
233
228
221
212
204
198
190
179
170
161
151
138
126
117
108
95
79
64
50
32
12
-9
-28
-48
-70
-91
-111
-131
-153
-175
-195
-214
-234
-253
-271
-289
-307
-324
-340
-354
-368
-378
-384
-388
-394
-401
-410
-419
-432
-446
-457
-465
-471
-479
-488
-496
-501
-503
-504
-505
-503
-496
-487
-477
-467
-457
-447
-440
-434
-421
-403
-382
-362
-341
-316
-289
-266
-246
-226
-203
-182
-160
-138
-115
-93
-74
-53
-30
-3
23
49
75
101
126
148
168
186
203
221
239
259
280
300
316
330
343
358
374
388
402
415
428
438
447
457
466
474
479
486
497
509
516
519
520
522
523
525
526
528
530
530
528
526
525
523
521
520
522
525
525
522
517
511
503
495
488
482
477
471
464
455
445
434
423
412
401
389
379
369
357
342
326
311
297
284
272
262
251
238
224
208
192
174
156
139
124
110
94
77
59
40
21
2
-16
-33
-49
-66
-82
-100
-118
-137
-156
-173
-189
-202
-216
-231
-246
-260
-274
-289
-304
-317
-328
-339
-349
-359
-367
-377
-387
-395
-400
-403
-406
-409
-410
-411
-415
-420
-423
-424
-424
-422
-420
-416
-412
-408
-406
-403
-398
-391
-384
-376
-367
-357
-349
-341
-331
-319
-307
-293
-279
-263
-246
-230
-214
-200
-187
-174
-161
-146
-131
-117
-103
-88
-74
-61
-48
-32
-15
2
17
33
49
63
75
86
100
114
125
135
146
159
170
177
184
191
198
202
206
210
214
215
213
212
212
213
211
208
206
204
201
195
189
182
175
166
156
147
138
126
112
99
88
77
64
49
35
22
6
-13
-32
-50
-70
-90
-110
-127
-145
-166
-188
-209
-228
-246
-265
-284
-302
-319
-336
-352
-367
-380
-391
-399
-407
-414
-421
-427
-435
-446
-457
-466
-474
-482
-490
-494
-497
-502
-507
-509
-507
-504
-500
-494
-485
-475
-467
-459
-449
-437
-423
-408
-391
-371
-351
-329
-306
-283
-260
-236
-212
-188
-164
-140
-117
-96
-76
-54
-31
-8
15
42
70
96
120
142
163
182
198
215
235
256
273
288
305
323
338
352
366
383
400
414
426
438
450
459
463
468
477
486
494
500
507
515
520
520
520
523
527
528
527
528
529
528
523
518
517
518
516
514
513
513
510
503
495
489
482
473
464
457
451
444
434
423
413
404
393
381
369
359
347
331
315
300
287
272
256
244
234
223
208
192
177
162
144
127
111
96
81
61
42
24
8
-9
-26
-43
-57
-72
-88
-107
-125
-142
-159
-179
-197
-212
-224
-238
-254
-268
-280
-291
-304
-316
-325
-332
-340
-351
-360
-367
-374
-381
-387
-389
-389
-390
-393
-396
-397
-398
-399
-399
-398
-395
-392
-391
-388
-385
-380
-375
-370
-361
-351
-340
-331
-322
-313
-303
-293
-283
-272
-258
-243
-228
-214
-198
-183
-169
-156
-142
-125
-107
-92
-79
-66
-52
-39
-26
-13
1
17
31
45
60
77
91
104
115
127
141
154
165
174
183
191
198
205
212
220
226
230
232
234
237
238
237
233
231
229
226
221
215
211
206
198
190
185
179
170
158
146
136
125
111
98
86
74
60
45
28
11
-8
-26
-43
-60
-78
-96
-115
-136
-157
-177
-197
-217
-237
-256
-272
-289
-307
-325
-340
-355
-369
-380
-386
-392
-400
-409
-415
-421
-430
-439
-448
-455
-461
-468
-472
-476
-480
-483
-483
-483
-481
-476
-469
-461
-455
-449
-441
-433
-427
-417
-402
-382
-366
-349
-329
-303
-280
-259
-238
-213
-190
-170
-151
-128
-105
-84
-64
-41
-16
9
32
55
80
106
130
153
173
193
214
235
252
267
284
303
320
335
352
371
388
399
410
424
439
449
457
466
479
489
494
500
508
516
521
525
531
537
541
542
542
542
541
538
535
534
535
536
536
534
533
532
528
523
519
516
512
505
497
491
484
475
464
453
445
436
425
413
402
392
380
366
352
340
329
315
300
288
276
262
244
227
213
200
183
165
150
137
121
103
85
70
54
35
17
1
-14
-30
-48
-64
-80
-97
-115
-134
-151
-166
-181
-195
-208
-221
-233
-246
-261
-274
-286
-298
-310
-321
-329
-336
-345
-354
-361
-365
-368
-373
-376
-377
-377
-378
-381
-381
-380
-380
-380
-378
-373
-368
-365
-362
-358
-352
-346
-339
-332
-324
-315
-306
-299
-291
-281
-269
-258
-245
-229
-213
-199
-187
-175
-161
-148
-136
-124
-110
-94
-80
-68
-56
-42
-29
-16
-3
13
29
44
57
68
80
91
102
111
123
136
149
160
168
176
184
191
195
198
204
211
216
219
221
223
224
222
219
216
215
213
208
202
195
186
176
166
157
150
143
134
124
115
106
94
80
66
52
39
24
9
-6
-23
-42
-60
-76
-92
-110
-128
-146
-163
-182
-201
-221
-240
-259
-277
-295
-312
-328
-344
-360
-376
-389
-399
-407
-415
-421
-426
-428
-432
-439
-446
-452
-456
-460
-463
-466
-468
-473
-479
-484
-486
-483
-477
-471
-465
-457
-447
-437
-428
-422
-413
-400
-384
-366
-345
-322
-301
-283
-264
-242
-218
-194
-171
-147
-122
-98
-77
-57
-39
-21
1
25
53
81
107
131
152
172
192
213
233
252
271
291
311
327
342
356
371
384
400
418
436
448
456
463
473
483
491
499
507
514
519
525
531
536
540
541
544
547
552
554
552
546
541
538
536
535
533
532
531
528
524
519
514
507
498
492
488
482
474
464
451
438
426
416
407
397
386
374
362
347
331
314
298
282
268
257
248
236
220
203
187
172
156
139
124
108
90
72
54
38
19
-2
-20
-33
-45
-60
-75
-91
-107
-125
-144
-161
-175
-189
-204
-219
-233
-246
-258
-271
-283
-293
-303
-314
-324
-333
-342
-352
-362
-369
-374
-378
-381
-384
-385
-385
-386
-386
-386
-385
-384
-383
-380
-377
-374
-372
-370
-366
-359
-351
-344
-335
-326
-316
-308
-300
-290
-279
-268
-257
-244
-230
-218
-207
-196
-182
-166
-150
-135
-119
-104
-90
-78
-66
-53
-40
-27
-14
0
14
29
42
54
66
78
89
101
115
128
138
147
156
164
171
177
184
192
200
206
210
214
216
217
218
219
219
219
216
214
210
204
196
187
178
170
162
154
145
135
125
114
103
90
77
64
52
40
27
13
-2
-17
-32
-47
-64
-81
-98
-115
-133
-152
-169
-184
-202
-222
-240
-255
-271
-290
-310
-325
-338
-354
-371
-385
-398
-411
-426
-439
-446
-451
-456
-460
-461
-461
-462
-465
-469
-472
-473
-475
-477
-477
-474
-470
-470
-473
-471
-464
-454
-447
-437
-422
-406
-396
-387
-374
-359
-347
-336
-319
-292
-266
-244
-225
-202
-176
-154
-134
-110
-81
-54
-31
-10
13
36
53
68
88
115
143
168
191
215
241
261
275
289
308
328
345
361
380
400
413
420
429
445
463
476
488
503
517
524
525
526
532
537
541
544
552
562
568
567
565
565
565
562
558
558
559
557
550
542
536
530
524
517
515
515
512
505
494
484
473
460
445
433
425
417
406
392
378
365
350
333
317
304
294
279
261
243
225
206
185
167
154
144
130
114
98
83
65
45
27
12
-2
-18
-33
-48
-65
-83
-101
-118
-133
-148
-160
-172
-186
-201
-217
-231
-247
-262
-274
-282
-290
-300
-310
-318
-326
-335
-344
-349
-352
-357
-362
-365
-367
-372
-378
-380
-379
-375
-372
-368
-364
-360
-357
-355
-352
-350
-346
-340
-333
-325
-317
-310
-302
-296
-288
-277
-263
-249
-238
-227
-215
-202
-191
-182
-169
-154
-139
-125
-110
-93
-78
-67
-57
-44
-27
-13
-1
10
24
38
49
58
68
80
91
101
113
127
140
149
154
160
168
177
184
189
193
199
204
208
210
212
214
213
210
209
210
211
205
198
193
188
181
170
161
154
146
135
125
116
107
94
78
64
53
41
27
13
0
-13
-27
-41
-56
-73
-89
-106
-122
-136
-150
-164
-182
-201
-219
-234
-250
-269
-285
-298
-309
-324
-340
-354
-367
-383
-400
-412
-420
-427
-436
-446
-452
-456
-461
-463
-463
-463
-463
-462
-460
-459
-459
-458
-457
-457
-458
-456
-448
-441
-436
-431
-421
-409
-398
-387
-373
-358
-347
-338
-326
-308
-288
-270
-251
-229
-205
-182
-162
-140
-117
-92
-69
-45
-21
1
20
35
52
72
96
119
142
165
190
216
236
253
270
288
305
320
338
360
379
389
397
409
426
441
451
462
477
490
497
501
507
513
516
519
526
537
547
550
550
550
552
551
549
547
546
545
541
535
529
523
517
511
507
504
502
497
490
481
472
461
449
437
428
419
408
395
382
372
359
344
329
317
305
290
272
255
239
219
197
179
168
158
143
126
112
100
86
69
51
37
23
7
-12
-29
-45
-61
-78
-92
-103
-113
-125
-140
-154
-168
-180
-195
-210
-222
-231
-240
-249
-258
-267
-275
-284
-294
-301
-304
-308
-314
-320
-324
-329
-335
-340
-341
-339
-337
-336
-333
-329
-326
-324
-322
-316
-309
-305
-303
-298
-292
-287
-283
-277
-268
-257
-247
-238
-229
-219
-209
-201
-192
-181
-167
-154
-143
-132
-120
-108
-98
-89
-76
-60
-46
-34
-24
-14
-6
1
9
19
33
45
56
65
75
85
95
102
110
120
131
139
145
151
156
159
158
157
161
165
166
166
168
171
171
166
160
156
154
150
146
143
140
133
124
115
107
99
90
81
73
65
56
43
28
12
-3
-16
-30
-44
-57
-70
-84
-96
-108
-120
-134
-149
-160
-169
-177
-189
-202
-217
-232
-248
-264
-279
-292
-305
-320
-333
-346
-357
-369
-381
-391
-399
-406
-412
-421
-430
-437
-440
-441
-440
-439
-436
-432
-430
-430
-428
-424
-420
-417
-414
-409
-401
-396
-394
-395
-393
-386
-377
-366
-351
-333
-317
-306
-297
-284
-267
-252
-238
-222
-200
-176
-156
-139
-122
-103
-83
-60
-35
-8
15
33
47
63
81
101
121
141
164
190
215
236
255
272
288
304
324
347
367
380
388
397
410
424
436
449
463
476
487
494
500
505
508
511
517
526
535
540
539
535
535
537
539
540
542
544
543
538
529
522
515
506
499
496
496
494
487
476
463
450
438
430
424
417
407
396
383
367
350
334
320
307
295
285
277
267
249
226
204
187
171
156
141
129
118
105
90
74
60
45
31
18
7
-3
-16
-34
-53
-69
-82
-94
-105
-116
-127
-137
-149
-161
-173
-185
-196
-206
-216
-226
-233
-239
-246
-253
-258
-259
-261
-264
-268
-271
-274
-278
-283
-287
-289
-290
-291
-291
-291
-290
-289
-287
-285
-280
-271
-263
-257
-252
-248
-245
-244
-242
-234
-221
-209
-201
-193
-185
-179
-177
-172
-163
-150
-139
-128
-116
-104
-98
-95
-89
-77
-63
-49
-36
-22
-10
-3
0
3
7
12
17
25
36
46
53
56
59
65
73
81
90
99
107
114
116
117
116
115
114
112
113
115
116
114
111
108
107
104
100
96
93
89
83
77
71
65
58
50
42
35
29
21
13
5
-2
-10
-20
-33
-45
-57
-69
-82
-94
-104
-114
-127
-142
-155
-165
-175
-185
-195
-203
-210
-219
-230
-238
-244
-253
-266
-278
-285
-291
-301
-312
-320
-327
-333
-341
-348
-354
-361
-368
-373
-373
-372
-374
-377
-380
-381
-381
-378
-371
-364
-359
-352
-341
-328
-320
-316
-311
-303
-297
-291
-281
-270
-261
-255
-248
-237
-224
-216
-208
-197
-180
-161
-143
-125
-109
-97
-85
-71
-53
-33
-12
9
30
51
70
88
102
115
128
145
164
183
199
212
225
237
251
267
284
301
316
331
347
361
372
381
389
399
410
424
438
446
451
453
456
460
465
472
478
480
479
478
476
472
469
468
471
473
474
473
471
466
458
450
447
446
442
437
432
425
414
402
392
382
374
367
361
355
345
332
316
300
284
270
261
255
247
235
222
208
191
173
157
145
134
123
111
99
85
67
49
33
21
12
5
-3
-12
-23
-36
-49
-63
-76
-85
-94
-102
-111
-121
-132
-143
-154
-163
-171
-179
-186
-193
-199
-206
-215
-224
-230
-235
-237
-238
-238
-240
-243
-246
-247
-249
-250
-252
-253
-252
-251
-250
-249
-250
-250
-247
-242
-236
-231
-227
-224
-221
-217
-210
-202
-195
-189
-184
-179
-172
-165
-158
-152
-143
-133
-123
-114
-107
-102
-96
-91
-85
-76
-66
-57
-51
-45
-37
-29
-22
-16
-11
-4
5
12
19
26
31
35
38
42
48
54
58
61
64
68
70
72
73
74
74
73
73
74
74
73
72
72
71
70
68
65
63
59
55
51
46
40
32
24
17
10
4
-2
-8
-16
-25
-32
-39
-45
-53
-59
-65
-73
-83
-91
-97
-104
-114
-124
-132
-139
-148
-160
-169
-178
-186
-195
-202
-207
-213
-221
-230
-238
-245
-250
-255
-259
-262
-266
-271
-276
-284
-291
-296
-298
-298
-298
-299
-301
-304
-308
-312
-313
-311
-308
-304
-300
-294
-287
-282
-277
-269
-258
-248
-241
-233
-224
-216
-211
-210
-206
-199
-192
-184
-171
-155
-143
-135
-128
-117
-106
-95
-85
-72
-57
-42
-28
-14
-2
11
25
42
60
77
92
103
113
124
137
152
165
177
189
203
217
227
234
243
254
267
281
297
309
317
321
326
333
343
354
364
373
382
389
392
392
389
389
392
398
405
409
410
407
402
397
394
394
396
397
398
398
395
389
380
371
365
362
360
356
352
348
341
331
320
311
303
295
287
281
274
265
254
243
233
223
212
202
193
183
172
160
147
134
121
109
99
89
79
69
61
52
42
33
24
15
5
-3
-12
-20
-30
-39
-49
-57
-66
-74
-83
-92
-100
-108
-116
-125
-134
-140
-145
-150
-155
-159
-164
-169
-173
-176
-177
-180
-182
-183
-183
-184
-186
-188
-190
-191
-191
-191
-190
-190
-191
-191
-191
-190
-188
-185
-182
-178
-174
-170
-168
-165
-162
-157
-149
-142
-135
-129
-123
-119
-114
-110
-105
-102
-99
-93
-87
-80
-74
-69
-63
-58
-54
-48
-42
-37
-32
-28
-22
-18
-15
-14
-11
-7
-2
4
9
13
15
17
20
23
25
27
28
30
31
32
33
31
29
27
28
30
28
24
21
18
16
14
13
10
7
5
4
2
-1
-6
-12
-17
-22
-26
-32
-39
-47
-55
-60
-64
-70
-76
-82
-86
-89
-92
-95
-98
-103
-109
-114
-119
-124
-131
-138
-145
-150
-157
-163
-168
-174
-179
-183
-187
-190
-194
-199
-202
-204
-207
-210
-213
-217
-219
-221
-222
-222
-222
-222
-223
-224
-224
-223
-221
-221
-222
-222
-224
-226
-227
-225
-220
-214
-210
-205
-199
-193
-188
-184
-176
-167
-157
-149
-142
-134
-129
-126
-123
-117
-109
-100
-93
-85
-78
-70
-64
-58
-50
-39
-29
-18
-8
3
12
20
28
38
49
61
73
85
96
106
115
122
129
136
144
152
159
167
175
182
189
197
205
213
221
228
233
238
243
248
253
259
266
273
280
285
288
291
292
291
291
291
293
294
293
291
288
286
282
279
278
279
279
278
277
275
272
268
263
260
257
255
251
248
244
240
233
226
219
213
208
205
201
196
189
181
171
161
151
145
140
135
129
122
114
105
96
88
82
77
72
65
59
53
47
40
32
27
22
16
10
3
-4
-11
-18
-24
-29
-34
-41
-47
-51
-55
-59
-63
-67
-72
-77
-81
-85
-89
-93
-97
-100
-101
-102
-102
-103
-104
-105
-107
-110
-112
-114
-114
-115
-116
-117
-118
-120
-123
-123
-120
-117
-116
-114
-112
-110
-110
-109
-107
-103
-100
-97
-94
-89
-85
-81
-79
-78
-77
-77
-75
-72
-68
-65
-63
-60
-57
-55
-52
-49
-46
-43
-40
-37
-34
-33
-32
-31
-29
-26
-23
-20
-17
-13
-11
-9
-7
-5
-4
-4
-5
-5
-5
-6
-6
-6
-6
-6
-7
-7
-8
-7
-6
-5
-4
-4
-4
-5
-8
-10
-13
-15
-17
-19
-20
-22
-23
-26
-29
-33
-37
-41
-43
-45
-46
-49
-51
-55
-59
-63
-65
-67
-69
-73
-76
-78
-81
-85
-89
-91
-92
-95
-97
-99
-99
-101
-104
-107
-110
-114
-118
-121
-124
-125
-126
-127
-128
-128
-126
-125
-125
-125
-126
-128
-130
-132
-132
-130
-130
-130
-130
-128
-126
-124
-122
-119
-116
-113
-110
-107
-105
-104
-102
-100
-98
-95
-92
-88
-85
-81
-76
-70
-63
-59
-55
-49
-44
-40
-35
-30
-24
-19
-14
-10
-6
-2
2
8
14
20
26
32
38
44
49
55
61
67
73
78
85
90
95
100
105
110
114
118
124
129
135
139
143
147
151
155
158
161
163
165
167
170
173
175
177
179
182
183
184
185
186
188
191
193
195
195
194
193
193
194
193
192
190
188
185
183
181
178
175
173
172
171
169
167
165
164
164
162
161
157
154
150
146
142
138
133
129
126
123
119
114
108
103
99
95
91
87
83
78
74
70
66
62
59
56
52
49
46
42
36
31
26
23
19
15
10
6
2
-3
-9
-13
-15
-19
-22
-24
-26
-29
-33
-36
-38
-39
-42
-44
-45
-46
-48
-50
-52
-53
-55
-56
-57
-59
-61
-64
-66
-68
-70
-70
-70
-70
-71
-72
-71
-70
-70
-70
-69
-68
-67
-67
-67
-67
-68
-69
-70
-69
-68
-67
-68
-68
-67
-66
-65
-63
-62
-60
-57
-56
-55
-55
-55
-55
-56
-56
-55
-55
-55
-55
-55
-54
-53
-52
-52
-51
-50
-49
-47
-46
-46
-46
-46
-47
-47
-46
-44
-43
-42
-43
-44
-45
-46
-48
-48
-49
-49
-51
-52
-53
-54
-55
-56
-57
-57
-56
-56
-55
-56
-56
-58
-60
-60
-61
-61
-62
-63
-64
-65
-65
-67
-68
-70
-72
-74
-76
-78
-79
-79
-80
-81
-81
-81
-81
-82
-82
-82
-82
-84
-85
-84
-83
-82
-83
-84
-84
-85
-86
-86
-86
-86
-87
-88
-88
-87
-87
-87
-86
-85
-83
-81
-78
-77
-76
-74
-73
-71
-68
-66
-63
-61
-60
-59
-57
-55
-52
-50
-48
-45
-44
-43
-41
-39
-37
-34
-31
-27
-24
-21
-19
-15
-12
-8
-5
-1
4
9
12
15
17
19
21
24
29
32
35
38
40
42
45
47
50
53
56
59
62
65
68
70
73
76
79
82
85
86
88
90
93
96
98
100
103
104
104
105
106
107
107
107
108
109
109
109
109
109
109
109
109
110
110
110
111
111
111
111
110
110
110
109
109
109
108
107
105
104
103
102
100
99
98
96
95
93
91
88
85
82
80
78
76
74
70
67
65
63
60
58
57
56
54
52
49
47
45
42
40
38
35
32
29
25
23
20
18
16
14
11
9
6
4
2
0
-1
-2
-2
-3
-4
-5
-8
-9
-11
-11
-13
-16
-19
-21
-23
-24
-26
-27
-29
-31
-32
-34
-34
-36
-38
-40
-40
-41
-42
-42
-42
-42
-42
-42
-42
-42
-43
-44
-44
-44
-45
-46
-47
-47
-47
-47
-47
-48
-48
-48
-49
-48
-48
-48
-49
-49
-49
-48
-48
-48
-48
-47
-46
-46
-45
-45
-45
-46
-46
-46
-46
-46
-46
-47
-47
-47
-46
-46
-45
-45
-45
-44
-43
-43
-43
-44
-45
-45
-45
-44
-43
-42
-42
-42
-42
-42
-43
-43
-44
-44
-44
-44
-44
-44
-44
-44
-44
-44
-44
-45
-45
-45
-45
-44
-45
-45
-45
-44
-44
-45
-45
-45
-44
-44
-44
-43
-43
-43
-43
-43
-43
-43
-43
-42
-42
-42
-41
-40
-38
-38
-37
-37
-38
-38
-38
-36
-35
-34
-34
-33
-33
-32
-31
-28
-27
-26
-24
-22
-20
-20
-20
-20
-19
-17
-16
-15
-15
-14
-13
-12
-11
-10
-9
-7
-6
-5
-3
-1
0
0
2
4
7
9
11
13
16
17
18
20
22
24
25
25
25
25
25
25
26
28
29
31
32
34
35
37
38
40
42
45
48
50
52
52
52
53
54
54
53
52
52
52
52
52
52
52
52
52
54
55
55
54
55
57
58
58
58
59
60
60
59
59
59
59
59
59
59
58
57
56
56
56
56
55
54
53
52
51
50
49
47
46
47
47
46
45
45
45
45
45
45
45
43
41
41
40
38
36
34
33
31
30
28
27
26
25
25
24
23
21
19
19
19
19
19
18
18
17
17
17
17
16
15
14
13
12
11
9
8
8
8
6
5
3
2
1
-1
-2
-2
-1
-1
-2
-3
-3
-3
-4
-4
-4
-4
-4
-4
-5
-6
-7
-9
-10
-12
-12
-12
-13
-14
-15
-16
-17
-18
-18
-18
-17
-17
-18
-19
-19
-20
-20
-19
-20
-20
-21
-21
-22
-23
-24
-24
-23
-23
-23
-24
-25
-25
-26
-26
-27
-27
-28
-28
-28
-29
-30
-31
-31
-32
-32
-32
-31
-31
-31
-31
-32
-32
-32
-31
-32
-32
-32
-32
-32
-32
-31
-31
-31
-31
-31
-30
-30
-30
-31
-33
-34
-34
-33
-33
-34
-34
-33
-32
-31
-30
-29
-28
-27
-28
-28
-28
-28
-28
-28
-28
-28
-28
-28
-28
-28
-28
-27
-27
-27
-28
-27
-26
-26
-26
-26
-26
-26
-25
-23
-23
-22
-21
-20
-20
-20
-20
-19
-18
-18
-18
-17
-16
-15
-15
-15
-13
-13
-13
-13
-13
-12
-11
-11
-10
-9
-9
-9
-9
-7
-7
-7
-6
-5
-4
-4
-3
-2
-2
-2
-1
1
2
2
2
2
3
3
3
4
3
3
4
5
5
5
5
6
7
7
8
9
9
9
10
12
13
13
13
14
15
15
15
15
16
16
16
16
17
17
17
17
17
17
17
17
18
19
20
20
21
20
20
21
21
22
22
22
22
22
23
23
23
23
22
22
22
22
22
21
20
20
20
20
20
20
20
21
21
21
21
21
22
22
22
22
21
20
20
20
20
19
19
19
19
18
17
16
16
17
16
16
16
16
15
15
15
15
14
14
13
13
13
12
12
12
11
10
10
11
11
10
10
9
9
8
7
7
7
7
6
5
4
4
4
4
4
4
4
4
4
4
3
3
3
4
3
2
2
1
1
0
0
-1
-1
-1
-1
-2
-2
-2
-2
-2
-3
-4
-4
-4
-4
-4
-4
-4
-4
-4
-4
-4
-4
-4
-4
-3
-4
-5
-6
-7
-7
-7
-7
-7
-8
-8
-9
-9
-8
-7
-7
-7
-7
-7
-7
-7
-7
-8
-7
-8
-8
-8
-8
-9
-10
-10
-10
-9
-9
-9
-9
-9
-9
-9
-9
-9
-9
-8
-7
-8
-8
-8
-9
-9
-10
-10
-9
-9
-9
-9
-9
-9
-9
-8
-8
-7
-8
-8
-8
-8
-9
-9
-9
-9
-9
-9
-8
-8
-8
-8
-8
-8
-8
-8
-8
-8
-7
-7
-7
-8
-8
-9
-9
-9
-8
-8
-8
-8
-8
-8
-8
-7
-7
-6
-6
-5
-5
-5
-5
-5
-5
-4
-4
-4
-4
-4
-4
-4
-4
-4
-4
-5
-5
-5
-5
-5
-4
-3
-3
-3
-3
-3
-3
-3
-3
-3
-2
-1
-1
0
1
1
0
0
0
0
0
0
0
0
0
0
0
1
1
1
1
2
3
3
3
3
4
4
5
5
5
5
5
5
5
5
5
5
5
5
5
4
4
4
4
4
5
5
4
4
5
5
5
5
6
7
7
7
7
8
8
7
7
6
6
5
5
5
5
5
4
4
4
4
4
5
5
5
4
5
5
5
5
6
6
6
6
6
5
5
5
5
5
5
4
4
4
4
3
4
5
5
4
3
4
4
4
4
5
5
5
5
5
5
5
5
5
5
5
5
5
4
4
4
3
3
2
2
2
2
1
1
2
2
2
1
2
2
2
2
2
2
3
2
2
2
2
2
1
0
0
0
0
-1
-1
-1
-1
-1
-1
-1
-1
-1
-2
-2
-2
-1
0
0
-1
-1
0
0
0
-1
-2
-2
-2
-3
-3
-3
-3
-3
-3
-4
-4
-4
-4
-3
-3
-3
-4
-3
-3
-2
-2
-2
-2
-3
-3
-4
-4
-4
-4
-4
-4
-4
-5
-5
-5
-5
-5
-6
-6
-6
-6
-6
-6
-6
-5
-5
-5
-5
-5
-5
-5
-5
-5
-5
-5
-5
-5
-5
-6
-6
-6
-7
-7
-6
-7
-7
-7
-7
-6
-6
-5
-5
-5
-5
-6
-6
-6
-6
-6
-6
-6
-6
-6
-6
-6
-6
-6
-7
-7
-7
-7
-7
-8
-8
-8
-8
-8
-8
-8
-7
-6
-6
-6
-5
-5
-5
-5
-5
-5
-4
-4
-4
-4
-4
-4
-5
-5
-5
-5
-5
-5
-5
-5
-4
-4
-4
-4
-4
-3
-3
-2
-3
-3
-3
-2
-2
-2
-3
-2
-2
-1
-2
-3
-3
-3
-3
-3
-3
-3
-3
-2
-3
-3
-3
-2
-1
-1
-1
-1
0
0
1
1
1
1
1
2
2
2
1
1
1
1
2
2
2
1
0
0
1
1
2
2
2
2
2
2
2
2
3
3
2
3
3
3
2
2
2
2
3
3
3
2
2
2
2
2
2
2
2
3
4
4
4
3
3
4
4
4
4
4
4
4
4
4
4
4
4
4
4
4
3
3
4
4
4
3
3
3
3
4
4
4
3
3
3
2
2
2
2
3
3
3
3
3
3
3
3
3
3
3
3
3
3
3
3
4
3
3
2
2
3
3
3
3
3
3
3
2
2
2
2
2
2
2
2
2
2
3
3
3
2
2
2
2
2
1
2
2
2
1
1
1
1
1
1
1
2
1
1
1
1
2
2
1
2
2
1
1
1
1
0
0
1
1
0
-1
-1
0
1
1
1
1
0
0
0
0
0
0
1
1
1
0
0
0
0
0
0
0
0
-1
-1
0
0
-1
-1
0
0
0
0
0
0
0
0
0
0
0
0
0
0
-1
-1
-1
-1
-1
-1
-1
-1
-1
-2
-2
-1
-1
-1
-1
-1
-1
-1
0
0
0
-1
-1
0
0
-1
-1
0
0
0
0
0
0
0
-1
-1
-1
0
0
1
0
0
0
0
0
1
1
1
1
0
0
0
0
0
0
0
-1
-1
-1
0
0
0
0
0
0
0
0
1
1
1
0
0
0
0
1
1
0
0
1
1
0
-1
-1
0
1
0
0
0
0
0
0
0
0
1
1
1
1
0
0
0
1
1
1
0
0
0
1
0
0
0
1
1
1
1
0
0
0
0
1
1
1
1
0
0
0
0
1
1
0
0
-1
0
0
0
0
0
0
0
0
0
0
0
0
0
-1
-1
-1
0
0
-1
-1
-1
0
0
0
0
0
1
1
0
-1
-1
0
0
0
0
0
0
0
-1
-1
0
0
0
-1
-1
0
0
0
-1
0
0
-1
-1
-1
-1
0
0
0
-1
-2
-2
-1
-1
-1
-1
-1
-1
0
0
0
0
-1
-1
-1
-1
-1
-2
-2
-2
-1
-1
-1
-2
-2
-2
-2
-2
-2
-2
-2
-2
-2
-2
-1
-1
-2
-2
-2
-2
-1
-1
-2
-2
-2
-2
-2
-2
-2
-1
-2
-2
-2
-2
-2
-2
-3
-2
-2
-3
-3
-3
-3
-3
-3
-3
-2
-1
-2
-2
-3
-2
-3
-3
-3
-2
-2
-2
-2
-3
-3
-3
-3
-2
-2
-3
-3
-3
-2
-2
-2
-2
-2
-2
-3
-2
-2
-1
-2
-2
-2
-2
-2
-2
-2
-2
-2
-3
-3
-2
-2
-3
-3
-2
-2
-3
-3
-3
-3
-3
-3
-3
-3
-3
-3
-3
-3
-3
-3
-3
-3
-3
-2
-2
-2
-2
-2
-2
-2
-2
-2
-2
-2
-2
-2
-2
-2
-2
-2
-2
-2
-3
-3
-2
-2
-2
-2
-2
-2
-1
0
0
-1
0
0
0
-1
-1
-1
-1
-1
-1
-2
-2
-2
-2
-2
-2
-2
-2
-2
-2
-2
-2
-2
-2
-2
-2
-2
-2
-1
-1
0
0
0
-1
-1
0
0
0
-1
-1
-1
-1
-1
-1
-1
-2
-2
-2
-2
-1
-1
-1
-1
0
0
0
0
0
1
1
1
1
0
0
-1
0
0
0
0
-1
0
0
0
-1
-1
-1
-1
0
-1
-1
-1
0
0
1
1
1
1
1
1
1
1
1
1
1
0
0
1
1
0
0
0
0
0
0
-1
-1
-1
-1
0
0
-1
0
0
0
0
1
2
1
1
1
1
1
1
1
1
2
1
1
1
1
1
1
0
0
1
1
1
1
0
1
1
1
1
1
2
2
2
2
2
2
1
1
1
1
1
1
1
1
1
1
1
1
0
0
0
0
1
1
1
1
1
1
2
2
2
1
1
1
1
1
1
1
1
1
1
1
1
1
1
1
1
1
1
1
1
1
1
1
1
1
1
1
1
1
1
1
0
0
1
1
1
1
1
1
1
1
0
0
1
1
1
1
0
0
1
1
1
1
1
1
1
0
0
1
1
1
1
1
1
1
1
1
2
2
1
1
1
1
1
1
1
0
0
1
1
0
0
0
0
0
0
0
0
0
0
0
0
-1
-1
-1
0
0
0
0
1
1
0
0
0
1
1
1
1
1
1
0
1
1
1
1
0
0
0
-1
0
0
1
1
0
0
0
0
1
1
2
1
1
1
0
1
1
1
1
1
1
1
1
1
1
1
1
0
1
1
1
0
-1
0
1
0
0
0
1
1
1
0
0
0
0
1
1
1
0
0
-1
0
0
0
0
0
1
2
2
2
2
2
2
1
1
1
1
1
1
1
0
0
0
0
1
1
0
0
-1
-1
-1
-1
0
0
0
0
0
0
0
-1
-1
-2
-1
-1
-1
-1
-1
-1
-1
-1
-1
-1
-1
-1
-1
-1
-1
-1
0
0
-1
-1
0
-1
-1
-1
0
0
0
0
0
-1
-1
-1
0
0
0
-1
-1
-1
-1
-1
-2
-2
-2
-1
-1
-1
-1
-1
-1
-1
-1
-1
-1
-1
-1
-1
-1
-1
-1
-1
-1
-1
-1
0
0
0
-1
-1
0
0
-1
-1
-1
0
0
0
0
0
0
0
-1
-1
-1
0
0
-1
-1
-1
-1
-1
-1
-1
-2
-1
-1
0
0
-1
-1
-1
0
-1
-1
-1
-1
-1
-1
-1
-1
-1
-1
-1
-1
-2
-2
-2
-1
-1
-1
-1
-1
-1
-1
-1
-1
-1
-1
-1
0
0
0
0
0
0
0
0
0
-1
-1
-1
-1
0
0
-2
-2
-2
-1
-1
-1
-1
-1
-1
-1
-1
-1
0
-1
-1
-1
-1
-1
-1
-1
-1
-1
-1
-2
-2
-1
-1
-1
-2
-2
-2
-1
-1
-1
-1
-1
-2
-2
-1
-1
-1
-1
-1
-1
0
0
0
0
-1
-1
-1
-1
-1
-1
-1
-1
-1
-2
-2
-2
-2
-2
-2
-1
-1
-1
-1
-1
-1
-1
-1
-1
-1
-2
-2
-2
-2
-2
-1
-1
-1
-1
-2
-2
-2
-1
-2
-2
-2
-2
-1
-1
-1
-2
-2
-2
-1
-1
-1
-1
-1
-1
-1
-1
-1
-1
-2
-2
-1
-1
-2
-2
-2
-2
-2
-2
-2
-2
-2
-2
-2
-2
-2
-1
-2
-2
-2
-2
-1
-2
-2
-2
-2
-2
-2
-1
-1
-1
-2
-2
-2
-1
-1
-2
-2
-2
-2
-2
-2
-2
-2
-2
-2
-2
-2
-2
-2
-2
-2
-2
-2
-2
-2
-2
-2
-2
-2
-2
-2
-2
-2
-2
-2
-2
-2
-2
-2
-2
-2
-2
-2
-2
-1
-1
-1
-1
-2
-2
-2
-2
-2
-2
-1
-1
-1
-1
-2
-2
-2
-2
-2
-2
-2
-2
-2
-2
-1
-2
-2
-3
-2
-2
-2
-2
-2
-2
-3
-2
-2
-2
-2
-2
-2
-2
-2
-2
-2
-1
-2
-2
-2
-1
-1
-1
0
0
-1
-1
-1
0
0
-1
-1
0
0
-1
0
0
-1
-2
-2
-1
-1
-1
-1
-1
-1
-1
-2
-2
-2
-2
-1
-2
-2
-2
-2
-2
-2
-2
-1
-1
-1
-1
-1
-1
-1
0
0
-1
-1
-1
-1
0
0
-1
-1
-1
0
0
-1
0
0
0
0
0
0
0
0
0
0
0
0
0
0
-1
-1
-1
-1
0
0
0
-1
-1
-1
0
0
-1
-1
-2
-1
-1
0
-1
-1
0
0
0
0
0
0
0
0
0
0
0
0
0
0
0
0
0
0
0
0
0
0
0
0
0
0
0
0
0
1
1
1
1
1
1
1
1
1
0
0
0
1
0
0
0
0
0
0
0
0
0
0
0
0
1
1
1
1
1
1
1
1
1
1
1
0
0
1
1
1
1
0
0
-1
-1
0
1
1
1
1
1
0
0
0
0
0
0
1
1
1
0
0
0
1
1
1
0
1
1
1
1
1
1
1
1
1
1
1
1
1
1
1
1
1
1
1
1
1
0
0
0
1
1
1
1
0
0
0
0
0
0
0
0
0
0
0
1
0
0
0
0
0
0
0
0
0
1
1
1
1
1
1
1
0
0
1
1
1
1
1
1
1
1
1
1
1
0
0
0
0
0
0
0
0
0
0
0
0
-1
0
0
1
0
0
1
1
1
0
0
1
1
1
0
0
1
1
0
0
0
0
0
0
0
0
0
0
0
0
0
0
0
0
0
0
0
0
0
0
1
0
0
0
0
0
0
0
0
1
1
0
1
1
1
1
1
1
1
1
1
1
1
1
1
1
1
0
0
0
1
0
0
0
0
-1
-1
-1
0
0
0
0
0
0
0
0
0
0
0
0
0
0
1
1
1
1
1
0
0
0
1
2
1
1
0
1
1
0
0
0
0
1
1
1
0
1
1
1
1
1
1
0
-1
-1
0
0
0
0
0
0
0
0
0
1
0
0
1
1
1
0
0
0
0
0
0
0
0
0
0
0
1
0
0
-1
0
0
0
0
0
0
-1
-1
0
0
0
-1
-1
-1
-1
0
0
0
0
0
0
0
1
1
0
0
0
1
0
0
0
0
0
0
0
-1
-1
0
0
-1
-1
-1
0
0
-1
-1
-1
-1
-2
-2
-1
-1
-1
-1
-1
-1
-2
-1
-1
-1
-1
-1
-1
-1
0
0
0
0
0
0
0
-1
-1
0
0
0
0
0
0
0
-1
-1
-1
0
0
-1
-1
-1
-1
-1
-1
-1
-1
-2
-2
-2
-2
-2
-2
-2
-2
-1
-1
-2
-1
-1
-1
0
-1
-1
-1
0
-1
-1
-1
0
0
-1
-1
-1
-1
-1
-1
-1
0
0
-1
-2
-1
-1
-1
-1
-1
0
0
0
0
0
0
0
0
-1
0
0
0
0
0
-1
-1
-2
-2
-2
-2
-2
-2
-2
-2
-1
-1
-1
-2
-2
-1
-1
-1
-1
-1
-1
-1
-1
-1
-1
-1
-1
0
0
0
0
0
-1
-1
-1
-1
-1
-1
-1
-1
-1
-1
-1
-1
0
0
-1
-1
0
0
0
0
0
0
-1
-1
-1
-1
-1
-1
-1
-1
-1
-1
-1
-1
-1
-1
-1
-1
-1
-1
-1
0
0
0
0
0
0
0
0
0
0
0
-1
-1
-1
-1
-1
-1
-1
-1
-1
-1
-1
-2
-1
-1
-1
-1
-1
-1
-1
-1
-2
-1
0
0
-1
-1
-1
0
0
0
0
0
1
0
0
0
0
0
-1
0
0
0
0
0
0
0
0
0
0
-1
-1
-1
0
0
0
-1
0
0
0
0
0
-1
0
-1
-1
-1
0
0
0
-1
-1
-1
-1
0
0
0
0
0
0
0
0
0
0
0
0
0
0
0
-1
-1
0
0
1
1
0
0
0
0
1
1
0
0
0
1
1
0
0
0
0
0
0
0
-1
-1
0
0
0
0
0
0
0
0
0
0
0
0
0
0
0
-1
0
0
0
-1
-1
-1
-1
-1
0
0
0
0
0
0
0
0
0
0
0
0
0
0
0
0
0
0
0
0
1
0
0
0
0
0
0
-1
-1
0
0
0
0
0
0
0
0
0
0
0
-1
-1
-1
0
0
0
-1
0
0
-1
-1
0
0
0
0
-1
0
0
0
0
-1
-1
-1
-1
0
0
0
-1
-1
-1
0
0
0
0
0
0
0
-1
-1
0
0
0
0
0
0
-1
0
0
0
0
-1
-1
-1
-1
-1
-1
-1
-1
-1
-1
-1
-1
-1
-1
-1
-1
-1
0
0
-1
-1
-1
-1
-1
0
0
0
-1
0
0
1
1
0
1
1
0
0
0
0
0
0
0
0
-1
-1
-1
-1
0
0
-1
-1
-1
-1
-1
-1
-1
-1
-1
-1
-1
-1
-1
-1
-1
-1
-1
-1
-1
-1
-1
-1
-1
-1
-1
-1
-1
0
0
-1
-1
0
0
0
-1
-1
-1
-1
-1
-1
-1
0
0
0
0
0
0
0
0
0
-1
-1
-1
-1
-1
-2
-2
-2
-1
-1
-1
-1
-1
-1
-1
-1
-1
-1
-1
-1
-1
-1
-1
-1
-1
0
0
-1
-1
0
0
0
0
0
0
0
0
0
0
0
0
0
0
0
0
0
-1
-1
-1
-1
-1
-2
-2
-1
-1
-1
-1
-2
-2
-1
0
0
-1
-1
-1
0
0
-1
-1
-1
-1
-1
-1
-1
-1
-1
-1
-1
-1
-1
-1
0
0
-1
-1
-1
0
0
0
0
0
0
0
0
0
0
-1
0
0
0
0
0
-1
-1
-1
0
0
0
-1
-2
-2
-1
-1
-1
-1
-1
-1
-1
-1
-1
-1
-1
-1
-1
0
0
0
-1
-1
-1
-1
-1
-1
0
0
-1
-1
-1
-1
-1
-1
-1
-1
-1
-1
-1
-1
-1
-1
-1
-1
-1
0
0
0
0
0
0
0
-1
-1
-1
-1
-1
-1
-1
-1
-1
-1
-1
-1
-1
-1
-1
-1
-1
-1
0
-1
-1
-1
-1
-1
-1
-1
-1
-1
0
0
-1
-1
-1
-1
-1
-1
-1
-1
-1
-1
-1
-1
-1
-1
-1
-1
-1
-1
-1
-1
-1
-1
-1
-1
-1
-1
-1
-1
-1
-1
-1
-1
-1
-1
-1
-1
-1
-1
-1
-1
-1
-1
-1
-1
-1
-1
0
0
-1
-1
0
0
-1
-1
-1
0
-1
-1
-2
-1
-1
-1
-1
-1
-1
-1
-1
-1
-2
-2
-2
-2
-2
-2
-2
-2
-1
-1
-1
-1
-1
-1
-1
-1
-1
-1
-1
-2
-2
-1
-1
-1
-1
-1
-1
-1
-1
-1
-1
-1
-1
0
0
0
-1
-1
-1
-1
-1
-1
-1
-1
-1
0
-1
-1
-1
-1
-1
-1
-1
-1
-1
-1
-1
0
-1
-1
-2
-1
-1
-1
-1
-1
-1
-2
-2
-2
-2
-2
-1
-1
-1
-2
-2
-1
-1
-1
-1
-1
-1
0
0
0
0
0
-1
0
0
0
0
0
0
0
0
0
0
0
-1
-1
-1
0
0
0
0
-1
-1
-1
-1
-1
-1
0
-1
-1
-1
-1
-1
-1
-1
-1
-1
-1
-1
-1
-1
-1
-1
-1
-1
-1
-1
0
0
0
0
0
0
0
0
0
0
0
0
0
0
0
0
0
0
0
0
0
0
0
0
0
0
0
0
0
0
0
0
0
0
-1
-1
-1
-1
-1
-1
-1
-1
-1
0
0
0
0
0
0
0
0
0
0
0
0
0
0
0
0
0
0
0
0
0
0
0
0
0
0
0
0
0
0
0
0
0
0
0
1
1
0
0
0
0
0
0
0
0
0
0
-1
-1
-1
0
0
0
0
0
1
0
0
0
0
0
0
0
0
0
-1
-1
0
0
0
0
0
0
0
0
0
0
0
0
1
0
0
0
0
0
0
0
1
1
1
1
0
0
1
1
1
1
1
1
1
1
1
1
1
1
1
1
1
1
1
1
1
1
0
0
1
1
1
0
0
0
1
1
1
1
0
0
1
0
0
0
0
0
0
0
0
0
0
0
0
0
0
0
0
0
0
0
0
0
0
0
0
0
0
0
0
1
1
0
0
0
0
0
0
0
0
0
0
0
0
0
0
0
0
0
0
1
0
0
0
0
0
0
0
0
0
0
0
0
0
0
0
0
0
0
0
0
0
0
0
0
0
0
0
0
0
0
0
0
0
0
0
0
0
0
0
0
0
0
0
0
0
0
0
0
0
0
0
0
-1
0
0
0
0
0
0
0
0
0
0
0
0
0
0
0
0
0
0
0
0
0
0
0
0
0
-1
0
0
0
0
0
0
0
0
0
0
0
0
0
0
0
0
0
0
0
0
0
0
0
0
0
0
0
0
0
0
0
-1
0
0
0
0
0
0
0
0
0
0
0
0
0
-1
-1
0
0
0
0
-1
-1
-1
-1
-1
-1
0
0
0
0
0
0
0
0
0
0
0
0
0
0
0
0
0
-1
-1
-1
-1
-1
-1
-1
-1
-1
-1
-1
-1
-1
-1
-1
-1
-1
0
0
0
0
-1
-1
0
0
0
0
0
0
0
-1
-1
-1
0
-1
-1
-1
-1
-1
0
0
-1
-1
-1
0
-1
-1
-1
-1
0
-1
-1
-1
0
0
0
-1
-1
-1
-1
-1
-1
-1
-1
-1
-1
0
-1
-1
-1
0
0
0
0
0
0
0
0
0
0
-1
-1
-1
-1
-1
-1
-1
-1
-1
-1
-1
-1
-1
-1
-1
-1
-1
-1
-1
-1
-1
-1
-1
-1
-1
-1
0
0
0
0
0
-1
-1
0
0
0
0
0
0
0
-1
0
0
-1
-1
-1
-1
0
-1
-1
-1
-1
-1
-1
-1
-1
-1
-1
-1
-1
-1
-1
0
0
0
-1
-1
0
0
-1
-1
0
0
-1
-1
-1
-1
-1
-1
-1
-1
-1
-1
-1
-1
-1
-1
-1
-1
-1
-1
-1
0
-1
-1
-1
-1
-1
-1
-1
-1
-1
-1
-1
-1
-1
-1
-1
-1
-1
-1
-1
0
0
-1
-1
-1
-1
-1
-1
0
-1
-1
-1
0
-1
-1
-1
-1
0
0
-1
-1
-1
-1
-1
-1
-1
0
0
-1
-1
-1
0
0
0
-1
-1
-1
-1
0
0
-1
-1
-1
-1
-1
-1
-1
-1
-1
-1
-1
-1
-1
-1
-1
-1
-1
-1
-1
-1
-1
-1
-1
-1
-1
-1
-1
-1
-1
0
0
0
0
0
0
0
0
0
-1
-1
0
0
-1
-1
0
0
0
-1
-1
0
0
-1
-1
0
0
-1
-1
-1
0
-1
-1
-1
-1
0
0
-1
-1
0
0
0
-1
-1
-1
-1
-1
-1
-1
-1
-1
-1
-1
-1
0
0
0
0
-1
-1
-1
0
0
0
0
0
0
0
0
0
0
0
0
0
0
0
0
0
0
0
0
0
0
0
0
0
0
0
0
0
0
0
0
0
0
0
0
0
0
0
0
0
0
0
0
0
0
0
0
0
0
0
0
0
0
0
0
0
0
0
0
-1
0
0
0
-1
0
0
0
0
0
0
0
0
-1
0
0
0
0
0
0
0
0
0
0
0
0
0
0
0
0
0
0
0
0
0
0
0
0
0
0
0
0
0
0
-1
0
0
0
0
0
0
0
0
0
0
0
0
-1
0
0
0
0
0
0
-1
0
0
0
0
0
-1
0
0
0
0
0
0
0
0
0
0
0
0
-1
-1
0
0
0
-1
0
0
0
-1
0
0
0
0
0
0
0
0
0
0
0
0
0
0
0
0
0
0
0
0
0
0
0
0
0
0
0
0
-1
0
0
0
-1
-1
0
0
-1
-1
-1
0
0
0
0
0
0
0
0
0
-1
-1
-1
-1
-1
0
0
0
0
0
0
0
0
0
0
0
0
0
0
0
0
0
0
0
0
0
0
0
0
0
0
0
-1
0
0
0
-1
0
0
-1
-1
-1
0
-1
-1
-1
-1
-1
-1
-1
-1
0
-1
-1
-1
0
0
-1
-1
0
0
0
0
0
0
0
0
0
0
0
0
-1
0
0
0
0
0
0
-1
-1
-1
0
0
-1
0
0
0
0
0
0
0
0
0
0
0
0
0
0
0
0
0
-1
0
0
0
-1
-1
0
0
0
0
0
0
0
0
-1
0
0
0
0
0
0
0
0
0
0
0
0
0
0
0
0
0
0
0
0
0
0
0
0
0
0
0
0
0
0
0
0
0
0
0
0
0
0
0
0
0
0
0
0
0
0
0
0
-1
-1
-1
0
0
0
0
0
0
0
0
0
0
0
0
0
0
0
0
0
0
0
0
0
-1
0
0
0
0
0
0
0
0
0
0
-1
0
0
0
0
0
0
0
0
0
0
0
0
0
0
0
0
0
-1
0
0
0
0
0
0
0
0
0
0
0
0
0
0
0
0
0
0
0
0
0
0
0
0
0
0
0
-1
-1
-1
0
0
0
0
0
0
0
0
0
0
-1
0
0
0
0
0
0
0
0
0
0
0
0
0
0
0
0
0
0
0
0
0
0
0
0
0
0
0
-1
-1
-1
-1
0
0
0
-1
-1
-1
0
0
0
0
0
-1
-1
0
0
0
0
0
0
0
0
0
0
0
0
0
0
0
0
0
0
0
0
0
0
0
0
0
0
0
0
0
0
0
0
0
0
0
0
0
0
0
0
0
-1
0
0
0
-1
-1
0
0
0
0
0
0
0
0
0
-1
-1
-1
0
0
-1
0
0
0
-1
0
0
0
-1
-1
0
0
0
0
0
0
0
0
0
0
0
0
0
0
0
0
0
0
0
0
-1
0
0
0
0
0
0
0
0
0
0
-1
-1
-1
0
0
0
0
0
0
-1
-1
-1
0
0
0
0
0
0
0
0
0
0
0
0
0
0
0
0
0
0
0
0
0
0
0
0
0
0
0
0
-1
0
0
0
0
0
0
0
0
0
0
0
0
0
0
0
0
0
0
0
0
0
0
0
0
0
0
0
0
0
0
0
0
0
0
0
0
0
0
0
0
0
-1
-1
-1
0
0
0
0
0
0
0
0
0
0
-1
-1
0
0
0
0
0
0
0
0
0
0
0
0
0
0
0
0
0
0
0
0
0
0
0
0
0
0
0
0
0
0
0
0
0
0
0
0
0
0
0
0
0
0
0
0
0
0
-1
0
0
0
0
0
0
0
0
0
0
0
0
0
0
0
0
0
0
0
0
0
0
0
0
0
0
0
0
0
0
0
0
0
0
0
0
0
0
0
0
0
0
0
-1
0
0
0
0
0
0
0
0
0
0
-1
-1
-1
-1
-1
0
0
0
0
0
0
0
0
0
0
0
0
0
0
0
0
0
0
0
0
0
0
0
0
0
0
-1
-1
0
0
0
0
0
0
0
0
0
0
0
0
0
0
0
0
0
0
0
0
0
0
0
0
0
0
0
0
0
0
0
0
0
0
0
-1
0
0
0
0
0
0
0
0
0
0
0
0
0
0
0
0
0
0
0
0
0
0
0
0
0
0
0
0
0
0
0
0
0
0
-1
0
0
0
0
0
0
0
0
0
0
0
0
0
0
0
0
0
0
0
0
0
0
0
0
0
0
0
0
0
0
0
0
0
0
0
0
0
0
0
0
0
0
0
0
0
0
0
0
0
0
0
0
0
0
0
0
0
0
0
0
0
0
0
0
0
0
0
0
0
0
0
0
0
0
0
0
0
0
0
0
0
0
-1
0
0
0
0
0
0
0
0
0
0
0
0
0
0
0
0
0
0
0
0
0
0
0
0
0
0
0
0
0
0
0
0
0
0
0
0
0
0
0
0
0
0
0
0
0
0
0
0
0
-1
-1
0
0
0
0
0
0
0
0
0
0
0
0
0
0
-1
0
0
-1
-1
-1
-1
0
0
0
0
0
0
0
0
0
0
0
0
0
-1
0
0
0
0
0
0
0
0
0
0
0
0
-1
0
0
0
0
-1
0
0
0
0
0
0
0
0
0
-1
-1
-1
0
0
0
0
0
0
0
0
0
0
0
0
0
0
0
0
0
0
0
0
0
0
0
0
0
0
0
0
0
0
0
0
0
0
0
0
0
0
0
0
0
0
0
0
0
0
0
0
0
0
0
0
0
-1
0
0
0
0
0
0
0
0
0
0
0
0
0
0
0
0
0
0
0
0
0
0
0
0
0
0
0
0
0
0
0
0
0
0
0
0
0
0
0
0
0
0
0
0
0
0
0
0
0
0
0
0
0
0
0
0
0
0
0
0
0
0
-1
0
0
0
0
0
0
0
0
0
0
0
0
0
0
0
0
0
0
0
0
0
0
0
-1
-1
-1
0
0
0
0
0
0
0
0
0
0
0
0
0
0
0
0
0
0
0
0
0
0
0
0
0
0
0
0
0
0
0
0
0
0
0
0
0
0
0
0
0
0
0
0
0
0
0
0
0
0
0
0
0
0
0
0
0
0
0
0
0
0
0
0
0
0
0
0
0
0
0
0
0
0
0
0
0
0
0
0
0
0
0
0
0
0
0
0
0
0
0
0
0
0
0
0
0
0
0
0
0
0
0
0
0
0
0
0
0
0
0
0
0
0
0
0
0
0
0
0
0
0
0
0
0
0
0
0
0
0
0
0
0
0
0
0
0
0
0
0
0
0
0
0
-1
-1
-1
0
0
0
0
0
0
0
0
0
0
0
0
0
0
0
0
0
0
0
0
0
0
0
0
0
0
0
0
0
0
0
0
0
0
0
0
0
0
0
0
0
0
0
0
0
0
0
0
0
0
0
0
0
0
0
0
0
0
0
0
0
0
0
-1
0
0
0
0
0
0
0
0
0
0
0
0
0
0
0
0
0
0
0
0
0
0
0
0
0
0
0
0
0
0
0
0
0
0
0
0
0
0
0
0
0
0
0
0
0
0
0
0
0
0
0
0
0
0
0
0
0
0
0
0
0
0
0
0
0
0
0
0
0
0
0
0
0
0
0
0
0
0
0
0
0
0
0
0
0
0
0
0
0
0
0
0
0
0
0
0
0
0
0
0
0
0
0
0
0
0
0
0
0
0
0
0
0
0
0
0
0
0
0
0
0
0
0
0
0
0
0
0
0
0
0
0
0
0
0
0
0
0
0
0
0
0
0
0
0
0
0
0
0
0
0
0
0
0
0
0
0
0
0
0
0
0
0
0
0
0
0
0
0
0
0
0
0
0
0
0
0
0
0
0
0
0
0
-1
0
0
0
-1
0
0
0
-1
0
0
0
0
0
0
0
0
0
0
0
0
0
0
0
0
0
0
-1
0
0
0
0
0
0
0
0
0
0
0
0
0
0
0
0
0
0
0
0
0
0
0
0
0
0
0
0
0
0
0
0
0
0
0
0
0
0
0
0
0
0
0
0
0
0
0
0
0
0
0
0
0
0
0
0
0
0
0
0
0
0
0
0
-1
0
0
0
0
0
0
0
0
-1
0
0
0
0
0
0
0
0
0
0
0
0
0
0
0
0
0
0
0
0
0
0
0
0
0
0
0
0
0
0
0
0
0
0
0
0
0
0
0
0
0
0
0
0
0
0
0
0
0
0
0
0
0
0
0
0
0
0
0
0
0
0
0
0
0
0
0
0
0
0
0
0
0
0
0
0
0
0
0
0
0
0
0
0
0
0
0
0
0
0
0
0
0
0
0
0
0
0
0
0
0
0
0
0
0
0
0
0
0
0
0
0
0
0
0
0
0
0
0
0
0
0
0
0
0
0
0
0
0
0
0
0
0
0
0
0
0
0
0
0
0
0
0
0
0
0
0
0
0
0
0
0
0
0
0
0
0
0
0
0
0
0
0
0
0
0
0
0
0
0
0
0
0
0
0
0
0
0
0
0
0
0
0
0
0
0
0
0
0
0
0
0
0
0
0
0
0
0
0
0
0
0
0
0
0
0
0
0
0
0
0
0
0
0
0
0
0
-1
-1
0
0
0
0
0
0
0
0
0
0
0
0
0
0
0
0
0
0
0
0
0
0
0
0
0
0
0
0
0
0
0
0
0
0
0
0
0
0
0
0
0
0
0
0
0
0
0
0
0
0
0
0
0
0
0
0
0
0
0
0
0
0
0
0
0
0
0
0
0
0
0
0
0
0
0
0
0
0
0
0
0
0
0
0
0
0
0
0
0
0
0
0
0
0
0
0
0
0
0
0
0
0
0
0
0
0
0
0
0
0
0
0
0
0
0
0
0
0
0
0
0
0
0
0
0
0
0
0
0
0
0
0
0
0
0
0
0
0
0
0
0
0
0
0
0
0
0
0
0
0
0
0
0
0
0
0
0
0
0
0
0
0
0
0
0
0
0
0
0
0
0
0
0
0
0
0
0
0
0
0
0
0
0
0
0
0
0
0
0
0
0
0
0
0
0
0
0
0
0
0
0
0
0
0
0
0
0
0
0
0
0
0
0
0
0
0
0
0
0
0
0
0
0
0
0
0
0
0
0
0
0
0
0
0
0
0
0
0
0
0
0
0
0
0
0
0
0
0
0
0
0
0
0
0
0
0
0
0
0
0
0
0
0
0
0
0
0
0
0
0
0
0
0
0
0
0
0
0
0
0
0
0
0
0
0
0
0
0
0
0
0
0
0
0
0
0
0
0
0
0
0
0
0
0
0
0
0
0
0
0
0
0
0
0
0
0
0
0
0
0
0
0
0
0
0
0
0
0
0
0
0
0
0
0
0
0
0
0
0
0
0
0
0
0
0
0
0
0
0
0
0
0
0
0
0
0
0
0
0
0
0
0
0
0
0
0
0
0
0
0
0
0
0
0
0
0
0
0
0
0
0
0
0
0
0
0
0
0
0
0
0
0
0
0
0
0
0
0
0
0
0
0
0
0
0
0
0
0
0
0
0
0
0
0
0
0
0
0
0
0
0
0
0
0
0
0
0
0
0
0
0
0
0
0
0
0
0
0
0
0
0
0
0
0
0
0
0
0
0
0
0
0
0
0
0
0
0
0
0
0
0
0
0
0
0
0
0
0
0
0
0
0
0
0
0
0
0
0
0
0
0
0
0
0
0
0
0
0
0
0
0
0
0
0
0
0
0
0
0
0
0
0
0
0
0
0
0
0
0
0
0
0
0
0
0
0
0
0
0
0
0
0
0
0
0
0
0
0
0
0
0
0
0
0
0
0
0
0
0
0
0
0
0
0
0
0
0
0
0
0
0
0
0
0
0
0
0
0
0
0
0
0
0
0
0
0
0
0
0
0
0
0
0
0
0
0
0
0
0
0
0
0
0
0
0
0
0
0
0
0
0
0
0
0
0
0
0
0
0
0
0
0
0
0
0
0
0
0
0
0
0
0
0
0
0
0
0
0
0
0
0
0
0
0
0
0
0
0
0
0
0
0
0
0
0
0
0
0
0
0
0
0
0
0
0
0
0
0
0
0
0
0
0
0
0
0
0
0
0
0
0
0
0
0
0
0
0
0
0
0
0
0
0
0
0
0
0
0
0
0
0
0
0
0
0
0
0
0
0
0
0
0
0
0
0
0
0
0
0
0
0
0
0
0
0
0
0
0
0
0
0
0
0
0
0
0
0
0
0
0
0
0
0
0
0
0
0
0
0
0
0
0
0
0
0
0
0
0
0
0
0
0
0
0
0
0
0
0
0
0
0
0
0
0
0
0
0
0
0
0
0
0
0
0
0
0
0
0
0
0
0
0
0
0
0
0
0
0
0
0
0
0
0
0
0
0
0
0
0
0
0
0
0
0
0
0
0
0
0
0
0
0
0
0
0
0
0
0
0
0
0
0
0
0
0
0
0
0
0
0
0
0
0
0
0
0
0
0
0
0
0
0
0
0
0
0
0
0
0
0
0
0
0
0
0
0
0
0
0
0
0
0
0
0
0
0
0
0
0
0
0
0
0
0
0
0
0
0
0
0
0
0
0
0
0
0
0
0
0
0
0
0
0
0
0
0
0
0
0
0
0
0
0
0
0
0
0
0
0
0
0
0
0
0
0
0
0
0
0
0
0
0
0
0
0
0
0
0
0
0
0
0
0
0
0
0
0
0
0
0
0
0
0
0
0
0
0
-1
0
0
0
0
0
0
0
0
0
0
0
0
0
0
0
0
0
0
0
0
0
0
0
0
0
0
0
0
0
0
0
0
0
0
0
0
0
0
0
0
0
0
0
0
0
0
0
0
0
0
0
0
0
0
0
0
0
0
0
0
0
0
0
0
0
0
0
0
0
0
0
0
0
0
0
0
0
0
0
0
0
0
0
0
0
0
0
0
0
0
0
0
0
0
0
0
0
0
0
0
0
0
0
0
0
0
0
0
0
0
0
0
0
0
0
0
0
0
0
0
0
0
0
0
0
0
0
0
0
0
0
0
0
0
0
0
0
0
0
0
0
0
0
0
0
0
0
0
0
0
0
0
0
0
0
0
0
0
0
0
0
0
0
0
0
0
0
0
0
0
0
0
0
0
0
0
0
0
0
0
0
0
0
0
0
0
0
0
0
0
0
0
0
0
0
0
0
0
0
0
0
0
0
0
0
0
0
0
0
0
0
0
0
0
0
0
0
0
0
0
0
0
0
0
0
0
0
0
0
0
0
0
0
0
0
0
0
0
0
0
0
0
0
0
0
0
0
0
0
0
0
0
0
0
0
0
0
0
0
0
0
0
0
0
0
0
0
0
0
0
0
0
0
0
0
0
0
0
0
0
0
0
0
0
0
0
0
0
0
0
0
0
0
0
0
0
0
0
0
0
0
0
0
0
0
0
0
0
0
0
0
0
0
0
0
0
0
0
0
0
0
0
0
0
0
0
0
0
0
0
0
0
0
0
0
0
0
0
0
0
0
0
0
0
0
0
0
0
0
0
0
0
0
0
0
0
0
0
0
0
0
0
0
0
0
0
0
0
0
0
0
0
0
0
0
0
0
0
0
0
0
0
0
0
0
0
0
0
0
0
0
0
0
0
0
0
0
0
0
0
0
0
0
0
0
0
0
0
0
0
0
0
0
0
0
0
0
0
0
0
0
0
0
0
0
0
0
0
0
0
0
0
0
0
0
0
0
0
0
0
0
0
0
0
0
0
0
0
0
0
0
0
0
0
0
0
0
-1
0
0
0
0
0
0
0
0
0
0
0
0
0
0
0
0
0
0
0
0
0
0
0
0
0
0
0
0
0
0
0
0
0
0
0
0
0
0
0
0
0
0
0
0
0
0
0
0
0
0
0
0
0
0
0
0
0
0
0
0
0
0
0
0
0
0
0
0
0
0
0
0
0
0
0
0
0
0
0
0
0
0
0
0
0
0
0
0
0
0
0
0
0
0
0
0
0
0
0
0
0
0
0
0
0
0
0
0
0
0
0
0
0
0
0
0
0
0
0
0
0
0
0
0
0
0
0
0
0
0
0
0
0
0
0
0
0
0
0
0
0
0
0
0
0
0
0
0
0
0
0
0
0
0
0
0
0
0
0
0
0
0
0
0
0
0
0
0
0
0
0
0
0
0
0
0
0
0
0
0
0
0
0
0
0
0
0
0
0
0
0
0
0
0
0
0
0
0
0
0
0
0
0
0
0
0
0
0
0
0
0
0
0
0
0
0
0
0
0
0
0
0
0
0
0
0
0
0
0
0
0
0
0
0
0
0
0
0
0
0
0
0
0
0
0
0
0
0
0
0
0
0
0
0
0
0
0
0
0
0
0
0
0
0
0
0
0
0
0
0
0
0
0
0
0
0
0
0
0
0
0
0
0
0
0
0
0
0
0
0
0
0
0
0
0
0
0
0
0
0
0
0
0
0
0
0
0
0
0
0
0
0
0
0
0
0
0
0
0
0
0
0
0
0
0
0
0
0
0
0
0
0
0
0
0
0
0
0
0
0
0
0
0
0
0
0
0
0
0
0
0
0
0
0
0
0
0
0
0
0
0
0
0
0
0
0
0
0
0
0
0
0
0
0
0
0
0
0
0
0
0
0
0
0
0
0
0
0
0
0
0
0
0
0
0
0
0
0
0
0
0
0
0
0
0
0
0
0
0
0
0
0
0
0
0
0
0
0
0
0
0
0
0
0
0
0
0
0
0
0
0
0
0
0
0
0
0
0
0
0
0
0
0
0
0
0
0
0
0
0
0
0
0
0
0
0
0
0
0
0
0
0
0
0
0
0
0
0
0
0
0
0
0
0
0
0
0
0
0
0
0
0
0
0
0
0
0
0
0
0
0
0
0
0
0
0
0
0
0
0
0
0
0
0
0
0
0
0
0
0
0
0
0
0
0
0
0
0
0
0
0
0
0
0
0
0
0
0
0
0
0
0
0
0
0
0
0
0
0
0
0
0
0
0
0
0
0
0
0
0
0
0
0
0
0
0
0
0
0
0
0
0
0
0
0
0
0
0
0
0
0
0
0
0
0
0
0
0
0
0
0
0
0
0
0
0
0
0
0
0
0
0
0
0
0
0
0
0
0
0
0
0
0
0
0
0
0
0
0
0
0
0
0
0
0
0
0
0
0
0
0
0
0
0
0
0
0
0
0
0
0
0
0
0
0
0
0
0
0
0
0
0
0
0
0
0
0
0
0
0
0
0
0
0
0
0
0
0
0
0
0
0
0
0
0
0
0
0
0
0
0
0
0
0
0
0
0
0
0
0
0
0
0
0
0
0
0
0
0
0
0
0
0
0
0
0
0
0
0
0
0
0
0
0
0
0
0
0
0
0
0
0
0
0
0
0
0
0
0
0
0
0
0
0
0
0
0
0
0
0
0
0
0
0
0
0
0
0
0
0
0
0
0
0
0
0
0
0
0
0
0
0
0
0
0
0
0
0
0
0
0
0
0
0
0
0
0
0
0
0
0
0
0
0
0
0
0
0
0
0
0
0
0
0
0
0
0
0
0
0
0
0
0
0
0
0
0
0
0
0
0
0
0
0
0
0
0
0
0
0
0
0
0
0
0
0
0
0
0
0
0
0
0
0
0
0
0
0
0
0
0
0
0
0
0
0
0
0
0
0
0
0
0
0
0
0
0
0
0
0
0
0
0
0
0
0
0
0
0
0
0
0
0
0
0
0
0
0
0
0
0
