0
0
0
0
0
0
0
0
0
0
0
0
0
0
0
0
0
0
0
0
0
0
0
0
0
0
0
0
0
0
0
0
0
0
0
0
0
0
0
0
0
0
0
0
0
0
0
0
0
0
0
0
0
0
0
0
0
0
0
0
0
0
0
0
0
0
0
0
0
0
0
0
0
0
0
0
0
0
0
0
0
0
0
0
0
0
0
0
0
0
0
0
0
0
0
0
0
0
0
0
0
0
0
0
0
0
0
0
0
0
0
0
0
0
0
0
0
0
0
0
0
0
0
0
0
0
0
0
0
0
0
0
0
0
0
0
0
0
0
0
0
0
0
0
0
0
0
0
0
0
0
0
0
0
0
0
0
0
0
0
0
0
0
0
0
0
0
0
0
0
0
0
0
0
0
0
0
0
0
0
0
0
0
0
0
0
0
0
0
0
0
0
0
0
0
0
0
0
0
0
0
0
0
0
0
0
0
0
0
0
0
0
0
0
0
0
0
0
0
0
0
0
0
0
0
0
0
0
0
0
0
0
0
0
0
0
0
0
0
0
0
0
0
0
0
0
0
0
0
0
0
0
0
0
0
0
0
0
0
0
0
0
0
0
0
0
0
0
0
0
0
0
0
0
0
0
0
0
0
0
0
0
0
0
0
0
0
0
0
0
0
0
0
0
0
0
0
0
0
0
0
0
0
0
0
0
0
0
0
0
0
0
0
0
0
0
0
0
0
0
0
0
0
0
0
0
0
0
0
0
0
0
0
0
0
0
0
0
0
0
0
0
0
0
0
0
0
0
0
0
0
0
0
0
0
0
0
0
0
0
0
0
0
0
0
0
0
0
0
0
0
0
0
0
0
0
0
0
0
0
0
0
0
0
0
0
0
0
0
0
0
0
0
0
0
0
0
0
0
0
0
0
0
0
0
0
0
0
0
0
0
0
0
0
0
0
0
0
0
0
0
0
0
0
0
0
0
0
0
0
0
0
0
0
0
0
0
0
0
0
0
0
0
0
0
0
0
0
0
0
0
0
0
0
0
0
0
0
0
0
0
0
0
0
0
0
0
0
0
0
0
0
0
0
0
0
0
0
0
0
0
0
0
0
0
0
0
0
0
0
0
0
0
0
0
0
0
0
0
0
0
0
0
0
0
0
0
0
0
0
0
0
0
0
0
0
0
0
0
0
0
0
0
0
0
0
0
0
0
0
0
0
0
0
0
0
0
0
0
0
0
0
0
0
0
0
0
0
0
0
0
0
0
0
0
0
0
0
0
0
0
0
0
0
0
0
0
0
0
0
0
0
0
0
0
0
0
0
0
0
0
0
0
0
0
0
0
0
0
0
0
0
0
0
0
0
0
0
0
0
0
0
0
0
0
0
0
0
0
0
0
0
0
0
0
0
0
0
0
0
0
0
0
0
0
0
0
0
0
0
0
0
0
0
0
0
0
0
0
0
0
0
0
0
0
0
0
0
0
0
0
0
0
0
0
0
0
0
0
0
0
0
0
0
0
0
0
0
0
0
0
0
0
0
0
0
0
0
0
0
0
0
0
0
0
0
0
0
0
0
0
0
0
0
0
0
0
0
0
0
0
0
0
0
0
0
0
0
0
0
0
0
0
0
0
0
0
0
0
0
0
0
0
0
0
0
0
0
0
0
0
0
0
0
0
0
0
0
0
0
0
0
0
0
0
0
0
0
0
0
0
0
0
0
0
0
0
0
0
0
0
0
0
0
0
0
0
0
0
0
0
0
0
0
0
0
0
0
0
0
0
0
0
0
0
0
0
0
0
0
0
0
0
0
0
0
0
0
0
0
0
0
0
0
0
0
0
0
0
0
0
0
0
0
0
0
0
0
0
0
0
0
0
0
0
0
0
0
0
0
0
0
0
0
0
0
0
0
0
0
0
0
0
0
0
0
0
0
0
0
0
0
0
0
0
0
0
0
0
0
0
0
0
0
0
0
0
0
0
0
0
0
0
0
0
0
0
0
0
0
0
0
0
0
0
0
0
0
0
0
0
0
0
0
0
0
0
0
0
0
0
0
0
0
0
0
0
0
0
0
0
0
0
0
0
0
0
0
0
0
0
0
0
0
0
0
0
0
0
0
0
0
0
0
0
0
0
0
0
0
0
0
0
0
0
0
0
0
0
0
0
0
0
0
0
0
0
0
0
0
0
0
0
0
0
0
0
0
0
0
0
0
0
0
0
0
0
0
0
0
0
0
0
0
0
0
0
0
0
0
0
0
0
0
0
0
0
0
0
0
0
0
0
0
0
0
0
0
0
0
0
0
0
0
0
0
0
0
0
0
0
0
0
0
0
0
0
0
0
0
0
0
0
0
0
0
0
0
0
0
0
0
0
0
0
0
0
0
0
0
0
0
0
0
0
0
0
0
0
0
0
0
0
0
0
0
0
0
0
0
0
0
0
0
0
0
0
0
0
0
0
0
0
0
0
0
0
0
0
0
0
0
0
0
0
0
0
0
0
0
0
0
0
0
0
0
0
0
0
0
0
0
0
0
0
0
0
0
0
0
0
0
0
0
0
0
0
0
0
0
0
0
0
0
0
0
0
0
0
0
0
0
0
0
0
0
0
0
0
0
0
0
0
0
0
0
0
0
0
0
0
0
0
0
0
0
0
0
0
0
0
0
0
0
0
0
0
0
0
0
0
0
0
0
0
0
0
0
0
0
0
0
0
0
0
0
0
0
0
0
0
0
0
0
0
0
0
0
0
0
0
0
0
0
0
0
0
0
0
0
0
0
0
0
0
0
0
0
0
0
0
0
0
0
0
0
0
0
0
0
0
0
0
0
0
0
0
0
0
0
0
0
0
0
0
0
0
0
0
0
0
0
0
0
0
0
0
0
0
0
0
0
0
0
0
0
0
0
0
0
0
0
0
0
0
0
0
0
0
0
0
0
0
0
0
0
0
0
0
0
0
0
0
0
0
0
0
0
0
0
0
0
0
0
0
0
0
0
0
0
0
0
0
0
0
0
0
0
0
0
0
0
0
0
0
0
0
0
0
0
0
0
0
0
0
0
0
0
0
0
0
0
0
0
0
0
0
0
0
0
0
0
0
0
0
0
0
0
0
0
0
0
0
0
0
0
0
0
0
0
0
0
0
0
0
0
0
0
0
0
0
0
0
0
0
0
0
0
0
0
0
0
0
0
0
0
0
0
0
0
0
0
0
0
0
0
0
0
0
0
0
0
0
0
0
0
0
0
0
0
0
0
0
0
0
0
0
0
0
0
0
0
0
0
0
0
0
0
0
0
0
0
0
0
0
0
0
0
0
0
0
0
0
0
0
0
0
0
0
0
0
0
0
0
0
0
0
0
0
0
0
0
0
0
0
0
0
0
0
0
0
0
0
0
0
0
0
0
0
0
0
0
0
0
0
0
0
0
0
0
0
0
0
0
0
0
0
0
0
0
0
0
0
0
0
0
0
0
0
0
0
0
0
0
0
0
0
0
0
0
0
0
0
0
0
0
0
0
0
0
0
0
0
0
0
0
0
0
0
0
0
0
0
0
0
0
0
0
0
0
0
0
0
0
0
0
0
0
0
0
0
0
0
0
0
0
0
0
0
0
0
0
0
0
0
0
0
0
0
0
0
0
0
0
0
0
0
0
0
0
0
0
0
0
0
0
0
0
0
0
0
0
0
0
0
0
0
0
0
0
0
0
0
0
0
0
0
0
0
0
0
0
0
0
0
0
0
0
0
0
0
0
0
0
0
0
0
0
0
0
0
0
0
0
0
0
0
0
0
0
0
0
0
0
0
0
0
0
0
0
0
0
0
0
0
0
0
0
0
0
0
0
0
0
0
0
0
0
0
0
0
0
0
0
0
0
0
0
0
0
0
0
0
0
0
0
0
0
0
0
0
0
0
0
0
0
0
0
0
0
0
0
0
0
0
0
0
0
0
0
0
0
0
0
0
0
0
0
0
0
0
0
0
0
0
0
0
0
0
0
0
0
0
0
0
0
0
0
0
0
0
0
0
0
0
0
0
0
0
0
0
0
0
0
0
0
0
0
0
0
0
0
0
0
0
0
0
0
0
0
0
0
0
0
0
0
0
0
0
0
0
0
0
0
0
0
0
0
0
0
0
0
0
0
0
0
0
0
0
0
0
0
0
0
0
0
0
0
0
0
0
0
0
0
0
0
0
0
0
0
0
0
0
0
0
0
0
0
0
0
0
0
0
0
0
0
0
0
0
0
0
0
0
0
0
0
0
0
0
0
0
0
0
0
0
0
0
0
0
0
0
0
0
0
0
0
0
0
0
0
0
0
0
0
0
0
0
0
0
0
0
0
0
0
0
0
0
0
0
0
0
0
0
0
0
0
0
0
0
0
0
0
0
0
0
0
0
0
0
0
0
0
0
0
0
0
0
0
0
0
0
0
0
0
0
0
0
0
0
0
0
0
0
0
0
0
0
0
0
0
0
0
0
0
0
0
0
0
0
0
0
0
0
0
0
0
0
0
0
0
0
0
0
0
0
0
0
0
0
0
0
0
0
0
0
0
0
0
0
0
0
0
0
0
0
0
0
0
0
0
0
0
0
0
0
0
0
0
0
0
0
0
0
0
0
0
0
0
0
0
0
0
0
0
0
0
0
0
0
0
0
0
0
0
0
0
0
0
0
0
0
0
0
0
0
0
0
0
0
0
0
0
0
0
0
0
0
0
0
0
0
0
0
0
0
0
0
0
0
0
0
0
0
0
0
0
0
0
0
0
0
0
0
0
0
0
0
0
0
0
0
0
0
0
0
0
0
0
0
0
0
0
0
0
0
0
0
0
0
0
0
0
0
0
0
0
0
0
0
0
0
0
0
0
0
0
0
0
0
0
0
0
0
0
0
0
0
0
0
0
0
0
0
0
0
0
0
0
0
0
0
0
0
0
0
0
0
0
0
0
0
0
0
0
0
0
0
0
0
0
0
0
0
0
0
0
0
0
0
0
0
0
0
0
0
0
0
0
0
0
0
0
0
0
0
0
0
0
0
0
0
0
0
0
0
0
0
0
0
0
0
0
0
0
0
0
0
0
0
0
0
0
0
0
0
0
0
0
0
0
0
0
0
0
0
0
0
0
0
0
0
0
0
0
0
0
0
0
0
0
0
0
0
0
0
0
0
0
0
0
0
0
0
0
0
0
0
0
0
0
0
0
0
0
0
0
0
0
0
0
0
0
0
0
0
0
0
0
0
0
0
0
0
0
0
0
0
0
0
0
0
0
0
0
0
0
0
0
0
0
0
0
0
0
0
0
0
0
0
0
0
0
0
0
0
0
0
0
0
0
0
0
0
0
0
0
0
0
0
0
0
0
0
0
0
0
0
0
0
0
0
0
0
0
0
0
0
0
0
0
0
0
0
0
0
0
0
0
0
0
0
0
0
0
0
0
0
0
0
0
0
0
0
0
0
0
0
0
0
0
0
0
0
0
0
0
0
0
0
0
0
0
0
0
0
0
0
0
0
0
0
0
0
0
0
0
0
0
0
0
0
0
0
0
0
0
0
0
0
0
0
0
0
0
0
0
0
0
0
0
0
0
0
0
0
0
0
0
0
0
0
0
0
0
0
0
0
0
0
0
0
0
0
0
0
0
0
0
0
0
0
0
0
0
0
0
0
0
0
0
0
0
0
0
0
0
0
0
0
0
0
0
0
0
0
0
0
0
0
0
0
0
0
0
0
0
0
0
0
0
0
0
0
0
0
0
0
0
0
0
0
0
0
0
0
0
0
0
0
0
0
0
0
0
0
0
0
0
0
0
0
0
0
0
0
0
0
0
0
0
0
0
0
0
0
0
0
0
0
0
0
0
0
0
0
0
0
0
0
0
0
0
0
0
0
0
0
0
0
0
0
0
0
0
0
0
0
0
0
0
0
0
0
0
0
0
0
0
0
0
0
0
0
0
0
0
0
0
0
0
0
0
0
0
0
0
0
0
0
0
0
0
0
0
0
0
0
0
0
0
0
0
0
0
0
0
0
0
0
0
0
0
0
0
0
0
0
0
0
0
0
0
0
0
0
0
0
0
0
0
0
0
0
0
0
0
0
0
0
0
0
0
0
0
0
0
0
0
0
0
0
0
0
0
0
0
0
0
0
0
0
0
0
0
0
0
0
0
0
0
0
0
0
0
0
0
0
0
0
0
0
0
0
0
0
0
0
0
0
0
0
0
0
0
0
0
0
0
0
0
0
0
0
0
0
0
0
0
0
0
0
0
0
0
0
0
0
0
0
0
0
0
0
0
0
0
0
0
0
0
0
0
0
0
0
0
0
0
0
0
0
0
0
0
0
0
0
0
0
0
0
0
0
0
0
0
0
0
0
0
0
0
0
0
0
0
0
0
0
0
0
0
0
0
0
0
0
0
0
0
0
0
0
0
0
0
0
0
0
0
0
0
0
0
0
0
0
0
0
0
0
0
0
0
0
0
0
0
0
0
0
0
0
0
0
0
0
0
0
0
0
0
0
0
0
0
0
0
0
0
0
0
0
0
0
0
0
0
0
0
0
0
0
0
0
0
0
0
0
0
0
0
0
0
0
0
0
0
0
0
0
0
0
0
0
0
0
0
0
0
0
0
0
0
0
0
0
0
0
0
0
0
0
0
0
0
0
0
0
0
0
0
0
0
0
0
0
0
0
0
0
0
0
0
0
0
0
0
0
0
0
0
0
0
0
0
0
0
0
0
0
0
0
0
0
-1
0
0
0
0
0
0
0
0
0
0
-1
0
0
0
0
0
0
0
0
0
0
0
0
0
0
0
0
-1
-1
0
0
0
0
0
0
0
-1
-1
0
0
0
0
0
0
0
0
0
0
0
0
0
0
0
0
0
0
0
0
0
0
0
0
0
0
0
0
0
0
0
0
0
0
0
0
0
0
1
0
0
0
0
0
0
0
0
0
0
0
0
0
0
1
1
0
0
0
0
0
0
0
0
0
0
0
0
0
0
0
0
0
0
0
0
0
0
-1
-2
-2
-1
0
-2
-4
-5
-5
-4
-3
-3
-2
-3
-3
-3
-2
-1
0
0
0
0
0
0
0
0
0
0
0
-1
-1
-1
0
0
0
0
1
1
1
1
1
1
0
1
0
0
0
1
1
1
1
1
1
1
1
1
1
1
1
1
1
1
1
1
2
2
2
2
2
2
1
1
1
1
1
2
2
2
2
2
1
1
1
2
2
1
1
1
1
1
1
1
1
0
0
1
1
0
-1
-1
0
0
0
-1
-1
-1
-1
-1
-2
-2
-2
-1
-1
-1
-2
-1
-2
-2
-2
-1
-1
-1
-2
-2
-2
-2
-2
-1
0
0
-1
-1
-1
-2
-2
-2
-2
-2
-2
-2
-2
-2
-2
-2
-2
-2
-2
-2
-2
-2
-2
-2
-2
-2
-2
-2
-2
-2
-2
-1
-1
-1
-1
-1
-1
-2
-2
-1
-1
-1
-1
0
1
1
0
0
0
0
0
0
0
0
0
0
0
-1
-1
-1
-1
-1
0
0
0
0
-1
-1
-1
-1
0
0
0
0
0
-1
-2
-2
-2
-1
-1
0
0
-1
-2
-2
-2
-2
-2
-2
-2
-2
-2
-1
-2
-2
-3
-3
-3
-3
-3
-2
-2
-2
-2
-2
-3
-3
-3
-3
-3
-3
-2
-2
-3
-3
-3
-3
-4
-4
-4
-3
-3
-3
-3
-4
-4
-3
-3
-2
-2
-3
-3
-3
-3
-3
-3
-2
-2
-3
-3
-3
-2
-3
-3
-4
-4
-4
-3
-2
-2
-3
-4
-3
-2
-2
-1
0
-1
-2
-2
-1
1
1
1
0
0
1
1
1
1
1
1
0
0
1
2
1
-1
-1
0
1
1
2
2
3
2
2
3
4
5
5
5
5
5
5
5
5
5
5
5
5
5
5
6
6
5
5
5
6
6
6
6
7
7
7
7
7
8
8
7
8
8
8
7
7
8
8
7
7
6
6
6
7
6
6
5
4
5
5
5
5
5
5
5
5
6
7
6
6
7
8
8
7
6
6
5
4
3
3
3
3
2
2
2
2
1
1
1
1
1
1
1
0
0
0
0
-1
-1
-2
-2
-2
-2
-2
-2
-2
-3
-4
-5
-6
-6
-6
-6
-7
-7
-8
-7
-7
-7
-7
-7
-7
-6
-6
-5
-5
-5
-5
-6
-7
-7
-6
-6
-5
-6
-6
-7
-7
-7
-7
-8
-9
-9
-10
-10
-11
-11
-11
-11
-11
-11
-10
-10
-11
-10
-9
-8
-7
-7
-7
-8
-9
-9
-9
-9
-10
-10
-10
-9
-9
-10
-10
-11
-11
-11
-10
-9
-8
-8
-8
-7
-7
-7
-6
-5
-4
-3
-3
-3
-3
-3
-3
-3
-2
-2
-2
-3
-4
-4
-3
-2
-2
-2
-2
-2
-2
0
1
1
2
2
3
3
4
5
5
6
5
6
6
6
6
6
6
5
5
5
5
5
5
4
4
5
6
7
7
8
8
8
9
9
9
9
9
9
9
10
9
9
9
9
9
9
9
8
8
8
9
9
9
9
8
7
7
8
9
10
11
12
12
13
13
13
13
13
13
12
11
12
13
13
12
11
11
11
10
10
11
11
10
9
9
10
10
10
9
9
10
10
9
8
8
8
8
7
6
6
6
5
3
2
2
2
1
0
-1
-2
-2
-1
-1
-2
-3
-4
-4
-4
-4
-4
-4
-4
-5
-5
-5
-5
-6
-7
-8
-9
-9
-10
-9
-9
-9
-10
-12
-12
-12
-11
-12
-13
-12
-11
-10
-9
-10
-11
-12
-12
-12
-11
-11
-10
-10
-9
-10
-11
-11
-11
-11
-11
-11
-11
-11
-12
-11
-11
-11
-11
-12
-12
-13
-12
-11
-10
-10
-10
-9
-9
-10
-11
-12
-11
-10
-10
-10
-8
-7
-8
-9
-9
-9
-9
-9
-8
-5
-4
-3
-5
-5
-6
-6
-6
-5
-3
-2
-2
-2
-1
1
2
2
0
0
2
3
5
5
6
4
2
3
5
9
9
9
8
8
9
9
9
10
11
10
10
9
9
9
10
10
11
11
12
11
10
10
11
11
11
12
14
15
14
13
13
14
15
14
14
15
15
14
12
11
11
11
11
11
10
9
8
7
7
7
7
7
6
6
6
5
4
5
5
4
2
0
0
2
2
1
-1
-3
-4
-5
-6
-7
-9
-10
-12
-13
-12
-12
-12
-13
-15
-17
-17
-16
-15
-16
-17
-18
-19
-21
-22
-22
-21
-21
-22
-23
-22
-21
-23
-25
-26
-25
-25
-27
-29
-29
-29
-29
-29
-28
-27
-27
-28
-27
-27
-26
-26
-26
-26
-25
-24
-23
-22
-23
-23
-23
-23
-22
-20
-18
-16
-16
-18
-17
-15
-13
-13
-13
-12
-10
-8
-8
-7
-5
-2
0
1
2
3
4
4
5
8
9
10
10
11
13
14
14
13
14
17
19
22
24
26
26
24
23
25
28
30
31
33
35
36
36
36
38
39
39
39
40
40
39
38
38
39
39
38
37
37
38
39
39
38
38
37
36
34
34
33
32
31
29
29
28
27
26
25
24
23
21
20
17
16
15
13
10
7
4
3
1
-3
-6
-6
-7
-9
-11
-13
-14
-17
-20
-23
-25
-27
-30
-33
-36
-38
-39
-41
-44
-46
-48
-50
-53
-55
-55
-55
-57
-60
-62
-62
-63
-66
-69
-70
-70
-70
-71
-73
-74
-76
-78
-79
-78
-78
-79
-79
-79
-78
-78
-78
-78
-77
-75
-74
-72
-72
-72
-72
-71
-69
-67
-64
-62
-60
-59
-58
-56
-53
-50
-48
-45
-42
-38
-35
-33
-30
-26
-23
-19
-13
-7
-2
0
2
6
10
14
18
22
27
32
35
40
46
51
54
59
64
69
74
78
83
87
90
94
99
104
108
112
117
122
127
130
134
138
141
143
145
148
149
150
150
152
156
158
159
160
162
164
164
163
162
162
161
159
159
159
158
154
150
148
147
144
140
136
134
131
126
121
116
110
103
97
94
91
86
79
72
67
62
55
46
38
31
24
16
8
1
-6
-15
-24
-32
-38
-46
-55
-64
-71
-77
-85
-94
-103
-111
-118
-126
-135
-142
-149
-155
-161
-168
-174
-181
-188
-194
-201
-208
-216
-223
-231
-238
-244
-248
-251
-256
-260
-264
-267
-269
-273
-274
-275
-276
-277
-279
-280
-281
-282
-282
-283
-282
-280
-278
-276
-276
-274
-269
-264
-261
-258
-254
-247
-242
-238
-231
-223
-214
-206
-196
-184
-172
-160
-150
-138
-126
-114
-102
-90
-77
-65
-53
-42
-30
-17
-3
11
24
37
51
65
80
94
109
122
135
147
161
176
192
207
221
235
249
263
276
289
300
310
319
328
338
346
355
362
368
375
382
390
396
402
409
415
419
423
428
432
435
437
440
444
446
444
444
445
445
442
438
436
433
427
419
413
406
397
387
378
371
361
350
338
329
320
309
298
287
276
264
251
240
227
214
199
184
170
155
139
123
107
91
75
58
41
22
2
-16
-33
-51
-72
-92
-111
-128
-146
-165
-186
-206
-225
-244
-262
-279
-298
-318
-338
-359
-377
-396
-417
-438
-457
-476
-494
-514
-533
-551
-566
-579
-591
-604
-615
-623
-630
-636
-642
-647
-652
-658
-665
-671
-675
-679
-683
-687
-688
-685
-680
-676
-673
-666
-656
-646
-637
-624
-608
-590
-573
-556
-535
-511
-490
-468
-441
-409
-376
-345
-314
-283
-251
-223
-195
-168
-140
-115
-89
-61
-31
-2
27
57
89
121
154
188
221
253
283
312
342
371
399
426
454
480
504
527
550
571
591
607
622
635
646
656
665
674
681
689
697
705
713
719
725
731
736
740
742
742
742
742
741
739
735
731
725
720
714
708
700
690
679
667
654
640
624
607
591
575
560
546
531
515
500
486
471
454
436
417
396
373
349
324
300
273
248
225
203
179
151
122
95
69
43
17
-9
-37
-65
-92
-118
-144
-170
-196
-221
-244
-269
-294
-321
-349
-377
-404
-430
-456
-483
-512
-542
-570
-598
-624
-650
-676
-700
-723
-746
-770
-792
-812
-831
-850
-868
-882
-893
-902
-911
-918
-922
-925
-930
-935
-939
-944
-951
-960
-968
-973
-976
-979
-981
-978
-972
-963
-952
-938
-919
-900
-881
-861
-838
-812
-786
-760
-732
-700
-665
-628
-591
-551
-511
-472
-432
-391
-350
-311
-274
-237
-201
-167
-135
-102
-64
-24
17
60
105
150
193
237
282
328
370
410
450
490
527
560
590
620
648
676
703
729
753
775
796
814
829
840
851
864
875
883
892
902
912
920
928
938
947
952
953
955
958
958
952
945
941
938
931
922
914
906
896
884
871
859
845
828
808
789
771
751
731
711
691
672
653
635
617
597
576
555
533
509
482
454
425
395
363
330
298
269
240
211
183
156
129
99
67
34
3
-30
-64
-99
-130
-158
-186
-217
-245
-269
-293
-319
-347
-373
-400
-430
-463
-495
-525
-556
-586
-612
-636
-660
-687
-713
-737
-760
-784
-806
-826
-846
-869
-891
-910
-928
-949
-969
-984
-995
-1006
-1017
-1025
-1029
-1029
-1029
-1028
-1027
-1026
-1027
-1029
-1030
-1028
-1027
-1026
-1028
-1028
-1025
-1017
-1008
-996
-982
-963
-942
-921
-898
-871
-841
-809
-779
-748
-715
-680
-641
-598
-551
-503
-457
-412
-364
-312
-261
-214
-172
-132
-90
-48
-9
27
63
101
141
188
240
292
340
386
435
486
536
579
618
654
691
726
760
794
825
853
879
905
930
952
967
979
991
1003
1011
1017
1021
1026
1033
1039
1045
1049
1054
1058
1061
1065
1068
1069
1066
1061
1057
1053
1045
1032
1018
1006
992
976
957
939
922
903
883
862
840
814
786
760
738
716
691
666
642
621
600
577
552
526
500
473
448
421
389
354
318
283
248
215
181
146
108
72
38
6
-27
-61
-96
-128
-160
-191
-223
-255
-284
-312
-341
-370
-398
-424
-452
-484
-517
-549
-580
-613
-645
-675
-703
-732
-761
-788
-811
-836
-861
-885
-907
-929
-949
-968
-988
-1012
-1036
-1054
-1067
-1081
-1099
-1115
-1124
-1131
-1139
-1142
-1139
-1132
-1128
-1126
-1120
-1112
-1109
-1111
-1112
-1106
-1099
-1095
-1094
-1091
-1084
-1077
-1067
-1050
-1027
-999
-971
-940
-906
-870
-834
-799
-762
-721
-679
-634
-586
-536
-485
-433
-378
-321
-264
-209
-154
-102
-55
-12
31
74
117
159
202
247
296
347
400
453
503
553
603
654
703
751
794
833
869
903
937
970
997
1020
1042
1064
1082
1097
1108
1119
1128
1135
1140
1147
1151
1153
1155
1160
1166
1171
1174
1175
1176
1177
1176
1173
1165
1156
1145
1133
1119
1102
1084
1064
1043
1021
1000
978
954
927
901
877
851
822
791
761
734
706
677
650
624
599
573
546
516
485
453
421
387
355
322
285
243
201
162
125
85
43
5
-31
-66
-103
-140
-173
-206
-242
-278
-310
-339
-369
-402
-433
-463
-493
-525
-557
-588
-619
-650
-683
-716
-749
-780
-810
-838
-865
-889
-912
-935
-957
-979
-1000
-1022
-1043
-1064
-1085
-1106
-1126
-1143
-1158
-1175
-1191
-1205
-1215
-1222
-1226
-1224
-1215
-1204
-1195
-1189
-1183
-1176
-1171
-1171
-1170
-1164
-1156
-1148
-1143
-1136
-1126
-1115
-1102
-1084
-1058
-1025
-990
-954
-915
-873
-834
-797
-760
-717
-672
-627
-578
-523
-465
-406
-347
-287
-230
-176
-123
-67
-12
39
86
132
180
228
275
323
371
418
466
521
581
642
698
751
802
849
891
931
967
998
1026
1055
1088
1119
1144
1163
1180
1195
1207
1217
1224
1229
1233
1237
1241
1243
1244
1246
1249
1252
1254
1256
1255
1249
1241
1233
1227
1217
1203
1187
1172
1154
1132
1107
1083
1060
1038
1017
992
964
932
899
865
830
795
762
732
702
674
648
621
590
555
522
490
458
423
386
349
311
272
231
189
147
105
64
26
-11
-48
-88
-131
-171
-208
-244
-280
-317
-352
-387
-421
-455
-487
-517
-549
-583
-616
-648
-680
-715
-750
-784
-816
-849
-879
-905
-930
-956
-983
-1006
-1027
-1050
-1074
-1096
-1116
-1138
-1162
-1184
-1201
-1217
-1234
-1251
-1266
-1279
-1290
-1298
-1299
-1294
-1284
-1272
-1260
-1248
-1237
-1227
-1223
-1225
-1226
-1221
-1212
-1204
-1198
-1189
-1178
-1168
-1155
-1136
-1106
-1073
-1040
-1003
-956
-907
-862
-821
-780
-736
-689
-640
-586
-528
-469
-409
-346
-281
-217
-157
-100
-44
11
64
115
164
210
257
305
356
410
464
520
576
634
693
753
809
861
909
953
993
1029
1064
1100
1135
1166
1192
1216
1238
1256
1270
1282
1295
1307
1316
1321
1326
1330
1332
1332
1333
1335
1338
1339
1339
1338
1333
1325
1315
1306
1295
1280
1262
1241
1220
1198
1176
1151
1123
1094
1065
1038
1010
978
942
905
867
831
796
759
722
687
656
626
593
557
520
486
451
414
375
337
296
251
204
161
117
73
28
-15
-55
-96
-139
-182
-223
-262
-301
-341
-380
-415
-449
-484
-522
-558
-592
-624
-658
-694
-727
-758
-791
-828
-862
-894
-926
-956
-984
-1007
-1029
-1052
-1076
-1099
-1119
-1140
-1161
-1183
-1204
-1225
-1245
-1265
-1285
-1304
-1322
-1339
-1356
-1367
-1368
-1362
-1353
-1343
-1327
-1307
-1288
-1276
-1266
-1257
-1251
-1248
-1243
-1234
-1224
-1219
-1215
-1209
-1201
-1190
-1171
-1139
-1098
-1055
-1012
-965
-918
-875
-834
-791
-745
-699
-648
-588
-519
-449
-385
-322
-256
-190
-127
-71
-16
41
96
146
194
242
290
338
389
444
502
562
625
692
761
826
889
947
998
1039
1077
1114
1151
1185
1215
1246
1276
1300
1318
1337
1357
1373
1381
1385
1389
1392
1394
1394
1393
1393
1395
1401
1408
1411
1408
1402
1396
1389
1378
1365
1351
1334
1313
1288
1264
1239
1209
1177
1147
1120
1094
1066
1032
993
952
911
869
828
787
747
710
676
643
607
571
534
497
459
420
382
344
301
255
209
165
121
73
22
-27
-70
-112
-155
-198
-240
-282
-323
-364
-406
-447
-487
-524
-559
-591
-623
-656
-689
-722
-754
-786
-817
-851
-885
-919
-952
-981
-1008
-1035
-1064
-1089
-1111
-1130
-1152
-1177
-1202
-1223
-1242
-1264
-1289
-1310
-1327
-1344
-1365
-1386
-1401
-1411
-1419
-1424
-1416
-1396
-1371
-1352
-1335
-1315
-1299
-1292
-1293
-1291
-1282
-1276
-1278
-1281
-1276
-1263
-1251
-1239
-1223
-1200
-1169
-1129
-1083
-1033
-984
-942
-901
-857
-803
-744
-687
-634
-576
-510
-436
-364
-296
-231
-166
-103
-42
20
77
126
171
219
273
330
383
437
496
559
627
697
766
832
894
957
1019
1074
1121
1161
1199
1234
1265
1295
1324
1351
1375
1396
1415
1431
1440
1445
1450
1456
1461
1462
1460
1461
1465
1472
1477
1479
1478
1477
1474
1467
1457
1444
1427
1404
1380
1359
1339
1310
1273
1235
1201
1172
1142
1111
1076
1040
1001
961
919
876
829
784
744
708
675
640
602
563
525
488
451
410
367
322
278
235
188
137
87
38
-11
-59
-105
-150
-194
-237
-276
-315
-353
-392
-429
-465
-505
-547
-588
-624
-659
-694
-727
-758
-789
-824
-860
-895
-929
-963
-996
-1027
-1056
-1082
-1104
-1124
-1146
-1170
-1194
-1214
-1234
-1259
-1284
-1308
-1331
-1356
-1380
-1398
-1412
-1430
-1451
-1466
-1467
-1458
-1445
-1429
-1405
-1376
-1350
-1336
-1332
-1328
-1323
-1319
-1320
-1318
-1308
-1296
-1291
-1292
-1288
-1274
-1252
-1224
-1185
-1134
-1078
-1025
-974
-920
-865
-815
-768
-717
-656
-587
-515
-445
-375
-304
-230
-156
-89
-30
26
80
132
183
233
283
332
384
442
504
570
638
707
780
854
928
1001
1067
1123
1169
1212
1255
1295
1330
1362
1393
1422
1449
1473
1492
1505
1512
1517
1522
1526
1528
1529
1528
1526
1526
1529
1533
1534
1535
1537
1537
1529
1515
1499
1484
1467
1448
1423
1393
1358
1323
1290
1258
1224
1189
1156
1125
1091
1050
1003
953
901
854
814
777
739
702
666
632
596
557
515
471
428
389
351
309
259
206
155
108
59
7
-43
-90
-136
-181
-224
-264
-304
-346
-389
-431
-473
-516
-560
-602
-641
-676
-712
-749
-784
-818
-852
-889
-928
-967
-1002
-1033
-1061
-1089
-1117
-1144
-1168
-1190
-1213
-1238
-1263
-1288
-1315
-1344
-1370
-1392
-1416
-1443
-1471
-1493
-1508
-1521
-1532
-1537
-1529
-1508
-1481
-1454
-1430
-1408
-1394
-1391
-1395
-1395
-1389
-1384
-1383
-1380
-1369
-1358
-1357
-1359
-1347
-1316
-1277
-1237
-1188
-1128
-1067
-1013
-966
-917
-862
-804
-743
-678
-609
-536
-461
-383
-305
-230
-162
-102
-46
12
74
133
184
231
283
345
412
475
537
601
669
739
815
896
974
1043
1102
1156
1207
1254
1294
1329
1365
1403
1441
1474
1500
1523
1540
1549
1554
1560
1568
1571
1570
1569
1574
1578
1576
1572
1576
1583
1585
1581
1574
1566
1554
1537
1520
1501
1476
1445
1415
1388
1357
1319
1277
1240
1209
1179
1144
1103
1059
1013
966
919
873
828
786
749
714
679
640
593
544
499
459
421
377
329
281
234
187
140
90
38
-13
-59
-102
-143
-186
-232
-279
-327
-372
-413
-452
-493
-538
-583
-624
-662
-700
-738
-775
-811
-851
-894
-934
-972
-1010
-1048
-1082
-1110
-1135
-1162
-1189
-1213
-1237
-1266
-1300
-1329
-1353
-1377
-1405
-1434
-1461
-1488
-1514
-1537
-1556
-1570
-1581
-1588
-1588
-1576
-1549
-1518
-1494
-1480
-1472
-1464
-1459
-1461
-1464
-1462
-1459
-1460
-1458
-1446
-1430
-1424
-1424
-1410
-1372
-1321
-1267
-1213
-1156
-1100
-1049
-1000
-946
-891
-834
-772
-701
-621
-539
-458
-380
-306
-232
-158
-87
-23
36
91
144
197
253
313
378
443
508
578
652
728
805
884
964
1040
1108
1170
1225
1272
1314
1354
1394
1432
1465
1496
1525
1554
1577
1592
1600
1609
1621
1632
1635
1631
1627
1626
1625
1626
1633
1642
1643
1635
1628
1624
1616
1597
1574
1556
1541
1518
1487
1451
1416
1378
1339
1302
1268
1234
1197
1156
1114
1071
1022
969
919
877
839
798
753
710
668
627
584
542
502
457
407
357
312
266
213
157
107
62
16
-35
-86
-135
-182
-231
-280
-326
-370
-415
-464
-513
-560
-603
-645
-688
-728
-762
-797
-837
-881
-920
-955
-991
-1029
-1064
-1094
-1123
-1154
-1186
-1216
-1244
-1272
-1299
-1326
-1353
-1381
-1411
-1441
-1474
-1504
-1530
-1555
-1583
-1609
-1626
-1635
-1641
-1643
-1633
-1610
-1583
-1557
-1534
-1515
-1507
-1509
-1512
-1508
-1501
-1497
-1495
-1491
-1487
-1484
-1478
-1463
-1440
-1411
-1375
-1330
-1275
-1217
-1160
-1107
-1054
-1001
-948
-888
-819
-742
-663
-585
-505
-423
-339
-262
-191
-123
-56
8
69
124
176
230
289
351
412
472
536
609
685
764
848
937
1020
1090
1154
1219
1279
1327
1365
1406
1452
1493
1528
1562
1595
1619
1629
1635
1649
1664
1673
1674
1673
1673
1674
1678
1682
1684
1683
1681
1680
1682
1679
1670
1657
1641
1624
1604
1581
1553
1519
1483
1446
1410
1371
1333
1297
1262
1225
1182
1133
1082
1030
977
927
881
839
796
753
713
673
630
586
543
502
458
409
355
301
250
197
142
86
33
-19
-70
-122
-171
-217
-263
-310
-357
-404
-450
-497
-547
-598
-647
-691
-732
-772
-811
-847
-880
-913
-950
-991
-1030
-1066
-1100
-1135
-1169
-1199
-1227
-1258
-1292
-1325
-1354
-1381
-1411
-1443
-1474
-1504
-1531
-1558
-1586
-1612
-1633
-1652
-1670
-1685
-1686
-1670
-1648
-1628
-1607
-1582
-1559
-1550
-1551
-1549
-1542
-1539
-1545
-1550
-1545
-1533
-1524
-1519
-1513
-1499
-1474
-1437
-1388
-1332
-1274
-1220
-1168
-1111
-1046
-977
-912
-851
-782
-703
-619
-536
-456
-377
-303
-231
-158
-83
-13
46
101
158
220
280
338
399
468
541
619
701
785
868
948
1029
1112
1192
1261
1316
1360
1404
1449
1492
1530
1565
1597
1626
1649
1671
1692
1706
1715
1722
1732
1739
1741
1740
1743
1749
1754
1756
1756
1756
1754
1750
1743
1731
1713
1693
1671
1646
1620
1590
1553
1510
1466
1428
1393
1356
1316
1276
1238
1196
1149
1098
1046
994
943
899
858
812
763
717
674
630
585
542
498
450
397
345
293
236
174
116
64
15
-38
-93
-146
-196
-243
-288
-332
-375
-417
-461
-508
-558
-607
-654
-701
-747
-788
-827
-869
-914
-956
-992
-1027
-1065
-1104
-1139
-1172
-1206
-1239
-1269
-1302
-1340
-1374
-1399
-1425
-1457
-1491
-1520
-1548
-1582
-1614
-1638
-1658
-1681
-1706
-1722
-1725
-1720
-1711
-1693
-1664
-1629
-1602
-1590
-1590
-1590
-1585
-1583
-1586
-1588
-1577
-1562
-1557
-1560
-1558
-1543
-1519
-1488
-1447
-1392
-1331
-1273
-1216
-1156
-1093
-1032
-974
-910
-836
-752
-664
-581
-503
-424
-339
-254
-177
-109
-43
24
92
157
218
278
341
407
477
550
625
703
784
867
953
1043
1133
1211
1275
1331
1385
1439
1489
1533
1573
1610
1643
1677
1710
1736
1754
1767
1779
1789
1795
1796
1796
1794
1790
1790
1795
1801
1802
1800
1798
1795
1785
1769
1754
1742
1729
1707
1676
1638
1597
1558
1520
1481
1438
1395
1356
1322
1287
1243
1191
1135
1081
1029
981
933
883
834
789
749
712
672
626
576
526
477
426
369
310
252
197
143
88
34
-19
-73
-129
-184
-233
-278
-326
-378
-429
-478
-526
-578
-630
-678
-723
-768
-816
-862
-904
-945
-987
-1029
-1069
-1107
-1145
-1182
-1218
-1252
-1287
-1321
-1352
-1381
-1410
-1444
-1480
-1516
-1549
-1581
-1613
-1644
-1673
-1703
-1736
-1766
-1786
-1795
-1795
-1787
-1768
-1738
-1708
-1690
-1681
-1672
-1662
-1659
-1664
-1664
-1653
-1642
-1641
-1645
-1642
-1631
-1622
-1608
-1577
-1527
-1471
-1417
-1357
-1292
-1231
-1178
-1126
-1063
-992
-922
-847
-763
-675
-591
-506
-413
-317
-232
-157
-84
-9
63
129
192
252
311
369
435
512
591
670
752
840
930
1021
1109
1191
1261
1320
1376
1432
1484
1532
1576
1617
1658
1696
1729
1754
1776
1796
1812
1820
1824
1828
1832
1831
1827
1825
1829
1831
1828
1827
1831
1828
1813
1796
1786
1778
1762
1737
1712
1685
1650
1608
1568
1530
1490
1448
1410
1380
1347
1304
1250
1193
1138
1086
1034
978
923
875
833
793
750
705
661
615
566
517
466
412
353
289
225
166
110
53
-5
-63
-115
-161
-206
-255
-307
-356
-404
-456
-510
-560
-609
-660
-713
-763
-808
-852
-897
-943
-988
-1034
-1078
-1120
-1157
-1194
-1233
-1269
-1302
-1334
-1369
-1404
-1436
-1468
-1503
-1541
-1577
-1607
-1635
-1667
-1703
-1740
-1769
-1793
-1814
-1829
-1831
-1823
-1812
-1799
-1780
-1754
-1732
-1723
-1724
-1723
-1718
-1713
-1712
-1710
-1707
-1707
-1710
-1706
-1690
-1664
-1637
-1605
-1559
-1496
-1428
-1366
-1310
-1252
-1190
-1129
-1063
-989
-908
-826
-744
-653
-555
-461
-378
-302
-221
-137
-56
20
94
164
228
291
357
429
502
577
656
741
830
921
1012
1101
1184
1261
1331
1396
1455
1508
1558
1605
1648
1688
1724
1754
1779
1801
1823
1842
1855
1862
1869
1877
1884
1884
1877
1869
1866
1867
1868
1868
1866
1860
1848
1831
1815
1800
1780
1750
1717
1684
1648
1606
1564
1526
1489
1450
1411
1375
1336
1288
1234
1178
1122
1063
1003
952
908
861
807
753
706
659
611
562
516
470
416
356
296
240
181
114
47
-14
-69
-121
-175
-227
-279
-331
-381
-427
-471
-522
-579
-638
-690
-737
-785
-836
-885
-930
-972
-1016
-1060
-1101
-1139
-1178
-1220
-1263
-1302
-1336
-1370
-1403
-1435
-1468
-1502
-1534
-1563
-1591
-1621
-1655
-1691
-1726
-1758
-1786
-1809
-1832
-1853
-1865
-1862
-1848
-1834
-1819
-1796
-1769
-1748
-1738
-1733
-1725
-1718
-1714
-1709
-1700
-1692
-1691
-1692
-1688
-1676
-1656
-1623
-1574
-1514
-1454
-1396
-1337
-1277
-1219
-1165
-1103
-1029
-948
-864
-775
-680
-585
-494
-406
-315
-224
-141
-65
8
83
156
226
293
358
423
494
572
650
725
800
887
986
1086
1178
1261
1339
1409
1466
1515
1564
1613
1659
1699
1737
1776
1807
1828
1846
1867
1887
1898
1900
1900
1900
1901
1898
1892
1885
1884
1891
1895
1890
1877
1862
1850
1839
1825
1808
1786
1755
1718
1681
1646
1608
1563
1519
1480
1442
1400
1350
1298
1244
1187
1129
1072
1016
960
902
845
793
744
698
653
606
556
502
446
389
332
272
208
146
90
38
-16
-77
-141
-204
-260
-309
-353
-396
-446
-502
-558
-610
-663
-722
-782
-834
-879
-921
-963
-1004
-1042
-1084
-1128
-1167
-1201
-1234
-1270
-1306
-1339
-1371
-1408
-1448
-1485
-1515
-1545
-1577
-1612
-1644
-1670
-1693
-1721
-1758
-1796
-1823
-1839
-1855
-1871
-1873
-1853
-1827
-1806
-1783
-1750
-1722
-1718
-1727
-1723
-1707
-1699
-1705
-1703
-1682
-1662
-1663
-1668
-1651
-1611
-1571
-1533
-1486
-1425
-1363
-1302
-1237
-1169
-1110
-1059
-1000
-923
-833
-745
-657
-568
-475
-381
-286
-193
-110
-37
34
105
173
240
310
380
447
511
578
650
725
806
900
1002
1097
1180
1259
1340
1414
1474
1526
1578
1627
1667
1703
1741
1779
1809
1832
1855
1878
1893
1903
1911
1915
1907
1896
1896
1903
1903
1893
1887
1893
1899
1892
1880
1872
1861
1837
1808
1786
1764
1729
1681
1636
1601
1566
1520
1469
1423
1382
1339
1292
1243
1190
1137
1082
1024
964
903
846
791
738
690
645
598
545
488
434
381
323
263
205
148
88
25
-34
-88
-144
-203
-258
-309
-360
-410
-457
-502
-552
-609
-663
-708
-751
-799
-850
-899
-949
-999
-1045
-1082
-1117
-1156
-1199
-1239
-1271
-1298
-1326
-1360
-1400
-1439
-1474
-1504
-1531
-1562
-1595
-1631
-1668
-1700
-1725
-1749
-1781
-1820
-1852
-1868
-1870
-1866
-1854
-1831
-1801
-1772
-1748
-1726
-1707
-1696
-1690
-1683
-1670
-1660
-1659
-1664
-1664
-1660
-1655
-1649
-1633
-1602
-1558
-1502
-1437
-1367
-1299
-1237
-1180
-1122
-1059
-988
-909
-826
-741
-652
-557
-460
-361
-265
-173
-89
-15
55
128
199
265
324
386
454
528
600
672
747
829
917
1009
1100
1186
1268
1347
1422
1490
1549
1596
1634
1669
1707
1748
1784
1812
1836
1863
1891
1910
1922
1928
1928
1920
1909
1901
1895
1889
1884
1886
1890
1888
1879
1868
1857
1841
1819
1793
1765
1732
1696
1661
1627
1588
1542
1496
1454
1414
1367
1320
1274
1229
1176
1119
1060
1003
944
884
828
775
722
671
624
577
528
475
420
363
302
237
173
112
53
-3
-54
-104
-158
-219
-280
-335
-386
-439
-493
-544
-593
-641
-689
-735
-780
-826
-870
-914
-956
-999
-1043
-1089
-1133
-1175
-1212
-1243
-1272
-1303
-1338
-1374
-1408
-1439
-1469
-1497
-1524
-1556
-1591
-1626
-1654
-1679
-1709
-1742
-1770
-1790
-1810
-1831
-1846
-1842
-1823
-1800
-1771
-1733
-1697
-1678
-1675
-1669
-1653
-1642
-1646
-1650
-1637
-1615
-1607
-1613
-1613
-1600
-1581
-1555
-1511
-1446
-1377
-1318
-1263
-1199
-1129
-1065
-1006
-943
-869
-787
-703
-617
-525
-425
-320
-217
-126
-48
28
105
181
251
320
388
451
508
571
645
721
785
847
925
1021
1119
1206
1288
1366
1434
1489
1540
1594
1645
1682
1714
1750
1789
1820
1842
1864
1890
1913
1927
1933
1932
1926
1913
1894
1880
1872
1869
1866
1863
1860
1857
1847
1828
1803
1780
1761
1739
1710
1676
1643
1610
1573
1530
1485
1440
1393
1344
1296
1250
1199
1142
1080
1017
954
893
836
780
721
659
604
557
511
458
404
355
307
247
179
116
62
8
-53
-114
-166
-215
-270
-329
-383
-435
-491
-549
-600
-641
-681
-731
-783
-831
-876
-920
-960
-995
-1033
-1078
-1126
-1169
-1205
-1236
-1264
-1288
-1312
-1342
-1376
-1411
-1446
-1482
-1517
-1544
-1564
-1586
-1611
-1637
-1665
-1697
-1732
-1762
-1783
-1796
-1800
-1791
-1772
-1747
-1719
-1685
-1645
-1612
-1596
-1596
-1602
-1611
-1617
-1609
-1587
-1561
-1550
-1555
-1565
-1567
-1556
-1530
-1489
-1433
-1366
-1290
-1210
-1137
-1081
-1038
-993
-935
-863
-783
-694
-601
-510
-423
-331
-226
-119
-31
38
102
172
242
302
351
402
461
525
588
651
719
792
871
960
1060
1159
1245
1312
1372
1432
1492
1548
1600
1652
1700
1739
1770
1796
1816
1830
1848
1876
1907
1926
1927
1916
1904
1890
1872
1857
1850
1848
1846
1842
1836
1826
1808
1787
1770
1757
1742
1720
1692
1657
1617
1572
1525
1476
1424
1369
1315
1264
1214
1160
1102
1042
981
921
864
808
746
675
600
533
481
439
396
343
285
231
181
131
77
19
-38
-95
-152
-208
-264
-325
-391
-457
-511
-554
-595
-643
-694
-740
-779
-815
-856
-901
-948
-995
-1042
-1087
-1128
-1161
-1190
-1216
-1241
-1263
-1283
-1304
-1327
-1350
-1375
-1399
-1423
-1447
-1472
-1505
-1545
-1584
-1613
-1633
-1652
-1673
-1689
-1697
-1699
-1691
-1669
-1633
-1593
-1556
-1517
-1475
-1440
-1428
-1443
-1466
-1479
-1479
-1475
-1475
-1483
-1488
-1484
-1469
-1451
-1440
-1433
-1420
-1389
-1338
-1271
-1197
-1126
-1065
-1009
-948
-877
-809
-748
-680
-588
-469
-343
-226
-123
-37
28
77
119
163
202
232
269
330
411
488
549
609
680
758
834
912
998
1086
1167
1246
1332
1424
1502
1559
1608
1657
1704
1742
1774
1805
1833
1854
1875
1903
1932
1944
1934
1915
1903
1895
1880
1856
1835
1826
1829
1837
1847
1854
1854
1845
1829
1802
1764
1718
1672
1631
1593
1555
1513
1464
1405
1340
1273
1205
1139
1076
1019
966
909
839
761
685
614
546
479
413
352
298
253
211
160
96
33
-17
-57
-101
-158
-221
-285
-349
-409
-463
-515
-577
-644
-695
-726
-754
-797
-849
-894
-934
-980
-1033
-1086
-1137
-1187
-1230
-1262
-1295
-1338
-1386
-1421
-1445
-1474
-1514
-1554
-1594
-1645
-1709
-1772
-1827
-1880
-1932
-1970
-1991
-2008
-2031
-2046
-2045
-2042
-2044
-2025
-1963
-1868
-1769
-1667
-1543
-1406
-1293
-1229
-1198
-1181
-1176
-1182
-1181
-1167
-1155
-1154
-1147
-1115
-1070
-1039
-1024
-995
-931
-841
-747
-659
-573
-486
-397
-306
-215
-129
-51
26
114
213
315
401
465
516
566
612
638
639
630
636
668
715
760
801
854
930
1024
1123
1217
1301
1374
1438
1496
1547
1582
1595
1600
1616
1638
1644
1626
1604
1597
1600
1599
1602
1620
1642
1643
1625
1608
1602
1599
1595
1603
1623
1639
1651
1669
1689
1684
1648
1603
1568
1526
1458
1370
1282
1198
1114
1045
998
951
885
815
767
730
677
610
547
490
421
338
263
204
140
66
4
-33
-69
-124
-187
-240
-287
-339
-396
-448
-501
-562
-623
-672
-715
-759
-795
-808
-804
-801
-810
-827
-852
-883
-911
-934
-961
-999
-1043
-1079
-1111
-1149
-1188
-1219
-1236
-1249
-1260
-1266
-1275
-1302
-1345
-1387
-1420
-1451
-1490
-1539
-1596
-1652
-1699
-1737
-1778
-1827
-1871
-1891
-1895
-1902
-1923
-1949
-1969
-1983
-1986
-1960
-1892
-1769
-1584
-1332
-1042
-757
-515
-330
-209
-161
-192
-280
-378
-436
-432
-374
-291
-209
-132
-57
9
59
100
154
226
317
424
536
623
659
658
660
686
724
764
825
917
1020
1100
1148
1161
1122
1023
888
764
674
617
595
622
700
807
914
1011
1096
1167
1225
1276
1325
1369
1396
1394
1352
1277
1190
1111
1051
1020
1021
1055
1108
1166
1219
1260
1282
1284
1275
1269
1267
1262
1254
1256
1278
1315
1353
1371
1355
1313
1257
1191
1107
1010
927
869
826
775
710
641
570
501
454
445
456
453
420
368
300
203
75
-65
-197
-314
-414
-485
-530
-569
-616
-653
-660
-645
-643
-676
-732
-784
-815
-832
-853
-877
-887
-875
-858
-858
-874
-892
-903
-902
-891
-878
-884
-923
-975
-1009
-1024
-1042
-1065
-1068
-1040
-1003
-979
-973
-983
-1013
-1057
-1096
-1131
-1187
-1281
-1388
-1473
-1534
-1592
-1653
-1713
-1770
-1819
-1847
-1853
-1854
-1861
-1865
-1860
-1857
-1857
-1829
-1734
-1562
-1319
-1003
-629
-263
16
180
233
180
42
-110
-204
-226
-212
-165
-56
103
244
331
402
500
608
700
797
917
1023
1074
1082
1080
1056
980
880
829
851
910
976
1054
1135
1166
1111
985
827
663
527
466
499
589
683
764
849
938
1001
1026
1035
1053
1081
1097
1075
1005
901
798
731
706
709
731
782
871
986
1097
1183
1247
1293
1317
1307
1260
1194
1135
1105
1117
1163
1219
1255
1257
1228
1173
1090
983
876
799
761
744
723
683
632
587
562
550
530
487
422
343
252
136
-10
-174
-332
-464
-568
-656
-739
-806
-829
-804
-759
-732
-728
-740
-766
-813
-872
-926
-963
-989
-1003
-1001
-992
-994
-1006
-1006
-973
-915
-853
-804
-781
-789
-822
-864
-901
-929
-944
-943
-927
-904
-885
-878
-889
-917
-949
-978
-1022
-1096
-1186
-1267
-1341
-1429
-1521
-1583
-1609
-1639
-1692
-1740
-1751
-1745
-1753
-1767
-1773
-1797
-1863
-1930
-1915
-1777
-1538
-1219
-821
-371
49
363
545
595
509
316
114
-4
-36
-49
-60
-17
122
316
494
637
776
930
1085
1225
1339
1399
1374
1280
1176
1091
999
887
804
811
904
1019
1107
1151
1132
1026
858
693
571
480
427
453
563
692
777
823
867
909
926
927
935
931
883
804
733
659
554
464
468
569
680
762
862
1018
1176
1270
1310
1339
1348
1311
1251
1207
1165
1093
1027
1031
1093
1132
1105
1057
1032
1011
960
886
818
757
697
649
623
597
548
487
440
409
369
287
152
-16
-182
-327
-461
-600
-731
-822
-861
-872
-875
-860
-827
-796
-780
-772
-778
-817
-891
-967
-1019
-1052
-1080
-1092
-1074
-1042
-1020
-1002
-975
-942
-911
-869
-812
-771
-772
-791
-792
-786
-808
-848
-864
-845
-828
-833
-843
-856
-908
-1003
-1094
-1154
-1222
-1325
-1420
-1451
-1445
-1471
-1530
-1561
-1548
-1547
-1592
-1638
-1644
-1644
-1693
-1787
-1875
-1933
-1958
-1905
-1709
-1355
-905
-424
51
467
741
813
707
500
263
52
-79
-87
10
156
312
476
643
789
899
988
1089
1220
1372
1499
1551
1504
1385
1231
1057
871
721
672
737
860
987
1086
1124
1063
907
713
542
419
364
403
522
649
724
758
783
787
750
705
699
721
719
681
630
573
499
431
421
482
581
700
860
1052
1217
1320
1383
1426
1422
1353
1259
1185
1130
1073
1022
1003
1005
993
959
929
916
910
905
902
886
837
761
677
595
515
437
370
319
276
224
138
-1
-173
-327
-436
-521
-610
-683
-712
-713
-724
-748
-764
-770
-786
-805
-805
-804
-840
-914
-975
-998
-1017
-1055
-1076
-1043
-977
-915
-851
-774
-706
-677
-670
-652
-631
-646
-689
-714
-703
-686
-684
-688
-698
-734
-794
-843
-870
-907
-976
-1047
-1082
-1091
-1112
-1160
-1218
-1273
-1328
-1379
-1431
-1495
-1570
-1632
-1667
-1690
-1726
-1777
-1842
-1932
-2049
-2144
-2139
-1988
-1686
-1242
-681
-85
442
827
1040
1050
845
497
152
-77
-185
-212
-159
-1
240
500
746
981
1199
1375
1512
1641
1764
1820
1749
1570
1362
1177
1008
846
729
704
766
869
971
1042
1039
925
731
555
468
451
456
486
576
695
762
739
664
593
542
511
517
555
583
549
457
353
281
269
336
482
681
900
1113
1293
1402
1421
1369
1285
1198
1115
1044
990
954
942
962
1010
1063
1099
1118
1121
1090
1013
919
851
811
754
649
521
424
382
362
318
245
172
114
43
-75
-237
-406
-545
-636
-675
-673
-671
-708
-770
-808
-802
-790
-803
-828
-842
-852
-884
-942
-1007
-1058
-1081
-1058
-989
-898
-814
-737
-660
-594
-555
-530
-508
-501
-525
-564
-588
-605
-639
-684
-701
-683
-667
-683
-707
-715
-726
-765
-815
-842
-865
-934
-1038
-1108
-1125
-1161
-1275
-1412
-1483
-1507
-1574
-1692
-1762
-1744
-1721
-1760
-1803
-1797
-1808
-1914
-2044
-2038
-1835
-1497
-1056
-485
161
711
1050
1201
1191
968
546
111
-133
-171
-123
-42
128
417
753
1059
1315
1529
1694
1809
1877
1866
1747
1553
1349
1158
965
794
696
679
696
720
768
836
872
833
742
626
489
358
300
340
420
475
508
546
562
515
427
370
370
376
351
317
301
291
273
278
359
531
752
965
1131
1243
1309
1331
1307
1252
1201
1182
1175
1136
1064
1010
1011
1042
1060
1061
1070
1080
1060
1001
925
840
741
654
616
604
549
426
298
228
188
115
12
-73
-138
-227
-348
-457
-536
-605
-667
-695
-690
-692
-722
-754
-771
-796
-837
-863
-857
-856
-885
-912
-909
-894
-885
-848
-769
-691
-654
-630
-575
-516
-509
-536
-529
-485
-470
-498
-516
-507
-518
-566
-595
-570
-546
-579
-640
-668
-678
-733
-824
-875
-864
-854
-898
-974
-1044
-1123
-1239
-1375
-1490
-1574
-1647
-1714
-1754
-1765
-1775
-1799
-1826
-1843
-1867
-1917
-1985
-2033
-2012
-1862
-1529
-1003
-355
298
849
1241
1436
1401
1135
709
270
-36
-146
-94
63
302
625
999
1359
1648
1855
1986
2035
1997
1888
1727
1521
1279
1027
801
620
494
434
448
525
639
761
864
906
846
686
483
310
208
177
197
250
320
375
374
308
223
173
164
171
189
231
289
328
349
397
504
644
793
963
1154
1305
1355
1326
1282
1248
1210
1172
1147
1131
1109
1093
1104
1127
1121
1077
1029
1001
978
937
866
762
647
562
519
465
362
244
167
117
45
-41
-101
-139
-214
-336
-444
-494
-518
-552
-585
-607
-638
-689
-735
-769
-813
-869
-892
-850
-773
-718
-714
-742
-763
-754
-716
-669
-625
-569
-488
-414
-389
-392
-372
-339
-341
-368
-367
-345
-362
-421
-455
-441
-446
-511
-569
-553
-515
-543
-626
-687
-709
-735
-775
-804
-831
-883
-955
-1014
-1071
-1170
-1328
-1507
-1664
-1788
-1859
-1852
-1787
-1732
-1725
-1734
-1725
-1736
-1840
-2051
-2267
-2328
-2137
-1718
-1157
-510
194
890
1454
1756
1738
1435
971
504
153
-42
-92
0
244
593
960
1298
1621
1911
2095
2145
2122
2078
1970
1736
1407
1078
808
591
418
311
284
329
432
563
662
673
609
516
410
291
190
155
184
230
248
218
136
23
-73
-107
-86
-40
39
171
322
423
466
509
582
672
781
936
1123
1269
1320
1300
1253
1182
1076
966
903
904
960
1063
1184
1270
1292
1276
1240
1160
1017
862
759
703
634
533
439
374
298
186
60
-42
-110
-141
-141
-139
-185
-282
-381
-446
-506
-590
-663
-674
-646
-643
-683
-733
-774
-818
-867
-888
-864
-812
-761
-714
-669
-626
-582
-532
-485
-460
-441
-403
-354
-328
-323
-306
-274
-268
-307
-355
-378
-389
-417
-445
-447
-430
-427
-445
-471
-501
-529
-548
-573
-630
-704
-752
-772
-814
-901
-982
-1018
-1049
-1138
-1268
-1375
-1455
-1551
-1655
-1717
-1731
-1742
-1766
-1774
-1766
-1790
-1871
-1976
-2069
-2146
-2162
-2002
-1576
-947
-268
376
991
1530
1835
1776
1423
999
660
392
147
-6
47
291
610
952
1341
1742
2044
2202
2285
2318
2202
1882
1484
1166
909
610
317
174
185
223
254
365
556
667
600
460
384
346
245
107
48
92
154
177
160
99
-5
-100
-125
-90
-56
-35
30
166
322
438
527
644
804
984
1148
1275
1352
1374
1340
1251
1126
1009
937
912
917
942
990
1057
1126
1175
1189
1169
1118
1045
945
809
649
500
393
321
256
191
139
88
0
-127
-241
-294
-309
-341
-396
-436
-446
-465
-515
-559
-562
-553
-582
-633
-661
-679
-742
-838
-888
-851
-780
-734
-696
-628
-551
-503
-469
-408
-332
-282
-259
-235
-208
-206
-237
-278
-304
-313
-318
-330
-348
-365
-378
-394
-427
-463
-464
-430
-404
-410
-417
-427
-493
-617
-724
-779
-844
-959
-1047
-1035
-988
-1027
-1145
-1233
-1272
-1350
-1484
-1587
-1632
-1689
-1774
-1805
-1763
-1752
-1844
-1982
-2089
-2174
-2245
-2206
-1950
-1497
-923
-236
555
1280
1713
1799
1673
1438
1075
582
108
-157
-160
17
299
677
1132
1587
1973
2268
2457
2491
2348
2085
1787
1466
1082
664
334
167
102
64
93
249
468
614
658
672
665
554
330
124
37
11
-44
-97
-70
-7
-20
-121
-216
-250
-242
-200
-95
60
205
323
463
638
786
865
928
1045
1186
1259
1226
1119
994
883
804
763
760
800
898
1045
1194
1291
1320
1295
1227
1118
980
837
697
556
420
307
230
182
142
84
8
-64
-108
-132
-174
-244
-307
-331
-334
-358
-402
-431
-437
-456
-517
-598
-667
-722
-783
-845
-881
-871
-814
-715
-598
-497
-429
-371
-293
-215
-181
-205
-243
-254
-248
-255
-277
-292
-289
-277
-263
-255
-257
-274
-298
-316
-317
-306
-300
-316
-354
-387
-398
-406
-441
-487
-501
-489
-516
-615
-728
-789
-821
-891
-1010
-1123
-1186
-1220
-1284
-1406
-1556
-1673
-1723
-1734
-1758
-1801
-1806
-1749
-1693
-1705
-1784
-1899
-2037
-2142
-2088
-1777
-1244
-582
163
949
1629
2006
2018
1757
1313
742
197
-110
-127
-1
168
467
968
1523
1903
2077
2186
2291
2296
2126
1837
1501
1133
762
465
270
125
6
-15
120
347
541
656
723
746
666
464
209
-16
-174
-262
-278
-235
-180
-154
-161
-186
-217
-233
-185
-49
135
307
462
619
747
789
771
799
905
1000
1011
983
988
1010
997
952
933
965
1037
1136
1233
1271
1225
1158
1128
1085
947
752
614
555
495
398
320
301
310
307
279
212
90
-56
-160
-219
-291
-392
-451
-438
-420
-443
-470
-460
-452
-491
-548
-573
-578
-620
-702
-764
-757
-697
-629
-568
-506
-436
-364
-303
-259
-227
-206
-206
-220
-212
-170
-137
-152
-179
-164
-123
-112
-148
-193
-219
-239
-274
-311
-322
-298
-258
-226
-219
-235
-259
-288
-340
-416
-492
-568
-665
-753
-774
-764
-826
-950
-1001
-933
-883
-967
-1105
-1172
-1212
-1345
-1526
-1617
-1643
-1745
-1890
-1912
-1824
-1829
-1986
-2125
-2139
-2115
-2090
-1887
-1361
-639
74
759
1454
1983
2095
1793
1305
784
266
-155
-320
-206
56
391
835
1357
1785
2015
2141
2263
2300
2133
1808
1464
1140
790
441
211
152
193
246
300
375
450
494
500
465
380
256
134
31
-70
-181
-262
-267
-201
-109
-32
12
13
-27
-81
-121
-134
-105
-16
128
292
453
607
739
826
878
942
1033
1093
1067
990
938
925
920
928
983
1072
1154
1208
1230
1188
1067
921
833
804
764
684
606
547
464
351
275
260
242
177
106
65
8
-114
-263
-359
-382
-372
-351
-317
-299
-335
-401
-446
-470
-516
-583
-620
-610
-587
-583
-591
-587
-566
-524
-453
-362
-291
-258
-236
-192
-143
-129
-150
-162
-131
-76
-48
-71
-127
-175
-204
-224
-245
-265
-275
-274
-261
-247
-252
-276
-294
-280
-243
-218
-227
-265
-323
-399
-483
-557
-629
-713
-786
-819
-834
-883
-955
-985
-971
-991
-1082
-1173
-1218
-1301
-1494
-1691
-1748
-1725
-1794
-1953
-2035
-2007
-2034
-2193
-2312
-2216
-1945
-1579
-1035
-256
561
1160
1546
1835
1917
1579
909
291
-55
-245
-384
-325
50
572
1023
1422
1844
2169
2259
2193
2129
2033
1778
1401
1071
823
566
318
204
214
202
164
250
461
600
573
501
468
383
176
-44
-154
-201
-270
-305
-232
-158
-223
-363
-413
-375
-365
-372
-273
-55
150
278
413
599
745
791
822
916
1000
978
890
839
830
807
779
807
898
1003
1105
1223
1331
1368
1336
1286
1217
1074
864
676
558
473
392
358
400
464
478
445
406
349
243
119
31
-27
-102
-188
-245
-275
-322
-395
-446
-451
-450
-490
-553
-585
-579
-573
-589
-595
-555
-478
-416
-396
-388
-356
-313
-294
-288
-260
-217
-199
-212
-220
-200
-170
-146
-128
-117
-123
-144
-163
-188
-236
-289
-295
-254
-221
-215
-205
-193
-210
-237
-229
-215
-266
-356
-393
-380
-427
-562
-660
-638
-598
-655
-742
-752
-743
-829
-968
-1040
-1060
-1136
-1276
-1388
-1451
-1538
-1677
-1802
-1871
-1928
-2004
-2073
-2141
-2261
-2413
-2462
-2292
-1895
-1310
-588
196
942
1542
1872
1829
1432
857
306
-133
-451
-595
-488
-164
253
714
1242
1779
2171
2366
2450
2454
2292
1925
1472
1062
714
414
225
195
230
210
182
278
478
624
655
663
708
696
537
287
64
-102
-251
-366
-394
-361
-362
-427
-487
-479
-414
-318
-172
30
234
384
482
553
588
582
581
630
706
750
744
717
690
666
664
724
843
984
1125
1263
1363
1380
1327
1255
1177
1073
948
845
775
700
609
538
517
514
496
476
475
470
434
379
321
242
134
31
-35
-81
-141
-209
-254
-275
-306
-359
-407
-431
-447
-467
-475
-460
-442
-444
-467
-484
-472
-431
-389
-369
-369
-368
-353
-340
-344
-353
-340
-293
-232
-184
-164
-170
-199
-234
-249
-239
-233
-253
-273
-258
-224
-221
-251
-258
-216
-179
-192
-223
-226
-230
-299
-409
-470
-467
-476
-541
-605
-607
-571
-558
-591
-654
-735
-828
-912
-998
-1125
-1291
-1429
-1502
-1567
-1690
-1831
-1909
-1928
-1961
-2021
-2057
-2073
-2138
-2244
-2260
-2081
-1737
-1282
-697
9
682
1133
1318
1306
1099
662
117
-275
-405
-399
-355
-166
272
832
1298
1658
2034
2389
2533
2419
2198
1945
1573
1077
650
432
335
242
212
344
552
676
731
846
991
997
833
645
510
344
102
-113
-209
-237
-286
-339
-349
-354
-411
-466
-419
-281
-141
-25
117
281
382
389
374
407
464
494
512
560
618
631
591
544
534
579
686
845
1007
1129
1221
1304
1333
1258
1126
1041
1016
975
892
819
779
720
616
531
514
516
490
481
529
562
499
388
316
258
147
21
-37
-49
-111
-233
-314
-318
-329
-402
-466
-445
-385
-367
-380
-368
-336
-331
-352
-352
-317
-294
-318
-363
-382
-380
-398
-430
-423
-367
-311
-277
-229
-156
-119
-162
-232
-250
-233
-251
-297
-302
-268
-269
-305
-295
-233
-209
-241
-234
-157
-107
-152
-226
-259
-292
-373
-437
-415
-378
-427
-515
-529
-506
-569
-722
-859
-946
-1043
-1173
-1288
-1370
-1459
-1570
-1654
-1692
-1730
-1792
-1846
-1880
-1925
-1985
-2047
-2142
-2289
-2398
-2354
-2145
-1802
-1284
-560
234
869
1253
1434
1384
981
295
-349
-714
-863
-887
-669
-106
632
1281
1784
2228
2577
2683
2534
2274
1981
1599
1136
739
502
370
292
320
482
692
862
1002
1139
1223
1175
1010
810
607
377
127
-77
-192
-232
-232
-225
-249
-328
-420
-451
-401
-319
-236
-113
76
272
387
398
346
278
229
220
258
323
396
472
547
605
650
705
756
764
764
857
1043
1178
1185
1169
1217
1243
1150
1003
906
829
704
606
652
764
757
654
648
752
775
656
555
550
525
415
302
237
148
-3
-128
-159
-165
-217
-269
-264
-254
-295
-333
-319
-312
-353
-372
-329
-293
-320
-363
-381
-399
-443
-481
-486
-481
-485
-466
-403
-345
-337
-341
-312
-282
-306
-362
-397
-405
-409
-406
-390
-368
-339
-300
-270
-267
-273
-261
-236
-218
-206
-184
-157
-154
-182
-220
-247
-276
-312
-342
-364
-390
-426
-465
-510
-569
-637
-706
-795
-912
-1040
-1158
-1270
-1380
-1468
-1517
-1546
-1579
-1611
-1637
-1687
-1789
-1906
-1981
-2035
-2148
-2316
-2416
-2348
-2149
-1879
-1475
-852
-111
517
921
1143
1174
910
375
-179
-525
-683
-746
-626
-194
424
976
1420
1870
2278
2451
2379
2241
2094
1800
1332
897
660
527
368
264
339
516
656
781
967
1147
1206
1156
1064
905
629
294
22
-148
-257
-314
-292
-234
-240
-322
-397
-415
-399
-345
-214
-15
186
336
422
431
359
245
162
153
192
233
269
332
429
524
594
667
779
918
1045
1148
1233
1286
1276
1208
1131
1070
1006
924
857
833
839
865
927
997
1013
967
918
880
797
652
515
439
397
345
288
239
167
55
-52
-114
-169
-257
-332
-336
-311
-329
-372
-381
-359
-354
-369
-368
-351
-355
-400
-463
-509
-528
-534
-536
-524
-475
-383
-293
-264
-291
-305
-277
-270
-332
-414
-447
-439
-443
-459
-442
-379
-303
-241
-180
-113
-74
-99
-162
-201
-195
-192
-228
-275
-286
-271
-270
-284
-278
-251
-239
-248
-244
-231
-285
-431
-589
-689
-762
-860
-974
-1075
-1157
-1210
-1223
-1226
-1277
-1370
-1439
-1470
-1533
-1656
-1750
-1760
-1780
-1888
-2003
-2045
-2105
-2272
-2392
-2213
-1707
-1054
-362
383
1092
1522
1517
1173
650
10
-654
-1111
-1172
-887
-425
125
748
1378
1898
2239
2406
2414
2268
1996
1652
1277
906
594
388
285
269
347
500
655
763
871
1041
1236
1343
1304
1156
940
643
271
-88
-322
-410
-414
-386
-333
-276
-271
-326
-362
-295
-125
95
325
535
655
609
411
173
-16
-145
-211
-172
-20
179
356
506
645
774
898
1032
1170
1280
1339
1340
1268
1112
928
807
771
748
703
713
834
983
1053
1061
1093
1145
1139
1047
923
811
695
552
413
326
287
251
192
126
72
20
-39
-92
-114
-106
-96
-109
-138
-182
-265
-387
-497
-549
-565
-583
-590
-544
-461
-410
-421
-452
-443
-388
-337
-335
-363
-380
-393
-447
-541
-606
-600
-557
-516
-453
-333
-202
-151
-182
-210
-200
-201
-234
-262
-272
-294
-317
-292
-225
-172
-148
-120
-74
-42
-49
-87
-142
-211
-277
-308
-309
-329
-391
-459
-505
-539
-572
-603
-655
-755
-892
-1030
-1149
-1241
-1299
-1331
-1349
-1331
-1275
-1252
-1335
-1490
-1618
-1696
-1781
-1888
-1969
-2014
-2071
-2127
-2050
-1755
-1305
-777
-163
495
1005
1205
1108
794
298
-299
-795
-1013
-943
-679
-265
297
930
1492
1893
2151
2297
2309
2168
1913
1594
1246
898
592
376
279
294
381
523
724
954
1147
1288
1400
1445
1333
1076
791
525
212
-143
-399
-456
-399
-373
-380
-333
-234
-164
-128
-41
112
257
350
402
396
302
138
-49
-222
-331
-320
-199
-44
99
244
411
584
736
869
990
1097
1188
1265
1296
1224
1048
849
694
581
507
512
619
785
963
1136
1278
1351
1334
1229
1056
861
698
573
450
327
239
191
150
99
58
33
13
0
14
37
13
-67
-157
-251
-393
-552
-623
-601
-597
-631
-600
-484
-401
-399
-393
-343
-321
-355
-367
-317
-292
-357
-435
-441
-425
-470
-528
-516
-471
-455
-426
-329
-215
-150
-115
-75
-53
-73
-108
-133
-156
-183
-191
-165
-133
-127
-138
-132
-103
-72
-51
-31
-12
1
-14
-92
-226
-342
-387
-405
-450
-493
-487
-470
-497
-562
-638
-731
-847
-945
-993
-1016
-1052
-1107
-1174
-1260
-1371
-1469
-1522
-1557
-1616
-1679
-1689
-1653
-1648
-1733
-1892
-2035
-2051
-1886
-1572
-1149
-608
20
585
937
1042
916
558
31
-472
-763
-803
-645
-321
150
679
1158
1565
1911
2114
2092
1934
1794
1656
1389
1023
723
556
460
420
485
631
764
855
965
1114
1226
1244
1196
1099
901
593
263
-18
-259
-454
-525
-438
-277
-156
-106
-91
-87
-91
-90
-56
26
122
169
140
51
-73
-209
-311
-323
-233
-85
76
237
386
486
521
538
605
739
894
1031
1134
1173
1123
1002
856
718
622
609
684
804
943
1098
1226
1256
1195
1118
1058
975
845
709
596
480
349
250
218
203
170
167
221
246
165
38
-45
-104
-201
-313
-369
-377
-413
-505
-597
-637
-630
-600
-539
-435
-319
-242
-228
-268
-341
-418
-473
-493
-485
-464
-435
-395
-358
-351
-380
-388
-314
-189
-108
-89
-67
-28
-37
-109
-169
-172
-165
-184
-191
-151
-107
-103
-100
-51
11
36
55
100
107
27
-71
-110
-133
-205
-285
-311
-316
-359
-424
-464
-489
-535
-578
-579
-578
-633
-698
-716
-754
-896
-1066
-1143
-1166
-1252
-1375
-1423
-1412
-1457
-1559
-1591
-1530
-1497
-1544
-1562
-1510
-1521
-1682
-1881
-1988
-2007
-1928
-1627
-1047
-338
304
812
1174
1288
1048
545
3
-439
-746
-839
-643
-242
198
623
1071
1507
1822
1984
2057
2066
1955
1700
1374
1047
730
448
279
268
361
494
652
819
960
1071
1165
1211
1158
1002
779
508
194
-120
-354
-462
-463
-403
-312
-234
-206
-213
-200
-150
-74
45
225
400
459
375
214
33
-150
-295
-331
-238
-79
75
211
338
439
517
615
760
927
1086
1227
1303
1250
1078
883
737
630
544
523
610
768
918
1035
1135
1207
1219
1181
1120
1022
867
684
524
389
262
166
140
164
176
173
207
274
293
232
158
114
47
-90
-259
-393
-489
-568
-621
-617
-563
-495
-430
-359
-302
-289
-320
-356
-376
-386
-392
-392
-382
-365
-349
-361
-409
-456
-468
-451
-415
-338
-228
-138
-106
-96
-67
-39
-57
-102
-113
-85
-71
-90
-114
-143
-195
-222
-160
-49
19
36
49
55
16
-51
-107
-162
-234
-287
-280
-259
-306
-420
-515
-558
-586
-606
-590
-569
-600
-649
-654
-655
-720
-824
-908
-991
-1092
-1155
-1154
-1174
-1274
-1370
-1359
-1314
-1372
-1493
-1514
-1433
-1396
-1418
-1395
-1360
-1472
-1707
-1846
-1775
-1565
-1238
-707
9
702
1170
1379
1336
993
393
-223
-620
-777
-760
-549
-117
414
890
1272
1595
1831
1922
1882
1769
1588
1298
925
575
320
162
110
192
376
570
727
875
1028
1131
1136
1061
949
788
547
254
-15
-212
-326
-346
-269
-139
-22
38
45
20
-7
0
61
166
279
371
410
357
211
36
-86
-130
-97
20
198
354
442
490
528
540
535
579
715
888
1013
1066
1066
998
853
700
621
594
561
562
656
794
880
918
961
996
980
935
905
853
714
511
336
228
152
91
78
108
135
153
185
196
133
29
-39
-71
-118
-191
-269
-351
-433
-481
-467
-413
-356
-302
-248
-217
-226
-255
-276
-304
-349
-362
-312
-258
-263
-290
-291
-294
-338
-378
-359
-310
-275
-240
-178
-115
-91
-79
-30
35
50
19
4
8
-31
-124
-209
-241
-236
-205
-140
-45
44
93
95
63
16
-41
-127
-251
-375
-435
-418
-393
-414
-443
-421
-386
-417
-502
-557
-567
-603
-687
-746
-740
-739
-807
-887
-899
-884
-926
-1003
-1036
-1028
-1044
-1103
-1168
-1239
-1344
-1459
-1520
-1528
-1535
-1530
-1446
-1322
-1287
-1371
-1473
-1529
-1538
-1433
-1096
-547
34
513
894
1156
1153
791
212
-341
-752
-991
-976
-648
-123
410
886
1333
1714
1918
1899
1733
1528
1324
1089
789
453
167
3
-29
44
219
498
813
1056
1212
1359
1487
1460
1218
883
595
343
60
-205
-339
-311
-195
-57
95
247
342
356
327
309
317
345
381
397
366
290
182
45
-110
-226
-237
-134
24
179
319
448
539
567
569
624
756
902
993
1014
971
842
632
413
274
233
263
365
562
811
1004
1086
1101
1097
1044
912
747
618
512
378
231
147
145
161
147
149
223
331
378
334
264
220
172
76
-44
-135
-196
-266
-351
-406
-406
-370
-329
-283
-225
-173
-157
-182
-230
-279
-307
-309
-309
-330
-367
-397
-416
-441
-472
-485
-457
-395
-313
-221
-128
-47
6
28
22
-13
-72
-129
-158
-161
-161
-161
-137
-87
-45
-35
-29
11
58
57
15
-2
26
27
-47
-141
-186
-208
-271
-351
-376
-333
-276
-247
-247
-268
-306
-361
-426
-493
-547
-565
-568
-617
-733
-850
-908
-941
-995
-1019
-946
-826
-764
-775
-803
-846
-959
-1146
-1336
-1465
-1537
-1585
-1609
-1597
-1557
-1505
-1452
-1421
-1430
-1457
-1460
-1408
-1264
-980
-562
-85
374
770
1022
1010
688
162
-402
-868
-1137
-1110
-760
-196
409
959
1434
1772
1891
1804
1624
1435
1237
1009
759
511
285
122
66
138
323
586
888
1182
1416
1556
1589
1506
1304
1019
718
445
198
-29
-204
-268
-209
-77
56
168
276
373
418
404
391
421
454
430
343
222
61
-154
-372
-494
-465
-319
-117
103
303
436
487
489
481
482
519
611
724
789
762
657
511
345
198
127
177
341
562
785
970
1090
1135
1107
1018
892
764
658
558
445
328
234
163
111
105
172
288
390
443
460
445
385
295
209
128
15
-114
-194
-223
-276
-370
-419
-363
-262
-192
-135
-49
12
-38
-161
-244
-279
-355
-475
-541
-519
-492
-506
-508
-455
-386
-340
-280
-181
-98
-90
-119
-123
-118
-139
-158
-133
-93
-95
-127
-146
-144
-138
-116
-54
36
111
151
167
154
93
-9
-114
-195
-247
-269
-267
-258
-245
-217
-179
-156
-151
-157
-186
-252
-327
-368
-385
-417
-463
-473
-445
-441
-502
-589
-658
-723
-804
-865
-869
-848
-839
-832
-815
-816
-859
-930
-1005
-1070
-1117
-1152
-1204
-1287
-1368
-1402
-1398
-1408
-1428
-1398
-1311
-1244
-1238
-1253
-1273
-1325
-1357
-1223
-857
-362
131
580
948
1123
1000
612
90
-449
-887
-1055
-855
-386
165
712
1234
1647
1852
1871
1797
1660
1441
1189
999
854
646
369
174
170
309
509
778
1111
1414
1601
1690
1710
1617
1366
1016
675
379
101
-134
-257
-254
-167
-18
187
383
483
485
468
470
457
405
343
286
183
-3
-222
-403
-524
-587
-549
-372
-109
134
291
369
390
366
324
313
359
436
500
526
492
387
233
94
28
67
210
429
667
860
971
1005
981
916
829
741
658
577
507
454
405
340
283
277
326
386
438
490
532
528
478
427
397
338
217
84
-5
-75
-170
-258
-272
-215
-143
-60
55
164
172
64
-71
-161
-241
-352
-449
-473
-450
-450
-480
-492
-466
-429
-392
-334
-243
-159
-127
-145
-174
-195
-218
-253
-287
-295
-268
-218
-170
-137
-118
-100
-72
-31
4
11
-3
-12
-17
-49
-109
-155
-168
-179
-208
-219
-185
-152
-177
-230
-230
-176
-151
-193
-240
-248
-249
-274
-291
-264
-223
-219
-254
-297
-338
-393
-457
-505
-532
-548
-551
-546
-559
-599
-639
-663
-695
-743
-773
-764
-758
-800
-861
-888
-894
-943
-1043
-1133
-1184
-1233
-1296
-1326
-1296
-1252
-1239
-1225
-1163
-1093
-1102
-1195
-1271
-1230
-1052
-750
-331
160
602
859
875
665
261
-274
-794
-1111
-1111
-804
-273
374
1002
1479
1740
1806
1712
1476
1156
873
706
609
508
410
365
365
378
447
650
974
1302
1550
1723
1823
1780
1546
1189
821
486
186
-44
-144
-97
61
272
490
675
790
812
745
619
479
357
257
158
51
-56
-170
-305
-436
-496
-442
-293
-88
141
358
508
551
484
338
158
-4
-106
-128
-80
5
90
141
147
143
175
250
350
473
620
741
768
703
599
487
368
273
248
294
356
401
456
527
570
566
561
582
587
545
495
466
425
347
278
258
251
210
155
134
130
96
45
36
77
119
154
205
247
212
96
-38
-141
-219
-278
-300
-280
-251
-246
-254
-254
-247
-247
-247
-237
-223
-217
-223
-247
-285
-319
-331
-333
-339
-334
-302
-260
-237
-228
-208
-179
-167
-177
-181
-164
-148
-156
-180
-205
-233
-264
-281
-270
-239
-203
-175
-156
-146
-140
-142
-156
-179
-198
-215
-238
-271
-296
-304
-304
-308
-303
-284
-280
-315
-360
-377
-380
-420
-498
-565
-594
-613
-645
-667
-657
-641
-656
-693
-720
-737
-780
-853
-916
-946
-966
-1003
-1044
-1065
-1071
-1086
-1118
-1154
-1195
-1248
-1294
-1295
-1262
-1259
-1312
-1352
-1308
-1186
-1000
-703
-257
249
647
853
885
735
352
-207
-717
-981
-984
-785
-378
226
876
1377
1667
1795
1786
1616
1339
1079
894
732
569
453
406
382
380
483
733
1055
1353
1605
1805
1894
1803
1555
1228
866
486
150
-61
-122
-69
65
254
453
611
710
744
703
595
474
388
320
219
78
-60
-185
-320
-453
-522
-496
-398
-246
-41
185
356
424
401
320
196
52
-54
-89
-83
-65
-18
71
151
170
159
194
290
397
487
582
680
730
700
621
540
470
411
386
409
461
517
560
575
553
514
497
515
535
534
537
558
556
491
385
285
206
139
93
81
92
107
130
168
203
216
216
206
149
28
-105
-197
-279
-401
-516
-531
-446
-359
-316
-273
-201
-153
-180
-251
-307
-346
-401
-461
-488
-481
-469
-461
-446
-415
-367
-309
-268
-269
-294
-302
-282
-262
-259
-257
-238
-213
-202
-202
-209
-233
-267
-277
-247
-199
-146
-80
-20
-3
-33
-75
-113
-162
-226
-267
-263
-227
-186
-143
-103
-89
-108
-133
-150
-178
-215
-233
-238
-274
-329
-346
-317
-307
-345
-392
-414
-435
-471
-499
-511
-542
-598
-626
-609
-614
-668
-701
-690
-720
-811
-849
-792
-774
-899
-1058
-1104
-1093
-1170
-1295
-1293
-1158
-1060
-1046
-1002
-921
-961
-1152
-1296
-1236
-1016
-715
-320
157
569
769
753
562
166
-400
-900
-1088
-948
-606
-116
489
1061
1438
1605
1647
1570
1326
974
678
515
417
322
261
268
328
455
691
1000
1275
1468
1607
1694
1671
1507
1241
921
565
221
-15
-89
-43
79
288
573
837
993
1035
976
804
547
302
150
72
7
-50
-68
-73
-123
-205
-235
-163
-23
135
288
413
459
394
234
43
-110
-189
-201
-165
-82
45
179
257
258
226
213
217
223
253
334
436
512
553
577
569
504
405
327
290
280
298
362
456
537
601
678
745
732
630
519
455
404
327
253
224
221
204
182
193
229
245
242
252
268
244
173
86
11
-49
-83
-86
-85
-118
-186
-258
-316
-367
-401
-394
-346
-296
-270
-263
-273
-310
-358
-395
-424
-454
-468
-443
-400
-383
-401
-421
-429
-435
-434
-392
-318
-264
-252
-244
-216
-200
-214
-235
-252
-288
-349
-403
-429
-439
-427
-356
-218
-67
39
109
153
133
29
-97
-178
-226
-274
-301
-277
-233
-206
-177
-109
-31
-6
-29
-43
-48
-91
-170
-225
-251
-304
-384
-427
-420
-426
-478
-524
-517
-485
-478
-493
-505
-525
-581
-653
-693
-701
-707
-723
-739
-760
-800
-862
-945
-1039
-1126
-1179
-1187
-1164
-1137
-1124
-1134
-1159
-1179
-1179
-1176
-1203
-1250
-1264
-1190
-1006
-700
-294
134
470
648
653
469
84
-435
-921
-1197
-1171
-838
-258
445
1094
1546
1758
1757
1574
1252
887
585
396
316
318
366
426
497
617
824
1109
1421
1696
1880
1928
1827
1608
1310
958
596
298
120
66
117
270
497
732
918
1045
1111
1080
928
698
466
271
112
-5
-66
-102
-155
-214
-236
-215
-174
-102
33
218
387
484
482
363
125
-161
-383
-479
-468
-378
-219
-28
111
164
171
170
164
165
221
339
447
480
450
402
332
223
124
110
179
270
364
483
608
681
696
697
703
673
585
483
414
363
298
241
235
274
320
364
414
449
435
377
323
302
292
264
219
164
84
-39
-178
-279
-314
-288
-218
-120
-23
28
6
-73
-176
-290
-417
-533
-602
-613
-592
-565
-531
-482
-431
-393
-367
-347
-343
-373
-434
-497
-545
-576
-589
-574
-533
-483
-442
-413
-396
-379
-345
-291
-230
-182
-147
-123
-130
-183
-256
-304
-310
-292
-253
-178
-80
-4
31
58
95
119
112
99
101
94
43
-34
-92
-118
-132
-134
-108
-69
-46
-35
-9
26
38
19
-8
-30
-62
-126
-218
-324
-429
-513
-550
-540
-514
-492
-475
-460
-450
-439
-431
-447
-502
-577
-649
-731
-840
-960
-1052
-1119
-1188
-1252
-1268
-1237
-1205
-1178
-1115
-1022
-975
-1014
-1083
-1122
-1131
-1109
-985
-707
-338
0
243
379
353
102
-322
-748
-1034
-1121
-971
-561
39
655
1133
1416
1509
1409
1145
817
541
367
288
294
375
492
608
738
914
1134
1364
1570
1729
1818
1813
1707
1515
1255
957
673
458
346
349
473
699
968
1206
1364
1420
1356
1178
928
668
439
259
143
105
123
142
122
71
24
7
30
97
198
297
348
317
202
22
-190
-388
-522
-549
-477
-360
-254
-178
-129
-105
-107
-115
-94
-39
21
62
85
85
38
-58
-151
-188
-168
-118
-36
93
249
383
474
537
578
573
522
460
414
375
331
300
299
316
333
358
406
468
516
537
547
558
567
564
545
511
458
390
317
252
201
159
119
78
51
47
52
49
38
27
10
-37
-114
-197
-267
-332
-395
-437
-443
-430
-425
-427
-430
-453
-511
-579
-615
-611
-591
-573
-547
-514
-493
-499
-529
-573
-627
-685
-725
-729
-700
-650
-580
-482
-359
-233
-143
-110
-132
-189
-269
-363
-446
-493
-486
-425
-316
-169
-14
103
168
208
240
244
202
135
77
29
-24
-74
-102
-112
-117
-98
-22
101
218
298
352
383
365
293
198
94
-33
-177
-297
-367
-403
-421
-400
-324
-225
-149
-106
-91
-125
-228
-373
-522
-673
-846
-1020
-1152
-1227
-1252
-1229
-1156
-1062
-990
-945
-902
-869
-893
-988
-1106
-1189
-1209
-1146
-977
-722
-446
-216
-62
-5
-85
-317
-639
-931
-1086
-1043
-793
-378
108
559
903
1105
1146
1020
766
471
234
112
114
215
379
566
748
918
1092
1280
1462
1608
1698
1725
1676
1530
1299
1037
814
671
628
697
864
1067
1240
1366
1448
1471
1412
1284
1124
952
771
600
476
394
316
237
197
215
261
303
348
397
418
394
342
269
145
-44
-255
-428
-545
-616
-631
-576
-476
-376
-287
-209
-168
-191
-251
-299
-321
-327
-320
-297
-287
-319
-382
-427
-433
-403
-328
-188
-10
148
262
341
374
334
244
156
102
73
67
98
157
205
239
299
401
503
577
648
727
767
733
653
567
475
378
311
309
349
388
418
460
500
505
476
441
399
331
245
166
86
-16
-126
-205
-244
-260
-257
-222
-160
-107
-90
-109
-157
-239
-352
-475
-601
-728
-830
-867
-835
-761
-667
-561
-468
-428
-456
-532
-637
-769
-908
-999
-1003
-936
-836
-722
-601
-498
-439
-420
-424
-441
-464
-472
-442
-378
-303
-238
-184
-150
-148
-174
-194
-180
-128
-56
19
94
168
236
285
309
308
287
245
192
158
159
182
204
227
270
330
378
399
404
404
385
336
270
197
106
-5
-107
-173
-209
-235
-248
-230
-189
-161
-169
-206
-266
-358
-486
-629
-770
-905
-1034
-1137
-1203
-1235
-1250
-1250
-1227
-1177
-1122
-1082
-1063
-1049
-1018
-950
-833
-668
-487
-346
-305
-396
-608
-900
-1208
-1437
-1489
-1311
-926
-418
116
577
878
963
843
586
285
20
-152
-202
-137
10
200
404
605
797
991
1199
1413
1603
1729
1759
1677
1497
1260
1013
803
665
628
700
869
1108
1378
1626
1795
1849
1794
1656
1450
1190
927
725
613
567
553
557
569
569
541
510
507
540
587
620
616
545
385
146
-122
-362
-535
-622
-622
-550
-443
-341
-277
-264
-298
-360
-415
-430
-405
-377
-393
-469
-579
-686
-773
-827
-823
-741
-588
-410
-241
-102
-10
10
-40
-111
-153
-165
-178
-197
-199
-175
-140
-101
-41
51
158
265
379
500
589
609
574
529
495
462
427
408
406
402
393
406
451
500
519
525
551
594
617
597
541
458
349
228
121
44
-16
-65
-88
-64
-9
42
58
36
-13
-79
-157
-240
-323
-399
-465
-520
-561
-583
-602
-640
-699
-750
-763
-738
-697
-648
-592
-551
-554
-602
-664
-723
-783
-830
-834
-789
-724
-659
-584
-493
-411
-362
-324
-276
-241
-250
-284
-303
-305
-317
-329
-297
-208
-94
21
145
274
372
412
408
376
310
219
143
112
117
142
202
304
415
498
555
604
624
580
483
388
312
219
94
-27
-114
-174
-221
-226
-164
-62
28
88
117
88
-40
-248
-477
-690
-900
-1091
-1204
-1214
-1172
-1130
-1067
-954
-840
-799
-825
-857
-891
-971
-1073
-1094
-998
-873
-800
-758
-716
-731
-853
-1024
-1144
-1193
-1180
-1049
-741
-330
15
217
324
354
253
39
-161
-268
-326
-356
-286
-84
155
331
480
685
917
1090
1205
1314
1383
1331
1184
1044
935
811
695
682
793
957
1130
1345
1585
1748
1772
1714
1631
1491
1275
1061
919
821
731
692
745
835
876
875
894
926
912
850
791
727
595
399
215
76
-51
-174
-242
-234
-193
-163
-145
-132
-154
-233
-327
-392
-434
-483
-532
-561
-587
-631
-682
-711
-715
-708
-691
-650
-582
-500
-428
-389
-389
-411
-425
-417
-404
-398
-385
-356
-326
-294
-241
-160
-78
-22
24
86
154
193
198
195
202
222
257
313
372
413
442
480
525
547
540
527
529
534
533
536
550
560
547
518
496
486
476
462
451
440
421
388
337
270
197
136
85
33
-21
-56
-58
-50
-67
-109
-151
-186
-229
-281
-322
-348
-379
-426
-476
-520
-580
-666
-750
-796
-803
-789
-754
-692
-620
-565
-523
-474
-428
-426
-477
-537
-575
-605
-645
-674
-662
-611
-543
-451
-318
-156
-8
99
170
213
214
164
80
-5
-70
-103
-94
-35
69
194
311
409
496
574
628
645
634
616
588
536
468
403
342
271
199
171
207
271
320
352
372
359
299
219
150
75
-29
-141
-225
-288
-370
-476
-571
-644
-719
-790
-821
-811
-804
-825
-853
-881
-931
-1016
-1121
-1228
-1334
-1413
-1414
-1320
-1166
-990
-799
-624
-543
-598
-751
-953
-1194
-1437
-1576
-1520
-1289
-966
-611
-260
18
147
136
59
-48
-184
-303
-326
-249
-140
-32
104
270
421
547
705
924
1140
1278
1342
1365
1327
1194
1012
874
820
842
940
1126
1370
1602
1768
1855
1853
1764
1623
1487
1379
1283
1201
1158
1150
1140
1114
1088
1071
1050
1030
1038
1075
1091
1036
911
740
538
326
149
39
-20
-51
-41
12
56
32
-58
-157
-241
-333
-431
-497
-524
-561
-640
-723
-772
-804
-845
-866
-823
-730
-647
-600
-575
-573
-623
-720
-806
-839
-833
-804
-735
-625
-513
-445
-410
-372
-331
-311
-305
-278
-218
-150
-92
-40
6
37
55
84
145
233
327
413
482
527
541
531
505
478
472
500
553
612
661
691
688
648
593
553
534
528
532
558
593
603
570
512
442
356
261
191
165
163
160
150
135
100
39
-32
-93
-146
-205
-257
-287
-311
-355
-419
-478
-529
-581
-627
-644
-631
-607
-583
-552
-517
-500
-514
-549
-594
-644
-685
-699
-689
-677
-661
-617
-546
-477
-432
-390
-332
-273
-236
-209
-162
-100
-57
-44
-35
-19
-6
-2
13
52
110
177
253
340
419
469
492
500
497
477
444
416
396
372
345
334
355
387
399
389
377
378
370
328
254
171
98
34
-18
-53
-80
-125
-210
-320
-427
-522
-624
-732
-815
-846
-842
-835
-836
-844
-875
-953
-1060
-1150
-1207
-1248
-1268
-1224
-1102
-957
-856
-806
-795
-849
-999
-1196
-1345
-1413
-1417
-1345
-1154
-871
-596
-397
-262
-172
-173
-280
-414
-484
-495
-487
-439
-312
-141
4
131
300
512
700
835
952
1056
1095
1048
970
902
831
768
777
890
1057
1230
1415
1610
1755
1798
1770
1726
1654
1523
1377
1291
1266
1245
1216
1224
1265
1288
1284
1293
1326
1335
1284
1200
1113
1002
844
673
527
399
279
196
186
219
235
208
161
104
19
-96
-210
-293
-363
-444
-531
-596
-636
-678
-729
-764
-759
-728
-696
-673
-655
-650
-682
-744
-802
-836
-858
-875
-873
-840
-790
-737
-675
-604
-546
-517
-493
-444
-381
-339
-326
-312
-283
-248
-208
-148
-74
-7
53
124
211
291
346
381
404
418
425
431
433
424
415
431
475
521
559
603
654
692
714
731
734
696
619
535
465
394
314
250
229
240
262
295
338
364
359
341
314
242
107
-56
-204
-336
-462
-554
-571
-518
-434
-337
-226
-136
-123
-196
-317
-461
-616
-757
-839
-853
-827
-780
-713
-634
-567
-524
-487
-446
-416
-409
-409
-407
-418
-453
-493
-522
-526
-492
-406
-288
-171
-68
25
103
149
157
149
139
125
113
121
150
174
186
214
276
346
404
453
500
531
540
539
523
475
394
316
260
200
128
86
105
145
154
151
175
200
168
81
-13
-96
-202
-342
-477
-576
-656
-735
-797
-829
-846
-852
-838
-822
-847
-917
-988
-1036
-1085
-1136
-1138
-1054
-931
-850
-833
-857
-929
-1076
-1273
-1436
-1499
-1449
-1294
-1050
-764
-510
-345
-280
-302
-395
-523
-635
-692
-688
-618
-475
-293
-134
-33
50
168
324
488
641
784
898
948
923
852
759
663
604
636
778
996
1234
1452
1624
1727
1748
1707
1630
1533
1429
1354
1330
1342
1352
1344
1329
1318
1314
1321
1351
1398
1434
1432
1385
1289
1142
953
760
596
478
404
375
393
435
465
451
390
297
184
65
-49
-148
-233
-309
-378
-443
-508
-574
-629
-657
-653
-627
-590
-553
-534
-553
-617
-709
-804
-888
-956
-992
-978
-916
-835
-758
-691
-627
-575
-547
-540
-534
-522
-510
-500
-485
-460
-431
-395
-338
-254
-158
-66
21
99
157
182
185
183
188
197
213
245
290
337
378
412
443
469
491
507
520
531
540
543
530
500
464
434
412
390
368
359
376
410
440
439
407
362
313
241
132
7
-91
-143
-168
-179
-166
-120
-68
-45
-54
-76
-112
-185
-299
-431
-546
-628
-677
-699
-690
-641
-547
-431
-332
-267
-229
-210
-232
-316
-437
-555
-650
-723
-754
-713
-604
-464
-316
-162
-14
89
122
98
44
-27
-100
-150
-167
-161
-135
-77
5
85
156
246
365
472
526
534
523
483
393
273
180
143
147
183
258
357
436
471
464
425
356
267
179
105
45
2
-16
-17
-28
-66
-120
-178
-240
-300
-359
-431
-527
-622
-685
-728
-791
-872
-923
-926
-922
-946
-974
-976
-977
-1009
-1044
-1032
-977
-925
-897
-884
-888
-933
-1015
-1105
-1187
-1260
-1288
-1211
-1027
-808
-617
-463
-347
-305
-353
-442
-498
-513
-514
-499
-425
-290
-143
-22
86
208
347
491
634
759
842
869
854
818
768
714
692
729
822
955
1123
1313
1479
1575
1602
1594
1572
1522
1441
1355
1295
1263
1249
1248
1259
1276
1297
1326
1358
1378
1382
1371
1335
1252
1117
956
803
668
552
472
450
473
503
510
489
441
360
246
118
5
-72
-120
-158
-209
-280
-362
-437
-497
-537
-551
-535
-503
-474
-456
-462
-506
-592
-692
-768
-808
-822
-816
-785
-735
-690
-663
-642
-613
-578
-542
-499
-447
-404
-391
-407
-439
-469
-479
-452
-385
-291
-179
-59
52
119
128
104
79
61
45
42
71
123
175
219
262
300
323
336
358
396
429
440
436
421
389
341
291
251
220
201
210
255
315
357
365
339
287
212
120
27
-49
-89
-86
-58
-31
-20
-23
-46
-100
-179
-254
-295
-298
-276
-246
-227
-240
-291
-364
-432
-482
-507
-492
-436
-367
-313
-279
-261
-267
-306
-358
-381
-365
-333
-308
-285
-250
-209
-177
-157
-134
-100
-55
-2
47
80
95
98
94
85
78
88
117
157
204
264
331
380
395
387
379
370
345
311
294
307
327
331
321
312
305
284
250
220
206
198
185
162
122
57
-27
-99
-144
-176
-211
-237
-233
-229
-282
-396
-511
-594
-681
-800
-898
-915
-883
-893
-954
-989
-962
-943
-998
-1085
-1120
-1090
-1039
-983
-907
-828
-793
-819
-885
-980
-1108
-1246
-1330
-1320
-1221
-1046
-804
-548
-362
-282
-269
-287
-345
-448
-544
-568
-520
-446
-359
-243
-105
26
150
299
477
645
772
846
862
820
745
673
625
607
643
757
927
1097
1239
1373
1490
1543
1523
1485
1470
1450
1386
1302
1250
1229
1198
1162
1160
1198
1236
1259
1301
1366
1407
1378
1286
1160
1009
839
677
558
491
462
461
483
511
517
487
415
302
173
66
-2
-47
-98
-160
-224
-287
-355
-425
-478
-496
-480
-442
-399
-372
-375
-411
-482
-580
-677
-739
-757
-750
-736
-714
-678
-642
-622
-611
-591
-559
-525
-490
-454
-425
-418
-426
-437
-447
-453
-436
-377
-292
-210
-140
-71
-7
30
32
21
16
9
5
24
74
127
154
166
186
214
234
246
262
284
304
323
347
359
342
297
246
201
162
147
167
210
249
274
291
291
253
179
101
37
-23
-83
-121
-120
-100
-90
-90
-85
-75
-75
-89
-109
-133
-171
-220
-270
-314
-356
-395
-414
-403
-363
-306
-242
-185
-153
-152
-182
-229
-279
-322
-355
-368
-348
-292
-222
-164
-127
-91
-49
-14
5
27
65
101
113
104
93
82
62
45
55
98
158
229
316
404
454
446
405
364
326
280
233
205
204
225
258
296
327
340
337
324
304
272
231
181
118
47
-20
-75
-127
-175
-198
-189
-165
-152
-155
-177
-241
-358
-493
-598
-675
-764
-858
-901
-874
-846
-877
-941
-976
-982
-1015
-1086
-1134
-1118
-1068
-1028
-991
-930
-861
-833
-863
-928
-1008
-1105
-1210
-1280
-1268
-1168
-1004
-805
-601
-433
-335
-308
-330
-394
-491
-586
-619
-573
-481
-383
-276
-143
0
128
251
404
576
707
766
778
770
725
627
524
487
542
658
806
988
1193
1376
1492
1534
1521
1474
1404
1319
1236
1173
1141
1136
1144
1154
1176
1220
1277
1330
1371
1405
1414
1366
1257
1118
971
814
657
543
503
522
558
598
641
662
625
531
420
319
223
128
44
-20
-75
-136
-199
-258
-312
-349
-350
-311
-261
-233
-232
-254
-309
-407
-527
-629
-687
-706
-700
-677
-641
-598
-555
-525
-515
-516
-505
-476
-449
-446
-457
-462
-466
-485
-509
-505
-459
-392
-320
-239
-151
-84
-60
-66
-76
-87
-102
-109
-93
-65
-46
-33
-10
23
50
72
112
173
226
252
258
258
243
203
146
96
66
60
83
131
182
212
219
219
219
207
172
123
74
33
2
-23
-46
-69
-83
-79
-54
-18
15
29
17
-21
-73
-129
-187
-244
-285
-293
-273
-242
-215
-186
-156
-134
-129
-134
-135
-135
-141
-151
-163
-181
-207
-226
-222
-192
-152
-107
-51
15
71
102
109
102
89
77
75
86
101
113
125
147
178
208
236
262
286
307
333
370
405
414
388
341
297
258
220
187
173
187
222
265
307
341
356
338
284
208
133
73
25
-23
-81
-137
-176
-190
-190
-193
-208
-227
-242
-256
-287
-353
-458
-582
-696
-782
-844
-890
-916
-914
-895
-882
-881
-881
-891
-937
-1021
-1096
-1112
-1077
-1039
-1010
-958
-874
-801
-789
-839
-925
-1029
-1136
-1207
-1197
-1096
-938
-753
-567
-412
-320
-296
-319
-372
-449
-516
-531
-481
-396
-305
-200
-72
53
155
260
399
550
660
713
736
745
716
638
551
511
536
616
749
931
1132
1304
1417
1469
1470
1424
1344
1249
1160
1092
1059
1065
1093
1118
1140
1180
1245
1312
1352
1363
1353
1314
1229
1099
945
790
649
543
497
514
566
622
665
685
665
594
490
383
283
182
81
-3
-63
-108
-152
-183
-194
-190
-188
-184
-167
-144
-141
-177
-251
-350
-457
-551
-613
-639
-638
-615
-567
-498
-431
-391
-380
-385
-397
-414
-432
-442
-446
-454
-466
-471
-461
-439
-412
-376
-323
-257
-188
-131
-97
-89
-101
-123
-148
-172
-186
-175
-145
-111
-84
-53
-11
28
52
72
103
137
146
127
103
85
55
1
-54
-76
-61
-27
14
57
99
137
165
176
152
89
11
-53
-102
-146
-180
-182
-161
-144
-132
-99
-42
1
4
-14
-27
-42
-87
-157
-219
-255
-276
-289
-284
-250
-191
-116
-42
9
27
24
19
4
-36
-93
-137
-153
-154
-145
-108
-43
22
73
125
189
240
251
234
218
210
197
175
159
159
174
202
241
274
293
309
342
386
417
425
421
415
399
371
329
274
208
153
136
156
185
212
249
295
325
316
271
201
115
31
-31
-66
-102
-155
-209
-240
-245
-243
-243
-247
-261
-281
-300
-327
-390
-502
-634
-746
-831
-902
-950
-949
-905
-859
-844
-854
-874
-909
-963
-1027
-1083
-1118
-1115
-1066
-989
-916
-871
-855
-864
-901
-958
-1013
-1057
-1089
-1093
-1032
-898
-735
-600
-515
-465
-431
-411
-408
-417
-429
-431
-406
-350
-282
-221
-159
-77
32
159
295
431
550
629
661
656
624
574
526
507
538
620
739
878
1024
1155
1252
1301
1302
1274
1247
1227
1201
1156
1107
1076
1070
1084
1119
1172
1227
1266
1288
1307
1317
1291
1213
1100
975
856
759
699
672
663
667
689
721
737
716
661
585
491
387
290
216
159
106
59
20
-13
-44
-69
-82
-91
-101
-107
-104
-103
-130
-193
-281
-374
-456
-513
-537
-535
-512
-468
-412
-364
-344
-347
-359
-381
-414
-443
-452
-445
-449
-471
-487
-477
-447
-412
-374
-329
-282
-240
-205
-184
-187
-219
-264
-303
-324
-324
-302
-261
-211
-167
-128
-89
-50
-27
-27
-46
-70
-88
-98
-109
-122
-132
-133
-130
-126
-117
-96
-69
-44
-22
3
23
20
-11
-57
-107
-155
-197
-217
-208
-175
-126
-74
-39
-37
-60
-83
-92
-98
-111
-121
-115
-102
-101
-115
-132
-148
-161
-154
-112
-49
8
46
67
72
56
23
-13
-45
-61
-44
17
97
154
178
189
200
203
195
195
211
233
248
262
281
297
298
291
294
308
325
347
381
417
439
433
404
361
324
305
305
311
319
332
354
373
372
342
288
226
176
154
153
148
129
114
112
110
87
47
3
-42
-91
-137
-171
-203
-250
-310
-361
-393
-415
-431
-438
-445
-467
-506
-552
-609
-690
-789
-872
-916
-934
-945
-949
-939
-924
-928
-953
-984
-1004
-1012
-1019
-1035
-1053
-1046
-999
-934
-893
-891
-901
-902
-903
-923
-949
-952
-930
-895
-836
-735
-608
-497
-426
-390
-373
-369
-367
-354
-333
-316
-294
-240
-149
-54
27
114
227
346
448
533
607
654
650
609
571
560
572
609
684
792
908
1018
1124
1212
1255
1251
1225
1198
1164
1122
1086
1068
1059
1049
1057
1095
1145
1182
1206
1230
1240
1217
1168
1112
1044
943
824
732
688
665
646
645
671
694
685
654
617
564
477
374
293
238
185
127
83
56
24
-17
-47
-54
-54
-62
-71
-80
-104
-156
-219
-275
-330
-396
-454
-472
-452
-421
-397
-378
-362
-357
-363
-367
-367
-379
-408
-437
-450
-450
-447
-441
-430
-416
-397
-367
-325
-287
-266
-257
-247
-238
-244
-266
-291
-308
-316
-314
-301
-276
-243
-206
-170
-141
-119
-104
-96
-103
-128
-158
-180
-186
-186
-186
-184
-178
-168
-150
-125
-96
-74
-64
-66
-76
-92
-112
-135
-160
-186
-202
-198
-177
-154
-137
-122
-107
-99
-105
-113
-110
-92
-75
-70
-72
-68
-60
-60
-81
-116
-140
-137
-108
-62
-5
59
115
149
161
163
158
135
90
46
32
51
83
111
135
165
208
255
298
334
362
386
402
399
373
328
278
233
204
201
229
286
357
425
476
502
502
476
433
382
334
292
254
223
206
200
193
175
160
168
200
230
238
222
196
160
110
46
-31
-112
-185
-234
-254
-250
-240
-240
-254
-279
-300
-311
-330
-379
-452
-514
-551
-587
-644
-714
-778
-834
-880
-903
-896
-883
-894
-912
-905
-881
-886
-933
-993
-1040
-1078
-1108
-1106
-1062
-1007
-969
-937
-891
-842
-814
-806
-804
-816
-850
-876
-861
-814
-771
-729
-661
-562
-470
-406
-347
-277
-228
-221
-229
-208
-159
-113
-80
-43
17
107
220
342
449
526
583
637
681
698
688
670
659
659
683
752
859
970
1056
1123
1185
1235
1255
1242
1212
1178
1138
1094
1060
1046
1050
1064
1088
1125
1170
1206
1221
1209
1170
1106
1022
934
853
781
718
669
643
644
662
680
684
664
620
563
504
441
360
261
166
100
65
51
50
60
71
68
49
23
-5
-45
-105
-172
-227
-265
-295
-327
-354
-368
-367
-355
-334
-306
-279
-269
-288
-325
-361
-383
-397
-415
-436
-449
-438
-403
-361
-332
-320
-312
-294
-272
-262
-268
-277
-285
-303
-328
-342
-331
-309
-295
-285
-259
-219
-182
-163
-155
-150
-151
-159
-166
-173
-185
-199
-205
-205
-208
-207
-192
-168
-155
-162
-166
-143
-100
-68
-63
-79
-108
-146
-190
-233
-267
-274
-240
-172
-96
-35
2
11
-10
-54
-99
-132
-150
-154
-133
-89
-49
-37
-39
-33
-18
-6
10
40
81
118
150
175
176
139
87
62
73
93
108
135
184
236
274
306
331
336
323
319
336
351
335
300
279
283
295
305
314
324
344
387
448
491
490
458
423
390
342
288
255
253
265
271
275
281
285
282
277
271
255
228
200
175
143
98
41
-18
-67
-95
-102
-97
-96
-107
-120
-135
-158
-199
-263
-345
-421
-462
-468
-477
-514
-556
-573
-574
-594
-637
-678
-710
-747
-793
-829
-858
-903
-957
-979
-962
-951
-970
-989
-978
-960
-963
-976
-975
-973
-988
-992
-943
-868
-827
-825
-818
-799
-806
-841
-862
-841
-795
-734
-645
-530
-434
-381
-348
-313
-299
-315
-319
-276
-215
-167
-115
-33
60
128
179
245
324
385
429
492
568
613
612
600
605
624
657
717
800
878
943
1013
1084
1124
1115
1090
1078
1067
1040
1023
1041
1075
1092
1093
1102
1119
1125
1115
1098
1078
1047
1011
982
956
912
853
799
754
714
695
705
721
703
651
604
574
530
450
357
286
245
223
216
218
208
173
128
92
60
19
-22
-50
-73
-103
-133
-156
-184
-233
-289
-317
-309
-290
-275
-261
-248
-258
-295
-338
-365
-381
-396
-404
-397
-381
-367
-352
-332
-317
-323
-341
-345
-330
-310
-300
-301
-309
-321
-328
-325
-312
-302
-298
-289
-262
-229
-207
-201
-204
-210
-220
-233
-238
-229
-215
-207
-207
-202
-188
-172
-165
-165
-164
-161
-159
-157
-148
-136
-138
-157
-183
-196
-191
-176
-154
-127
-103
-87
-81
-79
-86
-109
-139
-158
-151
-124
-94
-71
-58
-52
-45
-32
-16
-9
-12
-10
9
39
60
68
70
70
64
57
65
93
129
158
182
205
228
243
246
240
226
210
201
208
226
246
269
299
328
349
363
376
381
367
338
317
315
317
306
291
290
307
327
343
355
361
353
335
317
302
279
244
212
196
188
175
155
138
127
119
112
106
91
61
26
-3
-31
-68
-115
-157
-189
-218
-248
-271
-286
-303
-329
-355
-375
-398
-434
-473
-503
-528
-561
-603
-644
-680
-713
-744
-769
-792
-818
-840
-849
-851
-869
-901
-924
-926
-926
-943
-971
-991
-996
-990
-970
-937
-901
-872
-837
-789
-744
-734
-764
-806
-838
-856
-854
-819
-750
-664
-576
-483
-388
-319
-298
-310
-323
-320
-300
-267
-219
-165
-113
-54
22
107
183
253
337
432
509
549
563
567
559
537
521
536
587
665
760
867
965
1031
1063
1075
1071
1046
1009
982
976
983
992
1005
1019
1028
1033
1043
1064
1085
1090
1080
1060
1028
980
921
861
800
743
700
684
693
708
712
700
673
630
575
515
458
407
361
320
282
245
209
173
135
96
64
48
45
43
31
5
-35
-85
-142
-197
-245
-283
-306
-312
-301
-280
-264
-261
-273
-297
-324
-344
-356
-364
-372
-380
-388
-399
-414
-427
-426
-413
-394
-371
-341
-309
-289
-290
-309
-333
-357
-377
-388
-386
-372
-349
-320
-285
-253
-237
-238
-246
-250
-250
-250
-247
-240
-238
-246
-257
-257
-243
-225
-208
-191
-171
-152
-132
-111
-100
-111
-142
-171
-184
-188
-186
-171
-137
-99
-75
-64
-53
-44
-48
-62
-71
-67
-54
-37
-16
-2
-5
-20
-27
-16
4
21
43
71
95
110
125
139
141
123
104
109
134
159
178
194
207
208
207
216
233
244
247
259
284
306
317
316
309
294
278
275
285
293
295
307
334
357
360
352
346
337
317
293
281
280
275
262
247
233
215
202
202
211
212
207
202
195
175
143
107
71
34
-1
-21
-28
-38
-59
-81
-98
-112
-130
-148
-161
-173
-193
-220
-254
-294
-341
-387
-431
-475
-514
-534
-532
-519
-513
-514
-520
-536
-567
-607
-652
-703
-761
-812
-844
-857
-859
-854
-845
-840
-843
-840
-827
-815
-822
-844
-862
-869
-874
-877
-872
-851
-816
-764
-700
-637
-597
-587
-605
-644
-692
-720
-697
-625
-534
-449
-367
-280
-204
-159
-151
-169
-193
-202
-181
-130
-65
-3
53
111
174
245
327
411
484
539
580
610
614
585
543
518
526
566
634
730
841
945
1021
1063
1072
1053
1018
977
932
890
864
863
885
918
956
997
1031
1043
1040
1035
1032
1007
947
865
789
728
679
639
616
614
632
664
692
697
670
621
559
487
403
320
256
217
193
182
183
188
183
161
131
103
81
60
35
1
-49
-111
-173
-220
-248
-260
-259
-247
-231
-215
-205
-204
-217
-247
-283
-315
-340
-358
-370
-376
-379
-381
-381
-376
-366
-353
-338
-321
-305
-291
-284
-286
-302
-329
-358
-373
-375
-371
-360
-336
-301
-268
-247
-233
-219
-212
-220
-241
-260
-267
-262
-251
-240
-238
-244
-243
-227
-202
-181
-157
-122
-84
-69
-85
-115
-142
-168
-199
-216
-201
-160
-114
-72
-32
-1
10
4
-8
-18
-33
-47
-49
-38
-28
-22
-9
9
20
26
45
84
123
140
144
152
157
146
119
97
88
86
93
117
155
191
220
245
264
270
264
255
249
241
231
226
228
225
212
205
217
244
275
301
324
343
351
342
317
278
236
201
182
178
186
204
226
241
248
248
244
233
216
199
181
155
125
99
80
61
42
33
38
47
47
42
39
32
11
-22
-62
-110
-160
-193
-200
-198
-209
-225
-228
-224
-237
-272
-306
-329
-351
-379
-405
-425
-450
-475
-490
-499
-521
-560
-589
-590
-582
-595
-630
-661
-682
-701
-718
-726
-729
-732
-731
-719
-711
-725
-760
-796
-818
-824
-804
-747
-667
-599
-560
-533
-507
-503
-547
-628
-707
-746
-735
-681
-598
-493
-377
-262
-170
-126
-132
-166
-200
-225
-244
-253
-238
-193
-125
-41
54
149
240
328
411
477
508
497
455
403
361
339
345
385
463
583
731
868
953
977
955
908
854
808
780
770
771
782
812
857
899
925
941
960
983
997
993
971
930
872
804
742
693
663
654
671
701
723
723
705
678
643
593
537
489
456
429
402
368
324
270
219
192
190
196
190
180
175
170
149
107
52
-11
-80
-139
-170
-171
-166
-168
-170
-161
-151
-154
-168
-182
-199
-222
-247
-265
-285
-319
-358
-383
-385
-374
-356
-323
-280
-246
-236
-240
-252
-279
-320
-356
-375
-381
-381
-368
-335
-298
-282
-285
-284
-269
-249
-236
-227
-223
-231
-248
-264
-274
-283
-289
-281
-251
-211
-175
-151
-134
-125
-129
-142
-155
-167
-173
-169
-153
-135
-129
-131
-128
-112
-93
-82
-74
-60
-34
-5
16
17
-3
-32
-52
-56
-49
-38
-23
5
49
99
135
145
132
112
101
103
111
115
113
109
110
120
134
146
156
176
211
254
289
304
294
267
235
208
193
188
192
210
240
273
294
298
290
281
279
284
293
298
291
274
251
226
201
178
166
174
199
229
251
259
253
234
202
161
120
88
68
60
61
68
74
70
56
41
28
13
-2
-18
-33
-54
-84
-117
-150
-179
-203
-216
-219
-217
-217
-213
-209
-224
-267
-322
-363
-388
-416
-453
-481
-485
-471
-457
-456
-472
-502
-533
-551
-561
-577
-603
-627
-645
-667
-697
-716
-712
-698
-695
-699
-691
-672
-665
-682
-710
-727
-725
-709
-680
-640
-587
-528
-483
-474
-502
-546
-581
-602
-615
-609
-564
-479
-381
-296
-231
-186
-164
-171
-195
-215
-218
-202
-179
-154
-119
-59
25
106
161
201
258
336
399
425
426
419
400
364
336
346
398
471
553
645
740
815
856
862
836
788
744
727
729
732
739
764
801
822
821
825
853
883
891
883
880
871
833
768
701
645
597
569
575
609
640
649
643
627
598
552
501
454
408
363
329
309
287
251
212
186
173
161
147
143
151
153
129
84
30
-24
-76
-126
-168
-193
-198
-186
-168
-153
-151
-161
-179
-201
-225
-251
-276
-296
-311
-329
-349
-363
-364
-361
-360
-352
-327
-293
-269
-266
-276
-294
-323
-360
-390
-399
-390
-375
-354
-327
-296
-274
-263
-259
-261
-265
-263
-254
-246
-247
-257
-265
-269
-269
-262
-243
-213
-183
-160
-138
-120
-116
-129
-148
-161
-164
-161
-152
-134
-109
-86
-71
-66
-67
-65
-53
-36
-22
-12
-1
15
27
25
14
0
-10
-11
1
26
53
74
90
111
132
142
135
120
108
105
110
121
130
134
137
147
165
183
194
201
211
225
236
237
224
201
174
156
154
161
172
184
200
222
242
250
243
225
204
186
173
167
165
163
157
151
148
146
142
134
130
134
139
136
122
103
84
62
37
15
-2
-9
-8
-1
5
2
-9
-20
-30
-45
-68
-95
-117
-133
-143
-151
-161
-175
-192
-207
-215
-219
-225
-234
-245
-257
-268
-283
-302
-324
-345
-365
-387
-408
-419
-417
-414
-424
-442
-449
-442
-439
-453
-479
-501
-515
-523
-530
-544
-564
-580
-576
-556
-547
-556
-562
-549
-537
-548
-566
-565
-547
-541
-549
-543
-515
-486
-468
-444
-409
-384
-378
-376
-366
-364
-379
-391
-376
-341
-304
-256
-191
-132
-103
-89
-63
-38
-42
-63
-60
-23
14
37
70
127
182
214
244
295
348
377
390
407
422
417
406
411
432
452
480
531
595
641
663
681
700
700
675
654
654
659
655
656
673
692
697
699
710
720
712
695
690
687
665
627
594
574
553
527
510
509
511
505
493
478
452
414
373
339
309
281
262
254
244
222
198
180
160
125
85
65
67
70
56
31
9
-12
-41
-76
-109
-134
-149
-150
-142
-136
-144
-156
-164
-171
-187
-207
-218
-218
-220
-234
-248
-255
-262
-273
-281
-274
-257
-243
-232
-223
-219
-224
-237
-251
-267
-283
-288
-275
-251
-237
-231
-218
-197
-187
-195
-206
-204
-196
-195
-197
-193
-181
-176
-179
-182
-178
-168
-155
-137
-117
-101
-90
-83
-87
-106
-127
-134
-125
-115
-110
-95
-65
-35
-27
-33
-38
-36
-34
-33
-24
-8
4
4
-2
-5
-5
-3
2
13
31
54
83
106
110
97
81
73
70
67
68
80
99
112
118
126
140
152
153
148
148
155
162
162
153
137
124
118
121
128
134
143
159
179
192
192
184
173
160
142
121
106
97
94
96
104
113
118
120
124
131
129
115
93
72
54
36
16
-4
-18
-22
-13
4
16
20
16
6
-12
-37
-64
-85
-102
-116
-125
-125
-121
-125
-134
-144
-150
-154
-160
-166
-175
-186
-196
-204
-216
-238
-261
-271
-269
-270
-279
-284
-283
-286
-299
-311
-314
-318
-328
-336
-333
-329
-340
-356
-365
-371
-386
-400
-398
-385
-380
-381
-372
-357
-356
-374
-386
-384
-391
-411
-418
-394
-356
-329
-308
-284
-264
-258
-256
-250
-255
-281
-304
-293
-260
-237
-225
-195
-146
-107
-87
-70
-50
-44
-60
-74
-66
-49
-39
-27
0
37
75
115
158
190
202
208
222
236
234
225
226
243
261
280
308
344
377
400
421
442
453
448
437
432
435
439
440
443
453
468
486
503
511
511
509
509
505
491
472
457
451
449
446
441
433
422
410
403
399
392
381
371
366
359
346
328
309
287
263
242
233
230
226
217
210
204
196
183
166
149
131
116
106
96
79
58
42
33
23
13
11
20
28
25
12
-3
-16
-31
-51
-72
-89
-97
-97
-92
-85
-78
-75
-79
-86
-94
-101
-112
-125
-135
-138
-138
-139
-140
-142
-148
-154
-152
-142
-134
-133
-132
-128
-129
-141
-158
-169
-175
-178
-176
-169
-158
-151
-146
-138
-136
-146
-161
-165
-155
-143
-142
-146
-149
-150
-153
-158
-161
-158
-150
-135
-119
-106
-101
-104
-110
-113
-114
-117
-118
-114
-102
-90
-83
-81
-78
-72
-66
-58
-48
-41
-37
-31
-23
-17
-21
-31
-37
-35
-28
-18
-4
13
27
35
40
46
49
43
33
27
29
36
42
48
55
61
66
68
72
75
78
81
85
91
93
90
85
81
77
74
75
83
91
94
92
92
89
80
68
62
63
63
61
61
62
57
47
41
38
33
23
14
13
15
13
6
-3
-13
-23
-32
-37
-42
-49
-59
-65
-68
-72
-78
-84
-90
-98
-109
-117
-122
-128
-144
-166
-179
-177
-171
-173
-181
-189
-192
-192
-194
-204
-225
-252
-270
-270
-265
-266
-271
-267
-256
-250
-256
-269
-285
-305
-320
-318
-305
-291
-276
-252
-221
-201
-203
-217
-229
-244
-266
-287
-291
-276
-250
-217
-181
-149
-129
-117
-108
-102
-105
-116
-125
-126
-124
-117
-104
-84
-62
-41
-13
28
70
100
114
121
127
123
107
89
88
102
121
144
179
224
258
275
284
293
295
291
289
292
294
290
290
298
308
315
324
340
354
359
365
379
386
373
349
334
327
318
307
303
311
317
316
311
310
308
302
295
288
282
274
267
258
243
224
208
197
193
194
195
195
194
193
190
184
172
155
133
114
101
96
93
87
78
73
71
71
73
75
73
67
58
52
44
27
5
-9
-15
-16
-13
-8
-4
-5
-7
-7
-7
-14
-27
-38
-45
-50
-56
-62
-70
-81
-87
-83
-76
-73
-72
-65
-59
-62
-78
-95
-107
-117
-126
-131
-128
-123
-119
-116
-114
-116
-122
-128
-131
-135
-141
-146
-150
-156
-161
-161
-158
-156
-155
-152
-146
-142
-140
-143
-146
-150
-156
-161
-164
-162
-155
-145
-138
-135
-132
-124
-115
-112
-115
-117
-117
-118
-118
-116
-114
-113
-112
-102
-82
-61
-49
-46
-46
-45
-47
-54
-67
-81
-87
-76
-52
-31
-20
-12
2
18
22
11
-4
-11
-9
-5
-7
-13
-15
-8
5
16
20
22
26
36
46
48
40
27
18
12
8
4
0
2
11
24
36
41
39
35
34
32
26
14
4
0
-2
-6
-14
-18
-13
-6
-1
4
12
20
18
5
-10
-25
-40
-53
-62
-63
-57
-45
-31
-22
-23
-31
-42
-54
-67
-81
-88
-91
-91
-91
-88
-83
-82
-88
-96
-102
-107
-111
-116
-120
-121
-123
-127
-132
-135
-136
-137
-140
-142
-140
-136
-136
-140
-144
-143
-139
-134
-128
-122
-121
-123
-126
-128
-134
-142
-147
-144
-135
-123
-110
-96
-85
-78
-75
-74
-79
-89
-96
-92
-82
-72
-60
-43
-25
-14
-9
-4
4
10
14
20
28
37
42
46
51
58
66
76
90
107
123
137
146
150
148
144
141
142
148
159
174
193
210
222
228
231
232
229
227
227
230
232
231
232
237
243
246
249
256
263
267
266
264
260
255
248
241
233
226
225
231
238
241
241
242
243
238
228
219
211
202
193
184
176
169
164
162
159
154
150
149
147
139
125
112
104
95
84
74
68
63
58
55
54
52
47
40
32
26
20
15
9
2
-6
-12
-14
-16
-19
-23
-22
-19
-17
-20
-23
-25
-28
-35
-43
-47
-47
-47
-45
-42
-37
-32
-30
-30
-30
-33
-37
-38
-37
-36
-35
-36
-35
-35
-34
-31
-27
-23
-21
-19
-16
-14
-15
-17
-19
-19
-20
-18
-14
-8
-4
-2
-1
1
4
6
8
9
10
13
16
19
19
16
13
12
15
20
25
30
35
40
43
42
38
34
31
28
26
28
36
46
52
54
53
51
49
47
46
46
45
46
49
52
52
50
47
45
46
49
53
55
53
49
48
47
43
37
32
31
31
34
38
42
44
43
39
35
31
28
26
23
20
16
15
15
13
9
7
6
5
4
2
1
-2
-8
-15
-21
-28
-34
-37
-38
-38
-37
-34
-32
-35
-42
-51
-59
-65
-67
-67
-67
-69
-72
-73
-75
-79
-86
-91
-94
-94
-94
-94
-94
-98
-104
-110
-117
-121
-122
-120
-117
-116
-115
-113
-112
-117
-128
-137
-143
-145
-144
-141
-138
-137
-137
-135
-134
-137
-143
-146
-147
-149
-152
-152
-148
-144
-143
-144
-145
-144
-144
-142
-139
-138
-140
-140
-136
-134
-136
-139
-139
-136
-133
-130
-123
-116
-112
-112
-112
-110
-109
-107
-105
-102
-98
-94
-89
-84
-82
-83
-82
-77
-68
-62
-57
-51
-45
-42
-43
-44
-44
-41
-36
-31
-24
-16
-9
-1
8
12
10
8
9
15
20
25
29
34
38
42
47
52
55
59
66
74
78
80
81
82
81
79
79
81
85
91
97
101
103
104
105
106
102
97
94
95
97
99
98
96
92
89
88
87
85
84
83
83
81
77
73
69
64
60
57
54
51
49
47
45
41
35
30
26
23
19
14
9
5
3
0
-6
-14
-21
-24
-26
-27
-30
-34
-36
-38
-42
-49
-55
-59
-61
-63
-68
-71
-70
-68
-70
-76
-82
-86
-88
-89
-89
-89
-90
-91
-91
-90
-93
-98
-103
-104
-103
-100
-97
-95
-96
-99
-100
-99
-98
-99
-98
-96
-94
-94
-93
-93
-94
-97
-98
-95
-90
-85
-82
-80
-78
-78
-78
-78
-78
-78
-76
-74
-72
-70
-65
-60
-56
-53
-51
-49
-46
-44
-42
-40
-41
-42
-41
-38
-35
-32
-27
-22
-16
-11
-6
-4
-6
-9
-13
-16
-16
-14
-9
-5
-2
0
4
6
5
2
0
0
2
4
6
7
5
2
0
0
0
-1
-1
1
3
5
5
3
-1
-5
-8
-10
-11
-13
-15
-14
-12
-13
-15
-18
-21
-23
-23
-22
-22
-23
-24
-24
-26
-30
-35
-39
-39
-39
-39
-40
-40
-41
-43
-46
-49
-50
-49
-47
-47
-49
-50
-52
-53
-56
-60
-63
-65
-65
-64
-63
-62
-61
-61
-62
-63
-65
-67
-71
-74
-76
-76
-74
-74
-74
-74
-73
-70
-69
-70
-72
-73
-73
-73
-74
-75
-77
-77
-75
-73
-71
-70
-70
-71
-73
-73
-73
-73
-73
-70
-65
-60
-59
-60
-63
-64
-66
-67
-66
-63
-59
-56
-53
-49
-47
-48
-49
-49
-45
-42
-41
-40
-38
-35
-35
-36
-37
-35
-31
-28
-25
-22
-18
-15
-14
-16
-16
-14
-13
-13
-13
-11
-8
-6
-4
-2
1
5
9
11
13
16
18
18
16
14
13
15
16
18
21
26
31
34
36
37
37
36
36
38
39
39
40
42
44
45
45
45
46
47
48
50
51
51
52
53
53
52
50
51
53
55
57
59
60
58
56
56
57
57
55
54
55
56
58
60
61
61
60
61
63
63
61
58
56
56
56
57
58
60
60
60
60
60
60
60
59
58
56
56
55
54
52
50
49
49
50
52
53
53
53
53
52
51
48
45
42
39
38
40
41
38
37
38
40
39
36
34
32
30
28
26
23
22
21
23
23
22
20
21
22
20
18
18
17
16
12
10
9
8
7
8
9
9
8
7
5
5
5
5
5
3
2
1
0
-1
-2
-2
-2
-1
0
2
2
2
2
2
2
1
0
-1
-2
-2
0
1
2
1
2
2
2
1
2
4
5
4
5
7
8
7
6
8
9
8
8
10
13
14
13
13
13
14
14
15
17
20
20
20
20
20
21
21
20
22
26
28
29
29
30
31
31
30
30
31
31
32
33
34
34
34
34
34
34
34
33
33
34
35
35
35
34
33
32
31
30
30
29
30
31
31
29
27
26
25
24
23
22
22
23
23
21
18
17
16
15
14
14
14
14
13
12
11
10
9
8
7
6
6
7
7
7
6
5
5
4
3
3
4
4
5
5
5
5
4
4
4
4
5
6
8
8
9
9
9
9
8
9
11
13
14
14
14
15
16
17
17
18
20
22
24
25
26
27
28
29
30
31
32
34
36
38
39
40
41
42
43
43
44
45
47
47
48
51
53
54
54
55
56
57
58
59
60
61
61
62
63
63
62
63
64
65
64
64
65
66
65
65
66
66
66
66
67
68
68
68
68
69
69
67
66
65
65
64
64
63
63
63
62
62
63
63
62
60
60
59
58
56
55
55
55
55
54
54
52
50
48
46
46
45
44
42
40
40
39
38
37
35
34
34
33
31
27
25
24
22
19
17
16
15
13
12
13
13
12
10
8
7
5
2
0
-2
-4
-6
-8
-8
-8
-8
-8
-9
-10
-12
-15
-17
-19
-20
-21
-23
-24
-25
-26
-26
-26
-25
-26
-26
-26
-26
-26
-27
-29
-31
-32
-33
-33
-33
-32
-31
-31
-31
-30
-30
-29
-29
-30
-31
-32
-32
-32
-32
-32
-31
-30
-29
-28
-27
-27
-26
-25
-24
-23
-23
-23
-24
-24
-23
-23
-23
-23
-20
-18
-16
-14
-13
-12
-12
-12
-12
-12
-12
-11
-10
-9
-8
-6
-5
-4
-4
-4
-2
-1
0
0
0
0
1
0
0
-1
-2
-2
-2
-2
-1
0
1
1
0
-1
-1
-1
-1
-1
-2
-2
-3
-4
-4
-5
-5
-6
-5
-4
-3
-4
-4
-5
-5
-7
-9
-11
-12
-12
-13
-13
-13
-13
-13
-13
-13
-14
-15
-16
-15
-15
-16
-17
-19
-20
-20
-22
-22
-22
-22
-23
-22
-21
-22
-23
-23
-23
-23
-24
-25
-26
-26
-27
-26
-25
-26
-27
-27
-26
-24
-23
-23
-23
-23
-23
-24
-25
-25
-25
-24
-24
-23
-23
-22
-21
-21
-22
-21
-20
-19
-19
-19
-19
-19
-20
-21
-21
-20
-19
-19
-18
-16
-16
-16
-16
-16
-15
-15
-15
-15
-15
-14
-13
-13
-12
-12
-11
-9
-8
-8
-7
-7
-7
-7
-7
-7
-7
-7
-7
-6
-5
-3
-2
-1
0
1
2
1
-1
-1
-1
-1
-2
-2
0
1
2
2
3
3
4
4
4
3
2
2
2
1
0
0
0
0
1
1
2
2
2
2
1
-1
-2
-4
-5
-5
-5
-5
-5
-5
-5
-6
-7
-8
-8
-8
-9
-11
-13
-15
-16
-17
-18
-18
-18
-17
-17
-16
-17
-18
-19
-20
-22
-23
-24
-25
-26
-27
-26
-26
-26
-27
-27
-27
-28
-28
-29
-30
-31
-31
-31
-31
-32
-32
-32
-31
-31
-31
-31
-31
-31
-30
-31
-31
-31
-31
-31
-32
-31
-31
-30
-29
-29
-28
-28
-28
-29
-29
-28
-26
-25
-24
-23
-23
-23
-23
-23
-23
-21
-20
-19
-18
-16
-15
-15
-15
-15
-14
-13
-12
-10
-9
-9
-7
-6
-5
-5
-5
-4
-3
-2
-1
0
1
1
2
2
3
3
4
5
6
7
7
7
8
8
8
8
9
9
10
11
12
12
11
11
12
12
11
10
10
12
13
13
13
13
12
11
11
12
13
13
12
11
11
10
9
8
8
9
10
10
10
9
9
8
7
7
7
6
5
5
5
5
5
4
4
3
2
3
3
2
2
1
1
0
-1
-1
-1
-2
-2
-3
-3
-2
-2
-3
-4
-4
-4
-4
-4
-5
-5
-5
-5
-5
-5
-6
-6
-6
-5
-5
-5
-4
-4
-5
-6
-6
-5
-5
-5
-5
-4
-3
-3
-2
-2
-2
-2
-2
-3
-3
-2
-1
0
1
1
2
2
2
2
3
4
4
5
5
5
6
7
7
6
7
8
9
9
9
10
11
12
12
11
11
12
12
12
12
12
13
14
14
14
14
15
15
15
16
16
17
16
16
16
17
17
17
18
19
19
18
18
17
17
17
17
17
17
16
15
16
17
18
18
18
17
16
16
16
16
16
16
16
16
15
13
13
13
13
13
13
13
13
13
13
12
11
11
10
10
10
10
10
10
9
9
9
9
8
8
8
8
8
7
6
5
5
5
5
5
4
3
3
3
3
3
2
2
1
2
2
2
1
-1
-1
-1
-2
-2
-2
-2
-1
-1
-1
-2
-2
-1
-2
-2
-3
-3
-3
-2
-3
-4
-4
-4
-4
-4
-3
-3
-3
-3
-4
-4
-5
-5
-4
-4
-4
-4
-4
-4
-4
-5
-5
-4
-4
-4
-4
-4
-4
-4
-4
-4
-5
-5
-5
-6
-6
-6
-5
-4
-4
-5
-5
-5
-4
-4
-5
-5
-5
-5
-5
-4
-4
-4
-4
-4
-3
-3
-3
-3
-3
-3
-3
-4
-5
-5
-5
-5
-5
-4
-3
-3
-3
-3
-3
-3
-4
-5
-5
-5
-5
-5
-5
-5
-5
-5
-4
-4
-4
-5
-5
-5
-5
-5
-6
-7
-7
-7
-7
-6
-6
-6
-6
-6
-6
-7
-7
-7
-7
-7
-8
-8
-8
-8
-8
-8
-8
-7
-7
-8
-8
-8
-7
-7
-8
-9
-9
-9
-9
-9
-10
-9
-9
-9
-9
-10
-9
-9
-9
-10
-10
-10
-11
-12
-12
-10
-10
-10
-10
-10
-11
-12
-12
-11
-10
-10
-10
-10
-9
-9
-9
-9
-9
-9
-9
-9
-9
-9
-9
-9
-8
-8
-8
-8
-8
-8
-7
-6
-5
-6
-7
-7
-7
-6
-5
-5
-5
-5
-5
-5
-4
-4
-5
-5
-5
-5
-5
-5
-5
-5
-5
-5
-5
-4
-3
-3
-3
-2
-2
-2
-3
-3
-2
-2
-2
-3
-2
-2
-1
-2
-3
-2
-2
-2
-2
-2
-1
-1
-1
-1
-2
-2
-2
-2
-1
-1
-2
-2
-2
-2
-2
-2
-2
-2
-2
-1
-1
-1
-1
-2
-2
-2
-3
-3
-3
-2
-3
-3
-2
-1
-1
-2
-3
-3
-3
-3
-2
-2
-3
-4
-4
-3
-3
-3
-3
-3
-3
-3
-3
-3
-3
-3
-3
-4
-4
-3
-3
-3
-4
-4
-4
-4
-5
-5
-5
-4
-4
-5
-5
-4
-4
-5
-5
-5
-5
-5
-5
-5
-5
-5
-5
-5
-5
-5
-5
-6
-6
-5
-6
-6
-6
-6
-7
-7
-8
-7
-7
-7
-7
-7
-7
-7
-7
-7
-7
-8
-8
-8
-8
-9
-9
-9
-9
-9
-9
-9
-9
-9
-9
-9
-9
-10
-10
-9
-9
-9
-10
-10
-10
-10
-10
-10
-9
-9
-10
-10
-9
-9
-10
-10
-10
-10
-9
-9
-9
-9
-10
-10
-9
-9
-9
-10
-10
-9
-8
-9
-10
-10
-10
-10
-9
-9
-10
-10
-10
-9
-9
-9
-9
-9
-8
-9
-9
-9
-9
-9
-9
-9
-8
-8
-8
-8
-8
-7
-7
-7
-8
-9
-9
-7
-6
-7
-8
-7
-6
-6
-6
-6
-5
-5
-5
-5
-5
-5
-6
-6
-5
-5
-4
-4
-4
-4
-4
-4
-3
-3
-2
-2
-2
-2
-3
-3
-2
-2
-1
-1
-1
-1
0
0
0
0
0
1
1
1
1
2
2
2
2
3
3
4
3
3
3
4
4
5
5
5
4
4
5
6
6
5
6
7
7
7
6
6
7
7
8
8
9
9
10
10
10
10
10
10
10
10
10
10
11
12
12
12
12
12
12
12
12
12
12
13
13
13
13
14
14
14
14
14
14
15
15
15
15
14
14
14
14
15
15
15
16
15
15
16
16
16
16
16
16
16
16
16
16
17
17
16
16
16
16
16
16
17
16
16
16
16
16
16
16
17
18
17
16
16
17
17
17
16
15
16
16
17
17
16
17
17
17
16
15
16
17
17
17
17
17
16
16
16
16
16
15
15
15
14
14
15
16
16
16
15
14
13
13
13
14
13
13
12
12
13
14
14
13
12
12
12
11
11
12
12
11
10
9
10
10
8
7
8
9
9
9
8
8
8
7
6
6
6
7
7
7
6
5
5
4
3
3
4
4
3
3
3
4
4
3
2
2
2
2
2
1
0
0
-1
-1
-1
-2
-2
-2
-2
-2
-3
-4
-4
-4
-4
-4
-4
-4
-4
-5
-5
-5
-5
-6
-7
-7
-7
-7
-7
-7
-7
-7
-8
-9
-9
-9
-9
-9
-9
-9
-9
-9
-10
-10
-10
-10
-11
-11
-11
-11
-11
-12
-12
-12
-12
-13
-13
-13
-12
-12
-12
-13
-13
-13
-14
-15
-15
-16
-15
-15
-15
-16
-16
-16
-15
-15
-15
-16
-16
-15
-15
-16
-16
-16
-16
-15
-15
-15
-15
-14
-14
-14
-14
-13
-13
-14
-14
-14
-14
-15
-14
-14
-14
-13
-13
-13
-13
-13
-13
-13
-13
-13
-14
-14
-15
-15
-14
-14
-14
-14
-13
-12
-12
-13
-12
-12
-12
-13
-13
-13
-13
-14
-13
-13
-13
-13
-12
-12
-12
-13
-13
-11
-10
-10
-10
-10
-9
-10
-10
-10
-10
-9
-9
-10
-10
-9
-9
-9
-9
-8
-8
-9
-9
-9
-9
-8
-7
-7
-7
-8
-9
-8
-7
-6
-6
-7
-7
-7
-6
-6
-6
-6
-6
-6
-6
-5
-5
-5
-5
-5
-5
-4
-4
-3
-3
-3
-4
-4
-4
-4
-3
-3
-3
-3
-3
-3
-3
-3
-3
-3
-2
-2
-2
-1
-1
-1
-1
-2
-1
-1
-1
-1
-1
-1
0
0
0
-1
-1
-1
-1
0
1
1
1
1
2
2
2
1
0
0
1
1
1
1
2
2
2
2
2
2
1
0
1
2
2
2
2
3
4
4
3
2
2
2
2
2
2
2
3
3
4
4
4
3
3
3
3
3
4
3
2
2
3
3
3
2
2
2
2
2
3
3
3
3
3
3
3
3
3
3
3
3
4
3
2
1
2
2
2
2
2
2
2
2
2
1
1
1
1
1
0
0
1
1
1
2
2
2
2
2
2
2
2
1
1
2
2
1
1
2
2
2
2
2
2
2
2
2
2
2
1
1
2
2
2
2
2
2
2
2
2
2
2
1
1
1
0
0
1
1
1
1
2
2
2
1
1
1
2
1
1
1
1
1
2
2
1
1
1
2
2
2
2
2
2
2
2
3
4
4
4
5
5
4
4
4
5
5
4
5
5
5
5
5
5
5
5
5
6
7
6
6
6
7
7
6
6
7
7
8
8
8
8
8
8
8
8
8
9
9
9
9
9
10
10
10
9
9
10
11
11
11
10
11
11
12
11
11
11
12
11
11
11
10
10
10
11
11
12
12
13
13
12
13
13
13
13
13
14
15
14
13
13
13
12
11
12
13
14
13
14
15
15
15
15
16
16
15
14
15
14
13
12
13
13
14
14
14
13
14
14
15
15
15
14
13
13
13
13
13
13
13
13
13
13
14
14
14
13
12
12
12
12
12
11
11
10
10
10
10
11
12
12
10
9
9
10
9
9
9
10
9
8
7
9
9
8
7
7
7
7
6
6
5
4
2
3
4
5
5
5
4
3
3
3
4
5
4
4
4
3
2
0
-1
-1
0
0
0
1
1
1
0
0
0
-1
-2
-2
0
1
0
-2
-2
-1
-1
-2
-3
-3
-3
-4
-4
-5
-5
-6
-6
-5
-5
-6
-7
-7
-7
-7
-8
-8
-9
-9
-9
-9
-8
-8
-9
-10
-10
-9
-9
-10
-10
-9
-9
-10
-10
-11
-11
-11
-11
-11
-11
-11
-11
-12
-13
-13
-13
-12
-11
-11
-11
-12
-12
-12
-12
-12
-13
-13
-13
-13
-13
-13
-13
-13
-13
-13
-13
-13
-13
-15
-15
-14
-14
-14
-13
-13
-13
-14
-15
-15
-15
-15
-15
-14
-14
-15
-15
-14
-14
-14
-14
-13
-13
-14
-15
-15
-15
-15
-16
-15
-15
-15
-15
-15
-14
-14
-14
-14
-15
-16
-16
-15
-14
-14
-14
-15
-14
-14
-14
-14
-16
-16
-16
-15
-15
-14
-13
-13
-13
-14
-14
-14
-13
-14
-13
-13
-14
-15
-15
-15
-15
-15
-15
-14
-14
-15
-14
-13
-13
-13
-13
-13
-13
-13
-13
-12
-11
-12
-12
-12
-12
-12
-12
-11
-10
-10
-11
-11
-10
-10
-11
-11
-10
-9
-9
-9
-9
-10
-10
-9
-9
-8
-9
-10
-9
-8
-8
-9
-8
-6
-6
-7
-8
-7
-7
-8
-9
-7
-6
-7
-8
-6
-5
-5
-7
-7
-6
-7
-7
-7
-5
-4
-5
-5
-5
-5
-6
-5
-4
-4
-5
-6
-5
-4
-3
-4
-4
-3
-3
-3
-4
-4
-3
-2
-2
-2
-2
-1
0
0
-2
-3
-2
0
0
-1
-2
-2
-1
-1
-1
-1
-1
0
1
1
1
2
1
0
-1
0
0
0
0
1
2
2
2
2
2
2
1
1
0
0
0
2
3
3
2
2
2
3
3
2
3
3
3
3
4
5
5
5
4
4
4
3
2
3
5
6
5
5
5
6
5
5
5
7
7
7
7
6
6
7
7
6
5
6
7
7
6
7
8
9
9
8
8
8
7
8
9
9
9
8
8
9
8
8
7
7
7
9
10
9
8
8
9
9
8
9
10
10
10
9
9
10
9
10
10
11
10
10
9
10
10
11
12
11
10
10
10
9
9
10
12
12
12
12
12
11
10
11
11
11
11
11
10
9
9
10
10
9
10
12
13
12
11
12
14
13
12
10
10
10
9
10
12
13
12
11
11
11
10
9
10
13
14
13
11
10
9
9
10
11
12
12
12
12
11
10
10
11
13
13
11
9
9
9
10
11
12
9
7
8
10
12
11
10
11
11
11
10
10
10
9
8
7
7
7
7
8
8
8
7
6
7
9
9
9
7
6
6
5
4
4
6
8
8
8
7
8
8
7
5
4
4
5
4
3
3
3
3
4
4
4
4
4
4
4
3
2
1
1
1
2
2
2
1
0
0
0
1
1
1
1
0
-1
-2
-3
-2
-2
-2
-2
-3
-4
-5
-6
-6
-5
-5
-5
-5
-5
-5
-5
-5
-6
-5
-4
-4
-6
-8
-10
-10
-9
-9
-10
-11
-11
-10
-9
-9
-10
-11
-13
-13
-13
-12
-11
-10
-11
-12
-13
-14
-14
-13
-13
-12
-12
-13
-14
-15
-14
-13
-13
-15
-15
-14
-13
-14
-15
-15
-15
-15
-15
-14
-15
-16
-17
-17
-16
-17
-18
-19
-19
-19
-19
-19
-19
-18
-16
-17
-18
-20
-20
-19
-18
-19
-20
-20
-18
-16
-15
-16
-17
-18
-19
-20
-20
-21
-20
-18
-17
-17
-17
-17
-16
-16
-17
-16
-16
-16
-16
-16
-17
-18
-18
-18
-18
-19
-19
-19
-17
-16
-17
-18
-17
-15
-15
-16
-17
-16
-15
-16
-18
-18
-16
-16
-17
-16
-15
-15
-17
-17
-15
-15
-16
-17
-18
-18
-18
-16
-14
-12
-11
-10
-11
-13
-14
-12
-8
-8
-10
-12
-13
-13
-14
-14
-11
-10
-11
-12
-11
-9
-7
-8
-9
-10
-12
-14
-15
-14
-12
-10
-9
-9
-9
-9
-9
-11
-10
-8
-7
-8
-10
-10
-9
-8
-7
-6
-5
-5
-3
0
4
3
-1
-4
-3
-1
-3
-6
-6
-4
-2
-2
-1
1
1
-1
-2
0
2
2
1
-1
-2
-3
-4
-4
-2
0
3
5
7
7
7
5
3
0
-1
0
1
1
1
2
2
2
3
5
7
7
6
7
8
8
6
5
5
4
3
3
4
3
2
2
5
7
7
7
7
7
6
6
5
6
8
10
11
8
6
7
9
8
6
8
14
17
16
12
10
12
12
9
7
7
9
10
10
12
14
15
13
13
16
18
19
20
21
21
20
19
19
17
13
11
14
16
13
10
12
17
20
19
19
20
20
18
17
18
19
19
19
20
21
20
19
19
18
19
22
23
23
21
21
22
23
23
22
21
19
17
16
16
17
18
20
21
19
16
17
21
23
20
17
16
16
15
16
18
19
16
14
14
17
19
20
22
25
26
26
24
22
20
19
17
16
16
16
17
19
22
24
25
24
22
20
18
19
22
24
27
29
30
29
28
28
28
26
23
22
23
23
20
17
16
16
13
13
16
17
15
15
20
23
21
20
22
23
19
14
16
20
19
15
15
18
16
13
16
23
24
24
35
59
78
81
74
66
57
42
20
0
-13
-19
-18
-12
-4
2
8
13
14
12
13
14
10
1
-9
-12
-10
-10
-13
-13
-9
-6
-3
1
5
6
4
-1
-5
-8
-10
-11
-11
-10
-9
-8
-6
-5
-4
-4
-4
-4
-6
-11
-16
-18
-18
-19
-21
-22
-20
-15
-13
-12
-12
-11
-10
-9
-6
-5
-6
-5
-3
-5
-10
-15
-18
-18
-20
-23
-25
-28
-30
-28
-21
-11
-1
9
19
24
21
15
10
3
-8
-16
-20
-17
-12
-5
1
4
3
3
2
-2
-9
-12
-9
-7
-9
-13
-15
-16
-20
-22
-19
-16
-17
-18
-14
-8
-5
-7
-8
-7
-6
-6
-6
-7
-11
-16
-19
-20
-21
-22
-21
-16
-11
-9
-9
-9
-9
-10
-14
-19
-19
-15
-9
-6
-3
1
5
6
6
4
-2
-12
-19
-18
-16
-21
-31
-38
-37
-34
-25
-8
14
29
30
22
9
-8
-23
-28
-17
0
12
11
2
-9
-19
-27
-33
-31
-18
5
28
41
39
27
14
8
9
8
0
-10
-13
-9
-10
-13
-7
9
26
32
31
30
22
5
-12
-19
-22
-30
-36
-28
-13
-4
-6
-6
4
12
8
-2
-6
-3
-3
-13
-24
-25
-20
-17
-18
-16
-10
-4
-2
3
12
14
2
-14
-19
-18
-22
-27
-20
-4
5
3
4
12
17
15
12
14
15
9
5
9
10
1
-7
-1
16
30
38
45
52
52
47
45
45
42
35
30
30
29
21
7
-5
-13
-17
-20
-21
-19
-12
-6
-7
-14
-15
-7
1
2
-3
-4
3
9
9
7
5
6
6
4
-2
-10
-12
-5
6
9
-2
-20
-34
-44
-47
-39
-20
4
28
51
62
51
20
-8
-17
-20
-37
-63
-80
-83
-82
-75
-48
-3
38
67
97
126
127
91
43
9
-16
-44
-61
-44
-6
25
40
53
63
54
31
8
-9
-30
-52
-64
-64
-60
-50
-23
13
37
37
32
31
26
13
5
10
14
5
-9
-14
-13
-5
12
37
53
48
31
12
-14
-49
-78
-85
-76
-59
-32
7
42
59
58
49
35
12
-13
-28
-40
-55
-66
-58
-36
-14
9
41
69
78
65
42
12
-29
-69
-90
-86
-72
-55
-32
-3
24
44
60
68
60
39
15
-5
-23
-39
-46
-46
-43
-34
-16
4
15
16
20
26
21
-1
-23
-31
-32
-34
-31
-16
4
16
18
18
14
1
-23
-41
-47
-48
-53
-57
-50
-34
-19
-5
16
39
47
35
22
18
11
-15
-53
-82
-86
-71
-46
-19
4
26
62
113
145
125
65
6
-27
-45
-61
-73
-70
-50
-20
11
37
57
77
96
97
62
-1
-67
-115
-137
-129
-90
-36
11
44
66
77
70
43
3
-42
-80
-99
-101
-93
-78
-52
-17
12
19
9
-5
-15
-20
-21
-19
-22
-33
-39
-42
-50
-65
-69
-55
-38
-30
-25
-18
-18
-27
-35
-32
-32
-42
-44
-27
-13
-25
-44
-38
-17
-12
-20
-4
40
68
51
15
0
9
13
4
1
13
25
28
25
23
19
10
6
13
23
28
31
39
49
46
27
5
-6
-7
-7
-7
3
27
56
76
78
63
42
22
6
-8
-16
-17
-17
-22
-33
-42
-46
-49
-53
-52
-35
-4
26
44
53
66
82
92
83
58
25
-13
-52
-80
-89
-89
-86
-65
-8
62
100
99
88
82
60
8
-55
-106
-143
-160
-132
-63
5
41
67
96
96
51
7
-4
-24
-92
-161
-154
-85
-32
-21
-2
39
56
34
22
42
50
25
2
1
-11
-48
-70
-51
-20
-16
-22
-8
10
2
-13
4
45
70
69
64
54
17
-39
-81
-89
-68
-31
12
49
70
76
75
70
55
30
4
-22
-49
-65
-67
-63
-63
-54
-30
-2
16
32
51
58
38
3
-23
-42
-69
-99
-104
-86
-73
-73
-61
-26
5
4
-15
-25
-23
-33
-53
-68
-72
-79
-92
-96
-85
-77
-89
-104
-92
-59
-32
-28
-31
-27
-24
-37
-60
-77
-83
-88
-89
-75
-46
-20
-11
-14
-14
-7
4
20
36
40
23
-7
-30
-36
-36
-37
-30
3
56
101
119
113
96
66
25
-5
2
34
51
43
38
57
80
79
60
43
33
19
5
5
16
24
29
42
60
70
75
85
89
68
32
11
12
12
-3
-19
-14
10
40
62
67
50
22
4
-5
-26
-52
-48
-1
54
76
60
23
-23
-67
-92
-80
-42
-3
23
30
13
-25
-56
-54
-29
-15
-25
-38
-38
-29
-20
-9
9
29
46
60
69
57
22
-16
-30
-29
-38
-53
-41
9
60
76
63
48
33
8
-18
-25
-25
-46
-79
-78
-32
22
57
84
114
117
78
26
-6
-24
-52
-81
-78
-41
1
30
62
105
137
139
118
84
28
-49
-123
-158
-147
-111
-72
-27
28
82
122
143
150
136
95
38
-13
-54
-92
-125
-130
-99
-44
20
86
143
175
170
135
80
10
-52
-77
-65
-56
-73
-90
-76
-39
-3
35
88
140
149
91
-9
-99
-141
-129
-86
-34
16
63
97
98
71
44
30
15
2
9
34
43
33
31
43
44
31
38
70
75
21
-40
-40
-2
8
-5
14
66
99
88
62
37
8
-12
2
34
39
7
-12
12
45
55
53
59
55
32
20
38
55
38
4
-14
-20
-36
-51
-33
11
34
24
20
44
65
50
12
-18
-36
-59
-81
-90
-85
-74
-44
17
83
106
76
29
-5
-34
-70
-100
-102
-80
-52
-20
23
65
84
70
42
19
2
-22
-64
-121
-164
-173
-145
-97
-40
26
95
140
143
111
72
40
11
-20
-51
-83
-113
-118
-69
27
117
152
142
135
146
132
54
-58
-132
-135
-99
-63
-38
-15
10
41
86
143
187
194
159
99
29
-41
-103
-148
-166
-141
-70
18
74
80
59
40
32
34
44
52
43
14
-20
-56
-103
-145
-137
-63
31
84
93
90
89
77
46
2
-40
-61
-55
-45
-58
-78
-50
38
113
106
49
31
66
85
57
32
52
88
90
53
8
-24
-43
-52
-58
-72
-84
-68
-26
-2
-26
-60
-49
7
64
84
68
40
17
-8
-60
-133
-177
-145
-58
7
10
-15
-29
-46
-83
-103
-69
-13
10
-2
-14
-20
-38
-64
-76
-73
-85
-109
-108
-66
-12
25
49
59
47
16
-16
-52
-101
-144
-140
-86
-26
-1
-2
-5
-6
-13
-15
9
43
55
33
-4
-31
-37
-23
-2
12
16
14
11
4
-13
-45
-78
-87
-61
-16
25
51
63
61
42
15
4
14
20
-2
-40
-71
-90
-99
-88
-41
30
85
105
100
79
37
-28
-93
-128
-123
-97
-68
-36
-3
19
29
41
65
81
65
19
-29
-63
-85
-95
-80
-44
-16
-16
-27
-19
12
47
71
78
64
38
10
-16
-49
-82
-91
-63
-16
24
52
78
102
109
88
43
-16
-72
-107
-114
-103
-77
-27
38
93
118
123
126
127
109
65
0
-70
-125
-144
-125
-91
-63
-24
52
154
218
200
125
46
-15
-78
-137
-147
-85
-4
28
11
4
29
42
16
-8
9
45
50
31
31
60
71
36
-17
-46
-48
-54
-68
-64
-21
47
103
116
82
29
-14
-30
-19
5
26
32
21
-5
-42
-80
-106
-108
-83
-43
-7
13
31
65
114
150
147
102
26
-69
-165
-236
-265
-258
-215
-117
43
213
313
316
262
192
97
-30
-166
-274
-334
-328
-241
-89
73
195
268
298
278
201
98
7
-65
-134
-191
-202
-156
-78
9
91
165
222
242
212
134
34
-54
-107
-116
-90
-53
-28
-16
0
25
43
51
67
105
132
103
21
-56
-88
-91
-92
-91
-71
-32
9
41
68
97
119
114
70
9
-39
-65
-86
-114
-135
-122
-74
-13
42
90
126
138
119
73
9
-67
-135
-168
-150
-89
-23
20
46
76
106
108
77
40
16
-13
-60
-101
-101
-64
-29
-15
-2
34
83
111
94
41
-12
-28
-8
5
-18
-58
-73
-61
-44
-31
-8
28
61
72
57
30
4
-15
-24
-20
0
19
9
-33
-74
-74
-36
1
17
32
53
58
32
-10
-54
-103
-139
-131
-81
-23
16
40
55
54
37
21
9
-19
-63
-86
-63
-24
-7
-3
9
25
35
50
70
67
29
-16
-37
-46
-63
-76
-55
-4
47
85
117
132
108
61
31
35
49
47
25
-8
-37
-50
-44
-25
4
44
87
118
122
102
63
7
-48
-70
-58
-56
-92
-135
-129
-76
-19
16
39
62
75
76
70
44
-26
-126
-202
-219
-196
-155
-98
-32
17
40
61
89
96
55
-2
-31
-42
-75
-136
-177
-166
-110
-31
45
83
67
19
-25
-53
-74
-92
-98
-90
-80
-70
-57
-42
-26
4
50
82
67
22
-1
7
11
-14
-54
-81
-80
-55
-15
27
63
89
103
96
72
52
44
21
-38
-97
-99
-45
17
61
96
125
122
80
24
-19
-45
-61
-66
-49
-13
28
50
48
31
26
33
25
-18
-74
-106
-109
-105
-92
-51
11
62
86
89
75
35
-29
-89
-120
-125
-114
-84
-28
38
83
94
80
52
14
-34
-77
-94
-81
-62
-61
-71
-66
-35
4
37
57
60
36
-9
-52
-67
-56
-34
-16
0
13
23
31
33
19
-7
-20
-5
26
47
49
35
11
-22
-55
-71
-67
-58
-50
-35
-6
25
41
45
56
79
99
98
73
30
-22
-70
-91
-78
-46
-14
20
66
116
145
139
111
77
36
-14
-63
-98
-117
-119
-103
-67
-21
21
48
63
71
73
66
54
35
3
-47
-103
-139
-141
-116
-81
-38
19
69
78
43
3
-18
-37
-74
-108
-103
-66
-30
-7
24
65
84
61
15
-36
-96
-164
-199
-168
-93
-25
19
63
123
175
187
148
71
-21
-103
-155
-177
-177
-152
-87
14
106
148
139
116
104
92
60
8
-47
-98
-145
-171
-144
-63
28
81
95
107
123
110
57
-4
-43
-70
-103
-118
-92
-46
-17
-1
37
85
92
48
9
16
39
31
0
-19
-24
-36
-40
-9
38
52
21
-5
5
20
9
-9
1
35
51
34
8
2
19
43
67
81
73
41
-9
-69
-132
-175
-168
-103
-15
55
96
120
133
121
74
12
-40
-69
-84
-96
-106
-101
-78
-41
9
68
115
125
93
48
8
-40
-106
-157
-149
-85
-25
-5
-5
8
33
55
74
94
90
44
-23
-71
-89
-98
-98
-70
-10
53
88
96
90
74
48
16
-20
-57
-89
-111
-121
-115
-83
-19
56
110
124
116
108
91
43
-28
-87
-106
-94
-75
-56
-27
10
36
39
33
41
60
74
75
66
43
5
-31
-37
-8
27
39
28
16
10
4
-1
9
45
99
140
143
97
25
-37
-65
-58
-33
-12
-13
-32
-42
-24
15
48
67
82
90
63
-8
-83
-110
-85
-46
-22
-7
6
4
-22
-44
-25
33
82
81
32
-31
-81
-107
-102
-68
-27
-1
3
-3
-10
-23
-44
-57
-49
-26
-12
-23
-52
-74
-66
-28
19
49
53
34
2
-37
-64
-62
-36
-8
11
26
44
52
38
10
-7
-10
-15
-30
-45
-54
-56
-48
-27
5
38
64
77
67
33
-2
-7
17
41
50
56
64
47
-7
-63
-74
-38
10
46
74
88
69
25
-2
6
27
32
30
34
30
-9
-69
-107
-101
-72
-40
-1
45
69
49
2
-27
-22
2
22
34
38
25
-1
-22
-24
-16
-12
-16
-22
-26
-27
-18
8
45
78
99
98
69
9
-56
-88
-67
-13
27
31
14
8
23
44
56
64
77
88
82
53
19
-3
-3
21
64
101
98
51
-9
-49
-67
-72
-60
-26
19
64
110
150
163
133
78
31
-5
-47
-93
-120
-122
-110
-84
-28
54
132
178
185
160
104
32
-30
-64
-83
-102
-116
-105
-70
-30
8
48
86
106
96
64
20
-29
-76
-104
-99
-70
-39
-22
-9
12
40
62
67
56
36
9
-18
-36
-41
-38
-35
-25
-1
32
54
59
58
63
69
63
46
29
12
-10
-33
-40
-27
-10
3
27
68
107
118
104
87
68
33
-14
-47
-52
-42
-35
-26
-2
28
46
50
54
68
81
84
72
46
5
-46
-88
-94
-58
-8
23
30
28
20
1
-15
-3
35
60
45
8
-19
-28
-33
-34
-18
13
39
51
56
51
25
-14
-50
-76
-86
-72
-27
31
79
106
116
107
75
34
3
-18
-41
-55
-45
-26
-26
-36
-21
27
71
89
91
90
74
31
-18
-42
-37
-25
-16
-6
5
17
34
54
64
57
40
19
-2
-18
-24
-25
-33
-40
-26
14
48
42
-3
-53
-80
-81
-59
-21
17
43
53
52
42
24
9
6
12
9
-18
-66
-112
-129
-102
-42
19
55
64
60
52
37
3
-45
-92
-115
-110
-87
-57
-19
28
71
88
75
48
25
11
-4
-26
-53
-72
-70
-45
-11
18
37
53
63
58
34
-2
-36
-57
-56
-29
7
23
11
-3
9
38
55
47
30
22
18
11
5
9
16
13
6
7
10
-2
-23
-27
-4
13
-6
-42
-51
-23
11
27
32
38
36
14
-14
-30
-32
-35
-40
-34
-13
2
0
-7
0
14
9
-21
-44
-29
18
57
65
50
26
-7
-45
-77
-95
-104
-103
-70
0
70
94
72
52
58
67
43
-12
-64
-84
-67
-32
-6
-6
-19
-22
-4
18
30
34
36
32
14
-7
-16
-14
-12
-16
-20
-23
-34
-50
-55
-35
6
43
60
57
50
41
21
-10
-36
-42
-32
-22
-21
-30
-43
-53
-48
-23
6
15
6
-1
3
2
-19
-46
-55
-42
-20
-6
-1
-3
-15
-32
-37
-20
2
7
1
6
23
32
18
-2
-11
-20
-47
-80
-89
-69
-42
-23
3
38
64
66
58
53
43
17
-10
-21
-22
-32
-54
-74
-79
-69
-41
3
49
78
95
108
113
95
57
14
-26
-59
-78
-76
-61
-50
-44
-26
9
45
58
47
27
15
15
21
25
24
19
7
-16
-42
-54
-52
-47
-45
-39
-21
-2
8
17
37
63
74
63
41
12
-31
-91
-143
-165
-155
-127
-86
-29
39
95
114
99
76
63
49
16
-33
-72
-87
-88
-84
-65
-26
14
31
33
43
63
68
49
24
11
2
-24
-67
-106
-122
-110
-77
-33
16
66
106
116
91
50
18
-1
-22
-53
-83
-100
-108
-107
-84
-35
18
49
58
61
61
42
4
-36
-64
-81
-90
-85
-67
-54
-49
-38
-6
35
62
69
64
55
42
37
42
43
21
-17
-48
-62
-73
-77
-56
-3
54
84
81
61
38
20
10
6
2
-4
-7
-4
-8
-32
-67
-84
-63
-17
24
47
59
74
85
71
36
3
-16
-32
-54
-64
-50
-27
-15
-6
22
59
70
50
33
31
22
-12
-49
-63
-61
-59
-56
-41
-15
5
18
31
44
49
44
28
-1
-39
-69
-75
-63
-49
-33
-12
8
14
7
-2
-5
-3
2
11
19
11
-18
-56
-85
-93
-81
-62
-43
-26
-6
16
31
39
45
47
39
19
-7
-39
-79
-117
-128
-96
-36
27
70
84
73
57
56
68
67
42
12
-6
-21
-50
-87
-105
-93
-61
-20
27
74
105
111
98
72
36
-2
-28
-39
-48
-60
-64
-45
-10
16
20
14
19
37
52
52
43
32
19
1
-16
-24
-23
-25
-35
-44
-36
-9
27
57
78
85
76
53
28
14
10
9
1
-15
-31
-43
-47
-37
-15
13
38
55
69
80
82
71
52
33
9
-24
-60
-80
-73
-47
-20
-3
9
18
23
23
20
17
10
0
-3
7
13
-5
-37
-51
-37
-21
-30
-51
-56
-37
-13
5
22
42
51
32
-3
-33
-45
-46
-43
-40
-38
-39
-41
-38
-26
-13
-12
-24
-27
-9
16
23
11
5
20
35
24
-9
-35
-42
-34
-21
-8
-9
-30
-50
-43
-11
20
38
56
80
93
75
35
-3
-25
-31
-20
-4
1
-7
-11
1
17
28
38
52
67
70
64
57
48
26
-5
-29
-36
-38
-49
-61
-61
-45
-21
-2
16
36
50
44
21
0
-11
-20
-32
-40
-35
-27
-26
-27
-20
-11
-13
-19
-16
-6
-6
-14
-13
-2
-2
-18
-28
-21
-12
-15
-19
-5
17
27
24
18
9
-10
-27
-23
-2
13
15
13
11
7
-1
-2
3
11
17
23
25
16
5
10
31
50
51
39
24
10
-1
-1
12
27
35
40
45
42
27
15
22
43
54
45
26
8
-12
-32
-41
-29
2
34
53
55
42
22
8
6
17
28
30
13
-13
-33
-41
-41
-38
-26
-2
27
44
42
27
1
-31
-59
-69
-66
-60
-54
-42
-25
-13
-8
2
17
29
33
31
23
-2
-38
-63
-62
-45
-28
-9
14
29
21
0
-14
-13
-2
12
23
24
6
-23
-51
-67
-66
-45
-8
29
49
49
42
28
9
-8
-11
3
24
43
49
36
10
-10
-10
7
33
60
82
83
53
9
-21
-24
-13
5
24
33
20
-7
-27
-26
-12
8
29
50
60
55
40
27
17
12
11
10
4
-5
-9
-6
-1
6
20
34
41
35
25
15
-1
-21
-35
-35
-29
-26
-21
-7
8
14
12
7
1
-8
-14
-10
1
7
2
-10
-22
-34
-44
-44
-32
-15
0
10
15
14
5
-4
-8
-7
-10
-20
-32
-40
-42
-38
-31
-21
-11
-3
3
9
17
23
20
10
2
5
14
20
13
-3
-21
-35
-38
-28
-7
16
36
55
72
80
71
50
33
29
28
16
-5
-27
-38
-32
-5
34
65
74
67
60
53
43
26
10
-3
-14
-21
-19
-9
2
6
6
7
10
18
30
42
47
40
20
-9
-36
-51
-50
-37
-18
5
31
51
50
31
11
0
-3
-2
1
3
-2
-10
-13
-9
-3
0
5
13
19
20
23
29
30
17
0
-11
-18
-28
-37
-33
-17
3
23
41
52
43
20
5
9
19
16
3
-5
-7
-10
-19
-27
-24
-11
6
23
34
37
29
19
14
18
24
28
32
36
37
27
6
-15
-23
-17
-4
9
20
29
34
34
31
28
24
18
10
2
-5
-10
-11
-8
-5
-2
1
5
10
16
25
32
32
22
9
0
-7
-14
-23
-30
-35
-35
-30
-22
-15
-12
-12
-12
-8
-1
9
16
14
3
-13
-29
-43
-52
-52
-40
-27
-22
-23
-23
-16
-9
-6
-6
-8
-11
-15
-14
-10
-12
-18
-21
-18
-16
-21
-27
-25
-14
-2
5
8
8
5
3
5
10
16
20
19
13
4
-2
1
9
14
13
10
6
1
-8
-17
-19
-12
-1
8
11
11
9
9
8
8
6
3
-2
-8
-14
-19
-23
-26
-25
-19
-10
-3
0
2
2
-1
-11
-27
-41
-49
-48
-43
-35
-26
-17
-3
16
33
37
20
-5
-27
-40
-49
-54
-50
-38
-26
-18
-12
-9
-12
-20
-21
-10
3
6
-3
-11
-15
-20
-28
-35
-32
-23
-13
-3
7
16
20
21
21
18
11
1
-6
-9
-9
-8
-5
-1
1
0
-2
-1
5
11
12
6
-2
-9
-13
-16
-16
-9
4
17
26
27
23
15
6
-2
-12
-24
-36
-40
-36
-27
-18
-11
-5
0
7
17
28
30
19
-2
-24
-43
-58
-66
-62
-47
-28
-14
-9
-10
-12
-9
-1
7
11
8
-3
-20
-38
-51
-56
-54
-47
-34
-14
6
17
16
7
-5
-14
-15
-9
-1
3
-1
-9
-16
-17
-16
-13
-7
2
9
12
11
9
8
3
-4
-9
-5
2
4
0
-7
-12
-16
-18
-13
-3
5
6
5
3
-5
-20
-36
-43
-41
-33
-23
-9
4
10
8
2
-5
-11
-15
-13
-7
-4
-5
-7
-7
-6
-8
-8
-6
-2
5
13
20
20
14
5
-5
-20
-37
-46
-41
-27
-13
-3
5
6
-2
-17
-26
-22
-12
-6
-7
-7
-6
-10
-23
-38
-45
-43
-34
-24
-11
2
8
4
-4
-10
-16
-20
-21
-15
-4
5
9
10
8
4
1
1
2
2
0
2
7
8
4
1
0
2
5
9
14
18
20
20
20
14
5
-1
0
5
8
9
8
7
5
2
1
1
1
0
-2
-4
-7
-9
-11
-12
-9
-2
8
12
8
-1
-10
-18
-22
-21
-17
-16
-21
-27
-28
-27
-28
-30
-29
-26
-23
-23
-23
-26
-31
-38
-42
-44
-46
-47
-45
-40
-35
-34
-35
-36
-35
-33
-31
-29
-27
-27
-30
-37
-44
-46
-41
-35
-31
-27
-24
-27
-35
-41
-34
-19
-4
5
12
15
10
-3
-16
-20
-17
-13
-11
-13
-18
-27
-32
-27
-11
7
22
31
34
31
20
8
0
-2
-1
-2
-7
-13
-18
-20
-19
-15
-5
9
22
31
32
29
23
17
14
13
10
5
-2
-9
-13
-15
-12
-7
1
9
16
19
18
15
11
10
11
13
13
10
4
-2
-4
-4
-4
-2
4
13
21
23
24
26
27
22
12
3
-1
-3
-3
1
9
17
22
24
27
31
30
25
18
14
14
12
7
2
3
9
15
17
18
20
22
23
23
23
20
14
7
1
-5
-10
-10
-4
6
15
20
21
20
17
13
11
12
14
14
13
12
6
-2
-8
-8
-3
2
7
13
18
20
17
12
7
2
-5
-13
-19
-22
-24
-22
-14
-5
-2
-5
-4
2
5
0
-6
-9
-9
-11
-11
-6
-1
-2
-7
-6
1
6
8
12
20
23
18
11
9
7
4
4
13
23
23
17
16
19
18
11
8
13
21
25
22
19
19
19
19
19
18
15
13
13
16
20
23
23
22
21
21
17
9
0
-2
5
12
13
9
5
1
-2
0
6
13
15
13
9
3
-4
-11
-14
-13
-7
1
8
10
9
6
4
1
-7
-16
-22
-21
-17
-13
-9
-4
2
6
9
11
14
16
16
15
14
15
13
9
3
-1
-3
-3
-2
0
5
9
12
15
17
16
13
9
3
-1
-4
-4
-4
-4
-2
-1
1
0
-1
-2
-1
1
3
7
10
9
2
-7
-13
-17
-17
-13
-5
-1
-1
0
1
0
-5
-7
-4
0
-1
-4
-4
-2
-4
-8
-7
-2
3
4
5
8
9
7
8
13
18
18
16
13
9
2
-2
-1
3
7
9
15
22
26
26
24
24
23
23
23
25
25
22
17
13
10
6
4
4
7
10
15
23
30
32
27
18
13
14
18
20
20
19
15
7
0
-4
-4
-3
-4
-3
2
9
10
5
2
5
11
13
9
5
3
5
7
7
7
5
2
0
0
2
2
2
6
16
24
25
16
4
-5
-8
-7
-4
0
5
9
12
12
10
8
8
9
8
6
4
2
1
2
5
6
6
5
7
9
10
11
12
13
10
7
5
4
0
-6
-9
-6
-1
2
4
9
14
17
15
13
13
11
8
5
3
-1
-5
-9
-8
-5
-4
-3
-1
4
7
9
11
13
13
10
6
2
-3
-6
-5
-2
0
1
1
1
0
-4
-7
-5
-1
5
8
9
9
7
2
-1
-2
0
0
-1
-2
-3
-5
-9
-11
-9
-5
0
4
6
8
8
7
6
7
10
11
7
1
-4
-8
-11
-13
-13
-9
-5
0
6
13
17
16
14
14
15
13
8
3
-1
-4
-7
-9
-6
0
5
10
15
20
21
19
16
13
10
5
0
-2
-2
-2
-3
-3
-1
3
6
8
10
12
14
13
9
4
0
-4
-8
-10
-9
-7
-5
-3
-1
1
2
0
0
2
3
2
-1
-5
-9
-13
-17
-19
-18
-14
-11
-10
-9
-7
-5
-4
-3
-3
-3
-5
-7
-11
-15
-17
-18
-17
-16
-13
-9
-6
-5
-6
-7
-7
-5
-4
-2
-2
-3
-6
-10
-11
-10
-8
-6
-5
-2
-1
-1
-5
-7
-8
-8
-7
-6
-4
-2
-2
-3
-2
-1
-2
-2
-2
-1
0
0
0
1
0
-4
-8
-9
-7
-6
-6
-5
-1
3
6
7
6
4
0
-5
-9
-12
-15
-16
-14
-12
-9
-8
-8
-8
-7
-3
3
9
11
9
6
3
-2
-7
-12
-14
-15
-15
-15
-12
-9
-5
-2
1
2
5
7
7
4
-2
-8
-13
-15
-14
-14
-13
-11
-9
-6
-3
-1
0
-1
-1
-1
0
-1
-3
-4
-5
-6
-7
-6
-4
-3
-3
-4
-2
0
1
0
0
2
2
1
0
-1
-2
-5
-7
-8
-8
-8
-6
-2
2
3
3
1
0
-1
-1
-2
-4
-8
-11
-12
-11
-13
-16
-17
-13
-8
-5
-2
1
4
5
4
3
2
0
-4
-7
-10
-12
-13
-14
-14
-12
-9
-4
0
2
4
6
7
6
3
0
-2
-3
-5
-7
-8
-7
-7
-6
-6
-3
2
6
9
9
8
6
5
3
4
5
5
2
-1
-4
-6
-8
-11
-12
-9
-4
1
4
5
5
4
3
3
2
1
-1
-2
-4
-6
-8
-9
-10
-9
-8
-7
-7
-8
-7
-5
-3
-2
-2
-2
0
0
-2
-6
-8
-10
-10
-8
-5
-4
-3
-3
-3
-3
-4
-5
-5
-1
4
8
9
8
5
3
0
-3
-5
-5
-1
2
3
3
3
4
4
5
5
5
5
4
3
3
3
2
2
2
2
3
4
5
6
7
8
9
7
5
2
-1
-4
-5
-5
-3
-2
-1
-1
-1
-1
0
1
2
3
4
5
5
3
0
-3
-5
-6
-4
-1
1
2
2
4
7
8
8
7
6
5
4
4
3
2
0
-1
0
1
2
2
2
2
2
4
5
5
5
4
4
3
3
4
3
2
0
0
2
1
-1
-2
-2
-3
-5
-7
-6
-4
-1
2
5
7
8
7
7
6
5
3
1
-1
-3
-3
-2
-2
-3
-3
-2
1
4
5
7
9
9
7
4
0
-5
-9
-12
-12
-11
-9
-6
-2
4
8
9
7
5
3
1
-2
-4
-6
-6
-5
-5
-5
-5
-5
-4
-2
0
3
5
6
6
5
3
0
-3
-3
-2
1
5
7
9
10
10
10
9
7
5
2
0
-2
-4
-4
-5
-5
-4
-2
-1
2
4
4
4
3
2
2
0
-2
-3
-3
-3
-3
-3
-2
-2
-2
0
2
4
3
2
1
2
1
-1
-4
-5
-5
-5
-6
-6
-6
-6
-6
-6
-5
-5
-5
-4
-3
-2
-2
-4
-5
-4
-2
-1
-1
-2
-3
-5
-5
-6
-6
-6
-5
-2
-1
1
1
2
2
1
1
3
6
6
4
2
1
0
-1
-2
-1
2
4
6
6
6
5
5
5
6
7
8
7
6
5
3
1
-1
-2
-1
1
2
2
3
2
1
-1
-1
-1
0
1
2
3
3
2
1
1
0
0
0
2
5
6
7
6
6
5
4
3
3
3
4
5
5
3
1
-1
-2
-3
-4
-4
-3
-2
-2
-1
-1
-2
-3
-4
-5
-5
-5
-5
-5
-6
-6
-5
-6
-7
-7
-6
-6
-5
-4
-2
-1
-2
-3
-3
-3
-3
-3
-2
-1
-1
-1
1
3
3
4
5
7
7
6
6
7
7
6
6
7
8
8
9
9
9
9
9
9
7
6
6
7
7
5
2
1
0
0
1
1
1
0
0
1
1
0
0
2
2
3
2
1
0
-2
-2
-2
-2
-3
-2
-2
-3
-5
-8
-9
-9
-8
-8
-8
-9
-11
-11
-11
-11
-11
-10
-9
-10
-11
-13
-13
-13
-13
-13
-13
-13
-14
-15
-16
-16
-16
-16
-16
-16
-16
-15
-15
-16
-17
-18
-17
-15
-13
-11
-9
-8
-7
-6
-5
-5
-5
-5
-5
-5
-4
-4
-4
-5
-6
-6
-4
-2
-1
1
2
4
4
3
2
2
1
0
0
1
1
1
2
3
4
5
5
6
7
7
7
6
4
3
2
1
0
-1
-1
0
0
1
2
4
5
5
6
5
3
1
0
-1
-2
-2
-2
-1
-1
-2
-3
-2
-1
-1
-2
-3
-3
-3
-3
-2
-2
-3
-4
-5
-5
-5
-5
-3
-2
-2
-2
-2
-1
-2
-3
-4
-4
-3
-2
-2
-1
0
0
0
1
2
2
2
2
2
3
3
2
1
1
0
0
0
1
2
3
3
3
3
2
1
1
1
1
0
-1
-1
0
-1
-2
-2
-2
-1
-1
-1
-1
-1
-2
-2
-3
-4
-4
-4
-5
-6
-6
-6
-5
-5
-6
-5
-5
-4
-5
-5
-5
-5
-6
-6
-7
-7
-7
-7
-6
-6
-5
-4
-3
-2
-1
-1
-1
-2
-3
-3
-3
-3
-4
-4
-5
-5
-4
-3
-3
-2
-1
0
0
0
1
2
3
2
1
0
-1
-2
-2
-2
-2
-1
0
1
1
0
0
1
2
2
1
1
1
0
-1
-1
-2
-2
-3
-2
-2
-2
-3
-2
-2
-1
-1
0
0
-1
-2
-2
-2
-2
-2
-1
-1
-2
-3
-4
-5
-5
-5
-5
-5
-4
-3
-3
-4
-3
-2
-1
0
0
1
0
0
-1
-1
-1
-1
-2
-2
-2
-2
-2
-3
-2
1
3
4
4
3
3
2
1
0
0
0
1
1
1
0
-1
-1
-1
1
3
4
5
5
7
8
7
5
4
4
3
2
1
0
1
2
2
2
2
1
0
0
1
1
1
1
1
2
2
2
2
2
1
1
0
0
-1
-1
-1
-2
-2
-3
-3
-3
-3
-2
-2
-1
-1
0
1
1
0
-2
-2
-2
-2
-2
-1
-1
-1
-1
-1
-1
-1
-1
0
2
3
3
4
3
2
1
1
2
1
1
0
0
0
0
1
1
1
2
2
3
3
2
3
5
5
5
5
5
4
4
4
3
3
2
2
2
3
3
3
3
4
5
6
6
6
6
6
6
5
4
3
3
3
3
3
3
3
3
3
4
4
4
5
5
5
5
5
3
2
2
2
2
2
2
2
2
2
2
2
2
2
3
3
3
3
2
3
2
2
2
3
3
3
4
5
5
4
4
4
4
4
3
2
2
2
2
3
4
4
4
4
3
3
3
3
3
3
3
3
2
2
1
1
1
1
2
2
3
3
4
4
5
5
4
4
3
2
2
3
3
2
2
1
0
0
0
0
1
2
2
3
3
2
2
2
1
1
0
0
0
0
-1
-1
-2
-2
-2
-2
-2
-2
-3
-3
-3
-3
-3
-3
-3
-2
-2
-2
-2
0
1
0
-1
-1
-1
-1
-1
-1
-1
-1
-1
-1
0
1
2
2
3
3
3
3
2
0
-1
-1
-2
-2
-2
0
2
2
2
3
4
4
3
3
2
2
1
0
0
0
0
-1
0
0
0
1
2
2
2
2
2
2
1
0
0
0
0
0
0
1
1
2
2
2
2
1
0
-1
-2
-3
-3
-4
-4
-5
-4
-3
-2
-2
-2
-3
-3
-2
-2
-3
-3
-3
-3
-3
-4
-5
-5
-5
-4
-3
-2
0
0
0
-1
-1
-2
-3
-4
-4
-4
-4
-3
-3
-3
-3
-2
-2
-2
-2
-2
-2
-2
-2
-2
-3
-3
-2
-2
-2
-2
-2
-2
-1
0
0
0
1
1
0
0
-1
-1
-1
-1
-1
0
1
1
1
0
0
0
0
-1
-1
-1
-1
-1
-1
-1
0
0
-1
-1
-1
0
-1
-1
-1
-1
-1
-2
-4
-4
-4
-3
-2
-2
-2
-2
-2
-2
-2
-3
-3
-2
-2
-2
-3
-2
-2
-2
-2
-2
-2
-1
0
0
1
0
-1
0
0
0
0
0
0
0
-1
-1
0
0
-1
-1
-2
-2
-2
-1
-1
-2
-1
-1
-1
-1
-1
-1
-1
-1
-2
-1
-2
-2
-3
-3
-3
-3
-3
-3
-2
-2
-2
-2
-2
-2
-2
-2
-2
-2
-2
-3
-4
-4
-3
-3
-3
-3
-2
-2
-2
-1
-2
-2
-2
-2
-2
-2
-3
-3
-3
-3
-3
-3
-3
-2
-2
-2
-2
-2
-2
-2
-3
-3
-3
-4
-3
-3
-3
-3
-3
-3
-2
-2
-2
-2
-2
-2
-2
-2
-3
-3
-3
-2
-2
-3
-3
-2
-2
-2
-2
-2
-2
-3
-3
-4
-4
-4
-4
-4
-3
-3
-3
-2
-2
-2
-2
-2
-2
-2
-3
-3
-4
-5
-5
-5
-4
-4
-4
-4
-3
-2
-2
-3
-3
-3
-3
-3
-3
-3
-3
-3
-3
-2
-2
-2
-2
-2
-1
-1
-2
-2
-2
-3
-3
-3
-2
-2
-2
-2
-2
-1
-1
-1
0
0
0
0
0
-1
-1
-2
-2
-1
-1
-1
0
0
0
1
1
1
1
1
1
1
1
0
0
0
0
0
1
1
1
1
2
2
1
1
0
0
0
0
0
-1
-2
-2
-1
0
0
0
0
0
0
0
1
0
-1
-2
-1
-1
-1
-2
-1
0
1
1
0
1
1
1
0
-1
-1
0
0
0
0
-1
0
1
1
1
2
2
2
1
0
0
0
0
0
-1
-1
-1
0
0
0
0
1
1
1
1
1
1
1
0
0
0
0
-1
-1
0
0
0
1
1
2
2
1
1
0
0
0
-1
-1
-1
-1
0
0
0
0
0
0
0
0
0
0
0
0
-1
-1
-1
0
-1
0
0
0
-1
0
1
1
1
0
0
0
0
0
0
0
1
1
1
1
1
1
1
1
1
0
0
-1
-1
0
0
0
0
0
1
1
1
1
1
1
1
1
0
0
0
0
0
0
1
1
1
1
1
2
2
2
2
1
1
1
1
1
0
0
0
1
1
1
1
2
2
2
2
1
1
0
0
0
0
0
0
0
0
0
0
0
0
1
1
1
2
1
1
0
0
0
0
0
1
1
1
1
1
0
0
0
0
0
1
1
1
1
1
0
0
0
0
1
1
0
0
0
0
0
0
1
1
0
1
1
1
2
2
2
2
2
2
1
1
1
1
2
1
1
1
1
1
0
0
1
2
1
1
1
1
1
1
1
1
1
1
1
1
0
0
0
0
0
0
0
0
0
1
1
1
1
1
2
2
1
1
1
1
0
0
0
0
0
0
0
1
1
1
0
0
0
0
0
0
0
0
-1
-2
-2
-2
-1
-1
-1
0
0
1
0
0
0
0
1
1
1
1
1
1
1
1
1
1
1
1
1
1
1
1
1
1
1
1
0
1
1
1
1
1
1
1
2
2
2
2
1
1
1
1
1
1
0
-1
-1
-1
-1
-1
-1
0
0
0
0
0
0
0
0
0
0
0
-1
-1
0
0
0
0
0
0
0
0
0
1
0
0
0
0
0
-1
0
0
0
-1
0
0
0
1
1
1
1
0
0
0
0
0
0
0
0
0
0
0
0
0
0
0
1
1
0
-1
-1
-1
-1
-1
-1
-1
-1
-1
0
0
0
0
0
0
0
0
0
0
-1
-1
-1
-1
0
0
0
-1
-1
-1
0
-1
-1
-1
-1
-1
-1
-1
-1
0
0
0
-1
0
0
0
0
0
0
-1
-1
-1
0
0
0
-1
0
0
0
0
0
0
0
0
0
-1
-1
-1
0
0
0
-1
-1
-1
0
0
-1
-1
-1
0
0
-1
-1
-1
-1
-1
-1
-1
-1
-1
-2
-1
-1
-1
-1
-1
-1
-1
-1
-1
-1
0
0
0
-1
0
0
0
-1
-1
-1
-1
-1
0
1
1
0
-1
0
0
0
0
0
0
0
0
0
0
-1
0
0
0
-1
-1
-1
-1
-1
-1
-1
0
0
0
-1
-1
-1
-1
0
0
0
-1
-1
-1
0
0
-1
-1
-1
-1
0
0
0
0
0
0
0
0
0
0
0
0
0
0
0
-1
-1
0
0
-1
0
0
0
0
-1
-1
0
0
0
0
0
0
0
0
0
-1
-1
0
0
0
0
-1
-1
-1
0
0
0
-1
-1
0
-1
-1
-1
-1
-1
-1
-2
-2
-1
-1
-2
-2
-2
-2
-2
-1
-1
-1
-1
-2
-2
-1
-1
0
0
-1
-1
-1
-1
-1
-1
-1
0
-1
-1
-1
-1
-1
-1
-1
-2
-2
-2
-1
-1
-2
-2
-2
-2
-2
-2
-2
-1
-1
-2
-2
-2
-1
-1
-1
-1
-2
-2
-2
-2
-2
-2
-2
-2
-2
-1
0
0
0
0
0
-1
-1
-1
-1
-1
-1
-1
-1
-1
-1
-1
-1
-1
-1
-1
-1
-1
-1
-1
-1
-1
-1
-1
-1
-1
-2
-2
-2
-2
-2
-2
-2
-2
-2
-1
-1
-1
-1
-1
-1
-1
-1
-1
-1
-1
-1
-1
-1
-1
-1
0
0
-1
-1
-1
-1
-1
-1
-1
-1
-1
-1
-1
0
-1
-1
-1
-1
-1
-1
-2
-2
-2
-1
-1
-2
-2
-2
-2
-2
-2
-1
-1
-1
-2
-1
-1
0
-1
-1
0
-1
-1
-2
-1
-1
-1
-1
-1
-1
0
0
0
0
0
1
1
0
0
0
0
-1
-1
-1
-1
-1
-2
-1
-1
-1
-1
-1
0
0
0
0
0
-1
-1
0
0
-1
-1
-2
-1
-1
-1
-1
-1
0
-1
-1
-1
-1
-1
-1
0
0
0
0
0
0
-1
-1
-1
-1
-1
-1
0
0
-1
-1
-1
-1
-1
-1
-1
-1
-1
-1
0
0
0
-1
-1
-1
-1
-1
-1
-1
-1
-1
-1
-1
-1
-1
-1
-1
0
0
0
0
0
0
0
0
-1
-1
-1
-1
-1
-2
-1
-1
0
-1
-1
-1
0
0
-1
0
0
0
0
-1
-1
0
0
0
0
-1
0
0
0
-1
-1
0
0
0
0
0
0
-1
-1
-1
0
-1
-1
-1
-1
0
0
-1
-1
-1
-1
-1
-1
-1
0
0
0
0
0
0
-1
-1
0
0
0
0
0
0
0
0
0
0
0
0
0
0
0
0
0
0
0
0
0
0
0
0
0
0
0
-1
-1
-1
0
0
0
0
-1
-1
-1
0
0
0
-1
-1
0
0
0
0
-1
-1
0
0
0
0
0
0
0
0
0
0
0
0
0
0
0
0
0
-1
-1
-1
-1
-1
-1
-1
-1
-1
-1
0
0
0
0
0
0
0
0
0
0
0
0
0
0
0
1
1
0
0
0
0
0
0
0
0
0
0
0
1
1
0
0
1
1
1
1
1
1
0
0
-1
-1
-1
-1
-1
-1
0
0
-1
-1
-1
0
0
0
0
-1
-1
-1
0
0
-1
0
0
-1
-1
0
0
0
-1
0
0
1
1
1
1
1
0
0
1
1
1
1
1
0
0
0
0
0
0
-1
-1
-1
0
0
0
0
0
0
0
0
0
0
-1
-1
-1
0
0
0
0
0
0
0
0
0
0
0
0
0
0
0
0
0
0
0
0
0
1
0
0
-1
-1
0
0
0
0
0
0
0
0
0
0
0
0
-1
-1
0
0
0
0
0
0
0
0
0
0
0
-1
-1
-1
0
0
0
-1
0
0
0
0
0
0
0
0
0
0
0
0
0
0
0
0
0
0
0
0
-1
0
0
0
0
0
0
0
0
0
0
0
0
0
-1
0
0
0
0
0
0
0
0
0
0
0
0
-1
-1
-1
0
0
0
0
0
0
0
0
0
0
0
-1
-1
-1
0
0
-1
-1
-1
0
0
0
0
0
-1
-1
-1
0
0
0
0
0
0
0
0
0
0
0
0
1
1
0
-1
-1
-1
0
0
0
-1
-1
0
0
0
0
0
0
0
0
0
0
0
1
1
0
0
0
1
1
0
0
0
0
0
0
0
0
0
-1
-1
-1
-1
-1
-1
-1
-1
-1
-1
0
-1
-1
-1
-1
0
0
0
0
0
0
0
0
0
-1
-1
-1
-1
-1
-1
-1
-1
-1
0
0
0
0
0
0
0
0
0
0
0
-1
-1
-1
0
0
-1
-1
0
0
0
0
0
0
0
0
0
0
0
0
0
0
0
0
0
0
0
0
0
0
0
0
0
0
0
0
0
0
0
0
0
0
0
0
0
0
0
0
0
0
-1
-1
-1
-1
-1
-1
0
0
0
0
0
-1
-1
-1
-1
0
0
0
-1
0
0
0
0
0
-1
-1
0
0
0
-1
-1
0
0
0
-1
-1
0
0
0
0
0
0
0
0
0
0
0
0
0
0
0
0
0
0
0
0
0
-1
0
0
0
0
-1
-1
0
0
-1
-1
-1
0
0
0
-1
-1
0
0
0
-1
-1
-1
-1
-1
-1
-1
-1
-1
0
0
0
-1
-1
-1
0
-1
-1
0
0
0
0
0
0
0
-1
-1
0
0
0
-1
-1
-1
-1
-1
-1
-1
-1
-1
-1
-1
-1
-1
-1
-1
-1
-1
-1
-1
-1
-1
0
0
-1
-1
-1
-1
0
0
0
0
-1
0
-1
-1
-1
-1
-1
-1
-1
-1
-1
-1
-1
0
-1
-1
-1
-1
-1
-1
-1
-1
-1
-1
-1
0
0
0
-1
-1
-1
-1
-1
-1
-1
-1
-1
-1
-1
-1
0
0
0
-1
-1
-1
-1
-1
0
0
0
-1
0
0
-1
-1
-1
-1
-1
-1
-1
-1
-1
-1
-1
-1
-1
-1
-1
-1
-1
-1
-1
-1
-1
-1
-1
-1
0
-1
-1
-1
0
0
0
0
0
0
0
0
0
0
0
-1
-1
-1
-1
-1
-1
-1
-1
0
-1
-1
-1
-1
0
0
0
-1
0
0
-1
-1
-1
-1
-1
-1
-1
0
-1
-1
-1
0
0
0
0
-1
-1
-1
-1
-1
0
0
0
0
-1
-1
0
0
0
0
-1
-1
-1
-1
-1
-1
-1
-1
-1
-1
-1
0
0
0
0
0
0
-1
-1
-1
-1
-1
-1
-1
0
0
0
0
0
0
0
0
0
0
0
-1
-1
-1
-1
0
0
0
0
-1
-1
0
0
0
0
0
0
0
0
-1
0
0
0
-1
-1
-1
-1
-1
-1
-1
-1
-1
-1
-1
-1
0
0
-1
-1
-1
-1
0
0
0
0
0
0
0
-1
-1
0
0
-1
-1
-1
-1
0
0
0
0
0
0
0
0
0
0
-1
0
0
0
-1
-1
-1
-1
0
0
0
0
-1
-1
-1
0
0
-1
-1
-1
-1
0
-1
-1
-1
-1
-1
0
0
0
-1
-1
-1
-1
-1
-1
-1
0
0
0
0
-1
0
0
0
0
-1
-1
0
0
0
0
0
0
0
0
0
0
0
-1
-1
-1
-1
-1
0
-1
-1
-1
0
0
0
0
0
-1
-1
-1
0
0
-1
-1
-1
0
0
0
0
0
0
0
0
0
0
0
0
0
0
0
0
0
0
0
0
0
0
0
0
0
0
0
-1
-1
-1
0
0
0
0
0
0
0
0
0
0
0
0
0
0
0
0
0
0
0
0
0
0
0
-1
-1
0
0
-1
0
0
0
0
0
0
0
0
0
0
0
0
0
0
0
0
0
0
0
0
0
-1
-1
-1
0
0
0
-1
-1
-1
-1
0
0
0
-1
-1
-1
-1
-1
-1
0
0
0
-1
-1
-1
-1
-1
0
-1
-1
-1
-1
0
0
-1
-1
0
0
0
0
-1
0
0
0
0
0
0
0
-1
-1
0
0
0
0
0
0
0
-1
-1
-1
-1
-1
0
0
0
-1
-1
-1
-1
-1
0
0
-1
-1
-1
0
0
-1
0
0
0
0
0
0
0
0
0
0
0
0
0
0
0
0
0
0
0
0
0
0
0
0
0
0
0
-1
-1
-1
0
0
0
-1
0
0
-1
-1
0
0
-1
-1
-1
0
0
-1
-1
-1
-1
-1
0
0
0
0
-1
-1
-1
0
0
0
-1
-1
-1
-1
-1
-1
-1
-1
-1
-1
-1
0
-1
-1
-1
-1
-1
-1
-1
-1
0
0
-1
-1
-1
0
0
0
0
-1
-1
0
0
0
0
0
-1
-1
-1
-1
0
0
0
0
0
0
0
0
0
0
0
-1
0
0
0
0
0
-1
-1
-1
-1
-1
-1
-1
-1
-1
-1
-1
-1
-1
-1
-1
0
0
-1
-1
-1
0
0
0
0
0
-1
-1
-1
0
0
0
0
0
0
0
0
0
0
0
0
0
0
0
0
0
0
0
-1
0
0
0
0
0
0
0
0
0
0
0
0
0
0
0
0
0
0
0
0
-1
0
0
0
0
0
0
0
0
0
0
0
0
0
0
0
0
0
0
0
0
0
0
0
0
0
-1
0
0
0
0
0
0
0
-1
-1
0
0
0
0
0
0
0
0
0
0
0
0
0
0
0
0
0
0
0
0
0
0
0
-1
0
0
0
0
-1
-1
0
0
0
0
0
0
0
0
-1
-1
-1
-1
-1
0
0
0
-1
0
0
0
0
0
0
0
-1
-1
-1
0
0
0
0
-1
0
0
0
-1
-1
0
0
0
0
0
0
0
0
0
0
0
0
0
0
0
0
0
0
0
0
0
-1
-1
-1
-1
-1
-1
0
0
0
0
0
0
0
0
0
0
-1
0
0
0
0
0
0
0
0
0
0
0
0
0
0
-1
-1
-1
0
0
0
0
0
0
0
0
0
0
0
0
0
0
0
0
0
0
0
0
0
0
0
0
-1
-1
-1
-1
-1
-1
-1
-1
-1
-1
-1
-1
-1
-1
0
-1
-1
-1
-1
0
-1
-1
-1
0
0
0
0
0
0
0
0
0
0
0
0
0
-1
-1
0
0
0
0
0
0
-1
-1
-1
0
0
-1
-1
0
0
0
-1
-1
0
0
0
-1
0
0
-1
-1
-1
-1
-1
-1
-1
0
0
0
0
0
0
0
0
0
0
-1
0
0
0
0
0
0
0
0
0
0
0
0
0
-1
-1
0
0
0
0
0
0
0
0
0
-1
-1
-1
0
0
0
0
0
0
0
-1
0
0
0
0
0
0
0
0
0
0
0
0
0
0
0
0
0
0
0
0
0
0
0
0
0
0
0
0
0
0
0
0
0
0
0
0
0
0
0
0
0
0
0
0
0
0
0
-1
-1
-1
0
0
0
-1
0
0
0
-1
0
0
0
-1
-1
-1
0
0
0
0
0
0
0
0
0
0
0
0
-1
-1
-1
0
0
0
0
0
0
0
0
0
0
0
-1
-1
0
0
0
-1
0
0
0
0
0
0
0
-1
0
0
0
0
0
0
0
-1
-1
-1
0
0
0
0
0
0
0
0
0
0
0
0
0
0
0
0
0
0
0
0
0
0
0
0
-1
0
0
0
0
0
0
0
0
0
0
0
0
-1
0
0
0
0
0
0
0
0
0
0
0
-1
-1
0
0
0
0
0
0
0
-1
0
0
0
0
0
0
0
0
0
0
0
0
0
0
0
0
0
0
0
0
0
0
-1
-1
0
0
0
0
0
0
0
-1
0
0
0
0
0
0
0
0
0
0
0
0
0
0
0
0
0
0
0
0
0
0
0
0
0
-1
0
0
0
0
0
0
-1
-1
0
0
0
0
0
0
0
0
0
0
0
-1
0
0
0
-1
0
0
0
0
0
0
0
0
0
0
0
0
0
0
0
0
0
0
0
0
0
0
0
0
-1
-1
0
0
-1
0
0
0
0
0
0
0
-1
0
0
0
0
-1
0
0
0
0
0
0
0
0
0
0
0
0
0
0
0
-1
-1
0
0
0
0
0
0
0
0
0
0
0
0
0
0
0
0
0
0
0
0
0
0
0
0
0
0
0
0
0
0
0
0
0
0
0
0
0
0
0
0
0
0
0
0
0
0
0
0
0
0
0
0
0
0
0
0
0
0
0
0
0
0
0
0
0
0
0
0
0
0
0
0
0
0
0
0
0
0
-1
0
0
0
0
0
0
0
0
0
0
0
0
0
0
0
0
0
0
0
0
0
0
0
0
0
0
0
0
0
0
0
0
0
0
0
0
0
-1
-1
0
0
0
0
0
0
0
0
0
0
0
0
0
0
0
0
0
0
0
0
0
0
0
0
0
0
0
0
0
0
0
0
0
0
0
0
0
0
0
0
-1
-1
0
0
0
0
0
0
0
0
-1
0
0
0
0
0
0
0
0
0
0
0
-1
-1
0
0
0
0
0
0
-1
0
0
0
0
0
0
0
0
0
0
0
0
0
0
0
0
-1
0
0
0
0
0
0
0
0
0
0
0
0
0
0
0
0
0
0
0
-1
-1
-1
0
0
-1
-1
0
0
0
0
0
0
0
0
0
0
0
0
0
0
0
0
0
0
0
0
0
0
0
0
0
0
-1
-1
0
0
0
0
0
0
0
0
0
0
0
0
0
0
0
0
0
0
0
0
0
0
0
0
0
0
0
0
0
0
0
0
0
0
0
0
0
0
0
0
-1
0
0
0
0
0
0
0
0
0
0
0
0
0
0
0
0
0
0
0
0
0
0
0
0
0
0
0
0
0
0
0
0
0
0
0
0
0
0
0
0
0
0
0
0
0
0
0
0
0
0
0
0
0
0
-1
-1
0
0
0
0
-1
0
0
0
0
0
0
-1
0
0
0
0
0
0
0
0
0
0
0
0
-1
-1
-1
0
0
0
0
0
0
-1
0
0
0
0
0
0
0
0
0
0
0
0
0
0
0
0
0
0
0
0
0
0
0
0
0
0
0
0
0
0
0
0
0
0
0
0
0
0
0
0
0
0
0
0
0
0
0
0
0
0
0
0
0
0
0
0
0
0
0
0
0
0
0
0
0
0
0
0
0
0
0
0
0
0
0
-1
0
0
0
-1
0
0
0
0
0
0
0
-1
0
0
0
0
0
0
0
0
0
0
0
0
0
0
0
0
0
0
0
0
-1
0
0
0
0
0
0
0
0
0
0
0
-1
-1
0
0
0
-1
-1
-1
-1
0
0
0
0
0
0
0
0
0
0
0
0
0
0
0
0
0
0
0
0
0
0
0
0
0
0
0
0
0
0
0
0
-1
0
0
0
0
0
0
0
0
0
0
0
0
-1
-1
-1
0
0
0
0
0
0
0
0
0
0
0
-1
0
0
0
0
0
0
0
0
0
-1
0
0
0
0
0
0
0
0
0
0
0
0
0
0
0
0
0
0
0
-1
0
0
0
0
-1
0
0
0
0
0
0
0
0
0
0
0
0
0
0
0
0
0
0
0
0
0
0
0
0
0
0
0
0
0
0
0
0
0
0
0
0
0
0
0
0
-1
0
0
0
0
0
0
0
0
0
0
0
0
0
0
0
0
0
0
0
0
0
0
0
0
0
0
0
0
0
0
0
0
0
0
0
0
0
0
0
0
0
0
0
0
0
0
0
0
0
0
-1
-1
-1
-1
0
0
-1
0
0
0
-1
0
0
0
0
0
0
0
0
0
0
0
0
0
0
0
0
0
0
0
0
0
0
0
0
0
0
0
0
0
0
0
0
0
0
0
0
0
0
0
0
0
0
0
0
0
0
0
0
0
0
0
0
0
0
0
0
0
0
0
0
0
0
0
0
0
0
0
0
0
0
0
0
0
0
0
0
0
0
0
0
0
0
0
0
0
0
0
0
0
0
0
0
0
0
0
0
-1
0
0
0
0
0
0
0
0
0
0
0
0
0
0
0
0
0
0
0
0
0
0
0
0
0
0
0
0
0
0
0
0
0
0
0
0
0
0
0
0
0
0
0
0
0
0
0
0
0
0
0
0
0
0
0
0
0
0
0
0
0
0
0
0
0
0
0
0
0
0
0
0
0
0
0
0
0
0
0
0
-1
0
0
0
-1
-1
0
0
0
0
0
0
0
0
0
0
0
0
0
0
0
0
0
0
0
0
0
0
0
0
0
0
0
-1
0
0
0
-1
0
0
0
0
0
0
0
0
0
0
0
0
0
0
0
0
0
0
0
0
0
0
-1
0
0
0
-1
-1
-1
0
0
0
0
0
0
0
0
0
0
0
0
0
0
0
0
0
0
0
0
0
0
0
0
0
0
0
0
0
0
0
0
0
0
0
0
0
0
0
0
0
0
0
0
0
0
0
0
0
0
0
0
0
0
0
0
0
0
0
0
0
0
0
0
0
0
0
0
0
0
0
0
0
0
0
0
0
0
0
0
0
0
0
0
0
0
0
0
0
0
0
0
0
0
0
0
0
0
0
0
0
0
0
0
0
0
0
0
0
0
0
0
0
0
0
-1
0
0
0
0
0
0
0
0
0
0
0
0
0
0
0
0
0
0
0
0
0
0
0
0
0
0
0
0
0
0
-1
-1
-1
0
0
0
0
0
0
0
0
0
0
0
0
0
0
0
0
0
0
0
0
0
0
0
0
0
0
0
0
0
0
0
0
0
0
0
0
0
0
0
0
0
0
0
0
0
0
0
0
0
0
0
0
0
0
0
0
0
0
0
0
0
0
0
0
0
0
0
0
0
0
0
0
0
0
0
0
0
0
0
0
0
0
0
0
0
0
0
0
0
0
0
0
0
0
0
0
0
0
0
0
0
0
0
0
0
0
0
0
0
0
-1
0
0
0
0
0
0
0
0
0
0
0
0
0
0
0
-1
0
0
0
0
-1
0
0
0
0
0
0
0
0
0
0
0
0
0
0
0
0
0
0
0
0
0
0
0
0
0
0
0
0
0
0
0
0
0
0
0
0
0
0
0
0
0
0
0
0
0
0
0
0
0
0
0
0
0
0
0
0
0
0
0
0
0
0
0
0
0
0
0
0
0
0
0
-1
0
0
0
0
0
0
0
0
0
0
0
0
0
0
0
0
0
0
0
-1
-1
-1
0
0
0
-1
0
0
0
0
-1
0
0
0
0
0
0
0
0
0
0
-1
0
0
0
0
0
0
0
0
0
0
0
0
0
0
0
0
0
0
0
0
0
0
0
0
0
0
0
0
0
0
0
0
0
0
0
0
0
0
0
0
0
0
0
0
0
-1
0
0
0
0
0
0
0
0
0
0
0
0
0
0
0
0
0
0
0
0
0
0
0
0
0
0
0
0
0
0
0
0
0
0
0
0
0
0
-1
0
0
0
0
0
0
0
-1
0
0
0
0
0
0
0
0
0
0
0
0
0
0
0
0
0
0
0
0
0
0
0
0
0
0
0
0
0
0
0
0
0
0
0
0
0
0
0
0
0
0
0
0
0
0
0
0
0
0
0
-1
0
0
0
0
0
0
0
0
0
0
0
0
0
0
0
0
0
0
0
0
0
0
0
0
0
0
0
0
0
0
0
0
0
0
0
0
0
0
0
0
0
0
0
0
0
0
0
0
0
0
0
0
0
0
0
0
0
0
0
0
0
0
0
0
0
0
0
0
0
0
0
0
0
0
0
0
0
0
0
0
0
0
0
0
-1
0
0
0
0
0
0
0
0
0
0
0
0
0
0
0
0
0
0
0
0
0
0
0
0
0
0
0
0
0
0
0
0
0
0
0
0
0
0
0
0
0
0
0
0
0
0
0
0
0
0
0
0
0
0
0
0
0
0
0
0
0
0
0
0
0
0
0
0
0
0
0
0
0
0
0
0
0
0
0
0
0
0
0
0
0
0
0
0
0
0
0
0
0
0
0
0
0
0
0
0
-1
0
0
0
0
0
0
0
0
0
0
0
0
0
0
0
0
0
0
0
0
0
0
0
0
0
0
0
0
0
0
0
0
0
0
0
0
0
0
0
0
0
0
0
0
0
0
0
0
0
0
0
0
0
0
-1
0
0
0
0
0
0
0
0
0
0
0
0
0
0
0
0
0
0
0
0
0
0
0
0
0
0
0
0
0
0
0
0
0
0
0
0
0
0
0
0
0
0
0
0
0
0
0
0
0
0
0
0
0
0
0
0
0
0
0
0
0
0
0
0
0
0
0
0
0
0
0
0
0
0
0
0
0
0
0
0
0
0
0
0
0
0
0
0
0
0
0
0
0
0
0
0
0
0
0
0
0
0
0
0
0
0
0
0
0
0
0
0
0
0
0
0
0
0
0
0
0
0
0
0
0
0
0
0
0
0
0
0
0
0
0
0
0
0
0
0
0
0
0
0
0
0
0
0
0
0
0
0
0
0
0
0
0
0
0
0
0
0
0
0
0
0
0
0
0
0
0
0
0
0
0
0
0
0
0
0
0
0
0
0
0
0
0
0
0
0
0
0
0
0
0
0
0
0
0
0
0
0
0
0
0
0
0
0
0
0
0
0
0
0
0
0
0
0
0
0
0
0
0
0
0
0
0
0
0
0
0
0
0
0
0
0
0
0
0
0
0
0
0
0
0
0
0
0
0
0
0
0
0
0
0
0
0
0
0
0
0
0
0
0
0
0
0
0
0
0
0
0
0
0
0
0
0
0
0
0
0
0
0
0
0
0
0
0
0
0
0
0
0
0
0
0
0
0
0
0
0
0
0
0
0
0
0
0
0
0
0
0
0
0
0
0
0
0
0
0
0
0
0
0
0
0
0
0
0
0
0
0
0
0
0
0
0
0
0
0
0
0
0
0
0
0
0
0
0
0
0
0
0
0
0
0
0
0
0
0
0
0
0
0
0
0
0
0
0
0
0
0
0
0
0
0
0
0
0
0
0
0
0
0
0
0
0
0
0
0
0
0
0
0
0
0
0
0
0
0
0
0
0
0
0
0
0
0
0
0
0
0
0
0
0
0
0
0
0
0
0
0
0
0
0
0
0
0
0
0
0
0
0
0
0
0
0
0
0
0
0
0
0
0
0
0
0
0
0
0
0
0
0
0
0
0
0
0
0
0
0
0
0
0
0
0
0
0
0
0
0
0
0
0
0
0
0
0
0
0
0
0
0
0
0
0
0
0
0
0
0
0
0
0
0
0
0
0
0
0
0
0
0
0
0
0
0
0
0
0
0
0
0
0
0
0
0
0
0
0
0
0
0
0
0
0
0
0
0
0
0
0
0
0
0
0
0
0
0
0
0
0
0
0
0
0
0
0
0
0
0
0
0
0
0
0
0
0
0
0
0
0
0
0
0
0
0
0
0
0
0
0
0
0
0
0
0
0
0
0
0
0
0
0
0
0
0
0
0
0
0
0
0
0
0
0
0
0
0
0
0
0
0
0
0
0
0
0
0
0
0
0
0
0
0
0
0
0
0
0
0
0
0
0
0
0
0
0
0
0
0
0
0
0
0
0
0
0
0
0
0
0
0
0
0
0
0
0
0
0
0
0
0
0
0
0
0
0
0
0
0
0
0
0
0
0
0
0
0
0
0
0
0
0
0
0
0
0
0
0
0
0
0
0
0
0
0
0
0
0
0
0
0
0
0
0
0
0
0
0
0
0
0
0
0
0
0
0
0
0
0
0
0
0
0
0
0
0
0
0
0
0
0
0
0
0
0
0
0
0
0
0
-1
0
0
0
0
0
0
0
0
0
0
0
0
0
0
0
0
0
0
0
0
0
0
0
0
0
0
0
0
0
0
0
0
0
0
0
0
0
0
0
0
0
0
0
0
0
0
0
0
0
0
0
0
0
0
0
0
0
0
0
0
0
0
0
0
0
0
0
0
0
0
0
0
0
0
0
0
0
0
0
0
0
0
0
0
0
0
0
0
0
0
0
0
0
0
0
0
0
0
0
0
0
0
0
0
0
0
0
0
0
0
0
0
0
0
0
0
0
0
0
0
0
0
0
0
0
0
0
0
0
0
0
0
0
0
0
0
0
0
0
0
0
0
0
0
0
0
0
0
0
0
0
0
0
0
0
0
0
0
0
0
0
0
0
0
0
0
0
0
0
0
0
0
0
0
0
0
0
0
0
0
0
0
0
0
0
0
0
0
0
0
0
0
0
0
0
0
0
0
0
0
0
0
0
0
0
0
0
0
0
0
0
0
0
0
0
0
0
0
0
0
0
0
0
0
0
0
0
0
0
0
0
0
0
0
0
0
0
0
0
0
0
0
0
0
0
0
0
0
0
0
0
0
0
0
0
0
0
0
0
0
0
0
0
0
0
0
0
0
0
0
0
0
0
0
0
0
0
0
0
0
0
0
0
0
0
0
0
0
0
0
0
0
0
0
0
0
0
0
0
0
0
0
0
0
0
0
0
0
0
0
0
0
0
0
0
0
0
0
0
0
0
0
0
0
0
0
0
0
0
0
0
0
0
0
0
0
0
0
0
0
0
0
0
0
0
0
0
0
0
0
0
0
0
0
0
0
0
0
0
0
0
0
0
0
0
0
0
0
0
0
0
0
0
0
0
0
0
0
0
0
0
0
0
0
0
0
0
0
0
0
0
0
0
0
0
0
0
0
0
0
0
0
0
0
0
0
0
0
0
0
0
0
0
0
0
0
0
0
0
0
0
0
0
0
0
0
0
0
0
0
0
0
0
0
0
0
0
0
0
0
0
0
0
0
0
0
0
0
0
0
0
0
0
0
0
0
0
0
0
0
0
0
0
0
0
0
0
0
0
0
0
0
0
0
0
0
0
0
0
0
0
0
0
0
0
0
0
0
0
0
0
0
0
0
0
0
0
0
0
0
0
0
0
0
0
0
0
0
0
0
0
0
0
0
0
0
0
0
0
0
0
0
0
0
0
0
0
0
0
0
0
0
0
0
0
0
0
0
0
0
0
0
0
0
0
0
0
0
0
0
0
0
0
0
0
0
0
0
0
0
0
0
0
0
0
0
0
0
0
0
0
0
0
0
0
0
0
0
0
0
0
0
0
0
0
0
0
0
0
0
0
0
0
0
0
0
0
0
0
0
0
0
0
0
0
0
0
0
0
0
0
0
0
0
0
0
0
0
0
0
0
0
0
0
0
0
0
0
0
0
0
0
0
0
0
0
0
0
0
0
0
0
0
0
0
0
0
0
0
0
0
0
0
0
0
0
0
0
0
0
0
0
0
0
0
0
0
0
0
0
0
0
0
0
0
0
0
0
0
0
0
0
0
0
0
0
0
0
0
0
0
0
0
0
0
0
0
0
0
0
0
0
0
0
0
0
0
0
0
0
0
0
0
0
0
0
0
0
0
0
0
0
0
0
0
0
0
0
0
0
0
0
0
0
0
0
0
0
0
0
0
0
0
0
0
-1
0
0
0
0
0
0
0
0
0
0
0
0
0
0
0
0
0
0
0
0
0
0
0
0
0
0
0
0
0
0
0
0
0
0
0
0
0
0
0
0
0
0
0
0
0
0
0
0
0
0
0
0
0
0
0
0
0
0
0
0
0
0
0
0
0
0
0
0
0
0
0
0
0
0
0
0
0
0
0
0
0
0
0
0
0
0
0
0
0
0
0
0
0
0
0
0
0
0
0
0
0
0
0
0
0
0
0
0
0
0
0
0
0
0
0
0
0
0
0
0
0
0
0
0
0
0
0
0
0
0
0
0
0
0
0
0
0
0
0
0
0
0
0
0
0
0
0
0
0
0
0
0
0
0
0
0
0
0
0
0
0
0
0
0
0
0
0
0
0
0
0
0
0
0
0
0
0
0
0
0
0
0
0
0
0
0
0
0
0
0
0
0
0
0
0
0
0
0
0
0
0
0
0
0
0
0
0
0
0
0
0
0
0
0
0
0
0
0
0
0
0
0
0
0
0
0
0
0
0
0
0
0
0
0
0
0
0
0
0
0
0
0
0
0
0
0
0
0
0
0
0
0
0
0
0
0
0
0
0
0
0
0
0
0
0
0
0
0
0
0
0
0
0
0
0
0
0
0
0
0
0
0
0
0
0
0
0
0
0
0
0
0
0
0
0
0
0
0
0
0
0
0
0
0
0
0
0
0
0
0
0
0
0
0
0
0
0
0
0
0
0
0
0
0
0
0
0
0
0
0
0
0
0
0
0
0
0
0
0
0
0
0
0
0
0
0
0
0
0
0
0
0
0
0
0
0
0
0
0
0
0
0
0
0
0
0
0
0
0
0
0
0
0
0
0
0
0
0
0
0
0
0
0
0
0
0
0
0
0
0
0
0
0
0
0
0
0
0
0
0
0
0
0
0
0
0
0
0
0
0
0
0
0
0
0
0
0
0
0
0
0
0
0
0
0
0
0
0
0
0
