0
0
0
0
0
0
0
0
0
0
0
0
0
0
0
0
0
0
0
0
0
0
0
0
0
0
0
0
0
0
0
0
0
0
0
0
0
0
0
0
0
0
0
0
0
0
0
0
0
0
0
0
0
0
0
0
0
0
0
0
0
0
0
0
0
0
0
0
0
0
0
0
0
0
0
0
0
0
0
0
0
0
0
0
0
0
0
0
0
0
0
0
0
0
0
0
0
0
0
0
0
0
0
0
0
0
0
0
0
0
0
0
0
0
0
0
0
0
0
0
0
0
0
0
0
0
0
0
0
0
0
0
0
0
0
0
0
0
0
0
0
0
0
0
0
0
0
0
0
0
0
0
0
0
0
0
0
0
0
0
0
0
0
0
0
0
0
0
0
0
0
0
0
0
0
0
0
0
0
0
0
0
0
0
0
0
0
0
0
0
0
0
0
0
0
0
0
0
0
0
0
0
0
0
0
0
0
0
0
0
0
0
0
0
0
0
0
0
0
0
0
0
0
0
0
0
0
0
0
0
0
0
0
0
0
0
0
0
0
0
0
0
0
0
0
0
0
0
0
0
0
0
0
0
0
0
0
0
0
0
0
0
0
0
0
0
0
0
0
0
0
0
0
0
0
0
0
0
0
0
0
0
0
0
0
0
0
0
0
0
0
0
0
0
0
0
0
0
0
0
0
0
0
0
0
0
0
0
0
0
0
0
0
0
0
0
0
0
0
0
0
0
0
0
0
0
0
0
0
0
0
0
0
0
0
0
0
0
0
0
0
0
0
0
0
0
0
0
0
0
0
0
0
0
0
0
0
0
0
0
0
0
0
0
0
0
0
0
0
0
0
0
0
0
0
0
0
0
0
0
0
0
0
0
0
0
0
0
0
0
0
0
0
0
0
0
0
0
0
0
0
0
0
0
0
0
0
0
0
0
0
0
0
0
0
0
0
0
0
0
0
0
0
0
0
0
0
0
0
0
0
0
0
0
0
0
0
0
0
0
0
0
0
0
0
0
0
0
0
0
0
0
0
0
0
0
0
0
0
0
0
0
0
0
0
0
0
0
0
0
0
0
0
0
0
0
0
0
0
0
0
0
0
0
0
0
0
0
0
0
0
0
0
0
0
0
0
0
0
0
0
0
0
0
0
0
0
0
0
0
0
0
0
0
0
0
0
0
0
0
0
0
0
0
0
0
0
0
0
0
0
0
0
0
0
0
0
0
0
0
0
0
0
0
0
0
0
0
0
0
0
0
0
0
0
0
0
0
0
0
0
0
0
0
0
0
0
0
0
0
0
0
0
0
0
0
0
0
0
0
0
0
0
0
0
0
0
0
0
0
0
0
0
0
0
0
0
0
0
0
0
0
0
0
0
0
0
0
0
0
0
0
0
0
0
0
0
0
0
0
0
0
0
0
0
0
0
0
0
0
0
0
0
0
0
0
0
0
0
0
0
0
0
0
0
0
0
0
0
0
0
0
0
0
0
0
0
0
0
0
0
0
0
0
0
0
0
0
0
0
0
0
0
0
0
0
0
0
0
0
0
0
0
0
0
0
0
0
0
0
0
0
0
0
0
0
0
0
0
0
0
0
0
0
0
0
0
0
0
0
0
0
0
0
0
0
0
0
0
0
0
0
0
0
0
0
0
0
0
0
0
0
0
0
0
0
0
0
0
0
0
0
0
0
0
0
0
0
0
0
0
0
0
0
0
0
0
0
0
0
0
0
0
0
0
0
0
0
0
0
0
0
0
0
0
0
0
0
0
0
0
0
0
0
0
0
0
0
0
0
0
0
0
0
0
0
0
0
0
0
0
0
0
0
0
0
0
0
0
0
0
0
0
0
0
0
0
0
0
0
0
0
0
0
0
0
0
0
0
0
0
0
0
0
0
0
0
0
0
0
0
0
0
0
0
0
0
0
0
0
0
0
0
0
0
0
0
0
0
0
0
0
0
0
0
0
0
0
0
0
0
0
0
0
0
0
0
0
0
0
0
0
0
0
0
0
0
0
0
0
0
0
0
0
0
0
0
0
0
0
0
0
0
0
0
0
0
0
0
0
0
0
0
0
0
0
0
0
0
0
0
0
0
0
0
0
0
0
0
0
0
0
0
0
0
0
0
0
0
0
0
0
0
0
0
0
0
0
0
0
0
0
0
0
0
0
0
0
0
0
0
0
0
0
0
0
0
0
0
0
0
0
0
0
0
0
0
0
0
0
0
0
0
0
0
0
0
0
0
0
0
0
0
0
0
0
0
0
0
0
0
0
0
0
0
0
0
0
0
0
0
0
0
0
0
0
0
0
0
0
0
0
0
0
0
0
0
0
0
0
0
0
0
0
0
0
0
0
0
0
0
0
0
0
0
0
0
0
0
0
0
0
0
0
0
0
0
0
0
0
0
0
0
0
0
0
0
0
0
0
0
0
0
0
0
0
0
0
0
0
0
0
0
0
0
0
0
0
0
0
0
0
0
0
0
0
0
0
0
0
0
0
0
0
0
0
0
0
0
0
0
0
0
0
0
0
0
0
0
0
0
0
0
0
0
0
0
0
0
0
0
0
0
0
0
0
0
0
0
0
0
0
0
0
0
0
0
0
0
0
0
0
0
0
0
0
0
0
0
0
0
0
0
0
0
0
0
0
0
0
0
0
0
0
0
0
0
0
0
0
0
0
0
0
0
0
0
0
0
0
0
0
0
0
0
0
0
0
0
0
0
0
0
0
0
0
0
0
0
0
0
0
0
0
0
0
0
0
0
0
0
0
0
0
0
0
0
0
0
0
0
0
0
0
0
0
0
0
0
0
0
0
0
0
0
0
0
0
0
0
0
0
0
0
0
0
0
0
0
0
0
0
0
0
0
0
0
0
0
0
0
0
0
0
0
0
0
0
0
0
0
0
0
0
0
0
0
0
0
0
0
0
0
0
0
0
0
0
0
0
0
0
0
0
0
0
0
0
0
0
0
0
0
0
0
0
0
0
0
0
0
0
0
0
0
0
0
0
0
0
0
0
0
0
0
0
0
0
0
0
0
0
0
0
0
0
0
0
0
0
0
0
0
0
0
0
0
0
0
0
0
0
0
0
0
0
0
0
0
0
0
0
0
0
0
0
0
0
0
0
0
0
0
0
0
0
0
0
0
0
0
0
0
0
0
0
0
0
0
0
0
0
0
0
0
0
0
0
0
0
0
0
0
0
0
0
0
0
0
0
0
0
0
0
0
0
0
0
0
0
0
0
0
0
0
0
0
0
0
0
0
0
0
0
0
0
0
0
0
0
0
0
0
0
0
0
0
0
0
0
0
0
0
0
0
0
0
0
0
0
0
0
0
0
0
0
0
0
0
0
0
0
0
0
0
0
0
0
0
0
0
0
0
0
0
0
0
0
0
0
0
0
0
0
0
0
0
0
0
0
0
0
0
0
0
0
0
0
0
0
0
0
0
0
0
0
0
0
0
0
0
0
0
0
0
0
0
0
0
0
0
0
0
0
0
0
0
0
0
0
0
0
0
0
0
0
0
0
0
0
0
0
0
0
0
0
0
0
0
0
0
0
0
0
0
0
0
0
0
0
0
0
0
0
0
0
0
0
0
0
0
0
0
0
0
0
0
0
0
0
0
0
0
0
0
0
0
0
0
0
0
0
0
0
0
0
0
0
0
0
0
0
0
0
0
0
0
0
0
0
0
0
0
0
0
0
0
0
0
0
0
0
0
0
0
0
0
0
0
0
0
0
0
0
0
0
0
0
0
0
0
0
0
0
0
0
0
0
0
0
0
0
0
0
0
0
0
0
0
0
0
0
0
0
0
0
0
0
0
0
0
0
0
0
0
0
0
0
0
0
0
0
0
0
0
0
0
0
0
0
0
0
0
0
0
0
0
0
0
0
0
0
0
0
0
0
0
0
0
0
0
0
0
0
0
0
0
0
0
0
0
0
0
0
0
0
0
0
0
0
0
0
0
0
0
0
0
0
0
0
0
0
0
0
0
0
0
0
0
0
0
0
0
0
0
0
0
0
0
0
0
0
0
0
0
0
0
0
0
0
0
0
0
0
0
0
0
0
0
0
0
0
0
0
0
0
0
0
0
0
0
0
0
0
0
0
0
0
0
0
0
0
0
0
0
0
0
0
0
0
0
0
0
0
0
0
0
0
0
0
0
0
0
0
0
0
0
0
0
0
0
0
0
0
0
0
0
0
0
0
0
0
0
0
0
0
0
0
0
0
0
0
0
0
0
0
0
0
0
0
0
0
0
0
0
0
0
0
0
0
0
0
0
0
0
0
0
0
0
0
0
0
0
0
0
0
0
0
0
0
0
0
0
0
0
0
0
0
0
0
0
0
0
0
0
0
0
0
0
0
0
0
0
0
0
0
0
0
0
0
0
0
0
0
0
0
0
0
0
0
0
0
0
0
0
0
0
0
0
0
0
0
0
0
0
0
0
0
0
0
0
0
0
0
0
0
0
0
0
0
0
0
0
0
0
0
0
0
0
0
0
0
0
0
0
0
0
0
0
0
0
0
0
0
0
0
0
0
0
0
0
0
0
0
0
0
0
0
0
0
0
0
0
0
0
0
0
0
0
0
0
0
0
0
0
0
0
0
0
0
0
0
0
0
0
0
0
0
0
0
0
0
0
0
0
0
0
0
0
0
0
0
0
0
0
0
0
0
0
0
0
0
0
0
0
0
0
0
0
0
0
0
0
0
0
0
0
0
0
0
0
0
0
0
0
0
0
0
0
0
0
0
0
0
0
0
0
0
0
0
0
0
0
0
0
0
0
0
0
0
0
0
0
0
0
0
0
0
0
0
0
0
0
0
0
0
0
0
0
0
0
0
0
0
0
0
0
0
0
0
0
0
0
0
0
0
0
0
0
0
0
0
0
0
0
0
0
0
0
0
0
0
0
0
0
0
0
0
0
0
0
0
0
0
0
0
0
0
0
0
0
0
0
0
0
0
0
0
0
0
0
0
0
0
0
0
0
0
0
0
0
0
0
0
0
0
0
0
0
0
0
0
0
0
0
0
0
0
0
0
0
0
0
0
0
0
0
0
0
0
0
0
0
0
0
0
0
0
0
0
0
0
0
0
0
0
0
0
0
0
0
0
0
0
0
0
0
0
0
0
0
0
0
0
0
0
0
0
0
0
0
0
0
0
0
0
0
0
0
0
0
0
0
0
0
0
0
0
0
0
0
0
0
0
0
0
0
0
0
0
0
0
0
0
0
0
0
0
0
0
0
0
0
0
0
0
0
0
0
0
0
0
0
0
0
0
0
0
0
0
0
0
0
0
0
0
0
0
0
0
0
0
0
0
0
0
0
0
0
0
0
0
0
0
0
0
0
0
0
0
0
0
0
0
0
0
0
0
0
0
0
0
0
0
0
0
0
0
0
0
0
0
0
0
0
0
0
0
0
0
0
0
0
0
0
0
0
0
0
0
0
0
0
0
0
0
0
0
0
0
0
0
0
0
0
0
0
0
0
0
0
0
0
0
0
0
0
0
0
0
0
0
0
0
0
0
0
0
0
0
0
0
0
0
0
0
0
0
0
0
0
0
0
0
0
0
0
0
0
0
0
0
0
0
0
0
0
0
0
0
0
0
0
0
0
0
0
0
0
0
0
0
0
0
0
0
0
0
0
0
0
0
0
0
0
0
0
0
0
0
0
0
0
0
0
0
0
0
0
0
0
0
0
0
0
0
0
0
0
0
0
0
0
0
0
0
0
0
0
0
0
0
0
0
0
0
0
0
0
0
0
0
0
0
0
0
0
0
0
0
0
0
0
0
0
0
0
0
0
0
0
0
0
0
0
0
0
0
0
0
0
0
0
0
0
0
0
0
0
0
0
0
0
0
0
0
0
0
0
0
0
0
0
0
0
0
0
0
0
0
0
0
0
0
0
0
0
0
0
0
0
0
0
0
0
0
0
0
0
0
0
0
0
0
0
0
0
0
0
0
0
0
0
0
0
0
0
0
0
0
0
0
0
0
0
0
0
0
0
0
0
0
0
0
0
0
0
0
0
0
0
0
0
0
0
0
0
0
0
0
0
0
0
0
0
0
0
0
0
0
0
0
0
0
0
0
0
0
0
0
0
0
0
0
0
0
0
0
0
0
0
0
0
0
0
0
0
0
0
0
0
0
0
0
0
0
0
0
0
0
0
0
0
0
0
0
0
0
0
0
0
0
0
0
0
0
0
0
0
0
0
0
0
0
0
0
0
0
0
0
0
0
0
0
0
0
0
0
0
0
0
0
0
0
0
0
0
0
0
0
0
0
0
0
0
0
0
0
0
0
0
0
0
0
0
0
0
0
0
0
0
0
0
0
0
0
0
0
0
0
0
0
0
0
0
0
0
0
0
0
0
0
0
0
0
0
0
0
0
0
0
0
0
0
0
0
0
0
0
0
0
0
0
0
0
0
0
0
0
0
0
0
0
0
0
0
0
0
0
0
0
0
0
0
0
0
0
0
0
0
0
0
0
0
0
0
0
0
0
0
0
0
0
0
0
0
0
0
0
0
0
0
0
0
0
0
0
0
0
0
0
0
0
0
0
0
0
0
0
0
0
0
0
0
0
0
0
0
0
0
0
0
0
0
0
0
0
0
0
0
0
0
0
0
0
0
0
0
0
0
0
0
0
0
0
0
0
0
0
0
0
0
0
0
0
0
0
0
0
0
-1
0
0
0
0
0
0
0
0
0
0
0
0
0
0
0
0
0
0
0
0
0
0
0
0
-1
0
0
0
0
0
0
0
0
0
0
0
0
0
0
0
0
0
0
0
0
0
0
0
0
-1
0
0
0
0
0
0
0
0
0
0
0
0
0
0
0
0
0
0
0
0
0
0
0
0
1
0
0
0
0
0
0
0
0
0
0
0
0
0
0
0
0
0
0
0
0
0
0
0
0
0
0
0
0
0
0
0
0
0
0
0
0
0
0
0
0
0
0
0
0
0
0
0
0
0
0
0
0
1
2
2
1
-1
-1
0
0
-2
-4
-5
-5
-4
-3
-2
-2
-2
-2
-2
-1
0
0
0
0
1
1
1
1
1
1
1
0
0
0
0
0
0
0
0
0
0
1
0
0
0
0
1
1
0
0
0
1
1
1
1
1
2
2
1
1
1
1
1
0
1
1
1
1
1
1
1
1
1
1
2
2
1
1
1
1
2
1
1
1
1
0
1
1
1
1
0
0
0
0
0
0
1
0
0
0
0
-1
-1
-1
-1
-1
-1
-1
-1
-1
-2
-2
-2
-1
-1
-2
-2
-2
-2
-2
-2
-2
-2
-2
-1
-1
-2
-2
-2
-2
-1
-1
-1
-2
-2
-2
-2
-2
-2
-2
-2
-2
-2
-2
-2
-2
-2
-2
-2
-2
-2
-2
-2
-2
-2
-2
-2
-2
-2
-2
-1
-1
-2
-2
-1
-1
-1
-1
-1
-1
-1
0
0
0
0
0
0
0
0
-1
0
0
0
0
0
1
0
0
-1
-1
-1
-1
-1
-1
0
0
-1
-1
-1
-1
-1
-1
1
1
1
0
0
0
-1
-1
-1
0
0
-1
-1
-1
-1
-1
-2
-2
-2
-2
-1
-1
0
-1
-2
-2
-2
-2
-2
-2
-2
-2
-1
-1
-1
-2
-2
-1
-1
-1
-1
-1
-1
-2
-2
-2
-2
-2
-2
-2
-1
-1
-2
-2
-2
-2
-1
0
1
0
0
1
1
0
-1
0
0
0
-1
-1
0
0
-1
-2
-2
-2
-2
-1
0
0
-1
-1
-2
-1
0
1
2
1
1
0
1
2
2
2
2
2
2
2
2
2
2
2
2
2
3
2
2
1
0
1
2
2
3
4
3
2
2
3
4
5
5
5
4
4
4
4
4
3
3
4
5
4
4
4
5
4
4
4
5
4
4
4
5
5
5
5
5
5
5
5
5
5
4
4
4
4
4
3
3
2
2
2
2
2
1
0
-1
0
0
1
1
1
0
0
0
0
0
0
0
0
1
1
0
0
-1
-1
-2
-2
-2
-2
-3
-3
-3
-3
-3
-3
-4
-4
-4
-3
-3
-3
-4
-4
-5
-5
-5
-4
-5
-5
-5
-5
-4
-4
-4
-5
-5
-5
-5
-6
-5
-6
-6
-6
-6
-6
-6
-6
-6
-6
-6
-6
-6
-5
-4
-3
-3
-3
-3
-3
-4
-3
-3
-3
-4
-4
-4
-4
-4
-5
-5
-5
-5
-6
-6
-5
-5
-5
-5
-4
-3
-4
-4
-2
-1
-1
-2
-1
0
0
-2
-2
-2
-2
-2
-2
-1
0
-1
-1
-1
-1
-2
-2
0
1
1
1
1
1
1
1
2
2
2
2
3
3
2
1
1
2
2
2
1
0
-1
0
1
2
1
0
-1
-1
-1
0
0
0
0
0
1
1
1
1
2
2
1
1
2
2
1
0
0
0
-1
-1
-1
-1
-3
-4
-4
-2
-2
-2
-2
-2
-2
-3
-3
-3
-2
-3
-3
-3
-2
-2
-2
-3
-4
-4
-4
-3
-4
-5
-6
-5
-5
-5
-5
-5
-6
-7
-7
-6
-4
-3
-4
-3
-2
-1
-1
-1
-1
0
-1
-1
-1
1
1
1
0
0
1
1
0
0
0
1
2
1
2
2
2
2
2
3
5
5
6
6
7
7
6
5
6
7
7
7
7
7
7
7
7
6
5
4
4
6
8
8
8
7
7
6
6
6
7
8
9
9
10
9
9
9
9
8
8
8
9
10
10
9
8
8
8
8
8
8
8
8
8
9
9
9
9
8
9
9
10
11
11
11
10
10
10
11
11
10
10
9
8
7
7
8
8
8
7
6
5
4
5
6
6
6
6
6
5
5
4
5
5
3
3
3
5
4
2
1
1
0
-1
-2
-1
0
-1
-3
-4
-5
-6
-6
-6
-4
-5
-6
-8
-6
-4
-3
-5
-8
-9
-8
-7
-6
-7
-8
-11
-13
-13
-12
-10
-11
-12
-14
-14
-14
-14
-14
-15
-15
-16
-16
-16
-17
-17
-17
-18
-19
-20
-20
-20
-20
-20
-20
-20
-21
-21
-20
-20
-20
-22
-22
-22
-23
-23
-21
-20
-20
-21
-23
-23
-22
-22
-21
-21
-19
-19
-20
-21
-21
-20
-20
-20
-20
-18
-17
-18
-17
-16
-14
-13
-14
-14
-13
-11
-9
-9
-9
-9
-9
-9
-8
-6
-6
-6
-6
-4
-1
1
2
1
2
3
5
7
9
10
10
10
10
11
13
14
16
18
20
20
21
22
23
23
25
27
29
29
29
29
30
32
33
34
34
35
37
38
38
40
41
41
42
43
45
45
45
45
45
46
47
47
47
48
48
47
47
46
46
45
44
44
44
45
45
43
41
40
40
41
41
39
37
35
33
32
31
30
27
24
22
22
22
20
16
13
11
10
9
7
5
0
-4
-7
-7
-8
-11
-14
-16
-17
-20
-24
-27
-28
-30
-33
-35
-37
-40
-44
-48
-50
-51
-53
-56
-60
-63
-65
-67
-69
-71
-74
-76
-79
-83
-85
-85
-85
-87
-89
-92
-93
-94
-95
-96
-98
-99
-100
-102
-103
-104
-103
-102
-104
-105
-105
-104
-103
-104
-105
-103
-102
-101
-101
-99
-96
-95
-96
-95
-91
-87
-85
-82
-80
-76
-71
-68
-66
-63
-60
-56
-52
-47
-43
-39
-36
-32
-27
-20
-15
-12
-9
-5
1
7
12
17
21
25
29
35
42
47
52
58
63
69
74
81
87
92
95
99
105
112
117
121
125
128
131
136
142
147
149
150
153
157
162
166
168
170
173
174
175
177
179
181
182
185
189
192
190
186
185
185
185
184
182
181
179
176
174
172
169
164
160
157
155
152
147
142
136
130
124
119
113
106
99
95
91
85
78
70
64
56
48
40
31
22
12
4
-2
-8
-18
-27
-35
-44
-53
-62
-71
-79
-88
-97
-104
-111
-118
-128
-137
-146
-154
-162
-171
-179
-186
-192
-200
-207
-215
-223
-232
-240
-247
-250
-254
-258
-264
-269
-273
-276
-281
-285
-288
-291
-293
-294
-294
-296
-297
-299
-300
-300
-298
-297
-297
-297
-294
-290
-286
-284
-282
-278
-272
-266
-261
-256
-250
-243
-235
-226
-218
-210
-202
-193
-183
-171
-158
-148
-139
-129
-115
-101
-89
-79
-68
-56
-42
-28
-13
1
14
26
38
52
66
78
90
103
117
131
145
158
171
184
197
211
226
240
253
265
277
289
300
312
323
334
344
353
361
369
376
383
390
397
406
413
420
424
428
431
433
436
439
441
443
444
445
444
443
442
440
438
432
426
421
416
410
403
394
386
377
367
358
350
341
329
316
303
291
278
262
244
226
211
197
182
166
150
135
119
102
85
69
54
36
17
0
-16
-33
-53
-75
-94
-111
-129
-148
-167
-184
-201
-219
-236
-253
-270
-289
-307
-325
-340
-355
-371
-387
-401
-413
-425
-439
-451
-464
-475
-487
-498
-508
-519
-529
-538
-547
-556
-565
-572
-576
-578
-581
-585
-589
-592
-595
-595
-594
-592
-592
-593
-590
-584
-578
-573
-569
-563
-557
-548
-538
-526
-513
-500
-487
-472
-454
-435
-415
-395
-373
-350
-326
-301
-277
-253
-228
-204
-181
-158
-133
-109
-85
-60
-33
-3
27
56
82
108
134
160
187
214
241
269
298
327
354
380
405
429
452
477
502
527
547
565
583
601
617
632
645
659
674
689
700
709
717
726
735
743
750
754
757
758
758
759
760
758
755
752
750
748
741
731
721
712
702
690
677
663
647
630
613
596
578
557
536
517
497
475
451
426
401
377
353
329
304
278
251
224
199
175
149
121
91
61
31
2
-28
-59
-89
-118
-148
-180
-211
-242
-274
-306
-337
-364
-390
-418
-448
-478
-507
-535
-564
-593
-621
-648
-675
-702
-727
-751
-775
-798
-818
-834
-849
-863
-877
-890
-901
-912
-920
-928
-938
-951
-965
-974
-979
-984
-989
-992
-993
-994
-992
-984
-972
-959
-950
-939
-921
-898
-875
-853
-829
-803
-775
-746
-714
-679
-643
-607
-569
-530
-491
-453
-415
-378
-341
-304
-266
-230
-195
-159
-119
-77
-35
7
52
100
147
193
237
280
322
362
401
441
481
517
551
586
622
656
685
710
735
760
782
803
824
844
861
874
888
905
921
935
946
960
975
988
997
1006
1015
1023
1029
1034
1039
1043
1041
1036
1031
1029
1024
1014
1001
988
973
957
938
917
896
873
850
829
809
790
769
747
725
702
677
651
624
599
571
540
507
472
436
399
361
323
286
249
212
176
139
98
54
13
-25
-61
-97
-134
-170
-206
-242
-277
-310
-344
-381
-419
-454
-486
-520
-556
-592
-628
-663
-699
-735
-768
-799
-829
-859
-887
-916
-945
-974
-1004
-1033
-1059
-1083
-1103
-1120
-1133
-1142
-1149
-1154
-1158
-1159
-1159
-1161
-1165
-1169
-1171
-1173
-1175
-1179
-1183
-1184
-1181
-1175
-1167
-1156
-1141
-1124
-1105
-1082
-1054
-1026
-1000
-974
-942
-904
-866
-829
-790
-744
-695
-643
-590
-534
-480
-431
-383
-332
-282
-237
-197
-157
-110
-62
-14
33
80
128
176
227
283
339
392
442
493
544
592
637
678
719
761
802
841
879
914
946
974
997
1018
1036
1052
1068
1082
1095
1105
1113
1122
1133
1145
1157
1167
1174
1180
1189
1198
1204
1206
1206
1204
1201
1195
1187
1177
1167
1154
1140
1126
1109
1089
1064
1037
1010
983
954
923
893
866
842
817
792
766
740
713
683
653
623
592
558
521
485
447
406
361
315
270
226
181
135
92
52
10
-33
-77
-119
-161
-205
-247
-285
-321
-359
-398
-435
-469
-501
-536
-574
-611
-648
-686
-724
-762
-799
-835
-872
-909
-943
-974
-1005
-1038
-1068
-1096
-1122
-1149
-1175
-1201
-1228
-1252
-1273
-1290
-1302
-1310
-1313
-1312
-1310
-1306
-1300
-1294
-1291
-1291
-1290
-1286
-1284
-1284
-1284
-1282
-1277
-1271
-1263
-1250
-1232
-1211
-1187
-1156
-1119
-1080
-1042
-1005
-964
-921
-876
-829
-779
-724
-666
-608
-548
-487
-426
-367
-309
-251
-193
-139
-89
-40
9
59
109
159
209
258
310
365
423
483
544
603
660
714
765
817
867
914
958
1002
1045
1085
1120
1152
1180
1203
1220
1234
1250
1265
1278
1288
1297
1304
1309
1313
1320
1327
1333
1340
1347
1351
1352
1350
1347
1342
1334
1324
1316
1305
1289
1267
1245
1224
1201
1175
1146
1116
1085
1051
1015
980
948
914
878
843
812
784
754
722
689
657
625
588
549
508
468
424
378
333
290
246
201
154
107
62
18
-27
-73
-120
-166
-212
-259
-306
-350
-392
-433
-475
-517
-555
-589
-626
-666
-706
-744
-781
-819
-857
-894
-927
-962
-997
-1030
-1060
-1089
-1123
-1158
-1190
-1219
-1245
-1273
-1301
-1329
-1354
-1377
-1397
-1415
-1430
-1439
-1442
-1442
-1437
-1427
-1411
-1396
-1388
-1385
-1381
-1375
-1370
-1368
-1363
-1354
-1347
-1343
-1338
-1323
-1302
-1280
-1257
-1224
-1182
-1137
-1095
-1053
-1006
-957
-909
-859
-805
-746
-684
-621
-552
-480
-410
-345
-280
-214
-148
-86
-28
26
78
127
180
236
292
344
395
451
513
578
645
713
777
837
895
953
1009
1058
1100
1140
1183
1224
1263
1297
1329
1355
1376
1396
1415
1429
1434
1437
1440
1446
1449
1450
1451
1456
1463
1470
1477
1481
1481
1476
1472
1468
1463
1455
1442
1424
1403
1380
1354
1327
1298
1269
1239
1207
1172
1134
1093
1051
1011
972
932
892
854
818
780
740
700
662
622
580
537
497
458
413
361
308
258
205
149
92
41
-5
-54
-107
-157
-204
-251
-303
-355
-401
-444
-488
-535
-579
-619
-660
-703
-747
-788
-827
-865
-904
-943
-981
-1019
-1056
-1091
-1125
-1161
-1196
-1229
-1262
-1297
-1334
-1367
-1396
-1424
-1452
-1479
-1503
-1527
-1551
-1570
-1582
-1584
-1583
-1579
-1571
-1556
-1536
-1517
-1507
-1504
-1499
-1490
-1480
-1473
-1466
-1457
-1449
-1445
-1441
-1427
-1402
-1374
-1346
-1309
-1259
-1204
-1154
-1106
-1055
-1001
-948
-894
-833
-764
-693
-622
-547
-469
-392
-320
-250
-179
-111
-47
15
80
143
201
255
313
374
434
491
553
621
691
760
827
895
962
1024
1081
1135
1187
1237
1282
1325
1366
1404
1438
1467
1489
1508
1526
1541
1553
1561
1569
1576
1580
1580
1580
1581
1584
1586
1589
1592
1593
1591
1588
1581
1571
1556
1539
1522
1503
1481
1456
1430
1403
1372
1337
1301
1263
1220
1175
1131
1088
1042
994
948
904
860
814
772
733
693
650
608
568
524
472
419
372
324
268
208
151
99
43
-17
-75
-127
-178
-233
-287
-338
-389
-445
-502
-554
-598
-640
-684
-729
-774
-818
-860
-903
-946
-987
-1024
-1060
-1099
-1137
-1172
-1205
-1243
-1284
-1322
-1355
-1385
-1416
-1450
-1482
-1513
-1544
-1575
-1602
-1627
-1648
-1668
-1684
-1694
-1694
-1684
-1667
-1648
-1626
-1599
-1575
-1560
-1554
-1548
-1537
-1524
-1514
-1505
-1493
-1484
-1480
-1477
-1464
-1437
-1403
-1364
-1315
-1257
-1195
-1136
-1082
-1028
-975
-921
-860
-789
-708
-625
-545
-468
-389
-310
-233
-160
-89
-22
40
102
166
230
288
343
398
456
516
578
644
715
788
863
942
1021
1092
1154
1212
1267
1317
1362
1411
1464
1512
1549
1581
1611
1633
1642
1642
1645
1651
1655
1656
1659
1664
1664
1661
1661
1667
1674
1678
1679
1677
1674
1673
1670
1659
1639
1619
1602
1581
1552
1516
1480
1445
1405
1363
1321
1279
1230
1174
1116
1062
1010
958
909
865
825
787
749
709
668
626
580
533
484
436
386
332
272
208
145
85
27
-32
-90
-149
-209
-267
-324
-381
-441
-500
-557
-609
-657
-703
-750
-794
-837
-877
-918
-959
-1002
-1043
-1084
-1127
-1170
-1211
-1248
-1286
-1326
-1367
-1406
-1442
-1480
-1520
-1558
-1592
-1624
-1653
-1681
-1705
-1727
-1748
-1770
-1784
-1786
-1773
-1754
-1732
-1708
-1678
-1649
-1629
-1621
-1615
-1605
-1596
-1592
-1589
-1577
-1562
-1555
-1554
-1547
-1526
-1496
-1460
-1411
-1348
-1282
-1225
-1176
-1121
-1061
-1000
-939
-869
-788
-703
-616
-527
-436
-350
-271
-196
-121
-46
27
97
161
216
268
323
382
442
498
555
618
688
767
856
949
1035
1110
1180
1251
1316
1370
1415
1461
1511
1562
1608
1645
1673
1691
1701
1710
1719
1728
1732
1733
1734
1738
1742
1742
1739
1741
1749
1757
1762
1765
1765
1762
1755
1748
1738
1720
1694
1666
1636
1602
1561
1519
1478
1436
1392
1347
1301
1247
1185
1124
1069
1017
966
918
873
828
782
736
688
636
580
528
479
428
371
311
251
189
123
60
1
-61
-128
-190
-244
-296
-356
-419
-480
-537
-591
-643
-693
-746
-803
-858
-907
-952
-996
-1039
-1081
-1126
-1172
-1212
-1249
-1290
-1337
-1381
-1419
-1457
-1498
-1541
-1578
-1613
-1653
-1693
-1728
-1755
-1779
-1805
-1832
-1854
-1871
-1877
-1872
-1855
-1830
-1799
-1771
-1752
-1738
-1722
-1705
-1694
-1690
-1685
-1672
-1659
-1651
-1647
-1639
-1628
-1613
-1584
-1538
-1478
-1416
-1358
-1301
-1241
-1178
-1115
-1051
-983
-909
-829
-743
-652
-562
-475
-391
-304
-213
-127
-52
15
81
147
209
270
332
394
453
513
582
660
740
816
895
982
1071
1155
1229
1295
1354
1409
1463
1518
1571
1618
1660
1697
1727
1748
1763
1778
1789
1796
1802
1810
1815
1814
1808
1809
1818
1825
1826
1828
1835
1843
1844
1838
1829
1817
1799
1777
1757
1735
1703
1660
1617
1577
1537
1492
1446
1401
1353
1298
1238
1180
1121
1060
1003
956
915
872
823
778
736
688
628
566
508
450
387
321
257
194
129
60
-6
-69
-132
-196
-258
-317
-372
-430
-491
-552
-608
-662
-717
-776
-834
-889
-941
-989
-1033
-1076
-1121
-1167
-1214
-1260
-1307
-1354
-1398
-1441
-1486
-1528
-1565
-1598
-1634
-1674
-1713
-1746
-1775
-1803
-1833
-1862
-1889
-1909
-1920
-1924
-1917
-1900
-1875
-1848
-1823
-1794
-1767
-1751
-1751
-1751
-1737
-1719
-1712
-1714
-1709
-1696
-1687
-1682
-1665
-1628
-1581
-1531
-1473
-1401
-1326
-1262
-1204
-1140
-1070
-998
-926
-845
-754
-656
-559
-466
-373
-280
-192
-108
-27
48
114
174
231
292
356
419
478
539
606
678
755
841
934
1029
1118
1202
1284
1360
1426
1483
1537
1591
1645
1695
1738
1772
1800
1820
1835
1846
1855
1864
1870
1872
1872
1873
1873
1871
1871
1878
1891
1900
1903
1902
1901
1898
1891
1881
1869
1853
1832
1805
1772
1731
1681
1630
1583
1540
1494
1443
1388
1330
1270
1210
1148
1084
1022
968
922
877
829
778
726
674
621
568
513
453
390
326
264
200
131
60
-9
-74
-139
-206
-271
-332
-393
-454
-514
-572
-630
-690
-748
-805
-863
-921
-976
-1026
-1073
-1119
-1165
-1207
-1250
-1296
-1343
-1386
-1427
-1469
-1515
-1559
-1600
-1643
-1685
-1726
-1763
-1801
-1840
-1877
-1909
-1937
-1964
-1988
-2004
-2008
-1998
-1977
-1949
-1922
-1896
-1872
-1855
-1847
-1838
-1822
-1800
-1783
-1774
-1765
-1753
-1745
-1741
-1731
-1708
-1675
-1635
-1582
-1515
-1445
-1383
-1328
-1268
-1201
-1130
-1055
-974
-883
-788
-688
-585
-483
-387
-294
-197
-105
-25
45
115
188
259
327
397
466
526
582
646
723
804
884
969
1064
1164
1257
1340
1419
1490
1550
1604
1662
1722
1776
1818
1852
1884
1912
1931
1941
1950
1960
1967
1968
1966
1965
1964
1960
1957
1960
1966
1965
1960
1958
1960
1959
1950
1938
1926
1909
1883
1852
1818
1773
1720
1669
1628
1586
1534
1476
1422
1372
1317
1254
1191
1134
1079
1024
971
920
867
810
749
688
631
577
522
461
395
332
271
205
134
62
-5
-70
-139
-208
-271
-330
-392
-456
-518
-575
-628
-683
-742
-807
-870
-928
-984
-1044
-1102
-1152
-1196
-1241
-1290
-1341
-1387
-1431
-1475
-1519
-1559
-1597
-1637
-1680
-1723
-1765
-1805
-1843
-1885
-1930
-1967
-1992
-2013
-2033
-2043
-2033
-2010
-1989
-1970
-1945
-1920
-1905
-1902
-1902
-1895
-1881
-1870
-1862
-1858
-1857
-1857
-1854
-1843
-1825
-1796
-1754
-1700
-1635
-1560
-1485
-1420
-1363
-1301
-1228
-1149
-1071
-989
-897
-794
-687
-580
-472
-371
-282
-198
-112
-29
45
111
179
251
320
386
450
515
582
654
738
833
936
1040
1142
1240
1332
1416
1492
1562
1625
1682
1736
1788
1835
1874
1903
1926
1947
1968
1984
1993
1998
2001
2001
2000
2000
2002
2001
2001
2007
2020
2027
2025
2019
2020
2024
2022
2013
1998
1976
1944
1905
1862
1814
1758
1702
1653
1609
1559
1500
1438
1376
1315
1255
1194
1132
1069
1011
961
913
860
802
746
693
641
587
531
474
412
346
278
209
134
54
-24
-98
-171
-243
-311
-372
-430
-490
-552
-616
-681
-747
-813
-873
-929
-986
-1047
-1104
-1155
-1201
-1248
-1295
-1342
-1387
-1431
-1473
-1515
-1558
-1605
-1654
-1704
-1753
-1800
-1843
-1886
-1933
-1980
-2019
-2048
-2075
-2100
-2113
-2108
-2091
-2069
-2043
-2013
-1988
-1971
-1959
-1945
-1934
-1924
-1915
-1905
-1898
-1894
-1890
-1886
-1887
-1887
-1873
-1835
-1780
-1719
-1653
-1580
-1508
-1444
-1381
-1310
-1234
-1156
-1072
-976
-868
-756
-648
-543
-441
-343
-247
-153
-62
21
99
173
246
312
373
432
491
555
627
707
797
894
998
1105
1209
1310
1404
1487
1558
1625
1694
1765
1828
1879
1921
1957
1989
2013
2028
2038
2044
2049
2054
2057
2058
2058
2057
2056
2057
2061
2066
2069
2070
2072
2074
2071
2067
2062
2053
2036
2009
1975
1931
1882
1835
1791
1742
1685
1625
1571
1521
1462
1395
1329
1265
1200
1138
1086
1035
977
914
856
803
747
687
627
566
501
433
366
300
229
153
75
-1
-77
-152
-222
-291
-363
-431
-490
-545
-607
-672
-735
-799
-865
-932
-993
-1050
-1108
-1169
-1224
-1274
-1324
-1376
-1427
-1476
-1525
-1574
-1620
-1666
-1713
-1757
-1799
-1843
-1890
-1932
-1968
-2006
-2050
-2093
-2127
-2150
-2164
-2168
-2160
-2143
-2121
-2096
-2069
-2046
-2031
-2021
-2011
-2002
-1994
-1984
-1970
-1959
-1958
-1961
-1961
-1953
-1935
-1904
-1856
-1794
-1725
-1653
-1580
-1510
-1443
-1374
-1298
-1216
-1131
-1039
-937
-832
-727
-618
-504
-393
-296
-205
-111
-16
70
143
216
294
372
442
507
572
641
715
800
896
999
1105
1210
1311
1404
1487
1561
1631
1699
1768
1834
1895
1945
1983
2014
2042
2066
2086
2101
2111
2116
2119
2119
2114
2106
2102
2102
2103
2104
2107
2112
2116
2117
2117
2119
2118
2111
2097
2076
2046
2004
1957
1909
1860
1808
1758
1709
1655
1589
1519
1452
1387
1321
1255
1192
1131
1066
1000
938
878
817
752
686
625
568
512
453
390
321
252
182
105
22
-61
-143
-223
-300
-369
-433
-500
-571
-639
-700
-762
-829
-898
-963
-1027
-1093
-1154
-1209
-1264
-1320
-1371
-1411
-1452
-1502
-1553
-1596
-1638
-1686
-1736
-1785
-1833
-1885
-1936
-1986
-2035
-2082
-2125
-2161
-2193
-2220
-2231
-2226
-2215
-2200
-2173
-2137
-2109
-2096
-2084
-2067
-2055
-2053
-2045
-2022
-1997
-1992
-2001
-2006
-2000
-1990
-1974
-1942
-1893
-1837
-1772
-1697
-1620
-1550
-1488
-1425
-1352
-1270
-1177
-1075
-967
-858
-747
-632
-516
-405
-307
-218
-132
-46
36
112
184
255
328
399
471
544
623
702
782
875
983
1097
1205
1306
1406
1501
1585
1662
1738
1807
1866
1918
1972
2022
2057
2076
2094
2116
2133
2140
2142
2142
2140
2137
2138
2141
2145
2152
2163
2173
2177
2177
2174
2170
2165
2160
2155
2142
2113
2071
2027
1982
1930
1871
1815
1767
1721
1672
1617
1554
1484
1415
1350
1285
1215
1144
1079
1020
960
900
841
782
717
650
585
522
453
374
294
219
146
68
-16
-99
-176
-251
-325
-395
-457
-515
-577
-640
-703
-768
-840
-913
-981
-1047
-1118
-1185
-1241
-1290
-1345
-1405
-1457
-1498
-1543
-1597
-1652
-1698
-1741
-1789
-1840
-1887
-1929
-1971
-2014
-2057
-2104
-2147
-2182
-2210
-2239
-2259
-2261
-2248
-2231
-2211
-2180
-2142
-2117
-2113
-2110
-2091
-2065
-2049
-2042
-2031
-2015
-2005
-2007
-2013
-2013
-2000
-1975
-1936
-1882
-1812
-1730
-1646
-1569
-1498
-1426
-1346
-1257
-1158
-1054
-945
-836
-728
-618
-506
-398
-300
-211
-126
-36
60
153
235
307
379
453
526
597
668
745
829
923
1029
1143
1255
1357
1452
1541
1627
1711
1790
1860
1920
1974
2025
2073
2107
2128
2144
2158
2173
2186
2198
2201
2192
2181
2179
2181
2180
2180
2188
2201
2207
2208
2211
2216
2211
2198
2188
2179
2153
2108
2064
2030
1991
1935
1873
1817
1764
1703
1638
1574
1508
1431
1353
1284
1219
1150
1080
1021
966
902
830
765
712
657
589
518
453
388
317
242
169
92
5
-83
-161
-231
-305
-385
-464
-536
-609
-685
-757
-825
-893
-960
-1022
-1079
-1137
-1198
-1252
-1299
-1346
-1400
-1454
-1505
-1550
-1592
-1635
-1681
-1735
-1793
-1842
-1879
-1918
-1968
-2022
-2066
-2105
-2148
-2191
-2222
-2244
-2267
-2285
-2282
-2254
-2220
-2194
-2167
-2132
-2097
-2076
-2062
-2043
-2023
-2012
-2003
-1984
-1962
-1956
-1964
-1965
-1951
-1930
-1900
-1847
-1772
-1695
-1629
-1565
-1494
-1423
-1354
-1279
-1186
-1081
-976
-869
-753
-630
-511
-396
-284
-179
-85
4
92
179
259
329
391
454
525
603
678
749
823
913
1019
1127
1227
1321
1414
1502
1587
1676
1767
1849
1913
1965
2014
2060
2092
2114
2137
2165
2191
2206
2209
2209
2207
2199
2186
2176
2173
2173
2176
2188
2203
2206
2191
2174
2169
2169
2156
2132
2110
2088
2059
2023
1985
1938
1874
1807
1755
1711
1657
1596
1540
1482
1411
1333
1264
1201
1128
1044
967
905
844
778
715
656
589
514
443
377
305
230
162
93
12
-72
-144
-207
-279
-360
-433
-495
-559
-629
-693
-750
-818
-904
-985
-1052
-1116
-1187
-1253
-1307
-1358
-1414
-1467
-1513
-1559
-1610
-1662
-1701
-1731
-1765
-1809
-1854
-1897
-1940
-1986
-2030
-2069
-2105
-2136
-2162
-2185
-2210
-2230
-2232
-2212
-2179
-2149
-2125
-2100
-2073
-2052
-2039
-2027
-2011
-1997
-1987
-1977
-1965
-1958
-1961
-1963
-1948
-1910
-1855
-1796
-1739
-1682
-1617
-1543
-1468
-1399
-1328
-1245
-1147
-1043
-937
-826
-711
-605
-506
-403
-294
-194
-105
-17
77
168
248
324
400
471
532
588
652
729
818
912
1008
1112
1222
1327
1416
1492
1569
1655
1740
1813
1875
1932
1982
2019
2051
2088
2125
2152
2171
2187
2198
2199
2183
2157
2135
2133
2148
2162
2164
2160
2156
2153
2148
2147
2149
2148
2139
2135
2135
2118
2068
2004
1956
1917
1863
1805
1759
1714
1647
1570
1503
1436
1349
1255
1180
1122
1052
971
908
861
798
716
646
596
538
464
402
358
300
217
132
60
-16
-103
-185
-258
-335
-419
-490
-546
-611
-698
-783
-849
-912
-983
-1041
-1078
-1123
-1193
-1267
-1323
-1372
-1434
-1496
-1536
-1559
-1586
-1624
-1664
-1709
-1770
-1835
-1882
-1916
-1959
-2011
-2053
-2081
-2113
-2158
-2198
-2216
-2220
-2211
-2184
-2144
-2113
-2093
-2060
-2010
-1979
-1987
-2003
-1994
-1965
-1941
-1919
-1887
-1860
-1862
-1877
-1870
-1843
-1829
-1821
-1777
-1692
-1602
-1534
-1477
-1421
-1363
-1293
-1202
-1096
-993
-891
-773
-640
-517
-410
-302
-188
-86
0
87
172
239
296
370
449
506
545
600
679
761
841
938
1053
1161
1245
1323
1411
1495
1561
1628
1711
1797
1862
1908
1952
1993
2026
2053
2083
2118
2150
2168
2168
2161
2151
2134
2115
2110
2124
2139
2140
2141
2157
2174
2169
2145
2132
2135
2129
2104
2082
2071
2043
1985
1920
1868
1815
1753
1690
1635
1577
1513
1451
1386
1306
1207
1109
1022
940
856
780
714
645
573
509
453
381
292
216
165
113
41
-36
-103
-172
-256
-342
-412
-475
-545
-618
-675
-724
-791
-879
-963
-1028
-1085
-1150
-1219
-1282
-1341
-1400
-1452
-1491
-1526
-1567
-1606
-1633
-1655
-1689
-1737
-1779
-1807
-1840
-1891
-1945
-1986
-2016
-2044
-2069
-2089
-2105
-2111
-2094
-2061
-2025
-1986
-1935
-1877
-1832
-1809
-1805
-1816
-1845
-1871
-1869
-1840
-1819
-1816
-1803
-1766
-1738
-1742
-1754
-1743
-1714
-1677
-1623
-1548
-1475
-1419
-1363
-1283
-1187
-1105
-1035
-946
-812
-649
-492
-361
-254
-156
-60
25
84
129
185
258
331
396
457
518
570
620
688
779
875
963
1044
1134
1238
1342
1429
1505
1583
1670
1752
1816
1867
1924
1983
2025
2046
2062
2086
2100
2099
2104
2125
2141
2139
2135
2145
2154
2143
2120
2114
2127
2138
2134
2126
2125
2131
2137
2134
2117
2089
2055
2013
1949
1863
1773
1694
1620
1547
1483
1435
1383
1312
1226
1143
1060
963
855
764
699
633
547
450
360
270
166
60
-22
-81
-144
-211
-266
-309
-369
-451
-527
-579
-628
-698
-775
-835
-884
-945
-1014
-1073
-1129
-1195
-1262
-1316
-1372
-1443
-1516
-1567
-1613
-1681
-1768
-1851
-1922
-1995
-2068
-2126
-2173
-2229
-2297
-2360
-2410
-2458
-2499
-2515
-2505
-2492
-2487
-2487
-2489
-2487
-2462
-2381
-2237
-2047
-1835
-1619
-1421
-1267
-1176
-1139
-1129
-1120
-1097
-1053
-991
-919
-845
-782
-741
-728
-730
-728
-704
-652
-573
-471
-353
-229
-113
-24
38
87
143
221
334
482
645
791
901
970
986
940
847
753
688
650
633
646
692
741
774
812
880
963
1032
1096
1180
1284
1373
1434
1480
1524
1559
1573
1575
1577
1581
1587
1601
1629
1656
1661
1644
1612
1573
1530
1492
1476
1496
1547
1617
1697
1783
1861
1915
1939
1940
1917
1866
1799
1734
1672
1600
1516
1430
1342
1240
1128
1029
956
897
842
799
760
687
561
410
275
160
49
-48
-109
-143
-176
-219
-272
-343
-443
-556
-654
-735
-821
-911
-974
-998
-1004
-1014
-1019
-1006
-988
-981
-976
-954
-923
-914
-939
-979
-1022
-1076
-1143
-1209
-1263
-1305
-1345
-1380
-1411
-1449
-1504
-1566
-1626
-1686
-1751
-1818
-1889
-1969
-2039
-2073
-2079
-2096
-2136
-2173
-2196
-2234
-2298
-2356
-2375
-2372
-2349
-2247
-2019
-1717
-1424
-1139
-812
-478
-243
-148
-124
-103
-85
-78
-57
-4
52
81
105
153
200
206
186
195
251
322
370
393
410
441
490
544
591
640
720
851
1025
1207
1352
1414
1365
1218
1017
799
582
388
272
279
382
493
552
579
623
696
782
877
984
1086
1162
1216
1259
1276
1250
1210
1214
1270
1330
1365
1401
1457
1506
1535
1549
1539
1475
1374
1302
1301
1342
1398
1486
1615
1733
1782
1777
1752
1694
1590
1487
1430
1377
1255
1082
934
840
761
688
654
666
673
638
578
501
379
206
34
-100
-222
-363
-497
-580
-618
-645
-669
-679
-697
-762
-866
-963
-1036
-1100
-1149
-1150
-1101
-1049
-1025
-1004
-960
-912
-881
-845
-787
-748
-767
-824
-882
-950
-1045
-1133
-1170
-1170
-1178
-1196
-1195
-1185
-1209
-1261
-1300
-1339
-1425
-1541
-1624
-1680
-1767
-1883
-1962
-2000
-2057
-2149
-2221
-2249
-2289
-2368
-2425
-2416
-2379
-2332
-2192
-1898
-1506
-1097
-672
-234
131
337
408
420
388
302
222
227
305
367
394
440
504
521
485
475
530
609
681
781
915
1017
1030
994
977
979
968
972
1049
1190
1321
1382
1357
1233
998
691
390
153
-10
-89
-64
50
192
312
411
492
551
607
702
836
957
1030
1084
1142
1159
1099
1015
988
1018
1054
1106
1220
1372
1479
1517
1535
1557
1543
1478
1433
1470
1562
1649
1725
1807
1863
1840
1739
1601
1447
1281
1127
1013
934
852
756
663
586
512
441
390
359
330
301
268
202
67
-115
-287
-432
-587
-764
-905
-965
-980
-1006
-1042
-1060
-1077
-1124
-1184
-1215
-1216
-1213
-1189
-1108
-989
-903
-882
-877
-847
-815
-811
-817
-801
-775
-773
-807
-866
-941
-1021
-1088
-1127
-1134
-1120
-1104
-1099
-1111
-1137
-1178
-1247
-1348
-1458
-1551
-1642
-1753
-1864
-1938
-1987
-2057
-2148
-2216
-2253
-2306
-2399
-2482
-2495
-2421
-2268
-2013
-1632
-1153
-638
-129
340
709
908
934
855
748
653
574
518
513
581
704
816
860
842
822
849
917
1003
1099
1201
1274
1286
1240
1156
1039
902
811
836
963
1090
1136
1098
992
799
507
180
-85
-245
-311
-289
-174
3
171
281
355
434
528
621
706
793
882
960
1012
1024
997
951
916
925
993
1119
1279
1443
1586
1696
1756
1753
1694
1618
1571
1576
1622
1680
1727
1747
1728
1649
1508
1327
1149
1000
872
748
639
552
467
363
267
209
174
125
76
65
77
44
-67
-212
-343
-473
-625
-775
-890
-967
-1015
-1016
-970
-931
-941
-979
-997
-989
-983
-993
-1000
-975
-909
-813
-721
-669
-659
-651
-615
-572
-558
-572
-598
-632
-673
-704
-730
-776
-846
-894
-883
-842
-836
-888
-961
-1020
-1077
-1165
-1296
-1447
-1585
-1694
-1788
-1896
-2020
-2125
-2188
-2226
-2263
-2306
-2352
-2409
-2476
-2525
-2530
-2475
-2324
-2013
-1515
-906
-309
224
699
1084
1284
1270
1135
1002
908
829
776
795
880
971
1041
1119
1211
1274
1287
1297
1349
1415
1424
1354
1244
1124
994
864
770
742
773
838
901
918
838
632
322
-16
-294
-468
-542
-536
-456
-315
-151
-16
73
144
237
364
506
637
744
818
845
833
816
841
922
1024
1122
1247
1436
1638
1754
1778
1799
1856
1884
1838
1775
1762
1768
1734
1683
1656
1603
1454
1265
1152
1094
970
774
632
579
503
330
146
54
28
-5
-39
-33
-26
-86
-192
-281
-364
-480
-601
-667
-692
-739
-812
-866
-894
-935
-985
-994
-953
-924
-934
-937
-901
-867
-866
-860
-809
-735
-678
-623
-533
-430
-370
-359
-356
-353
-390
-479
-572
-631
-669
-710
-744
-764
-791
-846
-911
-968
-1031
-1117
-1207
-1286
-1369
-1465
-1559
-1656
-1790
-1957
-2084
-2131
-2162
-2248
-2337
-2340
-2290
-2316
-2434
-2519
-2489
-2375
-2177
-1797
-1200
-522
83
606
1088
1445
1547
1425
1262
1165
1090
993
935
963
1022
1055
1096
1195
1306
1343
1321
1335
1400
1422
1339
1203
1084
973
836
703
630
619
623
627
639
615
483
237
-49
-306
-520
-665
-688
-592
-468
-373
-258
-79
106
217
290
415
583
699
723
717
730
750
773
856
1022
1209
1359
1492
1649
1804
1904
1943
1959
1966
1951
1902
1835
1764
1693
1618
1547
1486
1420
1315
1160
985
837
717
578
396
222
112
42
-42
-126
-161
-144
-117
-104
-105
-135
-212
-313
-397
-472
-576
-698
-778
-803
-835
-899
-938
-915
-878
-876
-883
-862
-826
-808
-802
-776
-724
-663
-604
-547
-505
-481
-452
-406
-371
-375
-396
-400
-409
-461
-550
-630
-680
-711
-733
-739
-740
-761
-799
-827
-855
-934
-1067
-1192
-1269
-1343
-1472
-1634
-1769
-1883
-2022
-2165
-2242
-2252
-2260
-2282
-2274
-2248
-2289
-2428
-2567
-2598
-2487
-2216
-1721
-1003
-214
496
1108
1618
1896
1848
1606
1395
1272
1148
1020
999
1105
1209
1239
1277
1377
1451
1442
1443
1518
1568
1481
1308
1156
1016
806
548
371
344
399
450
482
500
455
287
12
-294
-563
-759
-853
-821
-676
-487
-332
-213
-82
74
210
319
451
608
723
767
785
809
818
828
920
1123
1346
1508
1656
1851
2023
2069
2027
2005
1988
1890
1743
1643
1575
1458
1322
1265
1271
1212
1052
894
800
692
500
284
122
-4
-124
-193
-182
-144
-123
-92
-37
-7
-48
-144
-252
-350
-430
-485
-513
-533
-562
-602
-651
-706
-745
-744
-725
-725
-731
-706
-674
-692
-746
-771
-752
-719
-666
-573
-473
-431
-452
-477
-475
-474
-502
-537
-554
-561
-568
-569
-577
-621
-688
-735
-754
-777
-811
-852
-915
-1010
-1099
-1155
-1225
-1364
-1537
-1650
-1682
-1713
-1802
-1907
-1970
-2008
-2071
-2157
-2234
-2300
-2379
-2467
-2529
-2525
-2419
-2170
-1723
-1057
-247
547
1197
1683
2008
2112
1960
1666
1431
1345
1337
1332
1348
1411
1468
1470
1458
1470
1465
1413
1370
1367
1322
1161
934
728
545
356
203
150
170
188
199
234
240
109
-154
-435
-667
-855
-964
-924
-760
-578
-421
-244
-35
139
240
331
492
698
860
938
962
975
1008
1084
1205
1351
1511
1679
1830
1935
1993
2018
2004
1947
1878
1832
1783
1673
1501
1347
1269
1224
1143
1019
881
731
556
373
204
42
-120
-246
-293
-279
-277
-315
-343
-308
-239
-205
-230
-276
-298
-298
-308
-341
-373
-375
-355
-359
-415
-492
-533
-525
-508
-511
-522
-520
-516
-535
-570
-596
-600
-584
-541
-473
-411
-405
-459
-526
-564
-580
-595
-598
-578
-560
-577
-614
-627
-625
-656
-719
-746
-701
-652
-692
-812
-922
-982
-1042
-1149
-1281
-1399
-1498
-1597
-1704
-1826
-1962
-2081
-2144
-2159
-2172
-2203
-2230
-2245
-2290
-2390
-2484
-2472
-2279
-1865
-1212
-376
503
1281
1887
2269
2366
2187
1865
1579
1422
1383
1427
1519
1596
1591
1517
1441
1392
1339
1273
1238
1251
1246
1145
933
658
382
154
7
-53
-47
2
80
154
160
36
-211
-505
-770
-954
-1016
-931
-722
-463
-222
-15
157
279
347
410
536
719
881
969
1007
1036
1065
1102
1188
1348
1540
1713
1855
1964
1992
1908
1763
1662
1631
1602
1523
1425
1348
1277
1172
1037
898
753
597
453
338
217
49
-135
-255
-293
-300
-310
-301
-256
-196
-144
-100
-76
-100
-159
-187
-161
-144
-179
-212
-190
-157
-182
-257
-338
-419
-496
-534
-526
-526
-572
-608
-579
-544
-593
-683
-687
-591
-511
-494
-480
-439
-429
-471
-515
-521
-511
-511
-510
-498
-495
-513
-535
-557
-608
-692
-764
-803
-840
-905
-979
-1032
-1062
-1080
-1118
-1223
-1398
-1577
-1705
-1817
-1976
-2159
-2279
-2303
-2295
-2316
-2346
-2343
-2327
-2357
-2420
-2421
-2265
-1912
-1362
-630
238
1128
1884
2383
2589
2545
2321
2013
1731
1552
1470
1440
1437
1445
1423
1342
1241
1179
1159
1135
1086
1031
966
847
654
435
243
78
-77
-200
-251
-233
-187
-162
-189
-281
-428
-604
-775
-905
-942
-834
-584
-270
5
203
353
491
610
693
770
881
1020
1142
1216
1242
1235
1235
1299
1440
1592
1699
1779
1867
1932
1910
1815
1726
1660
1556
1405
1274
1183
1063
902
768
676
545
345
140
-29
-185
-319
-374
-344
-312
-326
-321
-245
-161
-137
-128
-63
14
36
25
21
-5
-78
-131
-107
-53
-56
-131
-227
-305
-372
-441
-505
-544
-554
-551
-554
-567
-580
-583
-593
-609
-584
-497
-424
-451
-533
-560
-536
-541
-581
-589
-559
-553
-582
-594
-575
-581
-633
-676
-676
-677
-733
-819
-895
-968
-1049
-1113
-1152
-1211
-1319
-1437
-1529
-1632
-1795
-1983
-2108
-2154
-2191
-2251
-2272
-2209
-2133
-2144
-2218
-2257
-2243
-2188
-1979
-1469
-720
56
783
1530
2218
2578
2493
2199
1978
1833
1650
1514
1569
1712
1731
1641
1592
1543
1353
1086
942
944
937
847
738
635
477
263
87
-31
-161
-284
-268
-125
-42
-113
-250
-389
-580
-819
-992
-1016
-904
-691
-400
-95
135
263
363
500
653
773
880
1030
1215
1359
1402
1365
1338
1396
1512
1588
1606
1641
1704
1713
1650
1601
1595
1549
1434
1333
1282
1187
983
765
652
608
514
365
246
157
23
-153
-283
-344
-385
-411
-371
-267
-164
-112
-95
-68
-15
43
74
76
83
110
133
117
67
13
-47
-144
-267
-349
-367
-380
-429
-466
-441
-400
-425
-521
-618
-663
-666
-659
-651
-635
-620
-629
-661
-674
-643
-597
-571
-558
-517
-457
-438
-484
-539
-546
-531
-545
-576
-580
-583
-636
-724
-784
-813
-875
-1001
-1157
-1302
-1435
-1558
-1662
-1755
-1869
-1995
-2086
-2138
-2195
-2263
-2306
-2322
-2358
-2425
-2481
-2491
-2418
-2164
-1622
-817
82
936
1720
2381
2751
2737
2484
2201
1949
1709
1532
1481
1512
1542
1566
1602
1592
1465
1281
1158
1087
954
738
537
392
255
118
19
-70
-185
-258
-215
-121
-113
-213
-341
-478
-674
-913
-1080
-1101
-1005
-813
-495
-104
216
405
534
662
765
844
956
1112
1260
1362
1431
1480
1509
1521
1535
1566
1613
1659
1676
1646
1588
1546
1526
1478
1376
1272
1208
1126
974
805
687
580
417
214
21
-158
-323
-435
-465
-432
-360
-265
-169
-107
-78
-48
2
51
88
142
214
254
254
260
273
240
181
167
165
65
-125
-278
-355
-445
-579
-666
-640
-573
-553
-560
-538
-509
-530
-580
-602
-605
-619
-622
-590
-547
-514
-474
-428
-410
-414
-408
-396
-410
-444
-456
-443
-445
-485
-539
-589
-646
-710
-744
-744
-767
-857
-986
-1108
-1246
-1454
-1717
-1953
-2098
-2170
-2233
-2300
-2320
-2269
-2208
-2183
-2150
-2090
-2097
-2214
-2296
-2164
-1829
-1403
-865
-103
823
1644
2172
2453
2570
2489
2224
1955
1813
1727
1618
1567
1648
1742
1703
1564
1457
1403
1304
1116
901
704
515
327
160
-1
-167
-283
-295
-247
-214
-201
-186
-210
-324
-514
-726
-941
-1122
-1167
-990
-660
-339
-88
161
420
587
619
627
730
908
1079
1234
1405
1548
1585
1539
1520
1577
1642
1661
1662
1684
1696
1648
1542
1411
1266
1117
1004
955
927
864
767
667
559
419
243
44
-167
-348
-434
-411
-359
-345
-334
-251
-124
-46
-26
13
86
134
146
176
219
206
149
154
251
324
270
151
81
45
-62
-251
-421
-509
-540
-554
-567
-580
-589
-582
-568
-581
-630
-685
-714
-721
-721
-707
-672
-641
-634
-619
-568
-512
-486
-467
-425
-399
-424
-475
-515
-559
-627
-685
-683
-642
-624
-652
-687
-704
-743
-852
-1031
-1241
-1429
-1570
-1696
-1862
-2044
-2153
-2173
-2191
-2260
-2324
-2329
-2308
-2316
-2356
-2409
-2450
-2401
-2118
-1516
-669
269
1201
2073
2771
3140
3124
2810
2357
1936
1670
1562
1525
1509
1529
1577
1592
1531
1406
1228
1009
799
658
555
394
157
-38
-115
-150
-239
-343
-372
-328
-265
-206
-181
-261
-459
-684
-851
-955
-995
-919
-677
-309
70
370
569
686
773
880
1003
1093
1159
1274
1428
1508
1471
1419
1438
1499
1555
1612
1658
1641
1544
1429
1336
1229
1084
963
928
927
881
797
698
545
323
114
-27
-169
-366
-535
-567
-493
-426
-392
-331
-230
-137
-55
60
188
264
309
399
502
504
395
300
297
323
296
233
180
113
-19
-195
-354
-475
-569
-623
-618
-579
-550
-551
-575
-608
-630
-634
-646
-681
-714
-714
-692
-678
-673
-645
-590
-533
-483
-424
-369
-355
-367
-357
-341
-391
-500
-576
-579
-572
-606
-657
-689
-717
-770
-860
-985
-1136
-1288
-1404
-1490
-1606
-1783
-1975
-2111
-2173
-2181
-2167
-2160
-2169
-2174
-2184
-2267
-2441
-2587
-2539
-2213
-1614
-781
189
1144
1957
2564
2914
2952
2710
2357
2074
1904
1796
1739
1736
1703
1571
1411
1319
1245
1100
930
824
747
605
397
181
-34
-249
-385
-371
-282
-253
-277
-246
-176
-203
-355
-532
-697
-879
-1006
-972
-813
-655
-498
-246
96
394
572
699
862
1050
1221
1374
1495
1535
1515
1519
1567
1586
1561
1566
1624
1662
1619
1503
1351
1192
1066
995
952
895
821
755
685
568
409
273
187
103
-16
-151
-280
-422
-573
-666
-639
-508
-338
-175
-24
114
213
252
246
238
252
279
315
359
388
378
348
337
325
252
107
-38
-135
-221
-339
-452
-494
-485
-495
-536
-560
-562
-582
-620
-636
-635
-670
-743
-796
-792
-757
-724
-678
-598
-506
-440
-398
-360
-336
-349
-374
-362
-318
-308
-355
-397
-386
-356
-373
-433
-491
-548
-652
-818
-1000
-1170
-1341
-1516
-1670
-1810
-1966
-2113
-2192
-2212
-2250
-2313
-2330
-2294
-2297
-2393
-2514
-2557
-2466
-2184
-1627
-806
118
984
1764
2436
2849
2867
2596
2298
2105
1975
1869
1824
1835
1808
1689
1545
1442
1337
1166
983
895
880
794
569
297
81
-85
-240
-351
-371
-339
-318
-291
-224
-188
-313
-601
-896
-1073
-1148
-1156
-1054
-807
-474
-131
178
403
512
562
669
863
1071
1238
1373
1472
1490
1426
1367
1378
1425
1485
1597
1757
1843
1768
1597
1426
1255
1062
906
850
850
815
715
585
454
305
127
-42
-161
-241
-323
-415
-487
-521
-533
-534
-492
-352
-130
82
228
343
458
525
502
444
415
397
356
324
336
352
313
213
94
-15
-112
-205
-302
-391
-451
-463
-450
-460
-507
-558
-585
-602
-612
-601
-584
-588
-592
-567
-561
-618
-674
-652
-594
-566
-533
-437
-343
-348
-424
-460
-446
-464
-518
-519
-459
-442
-501
-557
-592
-688
-845
-963
-1027
-1124
-1272
-1403
-1504
-1628
-1777
-1896
-1973
-2051
-2134
-2178
-2186
-2233
-2353
-2495
-2597
-2632
-2533
-2200
-1621
-860
37
1004
1866
2440
2705
2758
2658
2437
2177
1975
1860
1800
1752
1675
1529
1331
1169
1093
1034
919
800
756
721
565
304
59
-125
-269
-353
-347
-294
-247
-188
-110
-101
-246
-493
-714
-864
-983
-1061
-1019
-839
-602
-359
-103
150
365
562
768
954
1091
1211
1337
1426
1446
1457
1526
1621
1671
1683
1719
1753
1693
1534
1369
1237
1096
958
883
860
804
701
619
585
535
418
270
149
54
-60
-215
-396
-563
-663
-659
-582
-495
-399
-257
-83
70
193
304
380
398
399
426
450
418
365
374
437
454
374
258
148
12
-165
-326
-440
-529
-580
-557
-510
-525
-582
-581
-503
-432
-417
-421
-412
-422
-468
-513
-550
-621
-704
-704
-612
-531
-501
-460
-407
-417
-471
-468
-413
-420
-509
-557
-500
-440
-484
-599
-697
-777
-872
-964
-1050
-1196
-1404
-1569
-1659
-1778
-1972
-2139
-2201
-2197
-2181
-2152
-2123
-2130
-2172
-2228
-2311
-2412
-2393
-2070
-1444
-698
74
924
1783
2384
2598
2578
2468
2258
2001
1870
1893
1895
1783
1672
1633
1544
1323
1110
1047
1026
891
719
634
528
261
-44
-181
-182
-203
-247
-217
-134
-97
-124
-168
-253
-438
-680
-861
-960
-1034
-1056
-945
-736
-526
-314
-53
204
377
519
726
976
1185
1336
1461
1547
1566
1562
1608
1688
1730
1736
1767
1790
1706
1522
1343
1211
1074
928
835
801
757
664
552
458
382
312
248
178
70
-83
-236
-344
-414
-476
-516
-489
-371
-199
-48
33
68
117
185
222
214
210
241
282
302
309
312
283
201
96
13
-42
-99
-166
-218
-254
-302
-371
-436
-478
-508
-534
-536
-508
-480
-487
-523
-564
-603
-651
-689
-684
-636
-577
-522
-462
-407
-388
-406
-416
-404
-408
-441
-457
-432
-415
-450
-515
-569
-611
-652
-695
-749
-848
-999
-1163
-1320
-1499
-1715
-1908
-2022
-2089
-2154
-2201
-2213
-2240
-2322
-2422
-2504
-2596
-2691
-2677
-2441
-1993
-1414
-732
51
856
1538
2021
2329
2497
2533
2482
2406
2304
2133
1895
1653
1457
1326
1258
1237
1237
1236
1213
1125
943
686
407
156
-24
-92
-54
8
0
-61
-79
-52
-101
-288
-522
-701
-835
-958
-1034
-1027
-964
-868
-715
-497
-264
-66
120
341
589
815
992
1118
1180
1188
1203
1274
1386
1512
1656
1797
1873
1849
1770
1680
1572
1432
1295
1205
1138
1036
892
753
641
535
428
360
344
318
215
48
-117
-240
-346
-452
-520
-504
-406
-264
-107
51
177
249
302
373
433
432
392
378
387
352
259
164
100
42
-27
-80
-101
-136
-220
-321
-386
-421
-458
-486
-483
-459
-449
-468
-511
-564
-603
-612
-598
-575
-547
-524
-518
-521
-511
-495
-491
-493
-469
-419
-387
-399
-419
-412
-404
-446
-526
-595
-643
-679
-688
-663
-645
-665
-708
-771
-902
-1118
-1346
-1507
-1606
-1696
-1795
-1875
-1919
-1947
-1986
-2036
-2086
-2137
-2205
-2317
-2471
-2591
-2550
-2271
-1769
-1093
-298
529
1281
1882
2273
2404
2330
2221
2188
2166
2048
1855
1684
1554
1414
1270
1181
1130
1046
940
881
814
603
288
67
15
13
-12
-12
35
70
69
74
81
15
-137
-291
-392
-490
-616
-705
-707
-659
-579
-437
-269
-158
-64
138
429
664
803
955
1153
1285
1293
1288
1378
1509
1582
1624
1700
1750
1685
1547
1433
1340
1209
1067
974
911
812
681
585
550
533
496
457
436
406
323
188
36
-100
-204
-267
-287
-265
-205
-114
-1
133
278
406
486
516
512
482
419
327
238
178
139
98
48
0
-48
-114
-197
-264
-300
-344
-435
-544
-616
-654
-697
-740
-735
-673
-595
-529
-463
-392
-347
-345
-365
-381
-402
-441
-480
-493
-479
-446
-391
-330
-295
-294
-309
-332
-371
-422
-484
-573
-679
-755
-776
-781
-807
-844
-873
-919
-1020
-1179
-1371
-1584
-1788
-1912
-1917
-1872
-1874
-1918
-1938
-1930
-1946
-1996
-2067
-2158
-2224
-2177
-1990
-1708
-1338
-824
-181
454
967
1368
1685
1866
1881
1855
1915
1991
1947
1819
1723
1638
1485
1324
1264
1262
1184
1029
897
796
629
386
187
109
83
42
21
51
74
44
-15
-76
-155
-249
-326
-396
-490
-582
-607
-556
-488
-446
-398
-277
-73
153
339
482
612
746
865
946
1002
1076
1203
1374
1552
1694
1769
1774
1748
1725
1685
1600
1498
1422
1342
1197
992
789
624
502
432
405
378
308
215
151
114
57
-20
-64
-58
-49
-67
-88
-90
-80
-47
46
190
324
398
418
413
396
368
331
287
233
175
129
108
97
53
-38
-134
-182
-192
-226
-314
-421
-493
-529
-551
-569
-572
-566
-553
-511
-445
-415
-454
-499
-489
-469
-503
-558
-565
-527
-500
-491
-464
-421
-405
-433
-485
-546
-619
-678
-696
-701
-746
-814
-843
-846
-885
-964
-1021
-1030
-1039
-1093
-1194
-1310
-1407
-1496
-1607
-1735
-1818
-1830
-1825
-1868
-1947
-2003
-2033
-2084
-2141
-2104
-1902
-1564
-1124
-593
-39
426
793
1146
1471
1657
1693
1709
1777
1805
1698
1497
1307
1178
1103
1086
1102
1081
996
912
849
722
503
305
209
148
53
-22
-23
2
-4
-18
-1
11
-35
-120
-198
-277
-369
-416
-383
-341
-353
-343
-219
-24
139
274
443
630
768
847
904
945
956
989
1111
1285
1395
1419
1443
1508
1547
1523
1484
1467
1428
1322
1178
1038
894
736
609
558
555
538
497
458
409
322
213
123
58
-6
-66
-87
-69
-43
-16
36
119
199
256
310
367
403
403
380
340
279
218
190
186
161
103
53
38
22
-34
-105
-155
-203
-279
-355
-388
-391
-406
-441
-471
-482
-485
-484
-476
-471
-479
-487
-479
-471
-490
-528
-554
-565
-573
-567
-534
-499
-496
-522
-544
-558
-581
-622
-669
-721
-781
-826
-827
-798
-794
-844
-919
-978
-1020
-1064
-1137
-1255
-1398
-1506
-1545
-1550
-1587
-1666
-1740
-1779
-1805
-1856
-1954
-2086
-2203
-2207
-2021
-1668
-1246
-810
-347
129
531
782
892
937
993
1098
1232
1328
1339
1306
1317
1385
1424
1369
1268
1193
1132
1035
906
780
661
543
444
374
296
183
87
87
172
250
257
208
114
-43
-251
-431
-515
-493
-395
-256
-125
-49
-32
-34
-8
57
159
297
452
583
673
750
851
976
1113
1255
1397
1515
1589
1618
1600
1532
1435
1351
1293
1223
1113
1009
962
955
927
872
824
779
677
499
298
140
37
-32
-69
-75
-75
-72
-33
58
162
236
290
345
387
394
381
380
386
374
359
381
436
464
429
355
284
229
184
136
65
-39
-144
-213
-250
-295
-352
-378
-350
-325
-369
-470
-550
-570
-571
-609
-687
-763
-807
-821
-824
-826
-816
-778
-705
-630
-598
-617
-658
-702
-750
-787
-779
-718
-652
-628
-625
-589
-528
-498
-524
-577
-629
-684
-756
-861
-998
-1132
-1214
-1241
-1265
-1317
-1364
-1362
-1335
-1351
-1434
-1548
-1665
-1794
-1937
-2062
-2113
-2014
-1697
-1198
-671
-237
124
464
748
900
929
912
904
901
883
840
784
747
784
896
996
1003
944
880
790
623
416
250
146
92
91
123
135
133
196
333
435
420
340
284
240
141
0
-103
-146
-146
-78
70
210
277
341
480
628
687
687
716
779
832
882
966
1060
1111
1122
1141
1174
1184
1178
1183
1170
1085
956
833
699
529
392
371
437
500
527
546
573
598
607
591
539
463
396
350
285
178
85
73
128
187
239
313
407
485
536
568
581
576
573
575
571
550
522
496
461
402
317
221
135
67
-2
-89
-186
-266
-317
-358
-405
-432
-412
-369
-343
-332
-308
-285
-303
-360
-418
-468
-525
-592
-645
-670
-672
-661
-645
-638
-646
-652
-634
-612
-630
-698
-773
-819
-845
-871
-886
-865
-808
-738
-677
-630
-592
-559
-548
-583
-673
-797
-918
-1005
-1064
-1114
-1167
-1213
-1240
-1254
-1272
-1295
-1313
-1324
-1349
-1410
-1503
-1596
-1654
-1647
-1542
-1315
-977
-591
-235
55
289
479
606
644
598
513
449
444
478
492
466
457
526
646
720
699
633
588
550
454
289
115
6
-1
70
147
177
186
244
349
424
424
386
353
315
249
175
137
150
201
284
394
504
592
663
716
732
727
737
750
709
631
623
749
961
1155
1264
1274
1203
1086
954
818
689
609
610
656
663
602
544
543
577
602
603
571
498
417
360
298
202
128
145
236
330
407
489
559
577
558
564
603
615
582
555
557
543
508
491
489
457
410
402
414
374
277
182
127
92
54
15
-32
-100
-173
-217
-241
-290
-361
-400
-396
-403
-451
-511
-558
-602
-648
-683
-703
-705
-675
-612
-547
-506
-483
-468
-473
-510
-569
-618
-634
-629
-631
-660
-705
-735
-735
-726
-740
-774
-801
-811
-822
-838
-848
-857
-883
-915
-934
-951
-984
-1018
-1045
-1075
-1098
-1084
-1053
-1069
-1143
-1208
-1223
-1226
-1283
-1387
-1475
-1484
-1385
-1176
-898
-624
-381
-130
111
237
202
110
69
73
79
96
129
154
179
252
369
468
529
600
685
700
589
420
298
238
209
219
268
311
343
432
577
675
677
641
602
500
309
103
-21
-36
43
184
336
437
488
553
645
690
657
629
665
693
643
558
516
522
547
576
601
630
708
860
1021
1083
1023
925
863
822
755
671
616
602
615
641
659
634
576
527
500
473
439
410
377
323
276
272
304
336
355
381
424
474
516
550
570
570
557
542
520
484
453
447
449
428
395
374
358
317
253
196
157
127
95
61
25
-9
-41
-77
-128
-195
-251
-280
-303
-349
-410
-461
-502
-558
-629
-687
-714
-716
-710
-700
-690
-678
-662
-644
-639
-655
-664
-631
-568
-528
-534
-566
-598
-624
-635
-621
-600
-601
-616
-602
-542
-479
-454
-460
-477
-517
-583
-639
-669
-709
-773
-833
-896
-1014
-1176
-1296
-1331
-1347
-1411
-1493
-1522
-1489
-1433
-1361
-1250
-1099
-909
-651
-355
-132
-43
-9
44
73
38
-2
12
40
28
-2
-9
5
29
89
193
291
349
417
518
562
489
399
403
452
455
433
431
404
314
212
136
46
-59
-93
-4
130
223
313
471
641
715
697
670
636
568
512
500
451
309
177
181
308
479
654
817
924
971
1012
1071
1082
990
858
785
767
742
718
742
780
777
748
717
650
535
438
389
322
192
54
-22
-39
-26
28
148
303
442
548
627
662
652
649
675
675
606
530
516
537
529
487
453
445
457
470
462
416
349
302
295
305
298
277
265
262
257
254
253
226
146
16
-136
-284
-395
-456
-488
-529
-584
-630
-650
-649
-634
-605
-572
-548
-542
-554
-583
-622
-647
-635
-596
-568
-564
-562
-533
-486
-443
-421
-420
-440
-471
-489
-479
-459
-459
-485
-524
-567
-611
-638
-636
-623
-637
-680
-722
-754
-807
-898
-987
-1045
-1096
-1175
-1253
-1288
-1281
-1257
-1205
-1105
-975
-849
-727
-581
-415
-273
-187
-162
-200
-288
-368
-375
-321
-269
-231
-164
-45
103
253
381
455
466
451
434
378
239
57
-61
-66
-6
51
91
130
193
317
487
598
549
384
248
223
262
296
303
287
245
204
211
263
293
270
262
350
520
687
786
805
779
771
820
891
915
881
841
824
793
703
582
506
513
578
650
674
624
537
500
553
644
689
669
630
614
623
629
605
535
440
364
333
330
330
342
394
471
527
537
518
494
480
486
510
533
527
486
431
381
340
308
288
273
252
232
230
238
212
129
8
-122
-240
-331
-377
-375
-346
-319
-306
-305
-311
-314
-296
-256
-211
-180
-157
-129
-96
-64
-39
-34
-68
-141
-221
-269
-276
-270
-281
-314
-351
-371
-374
-374
-386
-410
-433
-451
-476
-521
-585
-647
-684
-687
-668
-645
-615
-564
-502
-473
-500
-553
-585
-588
-600
-645
-702
-725
-699
-660
-656
-696
-750
-796
-839
-892
-945
-978
-982
-970
-944
-898
-830
-744
-638
-516
-403
-328
-290
-273
-282
-321
-363
-367
-330
-277
-213
-118
-2
82
107
107
132
182
227
248
238
197
147
131
154
185
194
192
190
185
179
194
239
276
275
272
324
435
550
634
678
676
634
593
603
657
694
663
563
438
336
291
303
336
352
358
385
432
476
510
543
563
538
466
379
316
294
311
344
361
356
366
427
511
553
542
527
527
508
465
444
461
468
432
403
447
559
667
710
681
607
533
503
514
512
463
396
351
316
272
241
250
272
265
230
200
177
137
73
5
-60
-128
-189
-214
-196
-156
-106
-58
-47
-94
-161
-194
-198
-221
-277
-332
-361
-376
-387
-379
-343
-297
-258
-222
-190
-182
-198
-216
-238
-287
-360
-412
-412
-385
-363
-341
-302
-263
-249
-253
-251
-251
-277
-322
-367
-406
-440
-452
-431
-409
-421
-455
-465
-446
-438
-464
-488
-478
-446
-427
-441
-485
-539
-568
-567
-578
-635
-702
-709
-658
-627
-666
-726
-739
-710
-692
-700
-695
-654
-589
-516
-442
-376
-331
-313
-315
-317
-297
-244
-168
-96
-52
-45
-52
-25
63
188
292
339
350
357
354
305
204
89
0
-55
-72
-45
26
123
217
271
269
244
266
362
483
541
489
354
211
123
101
114
132
159
213
291
369
434
483
490
423
323
276
298
326
323
322
346
359
353
398
546
733
840
829
754
674
599
527
467
414
357
310
286
268
240
230
264
305
289
206
121
86
86
69
30
6
25
72
120
158
188
211
224
223
199
143
68
12
1
32
81
140
215
292
340
351
345
328
289
237
207
203
191
162
147
153
143
98
56
57
81
79
46
16
-19
-85
-169
-220
-221
-207
-208
-221
-226
-215
-201
-211
-253
-304
-325
-311
-299
-323
-367
-382
-348
-291
-253
-250
-269
-286
-282
-263
-253
-246
-209
-141
-92
-105
-161
-203
-198
-161
-127
-121
-145
-175
-188
-192
-226
-301
-370
-396
-406
-445
-492
-483
-421
-388
-429
-495
-521
-516
-529
-571
-614
-643
-656
-634
-569
-493
-440
-396
-327
-253
-224
-245
-258
-225
-177
-163
-179
-193
-190
-168
-120
-50
13
44
45
42
53
74
85
77
58
41
36
48
73
98
105
87
62
61
95
138
167
182
175
123
37
-14
19
96
144
144
136
146
160
173
204
250
269
241
213
233
292
337
338
308
264
217
183
180
210
258
306
342
350
312
242
200
240
336
396
357
253
172
161
187
199
182
165
178
214
237
217
159
101
67
44
24
39
119
229
294
283
235
201
188
176
155
130
110
113
144
179
166
93
23
32
110
175
174
140
122
112
78
41
50
96
112
79
58
99
157
168
146
134
119
68
9
-4
10
-10
-63
-89
-73
-64
-62
0
123
197
153
63
17
5
-19
-41
-42
-56
-97
-99
-15
73
57
-35
-79
-38
13
28
29
5
-86
-202
-244
-206
-186
-223
-235
-158
-64
-70
-168
-249
-252
-213
-188
-194
-223
-258
-277
-268
-238
-207
-195
-214
-242
-234
-184
-143
-149
-177
-169
-115
-59
-38
-46
-70
-114
-172
-223
-253
-260
-240
-212
-226
-283
-297
-200
-70
-52
-156
-241
-206
-108
-62
-82
-103
-91
-63
-34
-15
-27
-77
-132
-162
-174
-173
-136
-55
22
37
-4
-46
-67
-96
-142
-169
-145
-87
-26
23
66
100
119
122
116
119
148
198
239
240
202
143
81
35
27
74
149
190
156
78
24
41
109
162
162
126
97
90
84
70
64
78
98
109
111
110
94
56
14
-9
-18
-23
-12
29
73
76
46
28
32
32
33
86
190
253
203
99
57
100
156
173
165
158
153
160
194
227
194
89
0
4
69
105
89
70
78
81
48
8
20
99
190
226
202
157
112
63
19
17
65
119
138
138
147
146
105
62
67
99
105
108
154
206
184
107
76
103
92
-2
-88
-87
-47
-40
-30
32
77
14
-109
-163
-109
-31
-19
-82
-157
-176
-138
-106
-109
-91
-2
95
81
-29
-82
-25
4
-92
-185
-116
55
154
135
89
60
22
-31
-67
-72
-77
-98
-125
-157
-197
-216
-188
-145
-135
-153
-173
-203
-234
-220
-172
-170
-231
-269
-242
-214
-222
-215
-166
-152
-215
-258
-190
-95
-107
-181
-179
-107
-86
-129
-148
-135
-152
-175
-131
-49
-37
-107
-152
-121
-92
-121
-151
-128
-100
-110
-123
-109
-108
-141
-157
-117
-59
-27
-19
-16
-27
-67
-121
-162
-179
-168
-111
-9
93
143
147
154
188
219
197
110
7
-37
-15
16
23
39
76
86
43
-1
10
57
85
81
74
72
59
42
44
49
32
17
37
63
54
42
77
127
125
79
38
5
-44
-67
11
152
215
150
78
101
168
186
155
119
71
6
-24
14
57
32
-22
-13
47
63
18
-2
40
67
20
-42
-42
8
43
38
20
9
16
63
139
172
105
-5
-35
41
122
122
77
57
61
45
25
43
83
80
25
-21
-15
22
52
65
56
14
-34
-38
6
36
12
-27
-42
-50
-74
-95
-93
-91
-103
-98
-54
-15
-33
-87
-111
-95
-73
-58
-31
-8
-15
-27
2
53
69
42
24
37
40
2
-46
-64
-59
-56
-52
-32
-18
-41
-93
-138
-154
-144
-126
-117
-128
-150
-156
-126
-89
-88
-125
-153
-135
-92
-62
-52
-41
-37
-59
-90
-85
-40
2
12
13
30
40
20
-3
8
31
20
-15
-23
-2
-6
-56
-109
-117
-95
-87
-113
-147
-149
-113
-79
-92
-144
-173
-138
-77
-49
-52
-41
-15
-19
-59
-89
-85
-71
-62
-41
1
33
37
38
57
78
70
45
42
62
70
55
54
88
119
101
49
32
71
110
90
41
23
31
12
-29
-35
-3
9
-7
10
81
130
97
40
43
87
92
57
58
116
161
139
80
44
51
73
74
51
42
77
119
100
22
-29
2
56
53
19
35
92
108
65
34
43
44
13
2
39
75
56
4
-23
-13
3
18
42
59
52
37
42
54
39
3
-13
0
9
-10
-35
-35
-21
-34
-77
-101
-65
12
70
74
43
17
12
14
3
-28
-75
-116
-126
-107
-86
-75
-53
-2
45
38
-14
-41
5
90
128
81
0
-38
-12
38
70
86
96
91
60
20
2
0
-18
-48
-44
9
59
56
20
-6
-14
-29
-55
-74
-77
-69
-58
-47
-44
-51
-54
-43
-35
-42
-45
-23
1
-3
-23
-26
-10
-8
-27
-42
-27
10
34
20
-20
-52
-55
-45
-50
-64
-46
9
48
33
2
13
45
35
-28
-82
-78
-38
-14
-20
-25
-10
9
7
-9
-15
-2
9
0
-21
-28
-11
16
32
31
24
28
48
67
63
45
46
70
74
38
10
31
72
81
57
43
56
75
77
59
27
-7
-22
-3
32
49
42
30
27
42
89
141
146
96
63
92
138
137
103
82
73
58
54
78
90
57
38
103
190
169
59
15
88
141
67
-44
-44
57
122
90
31
19
37
40
40
64
85
59
-2
-38
-26
1
7
-2
-4
-6
-22
-30
-3
42
57
26
-29
-75
-90
-56
2
24
-11
-45
-28
8
9
-13
-20
-27
-60
-84
-40
38
50
-20
-86
-97
-93
-98
-78
-38
-31
-60
-72
-63
-77
-103
-72
9
33
-41
-105
-70
-11
-34
-98
-88
-9
38
36
51
95
105
57
6
-7
-13
-39
-52
-20
23
20
-10
-6
36
56
24
-17
-16
21
51
43
1
-48
-67
-33
30
56
21
-23
-22
2
-1
-12
13
38
-4
-74
-66
24
82
46
-13
-14
12
5
-20
-16
4
-1
-13
2
24
23
19
25
10
-28
-31
22
61
31
-10
11
60
51
-13
-45
-27
-16
-28
-29
-26
-63
-111
-98
-37
-7
-27
-30
15
51
35
12
30
54
39
14
30
72
96
95
81
57
35
32
35
19
-11
-20
-6
-11
-45
-62
-31
13
26
20
19
13
4
23
57
49
0
-12
37
72
49
21
43
67
34
-13
-2
33
12
-35
-14
60
81
29
-7
17
54
56
36
21
18
20
26
23
0
-29
-33
-15
-4
-5
0
-1
-24
-38
-12
22
19
-2
-5
-5
-21
-33
-19
-6
-27
-56
-51
-22
-14
-29
-28
-8
-3
-12
-5
9
2
-14
-15
-16
-34
-43
-26
-15
-29
-42
-30
-15
-13
-2
22
16
-35
-66
-26
23
0
-58
-60
-19
-7
-25
-26
-23
-51
-81
-63
-19
-3
-8
8
29
-1
-57
-53
14
44
-15
-90
-104
-75
-49
-32
-17
-10
-13
-14
-15
-27
-35
-3
60
83
21
-74
-106
-51
15
18
-34
-76
-67
-19
33
56
38
-9
-49
-45
-3
31
26
4
-5
-10
-17
-6
27
44
21
-6
-12
-19
-42
-44
-1
45
42
11
1
9
5
2
25
31
-25
-85
-64
-5
2
-25
-8
38
31
-18
-22
23
20
-43
-57
16
65
20
-30
-6
22
-9
-39
-14
11
-13
-27
24
78
55
-8
-22
-2
-16
-41
-14
29
18
-12
12
51
28
-25
-23
20
29
11
31
78
70
12
2
58
78
25
-7
33
73
56
28
28
19
-14
-14
46
96
65
-7
-38
-18
9
35
72
86
53
19
38
70
49
-15
-41
-1
52
60
31
9
9
10
-6
-36
-64
-81
-79
-53
-18
3
0
-7
3
22
21
-3
-23
-23
-21
-30
-27
-6
2
-12
-12
15
29
4
-25
-24
-3
9
10
14
12
-3
-13
-13
-28
-61
-57
-5
21
-21
-54
-14
38
19
-35
-45
-31
-59
-99
-68
14
34
-23
-49
-5
16
-30
-53
11
79
54
-33
-78
-46
12
43
37
5
-26
-32
-20
-24
-48
-44
2
28
2
-20
13
51
30
-28
-45
-10
24
31
39
61
65
37
12
12
9
-12
-30
-23
-5
16
52
92
91
26
-52
-77
-51
-23
-15
-12
-8
-11
-4
31
65
43
-25
-58
-22
18
-9
-65
-68
-18
13
-2
-15
13
44
31
-1
4
52
92
94
76
63
49
20
-7
-4
25
41
16
-31
-52
-28
8
15
-15
-52
-65
-52
-24
1
11
7
5
15
16
-10
-46
-51
-29
-29
-63
-75
-31
16
0
-38
-19
37
40
-16
-33
27
76
44
-5
14
69
70
25
18
51
52
3
-33
-25
-9
-8
1
25
31
4
-20
-10
14
21
17
24
36
38
38
38
28
12
5
9
12
20
41
57
52
38
42
56
43
0
-34
-39
-36
-33
-11
21
19
-23
-52
-34
-4
-2
-13
-7
1
-15
-39
-40
-25
-32
-58
-56
-16
11
-14
-52
-42
17
61
50
15
14
45
52
15
-21
-18
1
-10
-36
-26
20
49
24
-21
-35
-20
-2
5
13
18
13
4
-1
-4
-15
-27
-27
-12
2
2
-12
-24
-18
1
9
-6
-23
-13
13
14
-5
-3
21
22
-7
-9
35
73
55
17
14
26
2
-36
-26
29
58
38
12
-3
-24
-43
-31
-6
-2
-13
-5
9
-4
-29
-20
9
-7
-65
-78
-18
32
18
-5
16
36
4
-47
-61
-40
-26
-37
-52
-49
-20
19
37
11
-31
-30
10
22
-12
-27
7
30
1
-34
-24
6
13
-2
-14
-24
-31
-19
7
8
-27
-41
-1
33
3
-39
-23
17
2
-52
-55
6
52
33
-9
-21
-12
-19
-34
-25
-1
9
5
12
35
47
25
-16
-40
-25
6
21
20
29
45
45
24
6
4
4
-7
-20
-19
-10
-6
-3
4
9
8
10
15
5
-15
-11
13
13
-23
-36
10
58
42
-14
-32
-16
-27
-64
-62
-22
-16
-53
-65
-34
-25
-67
-92
-58
-21
-34
-47
3
65
52
-11
-25
24
52
14
-42
-60
-39
-14
-14
-36
-49
-33
-9
-16
-56
-81
-56
-8
13
1
-19
-32
-33
-11
16
2
-43
-56
-16
21
23
22
37
28
-23
-64
-45
5
23
2
-23
-36
-38
-14
34
54
12
-44
-56
-32
3
44
64
24
-38
-38
22
41
-20
-70
-35
30
38
11
21
42
17
-12
19
58
22
-43
-47
-14
-37
-97
-83
19
88
49
-25
-33
10
28
6
-11
-8
-7
-14
-14
-9
-10
-13
-4
16
22
-5
-43
-38
15
56
46
23
21
13
-19
-32
3
29
-14
-81
-80
-16
14
-20
-41
-15
-8
-46
-58
-12
26
10
-14
-5
8
-9
-32
-26
0
22
34
33
4
-42
-56
-23
-2
-30
-60
-45
-11
-2
-17
-27
-23
-6
15
19
1
-13
-8
-7
-26
-36
-12
16
6
-17
-3
33
29
-4
5
46
38
-18
-25
41
85
50
-7
-23
-17
-27
-36
-23
-7
-15
-23
-9
2
-12
-19
4
13
-23
-51
-21
31
32
-13
-40
-28
-14
-16
-8
16
15
-32
-75
-56
-4
5
-44
-82
-65
-24
-6
-3
16
36
20
-16
-21
10
25
6
-8
4
6
-19
-38
-23
0
9
12
13
-1
-20
-14
13
15
-28
-67
-58
-31
-27
-22
11
32
-2
-48
-47
-12
-3
-25
-34
-19
-11
-19
-11
15
20
-10
-30
-10
20
22
7
3
5
1
-5
-7
-18
-39
-45
-17
15
18
4
10
30
26
-5
-17
6
24
8
-12
-2
11
-13
-52
-56
-24
-1
-3
-5
7
25
43
60
60
28
-4
2
25
11
-21
-9
38
37
-17
-32
27
72
36
-15
11
70
54
-28
-57
-2
41
8
-43
-37
9
33
17
-6
-8
5
16
14
3
-8
-12
-11
-11
-4
22
46
38
4
-15
-2
16
18
11
12
12
3
-1
18
38
23
-18
-40
-23
-4
-18
-40
-27
13
28
2
-18
2
40
51
35
23
24
19
1
-11
-5
3
1
2
20
42
41
14
-11
-6
20
33
16
-4
4
32
47
38
22
12
0
-16
-16
5
17
1
-20
-21
-14
-19
-24
-11
2
-8
-24
-15
18
40
36
29
30
23
-1
-16
-4
18
19
-4
-28
-31
-9
10
5
-7
7
39
45
16
-1
21
39
11
-26
-12
31
26
-31
-61
-37
-17
-36
-51
-27
-1
-13
-33
-23
-3
-12
-28
-11
15
3
-22
-3
43
46
1
-24
-2
13
-16
-46
-33
-8
-16
-30
-5
34
24
-25
-39
0
25
-9
-55
-56
-23
-8
-23
-42
-47
-41
-26
-10
-5
-9
-2
22
34
17
3
18
38
30
19
39
63
49
23
33
55
33
-15
-12
42
61
22
6
49
68
10
-42
-9
43
26
-29
-34
-1
-2
-30
-18
24
20
-31
-35
28
58
2
-59
-50
-10
-13
-54
-75
-53
-16
9
15
9
-3
-10
-7
-8
-23
-36
-34
-27
-24
-17
-6
-2
-3
-1
1
-5
-3
11
11
-24
-56
-34
27
52
8
-49
-57
-24
0
-2
-11
-11
-1
13
10
-18
-40
-30
-5
-2
-14
-8
13
10
-18
-21
16
42
18
-13
1
37
45
30
22
15
-13
-44
-42
-17
-7
-14
-10
0
-13
-32
-9
46
63
29
17
66
110
74
0
-19
22
42
5
-27
-3
36
29
-8
-12
20
35
6
-23
-8
26
24
-10
-26
-9
2
-14
-27
-12
0
-18
-36
-15
24
29
-2
-21
-8
5
5
13
27
20
-7
-11
16
29
9
-9
1
15
4
-6
16
49
43
2
-26
-14
15
32
31
20
10
9
9
4
1
5
3
-11
-17
-4
9
4
-2
9
15
-9
-36
-20
20
19
-27
-49
-21
4
-3
-5
15
17
-10
-26
-3
26
31
24
26
23
5
-4
9
17
-1
-14
8
30
15
-13
-12
8
15
6
7
28
48
39
2
-25
-14
12
20
17
31
40
5
-56
-67
-10
39
21
-12
4
23
-12
-44
3
73
60
-14
-45
-18
1
-8
-3
13
6
-15
0
36
27
-8
7
52
27
-55
-78
-28
-7
-36
-25
44
72
15
-37
-8
38
24
-8
10
43
26
-7
4
28
16
-5
4
13
-10
-25
3
36
22
-13
-9
20
13
-25
-33
2
26
15
0
-6
-20
-37
-25
12
38
40
37
36
25
5
5
31
48
32
10
14
27
17
-1
11
47
56
23
-4
8
31
23
-4
-13
-5
-11
-34
-38
-13
11
15
18
28
23
-1
-10
6
21
19
22
40
40
-2
-44
-27
31
53
16
-20
-5
32
38
17
9
19
18
-2
-6
18
38
27
1
-5
5
5
-4
-2
4
-4
-18
-13
7
9
-5
-3
21
38
29
13
4
-2
-4
16
50
61
35
13
21
30
17
5
16
28
20
1
-9
-19
-35
-43
-31
-15
-14
-12
10
30
20
-1
5
31
34
12
-4
2
11
5
-6
-6
6
15
11
0
-6
-3
1
4
12
23
29
27
21
20
16
7
4
12
10
-13
-27
-7
17
7
-14
0
34
30
-13
-35
-5
31
27
6
7
20
18
8
9
11
-3
-10
8
28
16
-15
-21
9
36
25
-7
-19
-7
0
-9
-10
14
36
23
-9
-16
7
11
-22
-45
-20
12
3
-20
-8
16
1
-30
-21
16
13
-28
-33
16
40
-2
-35
-1
42
28
-9
-11
2
-10
-30
-17
0
-19
-43
-17
31
27
-14
-15
25
27
-17
-36
-3
21
7
-1
24
36
5
-23
-2
28
21
2
14
32
12
-20
-11
26
39
18
1
2
0
-12
-14
2
16
14
15
30
39
25
4
2
16
24
15
0
-1
10
10
-9
-21
-1
34
41
14
-12
-13
-6
-17
-32
-26
-6
-3
-16
-20
-7
3
2
2
2
-6
-21
-21
-5
2
-9
-13
3
11
-12
-36
-20
20
25
-13
-39
-22
3
0
-8
8
23
1
-37
-37
7
44
39
10
-14
-28
-31
-20
-5
-9
-33
-44
-24
4
14
13
14
19
21
22
24
19
-3
-24
-13
26
45
11
-47
-64
-23
22
21
-12
-23
-4
10
1
-3
7
1
-22
-20
12
25
-5
-27
-3
29
13
-31
-36
3
28
17
5
9
0
-28
-43
-26
-2
4
-13
-36
-48
-38
-20
-18
-28
-22
2
10
-14
-35
-18
11
4
-26
-32
-16
-18
-31
-13
29
40
6
-32
-41
-27
-13
2
20
25
9
-12
-15
-4
2
4
11
17
3
-27
-44
-25
7
3
-40
-60
-19
27
11
-32
-25
20
22
-32
-59
-21
17
-2
-36
-24
5
-5
-36
-29
7
15
-9
-24
-20
-19
-24
-18
-1
7
-2
-9
-5
1
-2
-9
-16
-23
-31
-40
-52
-60
-45
-12
5
-9
-23
-10
8
2
-14
-14
-3
-5
-26
-39
-30
-9
1
-2
-5
0
8
11
3
-5
-4
-3
-13
-24
-10
20
33
22
10
8
3
-12
-18
-9
-7
-31
-61
-70
-59
-45
-32
-13
-2
-5
-12
-5
5
6
2
2
5
2
-2
-5
-11
-25
-28
-8
8
-9
-42
-46
-18
1
-5
-11
2
17
13
-1
-10
-18
-32
-38
-27
-12
-9
-10
-3
7
11
14
18
8
-18
-37
-27
-7
-7
-19
-12
9
13
-4
-10
8
24
20
8
2
-4
-14
-13
1
8
-5
-17
-5
13
10
-5
-5
5
3
-14
-24
-16
-4
-3
-8
-6
-2
-6
-15
-11
9
28
24
-1
-20
-13
6
8
-6
-8
9
14
-11
-34
-23
12
27
12
-6
-9
-9
-16
-21
-15
-5
-3
-8
-11
-14
-20
-24
-25
-28
-33
-28
-9
13
28
38
48
48
35
20
15
10
1
-6
-7
-12
-25
-29
-10
16
23
17
22
26
8
-13
-1
31
30
-6
-27
-10
5
-11
-22
0
21
1
-28
-17
13
9
-17
-9
31
38
-4
-38
-24
9
19
13
14
10
-16
-43
-41
-17
8
29
46
43
16
-3
13
41
41
9
-17
-18
-9
0
13
28
27
7
-10
-15
-21
-38
-43
-21
2
-6
-35
-38
-5
28
31
19
15
13
3
-5
2
13
6
-9
-8
8
9
-9
-17
2
26
25
7
-1
9
11
-5
-20
-13
9
16
4
-10
-6
13
26
24
12
0
-7
-6
3
12
10
-1
-6
2
11
3
-10
-9
6
9
-8
-16
9
42
43
13
-5
1
2
-21
-37
-22
1
1
-11
-7
2
-10
-27
-11
25
27
-13
-40
-24
-5
-17
-34
-21
8
15
0
-13
-15
-23
-35
-34
-21
-16
-23
-20
0
19
21
4
-18
-28
-19
-7
-10
-17
-10
2
-6
-33
-42
-23
-4
-9
-19
-8
5
-5
-25
-26
-14
-15
-19
-1
31
43
28
13
13
15
3
-10
-9
-1
-3
-12
-10
2
12
13
13
13
10
4
5
17
25
16
-4
-16
-16
-12
-9
-2
5
3
-3
2
13
8
-10
-16
3
24
25
9
-3
-6
-5
2
17
25
15
0
-1
4
1
-3
3
7
-1
-9
0
17
21
10
-4
-20
-42
-49
-20
26
39
11
-18
-19
-14
-27
-41
-30
-4
8
4
10
30
37
16
-6
-1
15
5
-29
-46
-29
-9
-17
-35
-27
1
11
0
4
35
60
46
10
-13
-19
-17
-6
18
36
23
-12
-31
-16
8
5
-16
-23
-9
-2
-17
-29
-11
20
24
2
-6
16
35
26
12
19
23
-2
-34
-38
-22
-15
-12
6
28
24
-1
-10
8
25
20
6
-2
-10
-17
-12
1
9
17
31
36
20
-1
-4
-1
-5
-7
4
9
-15
-42
-28
13
19
-16
-36
-14
13
16
12
14
7
-8
-9
10
18
5
-3
8
14
-4
-19
-2
24
28
16
16
18
6
-8
-3
14
15
-9
-34
-27
13
45
35
-2
-20
0
26
29
24
36
53
46
27
27
34
17
-5
16
58
56
8
-16
10
38
30
13
16
13
-22
-51
-38
-11
-10
-14
5
16
-13
-45
-31
4
-1
-40
-51
-17
11
-2
-27
-19
12
26
11
-14
-26
-14
5
5
-13
-19
-2
10
0
-6
14
31
15
-18
-26
-10
-9
-23
-19
4
10
-6
-7
17
27
1
-22
-10
14
7
-22
-29
-6
10
3
-2
10
18
2
-17
-11
13
20
0
-19
-16
-10
-24
-43
-34
-6
2
-18
-30
-9
22
27
14
11
20
17
0
-9
-6
-8
-17
-17
-5
1
-1
2
9
8
-6
-13
-10
-20
-43
-44
-12
12
-3
-24
-10
13
3
-22
-16
12
11
-31
-59
-43
-14
-6
-10
-12
-20
-37
-37
-15
-6
-22
-31
-14
1
-9
-23
-8
18
23
15
18
19
-10
-47
-45
-8
15
1
-20
-20
-10
-9
-12
-3
12
14
-3
-16
-8
10
16
5
-4
2
9
-2
-23
-23
-3
-2
-30
-48
-24
15
22
-2
-18
-3
20
26
16
13
21
25
16
-1
-12
-10
-2
-2
-10
-19
-23
-23
-16
-4
0
-12
-22
-8
15
17
-5
-16
-2
8
-14
-50
-52
-15
25
38
31
25
23
12
-9
-25
-15
10
15
-14
-42
-31
6
27
21
17
25
26
12
12
39
63
52
23
0
-20
-37
-34
-8
8
-3
-11
9
22
-9
-39
-6
56
52
-18
-53
-14
25
4
-31
-18
11
2
-22
-9
22
20
-2
7
25
-2
-45
-30
33
53
4
-37
-21
5
-3
-4
36
58
13
-45
-45
-12
-11
-27
-10
23
23
1
8
33
20
-21
-15
36
44
-16
-52
-8
47
38
-3
-4
24
23
-2
3
36
38
-2
-22
5
34
23
3
11
32
25
-5
-16
5
26
14
-13
-18
-1
7
-7
-18
-5
17
13
-12
-18
5
20
0
-27
-21
11
29
21
9
5
2
-7
-7
7
19
10
-9
-11
5
19
10
-14
-26
-10
16
26
14
-1
-7
-8
-7
2
11
6
-8
-11
0
6
-6
-20
-19
-15
-25
-37
-28
-5
15
28
43
48
33
13
13
31
41
25
-2
-14
-5
7
2
-15
-21
-1
33
49
39
27
23
16
-1
-5
7
9
-9
-18
1
28
34
20
-2
-24
-39
-34
-13
-1
-6
-9
1
-1
-23
-27
7
39
36
18
15
13
0
-5
10
17
-6
-27
-16
5
-6
-27
-12
20
14
-21
-25
9
29
22
26
50
46
-3
-51
-53
-34
-29
-27
-4
11
-16
-56
-47
8
44
24
-12
-22
-17
-23
-25
2
37
40
9
-14
-11
4
14
25
27
3
-28
-27
0
5
-14
-6
36
57
30
-1
3
13
1
-7
19
39
9
-33
-27
5
10
-1
13
27
5
-19
8
61
68
27
-3
-2
-4
-20
-13
18
22
-13
-37
-27
-14
-11
5
26
27
18
26
32
4
-32
-20
24
28
-19
-46
-13
22
6
-20
-12
0
-23
-52
-41
-7
6
-5
-15
-13
-13
-17
-13
2
14
12
0
-12
-16
-12
-9
-17
-30
-26
-8
-2
-12
-8
23
49
30
-17
-40
-11
32
38
7
-14
-1
17
5
-24
-34
-20
-5
1
5
8
-2
-23
-29
-10
9
8
-3
-4
5
11
16
22
26
23
15
4
-5
-3
16
39
46
36
20
2
-17
-33
-31
-5
27
40
29
12
5
7
2
-13
-22
-11
10
12
-3
-8
9
22
16
3
-1
-2
-6
-5
10
32
40
25
-3
-23
-26
-20
-15
-6
14
26
1
-47
-53
9
70
52
-9
-23
12
22
-11
-27
-1
22
12
-5
-1
16
25
33
42
39
23
18
25
17
-9
-15
5
20
21
30
39
23
-5
-4
23
40
38
41
50
40
10
-8
-3
-2
-2
26
66
56
-1
-33
-14
2
-20
-44
-36
-13
2
13
26
28
16
9
23
37
29
10
4
13
26
33
24
-3
-23
-15
-1
-3
0
31
53
30
-11
-17
6
16
4
-6
-4
-7
-9
9
31
20
-16
-23
1
10
-6
-11
3
8
-3
-7
-6
-18
-28
-6
38
55
27
-2
1
14
8
-7
-6
2
0
-7
-7
-2
2
2
-2
-9
-16
-21
-23
-15
6
17
3
-15
-1
37
49
20
-15
-18
0
8
5
6
3
-16
-29
-10
27
43
33
17
8
2
-7
-19
-26
-16
9
26
18
2
4
23
25
3
-10
1
3
-24
-44
-20
19
27
7
-7
-8
-13
-22
-18
0
9
-2
-16
-17
-12
-10
-8
-5
-3
0
7
8
-9
-32
-38
-27
-13
-9
-7
-3
-7
-23
-39
-37
-17
3
5
-9
-26
-24
-3
16
17
11
12
8
-22
-65
-79
-50
-11
2
-8
-18
-26
-43
-59
-57
-42
-28
-14
7
24
26
22
30
35
13
-28
-47
-34
-23
-31
-28
7
47
53
26
1
-2
13
24
21
5
-12
-16
-14
-17
-19
-1
33
42
11
-29
-37
-13
16
20
-8
-47
-61
-36
-2
-2
-29
-39
-13
7
-10
-38
-31
2
24
20
3
-18
-37
-41
-28
-16
-12
-13
-16
-25
-28
-16
0
-4
-22
-24
-9
-11
-38
-42
4
48
39
0
-13
7
22
20
16
12
-4
-27
-33
-16
2
4
-2
-2
2
3
3
1
-6
-13
-12
0
11
12
10
14
24
23
-2
-29
-25
-1
3
-20
-30
-11
3
-10
-26
-19
-5
-9
-18
-13
-6
-20
-31
-12
16
13
-10
-11
8
17
13
9
3
-9
-12
2
11
3
-3
3
-2
-31
-52
-33
-4
-6
-14
12
43
27
-10
-13
3
-10
-39
-36
-9
-2
-15
-8
19
27
12
13
37
40
9
-12
5
28
31
25
16
-1
-13
-1
21
25
12
2
0
-9
-24
-31
-22
-11
-4
-1
-4
-17
-24
-10
6
1
-12
-9
0
-7
-19
-8
19
31
21
8
1
-8
-17
-13
5
19
16
3
-11
-24
-27
-13
10
16
3
-9
-8
0
3
-1
-7
-10
-6
-2
-8
-20
-20
-1
22
20
-11
-35
-27
-3
1
-19
-30
-16
2
-4
-17
-11
14
27
13
-11
-25
-25
-16
2
22
29
14
-7
-13
5
31
40
14
-28
-40
-17
-1
-15
-22
12
60
63
20
-9
4
23
5
-32
-42
-19
5
10
3
-1
4
11
9
-1
-6
-1
4
3
6
16
27
33
31
17
-1
-3
15
27
6
-27
-30
-1
5
-35
-74
-63
-21
5
6
-2
-14
-17
3
23
9
-23
-19
18
22
-35
-80
-45
18
20
-33
-53
-19
12
6
-2
8
13
-2
-18
-11
12
29
32
26
17
3
-13
-20
-6
31
60
45
-6
-40
-28
-8
-15
-23
0
28
23
1
-1
14
12
-4
0
26
34
8
-14
0
32
47
37
15
-7
-17
-9
5
17
24
28
19
-4
-20
-9
16
20
-2
-24
-26
-13
7
31
43
24
-15
-40
-37
-23
-11
9
35
47
33
4
-22
-43
-49
-29
4
10
-17
-39
-25
-3
-8
-31
-37
-22
-9
-4
5
23
39
39
21
-14
-52
-65
-38
8
35
33
20
6
-11
-19
-4
27
43
34
11
-6
-18
-22
-11
13
27
23
19
30
43
41
33
35
33
4
-41
-60
-42
-19
-14
-11
2
11
2
-9
-4
3
-8
-25
-22
-8
-10
-26
-24
-2
13
15
19
27
24
10
7
21
30
22
13
19
25
19
12
16
18
12
7
15
21
15
6
12
24
27
19
15
22
35
49
60
61
44
19
7
16
30
35
36
38
31
5
-24
-27
-2
21
18
5
9
22
24
16
13
10
-11
-38
-38
-13
1
-19
-43
-41
-21
-11
-11
-2
14
22
20
22
30
34
32
30
29
23
9
-5
-15
-16
-17
-25
-36
-38
-25
-10
-9
-16
-12
1
1
-16
-25
-10
7
-3
-31
-40
-27
-15
-18
-18
-5
-2
-22
-39
-27
0
7
-5
-5
18
35
32
26
31
31
16
1
4
16
26
38
50
48
26
7
13
23
11
-7
2
26
27
5
1
24
40
23
-2
-6
-1
-15
-48
-68
-56
-26
7
35
53
53
43
40
46
47
37
27
27
22
1
-18
-9
18
24
2
-17
-14
-8
-19
-29
-17
2
-1
-17
-17
4
21
19
7
1
-1
-6
-17
-26
-27
-23
-16
-13
-17
-24
-29
-24
-11
4
8
4
7
24
35
26
12
15
26
24
14
10
9
-5
-24
-28
-14
-6
-13
-23
-24
-23
-27
-31
-31
-33
-35
-27
-15
-13
-22
-31
-38
-43
-40
-30
-30
-45
-56
-45
-22
-7
-3
-5
-7
-5
9
28
30
5
-20
-18
-3
-9
-28
-29
-11
4
5
-1
-8
-15
-20
-25
-27
-16
1
0
-24
-41
-24
5
10
-10
-24
-24
-32
-47
-42
-17
-11
-29
-36
-23
-22
-37
-33
-5
14
9
0
-1
-6
-16
-14
2
8
-5
-12
2
16
16
16
22
16
-5
-19
-13
-6
-3
7
22
21
-2
-26
-35
-32
-29
-31
-36
-38
-36
-36
-37
-34
-26
-20
-15
0
25
36
14
-13
2
42
45
12
8
49
75
51
24
33
47
32
7
3
7
-5
-26
-28
-11
3
7
5
-3
-16
-9
23
48
43
21
-3
-31
-48
-31
6
25
21
22
34
32
10
-5
2
13
5
-5
0
6
-2
-6
12
31
29
23
36
59
68
60
49
46
47
36
10
-14
-13
13
41
49
41
35
34
29
17
10
18
32
32
17
4
2
2
-7
-18
-18
-11
-17
-41
-53
-41
-28
-36
-47
-42
-36
-46
-54
-36
-13
-15
-32
-29
-4
14
9
1
2
5
4
5
9
4
-9
-16
-18
-19
-14
1
11
6
0
5
11
0
-19
-30
-33
-32
-28
-15
1
11
13
14
13
6
4
10
10
2
4
22
33
20
2
-5
-5
-7
-2
15
27
25
21
33
50
47
20
-11
-25
-23
-10
6
16
19
19
20
18
16
18
18
8
-1
4
14
8
-13
-25
-15
2
10
15
27
42
45
31
5
-26
-49
-50
-32
-18
-16
-12
10
33
25
-13
-46
-45
-24
-14
-22
-33
-34
-33
-36
-39
-43
-51
-59
-52
-34
-17
-5
10
23
15
-16
-41
-38
-20
-9
-5
4
11
1
-21
-28
-13
7
16
5
-22
-44
-41
-16
-1
-18
-46
-52
-31
-10
-11
-25
-36
-35
-26
-16
-19
-42
-69
-77
-63
-60
-86
-125
-144
-128
-99
-77
-65
-53
-43
-36
-25
1
34
50
49
45
44
30
-1
-26
-29
-23
-31
-48
-54
-43
-28
-15
1
24
43
50
55
66
78
86
92
104
116
110
84
58
55
67
65
42
18
5
-7
-20
-24
-16
-13
-25
-39
-42
-39
-32
-12
19
30
5
-27
-33
-26
-27
-23
-3
5
-26
-64
-69
-56
-67
-96
-98
-71
-60
-71
-61
-13
26
26
15
24
40
47
61
87
102
92
79
87
99
90
68
62
73
78
72
70
73
70
63
65
78
86
84
78
77
81
86
89
91
92
92
92
98
108
114
114
116
119
115
101
86
79
75
68
62
65
72
67
52
49
63
74
65
49
47
56
56
42
23
10
7
12
19
19
6
-11
-21
-19
-14
-16
-23
-27
-25
-24
-30
-41
-50
-47
-36
-26
-25
-34
-47
-56
-60
-64
-72
-78
-80
-85
-103
-121
-121
-107
-100
-107
-108
-92
-78
-84
-105
-117
-118
-120
-124
-122
-114
-114
-119
-121
-116
-115
-125
-138
-146
-152
-158
-161
-161
-163
-168
-170
-168
-169
-178
-184
-178
-167
-168
-179
-188
-192
-198
-211
-222
-220
-213
-208
-200
-182
-165
-165
-175
-178
-170
-162
-157
-149
-142
-146
-161
-175
-187
-209
-238
-249
-231
-206
-191
-172
-132
-91
-77
-78
-67
-43
-30
-29
-16
16
45
55
57
62
60
47
44
68
105
130
142
153
167
175
181
194
215
232
244
259
274
273
255
249
269
301
317
314
305
305
314
328
338
333
318
310
321
336
333
316
312
327
340
331
310
294
288
285
282
284
286
283
281
279
271
255
242
240
241
233
218
210
208
201
188
176
171
164
154
150
156
163
162
159
158
153
138
121
112
110
107
104
108
114
110
96
85
84
82
73
69
78
89
87
76
74
83
86
76
64
60
63
65
70
80
83
76
66
66
71
67
51
38
35
32
19
1
-9
-9
-5
-5
-7
-10
-14
-16
-13
-10
-17
-35
-53
-61
-65
-75
-95
-116
-132
-147
-164
-183
-194
-197
-198
-202
-207
-212
-220
-231
-238
-240
-246
-261
-279
-291
-294
-300
-313
-328
-341
-353
-369
-385
-401
-417
-432
-438
-437
-438
-450
-462
-464
-458
-460
-473
-482
-479
-477
-485
-500
-515
-528
-536
-536
-532
-533
-539
-544
-547
-558
-583
-612
-625
-627
-627
-630
-630
-634
-650
-670
-673
-655
-627
-591
-539
-468
-392
-320
-243
-161
-91
-42
-2
45
84
99
104
119
142
148
136
137
166
205
238
277
332
384
413
430
459
490
501
505
534
586
622
629
641
684
735
760
764
767
767
745
705
667
631
579
517
475
461
448
422
406
423
454
463
450
439
436
422
389
353
321
285
238
193
159
125
81
41
17
2
-27
-62
-82
-88
-99
-121
-136
-129
-114
-109
-107
-89
-61
-42
-31
-16
3
9
0
-11
-11
-7
-9
-13
-10
-4
2
15
45
85
125
159
190
216
233
244
258
276
293
308
328
352
371
380
388
403
419
419
399
374
354
340
324
307
292
280
270
263
257
250
244
246
255
252
227
189
155
125
92
54
21
-6
-35
-66
-88
-104
-123
-148
-164
-170
-183
-212
-243
-257
-268
-297
-337
-362
-367
-368
-383
-398
-399
-390
-386
-389
-394
-397
-400
-400
-391
-378
-375
-378
-371
-349
-328
-322
-315
-290
-247
-207
-181
-166
-156
-152
-151
-143
-128
-116
-108
-99
-88
-83
-84
-78
-63
-49
-44
-44
-42
-38
-36
-36
-32
-27
-26
-32
-52
-85
-122
-145
-153
-163
-186
-214
-237
-258
-286
-318
-348
-374
-397
-411
-418
-437
-486
-553
-611
-651
-697
-764
-836
-888
-915
-932
-955
-982
-1006
-1013
-981
-897
-781
-670
-569
-450
-302
-169
-96
-65
-22
44
88
84
60
51
52
49
54
82
117
145
195
289
392
452
481
530
609
670
697
729
798
877
927
957
998
1046
1074
1079
1081
1072
1031
967
911
867
808
728
664
642
637
613
580
571
587
598
587
562
529
479
405
323
244
158
65
-15
-66
-103
-150
-208
-261
-303
-341
-383
-421
-446
-460
-465
-466
-467
-471
-475
-468
-445
-410
-373
-342
-323
-307
-290
-278
-280
-291
-291
-266
-226
-184
-140
-86
-25
36
99
170
239
291
327
363
403
433
448
463
490
522
546
565
591
621
641
648
659
675
682
669
649
636
627
609
583
563
547
526
502
484
469
440
388
332
287
244
185
117
59
17
-25
-78
-137
-190
-233
-265
-286
-302
-327
-367
-413
-449
-477
-516
-570
-618
-641
-646
-654
-670
-683
-680
-669
-659
-649
-639
-632
-625
-608
-581
-561
-555
-541
-499
-440
-391
-359
-326
-280
-235
-206
-185
-157
-124
-94
-65
-33
-2
22
50
93
142
177
195
216
242
258
257
252
257
260
248
233
232
235
224
201
186
176
151
114
82
60
29
-16
-56
-84
-120
-170
-209
-220
-228
-264
-313
-346
-375
-438
-534
-622
-683
-740
-809
-872
-915
-961
-1028
-1094
-1141
-1185
-1246
-1297
-1307
-1300
-1319
-1349
-1319
-1195
-1024
-845
-642
-402
-174
-20
55
91
106
99
92
113
143
139
110
114
172
233
272
338
475
641
761
822
873
935
984
1016
1059
1128
1196
1251
1317
1400
1458
1464
1445
1438
1417
1330
1184
1038
922
812
695
608
574
571
562
551
557
571
565
540
514
476
395
270
137
16
-106
-239
-352
-417
-451
-493
-550
-600
-635
-674
-724
-770
-797
-809
-810
-792
-751
-704
-667
-626
-562
-478
-401
-345
-302
-263
-239
-240
-257
-269
-263
-236
-186
-114
-26
69
171
281
395
500
588
663
726
771
794
802
806
813
823
834
845
862
888
915
928
918
893
864
834
796
747
698
660
633
610
588
564
532
496
460
421
362
276
175
79
-12
-113
-221
-317
-385
-432
-468
-492
-504
-514
-528
-546
-561
-582
-618
-666
-711
-749
-788
-828
-856
-865
-864
-861
-854
-840
-820
-799
-774
-738
-692
-646
-606
-565
-516
-458
-393
-322
-251
-183
-121
-67
-20
23
60
90
110
126
146
165
177
186
211
262
325
382
428
472
514
544
562
570
567
547
520
500
484
445
376
303
254
218
169
110
66
43
18
-23
-67
-103
-140
-186
-228
-252
-273
-314
-367
-403
-426
-464
-524
-581
-626
-682
-766
-850
-903
-945
-1008
-1081
-1121
-1128
-1151
-1210
-1269
-1292
-1297
-1312
-1329
-1328
-1325
-1344
-1371
-1365
-1325
-1268
-1166
-963
-665
-368
-143
28
187
309
347
321
304
324
350
364
388
424
443
451
506
628
765
868
966
1101
1236
1299
1289
1277
1291
1301
1296
1317
1381
1445
1473
1489
1513
1509
1431
1295
1153
1012
847
674
543
471
419
370
348
359
365
334
297
289
292
253
163
49
-78
-234
-414
-581
-706
-792
-847
-866
-855
-851
-877
-916
-942
-959
-985
-1009
-999
-948
-879
-815
-754
-685
-609
-530
-447
-363
-288
-232
-186
-146
-118
-110
-111
-95
-50
21
114
232
367
508
642
764
862
930
969
994
1014
1028
1036
1041
1046
1043
1031
1024
1027
1029
1017
992
967
939
896
840
784
729
668
607
565
540
509
463
418
382
331
243
134
26
-77
-188
-295
-382
-454
-535
-617
-670
-691
-708
-735
-748
-737
-728
-746
-776
-801
-830
-879
-926
-939
-933
-938
-951
-935
-886
-840
-815
-788
-739
-685
-642
-600
-545
-493
-453
-394
-296
-186
-108
-51
22
115
190
224
239
261
285
302
320
346
371
395
440
512
580
616
630
657
696
718
713
697
684
663
627
587
548
501
444
389
345
304
258
211
165
113
49
-13
-61
-103
-150
-196
-225
-242
-267
-311
-362
-410
-456
-502
-550
-607
-677
-751
-807
-845
-882
-924
-951
-955
-957
-987
-1041
-1086
-1112
-1135
-1165
-1193
-1209
-1222
-1238
-1251
-1260
-1281
-1314
-1334
-1323
-1304
-1305
-1299
-1228
-1070
-857
-616
-344
-44
234
444
584
670
697
660
605
585
594
589
568
578
639
715
782
867
986
1102
1174
1224
1284
1328
1319
1280
1275
1314
1349
1362
1389
1446
1486
1472
1427
1368
1265
1090
885
707
551
387
233
145
132
141
142
156
189
202
174
128
85
15
-106
-255
-392
-521
-665
-808
-905
-943
-952
-952
-941
-924
-925
-945
-964
-971
-980
-988
-970
-912
-830
-748
-665
-572
-471
-373
-280
-198
-142
-114
-97
-78
-63
-50
-21
48
149
266
393
536
680
804
905
999
1082
1136
1156
1160
1156
1135
1100
1075
1071
1070
1059
1056
1075
1097
1088
1046
995
945
889
825
766
719
674
623
578
537
482
402
309
226
146
49
-68
-186
-293
-392
-487
-572
-637
-687
-728
-760
-776
-780
-782
-786
-788
-793
-810
-845
-887
-924
-952
-978
-999
-1002
-984
-954
-924
-892
-853
-804
-752
-699
-645
-590
-536
-479
-414
-339
-260
-180
-97
-11
68
131
181
226
270
309
341
368
398
431
464
497
533
575
624
677
723
751
759
755
749
743
732
708
673
629
583
539
494
445
392
344
309
284
251
196
123
50
-10
-61
-110
-161
-209
-252
-280
-292
-306
-344
-407
-466
-502
-539
-605
-692
-761
-800
-829
-862
-882
-883
-879
-879
-868
-843
-835
-862
-893
-904
-922
-980
-1050
-1078
-1073
-1094
-1154
-1192
-1180
-1161
-1177
-1195
-1177
-1147
-1138
-1134
-1102
-1058
-1016
-919
-696
-382
-86
157
403
661
838
873
824
774
733
679
633
630
644
636
643
725
850
935
978
1060
1198
1308
1332
1311
1306
1305
1273
1236
1231
1241
1229
1220
1253
1293
1266
1165
1043
922
764
561
365
224
126
51
18
33
56
48
27
26
31
4
-63
-147
-246
-373
-520
-659
-779
-884
-967
-996
-972
-934
-915
-912
-910
-909
-910
-907
-888
-856
-810
-739
-641
-541
-458
-385
-301
-204
-108
-22
55
119
164
194
220
250
287
342
428
549
689
833
972
1096
1192
1255
1293
1317
1327
1320
1294
1254
1206
1156
1107
1061
1019
984
960
944
924
890
835
762
677
593
515
445
378
313
254
198
139
68
-15
-112
-221
-334
-438
-532
-621
-714
-801
-869
-911
-934
-945
-949
-940
-916
-880
-844
-822
-822
-839
-858
-869
-874
-879
-878
-861
-816
-748
-671
-594
-517
-438
-354
-271
-193
-121
-51
21
101
193
293
391
484
574
656
721
765
793
807
805
786
759
734
712
694
688
701
726
752
772
784
777
745
692
631
567
492
407
323
242
158
70
-12
-78
-133
-183
-223
-255
-291
-340
-394
-439
-477
-518
-555
-578
-587
-600
-619
-639
-653
-667
-682
-691
-694
-701
-719
-741
-756
-765
-777
-788
-788
-773
-747
-717
-686
-651
-617
-591
-579
-582
-596
-621
-657
-698
-732
-756
-778
-804
-831
-855
-890
-941
-987
-995
-974
-956
-950
-935
-907
-894
-913
-935
-919
-848
-714
-494
-194
120
381
590
776
918
954
887
801
761
749
722
686
661
634
601
604
673
766
831
893
1010
1158
1240
1214
1147
1107
1083
1046
1015
1018
1029
1015
990
975
932
812
638
484
370
247
93
-45
-128
-181
-242
-296
-316
-312
-315
-324
-315
-297
-308
-364
-444
-532
-642
-775
-896
-969
-999
-1010
-1006
-973
-919
-871
-846
-830
-796
-743
-681
-609
-521
-421
-329
-254
-187
-113
-33
45
126
219
312
389
446
494
537
564
581
616
690
790
891
987
1084
1183
1264
1315
1339
1345
1334
1309
1274
1227
1161
1076
984
899
819
738
660
594
544
502
452
384
305
229
157
78
-14
-107
-186
-253
-325
-410
-498
-583
-669
-748
-809
-854
-900
-952
-989
-1003
-1016
-1049
-1084
-1087
-1056
-1015
-970
-908
-839
-790
-770
-757
-738
-728
-734
-728
-683
-613
-541
-463
-370
-274
-195
-122
-31
77
173
254
346
466
592
701
789
854
888
893
890
890
881
854
825
815
817
808
776
734
695
670
668
684
696
687
662
629
583
513
424
329
236
143
53
-32
-119
-211
-287
-323
-331
-338
-356
-367
-369
-385
-425
-475
-516
-551
-587
-620
-641
-667
-708
-748
-761
-750
-741
-739
-726
-697
-670
-655
-642
-625
-615
-618
-623
-615
-597
-581
-565
-540
-508
-486
-484
-502
-540
-599
-654
-675
-658
-630
-622
-629
-638
-652
-695
-773
-863
-935
-970
-963
-924
-887
-880
-890
-878
-831
-783
-761
-730
-628
-432
-176
96
358
592
786
936
1037
1062
993
869
768
734
733
713
673
648
653
679
723
789
870
959
1071
1206
1324
1366
1322
1241
1163
1086
998
915
854
805
751
693
630
538
399
238
98
-10
-108
-202
-273
-316
-350
-385
-407
-416
-432
-455
-465
-455
-456
-497
-575
-664
-761
-868
-966
-1026
-1050
-1050
-1020
-948
-853
-768
-696
-614
-515
-417
-331
-242
-145
-60
5
71
150
224
279
335
410
490
562
632
710
780
827
869
930
999
1051
1093
1158
1243
1313
1351
1374
1383
1360
1307
1252
1204
1135
1032
928
850
774
668
552
469
425
391
355
321
284
224
139
51
-31
-123
-230
-332
-408
-469
-538
-620
-706
-786
-851
-894
-920
-934
-940
-939
-935
-930
-926
-922
-921
-919
-901
-853
-787
-728
-685
-646
-607
-579
-572
-572
-562
-533
-483
-411
-323
-238
-164
-83
19
123
205
269
344
443
540
605
633
637
634
639
658
681
689
684
689
720
749
738
692
653
651
672
684
676
651
615
568
509
438
352
263
197
166
147
107
39
-30
-80
-120
-162
-197
-211
-202
-185
-178
-191
-225
-268
-304
-326
-346
-371
-392
-397
-395
-410
-445
-482
-496
-484
-459
-435
-417
-402
-381
-349
-319
-309
-325
-348
-358
-359
-372
-408
-453
-486
-497
-489
-474
-469
-483
-514
-544
-563
-576
-600
-638
-675
-699
-715
-735
-766
-816
-887
-958
-997
-991
-969
-967
-984
-991
-981
-976
-993
-1021
-1030
-988
-855
-605
-264
99
430
727
988
1175
1234
1159
1008
847
717
638
610
610
616
639
708
828
959
1073
1176
1295
1430
1544
1594
1559
1454
1313
1180
1082
1019
974
943
930
936
937
896
789
627
450
287
145
13
-108
-209
-283
-322
-320
-284
-240
-218
-223
-240
-272
-344
-467
-621
-778
-925
-1048
-1125
-1147
-1129
-1089
-1025
-923
-794
-670
-576
-514
-472
-442
-414
-377
-323
-256
-179
-92
2
102
198
283
352
415
486
565
642
702
744
776
808
851
920
1014
1117
1215
1305
1386
1444
1453
1408
1327
1234
1146
1064
985
902
814
737
681
641
600
557
527
514
498
453
372
258
120
-30
-168
-274
-351
-412
-462
-494
-518
-561
-630
-706
-770
-827
-886
-936
-959
-967
-987
-1020
-1037
-1017
-969
-908
-837
-757
-681
-620
-571
-531
-515
-525
-536
-520
-482
-444
-409
-365
-305
-235
-153
-57
45
146
254
377
494
572
609
632
654
664
658
659
679
703
721
738
755
753
725
692
677
674
660
638
621
601
562
508
459
417
368
309
259
221
179
121
54
-12
-78
-141
-190
-216
-230
-250
-269
-276
-272
-273
-292
-322
-350
-368
-373
-366
-354
-345
-342
-341
-335
-326
-325
-341
-362
-373
-369
-359
-355
-356
-354
-341
-313
-278
-251
-244
-252
-262
-271
-290
-321
-357
-392
-429
-471
-509
-538
-567
-596
-609
-597
-577
-577
-603
-642
-692
-764
-848
-923
-982
-1044
-1110
-1152
-1153
-1132
-1125
-1140
-1158
-1160
-1152
-1136
-1103
-1031
-894
-664
-338
44
408
694
886
994
1024
970
840
679
544
470
456
482
526
578
652
768
927
1106
1278
1430
1554
1621
1603
1506
1373
1245
1133
1042
989
980
995
1003
989
938
836
688
532
403
291
158
4
-130
-214
-256
-277
-275
-247
-205
-171
-157
-179
-255
-392
-567
-741
-893
-1021
-1122
-1181
-1190
-1161
-1104
-1023
-922
-814
-715
-631
-562
-509
-473
-448
-418
-374
-320
-254
-168
-59
60
169
267
360
442
504
546
582
613
634
653
696
774
872
974
1084
1203
1309
1374
1391
1368
1307
1213
1108
1013
928
841
759
699
660
625
590
570
565
558
534
498
442
343
199
38
-113
-244
-352
-426
-463
-484
-513
-546
-571
-601
-656
-735
-810
-865
-906
-941
-969
-991
-1005
-1004
-972
-909
-834
-765
-706
-652
-608
-586
-587
-605
-628
-640
-628
-580
-493
-385
-273
-171
-80
6
86
155
211
250
278
304
338
373
400
420
453
513
599
686
754
791
794
768
725
670
601
524
465
444
450
456
454
459
475
486
477
450
402
326
223
118
29
-56
-144
-217
-248
-240
-222
-204
-179
-149
-127
-126
-138
-154
-181
-231
-295
-353
-390
-403
-396
-376
-347
-314
-278
-239
-201
-180
-186
-216
-249
-266
-268
-270
-282
-299
-304
-284
-248
-216
-205
-213
-225
-242
-282
-353
-436
-505
-554
-594
-619
-617
-592
-565
-547
-533
-529
-553
-600
-639
-659
-696
-782
-892
-978
-1031
-1086
-1159
-1220
-1235
-1208
-1168
-1130
-1100
-1089
-1105
-1134
-1145
-1114
-1023
-848
-565
-183
238
625
934
1148
1260
1250
1120
915
710
567
498
483
493
522
581
690
848
1029
1206
1372
1527
1654
1719
1698
1595
1427
1228
1046
923
860
827
803
788
774
725
624
494
367
235
82
-72
-184
-247
-293
-337
-358
-336
-291
-250
-223
-221
-264
-368
-515
-673
-830
-988
-1132
-1225
-1248
-1213
-1146
-1057
-945
-813
-674
-546
-444
-377
-336
-305
-272
-238
-206
-172
-118
-36
64
166
260
344
421
494
568
640
698
732
756
791
847
914
991
1087
1203
1315
1395
1436
1443
1408
1321
1193
1053
919
795
684
592
517
454
405
382
386
403
414
413
397
357
281
164
14
-152
-305
-425
-515
-583
-634
-663
-677
-692
-721
-760
-802
-841
-871
-887
-892
-893
-892
-880
-853
-814
-768
-715
-653
-588
-530
-485
-455
-444
-451
-471
-490
-493
-465
-405
-321
-228
-131
-27
80
181
266
340
409
473
526
561
576
574
561
539
514
491
478
479
494
518
542
558
564
569
581
599
605
588
558
526
488
428
352
275
200
124
49
-10
-46
-70
-93
-113
-120
-115
-103
-87
-72
-70
-82
-98
-108
-116
-136
-175
-226
-273
-302
-309
-302
-292
-272
-232
-180
-139
-123
-125
-137
-161
-193
-215
-217
-213
-218
-226
-224
-219
-230
-257
-275
-272
-260
-261
-285
-330
-394
-469
-540
-591
-619
-628
-627
-619
-604
-587
-585
-610
-655
-696
-714
-714
-716
-740
-785
-846
-920
-1001
-1077
-1131
-1159
-1168
-1163
-1143
-1112
-1087
-1087
-1113
-1137
-1117
-1023
-833
-540
-170
217
564
855
1086
1224
1222
1084
892
735
645
598
566
548
552
588
670
793
930
1059
1197
1364
1541
1666
1689
1617
1491
1349
1207
1071
942
821
717
644
593
535
452
351
255
175
102
31
-40
-107
-167
-210
-230
-236
-246
-269
-299
-336
-389
-468
-571
-687
-808
-926
-1028
-1096
-1126
-1130
-1112
-1061
-966
-835
-692
-560
-448
-356
-283
-225
-181
-156
-146
-134
-102
-46
18
75
125
178
244
326
422
528
635
745
855
952
1022
1069
1111
1157
1200
1232
1256
1272
1268
1229
1155
1055
943
838
756
698
647
594
547
516
485
441
396
369
361
352
326
279
201
85
-55
-196
-328
-453
-562
-631
-662
-677
-696
-717
-730
-736
-741
-742
-737
-732
-733
-740
-746
-753
-766
-773
-763
-736
-704
-668
-619
-556
-490
-438
-408
-395
-385
-365
-329
-278
-214
-137
-46
52
146
222
274
310
339
368
392
409
420
429
436
444
458
480
504
530
565
608
642
651
638
618
591
551
501
456
414
363
308
263
233
201
154
107
82
79
81
76
61
38
6
-28
-56
-78
-99
-118
-129
-131
-132
-143
-166
-199
-233
-259
-271
-266
-245
-216
-186
-158
-131
-104
-81
-63
-49
-37
-34
-52
-93
-145
-195
-239
-276
-305
-323
-340
-354
-358
-344
-319
-297
-286
-279
-279
-292
-328
-383
-448
-513
-569
-611
-645
-678
-707
-727
-737
-741
-738
-723
-702
-692
-706
-746
-803
-872
-955
-1040
-1104
-1132
-1127
-1108
-1088
-1073
-1070
-1081
-1101
-1113
-1093
-1009
-826
-520
-112
324
703
979
1158
1249
1241
1123
922
709
561
512
541
595
637
667
716
812
960
1140
1323
1489
1624
1713
1733
1663
1502
1285
1063
876
748
683
667
667
648
589
495
385
277
185
109
41
-23
-73
-102
-123
-156
-207
-260
-303
-332
-354
-385
-446
-552
-688
-822
-932
-1024
-1098
-1136
-1119
-1051
-956
-843
-715
-578
-448
-337
-253
-201
-179
-178
-182
-176
-154
-113
-53
15
89
173
268
363
449
534
631
739
843
935
1006
1049
1061
1060
1081
1131
1187
1220
1226
1219
1197
1142
1042
905
761
640
559
513
493
489
489
482
464
442
418
386
336
273
206
131
29
-110
-267
-414
-534
-626
-685
-708
-702
-681
-660
-646
-646
-662
-689
-716
-736
-747
-752
-749
-741
-729
-714
-693
-668
-638
-603
-563
-525
-493
-457
-413
-367
-329
-297
-250
-177
-86
2
79
149
211
258
286
301
309
310
307
308
321
346
378
413
452
491
527
562
598
630
644
636
615
589
554
500
432
368
318
278
241
207
179
155
132
110
96
88
81
71
59
50
45
36
15
-20
-60
-94
-120
-145
-179
-217
-247
-260
-262
-261
-252
-226
-177
-112
-42
22
65
79
66
42
22
1
-29
-68
-102
-126
-150
-183
-221
-253
-277
-294
-299
-285
-258
-234
-223
-220
-223
-238
-276
-334
-400
-462
-517
-566
-614
-662
-704
-732
-741
-742
-750
-765
-773
-761
-742
-741
-768
-806
-836
-858
-887
-932
-990
-1050
-1091
-1096
-1067
-1036
-1033
-1053
-1060
-1039
-1003
-960
-885
-735
-488
-152
241
637
968
1188
1297
1312
1234
1060
836
638
520
477
479
509
570
666
803
984
1194
1395
1560
1682
1749
1731
1604
1385
1131
893
708
596
559
564
573
569
556
524
454
344
219
103
1
-92
-171
-233
-285
-330
-353
-343
-309
-278
-271
-302
-384
-516
-677
-837
-977
-1092
-1171
-1199
-1169
-1090
-974
-835
-683
-533
-391
-259
-153
-92
-83
-107
-140
-171
-190
-181
-126
-28
90
207
318
425
524
609
685
766
853
931
985
1016
1038
1059
1080
1101
1130
1166
1198
1207
1182
1120
1020
883
729
595
511
476
467
460
449
437
430
422
397
345
274
205
146
73
-39
-190
-352
-497
-614
-697
-738
-737
-712
-683
-658
-641
-641
-666
-708
-746
-772
-789
-801
-804
-795
-784
-777
-764
-732
-677
-610
-542
-474
-411
-361
-329
-309
-288
-258
-215
-154
-78
4
76
135
186
232
266
282
289
305
333
363
386
403
417
431
444
463
488
514
536
558
581
598
593
562
514
461
410
357
302
247
193
146
106
72
42
17
-1
-11
-15
-14
-9
-5
-8
-23
-42
-60
-74
-85
-98
-116
-143
-178
-210
-235
-259
-288
-306
-292
-237
-163
-92
-33
16
61
99
126
132
111
67
16
-26
-63
-106
-157
-208
-249
-279
-298
-305
-305
-302
-297
-280
-250
-229
-244
-294
-349
-384
-409
-446
-496
-539
-565
-588
-620
-658
-698
-742
-781
-793
-770
-736
-719
-719
-722
-734
-775
-838
-898
-947
-1003
-1065
-1101
-1097
-1088
-1108
-1136
-1132
-1093
-1048
-995
-894
-712
-452
-131
233
597
891
1068
1133
1107
992
798
581
417
341
338
380
453
541
630
734
879
1065
1249
1396
1504
1579
1589
1499
1311
1075
844
650
512
447
448
479
502
502
481
443
384
308
226
145
68
-11
-87
-150
-194
-231
-269
-305
-324
-332
-354
-415
-510
-616
-714
-801
-874
-926
-952
-950
-910
-829
-718
-601
-487
-370
-255
-160
-104
-81
-75
-86
-113
-137
-131
-89
-23
59
154
256
352
435
516
604
696
782
862
936
993
1019
1021
1014
1012
1010
1008
1008
1009
998
959
892
808
720
634
554
496
471
474
483
476
451
416
379
335
279
210
131
45
-50
-157
-277
-402
-516
-601
-647
-655
-632
-589
-539
-501
-487
-496
-521
-555
-597
-641
-678
-703
-717
-728
-734
-725
-698
-654
-595
-523
-440
-356
-287
-246
-229
-220
-209
-191
-167
-130
-75
-8
55
103
136
162
193
234
283
333
373
403
424
432
416
381
348
340
365
414
472
527
566
578
565
539
501
448
387
334
300
277
246
201
155
120
99
92
97
111
132
152
167
167
148
113
74
37
3
-33
-74
-118
-163
-204
-232
-240
-225
-188
-135
-71
-5
49
81
93
90
78
55
20
-22
-62
-93
-114
-130
-146
-160
-167
-163
-156
-158
-172
-192
-209
-224
-239
-255
-269
-284
-300
-320
-347
-388
-440
-488
-523
-554
-592
-633
-665
-688
-718
-759
-791
-790
-762
-725
-693
-670
-660
-668
-692
-738
-818
-930
-1043
-1121
-1160
-1187
-1213
-1218
-1186
-1133
-1083
-1038
-983
-899
-761
-540
-228
132
478
770
997
1133
1142
1015
802
578
396
286
264
317
410
507
603
711
835
966
1104
1255
1409
1529
1578
1541
1417
1225
1006
815
685
613
579
569
573
569
537
480
415
353
291
227
166
113
60
-2
-70
-128
-163
-179
-189
-209
-246
-305
-389
-497
-616
-724
-804
-858
-886
-888
-862
-811
-741
-654
-550
-434
-318
-215
-143
-116
-131
-170
-206
-224
-220
-193
-137
-55
41
133
212
280
346
420
508
605
702
788
854
894
909
914
927
953
984
1012
1034
1042
1023
966
874
762
654
571
526
518
529
538
536
521
493
456
421
387
344
281
203
117
21
-97
-231
-358
-455
-514
-538
-533
-512
-492
-488
-501
-524
-556
-596
-639
-673
-697
-716
-730
-734
-728
-719
-708
-685
-641
-583
-526
-482
-451
-429
-413
-396
-373
-340
-302
-260
-211
-144
-63
16
76
117
147
173
192
203
212
233
271
328
394
456
499
518
519
509
490
466
445
436
442
459
481
500
508
509
514
526
531
504
440
355
266
178
93
22
-17
-19
9
51
91
116
125
125
120
103
70
28
-18
-74
-153
-245
-322
-356
-349
-315
-265
-201
-128
-65
-25
-9
-8
-18
-40
-73
-110
-149
-195
-252
-310
-347
-349
-324
-288
-257
-238
-233
-238
-254
-280
-312
-336
-342
-338
-345
-370
-402
-434
-478
-533
-569
-565
-539
-528
-544
-565
-580
-604
-641
-667
-666
-652
-648
-649
-643
-649
-700
-789
-876
-935
-980
-1022
-1050
-1057
-1052
-1042
-1012
-954
-883
-823
-765
-685
-575
-442
-276
-56
221
511
760
932
1013
993
874
686
478
305
210
217
313
458
607
743
873
1000
1111
1196
1269
1341
1396
1393
1308
1154
966
770
592
466
417
432
469
502
535
563
555
491
396
310
242
171
91
19
-36
-86
-136
-174
-196
-222
-270
-335
-404
-481
-567
-651
-716
-763
-801
-818
-797
-739
-669
-595
-508
-408
-310
-230
-175
-153
-172
-224
-276
-302
-302
-285
-239
-154
-42
69
170
266
354
426
493
571
661
737
781
803
821
836
840
837
843
861
879
886
880
864
828
770
699
638
600
583
579
576
566
544
513
474
426
367
300
233
171
103
16
-85
-188
-281
-361
-421
-452
-458
-457
-463
-469
-473
-483
-514
-558
-598
-627
-653
-678
-692
-693
-698
-712
-723
-715
-691
-659
-619
-565
-508
-460
-420
-379
-340
-314
-301
-279
-240
-197
-157
-117
-65
-10
34
59
75
96
126
168
221
280
342
406
467
520
558
577
577
566
558
561
565
550
509
457
411
374
337
300
275
271
288
320
361
398
423
428
416
386
338
273
198
119
41
-31
-87
-123
-139
-138
-124
-108
-103
-107
-106
-98
-90
-82
-67
-41
-19
-22
-48
-82
-115
-152
-191
-221
-238
-250
-261
-263
-252
-239
-243
-259
-263
-247
-223
-216
-231
-256
-276
-285
-294
-317
-357
-401
-432
-449
-465
-482
-492
-492
-494
-504
-511
-504
-499
-519
-560
-583
-567
-535
-518
-519
-529
-552
-593
-641
-676
-708
-764
-842
-903
-924
-927
-937
-946
-934
-901
-860
-812
-756
-712
-691
-653
-525
-279
36
345
612
833
986
1037
961
776
535
316
182
152
188
247
321
428
563
697
819
945
1083
1214
1309
1351
1329
1227
1044
821
626
497
426
390
388
424
479
516
517
488
443
385
312
239
178
123
63
2
-42
-60
-66
-75
-94
-123
-169
-238
-320
-400
-475
-550
-618
-660
-667
-646
-602
-530
-434
-326
-224
-134
-65
-28
-31
-67
-119
-176
-225
-246
-232
-190
-132
-56
43
148
237
309
381
463
543
610
663
702
717
707
692
693
715
746
777
804
821
822
800
754
688
616
557
519
500
491
487
483
468
439
406
377
350
314
267
215
158
84
-13
-120
-219
-296
-344
-365
-368
-367
-368
-372
-384
-411
-450
-491
-524
-553
-579
-596
-601
-598
-597
-594
-581
-559
-533
-509
-486
-461
-434
-406
-381
-367
-363
-365
-364
-353
-324
-270
-197
-123
-63
-12
41
92
127
142
147
161
192
237
284
320
342
359
378
394
399
395
399
421
450
479
503
511
491
451
414
389
362
320
276
253
250
250
244
240
245
258
278
307
334
342
328
303
270
218
141
56
-16
-75
-132
-182
-211
-214
-196
-165
-123
-69
-8
45
78
81
61
28
-12
-64
-124
-173
-203
-226
-254
-281
-288
-275
-263
-258
-247
-218
-186
-176
-194
-226
-258
-285
-306
-328
-356
-387
-405
-413
-430
-465
-500
-510
-504
-500
-496
-472
-437
-429
-464
-511
-538
-552
-576
-609
-625
-623
-621
-628
-643
-676
-746
-838
-907
-931
-937
-952
-960
-933
-877
-825
-787
-750
-711
-684
-657
-580
-424
-206
37
288
541
764
909
947
875
710
487
268
119
58
66
121
226
381
555
720
868
1004
1121
1202
1245
1253
1211
1098
924
732
566
441
355
319
343
415
500
566
604
609
575
503
406
309
219
130
42
-30
-65
-66
-57
-59
-76
-109
-158
-219
-281
-343
-410
-483
-544
-573
-573
-560
-541
-505
-444
-363
-268
-173
-98
-64
-74
-113
-161
-215
-269
-307
-309
-273
-204
-113
-7
99
188
261
329
394
452
499
538
568
582
579
569
563
564
572
592
626
670
707
721
706
673
633
593
551
513
488
480
476
463
442
420
394
356
309
266
229
187
128
53
-29
-109
-177
-227
-260
-283
-294
-288
-273
-269
-287
-321
-363
-419
-484
-539
-570
-589
-614
-635
-633
-607
-573
-540
-500
-453
-417
-399
-389
-382
-393
-420
-441
-434
-405
-364
-313
-249
-182
-125
-74
-20
26
52
67
87
114
134
144
153
164
176
197
240
304
365
407
441
473
496
495
474
445
415
389
373
364
349
326
313
331
377
425
458
474
475
459
427
380
316
235
154
90
46
15
-9
-23
-29
-30
-26
-9
19
44
53
46
29
-2
-45
-91
-132
-163
-185
-197
-207
-218
-229
-232
-227
-222
-216
-204
-184
-174
-188
-219
-254
-284
-303
-300
-280
-260
-255
-261
-275
-305
-355
-407
-435
-439
-444
-457
-461
-449
-441
-449
-457
-450
-433
-426
-431
-442
-462
-500
-551
-602
-647
-689
-718
-719
-706
-711
-748
-801
-851
-888
-909
-908
-888
-873
-878
-882
-857
-807
-764
-743
-720
-651
-507
-287
-19
250
476
646
771
847
836
706
484
244
65
-15
2
88
214
359
522
703
889
1043
1145
1204
1241
1258
1234
1155
1021
853
679
535
451
430
453
505
579
658
713
721
680
606
507
396
297
228
180
133
85
56
52
47
16
-39
-104
-174
-252
-331
-401
-465
-533
-595
-623
-606
-562
-509
-447
-367
-275
-190
-127
-97
-116
-185
-279
-360
-408
-424
-414
-370
-294
-198
-96
10
119
215
282
333
388
452
504
530
537
542
552
569
595
632
674
712
748
782
806
798
754
688
623
570
534
518
520
531
542
552
565
569
549
497
426
354
287
211
120
18
-79
-157
-215
-252
-273
-275
-263
-244
-226
-228
-265
-339
-438
-537
-620
-679
-712
-724
-719
-705
-682
-648
-605
-569
-549
-537
-522
-504
-495
-498
-501
-495
-480
-458
-424
-377
-325
-278
-231
-180
-133
-106
-93
-79
-52
-20
16
60
113
168
224
284
352
411
453
485
517
547
561
555
534
507
473
443
431
436
445
453
472
510
552
574
569
544
509
467
422
380
338
287
230
181
147
126
110
97
83
65
43
21
-2
-32
-69
-98
-104
-97
-94
-105
-120
-134
-148
-170
-200
-231
-260
-287
-311
-336
-361
-382
-389
-380
-358
-327
-292
-257
-233
-229
-244
-269
-302
-344
-391
-432
-456
-465
-470
-473
-469
-452
-425
-399
-376
-359
-349
-354
-376
-406
-432
-453
-474
-490
-487
-462
-429
-414
-423
-443
-462
-480
-507
-546
-594
-647
-702
-748
-782
-807
-823
-827
-805
-761
-706
-660
-632
-616
-589
-509
-352
-133
102
322
521
689
786
768
633
428
212
34
-73
-95
-49
34
142
279
443
607
744
852
941
1011
1049
1039
973
851
689
523
391
307
264
259
294
367
453
524
563
565
530
465
384
299
221
155
111
93
95
107
118
120
101
58
-1
-65
-136
-212
-285
-340
-374
-392
-396
-381
-340
-279
-201
-111
-20
48
74
56
4
-70
-157
-237
-291
-306
-287
-242
-179
-99
-7
86
172
250
322
385
435
464
472
462
440
417
401
399
412
435
468
502
525
528
512
485
452
419
395
388
390
390
385
384
387
384
366
343
321
293
247
183
114
40
-42
-125
-186
-213
-217
-209
-190
-162
-139
-139
-163
-205
-262
-330
-396
-449
-484
-511
-533
-547
-550
-539
-514
-477
-436
-398
-363
-329
-303
-296
-309
-332
-354
-372
-380
-368
-338
-300
-263
-223
-175
-125
-88
-66
-54
-43
-30
-10
21
63
110
157
204
249
284
301
300
291
287
295
309
319
318
310
302
296
293
291
300
322
356
396
433
453
443
402
346
297
266
245
221
191
164
149
143
133
110
78
54
44
45
51
51
43
28
20
25
41
52
48
31
6
-27
-69
-113
-151
-184
-211
-228
-234
-237
-243
-241
-223
-193
-165
-146
-133
-128
-141
-175
-225
-287
-363
-438
-488
-501
-492
-478
-458
-430
-402
-387
-378
-363
-352
-362
-393
-424
-449
-486
-539
-587
-612
-621
-623
-614
-587
-558
-551
-569
-595
-621
-658
-709
-760
-797
-827
-858
-885
-900
-905
-903
-885
-843
-788
-738
-694
-630
-528
-384
-206
-1
212
409
571
682
724
667
515
314
138
31
-5
9
61
143
258
407
585
765
913
1020
1102
1172
1208
1176
1067
909
742
600
503
457
450
468
503
553
607
641
641
615
575
526
465
399
338
281
228
185
165
164
159
135
92
35
-40
-130
-221
-298
-363
-416
-447
-447
-422
-389
-350
-294
-224
-156
-106
-79
-77
-107
-169
-244
-313
-368
-407
-417
-385
-317
-235
-149
-56
43
137
215
283
342
388
413
419
419
419
417
419
434
464
501
536
564
581
584
571
553
540
536
539
544
549
549
542
530
518
503
482
460
439
418
383
324
244
154
67
-8
-62
-90
-97
-94
-91
-92
-100
-128
-176
-239
-301
-354
-403
-449
-487
-515
-536
-555
-568
-568
-555
-535
-512
-487
-463
-447
-443
-451
-464
-479
-489
-489
-475
-447
-409
-364
-315
-264
-217
-177
-147
-126
-112
-102
-94
-80
-55
-16
34
88
140
193
246
295
334
362
384
400
410
415
415
413
409
405
407
416
433
459
492
526
551
562
559
545
520
486
448
413
379
342
307
277
255
235
216
201
191
183
174
162
150
140
130
118
103
86
65
42
12
-27
-75
-126
-171
-204
-227
-244
-255
-259
-252
-238
-223
-214
-212
-217
-226
-239
-251
-264
-290
-335
-391
-442
-479
-507
-528
-532
-512
-473
-432
-401
-381
-369
-366
-378
-403
-430
-448
-461
-481
-512
-542
-557
-558
-558
-558
-547
-522
-501
-504
-526
-550
-572
-603
-644
-682
-710
-735
-764
-789
-798
-794
-787
-770
-732
-681
-631
-579
-500
-375
-208
-13
193
386
535
616
627
570
442
264
91
-15
-37
-1
65
159
280
411
532
640
745
842
921
979
1017
1020
964
853
720
607
528
478
461
481
529
580
616
634
632
603
549
489
441
400
355
308
273
254
239
219
201
187
160
105
25
-59
-140
-219
-292
-341
-355
-345
-324
-296
-256
-212
-174
-145
-120
-104
-111
-146
-198
-257
-315
-367
-398
-396
-358
-295
-219
-139
-60
12
74
127
175
218
257
292
321
342
355
367
382
404
431
464
500
533
555
556
538
511
488
478
479
492
513
539
558
561
555
547
537
519
491
456
415
361
292
217
146
80
22
-16
-26
-11
7
7
-14
-55
-111
-180
-255
-327
-389
-439
-475
-500
-518
-534
-547
-556
-557
-548
-531
-512
-498
-495
-501
-514
-528
-544
-559
-571
-573
-557
-521
-474
-427
-386
-349
-312
-278
-253
-237
-224
-209
-184
-143
-85
-19
46
108
167
224
271
302
317
320
319
325
344
370
395
414
435
464
501
540
572
595
612
625
635
636
620
585
540
499
468
446
429
415
398
382
371
364
348
309
257
210
177
149
116
82
54
34
23
23
28
25
2
-33
-67
-102
-150
-213
-277
-328
-364
-389
-403
-410
-414
-413
-397
-368
-339
-328
-333
-346
-367
-402
-453
-514
-573
-622
-649
-651
-629
-596
-561
-525
-491
-461
-434
-410
-394
-395
-414
-442
-468
-495
-520
-535
-532
-511
-478
-440
-403
-378
-373
-390
-422
-464
-513
-558
-592
-613
-632
-655
-678
-698
-707
-697
-664
-619
-578
-544
-492
-399
-262
-102
64
225
370
486
559
571
508
371
194
35
-63
-98
-91
-56
2
86
198
331
471
600
703
781
838
867
850
777
664
539
428
351
318
327
363
406
443
469
482
478
460
433
406
376
343
311
285
269
262
266
275
279
267
234
187
129
56
-31
-122
-197
-244
-266
-264
-240
-200
-150
-98
-43
14
60
77
59
15
-42
-104
-168
-223
-262
-278
-271
-238
-182
-117
-57
-4
46
99
151
200
239
262
269
272
282
299
316
333
357
387
410
417
411
398
375
344
319
311
320
334
354
385
424
458
480
493
500
497
482
455
411
344
255
159
77
15
-29
-52
-50
-29
-4
18
31
27
-5
-62
-127
-187
-242
-295
-342
-380
-410
-435
-455
-464
-467
-467
-466
-458
-445
-435
-434
-444
-461
-480
-497
-504
-497
-477
-450
-421
-393
-370
-353
-341
-331
-321
-310
-298
-282
-257
-222
-178
-125
-66
1
70
138
194
235
259
266
261
251
244
242
247
264
291
325
359
391
428
472
517
558
591
613
616
595
559
524
499
480
464
453
449
446
435
413
381
341
298
260
235
222
213
203
189
175
167
165
165
158
143
118
84
35
-30
-106
-179
-242
-288
-317
-333
-341
-343
-332
-306
-274
-251
-241
-243
-255
-280
-321
-381
-458
-545
-618
-655
-654
-636
-616
-590
-555
-517
-493
-483
-479
-479
-489
-508
-528
-550
-578
-613
-637
-636
-615
-587
-557
-522
-484
-460
-461
-485
-528
-577
-620
-646
-657
-663
-673
-685
-693
-691
-675
-648
-619
-599
-584
-556
-500
-420
-324
-210
-75
76
230
373
486
541
518
428
310
207
132
82
53
44
57
100
186
312
454
584
699
807
902
956
945
878
775
659
553
484
459
462
469
477
497
524
538
531
521
521
520
501
466
425
380
328
283
263
266
269
258
238
217
182
118
36
-45
-113
-170
-214
-236
-239
-238
-236
-217
-173
-117
-73
-50
-46
-60
-95
-149
-208
-265
-312
-343
-345
-316
-269
-221
-174
-125
-72
-17
38
90
133
158
170
180
192
204
218
241
281
330
378
413
434
438
429
417
412
418
431
443
454
463
471
479
487
498
511
527
545
558
553
520
461
386
310
243
193
163
146
136
127
118
107
86
54
16
-21
-59
-103
-154
-208
-263
-318
-366
-401
-420
-429
-436
-442
-446
-452
-468
-494
-523
-545
-560
-570
-576
-577
-576
-571
-563
-547
-526
-504
-486
-472
-457
-441
-430
-425
-420
-403
-369
-323
-272
-221
-171
-121
-67
-7
58
121
173
212
240
263
280
295
305
313
322
343
384
436
484
514
531
550
576
606
634
657
669
669
660
648
630
600
560
525
505
496
485
468
446
424
400
375
353
332
306
278
252
229
199
156
104
53
9
-30
-67
-103
-140
-173
-200
-220
-243
-274
-312
-349
-378
-399
-410
-418
-435
-462
-491
-511
-526
-546
-575
-601
-616
-622
-623
-621
-619
-623
-637
-653
-659
-656
-648
-642
-636
-630
-629
-630
-632
-629
-620
-602
-578
-555
-538
-528
-523
-525
-541
-569
-596
-616
-631
-646
-657
-660
-660
-659
-649
-622
-584
-549
-517
-478
-428
-364
-281
-168
-30
113
244
358
445
481
450
363
255
153
74
36
43
77
117
166
241
341
443
530
614
705
787
834
837
806
742
650
552
486
465
469
479
499
536
570
580
567
555
552
543
519
490
462
430
387
347
325
319
315
306
296
283
253
197
124
49
-20
-78
-121
-144
-153
-156
-153
-138
-115
-92
-80
-77
-81
-96
-126
-167
-211
-255
-295
-326
-340
-331
-306
-273
-240
-202
-161
-120
-83
-51
-20
7
28
43
56
72
94
122
156
194
233
265
287
301
311
320
324
327
332
344
361
382
409
440
471
494
512
529
544
550
542
519
485
439
389
344
311
289
274
266
265
267
264
248
223
191
154
113
68
21
-29
-80
-130
-174
-213
-247
-280
-309
-332
-348
-354
-359
-370
-396
-431
-468
-498
-522
-541
-558
-568
-572
-570
-565
-562
-565
-572
-579
-577
-562
-534
-503
-475
-450
-424
-392
-356
-315
-270
-223
-175
-125
-76
-33
-3
10
16
31
62
105
152
200
247
294
338
380
424
472
521
568
609
641
656
651
633
613
598
592
592
594
598
600
602
602
598
589
578
567
557
543
522
492
448
394
338
290
253
222
190
155
118
80
38
-5
-49
-92
-132
-169
-205
-244
-286
-328
-364
-394
-418
-439
-458
-484
-519
-560
-599
-636
-672
-705
-728
-735
-733
-732
-740
-752
-764
-770
-767
-759
-751
-748
-746
-744
-741
-738
-734
-726
-712
-692
-664
-635
-614
-614
-630
-646
-655
-661
-669
-674
-668
-656
-643
-629
-611
-591
-573
-552
-517
-465
-404
-338
-259
-159
-42
79
196
303
387
433
438
409
357
291
227
181
162
164
180
215
270
341
423
509
598
682
748
791
811
805
772
718
656
602
563
540
530
532
540
546
548
547
545
539
524
502
479
457
437
415
396
384
380
378
369
350
323
287
240
181
117
58
3
-49
-98
-136
-161
-168
-160
-135
-100
-67
-46
-43
-57
-85
-124
-171
-219
-263
-299
-326
-342
-349
-345
-330
-305
-271
-233
-193
-153
-116
-87
-69
-55
-38
-15
16
52
93
134
168
192
208
219
228
237
249
264
279
291
301
314
334
361
393
432
475
517
551
574
581
572
548
516
484
452
421
392
370
354
340
326
313
304
297
289
281
267
239
193
139
86
38
-11
-56
-92
-117
-139
-165
-192
-215
-240
-273
-311
-339
-359
-380
-410
-445
-479
-508
-532
-547
-550
-544
-536
-529
-524
-522
-525
-534
-540
-538
-527
-510
-489
-467
-446
-425
-400
-365
-320
-268
-212
-155
-101
-57
-27
-8
9
25
45
72
107
148
186
217
248
288
341
401
464
528
585
628
652
657
649
629
605
588
587
595
601
598
587
573
562
559
568
584
598
598
585
557
515
461
402
348
303
267
235
202
164
120
73
28
-13
-51
-83
-111
-141
-180
-229
-284
-340
-390
-426
-446
-459
-476
-502
-534
-572
-615
-660
-695
-718
-736
-754
-768
-777
-791
-814
-835
-836
-820
-802
-787
-769
-749
-741
-750
-764
-771
-774
-778
-775
-760
-742
-737
-747
-758
-761
-759
-756
-749
-734
-716
-694
-665
-628
-593
-559
-520
-462
-384
-291
-188
-82
22
121
216
300
358
379
365
332
291
251
221
203
199
211
246
304
376
446
515
594
686
777
846
885
891
861
804
740
688
648
616
594
595
618
644
657
656
646
631
615
604
598
586
557
517
480
455
439
427
421
419
414
397
364
317
257
186
112
47
-6
-49
-85
-111
-122
-120
-112
-102
-91
-83
-84
-97
-121
-157
-205
-262
-314
-353
-376
-388
-389
-383
-371
-358
-340
-313
-280
-249
-224
-201
-179
-158
-143
-128
-105
-73
-36
8
56
102
134
150
154
153
149
147
154
173
199
230
266
306
344
377
412
456
504
546
575
590
586
561
522
482
447
419
401
399
412
427
432
427
412
389
359
333
315
296
268
232
196
161
126
89
57
32
10
-12
-36
-64
-102
-152
-210
-265
-310
-344
-366
-381
-396
-413
-432
-453
-474
-493
-504
-508
-512
-523
-542
-561
-578
-588
-585
-566
-537
-507
-479
-451
-422
-399
-384
-371
-354
-330
-298
-260
-218
-182
-154
-127
-90
-44
5
50
95
137
170
194
217
245
279
317
360
410
461
506
544
577
607
628
639
640
633
618
596
573
553
539
530
530
537
546
551
553
549
539
522
500
471
435
389
334
273
211
153
105
70
45
22
-6
-40
-78
-121
-169
-221
-272
-323
-373
-416
-453
-486
-525
-568
-607
-633
-648
-660
-676
-699
-729
-763
-795
-823
-850
-878
-902
-914
-912
-897
-880
-866
-859
-856
-850
-840
-833
-837
-852
-870
-885
-895
-901
-907
-915
-921
-913
-884
-840
-792
-747
-704
-660
-615
-563
-498
-413
-313
-202
-79
46
150
212
230
220
194
155
116
96
104
131
167
208
253
295
338
396
484
592
692
768
817
839
830
795
752
715
689
677
684
710
740
752
742
722
705
692
682
677
673
666
653
635
617
601
587
578
573
569
563
551
524
478
418
352
284
215
150
95
54
24
4
1
13
31
39
34
17
-14
-58
-108
-152
-187
-222
-258
-291
-317
-344
-374
-401
-412
-403
-383
-358
-332
-310
-300
-301
-305
-298
-279
-250
-214
-168
-118
-75
-55
-59
-79
-100
-113
-110
-91
-61
-32
-12
3
20
44
74
110
156
215
279
336
378
398
396
376
347
325
316
316
318
322
329
336
337
331
323
320
320
325
334
341
340
326
302
278
259
246
233
220
205
188
167
141
106
62
12
-38
-81
-113
-137
-155
-170
-182
-191
-198
-203
-208
-217
-232
-252
-272
-291
-312
-337
-364
-387
-405
-420
-432
-438
-438
-431
-419
-401
-379
-359
-341
-325
-305
-284
-263
-246
-229
-212
-196
-180
-163
-146
-128
-108
-85
-55
-23
8
35
64
99
139
179
215
246
272
294
310
321
330
337
342
347
358
375
392
400
399
398
403
410
416
423
430
432
425
413
399
380
354
328
311
299
284
260
230
200
165
127
88
50
12
-27
-58
-80
-100
-128
-165
-201
-230
-252
-268
-284
-307
-341
-381
-419
-456
-496
-541
-583
-614
-635
-648
-655
-661
-673
-689
-700
-700
-697
-701
-712
-722
-727
-733
-745
-766
-796
-832
-865
-883
-884
-878
-871
-862
-848
-831
-816
-801
-782
-752
-703
-629
-529
-420
-321
-246
-198
-175
-178
-201
-230
-251
-254
-237
-206
-171
-145
-131
-120
-94
-46
25
112
208
302
382
439
469
475
462
443
436
452
489
531
565
587
595
594
586
579
578
589
609
637
666
692
706
709
705
704
714
732
753
768
772
759
728
682
628
569
512
462
425
404
396
397
402
407
408
401
384
361
336
311
285
256
225
188
141
86
33
-12
-46
-70
-86
-93
-94
-95
-101
-112
-127
-145
-164
-175
-171
-155
-134
-114
-101
-100
-112
-136
-164
-187
-205
-215
-215
-209
-202
-199
-199
-196
-184
-163
-132
-92
-46
-4
27
44
48
42
30
19
13
17
30
46
62
73
76
73
66
63
69
86
110
132
147
153
150
142
134
130
132
138
148
159
163
154
133
103
72
44
24
13
10
11
13
15
16
13
6
-2
-8
-9
-8
-9
-18
-36
-61
-87
-111
-129
-142
-147
-143
-136
-129
-126
-127
-132
-138
-142
-139
-132
-127
-125
-125
-125
-123
-120
-115
-108
-100
-94
-87
-77
-68
-63
-60
-56
-50
-45
-42
-33
-16
4
23
42
60
76
89
101
114
125
132
136
139
143
146
148
148
147
150
160
176
190
200
204
207
210
212
212
211
207
200
192
186
181
170
155
143
138
134
128
121
111
98
81
64
52
41
26
9
-1
-7
-16
-31
-47
-60
-66
-70
-73
-80
-98
-125
-149
-164
-169
-172
-177
-187
-202
-219
-230
-234
-234
-237
-241
-243
-246
-253
-267
-282
-294
-305
-313
-318
-322
-329
-342
-354
-362
-367
-374
-380
-381
-375
-364
-352
-339
-326
-314
-302
-285
-264
-247
-241
-247
-262
-276
-288
-298
-307
-311
-311
-307
-303
-299
-294
-288
-283
-274
-261
-243
-226
-215
-209
-203
-196
-189
-183
-175
-164
-152
-142
-131
-120
-109
-99
-91
-83
-76
-69
-60
-48
-30
-9
13
35
56
78
99
120
138
152
164
175
184
190
196
202
206
208
210
216
226
236
247
262
278
290
294
295
298
302
305
307
310
313
314
310
306
302
297
291
285
285
288
291
290
287
282
279
278
281
287
294
300
305
308
306
299
289
276
264
255
247
240
233
224
218
213
210
209
209
211
214
216
218
220
218
212
204
197
191
185
176
168
161
154
148
142
138
133
127
121
114
107
101
96
94
94
94
93
92
89
83
76
71
67
62
56
47
38
26
12
-3
-14
-22
-27
-30
-31
-30
-28
-28
-30
-34
-38
-45
-51
-56
-61
-67
-74
-81
-84
-85
-87
-89
-92
-98
-105
-112
-116
-117
-118
-120
-122
-123
-125
-128
-130
-130
-128
-125
-122
-119
-117
-117
-121
-125
-130
-134
-135
-134
-130
-125
-121
-116
-112
-106
-100
-94
-87
-80
-73
-67
-63
-59
-56
-54
-52
-50
-45
-37
-29
-22
-15
-8
-2
3
7
13
19
25
30
35
42
48
54
60
67
74
78
80
81
82
83
84
84
83
82
80
77
75
74
73
74
74
76
77
76
72
65
57
49
41
32
24
18
12
4
-6
-16
-25
-34
-44
-51
-56
-61
-68
-78
-87
-97
-107
-119
-130
-138
-146
-154
-162
-171
-180
-193
-206
-220
-232
-242
-250
-255
-257
-257
-257
-259
-264
-269
-276
-282
-289
-296
-302
-309
-316
-323
-330
-334
-338
-343
-345
-345
-342
-339
-336
-333
-329
-327
-326
-323
-317
-310
-303
-296
-288
-279
-271
-262
-253
-244
-234
-225
-215
-205
-197
-189
-179
-168
-154
-139
-121
-103
-86
-71
-55
-38
-20
-5
8
21
32
42
51
61
73
83
91
100
111
123
134
145
159
172
183
192
199
204
209
212
218
224
232
238
244
251
257
262
265
268
271
274
277
281
285
288
291
294
297
300
303
307
311
316
320
323
326
326
324
321
319
318
316
315
316
319
322
323
323
323
321
318
316
315
313
309
304
298
293
288
284
280
276
272
267
263
258
253
247
241
235
229
221
214
207
200
193
186
179
171
160
148
138
128
116
103
91
80
69
58
47
38
29
19
9
2
-5
-14
-25
-37
-47
-56
-67
-77
-85
-94
-104
-113
-120
-126
-131
-137
-143
-149
-154
-160
-165
-170
-175
-180
-184
-188
-192
-194
-196
-197
-198
-199
-200
-201
-201
-201
-201
-199
-199
-199
-199
-197
-194
-192
-190
-186
-181
-177
-174
-172
-168
-165
-164
-162
-157
-150
-145
-139
-134
-126
-119
-113
-107
-99
-91
-83
-76
-69
-61
-54
-49
-45
-39
-33
-27
-21
-15
-9
-2
5
12
18
24
29
33
38
42
48
53
58
61
65
68
71
74
75
78
80
82
84
86
88
89
88
86
85
84
82
81
81
82
81
78
74
70
64
57
50
46
42
38
34
31
28
23
18
11
4
-3
-11
-19
-25
-31
-40
-50
-60
-70
-81
-93
-103
-113
-121
-129
-135
-139
-145
-153
-161
-168
-174
-179
-184
-190
-198
-207
-217
-226
-234
-241
-246
-251
-255
-259
-262
-265
-267
-269
-270
-270
-269
-268
-266
-264
-261
-257
-253
-250
-244
-238
-232
-227
-221
-215
-209
-204
-196
-186
-175
-167
-158
-149
-139
-128
-117
-106
-92
-79
-66
-53
-40
-29
-19
-11
-2
9
20
30
38
47
56
65
75
84
92
101
109
118
127
136
143
149
154
159
165
170
174
176
179
183
186
190
192
195
197
199
201
204
208
211
212
215
219
223
225
226
227
229
231
231
232
233
234
233
231
231
231
231
229
230
232
235
237
237
237
237
237
236
237
237
235
232
228
224
221
219
217
215
212
209
205
201
196
192
189
185
180
176
173
169
163
156
148
141
134
127
121
117
111
103
93
85
78
71
62
53
44
35
27
18
11
4
-3
-10
-17
-23
-30
-38
-46
-54
-61
-67
-73
-80
-88
-95
-102
-107
-111
-114
-118
-122
-127
-131
-135
-139
-143
-146
-150
-151
-153
-155
-159
-162
-164
-165
-166
-167
-167
-167
-167
-167
-166
-165
-164
-165
-164
-162
-159
-155
-151
-147
-144
-141
-139
-136
-134
-131
-128
-124
-120
-116
-113
-109
-105
-100
-94
-87
-81
-76
-73
-69
-64
-60
-55
-50
-45
-41
-38
-34
-30
-25
-21
-16
-11
-5
0
4
7
11
14
17
19
22
25
29
32
35
38
41
44
46
49
53
56
58
59
58
58
59
59
59
59
59
60
60
60
60
60
58
55
52
51
50
48
44
41
37
34
30
27
25
22
17
13
10
9
6
2
-2
-6
-10
-16
-22
-28
-33
-39
-45
-51
-54
-58
-63
-69
-76
-81
-85
-90
-95
-99
-102
-107
-112
-117
-122
-127
-133
-140
-146
-151
-156
-163
-169
-175
-180
-186
-192
-197
-201
-205
-208
-210
-211
-213
-216
-219
-222
-223
-223
-224
-224
-223
-222
-222
-222
-222
-220
-219
-217
-215
-212
-208
-203
-198
-193
-187
-181
-175
-170
-164
-158
-150
-143
-136
-129
-121
-114
-107
-99
-92
-84
-75
-67
-58
-49
-39
-29
-19
-9
2
11
18
25
33
40
47
54
62
71
81
88
95
102
108
113
120
128
138
145
150
154
160
165
171
175
181
186
190
193
197
200
203
204
205
207
209
211
212
214
216
217
216
215
215
215
215
214
214
214
213
211
208
206
202
197
192
189
188
187
184
180
177
174
170
166
163
160
156
153
149
147
145
142
139
135
131
126
121
116
111
107
103
101
99
96
91
86
83
81
79
76
74
70
66
62
58
54
50
46
42
38
34
29
25
21
18
13
10
7
4
0
-5
-8
-11
-15
-20
-25
-27
-29
-32
-36
-40
-44
-47
-50
-53
-56
-59
-62
-66
-68
-71
-73
-75
-77
-79
-79
-80
-80
-80
-81
-82
-83
-85
-85
-85
-85
-84
-82
-81
-82
-83
-83
-81
-78
-76
-75
-74
-73
-71
-69
-68
-66
-64
-60
-58
-56
-54
-52
-50
-48
-45
-40
-34
-30
-29
-29
-27
-24
-21
-17
-14
-12
-10
-9
-7
-5
-4
-3
-1
2
5
6
7
8
10
11
11
12
13
15
16
16
17
18
18
18
19
20
21
22
21
20
19
19
18
18
17
16
14
13
12
10
9
9
9
8
6
3
1
-1
-3
-5
-5
-5
-8
-10
-13
-14
-15
-16
-19
-21
-23
-26
-27
-27
-29
-32
-35
-38
-39
-41
-44
-44
-44
-44
-47
-49
-51
-52
-55
-59
-61
-61
-61
-62
-63
-63
-63
-65
-69
-70
-69
-68
-68
-69
-68
-68
-69
-69
-67
-65
-64
-66
-65
-65
-65
-67
-67
-64
-62
-62
-61
-59
-57
-57
-57
-56
-55
-54
-54
-52
-49
-48
-47
-45
-45
-45
-46
-45
-41
-39
-38
-38
-35
-32
-32
-32
-32
-29
-25
-22
-19
-16
-14
-13
-13
-13
-10
-6
-4
-2
-1
2
4
4
5
5
7
10
13
17
19
20
21
24
27
28
28
30
35
39
40
40
42
45
47
48
49
52
55
56
58
60
62
64
63
63
65
66
66
64
65
68
70
72
74
75
74
72
71
73
74
74
72
72
72
71
69
68
70
70
70
68
66
64
63
62
62
62
60
58
57
56
56
54
52
49
49
50
51
51
49
45
41
35
32
31
32
34
35
35
32
29
27
26
24
24
24
21
16
11
11
13
13
10
9
12
11
5
0
1
3
2
-1
-1
1
0
-4
-5
-4
-5
-9
-11
-9
-6
-8
-11
-13
-14
-16
-16
-14
-10
-9
-10
-12
-14
-16
-16
-12
-8
-8
-12
-16
-18
-16
-12
-8
-7
-10
-13
-16
-16
-13
-8
-4
-5
-10
-13
-11
-5
0
0
-1
-4
-5
-5
-4
-2
-1
-1
-2
-4
-4
-2
0
0
1
2
2
-2
-6
-5
-3
-5
-7
-5
3
5
1
-3
-3
-3
-8
-10
-6
1
2
-1
-3
-4
-6
-9
-8
-6
-6
-7
-6
-5
-8
-14
-16
-14
-12
-13
-13
-11
-10
-14
-20
-22
-19
-16
-16
-19
-22
-24
-24
-24
-23
-23
-23
-23
-24
-26
-29
-31
-33
-34
-34
-32
-31
-31
-36
-40
-40
-37
-34
-33
-33
-33
-36
-40
-45
-45
-42
-37
-32
-29
-28
-30
-35
-40
-43
-40
-35
-31
-30
-33
-36
-39
-42
-42
-38
-32
-27
-24
-24
-25
-27
-27
-23
-20
-19
-22
-24
-21
-16
-12
-12
-13
-13
-14
-13
-11
-7
-5
-4
-3
-2
-2
-4
-4
-1
3
5
6
9
12
11
8
7
10
14
18
23
26
26
23
22
22
21
21
25
31
34
31
26
24
26
30
36
42
43
37
33
34
36
36
34
35
38
41
44
46
49
46
41
36
35
38
44
50
50
44
39
38
37
34
33
38
43
44
40
38
37
32
28
33
42
48
44
38
32
29
28
33
40
41
34
27
25
29
33
35
34
29
23
23
28
31
27
23
22
23
21
20
23
26
25
20
17
17
16
16
19
23
22
15
9
8
13
18
21
20
15
10
7
5
5
7
12
14
10
5
5
7
7
5
6
8
7
3
2
5
9
7
1
-4
-7
-7
-4
4
11
12
6
-3
-10
-9
-1
8
11
4
-5
-8
0
13
19
10
-6
-17
-11
6
17
12
-3
-9
1
14
16
2
-13
-12
2
14
16
10
2
-5
-11
-6
12
31
34
18
-2
-9
-2
11
21
27
27
19
2
-13
-13
2
22
38
45
38
15
-13
-28
-19
7
28
35
30
20
9
0
-5
-5
1
11
18
16
3
-9
-11
-5
3
6
9
16
21
13
-11
-36
-38
-9
24
27
-2
-28
-28
-10
7
11
-1
-25
-48
-45
-13
21
29
7
-25
-48
-52
-38
-12
5
-2
-18
-23
-21
-25
-33
-33
-21
-8
-5
-9
-16
-24
-30
-28
-21
-17
-20
-25
-25
-20
-12
-6
-10
-26
-42
-46
-35
-22
-20
-27
-34
-36
-35
-31
-20
-6
-6
-29
-55
-56
-27
5
13
-2
-29
-52
-60
-41
1
30
21
-11
-34
-42
-44
-38
-13
15
17
-10
-40
-49
-38
-19
-4
0
-4
-5
5
12
-1
-25
-39
-41
-41
-31
0
35
47
29
-3
-41
-71
-72
-37
11
45
67
72
29
-63
-130
-95
9
76
69
40
20
-18
-64
-58
14
79
71
11
-44
-74
-81
-50
20
74
54
-19
-71
-73
-46
-16
9
24
24
22
23
13
-17
-53
-65
-37
13
52
69
73
63
23
-47
-105
-94
-14
69
90
54
-2
-60
-99
-78
8
81
70
7
-37
-59
-102
-147
-127
-29
73
112
97
65
21
-38
-91
-113
-81
13
130
172
89
-34
-86
-75
-76
-74
10
151
193
57
-136
-212
-146
-37
53
131
177
134
2
-127
-155
-65
71
159
146
57
-34
-61
-7
71
85
24
-19
31
116
120
39
-22
-5
28
11
-13
13
39
-4
-67
-45
51
104
37
-108
-210
-138
132
404
384
4
-422
-492
-156
258
429
321
83
-146
-258
-177
39
192
137
-61
-197
-141
49
186
139
-39
-173
-142
5
124
127
40
-71
-160
-175
-76
92
196
140
-31
-184
-219
-132
1
87
88
23
-56
-95
-52
39
78
3
-110
-131
-41
42
20
-59
-99
-81
-50
-23
-13
-52
-128
-144
-50
53
44
-51
-117
-111
-86
-64
-24
9
-38
-149
-200
-125
-23
-13
-68
-82
-39
-12
-30
-44
-20
7
-2
-29
-48
-64
-65
19
198
301
128
-249
-489
-362
-14
239
284
230
135
-72
-368
-521
-334
98
475
576
378
-18
-418
-566
-302
229
622
568
155
-243
-355
-218
-13
154
256
244
98
-60
-69
62
147
75
-37
-22
97
154
70
-75
-172
-172
-75
69
161
121
-14
-124
-118
-12
110
172
155
84
-16
-123
-185
-129
58
262
310
154
-62
-157
-102
-6
30
-2
-42
-30
20
29
-37
-92
-39
78
122
44
-52
-51
34
105
98
27
-70
-157
-189
-126
28
196
235
49
-224
-272
9
297
230
-93
-251
-82
139
155
60
45
51
-78
-257
-257
-60
141
221
202
99
-84
-244
-239
-77
84
130
96
55
0
-89
-151
-102
44
179
206
101
-84
-235
-244
-81
170
336
263
-22
-283
-291
-61
204
344
321
154
-89
-251
-188
32
174
125
25
21
52
2
-77
-71
-17
-9
-13
67
192
206
45
-172
-275
-185
53
308
414
275
-53
-380
-502
-283
234
714
693
83
-607
-751
-288
260
434
271
85
18
-10
-61
-90
-79
-70
-58
28
186
264
103
-236
-432
-215
278
565
333
-184
-465
-302
32
207
213
201
164
11
-166
-170
-28
24
-71
-74
156
370
244
-146
-408
-331
-67
160
290
301
116
-228
-457
-319
76
355
308
77
-101
-163
-193
-225
-179
4
240
356
254
-19
-325
-513
-466
-173
206
428
373
137
-118
-330
-471
-403
-16
479
638
265
-330
-671
-572
-184
235
480
421
76
-336
-544
-441
-106
315
624
563
31
-653
-935
-582
77
531
582
373
81
-230
-470
-475
-205
126
265
190
64
-31
-148
-277
-273
-62
195
273
148
-26
-154
-245
-234
-14
303
376
32
-436
-557
-213
248
427
262
-21
-219
-298
-265
-97
153
294
171
-116
-284
-188
39
203
271
257
56
-364
-697
-526
136
752
801
294
-320
-617
-489
-91
315
493
347
-2
-300
-363
-186
84
260
258
152
58
-2
-75
-149
-146
-28
169
354
386
137
-331
-674
-524
98
716
843
435
-142
-497
-479
-181
179
387
341
92
-188
-284
-106
183
284
108
-114
-126
42
167
133
33
-14
3
44
60
-11
-166
-239
-84
172
263
155
61
96
139
55
-137
-329
-395
-190
292
706
565
-149
-781
-688
2
584
599
198
-222
-444
-418
-135
309
600
408
-198
-698
-642
-135
330
464
375
238
19
-325
-579
-460
-17
374
433
208
-104
-334
-345
-116
152
210
59
-66
-25
78
79
-41
-167
-182
-48
147
197
-16
-288
-257
109
387
219
-212
-416
-178
227
380
166
-141
-220
-67
55
4
-66
25
174
125
-117
-251
-104
133
211
146
78
-8
-190
-346
-231
164
504
437
-2
-405
-407
-50
305
362
144
-117
-252
-247
-147
25
210
284
181
3
-98
-116
-164
-242
-165
166
504
449
-42
-510
-491
-63
287
267
37
-106
-74
3
-24
-172
-291
-184
169
504
487
56
-491
-751
-528
66
659
797
320
-392
-771
-645
-271
128
506
704
444
-237
-818
-806
-272
309
587
517
175
-280
-563
-474
-146
125
223
215
147
19
-123
-216
-259
-266
-193
-5
201
272
163
-48
-273
-395
-259
119
415
317
-72
-371
-400
-281
-105
188
514
528
31
-631
-864
-471
174
586
599
328
-62
-414
-554
-387
-20
302
407
294
65
-165
-301
-293
-168
3
175
303
287
55
-269
-426
-302
-28
219
367
357
124
-229
-415
-256
79
272
212
32
-136
-237
-198
9
225
239
57
-144
-256
-272
-140
151
392
300
-76
-325
-166
182
308
120
-133
-259
-289
-270
-127
186
496
506
116
-397
-617
-407
4
332
488
476
232
-242
-661
-643
-158
382
589
464
202
-138
-537
-740
-427
298
825
638
-101
-710
-684
-131
456
679
456
-28
-449
-521
-237
102
200
100
74
201
233
-42
-456
-621
-348
185
628
713
373
-202
-631
-614
-191
302
540
454
177
-129
-364
-446
-303
27
348
419
169
-212
-420
-288
63
342
344
110
-131
-189
-77
29
12
-63
-69
14
95
88
-27
-187
-258
-129
128
274
156
-105
-257
-203
-43
117
252
305
180
-87
-287
-262
-72
118
193
120
-68
-242
-231
11
319
445
282
-60
-371
-478
-296
137
614
824
559
-69
-640
-733
-299
277
543
375
-4
-289
-319
-108
191
390
379
176
-111
-339
-359
-109
280
531
455
125
-238
-467
-486
-255
144
453
452
200
-71
-256
-384
-406
-191
226
555
528
189
-186
-379
-349
-151
114
290
252
41
-171
-253
-200
-50
176
397
409
57
-484
-748
-436
233
732
730
291
-290
-691
-681
-264
255
502
378
101
-97
-175
-183
-129
-58
-63
-117
-45
187
349
248
-1
-153
-153
-125
-125
-74
74
233
280
157
-100
-345
-365
-102
226
357
268
109
-42
-185
-247
-131
121
333
369
224
-52
-358
-480
-244
219
529
465
145
-203
-449
-506
-313
51
368
479
384
131
-231
-519
-453
-1
443
446
51
-304
-318
-83
122
128
-24
-165
-159
-29
97
132
84
-7
-107
-160
-106
21
85
28
-38
-22
-2
-78
-171
-145
-15
106
150
99
-38
-176
-177
-16
168
240
198
91
-113
-389
-507
-230
323
717
642
172
-360
-624
-475
-48
331
422
255
13
-175
-281
-273
-114
140
304
232
-10
-197
-179
-31
57
-3
-101
-86
25
95
69
12
-39
-82
-55
80
182
75
-162
-264
-124
85
174
142
63
-48
-164
-161
6
181
198
97
4
-77
-180
-233
-147
20
127
107
20
-30
17
116
142
26
-142
-189
-65
80
92
-23
-168
-273
-268
-85
199
347
209
-104
-363
-439
-311
-19
323
523
446
140
-219
-464
-487
-239
182
496
445
79
-288
-388
-211
69
265
283
152
-13
-111
-127
-110
-86
-25
90
194
189
45
-152
-261
-186
40
264
334
218
30
-89
-91
-52
-62
-116
-120
-18
116
157
77
-21
-32
23
44
-2
-46
-25
42
84
51
-39
-108
-82
33
140
142
51
-47
-111
-160
-154
-13
223
353
244
-10
-215
-269
-180
7
197
240
85
-115
-157
-37
81
106
78
12
-114
-225
-182
22
243
338
260
29
-255
-401
-275
16
218
224
155
110
27
-120
-189
-85
67
101
27
-34
-24
32
99
151
157
103
20
-57
-127
-170
-124
14
146
192
178
120
-25
-226
-314
-185
63
256
320
262
84
-162
-318
-247
-16
164
168
54
-74
-153
-143
-30
119
208
197
89
-81
-219
-208
-46
118
156
92
26
-25
-104
-173
-124
57
245
315
234
33
-200
-322
-248
-54
109
167
139
50
-71
-157
-136
-12
135
225
218
104
-77
-208
-187
-52
74
137
154
109
-27
-176
-203
-74
109
231
253
172
4
-179
-255
-167
5
130
154
96
-9
-116
-157
-90
44
147
142
33
-93
-131
-47
86
152
90
-62
-197
-210
-84
101
230
227
89
-114
-258
-245
-77
137
249
181
-29
-240
-305
-185
13
142
164
150
125
17
-180
-304
-204
65
300
352
190
-117
-396
-439
-193
144
304
226
55
-78
-159
-189
-127
4
100
98
41
-23
-88
-127
-74
75
208
193
17
-187
-259
-151
46
209
254
156
-47
-247
-309
-183
37
204
258
237
164
23
-149
-241
-187
-38
125
238
233
73
-144
-239
-148
11
89
66
18
-1
6
24
52
81
96
106
112
84
-11
-146
-239
-199
13
310
490
400
76
-304
-560
-573
-298
165
551
602
292
-140
-406
-398
-200
32
178
192
102
-20
-111
-144
-118
-61
-18
-2
13
26
-14
-110
-159
-65
131
272
237
38
-196
-312
-225
27
287
383
255
-3
-236
-326
-250
-67
117
215
198
99
-15
-68
-33
38
58
-14
-132
-202
-155
5
186
284
257
133
-58
-280
-443
-421
-172
181
442
497
353
73
-258
-501
-509
-246
147
454
520
336
24
-248
-357
-270
-46
184
281
197
19
-124
-160
-94
31
142
156
54
-83
-151
-129
-60
34
157
238
167
-51
-257
-296
-155
76
276
327
179
-79
-281
-323
-211
-5
222
362
312
94
-138
-250
-240
-162
-21
157
260
196
25
-105
-128
-84
-20
52
100
66
-43
-117
-67
58
135
108
17
-81
-149
-143
-17
190
350
355
207
-6
-193
-293
-265
-120
65
189
205
125
-13
-151
-209
-145
-18
69
83
71
72
61
6
-74
-119
-88
-5
53
37
-17
-19
70
175
186
79
-70
-181
-217
-164
-18
169
301
305
189
18
-138
-225
-208
-81
118
290
316
148
-128
-338
-352
-192
20
177
252
246
151
-10
-149
-176
-87
38
117
127
71
-30
-127
-149
-62
82
192
207
120
-48
-229
-299
-166
109
333
340
127
-170
-382
-394
-200
91
321
380
265
43
-203
-384
-410
-241
42
258
263
68
-169
-276
-206
-47
89
156
152
77
-44
-128
-104
-2
78
64
-25
-122
-182
-186
-125
-8
121
196
175
66
-79
-180
-175
-63
90
186
160
33
-96
-138
-98
-42
-6
19
34
23
-9
-23
-3
23
24
5
-19
-37
-41
-14
32
62
76
111
156
133
11
-125
-170
-110
-1
99
147
108
-2
-103
-122
-87
-55
-18
67
162
177
95
-17
-110
-172
-171
-74
73
157
120
15
-82
-144
-156
-88
40
128
94
-32
-154
-199
-143
-5
133
166
68
-83
-193
-234
-205
-88
107
271
276
105
-140
-335
-393
-272
-24
200
263
168
23
-78
-121
-120
-70
22
117
160
124
26
-82
-135
-104
-31
6
-21
-78
-97
-28
118
244
237
88
-89
-182
-164
-74
42
132
143
69
-28
-78
-72
-49
-29
-11
-3
-13
-15
21
82
125
108
2
-160
-263
-198
2
184
239
193
121
41
-61
-161
-201
-158
-53
82
190
192
60
-121
-229
-214
-108
31
147
190
146
51
-44
-107
-140
-160
-161
-106
20
154
187
82
-79
-175
-172
-113
-27
77
146
108
-11
-99
-92
-38
-12
-30
-66
-91
-76
-11
69
111
97
54
5
-52
-111
-141
-121
-64
8
88
148
133
26
-104
-156
-93
33
133
161
133
92
51
-2
-61
-106
-121
-98
-31
62
135
144
98
32
-27
-66
-73
-41
9
44
52
48
27
-23
-81
-114
-115
-86
1
141
240
203
58
-80
-146
-145
-80
47
165
161
29
-95
-107
-53
-24
-8
50
113
92
-17
-113
-113
-30
62
102
72
-8
-88
-112
-57
36
101
113
92
60
10
-61
-119
-113
-38
45
70
42
2
-30
-58
-68
-37
32
98
124
99
35
-39
-88
-84
-40
1
13
10
16
34
51
56
43
5
-42
-53
-1
83
129
95
8
-66
-88
-62
-18
21
44
49
35
5
-23
-30
-8
32
67
67
17
-61
-100
-47
75
166
154
73
11
-9
-29
-68
-90
-64
-4
55
86
72
21
-26
-13
55
112
101
37
-31
-71
-66
-2
100
170
151
53
-74
-166
-163
-41
137
246
217
94
-27
-99
-122
-91
-10
68
78
30
-8
0
21
23
13
2
-24
-74
-119
-120
-76
-23
14
34
35
9
-42
-99
-135
-135
-94
-26
25
16
-43
-95
-99
-76
-60
-47
-15
23
31
5
-13
-3
7
-8
-39
-73
-106
-115
-68
23
89
78
27
5
29
52
36
-9
-52
-79
-85
-59
-6
39
46
18
-10
-4
27
47
41
32
42
54
36
-7
-36
-31
-8
6
13
34
73
108
106
59
-5
-46
-42
-5
35
53
38
-3
-43
-52
-29
-1
14
27
48
62
48
12
-18
-24
-18
-20
-40
-64
-70
-50
-15
17
38
50
50
31
-5
-44
-62
-44
4
46
30
-56
-150
-175
-121
-34
44
102
125
91
7
-75
-103
-70
-15
23
25
-1
-23
-12
23
45
39
25
15
4
-5
12
65
111
99
29
-48
-82
-76
-62
-47
-13
42
87
89
59
32
20
2
-32
-53
-40
-18
-20
-42
-58
-55
-39
-14
13
24
14
0
2
6
-6
-28
-31
-13
0
-10
-28
-34
-26
-7
19
39
47
52
63
69
48
2
-52
-94
-105
-64
22
105
128
94
48
20
-8
-45
-70
-63
-42
-34
-38
-36
-26
-14
-3
14
38
56
57
47
40
43
49
38
4
-40
-72
-89
-96
-82
-34
41
101
111
67
-3
-65
-94
-86
-51
-5
31
35
4
-37
-49
-20
25
56
68
72
59
16
-42
-88
-104
-91
-48
7
36
17
-20
-20
25
76
93
78
48
4
-49
-85
-81
-48
-15
-1
-2
-13
-25
-26
-5
35
75
91
72
28
-12
-26
-21
-26
-49
-61
-37
13
55
68
54
22
-19
-50
-55
-32
0
19
18
1
-19
-25
-11
13
33
47
57
61
52
30
5
-15
-31
-42
-40
-29
-21
-19
-15
-3
12
21
23
24
24
25
30
31
19
-10
-43
-64
-69
-61
-45
-23
-1
15
19
11
-3
-11
-4
13
20
9
-8
-20
-22
-11
16
47
56
33
-6
-32
-42
-45
-45
-30
-4
13
6
-13
-28
-31
-17
14
50
70
58
23
-14
-38
-49
-53
-53
-48
-40
-34
-29
-20
-11
-3
6
20
28
18
-14
-49
-66
-63
-50
-34
-18
-9
-13
-22
-25
-20
-13
-8
0
11
22
23
12
-8
-22
-22
-13
-3
8
27
49
59
52
35
12
-16
-43
-46
-21
12
29
26
15
3
-3
-1
9
25
45
64
62
31
-17
-58
-79
-77
-54
-18
11
20
12
5
3
-1
-5
-1
9
12
3
-12
-34
-62
-74
-57
-25
-4
0
-3
-12
-31
-46
-41
-20
-6
-10
-27
-53
-85
-101
-78
-27
16
32
28
6
-30
-60
-61
-40
-20
-12
-14
-23
-44
-70
-84
-75
-49
-18
12
32
34
21
6
-8
-20
-21
-7
7
6
-3
-6
-3
-5
-15
-24
-31
-31
-24
-8
10
19
22
23
16
1
-6
12
39
49
36
14
-9
-31
-39
-25
1
21
28
26
19
9
5
13
29
33
24
17
15
6
-20
-48
-56
-41
-19
-5
-6
-13
-18
-14
-3
10
18
16
5
-11
-23
-24
-20
-13
-5
7
15
7
-16
-37
-38
-23
-10
-4
2
9
6
-6
-14
-10
0
4
8
22
39
44
31
13
1
-6
-13
-12
0
10
5
-10
-18
-9
10
22
28
34
41
39
28
19
24
38
47
43
31
20
7
-9
-20
-18
0
21
32
28
13
0
-3
5
16
28
36
36
26
10
-4
-13
-13
-2
14
22
9
-14
-23
-11
10
23
30
33
28
18
7
4
5
9
13
16
16
7
-8
-22
-32
-36
-34
-29
-27
-27
-23
-13
-5
-7
-11
-6
8
17
14
5
-1
-7
-17
-26
-24
-11
4
13
19
25
29
27
23
19
13
9
12
21
33
38
32
17
-2
-18
-20
-7
14
32
39
29
5
-18
-17
12
46
64
60
44
23
7
9
30
49
49
25
-7
-32
-42
-31
-5
21
31
25
10
-6
-20
-22
-9
11
27
32
23
6
-7
-6
2
7
5
3
2
-3
-9
-7
4
14
14
9
5
0
-5
-4
3
6
4
1
0
-7
-18
-21
-11
0
2
-3
-7
-8
-9
-7
-1
8
14
19
20
15
9
12
19
20
15
12
12
5
-5
-10
-5
4
9
12
11
8
4
2
2
-2
-4
1
10
11
1
-12
-17
-15
-6
9
23
25
15
0
-13
-18
-12
4
20
26
24
22
23
25
26
27
28
27
27
24
14
-6
-21
-18
-1
13
13
5
1
2
6
11
16
17
13
4
-7
-11
-7
1
5
1
-7
-12
-8
3
17
26
29
25
19
11
5
3
4
9
15
24
33
31
20
7
2
2
3
3
3
1
0
1
2
-2
-8
-5
10
23
23
13
10
16
19
12
0
-8
-11
-10
-12
-15
-14
-4
13
27
29
21
9
1
-1
6
15
20
19
17
17
13
4
-5
-7
-2
6
9
3
-6
-11
-6
3
9
12
14
18
21
23
23
25
28
32
31
23
15
14
20
24
22
19
18
17
12
8
7
7
5
4
9
16
20
20
22
23
21
15
9
5
1
-6
-12
-16
-18
-20
-21
-20
-17
-13
-7
-1
5
8
7
3
-3
-5
-3
0
1
-2
-9
-14
-12
-5
-2
-4
-5
1
10
15
12
5
1
0
2
5
4
-1
-5
-5
-3
-5
-6
-6
-2
2
5
5
3
2
2
2
3
9
19
26
21
10
6
10
14
11
9
12
12
2
-10
-16
-14
-6
3
12
17
17
13
9
6
6
5
1
-6
-11
-12
-9
-8
-8
-7
-4
-2
-2
-2
-2
-3
-3
-4
-6
-12
-20
-23
-20
-11
-1
4
5
4
5
10
12
8
2
-3
-6
-11
-18
-23
-22
-15
-5
2
4
3
4
5
4
2
2
2
1
-2
-5
-11
-15
-13
-1
13
21
24
26
26
21
14
9
7
3
-2
-1
5
10
7
-1
-6
-4
2
5
4
-1
-5
-8
-12
-17
-21
-19
-12
-2
6
13
18
23
24
20
11
0
-6
-8
-9
-10
-11
-9
-6
-5
-3
-2
-1
1
5
10
10
2
-11
-22
-26
-24
-23
-23
-21
-15
-5
0
-2
-3
2
7
5
-3
-11
-14
-16
-16
-14
-7
-2
0
-1
-3
-6
-8
-6
-1
5
6
4
-1
-7
-13
-12
-4
7
13
13
11
11
12
13
10
5
1
-1
0
2
3
5
6
10
13
13
6
-2
-8
-10
-11
-12
-13
-16
-24
-33
-35
-31
-22
-13
-5
1
1
-2
-9
-16
-24
-28
-27
-20
-13
-4
2
2
-3
-7
-4
2
5
4
1
-1
0
3
6
5
-2
-12
-15
-9
2
13
18
16
7
-5
-14
-21
-23
-20
-13
-9
-8
-7
-8
-10
-15
-16
-11
-5
-2
-3
-5
-7
-8
-9
-10
-12
-13
-8
2
11
14
14
12
6
-2
-9
-9
-5
1
8
13
16
16
15
13
9
5
6
13
17
15
10
7
3
-4
-10
-10
-5
3
9
10
8
6
5
3
-2
-8
-10
-9
-9
-12
-14
-15
-15
-15
-15
-16
-17
-19
-19
-20
-22
-21
-16
-11
-12
-20
-29
-34
-33
-24
-14
-8
-9
-15
-20
-25
-30
-34
-34
-30
-23
-20
-20
-19
-16
-14
-13
-15
-18
-19
-19
-19
-21
-24
-26
-27
-28
-30
-31
-30
-26
-20
-15
-12
-11
-11
-12
-15
-16
-17
-14
-9
-2
3
4
0
-5
-9
-9
-6
-2
-1
-5
-9
-10
-9
-9
-8
-5
-1
-1
-5
-9
-10
-6
-3
-2
-4
-9
-16
-24
-28
-28
-24
-18
-13
-8
-5
-7
-11
-14
-13
-7
0
5
7
4
-3
-12
-17
-16
-11
-5
-4
-4
-5
-4
-4
-4
-2
2
6
7
4
-2
-6
-7
-5
-2
2
2
-2
-7
-6
-2
3
4
3
1
-2
-3
-3
1
6
12
16
17
17
16
14
12
9
6
5
4
3
2
1
1
3
4
5
5
6
8
10
12
10
7
3
0
-2
-5
-9
-13
-15
-14
-12
-10
-9
-8
-7
-6
-5
-5
-5
-6
-6
-6
-5
-4
-5
-5
-7
-8
-8
-8
-9
-10
-12
-15
-18
-19
-18
-18
-19
-20
-18
-14
-11
-9
-8
-6
-5
-7
-10
-12
-13
-16
-19
-20
-18
-13
-11
-13
-16
-16
-13
-9
-7
-5
-2
-1
-2
-5
-6
-4
-1
0
1
2
4
4
5
5
6
6
6
5
6
7
8
8
8
11
15
19
20
19
16
14
13
13
13
13
11
8
4
1
-2
-3
-2
2
6
9
9
4
-1
-4
-5
-3
-3
-5
-8
-13
-16
-17
-17
-17
-16
-15
-14
-13
-13
-13
-13
-13
-12
-11
-11
-12
-13
-11
-7
-2
2
4
3
2
2
4
6
6
5
2
1
2
4
7
9
12
14
14
13
9
4
3
4
5
4
0
-6
-10
-10
-9
-6
-3
-1
0
2
3
2
0
-3
-5
-4
-2
-1
-1
-2
-2
-2
-2
-1
-1
-1
-1
-2
-2
-2
-2
-2
-3
-3
-1
2
4
5
5
5
7
7
4
1
-1
-2
-2
-4
-8
-10
-10
-7
-4
-2
0
2
1
-2
-5
-6
-5
-4
-3
-4
-5
-6
-6
-4
-2
1
4
5
7
8
8
8
7
8
10
12
13
14
14
15
15
14
14
15
16
16
15
13
11
10
8
6
4
3
4
5
5
5
7
10
10
6
-1
-6
-7
-7
-5
-5
-3
-2
-1
0
2
5
8
9
9
9
9
8
8
7
7
5
2
-1
-2
-1
1
3
5
7
8
6
4
4
7
9
8
6
5
5
5
4
4
5
5
5
2
1
0
-1
-1
0
0
-1
-4
-5
-4
-1
2
3
3
4
4
3
2
2
4
6
7
6
5
3
1
0
1
2
2
2
1
1
2
5
7
9
10
9
5
3
3
3
4
4
3
2
2
2
3
5
8
9
9
7
6
5
6
7
7
7
6
5
5
5
4
4
4
5
6
8
9
8
7
8
9
10
10
9
7
7
8
8
9
9
9
6
2
0
-1
-2
-3
-4
-3
0
2
3
4
7
10
12
13
14
13
11
6
2
2
2
3
2
2
5
10
14
17
18
16
14
11
9
11
13
15
16
16
15
14
13
13
16
19
20
19
15
11
8
5
2
1
-1
-2
-2
-1
0
0
1
2
1
-3
-7
-10
-10
-10
-11
-13
-16
-18
-19
-19
-17
-15
-12
-10
-8
-7
-9
-13
-16
-17
-16
-13
-12
-11
-11
-11
-11
-10
-9
-7
-5
-5
-5
-5
-6
-6
-7
-6
-4
-3
-3
-3
-3
-2
0
3
5
5
3
1
-2
-4
-4
-3
-1
2
5
7
9
10
12
14
14
13
11
9
8
7
6
5
5
5
4
4
4
6
9
12
13
10
8
6
5
5
4
2
0
-1
-2
-4
-6
-6
-5
-2
1
3
2
1
0
1
2
2
1
0
0
0
0
-1
0
1
2
2
0
-1
-2
-3
-2
-2
-2
-2
-2
-1
0
1
2
3
6
8
8
5
3
2
3
3
3
3
3
3
4
5
8
10
11
10
10
9
10
10
11
11
11
9
7
7
8
10
12
13
13
13
11
9
6
5
5
5
6
7
7
6
4
2
2
3
4
4
2
-1
-3
-5
-7
-8
-8
-8
-7
-5
-3
0
2
3
2
2
2
2
2
1
0
-2
-4
-6
-8
-7
-6
-5
-3
-2
-2
-2
-2
-2
-1
0
-1
-2
-3
-2
-1
0
0
0
0
-1
-1
-1
0
1
0
-1
-2
-2
-1
1
2
4
5
5
5
6
6
6
5
5
5
5
4
3
3
3
3
3
3
3
4
4
5
5
5
4
2
0
-1
-2
-4
-5
-6
-5
-3
-2
-2
-2
-2
-2
-2
-2
-2
-2
-1
0
1
1
1
0
0
-1
-1
0
1
2
2
2
2
2
1
-1
-2
-2
-1
0
1
3
6
7
7
5
5
5
5
5
5
4
3
3
2
2
1
2
3
5
7
8
8
7
7
6
5
3
2
0
0
0
0
1
0
-1
-2
-3
-3
-3
-1
1
2
3
2
2
2
2
2
3
3
5
6
7
6
5
4
4
3
2
2
2
2
3
4
5
5
4
3
3
4
6
6
6
5
4
3
2
0
-1
-2
-1
0
1
2
2
2
1
0
-1
-1
-1
-1
-2
-3
-4
-6
-7
-7
-7
-6
-5
-4
-3
-3
-3
-4
-5
-5
-6
-7
-8
-7
-6
-5
-5
-5
-6
-6
-6
-5
-5
-5
-4
-4
-5
-7
-8
-9
-9
-8
-6
-4
-2
-1
0
1
0
-2
-5
-7
-7
-7
-8
-8
-7
-5
-4
-4
-5
-4
-4
-3
-3
-3
-2
-2
-3
-5
-6
-8
-9
-8
-7
-5
-2
-2
-2
-4
-5
-7
-8
-9
-9
-9
-8
-8
-8
-8
-9
-9
-9
-9
-8
-7
-7
-7
-8
-8
-9
-11
-11
-11
-9
-7
-5
-4
-2
-2
-2
-3
-5
-5
-6
-7
-7
-7
-7
-6
-5
-5
-5
-5
-5
-3
-1
-1
-2
-3
-3
-2
-3
-4
-4
-4
-3
-2
-1
-1
-1
0
0
0
-1
-2
-3
-4
-3
-3
-2
-1
-1
-1
-1
-1
-1
-1
0
1
1
1
0
-1
-2
-3
-4
-3
-2
-1
0
0
1
1
1
1
0
-1
0
0
0
-1
-1
-1
-1
-1
-1
-2
-2
-2
-2
-2
-1
-1
-2
-3
-5
-5
-4
-3
-2
-1
0
-1
-1
-2
-2
-2
-1
0
2
3
4
4
4
3
3
4
4
5
5
5
6
6
5
4
4
3
2
2
2
3
3
4
3
2
1
0
-1
0
0
0
0
-1
-2
-2
-3
-4
-5
-5
-4
-4
-4
-4
-5
-5
-6
-7
-7
-7
-6
-6
-7
-7
-7
-6
-5
-5
-6
-6
-6
-5
-5
-4
-3
-3
-3
-3
-3
-3
-2
-2
-2
-1
-1
-1
-2
-2
-2
-2
-2
-2
-2
-3
-4
-4
-5
-5
-5
-5
-6
-6
-7
-6
-5
-5
-5
-5
-5
-5
-5
-5
-5
-5
-5
-5
-4
-4
-4
-5
-5
-6
-6
-5
-5
-4
-4
-4
-5
-5
-5
-6
-5
-4
-3
-3
-3
-3
-4
-5
-6
-7
-8
-8
-9
-10
-10
-10
-10
-10
-10
-10
-10
-9
-9
-8
-8
-8
-8
-8
-8
-8
-7
-6
-6
-5
-4
-3
-3
-3
-3
-3
-2
-2
-2
-2
-2
-2
-1
0
1
1
2
2
2
3
3
5
5
5
5
5
5
5
5
5
5
6
7
7
7
7
6
5
5
5
5
5
5
5
5
5
5
4
5
5
5
5
5
5
5
4
4
3
3
3
3
3
3
3
2
2
2
2
1
0
0
0
1
2
2
2
2
2
2
2
2
2
3
3
3
2
2
1
1
1
1
1
2
2
3
3
3
3
3
3
2
2
2
2
2
3
4
3
2
2
2
2
2
2
2
2
2
1
0
-1
-1
-1
0
0
-1
-1
-1
-1
-1
-2
-3
-3
-3
-3
-4
-3
-3
-3
-4
-4
-4
-3
-3
-4
-5
-5
-4
-4
-5
-5
-5
-5
-5
-5
-5
-4
-4
-4
-4
-4
-4
-4
-4
-4
-4
-4
-4
-3
-2
-1
-1
-2
-3
-3
-3
-2
-2
-1
-1
-1
-2
-3
-3
-3
-2
-1
0
0
-1
-1
-1
0
0
0
-1
-1
0
0
0
0
0
0
-1
-1
-1
0
0
0
1
1
0
-1
-2
-3
-3
-3
-3
-2
-2
-2
-2
-2
-3
-2
-2
-2
-2
-2
-1
-1
-1
-2
-2
-1
-1
-1
-2
-2
-2
-2
-2
-2
-2
-2
-2
-2
-2
-2
-1
-1
0
0
0
0
0
0
0
0
0
0
0
1
1
1
0
0
1
2
2
2
2
2
2
2
2
2
2
2
2
3
3
2
2
2
3
3
3
3
2
2
3
3
3
3
3
3
3
3
2
2
2
2
2
1
1
0
0
0
0
0
0
1
1
2
2
2
2
2
2
2
1
1
1
1
0
-1
-1
-1
0
1
1
0
0
0
1
1
1
1
0
0
0
1
1
1
1
1
1
1
0
0
0
0
0
1
1
1
1
1
1
1
2
2
3
3
3
3
3
2
2
1
1
1
1
1
2
2
2
3
4
4
3
3
4
4
4
4
4
3
3
2
2
2
2
2
2
2
2
2
3
3
2
2
2
2
2
3
2
3
3
3
3
3
3
3
2
2
2
2
3
3
3
3
3
3
3
4
5
5
4
4
4
3
2
2
2
2
2
2
2
2
2
2
2
2
2
2
2
3
3
3
3
3
3
2
1
1
2
2
2
2
2
2
2
2
1
1
1
1
2
2
2
2
2
2
1
1
2
2
1
1
1
1
1
1
1
1
1
1
1
1
1
2
2
2
1
-1
-1
-1
-1
-1
-1
-1
0
-1
-1
-2
-1
-1
-1
-2
-2
-1
-1
-2
-2
-2
-2
-2
-2
-1
-1
-1
-2
-2
-3
-2
-2
-2
-2
-2
-2
-2
-2
-1
-1
-1
-1
-2
-1
-1
-1
-1
-1
-1
-1
-2
-2
-2
-1
-1
-1
-1
-1
-1
-1
-2
-2
-2
-2
-1
-2
-2
-1
0
0
0
-1
-1
-1
-1
-1
0
-1
-1
-1
-1
-1
-2
-2
-2
-2
-1
-1
-1
-1
0
0
-1
-1
-1
-1
0
-1
-1
-1
-1
-1
-1
-1
0
0
-1
-1
-1
-1
-1
-2
-2
-3
-3
-2
-2
-2
-2
-2
-3
-2
-2
-2
-2
-2
-2
-2
-2
-2
-2
-2
-2
-2
-2
-2
-2
-2
-2
-2
-2
-2
-2
-2
-2
-2
-2
-1
-1
-1
-1
-1
-1
-1
-1
-1
-2
-2
-2
-1
-1
-2
-2
-1
-1
-1
-1
-1
-1
-1
-1
0
0
0
-1
-1
-1
-1
-1
-1
0
0
0
0
0
0
-1
-1
-1
-1
-1
-1
-1
-1
-1
-1
-1
0
0
0
-1
-1
-1
-2
-2
-2
-2
-2
-2
-3
-2
-2
-2
-2
-2
-2
-2
-2
-2
-2
-2
-2
-2
-3
-3
-3
-3
-2
-2
-1
-1
-1
-1
-1
-1
-1
-1
-1
0
0
0
-1
-1
-1
-1
0
0
0
-1
-1
-1
-1
-1
-1
-2
-1
-1
-2
-2
-2
-2
-2
-2
-2
-2
-2
-2
-2
-3
-3
-2
-2
-2
-1
-2
-2
-2
-2
-2
-2
-2
-2
-2
-2
-2
-2
-2
-3
-3
-3
-2
-3
-3
-3
-3
-3
-2
-2
-3
-3
-2
-2
-2
-2
-3
-3
-2
-2
-2
-3
-3
-3
-2
-2
-2
-3
-3
-3
-3
-3
-3
-3
-3
-2
-2
-2
-2
-2
-2
-3
-3
-3
-2
-3
-3
-3
-2
-2
-2
-2
-2
-2
-2
-2
-2
-2
-1
-2
-2
-2
-2
-2
-3
-3
-2
-2
-2
-3
-2
-2
-2
-2
-2
-2
-2
-2
-3
-3
-3
-2
-2
-2
-2
-3
-2
-2
-2
-3
-3
-2
-3
-3
-3
-2
-2
-2
-2
-2
-1
-1
-2
-2
-2
-2
-2
-2
-2
-2
-3
-2
-2
-2
-1
-1
-1
-1
-2
-1
-1
-1
-1
-1
-1
-1
-2
-2
-2
-1
-1
-1
-1
-1
-1
0
0
-1
-1
-1
-1
0
0
0
-1
-1
0
0
0
0
0
0
0
0
0
-1
-1
-1
0
0
0
-1
-1
-1
-1
-1
0
0
0
-1
-1
-1
0
0
0
0
0
-1
-1
-1
-1
0
1
1
0
0
1
1
0
0
0
1
1
1
0
0
1
1
1
1
1
1
1
1
1
1
1
1
1
1
1
1
1
1
1
1
1
1
1
1
1
1
1
1
1
1
1
1
1
1
1
1
1
2
2
2
1
1
1
1
1
1
1
1
1
1
1
1
2
1
1
1
1
1
1
1
1
0
0
1
1
1
0
1
1
1
1
2
2
1
0
0
1
1
1
1
1
1
2
2
2
2
1
1
2
1
1
0
0
0
0
0
0
0
0
0
1
1
1
1
1
1
1
1
1
1
0
1
1
2
2
2
1
1
1
2
2
1
1
1
1
1
1
1
1
1
1
1
1
1
1
2
2
1
1
1
1
1
1
1
1
1
1
1
1
0
0
1
1
1
1
1
1
1
1
1
1
1
1
1
1
1
1
1
1
1
1
1
1
1
1
1
2
2
1
1
1
2
2
1
1
1
1
1
1
1
1
1
1
1
1
1
2
2
1
1
1
1
1
1
1
1
1
1
1
1
2
2
2
2
2
2
1
1
1
1
1
1
1
1
1
1
1
1
1
1
1
1
1
0
0
1
1
1
1
1
1
1
1
2
2
1
1
1
1
1
1
1
1
1
1
1
1
1
0
1
1
1
1
1
1
1
1
1
1
0
0
1
1
1
1
1
1
1
0
0
1
1
1
1
1
1
1
1
1
1
1
1
1
1
1
1
1
1
1
0
0
1
1
1
0
0
1
1
2
1
1
1
1
1
0
1
1
1
0
0
0
0
0
-1
-1
-1
-1
0
0
1
1
1
1
1
1
1
1
1
1
1
1
2
2
1
1
1
1
1
1
1
1
1
1
1
1
1
1
1
1
1
1
1
1
1
1
1
1
0
0
1
1
1
0
0
0
0
1
0
0
0
0
0
0
0
-1
-1
-1
-1
-1
-1
-1
-1
0
0
0
0
0
0
0
0
0
0
0
0
0
0
0
0
0
0
0
0
-1
-1
-2
-2
-1
-1
-1
-1
-1
0
0
0
0
0
0
0
0
0
0
0
-1
-1
0
0
0
0
0
0
0
0
0
0
0
1
0
0
-1
0
0
0
0
-1
-1
0
0
0
-1
-1
-1
-1
-1
-1
-1
-1
-1
-1
0
-1
-1
-1
-1
-1
-1
-1
-1
-1
-1
-1
-1
-1
-1
-1
0
0
-1
-1
0
0
0
-1
-1
-1
-1
-1
0
0
0
-1
-1
-1
-1
-1
-1
-1
-1
-1
-1
-1
-1
-1
-1
-1
-1
-1
-1
-1
-1
-1
-1
-1
-1
-1
-1
-1
-2
-2
-1
-1
-1
-1
-2
-2
-1
-1
-1
-1
-2
-2
-2
-1
-1
-1
-2
-2
-2
-1
-1
-1
-1
-1
-1
-1
-1
-1
-1
-1
-1
-1
-1
-1
-1
-1
-2
-2
-2
-2
-2
-2
-2
-2
-1
-1
-1
-2
-2
-1
-1
-2
-1
-1
-2
-2
-1
-1
-1
-2
-2
-1
-1
-1
-2
-1
-1
-2
-2
-2
-1
-2
-2
-2
-2
-2
-2
-2
-1
-1
-2
-2
-2
-2
-2
-1
-1
-1
-1
-1
-1
-1
-1
-1
-2
-2
-2
-2
-2
-2
-2
-2
-2
-2
-2
-2
-2
-2
-2
-2
-2
-2
-2
-2
-2
-2
-2
-2
-2
-2
-2
-2
-2
-2
-2
-2
-2
-2
-2
-2
-2
-2
-2
-1
-2
-2
-2
-2
-2
-2
-2
-2
-2
-2
-2
-2
-2
-2
-2
-2
-1
-1
-1
-2
-2
-2
-2
-2
-2
-2
-2
-2
-2
-2
-2
-2
-2
-2
-2
-2
-2
-2
-2
-2
-2
-2
-2
-2
-2
-2
-2
-2
-2
-2
-2
-2
-2
-2
-2
-1
-1
-2
-2
-2
-2
-1
-1
-2
-2
-1
-1
-1
-2
-2
-2
-2
-2
-2
-2
-2
-2
-1
-2
-2
-2
-2
-2
-2
-3
-2
-1
-2
-2
-2
-2
-2
-2
-2
-1
-1
-2
-2
-2
-1
-1
-1
-1
-1
-1
-1
-1
-1
-1
-1
-1
-1
-1
-1
-1
-1
-1
-1
-1
-1
-1
-2
-2
-1
-1
-2
-2
-2
-2
-1
-1
-1
-1
-1
0
-1
-2
-2
-1
-1
-2
-2
-1
-1
-1
-1
-1
-2
-2
-2
-1
-1
-1
-1
-1
-1
-1
-1
-1
-1
-1
-1
-1
-1
-1
-1
-1
-1
-1
-1
-1
-2
-2
-2
-1
-1
-1
-2
-1
-1
-2
-2
-2
-2
-2
-1
-1
-1
-1
-2
-1
-1
-2
-2
-1
-1
-1
-1
-1
-1
-1
-1
-1
-1
-1
-1
-1
-1
-1
-1
-1
-1
0
-1
-1
0
0
0
0
0
0
0
0
0
0
0
0
0
0
0
-1
-1
0
0
0
0
0
-1
-1
-1
0
0
0
-1
0
0
0
0
0
0
-1
-1
0
0
0
0
0
0
0
0
-1
-1
0
0
0
0
0
0
1
0
0
0
0
0
0
0
0
0
1
1
0
0
0
0
0
0
1
1
1
0
-1
-1
0
1
1
0
0
0
0
0
0
0
0
0
0
0
1
1
0
0
0
0
1
1
0
0
0
0
0
1
1
1
1
1
1
1
0
0
0
1
1
1
1
1
1
1
1
1
1
1
1
1
1
1
0
0
0
1
1
1
1
1
1
1
1
1
1
1
0
1
1
1
1
0
0
1
1
1
1
1
1
1
1
1
1
1
1
1
1
1
1
0
0
1
1
0
0
0
1
0
0
0
0
0
0
0
0
0
0
0
0
1
1
1
1
1
1
1
1
1
1
1
1
1
1
1
1
2
2
1
1
0
1
1
1
1
0
0
1
1
1
1
1
1
1
1
1
1
1
0
0
0
0
0
0
0
1
1
1
1
2
2
1
1
1
1
1
1
1
2
2
1
1
1
1
1
1
1
1
1
1
0
1
1
1
0
0
1
1
1
1
1
1
1
1
1
1
1
1
1
1
1
1
0
0
0
0
0
0
0
0
0
1
1
1
1
0
0
0
1
1
1
0
0
1
1
1
1
1
1
0
1
1
1
1
0
1
1
1
0
0
1
0
0
0
1
1
0
0
0
0
0
0
0
0
0
0
0
0
0
0
1
1
1
0
0
0
1
0
0
1
1
1
0
1
1
1
1
1
0
0
1
1
1
0
-1
-1
0
1
0
1
1
1
0
0
0
1
0
0
1
1
1
0
0
0
0
0
0
0
0
0
0
0
0
0
0
0
1
1
0
0
0
0
0
0
0
0
0
0
0
0
0
0
0
0
0
0
-1
-1
0
0
0
0
0
0
-1
0
0
0
0
0
0
0
0
0
0
0
0
0
0
0
0
0
0
0
0
0
1
0
0
0
0
0
0
0
1
1
0
0
0
0
0
0
0
0
0
0
0
1
0
0
0
0
0
0
0
0
0
0
0
-1
-1
0
0
0
-1
0
0
0
-1
-1
0
0
0
-1
-1
0
0
0
-1
-1
-1
0
-1
-1
-1
-1
0
0
0
0
-1
-1
-1
-1
-1
-1
-1
-1
0
0
0
-1
-1
-1
-1
0
0
0
0
0
-1
-1
-1
-1
-1
-1
-1
-1
-1
-2
-2
-1
-1
-1
-2
-2
-2
-2
-1
-1
-1
-1
-1
-1
-1
-1
-1
-1
-1
-1
-1
-1
-1
-1
-1
-1
-1
-1
-1
-1
-1
-1
-1
-1
-1
-1
-1
-2
-1
-1
-1
-1
-2
-2
-1
0
-1
-1
-2
-2
-2
-2
-2
-1
-1
-1
-1
-1
-2
-2
-1
-1
-1
-2
-2
-1
-1
-1
-2
-2
-1
-1
-1
-2
-2
-1
-1
-1
-1
-1
-1
-1
-1
-1
-1
-1
-1
-1
-1
-2
-1
-1
-1
-1
-1
-2
-1
-1
-1
-2
-2
-2
-2
-2
-2
-2
-2
-2
-2
-2
-2
-2
-2
-2
-2
-1
-1
-2
-2
-2
-1
-2
-2
-2
-1
-1
-2
-2
-2
-2
-2
-2
-2
-2
-2
-2
-2
-2
-2
-2
-2
-1
-1
-2
-2
-1
-1
-1
-2
-2
-2
-2
-2
-2
-2
-2
-2
-1
-1
-1
-1
-2
-2
-2
-2
-2
-2
-2
-2
-2
-1
-1
-2
-2
-1
-1
-2
-2
-2
-2
-2
-2
-2
-2
-2
-2
-2
-2
-2
-2
-2
-2
-2
-2
-1
-1
-1
-1
-1
-1
-1
-1
-1
-1
-1
-1
-1
0
0
-1
-1
-1
0
0
-1
-1
-1
0
0
-1
-1
0
-1
-1
-1
0
0
-1
-1
-1
-1
-1
-1
-1
-1
-1
-1
-1
-1
-1
-1
-1
-1
-1
-1
-1
-1
-1
-1
-1
0
0
0
0
0
0
0
-1
-1
-1
0
0
0
-1
-1
-1
0
0
-1
-1
0
0
0
-1
0
0
0
0
0
0
0
0
0
0
0
0
-1
-1
0
0
0
0
0
-1
-1
-1
0
0
-1
-1
-1
-1
-1
0
0
0
0
0
0
0
0
-1
0
0
0
-1
-1
-1
0
0
-1
-1
-1
-1
-1
-1
-1
-1
-1
-1
-1
-1
0
-1
-1
0
0
0
0
0
0
0
0
0
0
0
0
0
0
0
0
-1
-1
-1
0
0
0
0
0
-1
0
0
0
0
-1
-1
0
0
0
0
0
0
0
0
0
0
0
0
0
0
0
0
0
0
0
0
0
0
0
0
0
0
0
0
0
0
0
0
0
0
0
0
0
0
0
0
0
0
0
0
0
0
0
0
1
1
0
0
1
1
1
0
0
0
0
0
0
0
1
1
0
0
0
0
0
1
1
1
0
1
1
1
1
1
1
1
1
1
1
0
0
0
1
1
1
0
0
1
1
1
1
1
1
1
0
1
1
1
1
1
1
0
0
0
0
0
0
0
0
0
0
0
0
0
0
0
0
0
0
0
0
0
0
0
0
0
0
0
0
0
0
0
0
0
0
0
0
0
0
0
0
0
0
0
0
0
0
0
0
0
0
0
0
0
0
0
0
0
0
0
0
1
1
0
0
0
0
0
0
0
0
0
0
0
0
0
0
0
0
0
0
0
0
0
0
0
0
0
1
1
0
0
0
0
0
0
0
0
0
0
1
1
1
0
0
0
0
0
1
1
0
0
0
1
1
0
0
0
1
1
0
0
0
0
0
0
0
0
0
0
0
0
-1
-1
-1
-1
-1
0
0
0
0
0
0
0
0
0
0
0
0
-1
0
0
0
0
0
0
0
0
0
0
0
0
0
0
0
0
-1
0
0
0
0
-1
-1
-1
0
-1
-1
-1
-1
-1
-1
-1
-1
-1
-1
-1
-1
-1
-1
-1
-1
-1
-1
-1
-1
-1
-1
-1
-1
-1
-1
-1
-1
0
0
-1
-1
-1
-1
-1
-1
0
0
-1
-1
-1
-1
-1
-1
-1
-1
-1
-1
-1
-1
-1
-1
-1
-1
-1
-1
0
0
0
-1
0
0
-1
-1
-1
-1
-1
-1
-1
-1
-1
-1
-1
-1
-1
-1
-1
-1
-1
-1
-1
-1
-1
-1
0
0
0
-1
-1
-1
-1
-1
-1
-1
0
0
0
0
0
0
0
0
0
0
0
-1
0
0
0
-1
-1
0
-1
-1
-1
-1
-1
-1
-1
-1
-1
-1
0
0
0
0
0
-1
-1
-1
0
0
0
0
0
0
-1
-1
-1
0
0
0
0
0
0
-1
-1
-1
0
0
0
0
0
0
-1
-1
-1
-1
-1
-1
0
0
-1
-1
-1
0
0
-1
-1
-1
-1
-1
-1
-1
-1
-1
0
0
0
0
0
-1
-1
-1
-1
-1
-1
-1
0
-1
-1
-1
-1
0
-1
-1
-1
0
0
0
-1
-1
0
0
0
0
0
-1
0
0
0
0
0
0
0
0
0
0
0
0
0
0
0
0
0
0
-1
0
0
0
0
0
0
0
0
0
0
0
0
0
0
-1
-1
-1
-1
-1
0
0
0
0
-1
-1
-1
-1
0
0
0
0
0
0
0
0
0
0
0
0
0
0
0
0
-1
-1
-1
0
0
0
0
0
-1
-1
-1
-1
-1
0
0
0
0
0
0
0
0
0
0
0
0
0
0
0
0
0
0
0
0
0
0
-1
-1
0
0
0
-1
0
0
0
0
-1
0
0
0
0
0
0
0
-1
-1
0
0
0
0
0
0
0
0
0
0
0
0
0
0
0
0
0
0
0
0
0
0
0
0
0
0
0
0
0
0
0
0
0
0
0
0
0
0
0
0
0
0
0
0
0
0
0
0
0
0
0
-1
-1
0
0
0
0
0
0
0
0
0
0
0
0
0
0
0
0
0
0
0
-1
-1
0
0
0
0
0
0
0
0
0
0
-1
-1
0
0
0
0
0
0
0
0
0
0
0
0
0
0
0
0
0
0
0
0
0
0
0
0
0
0
0
0
0
0
0
0
0
0
0
0
0
0
0
0
0
0
0
0
0
0
0
0
0
0
0
0
0
0
0
0
-1
0
0
0
-1
-1
-1
0
0
0
0
0
0
0
0
0
0
0
0
0
-1
-1
0
0
0
0
-1
0
0
0
0
0
0
0
0
0
0
0
0
0
0
0
0
0
0
0
0
0
0
0
0
0
0
0
0
0
0
0
0
0
0
0
0
0
0
0
0
0
0
0
0
0
0
-1
0
0
0
0
0
0
0
0
0
0
0
0
0
0
0
0
0
0
0
0
0
0
0
0
0
0
0
0
-1
0
0
0
0
0
0
0
0
0
0
0
0
0
0
0
0
0
0
0
-1
0
0
0
0
0
0
0
0
0
0
0
0
0
0
0
0
0
0
0
0
0
0
0
0
0
0
0
0
0
0
0
0
0
0
0
0
0
0
0
0
0
0
0
0
0
0
0
0
0
0
0
-1
0
0
0
0
0
0
0
0
0
0
0
0
-1
-1
0
0
0
0
0
0
0
0
0
0
0
0
0
0
0
0
0
0
0
0
0
0
0
0
0
0
0
0
0
0
0
0
0
0
0
0
0
0
0
0
0
0
0
0
0
0
0
0
0
0
0
0
0
-1
-1
0
0
0
0
0
0
0
0
0
0
0
0
-1
-1
0
0
0
0
0
0
0
0
0
0
0
0
0
0
0
0
0
0
0
0
0
0
0
0
0
-1
0
0
0
0
0
0
0
0
0
0
0
0
0
0
0
0
0
0
0
0
0
0
0
0
-1
0
0
0
0
0
0
0
0
0
0
0
0
0
0
0
0
0
0
0
0
0
0
0
0
0
0
0
0
0
0
0
0
0
-1
-1
0
0
0
0
0
0
0
0
0
0
0
0
0
0
0
0
-1
0
0
0
0
0
0
0
0
0
0
0
0
0
0
0
0
0
0
0
0
0
0
0
0
0
0
0
0
0
0
0
0
0
0
0
0
0
0
0
0
0
0
0
0
0
0
0
-1
0
0
0
0
-1
-1
0
0
0
0
0
0
0
0
0
0
0
0
0
0
0
0
0
0
0
0
0
0
0
0
0
0
0
0
0
0
0
0
0
0
0
0
0
0
0
0
0
0
0
0
0
0
0
0
0
0
0
0
0
0
0
0
0
0
0
0
0
0
0
0
0
0
0
0
0
0
0
0
0
0
0
0
0
0
0
0
0
0
0
0
0
0
0
0
0
0
0
0
0
0
0
0
0
0
0
-1
0
0
0
0
0
0
0
0
0
-1
0
0
-1
-1
-1
0
0
0
0
0
0
0
0
0
0
0
0
0
0
0
0
-1
0
0
0
0
0
0
0
0
0
0
0
0
0
0
0
0
0
0
0
0
0
0
0
0
0
0
0
0
0
0
0
0
-1
0
0
0
0
-1
0
0
0
0
0
0
0
-1
-1
-1
0
0
0
0
0
0
0
0
0
0
0
0
0
0
0
0
0
0
0
0
0
0
0
0
0
0
0
0
0
0
0
0
0
0
0
0
0
0
0
0
0
0
0
0
0
0
0
0
0
0
0
0
0
0
0
0
0
0
0
0
0
0
0
0
0
0
0
0
0
0
0
0
0
0
0
0
-1
0
0
0
0
0
0
0
0
0
0
0
0
0
0
0
0
0
0
0
0
0
0
0
0
0
0
0
0
0
0
0
0
0
0
0
0
0
0
0
0
0
0
0
0
0
0
0
0
0
0
0
0
0
0
0
0
0
0
0
0
0
0
0
0
0
0
0
0
0
0
0
0
0
0
0
0
0
0
0
0
0
0
0
0
0
0
0
0
0
0
0
0
0
0
0
0
0
0
0
0
0
0
0
0
0
0
0
0
0
0
0
0
0
0
0
0
0
0
0
0
0
0
0
0
0
0
0
0
-1
0
0
0
0
-1
0
0
0
0
0
0
0
0
0
0
0
0
0
0
0
0
0
0
0
0
0
0
0
0
0
0
0
0
0
0
0
0
0
0
0
0
0
0
0
0
0
0
0
0
0
0
0
0
0
0
0
0
0
0
0
0
0
0
0
0
0
0
0
0
0
0
0
0
0
0
0
0
0
0
0
0
0
0
0
0
0
0
0
0
0
0
0
0
0
0
0
0
0
0
0
0
0
0
0
0
0
0
0
0
0
0
0
0
0
0
0
0
0
0
0
0
0
0
0
0
0
0
0
0
0
0
0
0
0
0
0
0
0
0
0
0
0
0
0
0
0
0
0
0
0
0
0
0
0
0
0
0
0
0
0
0
0
0
0
0
0
0
0
0
0
0
0
0
0
0
0
0
0
0
0
0
0
0
0
0
0
0
0
0
0
0
0
0
0
0
-1
0
0
0
0
0
0
0
0
0
0
0
0
0
0
0
0
0
0
0
0
0
-1
0
0
0
0
0
0
0
0
0
0
0
0
0
0
0
0
0
0
0
0
0
0
0
0
0
0
0
0
0
0
0
0
0
0
0
0
0
0
0
0
0
0
0
0
0
0
0
0
0
0
0
0
0
0
0
0
0
0
0
0
0
0
0
0
0
0
0
0
0
0
0
0
0
0
0
0
0
0
0
0
0
0
0
0
0
0
0
0
0
0
0
0
0
0
0
0
0
0
0
0
0
0
0
0
0
0
0
0
0
0
0
0
0
0
0
0
0
0
0
0
0
0
0
0
0
0
0
0
0
0
0
0
0
0
0
-1
0
0
0
0
0
0
0
0
0
0
0
0
0
0
-1
0
0
0
0
0
0
0
0
0
0
0
0
0
0
0
0
0
0
0
0
0
0
0
0
0
0
0
0
0
0
0
0
0
0
0
0
0
0
0
0
0
0
0
0
0
0
0
0
0
0
0
0
0
0
0
0
0
0
0
0
0
0
0
0
0
0
0
0
0
0
0
0
0
0
0
0
0
0
0
0
0
0
0
0
0
0
0
0
0
0
0
0
0
0
0
0
0
0
0
0
0
0
0
0
0
0
0
0
0
0
0
0
0
0
0
0
0
0
0
0
0
0
0
0
0
0
0
0
0
0
0
0
0
0
0
0
0
0
0
0
0
0
0
0
0
0
0
0
0
0
0
0
0
0
0
0
0
0
0
0
0
0
0
0
0
0
0
0
0
0
0
0
0
0
0
0
0
0
0
0
0
0
0
0
0
0
0
0
0
0
0
0
0
0
0
0
0
0
0
0
0
0
0
0
0
0
0
0
0
0
0
0
0
0
0
0
0
0
0
0
0
0
0
0
0
0
0
0
0
0
0
0
0
0
0
0
0
0
0
0
0
0
0
0
0
0
0
0
0
0
0
0
0
0
0
0
0
0
0
0
0
0
0
0
0
0
0
0
0
0
0
0
0
0
0
0
0
0
0
0
0
0
0
0
0
0
0
0
0
0
0
0
0
0
0
0
0
0
0
0
0
0
0
0
0
0
0
0
0
0
0
0
0
0
0
0
0
0
0
0
0
0
0
0
0
0
-1
0
0
0
0
0
0
0
0
0
0
0
0
0
0
0
0
0
0
0
0
0
0
0
0
0
0
0
0
0
0
0
0
0
0
0
0
0
0
0
0
0
0
0
0
0
0
0
0
0
0
0
0
-1
0
0
0
0
0
0
0
0
0
0
0
0
0
0
0
0
0
0
0
0
0
0
0
0
0
0
0
0
0
0
0
0
0
0
0
0
0
0
0
0
0
0
0
0
0
0
0
0
0
0
0
0
0
0
0
0
0
0
0
0
0
0
0
0
0
0
0
0
0
0
0
0
0
0
0
0
0
0
0
0
0
0
0
0
0
0
0
0
0
0
0
0
0
0
0
0
0
0
0
0
0
0
0
0
0
0
0
0
0
0
0
0
0
0
0
0
0
0
0
0
0
0
0
0
-1
0
0
0
0
0
0
0
0
0
0
0
0
0
0
0
0
0
0
0
0
0
0
0
0
0
0
0
0
0
0
0
0
0
0
0
0
0
0
0
0
0
0
0
0
0
0
0
0
0
0
0
0
-1
0
0
0
0
0
0
0
0
0
0
0
0
0
0
0
0
0
0
0
0
0
0
0
0
0
0
0
0
0
0
0
0
0
0
0
0
0
0
0
0
0
0
0
0
0
0
0
0
0
0
0
0
0
0
0
0
0
0
0
0
0
0
0
0
0
0
0
0
0
0
0
0
0
0
0
0
0
0
0
0
0
0
0
0
0
0
0
0
0
0
0
0
0
0
0
0
0
0
0
0
0
0
0
0
0
0
0
0
0
0
0
0
0
0
0
0
0
-1
0
0
0
0
0
0
0
0
0
0
0
0
0
0
0
0
0
0
0
0
0
0
0
0
0
0
0
0
0
0
0
0
0
0
0
0
0
0
0
0
0
0
0
0
0
0
0
0
0
0
0
0
0
0
0
0
0
0
0
0
0
0
0
0
0
0
0
0
0
0
0
0
0
0
0
0
0
0
0
0
0
0
0
0
0
0
0
0
0
0
0
0
0
0
0
0
0
0
0
0
0
0
0
0
0
0
0
0
0
0
0
0
0
0
0
0
0
0
0
0
0
0
0
0
0
0
0
0
0
0
0
0
0
0
0
0
0
0
0
0
0
0
0
0
0
0
0
0
0
0
0
0
0
0
0
0
0
0
0
0
0
0
0
0
0
0
0
0
0
0
0
0
0
0
0
0
0
0
0
0
0
0
0
0
0
0
0
0
0
0
0
0
0
0
0
0
0
0
0
0
0
0
0
0
0
0
0
0
0
0
0
0
0
0
0
0
0
0
0
0
0
0
0
0
0
0
0
0
0
0
0
0
0
0
0
0
0
0
0
0
0
0
0
0
0
0
0
0
0
0
0
0
0
0
0
0
0
0
0
0
0
0
0
0
0
0
0
0
0
0
0
0
0
0
0
0
0
0
0
0
0
0
0
0
0
0
0
0
0
0
0
0
0
0
0
0
0
0
0
0
0
0
0
0
0
0
0
0
0
0
0
0
0
0
0
0
0
0
0
0
0
0
0
0
0
0
0
0
0
0
0
0
0
0
0
0
0
0
0
0
0
0
0
0
0
0
0
0
0
0
0
0
0
0
0
0
0
0
0
0
0
0
0
0
0
0
0
0
0
0
0
0
0
0
0
0
0
0
0
0
0
0
0
0
0
0
0
0
0
0
0
0
0
0
0
0
0
0
0
0
0
-1
0
0
0
0
0
0
0
0
0
0
0
0
0
0
0
0
0
0
0
0
0
0
0
0
0
0
0
0
0
0
0
0
0
0
0
0
0
0
0
0
0
0
0
0
0
0
0
0
0
0
0
0
0
0
0
0
0
0
0
0
0
0
0
0
0
0
0
0
0
0
0
0
0
0
0
0
0
0
0
0
0
0
0
0
0
0
0
0
0
0
0
0
0
0
0
0
0
0
0
0
0
0
0
0
0
0
0
0
0
0
0
0
0
0
0
0
0
0
0
0
0
0
0
0
0
0
0
0
0
0
0
0
0
0
0
0
0
0
0
0
0
0
0
0
0
0
0
0
0
0
0
0
0
0
0
0
0
0
0
0
0
0
0
0
0
0
0
0
0
0
0
0
0
0
0
0
0
0
0
0
0
0
0
0
0
0
0
0
0
0
0
0
0
0
0
0
0
0
0
0
0
0
0
0
0
0
0
0
0
0
0
0
0
0
0
0
0
0
0
0
0
0
0
0
0
0
0
0
0
0
0
0
0
0
0
0
0
0
0
0
0
0
0
0
0
0
0
-1
0
0
0
0
0
0
0
0
0
0
0
0
0
0
0
0
0
0
0
0
0
0
0
0
0
0
0
0
0
0
0
0
0
0
0
0
0
0
0
0
0
0
0
0
0
0
0
0
0
0
0
0
0
0
0
0
0
0
0
0
0
0
0
0
0
0
0
0
0
0
0
0
0
0
0
0
0
0
0
0
0
0
0
0
0
0
0
0
0
0
0
0
0
0
0
0
0
0
0
0
0
0
0
0
0
0
0
0
0
0
0
0
0
0
0
0
0
0
0
0
0
0
0
0
0
0
0
0
0
0
0
0
0
0
0
0
0
0
0
0
0
0
0
0
0
0
0
0
0
0
0
0
0
0
0
0
0
0
0
0
0
-1
0
0
0
0
0
0
0
0
0
0
0
0
0
0
0
0
0
0
0
0
0
0
0
0
0
0
0
0
0
0
0
0
0
0
0
0
0
0
0
0
0
0
0
0
0
0
0
0
0
0
0
0
0
0
0
0
0
0
0
0
0
0
0
0
0
0
0
0
0
0
0
0
0
0
0
0
0
0
0
0
0
0
0
0
0
0
0
0
0
0
0
0
-1
0
0
0
0
0
0
0
0
0
-1
0
0
0
-1
0
0
0
0
0
0
0
0
0
0
0
0
0
0
0
0
0
0
0
0
0
0
0
0
0
0
0
0
0
0
0
0
0
0
0
0
0
0
0
0
0
0
0
0
0
0
0
0
0
0
0
0
0
0
0
0
0
0
0
0
0
0
0
0
0
0
0
0
0
0
0
0
0
0
0
0
0
0
0
0
0
0
0
0
0
0
0
0
0
0
0
0
0
0
0
0
0
0
0
0
0
0
0
0
0
0
0
0
0
0
0
0
0
0
0
0
0
0
0
0
0
0
0
0
0
0
0
0
0
0
0
0
0
0
0
0
0
0
0
0
0
0
0
0
0
0
0
0
0
0
0
0
0
0
0
0
0
0
0
0
0
0
0
0
0
0
0
0
0
0
0
0
0
0
0
0
0
0
0
0
0
0
0
0
0
0
0
0
0
0
0
0
0
0
0
0
0
0
0
0
0
0
0
0
0
0
0
0
0
0
0
0
0
0
0
0
0
0
0
0
0
0
0
0
0
0
0
0
0
0
0
0
0
0
0
0
0
0
0
0
0
0
0
0
0
0
0
0
0
0
0
0
0
0
0
0
0
0
0
0
0
0
0
0
0
0
0
0
0
0
0
0
0
0
0
0
0
0
0
0
0
0
0
0
0
0
0
0
0
0
0
0
0
0
0
0
0
0
0
0
0
0
0
0
0
0
0
0
0
0
0
0
0
0
0
0
0
0
0
0
0
0
0
0
0
0
0
0
0
0
0
0
0
0
0
0
0
0
0
0
0
0
0
0
0
0
0
0
0
0
0
0
0
0
0
0
0
0
0
0
0
0
0
0
0
0
0
0
0
0
0
0
0
0
0
0
0
0
0
0
0
0
0
0
0
0
0
0
0
0
0
0
0
0
0
0
0
0
0
0
0
0
0
0
0
0
0
0
0
0
0
0
0
0
0
0
0
0
0
0
0
0
0
0
0
0
0
0
0
0
0
0
0
0
0
0
0
0
0
0
0
0
0
0
0
0
0
0
0
0
0
0
0
0
0
0
0
0
0
0
0
0
0
0
0
0
0
0
0
0
0
0
0
0
0
0
0
0
0
0
0
0
0
0
0
0
0
0
0
0
0
0
0
0
0
0
0
0
0
0
0
0
0
0
0
0
0
0
0
0
0
0
0
0
0
0
0
0
0
0
0
0
0
0
0
0
0
0
0
0
0
0
0
0
0
0
0
0
0
0
0
0
0
0
0
0
0
0
0
0
0
0
0
0
0
0
0
0
0
0
0
0
0
0
0
0
0
0
0
0
0
0
0
0
0
0
0
0
0
0
0
0
0
0
0
0
0
0
0
0
0
0
0
0
0
0
0
0
0
0
0
0
0
0
0
0
0
0
0
0
0
0
0
0
0
0
0
0
0
0
0
0
0
0
0
0
0
0
0
0
0
0
0
0
0
0
0
0
0
0
0
0
0
0
0
0
0
0
0
0
0
0
0
0
0
0
0
0
0
0
0
0
0
0
0
0
0
0
0
0
0
0
0
0
0
0
0
0
0
0
0
0
0
0
0
0
0
0
0
0
0
0
0
0
0
0
0
0
0
0
0
0
0
0
0
0
0
0
0
0
0
0
0
0
0
0
0
0
0
0
0
0
0
0
0
0
0
0
0
0
0
0
0
0
0
0
0
0
0
0
0
0
0
0
0
0
0
0
0
0
0
0
0
0
0
0
0
0
0
0
0
0
0
0
0
0
0
0
0
0
0
0
0
0
0
