0
0
0
0
0
0
0
0
0
0
0
0
0
0
0
0
0
0
0
0
0
0
0
0
0
0
0
0
0
0
0
0
0
0
0
0
0
0
0
0
0
0
0
0
0
0
0
0
0
0
0
0
0
0
0
0
0
0
0
0
0
0
0
0
0
0
0
0
0
0
0
0
0
0
0
0
0
0
0
0
0
0
0
0
0
0
0
0
0
0
0
0
0
0
0
0
0
0
0
0
0
0
0
0
0
0
0
0
0
0
0
0
0
0
0
0
0
0
0
0
0
0
0
0
0
0
0
0
0
0
0
0
0
0
0
0
0
0
0
0
0
0
0
0
0
0
0
0
0
0
0
0
0
0
0
0
0
0
0
0
0
0
0
0
0
0
0
0
0
0
0
0
0
0
0
0
0
0
0
0
0
0
0
0
0
0
0
0
0
0
0
0
0
0
0
0
0
0
0
0
0
0
0
0
0
0
0
0
0
0
0
0
0
0
0
0
0
0
0
0
0
0
0
0
0
0
0
0
0
0
0
0
0
0
0
0
0
0
0
0
0
0
0
0
0
0
0
0
0
0
0
0
0
0
0
0
0
0
0
0
0
0
0
0
0
0
0
0
0
0
0
0
0
0
0
0
0
0
0
0
0
0
0
0
0
0
0
0
0
0
0
0
0
0
0
0
0
0
0
0
0
0
0
0
0
0
0
0
0
0
0
0
0
0
0
0
0
0
0
0
0
0
0
0
0
0
0
0
0
0
0
0
0
0
0
0
0
0
0
0
0
0
0
0
0
0
0
0
0
0
0
0
0
0
0
0
0
0
0
0
0
0
0
0
0
0
0
0
0
0
0
0
0
0
0
0
0
0
0
0
0
0
0
0
0
0
0
0
0
0
0
0
0
0
0
0
0
0
0
0
0
0
0
0
0
0
0
0
0
0
0
0
0
0
0
0
0
0
0
0
0
0
0
0
0
0
0
0
0
0
0
0
0
0
0
0
0
0
0
0
0
0
0
0
0
0
0
0
0
0
0
0
0
0
0
0
0
0
0
0
0
0
0
0
0
0
0
0
0
0
0
0
0
0
0
0
0
0
0
0
0
0
0
0
0
0
0
0
0
0
0
0
0
0
0
0
0
0
0
0
0
0
0
0
0
0
0
0
0
0
0
0
0
0
0
0
0
0
0
0
0
0
0
0
0
0
0
0
0
0
0
0
0
0
0
0
0
0
0
0
0
0
0
0
0
0
0
0
0
0
0
0
0
0
0
0
0
0
0
0
0
0
0
0
0
0
0
0
0
0
0
0
0
0
0
0
0
0
0
0
0
0
0
0
0
0
0
0
0
0
0
0
0
0
0
0
0
0
0
0
0
0
0
0
0
0
0
0
0
0
0
0
0
0
0
0
0
0
0
0
0
0
0
0
0
0
0
0
0
0
0
0
0
0
0
0
0
0
0
0
0
0
0
0
0
0
0
0
0
0
0
0
0
0
0
0
0
0
0
0
0
0
0
0
0
0
0
0
0
0
0
0
0
0
0
0
0
0
0
0
0
0
0
0
0
0
0
0
0
0
0
0
0
0
0
0
0
0
0
0
0
0
0
0
0
0
0
0
0
0
0
0
0
0
0
0
0
0
0
0
0
0
0
0
0
0
0
0
0
0
0
0
0
0
0
0
0
0
0
0
0
0
0
0
0
0
0
0
0
0
0
0
0
0
0
0
0
0
0
0
0
0
0
0
0
0
0
0
0
0
0
0
0
0
0
0
0
0
0
0
0
0
0
0
0
0
0
0
0
0
0
0
0
0
0
0
0
0
0
0
0
0
0
0
0
0
0
0
0
0
0
0
0
0
0
0
0
0
0
0
0
0
0
0
0
0
0
0
0
0
0
0
0
0
0
0
0
0
0
0
0
0
0
0
0
0
0
0
0
0
0
0
0
0
0
0
0
0
0
0
0
0
0
0
0
0
0
0
0
0
0
0
0
0
0
0
0
0
0
0
0
0
0
0
0
0
0
0
0
0
0
0
0
0
0
0
0
0
0
0
0
0
0
0
0
0
0
0
0
0
0
0
0
0
0
0
0
0
0
0
0
0
0
0
0
0
0
0
0
0
0
0
0
0
0
0
0
0
0
0
0
0
0
0
0
0
0
0
0
0
0
0
0
0
0
0
0
0
0
0
0
0
0
0
0
0
0
0
0
0
0
0
0
0
0
0
0
0
0
0
0
0
0
0
0
0
0
0
0
0
0
0
0
0
0
0
0
0
0
0
0
0
0
0
0
0
0
0
0
0
0
0
0
0
0
0
0
0
0
0
0
0
0
0
0
0
0
0
0
0
0
0
0
0
0
0
0
0
0
0
0
0
0
0
0
0
0
0
0
0
0
0
0
0
0
0
0
0
0
0
0
0
0
0
0
0
0
0
0
0
0
0
0
0
0
0
0
0
0
0
0
0
0
0
0
0
0
0
0
0
0
0
0
0
0
0
0
0
0
0
0
0
0
0
0
0
0
0
0
0
0
0
0
0
0
0
0
0
0
0
0
0
0
0
0
0
0
0
0
0
0
0
0
0
0
0
0
0
0
0
0
0
0
0
0
0
0
0
0
0
0
0
0
0
0
0
0
0
0
0
0
0
0
0
0
0
0
0
0
0
0
0
0
0
0
0
0
0
0
0
0
0
0
0
0
0
0
0
0
0
0
0
0
0
0
0
0
0
0
0
0
0
0
0
0
0
0
0
0
0
0
0
0
0
0
0
0
0
0
0
0
0
0
0
0
0
0
0
0
0
0
0
0
0
0
0
0
0
0
0
0
0
0
0
0
0
0
0
0
0
0
0
0
0
0
0
0
0
0
0
0
0
0
0
0
0
0
0
0
0
0
0
0
0
0
0
0
0
0
0
0
0
0
0
0
0
0
0
0
0
0
0
0
0
0
0
0
0
0
0
0
0
0
0
0
0
0
0
0
0
0
0
0
0
0
0
0
0
0
0
0
0
0
0
0
0
0
0
0
0
0
0
0
0
0
0
0
0
0
0
0
0
0
0
0
0
0
0
0
0
0
0
0
0
0
0
0
0
0
0
0
0
0
0
0
0
0
0
0
0
0
0
0
0
0
0
0
0
0
0
0
0
0
0
0
0
0
0
0
0
0
0
0
0
0
0
0
0
0
0
0
0
0
0
0
0
0
0
0
0
0
0
0
0
0
0
0
0
0
0
0
0
0
0
0
0
0
0
0
0
0
0
0
0
0
0
0
0
0
0
0
0
0
0
0
0
0
0
0
0
0
0
0
0
0
0
0
0
0
0
0
0
0
0
0
0
0
0
0
0
0
0
0
0
0
0
0
0
0
0
0
0
0
0
0
0
0
0
0
0
0
0
0
0
0
0
0
0
0
0
0
0
0
0
0
0
0
0
0
0
0
0
0
0
0
0
0
0
0
0
0
0
0
0
0
0
0
0
0
0
0
0
0
0
0
0
0
0
0
0
0
0
0
0
0
0
0
0
0
0
0
0
0
0
0
0
0
0
0
0
0
0
0
0
0
0
0
0
0
0
0
0
0
0
0
0
0
0
0
0
0
0
0
0
0
0
0
0
0
0
0
0
0
0
0
0
0
0
0
0
0
0
0
0
0
0
0
0
0
0
0
0
0
0
0
0
0
0
0
0
0
0
0
0
0
0
0
0
0
0
0
0
0
0
0
0
0
0
0
0
0
0
0
0
0
0
0
0
0
0
0
0
0
0
0
0
0
0
0
0
0
0
0
0
0
0
0
0
0
0
0
0
0
0
0
0
0
0
0
0
0
0
0
0
0
0
0
0
0
0
0
0
0
0
0
0
0
0
0
0
0
0
0
0
0
0
0
0
0
0
0
0
0
0
0
0
0
0
0
0
0
0
0
0
0
0
0
0
0
0
0
0
0
0
0
0
0
0
0
0
0
0
0
0
0
0
0
0
0
0
0
0
0
0
0
0
0
0
0
0
0
0
0
0
0
0
0
0
0
0
0
0
0
0
0
0
0
0
0
0
0
0
0
0
0
0
0
0
0
0
0
0
0
0
0
0
0
0
0
0
0
0
0
0
0
0
0
0
0
0
0
0
0
0
0
0
0
0
0
0
0
0
0
0
0
0
0
0
0
0
0
0
0
0
0
0
0
0
0
0
0
0
0
0
0
0
0
0
0
0
0
0
0
0
0
0
0
0
0
0
0
0
0
0
0
0
0
0
0
0
0
0
0
0
0
0
0
0
0
0
0
0
0
0
0
0
0
0
0
0
0
0
0
0
0
0
0
0
0
0
0
0
0
0
0
0
0
0
0
0
0
0
0
0
0
0
0
0
0
0
0
0
0
0
0
0
0
0
0
0
0
0
0
0
0
0
0
0
0
0
0
0
0
0
0
0
0
0
0
0
0
0
0
0
0
0
0
0
0
0
0
0
0
0
0
0
0
0
0
0
0
0
0
0
0
0
0
0
0
0
0
0
0
0
0
0
0
0
0
0
0
0
0
0
0
0
0
0
0
0
0
0
0
0
0
0
0
0
0
0
0
0
0
0
0
0
0
0
0
0
0
0
0
0
0
0
0
0
0
0
0
0
0
0
0
0
0
0
0
0
0
0
0
0
0
0
0
0
0
0
0
0
0
0
0
0
0
0
0
0
0
0
0
0
0
0
0
0
0
0
0
0
0
0
0
0
0
0
0
0
0
0
0
0
0
0
0
0
0
0
0
0
0
0
0
0
0
0
0
0
0
0
0
0
0
0
0
0
0
0
0
0
0
0
0
0
0
0
0
0
0
0
0
0
0
0
0
0
0
0
0
0
0
0
0
0
0
0
0
0
0
0
0
0
0
0
0
0
0
0
0
0
0
0
0
0
0
0
0
0
0
0
0
0
0
0
0
0
0
0
0
0
0
0
0
0
0
0
0
0
0
0
0
0
0
0
0
0
0
0
0
0
0
0
0
0
0
0
0
0
0
0
0
0
0
0
0
0
0
0
0
0
0
0
0
0
0
0
0
0
0
0
0
0
0
0
0
0
0
0
0
0
0
0
0
0
0
0
0
0
0
0
0
0
0
0
0
0
0
0
0
0
0
0
0
0
0
0
0
0
0
0
0
0
0
0
0
0
0
0
0
0
0
0
0
0
0
0
0
0
0
0
0
0
0
0
0
0
0
0
0
0
0
0
0
0
0
0
0
0
0
0
0
0
0
0
0
0
0
0
0
0
0
0
0
0
0
0
0
0
0
0
0
0
0
0
0
0
0
0
0
0
0
0
0
0
0
0
0
0
0
0
0
0
0
0
0
0
0
0
0
0
0
0
0
0
0
0
0
0
0
0
0
0
0
0
0
0
0
0
0
0
0
0
0
0
0
0
0
0
0
0
0
0
0
0
0
0
0
0
0
0
0
0
0
0
0
0
0
0
0
0
0
0
0
0
0
0
0
0
0
0
0
0
0
0
0
0
0
0
0
0
0
0
0
0
0
0
0
0
0
0
0
0
0
0
0
0
0
0
0
0
0
0
0
0
0
0
0
0
0
0
0
0
0
0
0
0
0
0
0
0
0
0
0
0
0
0
0
0
0
0
0
0
0
0
0
0
0
0
0
0
0
0
0
0
0
0
0
0
0
0
0
0
0
0
0
0
0
0
0
0
0
0
0
0
0
0
0
0
0
0
0
0
0
0
0
0
0
0
0
0
0
0
0
0
0
0
0
0
0
0
0
0
0
0
0
0
0
0
0
0
0
0
0
0
0
0
0
0
0
0
0
0
0
0
0
0
0
0
0
0
0
0
0
0
0
0
0
0
0
0
0
0
0
0
0
0
0
0
0
0
0
0
0
0
0
0
0
0
0
0
0
0
0
0
0
0
0
0
0
0
0
0
0
0
0
0
0
0
0
0
0
0
0
0
0
0
0
0
0
0
0
0
0
0
0
0
0
0
0
0
0
0
0
0
0
0
0
0
0
0
0
0
0
0
0
0
0
0
0
0
0
0
0
0
0
0
0
0
0
0
0
0
0
0
0
0
0
0
0
0
0
0
0
0
0
0
0
0
0
0
0
0
0
0
0
0
0
0
0
0
0
0
0
0
0
0
0
0
0
0
0
0
0
0
0
0
0
0
0
0
0
0
0
0
0
0
0
0
0
0
0
0
0
0
0
0
0
0
0
0
0
0
0
0
0
0
0
0
0
0
0
0
0
0
0
0
0
0
0
0
0
0
0
0
0
0
0
0
0
0
0
0
0
0
0
0
0
0
0
0
0
0
0
0
0
0
0
0
0
0
0
0
0
0
0
0
0
0
0
0
0
0
0
0
0
0
0
0
0
0
0
0
0
0
0
0
0
0
0
0
0
0
0
0
0
0
0
0
0
0
0
0
0
0
0
0
0
0
0
0
0
0
0
0
0
0
0
0
0
0
0
0
0
0
0
0
0
0
0
0
0
0
0
0
0
0
0
0
0
0
0
-1
0
0
0
0
0
0
0
0
-1
-1
-1
0
0
0
0
0
0
0
0
0
0
0
0
0
0
0
0
0
0
0
0
0
0
0
0
0
0
0
0
0
1
0
0
0
0
0
0
0
0
0
0
0
0
0
0
0
0
0
0
0
0
0
0
0
0
0
0
0
0
0
0
0
0
0
0
0
0
0
0
0
0
0
0
0
0
0
0
0
0
0
0
0
0
0
0
0
0
0
0
0
0
0
0
0
0
0
0
0
0
0
0
0
0
0
0
0
0
0
0
0
0
0
0
0
0
0
0
0
0
0
0
0
0
0
0
0
1
0
0
0
0
0
0
1
1
0
0
0
0
0
0
0
0
0
0
0
0
0
0
0
0
0
0
0
0
0
0
0
0
0
0
0
0
0
0
0
0
0
0
0
0
0
0
0
0
0
0
0
0
0
0
0
0
0
0
0
0
0
0
0
0
0
0
0
0
0
0
0
0
0
0
0
0
0
0
0
0
0
0
0
0
0
0
0
-1
-1
-1
-2
-4
-4
-3
-2
-2
-4
-5
-5
-5
-4
-3
-3
-2
-2
-2
-1
0
0
0
-1
0
0
1
1
1
1
1
0
-1
-1
-1
-1
-1
-1
0
0
0
0
0
0
0
0
0
0
0
0
1
1
0
0
0
0
0
1
1
1
1
1
1
1
0
1
1
1
1
1
1
1
1
2
2
1
1
0
1
1
1
1
1
1
1
1
1
2
2
1
1
1
1
0
1
1
0
0
0
0
0
0
-1
-1
0
0
0
0
0
0
0
0
-1
-1
-1
-1
-1
-1
-1
-1
-1
-1
-1
-1
-1
-1
-1
-1
-1
-1
-1
0
-1
-1
-1
-2
-2
-2
-2
-1
-1
-1
-1
-1
-2
-2
-2
-2
-2
-1
-1
-1
-1
-1
-1
-2
-2
-2
-2
-2
-2
-2
-2
-2
-2
-2
-2
-2
-1
-1
-1
-1
-1
-1
-1
-1
0
0
0
-1
-1
-1
-1
0
0
0
0
1
0
0
0
0
0
0
0
0
0
0
-1
-1
-1
0
1
1
1
1
0
-1
-1
0
0
1
0
0
0
-1
-1
-1
-1
-1
-1
-1
-1
-1
-1
-1
-1
-2
-2
-2
-2
-2
-1
-1
-1
-1
-1
-2
-2
-2
-1
0
0
0
0
0
0
-1
-1
-1
-1
-1
-2
-1
0
0
-1
-2
-2
-1
0
-1
-1
0
-1
-1
-2
-2
-1
-1
-2
-2
-1
0
-1
-2
-2
-2
-2
-2
-1
-1
-1
-1
-2
-1
0
1
1
0
0
0
0
0
1
1
1
1
1
2
2
1
1
1
1
1
2
2
1
0
-1
0
1
2
2
2
2
2
2
2
3
3
3
2
2
2
2
2
2
2
2
3
3
3
3
3
4
3
3
3
4
3
3
3
4
4
3
3
4
3
3
3
3
3
2
2
2
2
2
2
2
1
1
1
2
2
1
0
0
0
0
0
0
0
0
0
0
0
0
0
-1
0
1
1
0
0
0
-1
-2
-2
-2
-2
-2
-2
-2
-2
-2
-3
-3
-3
-3
-3
-2
-2
-2
-3
-3
-3
-3
-3
-4
-5
-4
-3
-3
-2
-2
-3
-4
-4
-5
-5
-4
-4
-4
-4
-5
-4
-4
-3
-3
-4
-4
-4
-4
-3
-2
-2
-2
-2
-3
-2
-2
-2
-2
-2
-2
-2
-2
-3
-3
-3
-4
-5
-4
-4
-4
-4
-4
-4
-4
-4
-3
-3
-3
-2
-1
0
0
1
1
0
-2
-2
-1
-1
-2
-2
-2
-1
-1
-2
-2
-2
-3
-3
-2
-1
0
0
0
0
0
0
0
2
2
2
2
2
2
2
1
1
1
1
0
0
0
0
1
2
2
1
0
-1
0
1
1
1
1
1
2
2
2
2
3
3
3
3
4
4
3
3
3
2
2
2
2
2
2
0
0
2
3
3
2
2
3
2
2
2
2
1
1
2
2
2
2
2
2
2
2
1
0
0
0
0
0
0
0
0
0
-1
-1
-1
1
3
3
3
3
3
3
2
3
3
2
0
1
2
3
2
2
2
2
1
0
0
1
1
0
0
0
0
0
1
1
1
2
2
2
2
1
1
1
0
0
0
0
-1
-2
-2
-2
-2
-2
-2
-3
-3
-3
-3
-2
-2
-2
-3
-3
-3
-2
-1
-1
0
1
1
0
0
-1
-1
-1
-2
-2
-2
-3
-3
-2
-1
-1
-2
-2
-1
0
-1
-2
0
1
0
-1
0
0
0
-1
0
1
2
2
2
2
2
2
2
1
0
0
1
2
2
2
2
2
2
2
2
2
2
1
2
3
4
4
4
4
3
3
3
3
4
4
5
7
7
6
5
5
5
5
5
6
7
7
6
6
5
5
5
5
6
6
5
5
6
7
8
7
7
6
6
7
8
9
9
8
6
5
6
8
8
7
7
7
7
6
6
7
7
5
4
3
3
2
0
0
1
1
0
-1
-2
-2
-3
-3
-3
-2
-2
-3
-4
-6
-7
-6
-6
-6
-6
-5
-5
-7
-10
-12
-12
-12
-13
-13
-13
-14
-15
-16
-17
-17
-18
-19
-18
-17
-18
-19
-19
-19
-19
-19
-20
-20
-20
-20
-19
-18
-19
-19
-21
-22
-21
-21
-22
-24
-24
-23
-22
-22
-22
-22
-22
-22
-21
-19
-16
-15
-15
-15
-15
-15
-16
-16
-14
-12
-11
-10
-9
-7
-5
-5
-4
-3
-2
-2
-2
-1
0
2
3
5
7
9
10
11
12
14
16
17
18
20
21
23
25
25
25
26
27
30
31
31
33
34
34
35
36
38
37
36
37
38
40
39
39
40
42
44
45
45
43
41
40
42
43
43
42
40
39
38
38
37
35
32
31
31
33
33
31
27
23
21
21
21
20
17
16
16
15
12
10
9
7
4
2
0
-2
-6
-10
-12
-13
-15
-19
-22
-25
-27
-31
-33
-35
-38
-41
-44
-46
-49
-52
-55
-56
-59
-61
-63
-64
-66
-68
-70
-72
-74
-77
-81
-83
-84
-85
-88
-91
-92
-93
-95
-96
-97
-97
-98
-98
-99
-99
-101
-103
-103
-103
-101
-99
-98
-98
-98
-97
-95
-93
-92
-91
-89
-87
-85
-84
-81
-77
-75
-74
-71
-67
-63
-60
-58
-53
-48
-45
-43
-40
-36
-32
-29
-25
-19
-14
-10
-6
-2
3
7
10
14
19
25
31
37
41
44
48
54
59
63
69
75
80
83
85
89
95
100
104
108
114
120
122
124
129
135
138
140
144
150
154
154
154
157
160
162
164
167
171
172
173
174
177
178
178
177
178
179
178
178
177
176
174
172
171
169
167
165
164
162
160
157
153
148
142
137
133
130
125
117
111
107
103
98
92
88
82
75
66
58
51
44
34
27
22
17
10
0
-9
-15
-23
-33
-43
-50
-55
-62
-70
-80
-89
-100
-111
-119
-124
-129
-137
-146
-155
-162
-168
-175
-184
-193
-201
-208
-215
-221
-227
-232
-237
-243
-249
-253
-258
-264
-271
-275
-276
-278
-284
-288
-289
-290
-291
-294
-295
-295
-295
-296
-297
-295
-294
-294
-294
-291
-286
-282
-280
-279
-275
-269
-263
-259
-254
-247
-239
-233
-229
-222
-215
-209
-202
-192
-179
-167
-157
-148
-138
-128
-119
-108
-96
-84
-73
-62
-48
-33
-19
-5
8
23
36
50
65
81
96
110
122
136
152
167
180
194
208
224
239
254
269
283
295
306
317
329
340
349
358
367
378
390
401
411
421
428
434
440
446
452
457
461
465
468
471
473
475
477
476
475
475
474
473
470
467
461
454
446
439
432
424
415
408
401
393
383
373
363
352
339
327
315
303
289
274
260
246
229
213
198
182
164
145
126
109
91
72
54
38
20
1
-18
-34
-50
-67
-85
-101
-116
-132
-150
-170
-191
-211
-231
-250
-269
-289
-309
-329
-349
-369
-388
-407
-426
-446
-465
-481
-496
-512
-533
-551
-566
-579
-593
-606
-618
-628
-639
-650
-659
-665
-670
-676
-683
-690
-696
-702
-708
-713
-715
-716
-716
-717
-718
-714
-708
-702
-693
-683
-671
-659
-646
-630
-612
-595
-578
-559
-537
-515
-490
-461
-429
-399
-370
-340
-306
-273
-242
-213
-182
-151
-122
-92
-59
-23
9
41
73
108
143
178
213
247
280
311
343
374
403
431
460
491
520
548
577
605
629
649
670
691
707
719
730
740
750
758
766
776
785
792
799
806
813
816
817
819
822
822
821
820
818
814
808
802
796
789
779
768
757
745
732
715
697
679
661
641
620
601
582
562
542
523
505
487
466
443
421
399
374
348
321
296
269
242
215
186
157
128
98
70
40
10
-20
-49
-77
-107
-136
-165
-194
-224
-252
-279
-305
-334
-362
-389
-414
-439
-467
-496
-524
-551
-576
-602
-628
-654
-682
-711
-739
-763
-786
-809
-832
-854
-873
-891
-909
-924
-939
-952
-963
-970
-976
-982
-986
-987
-987
-991
-997
-1000
-1000
-1002
-1007
-1011
-1011
-1010
-1010
-1006
-995
-982
-970
-956
-936
-911
-885
-863
-839
-811
-780
-747
-712
-674
-635
-595
-552
-505
-457
-412
-368
-323
-276
-231
-187
-145
-105
-67
-29
10
51
95
139
184
231
279
327
374
419
464
511
557
600
640
679
717
754
788
819
849
877
901
924
945
965
982
995
1007
1019
1029
1037
1043
1049
1057
1064
1070
1074
1077
1078
1079
1078
1076
1073
1069
1063
1058
1051
1042
1030
1016
1001
984
966
948
929
907
884
860
834
807
780
753
727
700
674
649
625
599
573
546
520
491
460
428
398
367
332
298
265
234
200
164
127
91
55
18
-18
-52
-85
-120
-155
-190
-223
-256
-289
-322
-353
-383
-413
-443
-474
-504
-533
-562
-593
-623
-652
-681
-710
-739
-765
-790
-817
-843
-867
-889
-912
-937
-961
-983
-1004
-1026
-1047
-1065
-1082
-1100
-1117
-1129
-1137
-1143
-1148
-1148
-1144
-1140
-1138
-1137
-1134
-1130
-1129
-1128
-1125
-1121
-1120
-1119
-1115
-1106
-1098
-1090
-1077
-1057
-1035
-1012
-987
-958
-927
-897
-865
-829
-788
-747
-705
-659
-606
-550
-495
-440
-385
-328
-272
-217
-164
-111
-62
-15
32
81
131
178
224
271
321
370
420
472
527
582
634
685
736
785
829
871
911
948
980
1010
1041
1074
1104
1129
1151
1171
1187
1202
1215
1223
1226
1227
1230
1233
1234
1233
1232
1232
1230
1229
1228
1226
1219
1209
1202
1194
1184
1169
1153
1136
1118
1097
1076
1055
1031
1004
977
950
921
887
852
819
785
750
714
680
647
614
582
550
518
485
453
422
392
361
328
293
257
219
181
143
103
60
19
-18
-53
-90
-129
-167
-204
-241
-279
-316
-352
-388
-423
-456
-486
-516
-548
-579
-609
-637
-664
-693
-724
-755
-785
-813
-839
-865
-892
-917
-940
-964
-988
-1012
-1036
-1060
-1085
-1110
-1131
-1150
-1169
-1189
-1208
-1226
-1240
-1252
-1261
-1263
-1261
-1258
-1254
-1249
-1239
-1227
-1217
-1212
-1210
-1207
-1202
-1198
-1193
-1187
-1180
-1175
-1169
-1158
-1141
-1120
-1096
-1069
-1036
-999
-961
-922
-884
-845
-804
-759
-710
-658
-601
-538
-473
-408
-344
-280
-218
-157
-99
-42
12
62
109
156
206
255
304
354
408
464
521
581
642
703
763
819
874
926
973
1014
1052
1089
1127
1162
1194
1223
1251
1277
1298
1316
1331
1345
1354
1359
1361
1363
1362
1358
1355
1353
1355
1355
1354
1351
1348
1343
1336
1328
1318
1306
1293
1276
1256
1234
1207
1178
1149
1121
1094
1067
1038
1006
970
932
891
848
806
765
725
686
650
615
580
545
512
479
444
408
371
334
296
256
214
172
128
85
42
-2
-47
-94
-139
-180
-219
-259
-299
-337
-371
-407
-447
-487
-524
-559
-595
-630
-662
-692
-723
-755
-786
-814
-844
-875
-907
-936
-962
-987
-1013
-1041
-1068
-1093
-1116
-1141
-1170
-1198
-1221
-1242
-1265
-1287
-1305
-1322
-1341
-1362
-1378
-1387
-1390
-1390
-1383
-1370
-1352
-1334
-1317
-1302
-1294
-1289
-1286
-1284
-1280
-1272
-1261
-1251
-1246
-1241
-1231
-1215
-1195
-1172
-1141
-1102
-1058
-1012
-965
-917
-872
-830
-787
-738
-681
-618
-549
-479
-406
-333
-260
-188
-118
-50
13
72
129
183
236
286
335
386
437
489
543
602
663
726
791
858
922
981
1036
1089
1137
1178
1215
1252
1288
1321
1354
1387
1415
1436
1453
1469
1482
1486
1484
1483
1482
1478
1469
1463
1461
1459
1454
1450
1447
1441
1432
1423
1413
1403
1392
1378
1359
1335
1310
1284
1253
1219
1185
1157
1128
1092
1050
1011
972
924
870
821
779
737
691
648
613
581
546
507
471
436
398
357
316
275
231
183
135
89
45
-2
-51
-100
-146
-190
-233
-276
-319
-362
-405
-448
-491
-534
-576
-618
-656
-692
-728
-762
-794
-826
-857
-889
-922
-956
-988
-1019
-1048
-1078
-1107
-1133
-1159
-1187
-1216
-1244
-1272
-1300
-1329
-1354
-1374
-1393
-1416
-1439
-1460
-1479
-1497
-1511
-1516
-1512
-1500
-1483
-1463
-1440
-1419
-1403
-1394
-1389
-1385
-1377
-1367
-1360
-1352
-1343
-1332
-1324
-1315
-1298
-1273
-1244
-1208
-1164
-1114
-1064
-1017
-968
-917
-868
-820
-764
-699
-629
-555
-475
-389
-305
-225
-146
-68
3
62
118
176
233
287
340
397
456
511
565
624
688
753
819
890
962
1026
1083
1138
1189
1233
1272
1311
1352
1393
1431
1467
1497
1520
1539
1556
1571
1581
1583
1582
1581
1577
1572
1566
1559
1551
1545
1542
1539
1534
1526
1517
1510
1502
1493
1481
1466
1446
1420
1390
1358
1324
1288
1251
1216
1183
1146
1106
1062
1017
971
921
867
816
769
725
681
638
598
558
515
472
429
386
341
294
247
200
151
100
46
-9
-63
-116
-166
-213
-260
-308
-353
-397
-441
-486
-532
-576
-622
-669
-714
-756
-794
-832
-869
-905
-939
-970
-1003
-1036
-1070
-1104
-1136
-1167
-1198
-1228
-1257
-1286
-1318
-1351
-1383
-1411
-1437
-1461
-1486
-1511
-1535
-1557
-1579
-1598
-1611
-1617
-1613
-1606
-1596
-1578
-1551
-1526
-1514
-1510
-1502
-1489
-1479
-1475
-1468
-1455
-1444
-1441
-1436
-1418
-1397
-1381
-1361
-1324
-1268
-1208
-1154
-1100
-1045
-991
-939
-884
-823
-760
-694
-620
-533
-443
-356
-272
-190
-109
-32
43
115
182
245
306
366
426
482
536
589
645
708
775
844
917
993
1072
1147
1213
1269
1317
1363
1405
1446
1482
1515
1545
1577
1608
1633
1652
1664
1672
1676
1679
1682
1683
1677
1666
1656
1653
1649
1641
1628
1617
1608
1601
1592
1582
1571
1558
1541
1522
1499
1471
1437
1399
1358
1318
1280
1240
1198
1154
1109
1061
1009
955
903
851
801
753
706
662
617
572
527
482
434
387
341
295
249
203
154
102
46
-10
-65
-122
-179
-233
-283
-334
-384
-429
-472
-519
-570
-620
-667
-710
-756
-801
-844
-885
-924
-959
-994
-1031
-1069
-1104
-1136
-1167
-1199
-1230
-1262
-1296
-1331
-1363
-1390
-1419
-1450
-1482
-1512
-1538
-1564
-1590
-1617
-1645
-1667
-1683
-1697
-1706
-1702
-1685
-1667
-1653
-1633
-1601
-1573
-1562
-1561
-1550
-1534
-1525
-1523
-1513
-1497
-1490
-1491
-1486
-1465
-1441
-1418
-1385
-1330
-1264
-1203
-1149
-1097
-1041
-982
-921
-856
-786
-709
-627
-540
-449
-359
-277
-200
-123
-43
37
114
185
254
322
386
447
508
567
623
679
744
818
893
967
1046
1130
1207
1272
1331
1386
1436
1479
1520
1563
1605
1638
1667
1696
1721
1736
1744
1753
1760
1761
1762
1764
1761
1749
1735
1726
1722
1716
1705
1695
1688
1682
1673
1662
1648
1629
1606
1584
1562
1534
1499
1458
1414
1371
1329
1289
1245
1197
1147
1099
1050
996
937
875
820
772
727
679
630
584
543
501
455
407
358
308
255
201
147
92
31
-32
-91
-144
-197
-251
-307
-360
-407
-451
-497
-548
-601
-648
-692
-740
-788
-833
-875
-915
-954
-989
-1025
-1065
-1106
-1142
-1173
-1206
-1241
-1273
-1304
-1339
-1376
-1407
-1436
-1470
-1506
-1536
-1559
-1581
-1611
-1643
-1671
-1694
-1714
-1734
-1750
-1755
-1746
-1729
-1711
-1692
-1667
-1637
-1617
-1610
-1604
-1588
-1573
-1570
-1571
-1560
-1544
-1541
-1547
-1539
-1512
-1481
-1455
-1421
-1364
-1294
-1228
-1171
-1116
-1060
-1002
-940
-869
-790
-708
-625
-538
-444
-344
-244
-153
-70
9
86
163
235
298
353
405
462
524
588
652
721
795
872
951
1036
1124
1208
1278
1341
1404
1464
1514
1557
1602
1647
1687
1720
1753
1784
1806
1819
1830
1844
1854
1854
1848
1842
1834
1820
1804
1792
1785
1781
1777
1772
1764
1754
1746
1736
1721
1702
1681
1656
1627
1594
1557
1513
1462
1410
1367
1330
1288
1237
1181
1125
1069
1012
955
895
831
772
726
688
643
591
541
498
459
415
369
319
263
201
139
84
30
-32
-98
-159
-212
-264
-318
-374
-429
-482
-533
-584
-634
-684
-733
-781
-827
-873
-919
-959
-997
-1035
-1076
-1115
-1151
-1183
-1217
-1250
-1282
-1313
-1349
-1387
-1425
-1460
-1495
-1533
-1568
-1600
-1630
-1659
-1687
-1718
-1752
-1783
-1801
-1808
-1811
-1811
-1797
-1771
-1743
-1723
-1702
-1678
-1663
-1664
-1669
-1661
-1642
-1631
-1630
-1628
-1618
-1608
-1605
-1596
-1574
-1539
-1498
-1451
-1393
-1327
-1262
-1204
-1148
-1087
-1016
-940
-861
-775
-680
-580
-481
-385
-292
-201
-114
-32
47
122
192
256
320
384
447
510
574
641
711
784
862
945
1028
1113
1197
1277
1352
1420
1484
1542
1593
1642
1690
1735
1770
1798
1825
1848
1864
1873
1884
1892
1893
1887
1880
1873
1862
1850
1840
1835
1829
1822
1815
1809
1799
1786
1776
1770
1757
1735
1710
1688
1660
1618
1569
1523
1482
1440
1396
1352
1306
1251
1187
1123
1066
1009
949
889
836
793
750
702
650
598
548
500
453
406
354
297
238
184
130
71
7
-56
-118
-180
-241
-297
-352
-406
-459
-509
-558
-609
-663
-718
-773
-827
-877
-922
-966
-1011
-1055
-1093
-1129
-1165
-1201
-1234
-1266
-1301
-1336
-1368
-1404
-1445
-1488
-1529
-1569
-1609
-1645
-1676
-1711
-1753
-1791
-1819
-1846
-1875
-1896
-1894
-1877
-1862
-1848
-1821
-1786
-1762
-1752
-1743
-1733
-1731
-1734
-1731
-1715
-1700
-1699
-1703
-1700
-1690
-1678
-1659
-1628
-1584
-1533
-1475
-1411
-1349
-1290
-1234
-1175
-1107
-1028
-941
-850
-753
-646
-535
-428
-329
-233
-141
-55
23
101
179
250
309
368
436
506
571
639
715
795
871
951
1039
1128
1210
1291
1373
1447
1505
1557
1615
1677
1729
1772
1813
1853
1884
1907
1932
1955
1962
1955
1947
1945
1941
1928
1911
1897
1890
1888
1885
1882
1876
1866
1854
1842
1832
1823
1809
1787
1759
1732
1702
1661
1612
1566
1526
1486
1441
1396
1350
1297
1235
1169
1104
1038
972
912
862
814
761
707
656
607
557
504
453
401
345
285
229
177
121
56
-14
-80
-139
-199
-265
-329
-382
-431
-484
-538
-585
-633
-691
-755
-811
-856
-907
-966
-1018
-1058
-1096
-1144
-1189
-1223
-1258
-1302
-1343
-1372
-1401
-1444
-1491
-1530
-1565
-1607
-1651
-1688
-1719
-1753
-1792
-1832
-1872
-1911
-1941
-1958
-1970
-1976
-1967
-1941
-1917
-1904
-1887
-1859
-1839
-1838
-1838
-1822
-1804
-1803
-1808
-1800
-1782
-1779
-1791
-1790
-1764
-1728
-1687
-1633
-1565
-1499
-1439
-1375
-1306
-1238
-1174
-1104
-1021
-928
-832
-730
-624
-522
-428
-334
-234
-134
-44
38
119
203
282
354
418
478
540
606
678
755
834
914
1000
1094
1193
1288
1376
1457
1530
1594
1651
1707
1761
1805
1839
1874
1916
1953
1975
1986
2000
2015
2020
2014
2004
1995
1985
1977
1972
1963
1947
1934
1927
1917
1900
1886
1880
1872
1852
1826
1810
1795
1762
1714
1672
1641
1600
1541
1483
1438
1396
1345
1283
1220
1156
1089
1021
958
898
838
781
729
680
629
576
523
466
403
344
294
247
191
127
63
5
-54
-117
-184
-248
-310
-371
-429
-482
-536
-594
-655
-710
-757
-804
-854
-903
-955
-1013
-1074
-1126
-1170
-1214
-1261
-1305
-1339
-1370
-1407
-1447
-1483
-1515
-1548
-1587
-1627
-1666
-1704
-1740
-1777
-1820
-1862
-1896
-1927
-1961
-1995
-2014
-2014
-2006
-1999
-1982
-1945
-1905
-1879
-1866
-1852
-1833
-1825
-1826
-1822
-1805
-1788
-1785
-1790
-1790
-1781
-1768
-1750
-1718
-1669
-1608
-1541
-1473
-1406
-1344
-1282
-1214
-1136
-1049
-960
-869
-771
-666
-554
-441
-330
-225
-128
-36
56
149
233
303
367
434
504
573
642
710
776
843
920
1011
1105
1192
1277
1367
1458
1538
1607
1673
1739
1798
1848
1895
1941
1980
2007
2025
2042
2062
2078
2083
2079
2073
2066
2053
2032
2010
2000
1997
1989
1974
1962
1957
1949
1932
1913
1900
1882
1854
1822
1796
1767
1726
1678
1634
1595
1551
1501
1452
1402
1342
1273
1204
1138
1066
987
913
853
798
742
684
629
578
527
474
419
364
310
255
199
144
89
27
-42
-111
-172
-229
-288
-351
-412
-469
-526
-585
-644
-702
-760
-818
-871
-917
-965
-1020
-1077
-1126
-1169
-1210
-1252
-1290
-1325
-1364
-1404
-1440
-1469
-1499
-1536
-1575
-1611
-1646
-1682
-1720
-1753
-1782
-1815
-1856
-1897
-1930
-1961
-1998
-2030
-2044
-2040
-2029
-2010
-1977
-1936
-1903
-1883
-1863
-1837
-1815
-1805
-1797
-1780
-1760
-1751
-1752
-1749
-1739
-1731
-1724
-1703
-1660
-1604
-1542
-1472
-1394
-1316
-1246
-1181
-1110
-1028
-942
-856
-764
-660
-544
-426
-309
-193
-79
26
119
208
295
376
441
499
562
632
700
763
829
903
980
1057
1140
1230
1322
1410
1493
1573
1651
1721
1785
1846
1903
1952
1993
2029
2059
2084
2107
2126
2139
2145
2147
2146
2141
2126
2100
2071
2045
2024
2007
1991
1975
1957
1938
1918
1899
1882
1867
1850
1827
1803
1779
1750
1712
1666
1617
1564
1506
1447
1390
1335
1275
1206
1135
1065
996
927
861
799
732
659
585
521
465
410
355
302
250
196
138
81
26
-29
-87
-145
-199
-250
-305
-365
-429
-492
-555
-615
-671
-724
-778
-837
-900
-963
-1023
-1078
-1129
-1177
-1228
-1280
-1326
-1363
-1395
-1426
-1458
-1489
-1519
-1549
-1581
-1614
-1650
-1689
-1728
-1764
-1797
-1834
-1878
-1926
-1973
-2012
-2043
-2063
-2075
-2078
-2070
-2050
-2021
-1990
-1961
-1934
-1906
-1882
-1867
-1858
-1846
-1828
-1810
-1796
-1783
-1771
-1761
-1750
-1730
-1693
-1648
-1602
-1553
-1490
-1414
-1338
-1267
-1198
-1129
-1055
-970
-872
-768
-667
-568
-458
-337
-215
-100
10
113
200
273
348
428
502
569
641
724
805
877
944
1017
1093
1169
1247
1332
1419
1498
1573
1650
1728
1795
1851
1899
1945
1985
2022
2056
2089
2122
2151
2171
2182
2188
2187
2173
2143
2109
2085
2067
2043
2015
2000
1996
1983
1953
1924
1906
1886
1854
1819
1795
1772
1737
1694
1655
1624
1587
1539
1487
1436
1384
1327
1266
1198
1121
1045
977
911
842
771
700
628
557
492
436
384
329
270
214
158
102
43
-18
-81
-139
-188
-231
-283
-347
-412
-470
-526
-583
-639
-692
-747
-809
-874
-936
-998
-1063
-1125
-1179
-1226
-1271
-1310
-1343
-1375
-1411
-1445
-1474
-1505
-1541
-1576
-1608
-1643
-1683
-1722
-1755
-1784
-1815
-1850
-1891
-1938
-1985
-2024
-2051
-2075
-2091
-2085
-2053
-2011
-1976
-1947
-1917
-1891
-1877
-1872
-1861
-1844
-1827
-1808
-1784
-1762
-1757
-1768
-1775
-1758
-1719
-1669
-1613
-1556
-1501
-1440
-1363
-1274
-1192
-1127
-1064
-983
-887
-794
-704
-604
-486
-361
-240
-121
-5
98
177
248
331
425
513
584
649
719
788
848
905
973
1056
1144
1227
1304
1375
1446
1519
1596
1676
1758
1838
1909
1960
1993
2018
2041
2066
2099
2144
2191
2220
2221
2206
2189
2170
2142
2113
2091
2072
2046
2018
2000
1990
1974
1948
1922
1902
1876
1832
1785
1753
1738
1723
1697
1664
1625
1575
1508
1432
1358
1294
1235
1178
1125
1074
1013
934
841
750
672
604
536
464
390
320
258
203
149
94
38
-20
-83
-151
-215
-272
-324
-379
-428
-464
-501
-558
-632
-702
-764
-827
-893
-949
-996
-1051
-1120
-1183
-1231
-1279
-1339
-1391
-1415
-1431
-1465
-1513
-1549
-1575
-1607
-1643
-1662
-1667
-1685
-1728
-1772
-1799
-1823
-1863
-1909
-1947
-1974
-1999
-2014
-2009
-1989
-1960
-1925
-1879
-1828
-1784
-1758
-1748
-1747
-1744
-1731
-1710
-1689
-1678
-1672
-1668
-1665
-1663
-1657
-1641
-1609
-1559
-1490
-1411
-1334
-1267
-1211
-1155
-1089
-1012
-932
-853
-771
-676
-570
-461
-348
-228
-104
3
87
161
239
309
364
424
504
592
663
722
792
870
938
996
1063
1147
1231
1305
1384
1475
1559
1628
1692
1761
1825
1875
1922
1967
2002
2024
2047
2082
2116
2137
2147
2151
2143
2115
2082
2059
2042
2022
2011
2016
2023
2016
2000
1988
1975
1953
1923
1899
1880
1859
1839
1824
1807
1768
1709
1643
1579
1508
1430
1353
1284
1217
1148
1075
995
905
810
719
636
557
480
408
342
279
218
157
93
26
-37
-92
-146
-209
-276
-338
-396
-461
-532
-602
-671
-744
-819
-889
-956
-1029
-1109
-1187
-1252
-1313
-1376
-1436
-1482
-1508
-1525
-1546
-1579
-1618
-1656
-1694
-1738
-1783
-1823
-1864
-1915
-1971
-2022
-2071
-2132
-2198
-2248
-2272
-2289
-2307
-2306
-2267
-2202
-2124
-2021
-1888
-1759
-1666
-1604
-1559
-1540
-1557
-1582
-1574
-1537
-1505
-1492
-1478
-1461
-1464
-1486
-1488
-1454
-1402
-1342
-1256
-1146
-1043
-959
-868
-757
-641
-539
-439
-325
-208
-95
31
183
333
453
552
645
712
735
731
735
751
769
794
841
903
952
988
1038
1118
1216
1313
1416
1519
1605
1666
1712
1761
1818
1876
1927
1967
1992
2000
1992
1972
1948
1935
1942
1955
1951
1920
1873
1816
1750
1685
1642
1635
1652
1669
1687
1721
1767
1795
1793
1777
1764
1737
1677
1595
1522
1464
1399
1324
1264
1221
1164
1070
957
855
764
671
583
514
457
389
307
229
164
103
43
-5
-35
-60
-92
-138
-196
-259
-321
-382
-446
-516
-590
-667
-743
-811
-866
-909
-947
-982
-1011
-1039
-1075
-1125
-1180
-1230
-1272
-1307
-1334
-1362
-1400
-1442
-1473
-1499
-1534
-1578
-1617
-1656
-1704
-1760
-1817
-1881
-1964
-2052
-2123
-2176
-2232
-2293
-2337
-2356
-2371
-2385
-2383
-2375
-2383
-2379
-2306
-2148
-1944
-1720
-1462
-1176
-922
-751
-658
-613
-620
-673
-714
-689
-617
-553
-503
-435
-350
-290
-267
-254
-222
-164
-85
17
137
250
346
435
529
614
670
706
759
856
995
1147
1283
1379
1422
1404
1331
1218
1077
926
805
760
789
841
883
932
1006
1090
1166
1245
1337
1415
1463
1503
1554
1583
1552
1499
1486
1498
1476
1417
1374
1358
1331
1299
1297
1318
1307
1256
1217
1214
1198
1149
1127
1182
1273
1342
1394
1451
1479
1449
1395
1358
1319
1237
1133
1057
1006
939
846
769
725
678
612
550
505
457
395
333
280
214
127
35
-43
-117
-198
-277
-337
-381
-427
-481
-546
-632
-736
-832
-896
-941
-991
-1042
-1069
-1066
-1056
-1054
-1048
-1025
-997
-974
-952
-937
-947
-986
-1035
-1073
-1113
-1174
-1245
-1301
-1339
-1370
-1395
-1409
-1428
-1461
-1486
-1481
-1479
-1516
-1580
-1624
-1646
-1687
-1759
-1822
-1855
-1885
-1919
-1927
-1909
-1925
-2006
-2093
-2114
-2067
-1981
-1837
-1590
-1249
-894
-591
-354
-188
-113
-121
-153
-156
-131
-102
-62
11
103
164
164
125
91
78
83
113
188
313
469
632
785
896
935
919
908
946
1032
1144
1274
1417
1538
1592
1556
1434
1241
1013
822
722
694
686
686
719
785
850
892
924
967
1025
1098
1191
1291
1364
1390
1392
1392
1375
1310
1198
1081
1002
976
991
1021
1052
1080
1105
1118
1108
1072
1025
995
1009
1072
1160
1236
1281
1298
1302
1290
1248
1172
1075
984
917
874
839
795
740
677
609
534
448
359
277
219
194
187
167
121
50
-45
-168
-302
-422
-526
-617
-685
-717
-732
-773
-845
-912
-959
-1018
-1096
-1144
-1133
-1107
-1098
-1064
-982
-912
-912
-942
-945
-945
-994
-1063
-1086
-1080
-1118
-1195
-1236
-1240
-1286
-1378
-1428
-1415
-1408
-1431
-1425
-1378
-1354
-1382
-1408
-1403
-1425
-1516
-1621
-1685
-1748
-1850
-1941
-1973
-2001
-2087
-2181
-2211
-2197
-2179
-2096
-1859
-1491
-1103
-736
-355
16
263
342
336
318
263
153
61
54
88
81
56
96
199
275
291
321
420
547
653
767
924
1082
1174
1216
1277
1361
1407
1412
1448
1548
1649
1677
1628
1518
1337
1093
847
665
548
471
447
501
601
692
769
859
968
1078
1183
1281
1344
1342
1287
1218
1150
1062
954
859
801
767
738
719
721
748
799
867
933
976
993
993
999
1034
1100
1168
1211
1237
1269
1291
1264
1181
1084
1007
931
832
720
617
521
438
405
432
470
477
472
487
493
440
332
223
129
23
-108
-238
-356
-486
-631
-737
-770
-774
-818
-898
-956
-969
-982
-1033
-1090
-1095
-1057
-1035
-1033
-1003
-942
-919
-950
-961
-916
-894
-960
-1053
-1083
-1080
-1139
-1250
-1306
-1285
-1277
-1316
-1321
-1256
-1194
-1174
-1150
-1101
-1092
-1152
-1221
-1260
-1315
-1426
-1550
-1638
-1723
-1837
-1929
-1961
-1996
-2088
-2176
-2198
-2208
-2248
-2214
-1978
-1571
-1131
-704
-244
208
498
555
479
376
237
53
-71
-52
36
66
49
99
233
334
348
370
501
697
857
992
1169
1354
1432
1400
1382
1418
1413
1325
1275
1360
1492
1525
1448
1339
1190
936
625
410
348
360
400
521
728
921
1015
1047
1087
1135
1152
1137
1116
1088
1030
942
843
745
652
583
549
544
563
619
710
815
928
1057
1173
1232
1225
1192
1168
1154
1147
1161
1198
1232
1233
1200
1140
1046
917
786
687
619
562
517
504
523
559
596
635
678
710
705
652
562
448
304
124
-81
-277
-445
-589
-716
-817
-873
-887
-879
-872
-873
-883
-900
-914
-923
-934
-949
-963
-971
-969
-959
-944
-937
-945
-962
-981
-1011
-1057
-1111
-1153
-1185
-1219
-1241
-1220
-1167
-1127
-1115
-1095
-1055
-1035
-1059
-1095
-1118
-1153
-1223
-1296
-1346
-1422
-1574
-1757
-1878
-1938
-2009
-2089
-2100
-2034
-1989
-2023
-2083
-2106
-2096
-2039
-1849
-1466
-969
-495
-94
255
513
590
468
240
10
-155
-224
-195
-111
-24
57
167
313
458
567
654
760
910
1096
1282
1406
1431
1376
1301
1238
1184
1135
1118
1157
1248
1351
1412
1384
1248
1028
784
593
503
507
568
669
804
945
1035
1048
1017
998
997
982
940
888
828
738
630
544
502
492
518
603
732
848
925
1002
1115
1219
1250
1219
1184
1150
1083
999
967
1007
1049
1048
1049
1083
1089
1001
879
827
844
836
779
745
763
766
714
671
696
732
701
630
577
516
374
168
-20
-161
-296
-446
-573
-648
-686
-711
-717
-693
-662
-654
-677
-729
-807
-895
-968
-1017
-1043
-1044
-1031
-1031
-1050
-1060
-1043
-1020
-1013
-1010
-987
-955
-944
-964
-989
-1003
-1014
-1023
-1008
-965
-938
-970
-1032
-1066
-1065
-1090
-1178
-1286
-1358
-1414
-1511
-1635
-1717
-1755
-1815
-1895
-1915
-1873
-1862
-1914
-1938
-1900
-1898
-1996
-2088
-2038
-1859
-1633
-1328
-875
-359
40
281
435
481
338
80
-91
-97
-47
-20
35
163
305
400
481
597
720
822
951
1143
1324
1422
1457
1476
1463
1386
1281
1205
1165
1160
1217
1354
1498
1536
1433
1251
1043
811
584
467
526
699
860
957
1014
1028
968
858
791
805
831
803
751
714
641
481
327
308
406
506
593
733
908
1014
1040
1083
1168
1196
1118
1029
1011
1003
942
904
976
1091
1126
1085
1043
1003
922
830
804
843
872
851
816
789
745
682
649
674
721
739
706
606
441
244
55
-112
-260
-376
-455
-520
-597
-666
-692
-682
-677
-682
-677
-682
-754
-888
-999
-1037
-1041
-1061
-1071
-1033
-984
-991
-1035
-1044
-1009
-989
-1002
-996
-955
-940
-986
-1036
-1024
-971
-950
-982
-1021
-1037
-1053
-1097
-1160
-1216
-1247
-1265
-1310
-1409
-1542
-1661
-1748
-1817
-1859
-1856
-1831
-1821
-1830
-1832
-1836
-1887
-1994
-2093
-2118
-2043
-1858
-1541
-1117
-667
-257
96
349
433
350
188
29
-95
-146
-89
34
125
164
237
388
546
650
766
958
1157
1274
1345
1437
1489
1403
1231
1122
1125
1155
1164
1203
1311
1430
1483
1448
1335
1139
901
720
663
709
807
917
1005
1039
1023
987
940
872
800
769
782
769
675
532
408
334
310
359
493
665
807
907
999
1078
1098
1039
959
916
894
847
785
765
816
900
966
1001
1015
1008
973
921
874
840
817
807
808
796
749
685
649
670
721
759
762
728
654
541
390
215
47
-87
-181
-261
-341
-405
-438
-461
-503
-543
-543
-533
-594
-728
-844
-890
-920
-983
-1032
-1012
-964
-959
-986
-979
-934
-907
-908
-896
-880
-916
-997
-1054
-1069
-1081
-1089
-1061
-1014
-1001
-1028
-1057
-1086
-1157
-1263
-1337
-1359
-1391
-1470
-1557
-1621
-1693
-1774
-1821
-1833
-1851
-1866
-1830
-1767
-1761
-1823
-1891
-1953
-2063
-2184
-2151
-1878
-1471
-1056
-614
-124
273
433
406
324
184
-69
-323
-372
-201
-24
29
76
262
520
689
759
852
1017
1190
1330
1458
1547
1511
1335
1147
1073
1094
1113
1124
1211
1393
1563
1596
1475
1263
1035
854
776
800
866
922
976
1048
1110
1103
1020
919
858
843
832
782
679
536
391
293
268
302
370
463
591
754
913
1012
1027
986
929
875
825
778
725
664
631
663
738
791
794
791
830
898
946
942
897
840
797
777
761
726
691
712
789
850
843
791
718
609
467
344
266
186
64
-68
-154
-202
-258
-328
-373
-383
-383
-386
-401
-468
-612
-781
-897
-945
-964
-969
-954
-923
-890
-855
-822
-817
-852
-891
-889
-868
-884
-938
-979
-995
-1016
-1040
-1033
-1012
-1035
-1103
-1147
-1143
-1161
-1260
-1386
-1457
-1492
-1567
-1677
-1753
-1780
-1809
-1854
-1872
-1850
-1841
-1879
-1918
-1909
-1884
-1918
-2022
-2127
-2160
-2095
-1927
-1642
-1220
-699
-193
173
361
415
349
135
-172
-403
-439
-327
-179
-19
186
408
576
689
813
954
1064
1159
1292
1427
1475
1438
1383
1307
1174
1053
1057
1180
1310
1399
1485
1559
1526
1354
1143
975
838
751
805
982
1119
1121
1067
1033
986
891
794
739
705
658
603
536
420
267
172
201
309
422
544
696
841
936
982
977
905
799
716
652
581
536
556
611
641
657
704
764
782
776
822
908
932
872
825
833
817
743
698
736
789
788
756
720
649
530
414
353
320
254
145
45
-16
-57
-108
-168
-215
-243
-269
-330
-431
-536
-619
-705
-807
-876
-880
-864
-877
-888
-847
-779
-745
-755
-771
-787
-829
-891
-923
-911
-905
-941
-992
-1020
-1050
-1118
-1201
-1238
-1217
-1195
-1219
-1276
-1326
-1370
-1436
-1523
-1596
-1646
-1698
-1756
-1791
-1815
-1869
-1942
-1969
-1949
-1949
-1985
-2003
-1992
-2014
-2071
-2055
-1872
-1559
-1197
-804
-389
-42
158
244
254
137
-102
-291
-296
-199
-139
-95
30
206
336
437
619
875
1084
1216
1365
1542
1618
1532
1385
1268
1178
1110
1108
1172
1248
1311
1379
1437
1426
1322
1180
1071
1017
1018
1072
1143
1168
1134
1086
1033
950
855
806
805
790
737
670
586
453
287
176
189
298
420
513
595
686
766
802
788
749
720
699
656
591
548
539
522
491
507
590
666
688
709
786
864
866
820
813
835
808
750
767
871
938
906
846
816
770
665
551
482
437
374
299
234
160
60
-26
-57
-66
-98
-140
-171
-224
-334
-468
-580
-673
-760
-813
-810
-785
-783
-794
-772
-723
-697
-711
-739
-770
-810
-850
-875
-908
-966
-1018
-1032
-1041
-1095
-1185
-1258
-1292
-1309
-1333
-1367
-1424
-1513
-1605
-1658
-1689
-1756
-1852
-1892
-1845
-1789
-1805
-1874
-1921
-1934
-1951
-1980
-1992
-2002
-2062
-2147
-2118
-1866
-1458
-1051
-705
-357
17
300
356
186
-83
-317
-447
-461
-384
-265
-142
-5
194
463
728
906
998
1094
1262
1450
1529
1447
1300
1210
1184
1149
1097
1087
1144
1245
1376
1529
1625
1568
1381
1205
1129
1095
1034
993
1044
1141
1180
1143
1085
1018
926
841
814
816
762
628
486
395
333
276
267
352
491
595
637
660
698
722
706
662
611
553
480
416
385
377
369
376
435
539
637
699
735
745
725
704
727
776
785
744
726
777
847
860
811
760
748
753
737
686
605
503
393
284
181
96
39
-1
-32
-34
-2
9
-51
-154
-250
-335
-434
-527
-576
-589
-605
-630
-634
-625
-644
-685
-692
-663
-663
-719
-776
-798
-819
-874
-947
-1017
-1073
-1101
-1100
-1111
-1176
-1285
-1391
-1476
-1562
-1669
-1776
-1856
-1902
-1913
-1901
-1901
-1936
-1967
-1939
-1869
-1811
-1779
-1762
-1775
-1829
-1899
-1977
-2091
-2222
-2238
-2014
-1586
-1103
-667
-280
46
241
280
215
90
-75
-208
-204
-72
62
117
154
266
453
647
822
995
1166
1312
1425
1496
1489
1391
1265
1195
1192
1213
1256
1348
1472
1546
1521
1437
1352
1263
1144
1032
996
1054
1140
1176
1140
1064
999
965
951
929
895
861
821
734
578
391
236
152
156
259
428
570
623
617
620
636
617
542
460
419
412
405
376
327
276
277
368
511
619
660
677
718
763
759
685
582
520
540
621
708
760
779
790
806
809
766
663
537
452
436
442
387
267
165
144
169
176
150
116
83
48
-3
-94
-233
-381
-479
-509
-504
-493
-477
-456
-451
-472
-504
-544
-615
-702
-750
-757
-790
-885
-981
-1017
-1014
-1022
-1046
-1070
-1096
-1141
-1203
-1279
-1390
-1545
-1702
-1802
-1842
-1867
-1908
-1948
-1958
-1923
-1857
-1807
-1810
-1842
-1851
-1842
-1866
-1939
-2025
-2100
-2160
-2165
-2034
-1732
-1329
-926
-567
-256
-25
81
57
-54
-203
-322
-341
-257
-142
-63
-2
101
269
473
682
889
1085
1242
1328
1331
1259
1152
1068
1040
1059
1110
1199
1317
1412
1451
1448
1437
1409
1336
1230
1147
1115
1115
1109
1088
1054
1012
980
991
1047
1101
1096
1028
930
821
684
509
345
269
310
421
527
586
597
570
527
496
490
493
477
445
422
406
369
300
247
269
379
534
668
726
699
636
586
545
488
439
464
581
719
797
804
780
749
716
695
680
636
559
505
501
483
377
218
120
128
184
217
226
235
235
204
136
34
-105
-254
-354
-380
-367
-372
-403
-430
-431
-420
-431
-470
-511
-530
-541
-578
-648
-730
-808
-882
-947
-985
-995
-1004
-1033
-1078
-1137
-1233
-1372
-1516
-1629
-1710
-1765
-1793
-1808
-1838
-1873
-1880
-1867
-1877
-1911
-1917
-1882
-1871
-1928
-2010
-2057
-2093
-2166
-2245
-2248
-2137
-1909
-1553
-1105
-691
-417
-259
-151
-103
-181
-353
-475
-445
-309
-190
-137
-105
-16
163
388
580
715
858
1048
1215
1261
1185
1078
1019
1033
1104
1192
1264
1327
1415
1531
1612
1598
1511
1421
1360
1321
1305
1308
1286
1208
1118
1081
1092
1103
1104
1122
1165
1196
1162
1037
831
607
451
401
417
440
464
515
576
605
588
553
515
488
494
525
521
443
328
241
206
218
279
385
494
558
578
588
582
529
449
402
418
473
545
627
693
717
710
710
725
733
724
715
711
686
613
509
415
345
285
234
214
240
289
310
270
188
110
56
7
-55
-120
-176
-219
-245
-263
-296
-359
-426
-454
-446
-446
-490
-572
-661
-741
-807
-867
-932
-1010
-1076
-1104
-1107
-1139
-1220
-1331
-1453
-1581
-1696
-1782
-1850
-1922
-1978
-1995
-1988
-1992
-2002
-1979
-1918
-1860
-1819
-1782
-1767
-1816
-1898
-1937
-1951
-2037
-2175
-2185
-1951
-1575
-1239
-990
-756
-520
-352
-295
-314
-365
-416
-402
-278
-109
-15
-10
11
121
278
402
485
587
742
921
1062
1119
1091
1025
987
1019
1118
1255
1395
1514
1603
1660
1671
1604
1461
1310
1232
1246
1298
1326
1304
1254
1213
1194
1179
1147
1114
1123
1181
1234
1208
1085
895
688
518
437
449
500
535
558
600
643
632
552
461
418
426
434
408
352
289
241
224
247
296
352
413
497
590
640
604
504
411
376
386
413
460
540
631
692
709
699
679
649
620
609
612
598
538
448
371
331
314
289
255
238
263
309
326
275
174
70
-9
-65
-108
-143
-167
-179
-177
-170
-190
-268
-392
-501
-542
-529
-533
-604
-718
-819
-890
-956
-1034
-1102
-1143
-1179
-1239
-1322
-1405
-1490
-1603
-1748
-1878
-1940
-1929
-1891
-1869
-1858
-1822
-1754
-1697
-1683
-1693
-1686
-1670
-1684
-1743
-1837
-1961
-2103
-2189
-2127
-1911
-1644
-1405
-1159
-862
-578
-415
-382
-403
-426
-443
-432
-372
-300
-268
-256
-185
-48
64
113
189
377
623
804
876
881
876
883
906
939
971
1021
1134
1302
1429
1427
1337
1275
1284
1310
1305
1289
1287
1285
1275
1265
1253
1219
1171
1166
1230
1305
1320
1270
1191
1094
971
845
755
711
692
676
656
629
591
550
518
495
476
466
467
461
424
362
299
251
233
270
362
456
491
460
406
365
343
331
331
339
359
406
490
571
595
564
546
587
659
693
656
577
508
465
424
359
285
251
279
336
371
378
377
363
319
262
231
217
171
85
7
-28
-43
-76
-123
-160
-178
-187
-193
-198
-226
-296
-392
-477
-539
-591
-637
-676
-714
-768
-842
-931
-1026
-1119
-1205
-1279
-1343
-1403
-1471
-1544
-1606
-1645
-1667
-1688
-1702
-1688
-1645
-1601
-1580
-1573
-1571
-1599
-1681
-1785
-1864
-1918
-1979
-2041
-2054
-1978
-1805
-1543
-1230
-937
-733
-627
-587
-599
-667
-757
-784
-707
-579
-478
-418
-352
-240
-85
70
183
267
374
508
602
600
543
529
599
708
796
861
945
1082
1264
1425
1477
1396
1271
1205
1199
1188
1162
1176
1246
1322
1353
1342
1316
1294
1290
1303
1304
1254
1158
1062
989
912
819
745
719
732
765
809
836
814
745
656
558
454
364
329
356
398
406
375
346
354
396
445
475
476
450
403
333
259
222
229
243
248
282
372
471
522
525
522
529
529
522
515
493
438
369
327
305
276
255
280
331
351
340
351
394
406
349
265
207
167
111
52
19
9
1
2
19
21
-14
-57
-70
-77
-134
-243
-346
-404
-443
-507
-601
-695
-764
-802
-815
-831
-868
-920
-970
-1024
-1111
-1229
-1330
-1374
-1369
-1362
-1386
-1443
-1519
-1601
-1667
-1688
-1650
-1573
-1510
-1507
-1559
-1614
-1637
-1648
-1680
-1725
-1757
-1754
-1673
-1469
-1169
-911
-817
-859
-910
-912
-915
-933
-893
-759
-613
-539
-517
-492
-452
-401
-302
-127
81
249
349
394
391
345
302
312
377
471
611
807
999
1103
1121
1120
1133
1141
1142
1164
1206
1216
1177
1145
1166
1193
1151
1057
1018
1099
1245
1347
1343
1250
1121
1003
922
888
884
887
888
897
905
876
794
699
653
663
674
629
536
447
393
348
286
230
239
323
421
461
433
376
320
270
230
213
219
219
200
183
201
236
247
236
261
349
437
435
345
264
252
264
240
197
199
246
292
318
327
296
222
175
217
294
293
208
149
179
219
184
104
57
57
83
145
225
237
131
-12
-81
-78
-91
-150
-192
-166
-123
-163
-316
-512
-645
-668
-632
-644
-745
-865
-910
-872
-831
-855
-934
-1005
-1026
-1014
-1021
-1059
-1095
-1117
-1159
-1234
-1292
-1295
-1281
-1299
-1332
-1333
-1327
-1393
-1525
-1607
-1566
-1476
-1457
-1517
-1547
-1440
-1198
-934
-772
-742
-766
-774
-779
-808
-821
-764
-667
-613
-628
-638
-575
-452
-322
-211
-117
-35
66
211
354
390
300
215
275
446
557
515
435
496
716
938
1015
947
831
756
778
909
1069
1127
1046
948
968
1087
1165
1133
1067
1068
1140
1211
1200
1061
833
661
665
790
873
851
810
838
921
985
973
860
677
524
503
590
641
563
429
359
368
393
396
383
366
352
341
306
224
135
107
142
162
113
42
53
173
316
389
384
352
314
251
159
97
126
220
287
280
234
178
105
67
160
354
462
368
182
86
103
122
108
118
170
198
190
207
257
259
184
101
48
-12
-81
-82
16
112
92
-29
-147
-203
-220
-218
-197
-187
-240
-356
-470
-534
-561
-583
-618
-670
-725
-742
-681
-568
-490
-507
-589
-670
-738
-812
-872
-870
-805
-759
-806
-929
-1052
-1122
-1138
-1124
-1105
-1105
-1141
-1213
-1298
-1348
-1313
-1187
-1021
-882
-799
-762
-755
-762
-760
-735
-719
-749
-797
-790
-705
-611
-565
-550
-522
-467
-382
-249
-72
90
161
124
43
3
33
102
164
207
255
318
367
374
358
368
410
460
524
623
734
815
869
916
924
846
731
711
826
954
969
898
841
808
742
669
693
828
952
957
876
807
779
760
739
734
729
678
596
563
615
673
631
487
340
282
318
397
468
494
450
349
243
182
180
207
233
243
234
213
197
196
204
201
172
117
63
46
78
133
170
170
140
99
68
77
136
209
236
197
144
130
144
149
145
166
208
215
154
56
-8
1
77
184
274
295
224
107
38
66
129
108
-34
-188
-222
-137
-49
-21
-7
18
-24
-191
-370
-383
-226
-95
-151
-339
-498
-550
-520
-448
-371
-346
-415
-539
-616
-593
-513
-468
-513
-627
-730
-748
-673
-572
-522
-544
-620
-742
-896
-1014
-1013
-873
-685
-599
-703
-932
-1106
-1087
-895
-669
-542
-567
-704
-851
-877
-719
-465
-306
-362
-573
-771
-802
-606
-255
48
105
-77
-280
-307
-186
-85
-89
-143
-174
-178
-160
-95
9
79
75
52
88
182
273
336
397
465
495
450
359
304
341
467
613
684
625
492
419
490
641
730
689
574
486
477
530
597
624
589
516
458
453
496
547
567
527
435
336
287
303
359
427
479
485
432
365
341
363
376
346
297
266
248
221
189
173
181
197
204
185
127
61
55
145
277
348
304
179
63
24
71
160
236
273
278
254
199
136
108
112
88
14
-34
12
111
163
145
121
117
83
7
-22
66
199
230
111
-64
-169
-162
-99
-55
-31
22
116
179
140
32
-45
-57
-69
-127
-199
-244
-253
-186
-10
145
25
-390
-721
-582
-86
256
160
-160
-374
-438
-465
-448
-342
-266
-363
-547
-594
-462
-328
-313
-363
-426
-545
-698
-735
-593
-425
-402
-500
-594
-648
-695
-711
-627
-455
-317
-304
-393
-508
-602
-629
-533
-327
-165
-231
-518
-762
-674
-290
25
-28
-338
-557
-509
-323
-182
-121
-92
-93
-155
-241
-266
-193
-59
78
171
184
111
-8
-110
-131
-19
210
417
433
240
28
6
188
388
425
297
152
130
237
366
409
345
244
178
179
247
349
430
450
428
408
377
284
167
166
354
588
639
455
210
93
149
305
462
511
385
160
38
140
338
404
284
139
123
215
287
272
209
190
255
341
331
193
54
78
271
444
415
203
-1
-31
98
227
224
140
152
316
434
283
-47
-189
48
405
496
294
117
155
256
197
-6
-148
-98
69
171
101
-60
-97
86
292
232
-66
-248
-105
168
275
139
-162
-513
-682
-414
179
541
277
-297
-532
-283
3
9
-86
-60
-16
-100
-199
-145
-17
-51
-294
-498
-421
-156
-39
-186
-308
-126
148
26
-534
-936
-692
-101
193
63
-128
-221
-366
-508
-354
74
320
82
-392
-659
-577
-289
16
125
-175
-775
-1134
-823
-80
433
365
-80
-515
-728
-673
-378
14
253
170
-131
-379
-421
-317
-187
-78
-17
-62
-190
-242
-88
147
168
-110
-396
-356
-38
208
172
0
-61
32
125
88
-45
-130
-65
115
247
180
-60
-263
-224
56
367
455
237
-109
-251
-20
372
515
262
-95
-164
89
363
417
299
175
132
170
249
301
276
208
189
255
355
424
415
284
70
-26
167
474
502
169
-150
-136
91
264
367
481
456
135
-214
-128
367
720
601
278
111
102
122
199
330
324
123
13
204
400
214
-145
-118
325
591
315
-163
-328
-95
253
461
456
273
13
-177
-189
-23
239
455
424
85
-276
-272
59
303
253
98
5
-85
-169
-73
192
282
-15
-388
-379
-39
157
18
-110
64
292
138
-362
-641
-297
338
540
110
-376
-389
-124
-48
-139
-44
215
201
-225
-618
-539
-101
265
306
20
-490
-934
-896
-311
298
366
-56
-457
-522
-374
-233
-146
-91
-101
-153
-127
-20
-42
-290
-462
-218
228
252
-316
-833
-618
136
580
250
-423
-701
-381
121
339
197
-78
-275
-369
-443
-477
-324
45
378
391
76
-318
-508
-314
170
513
336
-164
-385
-109
218
163
-96
-151
-49
-87
-174
-9
252
199
-48
-12
258
229
-175
-382
-94
260
227
-39
-192
-242
-267
-49
444
671
250
-299
-238
266
425
73
-167
30
187
-70
-286
100
732
741
18
-591
-414
253
670
553
181
-118
-216
-57
331
658
554
60
-310
-170
254
450
284
72
27
-5
-155
-204
73
431
424
62
-173
-16
228
204
52
127
371
380
47
-280
-311
-134
55
216
333
276
5
-224
-100
320
576
324
-214
-462
-158
326
424
79
-219
-146
26
-43
-163
-2
252
172
-145
-207
39
106
-178
-336
-66
200
11
-294
-159
204
151
-282
-399
25
351
44
-538
-675
-260
179
223
-63
-383
-488
-240
235
456
56
-617
-749
-86
631
558
-176
-679
-460
85
352
235
-61
-420
-686
-528
102
624
430
-293
-759
-534
46
391
262
-163
-513
-444
27
367
88
-494
-572
-2
450
225
-264
-334
-27
103
-102
-273
-191
-48
7
104
275
278
-9
-331
-356
-55
283
333
28
-339
-405
-161
32
-43
-140
1
122
-159
-534
-272
579
987
323
-670
-837
-139
449
365
32
-46
-8
-162
-388
-396
-200
29
248
392
232
-220
-466
-134
374
387
-22
-178
78
167
-183
-408
-13
549
503
-92
-435
-143
321
420
201
5
-42
-1
93
196
184
41
-49
41
151
64
-171
-329
-306
-129
141
348
265
-75
-276
-60
288
281
-53
-229
-80
52
-20
-28
182
342
236
29
-90
-167
-214
-71
254
429
246
-56
-200
-275
-381
-259
190
454
113
-421
-489
-124
165
172
30
-205
-503
-596
-241
317
523
211
-232
-432
-376
-172
89
214
93
-80
-118
-110
-104
47
249
153
-184
-237
114
284
-69
-407
-144
350
294
-243
-491
-217
88
177
249
216
-221
-753
-644
126
694
473
-152
-495
-410
-142
199
557
609
106
-538
-595
-57
298
60
-210
53
426
140
-610
-809
-85
712
679
16
-453
-395
-60
292
437
126
-431
-527
4
391
97
-327
-156
380
536
142
-307
-408
-179
196
464
296
-288
-656
-335
214
316
120
92
79
-219
-430
-112
347
292
-169
-396
-190
80
163
174
175
33
-184
-166
108
251
66
-173
-162
100
401
448
81
-424
-574
-286
66
267
405
430
171
-213
-294
34
397
412
81
-276
-340
-54
315
387
67
-291
-285
-2
160
114
73
49
-60
-96
57
102
-139
-284
-50
226
209
74
10
-129
-320
-204
217
338
-77
-328
125
590
198
-505
-377
375
563
34
-268
-50
53
-121
-21
354
231
-547
-961
-275
734
814
-5
-611
-474
-116
3
86
260
152
-357
-639
-199
432
383
-229
-445
54
478
204
-292
-314
-1
172
225
273
26
-516
-647
-7
649
480
-248
-646
-416
21
291
378
290
-32
-402
-476
-231
62
263
324
125
-200
-226
46
103
-123
-111
220
322
74
-15
169
126
-240
-309
159
472
124
-283
-43
395
212
-358
-513
-212
45
188
328
202
-224
-308
260
663
76
-893
-878
243
1039
515
-488
-568
210
562
-12
-573
-262
442
549
31
-280
-59
137
-44
-152
110
215
-204
-511
-72
582
551
-43
-374
-157
163
201
12
-158
-174
-79
-12
-36
-56
48
207
214
48
-60
-20
-20
-82
39
256
139
-263
-353
39
405
375
46
-364
-533
-101
639
709
-172
-862
-346
572
394
-601
-626
651
1318
220
-1158
-1041
95
672
315
-222
-396
-200
129
226
-75
-354
-87
440
392
-258
-503
85
574
258
-177
-59
60
-280
-353
308
752
179
-553
-316
363
238
-470
-453
359
649
15
-425
-67
296
93
-154
-69
-66
-287
-162
426
623
-52
-749
-534
175
424
219
105
25
-240
-241
327
712
171
-659
-609
192
542
74
-274
65
395
71
-403
-319
122
320
181
-22
-131
-129
-54
-9
-9
76
244
226
-96
-342
-117
287
218
-267
-408
10
294
27
-274
-117
179
113
-230
-414
-249
139
497
539
103
-549
-812
-385
297
525
133
-396
-493
-18
589
627
-69
-724
-514
277
622
204
-249
-163
104
41
-153
-47
167
50
-183
-4
405
319
-334
-763
-416
320
695
440
-125
-511
-402
118
516
279
-376
-649
-218
310
293
-86
-233
0
242
175
-114
-292
-160
155
348
241
-54
-273
-253
-27
276
439
193
-355
-529
51
650
332
-494
-587
167
548
-61
-722
-415
463
791
299
-343
-594
-396
135
613
416
-396
-766
-104
657
414
-412
-592
-1
372
99
-138
131
364
48
-311
-40
461
294
-434
-681
-31
660
489
-260
-592
-179
327
329
11
-175
-157
-49
150
280
20
-426
-323
418
828
233
-639
-665
63
487
159
-283
-239
72
230
270
314
186
-170
-377
-139
287
394
27
-428
-416
128
553
266
-383
-492
113
615
375
-200
-353
-73
55
-132
-177
131
335
60
-342
-315
73
284
116
-114
-135
-54
-27
35
188
183
-150
-443
-254
150
200
16
82
179
-193
-580
-133
747
772
-197
-830
-301
578
673
52
-453
-467
-121
413
682
130
-767
-713
337
804
-22
-814
-401
472
567
1
-286
-48
143
-87
-438
-430
18
517
506
-191
-876
-615
357
772
231
-267
-100
168
122
82
120
-46
-212
-10
194
-82
-384
-43
490
271
-445
-486
190
340
-293
-414
387
696
-188
-934
-505
235
317
146
235
135
-418
-659
-20
732
574
-217
-561
-256
-48
-205
-189
196
415
171
-127
-90
101
86
-140
-281
-175
16
118
205
288
79
-414
-514
112
623
193
-542
-472
183
376
58
57
388
184
-569
-710
155
788
265
-510
-388
170
152
-211
-131
231
223
-40
-11
246
230
-82
-237
-66
107
83
104
306
322
-125
-573
-388
197
349
-92
-345
79
555
293
-381
-452
196
589
190
-367
-424
-136
184
453
375
-220
-618
-112
595
347
-428
-318
596
701
-412
-1028
-27
1148
717
-613
-913
-48
555
332
-81
-289
-351
-132
353
500
-35
-554
-215
617
770
-39
-735
-399
462
719
152
-395
-193
460
609
-55
-634
-271
438
302
-489
-597
249
742
87
-733
-531
264
426
-107
-316
118
422
146
-191
-120
102
137
98
136
105
-47
-49
189
302
74
-135
-20
118
-34
-190
-13
251
224
7
-97
-90
-107
-85
11
-47
-295
-258
243
478
-63
-568
-174
429
181
-423
-258
344
251
-331
-228
465
434
-414
-548
461
907
-175
-1164
-504
715
693
-224
-511
11
330
97
-123
-39
35
-58
-68
77
119
14
-20
-29
-212
-363
-154
191
233
59
40
153
119
-60
-138
-9
175
163
-96
-308
-171
137
160
-132
-265
-10
219
24
-289
-168
272
388
46
-207
-83
70
-4
-84
0
81
26
-79
-106
13
199
164
-193
-423
-86
465
499
3
-318
-128
131
115
111
285
194
-261
-331
246
463
-274
-867
-272
629
425
-511
-698
77
597
250
-217
-153
61
5
5
268
304
-137
-460
-200
214
218
-62
-185
-62
114
219
206
42
-139
-68
236
326
-45
-406
-194
317
335
-223
-536
-112
452
396
-83
-267
-70
2
-135
-4
425
462
-162
-645
-268
443
516
-19
-359
-213
29
110
126
121
42
-25
18
23
-140
-228
39
378
269
-146
-219
129
297
46
-154
11
231
127
-203
-368
-125
371
609
182
-617
-891
-178
764
772
-144
-755
-322
426
450
-177
-557
-251
299
438
65
-327
-253
189
434
145
-334
-417
-65
203
108
-35
45
132
13
-100
11
167
117
-61
-170
-186
-110
153
447
281
-391
-741
-188
539
424
-219
-341
75
152
-235
-279
248
541
132
-344
-284
-61
-107
-82
229
239
-276
-491
38
462
112
-320
-21
529
379
-330
-591
-50
533
425
-172
-552
-337
245
526
83
-490
-224
572
589
-272
-626
27
526
132
-388
-334
-115
-122
42
450
280
-602
-834
240
990
54
-1068
-416
956
742
-652
-918
226
802
-9
-723
-183
647
417
-455
-596
133
594
164
-527
-584
92
708
459
-378
-667
-46
522
300
-172
-211
-47
-81
-97
123
227
-55
-319
-138
175
86
-231
-220
49
46
-189
-118
240
304
-46
-280
-49
360
396
-138
-689
-443
467
847
125
-654
-370
454
538
-138
-444
-4
282
-141
-551
-242
327
436
191
-38
-248
-309
64
496
258
-401
-470
153
467
21
-407
-166
259
180
-142
-106
111
-14
-287
-170
173
182
-91
-167
-6
44
-67
-78
66
132
0
-158
-170
-94
-62
-11
150
231
0
-285
-138
294
321
-157
-386
38
461
204
-342
-367
50
194
4
14
142
-150
-508
-95
638
405
-598
-789
163
733
74
-660
-299
494
467
-193
-389
-5
181
15
7
190
209
113
79
-71
-314
-181
312
401
-180
-590
-156
500
390
-303
-560
-125
262
174
-23
-31
20
106
295
280
-210
-703
-476
342
797
309
-569
-785
-78
661
514
-246
-536
16
527
163
-549
-464
354
645
-27
-566
-196
319
108
-352
-215
265
289
-119
-275
-4
231
198
93
-50
-308
-363
54
394
10
-575
-351
446
600
-89
-457
102
639
205
-581
-519
254
523
-69
-562
-253
330
396
14
-204
-74
55
4
39
282
325
-81
-410
-128
310
128
-405
-341
304
483
-132
-515
24
591
173
-583
-414
403
562
-52
-368
-97
30
-144
23
522
489
-235
-624
-79
562
368
-253
-385
-66
95
76
190
281
68
-215
-226
-100
-89
-63
108
127
-234
-505
-117
553
558
-156
-569
-132
403
190
-403
-410
222
552
80
-474
-228
532
724
20
-683
-508
220
518
124
-266
-116
222
182
-153
-282
-108
24
39
210
390
-7
-790
-754
460
1308
439
-1028
-983
428
1002
-60
-936
-226
796
444
-516
-338
630
687
-205
-533
65
374
-157
-569
-98
606
567
-67
-394
-115
225
163
-156
-286
-18
303
157
-244
-128
393
260
-568
-692
312
883
37
-830
-241
782
404
-803
-731
583
949
-134
-656
209
677
-252
-937
-101
872
379
-683
-560
424
612
-114
-379
128
294
-186
-320
192
376
-158
-491
-71
323
34
-311
8
436
118
-493
-331
424
590
-51
-432
-28
356
65
-311
-83
312
194
-108
39
303
17
-451
-212
524
607
-228
-832
-370
435
458
-168
-457
-111
252
188
-66
-127
11
121
133
177
235
69
-272
-275
235
577
147
-521
-460
212
430
-114
-468
-54
334
-8
-345
109
574
54
-694
-374
480
344
-595
-674
382
896
41
-749
-208
642
333
-511
-355
564
712
-135
-637
-124
480
265
-306
-268
278
375
-227
-653
-248
429
455
-116
-374
43
374
-18
-504
-198
444
315
-385
-442
242
470
-128
-444
106
498
-64
-599
-15
804
378
-712
-676
427
770
-152
-766
-124
623
285
-453
-335
356
403
-259
-538
-43
418
276
-57
-91
22
-19
-95
37
245
194
-113
-291
-121
132
101
-164
-253
14
276
89
-378
-458
68
526
226
-464
-521
218
715
273
-392
-284
311
380
-131
-305
151
431
47
-340
-130
174
-4
-189
157
439
-31
-635
-385
369
486
-133
-490
-122
293
136
-265
-340
-112
115
216
89
-271
-433
-42
425
299
-170
-278
-44
19
-103
-45
133
85
-76
41
284
140
-233
-135
348
314
-331
-537
114
620
200
-488
-454
185
551
242
-294
-451
-162
152
174
-2
-143
-162
-82
52
125
4
-234
-247
140
479
197
-395
-392
199
368
-118
-264
287
529
-48
-467
-18
456
72
-498
-222
430
313
-328
-320
265
292
-239
-224
358
363
-317
-480
151
338
-461
-973
-170
897
660
-474
-775
99
728
270
-416
-378
56
166
56
147
197
-205
-623
-300
437
458
-309
-573
215
768
13
-945
-464
875
1026
-297
-1122
-280
854
610
-456
-668
110
552
125
-326
-185
136
176
86
23
-190
-454
-271
350
613
113
-428
-272
202
232
-87
-147
79
117
-113
-224
-79
74
150
239
153
-255
-454
70
689
395
-484
-676
12
455
103
-254
19
341
51
-377
-211
226
200
-113
-96
111
16
-187
-39
234
141
-173
-190
88
158
-168
-427
-144
443
601
21
-706
-690
155
825
400
-602
-795
77
721
256
-519
-479
196
510
113
-387
-314
255
570
142
-553
-638
-19
503
367
-60
-170
-14
-12
-121
-31
65
-135
-225
194
462
-65
-571
-41
796
570
-396
-652
1
396
51
-250
-49
132
64
225
451
-41
-788
-356
902
915
-577
-1278
-99
1021
370
-826
-608
547
760
-96
-460
103
383
-120
-452
-77
318
181
-150
-220
-21
211
214
-51
-220
-1
244
-27
-530
-388
437
800
53
-765
-439
480
598
-94
-452
-159
57
-112
-233
-114
-9
36
198
288
-38
-480
-329
327
561
59
-347
-84
243
-11
-393
-186
330
341
-162
-401
-53
319
225
-35
-9
126
-2
-171
51
392
208
-327
-353
260
593
134
-379
-165
329
227
-283
-312
145
258
-104
-206
129
261
13
-78
76
-25
-334
-195
365
439
-221
-566
71
720
278
-635
-687
62
467
154
-246
-280
-77
106
100
-123
-278
-36
354
247
-349
-524
170
786
344
-524
-526
215
503
64
-272
-99
157
170
52
-127
-345
-301
204
669
399
-376
-676
-205
266
206
18
60
9
-318
-421
21
483
351
-164
-391
-163
114
186
210
253
78
-280
-283
251
600
150
-472
-239
558
598
-342
-821
87
1158
758
-609
-1042
-154
559
239
-271
-220
-52
-199
-225
152
364
21
-316
-129
123
-81
-278
68
387
-13
-523
-208
419
190
-586
-486
578
997
3
-989
-540
611
806
-5
-482
-127
216
8
-215
16
317
261
70
-8
-154
-322
-62
494
483
-276
-754
-262
434
341
-208
-244
185
233
-143
-177
204
269
-99
-254
-65
-43
-223
-128
241
348
26
-310
-315
-78
149
236
134
-96
-182
17
151
-36
-91
300
438
-194
-686
-125
674
489
-272
-426
-3
158
41
188
331
-167
-759
-319
670
567
-529
-725
349
821
-117
-877
-332
470
379
-122
-187
-20
-106
-162
160
376
9
-365
-66
378
140
-382
-277
347
677
402
-176
-572
-369
291
578
72
-445
-160
368
104
-582
-358
699
884
-346
-1172
-251
985
610
-714
-941
128
835
316
-543
-672
-117
405
434
10
-498
-563
33
701
557
-320
-810
-290
434
301
-419
-490
423
1075
338
-969
-989
457
1374
421
-1039
-928
475
1036
22
-912
-365
726
669
-379
-784
4
739
414
-326
-406
56
243
52
13
154
10
-309
-119
494
468
-464
-946
-52
942
443
-753
-666
576
913
-216
-956
-129
829
291
-872
-771
420
871
61
-674
-439
173
413
320
120
-192
-434
-211
386
618
45
-705
-632
254
859
420
-497
-732
-39
609
326
-447
-591
34
456
161
-237
-197
-70
-231
-316
25
344
92
-368
-248
385
627
112
-400
-177
396
434
-139
-513
-151
467
481
-163
-561
-66
760
859
81
-688
-693
-87
436
409
-24
-312
-113
269
247
-188
-350
143
638
270
-652
-927
-172
613
485
-239
-601
-240
365
542
105
-440
-422
121
387
-85
-604
-244
649
782
-117
-769
-303
427
308
-272
-249
296
367
-211
-513
-24
563
453
-138
-469
-315
18
248
252
-23
-376
-417
-68
250
188
-49
-44
199
302
96
-204
-349
-281
-49
222
312
140
-53
-27
96
52
-70
27
261
210
-146
-255
117
358
-77
-638
-375
512
759
-95
-866
-395
677
785
-226
-847
-170
774
615
-313
-606
45
542
180
-396
-358
91
233
-24
-204
-128
-49
-53
42
189
109
-152
-190
95
256
-57
-483
-349
324
636
17
-768
-565
437
874
208
-489
-255
269
43
-466
-81
772
525
-707
-988
218
985
104
-893
-340
771
533
-628
-723
390
824
-62
-687
-102
508
87
-542
-295
404
543
100
-270
-339
-246
80
565
574
-213
-892
-427
649
849
-36
-659
-225
384
131
-514
-384
443
670
-163
-813
-182
899
849
-267
-855
-201
591
390
-361
-522
46
490
289
-193
-425
-300
24
329
328
-63
-447
-364
99
437
313
-164
-521
-297
349
577
-60
-739
-345
736
872
-382
-1300
-422
1075
1002
-520
-1259
-271
854
589
-390
-598
8
378
175
-59
-116
-238
-250
203
636
203
-706
-687
470
1137
213
-1037
-779
582
1013
-53
-956
-415
657
708
-183
-667
-188
418
334
-182
-402
-138
250
406
187
-299
-592
-215
574
811
68
-745
-498
467
704
-171
-779
-79
916
665
-492
-908
-144
598
428
-188
-441
-248
-9
43
-34
-88
-4
128
-8
-435
-517
177
842
407
-616
-710
240
739
59
-737
-518
379
813
309
-521
-751
-150
582
574
-170
-694
-319
372
403
-76
-161
153
84
-335
-309
160
281
-34
-111
144
148
-184
-254
124
372
117
-206
-128
76
-62
-305
-99
410
503
-26
-534
-360
309
630
188
-361
-222
263
186
-317
-308
241
406
-24
-293
-89
93
3
-55
50
64
-98
-205
-142
-31
103
276
186
-341
-637
-67
575
163
-642
-415
404
312
-421
-318
475
525
-166
-249
385
391
-483
-759
161
760
-8
-802
-214
776
573
-371
-583
25
408
123
-339
-359
124
465
70
-588
-479
329
644
33
-476
-67
561
383
-264
-318
185
276
-158
-306
-38
33
-65
160
391
25
-484
-321
250
400
67
-219
-225
-62
136
204
30
-211
-209
39
224
184
74
-42
-266
-344
106
569
141
-655
-373
682
653
-570
-945
179
897
57
-847
-321
692
564
-335
-506
89
240
-199
-237
246
347
-93
-318
-106
69
109
276
386
58
-435
-413
162
547
237
-333
-425
-20
263
135
-62
-60
-26
-38
86
231
9
-397
-256
448
690
-43
-728
-285
581
426
-458
-479
401
542
-375
-731
90
664
150
-406
-164
191
2
-193
69
186
-236
-388
232
598
-49
-593
-5
648
168
-489
-38
647
144
-819
-546
638
879
-119
-718
-182
295
-24
-208
281
427
-287
-617
244
968
196
-1014
-727
714
1139
-23
-934
-358
522
291
-403
-214
505
411
-388
-481
378
777
-16
-859
-585
291
594
214
-132
-184
-168
-45
268
313
-240
-689
-211
649
636
-203
-558
33
489
61
-443
-140
398
232
-264
-174
276
212
-257
-295
130
262
-51
-196
-48
-128
-348
-2
651
425
-617
-844
286
1099
357
-717
-471
512
538
-355
-610
141
612
195
-192
-2
61
-308
-266
452
677
-216
-905
-112
1101
800
-693
-1160
28
933
209
-776
-329
723
535
-529
-570
501
834
-146
-837
-238
530
298
-336
-328
47
35
-101
152
286
-193
-462
191
793
272
-572
-461
196
233
-191
-137
260
109
-434
-313
439
568
-219
-638
-17
617
353
-263
-392
-110
105
116
16
-79
-51
57
36
-110
-76
208
297
-107
-501
-210
465
543
-104
-475
-27
462
204
-309
-152
484
524
-292
-846
-234
710
504
-604
-814
337
1040
102
-1008
-493
829
861
-398
-954
-76
692
229
-448
-172
388
130
-476
-338
313
468
97
-44
121
4
-387
-354
201
426
-134
-658
-275
478
448
-237
-346
360
621
-223
-975
-387
792
877
-229
-934
-346
537
484
-220
-461
8
438
267
-265
-490
-53
550
427
-390
-755
-94
638
446
-193
-276
97
122
-225
-245
124
204
-111
-155
155
132
-247
-193
311
357
-164
-308
167
340
-167
-467
52
615
286
-521
-701
-113
396
334
-7
-269
-305
17
530
580
-127
-814
-531
416
759
44
-703
-454
341
488
-114
-395
117
537
99
-571
-477
179
418
38
-268
-154
-17
-78
1
295
264
-263
-529
34
718
484
-452
-862
-241
573
597
-76
-568
-382
138
402
257
-48
-266
-299
-122
170
311
100
-272
-357
-34
276
175
-134
-156
125
221
-62
-282
-72
203
31
-331
-203
341
467
-98
-538
-186
403
316
-258
-351
179
430
-21
-447
-214
231
200
-143
-197
65
169
-30
-187
-96
38
34
27
117
102
-148
-328
-93
346
413
-34
-450
-317
157
338
48
-231
-108
147
60
-295
-395
-45
330
276
-80
-203
78
275
-7
-340
-97
388
234
-456
-597
125
669
260
-439
-445
60
208
-78
-118
222
340
22
-280
-303
-188
42
347
352
-71
-410
-306
-64
68
270
463
177
-486
-651
15
592
271
-309
-180
237
-13
-503
-178
552
442
-328
-468
156
418
-64
-413
-61
396
256
-231
-373
-70
202
176
16
-75
-61
-10
-48
-187
-192
81
332
220
-99
-219
-42
215
286
31
-355
-405
-5
337
219
-121
-315
-328
-144
294
620
292
-408
-490
221
574
-130
-782
-164
829
515
-652
-740
363
793
-77
-736
-223
463
284
-237
-190
182
152
-124
3
322
48
-630
-577
428
1062
332
-860
-903
230
915
228
-681
-403
461
364
-447
-355
648
775
-446
-1215
-334
944
935
-116
-757
-449
155
448
363
-31
-458
-341
320
580
-28
-584
-267
327
332
-31
-170
-130
-112
55
331
218
-308
-419
242
677
48
-712
-284
713
612
-515
-949
-107
702
472
-177
-338
-126
-6
143
450
393
-294
-768
-224
647
571
-312
-636
58
644
207
-556
-468
335
686
130
-536
-467
157
487
116
-412
-312
335
605
23
-644
-423
416
693
64
-481
-197
287
129
-301
-178
280
230
-262
-327
192
451
25
-381
-100
402
309
-223
-359
40
265
3
-187
74
285
-32
-400
-117
497
479
-284
-775
-296
538
681
59
-469
-335
150
383
187
-112
-127
75
56
-231
-231
220
395
-128
-551
-90
618
462
-317
-502
111
450
36
-287
-3
164
-192
-240
405
637
-240
-1012
-378
872
989
-145
-920
-358
612
613
-244
-667
-108
547
359
-338
-507
68
493
154
-325
-155
272
142
-225
30
576
328
-562
-784
-1
604
220
-399
-245
361
340
-347
-507
379
1079
303
-1154
-1270
309
1567
851
-785
-1115
2
648
43
-440
40
432
13
-320
19
227
-110
-176
309
372
-329
-600
224
850
129
-796
-366
619
445
-467
-532
88
168
-100
185
572
136
-554
-374
281
254
-184
81
594
-70
-1277
-775
1268
1832
-223
-2047
-1085
1177
1680
135
-1174
-856
250
824
546
-206
-844
-663
384
1076
323
-966
-881
564
1236
93
-1134
-599
792
875
-340
-823
113
780
-14
-1010
-585
653
950
115
-553
-436
-63
204
436
384
-186
-656
-273
481
460
-266
-455
187
472
-156
-600
-99
425
113
-275
126
579
32
-857
-604
636
1107
73
-1039
-753
390
828
218
-409
-325
67
99
-154
-124
241
329
-121
-474
-188
290
293
12
-2
105
-138
-447
-134
545
512
-390
-878
-124
849
651
-381
-787
-154
526
446
-112
-447
-320
-8
208
324
329
2
-578
-696
113
1036
772
-547
-1217
-289
906
655
-501
-694
188
500
-181
-475
140
490
8
-294
124
287
-343
-633
215
923
155
-983
-620
691
884
-210
-845
-340
250
251
183
342
203
-410
-732
-228
519
671
186
-451
-776
-396
537
947
150
-784
-482
442
387
-444
-375
659
743
-655
-1365
-26
1359
603
-955
-756
651
757
-518
-875
323
1089
209
-907
-695
230
500
160
-36
-131
-364
-283
283
541
60
-399
-192
166
21
-303
-142
361
513
137
-320
-512
-354
162
640
389
-450
-739
-65
493
144
-331
-31
474
213
-426
-370
233
304
-190
-193
385
360
-525
-872
60
942
414
-723
-730
385
941
140
-857
-722
312
998
611
-463
-1172
-698
612
1298
405
-1063
-1187
240
1260
504
-796
-710
473
846
-150
-1018
-506
664
898
-103
-956
-470
695
885
-210
-1025
-330
883
755
-544
-935
237
1014
71
-992
-389
797
540
-709
-901
259
1035
432
-574
-748
-135
510
685
190
-693
-933
67
1120
705
-563
-839
-26
337
-140
-254
396
641
-158
-874
-375
622
658
-215
-634
-62
576
418
-234
-514
-125
341
184
-363
-394
210
483
-8
-377
47
513
121
-637
-619
226
813
475
-238
-499
-284
-112
-120
29
462
712
199
-800
-1025
143
1273
610
-1016
-1127
463
1227
20
-1098
-339
905
547
-677
-612
531
656
-413
-687
329
793
-94
-760
-172
473
88
-404
73
678
144
-834
-630
530
869
-34
-673
-167
482
239
-368
-316
247
395
-69
-424
-204
234
373
145
-180
-302
-106
177
168
-121
-214
136
467
186
-506
-709
-4
842
754
-229
-927
-500
474
750
57
-570
-301
308
280
-205
-242
203
323
-53
-256
-37
92
-87
-110
209
323
-86
-419
-101
389
278
-208
-267
136
295
-91
-519
-367
349
827
321
-677
-798
216
897
214
-745
-445
613
659
-420
-811
213
973
138
-1025
-731
519
930
140
-622
-426
384
779
159
-870
-988
168
1243
813
-578
-1070
-146
680
309
-349
-189
230
31
-257
126
571
186
-566
-647
-59
426
502
341
-88
-688
-690
323
1181
481
-1034
-1223
248
1332
646
-656
-821
43
529
116
-365
-215
235
338
21
-292
-231
150
375
75
-386
-277
348
504
-225
-774
-86
1003
744
-755
-1373
-90
1349
935
-687
-1262
-169
961
757
-225
-710
-377
254
636
411
-371
-897
-313
853
1018
-244
-1306
-649
889
1208
-94
-1211
-699
696
1245
391
-847
-1152
-233
917
1027
-43
-1045
-783
374
969
369
-492
-543
11
271
48
-99
87
239
58
-248
-322
-91
246
396
143
-366
-533
46
783
565
-606
-1182
-118
1285
963
-771
-1419
12
1391
648
-1019
-1020
530
1067
-187
-1008
3
1065
301
-1073
-780
776
1208
-110
-1217
-629
666
959
157
-592
-622
-160
340
517
211
-268
-381
-65
211
133
-110
-161
73
335
269
-182
-579
-381
331
750
251
-656
-797
117
967
621
-537
-1055
-266
853
909
-145
-953
-529
483
768
106
-544
-472
44
381
294
-27
-230
-126
77
60
-100
-43
186
109
-312
-363
296
767
132
-873
-728
478
1015
127
-850
-560
450
730
7
-640
-410
251
448
65
-253
-113
165
133
-112
-146
91
172
-132
-382
-72
511
547
-158
-790
-523
411
920
337
-681
-851
55
814
420
-466
-544
184
525
-26
-581
-260
514
654
-67
-733
-507
342
800
301
-607
-845
-92
756
708
-50
-551
-418
-80
141
315
360
39
-418
-412
115
446
92
-410
-225
457
545
-303
-940
-284
956
1075
-234
-1341
-825
649
1279
450
-739
-1062
-374
667
1165
468
-935
-1376
-67
1382
976
-681
-1220
-33
954
351
-685
-481
516
654
-244
-767
-189
628
645
-111
-778
-578
359
946
362
-740
-948
26
964
757
-265
-906
-561
281
755
475
-237
-658
-355
272
428
26
-225
12
209
-27
-276
-83
252
185
-196
-308
64
443
284
-306
-655
-300
450
808
348
-492
-839
-337
464
745
312
-317
-579
-379
21
363
501
321
-161
-603
-526
74
579
482
10
-311
-365
-276
20
469
545
-70
-742
-550
374
875
308
-577
-674
14
516
274
-236
-307
71
313
64
-317
-258
182
375
78
-231
-156
45
22
-81
4
150
98
-56
-66
-2
-92
-209
-19
369
411
-49
-465
-334
113
292
67
-162
-61
201
206
-120
-363
-189
192
345
175
-83
-228
-204
-34
140
143
10
-46
18
19
-88
-96
63
125
-44
-114
137
281
-88
-501
-261
365
496
23
-328
-192
31
22
12
185
247
-49
-381
-298
102
353
245
-56
-282
-225
93
295
68
-281
-187
263
377
-75
-441
-184
270
227
-154
-182
174
252
-135
-354
-13
379
219
-247
-334
30
279
109
-157
-151
51
148
20
-164
-135
141
328
90
-359
-406
110
529
241
-376
-457
62
401
167
-179
-201
-40
70
152
178
-10
-282
-244
121
305
49
-217
-91
139
66
-100
-7
131
-22
-220
-56
268
244
-119
-327
-157
114
215
165
22
-193
-276
-19
314
242
-148
-271
35
252
16
-321
-249
162
410
242
-125
-357
-281
50
345
263
-132
-326
-44
298
175
-245
-339
41
350
171
-192
-214
81
229
35
-202
-164
77
195
46
-156
-132
80
174
25
-140
-83
95
119
-48
-156
-33
170
194
-10
-248
-271
-4
322
319
-71
-380
-180
284
375
-48
-430
-276
203
413
150
-209
-262
-45
128
94
-22
-31
54
67
-38
-93
5
93
12
-107
-52
93
88
-55
-86
63
154
22
-154
-129
42
113
38
-7
47
46
-96
-203
-66
208
278
24
-244
-178
118
221
-8
-223
-107
173
221
-23
-226
-143
90
194
107
-23
-93
-115
-78
52
182
135
-81
-203
-63
144
125
-86
-173
11
231
194
-70
-266
-187
78
262
178
-83
-224
-96
96
96
-22
-19
87
65
-96
-139
34
177
74
-132
-158
5
127
93
1
-52
-66
-43
29
99
83
-22
-117
-97
31
123
64
-61
-75
18
47
-32
-59
43
121
35
-101
-92
31
73
-12
-64
1
70
39
-41
-72
-31
47
94
50
-47
-82
-24
37
36
-2
-41
-64
-28
73
133
46
-106
-128
7
99
26
-63
-12
77
37
-76
-93
-12
48
42
14
-2
2
23
24
-31
-92
-63
56
129
53
-92
-136
-32
96
114
16
-90
-87
26
107
41
-89
-104
12
91
41
-42
-43
6
13
-20
-16
37
58
5
-58
-50
8
34
-1
-39
-31
9
40
43
20
-16
-44
-40
-7
28
38
15
-30
-62
-40
32
78
34
-48
-61
-4
25
3
11
50
22
-68
-89
0
67
23
-49
-40
26
55
24
-17
-36
-37
-13
27
36
3
-17
-9
-24
-57
-24
64
81
-7
-78
-44
33
52
7
-41
-43
-4
29
14
-30
-43
2
45
25
-21
-20
5
-18
-49
-1
72
41
-58
-76
1
42
-1
-41
-15
39
53
13
-47
-73
-36
28
46
-2
-39
-1
46
6
-75
-74
10
68
58
19
-27
-71
-66
1
56
37
-19
-46
-37
-19
3
31
41
19
-9
-17
-31
-56
-40
28
60
3
-55
-21
34
8
-55
-38
47
73
-1
-74
-52
19
39
-3
-33
-12
19
9
-31
-52
-27
30
73
58
-12
-75
-68
-2
42
16
-31
-31
10
28
4
-14
-1
14
5
-16
-30
-30
-3
41
45
-12
-57
-30
20
12
-31
-16
60
85
4
-90
-82
4
50
16
-28
-16
31
39
-11
-49
-12
52
37
-42
-61
15
67
19
-51
-43
12
26
-4
-18
2
20
18
14
8
-9
-17
-1
5
-18
-23
15
34
-7
-38
5
56
28
-41
-43
27
65
14
-52
-49
0
22
10
6
23
30
3
-36
-43
-4
40
38
-2
-25
-2
28
20
-18
-40
-19
19
31
13
-2
7
18
2
-27
-27
5
29
16
-11
-17
-3
12
18
18
4
-23
-33
-1
43
42
-12
-52
-28
24
34
-3
-25
-1
29
20
-13
-19
3
16
3
-13
-12
-1
10
12
-2
-17
-8
13
9
-12
-3
33
33
-21
-53
-9
45
22
-39
-37
19
31
-10
-21
13
20
-13
-14
29
36
-20
-56
-13
46
32
-32
-49
-1
40
23
-15
-22
4
26
19
-9
-25
-17
-5
0
10
22
14
-14
-25
-2
19
6
-15
-7
13
9
-10
-6
14
8
-23
-26
11
33
9
-17
-8
17
16
-8
-20
-15
-6
5
21
22
-7
-34
-17
26
40
11
-17
-14
-3
-8
-9
10
23
2
-29
-22
13
32
17
-6
-12
1
12
7
-8
-14
-6
5
6
1
1
7
5
-4
-5
2
5
2
7
12
0
-16
-6
18
16
-11
-20
-2
14
9
2
5
4
-9
-13
5
22
14
-5
-10
-3
-1
-1
5
11
7
-3
-8
-2
6
8
0
-5
2
7
-1
-9
4
24
21
-6
-23
-13
3
3
-2
8
18
10
-6
-9
2
6
4
2
-3
-9
-4
10
14
4
-1
6
9
-3
-14
-9
2
6
6
12
13
-1
-14
-6
15
20
2
-12
-5
8
6
-8
-12
5
23
19
-5
-20
-9
11
17
7
2
8
12
2
-13
-12
4
15
7
-9
-14
-3
15
27
23
1
-17
-12
10
18
2
-11
-2
11
6
-8
-4
16
22
6
-7
-5
-2
-2
5
18
16
-1
-10
-3
6
7
5
8
6
-4
-8
1
10
6
3
11
15
0
-17
-10
12
23
13
-3
-9
-6
1
7
11
6
-2
-2
5
6
-3
-9
-1
13
19
13
1
-9
-12
-8
-1
3
5
10
12
4
-9
-12
-2
10
9
0
-5
-1
4
4
-1
-6
-5
2
6
4
-3
-11
-13
-8
3
15
15
-2
-16
-10
7
10
-4
-15
-10
-4
-5
-5
3
7
-6
-19
-9
13
14
-7
-19
-9
5
1
-10
-11
-6
-8
-14
-11
3
10
2
-13
-18
-12
0
7
2
-10
-17
-15
-10
-8
-5
0
-1
-12
-16
-4
7
-3
-23
-25
-5
9
1
-16
-20
-11
-1
2
-2
-11
-17
-16
-7
-3
-8
-14
-12
-9
-8
-10
-12
-10
-2
5
0
-16
-24
-14
0
-2
-16
-22
-14
-7
-7
-6
1
1
-10
-20
-16
-6
0
-5
-16
-23
-14
2
5
-9
-23
-23
-13
-7
-3
2
2
-9
-20
-17
-6
-4
-13
-16
-9
-3
-7
-14
-16
-12
-5
0
-4
-14
-16
-10
-6
-8
-9
-8
-9
-9
-6
-3
-10
-23
-22
-5
4
-7
-18
-11
1
-2
-10
-10
-7
-13
-21
-16
-5
1
-5
-12
-14
-10
-6
-7
-13
-16
-10
1
0
-14
-23
-15
-1
0
-9
-15
-13
-8
-7
-10
-15
-14
-10
-9
-15
-17
-9
3
4
-9
-21
-21
-13
-5
-4
-9
-14
-16
-15
-15
-15
-10
-4
-7
-17
-18
-5
4
-4
-17
-18
-11
-8
-14
-23
-27
-20
-7
3
1
-9
-14
-9
-7
-17
-24
-16
-3
-5
-16
-21
-14
-7
-7
-11
-14
-13
-13
-14
-16
-12
-6
-3
-6
-13
-17
-18
-19
-17
-9
1
0
-11
-20
-20
-14
-10
-6
-5
-11
-18
-17
-7
1
-3
-13
-17
-12
-6
-6
-10
-14
-14
-11
-11
-14
-12
-1
7
-2
-20
-20
-3
7
-7
-24
-19
0
2
-13
-16
-2
6
-6
-18
-14
-3
-4
-9
-4
5
4
-5
-10
-11
-15
-16
-5
7
6
-4
-12
-12
-10
-4
5
9
1
-11
-11
1
6
-2
-9
-7
-2
0
-3
-7
-7
-2
3
3
0
2
6
0
-11
-10
6
13
-2
-18
-11
12
19
4
-11
-11
0
9
10
5
-2
-5
-1
3
2
0
2
6
6
3
2
4
4
1
-1
1
5
5
4
3
5
9
10
6
2
3
8
8
3
0
2
6
8
5
1
0
5
12
13
8
5
6
8
9
9
5
-4
-7
0
12
18
16
11
8
5
3
3
5
5
7
15
19
10
-3
-6
2
10
14
15
13
7
4
8
12
11
5
5
9
12
10
8
6
4
5
10
15
12
8
10
12
6
1
4
11
16
18
16
7
-1
2
13
17
9
3
9
16
12
5
7
16
16
10
7
9
9
8
10
12
12
13
11
7
5
8
14
15
10
7
10
12
10
9
11
13
10
8
13
15
12
6
4
5
7
11
17
18
14
9
7
7
9
11
13
13
11
10
10
9
5
3
5
8
12
16
19
15
8
7
12
15
9
2
2
9
14
12
7
6
8
9
8
6
8
11
14
13
9
5
5
9
11
10
8
9
11
11
9
9
9
10
9
8
7
6
7
9
12
12
9
6
5
5
7
11
11
7
2
2
6
10
9
7
5
5
6
9
13
12
8
2
0
2
5
6
5
2
-1
0
3
4
4
6
9
8
5
2
1
1
2
5
8
6
1
-3
-3
1
4
5
5
4
3
1
1
1
1
2
2
2
1
0
1
3
3
2
1
3
4
4
2
1
2
3
3
1
-2
-2
0
1
0
-2
0
3
2
-1
-1
2
3
3
2
2
2
1
0
0
0
-1
-1
1
2
-1
-5
-6
-3
1
3
1
-2
-4
-3
0
1
0
-2
-1
2
1
-2
-5
-4
-2
0
-1
-3
-4
-3
-2
0
0
-1
-3
-5
-4
-2
1
2
-1
-2
-1
2
2
1
-1
-1
-1
-1
-2
-3
-3
-2
0
1
-2
-7
-9
-6
-3
-3
-3
-3
-4
-5
-4
-2
-1
-2
-5
-6
-6
-5
-5
-5
-4
-2
-2
-2
-3
-3
-3
-4
-5
-5
-3
-2
-3
-3
-2
-3
-5
-7
-7
-5
-4
-2
-2
-4
-7
-8
-5
-1
-2
-6
-8
-7
-5
-5
-4
-3
-4
-6
-7
-6
-4
-2
-3
-5
-5
-5
-6
-7
-8
-7
-5
-5
-7
-9
-9
-6
-4
-3
-5
-6
-6
-5
-4
-4
-6
-8
-8
-8
-7
-6
-5
-7
-8
-7
-5
-6
-7
-7
-5
-5
-9
-10
-9
-5
-5
-6
-7
-5
-5
-7
-9
-8
-6
-6
-6
-7
-7
-8
-8
-6
-5
-5
-7
-7
-6
-6
-6
-5
-5
-5
-8
-9
-8
-7
-8
-8
-8
-7
-7
-8
-7
-7
-8
-8
-7
-7
-8
-8
-6
-5
-6
-7
-7
-5
-5
-7
-9
-9
-9
-9
-9
-10
-12
-10
-6
-5
-8
-10
-8
-5
-6
-9
-8
-5
-6
-9
-11
-9
-7
-6
-6
-6
-9
-12
-11
-7
-5
-6
-9
-9
-9
-9
-9
-9
-10
-11
-11
-8
-7
-10
-14
-13
-10
-7
-7
-8
-11
-15
-15
-10
-5
-5
-9
-14
-15
-13
-10
-8
-7
-10
-13
-14
-11
-7
-6
-7
-9
-10
-11
-10
-8
-7
-9
-12
-12
-8
-7
-10
-13
-11
-6
-6
-9
-12
-10
-9
-11
-13
-10
-5
-3
-8
-13
-13
-9
-8
-9
-10
-8
-7
-8
-10
-10
-9
-9
-9
-7
-5
-8
-12
-13
-8
-5
-5
-8
-9
-8
-8
-8
-6
-5
-6
-8
-7
-5
-6
-8
-7
-5
-5
-7
-5
-3
-5
-9
-9
-5
-2
-4
-8
-9
-7
-7
-5
-1
2
-1
-5
-8
-6
-3
-1
1
0
-6
-10
-8
-2
2
2
0
-2
-2
-1
0
0
-2
-3
-1
2
3
2
-1
-5
-6
-5
1
5
6
3
0
-1
0
2
3
4
4
5
6
7
5
3
2
4
7
9
9
6
4
4
6
9
7
3
1
4
8
9
6
3
3
4
6
7
7
7
7
6
5
8
10
10
8
6
6
5
4
6
9
8
3
2
8
14
14
9
6
7
9
10
12
10
8
7
10
13
14
12
11
11
12
12
11
11
11
12
13
13
12
12
11
10
9
10
11
12
13
14
15
13
12
14
17
16
14
14
15
14
13
14
16
13
9
8
11
14
13
13
13
13
12
13
14
12
8
7
9
11
10
10
12
15
15
13
12
12
13
15
16
14
13
14
16
16
14
14
13
11
10
12
12
11
10
11
12
12
10
9
10
11
12
13
12
10
9
12
13
11
9
10
13
14
12
10
9
11
15
17
13
7
5
8
13
14
10
5
2
4
8
12
11
7
6
9
11
10
10
10
10
8
7
8
8
6
4
5
8
9
7
6
7
8
8
9
9
9
10
10
7
4
4
7
10
10
9
7
6
4
1
1
5
12
15
12
5
1
1
2
5
7
8
5
0
-2
0
2
2
2
4
6
6
6
5
3
-1
0
4
7
4
0
0
4
8
9
7
2
-2
-4
-2
-3
-4
-1
5
6
3
0
-1
-4
-7
-4
2
2
-3
-2
6
9
1
-7
-4
4
2
-6
-6
1
5
1
-5
-3
8
16
12
0
-7
-2
5
5
1
2
7
6
-2
-9
-6
-1
1
1
5
5
-2
-9
-8
-1
5
6
0
-5
-2
5
3
-7
-10
-1
5
-7
-24
-18
5
14
1
-8
-1
2
-10
-20
-11
1
-9
-32
-38
-21
-8
-11
-18
-19
-16
-13
-7
-6
-16
-27
-22
-6
-1
-13
-22
-15
-1
9
13
9
-9
-28
-20
10
24
4
-18
-16
-7
-13
-21
-13
1
-2
-13
-12
-7
-17
-27
-11
15
14
-14
-31
-23
-10
-10
-16
-18
-13
-3
4
1
-9
-12
0
19
27
22
12
-8
-36
-50
-32
-2
8
-7
-31
-45
-33
7
37
20
-27
-44
-21
-11
-53
-111
-121
-74
-9
43
75
76
39
-12
-47
-63
-67
-48
-8
27
41
39
24
-7
-41
-48
-23
0
1
-6
-4
2
-10
-31
-42
-37
-31
-28
-24
-19
-6
9
4
-26
-40
-8
29
15
-30
-39
-8
8
-14
-27
6
51
55
18
-17
-26
-18
-7
-2
-5
-12
-13
-13
-23
-26
-5
19
17
-5
-19
-17
-3
16
28
14
-20
-43
-43
-37
-35
-17
24
51
28
-16
-33
-21
-7
14
44
36
-32
-97
-81
-2
60
59
20
-16
-30
-18
7
18
1
-24
-32
-26
-21
-5
34
62
40
-9
-30
-9
20
31
18
0
5
31
34
-6
-39
-11
41
43
-7
-33
-8
14
-1
-3
27
32
-13
-35
2
19
-34
-79
-37
42
60
13
-28
-28
-2
31
60
51
-3
-34
10
64
42
-30
-67
-62
-55
-29
38
76
-1
-137
-173
-42
149
272
294
246
145
44
30
107
162
109
7
-32
2
26
2
-9
45
107
68
-79
-205
-185
-35
110
139
58
-55
-131
-136
-61
62
145
119
16
-67
-69
-13
53
100
106
49
-47
-105
-62
48
106
39
-103
-194
-169
-77
-18
-45
-130
-188
-154
-54
4
-59
-190
-252
-174
-29
52
23
-61
-125
-120
-55
5
-1
-44
-44
-13
-29
-81
-51
74
129
-2
-188
-202
-13
180
204
78
-75
-159
-128
-3
110
110
22
-55
-53
22
114
127
10
-136
-139
31
211
210
0
-259
-340
-128
240
439
266
-85
-212
-20
171
126
6
24
95
51
-45
-50
-6
-26
-67
-23
52
13
-103
-95
77
195
92
-111
-179
-58
103
135
22
-91
-56
91
184
139
13
-113
-184
-133
45
198
150
-76
-251
-189
49
221
170
0
-80
-55
-111
-310
-382
-70
392
443
-37
-461
-319
126
282
63
-153
-178
-136
-92
15
118
77
-31
13
168
122
-189
-370
-104
345
457
125
-254
-295
-22
224
175
-100
-281
-162
135
312
208
-49
-189
-89
85
96
-32
-68
44
78
-87
-214
-33
315
412
126
-201
-190
106
315
227
-3
-107
-30
48
-11
-79
55
310
345
63
-216
-215
-28
128
203
211
118
-53
-168
-146
-57
4
37
81
132
162
140
5
-222
-284
40
447
354
-224
-573
-275
244
398
167
-118
-259
-225
-30
212
291
141
-67
-198
-292
-305
-32
427
537
69
-454
-461
-67
270
369
249
-80
-421
-382
74
405
193
-219
-230
101
197
-79
-279
-155
44
115
152
200
142
-29
-175
-232
-212
-46
268
416
92
-416
-437
105
481
194
-314
-384
-59
153
81
-13
41
131
145
93
-34
-211
-243
-21
194
141
46
233
447
171
-456
-684
-183
491
656
293
-167
-445
-445
-85
454
649
256
-293
-450
-193
175
469
568
298
-291
-722
-526
146
611
410
-186
-512
-208
432
720
298
-356
-483
-76
200
117
125
333
169
-522
-888
-240
757
867
-18
-762
-549
233
767
709
169
-503
-742
-239
521
706
181
-371
-388
-62
89
-60
-182
-42
187
199
-22
-161
42
372
322
-169
-492
-230
185
184
-51
-47
61
-131
-406
-197
358
471
-45
-392
-15
522
444
-94
-417
-362
-203
16
352
485
62
-561
-583
138
755
498
-288
-620
-193
312
291
-26
-117
3
-42
-256
-238
101
323
136
-161
-219
-183
-256
-211
133
403
220
-144
-219
-62
-16
-80
-24
100
61
-69
-40
52
-79
-279
-148
176
179
-96
-134
80
67
-173
-99
383
642
261
-357
-586
-342
38
336
468
298
-118
-356
-115
325
491
302
5
-191
-204
-72
88
200
251
124
-271
-632
-436
299
824
533
-220
-553
-183
304
320
-53
-339
-227
201
470
77
-731
-935
-57
961
920
-20
-667
-451
66
246
143
52
-61
-290
-420
-245
84
346
496
419
-49
-648
-761
-214
433
574
195
-280
-479
-305
63
264
72
-245
-160
338
575
124
-471
-414
181
443
8
-515
-461
25
362
374
315
281
92
-255
-447
-292
42
334
515
463
5
-616
-721
-85
531
294
-486
-678
124
982
814
-214
-916
-547
411
908
468
-448
-980
-656
220
845
641
-202
-869
-704
107
713
544
-71
-393
-191
110
102
-139
-276
-149
113
268
200
16
-79
-33
-7
-119
-212
-74
156
115
-203
-341
0
501
615
203
-368
-611
-331
226
563
370
-184
-619
-605
-204
274
545
478
144
-186
-241
-70
13
-108
-155
101
422
366
-116
-568
-545
-100
315
369
158
-17
-43
-62
-174
-219
17
422
575
234
-326
-582
-317
202
528
411
-71
-566
-635
-108
644
968
585
-132
-613
-653
-387
53
546
779
462
-179
-504
-237
196
290
90
-20
77
169
97
-77
-229
-258
-67
303
517
258
-294
-573
-311
146
317
115
-207
-419
-439
-249
95
382
372
58
-310
-479
-372
-69
266
414
226
-203
-560
-587
-313
1
120
11
-166
-215
-82
86
92
-63
-172
-110
-21
-118
-341
-405
-195
51
52
-156
-309
-277
-175
-119
-54
101
259
240
16
-233
-329
-273
-172
-85
-6
46
7
-139
-310
-368
-211
139
494
590
318
-117
-351
-216
94
256
153
-59
-153
-39
195
373
375
228
53
-45
-36
54
157
205
182
146
158
197
182
99
29
42
115
184
197
111
-47
-137
-23
219
349
228
-57
-321
-432
-337
-70
193
227
20
-168
-118
63
109
-49
-255
-360
-320
-161
23
89
-14
-150
-141
2
98
31
-123
-222
-222
-176
-143
-134
-96
26
169
181
18
-165
-220
-175
-120
-54
57
150
147
86
75
116
116
56
7
-27
-92
-121
16
279
451
413
256
101
-27
-114
-82
90
271
302
172
-4
-121
-121
34
284
423
276
-66
-300
-222
66
270
206
-42
-242
-246
-91
89
179
142
9
-134
-197
-148
-42
52
125
204
250
161
-85
-345
-419
-228
102
349
356
130
-176
-370
-342
-135
75
113
-36
-202
-209
-69
51
25
-106
-216
-228
-164
-83
-37
-45
-85
-107
-85
-46
-31
-54
-110
-186
-230
-163
27
211
210
-29
-336
-458
-298
-19
123
29
-165
-265
-215
-109
-39
-13
-4
-15
-51
-90
-111
-124
-136
-131
-102
-76
-65
-28
65
161
161
49
-70
-84
-7
49
23
-37
-51
-7
54
105
154
204
229
209
150
69
4
19
154
343
435
356
181
42
-10
-8
15
51
90
116
130
144
153
145
134
131
109
42
-19
6
109
185
156
50
-53
-111
-131
-119
-66
19
97
138
143
135
124
96
40
-25
-70
-82
-80
-71
-39
17
55
32
-29
-56
5
130
230
235
160
82
55
48
-2
-94
-142
-67
96
227
226
108
-16
-32
75
210
257
193
98
53
67
89
82
50
27
45
100
150
156
124
94
86
81
55
13
-28
-63
-89
-86
-44
15
55
51
3
-52
-50
41
161
186
44
-189
-356
-359
-229
-84
-29
-97
-230
-330
-339
-284
-229
-206
-193
-165
-122
-82
-66
-101
-199
-326
-414
-417
-345
-257
-211
-233
-301
-361
-370
-346
-349
-407
-469
-457
-351
-217
-152
-204
-323
-405
-388
-316
-295
-360
-438
-445
-389
-350
-368
-409
-421
-391
-337
-275
-218
-182
-162
-130
-77
-33
-31
-68
-106
-112
-83
-38
2
29
46
63
81
92
100
121
168
228
276
305
323
352
407
479
533
547
540
561
619
669
671
646
637
639
617
580
585
653
726
733
676
621
626
692
775
826
813
746
675
652
679
715
714
668
603
549
516
485
439
384
344
329
325
316
305
301
298
281
252
221
192
160
129
96
44
-31
-94
-112
-103
-118
-168
-201
-178
-127
-107
-131
-160
-165
-152
-140
-141
-161
-193
-219
-220
-196
-173
-175
-198
-220
-222
-203
-185
-188
-212
-236
-248
-258
-273
-275
-247
-208
-190
-195
-197
-180
-166
-178
-212
-249
-274
-287
-298
-331
-397
-466
-486
-445
-395
-389
-427
-471
-507
-548
-601
-643
-662
-677
-715
-785
-872
-958
-1027
-1074
-1110
-1139
-1161
-1174
-1177
-1162
-1100
-978
-823
-680
-565
-457
-355
-294
-312
-391
-475
-514
-492
-438
-400
-404
-433
-434
-374
-267
-144
-14
125
265
383
470
526
552
562
590
652
726
764
762
761
804
890
981
1043
1057
1037
1021
1049
1121
1198
1246
1260
1255
1241
1229
1231
1246
1253
1235
1201
1170
1145
1106
1042
961
882
822
787
770
753
735
724
715
685
621
539
467
409
354
308
280
253
196
112
40
-3
-36
-75
-102
-100
-92
-121
-194
-275
-323
-329
-303
-268
-240
-223
-206
-192
-200
-241
-291
-315
-297
-261
-237
-241
-262
-277
-272
-251
-226
-195
-145
-84
-43
-37
-38
-12
35
76
110
153
199
219
214
223
267
310
307
268
245
259
280
276
240
197
168
163
169
167
145
112
87
75
59
19
-46
-123
-190
-236
-279
-350
-453
-558
-630
-666
-681
-691
-710
-758
-838
-920
-973
-1007
-1069
-1164
-1253
-1314
-1373
-1452
-1535
-1597
-1649
-1722
-1816
-1903
-1961
-1993
-1996
-1955
-1866
-1739
-1581
-1394
-1195
-1013
-880
-806
-782
-783
-789
-808
-857
-919
-947
-918
-857
-797
-723
-591
-391
-169
31
201
349
487
627
766
877
932
943
962
1019
1086
1128
1158
1217
1313
1410
1480
1529
1573
1612
1644
1679
1724
1758
1766
1758
1763
1785
1794
1755
1662
1541
1430
1352
1294
1230
1153
1075
1005
938
871
819
800
805
803
777
730
658
561
456
364
285
205
112
6
-113
-237
-345
-415
-453
-479
-493
-471
-420
-391
-427
-515
-612
-673
-680
-641
-584
-533
-486
-430
-377
-352
-363
-390
-407
-410
-402
-385
-366
-355
-340
-294
-215
-131
-56
29
144
276
390
454
450
378
271
177
132
137
182
263
369
460
512
545
588
636
664
668
657
632
586
525
463
394
308
220
169
175
211
238
236
211
175
132
78
4
-93
-193
-278
-355
-460
-613
-792
-953
-1071
-1148
-1196
-1232
-1268
-1311
-1360
-1422
-1510
-1624
-1745
-1856
-1961
-2059
-2132
-2172
-2216
-2314
-2454
-2563
-2597
-2597
-2629
-2701
-2752
-2722
-2590
-2372
-2098
-1800
-1497
-1183
-861
-581
-417
-393
-459
-531
-565
-572
-583
-608
-608
-529
-351
-109
147
396
658
957
1282
1591
1826
1945
1968
1961
1973
1986
1970
1945
1975
2079
2208
2306
2354
2369
2363
2345
2322
2297
2260
2208
2161
2133
2102
2038
1930
1804
1692
1611
1545
1455
1322
1158
983
796
593
401
257
175
132
109
97
78
23
-65
-147
-193
-228
-289
-385
-492
-596
-699
-807
-910
-1003
-1084
-1144
-1162
-1124
-1050
-974
-906
-836
-758
-688
-638
-591
-524
-442
-367
-308
-253
-205
-190
-215
-246
-243
-204
-151
-84
21
177
359
510
587
600
612
679
793
896
932
897
820
730
642
570
531
544
624
762
898
964
953
922
911
908
885
849
817
785
732
641
517
370
223
113
52
16
-26
-68
-99
-128
-168
-208
-236
-258
-281
-295
-313
-373
-493
-653
-830
-1032
-1263
-1481
-1636
-1740
-1836
-1924
-1973
-1976
-1960
-1937
-1911
-1917
-1986
-2097
-2200
-2287
-2386
-2512
-2637
-2740
-2835
-2939
-3051
-3150
-3205
-3157
-2946
-2574
-2109
-1617
-1123
-648
-229
84
258
290
219
109
2
-96
-196
-276
-287
-187
30
341
707
1082
1437
1770
2077
2323
2485
2592
2681
2744
2750
2702
2633
2571
2534
2542
2589
2628
2606
2520
2411
2299
2171
2028
1909
1843
1819
1802
1770
1711
1625
1528
1430
1322
1187
1018
816
575
297
2
-275
-502
-661
-745
-768
-747
-699
-628
-550
-489
-471
-498
-568
-681
-831
-995
-1147
-1270
-1343
-1356
-1327
-1283
-1228
-1158
-1086
-1026
-948
-818
-651
-500
-388
-292
-195
-118
-75
-32
43
142
242
336
405
413
365
325
342
407
483
569
689
849
1017
1140
1186
1174
1160
1182
1219
1217
1153
1057
967
892
820
742
649
555
510
551
635
679
651
605
595
612
604
537
424
298
186
99
22
-76
-203
-328
-413
-458
-490
-529
-565
-571
-538
-492
-475
-499
-541
-575
-597
-624
-670
-747
-860
-1002
-1158
-1315
-1458
-1574
-1652
-1694
-1706
-1697
-1684
-1691
-1726
-1767
-1792
-1812
-1855
-1929
-2016
-2115
-2236
-2366
-2474
-2562
-2652
-2748
-2837
-2912
-2953
-2888
-2626
-2147
-1519
-841
-183
409
879
1164
1233
1114
889
660
482
325
147
-16
-70
50
338
749
1218
1680
2110
2515
2856
3037
3011
2857
2713
2632
2573
2497
2414
2331
2246
2190
2189
2199
2138
2003
1863
1747
1617
1461
1308
1187
1102
1063
1075
1088
1020
858
676
533
397
201
-64
-365
-672
-948
-1149
-1272
-1341
-1349
-1262
-1088
-894
-755
-698
-704
-744
-800
-865
-937
-1016
-1086
-1126
-1133
-1121
-1091
-1021
-907
-765
-609
-457
-338
-269
-218
-142
-37
79
207
356
506
627
710
761
777
757
732
743
778
788
757
723
723
762
839
955
1083
1193
1276
1336
1342
1255
1085
895
752
665
603
537
459
384
328
302
291
273
250
241
248
257
246
197
105
-3
-79
-116
-153
-211
-265
-293
-316
-365
-441
-515
-570
-600
-598
-570
-552
-559
-545
-458
-326
-226
-194
-217
-279
-378
-500
-630
-764
-902
-1025
-1116
-1182
-1236
-1279
-1299
-1305
-1310
-1299
-1259
-1228
-1265
-1385
-1548
-1723
-1888
-2023
-2121
-2208
-2294
-2363
-2417
-2516
-2716
-2978
-3168
-3163
-2917
-2456
-1838
-1145
-442
231
813
1186
1261
1085
793
477
154
-160
-415
-552
-522
-290
133
663
1201
1724
2255
2751
3087
3187
3102
2927
2718
2504
2318
2178
2090
2074
2165
2340
2502
2548
2455
2269
2045
1808
1566
1343
1167
1071
1071
1137
1195
1177
1069
903
713
509
272
-24
-369
-717
-1025
-1287
-1502
-1643
-1668
-1561
-1357
-1126
-942
-839
-806
-817
-863
-958
-1107
-1265
-1372
-1403
-1379
-1335
-1275
-1171
-995
-755
-506
-318
-222
-187
-161
-115
-49
34
146
312
542
798
1024
1186
1277
1303
1282
1243
1203
1145
1046
923
829
804
847
943
1082
1239
1375
1470
1529
1532
1427
1217
975
753
546
347
189
85
12
-44
-62
-31
14
40
59
77
53
-41
-158
-242
-302
-364
-405
-408
-412
-448
-481
-475
-457
-473
-511
-536
-551
-583
-624
-647
-648
-640
-598
-487
-338
-223
-162
-130
-121
-154
-238
-356
-497
-645
-775
-874
-948
-1006
-1035
-1013
-933
-828
-759
-769
-851
-959
-1062
-1179
-1340
-1536
-1729
-1900
-2054
-2191
-2313
-2439
-2570
-2654
-2676
-2727
-2898
-3127
-3244
-3123
-2750
-2169
-1446
-673
56
690
1172
1382
1220
767
271
-76
-267
-381
-432
-380
-185
176
680
1237
1741
2175
2589
2987
3277
3360
3235
3006
2785
2615
2481
2361
2258
2198
2195
2224
2224
2145
1977
1751
1523
1332
1166
996
848
777
778
774
724
637
514
329
95
-146
-398
-706
-1058
-1370
-1592
-1767
-1923
-1998
-1921
-1718
-1459
-1172
-892
-703
-648
-663
-687
-749
-876
-1005
-1045
-986
-887
-778
-645
-495
-348
-188
12
216
367
474
587
706
791
840
902
1001
1126
1266
1416
1538
1586
1556
1494
1427
1338
1218
1093
993
919
864
844
858
875
880
898
948
982
934
801
631
451
249
31
-167
-323
-443
-515
-519
-483
-478
-520
-536
-475
-392
-358
-355
-336
-322
-350
-395
-421
-452
-513
-553
-512
-426
-380
-380
-359
-302
-271
-278
-258
-188
-120
-78
-22
51
92
88
88
111
106
29
-91
-194
-270
-344
-421
-480
-513
-535
-560
-585
-612
-652
-705
-757
-801
-856
-966
-1152
-1374
-1581
-1788
-2030
-2266
-2417
-2490
-2564
-2662
-2746
-2817
-2927
-3078
-3212
-3306
-3376
-3364
-3133
-2632
-1974
-1271
-504
327
1057
1500
1625
1496
1151
661
192
-118
-268
-296
-149
245
829
1445
2015
2568
3095
3512
3771
3904
3918
3770
3463
3085
2716
2382
2104
1935
1904
1966
2036
2061
2034
1935
1723
1395
1028
711
464
269
141
92
74
12
-111
-263
-443
-685
-976
-1245
-1458
-1660
-1873
-2037
-2107
-2121
-2099
-1981
-1743
-1466
-1217
-964
-695
-493
-428
-452
-487
-523
-565
-569
-486
-347
-196
2
286
577
775
910
1070
1243
1356
1406
1432
1431
1406
1424
1531
1671
1756
1785
1816
1847
1807
1674
1491
1287
1054
825
660
552
448
352
323
368
427
453
443
393
284
116
-93
-320
-551
-766
-934
-1032
-1082
-1118
-1140
-1104
-985
-815
-659
-551
-481
-428
-393
-383
-394
-416
-445
-457
-412
-322
-265
-272
-276
-207
-90
15
99
183
260
320
383
456
503
502
493
528
585
586
511
409
314
219
116
20
-72
-170
-256
-307
-334
-366
-413
-459
-484
-494
-533
-651
-840
-1041
-1223
-1410
-1613
-1812
-1998
-2192
-2397
-2579
-2728
-2886
-3062
-3174
-3163
-3107
-3109
-3153
-3185
-3259
-3412
-3508
-3374
-3003
-2466
-1750
-844
109
908
1489
1882
2028
1838
1422
1039
792
593
449
518
836
1258
1712
2261
2860
3344
3663
3934
4185
4272
4108
3818
3533
3203
2764
2330
2041
1854
1678
1567
1579
1593
1452
1170
858
530
146
-232
-483
-597
-677
-767
-815
-816
-875
-1045
-1246
-1397
-1526
-1698
-1895
-2064
-2208
-2346
-2437
-2404
-2244
-2018
-1748
-1385
-934
-515
-233
-60
86
195
215
189
208
271
330
424
634
927
1175
1342
1504
1695
1837
1895
1951
2057
2136
2130
2111
2129
2103
1972
1826
1758
1718
1613
1458
1312
1154
926
663
448
284
116
-35
-100
-107
-168
-307
-449
-552
-657
-785
-902
-999
-1106
-1230
-1326
-1370
-1388
-1398
-1362
-1254
-1115
-1008
-933
-856
-767
-678
-580
-462
-341
-243
-161
-67
42
142
229
328
446
555
631
682
723
754
776
809
861
910
925
912
883
833
753
666
604
554
478
361
219
69
-82
-213
-294
-319
-309
-294
-294
-335
-446
-618
-802
-951
-1065
-1175
-1296
-1429
-1577
-1758
-1987
-2244
-2481
-2657
-2766
-2825
-2846
-2853
-2871
-2896
-2894
-2859
-2839
-2865
-2916
-2981
-3104
-3297
-3456
-3414
-3082
-2474
-1616
-538
628
1676
2478
2995
3169
2953
2460
1924
1487
1141
898
867
1115
1551
2054
2611
3214
3736
4064
4236
4319
4250
3961
3551
3166
2801
2368
1902
1532
1289
1091
926
875
919
899
726
467
164
-235
-715
-1115
-1324
-1406
-1457
-1461
-1395
-1346
-1424
-1589
-1729
-1839
-1977
-2111
-2156
-2133
-2131
-2139
-2058
-1864
-1624
-1370
-1055
-680
-333
-76
132
330
488
588
689
826
951
1032
1120
1266
1443
1599
1732
1858
1962
2014
2022
2009
1982
1945
1935
1974
2021
2018
1962
1873
1744
1565
1350
1121
881
650
451
274
79
-140
-337
-474
-559
-621
-665
-695
-739
-819
-917
-1024
-1161
-1323
-1449
-1502
-1512
-1513
-1493
-1440
-1374
-1306
-1214
-1082
-930
-781
-623
-448
-290
-181
-101
-11
89
181
276
391
503
589
662
732
781
804
830
886
952
994
1009
1015
1023
1028
1023
997
924
796
646
508
377
229
78
-37
-99
-121
-126
-146
-201
-287
-375
-451
-521
-602
-706
-836
-986
-1157
-1352
-1570
-1789
-1983
-2141
-2271
-2375
-2454
-2514
-2578
-2646
-2693
-2700
-2685
-2661
-2619
-2567
-2542
-2560
-2592
-2639
-2745
-2915
-3069
-3115
-3008
-2719
-2207
-1455
-519
512
1562
2527
3240
3568
3528
3241
2802
2263
1721
1299
1070
1055
1269
1693
2224
2737
3188
3598
3941
4116
4053
3792
3416
2972
2491
2020
1599
1238
953
785
733
712
625
460
258
19
-298
-689
-1077
-1386
-1593
-1699
-1693
-1592
-1465
-1366
-1295
-1255
-1299
-1460
-1666
-1823
-1926
-2018
-2080
-2049
-1919
-1730
-1483
-1150
-765
-410
-106
199
497
700
783
829
894
944
981
1082
1268
1461
1619
1795
2006
2168
2208
2170
2124
2052
1917
1769
1676
1607
1514
1448
1465
1494
1431
1296
1169
1046
863
620
376
149
-95
-339
-525
-656
-799
-951
-1025
-995
-948
-951
-977
-995
-1036
-1125
-1234
-1325
-1409
-1487
-1512
-1440
-1313
-1195
-1078
-906
-687
-486
-336
-207
-78
27
93
148
212
266
305
376
502
633
721
795
912
1052
1140
1154
1136
1115
1076
1024
996
985
940
855
794
775
731
612
460
329
205
58
-85
-186
-275
-398
-518
-569
-571
-606
-687
-764
-826
-901
-980
-1021
-1043
-1125
-1290
-1471
-1619
-1778
-1982
-2177
-2293
-2333
-2341
-2321
-2278
-2261
-2314
-2402
-2449
-2445
-2436
-2425
-2367
-2258
-2168
-2149
-2184
-2252
-2369
-2525
-2614
-2497
-2111
-1465
-582
490
1612
2599
3334
3776
3888
3635
3090
2444
1877
1447
1149
1011
1075
1314
1678
2152
2713
3248
3626
3820
3875
3779
3468
2951
2353
1785
1275
833
509
313
179
61
-3
1
-22
-175
-443
-746
-1055
-1375
-1659
-1821
-1848
-1799
-1708
-1570
-1433
-1391
-1465
-1566
-1627
-1670
-1722
-1748
-1704
-1612
-1505
-1357
-1123
-823
-506
-166
213
576
826
948
1010
1065
1105
1125
1163
1245
1355
1482
1649
1856
2046
2175
2269
2361
2415
2363
2195
1962
1724
1514
1358
1268
1225
1189
1141
1086
1006
856
617
332
64
-155
-341
-517
-690
-844
-966
-1047
-1084
-1081
-1060
-1053
-1060
-1072
-1102
-1182
-1309
-1428
-1489
-1494
-1467
-1408
-1308
-1183
-1046
-872
-636
-375
-158
5
149
268
323
321
326
374
457
568
723
895
1013
1046
1051
1083
1117
1115
1101
1114
1135
1129
1110
1102
1081
1015
922
840
753
613
419
221
46
-125
-299
-439
-528
-593
-651
-678
-659
-615
-576
-555
-561
-617
-739
-904
-1068
-1213
-1354
-1500
-1630
-1721
-1781
-1832
-1880
-1913
-1921
-1916
-1910
-1902
-1893
-1904
-1950
-2003
-2022
-2012
-2003
-1988
-1946
-1896
-1884
-1906
-1916
-1917
-1978
-2128
-2283
-2328
-2211
-1906
-1361
-573
360
1328
2280
3135
3708
3849
3609
3171
2656
2082
1498
1016
706
577
667
1025
1562
2089
2523
2927
3302
3497
3402
3077
2645
2155
1638
1186
860
605
358
181
149
175
109
-57
-237
-430
-703
-1031
-1307
-1490
-1619
-1694
-1645
-1473
-1292
-1175
-1082
-990
-976
-1082
-1229
-1337
-1432
-1552
-1638
-1611
-1476
-1284
-1025
-661
-226
183
522
815
1051
1175
1187
1162
1152
1149
1162
1251
1443
1678
1869
1996
2089
2144
2126
2032
1894
1739
1579
1448
1390
1396
1401
1367
1327
1319
1301
1197
985
708
399
67
-270
-573
-826
-1038
-1186
-1216
-1129
-1006
-912
-841
-776
-758
-833
-979
-1137
-1288
-1438
-1562
-1611
-1585
-1518
-1403
-1205
-946
-691
-459
-215
34
222
314
348
378
417
462
534
636
738
820
908
1013
1088
1085
1026
964
911
852
792
747
729
750
816
909
977
975
904
788
638
453
244
31
-168
-335
-456
-548
-650
-752
-803
-789
-751
-720
-693
-679
-702
-759
-822
-895
-1010
-1152
-1250
-1273
-1287
-1345
-1403
-1413
-1418
-1461
-1508
-1526
-1555
-1620
-1656
-1609
-1539
-1516
-1502
-1426
-1337
-1347
-1444
-1516
-1538
-1583
-1649
-1665
-1656
-1713
-1832
-1923
-1989
-2108
-2221
-2116
-1665
-964
-152
744
1690
2524
3097
3402
3448
3170
2598
1961
1458
1062
679
379
320
518
861
1285
1789
2280
2622
2816
2947
2975
2774
2385
1995
1677
1331
912
517
224
0
-183
-264
-233
-205
-267
-364
-451
-611
-883
-1125
-1187
-1112
-1029
-969
-902
-861
-905
-1006
-1093
-1175
-1294
-1392
-1366
-1254
-1193
-1202
-1160
-988
-728
-423
-73
283
566
761
922
1061
1109
1046
974
986
1052
1101
1146
1230
1339
1448
1581
1745
1875
1908
1870
1823
1762
1636
1462
1323
1251
1202
1144
1081
991
832
621
422
252
62
-166
-373
-507
-600
-706
-818
-892
-919
-900
-822
-705
-637
-688
-826
-960
-1066
-1181
-1307
-1381
-1357
-1254
-1097
-898
-693
-532
-401
-227
4
211
318
352
382
428
468
518
605
706
784
858
958
1046
1057
1005
971
978
978
949
926
926
909
865
841
854
840
751
622
491
326
103
-122
-289
-412
-526
-611
-629
-610
-620
-654
-661
-652
-690
-776
-854
-905
-964
-1033
-1072
-1083
-1112
-1172
-1220
-1243
-1292
-1390
-1479
-1494
-1452
-1406
-1360
-1303
-1254
-1225
-1190
-1140
-1113
-1143
-1195
-1218
-1223
-1269
-1371
-1487
-1573
-1616
-1617
-1584
-1556
-1572
-1633
-1716
-1822
-1946
-2023
-1932
-1577
-940
-82
887
1842
2657
3232
3494
3397
2959
2295
1569
914
394
47
-91
6
342
890
1562
2218
2740
3090
3276
3281
3071
2657
2123
1567
1057
634
312
61
-146
-278
-279
-172
-69
-55
-133
-269
-454
-674
-886
-1047
-1149
-1183
-1123
-992
-889
-900
-995
-1088
-1151
-1212
-1270
-1289
-1268
-1234
-1184
-1090
-954
-799
-604
-312
65
417
665
830
957
1033
1035
994
964
963
988
1066
1208
1354
1441
1500
1606
1752
1850
1855
1813
1761
1687
1582
1475
1379
1270
1144
1049
994
901
706
458
242
68
-103
-264
-374
-439
-502
-575
-630
-674
-746
-837
-881
-872
-882
-954
-1038
-1090
-1135
-1201
-1252
-1236
-1165
-1073
-948
-772
-580
-421
-272
-78
137
296
377
431
479
503
506
543
633
737
824
913
1006
1049
1011
943
908
902
898
911
960
1007
1000
941
870
789
670
520
377
240
75
-116
-280
-396
-490
-576
-625
-626
-612
-615
-626
-639
-679
-759
-841
-894
-939
-1015
-1111
-1184
-1222
-1235
-1224
-1183
-1136
-1111
-1100
-1074
-1044
-1048
-1089
-1120
-1107
-1068
-1019
-959
-898
-861
-856
-863
-878
-925
-1007
-1085
-1127
-1151
-1190
-1230
-1247
-1250
-1265
-1285
-1299
-1328
-1404
-1526
-1670
-1829
-1969
-1992
-1773
-1271
-546
317
1240
2110
2772
3118
3130
2832
2281
1599
954
448
85
-134
-152
82
524
1076
1677
2274
2769
3063
3146
3046
2759
2294
1750
1263
871
533
243
53
-28
-66
-93
-76
-22
-20
-117
-266
-428
-624
-842
-980
-974
-882
-793
-714
-626
-594
-700
-912
-1120
-1288
-1434
-1523
-1491
-1369
-1244
-1115
-907
-620
-346
-121
117
397
638
767
817
835
803
726
694
765
875
953
1037
1188
1354
1439
1443
1454
1505
1553
1585
1625
1645
1577
1446
1347
1305
1235
1096
952
858
768
612
401
186
-18
-204
-320
-341
-342
-406
-507
-559
-555
-565
-620
-678
-710
-749
-821
-913
-1015
-1140
-1254
-1270
-1151
-966
-800
-653
-486
-309
-173
-83
-1
91
177
256
348
431
461
449
464
542
640
708
760
824
876
881
854
841
849
864
895
954
1000
971
869
749
631
489
318
161
40
-77
-216
-353
-457
-535
-591
-591
-532
-467
-451
-477
-517
-576
-675
-789
-877
-937
-1003
-1078
-1139
-1188
-1243
-1279
-1253
-1170
-1075
-990
-912
-854
-839
-859
-878
-882
-891
-914
-928
-930
-950
-1000
-1054
-1099
-1141
-1166
-1146
-1097
-1072
-1084
-1095
-1084
-1071
-1070
-1070
-1063
-1069
-1102
-1153
-1246
-1436
-1704
-1923
-1967
-1800
-1415
-792
46
990
1902
2670
3179
3310
3043
2509
1883
1243
614
84
-224
-280
-122
237
772
1373
1914
2371
2759
3006
2997
2734
2343
1919
1460
981
559
229
-51
-267
-332
-247
-139
-88
-49
1
-26
-195
-434
-638
-786
-893
-905
-794
-663
-629
-669
-703
-767
-931
-1133
-1243
-1251
-1230
-1189
-1073
-896
-730
-571
-339
-37
224
410
604
821
956
961
923
906
869
788
739
770
835
894
1008
1221
1445
1575
1640
1713
1750
1670
1512
1376
1269
1148
1037
985
942
821
637
486
382
250
81
-38
-79
-121
-210
-299
-374
-484
-622
-700
-691
-675
-714
-764
-782
-811
-899
-997
-1030
-1013
-989
-925
-785
-622
-508
-415
-282
-127
-10
75
179
293
357
374
407
478
539
578
640
732
796
814
828
857
862
830
814
846
885
882
850
827
803
749
672
590
482
324
146
-5
-131
-260
-382
-455
-469
-464
-479
-524
-585
-653
-714
-745
-744
-735
-743
-765
-795
-845
-932
-1047
-1147
-1191
-1172
-1117
-1052
-976
-890
-807
-737
-666
-590
-528
-489
-457
-428
-432
-495
-583
-641
-675
-729
-803
-851
-866
-887
-920
-920
-883
-851
-828
-777
-709
-704
-794
-907
-977
-1039
-1150
-1277
-1369
-1464
-1628
-1834
-2007
-2127
-2171
-2011
-1515
-716
217
1156
2046
2766
3125
3038
2602
1951
1169
385
-199
-488
-552
-450
-130
428
1085
1671
2154
2562
2838
2887
2738
2492
2168
1744
1307
988
771
537
277
106
74
103
139
216
333
383
296
133
-46
-271
-539
-721
-718
-606
-524
-500
-499
-549
-698
-901
-1052
-1124
-1166
-1170
-1077
-912
-782
-716
-627
-466
-283
-119
51
238
384
438
435
424
390
320
278
351
527
737
953
1187
1410
1562
1631
1650
1634
1559
1431
1305
1213
1126
1018
916
860
844
835
822
808
771
690
583
487
408
310
175
26
-112
-250
-400
-540
-627
-649
-624
-573
-521
-515
-595
-735
-860
-923
-932
-902
-821
-684
-531
-413
-338
-285
-242
-198
-123
-5
109
158
150
141
160
188
219
282
388
505
601
674
723
726
696
692
738
786
787
750
710
657
566
445
326
220
119
40
4
-16
-58
-108
-120
-99
-105
-162
-248
-345
-462
-595
-716
-809
-883
-933
-929
-883
-853
-874
-911
-922
-913
-904
-884
-843
-795
-758
-724
-694
-692
-728
-761
-749
-706
-680
-681
-685
-691
-715
-745
-757
-758
-767
-765
-730
-682
-662
-673
-677
-663
-659
-678
-701
-724
-774
-854
-929
-984
-1043
-1114
-1168
-1208
-1282
-1416
-1571
-1692
-1750
-1713
-1503
-1054
-386
413
1246
2000
2527
2711
2554
2132
1525
816
145
-329
-528
-477
-231
177
695
1245
1772
2258
2650
2856
2838
2650
2354
1954
1453
920
453
101
-132
-239
-218
-115
17
184
393
573
609
461
195
-109
-414
-685
-859
-906
-856
-752
-615
-500
-498
-645
-854
-1010
-1079
-1095
-1069
-986
-862
-735
-612
-475
-336
-223
-115
52
269
446
520
521
506
493
485
519
624
775
939
1125
1335
1505
1559
1516
1459
1423
1379
1317
1269
1243
1214
1176
1158
1155
1112
1006
885
787
675
505
311
155
45
-39
-96
-114
-130
-187
-269
-325
-356
-414
-508
-588
-639
-706
-813
-924
-1004
-1052
-1058
-992
-850
-691
-570
-474
-371
-284
-250
-249
-231
-181
-125
-67
5
79
132
178
252
357
449
506
559
629
691
716
715
710
706
708
732
779
811
793
734
655
554
415
247
89
-30
-104
-140
-150
-154
-173
-202
-222
-232
-257
-318
-413
-526
-640
-749
-845
-918
-960
-968
-945
-906
-881
-885
-915
-945
-946
-907
-842
-778
-733
-705
-687
-673
-657
-630
-589
-533
-462
-384
-320
-300
-333
-393
-445
-475
-490
-496
-496
-492
-479
-447
-402
-374
-387
-432
-485
-535
-594
-671
-764
-863
-954
-1026
-1079
-1138
-1223
-1327
-1423
-1505
-1592
-1693
-1786
-1815
-1707
-1397
-864
-149
658
1454
2135
2586
2702
2440
1853
1070
258
-417
-830
-935
-753
-321
313
1056
1779
2374
2787
3003
3022
2863
2564
2155
1654
1114
622
248
-7
-159
-189
-78
147
426
707
935
1041
979
778
500
180
-175
-512
-745
-847
-864
-845
-804
-771
-787
-847
-899
-912
-914
-919
-886
-785
-663
-583
-535
-482
-426
-386
-332
-226
-96
5
80
166
252
289
284
312
420
576
749
953
1179
1356
1441
1463
1453
1389
1267
1152
1109
1120
1124
1118
1140
1183
1195
1169
1139
1099
1009
876
752
650
523
359
212
124
61
-23
-116
-181
-233
-295
-353
-387
-430
-525
-647
-738
-788
-835
-884
-885
-818
-722
-636
-556
-483
-444
-446
-450
-430
-419
-449
-490
-494
-455
-403
-342
-244
-110
27
155
282
396
467
495
521
565
597
590
558
529
497
449
397
362
341
318
304
313
334
335
312
286
260
219
150
67
-19
-111
-216
-322
-418
-509
-601
-677
-722
-737
-736
-725
-707
-689
-688
-706
-735
-765
-794
-820
-840
-854
-866
-880
-890
-885
-855
-798
-723
-641
-564
-505
-473
-467
-475
-483
-489
-494
-497
-498
-505
-523
-544
-549
-530
-500
-471
-448
-439
-459
-507
-568
-630
-695
-768
-839
-903
-974
-1065
-1167
-1259
-1342
-1433
-1537
-1638
-1712
-1722
-1602
-1281
-739
-15
810
1626
2298
2681
2686
2323
1683
905
147
-437
-749
-768
-526
-75
512
1142
1728
2220
2596
2833
2906
2803
2535
2127
1624
1094
610
220
-53
-191
-186
-51
171
435
694
901
1011
999
858
593
238
-149
-495
-750
-898
-948
-922
-864
-819
-808
-823
-852
-875
-866
-806
-707
-609
-541
-512
-520
-558
-602
-605
-538
-413
-256
-89
61
158
193
199
222
282
387
552
775
1012
1203
1318
1363
1348
1282
1197
1135
1106
1093
1087
1101
1129
1146
1141
1140
1161
1185
1186
1155
1095
993
845
674
508
346
181
27
-90
-170
-235
-294
-333
-353
-372
-412
-473
-555
-663
-780
-872
-916
-916
-887
-835
-765
-696
-650
-636
-641
-651
-656
-650
-629
-596
-560
-522
-474
-405
-312
-200
-80
42
161
265
335
370
384
394
405
418
444
481
508
507
489
473
460
439
421
427
450
458
444
424
399
345
266
194
142
76
-29
-149
-254
-352
-456
-535
-557
-548
-553
-566
-559
-552
-586
-647
-678
-668
-662
-682
-699
-705
-742
-819
-874
-871
-846
-830
-786
-681
-562
-483
-432
-367
-305
-293
-317
-323
-319
-355
-421
-443
-408
-376
-371
-348
-290
-247
-251
-262
-247
-250
-311
-393
-446
-506
-632
-800
-940
-1048
-1159
-1255
-1282
-1248
-1219
-1226
-1242
-1271
-1367
-1523
-1627
-1564
-1307
-866
-234
542
1313
1908
2234
2260
1967
1385
657
-10
-480
-718
-707
-425
85
708
1343
1940
2448
2787
2921
2882
2717
2429
2021
1563
1144
800
517
301
177
146
190
311
523
797
1052
1221
1283
1223
1013
650
198
-241
-600
-845
-968
-983
-940
-895
-872
-856
-838
-821
-801
-756
-672
-579
-523
-529
-587
-671
-751
-792
-769
-679
-548
-399
-241
-85
46
135
197
270
378
507
634
751
852
926
967
992
1017
1039
1054
1081
1143
1230
1302
1343
1369
1388
1382
1337
1268
1188
1096
990
897
830
770
685
583
490
399
281
140
10
-92
-183
-270
-340
-398
-471
-566
-651
-700
-731
-761
-770
-739
-697
-690
-722
-772
-834
-911
-977
-993
-959
-904
-838
-743
-627
-526
-456
-383
-283
-178
-93
-24
37
73
77
78
112
174
238
311
410
509
560
555
527
502
474
447
443
460
471
461
450
448
427
367
291
229
172
91
-9
-103
-180
-246
-296
-321
-337
-370
-419
-451
-457
-460
-479
-502
-513
-521
-549
-601
-667
-739
-798
-820
-790
-727
-662
-605
-543
-470
-407
-377
-378
-390
-394
-383
-364
-349
-347
-354
-355
-332
-287
-239
-204
-172
-127
-76
-55
-95
-195
-328
-464
-584
-677
-742
-792
-830
-847
-840
-836
-871
-945
-1021
-1072
-1107
-1147
-1208
-1297
-1414
-1541
-1645
-1696
-1678
-1554
-1267
-780
-126
598
1282
1827
2147
2187
1945
1467
841
187
-349
-640
-634
-356
124
734
1393
2013
2521
2864
3008
2948
2723
2394
2005
1579
1148
758
451
246
147
150
239
386
573
790
1000
1135
1148
1036
824
534
195
-146
-450
-701
-896
-1022
-1077
-1093
-1106
-1113
-1086
-1024
-954
-890
-829
-781
-763
-768
-772
-770
-779
-796
-791
-745
-675
-603
-522
-424
-322
-225
-120
9
153
304
476
678
884
1049
1150
1197
1200
1165
1117
1089
1094
1116
1152
1205
1265
1301
1306
1301
1305
1311
1302
1276
1232
1153
1034
898
765
626
471
317
189
80
-32
-145
-237
-308
-372
-430
-472
-511
-573
-656
-724
-766
-809
-870
-928
-963
-986
-1013
-1035
-1039
-1035
-1038
-1029
-981
-912
-854
-802
-721
-606
-497
-419
-359
-305
-264
-231
-178
-90
3
80
162
273
384
454
484
506
530
544
546
551
557
555
558
598
669
724
731
699
646
565
449
314
183
72
-8
-46
-51
-58
-96
-155
-211
-253
-290
-326
-361
-394
-424
-447
-472
-521
-594
-664
-707
-720
-713
-694
-667
-637
-604
-555
-490
-436
-413
-403
-383
-366
-374
-399
-414
-413
-398
-359
-285
-200
-138
-102
-63
-16
7
-8
-36
-68
-128
-228
-345
-458
-572
-681
-749
-756
-728
-714
-723
-753
-818
-938
-1083
-1204
-1281
-1329
-1352
-1351
-1360
-1423
-1542
-1668
-1741
-1706
-1499
-1070
-429
328
1070
1677
2044
2091
1812
1287
645
17
-472
-716
-669
-367
117
708
1342
1942
2430
2764
2923
2896
2688
2346
1938
1514
1113
780
561
464
457
509
603
732
885
1049
1210
1338
1378
1285
1059
732
342
-66
-439
-718
-878
-937
-939
-924
-920
-937
-967
-978
-938
-847
-741
-658
-614
-622
-698
-835
-986
-1093
-1125
-1086
-981
-825
-658
-531
-456
-402
-338
-260
-156
1
217
450
652
813
935
1004
1010
980
964
979
1006
1041
1098
1173
1238
1289
1349
1429
1501
1538
1547
1538
1499
1405
1265
1109
953
794
644
516
405
291
172
76
18
-18
-59
-114
-180
-255
-349
-459
-569
-667
-747
-805
-835
-848
-873
-930
-1011
-1083
-1128
-1150
-1157
-1148
-1117
-1068
-1005
-929
-834
-728
-619
-506
-387
-280
-217
-204
-215
-218
-199
-157
-90
2
105
204
305
414
519
612
693
768
829
851
824
757
670
581
506
458
435
421
401
373
339
304
270
247
236
228
207
163
91
-1
-102
-196
-266
-306
-320
-322
-331
-360
-415
-485
-551
-596
-613
-610
-598
-581
-557
-531
-508
-487
-468
-450
-437
-424
-413
-420
-452
-484
-483
-438
-367
-287
-200
-114
-50
-10
21
42
23
-33
-84
-108
-140
-213
-311
-401
-483
-571
-642
-669
-673
-695
-715
-694
-656
-681
-781
-900
-1005
-1118
-1249
-1359
-1437
-1530
-1661
-1771
-1798
-1761
-1673
-1458
-1034
-439
205
807
1309
1615
1632
1377
965
491
-3
-432
-655
-603
-343
34
503
1041
1566
2006
2354
2618
2742
2671
2441
2141
1807
1428
1039
724
528
428
411
496
669
874
1078
1292
1503
1635
1609
1420
1110
716
270
-161
-505
-739
-875
-927
-903
-845
-812
-819
-829
-806
-749
-681
-623
-595
-627
-731
-878
-1026
-1151
-1238
-1262
-1199
-1068
-921
-799
-710
-643
-587
-518
-403
-231
-29
172
365
547
690
765
785
786
787
785
789
821
875
925
975
1055
1175
1300
1403
1489
1562
1590
1541
1438
1315
1170
996
825
699
612
522
427
360
322
280
226
185
159
105
0
-121
-229
-339
-466
-581
-650
-690
-735
-785
-823
-861
-927
-1007
-1059
-1070
-1068
-1069
-1051
-1003
-942
-885
-822
-754
-695
-660
-637
-607
-575
-555
-543
-511
-444
-345
-228
-100
35
171
303
421
516
578
597
576
539
513
504
501
503
522
565
615
648
659
656
643
622
606
603
594
550
472
383
293
187
66
-47
-128
-174
-189
-172
-132
-93
-73
-67
-68
-89
-150
-250
-368
-483
-583
-659
-703
-710
-682
-624
-546
-466
-403
-370
-368
-378
-381
-368
-347
-325
-301
-269
-238
-221
-215
-210
-205
-209
-218
-224
-241
-287
-352
-404
-424
-418
-401
-373
-349
-356
-415
-510
-622
-744
-870
-972
-1029
-1058
-1088
-1126
-1166
-1206
-1244
-1265
-1261
-1250
-1265
-1314
-1379
-1436
-1453
-1374
-1142
-740
-203
408
996
1436
1621
1516
1165
648
74
-423
-722
-761
-548
-120
464
1106
1689
2143
2453
2610
2586
2387
2067
1684
1275
890
605
466
459
545
713
951
1202
1399
1527
1606
1626
1559
1404
1181
892
531
137
-210
-457
-603
-664
-646
-569
-488
-452
-468
-517
-586
-660
-712
-727
-726
-754
-834
-951
-1078
-1191
-1271
-1297
-1259
-1168
-1049
-930
-829
-754
-702
-653
-573
-435
-245
-40
144
291
391
432
414
366
328
323
368
475
644
840
1017
1160
1277
1373
1435
1458
1457
1444
1411
1357
1293
1222
1133
1031
940
876
828
779
717
647
575
511
464
431
397
348
281
196
82
-59
-213
-365
-504
-607
-662
-687
-719
-769
-819
-857
-887
-911
-915
-902
-897
-913
-928
-930
-943
-978
-998
-967
-903
-840
-784
-726
-680
-661
-642
-583
-485
-385
-288
-164
-15
110
186
236
275
294
302
332
393
445
461
464
482
510
525
537
570
620
668
716
769
798
774
709
642
588
533
469
410
360
317
287
282
293
295
276
250
224
179
106
16
-73
-152
-211
-243
-255
-270
-300
-331
-345
-341
-338
-341
-346
-350
-357
-368
-380
-394
-414
-433
-436
-415
-388
-381
-400
-422
-431
-427
-423
-418
-417
-437
-487
-547
-591
-628
-677
-726
-744
-733
-732
-763
-803
-840
-891
-955
-997
-1005
-1027
-1099
-1186
-1240
-1269
-1301
-1318
-1285
-1226
-1202
-1221
-1240
-1237
-1221
-1143
-904
-474
57
582
1040
1367
1465
1284
895
422
-47
-439
-641
-561
-235
216
714
1233
1719
2093
2323
2431
2422
2265
1971
1613
1265
943
663
489
474
598
801
1042
1291
1500
1629
1684
1686
1631
1485
1239
921
567
207
-121
-369
-504
-527
-462
-346
-229
-159
-163
-233
-338
-441
-521
-584
-651
-735
-839
-960
-1090
-1208
-1284
-1297
-1247
-1144
-1006
-865
-767
-729
-721
-699
-645
-553
-427
-282
-154
-68
-20
4
8
-6
-7
45
157
310
481
655
811
936
1044
1158
1270
1346
1370
1354
1309
1236
1148
1071
1016
980
969
994
1044
1079
1073
1036
990
933
863
787
707
608
485
360
258
176
97
26
-18
-39
-63
-108
-174
-258
-363
-472
-556
-608
-651
-709
-776
-833
-874
-908
-934
-946
-951
-958
-962
-950
-923
-901
-889
-872
-829
-762
-694
-640
-602
-578
-562
-540
-491
-413
-328
-249
-164
-56
68
179
257
303
316
293
238
176
125
91
92
163
318
524
724
880
977
1007
958
840
693
549
430
356
349
403
477
527
550
569
591
604
602
590
565
514
432
333
223
96
-44
-161
-222
-226
-202
-165
-116
-59
-15
4
0
-34
-117
-247
-386
-499
-580
-640
-673
-669
-638
-608
-587
-572
-571
-600
-652
-701
-741
-790
-857
-928
-984
-1030
-1068
-1089
-1089
-1084
-1086
-1084
-1073
-1073
-1109
-1172
-1240
-1304
-1361
-1399
-1406
-1393
-1379
-1364
-1341
-1327
-1341
-1355
-1303
-1133
-830
-400
124
652
1068
1288
1289
1072
663
151
-311
-586
-618
-411
0
539
1086
1547
1893
2126
2222
2169
2009
1803
1578
1331
1086
891
769
719
748
874
1071
1265
1416
1536
1632
1677
1644
1540
1377
1146
850
530
236
-12
-209
-324
-332
-255
-154
-75
-37
-50
-118
-215
-308
-387
-469
-572
-695
-834
-988
-1145
-1272
-1337
-1323
-1227
-1065
-880
-728
-647
-637
-674
-721
-738
-702
-617
-505
-389
-286
-217
-196
-214
-238
-229
-167
-46
125
319
500
648
770
872
950
998
1025
1044
1065
1083
1094
1096
1086
1068
1049
1044
1055
1067
1069
1060
1053
1052
1049
1035
1006
963
898
802
680
546
409
278
174
121
117
134
144
141
116
51
-61
-198
-329
-446
-553
-636
-681
-705
-737
-778
-808
-828
-854
-883
-891
-875
-861
-861
-861
-851
-845
-854
-857
-835
-806
-786
-764
-726
-687
-660
-628
-566
-478
-386
-301
-216
-139
-88
-57
-28
1
18
24
42
75
114
151
197
255
320
388
461
537
602
654
700
742
773
781
770
744
701
644
582
517
454
407
393
414
460
521
587
638
662
653
612
534
420
292
176
79
-7
-78
-127
-163
-197
-217
-207
-184
-179
-194
-211
-228
-257
-289
-303
-310
-348
-427
-516
-606
-724
-872
-1005
-1089
-1136
-1155
-1118
-1030
-945
-903
-880
-846
-831
-880
-980
-1087
-1203
-1349
-1495
-1592
-1650
-1703
-1728
-1664
-1517
-1356
-1219
-1089
-970
-904
-908
-941
-966
-986
-974
-848
-572
-209
147
453
685
792
741
569
346
124
-39
-59
121
466
874
1261
1587
1810
1902
1877
1777
1616
1409
1209
1074
1013
1004
1039
1117
1226
1347
1480
1621
1726
1745
1678
1564
1413
1212
983
766
569
387
254
213
241
271
279
285
287
245
146
25
-99
-247
-414
-538
-604
-671
-780
-886
-943
-971
-998
-1003
-965
-913
-884
-857
-807
-777
-825
-926
-993
-996
-964
-904
-799
-675
-582
-519
-444
-354
-293
-267
-223
-125
1
116
221
316
377
399
430
504
595
676
760
865
972
1052
1100
1126
1124
1089
1046
1026
1026
1024
1021
1029
1040
1038
1028
1024
1018
996
961
921
868
788
692
600
517
436
365
310
261
197
125
64
9
-59
-137
-208
-274
-346
-417
-478
-538
-618
-707
-775
-808
-826
-841
-847
-844
-850
-869
-881
-883
-897
-929
-951
-945
-924
-905
-881
-837
-780
-721
-655
-575
-504
-468
-462
-464
-467
-473
-463
-412
-316
-200
-83
27
125
201
261
315
370
417
450
480
518
556
583
594
595
601
624
671
737
808
871
915
937
945
942
923
876
808
732
657
583
519
477
464
469
482
505
531
533
489
409
309
198
79
-29
-111
-178
-249
-321
-372
-403
-429
-459
-480
-492
-514
-557
-612
-677
-764
-872
-980
-1071
-1151
-1231
-1295
-1320
-1308
-1278
-1248
-1227
-1223
-1241
-1275
-1313
-1362
-1437
-1537
-1635
-1699
-1714
-1686
-1629
-1553
-1465
-1373
-1288
-1223
-1176
-1137
-1075
-948
-721
-407
-65
232
430
505
452
286
63
-138
-253
-241
-75
241
650
1056
1389
1631
1780
1831
1797
1712
1606
1473
1313
1165
1064
1014
1010
1077
1237
1462
1691
1881
2011
2054
1986
1828
1631
1416
1170
902
665
500
403
361
381
451
532
588
616
606
523
344
109
-111
-284
-417
-524
-610
-695
-794
-884
-934
-945
-944
-939
-913
-865
-824
-824
-875
-967
-1076
-1166
-1194
-1155
-1081
-1008
-944
-888
-843
-808
-774
-728
-663
-569
-446
-311
-195
-115
-60
-11
43
107
181
258
325
387
460
546
626
693
757
828
902
971
1033
1079
1093
1076
1054
1052
1059
1055
1040
1030
1024
1017
1017
1029
1034
1009
966
932
910
870
796
702
605
508
418
352
300
231
134
34
-40
-98
-157
-217
-262
-294
-328
-368
-410
-468
-554
-653
-730
-779
-822
-872
-918
-949
-972
-993
-1003
-993
-971
-940
-890
-821
-762
-746
-776
-833
-906
-984
-1046
-1063
-1022
-929
-789
-611
-420
-255
-139
-68
-36
-43
-80
-126
-160
-172
-157
-99
8
154
315
474
617
724
786
810
813
798
768
733
712
712
732
764
802
834
856
876
909
951
987
1003
995
962
898
810
711
608
507
429
389
380
376
359
325
273
202
119
41
-32
-112
-200
-281
-352
-425
-511
-599
-681
-765
-853
-929
-985
-1034
-1085
-1129
-1150
-1159
-1175
-1203
-1237
-1290
-1371
-1466
-1552
-1628
-1709
-1782
-1819
-1812
-1776
-1722
-1657
-1591
-1542
-1503
-1453
-1394
-1350
-1326
-1289
-1208
-1077
-899
-675
-428
-200
-19
108
169
139
20
-129
-227
-222
-98
146
482
850
1185
1458
1647
1722
1671
1531
1376
1255
1184
1166
1196
1254
1317
1387
1483
1606
1730
1840
1938
2012
2025
1953
1799
1577
1314
1051
846
730
695
718
781
863
927
942
905
821
687
509
315
134
-27
-175
-306
-412
-497
-572
-634
-675
-699
-720
-740
-747
-743
-749
-783
-846
-932
-1031
-1129
-1205
-1241
-1240
-1207
-1143
-1053
-955
-879
-835
-816
-801
-770
-714
-630
-527
-425
-341
-279
-240
-219
-209
-188
-132
-28
115
277
436
573
669
725
753
766
771
776
789
814
846
877
913
956
1001
1041
1079
1122
1166
1195
1202
1187
1147
1074
981
897
830
771
718
681
664
648
619
579
534
473
390
296
203
103
-9
-115
-192
-245
-293
-340
-379
-414
-458
-510
-560
-609
-670
-739
-795
-838
-886
-943
-989
-1013
-1023
-1025
-1011
-982
-956
-939
-917
-883
-855
-854
-872
-887
-901
-916
-908
-853
-760
-653
-540
-417
-296
-204
-146
-102
-62
-33
-11
29
97
169
224
266
312
360
410
477
574
689
800
897
980
1034
1043
1009
958
909
865
828
807
804
818
844
882
929
970
990
987
963
911
826
712
583
459
349
257
180
113
54
8
-19
-26
-25
-35
-69
-128
-204
-302
-424
-569
-723
-874
-1008
-1110
-1168
-1188
-1189
-1183
-1166
-1141
-1126
-1139
-1179
-1239
-1325
-1440
-1564
-1677
-1775
-1860
-1917
-1918
-1860
-1768
-1658
-1529
-1392
-1277
-1199
-1142
-1089
-1041
-997
-929
-817
-680
-553
-449
-362
-298
-264
-243
-201
-123
-14
132
328
562
792
977
1109
1193
1234
1242
1233
1217
1191
1158
1140
1165
1235
1333
1442
1555
1669
1779
1877
1945
1959
1906
1796
1651
1495
1338
1184
1046
943
898
917
982
1056
1107
1115
1071
979
849
690
508
317
143
5
-104
-203
-292
-360
-405
-431
-443
-439
-436
-456
-503
-563
-636
-740
-874
-1002
-1094
-1148
-1174
-1166
-1124
-1073
-1034
-997
-943
-880
-831
-798
-765
-729
-708
-699
-679
-641
-601
-564
-511
-425
-317
-205
-93
21
128
221
302
378
437
467
473
479
505
555
623
698
774
847
916
973
1017
1044
1055
1056
1059
1076
1104
1121
1114
1080
1028
962
889
827
788
765
743
722
701
669
610
538
470
409
341
269
201
126
31
-80
-175
-248
-314
-381
-429
-452
-471
-502
-533
-563
-613
-689
-760
-806
-844
-897
-957
-993
-999
-992
-976
-948
-927
-938
-969
-987
-981
-967
-951
-912
-839
-748
-662
-594
-551
-539
-545
-542
-505
-436
-349
-254
-157
-73
-5
52
103
153
213
291
379
466
546
620
676
704
706
699
697
698
709
743
798
860
922
990
1059
1105
1111
1082
1030
956
866
778
706
650
601
561
531
504
471
436
407
382
351
309
255
184
90
-27
-157
-291
-420
-536
-633
-708
-761
-801
-833
-860
-884
-909
-939
-970
-1001
-1040
-1108
-1212
-1331
-1445
-1556
-1665
-1753
-1806
-1833
-1839
-1806
-1729
-1642
-1586
-1547
-1493
-1429
-1392
-1387
-1377
-1346
-1308
-1247
-1118
-930
-756
-634
-528
-420
-348
-341
-350
-321
-254
-167
-33
175
405
579
695
802
897
933
927
948
1011
1073
1119
1183
1266
1322
1339
1369
1445
1527
1576
1619
1679
1719
1700
1650
1602
1540
1445
1349
1296
1273
1239
1195
1172
1164
1130
1067
1006
947
855
734
622
532
435
324
225
146
69
-22
-109
-177
-239
-308
-372
-417
-456
-506
-567
-634
-716
-815
-911
-981
-1016
-1017
-993
-962
-940
-931
-926
-925
-932
-943
-939
-911
-866
-812
-748
-686
-649
-630
-595
-529
-448
-368
-280
-181
-88
-19
31
75
112
142
186
266
366
453
518
578
636
684
722
761
803
837
866
896
925
940
937
931
935
949
970
992
1003
990
952
905
853
796
737
681
626
568
510
459
409
350
284
226
184
152
118
77
21
-57
-150
-238
-315
-395
-481
-565
-635
-691
-731
-749
-749
-742
-734
-716
-692
-686
-719
-782
-861
-952
-1052
-1133
-1172
-1171
-1139
-1070
-956
-818
-693
-591
-504
-440
-426
-463
-515
-558
-592
-610
-582
-490
-359
-217
-70
81
213
302
355
401
442
458
451
445
451
463
480
518
584
666
754
847
945
1031
1083
1097
1082
1043
983
909
835
773
731
711
710
723
742
757
754
732
695
643
570
478
375
272
170
71
-17
-89
-153
-218
-275
-313
-344
-388
-450
-520
-600
-697
-797
-879
-945
-1014
-1087
-1148
-1200
-1269
-1357
-1431
-1471
-1497
-1526
-1540
-1537
-1546
-1580
-1611
-1616
-1611
-1623
-1629
-1597
-1540
-1494
-1454
-1377
-1257
-1123
-983
-823
-664
-564
-539
-551
-570
-602
-640
-632
-533
-355
-142
89
326
532
670
752
814
855
862
847
841
853
872
898
952
1044
1163
1298
1447
1593
1704
1765
1783
1766
1709
1619
1521
1433
1356
1294
1259
1253
1268
1296
1337
1378
1393
1364
1295
1198
1078
940
801
673
556
451
361
284
211
138
75
31
5
-15
-41
-87
-166
-277
-403
-524
-635
-731
-801
-841
-861
-873
-881
-886
-897
-916
-927
-912
-873
-834
-808
-795
-791
-801
-816
-816
-792
-750
-699
-631
-543
-453
-385
-338
-290
-225
-151
-76
2
79
139
173
198
235
277
312
349
410
493
577
648
714
775
818
838
848
858
861
849
837
841
851
854
854
861
863
848
821
794
764
720
665
612
564
511
453
400
350
290
228
184
157
125
75
13
-64
-161
-266
-352
-408
-445
-469
-472
-456
-452
-485
-546
-613
-684
-760
-827
-874
-907
-935
-950
-946
-930
-914
-891
-851
-798
-744
-693
-652
-634
-648
-680
-714
-747
-774
-768
-710
-604
-473
-323
-162
-15
93
161
199
207
179
137
114
119
139
172
234
323
414
495
582
685
791
886
966
1021
1033
994
918
832
749
674
620
604
631
694
773
849
900
918
904
861
790
695
583
459
337
234
160
101
48
5
-17
-22
-26
-35
-52
-89
-165
-276
-399
-527
-667
-807
-916
-981
-1013
-1025
-1023
-1021
-1042
-1095
-1164
-1235
-1314
-1400
-1474
-1525
-1563
-1595
-1609
-1606
-1604
-1600
-1570
-1507
-1441
-1394
-1349
-1291
-1227
-1168
-1094
-986
-870
-786
-734
-690
-659
-667
-695
-693
-634
-523
-371
-178
38
234
386
494
566
602
612
625
652
675
692
725
785
858
938
1042
1178
1319
1441
1544
1631
1680
1665
1594
1501
1409
1324
1258
1224
1219
1238
1281
1341
1393
1417
1412
1387
1331
1236
1119
1003
891
771
650
554
489
431
367
309
270
243
213
179
142
92
13
-101
-239
-379
-504
-604
-676
-720
-737
-733
-723
-720
-725
-732
-743
-760
-777
-782
-783
-792
-812
-833
-850
-863
-862
-834
-773
-692
-602
-507
-417
-352
-316
-299
-288
-278
-262
-227
-172
-111
-47
27
116
201
270
328
383
424
443
454
480
516
548
584
638
700
742
753
750
747
740
728
721
724
721
709
696
688
669
632
591
560
530
494
459
432
395
330
246
171
114
61
15
-14
-31
-60
-112
-171
-225
-279
-343
-406
-457
-497
-532
-563
-594
-631
-677
-721
-751
-771
-789
-799
-794
-783
-776
-776
-781
-794
-812
-825
-818
-794
-758
-711
-647
-577
-520
-486
-468
-458
-441
-403
-339
-260
-179
-100
-23
46
91
107
105
102
116
164
247
351
452
545
635
711
756
765
753
733
711
695
690
695
698
700
715
744
772
791
810
833
848
842
814
765
685
579
469
373
290
220
175
165
179
189
186
168
130
69
-12
-107
-218
-340
-455
-556
-649
-742
-818
-859
-873
-877
-878
-877
-891
-938
-1013
-1089
-1166
-1264
-1378
-1472
-1526
-1552
-1562
-1555
-1527
-1490
-1455
-1414
-1363
-1316
-1277
-1228
-1148
-1047
-949
-865
-805
-785
-814
-869
-913
-924
-897
-819
-676
-474
-247
-29
161
307
388
404
381
358
349
354
370
403
454
527
628
763
922
1088
1245
1384
1492
1552
1554
1503
1412
1295
1180
1099
1072
1092
1142
1222
1329
1437
1511
1535
1522
1477
1391
1269
1143
1040
948
849
750
671
613
561
518
506
521
533
524
497
449
361
223
61
-95
-236
-355
-433
-462
-465
-466
-466
-458
-455
-478
-520
-558
-580
-602
-631
-662
-698
-747
-800
-832
-832
-809
-774
-724
-659
-585
-510
-440
-385
-357
-357
-360
-351
-334
-315
-287
-240
-182
-124
-61
12
87
150
202
257
317
365
393
412
431
444
449
458
486
529
568
597
625
655
678
685
683
679
667
641
610
587
570
544
508
474
452
435
416
396
370
331
277
221
171
117
53
-7
-45
-70
-100
-137
-170
-202
-246
-302
-357
-401
-439
-477
-511
-536
-561
-592
-627
-657
-677
-685
-682
-678
-681
-684
-676
-669
-679
-703
-710
-684
-636
-581
-519
-450
-391
-367
-373
-385
-389
-387
-373
-331
-260
-172
-84
-1
78
145
193
225
250
279
312
347
375
397
420
449
484
524
568
610
647
682
723
766
794
795
778
757
733
700
659
623
602
596
599
602
596
578
551
517
471
411
348
294
251
213
181
152
114
47
-44
-135
-206
-266
-337
-417
-484
-525
-558
-608
-666
-704
-717
-735
-784
-849
-903
-954
-1031
-1135
-1231
-1296
-1344
-1385
-1405
-1388
-1351
-1325
-1316
-1306
-1286
-1262
-1246
-1238
-1229
-1198
-1125
-1026
-937
-875
-818
-757
-719
-731
-766
-780
-764
-729
-659
-517
-313
-108
54
186
295
363
377
363
350
345
348
371
422
490
570
677
820
974
1117
1253
1379
1456
1454
1389
1306
1216
1115
1027
990
1011
1067
1140
1239
1352
1439
1474
1466
1431
1368
1272
1153
1027
902
789
699
641
610
598
595
594
590
584
572
536
461
355
233
104
-36
-172
-281
-355
-399
-414
-393
-355
-332
-339
-368
-406
-457
-518
-578
-631
-682
-730
-754
-750
-738
-733
-727
-702
-661
-614
-565
-515
-475
-455
-446
-435
-425
-424
-431
-432
-418
-385
-328
-247
-159
-84
-19
48
115
171
211
238
251
247
234
225
231
255
294
341
393
446
507
568
606
609
586
559
530
492
452
425
410
392
375
377
403
433
446
439
419
387
340
280
208
127
52
-2
-39
-75
-112
-135
-144
-152
-167
-176
-175
-188
-238
-316
-397
-472
-547
-609
-638
-629
-600
-565
-527
-497
-489
-505
-530
-555
-576
-595
-602
-598
-595
-599
-594
-564
-518
-473
-433
-380
-307
-231
-178
-151
-140
-139
-147
-157
-149
-110
-49
21
96
184
275
348
390
410
423
433
439
443
454
475
505
543
582
612
631
648
669
684
679
663
651
641
620
586
555
538
526
509
492
481
468
437
390
347
317
285
230
157
90
41
-5
-62
-126
-182
-223
-261
-302
-347
-397
-457
-523
-585
-634
-681
-733
-786
-834
-876
-914
-953
-1001
-1061
-1123
-1169
-1198
-1230
-1272
-1300
-1293
-1270
-1260
-1263
-1263
-1257
-1260
-1263
-1238
-1181
-1110
-1029
-922
-790
-677
-622
-624
-665
-733
-811
-856
-833
-741
-598
-408
-183
30
184
274
329
354
334
280
240
240
266
301
359
451
565
692
841
1021
1197
1325
1389
1403
1377
1306
1198
1078
976
911
901
959
1070
1201
1324
1429
1508
1548
1532
1458
1341
1200
1055
919
808
731
689
675
677
688
706
726
736
728
702
649
556
422
264
103
-49
-179
-265
-295
-278
-237
-189
-152
-144
-177
-235
-300
-368
-448
-533
-599
-639
-662
-681
-693
-689
-668
-629
-573
-512
-465
-438
-429
-433
-452
-475
-486
-482
-475
-466
-433
-371
-303
-252
-208
-145
-73
-20
5
25
51
73
81
88
114
157
199
230
251
271
296
327
361
398
432
461
474
467
444
418
396
374
355
350
372
410
434
429
403
375
352
324
287
248
219
197
167
126
81
42
2
-44
-81
-93
-84
-80
-97
-125
-153
-186
-237
-300
-356
-400
-436
-469
-485
-475
-448
-418
-398
-388
-394
-418
-453
-476
-479
-470
-464
-458
-443
-419
-400
-395
-394
-383
-352
-304
-246
-187
-142
-120
-117
-121
-118
-102
-68
-16
47
113
177
233
269
280
278
285
308
339
370
410
461
507
530
535
539
550
564
574
584
596
601
593
577
564
555
545
534
525
521
519
516
508
486
442
384
326
273
219
163
117
91
77
56
23
-16
-57
-104
-158
-212
-264
-323
-394
-468
-534
-593
-646
-687
-712
-728
-741
-749
-757
-790
-862
-947
-1011
-1060
-1123
-1196
-1239
-1237
-1226
-1234
-1241
-1216
-1176
-1157
-1157
-1139
-1092
-1036
-980
-912
-827
-753
-710
-703
-725
-771
-829
-870
-869
-818
-704
-518
-292
-90
46
130
182
198
166
118
97
110
131
157
209
294
391
492
618
783
961
1113
1212
1249
1228
1160
1066
966
876
822
826
882
969
1072
1196
1327
1427
1469
1465
1436
1374
1263
1118
977
859
768
706
688
710
748
780
807
831
843
830
789
712
595
446
284
128
-12
-118
-172
-168
-127
-74
-26
4
-5
-60
-141
-226
-304
-373
-430
-478
-529
-588
-638
-658
-647
-612
-556
-479
-400
-344
-320
-323
-360
-430
-511
-565
-581
-573
-548
-500
-431
-361
-299
-237
-171
-116
-81
-52
-18
5
-7
-39
-61
-60
-43
-12
38
100
157
205
254
303
334
340
332
326
320
310
295
274
247
222
215
230
253
272
293
320
343
346
328
297
255
199
131
58
-10
-60
-82
-83
-75
-65
-48
-23
-6
-16
-55
-113
-185
-266
-340
-393
-424
-442
-447
-436
-412
-385
-359
-337
-327
-331
-345
-360
-382
-419
-459
-481
-483
-475
-458
-421
-369
-320
-280
-241
-204
-179
-170
-168
-162
-156
-150
-132
-100
-70
-52
-26
21
77
122
165
218
269
301
313
322
329
322
308
310
339
378
408
435
464
489
504
512
516
516
512
510
508
497
477
452
427
396
360
333
323
318
305
288
273
252
215
166
121
81
35
-18
-65
-95
-118
-151
-200
-256
-308
-352
-388
-426
-472
-522
-565
-595
-624
-659
-697
-736
-783
-840
-890
-915
-930
-968
-1032
-1087
-1107
-1115
-1142
-1177
-1183
-1162
-1152
-1165
-1167
-1135
-1097
-1087
-1091
-1068
-1006
-927
-841
-750
-671
-622
-606
-617
-659
-733
-804
-819
-761
-649
-490
-280
-56
108
186
215
229
210
149
92
87
121
154
192
267
377
493
617
775
951
1094
1175
1204
1180
1091
959
837
758
720
726
798
930
1073
1187
1283
1367
1405
1378
1315
1246
1155
1024
885
782
718
673
656
688
753
803
824
844
864
847
775
666
539
392
235
99
1
-63
-94
-78
-21
42
76
82
64
9
-85
-180
-247
-297
-355
-417
-461
-485
-505
-521
-513
-476
-425
-377
-330
-291
-277
-298
-350
-420
-491
-536
-539
-507
-467
-430
-382
-314
-242
-191
-160
-131
-95
-63
-50
-51
-58
-70
-91
-107
-98
-55
6
67
122
173
216
241
250
247
234
212
187
171
160
151
149
161
179
191
204
234
276
301
294
266
236
195
140
85
42
2
-42
-74
-74
-50
-27
-13
-3
4
-2
-27
-66
-118
-179
-235
-272
-298
-327
-349
-342
-312
-280
-253
-221
-184
-161
-168
-198
-246
-310
-374
-410
-407
-380
-341
-288
-226
-174
-141
-117
-96
-81
-78
-73
-60
-52
-62
-75
-72
-50
-22
14
67
133
203
269
322
346
342
330
323
315
300
290
301
327
353
384
431
482
513
523
532
544
544
527
503
477
450
421
396
372
346
331
345
381
406
409
400
383
334
251
165
102
52
-1
-42
-51
-38
-40
-67
-100
-122
-140
-173
-224
-283
-343
-406
-473
-545
-611
-655
-669
-666
-663
-672
-688
-701
-717
-750
-811
-887
-957
-1010
-1049
-1079
-1097
-1104
-1104
-1098
-1075
-1035
-1005
-1007
-1023
-1014
-970
-914
-858
-794
-723
-666
-637
-627
-638
-682
-752
-796
-770
-685
-574
-446
-301
-163
-61
11
66
96
89
62
50
59
69
81
120
193
276
370
497
661
819
935
1008
1039
1016
944
860
794
746
709
703
758
868
997
1120
1224
1296
1331
1333
1309
1252
1160
1051
949
867
810
785
792
814
839
867
908
948
963
945
894
806
680
537
404
293
206
154
145
169
207
244
272
269
223
149
76
13
-54
-130
-197
-248
-288
-316
-325
-320
-317
-317
-303
-271
-242
-237
-252
-278
-312
-351
-385
-409
-429
-449
-456
-440
-404
-354
-294
-237
-202
-185
-165
-141
-132
-145
-162
-166
-159
-153
-144
-127
-107
-91
-64
-17
40
88
128
161
171
150
112
81
60
35
14
14
37
71
111
158
199
214
209
205
206
190
147
94
47
4
-36
-66
-76
-71
-58
-30
13
56
78
74
48
-2
-72
-145
-207
-251
-277
-280
-262
-227
-185
-143
-115
-110
-126
-150
-169
-183
-196
-208
-219
-238
-263
-280
-279
-260
-226
-179
-120
-60
-11
20
23
0
-38
-69
-83
-80
-61
-22
27
65
82
95
120
154
188
222
259
295
319
328
322
299
264
236
233
255
291
334
379
415
435
447
459
462
449
430
417
402
371
330
296
274
257
247
257
284
309
317
317
314
292
241
173
105
44
-11
-56
-83
-92
-92
-95
-107
-128
-157
-188
-219
-259
-313
-373
-427
-473
-516
-558
-596
-625
-642
-647
-641
-635
-645
-681
-741
-800
-844
-886
-947
-1013
-1048
-1042
-1026
-1029
-1037
-1020
-985
-966
-969
-968
-949
-922
-895
-861
-817
-771
-732
-703
-688
-699
-728
-752
-757
-742
-693
-591
-456
-337
-258
-190
-117
-69
-74
-103
-107
-77
-39
-7
35
91
147
207
293
409
531
639
729
794
822
818
793
747
685
635
633
686
764
848
945
1050
1135
1180
1195
1193
1163
1100
1024
959
907
862
831
826
841
862
884
911
935
945
938
914
859
773
673
577
482
384
304
266
266
284
306
330
343
330
290
238
180
110
32
-38
-93
-141
-186
-221
-240
-243
-227
-197
-167
-155
-160
-175
-199
-242
-300
-350
-384
-410
-429
-428
-403
-368
-339
-312
-280
-249
-228
-217
-215
-223
-243
-266
-283
-295
-298
-283
-246
-201
-164
-131
-95
-60
-39
-33
-38
-50
-66
-84
-99
-110
-119
-122
-114
-92
-60
-23
11
35
49
55
49
27
-11
-51
-86
-116
-139
-142
-128
-107
-90
-74
-59
-50
-49
-49
-51
-67
-104
-146
-179
-210
-249
-279
-279
-253
-219
-182
-137
-94
-76
-84
-105
-131
-168
-214
-247
-257
-252
-239
-208
-163
-122
-95
-70
-43
-21
-15
-16
-18
-24
-41
-59
-64
-57
-42
-15
30
85
137
182
219
239
239
223
198
172
154
155
177
210
244
280
318
347
363
374
389
397
390
377
370
362
341
312
291
284
285
298
327
360
380
383
379
363
325
270
223
189
154
118
98
104
121
126
117
103
89
69
37
-7
-63
-123
-174
-212
-247
-284
-311
-317
-311
-310
-323
-347
-374
-402
-436
-484
-543
-602
-651
-687
-716
-737
-743
-740
-744
-756
-763
-771
-802
-859
-910
-935
-945
-957
-969
-970
-967
-965
-953
-921
-891
-881
-871
-829
-767
-723
-702
-680
-657
-653
-664
-661
-637
-620
-617
-597
-539
-464
-394
-313
-214
-128
-77
-42
0
30
19
-13
-22
1
35
84
171
287
389
468
554
656
741
778
775
753
716
671
641
639
656
685
745
849
972
1071
1136
1176
1186
1153
1090
1024
965
901
839
803
805
829
855
886
925
962
981
978
954
904
826
725
617
519
446
404
390
390
395
406
426
446
447
416
357
283
206
130
58
-5
-53
-82
-97
-98
-85
-63
-49
-54
-74
-97
-117
-136
-161
-196
-242
-288
-321
-333
-331
-328
-319
-296
-260
-229
-211
-205
-209
-227
-254
-275
-276
-264
-251
-244
-241
-235
-222
-199
-173
-151
-135
-121
-106
-98
-103
-116
-130
-140
-146
-144
-130
-110
-93
-81
-70
-57
-45
-39
-41
-52
-68
-83
-94
-104
-114
-119
-120
-121
-125
-126
-121
-113
-106
-96
-83
-75
-79
-96
-121
-154
-190
-217
-219
-194
-157
-118
-89
-75
-78
-95
-118
-141
-157
-156
-139
-117
-102
-97
-96
-95
-92
-84
-66
-40
-13
13
31
33
16
-7
-20
-15
9
50
99
140
168
187
202
202
183
159
153
163
176
189
211
241
265
284
305
326
336
336
340
350
350
334
316
309
300
285
278
291
313
328
345
368
385
377
351
324
294
254
215
196
196
196
187
177
167
151
137
133
133
122
98
72
46
9
-43
-102
-156
-196
-215
-211
-199
-200
-219
-244
-269
-299
-337
-378
-419
-460
-492
-512
-536
-575
-612
-622
-613
-617
-645
-673
-687
-701
-728
-759
-789
-822
-851
-857
-843
-842
-863
-877
-861
-835
-825
-825
-818
-816
-829
-832
-795
-733
-684
-647
-600
-556
-546
-573
-604
-622
-630
-614
-548
-440
-337
-266
-210
-162
-143
-156
-155
-115
-60
-20
14
60
109
140
163
202
258
322
402
506
602
645
636
612
591
568
553
573
626
687
746
812
884
934
947
941
931
913
885
862
855
852
843
841
854
869
869
863
864
864
847
818
798
783
756
706
644
580
524
487
476
482
484
482
482
479
451
391
314
247
197
163
146
143
138
118
85
49
16
-14
-35
-43
-40
-38
-43
-61
-93
-137
-183
-217
-228
-223
-211
-201
-193
-191
-196
-208
-222
-235
-243
-243
-236
-229
-227
-229
-230
-234
-246
-258
-253
-225
-191
-172
-171
-174
-175
-176
-182
-191
-198
-199
-191
-175
-157
-146
-143
-145
-148
-152
-153
-146
-138
-138
-144
-143
-134
-133
-149
-171
-180
-175
-167
-158
-146
-135
-133
-139
-146
-153
-164
-174
-175
-172
-175
-181
-182
-174
-166
-161
-156
-150
-148
-143
-130
-113
-112
-130
-147
-144
-127
-114
-110
-107
-98
-82
-59
-33
-17
-19
-28
-25
-10
6
17
26
37
49
66
88
108
114
110
112
127
150
170
189
209
225
232
234
237
240
241
244
251
259
264
269
281
298
312
321
331
345
353
349
334
312
288
266
256
256
260
260
261
266
274
276
268
252
230
207
186
168
145
111
74
46
35
31
24
11
-4
-20
-38
-56
-74
-96
-124
-157
-190
-223
-255
-286
-317
-351
-388
-416
-429
-432
-439
-457
-481
-502
-518
-531
-546
-571
-609
-653
-692
-720
-744
-767
-786
-795
-793
-784
-773
-767
-774
-790
-806
-818
-829
-842
-854
-858
-849
-823
-775
-710
-643
-592
-565
-558
-572
-601
-633
-653
-653
-626
-569
-487
-396
-316
-255
-211
-184
-170
-157
-134
-103
-78
-61
-43
-16
20
63
118
188
272
364
452
518
546
538
515
492
472
459
467
507
572
647
721
789
842
875
889
887
870
841
811
793
787
787
789
794
800
805
815
833
856
869
866
853
831
792
732
662
595
544
515
510
522
538
546
544
531
498
446
387
338
301
273
253
233
205
166
126
96
78
68
65
70
71
60
33
-4
-45
-90
-129
-154
-166
-170
-168
-157
-145
-144
-154
-168
-177
-186
-194
-201
-206
-217
-231
-239
-235
-231
-233
-233
-224
-207
-193
-185
-184
-191
-205
-216
-218
-217
-220
-222
-215
-199
-187
-180
-172
-164
-165
-174
-177
-168
-158
-159
-164
-169
-175
-185
-192
-190
-181
-171
-155
-135
-122
-128
-140
-149
-159
-178
-194
-192
-173
-157
-156
-159
-156
-150
-144
-133
-119
-111
-108
-101
-88
-86
-103
-128
-144
-150
-146
-125
-85
-44
-16
1
22
42
43
25
1
-17
-28
-30
-18
2
21
42
77
125
168
197
218
234
237
221
194
162
127
96
87
111
160
218
279
336
376
391
384
363
330
287
248
227
222
227
238
257
279
298
318
343
365
373
367
349
320
281
237
200
174
153
141
146
164
186
202
215
219
207
181
149
111
63
9
-36
-67
-88
-104
-108
-100
-94
-93
-91
-85
-90
-115
-154
-195
-240
-294
-350
-399
-440
-469
-473
-448
-417
-404
-407
-410
-418
-446
-493
-541
-584
-624
-660
-684
-695
-707
-724
-732
-725
-711
-696
-676
-659
-659
-676
-693
-704
-723
-757
-785
-785
-756
-712
-657
-591
-525
-475
-447
-439
-452
-488
-528
-549
-544
-519
-474
-404
-322
-249
-195
-156
-125
-107
-95
-76
-47
-17
3
20
39
60
82
118
178
258
347
433
502
539
538
506
466
438
432
453
502
570
642
708
761
796
805
793
773
760
758
762
764
762
754
743
732
727
731
746
768
789
796
784
755
716
672
625
579
542
522
520
527
531
525
506
480
450
420
389
357
326
301
281
265
245
218
186
152
124
107
100
98
94
87
76
57
28
-8
-43
-69
-86
-94
-95
-93
-91
-90
-94
-105
-125
-146
-155
-150
-139
-134
-140
-153
-169
-182
-190
-194
-196
-194
-179
-156
-139
-140
-157
-177
-190
-193
-189
-178
-169
-167
-170
-172
-174
-177
-182
-182
-174
-164
-154
-146
-145
-154
-173
-190
-199
-200
-196
-187
-173
-164
-167
-176
-181
-179
-176
-177
-177
-174
-166
-159
-158
-164
-176
-186
-186
-175
-164
-157
-152
-144
-129
-115
-107
-108
-111
-111
-105
-94
-83
-79
-84
-93
-97
-95
-88
-79
-60
-25
23
68
99
109
98
70
39
16
5
9
32
73
122
161
181
184
184
184
186
194
207
220
228
231
226
209
185
168
174
203
240
275
303
322
323
307
281
252
226
210
209
218
226
228
230
233
231
220
208
203
203
201
191
176
157
136
114
94
74
55
42
38
42
49
49
38
16
-16
-50
-82
-110
-135
-156
-168
-168
-163
-167
-185
-214
-243
-265
-284
-305
-326
-347
-370
-394
-418
-439
-455
-463
-462
-455
-450
-453
-466
-486
-515
-552
-589
-616
-628
-627
-615
-597
-587
-590
-598
-597
-588
-587
-597
-605
-602
-593
-582
-564
-537
-511
-490
-467
-442
-425
-423
-423
-414
-404
-397
-379
-341
-295
-263
-241
-210
-170
-137
-116
-94
-69
-51
-37
-16
15
42
63
97
145
193
229
266
307
336
342
344
362
388
405
416
435
463
489
517
552
588
611
622
636
648
645
628
618
620
622
618
624
643
658
660
658
660
660
648
631
619
603
575
543
522
511
499
486
478
472
462
448
435
422
400
370
343
324
304
279
252
229
210
191
179
174
169
160
148
135
118
93
64
42
28
19
9
-4
-21
-39
-55
-66
-72
-74
-69
-59
-50
-49
-61
-81
-106
-132
-153
-164
-165
-159
-151
-140
-128
-123
-127
-136
-145
-149
-147
-146
-149
-157
-168
-179
-186
-190
-190
-187
-177
-163
-146
-135
-133
-142
-158
-174
-186
-191
-193
-194
-192
-184
-173
-165
-163
-165
-165
-161
-157
-157
-159
-160
-162
-168
-179
-192
-199
-196
-183
-164
-146
-130
-117
-108
-106
-110
-121
-135
-146
-146
-135
-118
-103
-94
-88
-80
-70
-60
-53
-47
-40
-32
-19
-4
6
6
2
-1
3
12
22
35
49
64
78
90
100
109
115
121
126
128
132
137
143
145
143
142
146
158
173
187
197
204
209
211
208
202
194
187
182
182
186
192
195
194
191
189
185
180
176
175
173
167
158
147
136
124
113
105
98
93
90
85
76
63
49
38
26
11
-2
-11
-21
-38
-58
-75
-86
-97
-112
-128
-141
-149
-155
-165
-182
-206
-229
-244
-254
-267
-286
-303
-314
-322
-333
-348
-361
-367
-371
-379
-390
-401
-413
-424
-436
-449
-464
-479
-489
-490
-485
-485
-491
-493
-487
-483
-489
-502
-510
-507
-497
-478
-452
-423
-396
-377
-365
-362
-369
-379
-384
-380
-371
-355
-325
-284
-247
-222
-201
-175
-149
-130
-116
-101
-86
-75
-69
-62
-50
-32
-5
34
78
122
163
202
234
250
249
246
250
258
267
278
298
325
355
387
421
450
467
476
485
493
493
485
482
487
493
496
498
506
515
521
524
528
530
527
523
519
511
494
472
455
445
433
420
410
405
397
385
376
369
360
344
329
317
305
285
261
238
215
195
180
173
168
160
151
144
137
123
107
95
85
72
54
35
18
-2
-21
-34
-38
-37
-36
-31
-23
-22
-33
-52
-69
-84
-97
-109
-115
-118
-120
-121
-119
-117
-120
-127
-131
-128
-125
-129
-138
-146
-154
-165
-174
-174
-171
-172
-175
-172
-166
-163
-166
-172
-175
-179
-184
-186
-185
-188
-197
-201
-198
-194
-195
-197
-196
-195
-196
-195
-189
-183
-183
-184
-182
-180
-184
-189
-189
-186
-184
-183
-177
-168
-160
-155
-150
-145
-143
-140
-133
-125
-121
-122
-124
-123
-120
-118
-112
-103
-92
-81
-66
-49
-35
-29
-28
-28
-24
-17
-9
-5
-6
-5
2
13
24
33
44
57
72
84
93
98
98
97
98
100
101
103
107
111
114
116
123
132
141
149
158
167
173
172
165
154
142
134
130
126
122
122
128
135
138
136
135
137
140
141
135
123
105
86
72
59
44
29
23
26
33
38
40
37
31
20
6
-11
-33
-59
-83
-100
-109
-115
-121
-123
-123
-123
-128
-136
-146
-161
-180
-201
-221
-238
-255
-271
-283
-290
-293
-296
-296
-292
-290
-296
-311
-328
-345
-360
-374
-386
-393
-396
-395
-391
-390
-393
-396
-396
-394
-394
-396
-393
-386
-383
-385
-386
-377
-358
-338
-323
-316
-309
-302
-297
-297
-301
-299
-286
-263
-233
-201
-173
-151
-138
-130
-125
-121
-116
-107
-93
-74
-49
-20
7
28
48
72
96
113
124
139
159
175
183
189
200
216
231
246
264
285
307
329
350
366
374
375
373
368
364
367
377
391
403
414
428
438
439
430
417
411
412
414
415
414
413
409
399
382
365
352
345
341
340
343
345
338
325
309
294
277
262
252
247
240
231
221
210
195
181
171
166
161
154
149
144
134
118
102
86
70
56
48
47
46
42
38
36
35
32
22
9
-4
-14
-20
-24
-31
-39
-45
-45
-45
-45
-47
-51
-55
-57
-57
-58
-64
-74
-83
-90
-96
-99
-100
-98
-95
-90
-84
-83
-91
-101
-106
-108
-112
-117
-118
-116
-115
-117
-119
-121
-125
-128
-124
-114
-106
-105
-110
-114
-118
-123
-128
-129
-128
-127
-121
-108
-96
-94
-99
-105
-104
-99
-94
-90
-87
-83
-80
-76
-73
-74
-76
-74
-64
-52
-43
-38
-33
-27
-23
-24
-26
-24
-20
-14
-6
3
10
13
17
25
33
38
39
43
49
55
61
65
66
63
62
67
77
84
87
89
94
101
104
103
100
95
90
91
97
103
104
103
105
109
110
106
100
96
92
89
89
90
89
83
78
78
78
75
70
65
62
59
51
42
34
26
19
16
15
13
7
3
2
-2
-11
-23
-31
-36
-42
-51
-59
-67
-77
-88
-93
-95
-100
-107
-110
-108
-111
-121
-132
-141
-153
-167
-178
-180
-181
-186
-192
-194
-197
-203
-206
-205
-208
-219
-228
-228
-226
-233
-246
-254
-254
-254
-254
-251
-245
-241
-240
-237
-231
-233
-242
-247
-247
-245
-244
-237
-219
-200
-188
-181
-172
-165
-165
-171
-173
-167
-159
-151
-138
-121
-105
-94
-82
-70
-59
-50
-38
-22
-12
-9
-7
-2
7
15
27
48
73
95
113
130
143
146
141
140
149
161
172
185
202
219
230
239
248
256
259
264
274
284
285
283
287
291
291
288
292
303
311
314
317
321
318
309
302
300
298
291
286
288
292
290
284
278
274
269
261
254
249
243
237
230
225
218
210
201
194
189
185
183
180
174
165
156
145
135
124
115
111
110
110
105
97
89
81
70
58
49
45
45
44
42
40
34
24
13
5
1
-3
-7
-7
-7
-8
-11
-17
-26
-35
-41
-41
-37
-36
-40
-45
-49
-54
-61
-67
-71
-72
-72
-69
-65
-64
-67
-73
-78
-81
-83
-85
-86
-84
-80
-77
-78
-82
-85
-87
-89
-92
-92
-89
-84
-81
-80
-81
-83
-86
-87
-86
-83
-81
-80
-76
-71
-69
-70
-73
-73
-70
-67
-64
-60
-52
-45
-42
-43
-47
-50
-50
-48
-44
-40
-34
-28
-21
-16
-16
-18
-17
-15
-12
-9
-6
-1
2
2
1
3
7
10
13
19
26
31
34
35
32
27
23
23
24
25
27
31
36
39
42
45
47
46
45
46
46
41
32
26
23
21
18
18
23
30
35
38
38
33
25
16
5
-7
-17
-23
-21
-18
-16
-16
-15
-15
-18
-24
-31
-38
-45
-52
-59
-65
-73
-82
-89
-94
-96
-96
-96
-96
-97
-100
-105
-113
-123
-133
-143
-150
-156
-161
-165
-169
-172
-175
-180
-184
-185
-184
-184
-185
-186
-189
-195
-204
-211
-218
-225
-230
-228
-219
-209
-202
-198
-193
-190
-195
-203
-208
-212
-212
-208
-198
-184
-172
-163
-157
-155
-157
-158
-153
-143
-134
-125
-113
-99
-91
-88
-87
-85
-81
-74
-61
-45
-31
-20
-13
-6
0
6
11
18
28
44
61
76
85
89
89
89
92
100
113
127
139
152
165
175
179
177
174
173
177
185
193
200
206
211
216
217
214
210
211
217
222
223
224
224
222
217
210
204
201
199
201
206
208
204
196
188
184
180
174
168
163
162
162
161
156
146
135
125
121
120
120
117
114
111
108
101
92
81
72
66
64
65
63
57
51
47
43
36
27
22
22
24
24
20
15
9
3
-3
-9
-16
-20
-21
-18
-15
-14
-18
-24
-31
-33
-34
-38
-45
-50
-51
-49
-48
-49
-51
-53
-55
-56
-56
-57
-62
-65
-65
-63
-65
-71
-76
-76
-74
-74
-73
-71
-70
-71
-72
-74
-77
-82
-85
-83
-79
-78
-79
-79
-78
-79
-81
-81
-77
-73
-71
-69
-66
-66
-70
-75
-77
-75
-72
-68
-62
-56
-51
-50
-50
-52
-53
-54
-53
-51
-48
-43
-38
-33
-31
-31
-30
-29
-28
-29
-27
-23
-20
-17
-15
-13
-11
-9
-9
-9
-6
-2
2
4
5
6
7
7
5
3
2
4
7
10
14
16
18
19
18
17
14
12
10
10
9
9
11
12
12
10
9
8
7
5
3
2
1
-1
-4
-6
-9
-12
-14
-15
-14
-15
-17
-20
-23
-27
-31
-33
-35
-38
-43
-46
-48
-49
-52
-55
-58
-60
-62
-63
-66
-69
-74
-79
-83
-88
-92
-96
-99
-102
-104
-104
-103
-101
-102
-106
-110
-114
-117
-121
-127
-131
-132
-131
-127
-124
-124
-127
-130
-131
-129
-128
-128
-127
-123
-120
-121
-124
-125
-124
-122
-121
-118
-113
-106
-100
-96
-95
-94
-93
-92
-90
-87
-82
-77
-71
-65
-58
-53
-50
-48
-44
-39
-34
-27
-21
-16
-10
-5
-1
4
8
14
21
27
32
38
45
52
56
58
63
67
72
76
82
89
94
98
100
103
106
110
115
119
120
121
124
128
130
129
130
133
137
138
139
141
143
140
138
139
141
141
139
140
141
140
136
134
132
128
124
123
126
129
129
127
125
123
118
114
110
107
105
102
100
100
100
99
98
96
95
93
91
88
85
81
76
71
68
65
63
61
61
60
60
58
57
54
49
45
41
38
36
34
32
31
29
26
23
21
19
15
13
13
14
14
12
9
5
0
-3
-5
-7
-9
-10
-10
-10
-11
-13
-16
-18
-20
-22
-24
-26
-27
-28
-31
-33
-34
-33
-34
-35
-38
-40
-42
-43
-45
-45
-47
-49
-50
-49
-45
-45
-46
-46
-45
-45
-47
-49
-50
-51
-51
-50
-48
-45
-43
-42
-42
-42
-42
-41
-40
-39
-38
-37
-35
-35
-34
-33
-31
-30
-29
-27
-24
-23
-22
-21
-20
-17
-15
-13
-11
-11
-11
-9
-8
-6
-5
-5
-3
-2
0
2
3
4
6
7
8
9
11
10
9
6
7
9
11
11
11
13
14
13
13
14
16
16
15
14
13
10
7
5
3
3
4
5
7
6
5
4
4
2
-2
-5
-6
-8
-10
-13
-14
-14
-15
-17
-19
-21
-21
-21
-22
-23
-25
-26
-28
-32
-36
-40
-42
-43
-44
-43
-43
-42
-42
-43
-45
-49
-53
-56
-58
-60
-61
-61
-60
-60
-61
-62
-62
-63
-64
-65
-64
-63
-63
-63
-64
-64
-64
-64
-64
-63
-63
-61
-59
-57
-55
-53
-52
-51
-51
-51
-49
-47
-45
-44
-43
-42
-38
-34
-31
-29
-26
-23
-21
-20
-16
-13
-11
-10
-8
-6
-4
-2
1
5
9
13
18
23
26
26
26
27
27
28
30
33
36
38
40
44
48
50
52
54
56
59
60
61
60
58
56
56
57
59
62
65
68
70
72
74
73
71
69
68
67
65
64
63
63
64
65
66
67
67
67
66
65
65
65
64
61
59
57
55
53
52
54
56
57
57
58
59
58
55
51
49
46
44
43
42
42
41
42
42
41
38
38
38
38
36
34
33
31
27
24
23
23
23
22
22
21
21
20
19
17
14
12
9
7
4
2
2
2
1
1
0
-1
-1
-1
-3
-6
-10
-13
-15
-16
-19
-21
-21
-20
-19
-19
-19
-20
-21
-22
-24
-27
-30
-31
-33
-34
-34
-34
-34
-34
-34
-33
-31
-31
-31
-32
-33
-34
-37
-39
-40
-41
-41
-40
-39
-37
-35
-34
-33
-33
-32
-31
-30
-30
-32
-34
-33
-32
-31
-30
-29
-26
-23
-22
-20
-18
-17
-16
-16
-16
-15
-15
-15
-13
-11
-10
-10
-9
-6
-4
-4
-4
-2
1
2
2
2
1
0
1
2
3
3
3
4
5
6
7
7
7
6
5
5
5
6
6
5
4
3
3
3
2
1
1
2
2
3
3
3
3
2
0
-2
-3
-4
-5
-7
-7
-6
-5
-6
-7
-8
-9
-11
-13
-14
-14
-15
-16
-17
-18
-19
-20
-23
-24
-25
-26
-26
-26
-26
-27
-27
-27
-28
-31
-32
-33
-34
-36
-37
-37
-37
-37
-36
-35
-35
-35
-35
-35
-37
-38
-38
-37
-36
-38
-39
-39
-38
-35
-33
-31
-29
-28
-28
-28
-28
-28
-29
-29
-28
-27
-24
-22
-21
-20
-18
-15
-13
-13
-12
-10
-8
-6
-5
-5
-4
-2
-1
2
5
6
8
9
11
13
14
15
17
18
19
20
21
23
24
25
26
28
30
31
32
33
34
35
36
37
38
39
39
40
41
42
43
43
44
44
45
46
47
46
45
46
47
48
47
48
49
49
48
46
46
46
45
45
47
48
48
48
49
49
49
48
48
47
46
45
45
45
44
44
43
43
42
41
41
42
42
41
39
38
37
35
34
32
30
29
28
27
28
28
27
27
26
24
22
20
17
16
14
13
11
9
7
6
5
5
5
5
4
2
1
-1
-3
-5
-7
-9
-11
-13
-15
-15
-16
-16
-16
-16
-18
-20
-22
-23
-24
-26
-27
-27
-29
-31
-32
-33
-35
-36
-36
-36
-36
-36
-37
-38
-39
-40
-41
-41
-41
-42
-42
-42
-42
-42
-42
-42
-43
-44
-43
-43
-42
-41
-40
-39
-38
-38
-38
-38
-38
-38
-37
-36
-36
-35
-34
-33
-32
-32
-31
-30
-29
-28
-28
-27
-26
-25
-24
-24
-23
-23
-21
-19
-17
-17
-16
-16
-15
-14
-14
-13
-12
-11
-10
-9
-8
-7
-6
-6
-5
-5
-4
-4
-3
-3
-2
-1
0
0
0
0
-1
-1
0
1
2
2
3
3
3
2
2
1
0
-2
-2
-2
-2
-2
-2
-2
-1
-2
-2
-2
-2
-2
-5
-6
-7
-8
-8
-9
-10
-10
-10
-10
-10
-10
-9
-8
-8
-9
-11
-13
-13
-14
-15
-16
-16
-15
-15
-14
-13
-12
-13
-13
-12
-12
-12
-13
-14
-15
-15
-16
-16
-15
-13
-13
-12
-11
-10
-10
-10
-11
-10
-10
-10
-9
-8
-7
-7
-6
-5
-3
-2
-2
-1
0
1
2
4
4
5
6
7
8
9
10
11
13
13
15
16
16
17
17
18
20
21
23
24
25
26
26
26
27
27
27
29
31
32
33
33
33
33
34
34
34
34
34
35
36
36
36
37
37
38
38
39
39
38
37
37
38
38
38
38
38
38
39
40
41
41
41
41
40
40
39
38
37
36
35
34
35
35
36
35
35
34
34
34
33
31
30
28
26
25
23
22
21
20
20
20
20
19
18
17
16
15
13
10
8
6
5
3
2
1
1
0
-1
-3
-5
-6
-6
-7
-9
-11
-13
-14
-16
-17
-19
-20
-20
-21
-22
-22
-23
-25
-26
-26
-26
-27
-29
-30
-31
-32
-32
-32
-32
-34
-35
-35
-34
-34
-34
-35
-35
-36
-36
-37
-37
-36
-36
-36
-37
-37
-36
-35
-35
-36
-35
-34
-33
-33
-33
-32
-32
-33
-34
-34
-34
-33
-33
-32
-31
-30
-30
-29
-29
-28
-27
-27
-27
-26
-25
-24
-24
-25
-24
-22
-20
-20
-19
-18
-16
-16
-16
-15
-15
-14
-14
-14
-13
-12
-11
-11
-10
-8
-7
-7
-7
-7
-7
-7
-7
-7
-7
-6
-5
-5
-5
-5
-5
-5
-4
-5
-6
-6
-5
-5
-6
-7
-7
-7
-7
-7
-7
-7
-7
-8
-8
-8
-9
-10
-11
-12
-13
-13
-13
-12
-12
-13
-14
-15
-15
-15
-15
-16
-17
-19
-20
-19
-19
-20
-20
-20
-20
-20
-21
-22
-22
-21
-22
-22
-22
-21
-22
-22
-22
-22
-21
-21
-21
-21
-21
-21
-21
-21
-21
-22
-22
-21
-19
-18
-17
-17
-16
-16
-15
-14
-13
-12
-11
-10
-9
-9
-8
-7
-6
-5
-4
-2
-2
-2
0
2
2
3
4
7
9
9
10
12
13
13
14
15
16
16
18
19
21
23
24
25
26
27
27
28
29
30
31
31
32
34
34
34
34
34
36
39
40
40
40
40
41
42
42
42
43
43
44
43
43
44
45
45
45
45
46
47
47
47
47
46
45
45
45
46
45
44
45
45
46
46
45
45
44
43
43
43
43
43
43
42
41
41
40
39
39
40
40
39
38
38
37
35
34
35
35
35
34
33
33
32
31
31
30
29
28
28
28
27
25
24
24
24
23
22
21
20
20
20
20
20
19
18
18
17
17
17
16
15
14
14
13
12
11
11
11
11
11
10
10
9
8
7
6
5
5
5
4
4
4
4
4
4
4
3
3
2
2
2
1
1
1
1
1
0
0
0
0
0
0
0
0
-1
-1
-1
-2
-2
-2
-2
-2
-2
-3
-3
-2
-2
-2
-3
-3
-4
-4
-3
-3
-4
-4
-3
-3
-3
-4
-4
-3
-4
-5
-5
-4
-3
-4
-4
-4
-3
-3
-3
-3
-2
-3
-4
-5
-5
-5
-5
-5
-5
-5
-7
-8
-7
-6
-5
-5
-6
-6
-7
-7
-7
-7
-7
-8
-8
-8
-9
-10
-10
-9
-9
-9
-10
-10
-10
-10
-11
-11
-11
-12
-13
-13
-13
-13
-12
-13
-13
-14
-13
-13
-13
-14
-14
-14
-15
-15
-15
-15
-15
-15
-15
-15
-16
-18
-18
-18
-18
-18
-18
-18
-19
-19
-18
-17
-18
-20
-20
-20
-20
-20
-20
-20
-19
-19
-19
-19
-18
-18
-19
-19
-19
-19
-18
-18
-17
-17
-17
-17
-16
-16
-15
-15
-14
-15
-16
-16
-15
-14
-14
-13
-13
-12
-12
-11
-11
-11
-10
-10
-9
-9
-9
-9
-8
-8
-8
-8
-7
-7
-7
-7
-7
-6
-5
-5
-5
-4
-4
-3
-3
-3
-3
-3
-3
-2
-2
-2
-1
-1
-1
0
0
1
1
1
1
1
2
2
2
2
2
2
2
2
3
4
4
4
4
4
4
4
4
4
4
4
5
5
5
6
7
7
7
6
6
6
6
6
6
6
6
5
5
6
7
7
7
6
6
6
7
7
7
6
5
6
6
5
5
6
8
7
7
6
6
7
7
8
7
6
5
5
5
5
4
5
5
5
4
4
4
4
4
4
4
4
2
2
2
2
2
3
3
2
0
-1
-1
0
1
1
0
1
0
0
-1
-1
-1
-1
-1
-1
-2
-2
-2
-2
-1
-1
-2
-2
-3
-2
-2
-2
-2
-3
-4
-5
-6
-5
-4
-4
-5
-6
-6
-6
-5
-5
-5
-6
-6
-6
-6
-6
-6
-6
-7
-8
-8
-8
-8
-8
-8
-8
-8
-8
-9
-9
-9
-9
-9
-10
-10
-9
-10
-11
-12
-12
-12
-12
-13
-13
-12
-12
-13
-13
-13
-14
-14
-14
-13
-14
-15
-16
-15
-14
-15
-15
-15
-15
-15
-15
-15
-15
-15
-16
-16
-16
-17
-17
-16
-16
-17
-18
-18
-17
-17
-17
-18
-19
-19
-19
-19
-19
-20
-20
-20
-20
-20
-20
-20
-20
-20
-20
-20
-20
-20
-20
-20
-20
-20
-20
-20
-20
-20
-20
-20
-20
-20
-20
-20
-20
-20
-19
-18
-17
-17
-17
-18
-17
-17
-17
-18
-18
-17
-16
-16
-15
-15
-15
-15
-15
-15
-14
-14
-13
-13
-13
-14
-14
-13
-13
-13
-13
-13
-13
-12
-12
-11
-9
-9
-9
-9
-9
-9
-8
-8
-7
-7
-6
-6
-6
-5
-5
-5
-4
-3
-3
-3
-2
-2
-2
-2
-2
-1
-1
0
1
2
2
2
2
3
3
3
3
4
5
5
5
5
5
5
6
7
7
7
7
8
9
9
8
8
9
9
9
9
10
10
10
10
11
12
12
13
13
14
13
13
14
14
14
13
14
14
15
15
15
15
15
15
16
16
15
15
16
17
16
16
16
17
17
16
16
17
18
18
17
17
17
17
17
17
18
19
19
18
18
18
18
18
18
19
19
19
18
17
18
18
18
18
18
17
17
18
18
18
17
17
17
17
16
16
16
16
16
17
16
16
16
15
15
15
15
15
16
16
15
14
15
15
15
15
15
15
16
16
15
14
13
13
13
14
14
14
14
14
14
14
14
14
14
13
12
12
12
13
13
12
12
12
12
12
11
10
9
9
10
10
11
10
10
10
10
9
8
8
9
9
8
8
7
7
6
6
6
5
5
5
5
5
6
6
6
5
5
5
5
4
3
3
3
3
2
2
2
2
2
2
2
2
2
1
1
0
-1
-1
0
-1
-1
-1
0
0
0
-1
-1
-2
-2
-1
-1
-2
-2
-2
-2
-2
-4
-4
-4
-3
-3
-3
-3
-4
-5
-6
-5
-5
-5
-6
-6
-6
-6
-6
-6
-5
-5
-5
-7
-8
-8
-7
-7
-6
-6
-6
-6
-7
-6
-6
-6
-7
-7
-7
-7
-8
-8
-7
-7
-7
-7
-7
-7
-7
-8
-8
-7
-6
-6
-6
-6
-6
-6
-7
-7
-7
-7
-6
-5
-5
-5
-5
-5
-6
-6
-6
-6
-6
-6
-6
-5
-4
-4
-5
-5
-4
-4
-4
-4
-4
-4
-5
-5
-4
-4
-4
-4
-3
-3
-3
-4
-5
-5
-4
-4
-3
-2
-2
-2
-3
-3
-3
-3
-4
-4
-3
-3
-3
-3
-3
-2
-1
-1
-2
-1
-1
-1
-1
-1
-1
0
-1
-1
-1
-1
-1
-1
-1
0
0
0
0
0
0
0
0
0
1
2
2
1
0
0
1
1
0
0
0
1
1
1
1
0
0
1
1
0
1
1
0
0
0
0
0
0
1
0
0
0
1
1
1
0
1
1
0
0
-1
0
0
0
0
0
0
0
0
-1
-1
-1
-1
-1
-1
-2
-3
-3
-2
-2
-2
-3
-2
-2
-2
-2
-2
-2
-1
-2
-3
-4
-5
-4
-5
-5
-5
-5
-5
-5
-5
-5
-6
-7
-6
-5
-5
-6
-6
-6
-6
-7
-7
-7
-6
-6
-7
-7
-7
-8
-8
-7
-7
-8
-8
-9
-9
-10
-10
-9
-9
-9
-11
-11
-10
-9
-9
-9
-10
-9
-9
-9
-10
-10
-10
-10
-11
-11
-10
-10
-10
-11
-11
-11
-12
-12
-11
-10
-10
-12
-12
-12
-12
-12
-13
-12
-12
-12
-13
-13
-13
-12
-13
-13
-12
-12
-12
-12
-12
-13
-13
-13
-13
-13
-12
-12
-12
-12
-12
-13
-13
-13
-13
-13
-13
-12
-12
-12
-13
-12
-11
-12
-12
-13
-12
-12
-12
-13
-12
-12
-11
-11
-10
-10
-11
-12
-12
-11
-11
-11
-10
-9
-9
-9
-9
-9
-10
-10
-9
-9
-9
-9
-9
-8
-8
-8
-8
-8
-8
-8
-7
-6
-5
-6
-8
-8
-7
-6
-6
-6
-7
-7
-7
-6
-5
-5
-5
-5
-4
-4
-4
-4
-5
-5
-5
-5
-4
-3
-3
-3
-4
-3
-3
-3
-2
-2
-2
-3
-3
-3
-3
-4
-3
-2
-2
-2
-2
-2
-2
-2
-1
-1
0
-1
-1
0
0
0
0
-1
0
0
1
1
1
1
1
1
1
1
1
1
2
2
3
4
4
3
3
4
4
4
3
4
5
5
5
4
5
5
5
5
4
5
5
5
5
6
7
6
5
5
6
6
6
6
6
5
5
6
7
6
6
6
7
7
7
7
7
7
7
7
8
9
9
9
9
9
8
8
9
9
9
9
8
8
8
9
9
8
7
7
7
8
9
9
8
8
7
7
6
6
7
8
8
7
7
7
7
5
5
6
7
8
7
7
6
7
7
8
8
7
7
8
9
8
6
6
6
7
7
6
6
7
6
6
5
6
6
5
5
5
6
6
6
5
5
5
5
5
5
5
5
6
6
6
6
6
5
4
3
4
4
4
4
4
4
4
4
5
5
5
4
4
4
5
4
3
3
5
5
5
4
3
4
5
5
5
5
5
4
4
4
4
3
4
4
5
5
4
5
5
5
4
4
5
5
4
4
4
4
4
4
4
3
4
5
5
3
3
3
4
4
3
4
5
5
4
5
6
5
4
3
4
4
4
4
4
3
2
1
2
4
5
5
5
5
4
4
5
6
6
5
6
7
5
4
3
4
5
5
5
5
5
5
6
5
5
5
5
4
4
5
6
7
6
6
7
7
7
7
7
7
7
6
5
5
6
7
8
7
5
3
4
5
6
5
6
6
5
5
5
7
8
6
5
5
5
5
4
5
7
7
7
6
6
5
5
5
5
5
5
5
5
5
4
4
5
5
5
5
4
4
4
4
3
3
3
4
3
3
2
3
3
3
3
4
5
4
2
2
2
3
2
2
2
2
1
1
0
0
1
1
1
0
0
0
0
-1
-1
0
0
0
-1
-1
-2
-2
-3
-3
-2
-2
-2
-3
-3
-3
-3
-3
-4
-4
-5
-6
-6
-6
-5
-5
-5
-5
-5
-5
-6
-7
-8
-8
-8
-8
-8
-9
-9
-9
-9
-9
-9
-9
-9
-10
-11
-12
-12
-12
-12
-13
-14
-14
-13
-13
-13
-13
-13
-13
-12
-12
-13
-14
-15
-14
-14
-14
-15
-15
-14
-14
-14
-15
-15
-14
-13
-13
-15
-16
-17
-16
-16
-17
-18
-18
-16
-16
-17
-17
-15
-13
-14
-16
-17
-17
-18
-18
-18
-18
-18
-18
-18
-18
-18
-19
-19
-19
-18
-18
-18
-17
-17
-17
-18
-18
-19
-19
-19
-19
-19
-18
-18
-18
-18
-18
-18
-18
-18
-18
-17
-17
-17
-18
-18
-18
-18
-17
-16
-16
-17
-19
-19
-18
-16
-14
-13
-14
-15
-15
-15
-14
-15
-15
-14
-14
-15
-15
-15
-14
-14
-13
-13
-13
-14
-13
-12
-12
-12
-13
-11
-10
-10
-11
-11
-9
-8
-8
-8
-7
-6
-6
-7
-7
-8
-8
-8
-6
-4
-4
-5
-5
-3
-2
-2
-3
-3
-2
-2
-1
-1
0
0
0
1
1
1
0
0
0
0
1
2
4
4
4
5
5
6
6
7
8
7
7
7
7
9
9
9
9
9
11
13
13
12
13
16
16
14
13
13
15
16
15
16
17
18
17
16
17
17
17
17
18
20
21
21
19
19
19
20
20
20
21
23
23
22
22
23
24
23
23
23
24
24
24
24
25
26
26
27
26
26
25
26
27
29
29
28
28
27
27
27
26
25
24
24
24
24
25
25
25
26
26
25
26
27
28
28
27
29
31
29
26
23
22
22
22
23
25
26
24
25
27
27
24
22
24
26
26
23
22
22
22
20
19
21
24
25
23
21
21
21
20
20
20
21
20
17
14
14
16
17
16
14
13
15
16
15
12
11
13
14
14
13
13
14
14
11
9
11
13
15
13
10
9
10
10
10
9
10
11
10
8
6
5
6
8
9
11
11
8
5
5
7
7
6
6
7
6
2
-2
0
2
1
0
2
5
5
4
3
3
3
0
-3
-4
-2
1
3
2
-2
-4
-2
0
-2
-4
-4
-2
-2
-4
-5
-4
-2
-1
0
-1
-5
-9
-10
-9
-7
-6
-5
-2
-2
-3
-5
-7
-8
-8
-5
-4
-5
-9
-10
-9
-9
-10
-10
-8
-7
-8
-10
-9
-8
-8
-11
-14
-14
-13
-13
-13
-13
-13
-13
-13
-13
-13
-12
-13
-13
-14
-15
-16
-16
-14
-13
-14
-15
-12
-9
-10
-14
-16
-14
-13
-14
-17
-17
-15
-15
-16
-16
-15
-14
-14
-15
-15
-14
-13
-13
-14
-15
-15
-14
-14
-15
-14
-13
-13
-14
-14
-15
-15
-14
-12
-10
-11
-12
-11
-10
-12
-15
-16
-15
-14
-14
-14
-11
-8
-8
-11
-13
-14
-13
-12
-12
-11
-11
-11
-12
-13
-12
-11
-11
-11
-11
-11
-10
-8
-6
-8
-12
-14
-11
-7
-6
-9
-10
-10
-11
-13
-13
-11
-10
-9
-9
-9
-10
-12
-11
-9
-9
-11
-13
-10
-7
-5
-7
-9
-8
-7
-7
-7
-8
-6
-3
-2
-2
-4
-5
-5
-6
-8
-9
-10
-9
-5
-3
-3
-5
-9
-13
-16
-15
-10
-5
-2
-2
-2
-3
-9
-15
-16
-10
-3
-1
-4
-7
-9
-9
-9
-10
-10
-10
-8
-4
-2
-3
-6
-10
-12
-11
-10
-10
-10
-9
-7
-7
-10
-10
-6
-5
-9
-13
-11
-7
-7
-11
-13
-11
-11
-15
-18
-16
-12
-8
-4
-1
-1
-6
-14
-18
-19
-17
-15
-11
-7
-8
-13
-17
-16
-13
-9
-10
-9
-5
-1
-2
-8
-13
-14
-14
-16
-19
-19
-15
-13
-14
-14
-13
-12
-14
-16
-16
-14
-13
-16
-17
-18
-17
-16
-16
-15
-14
-12
-9
-5
-4
-6
-9
-13
-16
-18
-18
-19
-21
-21
-20
-18
-19
-20
-16
-12
-13
-16
-13
-7
-7
-14
-19
-16
-12
-13
-14
-11
-8
-12
-20
-22
-17
-13
-12
-12
-10
-8
-8
-10
-14
-17
-18
-15
-12
-11
-10
-5
-2
-4
-10
-14
-14
-13
-8
-2
-2
-5
-6
-1
2
-2
-5
-4
-4
-7
-10
-8
-4
-4
-6
-4
-2
-3
-4
-1
1
-3
-8
-5
1
1
-2
-2
0
-1
-5
-5
-2
-1
-4
-6
-2
3
5
6
5
3
1
0
-1
-3
-3
-1
2
2
3
6
7
5
2
2
4
6
9
14
17
14
8
6
6
4
3
6
12
15
14
11
9
8
9
10
11
13
14
14
12
11
13
15
16
16
18
20
19
18
18
18
17
16
16
18
18
16
17
19
18
16
17
21
23
22
20
20
18
16
14
15
15
12
11
13
17
20
22
25
25
23
23
28
35
37
31
23
15
8
2
-3
-5
-2
5
14
25
34
38
36
34
35
34
28
18
10
8
8
7
10
19
28
32
28
23
20
19
20
20
18
12
2
-6
-6
0
6
8
9
13
20
23
23
22
23
21
17
13
11
11
10
9
9
9
11
14
17
17
15
13
15
15
13
13
17
20
13
2
-5
-3
1
5
7
9
12
13
12
8
1
-4
-3
2
9
13
14
16
17
17
14
7
2
4
16
29
33
24
9
0
-1
0
-1
-1
3
9
9
5
4
5
3
-1
2
13
18
10
-1
-4
-3
-6
-15
-20
-18
-12
-2
15
30
34
27
17
10
3
-5
-8
-8
-8
-9
-9
-13
-19
-25
-22
-9
1
2
-2
-5
-8
-16
-23
-21
-10
-4
-10
-24
-29
-22
-14
-12
-9
-1
4
-3
-12
-11
-5
-4
-10
-13
-9
-9
-14
-15
-8
-2
-1
0
7
11
6
-3
-9
-12
-16
-17
-12
-2
5
8
8
7
6
6
5
5
3
2
-1
-6
-11
-12
-10
-13
-17
-15
-5
2
2
-2
-4
-8
-11
-9
-5
-5
-10
-16
-18
-20
-24
-23
-11
4
9
7
6
9
10
4
-7
-15
-15
-12
-13
-19
-23
-23
-20
-14
-3
5
6
3
4
10
12
14
27
51
62
46
20
7
2
-12
-33
-38
-24
-11
-9
-9
-1
7
4
-2
-2
3
0
-14
-28
-32
-26
-19
-15
-12
-5
7
18
23
23
23
22
20
21
21
16
4
-6
-11
-15
-22
-31
-34
-34
-30
-21
-5
10
14
15
19
23
18
12
13
19
16
-1
-20
-33
-38
-38
-27
-8
12
26
36
41
32
13
-4
-9
-8
-10
-15
-16
-14
-17
-23
-24
-17
-10
-4
2
8
8
-2
-13
-20
-22
-24
-25
-20
-13
-9
-8
-6
-5
-6
-10
-12
-9
-3
2
2
-3
-14
-23
-24
-21
-19
-18
-12
-7
-12
-21
-22
-11
-5
-11
-18
-13
-4
-2
-4
-3
1
-2
-8
-9
-6
-8
-11
-11
-9
-13
-17
-16
-12
-12
-17
-19
-17
-18
-21
-17
-10
-12
-23
-28
-22
-19
-27
-32
-25
-13
-11
-14
-9
6
17
18
16
14
7
5
23
68
115
138
132
114
92
55
-1
-60
-98
-106
-96
-78
-49
-9
34
66
84
90
83
60
23
-22
-62
-92
-111
-117
-111
-92
-61
-22
16
51
75
83
70
38
-3
-44
-78
-97
-99
-89
-75
-60
-42
-26
-19
-17
-10
-4
-13
-38
-59
-64
-67
-74
-76
-58
-33
-16
-8
7
27
37
32
27
29
23
3
-22
-39
-49
-55
-51
-30
1
29
46
51
46
33
21
13
9
2
-6
-9
-3
7
16
26
41
63
81
80
64
51
49
45
34
24
23
21
9
-9
-15
-11
-7
-2
15
39
53
51
43
33
12
-9
-16
-14
-23
-38
-41
-30
-28
-41
-42
-20
2
-2
-17
-11
14
28
23
16
18
18
6
-14
-31
-36
-31
-24
-16
-3
9
15
16
20
26
21
0
-17
-11
7
12
11
27
51
54
37
31
47
61
59
52
45
25
-4
-17
-7
4
-2
-8
8
36
63
91
119
127
108
86
76
56
16
-22
-36
-38
-48
-61
-59
-45
-34
-28
-15
1
9
12
15
9
-17
-46
-60
-63
-67
-68
-56
-30
0
24
32
27
20
25
36
34
10
-19
-36
-49
-64
-69
-53
-25
4
41
82
106
101
85
71
47
1
-56
-100
-128
-148
-149
-117
-64
-16
34
103
180
221
210
167
108
32
-51
-98
-79
-18
37
62
70
75
75
63
39
9
-20
-40
-44
-36
-21
4
47
96
128
135
127
110
84
59
57
83
110
116
112
119
129
115
78
50
47
45
21
-20
-60
-98
-139
-168
-156
-87
16
113
182
226
239
207
136
60
1
-57
-137
-219
-247
-208
-140
-80
-14
70
143
168
151
110
48
-28
-94
-135
-167
-197
-196
-144
-67
-5
40
88
131
142
127
109
82
28
-35
-78
-107
-139
-150
-113
-44
8
31
53
87
107
95
69
52
42
36
40
43
26
-3
-12
12
44
61
64
71
95
119
114
68
16
-1
15
25
10
-5
4
26
42
63
101
133
132
117
121
129
106
50
-5
-38
-50
-40
-10
24
53
77
105
128
126
100
69
42
14
-21
-58
-81
-74
-29
28
60
63
62
55
13
-66
-132
-148
-122
-83
-44
-8
14
19
21
25
14
-21
-50
-51
-41
-47
-63
-69
-69
-68
-50
-6
44
73
69
39
-2
-33
-38
-32
-46
-78
-85
-46
1
13
7
19
46
63
66
68
68
62
60
68
72
55
30
18
18
19
29
60
84
64
16
-5
20
45
40
32
62
117
149
135
103
81
65
35
-2
-27
-31
-21
-1
34
81
120
133
120
90
50
11
-11
-7
10
14
1
-10
-1
19
33
42
52
56
43
19
3
3
-1
-25
-61
-87
-85
-56
-12
24
36
34
42
65
70
37
-13
-40
-42
-41
-49
-54
-52
-44
-27
3
39
60
60
53
45
27
-5
-43
-79
-105
-99
-51
3
21
11
7
10
-5
-27
-23
2
-2
-49
-92
-84
-43
-8
17
41
48
29
12
15
22
15
11
22
38
49
62
78
81
61
44
43
33
-8
-50
-51
-14
22
42
51
48
31
12
-1
-15
-37
-54
-55
-41
-18
13
46
61
53
39
28
2
-44
-81
-92
-96
-103
-82
-20
38
41
4
-21
-20
-22
-41
-59
-62
-61
-70
-85
-99
-107
-90
-42
9
25
5
-21
-44
-69
-91
-87
-60
-39
-44
-53
-45
-33
-33
-36
-22
-2
-5
-33
-65
-89
-111
-129
-125
-89
-42
-13
-9
-17
-22
-16
-1
11
4
-28
-70
-99
-106
-94
-62
-17
23
43
58
84
105
90
44
8
7
21
14
-17
-53
-75
-72
-30
42
101
114
90
70
67
58
23
-29
-68
-76
-63
-52
-48
-37
-6
36
63
67
65
70
67
36
-10
-46
-68
-82
-83
-59
-15
30
72
112
130
96
13
-71
-116
-125
-117
-94
-52
-4
34
56
61
38
-8
-38
-25
5
6
-21
-38
-33
-31
-39
-32
3
31
23
-2
-13
-6
-2
3
23
45
46
29
12
-8
-39
-62
-47
-5
16
1
-16
-4
22
38
49
56
33
-34
-105
-127
-99
-63
-38
-9
32
63
66
52
34
5
-37
-72
-79
-72
-75
-89
-83
-44
13
60
85
94
94
79
45
-9
-70
-117
-135
-124
-87
-36
14
45
50
44
42
36
13
-23
-49
-53
-51
-57
-66
-55
-22
19
54
80
92
71
12
-63
-116
-128
-107
-67
-7
57
92
81
45
23
16
1
-27
-40
-32
-35
-72
-117
-120
-70
1
63
106
128
116
59
-31
-115
-145
-107
-36
21
48
58
60
52
35
26
25
11
-16
-29
-20
-13
-26
-35
-23
1
18
30
42
45
26
-7
-36
-50
-48
-28
2
19
21
29
43
38
4
-19
-7
18
27
29
45
66
68
49
22
-14
-51
-65
-40
-8
-6
-14
6
49
72
63
42
17
-15
-47
-65
-72
-78
-69
-22
49
92
81
49
35
34
12
-38
-87
-108
-97
-69
-37
1
45
76
71
40
7
-21
-56
-101
-131
-134
-125
-118
-99
-53
4
42
57
68
80
79
59
27
-12
-65
-127
-172
-175
-130
-59
4
41
66
95
121
123
88
30
-29
-75
-112
-136
-136
-103
-47
5
40
64
92
117
116
79
24
-26
-66
-95
-98
-70
-34
-12
1
16
30
25
8
4
21
40
37
13
-22
-55
-75
-71
-52
-38
-32
-16
16
48
62
60
52
37
4
-41
-77
-87
-72
-43
-9
21
31
13
-15
-27
-13
10
21
16
4
-12
-31
-54
-73
-81
-81
-79
-75
-66
-47
-23
0
21
37
42
27
-4
-27
-33
-33
-40
-40
-21
0
-7
-38
-62
-65
-62
-61
-51
-24
4
14
15
13
2
-17
-27
-13
11
24
23
12
-12
-48
-78
-79
-38
23
71
83
66
41
17
-17
-63
-98
-96
-66
-35
-10
19
46
49
31
17
18
20
16
11
7
-7
-31
-43
-27
1
13
5
-3
2
13
11
-13
-44
-54
-30
8
31
37
33
20
-2
-20
-22
-15
-9
-4
0
-5
-20
-34
-30
-9
17
44
68
73
46
5
-26
-51
-75
-82
-51
3
44
57
57
55
52
45
34
14
-16
-47
-62
-55
-33
-4
27
47
52
45
31
8
-13
-10
20
49
56
50
35
3
-38
-58
-42
-11
10
22
35
43
29
1
-22
-31
-27
-6
26
39
19
-9
-10
13
35
44
46
46
39
23
0
-29
-57
-70
-53
-11
34
66
83
89
82
61
31
2
-20
-36
-42
-32
-2
31
40
27
20
36
49
34
5
-8
-4
-5
-17
-16
8
27
19
1
-1
16
33
38
40
49
61
56
22
-31
-71
-82
-71
-46
-1
63
119
137
114
80
54
32
-5
-58
-110
-147
-158
-138
-85
-11
70
134
164
153
112
57
0
-46
-76
-96
-107
-103
-76
-35
3
38
75
107
110
77
25
-18
-46
-55
-43
-17
-3
-13
-32
-43
-47
-48
-30
16
72
102
96
75
59
44
23
3
-3
0
1
-6
-15
-19
-20
-22
-24
-18
1
23
35
37
37
35
24
3
-15
-20
-17
-16
-14
-4
6
10
15
36
67
88
91
88
80
49
-14
-79
-109
-100
-78
-52
-20
17
41
50
60
77
86
67
23
-29
-80
-119
-128
-104
-63
-20
20
51
59
43
25
22
28
29
22
13
-6
-45
-85
-103
-100
-91
-73
-32
27
72
82
70
57
49
37
14
-19
-58
-93
-114
-115
-96
-55
5
61
88
82
66
61
60
47
27
19
18
0
-49
-109
-140
-126
-81
-24
34
88
125
134
114
75
24
-25
-59
-72
-72
-66
-52
-24
13
38
49
55
64
70
66
49
21
-15
-47
-59
-46
-20
4
23
35
35
24
16
17
15
-1
-21
-22
-1
23
35
37
38
33
14
-10
-20
-12
-2
0
-1
4
12
12
9
11
20
29
32
28
14
-12
-41
-56
-49
-32
-14
4
20
27
19
0
-15
-18
-11
5
21
23
9
-13
-28
-40
-56
-75
-81
-62
-27
11
38
50
51
47
38
22
-1
-23
-39
-50
-55
-50
-35
-13
9
29
43
39
15
-11
-17
-8
1
9
20
31
25
7
-7
-9
-11
-16
-15
-2
10
5
-10
-21
-21
-11
9
33
48
47
34
15
-10
-29
-23
9
38
36
12
-6
-9
-9
-11
-4
10
17
15
16
27
34
26
12
3
-6
-25
-50
-61
-56
-40
-19
5
26
33
23
1
-18
-25
-22
-15
-7
4
18
26
18
-2
-18
-20
-18
-19
-21
-20
-13
-2
12
27
34
30
20
7
-10
-29
-41
-38
-23
-2
18
29
26
12
3
6
15
21
23
19
7
-9
-17
-16
-14
-20
-24
-12
13
34
42
46
49
46
34
13
-13
-39
-53
-44
-22
-9
-15
-20
-2
36
67
76
63
41
15
-7
-22
-29
-33
-31
-19
-5
-2
-11
-18
-11
5
20
31
41
43
34
20
11
6
0
-13
-27
-35
-35
-31
-23
-8
13
33
41
32
13
-2
-2
4
5
-2
-11
-16
-15
-13
-16
-21
-25
-24
-21
-20
-17
-5
16
35
46
52
52
34
-5
-44
-63
-60
-48
-38
-29
-22
-16
-9
2
18
31
36
34
24
5
-20
-41
-47
-34
-5
24
35
24
5
-9
-13
-10
1
17
29
24
7
-6
-9
-8
-6
1
17
34
43
44
37
23
4
-11
-16
-13
-5
4
12
17
14
5
-2
1
9
14
16
20
27
34
31
16
1
-5
-4
1
7
16
23
21
10
2
1
2
-3
-12
-17
-16
-8
4
16
24
26
22
14
3
-14
-35
-51
-51
-32
-6
10
9
-4
-15
-16
-12
-6
-2
2
4
-1
-17
-42
-61
-61
-41
-17
-4
-2
-4
-7
-12
-13
-5
7
11
1
-14
-26
-32
-31
-19
2
17
15
3
-5
-2
7
18
31
46
58
62
58
48
30
4
-22
-40
-41
-27
-6
17
37
51
56
51
40
30
22
16
10
8
9
7
-2
-9
-7
2
4
-3
-5
5
19
27
31
38
41
30
7
-11
-17
-18
-16
-5
15
32
33
20
7
-1
-3
-2
1
-1
-9
-20
-24
-21
-14
-7
-2
1
1
-1
-1
1
1
-1
-2
1
2
-5
-18
-32
-39
-38
-32
-19
-2
9
3
-15
-27
-22
-6
12
31
45
38
9
-24
-40
-44
-51
-55
-39
-6
19
27
31
43
49
41
28
22
17
5
-10
-16
-18
-21
-22
-11
11
28
30
18
5
0
3
5
0
-6
-4
1
-3
-13
-16
-10
-4
-2
6
19
25
21
16
13
7
-9
-23
-26
-22
-23
-28
-28
-24
-20
-18
-19
-20
-16
-3
15
25
22
16
12
4
-13
-30
-37
-35
-29
-22
-14
-13
-20
-25
-17
-2
6
4
-4
-14
-25
-35
-41
-40
-33
-23
-15
-14
-17
-18
-13
-5
2
8
14
13
3
-6
-7
-2
-3
-8
-10
-9
-7
-6
-2
7
18
29
38
39
27
7
-9
-18
-23
-23
-13
1
7
3
-1
1
6
10
18
30
35
22
-2
-20
-28
-30
-27
-16
-1
6
2
-4
-4
0
1
2
6
13
17
17
12
6
4
8
8
-1
-13
-20
-20
-19
-19
-13
2
18
30
36
37
31
17
2
-9
-16
-22
-23
-22
-22
-23
-19
-10
-2
4
8
12
12
9
7
6
-2
-17
-30
-34
-34
-31
-25
-13
-1
4
4
4
4
3
3
3
1
-4
-9
-10
-5
-1
-1
-7
-17
-24
-20
-7
10
21
27
27
20
6
-11
-27
-34
-29
-16
-5
-1
-3
-5
-4
-3
-4
-2
3
9
10
7
2
-7
-15
-16
-12
-7
-6
-5
-2
3
4
3
7
17
26
25
19
13
6
-5
-16
-17
-7
5
8
5
0
-5
-7
-2
9
22
30
31
27
19
7
-2
-3
-2
-3
-4
-2
-2
-9
-15
-14
-9
-8
-4
9
23
26
15
3
-4
-11
-22
-27
-23
-17
-15
-15
-13
-11
-13
-14
-11
-5
-1
-4
-13
-20
-20
-15
-10
-9
-10
-8
-5
-6
-9
-10
-12
-19
-27
-31
-31
-29
-22
-10
5
18
26
30
26
17
7
2
-2
-9
-17
-20
-18
-20
-21
-17
-7
5
20
35
46
44
33
22
17
13
6
-4
-10
-13
-13
-11
-8
-5
0
10
22
28
27
22
17
13
9
5
1
-5
-12
-17
-20
-19
-15
-9
-2
4
10
15
13
5
-4
-9
-12
-12
-9
2
14
18
13
6
3
1
-5
-13
-17
-16
-10
-5
2
6
5
0
-2
0
1
-2
-3
-1
1
-3
-9
-11
-8
-6
-9
-12
-9
-5
-1
4
9
9
4
0
3
9
9
3
1
3
4
-1
-6
-8
-6
-5
-4
-1
3
4
3
6
12
17
18
16
15
14
12
8
3
-3
-6
-3
6
14
16
13
11
13
14
14
12
11
9
5
3
3
4
1
-2
0
6
12
15
16
15
13
11
10
9
5
3
0
-2
-4
-5
-5
-9
-13
-14
-11
-6
0
8
14
14
9
0
-7
-14
-18
-17
-12
-7
-5
-2
0
1
0
1
4
7
8
6
2
1
0
-1
-3
-6
-6
-3
0
1
2
6
9
8
6
8
12
12
11
14
20
20
16
10
6
4
5
9
13
13
9
5
2
-5
-9
-2
11
20
22
25
29
27
20
14
13
10
3
-4
-6
-5
-8
-11
-9
-1
8
16
19
18
15
13
10
2
-8
-14
-17
-21
-26
-27
-22
-13
-3
9
21
27
23
14
5
-3
-12
-18
-19
-16
-14
-12
-9
-8
-6
-5
-2
1
3
6
8
9
5
0
-7
-11
-13
-13
-11
-8
-4
1
5
10
14
17
17
14
11
10
10
7
1
-3
-5
-4
-2
-1
0
2
6
13
17
16
13
10
9
7
5
6
9
9
5
1
1
1
-1
-4
-3
-1
1
2
3
5
5
4
2
1
0
-2
-6
-11
-16
-20
-25
-27
-26
-21
-14
-6
-2
-1
-3
-5
-5
-1
3
4
-2
-13
-20
-23
-24
-24
-23
-19
-10
-2
5
8
5
0
-4
-3
2
4
2
0
-2
-4
-7
-9
-9
-5
0
7
14
18
17
13
6
3
3
7
12
16
16
14
8
1
-3
-2
3
10
15
16
14
9
3
-2
-5
-5
-1
4
5
4
5
6
4
1
-2
-2
-2
-1
3
6
4
-2
-8
-9
-11
-13
-13
-7
1
5
6
4
-3
-10
-16
-19
-20
-20
-18
-13
-8
-7
-9
-9
-10
-13
-16
-15
-11
-9
-8
-8
-8
-9
-11
-14
-15
-14
-11
-7
-3
2
4
2
-2
-6
-8
-7
-5
-5
-4
-2
1
2
1
-1
0
3
9
13
16
16
17
16
13
9
8
9
11
13
16
20
23
23
22
21
20
19
18
19
18
16
13
11
10
9
8
6
5
6
6
6
6
7
10
12
13
13
11
7
3
-1
-3
-3
-3
-3
-5
-8
-11
-12
-12
-12
-11
-10
-9
-10
-10
-11
-14
-18
-19
-18
-17
-19
-23
-24
-22
-20
-19
-19
-19
-18
-17
-19
-22
-24
-24
-23
-22
-22
-22
-21
-21
-24
-27
-27
-25
-23
-20
-14
-8
-6
-7
-5
0
3
2
-1
-3
-4
-7
-9
-10
-12
-14
-13
-6
2
7
10
12
13
13
10
8
7
6
4
2
0
-1
0
2
5
7
10
12
14
16
17
17
16
15
13
9
6
4
2
1
-2
-3
-2
1
4
5
8
9
9
8
5
4
2
0
-1
-1
-1
-2
-3
-3
-3
-4
-5
-5
-3
-2
-2
-2
0
0
-2
-3
-3
-2
-2
1
5
8
6
2
2
4
5
3
1
2
3
4
4
5
6
7
8
10
12
13
12
12
13
13
12
10
9
7
6
6
6
7
9
10
11
13
13
11
8
6
6
6
5
3
2
2
0
-3
-4
-3
-1
1
2
2
-1
-3
-5
-5
-4
-4
-3
-4
-6
-8
-9
-9
-9
-9
-7
-5
-4
-6
-10
-13
-13
-13
-14
-13
-12
-10
-8
-7
-6
-5
-4
-2
0
2
2
1
-2
-5
-7
-6
-5
-4
-3
-3
-4
-5
-5
-3
0
3
5
7
7
6
5
4
3
2
0
0
2
2
2
3
4
4
2
2
4
6
6
6
6
6
5
4
4
4
3
0
-2
-5
-7
-8
-6
-2
0
1
1
1
1
0
0
1
3
5
5
5
3
-2
-6
-8
-9
-9
-9
-9
-7
-3
-1
-1
-2
-1
1
3
4
4
3
1
-1
-1
-2
-4
-6
-9
-9
-8
-6
-5
-5
-4
-3
-1
2
2
2
2
2
1
-2
-3
-3
-3
-5
-6
-6
-6
-7
-7
-5
-1
2
2
2
2
2
2
1
0
-1
-2
-3
-4
-6
-8
-9
-8
-8
-9
-9
-7
-5
-4
-4
-3
-4
-5
-6
-6
-6
-5
-5
-2
0
1
-1
-2
-4
-6
-8
-9
-10
-11
-10
-7
-5
-3
-4
-4
-2
0
1
1
0
0
0
-1
-2
-1
-1
-2
-4
-5
-6
-7
-7
-6
-3
1
4
6
8
8
7
5
4
4
4
2
-1
-4
-5
-5
-6
-6
-4
-1
2
3
5
5
4
3
3
4
2
0
-2
-2
-3
-4
-5
-6
-7
-6
-4
-2
-1
-1
1
2
4
5
5
6
6
6
6
6
4
1
-1
-1
-1
-1
-2
-3
-2
-2
-1
0
3
6
8
9
9
9
7
5
3
2
1
-1
-2
-2
0
1
1
0
2
4
5
5
5
5
4
3
3
2
1
0
-1
1
2
2
2
2
3
3
2
0
-1
-2
-2
-2
-1
0
0
-1
-2
-2
-3
-2
-2
-2
-2
-2
-2
-4
-5
-6
-6
-7
-7
-5
-2
-1
0
1
2
3
4
4
3
2
0
-2
-3
-3
-4
-5
-5
-5
-4
-3
-2
0
3
4
5
5
4
2
-1
-2
-3
-4
-5
-7
-8
-6
-4
-3
-2
-2
-2
-1
-2
-3
-4
-5
-6
-8
-9
-8
-6
-5
-5
-4
-2
-1
-1
-2
-2
-2
-3
-4
-5
-6
-7
-7
-7
-5
-3
-1
1
2
2
2
2
0
-3
-6
-8
-8
-7
-7
-5
-3
0
2
4
5
5
5
4
2
1
0
-1
-2
-4
-5
-6
-7
-6
-4
-2
1
3
5
6
6
5
3
2
1
1
1
1
0
0
1
2
2
2
2
3
3
2
1
-1
-3
-5
-6
-5
-4
-4
-4
-4
-3
-3
-3
-3
-2
-2
-2
-3
-4
-5
-7
-7
-7
-7
-7
-5
-4
-3
-3
-2
-2
-2
-4
-5
-6
-7
-8
-9
-9
-9
-10
-10
-10
-8
-5
-3
-1
0
0
-1
-2
-3
-4
-4
-4
-4
-5
-6
-5
-4
-3
-2
-1
0
2
2
2
1
0
0
1
1
2
2
2
1
1
1
1
1
0
0
2
4
4
3
3
3
3
3
3
4
5
5
5
4
2
1
0
0
0
0
1
2
3
3
2
1
-1
-2
-2
-1
1
2
1
0
-1
0
0
0
1
2
4
6
6
6
5
4
4
4
4
3
4
5
4
3
3
4
3
2
0
-1
0
0
0
0
0
-1
-1
-2
-2
-1
0
0
0
0
0
-1
-3
-4
-4
-3
-2
-2
-2
-2
-1
0
1
1
1
2
2
1
0
0
0
1
1
1
1
2
2
2
4
5
5
5
4
4
4
3
3
3
4
4
4
4
3
2
1
2
2
3
3
2
2
0
-1
-1
-2
-2
-1
-1
0
0
0
0
1
2
3
4
4
3
1
0
0
0
0
-2
-2
-3
-2
-2
-2
-2
-2
-2
-3
-4
-5
-6
-6
-7
-7
-6
-6
-6
-5
-5
-6
-6
-6
-7
-8
-8
-8
-9
-9
-10
-10
-9
-9
-9
-9
-7
-7
-7
-8
-8
-8
-7
-7
-6
-6
-6
-5
-3
-1
0
0
0
0
1
1
1
0
-2
-2
-2
-1
0
1
2
2
3
4
5
5
5
6
6
5
4
2
2
2
2
2
2
2
3
4
5
5
5
5
6
5
5
4
3
2
2
1
2
2
3
3
3
4
5
5
4
3
2
2
1
1
1
0
0
-1
0
1
2
2
2
2
2
2
1
0
-2
-3
-3
-2
-2
-2
-1
1
2
2
2
2
2
1
0
-1
-1
0
0
1
1
2
2
2
2
3
4
4
4
4
3
2
1
0
-1
-2
-1
0
1
2
2
3
4
4
3
2
2
2
1
1
0
0
0
0
-1
0
0
1
1
2
2
2
2
2
0
-2
-3
-4
-4
-4
-3
-2
-1
0
0
0
-1
-1
-2
-2
-2
-2
-2
-3
-2
-2
-2
-2
-2
-1
-1
-1
0
1
2
2
1
0
0
-1
-1
-1
0
1
1
2
3
3
2
2
1
1
0
-1
-1
0
0
1
1
1
1
1
2
2
2
2
3
3
2
1
0
-1
-1
-2
-1
0
1
1
1
1
1
2
2
2
1
0
0
0
-1
-2
-2
-2
-2
-2
-2
-1
-1
-1
0
0
0
-1
-2
-2
-3
-3
-3
-2
-2
-2
-3
-2
-2
-1
0
0
0
0
0
1
1
1
1
1
1
1
1
0
0
0
1
1
1
1
1
1
1
0
0
0
0
-1
0
0
1
0
0
1
2
2
2
2
2
2
1
1
2
2
2
2
1
0
0
1
1
1
2
2
2
2
1
0
0
-1
-2
-2
-1
-1
-1
-1
-1
-2
-1
-1
-1
0
0
0
-1
-2
-2
-2
-2
-3
-3
-4
-3
-3
-2
-1
-1
0
0
0
1
1
1
1
0
0
-1
-1
-1
0
0
-1
0
1
1
1
1
1
1
1
1
2
1
0
-1
-1
-1
-1
-1
-1
0
1
2
2
2
1
0
0
0
0
0
0
1
1
1
2
2
2
2
2
2
2
2
2
3
3
2
1
1
0
0
0
1
1
2
2
2
2
2
2
1
1
1
1
1
1
1
1
0
0
-1
-2
-1
0
1
1
1
1
2
1
0
0
-1
-1
-2
-1
0
0
0
1
1
1
0
0
1
2
1
1
1
1
0
0
0
0
0
0
1
2
2
3
3
3
2
2
1
1
0
0
1
2
2
2
2
2
3
2
2
2
2
2
2
1
0
-1
-2
-2
-2
-1
-1
0
1
1
1
1
0
1
0
0
-1
-1
-1
-1
-1
-1
-1
0
0
0
-1
-1
-1
-1
-2
-2
-2
-2
-2
-2
-2
-1
-1
-1
0
1
1
0
0
0
0
-1
-2
-2
-2
-1
-1
0
1
2
2
2
1
1
1
1
0
0
-1
-1
0
-1
-1
-1
-1
1
2
2
1
1
1
1
0
-1
-2
-2
-2
-2
-2
-1
-1
-1
-2
-2
-2
-2
-1
-1
-2
-2
-2
-2
-2
-2
-2
-2
-2
0
0
0
0
0
-1
-1
-2
-2
-2
-3
-3
-3
-2
-2
-1
-1
0
0
1
1
1
0
0
-1
-1
-1
-2
-3
-2
-2
-2
-1
-1
0
1
1
1
1
0
0
-1
0
-1
-1
-1
-1
0
1
0
0
0
0
0
0
0
-1
-1
-1
-2
-2
-2
-1
0
0
0
0
0
0
0
0
-1
-1
-1
-2
-2
-2
-3
-2
-2
-1
-1
0
0
0
0
0
0
-1
-2
-2
-2
-2
-2
-3
-3
-2
-1
-1
-1
-1
-1
-1
-1
-2
-2
-1
-2
-2
-3
-3
-3
-3
-3
-3
-3
-2
-2
-1
-1
-2
-2
-2
-2
-2
-2
-2
-1
-1
-1
-2
-1
-1
-1
-1
-1
-1
-1
-1
-2
-2
-2
-2
-2
-2
-1
-1
-1
-1
-1
-1
-1
-1
-1
-1
-1
-1
-1
-1
-1
-1
0
-1
-1
-1
-2
-2
-2
-2
-1
-1
-1
-1
-1
-1
-1
-1
-1
-1
-1
-1
-1
-1
-2
-2
-2
-2
-2
-2
-2
-2
-2
-2
-2
-2
-2
-2
-2
-2
-2
-2
-2
-2
-3
-3
-3
-3
-3
-3
-3
-3
-3
-2
-2
-2
-2
-2
-2
-1
-1
-1
-1
-1
-2
-2
-2
-2
-2
-2
-2
-2
-2
-2
-1
-1
-1
0
0
0
0
0
0
0
-1
-2
-2
-2
-2
-3
-3
-3
-3
-2
-2
-1
-1
0
-1
-1
-1
-1
-1
-1
-2
-1
-1
-2
-2
-2
-1
-1
-1
-1
0
0
0
1
1
1
0
0
0
0
0
1
1
1
1
1
1
1
1
1
1
0
-1
-1
0
0
0
0
0
1
1
1
1
1
1
1
1
1
0
-1
-1
-1
-1
-1
-1
-1
0
1
1
0
0
1
1
1
1
1
1
0
0
0
0
0
0
0
0
0
0
1
1
2
1
1
1
1
1
1
1
1
0
0
0
0
0
0
0
0
0
0
1
1
1
1
1
1
1
1
1
1
0
0
0
0
-1
-1
-1
-1
-1
-1
-1
-1
0
0
0
1
1
2
2
2
2
1
1
0
0
0
0
0
0
0
0
0
0
1
1
1
1
1
1
1
1
0
0
0
0
0
-1
-1
0
0
0
0
0
0
1
1
1
1
1
1
1
1
1
1
1
1
1
1
1
0
0
0
0
1
0
0
0
1
1
1
0
1
1
2
1
1
0
0
0
0
-1
-1
0
-1
-1
-1
0
0
1
1
1
1
1
1
1
1
0
0
0
-1
-1
-1
-1
-1
-1
0
1
1
1
1
1
1
1
1
1
0
0
0
0
-1
-1
-1
-1
0
0
0
0
0
0
0
1
1
1
0
1
1
0
-1
-1
0
0
0
-1
0
0
1
1
1
1
1
1
1
2
2
2
2
1
0
0
1
0
0
-1
0
1
1
0
0
1
0
0
0
0
0
0
-1
0
0
0
-1
-1
-1
0
-1
-1
-1
-1
-1
-1
-1
-1
-1
-1
-1
-1
-1
-1
-1
-1
-1
-1
0
0
1
1
1
1
0
0
1
1
1
0
0
0
-1
0
0
0
-1
-1
-1
-1
0
-1
-1
0
0
-1
-1
-1
-1
0
-1
-1
-1
-1
-1
-1
-2
-2
-1
-1
-1
-1
0
0
0
-1
-1
0
0
0
0
0
0
0
0
0
-1
-1
-1
-1
0
0
0
0
0
0
0
0
0
0
-1
-1
-1
-1
-1
0
0
0
0
0
0
0
0
0
-1
-2
-2
-1
-1
-2
-2
-1
-1
-1
-1
0
0
0
0
-1
-1
-1
-1
-1
-1
-1
0
0
0
0
-1
-1
-1
-1
-1
-1
-1
-1
-1
-1
-2
-2
-1
-1
-2
-2
-1
-1
-1
-1
-1
0
0
-1
-1
-2
-2
-2
-2
-2
-2
-2
-1
-1
-2
-2
-2
-1
-1
-2
-1
-1
-1
-2
-2
-1
-1
-2
-2
-2
-1
-1
-2
-2
-2
-2
-2
-2
-2
-2
-2
-1
-1
-1
-1
-1
-1
-1
-1
-1
0
0
-1
-2
-2
-1
-1
-1
-2
-1
-1
-1
-1
-1
-1
-1
0
0
0
0
0
0
-1
-1
-1
-1
-1
-1
-1
-1
-1
-1
0
0
0
0
0
-1
-1
-2
-2
-1
-1
-2
-2
-2
-1
-1
-1
-1
-1
-1
-1
-1
-1
-1
-1
-1
-1
-1
-1
-1
-1
-1
-1
-1
-1
-1
-1
0
0
0
0
0
0
0
0
0
0
0
0
0
-1
-1
0
0
-1
-1
-1
-1
-1
-1
0
0
0
-1
-1
-1
-1
-1
0
0
0
0
-1
-1
-1
-1
0
0
0
-1
0
0
0
0
0
0
0
0
0
0
-1
-1
0
0
0
0
0
0
0
0
0
0
0
0
-1
-1
0
0
0
-1
-1
0
0
0
-1
-1
-1
-1
-1
0
0
0
0
0
0
0
0
0
0
0
0
0
0
0
0
0
0
0
0
0
0
0
0
0
0
0
0
0
0
0
0
0
1
1
0
0
0
0
1
1
0
0
0
0
0
0
0
0
0
0
0
0
0
0
0
0
0
0
0
0
0
0
0
0
0
0
0
0
0
0
0
0
0
0
0
0
0
0
0
0
0
0
0
0
0
0
0
-1
-1
-1
-1
0
0
0
0
0
0
0
-1
-1
-1
-1
-1
-1
-1
-1
0
0
0
0
-1
-1
0
0
1
0
0
0
0
0
0
0
0
0
0
0
0
0
0
0
0
0
-1
-1
-1
0
0
0
0
0
0
0
0
0
0
0
0
0
0
0
0
0
0
0
0
0
0
0
0
1
1
0
0
0
0
0
0
0
0
0
-1
-1
-1
-1
-1
-1
0
0
0
0
0
0
-1
-1
-1
-1
-1
-1
-1
0
0
0
0
0
0
0
0
0
0
0
0
0
0
0
0
0
1
1
1
1
0
0
0
0
0
0
0
0
0
0
0
0
0
0
0
0
0
0
0
-1
0
0
0
0
0
1
1
0
0
0
0
0
0
0
0
-1
-1
0
0
0
0
0
0
0
0
0
0
0
-1
-1
-1
-1
-1
-1
-1
-1
-1
-1
-1
0
0
1
1
1
1
0
0
-1
-1
0
0
0
0
0
0
0
0
0
0
0
1
1
1
0
0
0
0
0
0
1
1
1
0
0
0
0
0
-1
-1
0
0
0
-1
0
0
0
-1
-1
-1
-1
0
-1
-1
-1
-1
0
0
0
-1
-1
-1
-1
-1
-1
0
0
0
0
0
0
0
-1
0
0
0
0
-1
0
0
-1
-1
-1
0
0
0
0
0
0
0
0
0
0
0
0
-1
-1
0
0
0
0
0
0
-1
-1
0
0
0
-1
-1
-1
0
0
-1
-1
-1
-1
0
-1
-1
-1
-1
-1
-1
-1
-1
0
0
0
0
-1
-1
-1
-1
-1
-1
-1
-1
0
0
0
-1
-1
-1
0
0
0
0
0
0
0
-1
-1
0
0
0
0
-1
-1
-1
-1
-1
-1
-1
-1
-1
0
0
-1
-1
-1
-1
-1
0
0
0
0
0
0
0
0
0
0
0
0
0
0
0
0
0
-1
-1
-1
-1
-1
-1
-1
-1
-1
-1
-1
-1
-1
-1
0
0
-1
-1
0
-1
-1
0
0
0
-1
-1
0
-1
-1
-1
0
0
0
0
0
-1
-1
-1
0
0
0
0
0
0
0
0
0
0
0
0
0
0
0
0
0
0
-1
0
0
0
-1
-1
-1
0
-1
-1
-1
-1
-1
-1
-1
-1
-1
-1
-1
-1
-1
-1
-1
-1
-1
-1
-1
-1
-2
-2
-2
-1
-1
-1
-1
-1
-1
-1
-1
-1
-1
-1
-1
-1
-1
-1
0
0
-1
-1
-1
-1
-1
-1
-1
-1
-1
-1
-1
-1
-1
-1
-1
0
-1
-1
-1
0
0
-1
-1
-1
0
0
0
-1
-1
-1
-1
-1
-1
-1
-1
0
0
0
0
-1
-1
-1
-1
-1
-1
-1
-1
-1
-1
-1
-1
-1
-1
-1
-1
-1
0
-1
-1
-1
-1
-1
-1
-1
-1
-1
-1
-1
-1
-1
-1
-1
-1
-1
-1
-1
-1
-1
-1
-1
-1
-1
-1
-1
-1
-1
-1
0
-1
-1
-1
-1
0
-1
-1
-1
-1
-1
-1
-1
-1
-1
-1
-2
-2
-2
-1
-1
-1
-1
-1
-1
-1
-1
-1
-1
-1
-1
-1
-1
0
0
-1
-1
-1
0
0
0
0
0
0
0
-1
-1
-1
-1
0
0
0
-1
-1
-1
-1
-1
-1
-1
0
0
0
-1
0
0
0
-1
-1
-1
-1
-1
-1
-1
-1
-1
-1
-1
-1
-1
-1
-1
-1
-1
-1
-1
0
0
-1
-1
-1
-1
-1
-1
-1
0
0
0
-1
-1
-1
-1
-1
-1
-1
-1
-1
-1
-1
-1
-1
-1
-1
-1
-1
-1
-1
-1
-1
-1
-1
-1
-1
-1
0
0
0
-1
-1
-1
-1
-1
-1
-1
-1
0
0
-1
-1
-1
0
0
-1
-1
-1
-1
-1
-1
-1
-1
-1
-1
-1
0
0
0
0
0
-1
-1
-1
0
0
-1
-1
-1
0
-1
-1
-1
0
-1
-1
-1
-1
-1
-1
-1
0
0
0
0
0
0
0
0
0
0
0
0
0
0
0
0
0
0
0
-1
0
0
1
0
0
0
0
0
0
0
0
0
0
0
0
0
0
0
0
0
0
0
1
1
0
0
0
0
0
0
0
0
0
0
0
1
0
0
0
0
0
0
0
0
0
0
0
0
0
0
0
0
0
0
0
0
0
0
-1
-1
-1
-1
-1
-1
0
0
0
0
0
0
0
0
0
0
0
0
0
0
0
0
0
0
0
0
0
0
0
0
0
0
0
0
0
0
0
0
0
0
0
0
0
0
0
0
0
0
1
0
0
0
0
0
0
0
0
0
0
0
0
0
0
0
0
0
-1
-1
-1
0
0
0
0
0
0
0
0
0
0
0
0
0
0
0
0
0
1
0
0
0
0
0
0
0
0
0
0
0
0
0
0
0
0
0
0
0
0
0
0
0
0
0
0
0
0
0
0
0
0
0
0
0
0
0
0
0
0
0
0
0
0
-1
0
0
0
0
0
0
0
0
0
0
0
0
0
0
0
0
0
0
0
0
-1
0
0
0
0
0
0
0
0
0
0
0
0
0
-1
0
0
-1
-1
-1
-1
0
0
0
0
0
0
0
0
-1
-1
-1
-1
-1
0
0
0
0
0
0
0
0
0
0
0
0
0
0
0
0
0
0
0
0
0
0
0
0
0
0
0
0
0
0
0
0
0
0
0
-1
-1
-1
-1
-1
-1
-1
0
0
0
0
0
0
0
0
0
0
0
0
0
0
0
0
0
-1
-1
-1
0
0
-1
-1
-1
-1
0
0
0
0
0
0
0
0
0
-1
-1
0
0
0
0
0
0
0
0
0
0
0
-1
-1
0
0
0
0
0
0
0
0
0
0
0
0
0
0
0
0
1
0
0
0
0
0
0
0
0
0
0
0
0
0
0
-1
-1
-1
-1
-1
0
0
-1
-1
-1
0
-1
-1
0
0
0
0
0
0
0
0
0
0
0
0
0
0
0
0
0
0
0
0
0
0
0
0
0
0
0
0
0
0
0
0
0
0
0
0
0
0
-1
0
0
0
0
-1
-1
-1
-1
-1
-1
0
0
-1
-1
0
0
0
-1
-1
0
0
0
0
0
0
0
0
0
0
0
0
0
0
0
0
0
0
0
0
0
0
-1
-1
-1
-1
-1
-1
-1
-1
0
0
-1
-1
-1
-1
0
0
0
0
0
0
-1
0
0
0
0
0
-1
0
0
0
-1
-1
-1
-1
-1
-1
0
0
0
0
0
0
0
0
-1
-1
0
0
-1
0
0
0
0
0
0
0
-1
-1
-1
0
-1
-1
-1
-1
-1
-1
-1
-1
-1
-1
0
-1
-1
-1
0
0
-1
-1
0
0
0
0
0
0
0
-1
-1
0
0
-1
-1
-1
0
0
0
0
-1
-1
-1
-1
0
0
-1
-1
-1
-1
-1
-1
-1
-1
-1
-1
-1
-1
-1
-1
-1
-1
-1
-1
-1
-1
-1
-1
0
-1
-1
-1
-1
-1
-1
-1
-1
-1
-1
-1
-1
-1
-1
-1
-1
-1
-1
-1
-1
-1
-1
0
0
0
-1
-1
-1
-1
-1
-1
-1
-1
-1
-1
0
0
0
-1
-1
-1
-1
0
0
0
0
-1
-1
-1
-1
-1
-1
-1
-1
-1
-1
-1
-1
-1
-1
-1
-1
-1
-1
-1
-1
-1
0
0
-1
-1
-1
-1
-1
-1
-1
-1
-1
-1
-1
-1
-1
-1
-1
-1
-1
-1
-1
0
-1
-1
-1
-1
-1
-1
0
0
0
0
-1
-1
-1
-1
-1
-1
-1
-1
-1
-1
-1
-1
-1
-1
-1
-1
-1
-1
-1
-1
-1
-1
-1
-1
-1
0
0
-1
-1
-1
-1
-1
-1
-1
-1
0
0
0
0
-1
-1
-1
0
-1
-1
-1
-1
-1
-1
-1
-1
-1
-1
-1
-1
-1
-1
-1
-1
-1
-1
-1
0
-1
-1
-1
-1
-1
-1
-1
-1
-1
-1
-1
-1
-1
-1
-1
-1
-1
-1
-1
-1
-1
-1
-1
-1
-1
-1
-1
-1
0
0
-1
-1
0
0
-1
-1
0
0
0
-1
-1
-1
-1
0
0
0
0
-1
-1
0
0
-1
-1
0
0
0
0
0
0
0
0
0
0
0
0
0
0
0
0
0
-1
0
0
0
0
0
0
0
0
0
0
0
0
-1
0
0
0
0
0
0
0
0
0
0
0
0
0
0
0
0
0
0
0
0
0
0
0
-1
-1
0
0
0
0
0
0
0
0
0
0
0
0
-1
-1
0
0
0
-1
0
0
0
-1
-1
0
0
0
0
0
0
0
-1
-1
0
0
0
0
0
0
0
0
0
0
0
0
0
0
0
0
0
0
-1
-1
0
0
0
0
0
0
0
0
0
0
0
0
0
0
0
0
0
0
0
0
0
0
0
0
-1
-1
0
0
-1
0
0
0
0
0
0
0
0
-1
-1
0
0
0
0
-1
0
0
0
-1
0
0
0
0
0
0
0
0
0
0
0
0
0
0
0
0
0
0
0
0
0
0
0
0
-1
0
0
0
-1
-1
0
0
0
0
0
0
0
-1
-1
0
0
-1
0
0
0
0
-1
-1
0
0
0
0
0
0
0
0
0
0
0
0
0
0
0
0
0
0
0
0
-1
-1
0
0
0
0
0
0
0
0
0
0
0
0
0
0
0
0
0
-1
0
0
0
0
-1
-1
0
0
0
0
0
0
0
0
0
0
0
-1
-1
-1
0
0
-1
-1
0
0
0
0
0
0
0
0
0
0
0
0
0
0
0
0
0
0
0
0
0
0
0
0
0
0
0
0
0
0
0
0
0
0
0
0
0
0
0
0
0
0
0
0
0
0
0
0
-1
-1
-1
0
0
0
0
0
0
0
0
0
0
0
0
0
0
0
0
0
0
0
0
0
0
0
-1
0
0
0
0
0
0
0
0
0
0
0
0
0
0
0
0
0
-1
-1
0
0
0
0
0
0
0
0
0
0
0
0
0
0
0
0
0
-1
-1
-1
0
0
0
0
0
0
0
0
0
0
0
0
0
0
0
0
0
-1
-1
-1
-1
0
0
0
0
0
0
0
0
-1
-1
0
0
0
0
0
0
0
0
0
0
0
0
0
0
0
0
0
0
0
0
0
0
0
-1
0
0
0
0
0
0
0
0
0
0
0
0
0
0
0
-1
-1
0
0
0
0
0
0
0
0
0
0
0
0
0
0
0
0
0
0
0
0
0
0
0
0
0
0
0
0
0
0
0
0
0
0
0
0
0
0
0
-1
0
0
0
0
0
0
0
0
0
0
0
0
0
0
0
0
-1
-1
0
0
0
0
0
0
0
0
0
0
0
0
0
0
-1
-1
0
-1
-1
0
0
0
0
0
0
0
0
0
0
0
0
0
0
0
0
0
0
0
-1
0
0
0
0
-1
0
0
0
-1
0
0
0
0
0
0
0
0
0
0
0
0
0
0
0
0
-1
-1
0
0
0
0
0
0
0
0
0
0
-1
0
0
0
-1
0
0
0
0
0
0
0
0
0
0
0
0
0
0
0
0
0
0
0
0
0
-1
-1
0
0
0
-1
0
0
0
0
0
0
0
0
0
0
0
0
-1
-1
0
0
0
0
0
0
0
0
0
0
0
0
0
0
0
0
0
0
0
0
0
0
0
0
0
0
0
0
0
0
0
0
0
0
0
0
0
0
0
0
0
0
0
0
0
0
0
0
0
0
0
0
0
0
0
0
0
0
0
0
0
0
0
0
0
-1
0
0
0
0
0
0
-1
-1
-1
-1
-1
0
0
0
0
0
0
0
0
0
0
0
-1
0
0
0
0
0
0
0
-1
0
0
0
0
-1
-1
0
0
0
0
0
0
0
0
0
0
0
0
0
0
0
0
0
0
0
0
0
0
0
0
0
0
0
0
0
0
0
0
0
0
0
0
0
0
0
0
0
0
0
0
0
0
0
0
0
0
0
0
0
0
0
0
0
0
0
0
0
-1
-1
0
0
0
0
0
0
0
0
0
0
0
-1
0
0
0
0
0
0
0
0
0
0
0
0
0
0
0
0
0
0
0
0
0
0
0
0
0
0
0
0
0
0
0
0
0
0
0
0
0
0
0
0
0
0
0
-1
0
0
0
0
0
0
0
0
0
0
0
0
0
0
0
0
0
0
0
0
0
0
0
0
0
0
0
0
0
0
0
0
0
0
-1
0
0
-1
-1
-1
0
-1
-1
-1
0
0
0
-1
0
0
0
0
0
0
0
0
0
0
0
0
0
0
0
0
0
0
0
0
0
0
0
0
0
0
0
-1
0
0
0
0
-1
0
0
0
0
-1
0
0
0
0
0
0
0
0
0
0
0
0
0
0
0
0
0
0
0
0
0
0
0
0
0
0
0
0
0
0
0
0
0
0
0
0
0
0
-1
0
0
0
0
0
0
0
0
0
0
0
0
0
0
0
0
0
0
0
0
0
0
0
0
0
0
0
0
-1
0
0
0
0
0
0
0
0
0
0
0
0
0
0
0
0
0
0
0
0
0
0
0
0
0
0
0
0
0
0
-1
0
0
0
0
0
-1
0
0
0
0
0
0
0
0
0
0
0
0
0
0
0
0
0
-1
0
0
0
0
0
-1
0
0
0
0
0
0
0
0
0
0
0
0
0
-1
-1
-1
-1
0
0
0
0
0
0
0
0
0
0
0
0
0
0
0
0
0
0
-1
0
0
0
0
0
-1
-1
0
0
0
0
0
0
0
0
0
0
0
0
0
0
0
0
0
0
-1
0
0
0
0
0
0
0
0
0
0
0
-1
-1
-1
0
0
0
0
0
0
0
0
0
0
0
0
0
0
0
0
0
0
0
0
0
0
0
0
0
0
0
0
0
-1
0
0
0
0
0
0
0
0
0
0
0
0
-1
0
0
0
-1
0
0
0
0
0
0
0
0
0
0
0
0
0
0
0
0
0
0
0
0
0
0
0
0
0
0
0
0
0
0
0
0
0
0
0
0
0
0
0
0
0
0
0
0
0
0
0
0
0
0
0
0
0
0
0
0
0
0
0
0
0
0
0
0
0
0
0
0
0
0
0
0
0
0
0
0
0
0
0
0
0
0
0
0
0
0
0
0
0
0
0
0
0
0
0
0
0
0
0
0
-1
-1
-1
0
0
-1
0
0
0
0
0
0
0
0
0
0
0
0
0
0
0
0
0
0
0
0
0
0
0
0
0
0
0
0
0
0
0
0
0
0
0
0
0
0
0
0
0
0
0
0
0
0
0
-1
0
0
0
0
0
0
0
0
0
0
0
0
0
0
0
0
-1
0
0
0
0
0
0
0
0
0
0
0
0
0
0
0
0
0
0
0
0
0
0
0
0
0
0
0
0
0
0
0
0
-1
0
0
0
0
0
0
0
0
0
0
0
0
0
0
0
0
0
0
0
0
0
0
0
0
0
0
0
0
0
0
0
0
0
0
0
0
0
0
0
0
0
0
0
0
0
0
0
0
0
0
0
0
0
0
0
0
0
0
0
0
0
0
0
0
0
0
0
0
0
0
0
0
0
0
0
0
0
0
0
0
0
0
0
0
0
0
0
0
0
0
0
0
0
0
0
0
0
0
0
0
0
0
0
0
0
0
0
0
0
0
0
0
0
0
0
0
0
0
0
0
0
0
0
0
0
0
0
0
0
-1
0
0
0
0
0
0
0
0
0
0
0
0
0
0
0
0
0
0
0
-1
0
0
0
0
0
0
0
0
0
0
0
0
0
0
0
0
0
0
0
0
0
0
0
0
0
0
0
0
0
0
0
0
0
0
0
0
0
0
0
0
0
0
0
0
0
0
0
0
0
0
0
0
0
0
0
0
0
0
0
0
0
0
0
0
0
0
0
0
0
0
0
0
0
0
0
0
0
0
0
0
0
0
0
0
0
0
-1
0
0
0
0
0
0
0
0
0
0
0
0
0
0
0
0
0
0
0
0
0
0
0
0
0
0
0
0
0
0
0
0
0
0
0
0
0
0
0
0
0
0
0
0
0
0
0
0
0
0
0
0
0
0
0
0
0
0
0
0
0
0
0
0
0
0
0
0
0
0
0
0
0
0
0
0
0
0
0
0
0
0
0
0
0
0
0
0
0
0
0
0
0
0
0
0
0
0
0
0
0
-1
0
0
0
0
0
0
0
0
0
0
0
0
0
0
0
0
0
0
0
0
0
0
0
0
0
0
0
0
0
0
0
0
0
0
0
0
0
0
0
0
0
0
0
0
0
0
0
0
0
0
0
0
0
0
0
0
0
0
0
0
0
0
0
0
0
0
0
0
0
0
0
0
0
0
0
0
0
0
0
0
0
0
0
0
0
0
0
0
0
0
0
0
0
0
0
0
0
-1
0
0
0
0
0
0
0
0
0
0
0
-1
0
0
0
-1
0
0
0
0
0
0
0
0
0
0
0
0
0
0
0
0
0
0
0
0
0
0
0
0
0
0
0
0
0
0
0
0
0
0
0
0
0
0
0
0
0
0
0
0
0
0
0
0
0
0
0
0
0
0
0
0
0
0
0
0
0
0
0
0
0
0
0
0
0
0
0
0
0
0
0
0
0
0
0
0
0
0
0
0
0
0
0
0
0
0
0
0
0
0
0
0
0
0
0
0
0
0
0
0
0
0
0
0
0
0
0
0
0
0
0
0
0
0
0
0
0
0
0
0
0
0
0
0
0
0
0
0
0
0
0
0
0
0
0
0
0
0
0
0
0
0
0
0
0
0
0
0
0
0
0
0
0
0
0
0
0
0
0
0
0
0
0
0
0
0
0
0
0
0
0
0
0
0
0
0
0
0
0
0
0
0
0
0
0
0
0
0
0
0
0
0
0
0
0
0
0
0
0
0
0
0
0
0
0
0
0
0
0
0
0
0
0
0
0
0
0
0
0
0
0
0
0
0
0
0
0
0
0
0
0
0
0
0
0
0
0
0
0
0
0
0
0
0
0
0
0
0
0
0
0
0
0
0
0
0
0
0
0
0
0
0
0
0
0
0
0
0
0
0
0
0
0
0
0
0
0
0
0
0
0
0
0
0
0
0
0
0
0
0
0
0
0
0
0
0
0
0
0
0
0
0
0
0
0
0
0
0
0
0
0
0
0
0
0
0
0
0
0
0
0
0
0
0
0
0
0
0
0
0
0
0
0
0
0
0
0
0
0
0
0
0
0
0
0
0
0
0
0
0
0
0
0
0
0
0
0
0
0
0
0
0
0
0
0
0
0
0
0
0
0
0
0
0
0
0
0
0
0
0
0
0
0
0
0
0
0
0
0
0
0
0
0
0
0
0
0
0
0
0
0
0
0
0
0
0
0
0
0
0
0
0
0
0
0
0
0
0
0
0
0
0
0
0
0
0
0
0
0
0
0
0
0
0
0
0
0
0
0
0
0
0
0
0
0
0
0
0
0
0
0
0
0
0
0
0
0
0
0
0
0
0
0
0
0
0
0
0
0
0
0
0
0
0
0
0
0
0
0
0
0
0
0
0
0
0
0
0
0
0
0
0
0
0
0
0
0
0
0
0
0
0
0
0
0
0
0
0
0
0
0
0
0
0
0
0
0
0
0
0
0
0
0
0
0
0
0
0
0
0
0
0
0
0
0
0
0
0
0
0
0
0
0
0
0
0
0
0
0
0
0
0
0
0
0
0
0
0
0
0
0
0
0
0
0
0
0
0
0
0
0
0
0
0
0
0
0
0
0
0
0
0
0
0
0
0
0
0
0
0
0
0
0
0
0
0
0
-1
0
0
0
-1
0
0
0
0
0
0
0
0
0
0
0
0
0
0
0
0
0
0
0
0
0
0
0
0
0
0
0
0
0
0
0
0
0
0
0
0
0
0
0
0
0
0
0
0
0
0
0
0
0
0
0
0
0
0
0
0
0
0
0
0
0
0
0
0
0
0
0
0
0
0
0
0
0
0
0
0
0
0
0
0
0
0
0
0
0
0
0
0
0
0
0
0
0
0
0
0
0
0
0
0
0
0
0
0
0
0
0
0
0
0
0
0
0
0
0
0
0
0
0
0
0
0
0
0
0
0
0
0
0
0
0
0
0
0
0
0
0
0
0
0
0
0
0
0
0
0
0
0
0
0
0
0
0
0
0
0
0
0
0
0
0
0
0
0
0
0
0
0
0
0
0
0
0
0
0
0
0
0
0
0
0
0
0
0
0
0
-1
0
0
0
0
0
0
0
0
0
0
0
0
0
0
0
0
0
0
0
0
0
0
0
0
0
0
0
0
0
0
0
0
0
0
0
0
0
0
0
0
0
0
0
0
0
0
0
0
0
0
0
0
0
0
0
0
0
0
0
0
0
0
0
0
0
0
0
0
0
0
0
0
0
0
0
0
0
0
0
0
0
-1
-1
0
0
0
0
0
0
0
0
0
0
0
0
0
0
0
0
0
0
0
0
0
0
0
0
0
0
0
0
0
0
0
0
0
0
0
0
0
0
0
0
0
0
0
0
0
0
0
0
0
0
0
0
0
0
0
0
0
0
0
0
0
0
0
0
0
0
0
0
0
0
0
0
0
0
0
0
0
0
0
0
0
0
0
0
0
0
0
0
0
0
0
0
0
0
0
0
0
0
0
0
0
0
0
0
0
0
0
0
0
0
0
0
0
0
0
0
0
0
0
0
0
0
0
0
0
0
0
0
0
0
0
0
0
0
0
0
0
0
0
0
0
0
0
0
0
0
0
0
0
0
0
0
0
0
0
0
0
0
0
0
0
0
0
0
0
0
0
0
0
0
0
0
0
0
0
0
0
0
0
0
0
0
0
0
0
0
0
0
0
0
0
0
0
0
0
0
0
0
0
0
0
0
0
0
0
0
0
0
0
0
0
0
0
0
0
0
0
0
0
0
0
0
0
0
0
0
0
0
0
0
0
0
0
0
0
0
0
0
0
0
0
0
0
0
0
0
0
0
0
0
0
0
0
0
0
0
0
0
0
0
0
0
0
0
0
0
0
0
0
0
0
0
0
0
0
0
0
0
0
0
0
0
0
0
0
0
0
0
0
0
0
0
0
0
0
0
0
0
0
0
0
0
0
0
0
0
0
0
0
0
0
0
0
0
0
0
0
0
0
0
0
0
0
0
0
0
0
0
0
0
0
0
0
0
0
0
0
0
0
0
0
0
0
0
0
0
0
0
0
0
0
0
0
0
0
0
0
0
0
0
0
0
0
0
0
0
0
0
0
0
0
0
0
0
0
0
0
0
0
0
0
0
0
0
0
0
0
0
0
0
0
0
0
0
0
0
0
0
0
0
0
0
0
0
0
0
0
0
0
0
0
0
0
0
0
0
0
0
0
0
0
0
0
0
0
0
0
0
0
0
0
0
0
0
0
0
0
0
0
0
0
0
0
0
0
0
0
0
0
0
0
0
0
0
0
0
0
0
0
0
0
0
0
0
0
0
0
0
0
0
0
0
0
0
0
0
0
0
0
0
0
0
0
0
0
0
0
0
0
0
0
0
0
0
0
0
0
0
0
0
0
0
0
0
0
0
0
0
0
0
0
0
0
0
0
0
0
0
0
0
0
0
0
0
0
0
0
0
0
0
0
0
0
0
0
0
0
0
0
0
0
0
0
0
0
0
0
0
0
0
0
0
0
0
0
0
0
0
0
0
0
0
0
0
0
0
0
0
0
0
0
0
0
0
0
0
0
0
0
0
0
0
0
0
0
0
0
0
0
0
0
0
0
0
0
0
0
0
0
0
0
0
0
0
0
0
0
0
0
0
0
0
0
0
0
0
0
0
0
0
0
0
0
0
0
0
0
0
0
0
0
0
0
0
0
0
0
0
0
0
0
0
0
0
0
0
0
0
0
0
0
0
0
0
0
0
0
0
0
0
0
0
0
0
0
0
0
0
0
0
0
0
0
0
0
0
0
0
0
0
0
0
0
0
0
0
0
0
0
0
0
0
0
0
0
0
0
0
0
0
0
0
0
0
0
0
0
0
0
0
0
0
0
0
0
0
0
0
0
0
0
0
0
0
0
0
0
0
0
0
0
0
0
0
0
0
0
0
0
0
0
0
0
0
0
0
0
0
0
0
0
0
0
0
0
0
0
0
0
0
0
0
0
0
-1
0
0
0
0
0
0
0
0
0
0
0
0
0
0
0
0
0
0
0
0
0
0
0
0
-1
0
0
0
0
0
0
0
0
0
0
0
0
0
0
0
0
0
0
0
0
0
0
0
0
0
0
0
0
0
0
0
0
0
0
0
0
0
0
0
0
0
0
0
0
0
0
0
0
0
0
0
0
0
0
0
0
0
0
0
0
0
0
0
0
0
0
0
0
0
0
0
0
0
0
0
0
0
0
0
0
0
0
0
0
0
0
0
0
0
0
0
0
0
0
0
0
0
0
0
0
0
0
0
0
0
0
0
0
0
0
0
0
0
0
0
0
0
0
0
0
0
0
0
0
0
0
0
0
0
0
0
0
0
0
0
0
0
0
0
0
0
0
0
0
0
0
0
0
0
0
0
-1
0
0
0
0
0
0
0
0
0
0
0
0
0
0
0
0
0
0
0
0
0
0
0
0
0
0
0
0
0
0
0
0
0
0
0
0
0
0
0
0
0
0
0
0
0
0
0
0
0
0
0
0
0
0
0
0
0
0
0
0
0
0
0
0
0
0
0
0
0
0
0
0
0
0
0
0
0
0
0
0
0
0
0
0
0
0
0
0
0
0
0
0
0
0
0
0
0
0
0
0
0
0
0
0
0
0
0
0
0
0
0
0
0
0
0
0
0
0
0
0
0
0
0
0
0
0
0
0
0
0
0
0
0
0
0
0
0
0
0
0
0
0
0
0
0
0
0
0
0
0
0
0
0
0
0
0
0
0
0
0
0
0
0
0
0
0
0
0
0
0
0
0
0
0
0
0
0
0
0
0
0
0
0
0
0
0
0
0
0
0
0
0
0
0
0
0
0
0
0
0
0
0
0
0
0
0
0
0
0
0
0
0
0
0
0
0
0
0
0
0
0
0
0
0
0
0
0
0
0
0
0
0
0
0
0
0
0
0
0
0
0
0
0
0
0
0
0
0
0
0
0
0
0
0
0
0
0
0
0
0
0
0
0
0
0
0
0
0
0
0
0
0
0
0
0
0
0
0
0
0
0
0
0
0
0
0
0
0
0
0
0
0
0
0
0
0
0
0
0
0
0
0
0
0
0
0
0
0
0
0
0
0
0
0
0
0
