0
0
0
0
0
0
0
0
0
0
0
0
0
0
0
0
0
0
0
0
0
0
0
0
0
0
0
0
0
0
0
0
0
0
0
0
0
0
0
0
0
0
0
0
0
0
0
0
0
0
0
0
0
0
0
0
0
0
0
0
0
0
0
0
0
0
0
0
0
0
0
0
0
0
0
0
0
0
0
0
0
0
0
0
0
0
0
0
0
0
0
0
0
0
0
0
0
0
0
0
0
0
0
0
0
0
0
0
0
0
0
0
0
0
0
0
0
0
0
0
0
0
0
0
0
0
0
0
0
0
0
0
0
0
0
0
0
0
0
0
0
0
0
0
0
0
0
0
0
0
0
0
0
0
0
0
0
0
0
0
0
0
0
0
0
0
0
0
0
0
0
0
0
0
0
0
0
0
0
0
0
0
0
0
0
0
0
0
0
0
0
0
0
0
0
0
0
0
0
0
0
0
0
0
0
0
0
0
0
0
0
0
0
0
0
0
0
0
0
0
0
0
0
0
0
0
0
0
0
0
0
0
0
0
0
0
0
0
0
0
0
0
0
0
0
0
0
0
0
0
0
0
0
0
0
0
0
0
0
0
0
0
0
0
0
0
0
0
0
0
0
0
0
0
0
0
0
0
0
0
0
0
0
0
0
0
0
0
0
0
0
0
0
0
0
0
0
0
0
0
0
0
0
0
0
0
0
0
0
0
0
0
0
0
0
0
0
0
0
0
0
0
0
0
0
0
0
0
0
0
0
0
0
0
0
0
0
0
0
0
0
0
0
0
0
0
0
0
0
0
0
0
0
0
0
0
0
0
0
0
0
0
0
0
0
0
0
0
0
0
0
0
0
0
0
0
0
0
0
0
0
0
0
0
0
0
0
0
0
0
0
0
0
0
0
0
0
0
0
0
0
0
0
0
0
0
0
0
0
0
0
0
0
0
0
0
0
0
0
0
0
0
0
0
0
0
0
0
0
0
0
0
0
0
0
0
0
0
0
0
0
0
0
0
0
0
0
0
0
0
0
0
0
0
0
0
0
0
0
0
0
0
0
0
0
0
0
0
0
0
0
0
0
0
0
0
0
0
0
0
0
0
0
0
0
0
0
0
0
0
0
0
0
0
0
0
0
0
0
0
0
0
0
0
0
0
0
0
0
0
0
0
0
0
0
0
0
0
0
0
0
0
0
0
0
0
0
0
0
0
0
0
0
0
0
0
0
0
0
0
0
0
0
0
0
0
0
0
0
0
0
0
0
0
0
0
0
0
0
0
0
0
0
0
0
0
0
0
0
0
0
0
0
0
0
0
0
0
0
0
0
0
0
0
0
0
0
0
0
0
0
0
0
0
0
0
0
0
0
0
0
0
0
0
0
0
0
0
0
0
0
0
0
0
0
0
0
0
0
0
0
0
0
0
0
0
0
0
0
0
0
0
0
0
0
0
0
0
0
0
0
0
0
0
0
0
0
0
0
0
0
0
0
0
0
0
0
0
0
0
0
0
0
0
0
0
0
0
0
0
0
0
0
0
0
0
0
0
0
0
0
0
0
0
0
0
0
0
0
0
0
0
0
0
0
0
0
0
0
0
0
0
0
0
0
0
0
0
0
0
0
0
0
0
0
0
0
0
0
0
0
0
0
0
0
0
0
0
0
0
0
0
0
0
0
0
0
0
0
0
0
0
0
0
0
0
0
0
0
0
0
0
0
0
0
0
0
0
0
0
0
0
0
0
0
0
0
0
0
0
0
0
0
0
0
0
0
0
0
0
0
0
0
0
0
0
0
0
0
0
0
0
0
0
0
0
0
0
0
0
0
0
0
0
0
0
0
0
0
0
0
0
0
0
0
0
0
0
0
0
0
0
0
0
0
0
0
0
0
0
0
0
0
0
0
0
0
0
0
0
0
0
0
0
0
0
0
0
0
0
0
0
0
0
0
0
0
0
0
0
0
0
0
0
0
0
0
0
0
0
0
0
0
0
0
0
0
0
0
0
0
0
0
0
0
0
0
0
0
0
0
0
0
0
0
0
0
0
0
0
0
0
0
0
0
0
0
0
0
0
0
0
0
0
0
0
0
0
0
0
0
0
0
0
0
0
0
0
0
0
0
0
0
0
0
0
0
0
0
0
0
0
0
0
0
0
0
0
0
0
0
0
0
0
0
0
0
0
0
0
0
0
0
0
0
0
0
0
0
0
0
0
0
0
0
0
0
0
0
0
0
0
0
0
0
0
0
0
0
0
0
0
0
0
0
0
0
0
0
0
0
0
0
0
0
0
0
0
0
0
0
0
0
0
0
0
0
0
0
0
0
0
0
0
0
0
0
0
0
0
0
0
0
0
0
0
0
0
0
0
0
0
0
0
0
0
0
0
0
0
0
0
0
0
0
0
0
0
0
0
0
0
0
0
0
0
0
0
0
0
0
0
0
0
0
0
0
0
0
0
0
0
0
0
0
0
0
0
0
0
0
0
0
0
0
0
0
0
0
0
0
0
0
0
0
0
0
0
0
0
0
0
0
0
0
0
0
0
0
0
0
0
0
0
0
0
0
0
0
0
0
0
0
0
0
0
0
0
0
0
0
0
0
0
0
0
0
0
0
0
0
0
0
0
0
0
0
0
0
0
0
0
0
0
0
0
0
0
0
0
0
0
0
0
0
0
0
0
0
0
0
0
0
0
0
0
0
0
0
0
0
0
0
0
0
0
0
0
0
0
0
0
0
0
0
0
0
0
0
0
0
0
0
0
0
0
0
0
0
0
0
0
0
0
0
0
0
0
0
0
0
0
0
0
0
0
0
0
0
0
0
0
0
0
0
0
0
0
0
0
0
0
0
0
0
0
0
0
0
0
0
0
0
0
0
0
0
0
0
0
0
0
0
0
0
0
0
0
0
0
0
0
0
0
0
0
0
0
0
0
0
0
0
0
0
0
0
0
0
0
0
0
0
0
0
0
0
0
0
0
0
0
0
0
0
0
0
0
0
0
0
0
0
0
0
0
0
0
0
0
0
0
0
0
0
0
0
0
0
0
0
0
0
0
0
0
0
0
0
0
0
0
0
0
0
0
0
0
0
0
0
0
0
0
0
0
0
0
0
0
0
0
0
0
0
0
0
0
0
0
0
0
0
0
0
0
0
0
0
0
0
0
0
0
0
0
0
0
0
0
0
0
0
0
0
0
0
0
0
0
0
0
0
0
0
0
0
0
0
0
0
0
0
0
0
0
0
0
0
0
0
0
0
0
0
0
0
0
0
0
0
0
0
0
0
0
0
0
0
0
0
0
0
0
0
0
0
0
0
0
0
0
0
0
0
0
0
0
0
0
0
0
0
0
0
0
0
0
0
0
0
0
0
0
0
0
0
0
0
0
0
0
0
0
0
0
0
0
0
0
0
0
0
0
0
0
0
0
0
0
0
0
0
0
0
0
0
0
0
0
0
0
0
0
0
0
0
0
0
0
0
0
0
0
0
0
0
0
0
0
0
0
0
0
0
0
0
0
0
0
0
0
0
0
0
0
0
0
0
0
0
0
0
0
0
0
0
0
0
0
0
0
0
0
0
0
0
0
0
0
0
0
0
0
0
0
0
0
0
0
0
0
0
0
0
0
0
0
0
0
0
0
0
0
0
0
0
0
0
0
0
0
0
0
0
0
0
0
0
0
0
0
0
0
0
0
0
0
0
0
0
0
0
0
0
0
0
0
0
0
0
0
0
0
0
0
0
0
0
0
0
0
0
0
0
0
0
0
0
0
0
0
0
0
0
0
0
0
0
0
0
0
0
0
0
0
0
0
0
0
0
0
0
0
0
0
0
0
0
0
0
0
0
0
0
0
0
0
0
0
0
0
0
0
0
0
0
0
0
0
0
0
0
0
0
0
0
0
0
0
0
0
0
0
0
0
0
0
0
0
0
0
0
0
0
0
0
0
0
0
0
0
0
0
0
0
0
0
0
0
0
0
0
0
0
0
0
0
0
0
0
0
0
0
0
0
0
0
0
0
0
0
0
0
0
0
0
0
0
0
0
0
0
0
0
0
0
0
0
0
0
0
0
0
0
0
0
0
0
0
0
0
0
0
0
0
0
0
0
0
0
0
0
0
0
0
0
0
0
0
0
0
0
0
0
0
0
0
0
0
0
0
0
0
0
0
0
0
0
0
0
0
0
0
0
0
0
0
0
0
0
0
0
0
0
0
0
0
0
0
0
0
0
0
0
0
0
0
0
0
0
0
0
0
0
0
0
0
0
0
0
0
0
0
0
0
0
0
0
0
0
0
0
0
0
0
0
0
0
0
0
0
0
0
0
0
0
0
0
0
0
0
0
0
0
0
0
0
0
0
0
0
0
0
0
0
0
0
0
0
0
0
0
0
0
0
0
0
0
0
0
0
0
0
0
0
0
0
0
0
0
0
0
0
0
0
0
0
0
0
0
0
0
0
0
0
0
0
0
0
0
0
0
0
0
0
0
0
0
0
0
0
0
0
0
0
0
0
0
0
0
0
0
0
0
0
0
0
0
0
0
0
0
0
0
0
0
0
0
0
0
0
0
0
0
0
0
0
0
0
0
0
0
0
0
0
0
0
0
0
0
0
0
0
0
0
0
0
0
0
0
0
0
0
0
0
0
0
0
0
0
0
0
0
0
0
0
0
0
0
0
0
0
0
0
0
0
0
0
0
0
0
0
0
0
0
0
0
0
0
0
0
0
0
0
0
0
0
0
0
0
0
0
0
0
0
0
0
0
0
0
0
0
0
0
0
0
0
0
0
0
0
0
0
0
0
0
0
0
0
0
0
0
0
0
0
0
0
0
0
0
0
0
0
0
0
0
0
0
0
0
0
0
0
0
0
0
0
0
0
0
0
0
0
0
0
0
0
0
0
0
0
0
0
0
0
0
0
0
0
0
0
0
0
0
0
0
0
0
0
0
0
0
0
0
0
0
0
0
0
0
0
0
0
0
0
0
0
0
0
0
0
0
0
0
0
0
0
0
0
0
0
0
0
0
0
0
0
0
0
0
0
0
0
0
0
0
0
0
0
0
0
0
0
0
0
0
0
0
0
0
0
0
0
0
0
0
0
0
0
0
0
0
0
0
0
0
0
0
0
0
0
0
0
0
0
0
0
0
0
0
0
0
0
0
0
0
0
0
0
0
0
0
0
0
0
0
0
0
0
0
0
0
0
0
0
0
0
0
0
0
0
0
0
0
0
0
0
0
0
0
0
0
0
0
0
0
0
0
0
0
0
0
0
0
0
0
0
0
0
0
0
0
0
0
0
0
0
0
0
0
0
0
0
0
0
0
0
0
0
0
0
0
0
0
0
0
0
0
0
0
0
0
0
0
0
0
0
0
0
0
0
0
0
0
0
0
0
0
0
0
0
0
0
0
0
0
0
0
0
0
0
0
0
0
0
0
0
0
0
0
0
0
0
0
0
0
0
0
0
0
0
0
0
0
0
0
0
0
0
0
0
0
0
0
0
0
0
0
0
0
0
0
0
0
0
0
0
0
0
0
0
0
0
0
0
0
0
0
0
0
0
0
0
0
0
0
0
0
0
0
0
0
0
0
0
0
0
0
0
0
0
0
0
0
0
0
0
0
0
0
0
0
0
0
0
0
0
0
0
0
0
0
0
0
0
0
0
0
0
0
0
0
0
0
0
0
0
0
0
0
0
0
0
0
0
0
0
0
0
0
0
0
0
0
0
0
0
0
0
0
0
0
0
0
0
0
0
0
0
0
0
0
0
0
0
0
0
0
0
0
0
0
0
0
0
0
0
0
0
0
0
0
0
0
0
0
0
0
0
0
0
0
0
0
0
0
0
0
0
0
0
0
0
0
0
0
0
0
0
0
0
0
0
0
0
0
0
0
0
0
0
0
0
0
0
0
0
0
0
0
0
0
0
0
0
0
0
0
0
0
0
0
0
0
0
0
0
0
0
0
0
0
0
0
0
0
0
0
0
0
0
0
0
0
0
0
0
0
0
0
0
0
0
0
0
0
0
0
0
0
0
0
0
0
0
0
0
0
0
0
0
0
0
0
0
0
0
0
0
0
0
0
0
0
0
0
0
0
0
0
0
0
0
0
0
0
0
0
0
0
0
0
0
0
0
0
0
0
0
0
0
0
0
0
0
0
0
0
0
0
0
0
0
0
0
0
0
0
0
0
0
0
0
0
0
0
0
0
0
0
0
0
0
0
0
0
0
0
0
0
0
0
0
0
0
0
0
0
0
0
0
0
0
0
0
0
0
0
0
0
0
0
0
0
0
0
0
0
0
0
0
0
0
0
0
0
0
0
0
0
0
0
0
0
0
0
0
0
0
0
0
0
0
0
0
0
0
0
0
0
0
0
0
0
0
0
0
0
0
0
0
0
0
0
0
0
0
0
0
0
0
0
0
0
0
0
0
0
0
0
0
0
0
0
0
0
0
0
0
0
0
0
0
0
0
0
0
0
0
0
0
0
0
0
0
0
0
0
0
0
0
0
0
0
0
0
0
0
0
0
0
0
0
0
0
0
1
1
0
0
0
0
0
0
0
0
0
0
0
0
0
0
0
0
0
0
0
0
0
0
0
0
0
0
0
0
0
0
0
0
0
0
0
0
0
0
0
0
0
0
0
0
0
0
0
0
0
0
0
0
0
0
-1
-1
0
0
0
0
0
0
0
0
0
-1
-1
0
0
0
0
0
0
0
0
-1
-1
0
0
0
0
0
-1
-1
0
0
0
0
0
-1
0
0
0
0
0
0
0
0
0
0
0
0
0
0
0
-1
-1
0
0
0
0
0
0
0
0
0
0
0
0
0
1
0
0
0
0
0
0
0
0
0
0
0
0
0
0
0
0
0
0
0
0
0
0
0
0
1
1
0
0
1
1
1
1
0
0
0
1
1
1
1
1
1
1
0
0
0
0
0
1
1
1
1
1
1
0
0
0
0
0
0
0
0
0
0
-1
0
0
0
0
0
0
0
-1
-1
0
0
0
-1
0
2
4
4
2
0
-1
0
-1
-3
-5
-6
-5
-2
-1
-1
-1
-1
-1
-1
-1
0
0
-1
-2
-1
-1
0
-1
-1
0
0
0
-1
-1
-1
-2
-1
-1
-1
-1
-1
-1
-1
-1
-2
-1
-1
0
0
0
0
0
0
0
0
1
1
1
0
1
2
2
1
0
0
1
1
1
1
2
2
2
2
2
1
1
0
1
2
2
2
1
1
2
2
2
2
2
2
2
2
2
1
1
1
2
2
2
2
2
1
1
1
1
1
1
1
0
0
-1
-1
-1
0
0
0
-1
-1
-1
-1
0
-1
-1
-1
0
-1
-1
-2
-3
-2
-1
-1
0
-1
-1
-2
-2
-2
-2
-2
-2
-1
-1
-2
-3
-3
-3
-3
-2
-2
-2
-2
-3
-4
-4
-4
-3
-3
-3
-3
-3
-3
-3
-3
-3
-3
-2
-2
-2
-2
-2
-2
-2
-2
-2
-1
-1
-1
-1
-2
-2
-2
-1
0
0
0
1
1
1
0
0
0
0
0
0
1
0
0
0
0
1
1
2
2
2
2
1
1
1
2
2
3
2
2
0
0
0
1
1
1
0
-1
-1
0
1
2
2
1
0
0
1
1
1
0
-1
-1
-1
0
0
0
0
-1
-1
-2
-1
-1
-1
-1
-1
-1
-1
-2
-2
-1
0
-1
-2
-2
-2
-1
0
0
-2
-3
-3
-2
-2
-2
-2
-2
-1
-2
-2
-2
-2
-3
-4
-3
-3
-3
-2
-2
-3
-4
-5
-5
-4
-3
-2
-2
-2
-4
-5
-5
-4
-3
-3
-4
-4
-4
-3
-3
-3
-3
-3
-3
-2
-2
-1
-2
-3
-4
-4
-4
-3
-2
-1
-1
-2
-2
-1
1
2
2
2
1
1
0
0
-1
-1
0
1
1
1
2
3
4
3
3
4
5
5
4
4
4
5
4
5
5
6
6
6
6
6
5
5
5
5
5
4
4
4
4
5
6
7
6
6
5
5
5
5
5
5
5
5
5
5
6
5
5
5
6
7
6
5
5
4
4
3
4
3
3
2
2
3
3
2
2
2
2
3
3
2
2
1
1
1
1
0
0
0
0
1
1
0
-1
-1
-1
-1
-1
-1
-1
-1
-2
-2
-2
-2
-2
-2
-2
-2
-2
-2
-2
-2
-2
-2
-3
-4
-5
-5
-4
-4
-5
-6
-6
-6
-6
-6
-6
-6
-6
-6
-7
-7
-8
-9
-9
-9
-9
-9
-10
-10
-11
-10
-10
-10
-10
-9
-8
-9
-12
-13
-12
-13
-13
-13
-11
-10
-11
-12
-12
-13
-13
-13
-12
-9
-9
-10
-11
-10
-10
-11
-11
-10
-9
-9
-8
-8
-8
-8
-8
-8
-7
-7
-6
-6
-6
-5
-5
-4
-4
-4
-5
-4
-3
-2
-1
-1
-1
0
0
1
2
2
2
2
2
3
4
4
3
3
3
3
3
3
4
5
4
3
3
3
3
3
3
4
5
6
5
5
4
4
3
3
4
6
6
5
5
5
6
6
5
5
5
6
7
8
8
7
6
5
6
8
8
9
9
9
10
11
10
10
10
11
12
12
12
13
13
12
12
13
14
14
12
11
12
14
13
12
11
12
13
12
11
12
13
13
12
11
12
12
11
9
11
12
12
9
8
7
8
9
9
8
8
7
8
8
7
6
5
6
6
6
5
5
3
2
1
1
1
1
2
3
3
0
-3
-3
-2
-1
-1
-3
-5
-5
-4
-4
-5
-7
-9
-9
-9
-9
-7
-7
-9
-10
-10
-10
-11
-12
-11
-10
-11
-12
-12
-13
-12
-13
-13
-13
-14
-14
-15
-14
-13
-13
-15
-18
-20
-19
-16
-14
-14
-14
-14
-15
-17
-20
-18
-16
-15
-16
-16
-13
-12
-14
-16
-16
-14
-13
-13
-11
-9
-7
-8
-10
-11
-10
-9
-8
-6
-2
0
0
-1
-1
0
1
1
2
5
9
10
11
11
10
9
10
12
16
19
21
22
22
21
20
21
23
25
26
27
28
29
29
30
30
31
31
32
34
36
37
37
36
36
36
36
36
37
37
37
37
37
37
36
35
34
34
32
32
32
33
33
32
31
29
27
25
24
25
24
23
21
20
18
16
14
13
13
13
11
8
6
5
3
1
-1
-1
-1
-2
-5
-7
-8
-9
-12
-14
-14
-14
-15
-18
-20
-21
-23
-26
-27
-27
-27
-28
-30
-31
-33
-35
-37
-37
-37
-37
-38
-39
-40
-42
-44
-44
-44
-44
-44
-45
-45
-46
-47
-47
-47
-48
-49
-48
-47
-47
-48
-49
-48
-49
-50
-51
-50
-49
-50
-50
-49
-48
-48
-49
-48
-45
-45
-45
-45
-44
-42
-41
-41
-40
-39
-38
-36
-35
-34
-32
-31
-29
-27
-26
-25
-24
-23
-22
-20
-16
-15
-14
-13
-11
-9
-8
-5
-2
1
4
6
9
10
10
12
15
19
22
24
27
29
31
33
36
39
41
42
45
49
53
54
54
56
59
61
63
65
66
68
70
71
73
74
74
74
74
76
78
79
78
78
79
79
79
79
79
79
78
77
76
76
74
71
70
70
70
67
65
62
60
58
56
54
50
46
43
42
41
38
34
31
26
22
20
19
17
13
9
6
3
0
-4
-7
-10
-14
-17
-20
-23
-27
-31
-34
-36
-40
-44
-48
-51
-54
-57
-60
-64
-68
-72
-75
-78
-81
-83
-86
-90
-93
-95
-96
-98
-103
-108
-109
-109
-111
-114
-118
-121
-124
-127
-128
-129
-131
-134
-135
-136
-137
-138
-140
-142
-143
-142
-139
-138
-139
-141
-141
-138
-135
-133
-133
-132
-130
-128
-125
-122
-120
-118
-114
-108
-102
-98
-96
-93
-89
-85
-80
-75
-70
-65
-59
-52
-45
-39
-35
-31
-25
-16
-8
-1
5
10
16
24
31
38
44
49
55
63
71
78
83
87
92
99
106
111
117
123
129
135
141
148
154
158
162
169
177
182
184
188
195
201
205
207
211
214
216
219
223
227
229
229
229
231
233
235
235
235
235
237
239
239
237
234
233
232
229
228
227
226
222
217
213
210
206
200
195
191
188
184
179
173
166
158
150
142
134
125
118
112
104
96
87
79
70
62
55
49
42
33
23
14
5
-3
-13
-24
-35
-44
-52
-62
-72
-84
-95
-105
-117
-129
-139
-149
-162
-177
-189
-199
-208
-220
-233
-245
-256
-269
-282
-295
-306
-316
-327
-338
-348
-359
-369
-381
-390
-398
-404
-410
-420
-431
-441
-450
-458
-466
-472
-477
-480
-484
-489
-493
-495
-497
-497
-494
-490
-486
-482
-476
-471
-465
-458
-449
-439
-427
-414
-399
-383
-369
-358
-345
-330
-312
-294
-276
-255
-234
-213
-193
-173
-152
-130
-106
-80
-53
-27
-2
20
43
66
90
114
135
157
181
208
234
255
274
294
316
338
360
382
403
420
437
454
472
487
499
511
526
543
558
569
578
586
594
603
610
616
621
627
633
641
648
651
652
652
653
658
661
662
659
655
651
648
643
635
627
620
615
610
602
593
581
568
555
544
532
518
503
490
478
465
450
432
414
394
377
361
346
329
310
292
274
255
232
206
182
160
141
121
101
81
61
39
17
-4
-26
-48
-72
-96
-119
-143
-169
-198
-225
-248
-268
-289
-312
-334
-357
-382
-408
-434
-458
-482
-508
-531
-552
-573
-597
-622
-646
-668
-689
-712
-733
-753
-774
-793
-811
-825
-837
-849
-862
-873
-883
-891
-899
-908
-917
-927
-936
-942
-948
-955
-959
-960
-958
-954
-945
-933
-919
-908
-896
-881
-862
-843
-827
-810
-790
-766
-741
-715
-689
-661
-631
-597
-559
-520
-484
-449
-413
-374
-332
-291
-251
-213
-175
-135
-95
-56
-20
17
55
95
137
178
217
251
283
318
355
390
421
451
486
523
555
583
609
634
658
681
705
730
751
765
778
793
809
823
834
847
862
875
885
891
894
895
896
898
901
904
906
909
911
913
913
910
905
902
901
900
896
887
876
864
852
840
830
822
812
802
789
776
760
739
714
691
672
655
634
612
590
570
549
526
501
479
458
436
412
388
362
333
301
271
245
218
189
157
127
100
73
44
13
-19
-51
-83
-115
-146
-178
-211
-242
-270
-296
-323
-351
-381
-411
-440
-468
-495
-522
-549
-576
-605
-634
-663
-691
-718
-742
-764
-784
-807
-833
-858
-883
-906
-930
-953
-974
-995
-1016
-1036
-1052
-1066
-1080
-1093
-1100
-1101
-1100
-1101
-1104
-1105
-1108
-1114
-1121
-1124
-1125
-1126
-1128
-1127
-1120
-1110
-1099
-1084
-1064
-1040
-1015
-991
-964
-937
-910
-884
-857
-826
-792
-757
-721
-680
-635
-589
-543
-495
-444
-392
-343
-295
-246
-197
-149
-101
-51
2
54
101
145
191
239
286
332
379
426
469
508
545
581
614
644
674
711
751
790
826
858
885
906
925
945
965
983
1000
1016
1031
1042
1048
1052
1056
1062
1071
1079
1086
1088
1086
1083
1078
1072
1066
1061
1058
1056
1055
1056
1054
1046
1033
1020
1011
1001
988
973
958
942
924
904
885
866
848
829
812
795
775
750
722
696
670
642
612
582
553
527
502
476
450
421
392
361
330
300
269
237
204
172
141
109
75
40
5
-27
-60
-92
-122
-153
-186
-221
-257
-293
-328
-362
-393
-421
-447
-475
-506
-538
-571
-604
-637
-669
-697
-722
-748
-777
-805
-830
-854
-880
-905
-927
-945
-963
-983
-1004
-1027
-1052
-1080
-1107
-1130
-1147
-1165
-1181
-1194
-1200
-1198
-1195
-1192
-1191
-1187
-1181
-1176
-1177
-1183
-1189
-1194
-1199
-1201
-1197
-1187
-1178
-1169
-1151
-1121
-1086
-1056
-1029
-999
-965
-933
-906
-879
-848
-816
-780
-737
-687
-637
-591
-544
-488
-428
-370
-319
-269
-216
-159
-103
-50
1
51
102
156
213
272
326
372
413
457
508
557
598
635
675
718
758
792
827
864
901
934
969
1003
1031
1049
1064
1082
1101
1113
1119
1127
1138
1150
1160
1169
1176
1179
1177
1177
1179
1177
1168
1155
1145
1140
1134
1129
1123
1118
1113
1108
1101
1091
1079
1067
1054
1038
1019
999
977
954
930
907
888
868
845
821
800
777
749
716
685
656
629
601
572
541
511
482
454
424
393
363
333
302
270
237
204
168
129
92
59
29
-4
-39
-71
-101
-134
-172
-213
-251
-287
-323
-359
-394
-429
-466
-499
-528
-557
-589
-624
-656
-686
-715
-744
-775
-807
-840
-871
-898
-922
-947
-975
-1000
-1021
-1039
-1058
-1082
-1110
-1138
-1165
-1190
-1216
-1242
-1263
-1279
-1288
-1293
-1295
-1293
-1287
-1280
-1272
-1263
-1257
-1257
-1265
-1273
-1277
-1280
-1287
-1293
-1292
-1280
-1260
-1235
-1207
-1177
-1146
-1113
-1077
-1040
-1006
-977
-947
-911
-870
-829
-786
-740
-687
-630
-569
-504
-437
-373
-313
-254
-194
-136
-84
-35
17
76
138
197
252
308
367
428
484
534
583
633
681
724
767
808
847
881
917
961
1010
1050
1082
1111
1144
1175
1195
1207
1219
1232
1243
1252
1262
1274
1281
1283
1286
1292
1296
1293
1285
1279
1277
1273
1261
1244
1228
1218
1212
1206
1200
1193
1185
1173
1159
1145
1130
1108
1080
1053
1033
1015
991
959
929
904
881
854
825
797
768
738
706
675
643
605
565
529
501
475
443
407
372
339
307
274
238
200
161
120
81
45
8
-31
-71
-110
-145
-178
-215
-255
-294
-331
-368
-409
-451
-489
-525
-562
-601
-636
-667
-698
-729
-758
-783
-808
-840
-877
-913
-944
-973
-1001
-1027
-1049
-1070
-1093
-1117
-1138
-1159
-1185
-1214
-1241
-1265
-1287
-1313
-1340
-1364
-1386
-1403
-1411
-1407
-1396
-1387
-1379
-1367
-1352
-1341
-1341
-1346
-1351
-1353
-1357
-1361
-1361
-1357
-1351
-1339
-1317
-1282
-1242
-1205
-1170
-1131
-1088
-1048
-1016
-986
-952
-908
-857
-805
-755
-702
-646
-586
-522
-453
-382
-319
-261
-201
-132
-64
-9
39
96
164
235
302
367
432
492
546
604
667
724
768
804
847
894
938
975
1011
1053
1099
1144
1185
1220
1247
1269
1291
1314
1336
1352
1364
1373
1380
1386
1392
1394
1393
1393
1399
1404
1402
1390
1374
1359
1345
1331
1320
1309
1299
1289
1282
1277
1265
1246
1227
1213
1199
1181
1158
1134
1106
1073
1039
1009
979
946
913
885
862
833
794
753
716
683
648
612
576
540
504
470
435
399
363
325
288
251
215
176
133
86
42
5
-30
-71
-117
-160
-197
-232
-271
-311
-350
-389
-429
-468
-502
-537
-577
-620
-658
-691
-724
-760
-795
-827
-857
-887
-918
-945
-972
-1002
-1034
-1064
-1090
-1116
-1144
-1170
-1190
-1208
-1230
-1261
-1291
-1316
-1340
-1368
-1398
-1423
-1439
-1454
-1471
-1481
-1479
-1469
-1459
-1448
-1431
-1411
-1400
-1400
-1401
-1397
-1395
-1400
-1411
-1413
-1404
-1389
-1373
-1350
-1318
-1282
-1245
-1205
-1162
-1120
-1084
-1049
-1010
-965
-921
-879
-835
-782
-722
-657
-590
-521
-449
-378
-309
-240
-173
-110
-55
0
63
135
206
268
327
392
463
531
591
648
709
767
817
865
915
963
1001
1035
1079
1135
1190
1232
1269
1308
1345
1370
1387
1404
1425
1443
1458
1472
1484
1490
1487
1483
1486
1492
1493
1488
1481
1476
1468
1454
1432
1411
1396
1385
1376
1367
1360
1349
1334
1313
1292
1275
1255
1230
1202
1179
1158
1128
1088
1047
1014
986
954
919
886
851
811
769
728
689
648
606
568
536
503
465
424
385
349
312
275
234
191
147
104
63
22
-21
-68
-113
-152
-186
-222
-263
-309
-352
-389
-426
-466
-507
-546
-586
-628
-670
-709
-746
-786
-825
-858
-884
-911
-942
-975
-1005
-1031
-1058
-1087
-1117
-1147
-1178
-1205
-1227
-1246
-1267
-1291
-1317
-1343
-1369
-1395
-1422
-1448
-1474
-1499
-1523
-1541
-1548
-1544
-1533
-1518
-1499
-1476
-1454
-1442
-1440
-1440
-1438
-1439
-1443
-1446
-1444
-1440
-1436
-1425
-1398
-1358
-1316
-1276
-1233
-1183
-1136
-1100
-1071
-1042
-1006
-962
-911
-854
-793
-732
-670
-605
-532
-455
-384
-319
-251
-177
-103
-41
11
66
130
201
276
356
434
502
559
617
687
757
814
858
905
959
1010
1049
1082
1121
1165
1211
1257
1306
1356
1395
1424
1448
1471
1487
1494
1500
1513
1534
1552
1556
1550
1541
1537
1539
1542
1541
1531
1512
1490
1471
1456
1440
1418
1396
1385
1382
1379
1365
1343
1321
1297
1271
1244
1220
1197
1165
1125
1086
1053
1021
982
945
918
897
865
816
763
718
680
639
596
557
522
485
443
404
370
333
291
250
215
181
140
88
33
-18
-63
-104
-140
-174
-208
-244
-281
-321
-367
-414
-458
-495
-528
-563
-604
-650
-700
-747
-786
-817
-846
-875
-902
-929
-958
-993
-1030
-1065
-1100
-1130
-1155
-1174
-1196
-1226
-1258
-1283
-1302
-1323
-1349
-1377
-1403
-1428
-1454
-1482
-1512
-1544
-1571
-1587
-1585
-1570
-1549
-1529
-1511
-1495
-1479
-1463
-1454
-1458
-1470
-1480
-1484
-1484
-1482
-1478
-1468
-1449
-1420
-1380
-1330
-1279
-1234
-1193
-1150
-1107
-1071
-1044
-1017
-978
-924
-860
-791
-720
-649
-579
-508
-433
-354
-279
-215
-157
-97
-29
37
96
152
219
298
384
467
546
623
693
755
813
872
927
971
1010
1055
1108
1163
1209
1251
1296
1346
1397
1441
1479
1508
1532
1550
1565
1578
1587
1590
1590
1593
1602
1612
1617
1617
1615
1610
1600
1582
1559
1538
1519
1501
1483
1469
1458
1443
1423
1406
1394
1381
1360
1334
1308
1283
1250
1205
1158
1117
1082
1046
1010
980
954
924
885
842
798
754
707
661
618
578
537
492
446
406
370
337
302
267
231
192
150
106
58
9
-40
-86
-128
-168
-207
-243
-279
-316
-355
-394
-433
-474
-516
-560
-604
-649
-694
-735
-771
-806
-841
-873
-902
-928
-956
-984
-1012
-1042
-1077
-1116
-1151
-1180
-1205
-1227
-1248
-1266
-1284
-1307
-1334
-1360
-1384
-1408
-1436
-1468
-1499
-1528
-1552
-1571
-1584
-1585
-1573
-1548
-1515
-1486
-1467
-1459
-1459
-1464
-1473
-1481
-1485
-1490
-1496
-1498
-1488
-1467
-1443
-1417
-1381
-1331
-1275
-1226
-1187
-1157
-1130
-1103
-1069
-1024
-970
-912
-851
-784
-711
-641
-575
-508
-435
-355
-273
-197
-131
-77
-26
30
96
167
240
314
394
478
562
641
706
757
802
857
922
984
1032
1069
1106
1148
1196
1250
1310
1366
1410
1444
1481
1518
1544
1557
1567
1585
1606
1620
1626
1630
1634
1638
1643
1648
1649
1641
1626
1611
1596
1579
1555
1526
1501
1488
1485
1483
1471
1450
1427
1405
1383
1361
1338
1310
1271
1227
1186
1152
1115
1073
1034
1002
971
934
893
851
807
759
710
666
624
580
536
497
461
422
381
342
306
270
231
192
150
104
52
-2
-51
-95
-136
-175
-213
-250
-287
-327
-369
-411
-451
-489
-529
-574
-622
-665
-704
-742
-782
-819
-851
-882
-914
-945
-970
-993
-1022
-1057
-1091
-1124
-1157
-1191
-1222
-1248
-1270
-1291
-1313
-1335
-1358
-1382
-1405
-1432
-1466
-1503
-1534
-1555
-1571
-1589
-1602
-1604
-1592
-1573
-1547
-1519
-1497
-1492
-1499
-1505
-1507
-1510
-1522
-1534
-1538
-1532
-1520
-1503
-1476
-1440
-1398
-1354
-1307
-1263
-1228
-1201
-1172
-1131
-1081
-1032
-988
-939
-878
-808
-737
-665
-591
-514
-440
-369
-294
-218
-153
-101
-51
14
92
169
240
313
395
478
552
620
688
755
817
875
934
995
1048
1088
1127
1179
1242
1304
1356
1404
1451
1495
1527
1552
1578
1603
1620
1630
1641
1657
1669
1669
1666
1670
1679
1682
1677
1675
1676
1665
1638
1603
1578
1562
1547
1532
1522
1515
1501
1476
1454
1438
1419
1386
1345
1312
1287
1255
1213
1167
1128
1090
1050
1012
983
954
914
866
819
777
730
678
630
593
560
521
475
430
389
351
312
272
232
189
143
96
52
8
-39
-92
-145
-188
-220
-249
-286
-332
-381
-426
-468
-508
-545
-581
-625
-677
-727
-768
-800
-835
-870
-900
-924
-950
-984
-1020
-1052
-1086
-1125
-1165
-1198
-1226
-1253
-1282
-1308
-1330
-1353
-1380
-1406
-1427
-1449
-1476
-1508
-1542
-1574
-1602
-1622
-1635
-1641
-1637
-1620
-1592
-1565
-1548
-1541
-1537
-1537
-1545
-1557
-1567
-1574
-1581
-1587
-1582
-1565
-1541
-1517
-1485
-1438
-1383
-1332
-1289
-1252
-1217
-1183
-1152
-1117
-1075
-1024
-965
-895
-816
-736
-664
-595
-524
-447
-371
-301
-238
-180
-120
-50
26
105
181
254
329
409
496
587
670
733
783
836
901
965
1017
1060
1107
1158
1210
1263
1323
1384
1435
1476
1516
1559
1592
1611
1624
1643
1666
1684
1693
1696
1699
1708
1722
1734
1736
1726
1710
1695
1682
1667
1648
1622
1595
1577
1572
1572
1561
1537
1510
1488
1466
1443
1418
1392
1355
1308
1263
1228
1194
1150
1103
1067
1039
1005
958
907
861
815
768
722
681
642
597
552
511
474
433
388
343
304
267
227
184
135
82
27
-26
-74
-119
-161
-201
-239
-277
-319
-367
-418
-466
-504
-537
-574
-620
-670
-716
-757
-797
-838
-875
-907
-940
-977
-1011
-1038
-1068
-1108
-1150
-1183
-1207
-1234
-1267
-1300
-1325
-1347
-1375
-1407
-1437
-1461
-1482
-1505
-1534
-1570
-1609
-1644
-1672
-1688
-1694
-1693
-1688
-1677
-1657
-1632
-1613
-1606
-1610
-1617
-1620
-1620
-1624
-1632
-1642
-1649
-1648
-1636
-1614
-1583
-1544
-1495
-1440
-1386
-1342
-1310
-1286
-1257
-1217
-1170
-1120
-1067
-1005
-934
-860
-787
-713
-637
-564
-493
-420
-341
-267
-208
-156
-93
-13
71
152
231
320
414
505
587
663
735
801
862
924
987
1045
1091
1133
1183
1248
1318
1379
1431
1481
1533
1579
1615
1643
1667
1685
1698
1711
1729
1748
1758
1763
1772
1788
1799
1794
1783
1776
1771
1753
1721
1690
1672
1659
1646
1635
1628
1613
1584
1553
1537
1529
1511
1473
1429
1392
1357
1316
1269
1223
1181
1141
1103
1072
1046
1011
963
908
857
808
756
702
656
620
585
544
499
456
416
379
344
307
263
213
158
106
56
6
-46
-101
-151
-190
-218
-247
-289
-342
-395
-442
-486
-529
-570
-609
-653
-702
-750
-793
-832
-872
-910
-939
-962
-989
-1024
-1064
-1104
-1144
-1185
-1226
-1261
-1288
-1311
-1335
-1359
-1384
-1410
-1439
-1469
-1496
-1521
-1548
-1579
-1612
-1642
-1672
-1700
-1721
-1730
-1721
-1696
-1666
-1641
-1627
-1622
-1621
-1625
-1633
-1643
-1649
-1655
-1663
-1670
-1664
-1644
-1622
-1599
-1567
-1519
-1467
-1423
-1385
-1344
-1303
-1268
-1237
-1200
-1149
-1091
-1029
-960
-885
-809
-740
-671
-593
-505
-417
-340
-276
-214
-145
-68
8
83
160
240
323
413
512
610
691
751
807
873
941
998
1044
1093
1150
1209
1269
1333
1399
1461
1513
1562
1611
1654
1683
1700
1716
1740
1765
1783
1789
1794
1805
1820
1835
1845
1850
1844
1829
1809
1794
1779
1758
1731
1708
1693
1682
1671
1659
1643
1622
1597
1575
1554
1529
1493
1452
1412
1373
1330
1283
1236
1191
1149
1110
1075
1036
990
936
880
828
781
734
685
638
598
560
522
483
443
401
353
305
261
219
171
114
56
3
-49
-102
-150
-186
-218
-255
-298
-341
-381
-424
-472
-522
-570
-614
-659
-707
-754
-797
-837
-876
-913
-944
-972
-1005
-1044
-1084
-1119
-1154
-1195
-1236
-1269
-1295
-1322
-1352
-1378
-1399
-1423
-1452
-1480
-1507
-1537
-1573
-1605
-1632
-1661
-1697
-1730
-1748
-1747
-1738
-1724
-1707
-1691
-1678
-1666
-1654
-1650
-1660
-1681
-1697
-1700
-1696
-1696
-1696
-1689
-1672
-1647
-1613
-1566
-1515
-1474
-1442
-1409
-1371
-1337
-1309
-1276
-1223
-1154
-1085
-1023
-957
-883
-805
-728
-648
-563
-484
-419
-358
-286
-204
-130
-67
2
87
182
277
374
472
562
635
704
779
858
925
977
1026
1084
1147
1205
1264
1329
1398
1461
1517
1569
1616
1655
1685
1713
1745
1776
1795
1804
1814
1832
1852
1863
1867
1872
1880
1881
1871
1855
1837
1813
1782
1756
1746
1742
1729
1709
1695
1686
1667
1634
1599
1577
1560
1530
1486
1440
1396
1350
1303
1264
1234
1199
1149
1093
1049
1016
973
915
853
802
758
711
665
626
590
547
501
458
419
376
326
275
228
182
132
77
23
-26
-70
-114
-161
-210
-253
-289
-324
-364
-409
-459
-517
-580
-634
-671
-704
-748
-796
-837
-871
-908
-945
-975
-998
-1029
-1071
-1114
-1150
-1186
-1230
-1271
-1302
-1326
-1350
-1375
-1398
-1423
-1453
-1487
-1519
-1549
-1579
-1609
-1642
-1679
-1715
-1741
-1752
-1751
-1746
-1734
-1712
-1683
-1661
-1656
-1667
-1683
-1698
-1708
-1713
-1713
-1711
-1715
-1725
-1723
-1696
-1655
-1621
-1592
-1552
-1497
-1446
-1412
-1387
-1358
-1325
-1288
-1236
-1163
-1087
-1025
-967
-893
-805
-724
-656
-586
-502
-410
-325
-256
-196
-135
-68
12
110
219
322
404
474
553
646
735
801
854
917
992
1060
1116
1171
1231
1291
1349
1414
1486
1549
1594
1630
1667
1705
1735
1754
1775
1801
1829
1849
1857
1859
1863
1874
1887
1897
1899
1894
1876
1848
1819
1798
1777
1752
1733
1728
1726
1711
1684
1659
1640
1619
1591
1558
1525
1489
1447
1401
1353
1301
1248
1204
1170
1139
1104
1060
1004
942
884
834
788
737
688
645
607
567
520
469
420
376
338
299
252
195
134
78
27
-23
-74
-125
-173
-216
-250
-282
-322
-374
-428
-474
-512
-551
-594
-643
-695
-745
-788
-825
-860
-899
-936
-968
-996
-1028
-1065
-1106
-1148
-1188
-1223
-1255
-1290
-1325
-1355
-1377
-1396
-1418
-1447
-1480
-1514
-1544
-1572
-1602
-1640
-1679
-1711
-1734
-1748
-1753
-1748
-1735
-1718
-1700
-1682
-1671
-1674
-1686
-1696
-1703
-1715
-1732
-1746
-1749
-1743
-1730
-1715
-1695
-1667
-1628
-1578
-1524
-1477
-1445
-1422
-1393
-1351
-1299
-1249
-1201
-1146
-1076
-994
-912
-835
-758
-677
-595
-514
-432
-359
-300
-249
-187
-104
-10
80
164
255
360
469
565
644
716
787
857
927
995
1060
1112
1155
1205
1277
1360
1432
1487
1541
1598
1647
1681
1710
1742
1771
1793
1816
1843
1863
1865
1860
1866
1885
1902
1906
1904
1900
1890
1873
1846
1813
1780
1756
1744
1740
1736
1730
1714
1685
1651
1624
1602
1572
1531
1489
1451
1408
1351
1291
1244
1210
1179
1143
1105
1062
1013
957
902
848
794
738
686
644
612
576
528
471
417
376
339
298
251
200
146
87
28
-27
-79
-132
-180
-218
-248
-284
-331
-381
-428
-471
-516
-566
-616
-661
-700
-738
-775
-813
-851
-890
-930
-961
-981
-1003
-1040
-1088
-1134
-1174
-1214
-1255
-1287
-1309
-1332
-1362
-1389
-1407
-1429
-1462
-1496
-1523
-1548
-1581
-1615
-1648
-1682
-1717
-1742
-1742
-1722
-1700
-1684
-1666
-1644
-1629
-1628
-1642
-1664
-1685
-1699
-1706
-1707
-1706
-1707
-1709
-1703
-1676
-1628
-1575
-1533
-1499
-1460
-1417
-1383
-1363
-1338
-1296
-1240
-1174
-1095
-1010
-935
-876
-812
-727
-632
-549
-483
-415
-336
-257
-193
-138
-75
5
97
201
315
428
520
588
650
730
823
905
966
1021
1085
1151
1203
1247
1299
1367
1437
1501
1562
1617
1656
1680
1703
1739
1776
1803
1819
1838
1862
1882
1888
1886
1889
1899
1911
1918
1914
1897
1867
1830
1800
1781
1771
1758
1745
1734
1725
1705
1672
1633
1602
1579
1554
1519
1473
1422
1373
1328
1287
1247
1203
1156
1114
1078
1037
979
908
838
781
736
695
653
609
560
511
469
432
390
339
289
251
218
174
112
44
-18
-71
-115
-152
-189
-235
-285
-327
-359
-396
-449
-508
-554
-588
-623
-667
-713
-754
-791
-827
-857
-881
-909
-949
-994
-1031
-1061
-1098
-1148
-1199
-1234
-1253
-1272
-1297
-1324
-1349
-1375
-1404
-1431
-1456
-1485
-1518
-1550
-1578
-1609
-1647
-1682
-1698
-1696
-1686
-1673
-1656
-1635
-1619
-1614
-1616
-1626
-1646
-1671
-1689
-1692
-1690
-1697
-1712
-1717
-1701
-1669
-1630
-1587
-1542
-1497
-1459
-1428
-1401
-1381
-1363
-1336
-1285
-1213
-1139
-1076
-1013
-938
-853
-769
-693
-619
-545
-475
-408
-338
-266
-208
-161
-104
-15
97
206
300
388
481
572
655
732
807
876
937
995
1059
1124
1176
1219
1273
1354
1443
1514
1563
1608
1655
1691
1713
1734
1763
1786
1798
1812
1842
1873
1884
1879
1884
1908
1928
1925
1903
1878
1854
1823
1788
1761
1747
1740
1729
1714
1695
1672
1642
1604
1570
1545
1521
1482
1425
1369
1326
1287
1239
1188
1147
1113
1072
1021
968
913
847
775
718
679
641
592
542
505
472
427
371
319
277
235
189
141
91
33
-30
-89
-137
-178
-221
-271
-322
-364
-398
-433
-478
-527
-570
-602
-635
-675
-718
-759
-801
-846
-884
-913
-941
-976
-1013
-1040
-1064
-1101
-1150
-1195
-1227
-1252
-1278
-1302
-1322
-1344
-1373
-1404
-1429
-1453
-1483
-1516
-1545
-1569
-1596
-1629
-1662
-1686
-1695
-1689
-1670
-1646
-1623
-1602
-1583
-1572
-1581
-1608
-1638
-1653
-1654
-1653
-1656
-1659
-1659
-1659
-1651
-1623
-1575
-1524
-1485
-1453
-1415
-1375
-1346
-1331
-1310
-1265
-1199
-1126
-1053
-980
-907
-837
-770
-696
-617
-540
-470
-403
-330
-255
-192
-142
-88
-10
92
198
296
390
481
563
637
717
808
894
955
999
1056
1129
1196
1243
1287
1348
1420
1484
1534
1579
1621
1653
1678
1706
1745
1786
1816
1831
1843
1859
1871
1875
1874
1882
1898
1909
1901
1874
1839
1799
1762
1739
1734
1733
1719
1695
1673
1653
1621
1577
1535
1508
1485
1453
1414
1372
1326
1270
1212
1165
1130
1094
1046
992
938
883
820
750
685
637
600
562
521
480
439
395
349
309
272
227
171
114
64
15
-46
-114
-170
-210
-247
-290
-335
-377
-417
-462
-508
-553
-597
-644
-692
-732
-760
-783
-812
-852
-891
-918
-938
-963
-1000
-1042
-1079
-1114
-1151
-1190
-1225
-1255
-1282
-1303
-1316
-1329
-1351
-1382
-1409
-1423
-1435
-1456
-1489
-1523
-1551
-1576
-1603
-1632
-1654
-1657
-1638
-1603
-1562
-1525
-1503
-1505
-1524
-1543
-1550
-1554
-1568
-1584
-1583
-1562
-1545
-1549
-1559
-1548
-1513
-1469
-1423
-1372
-1323
-1291
-1275
-1254
-1215
-1175
-1146
-1108
-1036
-937
-850
-790
-736
-664
-583
-507
-434
-357
-287
-236
-195
-139
-63
14
81
152
245
356
464
554
631
705
783
864
938
998
1046
1093
1148
1213
1284
1352
1412
1466
1518
1570
1616
1646
1663
1681
1711
1749
1781
1801
1817
1833
1847
1857
1869
1887
1900
1896
1878
1859
1841
1808
1759
1718
1703
1697
1681
1659
1644
1632
1604
1562
1527
1502
1471
1424
1377
1341
1297
1231
1161
1113
1087
1058
1013
963
919
873
810
730
651
590
546
505
462
424
392
358
317
275
242
209
161
100
44
-2
-52
-117
-183
-235
-274
-313
-354
-395
-435
-481
-530
-572
-602
-631
-669
-714
-753
-781
-802
-831
-870
-907
-932
-948
-972
-1006
-1044
-1080
-1118
-1160
-1201
-1234
-1255
-1273
-1292
-1312
-1327
-1342
-1363
-1389
-1414
-1430
-1442
-1459
-1481
-1502
-1524
-1552
-1576
-1580
-1559
-1530
-1502
-1467
-1424
-1391
-1384
-1401
-1432
-1465
-1491
-1505
-1508
-1510
-1511
-1502
-1482
-1460
-1437
-1402
-1353
-1308
-1273
-1233
-1181
-1140
-1130
-1130
-1106
-1052
-983
-910
-830
-746
-665
-587
-508
-440
-395
-359
-306
-237
-174
-122
-65
7
89
174
268
366
455
534
620
718
813
887
943
994
1044
1090
1131
1173
1225
1288
1364
1443
1517
1574
1607
1617
1622
1646
1689
1728
1749
1767
1801
1839
1853
1844
1842
1862
1884
1890
1884
1876
1852
1805
1757
1730
1718
1694
1659
1638
1637
1626
1585
1532
1498
1480
1451
1404
1355
1312
1263
1199
1137
1094
1062
1020
960
900
847
792
721
640
568
514
474
435
390
338
287
241
199
154
105
56
13
-27
-70
-123
-185
-247
-301
-349
-395
-442
-490
-536
-579
-613
-639
-663
-693
-728
-759
-786
-812
-840
-865
-888
-913
-934
-944
-955
-984
-1026
-1057
-1068
-1082
-1112
-1148
-1175
-1201
-1241
-1286
-1315
-1328
-1344
-1363
-1371
-1368
-1368
-1382
-1404
-1428
-1447
-1458
-1464
-1474
-1484
-1472
-1427
-1367
-1319
-1286
-1254
-1232
-1247
-1301
-1359
-1393
-1412
-1430
-1434
-1405
-1353
-1314
-1301
-1294
-1267
-1221
-1173
-1131
-1087
-1038
-1000
-985
-985
-979
-952
-905
-840
-746
-626
-506
-413
-349
-299
-256
-229
-214
-192
-150
-95
-36
28
103
184
263
345
438
543
651
752
840
916
981
1030
1058
1068
1074
1099
1153
1226
1308
1397
1491
1572
1620
1636
1637
1635
1633
1636
1658
1705
1757
1789
1797
1796
1799
1804
1806
1808
1820
1842
1860
1858
1826
1771
1710
1656
1613
1583
1569
1566
1560
1537
1501
1457
1402
1335
1264
1210
1174
1140
1095
1037
973
899
820
749
694
649
603
559
523
484
424
340
253
186
143
107
67
30
-3
-41
-94
-156
-215
-273
-336
-396
-439
-469
-506
-559
-609
-640
-665
-704
-753
-792
-816
-846
-885
-918
-932
-939
-957
-983
-1004
-1015
-1028
-1052
-1078
-1090
-1089
-1094
-1124
-1176
-1227
-1262
-1294
-1342
-1395
-1424
-1427
-1431
-1455
-1489
-1512
-1522
-1532
-1537
-1519
-1474
-1415
-1352
-1276
-1184
-1100
-1054
-1051
-1074
-1117
-1188
-1288
-1391
-1460
-1479
-1452
-1394
-1323
-1255
-1203
-1173
-1164
-1172
-1186
-1189
-1171
-1126
-1057
-971
-891
-832
-788
-735
-664
-583
-497
-407
-324
-258
-206
-167
-154
-181
-218
-204
-124
-29
42
122
242
373
469
541
628
731
821
901
993
1082
1132
1140
1151
1186
1219
1240
1271
1322
1369
1400
1435
1481
1516
1528
1531
1551
1587
1625
1650
1665
1683
1725
1795
1855
1870
1853
1851
1865
1850
1792
1732
1694
1661
1615
1569
1535
1502
1459
1421
1396
1367
1318
1262
1219
1186
1151
1124
1110
1089
1035
958
881
808
725
628
535
462
412
360
285
189
96
27
-23
-63
-92
-104
-106
-115
-139
-175
-227
-300
-381
-442
-479
-512
-555
-605
-653
-697
-740
-789
-846
-893
-912
-910
-909
-916
-922
-927
-947
-981
-1010
-1028
-1054
-1102
-1149
-1174
-1192
-1221
-1249
-1269
-1302
-1353
-1394
-1422
-1479
-1583
-1686
-1747
-1799
-1891
-1992
-2039
-2030
-2012
-1983
-1902
-1791
-1736
-1754
-1779
-1774
-1763
-1748
-1653
-1423
-1103
-785
-524
-332
-239
-277
-417
-580
-699
-756
-742
-656
-519
-372
-249
-168
-132
-121
-99
-36
66
176
268
334
380
403
395
364
342
370
465
608
758
883
969
1007
976
858
678
497
375
331
360
468
657
888
1082
1189
1225
1229
1214
1183
1161
1178
1223
1261
1268
1234
1153
1049
975
969
1016
1078
1142
1209
1253
1233
1157
1084
1055
1070
1125
1216
1315
1391
1439
1460
1443
1387
1326
1283
1235
1150
1044
960
904
843
780
754
767
771
750
721
681
614
542
501
473
420
353
310
273
191
70
-24
-70
-127
-220
-300
-338
-389
-490
-588
-634
-654
-680
-682
-634
-574
-545
-532
-508
-496
-531
-586
-614
-637
-702
-789
-836
-846
-874
-913
-904
-844
-794
-787
-779
-740
-707
-705
-698
-651
-600
-593
-613
-615
-616
-659
-724
-740
-709
-705
-755
-802
-816
-858
-963
-1067
-1100
-1100
-1145
-1224
-1270
-1288
-1350
-1461
-1537
-1539
-1521
-1517
-1495
-1444
-1425
-1476
-1565
-1636
-1669
-1643
-1511
-1237
-840
-378
76
433
610
596
449
215
-80
-334
-409
-286
-84
118
339
555
656
596
486
448
474
508
579
742
940
1063
1099
1107
1084
1006
930
933
994
1051
1102
1162
1175
1067
847
592
350
137
13
53
239
480
730
975
1140
1147
1044
935
840
732
664
711
822
868
822
768
735
659
542
498
576
681
746
824
934
984
937
891
925
981
998
1034
1156
1290
1319
1264
1229
1196
1062
845
678
603
537
452
425
496
584
612
605
609
591
511
415
365
338
276
189
116
37
-95
-263
-401
-486
-547
-601
-633
-648
-678
-730
-783
-836
-892
-916
-874
-805
-762
-728
-654
-571
-558
-613
-658
-673
-733
-864
-974
-995
-990
-1010
-995
-893
-772
-712
-678
-607
-536
-529
-547
-507
-429
-411
-459
-488
-484
-532
-646
-741
-769
-786
-831
-876
-905
-954
-1049
-1161
-1257
-1338
-1416
-1472
-1494
-1496
-1492
-1477
-1465
-1481
-1511
-1527
-1561
-1659
-1768
-1781
-1669
-1477
-1190
-739
-159
364
687
835
877
775
490
154
-24
4
120
251
423
630
771
782
737
735
780
825
885
1008
1163
1257
1263
1238
1228
1203
1144
1098
1111
1155
1180
1184
1185
1148
1007
758
469
204
-9
-144
-153
-20
207
461
694
853
895
833
731
641
579
550
560
585
583
543
481
413
344
302
331
432
558
677
787
872
901
906
946
1011
1039
1036
1070
1139
1158
1106
1059
1064
1048
951
835
763
677
505
326
258
279
285
276
324
411
446
406
360
334
273
159
47
-38
-155
-341
-535
-676
-773
-851
-898
-913
-927
-945
-943
-924
-922
-934
-902
-809
-715
-678
-673
-658
-657
-702
-756
-766
-754
-777
-829
-858
-854
-854
-871
-859
-792
-697
-610
-529
-446
-388
-373
-371
-337
-286
-277
-327
-394
-444
-500
-592
-703
-783
-818
-838
-868
-905
-955
-1035
-1138
-1230
-1295
-1359
-1441
-1512
-1537
-1535
-1549
-1581
-1594
-1595
-1642
-1753
-1856
-1856
-1729
-1495
-1133
-591
92
749
1204
1401
1385
1194
854
447
129
17
108
325
602
889
1120
1235
1239
1184
1115
1055
1033
1076
1169
1258
1313
1351
1377
1353
1262
1151
1088
1077
1072
1042
991
914
769
520
189
-149
-415
-561
-567
-433
-185
128
432
656
758
749
674
579
482
397
345
337
352
351
320
293
304
360
450
564
696
829
937
999
1011
988
965
979
1034
1104
1168
1228
1281
1297
1249
1145
1017
877
714
532
356
209
100
40
35
76
145
228
301
325
287
217
155
99
14
-104
-228
-343
-473
-634
-795
-912
-970
-980
-959
-932
-916
-909
-899
-891
-885
-857
-782
-674
-570
-489
-421
-358
-315
-311
-348
-415
-499
-581
-656
-733
-801
-813
-739
-625
-535
-467
-379
-286
-239
-240
-225
-172
-136
-158
-207
-244
-296
-396
-515
-609
-688
-769
-835
-875
-928
-1025
-1131
-1200
-1250
-1328
-1426
-1497
-1535
-1571
-1601
-1600
-1584
-1595
-1626
-1648
-1685
-1776
-1875
-1870
-1706
-1410
-990
-414
271
895
1306
1505
1554
1443
1150
785
541
504
597
724
877
1071
1246
1315
1276
1210
1172
1149
1118
1102
1127
1167
1180
1164
1161
1179
1181
1146
1107
1092
1060
963
811
638
418
111
-245
-544
-728
-823
-840
-716
-432
-93
168
330
447
527
536
495
475
498
527
540
554
560
523
450
414
452
522
589
674
794
898
942
959
1004
1068
1115
1153
1228
1332
1407
1419
1387
1321
1201
1020
808
590
365
146
-20
-106
-133
-136
-119
-73
-17
17
27
33
42
35
6
-31
-83
-175
-319
-483
-634
-770
-895
-987
-1018
-1000
-977
-960
-923
-856
-789
-751
-717
-651
-558
-464
-380
-302
-236
-193
-173
-182
-231
-317
-411
-487
-550
-612
-649
-638
-594
-551
-503
-425
-334
-269
-226
-174
-115
-86
-91
-99
-110
-167
-287
-425
-542
-660
-807
-948
-1039
-1086
-1128
-1184
-1248
-1310
-1370
-1438
-1531
-1642
-1723
-1731
-1696
-1686
-1707
-1699
-1667
-1713
-1874
-2021
-2000
-1799
-1471
-981
-275
536
1216
1634
1824
1812
1550
1088
659
470
502
642
881
1245
1615
1799
1752
1599
1426
1198
926
751
772
910
1033
1125
1223
1285
1235
1091
954
876
836
821
846
855
736
444
51
-366
-777
-1129
-1304
-1227
-952
-602
-247
87
338
445
430
390
378
385
413
502
646
770
814
800
781
759
714
674
698
793
902
989
1065
1136
1163
1124
1068
1070
1138
1223
1290
1347
1395
1389
1280
1076
825
566
322
119
-20
-102
-151
-179
-180
-164
-149
-146
-149
-148
-143
-133
-120
-120
-159
-248
-369
-496
-621
-746
-862
-940
-959
-919
-854
-808
-793
-789
-777
-763
-756
-734
-659
-532
-388
-259
-147
-54
-8
-34
-118
-221
-323
-417
-496
-544
-555
-536
-497
-443
-384
-341
-318
-294
-244
-179
-132
-107
-72
-22
-7
-78
-218
-366
-497
-641
-806
-943
-1005
-1016
-1040
-1110
-1208
-1307
-1403
-1510
-1638
-1764
-1840
-1844
-1820
-1823
-1846
-1840
-1812
-1843
-1967
-2098
-2130
-2039
-1831
-1450
-846
-92
662
1304
1772
1987
1897
1591
1265
1040
903
857
982
1282
1587
1729
1723
1682
1615
1454
1228
1061
1010
997
951
910
926
972
998
998
984
949
911
912
950
933
794
571
318
-6
-463
-969
-1331
-1444
-1359
-1144
-808
-392
-24
188
268
300
319
330
389
547
753
907
984
1025
1025
944
823
779
847
928
942
939
989
1054
1050
994
976
1027
1099
1151
1198
1252
1296
1317
1310
1257
1126
932
721
504
261
16
-158
-231
-257
-292
-327
-332
-326
-340
-357
-331
-263
-201
-168
-160
-185
-268
-398
-534
-648
-741
-806
-826
-817
-827
-870
-902
-892
-869
-860
-837
-757
-635
-517
-407
-279
-137
-23
46
91
113
74
-33
-164
-274
-369
-461
-536
-569
-573
-573
-565
-529
-469
-404
-334
-243
-137
-52
-10
-7
-34
-96
-194
-320
-451
-564
-644
-704
-776
-879
-998
-1117
-1257
-1441
-1640
-1784
-1854
-1890
-1918
-1917
-1868
-1801
-1761
-1748
-1740
-1752
-1818
-1923
-1999
-1978
-1816
-1472
-928
-232
513
1204
1755
2081
2117
1909
1607
1352
1189
1117
1164
1337
1560
1723
1788
1784
1717
1567
1364
1185
1059
943
826
768
798
849
844
804
784
757
663
538
493
547
581
487
278
7
-339
-774
-1205
-1483
-1528
-1372
-1075
-688
-291
13
178
244
281
323
389
506
678
867
1021
1126
1193
1225
1221
1196
1177
1169
1155
1120
1065
1007
968
967
1001
1034
1041
1034
1047
1081
1103
1093
1069
1056
1028
930
741
494
247
30
-153
-295
-381
-410
-413
-427
-460
-491
-505
-504
-491
-461
-418
-382
-381
-412
-456
-493
-517
-526
-524
-531
-566
-623
-677
-721
-765
-799
-786
-702
-572
-452
-366
-292
-200
-92
8
78
113
128
131
106
32
-85
-208
-308
-385
-457
-517
-547
-550
-547
-542
-505
-431
-354
-308
-280
-244
-200
-176
-179
-197
-224
-266
-321
-387
-481
-629
-813
-985
-1127
-1272
-1441
-1603
-1721
-1813
-1920
-2034
-2104
-2118
-2108
-2079
-2003
-1888
-1806
-1810
-1861
-1880
-1826
-1670
-1348
-806
-87
679
1378
1940
2292
2350
2124
1754
1399
1138
998
1019
1217
1512
1769
1918
1963
1897
1693
1379
1063
839
712
654
662
730
802
813
755
656
529
388
281
261
307
345
318
211
-4
-354
-790
-1188
-1448
-1555
-1510
-1293
-921
-503
-162
68
234
356
424
470
571
758
985
1193
1364
1495
1564
1555
1497
1431
1371
1315
1272
1255
1252
1233
1185
1109
1011
905
814
748
708
699
729
785
822
805
737
622
445
208
-29
-205
-327
-435
-522
-545
-520
-517
-565
-611
-604
-564
-532
-495
-420
-327
-273
-271
-288
-309
-349
-402
-441
-452
-450
-446
-430
-405
-399
-417
-429
-420
-412
-413
-388
-310
-201
-99
-10
81
155
170
121
47
-31
-117
-209
-287
-349
-409
-469
-505
-517
-535
-574
-597
-562
-491
-435
-397
-337
-245
-168
-147
-167
-198
-244
-321
-419
-504
-568
-647
-773
-936
-1114
-1302
-1508
-1720
-1906
-2047
-2147
-2214
-2243
-2237
-2216
-2194
-2160
-2107
-2065
-2067
-2069
-1970
-1693
-1248
-669
40
851
1636
2217
2496
2505
2312
1975
1581
1272
1159
1227
1388
1578
1768
1898
1884
1708
1444
1168
902
661
493
439
468
518
562
605
621
566
443
316
239
209
190
156
88
-49
-283
-613
-991
-1340
-1576
-1634
-1504
-1231
-882
-514
-175
92
272
391
497
623
783
984
1216
1437
1595
1668
1684
1667
1624
1558
1489
1435
1385
1316
1225
1125
1024
915
797
702
664
681
714
727
720
717
713
666
551
393
233
88
-57
-192
-286
-329
-352
-388
-436
-480
-520
-559
-582
-560
-489
-395
-303
-227
-182
-183
-222
-267
-294
-303
-301
-287
-262
-236
-233
-267
-332
-401
-446
-461
-464
-461
-424
-325
-192
-81
-11
42
89
97
45
-28
-69
-88
-135
-220
-303
-366
-440
-548
-653
-703
-695
-659
-612
-546
-463
-397
-365
-341
-287
-215
-170
-170
-186
-190
-208
-284
-413
-545
-670
-835
-1053
-1260
-1405
-1527
-1690
-1860
-1949
-1956
-1981
-2061
-2113
-2077
-2015
-2005
-2016
-1989
-1961
-1992
-2002
-1823
-1400
-838
-221
479
1245
1901
2261
2313
2181
1948
1646
1357
1214
1258
1399
1538
1667
1790
1842
1752
1534
1273
1030
812
624
490
425
414
421
435
453
459
419
333
258
258
321
356
289
132
-77
-355
-734
-1143
-1431
-1504
-1398
-1186
-892
-541
-222
-30
44
86
152
254
414
666
984
1289
1530
1708
1826
1868
1839
1782
1727
1656
1554
1447
1358
1265
1133
973
822
699
608
551
523
509
516
569
653
690
619
475
335
215
78
-65
-150
-162
-163
-203
-268
-331
-403
-500
-587
-618
-595
-550
-496
-429
-373
-346
-330
-291
-228
-173
-136
-99
-60
-48
-77
-125
-166
-198
-229
-260
-282
-290
-277
-244
-208
-188
-180
-158
-121
-95
-100
-120
-123
-105
-98
-125
-185
-262
-347
-439
-533
-610
-650
-641
-601
-553
-508
-461
-405
-349
-305
-275
-248
-208
-157
-125
-135
-179
-228
-278
-360
-493
-645
-778
-907
-1069
-1255
-1422
-1569
-1728
-1897
-2035
-2127
-2199
-2248
-2226
-2131
-2044
-2019
-2011
-1978
-1962
-1985
-1920
-1604
-1045
-385
303
1053
1808
2352
2532
2424
2199
1927
1619
1376
1318
1426
1580
1721
1860
1953
1889
1643
1327
1037
764
495
309
262
294
312
318
355
398
369
263
168
153
195
228
204
98
-100
-371
-685
-1017
-1314
-1483
-1455
-1261
-994
-713
-435
-193
-37
39
115
261
476
743
1057
1388
1670
1856
1955
1979
1918
1799
1698
1654
1620
1538
1426
1325
1203
1002
754
553
429
341
280
293
384
484
541
566
564
492
337
173
60
-34
-144
-219
-202
-154
-185
-309
-438
-526
-613
-703
-719
-613
-456
-335
-252
-167
-98
-89
-127
-145
-113
-53
8
69
119
125
75
-3
-83
-161
-240
-302
-328
-315
-270
-209
-157
-129
-123
-125
-137
-158
-172
-160
-138
-139
-163
-183
-207
-276
-394
-500
-545
-553
-563
-562
-510
-427
-376
-369
-362
-330
-299
-288
-265
-208
-150
-144
-189
-251
-320
-417
-555
-708
-850
-977
-1102
-1237
-1387
-1539
-1667
-1761
-1833
-1896
-1948
-1990
-2029
-2049
-2024
-1963
-1931
-1969
-2029
-2026
-1934
-1752
-1422
-862
-95
728
1463
2051
2442
2543
2328
1950
1626
1449
1378
1395
1533
1760
1938
1964
1864
1703
1479
1168
825
551
369
233
128
94
133
181
189
181
189
196
174
147
162
204
192
62
-189
-518
-874
-1202
-1443
-1548
-1500
-1310
-1021
-703
-418
-197
-25
127
280
458
687
971
1272
1530
1717
1848
1938
1978
1959
1909
1871
1844
1790
1674
1506
1307
1089
864
663
511
404
330
301
325
372
392
382
382
389
349
234
98
-2
-73
-157
-250
-309
-333
-366
-448
-563
-671
-741
-755
-713
-637
-553
-460
-354
-263
-214
-188
-135
-46
40
101
162
233
270
241
176
126
90
46
-2
-45
-92
-144
-172
-167
-176
-236
-301
-298
-246
-230
-270
-291
-252
-215
-244
-316
-381
-439
-506
-572
-608
-624
-636
-626
-573
-505
-459
-421
-356
-280
-229
-188
-117
-34
-3
-40
-98
-143
-204
-309
-441
-565
-676
-784
-899
-1041
-1219
-1398
-1529
-1624
-1744
-1895
-2014
-2066
-2098
-2146
-2165
-2103
-2000
-1944
-1958
-2002
-2047
-2057
-1929
-1560
-948
-183
650
1476
2161
2548
2585
2373
2049
1697
1411
1317
1454
1707
1933
2083
2164
2131
1921
1561
1152
770
444
213
114
113
130
141
176
212
172
45
-76
-110
-70
-9
63
136
128
-49
-384
-775
-1143
-1447
-1629
-1612
-1389
-1045
-687
-375
-136
18
101
176
306
509
770
1075
1404
1703
1909
1999
2004
1975
1940
1907
1875
1838
1783
1687
1536
1328
1076
803
546
342
215
170
197
269
352
414
437
421
369
281
159
25
-90
-163
-199
-215
-229
-252
-301
-377
-466
-544
-597
-622
-617
-579
-512
-429
-347
-281
-234
-192
-130
-35
81
192
277
322
323
286
226
159
88
19
-34
-57
-57
-57
-67
-83
-104
-136
-173
-193
-191
-190
-209
-242
-276
-311
-360
-426
-504
-581
-638
-654
-632
-598
-567
-531
-486
-447
-425
-401
-352
-288
-232
-175
-87
19
87
83
29
-45
-144
-281
-438
-585
-726
-883
-1046
-1187
-1299
-1414
-1544
-1660
-1736
-1792
-1857
-1933
-1995
-2035
-2068
-2093
-2089
-2053
-2032
-2075
-2151
-2159
-2007
-1673
-1180
-538
230
1039
1753
2253
2492
2484
2285
1999
1764
1668
1700
1791
1899
2012
2096
2090
1956
1704
1381
1035
726
500
353
239
135
68
64
90
89
46
-2
-14
28
106
175
176
70
-135
-406
-718
-1046
-1332
-1506
-1528
-1405
-1170
-871
-572
-324
-141
0
124
251
412
638
924
1233
1526
1782
1967
2051
2049
2019
1998
1975
1938
1893
1827
1687
1443
1138
844
590
380
250
242
327
423
484
518
522
464
347
222
130
55
-31
-113
-160
-189
-233
-292
-343
-389
-444
-491
-501
-484
-473
-469
-439
-377
-317
-279
-238
-169
-87
-10
76
182
276
315
301
271
239
180
84
-13
-68
-74
-50
-8
39
63
40
-13
-63
-106
-165
-241
-291
-285
-261
-282
-359
-441
-491
-524
-565
-600
-597
-558
-512
-475
-437
-398
-367
-341
-298
-233
-169
-119
-70
-10
49
91
100
66
-26
-168
-325
-470
-611
-765
-920
-1054
-1166
-1272
-1370
-1456
-1543
-1643
-1734
-1791
-1831
-1893
-1975
-2033
-2050
-2056
-2065
-2056
-2044
-2092
-2211
-2294
-2207
-1917
-1470
-881
-134
712
1509
2129
2521
2665
2556
2280
2016
1890
1873
1881
1916
2018
2141
2159
2021
1780
1494
1161
809
525
358
246
124
26
22
87
117
77
30
29
49
61
79
104
73
-72
-310
-580
-868
-1189
-1489
-1648
-1603
-1415
-1185
-951
-702
-452
-237
-60
124
354
635
958
1312
1658
1924
2065
2111
2122
2115
2072
2001
1942
1903
1835
1696
1492
1253
990
719
499
381
349
347
358
405
472
498
445
355
283
227
158
72
-19
-122
-244
-352
-407
-437
-497
-580
-609
-555
-484
-467
-486
-475
-416
-348
-291
-226
-148
-77
-14
68
177
275
321
326
318
301
256
179
92
13
-47
-74
-63
-32
-12
-15
-29
-46
-76
-123
-174
-209
-229
-246
-272
-317
-387
-468
-532
-565
-581
-591
-580
-531
-459
-402
-373
-346
-305
-256
-205
-142
-63
3
34
42
52
55
19
-47
-112
-172
-260
-390
-529
-647
-757
-882
-1007
-1107
-1189
-1272
-1347
-1395
-1435
-1500
-1582
-1638
-1666
-1716
-1818
-1940
-2043
-2132
-2225
-2303
-2354
-2411
-2501
-2556
-2452
-2134
-1643
-1023
-264
613
1488
2200
2664
2885
2886
2704
2439
2227
2142
2140
2150
2149
2144
2101
1970
1746
1471
1167
836
518
289
169
79
-45
-157
-170
-86
-3
25
42
98
168
196
174
108
-40
-313
-675
-1035
-1334
-1571
-1736
-1780
-1684
-1486
-1239
-967
-690
-442
-226
12
321
677
1021
1338
1650
1942
2151
2237
2230
2186
2135
2081
2022
1952
1855
1719
1534
1298
1022
746
522
376
303
291
330
390
422
404
361
331
309
267
204
133
59
-32
-149
-285
-428
-557
-648
-692
-708
-723
-732
-700
-619
-519
-432
-354
-261
-149
-45
23
58
92
153
231
293
323
332
330
307
250
171
91
13
-62
-115
-125
-114
-127
-168
-197
-193
-184
-200
-232
-250
-253
-268
-312
-377
-451
-522
-569
-577
-555
-528
-508
-489
-460
-423
-389
-360
-313
-228
-111
-2
70
113
138
135
83
-2
-70
-113
-172
-267
-367
-450
-544
-667
-787
-870
-945
-1053
-1171
-1242
-1273
-1327
-1418
-1491
-1525
-1567
-1651
-1749
-1835
-1927
-2031
-2105
-2129
-2151
-2226
-2340
-2440
-2513
-2558
-2495
-2201
-1631
-855
22
921
1765
2458
2910
3089
3026
2812
2561
2367
2259
2202
2156
2105
2043
1958
1838
1659
1395
1064
741
487
289
102
-69
-183
-224
-211
-157
-67
21
65
90
163
262
270
117
-142
-439
-772
-1144
-1487
-1719
-1816
-1786
-1624
-1351
-1064
-850
-681
-471
-207
64
350
695
1077
1422
1703
1929
2073
2098
2050
2035
2087
2126
2089
2000
1877
1683
1411
1133
894
672
480
400
460
563
612
620
637
640
583
500
446
383
253
112
43
4
-108
-275
-394
-455
-544
-674
-753
-749
-735
-746
-709
-591
-486
-456
-418
-307
-187
-120
-38
128
306
385
380
383
384
302
162
79
73
55
-4
-35
-23
-40
-111
-169
-176
-172
-180
-158
-92
-52
-83
-122
-111
-107
-181
-289
-350
-372
-417
-486
-535
-556
-568
-564
-528
-482
-461
-442
-372
-262
-168
-97
-12
77
115
102
81
54
-18
-129
-219
-266
-315
-403
-508
-612
-727
-851
-943
-1000
-1075
-1177
-1243
-1242
-1247
-1324
-1435
-1505
-1548
-1625
-1740
-1832
-1877
-1917
-1976
-2025
-2053
-2094
-2177
-2284
-2379
-2415
-2318
-2000
-1438
-694
142
1004
1834
2530
2970
3099
2977
2737
2501
2317
2182
2092
2057
2054
2023
1920
1752
1521
1207
835
505
293
164
32
-103
-173
-166
-155
-173
-169
-115
-46
26
146
296
356
235
-17
-319
-684
-1141
-1588
-1858
-1912
-1851
-1726
-1489
-1140
-793
-534
-324
-86
186
472
794
1173
1552
1848
2047
2187
2259
2221
2097
1982
1931
1910
1859
1758
1612
1411
1142
829
530
298
161
135
221
383
551
659
688
676
663
638
561
433
305
212
130
19
-123
-270
-403
-510
-578
-607
-633
-686
-735
-728
-663
-593
-538
-469
-370
-265
-165
-48
96
232
333
413
487
519
465
340
204
96
11
-50
-76
-73
-58
-44
-38
-56
-112
-181
-208
-174
-116
-78
-67
-75
-107
-170
-251
-334
-408
-463
-481
-458
-419
-399
-410
-435
-447
-431
-384
-321
-259
-204
-142
-69
-8
17
11
3
0
-23
-88
-189
-301
-400
-480
-550
-623
-708
-786
-834
-862
-911
-996
-1084
-1125
-1121
-1109
-1111
-1124
-1151
-1218
-1326
-1443
-1547
-1652
-1769
-1862
-1887
-1868
-1873
-1937
-2042
-2175
-2316
-2384
-2255
-1869
-1277
-548
298
1210
2039
2622
2924
3007
2907
2642
2312
2069
1957
1888
1797
1728
1717
1689
1553
1337
1111
869
587
328
185
127
45
-69
-118
-73
-26
-35
-23
84
230
321
355
358
266
-14
-453
-931
-1367
-1744
-2011
-2077
-1925
-1653
-1352
-1037
-711
-427
-211
-2
271
598
931
1257
1584
1869
2026
2026
1932
1834
1772
1745
1735
1722
1686
1619
1508
1327
1064
762
505
363
348
427
558
709
850
952
990
950
842
696
543
385
219
55
-94
-235
-382
-526
-639
-712
-760
-791
-786
-732
-643
-550
-464
-376
-284
-194
-115
-53
-4
60
166
296
392
409
363
294
209
89
-51
-157
-187
-156
-103
-57
-32
-32
-48
-62
-61
-48
-21
23
68
75
22
-63
-146
-227
-325
-425
-481
-486
-485
-513
-549
-555
-526
-489
-451
-398
-325
-241
-155
-68
13
76
118
146
147
110
45
-12
-60
-134
-249
-367
-447
-503
-580
-682
-771
-819
-837
-843
-840
-836
-845
-866
-887
-913
-967
-1050
-1140
-1224
-1312
-1404
-1481
-1540
-1614
-1716
-1802
-1830
-1819
-1821
-1843
-1861
-1879
-1926
-1984
-1966
-1780
-1384
-777
7
882
1722
2422
2918
3149
3073
2748
2352
2047
1873
1776
1722
1710
1714
1671
1544
1342
1078
770
476
276
183
135
74
2
-57
-107
-157
-198
-215
-211
-173
-68
98
238
249
110
-140
-472
-875
-1301
-1649
-1836
-1840
-1686
-1409
-1057
-695
-370
-96
131
323
511
743
1030
1326
1573
1752
1864
1900
1846
1734
1633
1597
1620
1661
1682
1656
1559
1370
1098
789
517
341
283
331
456
612
742
803
780
688
558
411
268
139
20
-96
-207
-308
-410
-528
-648
-721
-724
-683
-632
-571
-485
-391
-329
-309
-301
-279
-253
-234
-198
-105
43
203
329
398
410
376
307
210
96
-13
-77
-70
-3
70
105
101
86
68
31
-26
-68
-60
-15
9
-26
-103
-196
-300
-414
-512
-560
-555
-521
-473
-420
-382
-390
-436
-472
-464
-418
-358
-288
-211
-143
-87
-25
44
84
70
35
26
30
-13
-120
-241
-331
-395
-461
-533
-603
-668
-719
-739
-730
-715
-709
-697
-676
-682
-748
-849
-937
-1005
-1082
-1174
-1260
-1332
-1415
-1519
-1622
-1700
-1753
-1785
-1783
-1756
-1754
-1824
-1946
-2047
-2052
-1907
-1562
-995
-245
589
1406
2126
2652
2890
2824
2562
2256
1997
1794
1642
1559
1544
1549
1524
1442
1299
1093
853
637
486
381
279
179
110
79
49
-2
-54
-79
-79
-59
-1
103
206
232
140
-66
-372
-766
-1200
-1583
-1828
-1899
-1799
-1550
-1190
-789
-419
-120
113
308
494
698
931
1177
1402
1577
1696
1760
1768
1728
1664
1618
1619
1653
1663
1596
1438
1215
959
694
454
292
247
319
477
677
867
989
1007
934
809
661
494
317
151
5
-130
-265
-393
-510
-622
-720
-772
-760
-710
-659
-619
-569
-501
-432
-378
-335
-293
-244
-179
-89
23
141
252
358
446
486
453
356
220
78
-44
-125
-158
-154
-125
-70
1
56
67
45
28
36
54
52
13
-56
-143
-230
-311
-389
-469
-532
-546
-504
-442
-411
-421
-444
-456
-453
-447
-431
-389
-310
-202
-86
13
75
95
87
70
50
16
-40
-109
-175
-238
-313
-415
-527
-614
-651
-650
-643
-646
-648
-635
-605
-573
-555
-561
-590
-633
-683
-747
-847
-975
-1086
-1142
-1161
-1203
-1296
-1409
-1501
-1576
-1648
-1702
-1711
-1685
-1667
-1673
-1697
-1743
-1812
-1833
-1677
-1269
-656
59
812
1565
2229
2684
2872
2815
2562
2182
1794
1529
1414
1364
1309
1279
1321
1374
1324
1141
903
683
502
368
300
271
211
97
-9
-48
-54
-101
-181
-215
-157
-50
36
61
2
-156
-403
-690
-975
-1253
-1514
-1689
-1685
-1484
-1172
-847
-536
-222
81
333
521
688
880
1093
1295
1469
1602
1665
1642
1575
1538
1549
1566
1558
1542
1530
1476
1321
1075
807
580
424
363
409
525
638
719
790
861
878
790
626
466
346
233
94
-68
-229
-378
-504
-587
-622
-637
-664
-693
-685
-633
-576
-555
-558
-540
-479
-391
-302
-217
-133
-46
53
178
318
421
443
395
323
240
129
-5
-107
-132
-91
-25
51
131
186
185
146
119
114
98
53
-1
-49
-109
-190
-271
-318
-327
-313
-283
-244
-221
-237
-284
-336
-383
-424
-448
-436
-389
-331
-280
-241
-208
-173
-134
-92
-64
-60
-74
-100
-147
-225
-312
-385
-451
-527
-594
-616
-599
-586
-593
-580
-526
-466
-443
-447
-460
-498
-582
-681
-761
-835
-929
-1011
-1025
-985
-968
-1004
-1051
-1091
-1170
-1303
-1430
-1492
-1511
-1527
-1525
-1483
-1461
-1538
-1698
-1827
-1842
-1725
-1450
-966
-287
486
1241
1899
2377
2578
2489
2229
1942
1682
1446
1270
1212
1258
1324
1354
1335
1250
1078
851
646
508
408
316
248
226
222
199
155
99
29
-38
-43
45
178
270
283
218
60
-224
-622
-1056
-1440
-1711
-1826
-1765
-1555
-1264
-945
-625
-334
-102
74
244
446
674
895
1101
1285
1425
1497
1518
1520
1517
1517
1540
1596
1656
1661
1575
1397
1150
873
623
452
378
394
505
708
948
1133
1207
1180
1093
966
808
627
428
217
5
-184
-339
-479
-614
-715
-754
-743
-717
-694
-673
-660
-660
-655
-621
-563
-511
-466
-394
-273
-120
29
162
275
357
401
399
346
241
112
5
-55
-82
-100
-106
-82
-27
47
132
222
300
348
364
350
295
194
65
-60
-165
-245
-291
-302
-299
-311
-328
-325
-305
-306
-343
-383
-393
-377
-355
-327
-284
-234
-196
-166
-133
-103
-92
-97
-98
-96
-115
-169
-244
-327
-413
-497
-555
-573
-562
-553
-554
-546
-518
-486
-471
-467
-456
-437
-437
-482
-559
-633
-685
-727
-768
-802
-833
-879
-945
-1011
-1064
-1124
-1202
-1269
-1289
-1279
-1283
-1304
-1311
-1300
-1307
-1346
-1403
-1478
-1595
-1722
-1735
-1523
-1093
-525
132
854
1555
2097
2393
2445
2295
2003
1676
1439
1335
1302
1278
1267
1294
1318
1278
1176
1047
902
738
587
485
405
287
129
1
-52
-59
-61
-56
-26
27
97
185
256
242
107
-119
-392
-702
-1037
-1341
-1544
-1618
-1574
-1408
-1126
-789
-482
-234
-20
182
368
547
739
941
1119
1258
1374
1468
1505
1480
1448
1465
1529
1599
1653
1672
1608
1429
1169
906
692
532
434
431
530
689
842
942
965
910
810
711
624
526
399
247
90
-71
-238
-402
-547
-659
-719
-723
-687
-648
-621
-601
-583
-573
-559
-522
-462
-405
-354
-272
-145
-9
101
195
299
386
404
353
277
197
103
14
-30
-15
24
67
130
207
255
252
243
268
296
277
219
163
113
35
-70
-159
-211
-244
-265
-258
-226
-211
-251
-326
-395
-448
-490
-517
-517
-491
-446
-377
-293
-225
-202
-209
-203
-167
-128
-117
-142
-192
-255
-324
-401
-490
-586
-658
-676
-639
-576
-516
-474
-453
-448
-446
-433
-417
-419
-442
-467
-477
-484
-515
-583
-673
-752
-803
-836
-873
-927
-986
-1041
-1093
-1149
-1209
-1265
-1311
-1343
-1354
-1349
-1354
-1394
-1459
-1527
-1595
-1645
-1610
-1404
-1003
-461
166
837
1482
1975
2230
2263
2132
1870
1529
1233
1095
1104
1155
1189
1227
1260
1223
1081
894
717
548
398
332
369
410
358
249
182
168
132
62
41
113
224
316
388
418
318
43
-330
-688
-996
-1269
-1466
-1504
-1369
-1133
-861
-578
-318
-133
-19
88
239
421
600
779
969
1143
1249
1274
1249
1215
1195
1206
1257
1345
1441
1494
1449
1287
1048
795
572
403
319
347
467
621
760
867
921
890
780
656
559
463
331
184
54
-76
-231
-381
-473
-517
-563
-613
-611
-554
-511
-524
-548
-540
-524
-536
-547
-515
-453
-391
-308
-164
18
169
268
338
377
347
254
154
78
11
-43
-42
29
123
190
239
296
350
372
368
356
327
267
193
122
34
-85
-200
-259
-267
-262
-254
-220
-175
-164
-193
-224
-246
-287
-343
-367
-337
-299
-292
-293
-270
-237
-223
-213
-182
-160
-190
-257
-311
-359
-443
-550
-612
-598
-554
-519
-474
-397
-321
-284
-270
-244
-215
-220
-255
-290
-322
-377
-453
-520
-565
-610
-667
-715
-737
-756
-798
-854
-889
-899
-905
-921
-941
-963
-1000
-1058
-1123
-1168
-1188
-1198
-1214
-1234
-1265
-1327
-1438
-1576
-1672
-1657
-1490
-1158
-664
-48
609
1212
1694
2007
2117
2028
1815
1578
1377
1215
1098
1057
1093
1148
1167
1145
1095
1003
860
699
566
462
356
253
192
180
175
150
124
123
137
163
222
309
363
330
213
45
-180
-488
-846
-1164
-1372
-1465
-1456
-1343
-1145
-913
-685
-452
-202
44
252
428
599
768
902
983
1021
1035
1038
1053
1113
1217
1321
1383
1401
1387
1333
1211
1026
828
677
595
573
597
655
733
815
889
948
977
959
892
798
694
568
400
201
4
-166
-306
-422
-512
-579
-631
-665
-667
-640
-623
-640
-669
-668
-632
-591
-559
-514
-433
-320
-190
-55
65
147
194
233
277
299
276
225
179
140
99
67
65
91
128
180
267
371
442
456
432
391
325
233
143
76
21
-34
-70
-77
-81
-119
-180
-225
-248
-273
-301
-306
-292
-298
-341
-387
-408
-422
-452
-472
-443
-378
-323
-301
-294
-297
-330
-394
-459
-505
-547
-592
-614
-591
-544
-511
-484
-426
-337
-268
-252
-268
-280
-291
-324
-374
-415
-446
-483
-522
-536
-528
-543
-604
-674
-708
-723
-772
-859
-935
-964
-967
-968
-965
-960
-983
-1039
-1083
-1076
-1057
-1082
-1133
-1153
-1149
-1200
-1345
-1516
-1616
-1604
-1464
-1156
-664
-55
574
1165
1682
2044
2169
2071
1868
1662
1469
1288
1159
1120
1140
1158
1154
1127
1049
905
737
617
558
505
432
369
343
323
266
177
95
51
56
122
240
372
461
477
413
259
2
-342
-707
-1019
-1230
-1323
-1302
-1186
-1003
-786
-562
-345
-135
75
292
517
740
943
1096
1174
1170
1113
1037
966
920
926
994
1094
1172
1198
1160
1062
914
746
602
512
485
523
625
757
866
923
938
923
876
797
706
620
531
423
295
155
-9
-205
-402
-558
-657
-712
-720
-674
-598
-533
-493
-464
-446
-461
-498
-507
-455
-368
-276
-173
-46
70
136
165
190
206
189
152
141
160
167
150
143
167
190
196
217
279
345
374
381
398
411
377
298
224
169
102
13
-57
-89
-113
-157
-196
-202
-193
-202
-227
-245
-260
-295
-346
-381
-396
-415
-444
-452
-420
-373
-347
-346
-355
-366
-386
-416
-445
-468
-485
-491
-476
-444
-409
-379
-351
-307
-236
-147
-69
-18
7
17
13
-15
-67
-125
-177
-225
-271
-307
-340
-389
-454
-510
-539
-564
-612
-674
-721
-750
-785
-824
-832
-797
-753
-734
-738
-760
-818
-915
-1015
-1080
-1113
-1142
-1171
-1187
-1216
-1313
-1480
-1646
-1725
-1670
-1456
-1061
-499
157
804
1361
1769
1970
1937
1724
1452
1221
1067
989
990
1057
1140
1181
1146
1037
872
684
523
435
424
453
483
500
500
473
413
339
287
286
342
435
542
637
685
645
494
239
-88
-445
-789
-1068
-1238
-1284
-1220
-1066
-842
-589
-370
-223
-124
-18
118
274
440
618
796
930
994
995
942
840
722
661
705
816
916
965
972
935
829
665
506
405
376
423
562
771
970
1083
1111
1095
1043
936
788
651
543
431
295
157
29
-115
-288
-446
-540
-573
-581
-568
-518
-449
-400
-379
-354
-318
-298
-306
-304
-258
-182
-110
-46
23
89
129
143
148
135
88
19
-28
-29
-1
31
70
131
206
274
326
363
384
386
378
372
365
336
277
200
119
37
-45
-117
-161
-176
-171
-157
-143
-131
-129
-143
-176
-222
-267
-304
-324
-331
-329
-329
-328
-318
-295
-277
-289
-339
-405
-464
-508
-543
-568
-578
-565
-531
-477
-420
-386
-386
-393
-370
-309
-244
-200
-174
-158
-160
-188
-234
-287
-350
-410
-440
-431
-417
-440
-493
-536
-557
-579
-607
-622
-620
-629
-663
-698
-722
-756
-810
-855
-862
-858
-889
-945
-983
-998
-1022
-1058
-1070
-1055
-1069
-1153
-1282
-1413
-1530
-1601
-1545
-1288
-848
-309
277
874
1400
1735
1833
1755
1591
1387
1182
1038
992
1002
1006
993
978
932
814
649
530
510
554
612
672
730
749
699
599
490
381
275
211
246
371
506
578
576
509
359
108
-218
-564
-880
-1132
-1280
-1294
-1189
-1022
-834
-628
-399
-172
13
155
289
441
595
723
809
847
825
743
635
547
503
503
550
660
812
935
961
889
764
623
483
385
381
485
658
845
1019
1143
1171
1097
984
901
847
780
685
584
474
309
74
-189
-421
-594
-684
-657
-524
-366
-258
-203
-161
-139
-177
-276
-376
-431
-444
-426
-369
-281
-196
-127
-43
67
154
156
88
11
-40
-79
-109
-107
-68
-14
42
108
178
222
234
257
325
414
470
473
432
351
225
73
-66
-167
-226
-240
-204
-133
-68
-36
-31
-38
-57
-95
-139
-180
-219
-262
-309
-347
-372
-386
-386
-374
-360
-354
-358
-370
-394
-432
-473
-506
-526
-539
-547
-549
-542
-522
-478
-408
-329
-257
-193
-130
-77
-56
-73
-111
-150
-185
-215
-238
-262
-293
-324
-340
-340
-350
-382
-415
-423
-407
-396
-402
-420
-448
-486
-529
-579
-646
-731
-804
-829
-810
-792
-807
-844
-882
-923
-980
-1053
-1132
-1215
-1290
-1345
-1391
-1464
-1576
-1664
-1639
-1457
-1132
-691
-150
446
1016
1473
1758
1830
1691
1410
1107
870
711
609
571
613
707
789
823
818
794
768
768
818
898
949
936
878
801
698
555
404
302
275
319
420
560
694
756
706
550
301
-29
-415
-797
-1102
-1283
-1330
-1249
-1060
-810
-557
-339
-162
-15
109
208
289
370
457
533
565
538
463
371
294
264
308
427
587
739
854
920
909
804
630
464
372
367
442
591
804
1027
1198
1297
1337
1323
1248
1137
1035
952
852
705
535
370
199
5
-178
-293
-326
-307
-255
-168
-72
-16
-19
-55
-101
-172
-276
-370
-401
-372
-318
-250
-162
-67
0
20
8
-31
-106
-214
-314
-369
-382
-372
-342
-285
-208
-130
-54
28
114
193
261
325
382
415
400
335
233
119
16
-58
-98
-105
-81
-26
46
111
146
139
89
13
-64
-129
-183
-237
-283
-299
-280
-250
-229
-224
-228
-238
-255
-279
-311
-360
-428
-495
-542
-572
-603
-638
-653
-633
-579
-506
-424
-341
-269
-214
-180
-175
-206
-273
-355
-425
-468
-485
-481
-461
-425
-377
-326
-287
-275
-285
-305
-321
-334
-354
-381
-416
-457
-502
-542
-573
-604
-634
-642
-611
-558
-523
-530
-573
-641
-734
-845
-954
-1049
-1130
-1191
-1220
-1225
-1249
-1326
-1422
-1464
-1396
-1202
-883
-439
102
670
1190
1594
1819
1819
1615
1310
1015
782
615
516
500
550
619
663
667
632
573
533
561
664
786
867
893
878
823
715
569
431
342
322
375
493
635
736
751
677
520
276
-51
-416
-752
-1008
-1165
-1209
-1134
-958
-725
-476
-233
-12
170
304
407
499
573
606
586
525
432
309
171
61
23
76
209
399
612
795
898
905
844
748
640
546
509
556
675
824
966
1084
1164
1193
1182
1161
1143
1107
1030
911
763
581
357
115
-98
-250
-336
-353
-296
-183
-63
23
73
98
95
51
-21
-97
-167
-239
-308
-350
-357
-349
-341
-323
-289
-254
-245
-266
-302
-344
-386
-412
-404
-367
-323
-282
-233
-165
-87
-11
63
142
221
286
323
322
272
178
62
-44
-123
-172
-191
-178
-135
-78
-23
21
52
67
70
66
53
23
-23
-73
-115
-154
-195
-233
-260
-276
-298
-332
-371
-407
-441
-466
-475
-470
-468
-482
-501
-509
-506
-504
-495
-456
-382
-299
-236
-198
-184
-200
-249
-310
-353
-371
-378
-374
-349
-308
-283
-288
-300
-285
-249
-213
-176
-121
-59
-29
-49
-96
-147
-212
-291
-354
-374
-371
-381
-404
-416
-423
-461
-537
-612
-663
-720
-809
-905
-966
-997
-1028
-1060
-1070
-1066
-1090
-1157
-1241
-1321
-1401
-1453
-1396
-1160
-762
-278
234
744
1197
1505
1620
1560
1377
1125
869
687
616
620
638
653
681
718
722
679
629
622
672
759
864
962
1012
984
891
774
654
528
408
338
354
441
551
643
688
651
504
252
-62
-391
-702
-961
-1117
-1133
-1021
-833
-614
-398
-213
-78
16
103
204
304
384
441
475
469
396
265
119
4
-46
-7
129
333
544
712
816
852
816
721
611
543
540
604
725
889
1057
1186
1254
1271
1250
1198
1128
1063
1004
930
826
701
568
415
235
54
-85
-162
-179
-147
-76
6
63
84
77
40
-49
-187
-330
-433
-489
-509
-501
-464
-416
-385
-377
-388
-423
-489
-567
-618
-619
-585
-535
-472
-398
-330
-284
-254
-216
-163
-100
-27
58
140
194
203
170
106
17
-78
-147
-167
-141
-87
-20
49
111
155
176
176
160
135
110
96
89
81
61
27
-17
-66
-120
-179
-244
-309
-365
-405
-426
-436
-445
-464
-499
-542
-584
-619
-645
-653
-631
-568
-472
-362
-259
-187
-158
-171
-207
-253
-308
-369
-421
-444
-439
-422
-405
-389
-372
-353
-320
-261
-180
-103
-38
20
74
94
63
-6
-87
-169
-253
-325
-364
-376
-386
-404
-414
-420
-444
-493
-539
-571
-611
-680
-759
-823
-879
-955
-1042
-1105
-1136
-1161
-1198
-1235
-1268
-1305
-1329
-1284
-1122
-853
-513
-112
344
800
1163
1373
1431
1370
1221
1028
849
724
652
616
614
649
694
706
678
650
661
713
783
860
935
989
998
955
875
775
666
563
496
488
530
593
645
668
644
544
356
103
-174
-446
-695
-889
-988
-975
-882
-748
-594
-430
-276
-150
-43
66
172
254
305
338
353
319
223
98
-5
-63
-76
-34
74
230
394
535
648
726
754
741
719
717
735
766
812
880
956
1019
1060
1089
1109
1119
1115
1095
1052
974
861
721
561
386
211
61
-43
-92
-90
-46
15
72
114
136
125
65
-38
-159
-280
-399
-512
-603
-663
-701
-732
-750
-739
-708
-673
-634
-581
-518
-461
-415
-374
-341
-338
-368
-405
-417
-399
-365
-315
-242
-150
-61
8
54
71
53
11
-29
-45
-41
-28
-11
15
50
91
135
178
215
241
260
275
276
250
192
109
18
-68
-143
-209
-269
-319
-352
-369
-377
-385
-392
-398
-402
-406
-410
-415
-426
-440
-443
-423
-389
-361
-346
-331
-312
-297
-295
-302
-307
-305
-301
-296
-295
-308
-338
-367
-370
-338
-280
-204
-110
0
109
199
252
261
231
179
128
86
46
2
-45
-88
-122
-154
-193
-246
-309
-365
-404
-430
-457
-493
-533
-574
-623
-685
-758
-840
-926
-1006
-1060
-1087
-1105
-1133
-1169
-1209
-1269
-1357
-1436
-1442
-1336
-1121
-800
-369
144
662
1097
1404
1566
1570
1421
1179
935
746
612
526
499
535
598
641
656
659
673
704
770
882
1019
1134
1190
1182
1117
998
832
652
504
424
417
468
549
622
642
573
405
157
-135
-432
-699
-900
-1006
-1005
-914
-772
-618
-480
-370
-280
-190
-88
23
130
227
312
363
346
244
80
-99
-247
-332
-329
-235
-72
128
331
515
651
725
749
760
789
842
913
992
1071
1134
1164
1158
1125
1079
1039
1024
1027
1025
999
948
873
765
616
444
282
151
57
10
11
42
75
99
118
128
107
47
-34
-121
-215
-318
-413
-488
-564
-656
-748
-808
-833
-842
-835
-787
-692
-579
-476
-385
-310
-273
-288
-332
-368
-386
-393
-381
-330
-248
-171
-116
-74
-36
-16
-24
-36
-23
14
54
87
122
160
186
197
206
223
246
272
301
334
358
353
315
247
157
52
-53
-145
-219
-276
-316
-333
-331
-324
-326
-333
-336
-326
-308
-293
-287
-289
-301
-321
-351
-382
-407
-423
-425
-411
-376
-329
-284
-253
-234
-226
-225
-234
-245
-248
-235
-205
-159
-100
-30
45
114
172
209
226
229
225
218
202
172
129
74
6
-76
-164
-247
-315
-360
-378
-369
-346
-327
-328
-356
-405
-471
-549
-637
-724
-797
-855
-912
-978
-1048
-1114
-1179
-1252
-1329
-1402
-1468
-1528
-1563
-1530
-1399
-1181
-888
-511
-48
449
881
1186
1362
1429
1389
1244
1046
862
727
639
591
579
591
600
599
608
644
708
796
914
1057
1191
1278
1303
1266
1174
1038
885
749
650
598
594
625
655
643
573
445
251
-15
-320
-600
-811
-945
-1006
-992
-906
-782
-654
-535
-422
-326
-252
-177
-74
48
145
184
170
117
25
-101
-231
-323
-357
-327
-229
-81
79
212
312
399
478
539
587
649
745
861
972
1063
1132
1173
1183
1173
1159
1146
1121
1079
1028
971
904
813
695
559
424
310
225
167
133
121
132
150
160
152
128
83
15
-73
-165
-246
-318
-389
-462
-541
-628
-717
-792
-843
-870
-873
-844
-775
-679
-584
-512
-459
-420
-398
-393
-389
-367
-329
-289
-257
-229
-204
-188
-183
-179
-163
-135
-96
-40
30
96
140
166
194
230
258
268
278
309
353
382
386
378
365
337
285
219
155
85
2
-84
-150
-195
-237
-282
-316
-331
-341
-353
-359
-349
-337
-334
-330
-310
-286
-286
-310
-327
-328
-330
-345
-351
-328
-291
-269
-263
-258
-254
-265
-282
-273
-228
-171
-116
-45
59
172
250
282
291
295
291
275
260
250
236
214
197
187
161
97
11
-64
-121
-174
-222
-244
-238
-237
-267
-317
-369
-432
-531
-655
-765
-843
-909
-980
-1044
-1094
-1154
-1242
-1328
-1374
-1391
-1421
-1464
-1469
-1419
-1364
-1345
-1316
-1197
-975
-697
-384
-10
413
802
1079
1243
1320
1299
1163
962
794
702
649
605
592
630
684
706
705
724
779
850
936
1057
1200
1314
1368
1370
1334
1241
1087
911
768
668
586
513
462
424
361
241
72
-128
-349
-570
-750
-852
-878
-850
-777
-663
-533
-433
-377
-337
-287
-231
-183
-137
-79
-20
3
-35
-126
-243
-363
-461
-509
-486
-399
-269
-112
62
235
379
481
555
628
712
801
888
974
1054
1117
1151
1154
1131
1086
1032
981
940
900
854
805
760
708
630
525
421
342
285
240
214
223
258
286
281
248
197
123
21
-102
-228
-349
-463
-570
-668
-759
-845
-914
-949
-941
-898
-831
-742
-638
-537
-459
-409
-381
-367
-367
-378
-390
-397
-396
-385
-368
-352
-333
-303
-253
-188
-119
-49
26
98
151
178
192
207
224
239
258
295
355
421
479
517
529
504
444
360
269
172
75
-7
-64
-105
-146
-190
-227
-256
-285
-316
-331
-313
-271
-224
-182
-147
-125
-133
-168
-211
-250
-291
-338
-375
-385
-374
-362
-364
-373
-379
-377
-364
-337
-289
-219
-127
-17
97
194
259
290
294
273
232
182
143
125
124
132
140
142
129
97
49
1
-33
-51
-61
-68
-66
-57
-64
-109
-192
-290
-388
-492
-600
-689
-747
-794
-860
-940
-1007
-1065
-1147
-1257
-1349
-1393
-1408
-1426
-1429
-1391
-1338
-1326
-1351
-1347
-1281
-1185
-1078
-896
-578
-164
240
589
902
1171
1323
1315
1195
1046
896
749
635
596
615
641
659
699
764
811
832
877
992
1148
1288
1396
1477
1505
1438
1281
1088
900
722
567
477
466
490
495
471
419
308
112
-139
-375
-564
-718
-832
-872
-830
-748
-674
-613
-549
-491
-454
-426
-377
-307
-244
-200
-168
-157
-200
-307
-440
-548
-612
-629
-588
-480
-317
-128
64
241
379
463
515
573
653
737
818
909
1012
1098
1140
1146
1143
1134
1108
1071
1048
1041
1025
980
911
830
735
624
510
415
349
309
294
298
306
307
297
279
241
174
79
-25
-129
-240
-357
-468
-563
-651
-737
-814
-864
-888
-894
-883
-849
-797
-740
-683
-624
-571
-541
-537
-537
-522
-493
-469
-445
-404
-341
-275
-223
-180
-132
-83
-46
-23
-2
27
64
103
146
193
247
304
365
426
480
519
542
551
547
522
476
417
350
276
192
106
28
-34
-85
-129
-163
-180
-182
-172
-157
-136
-115
-102
-106
-127
-160
-201
-247
-296
-342
-378
-397
-396
-381
-363
-351
-346
-342
-339
-335
-326
-310
-289
-264
-229
-175
-110
-50
-4
42
103
172
230
267
297
324
336
316
262
189
107
26
-45
-99
-134
-149
-143
-121
-96
-89
-104
-134
-175
-229
-292
-355
-417
-492
-587
-695
-807
-919
-1029
-1128
-1205
-1268
-1320
-1347
-1335
-1309
-1311
-1345
-1369
-1357
-1341
-1356
-1378
-1350
-1246
-1088
-885
-606
-244
150
514
822
1072
1234
1263
1172
1028
890
761
635
543
518
547
583
608
643
705
785
878
999
1156
1318
1442
1508
1522
1482
1376
1212
1027
860
725
622
557
529
516
481
401
279
125
-55
-255
-454
-623
-741
-803
-810
-773
-712
-647
-589
-531
-467
-398
-331
-267
-201
-143
-118
-148
-231
-348
-477
-604
-706
-753
-721
-616
-462
-282
-97
76
221
338
439
540
638
727
811
898
984
1048
1072
1068
1060
1058
1055
1043
1029
1027
1032
1022
978
907
826
745
657
560
465
390
342
314
302
307
322
330
318
284
229
148
35
-99
-239
-373
-501
-620
-714
-777
-818
-851
-869
-854
-803
-734
-668
-609
-547
-486
-445
-434
-443
-453
-461
-471
-479
-473
-446
-408
-367
-320
-262
-198
-140
-88
-33
24
73
108
143
193
256
318
376
435
488
518
516
497
471
430
363
284
219
168
116
56
-1
-43
-78
-110
-126
-116
-92
-74
-58
-30
5
22
12
-10
-30
-60
-109
-161
-198
-218
-233
-240
-234
-222
-223
-235
-246
-255
-274
-297
-293
-250
-188
-128
-64
17
96
144
167
191
224
244
243
237
239
230
197
153
119
87
44
1
-18
-15
-9
-11
-7
0
-10
-47
-94
-142
-209
-305
-407
-491
-560
-632
-706
-768
-826
-902
-995
-1075
-1133
-1192
-1260
-1310
-1324
-1323
-1334
-1345
-1331
-1306
-1302
-1312
-1295
-1242
-1189
-1153
-1086
-933
-699
-424
-120
223
585
899
1112
1218
1234
1168
1040
901
803
758
749
763
801
853
889
897
894
914
974
1072
1198
1331
1440
1497
1489
1414
1279
1107
931
780
667
594
562
561
562
533
458
338
179
-10
-209
-394
-549
-669
-742
-759
-731
-691
-665
-645
-614
-574
-536
-492
-425
-334
-253
-212
-219
-273
-373
-503
-627
-708
-732
-699
-601
-435
-236
-57
73
174
272
362
431
494
583
697
801
873
924
971
1003
1006
997
1008
1049
1092
1114
1119
1119
1100
1041
944
832
723
618
520
443
396
374
364
364
378
396
394
362
308
242
162
65
-44
-153
-259
-369
-476
-566
-634
-688
-736
-768
-772
-744
-696
-643
-598
-566
-545
-532
-526
-533
-558
-584
-592
-576
-544
-505
-453
-389
-324
-269
-219
-165
-114
-79
-59
-34
2
39
64
88
124
170
214
251
291
329
352
356
355
355
344
313
273
237
201
150
85
20
-34
-79
-112
-116
-82
-26
25
67
107
148
168
154
115
74
44
18
-10
-41
-69
-97
-130
-164
-189
-194
-185
-172
-154
-122
-75
-30
-5
-2
-2
3
5
5
11
33
63
97
141
194
236
244
226
206
183
131
45
-40
-93
-125
-161
-200
-218
-218
-232
-268
-298
-307
-318
-359
-413
-452
-485
-544
-638
-741
-841
-949
-1061
-1141
-1177
-1205
-1256
-1309
-1321
-1301
-1303
-1337
-1354
-1324
-1279
-1261
-1258
-1236
-1203
-1186
-1158
-1053
-844
-576
-291
27
388
732
972
1085
1116
1099
1029
917
818
773
758
737
721
742
786
805
797
818
907
1036
1165
1287
1411
1503
1516
1452
1353
1240
1090
908
749
666
646
639
623
604
569
488
349
180
0
-191
-381
-526
-593
-602
-603
-612
-616
-608
-608
-620
-615
-571
-500
-426
-354
-286
-253
-294
-410
-558
-687
-782
-840
-846
-786
-668
-521
-372
-236
-119
-24
56
137
235
349
466
572
659
729
784
827
856
869
875
884
906
938
969
983
975
947
907
862
810
744
667
600
559
546
548
555
566
576
573
546
497
433
358
268
169
71
-21
-111
-209
-315
-418
-508
-574
-614
-629
-623
-601
-565
-527
-502
-500
-521
-550
-577
-598
-613
-618
-612
-598
-582
-563
-542
-520
-502
-485
-462
-427
-385
-345
-309
-275
-239
-198
-149
-89
-21
44
105
162
215
251
263
258
247
235
217
195
179
170
160
138
113
96
90
86
88
104
139
179
215
245
274
296
301
291
274
254
228
198
172
151
122
81
36
-3
-39
-82
-124
-149
-154
-147
-132
-102
-60
-22
-2
4
9
12
9
9
20
40
54
61
65
60
26
-35
-100
-152
-197
-241
-268
-266
-247
-243
-252
-255
-249
-259
-293
-331
-353
-374
-415
-469
-517
-565
-635
-724
-802
-862
-924
-996
-1052
-1074
-1086
-1120
-1165
-1194
-1209
-1241
-1286
-1308
-1290
-1257
-1233
-1199
-1136
-1067
-1028
-1011
-961
-851
-692
-493
-240
69
388
666
884
1042
1125
1111
1027
938
883
851
826
814
824
838
825
794
779
799
842
903
1000
1140
1287
1386
1412
1381
1310
1204
1068
928
813
733
677
635
601
562
494
382
238
88
-56
-196
-332
-440
-501
-526
-538
-548
-550
-545
-549
-560
-551
-506
-450
-414
-396
-371
-347
-367
-451
-563
-659
-730
-784
-800
-751
-652
-546
-448
-336
-201
-80
0
67
159
276
385
484
589
692
759
783
800
835
861
851
833
849
893
919
913
902
899
879
826
768
736
720
695
672
680
714
735
725
706
689
656
590
505
421
325
204
77
-28
-116
-212
-314
-387
-420
-435
-456
-472
-469
-458
-457
-459
-450
-441
-457
-498
-540
-576
-619
-670
-705
-713
-704
-689
-655
-599
-543
-510
-491
-459
-418
-391
-377
-351
-301
-247
-205
-162
-103
-38
15
60
109
154
176
179
188
207
220
215
208
207
197
166
123
88
61
35
27
65
150
251
340
419
494
552
578
573
547
505
444
374
306
240
164
83
13
-34
-61
-70
-57
-20
30
82
135
186
221
224
195
149
96
37
-24
-76
-105
-102
-73
-29
11
30
25
-2
-44
-98
-159
-217
-263
-294
-308
-312
-316
-329
-350
-368
-375
-370
-356
-341
-337
-358
-404
-462
-531
-623
-742
-865
-964
-1035
-1092
-1138
-1161
-1161
-1154
-1152
-1141
-1115
-1091
-1087
-1089
-1072
-1042
-1022
-1017
-1005
-983
-969
-965
-934
-845
-704
-522
-283
31
380
693
928
1094
1194
1200
1108
969
850
765
698
654
659
699
730
732
737
781
849
919
1006
1129
1266
1362
1396
1383
1331
1220
1052
881
760
687
632
594
591
609
593
513
391
256
104
-76
-256
-390
-466
-510
-540
-545
-522
-499
-497
-501
-482
-439
-397
-362
-322
-283
-274
-319
-404
-506
-617
-733
-825
-854
-813
-730
-630
-514
-378
-240
-126
-38
44
132
220
305
393
488
575
638
676
700
721
735
742
752
772
800
827
847
859
862
851
828
802
781
763
746
734
740
763
786
793
781
758
724
667
584
487
388
285
176
73
-13
-83
-152
-223
-281
-315
-332
-343
-350
-349
-342
-341
-345
-356
-384
-439
-518
-596
-661
-717
-766
-796
-798
-780
-754
-723
-682
-639
-609
-592
-573
-542
-503
-462
-412
-348
-276
-209
-150
-99
-62
-43
-34
-21
-6
2
8
24
53
82
99
110
123
135
143
154
184
232
288
349
419
492
554
591
600
586
552
508
463
424
386
348
311
281
251
216
173
128
91
68
65
80
107
140
170
189
187
167
138
108
75
38
9
-2
-5
-21
-53
-86
-118
-163
-226
-287
-327
-350
-367
-370
-347
-312
-289
-281
-269
-253
-257
-287
-318
-330
-341
-375
-421
-459
-501
-575
-674
-757
-810
-860
-925
-977
-990
-982
-991
-1019
-1040
-1055
-1087
-1136
-1164
-1153
-1127
-1109
-1081
-1022
-951
-906
-893
-885
-875
-877
-885
-851
-741
-566
-353
-102
195
502
753
917
1009
1049
1037
975
895
836
804
775
745
724
713
692
657
635
661
736
840
959
1093
1222
1310
1333
1299
1222
1106
956
805
698
646
621
597
573
553
517
436
313
174
34
-105
-233
-323
-364
-379
-400
-433
-462
-480
-497
-513
-508
-468
-407
-348
-296
-262
-266
-333
-451
-582
-697
-792
-864
-893
-858
-771
-659
-539
-409
-275
-154
-53
40
143
248
337
406
468
530
578
599
600
598
602
611
628
664
716
768
810
848
888
914
906
871
832
802
779
759
754
769
785
785
771
756
734
682
594
491
395
300
197
95
9
-63
-131
-193
-238
-266
-292
-320
-337
-335
-325
-324
-337
-359
-397
-463
-551
-641
-720
-789
-849
-882
-878
-844
-800
-757
-714
-671
-637
-615
-598
-576
-548
-513
-473
-428
-378
-331
-289
-253
-215
-172
-122
-70
-17
38
92
140
176
201
211
201
175
149
143
157
184
228
298
391
485
567
637
697
732
732
707
679
647
593
515
434
362
295
228
175
148
142
146
165
209
265
298
298
279
251
206
137
60
-2
-52
-101
-145
-165
-163
-161
-174
-188
-189
-186
-197
-224
-249
-265
-280
-303
-331
-355
-381
-417
-454
-475
-473
-463
-456
-445
-420
-393
-390
-421
-472
-532
-605
-694
-777
-829
-858
-892
-928
-939
-920
-907
-926
-954
-956
-943
-949
-973
-984
-979
-991
-1027
-1046
-1020
-984
-979
-986
-961
-909
-869
-838
-758
-602
-406
-198
49
350
647
865
1003
1106
1176
1165
1072
968
902
850
775
705
681
683
659
622
630
702
789
865
962
1100
1233
1299
1300
1273
1216
1102
944
805
714
641
561
499
476
461
402
293
170
53
-69
-197
-298
-350
-373
-396
-419
-426
-421
-425
-448
-464
-454
-421
-384
-350
-318
-300
-318
-381
-476
-582
-688
-786
-856
-871
-823
-732
-624
-504
-370
-233
-114
-20
69
164
255
329
396
468
538
580
590
592
602
607
600
598
624
674
725
769
816
860
882
872
854
845
841
828
815
821
845
862
855
833
801
747
659
554
456
370
282
190
107
44
-11
-74
-139
-189
-219
-244
-269
-285
-287
-287
-300
-326
-352
-383
-433
-507
-586
-655
-717
-776
-821
-833
-817
-794
-775
-750
-713
-680
-660
-638
-595
-533
-472
-417
-356
-289
-237
-216
-217
-222
-229
-247
-267
-266
-236
-191
-140
-73
16
113
200
274
341
400
435
443
443
451
463
473
483
503
528
544
545
546
558
579
597
612
633
653
651
614
550
473
389
297
212
153
126
120
124
140
171
198
201
183
159
135
100
51
2
-41
-89
-154
-223
-277
-318
-359
-396
-410
-397
-374
-356
-339
-316
-302
-310
-337
-370
-406
-456
-513
-559
-587
-608
-632
-655
-670
-685
-704
-723
-735
-747
-764
-782
-793
-800
-814
-837
-864
-893
-927
-961
-988
-1006
-1021
-1031
-1025
-1001
-974
-953
-929
-896
-865
-845
-832
-814
-795
-780
-748
-660
-504
-297
-53
227
530
807
1014
1147
1214
1213
1140
1028
926
850
780
708
656
633
614
583
562
585
650
738
853
1006
1174
1301
1358
1361
1325
1237
1092
926
781
666
566
487
443
421
382
310
224
141
48
-61
-163
-227
-258
-280
-299
-309
-320
-351
-398
-432
-434
-415
-391
-358
-315
-284
-292
-340
-416
-512
-624
-731
-803
-830
-821
-783
-710
-604
-479
-350
-219
-85
43
155
255
348
424
471
494
506
513
507
490
474
466
463
469
500
562
640
716
789
861
918
945
947
941
933
918
898
884
876
855
811
756
703
646
575
497
428
364
294
219
153
96
37
-29
-83
-117
-140
-166
-187
-194
-196
-211
-238
-267
-302
-359
-440
-526
-605
-683
-764
-829
-862
-871
-869
-857
-827
-787
-755
-731
-697
-644
-585
-529
-471
-405
-345
-307
-290
-281
-279
-290
-310
-319
-305
-276
-240
-192
-129
-61
-4
41
85
134
180
226
281
350
423
486
539
587
629
659
674
682
690
694
688
677
667
656
633
594
546
498
450
399
352
325
324
341
363
390
418
433
418
374
317
255
185
108
41
-3
-31
-66
-111
-158
-202
-250
-302
-335
-338
-320
-305
-294
-279
-267
-280
-324
-376
-415
-447
-483
-515
-526
-529
-543
-570
-592
-604
-625
-667
-712
-736
-746
-760
-774
-771
-750
-736
-737
-741
-738
-745
-776
-818
-843
-854
-871
-899
-922
-928
-934
-951
-968
-967
-948
-924
-894
-848
-788
-740
-719
-706
-666
-584
-461
-294
-73
197
482
742
953
1104
1181
1171
1090
982
883
796
710
634
584
560
538
511
499
522
577
655
771
931
1107
1247
1324
1353
1340
1267
1129
961
806
673
554
459
408
386
354
294
227
166
94
-6
-109
-177
-207
-225
-240
-244
-243
-261
-306
-349
-362
-353
-345
-335
-303
-257
-234
-258
-323
-412
-524
-650
-761
-823
-831
-803
-747
-652
-519
-371
-236
-117
0
118
225
313
386
445
478
477
456
434
415
389
360
350
373
422
484
557
642
731
807
866
912
944
951
932
906
885
863
828
784
740
696
647
594
543
489
426
355
291
237
185
126
66
13
-34
-74
-106
-126
-141
-155
-166
-171
-181
-208
-258
-323
-399
-486
-580
-670
-752
-828
-891
-924
-923
-903
-878
-844
-793
-731
-668
-605
-536
-468
-418
-386
-357
-329
-316
-330
-356
-377
-389
-397
-395
-371
-323
-263
-196
-117
-30
51
111
156
199
245
289
327
367
410
453
494
535
579
620
652
670
681
682
667
633
584
529
475
424
382
352
336
333
342
368
407
448
479
495
497
479
436
366
277
177
70
-31
-113
-167
-201
-227
-248
-258
-256
-252
-247
-233
-211
-192
-183
-181
-181
-195
-233
-289
-344
-394
-449
-507
-553
-582
-605
-628
-637
-623
-607
-609
-620
-622
-620
-636
-666
-683
-680
-681
-699
-712
-703
-700
-732
-778
-800
-803
-824
-863
-882
-868
-862
-890
-918
-913
-899
-912
-931
-905
-843
-802
-796
-776
-721
-666
-635
-586
-466
-297
-125
59
292
553
768
905
1000
1073
1084
1006
886
783
693
586
486
441
450
461
469
519
629
758
869
978
1107
1226
1289
1301
1290
1248
1144
987
826
689
563
436
334
277
248
223
200
186
165
119
54
-9
-65
-120
-175
-219
-250
-277
-299
-309
-314
-323
-333
-327
-309
-304
-320
-349
-391
-461
-557
-652
-725
-781
-827
-840
-797
-707
-604
-492
-353
-192
-35
99
221
329
399
415
401
385
367
328
280
249
243
247
258
295
363
444
527
624
742
862
952
1007
1040
1053
1036
991
938
890
836
769
698
635
572
497
413
341
287
245
205
173
150
131
104
72
43
21
-3
-33
-62
-88
-117
-158
-214
-279
-351
-433
-524
-618
-707
-790
-862
-914
-941
-943
-924
-887
-833
-768
-702
-639
-581
-528
-486
-453
-425
-400
-384
-384
-393
-406
-423
-447
-469
-475
-458
-421
-366
-289
-191
-87
8
93
179
260
326
373
414
455
491
516
538
566
590
597
594
595
602
604
595
586
580
568
547
529
522
521
513
506
515
540
561
573
582
586
567
518
452
381
298
194
86
-4
-74
-135
-191
-226
-239
-245
-252
-251
-236
-219
-210
-205
-196
-188
-196
-219
-251
-290
-340
-401
-465
-532
-601
-660
-696
-710
-717
-718
-709
-697
-692
-691
-676
-652
-641
-648
-649
-632
-617
-627
-651
-670
-691
-729
-769
-781
-774
-785
-821
-848
-849
-852
-874
-892
-882
-861
-856
-851
-814
-762
-737
-735
-711
-648
-581
-522
-435
-294
-126
37
209
413
615
755
827
868
888
853
761
663
602
561
515
479
482
506
516
520
564
660
776
891
1015
1152
1266
1318
1306
1248
1151
1009
847
705
598
512
433
369
324
287
246
203
165
133
101
72
54
46
35
13
-18
-55
-99
-153
-214
-273
-322
-358
-380
-386
-384
-385
-405
-449
-513
-585
-657
-720
-759
-759
-714
-634
-532
-417
-299
-191
-101
-26
44
112
172
219
254
278
286
273
243
208
179
163
168
201
267
362
473
589
704
813
906
974
1014
1030
1026
1003
961
912
860
806
746
680
617
558
501
447
403
371
348
329
316
310
300
278
245
208
164
109
51
3
-34
-72
-114
-155
-199
-260
-348
-447
-541
-628
-711
-780
-816
-820
-809
-790
-758
-710
-662
-625
-591
-546
-498
-463
-445
-436
-434
-451
-487
-529
-565
-595
-619
-624
-597
-540
-463
-369
-255
-130
-11
94
182
252
295
311
317
325
335
341
350
370
396
420
443
478
524
571
617
671
734
785
810
809
793
763
717
666
626
599
575
557
555
569
580
575
555
525
477
407
330
257
182
98
18
-38
-70
-97
-121
-132
-128
-125
-128
-120
-94
-74
-82
-110
-143
-188
-262
-358
-452
-535
-617
-696
-750
-769
-770
-769
-757
-725
-686
-656
-632
-606
-585
-580
-589
-602
-621
-659
-707
-751
-791
-838
-887
-918
-926
-924
-915
-886
-838
-800
-787
-781
-762
-743
-744
-751
-738
-712
-696
-686
-660
-620
-600
-609
-610
-576
-519
-453
-359
-213
-36
138
312
502
689
823
887
911
918
891
822
742
683
630
560
492
464
478
500
522
577
680
804
919
1028
1140
1227
1252
1218
1156
1081
977
839
696
576
475
377
290
236
211
193
174
164
169
173
157
128
99
72
34
-18
-70
-116
-161
-214
-265
-304
-334
-362
-386
-400
-408
-426
-461
-508
-558
-605
-645
-663
-652
-614
-558
-486
-395
-293
-197
-114
-44
20
70
106
131
147
148
129
99
76
67
72
93
133
196
278
374
483
597
706
803
883
944
981
993
977
935
872
797
724
661
607
560
522
493
471
453
442
438
438
440
445
449
444
422
383
327
252
166
81
5
-67
-137
-201
-253
-300
-353
-412
-464
-509
-556
-604
-639
-654
-663
-677
-688
-682
-664
-653
-651
-642
-624
-612
-614
-616
-605
-595
-600
-614
-622
-624
-634
-651
-656
-634
-593
-540
-470
-376
-269
-168
-81
1
77
139
182
219
256
290
310
319
324
328
328
328
340
371
418
475
547
634
725
805
865
912
945
956
939
901
854
802
739
673
615
569
522
465
407
362
330
300
270
250
247
250
247
238
226
201
151
82
14
-40
-89
-144
-201
-249
-290
-338
-393
-445
-489
-539
-598
-648
-672
-681
-695
-711
-710
-691
-678
-677
-673
-658
-654
-676
-701
-703
-695
-709
-743
-763
-771
-803
-867
-923
-946
-959
-986
-997
-958
-895
-862
-853
-819
-757
-721
-728
-730
-694
-660
-668
-688
-673
-646
-663
-712
-721
-672
-618
-583
-516
-373
-190
-15
170
397
627
781
848
885
909
879
780
667
589
526
450
387
375
395
399
393
434
539
669
793
923
1064
1174
1213
1192
1143
1068
946
789
641
529
442
366
308
276
261
244
226
218
221
225
219
205
188
171
150
116
64
2
-62
-128
-198
-261
-300
-316
-324
-334
-342
-345
-359
-401
-455
-498
-527
-551
-566
-551
-503
-442
-385
-327
-259
-195
-153
-125
-90
-46
-14
-2
2
11
18
16
12
20
41
65
100
162
254
361
466
565
661
744
804
841
856
847
811
755
696
643
592
539
487
445
415
398
395
403
420
440
460
481
500
511
506
476
421
347
265
180
89
-5
-89
-155
-209
-259
-307
-345
-380
-421
-467
-499
-510
-511
-518
-525
-521
-513
-520
-544
-572
-594
-619
-650
-673
-677
-669
-668
-674
-674
-666
-664
-669
-668
-653
-627
-596
-553
-490
-414
-340
-274
-211
-149
-97
-56
-22
14
50
82
114
149
188
226
258
288
319
356
400
452
509
571
634
694
746
791
825
842
838
819
793
765
736
706
676
647
615
579
543
507
466
418
374
345
332
324
318
314
305
284
248
204
157
101
33
-38
-102
-158
-214
-274
-334
-391
-444
-489
-521
-540
-552
-557
-553
-541
-527
-519
-520
-532
-558
-598
-645
-695
-743
-794
-843
-880
-899
-906
-912
-920
-923
-916
-905
-892
-877
-853
-827
-810
-804
-797
-790
-795
-822
-854
-868
-863
-854
-847
-827
-796
-773
-766
-753
-716
-668
-625
-565
-453
-290
-113
62
244
431
581
669
718
757
768
723
640
571
526
473
401
349
337
338
334
356
441
568
687
796
922
1057
1149
1176
1167
1143
1075
948
799
678
581
477
372
308
289
276
249
238
264
298
306
305
325
357
361
329
287
246
183
89
-10
-84
-140
-195
-247
-276
-286
-298
-319
-336
-340
-344
-356
-364
-356
-336
-316
-297
-270
-239
-213
-197
-181
-162
-148
-148
-155
-158
-154
-143
-127
-102
-69
-33
2
39
84
138
202
272
348
432
518
596
654
688
697
685
655
615
575
541
513
487
466
454
449
446
446
456
476
499
520
541
562
573
562
532
491
439
369
285
198
118
40
-39
-110
-160
-191
-218
-244
-262
-272
-285
-305
-324
-335
-346
-365
-389
-412
-438
-475
-524
-574
-620
-662
-697
-715
-713
-703
-695
-684
-663
-636
-616
-600
-579
-549
-520
-495
-467
-434
-402
-379
-362
-340
-309
-276
-246
-213
-172
-122
-66
-4
61
130
199
263
321
375
425
471
508
540
572
603
626
639
642
641
633
620
607
602
602
603
604
609
615
612
597
578
564
551
533
511
493
476
449
410
367
323
272
209
144
88
38
-9
-56
-94
-124
-148
-167
-183
-198
-215
-238
-265
-294
-325
-357
-388
-420
-456
-492
-529
-572
-622
-672
-714
-749
-780
-800
-803
-795
-790
-790
-784
-773
-773
-789
-802
-798
-795
-812
-841
-860
-870
-894
-934
-962
-964
-965
-978
-982
-951
-901
-866
-843
-799
-732
-671
-625
-566
-477
-380
-294
-198
-67
78
196
280
359
433
470
461
438
428
416
382
349
352
381
401
410
445
522
610
685
767
874
983
1057
1096
1124
1140
1116
1045
962
890
815
723
634
578
551
532
516
525
555
581
587
589
604
615
598
560
526
496
447
373
291
218
145
65
-8
-53
-75
-96
-124
-146
-157
-168
-193
-224
-250
-267
-282
-295
-296
-285
-272
-265
-261
-251
-238
-233
-236
-240
-241
-240
-241
-238
-225
-204
-185
-170
-148
-114
-74
-36
7
66
136
201
254
303
352
387
396
388
381
377
366
347
336
340
345
343
343
359
384
400
410
424
442
453
451
446
439
421
383
337
292
246
189
126
71
30
-7
-42
-70
-88
-106
-131
-161
-185
-205
-225
-249
-273
-293
-310
-331
-359
-392
-425
-455
-486
-518
-546
-564
-576
-589
-602
-605
-600
-594
-591
-581
-558
-529
-504
-477
-439
-396
-358
-323
-283
-240
-208
-186
-160
-123
-86
-59
-33
6
49
83
113
153
204
251
293
343
406
469
518
556
590
617
630
632
633
633
629
620
612
608
600
587
571
554
535
516
500
489
477
462
445
426
403
374
338
295
242
182
126
75
23
-29
-76
-118
-161
-211
-261
-301
-341
-387
-435
-467
-483
-500
-525
-549
-569
-594
-630
-670
-703
-733
-771
-812
-842
-860
-876
-896
-911
-919
-924
-928
-926
-914
-901
-896
-894
-884
-868
-856
-853
-852
-849
-849
-856
-862
-860
-851
-844
-838
-827
-810
-795
-787
-782
-767
-732
-675
-594
-487
-356
-208
-56
87
212
312
379
413
420
409
381
337
281
224
173
136
118
126
162
223
308
417
547
683
804
903
979
1033
1060
1053
1015
952
869
775
684
612
565
538
523
522
541
575
615
650
677
699
715
726
730
725
706
667
612
553
498
449
406
367
336
309
284
259
232
199
158
110
67
31
0
-31
-59
-76
-80
-75
-65
-49
-29
-12
-7
-14
-30
-53
-87
-126
-163
-190
-211
-232
-252
-265
-264
-250
-222
-179
-123
-57
12
80
143
193
221
226
218
205
190
169
145
124
106
91
82
88
111
139
166
197
241
289
328
353
371
384
385
370
350
329
300
255
201
155
114
71
28
-8
-34
-61
-89
-109
-117
-125
-140
-154
-156
-155
-161
-172
-179
-185
-204
-240
-278
-312
-347
-389
-432
-465
-493
-524
-554
-575
-584
-587
-587
-574
-546
-506
-462
-415
-370
-334
-311
-294
-276
-256
-238
-223
-206
-185
-161
-138
-111
-77
-34
12
61
118
183
249
307
354
399
445
489
524
552
578
598
607
605
602
607
615
623
632
643
651
650
638
623
607
591
575
565
559
551
537
518
490
452
407
362
322
285
245
201
154
100
39
-26
-89
-149
-207
-263
-312
-358
-402
-443
-475
-504
-534
-563
-587
-610
-642
-683
-725
-764
-804
-849
-887
-915
-940
-972
-1009
-1039
-1062
-1082
-1092
-1082
-1057
-1032
-1013
-993
-974
-970
-981
-996
-1003
-1008
-1019
-1022
-1009
-990
-984
-985
-973
-948
-927
-913
-889
-842
-780
-711
-623
-501
-354
-201
-52
96
234
339
399
426
435
432
417
397
382
372
361
349
345
353
375
417
484
583
708
844
974
1082
1162
1210
1226
1212
1172
1113
1041
964
889
823
770
728
701
688
691
706
729
750
764
769
769
768
765
751
725
690
645
589
520
448
384
331
288
255
235
222
204
167
116
60
7
-44
-92
-128
-148
-154
-156
-158
-157
-152
-143
-137
-134
-128
-121
-121
-135
-157
-179
-201
-226
-253
-274
-285
-288
-284
-270
-240
-193
-132
-60
22
105
174
223
251
260
251
229
203
183
167
154
147
149
156
164
174
194
228
270
316
363
408
439
452
446
427
396
355
312
270
230
190
153
122
96
70
45
26
12
-1
-16
-32
-48
-69
-99
-134
-166
-191
-214
-238
-263
-287
-308
-327
-343
-356
-366
-376
-389
-409
-435
-466
-502
-544
-586
-617
-627
-617
-595
-564
-525
-483
-443
-406
-368
-327
-285
-245
-205
-165
-133
-113
-107
-109
-112
-108
-94
-69
-32
18
80
147
213
279
346
410
466
513
556
594
618
623
619
617
617
610
598
588
585
582
576
575
583
598
612
621
627
624
609
577
532
481
430
386
347
309
270
234
198
156
103
46
-6
-52
-100
-151
-202
-247
-296
-355
-418
-473
-516
-557
-602
-646
-678
-703
-732
-767
-795
-813
-833
-866
-907
-943
-976
-1017
-1064
-1101
-1118
-1123
-1125
-1120
-1104
-1088
-1085
-1092
-1092
-1082
-1071
-1068
-1063
-1053
-1043
-1041
-1040
-1031
-1017
-1007
-997
-975
-937
-892
-844
-785
-704
-602
-483
-350
-202
-55
71
168
239
287
311
313
308
305
304
299
294
295
303
313
332
376
447
538
640
752
870
974
1046
1087
1107
1108
1087
1048
1001
954
905
852
807
778
764
759
757
762
773
786
793
792
786
780
771
759
743
723
694
652
597
536
481
438
400
367
342
322
295
254
200
143
86
26
-29
-67
-85
-93
-100
-103
-100
-97
-98
-101
-99
-94
-95
-104
-115
-126
-143
-164
-186
-204
-223
-243
-257
-259
-250
-235
-210
-169
-113
-51
7
61
111
146
158
157
157
160
158
152
149
154
159
157
152
154
161
168
179
201
237
276
305
323
334
334
321
298
272
248
221
193
170
152
134
110
80
47
13
-23
-57
-84
-99
-110
-123
-137
-147
-153
-164
-182
-199
-212
-227
-251
-278
-297
-311
-331
-362
-394
-425
-458
-497
-534
-560
-574
-580
-576
-552
-510
-462
-417
-376
-340
-311
-290
-269
-247
-227
-212
-200
-186
-174
-166
-158
-145
-125
-96
-56
-1
65
133
198
258
312
359
399
432
459
479
492
500
507
513
522
535
549
561
570
578
586
592
597
600
603
606
604
595
579
558
529
492
452
415
382
353
325
297
269
237
197
150
98
44
-11
-66
-117
-168
-219
-272
-324
-373
-419
-464
-507
-547
-583
-616
-644
-668
-692
-718
-744
-769
-800
-836
-875
-914
-953
-990
-1017
-1030
-1036
-1042
-1046
-1041
-1032
-1031
-1037
-1038
-1030
-1025
-1028
-1026
-1015
-1005
-1008
-1013
-1005
-986
-975
-973
-961
-930
-892
-856
-808
-736
-643
-542
-431
-301
-163
-42
45
107
154
183
192
190
190
193
192
188
192
206
225
251
294
363
453
552
658
765
860
930
972
995
1003
990
962
930
900
866
825
786
760
751
750
756
773
797
818
826
825
823
820
811
799
790
784
773
749
710
661
610
561
517
482
457
434
405
364
316
266
215
165
118
83
61
49
44
42
42
39
30
19
11
6
-1
-16
-36
-61
-92
-125
-156
-179
-196
-211
-222
-225
-220
-210
-194
-164
-119
-67
-18
26
65
94
105
102
96
91
84
73
67
71
78
76
72
76
88
100
114
137
171
201
219
231
245
252
246
229
217
208
196
177
159
146
128
101
73
50
32
11
-12
-31
-46
-62
-77
-91
-100
-109
-119
-132
-148
-164
-181
-198
-216
-235
-253
-273
-294
-317
-341
-365
-393
-421
-446
-464
-476
-479
-470
-450
-426
-403
-379
-356
-338
-327
-315
-295
-274
-257
-240
-214
-185
-161
-143
-120
-91
-64
-40
-10
32
79
120
157
197
237
269
290
310
335
363
387
411
441
474
503
523
539
553
562
563
556
548
542
536
527
517
511
506
499
485
469
453
436
417
397
378
359
335
303
266
223
174
117
59
0
-56
-106
-148
-182
-215
-249
-283
-317
-354
-398
-442
-480
-513
-547
-584
-618
-650
-686
-728
-768
-799
-824
-852
-883
-905
-917
-927
-940
-950
-951
-948
-951
-959
-964
-967
-976
-995
-1013
-1017
-1013
-1007
-999
-981
-956
-936
-926
-918
-905
-889
-872
-844
-796
-727
-648
-563
-472
-377
-288
-215
-155
-103
-60
-29
-6
16
41
60
73
85
101
118
134
158
202
264
336
414
502
595
673
728
768
799
818
820
811
807
808
804
794
789
794
799
794
786
787
795
802
805
811
825
839
845
846
844
840
824
794
760
730
703
673
642
615
592
564
524
475
422
370
316
266
230
208
193
178
165
161
157
146
129
112
98
81
60
41
25
4
-23
-51
-74
-96
-121
-147
-166
-178
-182
-177
-161
-135
-104
-75
-48
-23
-5
3
4
3
6
13
20
28
38
48
52
46
34
24
20
18
20
33
59
85
104
118
132
146
150
144
141
144
146
142
136
132
123
104
75
43
13
-14
-41
-63
-77
-84
-88
-90
-90
-88
-89
-97
-109
-124
-140
-159
-179
-197
-213
-231
-251
-272
-292
-316
-346
-373
-392
-400
-403
-400
-389
-371
-357
-354
-356
-359
-362
-365
-364
-350
-322
-288
-256
-223
-188
-153
-125
-103
-81
-57
-33
-12
7
25
40
52
63
77
97
124
158
195
234
276
322
370
417
457
493
522
539
540
530
515
499
481
463
450
445
446
446
440
433
428
423
415
407
404
403
398
382
356
323
283
236
185
137
94
56
17
-24
-65
-103
-142
-186
-232
-274
-312
-351
-390
-426
-458
-491
-527
-560
-587
-611
-638
-667
-695
-726
-762
-795
-820
-839
-860
-882
-899
-912
-930
-951
-970
-982
-994
-1008
-1017
-1013
-1002
-994
-988
-977
-962
-953
-951
-945
-933
-918
-905
-883
-845
-792
-731
-660
-576
-486
-403
-334
-274
-219
-172
-139
-111
-82
-55
-36
-23
-8
10
27
44
71
118
180
251
331
417
500
570
628
680
724
755
773
786
796
799
794
789
788
790
791
792
801
815
828
836
844
853
859
860
862
869
879
881
872
856
834
806
776
747
720
692
663
631
595
555
511
463
411
359
314
280
255
233
217
207
197
182
166
152
141
126
106
87
70
49
23
-4
-29
-53
-80
-106
-126
-138
-143
-145
-142
-132
-117
-100
-82
-63
-44
-30
-21
-15
-7
1
6
11
17
25
29
28
26
25
22
15
10
14
23
32
43
58
78
92
97
98
102
107
108
105
103
100
91
71
50
32
15
-8
-32
-49
-58
-67
-79
-88
-91
-93
-102
-113
-120
-127
-140
-162
-185
-205
-225
-247
-268
-281
-289
-299
-316
-333
-343
-352
-363
-374
-374
-367
-362
-361
-360
-356
-355
-358
-358
-347
-329
-310
-287
-258
-227
-201
-178
-156
-134
-115
-98
-81
-63
-50
-41
-28
-10
12
34
59
89
123
158
196
236
275
309
338
363
387
404
412
413
411
404
396
390
390
393
393
393
397
402
404
402
401
401
396
384
370
355
336
309
279
251
226
200
171
142
114
84
50
13
-23
-60
-100
-146
-194
-240
-281
-320
-358
-393
-421
-442
-463
-485
-505
-522
-543
-569
-596
-619
-640
-666
-696
-725
-753
-783
-814
-842
-866
-889
-909
-924
-937
-949
-960
-964
-961
-959
-960
-957
-947
-939
-938
-936
-921
-895
-866
-831
-780
-714
-648
-592
-539
-485
-436
-399
-367
-333
-300
-275
-255
-232
-207
-188
-170
-146
-112
-75
-34
21
92
164
229
293
360
427
481
524
563
600
627
643
654
671
692
709
718
725
738
752
760
762
768
782
800
812
823
841
863
877
880
880
881
880
869
853
838
823
802
772
739
708
672
628
579
531
488
447
407
375
353
335
317
299
284
270
252
228
205
187
173
157
139
123
108
88
58
23
-9
-36
-60
-84
-100
-106
-109
-115
-121
-118
-109
-103
-103
-100
-91
-80
-73
-65
-52
-37
-28
-25
-22
-19
-22
-33
-43
-46
-45
-42
-38
-29
-15
-3
1
0
2
6
8
9
15
29
42
44
39
36
34
24
6
-9
-16
-19
-27
-39
-45
-47
-54
-70
-87
-101
-114
-136
-161
-181
-192
-201
-210
-215
-215
-214
-221
-233
-244
-252
-262
-272
-278
-281
-283
-289
-296
-302
-310
-321
-331
-333
-327
-316
-303
-285
-263
-242
-225
-211
-197
-181
-166
-155
-143
-126
-106
-89
-73
-50
-21
7
28
47
68
92
110
126
147
172
195
214
231
248
263
274
284
297
313
330
348
366
381
391
397
399
395
387
377
369
361
350
338
328
319
308
293
279
266
250
232
214
194
173
146
120
95
70
41
9
-23
-58
-97
-136
-170
-199
-230
-264
-294
-319
-347
-380
-412
-439
-463
-489
-513
-530
-545
-565
-589
-611
-630
-652
-679
-705
-728
-753
-781
-809
-831
-848
-866
-884
-894
-894
-891
-891
-890
-884
-874
-863
-848
-821
-779
-732
-689
-645
-599
-555
-518
-488
-457
-423
-393
-368
-342
-316
-294
-280
-266
-244
-215
-185
-151
-105
-49
6
56
107
164
222
274
321
370
421
461
487
510
538
566
587
604
626
654
679
693
703
714
725
733
742
758
782
803
818
826
833
840
844
845
844
843
838
826
810
792
768
737
703
670
639
605
570
539
511
481
449
422
405
392
375
355
337
318
294
265
239
220
203
184
165
146
125
100
73
47
25
5
-9
-19
-26
-33
-42
-51
-58
-65
-69
-68
-60
-53
-50
-48
-44
-39
-35
-34
-32
-31
-31
-36
-41
-45
-48
-52
-53
-49
-39
-27
-18
-13
-12
-12
-13
-11
-7
-1
6
11
13
13
9
1
-10
-21
-28
-31
-34
-41
-48
-55
-65
-78
-90
-98
-106
-117
-130
-142
-151
-161
-172
-179
-181
-181
-184
-190
-197
-208
-222
-238
-251
-258
-260
-259
-257
-255
-253
-257
-264
-269
-268
-262
-254
-243
-228
-213
-202
-196
-192
-185
-175
-166
-154
-136
-117
-100
-88
-75
-60
-43
-28
-12
7
27
44
56
67
80
95
112
132
156
179
197
213
226
237
244
251
261
271
280
288
294
295
291
282
274
269
266
265
265
267
265
258
249
240
232
221
206
191
176
159
137
113
90
67
42
16
-8
-27
-49
-77
-109
-139
-164
-189
-215
-240
-263
-284
-309
-336
-360
-381
-402
-425
-447
-462
-472
-486
-509
-535
-558
-581
-608
-636
-659
-680
-702
-726
-745
-756
-766
-778
-787
-790
-788
-787
-785
-778
-768
-756
-741
-718
-685
-649
-612
-575
-536
-497
-462
-433
-406
-380
-357
-337
-318
-299
-279
-260
-244
-226
-203
-174
-141
-106
-67
-20
31
81
127
172
218
262
301
334
370
406
438
464
489
518
547
568
583
602
624
641
652
662
673
683
689
696
710
725
737
746
755
763
767
767
766
764
759
751
742
732
715
690
660
628
596
563
531
503
480
459
436
414
393
371
348
328
310
293
276
258
242
225
204
184
168
152
133
115
102
91
73
50
30
16
4
-12
-26
-33
-37
-45
-58
-66
-67
-66
-67
-68
-63
-53
-46
-47
-50
-52
-55
-62
-70
-74
-72
-71
-73
-74
-72
-70
-70
-70
-68
-64
-61
-60
-58
-55
-55
-58
-59
-57
-56
-59
-64
-68
-71
-76
-83
-89
-93
-97
-103
-111
-119
-127
-139
-154
-168
-177
-182
-187
-193
-195
-193
-193
-197
-201
-205
-209
-214
-218
-220
-220
-222
-226
-230
-232
-232
-233
-234
-233
-227
-221
-213
-204
-194
-184
-175
-164
-152
-140
-130
-121
-112
-102
-91
-81
-70
-59
-48
-36
-24
-13
-2
7
18
29
40
50
63
78
91
103
115
129
142
152
161
174
187
196
200
203
207
207
204
199
195
191
183
175
169
166
162
155
149
146
143
136
125
117
108
95
76
60
48
35
16
-6
-25
-42
-65
-91
-115
-133
-151
-174
-197
-215
-229
-249
-275
-299
-316
-331
-350
-369
-379
-385
-399
-419
-435
-444
-457
-480
-504
-521
-538
-563
-593
-613
-624
-637
-656
-668
-669
-667
-673
-680
-679
-670
-661
-652
-634
-602
-565
-535
-508
-478
-448
-424
-407
-389
-366
-341
-322
-307
-289
-269
-256
-248
-238
-218
-193
-169
-145
-111
-70
-32
0
36
80
124
159
189
224
262
295
318
341
373
406
430
449
472
499
516
522
530
545
562
573
583
600
620
633
638
645
654
660
660
663
670
678
677
673
669
663
649
629
610
592
572
547
525
508
492
473
453
438
424
407
385
365
348
331
315
300
288
277
264
251
237
221
202
182
164
149
136
125
115
105
94
81
67
55
42
29
17
8
0
-4
-7
-9
-10
-10
-11
-13
-17
-22
-28
-33
-37
-39
-40
-39
-38
-36
-38
-44
-49
-53
-56
-60
-60
-57
-52
-50
-50
-51
-51
-54
-60
-67
-70
-72
-74
-76
-77
-77
-79
-84
-90
-97
-105
-116
-129
-140
-149
-157
-164
-168
-168
-167
-170
-175
-179
-181
-184
-187
-187
-182
-177
-175
-174
-173
-173
-179
-186
-191
-191
-188
-184
-179
-172
-164
-155
-147
-140
-132
-124
-117
-110
-101
-90
-80
-72
-63
-53
-41
-30
-20
-10
-2
5
10
18
28
38
47
56
64
71
77
83
89
97
108
121
134
148
162
174
181
185
188
190
190
186
182
177
170
161
151
143
137
131
124
117
111
106
100
92
82
75
70
64
55
45
35
19
-2
-24
-42
-57
-75
-93
-105
-117
-134
-156
-178
-197
-218
-239
-256
-270
-282
-295
-309
-323
-335
-347
-359
-372
-382
-388
-395
-406
-422
-439
-456
-475
-493
-507
-517
-526
-534
-542
-546
-551
-556
-560
-561
-558
-549
-534
-516
-499
-481
-461
-439
-418
-399
-379
-359
-341
-324
-307
-288
-270
-256
-242
-226
-210
-194
-178
-161
-142
-122
-100
-75
-45
-13
17
45
74
105
132
154
176
204
234
261
286
312
342
366
381
394
411
428
438
446
460
479
496
506
517
531
542
548
551
557
565
569
572
576
581
584
583
580
576
568
556
542
527
514
500
485
472
462
453
440
426
411
396
378
359
343
332
323
312
301
290
280
267
251
233
216
203
191
180
172
165
159
151
139
127
115
103
90
78
67
60
54
47
41
36
31
26
20
13
5
-1
-6
-11
-14
-16
-17
-19
-21
-23
-26
-30
-34
-37
-39
-40
-40
-38
-37
-38
-39
-42
-44
-49
-56
-63
-67
-69
-70
-72
-74
-74
-75
-79
-87
-95
-102
-110
-119
-127
-130
-131
-134
-137
-139
-141
-144
-148
-151
-153
-154
-154
-151
-148
-148
-149
-150
-151
-154
-157
-160
-160
-160
-161
-159
-154
-146
-139
-132
-124
-117
-111
-108
-105
-102
-98
-92
-85
-77
-68
-57
-48
-41
-35
-30
-25
-20
-13
-5
3
9
14
17
19
20
24
29
34
42
52
64
74
85
96
106
113
118
123
126
123
116
108
100
91
82
76
72
69
63
57
51
45
39
33
26
22
20
17
12
3
-7
-18
-33
-49
-62
-71
-83
-97
-111
-121
-134
-153
-172
-189
-205
-223
-241
-256
-268
-281
-295
-306
-312
-316
-321
-328
-335
-341
-346
-355
-366
-375
-383
-393
-406
-418
-427
-436
-448
-460
-467
-471
-473
-475
-472
-467
-463
-460
-455
-448
-439
-428
-413
-395
-376
-356
-334
-314
-296
-279
-262
-248
-237
-224
-208
-191
-178
-165
-150
-135
-124
-112
-96
-78
-60
-42
-17
11
39
65
91
115
138
159
180
201
222
245
266
285
302
320
338
351
360
371
383
392
398
403
413
422
429
436
446
458
469
476
481
486
490
492
493
495
499
502
499
492
483
474
459
439
424
416
410
400
391
386
380
367
349
337
329
316
300
288
283
276
264
251
243
236
226
215
207
201
191
177
163
152
144
134
123
114
106
97
84
70
57
48
40
34
32
34
33
28
22
15
7
-4
-13
-20
-23
-26
-28
-30
-32
-35
-39
-42
-43
-44
-46
-48
-51
-53
-56
-58
-62
-65
-68
-70
-74
-78
-81
-87
-92
-96
-96
-95
-94
-93
-93
-97
-103
-111
-117
-122
-127
-129
-128
-127
-129
-133
-137
-140
-144
-147
-148
-147
-144
-142
-140
-137
-136
-137
-138
-138
-135
-131
-128
-125
-122
-119
-117
-113
-108
-102
-97
-93
-91
-88
-87
-86
-85
-82
-79
-75
-69
-62
-56
-52
-48
-41
-32
-21
-9
4
16
23
27
29
28
25
20
16
13
11
10
11
12
13
14
18
24
30
35
41
46
47
45
44
42
40
37
33
28
23
16
7
-2
-10
-17
-25
-32
-39
-46
-55
-67
-81
-92
-103
-113
-121
-125
-128
-132
-138
-144
-150
-158
-168
-178
-188
-197
-206
-216
-227
-238
-248
-257
-265
-271
-275
-278
-283
-289
-294
-297
-300
-302
-303
-303
-305
-308
-312
-316
-323
-328
-331
-332
-331
-329
-326
-324
-323
-324
-323
-318
-309
-298
-284
-267
-250
-235
-223
-209
-194
-179
-166
-151
-135
-120
-109
-103
-99
-95
-90
-85
-74
-57
-38
-22
-9
6
24
41
56
74
95
116
134
150
168
184
196
206
220
237
253
266
275
281
286
288
289
292
298
306
315
324
332
340
346
350
356
365
377
388
398
405
409
406
399
390
380
371
363
357
352
344
334
324
316
308
301
296
292
290
287
283
277
270
264
258
254
250
247
243
235
224
212
202
193
183
176
172
168
161
152
140
130
120
112
107
106
106
106
104
99
93
85
75
66
58
52
46
39
31
23
16
10
5
2
0
-1
-1
-1
0
-2
-5
-7
-8
-9
-10
-13
-17
-23
-31
-38
-45
-51
-56
-60
-63
-65
-68
-71
-75
-80
-83
-85
-84
-82
-81
-81
-82
-83
-84
-87
-89
-90
-93
-97
-101
-105
-108
-113
-117
-120
-120
-121
-122
-120
-116
-114
-113
-110
-104
-98
-94
-89
-83
-78
-76
-75
-72
-68
-67
-66
-63
-60
-57
-56
-56
-55
-54
-53
-53
-52
-51
-49
-48
-45
-41
-35
-31
-27
-20
-13
-6
0
6
11
13
14
16
18
17
13
9
7
4
-1
-5
-9
-14
-19
-24
-25
-24
-25
-26
-26
-23
-22
-21
-21
-21
-24
-28
-34
-40
-48
-56
-63
-72
-81
-91
-100
-109
-119
-128
-134
-140
-145
-151
-156
-160
-164
-169
-175
-181
-187
-193
-200
-205
-209
-213
-218
-222
-223
-224
-225
-229
-233
-237
-241
-248
-254
-257
-258
-259
-260
-258
-255
-254
-255
-254
-252
-249
-247
-246
-245
-243
-240
-237
-232
-225
-215
-204
-192
-179
-167
-155
-144
-135
-125
-114
-104
-95
-89
-85
-85
-85
-86
-86
-82
-72
-60
-45
-29
-13
4
18
32
47
63
78
92
104
117
127
135
141
148
155
164
172
179
186
191
195
199
204
211
220
228
235
241
246
249
252
255
260
268
276
285
293
299
302
301
297
293
290
286
282
278
273
268
261
254
248
245
243
240
238
237
237
234
231
229
228
226
224
221
219
215
207
198
191
186
182
179
177
176
173
166
157
147
139
131
125
121
118
116
112
107
101
96
91
86
82
79
77
73
67
62
57
53
49
45
41
36
31
27
23
19
14
12
11
10
8
4
0
-6
-14
-20
-24
-25
-27
-30
-33
-36
-40
-44
-49
-54
-57
-60
-64
-70
-74
-79
-85
-89
-92
-92
-92
-94
-96
-97
-97
-98
-99
-99
-98
-96
-96
-96
-96
-98
-101
-103
-104
-102
-100
-99
-99
-99
-99
-102
-105
-106
-106
-107
-106
-103
-99
-96
-93
-89
-82
-74
-67
-60
-55
-50
-49
-49
-49
-49
-52
-55
-59
-61
-62
-64
-65
-66
-65
-63
-60
-56
-51
-46
-40
-35
-29
-25
-23
-22
-21
-21
-22
-25
-28
-31
-36
-41
-46
-51
-57
-66
-72
-75
-78
-83
-86
-89
-90
-94
-97
-97
-97
-98
-99
-98
-97
-97
-99
-102
-105
-107
-110
-115
-121
-127
-134
-140
-146
-153
-157
-159
-161
-164
-164
-163
-162
-162
-161
-158
-154
-153
-153
-155
-157
-160
-163
-165
-166
-165
-165
-165
-166
-166
-165
-164
-163
-161
-157
-154
-153
-153
-151
-149
-147
-146
-141
-134
-126
-120
-114
-107
-100
-94
-87
-78
-68
-62
-57
-55
-53
-53
-52
-51
-48
-43
-35
-26
-16
-8
1
9
16
22
29
35
41
46
51
57
61
66
71
77
82
88
94
100
105
112
121
130
139
146
154
160
163
164
164
164
166
168
171
175
180
183
186
188
192
195
198
201
204
208
210
211
212
213
214
215
215
215
214
209
204
201
197
193
191
189
187
184
180
175
172
167
164
164
165
167
167
165
164
161
157
153
150
148
146
142
136
130
124
117
110
105
102
99
95
90
85
81
76
73
71
71
72
72
71
69
65
60
55
51
46
42
38
34
28
23
17
12
7
4
2
0
-2
-3
-5
-8
-10
-10
-10
-11
-13
-13
-13
-16
-20
-24
-25
-26
-28
-31
-32
-34
-38
-43
-47
-49
-52
-56
-60
-61
-60
-59
-59
-58
-56
-54
-53
-53
-53
-53
-54
-56
-59
-60
-60
-61
-63
-65
-67
-69
-71
-73
-72
-70
-67
-65
-63
-61
-59
-59
-60
-62
-63
-65
-67
-68
-68
-69
-69
-70
-71
-70
-70
-70
-70
-69
-68
-67
-65
-64
-63
-63
-62
-62
-62
-63
-64
-65
-66
-67
-67
-67
-67
-68
-69
-71
-73
-76
-80
-82
-84
-86
-86
-87
-87
-88
-88
-88
-89
-89
-88
-88
-88
-89
-89
-91
-92
-94
-95
-96
-96
-97
-99
-100
-100
-100
-99
-98
-97
-95
-94
-93
-93
-93
-94
-95
-94
-91
-88
-86
-85
-84
-81
-81
-80
-78
-76
-76
-77
-77
-77
-77
-78
-79
-78
-77
-76
-75
-73
-70
-68
-66
-63
-59
-55
-51
-46
-41
-37
-35
-32
-28
-23
-19
-15
-11
-7
-5
-4
-2
1
3
5
5
8
10
12
14
17
20
24
28
33
39
45
50
55
60
66
71
76
81
86
90
92
93
93
92
91
90
90
90
90
91
93
96
99
102
107
112
117
121
125
130
133
136
140
144
148
150
150
150
149
146
143
139
137
135
133
131
128
127
125
123
121
121
122
124
124
125
126
128
128
128
129
131
132
131
130
127
124
120
116
114
112
111
109
107
102
98
94
92
90
88
87
86
84
82
80
79
79
78
75
74
72
70
67
64
60
56
53
51
50
49
47
44
41
38
37
36
34
33
32
31
29
26
23
20
16
13
11
10
8
5
4
3
3
1
-1
-3
-5
-7
-10
-13
-15
-17
-19
-21
-23
-23
-25
-27
-30
-32
-33
-34
-35
-37
-37
-36
-36
-38
-39
-40
-42
-44
-46
-47
-48
-48
-48
-48
-49
-50
-51
-52
-53
-53
-53
-54
-56
-56
-56
-55
-55
-56
-57
-58
-59
-61
-63
-63
-63
-64
-65
-64
-63
-62
-62
-63
-64
-65
-66
-66
-66
-65
-64
-63
-63
-63
-63
-62
-62
-63
-65
-64
-64
-64
-65
-65
-66
-67
-69
-70
-70
-70
-70
-70
-69
-68
-67
-65
-64
-63
-63
-62
-61
-62
-62
-63
-63
-64
-65
-65
-65
-64
-64
-64
-64
-64
-65
-63
-61
-59
-57
-56
-56
-55
-55
-55
-55
-55
-55
-54
-53
-51
-49
-48
-47
-45
-44
-43
-42
-41
-39
-39
-38
-38
-38
-38
-37
-36
-34
-32
-31
-30
-28
-26
-23
-20
-17
-14
-11
-9
-9
-8
-7
-5
-3
-1
2
4
5
6
8
10
13
14
16
18
20
22
24
25
25
25
27
29
31
34
35
38
42
46
50
53
55
57
58
58
59
59
59
58
58
60
61
62
63
64
66
66
66
67
68
70
72
74
76
77
76
76
76
77
77
77
78
79
81
82
83
82
80
78
75
74
73
73
72
70
69
68
68
69
70
71
73
74
75
75
75
73
72
71
70
69
67
65
63
60
58
57
57
58
58
57
56
55
53
51
49
48
48
48
49
49
49
50
49
47
46
46
46
45
45
43
41
38
36
34
33
31
29
27
26
24
23
22
23
22
21
20
19
18
17
15
13
13
12
11
10
10
10
8
5
2
0
-1
-3
-5
-8
-9
-10
-13
-15
-16
-17
-18
-19
-19
-19
-20
-20
-20
-21
-21
-22
-24
-26
-28
-30
-32
-34
-37
-39
-40
-41
-42
-43
-45
-46
-47
-47
-47
-48
-48
-48
-49
-49
-49
-49
-51
-52
-52
-52
-53
-54
-56
-57
-58
-59
-60
-60
-60
-61
-62
-62
-63
-63
-64
-63
-62
-60
-58
-57
-57
-57
-56
-56
-56
-55
-54
-55
-56
-57
-58
-58
-58
-58
-58
-58
-57
-57
-57
-56
-55
-55
-53
-52
-49
-48
-48
-49
-50
-51
-50
-49
-48
-47
-46
-46
-46
-46
-47
-47
-46
-46
-46
-45
-44
-43
-42
-41
-40
-38
-36
-34
-32
-30
-28
-27
-27
-26
-25
-25
-25
-25
-24
-24
-24
-25
-25
-25
-24
-23
-21
-19
-17
-16
-16
-15
-13
-12
-10
-9
-8
-6
-4
-3
-2
-2
-2
-1
-1
0
0
0
1
2
2
1
1
2
2
3
5
6
8
9
10
12
14
16
17
18
19
19
20
20
20
19
19
19
19
18
18
17
17
17
18
19
20
21
22
24
25
25
26
27
27
28
30
31
33
33
32
31
32
32
32
32
32
33
33
33
33
33
32
31
31
30
29
29
30
31
31
31
32
33
34
33
33
33
34
34
34
34
34
33
31
29
28
27
26
25
24
24
25
26
26
26
27
27
27
27
27
27
26
26
27
27
27
27
26
26
25
23
22
21
20
19
18
17
17
16
14
13
13
13
12
12
13
13
12
12
12
12
11
10
9
7
6
5
4
3
2
1
0
-1
-2
-3
-3
-3
-4
-4
-4
-3
-2
-2
-2
-2
-3
-5
-6
-8
-10
-12
-13
-13
-14
-16
-17
-18
-18
-19
-20
-19
-18
-17
-16
-16
-16
-17
-18
-19
-19
-20
-20
-21
-22
-23
-24
-25
-26
-26
-27
-27
-28
-29
-30
-31
-31
-31
-31
-30
-29
-28
-27
-26
-26
-27
-28
-27
-27
-26
-25
-26
-27
-28
-29
-30
-31
-32
-32
-32
-32
-33
-33
-32
-32
-32
-31
-31
-30
-30
-30
-30
-29
-28
-27
-26
-25
-26
-27
-28
-28
-28
-29
-31
-31
-31
-31
-31
-30
-29
-29
-30
-29
-28
-27
-26
-25
-24
-23
-22
-22
-21
-20
-20
-20
-20
-19
-19
-19
-18
-17
-16
-16
-16
-14
-14
-13
-14
-13
-13
-12
-11
-9
-7
-6
-5
-6
-6
-6
-6
-5
-4
-4
-3
-2
-2
-2
-2
-2
-2
-2
-2
-1
0
1
2
3
4
4
5
5
7
8
9
9
9
10
11
11
11
11
11
10
10
9
9
9
9
10
11
12
13
14
15
16
17
18
19
19
20
20
20
21
21
21
20
20
20
20
20
19
18
18
19
20
20
20
20
20
20
20
22
23
24
24
24
26
27
27
26
24
23
21
21
20
19
18
16
16
18
20
20
20
20
20
20
20
20
21
21
20
20
20
20
19
18
18
18
18
17
17
17
17
17
16
15
14
13
13
13
14
14
15
16
16
17
17
17
16
16
15
14
14
13
12
11
11
11
10
10
10
9
9
9
9
9
8
7
7
6
6
6
6
5
5
4
3
4
5
5
5
5
5
5
4
3
2
1
1
0
-1
-1
-2
-2
-2
-2
-2
-2
-2
-3
-3
-3
-2
-3
-3
-3
-3
-2
-3
-4
-5
-5
-5
-6
-7
-7
-7
-7
-7
-7
-8
-8
-9
-9
-10
-10
-9
-9
-9
-10
-9
-9
-10
-11
-10
-9
-9
-10
-10
-10
-10
-11
-11
-10
-10
-11
-12
-12
-11
-11
-11
-11
-11
-11
-11
-11
-11
-11
-10
-10
-10
-10
-9
-9
-9
-9
-9
-10
-11
-10
-9
-9
-9
-9
-9
-9
-10
-11
-11
-10
-10
-10
-10
-9
-10
-10
-11
-10
-9
-8
-8
-8
-8
-7
-7
-7
-7
-8
-8
-7
-7
-6
-7
-7
-8
-8
-8
-8
-8
-8
-7
-7
-6
-6
-6
-6
-6
-5
-4
-3
-3
-2
-3
-3
-3
-2
-1
-1
-1
-1
-1
-1
-1
0
0
0
0
1
1
1
1
2
2
1
0
1
1
1
1
1
2
2
3
4
5
5
6
6
7
7
6
6
5
5
5
5
6
5
5
4
4
4
4
5
6
8
8
9
9
9
10
10
10
11
11
11
9
8
8
8
9
8
8
7
7
7
7
7
7
8
9
10
10
11
10
10
9
8
8
9
10
9
10
11
11
11
10
11
11
10
9
9
9
9
8
8
8
8
7
7
8
8
8
8
8
9
9
9
9
9
9
9
8
8
8
8
8
8
8
9
9
9
8
7
7
6
6
6
6
6
6
6
6
6
6
6
6
6
7
7
8
8
7
7
7
7
6
5
4
5
5
5
3
1
0
1
2
1
1
1
1
1
2
2
2
3
3
4
4
4
2
2
1
1
1
0
0
0
-1
-1
-2
-2
-2
-2
-2
-1
-1
-1
-2
-2
-2
-2
-2
-1
-1
-1
-1
-1
-2
-2
-3
-3
-3
-3
-3
-4
-5
-5
-5
-5
-6
-7
-6
-4
-3
-3
-4
-3
-3
-3
-4
-5
-4
-5
-5
-5
-5
-5
-6
-6
-7
-7
-7
-7
-6
-7
-8
-8
-8
-8
-8
-8
-7
-6
-6
-6
-6
-5
-5
-6
-6
-5
-6
-6
-7
-8
-8
-8
-8
-7
-8
-8
-8
-7
-7
-7
-7
-7
-6
-6
-6
-5
-5
-5
-6
-6
-6
-6
-6
-6
-6
-6
-6
-6
-7
-7
-7
-7
-7
-8
-9
-9
-8
-8
-8
-7
-6
-5
-5
-5
-4
-4
-4
-4
-4
-4
-4
-4
-4
-4
-4
-4
-4
-5
-5
-5
-4
-4
-4
-4
-4
-4
-5
-5
-4
-3
-3
-2
-1
0
1
0
0
-1
-1
-2
-2
-2
-2
-1
-1
-2
-2
-3
-3
-3
-2
-2
-2
-2
-1
0
1
1
1
1
1
2
2
3
2
2
3
3
3
2
2
1
1
1
0
-1
-1
-1
-1
-2
-1
0
1
1
1
1
1
1
1
1
2
2
2
2
2
2
1
1
1
1
0
0
-1
-1
-1
-1
-1
0
0
-1
-1
-1
0
0
0
0
1
1
2
2
2
2
2
1
0
0
0
0
0
-1
-1
-1
-1
-2
-2
-2
-2
-1
-1
0
1
2
2
2
2
2
2
2
2
2
2
2
1
0
0
0
0
0
0
0
0
0
-1
-1
-1
-1
0
0
0
0
0
1
1
0
0
0
1
1
1
0
-2
-3
-3
-3
-4
-4
-4
-3
-2
-3
-3
-2
-2
-3
-3
-2
-1
0
0
0
0
0
-1
0
0
0
-1
-1
-1
-1
-1
-2
-2
-3
-4
-5
-5
-4
-4
-4
-3
-3
-3
-3
-4
-3
-3
-2
-2
-3
-3
-3
-3
-4
-5
-5
-4
-4
-4
-5
-5
-5
-5
-5
-5
-5
-5
-4
-3
-3
-4
-3
-2
-2
-3
-3
-2
-2
-2
-2
-2
-2
-2
-2
-3
-3
-3
-3
-3
-4
-4
-4
-4
-4
-4
-4
-3
-3
-3
-2
-3
-3
-4
-4
-4
-4
-4
-4
-4
-4
-4
-4
-3
-3
-3
-3
-3
-3
-3
-3
-3
-3
-3
-2
-2
-2
-3
-3
-3
-3
-2
-2
-2
-2
-2
-2
-2
-1
-1
-1
0
-1
-1
-1
-1
-1
-1
0
0
0
0
-1
-1
-2
-1
-1
-1
-2
-2
-2
-2
-1
-1
-1
0
0
0
0
1
2
2
2
2
2
2
1
1
1
1
1
1
1
1
0
0
1
1
2
2
2
2
1
1
2
2
2
2
2
2
2
1
1
1
2
2
2
2
2
2
2
2
2
2
2
3
3
3
2
2
2
2
3
3
3
3
4
4
4
3
2
2
2
3
3
2
2
2
2
2
3
3
3
3
3
3
3
3
2
2
2
2
2
2
2
2
3
3
3
3
3
3
2
2
2
3
3
3
3
3
3
3
3
3
4
4
3
3
3
2
3
3
3
3
2
2
2
2
2
2
2
2
3
3
3
3
3
2
2
2
2
2
2
2
2
2
2
2
2
2
2
2
3
3
2
2
2
2
2
2
2
2
2
2
2
2
1
2
2
2
1
1
1
1
1
0
0
1
2
2
2
2
2
1
1
1
1
1
1
1
1
0
0
0
0
1
0
-1
-1
-1
-1
-1
-1
-1
-1
0
0
0
0
0
0
-1
-1
-1
-1
-1
-1
-1
-1
-1
-1
-1
-1
-1
-1
-1
-1
-1
-1
-1
-1
0
0
-1
-1
-1
-1
-1
-1
0
0
0
-1
-1
0
0
-1
-1
-2
-2
-2
-2
-2
-2
-2
-2
-2
-2
-2
-2
-2
-1
-1
-1
0
0
0
0
0
0
-1
-1
-1
-1
-1
-2
-2
-2
-1
-1
-1
-2
-2
-2
-2
-2
-2
-2
-2
-2
-2
-2
-1
-1
-1
-1
-1
-1
-1
-1
-1
-1
-1
-1
-1
-1
-1
-1
-1
-1
-1
-1
-1
-2
-2
-1
-1
-1
-2
-1
-1
-1
-2
-1
-1
0
-1
-1
-2
-2
-2
-2
-2
-2
-1
-1
-1
-1
-1
-1
-1
-1
-1
-1
-1
-1
0
-1
-1
-1
-1
-1
-1
-1
0
0
0
0
0
0
0
0
0
0
0
0
0
1
1
0
0
0
0
0
0
0
0
-1
-2
-1
-1
-1
-1
-1
-1
-1
-1
-1
-1
0
0
1
1
1
1
1
1
1
1
1
0
0
0
0
0
0
0
1
1
0
0
0
1
1
0
0
1
1
2
2
2
2
2
2
2
1
1
2
2
2
1
1
1
1
0
0
-1
-1
-1
-1
-1
0
0
-1
-1
0
0
0
0
1
1
1
1
1
1
1
1
1
1
0
0
0
0
-1
-1
-1
-1
-1
-1
-1
0
0
0
1
0
0
0
0
0
1
1
1
1
0
0
0
0
0
-1
-1
-1
-1
-1
-1
-2
-2
-1
-1
-1
-1
-1
-1
0
0
0
0
1
1
1
1
1
1
1
1
0
0
0
-1
-1
-1
-2
-2
-2
-2
-2
-2
-2
-2
-2
-2
-2
-1
-1
-2
-2
-1
0
0
-1
-1
0
0
-1
-1
-1
-1
-1
-2
-2
-2
-1
-2
-2
-2
-1
0
0
-1
-1
0
1
1
0
0
0
0
0
0
0
0
0
0
-1
-1
-1
-1
-1
-1
-1
-1
-1
-1
-1
-2
-2
-1
-1
0
0
-1
-2
-1
-1
0
0
-1
0
0
0
0
-1
-1
-1
0
-1
-1
-1
0
0
0
-1
-1
-1
-1
-1
-1
0
0
0
0
0
-1
-1
-1
-1
-1
-1
-1
-1
-1
-1
-1
-1
-1
-1
-2
-2
-1
-1
-1
-1
-1
-1
-1
-1
-1
-1
-1
-1
-1
-1
-1
-1
-1
-1
-1
-1
-1
-1
-1
-1
-1
0
0
0
-1
-1
-1
0
0
0
0
-1
-1
-1
-1
-1
-1
-1
-1
-1
-1
-1
-1
0
0
0
-1
-1
0
0
0
0
-1
0
0
0
-1
0
0
1
1
1
1
1
0
0
0
0
-1
-1
-1
-1
-1
-1
-1
0
0
0
-1
-1
0
0
1
1
1
1
1
1
1
1
1
1
1
1
0
-1
-1
0
0
0
-1
0
0
-1
-2
-2
-1
-1
-1
-1
-1
0
0
0
0
0
0
0
1
1
0
-1
-1
-1
-1
-1
-1
-1
-1
-1
0
1
1
0
1
1
1
1
1
1
1
0
0
0
0
0
0
0
0
0
-1
-1
-1
-2
-1
-1
-1
-1
-1
-1
-1
-1
-1
-2
-2
-2
-1
-1
-1
-1
-1
-1
-1
-1
-1
-1
-1
-1
0
0
-1
-1
0
0
0
0
0
0
0
0
0
0
0
0
0
0
0
0
0
0
-1
-2
-2
-2
-2
-2
-2
-2
-2
-1
-1
-2
-2
-1
-1
-1
-1
-1
-1
-1
-1
-1
0
0
0
-1
-1
-1
-1
0
0
0
0
0
0
0
0
0
0
0
0
0
0
1
1
0
0
0
0
0
0
-1
-1
-1
-1
-1
-1
-1
-1
-1
0
0
0
-1
0
0
0
0
-1
0
0
-1
-1
-1
-1
-1
-1
-1
-1
-2
-1
-1
0
-1
-1
-1
-1
-1
-1
-1
0
-1
-1
0
0
0
0
0
0
0
0
-1
-1
-2
-2
-1
0
0
-1
-2
-2
-1
-1
-1
-1
-1
-1
-1
-1
-1
-1
-1
-1
-1
-1
-1
-1
-1
-1
-1
-1
-1
-1
-1
-1
-1
-2
-2
-2
-2
-2
-2
-1
-1
-1
-1
-1
-1
-1
-1
-1
0
0
0
0
0
0
0
0
-1
-1
-1
-1
0
-1
-1
-1
-1
-2
-2
-2
-1
-1
-1
-1
-1
-1
0
0
-1
-1
-1
-1
-1
-1
-1
-1
0
0
-1
-1
-1
-1
-1
-1
-1
-1
-1
-1
-1
-1
-1
-1
-1
-1
0
0
-1
-1
0
0
0
0
0
-1
-1
-1
-1
-1
-1
-2
-2
-2
-2
-1
-1
-1
-1
-1
-1
-1
-1
-1
-1
-1
0
0
0
0
0
0
-1
-1
-1
0
-1
-2
-2
-1
-1
-1
-1
-1
-1
-1
-1
-1
-2
-2
-1
-1
0
0
0
0
-1
-1
-1
-1
-1
-2
-2
-1
-1
-1
-2
-2
-1
-1
-1
-1
-1
-1
0
0
0
0
-1
-1
0
0
0
0
0
0
0
0
0
0
0
0
0
0
0
0
0
0
0
0
0
0
0
0
0
1
0
-1
-1
-1
0
0
-1
-1
-1
-2
-2
-2
-2
-2
-2
-1
-1
-1
-1
0
0
0
0
0
0
1
1
1
1
1
0
1
1
1
1
1
1
1
0
0
1
0
0
-1
0
0
0
0
0
0
0
-1
-1
0
0
0
0
-1
-1
0
-1
-1
-1
-1
0
-1
-1
-1
-1
-1
-1
-1
-1
-1
-1
0
1
1
0
0
0
1
1
0
0
0
0
0
1
1
1
0
1
1
1
1
0
0
0
0
0
0
-1
0
0
0
0
-1
-1
-1
-1
-1
-2
-1
-1
-1
-1
-1
0
0
0
0
0
0
-1
-1
0
0
-1
-1
0
0
0
-1
-1
-1
-1
-1
-1
0
0
0
0
0
0
-1
0
0
0
0
0
0
0
0
0
0
0
0
0
0
0
-1
-1
0
0
-1
-1
-1
0
0
-1
-1
0
0
0
0
0
0
0
0
0
1
0
-1
0
0
0
0
0
0
0
-1
-1
-1
0
-1
-1
0
0
-1
-1
-1
0
0
0
1
1
0
0
0
0
0
1
1
0
0
0
0
0
0
1
1
1
1
1
1
1
1
1
1
1
0
1
1
1
0
0
0
0
0
0
0
0
0
0
0
0
0
0
0
-1
-1
0
0
0
0
0
0
0
0
0
0
0
1
1
1
1
1
1
1
0
0
0
1
1
1
1
0
0
0
0
0
1
1
0
0
0
0
0
0
0
0
0
0
0
0
0
0
1
1
0
0
1
1
1
0
1
1
1
0
0
0
1
0
1
1
1
1
0
0
0
0
0
0
0
0
0
0
0
0
0
0
0
0
-1
0
0
0
-1
-1
-1
0
0
0
0
0
0
0
0
1
1
0
0
0
0
0
0
1
1
0
0
0
0
0
-1
0
0
0
-1
-1
-1
-1
-1
-1
0
0
0
-1
-1
0
-1
-1
-1
-1
-1
-1
-1
-1
-1
-1
0
1
1
0
0
0
0
1
1
0
0
0
0
0
-1
-1
0
0
0
-1
-1
0
0
-1
-1
0
0
-1
-2
-2
-1
-1
-1
-1
-1
-1
-2
-2
-1
-1
-1
-1
-1
-1
-1
-2
-1
-1
-1
-1
-1
-1
-1
-1
-1
-1
-1
-1
-1
-2
-1
-1
-1
-2
-2
-2
-2
-2
-2
-1
-2
-2
-2
-2
-2
-2
-1
-1
-1
-2
-1
-1
-1
0
0
0
-1
-1
0
-1
-1
-1
-1
-1
-1
-1
-1
-1
-1
-2
-2
-2
-1
-2
-2
-2
-2
-2
-2
-2
-2
-2
-2
-2
-2
-2
-2
-2
-1
-1
-2
-2
-1
-1
-1
-1
-1
-1
-1
-1
-1
-1
-1
0
0
0
-1
0
0
-1
-1
-1
-1
-1
-1
-1
-1
-1
-1
-1
-1
-1
-2
-2
-2
-2
-2
-2
-2
-2
-2
-2
-2
-2
-2
-2
-2
-1
-1
-1
-1
-1
-1
-1
-1
-1
-1
-1
-1
-1
-1
-1
-1
-1
-1
-1
-1
-2
-2
-1
-1
-2
-1
-1
-1
-1
0
0
0
0
0
0
0
-1
-1
0
-1
-1
-1
-1
-1
-2
-2
-2
-2
-2
-2
-1
-1
-1
-1
-1
-1
-1
-1
-1
0
0
-1
-1
0
0
0
0
0
0
-1
-1
-1
-1
-1
-1
-1
-1
-1
-1
-1
0
0
0
0
0
0
0
0
0
0
1
1
0
0
0
0
1
0
0
0
0
0
0
0
-1
-1
0
0
-1
-1
-1
-1
-1
-1
0
0
0
0
0
0
0
0
0
0
0
0
0
0
0
0
0
0
0
0
-1
-1
-1
-1
0
-1
-1
0
0
-1
-1
-1
0
0
0
0
0
0
0
0
1
1
1
1
1
1
1
0
0
0
1
1
1
0
0
0
0
0
0
0
0
0
0
0
0
0
0
0
0
0
0
0
0
0
0
0
0
0
0
0
-1
-1
0
0
-1
-1
0
0
0
0
0
0
1
1
0
0
0
0
0
0
0
1
1
1
1
1
1
1
1
1
1
0
1
1
1
1
0
0
0
0
0
0
0
0
0
0
0
0
1
1
0
0
0
0
0
0
0
0
0
0
0
0
0
0
0
0
0
0
0
0
0
0
0
0
0
0
0
0
0
0
0
0
1
1
1
1
1
1
1
0
0
0
0
0
0
0
0
0
1
1
1
0
0
0
0
0
0
0
0
0
0
1
1
0
0
0
0
0
0
0
0
0
0
0
0
0
0
0
0
0
-1
0
0
1
1
0
0
0
0
0
0
0
1
1
0
0
1
1
1
0
0
0
0
0
0
0
0
0
0
0
0
0
0
0
0
0
0
0
0
0
-1
-1
-1
-1
0
0
0
0
0
0
0
0
0
0
0
0
0
1
1
1
1
1
1
1
1
0
0
0
0
0
0
0
0
0
0
0
0
0
0
-1
0
0
0
0
0
0
0
0
0
-1
-1
-1
-1
0
0
-1
-1
0
0
0
0
0
0
0
0
0
0
0
0
0
0
0
0
0
0
0
0
0
0
0
0
0
-1
0
0
0
0
0
0
0
-1
-1
-1
-1
-1
-1
-1
-1
-1
-1
-1
-1
-1
-1
-1
-1
-1
-1
-1
-1
-1
-1
-1
0
0
0
0
0
0
0
0
0
0
0
-1
-1
-1
0
0
0
0
-1
-1
-1
-1
-1
-1
-1
-1
-2
-2
-2
-1
-1
-1
-1
-1
-1
0
-1
-1
0
0
0
-1
-1
-1
-1
-1
-1
-1
-1
-1
-1
-1
-1
-1
-1
0
-1
-1
-1
-1
-1
-1
-1
-1
-1
-1
-1
0
-1
-1
-1
-1
0
0
0
-1
-1
-1
-1
-1
0
0
-1
-1
-1
-1
-1
-1
-1
-1
-1
-1
-1
-1
-1
-1
-1
-1
-1
-1
-1
-1
-1
-1
-1
-1
-1
-1
-1
-1
-2
-2
-1
-1
-1
-1
-1
-1
-1
-2
-1
-1
-1
-1
-1
-1
-1
0
0
0
-1
-1
-1
-1
-1
-1
-1
-1
-1
-1
-1
-1
-1
-1
-1
-1
-1
-1
-1
-1
-1
-1
-1
-1
-1
-1
-1
-1
-1
-1
-1
-1
-1
-1
-1
-1
-1
-1
-1
-1
-1
-1
-1
-1
-1
-1
-1
-1
-1
-1
-1
-1
-1
-1
-1
-1
-1
-1
-1
-1
-1
-1
-1
0
-1
-1
-1
-1
-1
-1
-1
-1
-1
-1
-1
0
-1
-1
-1
-1
-1
-1
-1
-1
-1
-1
-1
-1
-1
-1
-1
-1
-1
-1
-1
-1
-1
-1
-1
-1
-1
-2
-2
-2
-1
-2
-2
-1
-1
-1
-1
-1
-1
-1
-1
-2
-1
-1
-1
-1
-1
-1
-1
-1
-1
-1
-1
-1
-1
-1
-1
-1
-1
-1
-1
-1
-1
-1
-1
-1
-1
-1
-1
-1
-1
-1
-1
-1
-1
-1
-1
-1
-2
-1
-1
-1
-2
-1
-1
-1
-1
-2
-2
-2
-1
-1
-1
-2
-2
-2
-2
-1
-1
-1
-1
-1
-2
-1
-1
-1
-1
-1
-1
-1
-1
0
0
0
0
0
0
0
0
0
0
0
0
0
0
0
0
-1
-1
-1
-1
-1
-1
-1
-1
-1
-1
-2
-1
-1
-1
-1
-1
-1
-1
-1
-1
-1
-1
-1
-1
-1
-1
-1
-1
-1
0
0
0
0
0
0
0
0
0
0
0
0
0
0
0
0
0
0
0
0
0
0
0
0
0
0
0
0
0
0
0
0
0
0
0
0
0
0
0
0
-1
-1
0
0
0
0
0
0
0
0
0
0
0
0
0
0
0
0
0
0
1
0
0
0
0
0
0
0
0
0
1
0
0
0
0
0
0
1
0
0
0
1
1
1
1
1
1
1
1
1
0
0
0
1
0
0
0
0
0
0
0
0
0
0
0
0
0
0
0
1
1
1
0
0
0
0
0
0
1
0
0
0
0
0
0
0
0
0
0
0
0
0
0
0
0
0
1
0
0
0
0
1
1
0
0
0
0
0
1
1
0
0
0
1
0
0
0
1
1
1
1
1
1
1
0
0
0
0
0
0
1
0
0
0
0
0
0
0
0
0
0
0
0
0
0
0
0
0
0
0
0
0
0
0
0
0
0
0
0
0
0
0
0
0
0
0
0
0
0
0
0
0
0
0
0
0
0
0
0
0
0
0
0
0
0
0
0
0
0
0
0
0
0
0
0
0
0
0
-1
0
0
0
0
0
0
0
0
0
0
0
0
0
0
0
0
0
0
0
0
0
0
0
-1
-1
0
0
0
0
0
0
0
0
0
0
0
0
0
0
0
0
0
0
0
0
0
-1
0
0
0
0
0
0
0
0
0
0
0
-1
-1
-1
-1
-1
-1
-1
-1
-1
-1
-1
0
0
0
0
-1
-1
0
0
0
0
0
0
0
0
-1
-1
-1
0
0
0
0
-1
-1
0
-1
-1
-1
-1
0
-1
-1
-1
0
0
0
0
0
0
-1
-1
-1
-1
-1
-1
-1
-1
-1
-1
-1
-1
0
0
0
0
0
0
0
0
0
-1
-1
-1
0
0
-1
-1
-1
-1
-1
-1
-1
-1
-1
-1
-1
-1
-1
-1
-1
-1
-1
-1
-1
-1
-1
0
0
0
0
0
-1
-1
0
0
0
0
0
0
0
-1
-1
-1
0
0
0
0
0
0
0
0
0
0
0
0
-1
-1
-1
0
0
-1
-1
-1
0
0
0
-1
-1
-1
-1
-1
-1
-1
-1
0
0
0
0
0
0
0
0
0
0
0
0
0
0
0
0
-1
-1
-1
-1
0
0
0
0
0
0
-1
-1
-1
-1
-1
-1
-1
-1
-1
-1
-1
-1
-1
-1
-1
-1
0
0
0
0
0
0
0
0
0
0
0
0
0
0
0
0
0
-1
-1
-1
-1
-1
-1
-1
-1
-1
-1
-1
-1
-1
0
0
-1
-1
-1
0
0
0
0
0
0
0
0
0
0
0
0
0
-1
-1
-1
-1
-1
-1
-1
-1
-1
-1
-1
-1
0
0
-1
-1
-1
-1
0
-1
-1
0
0
0
0
0
0
0
0
-1
0
0
0
0
0
-1
-1
-1
-1
0
0
0
0
0
0
0
0
0
0
0
0
0
0
0
0
0
0
0
0
0
0
-1
0
0
0
-1
-1
-1
0
0
0
0
-1
0
0
0
-1
-1
0
0
0
0
0
0
0
-1
-1
-1
-1
-1
0
0
-1
-1
0
0
-1
0
0
0
0
-1
-1
0
0
0
0
0
0
0
0
-1
-1
0
0
0
0
0
0
0
0
0
0
0
0
0
0
0
0
0
0
0
0
-1
-1
-1
0
0
0
-1
-1
0
0
0
0
0
0
0
0
0
0
0
0
0
0
0
0
-1
-1
-1
0
0
0
0
0
0
0
0
-1
-1
-1
0
0
-1
-1
0
0
0
0
0
0
0
0
0
0
-1
-1
-1
-1
0
0
0
0
0
0
0
0
0
0
0
0
0
0
0
0
0
0
-1
0
0
0
0
0
0
0
0
-1
0
0
0
0
0
0
0
0
-1
-1
0
0
-1
0
0
0
0
0
0
0
0
-1
0
0
0
0
0
0
0
0
0
0
0
-1
0
0
0
0
0
0
0
0
0
0
0
0
-1
-1
0
0
0
-1
-1
-1
0
0
0
0
-1
-1
-1
-1
-1
0
0
0
0
0
0
0
-1
0
0
0
0
-1
0
0
0
0
0
0
0
0
0
-1
-1
-1
-1
-1
0
0
0
0
0
0
0
0
0
0
0
0
-1
-1
0
0
0
0
0
0
-1
-1
0
0
0
0
0
0
0
0
0
0
0
0
-1
0
0
0
0
0
0
0
0
0
0
0
0
0
0
0
0
0
0
0
0
0
0
0
0
-1
-1
-1
0
0
0
0
0
0
0
-1
0
0
0
0
0
0
0
0
0
0
0
0
0
-1
-1
0
0
0
0
0
0
0
0
0
0
0
0
0
0
0
-1
-1
-1
0
0
0
0
0
0
0
0
0
0
0
-1
0
0
0
-1
0
0
0
0
0
0
0
0
0
0
0
0
0
0
0
0
0
0
0
0
0
0
0
0
0
0
0
0
0
0
0
0
0
0
0
0
0
0
0
0
0
0
0
0
0
0
0
0
0
-1
0
0
0
0
0
0
0
0
0
0
0
0
0
0
0
0
-1
0
0
0
0
0
0
0
0
0
0
0
0
0
0
0
0
0
0
0
0
0
0
0
0
0
0
0
0
0
0
0
0
0
0
0
0
-1
0
0
0
0
0
0
0
0
0
0
0
0
0
0
0
0
0
0
0
0
0
0
0
0
0
0
0
0
0
0
0
-1
-1
-1
0
0
0
0
0
0
0
-1
0
0
0
0
0
0
0
0
-1
0
0
0
0
0
0
0
0
0
0
0
0
0
0
0
0
0
-1
-1
0
0
0
0
0
0
0
0
0
0
0
0
0
0
0
0
0
0
0
0
0
0
0
0
0
0
0
-1
-1
0
0
0
0
0
0
-1
0
0
0
0
0
0
0
0
0
0
0
0
0
0
0
0
0
0
0
0
0
0
0
0
0
0
0
0
0
0
0
0
0
0
0
0
0
0
0
0
0
0
0
0
0
0
0
0
0
0
0
0
0
0
-1
0
0
-1
-1
0
0
0
0
0
0
0
0
0
0
0
0
0
0
0
0
0
0
0
0
0
0
0
0
0
0
0
0
0
0
0
0
0
0
0
0
0
0
0
0
0
0
0
0
0
0
-1
-1
0
0
0
0
0
0
0
0
0
0
0
0
0
0
0
0
0
0
0
0
0
0
0
0
0
0
0
0
-1
0
0
0
0
-1
0
0
0
-1
0
0
0
0
0
0
0
0
0
0
0
0
0
0
-1
-1
0
0
0
0
0
0
0
0
0
0
0
0
0
0
0
0
0
0
0
0
0
0
0
0
0
0
0
0
0
0
0
0
0
0
0
0
0
0
0
0
0
0
0
-1
-1
0
0
-1
0
0
0
-1
-1
-1
0
0
-1
0
0
0
0
-1
0
0
0
0
0
0
0
-1
0
0
0
0
0
-1
0
0
0
0
0
0
0
0
0
0
0
0
0
0
0
0
0
0
0
0
0
0
0
0
0
0
0
0
0
0
0
0
0
0
0
0
0
0
0
0
0
0
0
0
0
0
0
-1
0
0
0
0
0
0
0
0
0
0
0
-1
-1
-1
0
0
0
0
0
0
0
0
0
0
0
0
0
0
-1
0
0
0
0
0
0
-1
0
0
0
0
0
0
0
0
0
0
0
0
-1
0
0
0
-1
-1
0
0
-1
-1
-1
0
0
-1
0
0
0
0
0
0
0
0
-1
-1
-1
0
0
0
0
0
0
0
0
0
0
0
0
-1
-1
-1
-1
0
0
0
0
0
0
0
0
0
0
0
0
0
0
0
0
0
0
0
0
0
0
0
0
0
0
0
0
0
0
0
0
0
0
0
0
0
0
0
0
0
0
0
0
-1
-1
-1
0
0
0
-1
0
0
0
0
0
0
0
-1
0
0
0
0
0
0
0
0
0
0
0
0
0
0
0
0
0
0
0
0
0
0
0
0
0
0
0
0
0
0
0
0
0
0
0
0
0
0
0
0
0
0
0
0
0
0
0
0
0
0
0
0
0
0
0
0
0
0
0
0
0
0
0
0
0
0
0
0
0
0
0
0
0
0
0
0
0
0
0
0
0
0
0
0
0
0
0
0
0
0
0
0
0
0
0
0
0
0
0
0
0
0
0
0
0
0
0
0
-1
0
0
0
0
0
0
0
0
0
0
0
0
-1
0
0
0
-1
0
0
0
0
-1
0
0
0
0
0
0
0
0
0
0
-1
0
0
0
0
-1
0
0
0
0
0
0
0
-1
-1
-1
0
0
0
0
0
0
0
0
0
-1
-1
0
0
0
0
0
0
0
0
0
0
0
0
0
0
0
0
0
0
0
0
0
0
0
0
0
0
0
0
0
0
0
0
0
0
0
0
0
0
0
0
0
0
0
0
0
0
0
0
0
0
0
0
0
0
0
0
0
0
0
0
0
0
0
0
0
0
0
0
0
0
0
0
0
0
0
0
0
0
0
0
0
0
0
0
0
0
0
0
0
0
0
0
0
0
0
0
0
0
0
0
0
0
0
0
0
0
0
0
0
0
0
0
0
0
0
0
0
0
0
0
-1
0
0
0
0
0
0
0
0
0
0
0
0
0
0
0
-1
-1
-1
-1
0
0
0
0
0
0
0
0
0
0
0
0
0
0
0
0
0
0
0
0
0
0
0
0
0
0
0
0
0
0
0
0
0
0
0
0
0
0
0
0
0
0
0
0
0
0
0
0
-1
0
0
0
0
0
0
0
0
0
0
0
0
0
0
0
0
0
0
0
0
0
0
0
0
0
0
0
-1
0
0
0
0
0
0
0
0
0
0
0
0
0
0
0
0
0
0
0
0
0
0
0
0
0
0
0
0
0
0
0
0
0
0
0
0
0
0
0
0
0
0
0
0
0
0
0
0
0
0
0
0
0
0
0
0
0
0
0
0
0
0
0
0
0
0
-1
-1
0
0
0
0
0
0
0
0
0
0
0
0
0
0
0
0
0
0
0
0
0
0
0
0
0
0
-1
0
0
0
0
0
0
0
0
0
0
0
0
0
0
0
0
0
0
0
0
0
0
0
0
0
0
0
0
0
0
0
0
0
0
0
0
0
0
0
0
0
0
0
0
0
0
0
0
0
0
0
0
0
0
0
0
0
0
0
0
0
0
0
0
0
0
0
0
0
0
0
0
0
0
0
0
0
0
0
0
0
0
0
0
0
0
0
0
0
0
0
0
0
0
0
0
0
0
0
0
0
0
0
0
0
0
0
0
0
0
0
0
0
0
0
0
0
0
0
0
0
0
0
0
0
0
0
0
0
0
0
0
0
0
0
0
0
0
0
0
0
0
0
0
0
0
0
0
0
0
0
0
0
0
0
0
0
0
0
0
0
0
0
0
0
0
0
0
0
0
0
0
0
0
0
0
0
0
0
0
0
0
0
0
0
0
0
0
0
0
0
0
0
0
0
0
0
0
0
0
0
0
0
0
0
0
0
0
0
0
0
0
0
0
0
0
0
0
0
0
0
0
0
-1
0
0
0
0
0
0
0
0
0
0
0
0
0
0
0
0
0
0
0
0
0
0
0
0
0
0
0
0
0
0
0
0
0
0
0
0
0
0
0
0
0
0
0
0
0
0
0
0
0
0
0
0
0
0
0
0
0
0
0
0
0
0
0
0
0
0
0
0
0
0
0
0
0
0
0
0
0
0
0
0
0
0
0
0
0
0
0
0
0
0
0
0
0
0
0
0
0
0
0
0
0
0
0
0
0
0
0
0
0
0
0
0
0
0
0
0
0
0
0
0
0
0
0
0
0
0
0
0
0
0
0
0
0
0
0
0
0
0
0
0
0
0
0
0
0
0
0
0
0
0
0
0
0
0
0
0
0
0
0
0
0
0
0
0
0
0
0
0
0
0
0
0
0
0
0
0
0
0
0
0
0
0
0
0
0
0
0
0
0
0
0
0
0
0
0
0
0
0
0
0
0
0
0
0
0
0
0
0
0
0
0
0
0
0
0
0
0
0
0
0
0
0
0
0
0
0
0
0
0
0
0
0
0
0
0
0
0
0
0
0
0
0
0
0
0
0
0
0
0
0
0
0
0
0
0
0
0
0
0
0
0
0
0
0
0
0
0
0
0
0
0
0
0
0
0
0
0
0
0
0
0
0
0
0
0
0
0
0
0
0
0
0
0
0
0
0
0
0
0
0
0
0
0
0
0
0
0
0
0
0
0
0
0
0
0
0
0
0
0
0
0
0
0
0
0
0
0
0
0
0
0
0
0
0
0
0
0
0
0
0
0
0
0
0
0
0
0
0
0
0
0
0
0
0
0
0
0
0
0
0
0
0
0
0
0
0
0
0
0
0
0
0
0
0
0
0
0
0
0
0
0
0
0
0
0
0
0
0
0
0
0
0
0
0
0
0
0
0
0
0
0
0
0
0
0
0
0
0
0
0
0
0
0
0
0
0
0
0
0
0
0
0
0
0
0
0
0
0
0
0
0
0
0
0
0
0
0
0
0
0
0
0
0
0
0
0
0
0
0
0
0
0
0
0
0
0
0
0
0
0
0
0
0
0
0
0
0
0
0
0
0
0
0
0
0
0
0
0
0
0
0
0
0
0
0
0
0
0
0
0
0
0
0
0
0
0
0
0
0
0
0
0
0
0
0
0
0
0
0
0
0
0
0
0
0
0
0
0
0
0
0
0
0
0
0
0
0
0
0
0
0
0
0
0
0
0
0
0
0
0
0
0
0
0
0
0
0
0
0
0
0
0
0
0
0
0
0
0
0
0
0
0
0
0
0
0
0
0
0
0
0
0
0
0
0
0
0
0
0
0
0
0
0
0
0
0
0
0
0
0
0
0
0
0
0
0
0
0
0
0
0
0
0
0
0
0
0
0
0
0
0
0
0
0
0
0
0
0
0
0
0
0
0
0
0
0
0
0
0
0
0
0
0
0
0
0
0
0
0
0
0
0
0
0
0
0
0
0
0
0
0
0
0
0
0
0
0
0
0
0
0
0
0
0
0
0
0
0
0
0
0
0
0
0
0
0
0
0
0
0
0
0
0
0
0
0
0
0
0
0
0
0
0
0
0
0
0
0
0
0
0
0
0
0
0
0
0
0
0
0
0
0
0
0
0
0
0
0
0
0
0
0
0
0
0
0
0
0
0
0
0
0
0
0
0
0
0
0
0
0
0
0
0
0
0
0
0
0
0
0
0
0
0
0
0
0
0
0
0
0
0
0
0
0
0
0
0
0
0
0
0
0
0
0
0
0
0
0
0
0
0
0
0
0
0
0
0
0
0
0
0
0
0
0
0
0
0
0
0
0
0
0
0
0
0
0
0
0
0
0
0
0
0
0
0
0
0
0
0
0
0
0
0
0
0
0
0
0
0
0
0
0
0
0
0
0
0
0
0
0
0
0
0
0
0
0
0
0
0
0
0
0
0
0
0
0
0
0
0
0
0
0
0
0
0
0
0
0
0
0
0
0
0
0
0
0
0
0
0
0
0
0
0
0
0
0
0
0
0
0
0
0
0
0
0
0
0
0
0
0
0
0
0
0
0
0
0
0
0
0
0
0
0
0
0
0
0
0
0
0
0
0
0
0
0
0
0
0
0
0
0
0
0
0
0
0
0
0
0
0
0
0
0
0
0
0
0
0
0
0
0
0
0
0
0
0
0
0
0
0
0
0
0
0
0
0
0
0
0
0
0
0
0
0
0
0
0
0
0
0
0
0
0
0
0
0
0
0
0
0
0
0
0
0
0
0
0
0
0
0
0
0
0
0
0
0
0
0
0
0
0
0
0
0
0
0
0
0
0
0
0
0
0
0
0
0
0
0
0
0
0
0
0
0
0
0
0
0
0
0
0
0
0
0
0
0
0
0
0
0
0
0
0
0
0
0
0
0
0
0
0
0
0
0
0
0
0
0
0
0
0
0
0
0
0
0
0
0
0
0
0
0
0
0
0
0
0
0
0
0
0
0
0
0
0
0
0
0
0
0
0
0
0
0
0
0
0
0
0
0
0
0
0
0
0
0
0
0
0
0
0
0
0
0
0
0
0
0
0
0
0
0
0
0
0
0
0
0
0
0
0
0
0
0
0
0
0
0
0
0
0
0
0
0
0
0
0
0
0
0
0
0
0
0
0
0
0
0
0
0
0
0
0
0
0
0
0
0
0
0
0
0
0
0
0
0
0
0
0
0
0
0
0
0
0
0
0
0
0
0
0
0
0
0
0
0
0
0
0
0
0
0
0
0
0
0
0
0
0
0
0
0
0
0
0
0
0
0
0
0
0
0
0
0
0
0
0
0
0
0
0
0
0
0
0
0
0
0
0
0
0
0
0
0
0
0
0
0
0
0
0
0
0
0
0
0
0
0
0
0
0
0
0
0
0
0
0
0
0
0
0
0
0
0
0
0
0
0
0
0
0
0
0
0
0
0
0
0
0
0
0
0
0
0
0
0
0
0
0
0
0
0
0
0
0
0
0
0
0
0
0
0
0
0
0
0
0
0
0
0
0
0
0
0
0
0
0
0
0
0
0
0
0
0
0
0
0
0
0
0
0
0
0
0
0
0
0
0
0
0
0
0
0
0
0
0
0
0
0
0
0
0
0
0
0
0
0
0
0
0
0
0
0
0
0
0
0
0
0
0
0
0
0
0
0
0
0
0
0
0
0
0
0
0
0
0
0
0
0
0
0
0
0
0
0
0
0
0
0
0
0
0
0
0
0
0
0
0
0
0
0
0
0
0
0
0
0
0
0
0
0
0
0
0
0
0
0
0
0
0
0
0
0
0
0
0
0
0
0
0
0
0
0
0
0
0
0
0
0
0
0
0
0
0
0
0
0
0
0
0
0
0
0
0
0
0
0
0
0
0
0
0
0
0
0
0
0
0
0
0
0
0
0
0
0
0
0
0
0
0
0
0
0
0
0
0
0
0
0
0
0
0
0
0
0
0
0
0
0
0
0
0
0
0
0
0
0
0
0
0
0
0
0
0
0
0
0
0
0
0
0
0
0
0
0
0
0
0
0
0
0
0
0
0
0
0
0
0
0
0
0
0
0
0
0
0
0
0
0
0
0
0
0
0
0
0
0
0
0
0
0
0
0
0
0
0
0
0
0
0
0
0
0
0
0
0
0
0
0
0
0
0
0
0
0
0
0
0
0
0
0
0
0
0
0
0
0
0
0
0
0
0
0
0
0
0
0
0
0
0
0
0
0
0
0
0
0
0
0
0
0
0
0
0
0
0
0
0
0
0
0
0
0
0
0
0
0
0
0
0
0
0
0
0
0
0
0
0
0
0
0
0
0
0
0
0
0
0
-1
0
0
0
0
0
0
0
0
0
0
0
0
0
0
0
0
0
0
0
0
0
0
0
0
0
0
0
0
0
0
0
0
0
0
0
0
0
0
0
0
0
0
0
0
0
0
0
0
0
0
0
0
0
0
0
0
0
0
0
0
0
0
0
0
0
0
0
0
0
0
0
0
0
0
0
0
0
0
0
0
0
0
0
0
0
0
0
0
0
0
0
0
0
0
0
0
0
0
0
0
0
0
0
0
0
0
0
0
0
0
0
0
0
0
0
0
0
0
0
0
0
0
0
0
0
0
0
0
0
0
0
0
0
0
0
0
0
0
0
0
0
0
0
0
0
0
0
0
0
0
0
0
0
0
0
0
0
0
0
0
0
0
0
0
0
0
0
0
0
0
0
0
0
0
0
0
0
0
0
0
0
0
0
0
0
0
0
0
0
0
0
0
0
0
0
0
0
0
0
0
0
0
0
0
0
0
0
0
0
0
0
0
0
0
0
0
0
0
0
0
0
0
0
0
0
0
0
0
0
0
0
0
0
0
0
0
0
0
0
0
0
0
0
0
0
0
0
0
0
0
0
0
0
0
0
0
0
0
0
0
0
0
0
0
0
0
0
0
0
0
0
0
0
0
0
0
0
0
0
0
0
0
0
0
0
0
0
0
0
0
0
0
0
0
0
0
0
0
0
0
0
0
0
0
0
0
0
0
0
0
0
0
0
0
0
0
0
0
0
0
0
0
0
0
0
0
0
0
0
0
0
0
0
0
0
0
0
0
0
0
0
0
0
0
0
0
0
0
0
0
0
0
0
0
0
0
0
0
0
0
0
0
0
0
0
0
0
0
0
0
0
0
0
0
0
0
0
0
0
0
0
0
0
0
0
0
0
0
0
0
0
0
0
0
0
0
0
0
0
0
0
0
0
0
0
0
0
0
0
0
0
0
0
0
0
0
0
0
0
0
0
0
0
0
0
0
0
0
0
0
0
0
0
0
0
0
0
0
0
0
0
0
0
0
0
0
0
0
0
0
0
0
0
0
0
0
0
0
0
0
0
0
0
0
0
0
0
0
0
0
0
0
0
0
0
0
0
0
0
0
0
0
0
0
0
0
0
0
0
0
0
0
0
0
0
0
0
0
0
0
0
0
0
0
0
0
0
