0
0
0
0
0
0
0
0
0
0
0
0
0
0
0
0
0
0
0
0
0
0
0
0
0
0
0
0
0
0
0
0
0
0
0
0
0
0
0
0
0
0
0
0
0
0
0
0
0
0
0
0
0
0
0
0
0
0
0
0
0
0
0
0
0
0
0
0
0
0
0
0
0
0
0
0
0
0
0
0
0
0
0
0
0
0
0
0
0
0
0
0
0
0
0
0
0
0
0
0
0
0
0
0
0
0
0
0
0
0
0
0
0
0
0
0
0
0
0
0
0
0
0
0
0
0
0
0
0
0
0
0
0
0
0
0
0
0
0
0
0
0
0
0
0
0
0
0
0
0
0
0
0
0
0
0
0
0
0
0
0
0
0
0
0
0
0
0
0
0
0
0
0
0
0
0
0
0
0
0
0
0
0
0
0
0
0
0
0
0
0
0
0
0
0
0
0
0
0
0
0
0
0
0
0
0
0
0
0
0
0
0
0
0
0
0
0
0
0
0
0
0
0
0
0
0
0
0
0
0
0
0
0
0
0
0
0
0
0
0
0
0
0
0
0
0
0
0
0
0
0
0
0
0
0
0
0
0
0
0
0
0
0
0
0
0
0
0
0
0
0
0
0
0
0
0
0
0
0
0
0
0
0
0
0
0
0
0
0
0
0
0
0
0
0
0
0
0
0
0
0
0
0
0
0
0
0
0
0
0
0
0
0
0
0
0
0
0
0
0
0
0
0
0
0
0
0
0
0
0
0
0
0
0
0
0
0
0
0
0
0
0
0
0
0
0
0
0
0
0
0
0
0
0
0
0
0
0
0
0
0
0
0
0
0
0
0
0
0
0
0
0
0
0
0
0
0
0
0
0
0
0
0
0
0
0
0
0
0
0
0
0
0
0
0
0
0
0
0
0
0
0
0
0
0
0
0
0
0
0
0
0
0
0
0
0
0
0
0
0
0
0
0
0
0
0
0
0
0
0
0
0
0
0
0
0
0
0
0
0
0
0
0
0
0
0
0
0
0
0
0
0
0
0
0
0
0
0
0
0
0
0
0
0
0
0
0
0
0
0
0
0
0
0
0
0
0
0
0
0
0
0
0
0
0
0
0
0
0
0
0
0
0
0
0
0
0
0
0
0
0
0
0
0
0
0
0
0
0
0
0
0
0
0
0
0
0
0
0
0
0
0
0
0
0
0
0
0
0
0
0
0
0
0
0
0
0
0
0
0
0
0
0
0
0
0
0
0
0
0
0
0
0
0
0
0
0
0
0
0
0
0
0
0
0
0
0
0
0
0
0
0
0
0
0
0
0
0
0
0
0
0
0
0
0
0
0
0
0
0
0
0
0
0
0
0
0
0
0
0
0
0
0
0
0
0
0
0
0
0
0
0
0
0
0
0
0
0
0
0
0
0
0
0
0
0
0
0
0
0
0
0
0
0
0
0
0
0
0
0
0
0
0
0
0
0
0
0
0
0
0
0
0
0
0
0
0
0
0
0
0
0
0
0
0
0
0
0
0
0
0
0
0
0
0
0
0
0
0
0
0
0
0
0
0
0
0
0
0
0
0
0
0
0
0
0
0
0
0
0
0
0
0
0
0
0
0
0
0
0
0
0
0
0
0
0
0
0
0
0
0
0
0
0
0
0
0
0
0
0
0
0
0
0
0
0
0
0
0
0
0
0
0
0
0
0
0
0
0
0
0
0
0
0
0
0
0
0
0
0
0
0
0
0
0
0
0
0
0
0
0
0
0
0
0
0
0
0
0
0
0
0
0
0
0
0
0
0
0
0
0
0
0
0
0
0
0
0
0
0
0
0
0
0
0
0
0
0
0
0
0
0
0
0
0
0
0
0
0
0
0
0
0
0
0
0
0
0
0
0
0
0
0
0
0
0
0
0
0
0
0
0
0
0
0
0
0
0
0
0
0
0
0
0
0
0
0
0
0
0
0
0
0
0
0
0
0
0
0
0
0
0
0
0
0
0
0
0
0
0
0
0
0
0
0
0
0
0
0
0
0
0
0
0
0
0
0
0
0
0
0
0
0
0
0
0
0
0
0
0
0
0
0
0
0
0
0
0
0
0
0
0
0
0
0
0
0
0
0
0
0
0
0
0
0
0
0
0
0
0
0
0
0
0
0
0
0
0
0
0
0
0
0
0
0
0
0
0
0
0
0
0
0
0
0
0
0
0
0
0
0
0
0
0
0
0
0
0
0
0
0
0
0
0
0
0
0
0
0
0
0
0
0
0
0
0
0
0
0
0
0
0
0
0
0
0
0
0
0
0
0
0
0
0
0
0
0
0
0
0
0
0
0
0
0
0
0
0
0
0
0
0
0
0
0
0
0
0
0
0
0
0
0
0
0
0
0
0
0
0
0
0
0
0
0
0
0
0
0
0
0
0
0
0
0
0
0
0
0
0
0
0
0
0
0
0
0
0
0
0
0
0
0
0
0
0
0
0
0
0
0
0
0
0
0
0
0
0
0
0
0
0
0
0
0
0
0
0
0
0
0
0
0
0
0
0
0
0
0
0
0
0
0
0
0
0
0
0
0
0
0
0
0
0
0
0
0
0
0
0
0
0
0
0
0
0
0
0
0
0
0
0
0
0
0
0
0
0
0
0
0
0
0
0
0
0
0
0
0
0
0
0
0
0
0
0
0
0
0
0
0
0
0
0
0
0
0
0
0
0
0
0
0
0
0
0
0
0
0
0
0
0
0
0
0
0
0
0
0
0
0
0
0
0
0
0
0
0
0
0
0
0
0
0
0
0
0
0
0
0
0
0
0
0
0
0
0
0
0
0
0
0
0
0
0
0
0
0
0
0
0
0
0
0
0
0
0
0
0
0
0
0
0
0
0
0
0
0
0
0
0
0
0
0
0
0
0
0
0
0
0
0
0
0
0
0
0
0
0
0
0
0
0
0
0
0
0
0
0
0
0
0
0
0
0
0
0
0
0
0
0
0
0
0
0
0
0
0
0
0
0
0
0
0
0
0
0
0
0
0
0
0
0
0
0
0
0
0
0
0
0
0
0
0
0
0
0
0
0
0
0
0
0
0
0
0
0
0
0
0
0
0
0
0
0
0
0
0
0
0
0
0
0
0
0
0
0
0
0
0
0
0
0
0
0
0
0
0
0
0
0
0
0
0
0
0
0
0
0
0
0
0
0
0
0
0
0
0
0
0
0
0
0
0
0
0
0
0
0
0
0
0
0
0
0
0
0
0
0
0
0
0
0
0
0
0
0
0
0
0
0
0
0
0
0
0
0
0
0
0
0
0
0
0
0
0
0
0
0
0
0
0
0
0
0
0
0
0
0
0
0
0
0
0
0
0
0
0
0
0
0
0
0
0
0
0
0
0
0
0
0
0
0
0
0
0
0
0
0
0
0
0
0
0
0
0
0
0
0
0
0
0
0
0
0
0
0
0
0
0
0
0
0
0
0
0
0
0
0
0
0
0
0
0
0
0
0
0
0
0
0
0
0
0
0
0
0
0
0
0
0
0
0
0
0
0
0
0
0
0
0
0
0
0
0
0
0
0
0
0
0
0
0
0
0
0
0
0
0
0
0
0
0
0
0
0
0
0
0
0
0
0
0
0
0
0
0
0
0
0
0
0
0
0
0
0
0
0
0
0
0
0
0
0
0
0
0
0
0
0
0
0
0
0
0
0
0
0
0
0
0
0
0
0
0
0
0
0
0
0
0
0
0
0
0
0
0
0
0
0
0
0
0
0
0
0
0
0
0
0
0
0
0
0
0
0
0
0
0
0
0
0
0
0
0
0
0
0
0
0
0
0
0
0
0
0
0
0
0
0
0
0
0
0
0
0
0
0
0
0
0
0
0
0
0
0
0
0
0
0
0
0
0
0
0
0
0
0
0
0
0
0
0
0
0
0
0
0
0
0
0
0
0
0
0
0
0
0
0
0
0
0
0
0
0
0
0
0
0
0
0
0
0
0
0
0
0
0
0
0
0
0
0
0
0
0
0
0
0
0
0
0
0
0
0
0
0
0
0
0
0
0
0
0
0
0
0
0
0
0
0
0
0
0
0
0
0
0
0
0
0
0
0
0
0
0
0
0
0
0
0
0
0
0
0
0
0
0
0
0
0
0
0
0
0
0
0
0
0
0
0
0
0
0
0
0
0
0
0
0
0
0
0
0
0
0
0
0
0
0
0
0
0
0
0
0
0
0
0
0
0
0
0
0
0
0
0
0
0
0
0
0
0
0
0
0
0
0
0
0
0
0
0
0
0
0
0
0
0
0
0
0
0
0
0
0
0
0
0
0
0
0
0
0
0
0
0
0
0
0
0
0
0
0
0
0
0
0
0
0
0
0
0
0
0
0
0
0
0
0
0
0
0
0
0
0
0
0
0
0
0
0
0
0
0
0
0
0
0
0
0
0
0
0
0
0
0
0
0
0
0
0
0
0
0
0
0
0
0
0
0
0
0
0
0
0
0
0
0
0
0
0
0
0
0
0
0
0
0
0
0
0
0
0
0
0
0
0
0
0
0
0
0
0
0
0
0
0
0
0
0
0
0
0
0
0
0
0
0
0
0
0
0
0
0
0
0
0
0
0
0
0
0
0
0
0
0
0
0
0
0
0
0
0
0
0
0
0
0
0
0
0
0
0
0
0
0
0
0
0
0
0
0
0
0
0
0
0
0
0
0
0
0
0
0
0
0
0
0
0
0
0
0
0
0
0
0
0
0
0
0
0
0
0
0
0
0
0
0
0
0
0
0
0
0
0
0
0
0
0
0
0
0
0
0
0
0
0
0
0
0
0
0
0
0
0
0
0
0
0
0
0
0
0
0
0
0
0
0
0
0
0
0
0
0
0
0
0
0
0
0
0
0
0
0
0
0
0
0
0
0
0
0
0
0
0
0
0
0
0
0
0
0
0
0
0
0
0
0
0
0
0
0
0
0
0
0
0
0
0
0
0
0
0
0
0
0
0
0
0
0
0
0
0
0
0
0
0
0
0
0
0
0
0
0
0
0
0
0
0
0
0
0
0
0
0
0
0
0
0
0
0
0
0
0
0
0
0
0
0
0
0
0
0
0
0
0
0
0
0
0
0
0
0
0
0
0
0
0
0
0
0
0
0
0
0
0
0
0
0
0
0
0
0
0
0
0
0
0
0
0
0
0
0
0
0
0
0
0
0
0
0
0
0
0
0
0
0
0
0
0
0
0
0
0
0
0
0
0
0
0
0
0
0
0
0
0
0
0
0
0
0
0
0
0
0
0
0
0
0
0
0
0
0
0
0
0
0
0
0
0
0
0
0
0
0
0
0
0
0
0
0
0
0
0
0
0
0
0
0
0
0
0
0
0
0
0
0
0
0
0
0
0
0
0
0
0
0
0
0
0
0
0
0
0
0
0
0
0
0
0
0
0
0
0
0
0
0
0
0
0
0
0
0
0
0
0
0
0
0
0
0
0
0
0
0
0
0
0
0
0
0
0
0
0
0
0
0
0
0
0
0
0
0
0
0
0
0
0
0
0
0
0
0
0
0
0
0
0
0
0
0
0
0
0
0
0
0
0
0
0
0
0
0
0
0
0
0
0
0
0
0
0
0
0
0
0
0
0
0
0
0
0
0
0
0
0
0
0
0
0
0
0
0
0
0
0
0
0
0
0
0
0
0
0
0
0
0
0
0
0
0
0
0
0
0
0
0
0
0
0
0
0
0
0
0
0
0
0
0
0
0
0
0
0
0
0
0
0
0
0
0
0
0
0
0
0
0
0
0
0
0
0
0
0
0
0
0
0
0
0
0
0
0
0
0
0
0
0
0
0
0
0
0
0
0
0
0
0
0
0
0
0
0
0
0
0
0
0
0
0
0
0
0
0
0
0
0
0
0
0
0
0
0
0
0
0
0
0
0
0
0
0
0
0
0
0
0
0
0
0
0
0
0
0
0
0
0
0
0
0
0
0
0
0
0
0
0
0
0
0
0
0
0
0
0
0
0
0
0
0
0
0
0
0
0
0
0
0
0
0
0
0
0
0
0
0
0
0
0
0
0
0
0
0
0
0
0
0
0
0
0
0
0
0
0
0
0
0
0
0
0
0
0
0
0
0
0
0
0
0
0
0
0
0
0
0
0
0
0
0
0
0
0
0
0
0
0
0
0
0
0
0
0
0
0
0
0
0
0
0
0
0
0
0
0
0
0
0
0
0
0
0
0
0
0
0
0
0
0
0
0
0
0
0
0
0
0
0
0
0
0
0
0
0
0
0
0
0
0
0
0
0
0
0
0
0
0
0
0
0
0
0
0
0
0
0
0
0
0
0
0
0
0
0
0
0
0
0
0
0
0
0
0
0
0
0
0
0
0
0
0
0
0
0
0
0
0
0
0
0
0
0
0
0
0
0
0
0
0
0
0
0
0
0
0
0
0
0
0
0
0
0
0
0
0
0
0
0
0
0
0
0
0
0
0
0
0
0
0
0
0
0
0
0
0
0
0
0
0
0
0
0
0
0
0
0
0
0
0
0
0
0
0
0
0
0
0
0
0
0
0
0
0
0
0
0
0
0
0
0
0
0
0
0
0
0
0
0
0
0
0
0
0
0
0
0
0
0
0
0
0
0
0
0
0
0
0
0
0
0
0
0
0
0
0
0
0
0
0
0
0
0
0
0
0
0
0
0
0
0
0
0
0
0
0
0
0
0
0
0
0
0
0
0
0
0
0
0
0
0
0
0
0
0
0
0
0
0
0
0
0
0
0
0
0
0
0
0
0
0
0
0
0
0
0
0
0
0
0
0
0
0
0
0
0
0
0
0
0
0
0
0
0
0
0
0
0
0
0
0
0
0
0
0
0
0
0
0
0
0
0
0
0
0
0
0
0
0
0
0
0
0
0
0
0
0
0
0
0
0
0
0
0
0
0
0
0
0
0
0
0
0
0
0
0
-1
0
0
0
0
0
0
0
0
0
0
0
0
0
0
0
0
0
0
0
-1
0
2
2
2
2
2
2
2
1
2
3
3
3
4
4
3
3
3
4
4
3
3
3
3
3
2
2
2
2
1
1
2
1
1
1
2
2
2
2
2
2
2
1
0
0
0
0
0
0
-1
-1
-1
-1
-1
-1
-1
0
0
0
0
-1
-1
-1
-1
-1
-1
-1
-1
-1
-1
-1
-1
-1
-1
-1
-1
0
0
0
0
-1
-1
-1
-1
-1
-1
-1
-1
-1
-1
-1
-2
-2
-2
-2
-1
-1
-1
-2
-2
-2
-2
-2
-3
-2
-2
-2
-2
-2
-2
-2
-2
-2
-2
-1
-1
-2
-2
-2
-2
-2
-2
-2
-2
-2
-2
-2
-2
-2
-2
-2
-1
-2
-2
-2
-2
-2
-2
-2
-2
-2
-2
-2
-2
-2
-2
-2
-2
-3
-4
-4
-3
-3
-3
-4
-4
-3
-3
-3
-3
-3
-4
-4
-4
-4
-5
-5
-4
-4
-4
-4
-4
-4
-3
-3
-3
-3
-3
-4
-5
-5
-5
-4
-4
-4
-4
-4
-5
-4
-4
-4
-4
-4
-4
-5
-4
-4
-4
-4
-4
-4
-4
-4
-4
-4
-4
-4
-5
-5
-5
-5
-5
-5
-4
-4
-4
-4
-4
-4
-4
-5
-5
-5
-5
-4
-4
-5
-5
-5
-5
-5
-5
-5
-5
-4
-5
-5
-5
-5
-5
-5
-5
-5
-5
-4
-4
-4
-4
-4
-3
-3
-4
-5
-5
-3
-2
-3
-4
-4
-3
-2
-3
-4
-3
-2
-2
-2
-2
-2
-2
-3
-4
-4
-3
-4
-4
-4
-4
-3
-3
-2
-2
-2
-3
-3
-3
-3
-3
-2
-2
-2
-2
-2
-2
-1
-1
-1
-2
-1
-1
-1
-1
-1
-1
-1
-1
-2
-1
0
0
-2
-2
-1
0
0
0
-1
0
0
-1
-1
-1
0
1
2
2
1
1
1
1
0
0
0
1
1
2
3
4
3
2
3
3
3
2
2
2
2
2
2
2
2
2
2
2
2
2
2
2
1
1
2
2
2
2
2
2
2
2
2
1
1
1
1
2
2
2
3
3
3
3
4
4
4
4
4
4
4
4
4
4
4
3
3
4
4
4
4
4
4
4
4
4
4
5
5
4
4
3
3
4
3
3
3
3
3
4
4
3
3
3
3
3
3
4
4
4
4
3
3
3
3
4
4
4
4
4
4
4
4
4
4
4
4
4
5
4
4
5
5
5
5
5
5
4
4
4
4
4
4
4
4
4
4
3
4
5
5
5
5
4
5
5
5
4
3
3
2
2
2
3
3
3
4
4
4
3
3
4
4
4
4
4
4
4
3
4
5
5
5
5
5
5
4
4
5
5
5
4
3
3
3
5
5
5
4
2
3
3
4
4
4
4
4
4
4
4
5
5
4
4
4
5
4
4
3
4
4
4
3
4
4
4
3
2
3
4
3
2
3
3
3
2
2
2
2
3
3
3
3
4
4
3
2
2
2
3
3
2
2
2
2
2
2
2
2
2
2
2
1
1
2
2
2
3
3
2
2
2
2
2
2
2
2
3
3
2
2
2
2
2
3
3
3
3
3
4
4
3
3
3
3
2
2
2
2
2
2
2
2
2
2
2
2
2
3
3
2
2
2
2
2
2
2
1
1
1
1
2
1
2
2
3
3
3
2
2
2
2
2
3
3
3
2
2
2
3
3
3
3
2
2
2
2
2
2
1
2
2
3
3
2
2
2
2
2
2
3
3
3
3
3
3
3
3
2
2
3
3
3
3
3
2
2
2
2
2
3
3
3
3
2
2
2
2
3
3
3
4
4
4
3
4
4
3
3
2
2
2
2
2
3
2
1
1
1
2
2
2
2
1
1
1
1
1
0
0
0
1
1
1
1
1
0
0
0
1
1
2
2
2
1
0
1
1
1
0
0
0
0
0
1
0
-1
-2
-2
-1
-1
-1
-1
-1
-1
-2
-2
-3
-2
-2
-2
-2
-2
-2
-2
-2
-3
-3
-2
-1
-1
-2
-2
-2
-2
-2
-2
-2
-2
-2
-2
-1
-2
-3
-3
-2
-2
-3
-3
-3
-3
-3
-4
-3
-3
-3
-3
-3
-3
-3
-3
-4
-4
-4
-4
-4
-4
-4
-4
-4
-4
-4
-4
-4
-5
-5
-6
-7
-6
-6
-5
-6
-5
-5
-5
-5
-5
-5
-6
-6
-6
-6
-7
-7
-8
-7
-5
-5
-6
-7
-7
-7
-6
-6
-7
-7
-8
-8
-8
-8
-8
-8
-7
-7
-7
-8
-8
-8
-8
-8
-8
-8
-8
-8
-8
-9
-9
-9
-9
-9
-9
-10
-10
-10
-11
-12
-12
-11
-10
-11
-12
-11
-10
-10
-11
-11
-10
-11
-11
-11
-11
-11
-11
-10
-10
-11
-13
-13
-12
-11
-10
-10
-10
-11
-12
-12
-11
-10
-11
-10
-10
-10
-11
-12
-13
-13
-13
-12
-12
-12
-13
-13
-12
-12
-12
-13
-13
-13
-13
-13
-13
-13
-13
-13
-13
-13
-13
-13
-13
-13
-13
-14
-14
-14
-14
-13
-12
-13
-15
-16
-15
-14
-14
-14
-14
-14
-15
-14
-13
-12
-13
-14
-15
-14
-14
-14
-14
-14
-13
-13
-14
-14
-13
-13
-13
-14
-15
-14
-13
-13
-14
-14
-14
-14
-14
-13
-12
-12
-12
-13
-13
-13
-13
-13
-12
-12
-13
-13
-13
-13
-13
-13
-13
-13
-12
-12
-12
-12
-11
-12
-12
-13
-12
-12
-13
-13
-12
-12
-12
-12
-12
-11
-11
-11
-11
-11
-11
-11
-11
-11
-11
-11
-11
-11
-11
-10
-10
-10
-10
-10
-9
-9
-9
-9
-10
-9
-9
-9
-9
-9
-8
-9
-9
-9
-8
-8
-9
-9
-9
-9
-9
-9
-8
-8
-8
-8
-7
-7
-8
-8
-8
-7
-7
-8
-8
-7
-7
-8
-8
-7
-7
-6
-7
-7
-7
-6
-5
-6
-6
-6
-6
-6
-7
-7
-6
-5
-4
-4
-4
-4
-4
-3
-3
-3
-3
-4
-4
-4
-4
-4
-3
-3
-2
-3
-3
-3
-2
-1
-1
-1
-1
-2
-2
-2
-2
-2
-1
-1
0
0
-1
-2
-1
0
0
0
0
0
0
1
1
1
1
1
1
1
1
1
2
2
2
2
2
2
2
2
3
3
3
3
3
2
3
4
5
5
4
3
4
5
6
6
6
6
6
6
7
7
8
8
7
7
8
8
8
8
8
9
9
9
8
9
9
9
9
9
10
11
11
10
10
10
10
10
10
11
12
12
12
12
11
11
11
12
13
12
12
12
13
13
13
14
14
14
14
14
14
15
15
15
15
15
15
15
15
15
15
15
15
16
16
16
15
15
15
16
16
16
15
15
16
16
16
16
16
16
17
17
17
16
16
16
17
17
17
16
17
17
16
16
16
16
16
16
16
16
16
16
16
17
17
16
15
16
16
16
16
15
15
16
16
16
16
16
15
15
15
15
15
16
16
16
15
15
15
15
15
15
15
15
14
15
15
15
15
14
14
14
14
14
13
13
13
14
14
14
13
13
14
14
14
14
14
15
15
14
14
14
14
14
14
15
15
15
14
15
15
15
15
15
15
16
16
16
15
15
15
15
16
16
15
15
15
15
16
15
15
15
16
16
16
15
15
15
15
16
16
16
16
16
16
16
16
16
16
15
14
15
15
15
15
15
15
15
14
14
14
14
14
15
15
14
14
14
15
15
14
14
15
15
14
14
14
14
13
13
13
14
14
14
13
13
13
13
13
13
13
14
13
13
12
12
13
13
12
12
12
12
13
12
12
12
12
12
12
12
12
12
11
11
11
11
11
10
10
10
10
10
10
10
10
9
9
8
9
9
9
9
9
9
9
9
8
8
8
8
8
8
8
8
8
8
7
7
7
7
7
6
6
6
6
6
6
6
6
6
6
5
4
4
4
5
5
5
5
5
4
3
3
3
3
3
3
3
2
2
2
2
2
2
2
2
2
1
1
2
2
1
0
0
0
0
0
0
0
0
0
-1
-1
-1
-1
-1
-1
0
-1
-2
-2
-2
-2
-3
-3
-2
-3
-3
-3
-3
-3
-3
-4
-4
-4
-4
-4
-4
-4
-4
-4
-4
-5
-6
-6
-5
-5
-5
-6
-6
-6
-6
-7
-7
-7
-7
-8
-8
-9
-9
-9
-9
-8
-7
-8
-9
-9
-9
-9
-9
-9
-10
-10
-11
-10
-9
-9
-10
-10
-10
-10
-11
-11
-11
-10
-10
-11
-11
-11
-11
-12
-13
-13
-13
-12
-12
-13
-13
-12
-13
-13
-14
-13
-13
-13
-13
-13
-13
-13
-14
-14
-15
-14
-13
-13
-14
-14
-13
-13
-14
-14
-14
-13
-13
-14
-15
-14
-15
-15
-15
-14
-15
-15
-15
-14
-14
-15
-15
-16
-16
-16
-15
-15
-15
-16
-16
-16
-16
-16
-17
-17
-17
-17
-16
-16
-17
-16
-16
-16
-16
-16
-16
-16
-16
-16
-16
-16
-16
-16
-16
-16
-16
-15
-15
-15
-15
-15
-15
-16
-16
-15
-15
-16
-16
-15
-15
-15
-16
-16
-16
-16
-16
-17
-17
-17
-17
-16
-17
-17
-17
-17
-17
-17
-17
-17
-17
-16
-16
-17
-17
-16
-16
-16
-16
-16
-16
-16
-15
-15
-15
-15
-15
-15
-15
-16
-15
-15
-14
-14
-15
-15
-15
-15
-15
-16
-15
-15
-15
-15
-15
-15
-15
-15
-15
-15
-15
-15
-14
-14
-15
-15
-14
-14
-15
-16
-16
-16
-16
-16
-15
-14
-14
-15
-14
-14
-14
-16
-16
-14
-13
-14
-14
-14
-13
-13
-14
-13
-13
-13
-13
-13
-13
-13
-14
-13
-12
-11
-12
-12
-13
-13
-13
-11
-10
-11
-12
-13
-13
-12
-11
-11
-11
-11
-11
-11
-11
-11
-10
-10
-10
-11
-10
-9
-9
-9
-9
-9
-9
-9
-9
-9
-9
-9
-9
-9
-9
-8
-8
-8
-8
-8
-8
-8
-8
-8
-8
-7
-7
-7
-6
-5
-5
-6
-7
-7
-7
-6
-6
-6
-6
-5
-5
-5
-5
-5
-5
-5
-5
-4
-4
-5
-5
-5
-3
-3
-3
-4
-5
-4
-4
-4
-4
-5
-4
-3
-2
-2
-3
-4
-4
-3
-3
-2
-3
-2
-2
-1
-1
-2
-2
-2
-2
0
0
-1
-2
-2
-1
0
0
-1
-1
-1
0
1
0
0
0
0
0
0
1
2
2
1
0
0
1
1
0
1
3
3
2
0
0
2
2
2
2
3
3
4
3
3
2
2
3
3
4
5
5
3
2
3
5
5
3
2
3
4
3
3
5
6
7
6
5
5
6
7
7
7
6
5
4
4
5
7
9
8
6
5
6
7
5
4
5
6
6
5
4
5
6
7
6
5
5
4
4
4
5
6
5
3
3
7
9
8
5
4
6
7
6
7
9
10
9
7
5
4
5
7
9
9
8
8
9
8
7
7
8
8
8
11
13
13
10
9
9
9
7
7
9
9
9
9
11
12
10
9
9
8
5
3
5
9
11
11
10
9
8
7
7
6
6
6
7
8
9
10
11
10
7
5
5
7
9
11
12
12
9
6
5
5
7
7
5
3
3
5
8
9
9
9
7
5
4
6
8
9
9
9
9
7
6
7
7
6
5
7
9
10
9
10
9
6
5
6
6
5
5
9
12
12
9
9
9
8
7
7
7
5
4
8
13
14
12
10
10
9
7
8
11
11
10
10
12
13
10
8
7
6
6
8
12
14
13
12
10
8
8
12
17
18
14
9
7
9
9
9
9
8
8
7
8
11
13
11
6
3
6
9
7
4
4
6
7
4
3
6
10
11
9
6
4
2
2
5
6
8
9
10
8
7
12
16
13
7
8
12
11
3
0
7
13
9
3
4
11
15
14
13
10
6
4
7
10
11
11
10
8
6
7
9
7
-1
-5
1
10
11
6
4
6
4
-3
-6
-2
5
7
3
1
1
2
-1
-3
-2
1
2
1
5
11
13
6
-5
-9
-4
5
10
11
9
6
6
7
3
-2
-2
4
10
8
3
1
0
-1
1
9
16
10
-1
-3
5
10
8
5
6
8
5
3
5
8
11
14
16
11
4
2
6
9
3
-1
3
8
7
6
9
10
5
1
3
6
3
-4
-5
0
5
5
5
3
-1
-3
4
10
7
-3
-6
0
5
4
-1
-2
-4
-9
-13
-10
-7
-8
-13
-12
-8
-9
-21
-31
-24
-6
7
5
-4
-7
-2
-1
-3
-4
0
6
12
13
7
-6
-16
-15
-9
-6
-8
-11
-14
-17
-17
-12
-14
-27
-37
-25
-4
0
-13
-15
0
7
-4
-14
-7
6
6
-4
-10
-8
-9
-11
-6
3
6
1
-6
-10
-15
-17
-16
-11
-6
-4
-9
-17
-20
-13
-6
-10
-20
-21
-14
-9
-12
-16
-19
-20
-23
-21
-19
-23
-27
-18
-5
-7
-20
-25
-20
-20
-29
-33
-21
-9
-13
-28
-36
-34
-28
-24
-23
-22
-20
-13
-9
-14
-19
-17
-18
-30
-40
-34
-27
-35
-38
-3
52
69
28
-15
-9
23
34
27
35
56
60
43
32
34
34
21
10
12
17
18
19
25
30
32
38
44
43
41
45
45
35
29
40
51
39
9
-9
-10
-13
-24
-23
-4
9
4
-8
-17
-35
-56
-65
-62
-62
-60
-36
1
20
9
-12
-27
-45
-72
-92
-92
-86
-84
-75
-59
-57
-73
-85
-82
-80
-81
-74
-65
-68
-78
-72
-52
-47
-65
-81
-75
-65
-68
-69
-53
-39
-45
-58
-58
-52
-55
-60
-59
-58
-59
-55
-38
-19
-13
-24
-39
-43
-35
-27
-26
-28
-22
-7
2
-3
-12
-10
-2
-4
-8
-2
12
15
9
9
16
20
11
-3
-10
-4
10
20
19
13
9
5
0
-1
8
17
18
10
8
13
13
2
-9
-10
-7
-5
-5
-7
-14
-20
-15
-5
3
7
9
5
2
5
9
1
-9
-4
8
8
-8
-22
-27
-32
-45
-46
-30
-15
-10
1
15
8
-15
-14
5
-12
-74
-114
-92
-50
-32
-23
7
29
4
-39
-38
8
44
53
63
74
54
2
-41
-51
-43
-34
-21
-4
3
-5
-15
-16
-12
-20
-37
-45
-36
-23
-26
-35
-32
-11
5
2
-8
-3
10
16
15
23
26
10
-11
-14
-7
-12
-24
-22
-12
-14
-27
-30
-20
-12
-8
-1
4
-13
-38
-44
-28
-22
-31
-25
-1
15
17
29
53
62
46
30
31
28
4
-18
-2
35
47
23
4
9
5
-44
-107
-117
-55
25
65
67
73
91
87
55
30
34
45
40
31
34
38
22
0
-7
2
8
6
5
5
2
4
11
6
-15
-27
-13
1
-15
-49
-74
-85
-90
-79
-36
18
40
28
20
40
65
79
91
103
93
56
12
-24
-55
-79
-82
-65
-53
-67
-89
-90
-70
-49
-28
0
31
46
51
63
81
82
55
20
3
9
26
42
55
55
36
12
7
20
25
10
-2
8
22
19
9
16
41
56
49
37
33
31
26
33
59
82
86
76
64
51
35
27
34
47
53
56
63
64
52
38
39
47
42
31
26
22
5
-14
-12
7
14
-1
-18
-24
-28
-32
-18
5
3
-23
-33
-9
9
-3
-4
45
112
133
110
96
103
89
37
-5
-4
17
27
28
32
27
-3
-42
-59
-42
-10
10
17
30
51
60
46
28
32
49
52
40
42
64
70
41
17
31
50
29
-14
-24
6
34
30
10
5
18
27
15
-15
-41
-40
-16
5
16
31
53
56
31
12
21
31
17
-2
6
27
25
1
-13
-2
16
23
25
24
13
-7
-25
-39
-59
-78
-81
-66
-47
-30
-8
20
49
71
81
80
77
80
89
99
112
125
125
93
38
2
5
17
4
-19
-9
36
77
84
73
72
82
86
72
46
20
5
9
28
46
49
40
36
45
60
79
99
117
121
110
91
78
66
48
25
11
18
36
39
13
-19
-25
-9
-7
-24
-30
-7
15
9
0
24
62
64
30
8
12
9
-7
-10
11
26
28
37
53
39
-17
-66
-63
-27
-10
-21
-30
-22
-14
-10
-2
16
38
52
44
12
-13
-9
-3
-23
-40
-3
71
102
50
-16
-12
47
81
62
34
34
46
46
23
-16
-53
-68
-58
-50
-64
-93
-107
-92
-60
-33
-13
9
32
53
74
93
93
59
11
-2
38
86
94
70
66
89
93
59
29
34
42
17
-13
-10
4
-23
-85
-118
-93
-51
-40
-50
-45
-24
-18
-35
-46
-18
40
86
91
76
74
78
62
31
25
50
61
40
25
42
58
30
-18
-28
-11
-31
-104
-157
-132
-72
-57
-90
-99
-39
43
74
43
7
-1
-4
-22
-27
3
49
76
80
70
52
40
50
71
65
28
1
3
-5
-54
-96
-79
-38
-34
-47
-25
-2
-35
-82
-56
30
79
60
42
59
58
5
-45
-39
-16
-16
-11
26
52
34
11
16
16
-18
-52
-42
-9
1
-14
-23
-26
-47
-73
-71
-41
-16
-8
0
2
-15
-37
-37
-23
-24
-39
-38
-11
13
8
-8
-6
9
9
-5
-6
7
3
-27
-40
-14
17
7
-34
-60
-57
-53
-60
-59
-52
-63
-92
-104
-86
-71
-72
-56
-3
47
55
39
31
30
16
-9
-19
-11
-4
-9
-16
-14
-13
-23
-40
-49
-44
-40
-57
-91
-103
-75
-40
-31
-23
19
75
90
58
27
23
21
1
-16
-14
-16
-40
-56
-28
26
55
47
31
31
35
24
-7
-41
-53
-38
-13
-5
-16
-27
-31
-39
-54
-55
-38
-31
-49
-63
-38
8
27
12
-3
0
-2
-19
-23
-4
4
-21
-51
-52
-40
-42
-52
-47
-34
-36
-53
-72
-96
-128
-143
-121
-86
-78
-86
-72
-45
-42
-56
-45
-5
23
21
10
14
36
62
78
79
63
40
13
-30
-96
-145
-143
-114
-108
-124
-130
-134
-162
-196
-199
-171
-135
-85
-6
76
115
113
108
103
64
2
-23
1
15
-7
-15
27
80
90
63
34
20
11
-10
-48
-88
-104
-89
-65
-61
-71
-63
-37
-33
-66
-99
-93
-53
-12
-1
-28
-63
-56
-6
17
-34
-106
-116
-60
-9
-11
-31
-21
21
67
96
89
33
-36
-66
-58
-63
-97
-128
-140
-145
-146
-139
-139
-161
-172
-123
-39
-9
-52
-72
1
99
120
81
65
94
116
103
81
73
61
31
2
-3
8
10
-7
-32
-49
-52
-51
-59
-80
-93
-79
-45
-18
-10
-9
5
30
40
16
-9
8
49
49
-1
-34
-13
15
-1
-38
-49
-35
-32
-42
-37
-27
-40
-60
-52
-27
-24
-33
-27
-19
-29
-37
-27
-26
-39
-31
4
18
-6
-20
1
1
-60
-109
-63
23
46
26
52
94
64
-9
-28
-14
-52
-126
-140
-87
-51
-60
-56
-14
12
1
5
45
65
42
28
51
66
60
69
84
63
23
19
43
43
14
-3
2
1
-20
-36
-30
-23
-24
-23
-25
-49
-65
-34
10
11
-13
-2
31
32
10
16
46
56
35
16
6
-14
-31
-13
29
38
6
-20
-27
-47
-75
-62
-14
2
-32
-56
-39
-22
-43
-66
-51
-13
10
24
50
71
57
32
42
71
62
16
1
38
62
24
-21
-12
21
10
-34
-45
-19
-14
-46
-67
-51
-37
-45
-37
7
37
22
7
37
91
120
112
82
45
19
16
24
21
21
59
118
136
83
13
-13
-11
-31
-64
-66
-38
-22
-28
-29
-12
4
-3
-18
-8
31
59
50
38
62
104
120
114
114
111
81
49
48
55
20
-40
-60
-37
-43
-103
-144
-121
-85
-72
-45
6
28
23
51
95
69
-13
-34
33
64
-11
-85
-50
25
18
-40
-33
29
49
25
20
31
14
-10
-2
27
50
70
79
51
-2
-22
11
55
82
120
162
132
14
-70
-42
5
-22
-54
-6
57
39
-14
-14
18
6
-25
3
71
85
28
-11
15
53
53
42
43
38
21
17
27
35
48
71
80
54
21
19
38
36
-1
-41
-51
-32
-5
9
-6
-53
-105
-123
-98
-54
-9
33
71
98
106
90
54
23
23
46
55
23
-37
-81
-76
-38
-16
-34
-56
-36
22
64
68
58
59
58
27
-27
-75
-92
-74
-26
28
53
42
26
30
47
66
93
122
122
79
17
-34
-56
-41
1
47
77
93
106
106
78
43
33
30
-14
-90
-134
-127
-124
-147
-147
-96
-44
-30
-30
-10
11
6
-3
20
54
53
27
18
28
23
10
23
54
56
23
-1
6
19
15
8
20
34
25
-1
-26
-48
-72
-81
-58
-20
-6
-24
-33
-4
41
68
79
98
130
157
158
132
86
40
23
52
93
101
79
60
47
9
-49
-79
-61
-31
-23
-28
-21
-3
11
27
47
47
15
-13
-2
22
16
-16
-29
-2
35
56
60
59
61
63
61
56
49
44
45
53
52
27
-28
-93
-134
-137
-127
-134
-149
-135
-86
-42
-29
-28
-8
23
36
27
27
48
59
36
2
3
37
55
43
38
52
41
-15
-60
-45
-10
-25
-70
-69
-20
-9
-60
-97
-79
-59
-77
-86
-49
-2
19
41
81
101
81
63
84
102
71
35
57
103
96
57
63
107
112
64
22
3
-40
-122
-186
-186
-151
-123
-90
-34
13
16
8
37
86
99
82
87
118
117
67
33
63
109
97
40
4
1
-20
-69
-92
-67
-41
-51
-63
-41
-12
-10
-24
-34
-47
-70
-85
-84
-81
-82
-70
-35
-9
-16
-32
-20
9
21
20
24
37
54
80
106
109
90
79
83
79
53
27
14
-1
-29
-55
-62
-61
-75
-101
-118
-122
-119
-109
-92
-74
-57
-31
1
23
29
28
26
23
26
32
32
22
10
7
10
18
20
8
-5
10
53
81
55
-6
-45
-42
-33
-47
-71
-83
-83
-75
-61
-57
-75
-85
-51
-6
5
2
28
62
61
52
85
144
156
109
61
40
13
-29
-43
-25
-32
-76
-97
-79
-77
-106
-115
-84
-56
-56
-60
-48
-34
-21
1
24
22
0
-2
32
73
99
121
133
111
68
52
63
56
24
8
13
-1
-45
-87
-98
-87
-85
-114
-162
-192
-179
-146
-125
-116
-89
-36
14
35
38
39
30
22
46
91
103
75
67
98
107
67
34
47
55
11
-52
-82
-85
-104
-149
-179
-173
-148
-125
-112
-112
-114
-94
-45
2
23
20
4
-12
7
71
133
149
144
162
181
150
85
56
75
81
41
-8
-31
-57
-108
-147
-140
-114
-102
-92
-57
-14
12
25
45
67
75
67
56
52
60
81
114
144
153
138
114
85
52
18
-2
-6
-15
-36
-51
-48
-45
-63
-89
-92
-83
-100
-139
-146
-99
-54
-55
-62
-28
13
4
-34
-40
-13
-1
-12
-5
25
33
-6
-47
-46
-16
-6
-26
-53
-70
-81
-99
-121
-126
-92
-39
-9
-7
5
37
50
23
-15
-32
-34
-33
-16
24
64
73
55
37
28
20
19
31
39
34
32
43
44
25
13
24
39
34
20
14
17
28
56
98
128
123
95
69
45
15
-9
-6
17
35
40
43
52
59
58
43
23
16
24
25
0
-35
-46
-23
14
43
62
78
81
62
21
-31
-78
-104
-93
-49
-8
1
-11
-16
-11
-24
-67
-100
-87
-43
-23
-42
-58
-37
-5
-2
-17
-19
-8
-5
-10
-5
13
40
68
84
66
19
-14
-7
13
2
-27
-31
-9
-7
-32
-43
-13
31
49
31
-3
-14
14
48
42
5
-5
38
89
97
67
47
51
52
41
39
49
44
10
-32
-65
-96
-136
-182
-216
-218
-186
-140
-103
-78
-57
-29
12
71
132
168
171
161
153
134
89
40
18
11
-19
-74
-115
-121
-122
-138
-151
-139
-117
-103
-93
-72
-37
8
58
110
154
178
186
198
218
230
219
193
173
154
122
84
62
53
19
-61
-142
-174
-175
-195
-220
-201
-146
-122
-143
-146
-97
-28
22
58
94
113
101
78
68
62
45
26
15
-2
-32
-49
-35
-20
-31
-58
-75
-81
-80
-65
-39
-19
-12
-2
28
60
74
70
66
62
45
20
-1
-18
-34
-39
-29
-18
-21
-37
-60
-85
-105
-107
-91
-74
-70
-71
-54
-15
36
90
141
169
162
137
118
105
84
59
45
41
23
-14
-51
-74
-95
-122
-143
-152
-161
-174
-175
-158
-139
-133
-125
-95
-47
-4
32
71
104
116
117
135
161
170
161
157
157
135
90
49
28
16
-6
-35
-64
-92
-111
-110
-96
-96
-110
-114
-98
-86
-86
-73
-34
7
23
25
43
74
97
102
102
105
106
110
124
139
137
120
99
76
44
5
-32
-61
-84
-100
-108
-111
-107
-94
-72
-54
-51
-53
-44
-27
-15
-16
-23
-28
-30
-28
-25
-24
-28
-28
-16
7
28
40
44
48
58
76
93
96
83
70
66
61
39
7
-14
-22
-31
-49
-72
-88
-97
-99
-93
-78
-60
-41
-19
10
42
69
92
113
136
160
174
168
150
141
147
150
132
98
63
32
2
-24
-37
-35
-32
-41
-63
-92
-120
-133
-125
-106
-88
-73
-57
-42
-31
-16
8
35
55
71
92
118
134
134
125
115
103
84
56
25
-7
-35
-62
-93
-126
-150
-167
-185
-206
-216
-207
-188
-169
-142
-96
-41
3
31
55
78
91
92
95
105
117
128
141
156
162
159
152
142
123
92
55
17
-20
-49
-68
-86
-114
-143
-155
-152
-150
-149
-129
-94
-63
-45
-26
5
32
43
44
49
57
62
70
84
88
72
53
49
46
18
-28
-63
-77
-88
-106
-114
-101
-80
-65
-49
-22
10
33
49
70
99
128
149
163
175
183
181
164
135
106
96
99
94
71
55
66
85
78
46
19
12
7
-15
-45
-65
-69
-64
-56
-51
-55
-64
-58
-31
3
25
32
36
39
32
5
-29
-51
-58
-72
-103
-135
-152
-162
-179
-196
-186
-153
-130
-135
-144
-127
-96
-80
-74
-48
-3
30
29
12
7
20
34
28
-3
-42
-69
-77
-79
-88
-99
-97
-81
-65
-59
-58
-52
-43
-32
-18
-1
20
41
62
84
108
125
128
125
133
154
168
161
147
139
122
76
18
-14
-8
8
8
1
6
14
4
-24
-45
-43
-21
3
9
-2
-16
-21
-22
-27
-38
-45
-42
-38
-42
-52
-59
-57
-52
-56
-74
-95
-106
-104
-100
-98
-95
-92
-93
-99
-97
-92
-92
-95
-90
-81
-83
-93
-91
-73
-60
-65
-67
-48
-20
-8
-5
14
52
90
120
147
170
185
190
187
174
153
129
107
80
47
20
7
1
-16
-39
-47
-36
-22
-18
-7
25
74
118
149
173
202
233
253
260
263
269
275
273
262
246
228
206
182
159
139
119
99
81
67
54
38
23
15
12
6
-2
-4
3
10
10
10
22
41
53
50
43
42
44
38
23
2
-15
-28
-39
-52
-68
-80
-85
-89
-99
-107
-104
-95
-91
-92
-91
-89
-94
-103
-102
-88
-77
-73
-67
-56
-53
-62
-63
-46
-26
-20
-31
-52
-79
-103
-110
-100
-97
-111
-117
-102
-90
-111
-147
-164
-164
-182
-221
-249
-250
-248
-261
-271
-260
-242
-237
-241
-237
-231
-244
-272
-290
-288
-281
-286
-300
-312
-322
-330
-328
-315
-299
-288
-273
-242
-204
-181
-173
-158
-125
-92
-81
-82
-73
-48
-26
-20
-20
-19
-19
-22
-22
-16
-16
-25
-29
-12
19
45
64
96
147
202
239
256
269
297
340
380
398
400
414
443
463
456
443
454
479
489
481
478
490
502
502
503
510
513
515
533
561
565
541
527
544
563
548
522
523
539
521
468
429
422
410
371
337
336
344
323
285
267
275
273
247
223
222
232
232
222
210
196
178
166
169
175
164
139
123
120
110
81
44
22
12
-9
-46
-84
-107
-123
-146
-176
-199
-211
-221
-239
-258
-272
-283
-298
-315
-320
-313
-316
-337
-361
-370
-374
-390
-417
-440
-455
-471
-492
-511
-527
-547
-570
-587
-600
-615
-634
-648
-658
-675
-706
-742
-770
-786
-797
-815
-841
-862
-873
-884
-911
-947
-967
-964
-955
-960
-969
-962
-938
-913
-891
-858
-812
-755
-690
-623
-560
-498
-423
-346
-293
-264
-221
-145
-75
-57
-69
-55
-11
12
-5
-17
10
56
85
107
149
208
269
332
408
494
578
664
760
850
907
944
998
1075
1130
1136
1124
1133
1148
1121
1051
986
950
918
863
801
756
727
699
677
670
670
669
684
730
783
810
819
846
894
928
935
935
947
951
920
859
794
731
659
578
493
409
322
239
167
100
31
-35
-79
-92
-95
-106
-115
-99
-58
-20
-1
20
64
115
146
156
161
167
163
147
130
112
78
28
-19
-57
-103
-159
-202
-219
-229
-244
-259
-260
-249
-240
-234
-224
-208
-194
-185
-179
-180
-195
-220
-250
-286
-334
-392
-449
-498
-542
-599
-672
-745
-798
-835
-876
-923
-951
-957
-970
-1006
-1044
-1059
-1064
-1087
-1125
-1148
-1149
-1160
-1202
-1255
-1294
-1326
-1367
-1410
-1429
-1424
-1416
-1415
-1404
-1367
-1310
-1252
-1189
-1101
-989
-882
-789
-690
-572
-456
-365
-291
-216
-147
-104
-81
-56
-28
-18
-20
-9
19
38
51
85
144
200
249
327
448
579
692
808
952
1098
1209
1293
1385
1487
1560
1598
1629
1662
1667
1623
1555
1494
1437
1363
1271
1183
1112
1052
997
948
904
867
849
855
874
885
887
900
932
967
985
986
977
959
927
885
829
753
661
575
502
425
321
202
96
9
-77
-166
-241
-290
-319
-337
-343
-340
-331
-315
-285
-247
-212
-183
-150
-110
-75
-56
-41
-21
-2
1
-9
-22
-34
-48
-63
-77
-86
-91
-90
-80
-68
-63
-65
-58
-33
-1
15
19
30
53
64
45
12
-12
-27
-60
-112
-161
-196
-238
-301
-369
-424
-473
-529
-592
-654
-721
-795
-864
-918
-966
-1026
-1092
-1148
-1200
-1269
-1356
-1441
-1507
-1561
-1609
-1658
-1711
-1775
-1840
-1890
-1927
-1964
-1995
-1991
-1938
-1862
-1791
-1717
-1614
-1483
-1349
-1221
-1084
-932
-779
-637
-503
-377
-272
-196
-138
-85
-47
-32
-31
-29
-19
-9
3
23
53
96
158
246
352
468
601
765
958
1157
1347
1531
1710
1874
2012
2119
2201
2258
2291
2296
2267
2198
2101
1989
1870
1740
1602
1469
1354
1260
1180
1108
1053
1024
1023
1039
1059
1084
1116
1152
1180
1196
1199
1187
1154
1100
1028
934
813
668
516
366
214
53
-105
-243
-361
-472
-579
-668
-728
-760
-772
-768
-745
-699
-638
-576
-518
-463
-403
-343
-291
-252
-222
-194
-172
-164
-172
-187
-204
-219
-234
-252
-269
-280
-278
-264
-242
-219
-191
-150
-96
-40
7
51
102
160
211
250
276
293
298
287
260
224
182
132
76
15
-49
-116
-190
-273
-354
-426
-493
-564
-635
-703
-770
-847
-932
-1015
-1092
-1179
-1278
-1371
-1446
-1526
-1631
-1740
-1823
-1891
-1974
-2066
-2136
-2179
-2215
-2244
-2242
-2203
-2140
-2058
-1942
-1797
-1653
-1512
-1347
-1160
-986
-835
-674
-493
-342
-252
-193
-125
-66
-57
-81
-86
-62
-48
-52
-43
-7
41
102
200
339
498
667
868
1105
1349
1570
1779
1999
2214
2393
2527
2631
2706
2737
2718
2665
2589
2481
2338
2178
2025
1876
1719
1568
1450
1373
1316
1271
1254
1273
1309
1338
1371
1425
1490
1530
1536
1530
1519
1474
1375
1242
1102
950
764
554
352
160
-50
-276
-472
-618
-747
-887
-1000
-1045
-1043
-1052
-1068
-1041
-962
-882
-826
-753
-644
-545
-492
-452
-391
-341
-340
-362
-358
-344
-366
-417
-449
-454
-477
-524
-547
-523
-490
-475
-446
-381
-300
-230
-161
-74
23
111
190
270
344
395
425
445
458
457
440
406
353
292
230
159
65
-42
-134
-208
-294
-404
-511
-594
-675
-784
-901
-990
-1057
-1145
-1262
-1361
-1420
-1479
-1579
-1689
-1759
-1801
-1870
-1977
-2075
-2131
-2175
-2229
-2264
-2243
-2182
-2116
-2032
-1903
-1754
-1628
-1512
-1349
-1146
-967
-836
-699
-522
-365
-290
-269
-231
-182
-175
-211
-228
-205
-182
-178
-147
-59
52
153
283
483
723
949
1173
1447
1757
2027
2235
2439
2661
2827
2885
2890
2911
2919
2839
2683
2533
2410
2257
2053
1856
1709
1588
1470
1392
1381
1402
1422
1463
1550
1652
1724
1772
1827
1881
1894
1856
1793
1711
1582
1395
1174
943
697
428
146
-128
-376
-587
-765
-924
-1057
-1142
-1173
-1169
-1147
-1107
-1040
-951
-851
-746
-643
-561
-504
-459
-419
-406
-437
-487
-528
-567
-627
-696
-743
-770
-806
-854
-881
-868
-839
-813
-771
-693
-588
-475
-354
-221
-93
14
118
239
353
422
449
476
517
539
514
461
406
349
278
193
97
-14
-133
-236
-312
-385
-473
-559
-623
-681
-752
-833
-907
-977
-1053
-1126
-1188
-1247
-1316
-1394
-1484
-1591
-1715
-1835
-1951
-2087
-2244
-2370
-2424
-2440
-2455
-2439
-2347
-2210
-2078
-1938
-1752
-1548
-1379
-1219
-992
-718
-512
-408
-310
-170
-83
-126
-218
-247
-241
-284
-350
-344
-271
-223
-208
-127
58
268
449
667
981
1336
1654
1943
2249
2548
2775
2930
3057
3150
3159
3083
2983
2883
2747
2557
2354
2169
1983
1784
1607
1487
1417
1377
1379
1446
1558
1672
1773
1869
1955
2018
2061
2087
2078
2015
1904
1766
1597
1374
1098
799
507
226
-50
-318
-571
-796
-974
-1095
-1172
-1223
-1244
-1223
-1161
-1084
-1006
-928
-841
-744
-646
-560
-499
-468
-464
-484
-527
-591
-662
-726
-787
-848
-897
-929
-959
-992
-1007
-986
-941
-888
-815
-703
-568
-446
-330
-189
-25
113
207
295
400
487
518
515
522
534
517
465
407
345
255
133
15
-85
-191
-315
-422
-486
-532
-604
-699
-779
-833
-890
-969
-1051
-1116
-1170
-1227
-1292
-1364
-1449
-1556
-1683
-1823
-1971
-2130
-2292
-2436
-2540
-2587
-2578
-2534
-2462
-2352
-2193
-2007
-1824
-1642
-1435
-1196
-953
-727
-520
-337
-207
-142
-117
-116
-153
-234
-314
-349
-358
-376
-385
-335
-226
-104
31
233
517
826
1123
1447
1825
2203
2514
2770
3007
3200
3292
3293
3261
3199
3056
2843
2644
2485
2297
2044
1802
1648
1547
1438
1346
1345
1431
1536
1637
1771
1931
2050
2112
2166
2227
2236
2152
2016
1873
1698
1445
1136
826
525
208
-113
-393
-629
-851
-1055
-1201
-1271
-1297
-1302
-1272
-1194
-1089
-985
-888
-791
-703
-639
-596
-560
-539
-552
-599
-667
-742
-820
-901
-984
-1060
-1119
-1153
-1162
-1157
-1142
-1107
-1043
-954
-849
-730
-601
-469
-336
-196
-52
83
200
301
391
459
498
510
503
472
421
369
326
271
184
82
-9
-94
-192
-296
-380
-439
-491
-537
-566
-587
-629
-693
-750
-791
-846
-937
-1040
-1136
-1235
-1353
-1479
-1612
-1772
-1960
-2139
-2289
-2447
-2637
-2798
-2841
-2780
-2697
-2610
-2451
-2195
-1920
-1701
-1504
-1262
-989
-746
-539
-329
-127
-1
28
8
-34
-125
-272
-414
-495
-534
-571
-579
-509
-369
-206
-16
247
587
948
1302
1670
2065
2442
2760
3029
3261
3421
3474
3442
3361
3219
2993
2723
2476
2267
2051
1816
1612
1474
1381
1303
1266
1306
1407
1536
1687
1862
2030
2144
2209
2257
2287
2250
2132
1972
1796
1577
1285
945
610
294
-23
-336
-611
-835
-1020
-1174
-1281
-1331
-1334
-1293
-1206
-1091
-981
-886
-785
-679
-600
-572
-565
-544
-521
-540
-607
-688
-764
-842
-930
-1016
-1084
-1131
-1157
-1155
-1126
-1082
-1028
-950
-838
-704
-567
-432
-291
-150
-16
109
230
339
423
481
520
543
535
487
414
341
278
214
139
61
-7
-66
-126
-192
-249
-292
-326
-356
-380
-398
-424
-475
-542
-612
-690
-798
-937
-1080
-1209
-1342
-1506
-1681
-1825
-1945
-2094
-2289
-2476
-2607
-2714
-2838
-2936
-2919
-2777
-2596
-2422
-2204
-1904
-1590
-1349
-1154
-922
-652
-430
-281
-148
-7
70
31
-74
-172
-276
-424
-577
-655
-648
-611
-551
-412
-172
118
418
751
1143
1556
1939
2295
2649
2981
3242
3421
3537
3588
3540
3390
3176
2933
2666
2385
2124
1909
1725
1561
1440
1382
1373
1392
1449
1565
1731
1906
2062
2194
2299
2362
2369
2322
2224
2071
1868
1620
1334
1016
678
334
-1
-306
-568
-785
-971
-1124
-1228
-1273
-1277
-1253
-1190
-1080
-948
-828
-724
-621
-534
-502
-522
-552
-568
-598
-672
-771
-853
-916
-991
-1084
-1169
-1222
-1245
-1246
-1224
-1173
-1098
-1001
-882
-739
-580
-418
-258
-100
50
184
294
382
452
503
531
535
519
485
426
339
233
134
57
-3
-57
-103
-125
-121
-111
-115
-131
-145
-151
-156
-171
-203
-254
-323
-411
-524
-664
-824
-996
-1176
-1362
-1546
-1712
-1859
-2005
-2159
-2306
-2433
-2549
-2675
-2800
-2882
-2890
-2819
-2683
-2488
-2239
-1954
-1664
-1389
-1140
-917
-720
-539
-363
-192
-49
33
39
-14
-104
-233
-403
-579
-701
-741
-720
-655
-521
-294
2
323
668
1063
1492
1897
2256
2597
2931
3214
3402
3511
3569
3552
3422
3195
2930
2655
2361
2066
1823
1653
1529
1425
1362
1357
1396
1455
1548
1696
1874
2036
2169
2283
2367
2379
2306
2180
2027
1836
1581
1274
948
622
293
-33
-333
-585
-787
-948
-1069
-1149
-1192
-1203
-1180
-1118
-1023
-909
-793
-684
-594
-534
-508
-511
-534
-571
-618
-670
-723
-781
-846
-917
-985
-1046
-1091
-1113
-1107
-1079
-1034
-966
-865
-741
-617
-496
-358
-203
-55
68
174
277
369
436
486
526
543
522
480
437
381
287
171
81
27
-24
-89
-139
-153
-150
-157
-167
-161
-149
-148
-152
-156
-179
-238
-323
-421
-546
-711
-896
-1081
-1281
-1508
-1728
-1904
-2060
-2242
-2423
-2538
-2607
-2715
-2863
-2950
-2927
-2870
-2827
-2710
-2430
-2061
-1749
-1497
-1199
-859
-613
-509
-427
-274
-123
-74
-88
-72
-56
-142
-323
-481
-564
-634
-712
-702
-535
-268
11
304
667
1087
1492
1848
2180
2500
2785
3019
3211
3352
3413
3391
3315
3195
3006
2742
2454
2198
1980
1782
1615
1513
1478
1475
1483
1514
1575
1653
1731
1816
1913
2001
2055
2074
2063
2004
1873
1682
1465
1234
967
657
342
60
-187
-422
-643
-827
-958
-1046
-1107
-1150
-1172
-1166
-1129
-1059
-969
-875
-783
-692
-612
-557
-538
-548
-578
-616
-655
-692
-731
-769
-800
-825
-852
-882
-898
-887
-855
-819
-767
-676
-548
-416
-296
-173
-32
113
229
311
377
436
482
511
526
531
520
494
454
396
316
220
128
55
2
-38
-63
-71
-67
-64
-73
-91
-110
-128
-157
-208
-276
-345
-419
-526
-679
-850
-1005
-1160
-1356
-1586
-1794
-1949
-2085
-2237
-2375
-2462
-2521
-2600
-2702
-2789
-2851
-2898
-2897
-2787
-2569
-2311
-2045
-1725
-1346
-1011
-809
-687
-534
-344
-216
-187
-175
-107
-42
-75
-205
-334
-406
-450
-492
-492
-393
-191
75
382
732
1112
1488
1837
2164
2464
2705
2874
3007
3135
3228
3233
3156
3049
2932
2762
2520
2258
2050
1903
1784
1685
1628
1618
1631
1656
1689
1720
1743
1775
1824
1864
1861
1823
1778
1723
1619
1461
1284
1102
887
629
363
119
-117
-349
-546
-686
-798
-917
-1022
-1076
-1102
-1146
-1190
-1171
-1082
-980
-900
-816
-715
-628
-587
-578
-583
-612
-661
-691
-691
-704
-753
-793
-779
-751
-763
-790
-773
-706
-638
-576
-476
-331
-187
-62
76
224
331
385
430
484
509
490
474
493
500
455
392
366
344
269
164
104
93
75
36
19
35
43
20
-8
-25
-62
-135
-208
-255
-314
-421
-551
-667
-788
-954
-1154
-1339
-1501
-1675
-1867
-2028
-2129
-2207
-2310
-2423
-2500
-2550
-2627
-2747
-2856
-2892
-2858
-2777
-2634
-2393
-2069
-1730
-1412
-1104
-812
-592
-464
-365
-236
-113
-64
-74
-70
-50
-97
-235
-373
-430
-430
-413
-332
-123
185
514
851
1235
1640
1988
2261
2513
2754
2922
3002
3060
3126
3138
3060
2945
2839
2696
2472
2228
2052
1927
1791
1676
1658
1710
1728
1702
1711
1767
1786
1742
1712
1742
1765
1719
1645
1594
1527
1380
1185
1004
817
570
282
20
-206
-430
-650
-823
-936
-1019
-1089
-1137
-1159
-1175
-1178
-1136
-1047
-942
-836
-716
-595
-507
-469
-474
-511
-576
-648
-711
-769
-832
-881
-892
-875
-863
-847
-787
-684
-583
-493
-370
-205
-45
84
213
364
491
549
559
562
548
490
412
364
345
320
290
285
290
267
220
195
198
190
163
161
193
208
172
123
89
32
-72
-190
-285
-383
-514
-652
-762
-873
-1029
-1206
-1353
-1488
-1667
-1866
-2009
-2094
-2187
-2297
-2364
-2379
-2419
-2524
-2639
-2711
-2764
-2828
-2842
-2731
-2513
-2258
-1978
-1645
-1293
-1000
-794
-633
-491
-390
-341
-314
-277
-239
-231
-255
-295
-335
-359
-354
-311
-215
-37
234
565
911
1263
1626
1975
2258
2458
2605
2726
2808
2838
2842
2852
2855
2817
2740
2650
2548
2411
2253
2119
2037
1981
1927
1896
1907
1929
1910
1850
1794
1758
1710
1631
1555
1510
1475
1412
1325
1234
1129
987
812
626
429
204
-40
-259
-437
-601
-764
-898
-982
-1036
-1095
-1155
-1186
-1171
-1125
-1060
-974
-869
-759
-663
-597
-572
-593
-644
-701
-754
-809
-862
-889
-884
-861
-833
-792
-729
-653
-567
-458
-317
-168
-34
93
231
360
443
473
486
493
471
417
371
352
335
307
305
344
383
381
359
360
370
345
295
264
254
225
172
128
85
0
-128
-244
-333
-431
-557
-676
-763
-854
-982
-1123
-1253
-1399
-1584
-1761
-1883
-1979
-2102
-2228
-2292
-2312
-2368
-2483
-2590
-2659
-2743
-2869
-2950
-2899
-2747
-2572
-2359
-2034
-1623
-1263
-1032
-865
-685
-526
-460
-452
-411
-323
-254
-238
-239
-230
-239
-274
-278
-197
-45
145
388
712
1088
1451
1768
2048
2298
2490
2608
2672
2718
2758
2784
2796
2801
2804
2788
2731
2625
2492
2369
2264
2169
2084
2026
1996
1969
1923
1851
1759
1657
1565
1496
1445
1394
1345
1311
1292
1253
1169
1056
931
785
594
364
117
-134
-383
-615
-807
-956
-1073
-1166
-1230
-1263
-1275
-1269
-1234
-1166
-1072
-963
-847
-737
-660
-636
-654
-687
-724
-777
-845
-900
-913
-889
-853
-813
-753
-666
-565
-465
-363
-255
-145
-41
62
172
279
366
420
447
456
450
429
396
367
357
373
404
434
453
461
454
432
401
371
334
285
237
202
166
109
33
-47
-127
-211
-299
-382
-468
-574
-689
-795
-904
-1050
-1225
-1388
-1532
-1688
-1857
-1998
-2094
-2181
-2276
-2346
-2375
-2411
-2504
-2622
-2708
-2771
-2850
-2907
-2852
-2672
-2431
-2162
-1832
-1449
-1107
-878
-723
-571
-437
-375
-358
-306
-207
-131
-118
-132
-133
-136
-150
-124
-12
172
397
681
1038
1412
1730
1987
2224
2437
2576
2634
2666
2711
2751
2771
2792
2820
2820
2774
2706
2629
2519
2369
2226
2129
2061
1986
1902
1828
1753
1655
1548
1463
1403
1352
1320
1324
1340
1328
1277
1200
1095
946
755
540
306
47
-225
-477
-694
-880
-1029
-1126
-1173
-1192
-1194
-1174
-1138
-1100
-1055
-981
-883
-791
-727
-687
-674
-699
-763
-836
-892
-932
-953
-929
-849
-744
-650
-563
-456
-334
-232
-158
-81
14
105
171
231
308
387
439
467
496
530
543
530
518
527
543
552
565
583
586
556
506
459
409
340
263
209
186
168
131
81
36
-11
-82
-180
-292
-402
-516
-649
-801
-954
-1104
-1262
-1434
-1608
-1767
-1913
-2048
-2163
-2242
-2283
-2306
-2324
-2346
-2385
-2460
-2581
-2737
-2897
-3016
-3045
-2961
-2774
-2495
-2119
-1680
-1267
-957
-743
-578
-457
-404
-394
-356
-266
-177
-131
-108
-84
-85
-121
-134
-64
85
285
552
903
1295
1652
1946
2200
2418
2563
2623
2644
2672
2710
2745
2779
2815
2838
2829
2786
2713
2607
2474
2338
2225
2140
2065
1987
1901
1808
1707
1605
1516
1449
1402
1374
1375
1400
1418
1393
1316
1207
1077
909
686
420
140
-135
-402
-648
-852
-1006
-1113
-1171
-1179
-1157
-1129
-1099
-1054
-989
-919
-856
-794
-740
-714
-725
-760
-804
-858
-918
-962
-963
-923
-862
-791
-700
-593
-487
-392
-301
-207
-124
-55
13
93
178
250
312
380
453
509
538
555
570
581
582
576
570
564
551
528
490
441
387
341
305
272
247
239
242
233
203
163
107
16
-106
-231
-347
-474
-624
-778
-911
-1038
-1185
-1346
-1496
-1629
-1758
-1880
-1983
-2066
-2136
-2190
-2233
-2286
-2364
-2457
-2563
-2698
-2863
-3006
-3061
-3005
-2861
-2634
-2304
-1883
-1448
-1084
-818
-637
-521
-457
-428
-411
-385
-334
-271
-218
-193
-190
-194
-185
-133
-9
199
467
767
1089
1423
1732
1976
2155
2296
2411
2495
2562
2639
2728
2810
2867
2902
2907
2869
2778
2652
2515
2379
2256
2155
2077
2004
1921
1827
1727
1626
1538
1480
1457
1460
1483
1517
1538
1511
1423
1290
1129
936
705
451
198
-46
-287
-514
-706
-853
-962
-1036
-1075
-1087
-1093
-1097
-1090
-1060
-1017
-970
-918
-868
-836
-832
-851
-885
-927
-961
-967
-937
-886
-831
-770
-702
-639
-589
-537
-465
-383
-304
-219
-120
-22
60
140
237
338
418
479
538
590
603
583
565
558
545
522
510
506
486
447
415
394
368
336
321
323
308
262
217
185
133
36
-73
-158
-244
-369
-526
-678
-820
-963
-1105
-1237
-1372
-1523
-1675
-1810
-1936
-2070
-2193
-2270
-2306
-2341
-2398
-2476
-2581
-2727
-2886
-2998
-3025
-2966
-2819
-2565
-2212
-1825
-1476
-1193
-976
-828
-751
-715
-677
-627
-580
-536
-481
-418
-381
-379
-373
-318
-213
-71
123
398
736
1073
1364
1620
1855
2045
2156
2210
2263
2346
2443
2540
2644
2755
2840
2865
2832
2764
2670
2541
2394
2268
2177
2100
2012
1922
1842
1762
1676
1607
1579
1583
1588
1591
1605
1614
1573
1469
1331
1177
981
733
469
219
-23
-267
-482
-638
-741
-821
-880
-909
-919
-941
-972
-990
-994
-996
-986
-953
-918
-907
-913
-912
-909
-920
-936
-930
-899
-862
-822
-772
-716
-674
-642
-597
-534
-470
-410
-336
-245
-147
-45
66
173
262
337
406
462
495
510
517
514
504
498
501
496
468
435
424
423
407
381
367
360
343
321
302
268
207
138
79
10
-88
-204
-319
-438
-578
-730
-872
-1011
-1168
-1323
-1451
-1565
-1693
-1817
-1904
-1969
-2039
-2105
-2155
-2216
-2314
-2437
-2566
-2712
-2867
-2958
-2925
-2791
-2609
-2361
-2010
-1621
-1316
-1121
-969
-847
-801
-813
-797
-725
-656
-620
-570
-484
-413
-389
-357
-257
-109
56
270
558
864
1120
1335
1541
1719
1837
1913
1992
2090
2198
2326
2483
2639
2750
2806
2826
2809
2736
2622
2500
2378
2252
2135
2042
1952
1842
1730
1653
1624
1623
1633
1656
1694
1728
1734
1695
1601
1459
1291
1111
906
669
421
196
-3
-182
-339
-463
-554
-620
-667
-703
-746
-799
-852
-888
-909
-924
-931
-927
-920
-919
-914
-899
-885
-882
-876
-847
-801
-758
-722
-683
-643
-611
-586
-556
-517
-475
-429
-365
-274
-166
-57
46
139
222
299
361
397
411
422
439
450
445
435
434
437
431
419
410
405
399
392
386
379
368
355
340
306
244
161
70
-28
-132
-238
-349
-473
-600
-716
-829
-966
-1125
-1272
-1390
-1497
-1611
-1708
-1770
-1824
-1898
-1970
-2016
-2072
-2190
-2354
-2509
-2634
-2739
-2802
-2773
-2637
-2426
-2167
-1863
-1551
-1304
-1150
-1040
-936
-856
-816
-781
-713
-631
-576
-552
-529
-492
-445
-379
-275
-121
73
296
537
771
978
1159
1323
1466
1581
1680
1786
1911
2047
2194
2350
2505
2629
2700
2713
2682
2621
2536
2433
2318
2203
2099
2004
1910
1812
1721
1655
1631
1650
1701
1757
1797
1818
1820
1787
1706
1580
1426
1258
1071
859
634
414
215
41
-104
-217
-302
-370
-436
-508
-583
-657
-721
-768
-791
-790
-779
-773
-772
-768
-767
-779
-791
-779
-744
-714
-699
-681
-649
-624
-623
-631
-620
-594
-569
-544
-498
-431
-352
-258
-145
-28
64
130
187
238
263
258
250
262
284
293
291
293
298
291
278
275
287
302
305
300
297
294
286
263
223
171
113
54
-11
-92
-190
-291
-388
-482
-585
-702
-833
-973
-1113
-1244
-1361
-1471
-1568
-1644
-1702
-1760
-1826
-1893
-1957
-2039
-2152
-2269
-2347
-2376
-2372
-2335
-2238
-2072
-1867
-1656
-1458
-1288
-1162
-1073
-996
-923
-868
-836
-805
-762
-726
-715
-707
-669
-601
-512
-392
-227
-36
152
336
527
711
870
1012
1160
1309
1435
1541
1656
1787
1911
2020
2133
2250
2334
2361
2350
2329
2294
2231
2146
2063
1991
1924
1857
1799
1751
1715
1703
1728
1781
1831
1857
1858
1841
1806
1743
1649
1527
1389
1242
1087
919
737
552
386
250
139
39
-53
-135
-211
-289
-362
-417
-458
-496
-528
-544
-549
-563
-592
-618
-627
-624
-620
-610
-593
-585
-595
-606
-606
-612
-639
-667
-671
-656
-650
-649
-625
-571
-504
-435
-361
-279
-202
-140
-86
-35
5
32
58
86
107
117
123
122
114
109
117
128
131
130
135
143
144
140
132
111
63
4
-41
-82
-147
-231
-300
-344
-391
-454
-525
-602
-695
-797
-887
-964
-1055
-1162
-1253
-1317
-1383
-1472
-1562
-1639
-1722
-1826
-1921
-1984
-2024
-2047
-2026
-1936
-1802
-1658
-1508
-1342
-1183
-1070
-997
-929
-859
-811
-783
-746
-701
-678
-683
-686
-666
-637
-610
-566
-478
-349
-203
-55
100
257
403
535
659
777
883
977
1079
1205
1352
1497
1623
1735
1842
1926
1962
1952
1923
1894
1857
1807
1754
1710
1669
1620
1571
1540
1524
1516
1524
1564
1625
1677
1708
1726
1734
1715
1660
1577
1482
1373
1249
1120
998
884
771
662
561
467
370
267
161
60
-31
-104
-158
-198
-233
-259
-275
-287
-311
-343
-367
-375
-373
-372
-374
-378
-390
-416
-448
-482
-526
-580
-630
-658
-671
-684
-694
-685
-657
-626
-596
-560
-515
-471
-435
-394
-338
-274
-214
-163
-118
-86
-64
-46
-33
-29
-30
-23
-9
-1
-6
-18
-34
-56
-85
-110
-131
-160
-197
-224
-239
-262
-298
-325
-329
-335
-363
-401
-428
-454
-497
-551
-597
-642
-708
-789
-863
-928
-1003
-1089
-1169
-1239
-1307
-1373
-1424
-1456
-1471
-1458
-1400
-1299
-1179
-1059
-947
-848
-767
-701
-647
-610
-591
-573
-544
-524
-534
-566
-589
-600
-612
-619
-599
-552
-494
-431
-351
-255
-161
-74
21
126
221
300
384
485
591
697
810
928
1029
1101
1149
1183
1201
1205
1202
1198
1186
1165
1146
1127
1097
1063
1053
1078
1121
1162
1208
1260
1303
1327
1341
1359
1371
1364
1342
1315
1278
1219
1143
1068
1000
929
856
788
723
647
558
471
399
341
285
226
171
126
83
32
-23
-66
-85
-86
-84
-86
-92
-102
-117
-136
-157
-187
-229
-274
-310
-341
-381
-430
-471
-492
-499
-498
-491
-477
-462
-446
-421
-389
-356
-330
-309
-287
-264
-242
-220
-198
-178
-154
-122
-87
-65
-59
-53
-39
-23
-13
-13
-17
-24
-36
-53
-76
-103
-128
-142
-142
-139
-144
-156
-168
-172
-170
-167
-168
-172
-175
-179
-194
-219
-248
-276
-305
-338
-366
-385
-404
-435
-470
-494
-510
-532
-560
-582
-598
-613
-624
-616
-593
-565
-537
-502
-463
-435
-425
-417
-399
-382
-375
-373
-367
-363
-367
-376
-384
-394
-407
-414
-411
-405
-401
-397
-388
-372
-353
-327
-294
-259
-232
-208
-175
-131
-84
-38
9
57
101
137
164
180
184
186
197
215
231
239
244
251
260
267
273
286
305
327
346
363
379
392
404
416
427
435
439
440
442
443
441
439
436
436
435
432
426
414
395
374
358
346
333
315
290
263
239
222
209
194
182
180
188
195
193
184
178
176
173
168
166
167
166
166
170
175
174
171
176
185
188
182
176
178
179
175
173
179
186
186
186
193
202
206
206
206
208
207
204
204
204
201
198
199
201
198
190
184
180
172
161
150
139
127
112
97
80
63
51
42
32
15
-4
-15
-21
-33
-49
-63
-73
-84
-98
-110
-120
-130
-143
-156
-166
-176
-188
-198
-208
-223
-244
-260
-268
-272
-283
-297
-308
-312
-312
-312
-312
-314
-316
-316
-316
-319
-327
-336
-344
-351
-357
-359
-356
-354
-357
-363
-366
-365
-364
-365
-368
-371
-374
-377
-383
-392
-399
-404
-405
-406
-403
-396
-387
-378
-367
-357
-349
-341
-327
-309
-296
-294
-295
-287
-273
-268
-270
-267
-256
-243
-234
-223
-208
-193
-182
-168
-152
-138
-130
-124
-113
-103
-95
-84
-68
-52
-42
-37
-33
-29
-27
-26
-23
-15
0
19
37
48
53
60
67
70
70
77
93
110
122
133
146
156
161
164
172
182
190
196
205
215
221
226
235
246
249
247
250
260
266
264
262
266
276
285
290
295
301
307
314
323
330
335
341
349
354
354
350
348
347
345
340
333
326
321
318
315
309
302
297
294
291
285
278
270
260
249
240
234
225
213
199
187
175
163
148
129
109
92
82
75
66
53
42
37
31
23
16
9
2
-5
-11
-19
-31
-45
-59
-71
-85
-103
-116
-124
-132
-145
-159
-169
-176
-184
-193
-201
-210
-217
-221
-225
-231
-240
-247
-252
-257
-260
-260
-258
-257
-260
-261
-261
-261
-265
-268
-269
-273
-281
-284
-282
-280
-280
-277
-269
-263
-262
-264
-260
-255
-254
-255
-253
-248
-246
-247
-247
-243
-238
-233
-228
-222
-220
-220
-219
-216
-216
-217
-216
-210
-201
-193
-186
-181
-173
-163
-155
-150
-147
-142
-135
-126
-118
-111
-103
-94
-85
-76
-67
-61
-55
-47
-36
-23
-12
-2
7
17
27
36
44
52
62
73
84
96
107
117
125
134
146
157
166
174
187
203
216
222
226
231
238
243
246
248
249
251
257
267
274
274
271
271
274
276
277
279
280
278
274
273
271
265
259
257
255
249
241
235
229
220
211
205
201
194
183
176
175
171
163
156
156
157
156
154
154
152
145
135
127
121
111
101
96
92
85
73
62
55
49
42
36
33
29
23
18
17
17
16
14
10
6
2
0
0
1
0
-2
-3
-5
-10
-18
-26
-32
-36
-40
-45
-49
-52
-53
-54
-56
-57
-56
-54
-53
-52
-53
-56
-61
-65
-68
-72
-77
-82
-86
-91
-95
-99
-101
-105
-109
-112
-114
-116
-119
-121
-123
-124
-126
-128
-128
-128
-129
-129
-128
-129
-132
-134
-132
-128
-125
-125
-125
-125
-122
-121
-121
-122
-120
-115
-111
-108
-106
-102
-98
-93
-89
-82
-78
-75
-71
-63
-56
-52
-50
-45
-38
-32
-28
-23
-15
-8
-3
2
10
19
24
28
34
39
42
44
46
48
52
56
60
61
62
64
68
71
73
75
76
77
78
81
85
86
85
84
85
85
82
80
80
80
78
75
72
70
67
63
60
59
60
61
62
63
65
69
71
70
68
66
64
61
59
58
56
52
49
48
47
44
42
42
44
45
44
44
45
47
48
49
51
53
54
53
53
54
56
58
58
59
58
58
57
55
53
52
51
50
49
49
48
48
50
52
53
53
52
52
53
53
52
51
48
45
42
39
37
34
31
27
23
21
20
19
15
12
11
9
8
5
2
-2
-5
-8
-9
-11
-13
-15
-17
-18
-20
-22
-25
-27
-27
-28
-29
-31
-34
-35
-36
-37
-38
-38
-38
-38
-38
-38
-37
-37
-38
-38
-37
-35
-35
-35
-35
-34
-34
-34
-34
-34
-33
-31
-29
-27
-24
-24
-25
-25
-23
-20
-20
-20
-20
-19
-19
-20
-19
-17
-17
-17
-16
-15
-15
-14
-13
-13
-13
-12
-11
-10
-10
-10
-9
-9
-10
-10
-9
-8
-9
-10
-10
-11
-12
-13
-13
-12
-11
-11
-10
-9
-6
-5
-2
0
1
1
2
2
4
5
5
4
3
3
5
5
5
5
6
7
7
8
10
12
14
16
18
20
21
22
24
26
28
29
29
29
30
32
33
33
32
32
32
32
32
33
33
34
34
35
37
37
36
35
35
36
36
35
35
35
35
33
31
28
26
24
23
22
21
19
16
13
11
10
9
7
5
3
0
-2
-4
-6
-6
-7
-8
-10
-13
-14
-14
-16
-17
-17
-18
-20
-22
-22
-22
-22
-24
-25
-25
-26
-27
-27
-26
-26
-27
-27
-26
-26
-26
-27
-26
-26
-27
-26
-24
-24
-26
-26
-24
-23
-23
-24
-23
-23
-24
-24
-23
-22
-22
-23
-22
-22
-23
-23
-23
-23
-23
-24
-23
-22
-21
-21
-21
-21
-22
-23
-23
-23
-23
-23
-23
-22
-23
-23
-24
-24
-25
-26
-26
-25
-25
-26
-25
-24
-22
-20
-19
-17
-16
-16
-15
-14
-13
-12
-11
-11
-10
-10
-10
-9
-8
-7
-7
-7
-5
-4
-2
-1
0
1
1
1
3
5
6
6
8
10
11
11
12
12
11
10
10
10
10
10
10
10
10
9
7
7
7
6
6
6
5
3
2
1
0
-2
-3
-3
-4
-5
-6
-8
-9
-11
-13
-15
-17
-19
-21
-23
-23
-24
-26
-28
-29
-30
-31
-32
-33
-33
-34
-34
-35
-35
-36
-37
-38
-38
-37
-37
-38
-38
-38
-38
-38
-38
-37
-37
-36
-36
-36
-36
-34
-33
-32
-32
-31
-30
-28
-27
-25
-23
-22
-21
-21
-21
-20
-19
-18
-17
-15
-13
-11
-10
-9
-9
-8
-7
-6
-6
-6
-7
-7
-7
-5
-4
-3
-4
-5
-5
-5
-5
-4
-2
-2
-2
-2
-2
-2
-2
-3
-5
-6
-5
-5
-5
-5
-5
-5
-5
-5
-5
-3
-3
-4
-4
-3
-2
-2
-1
0
2
3
3
3
4
5
7
7
6
5
6
7
8
9
10
11
12
13
13
15
15
15
16
18
19
20
20
20
19
19
19
19
19
19
20
21
22
21
20
19
18
18
18
18
18
17
16
16
15
13
12
10
9
8
7
6
4
2
0
-1
-2
-3
-4
-5
-5
-6
-8
-10
-12
-13
-13
-13
-15
-16
-18
-20
-21
-21
-20
-21
-23
-24
-25
-26
-26
-26
-26
-25
-25
-25
-27
-27
-27
-28
-28
-27
-27
-26
-25
-24
-24
-23
-23
-23
-22
-21
-20
-20
-19
-18
-18
-18
-17
-16
-14
-13
-13
-12
-12
-12
-11
-9
-8
-8
-8
-8
-8
-9
-9
-7
-7
-7
-7
-7
-6
-7
-6
-6
-5
-5
-6
-6
-5
-6
-6
-6
-7
-8
-7
-6
-5
-5
-5
-4
-4
-4
-4
-5
-5
-6
-6
-5
-5
-5
-4
-3
-2
-2
-3
-3
-1
0
1
1
2
2
2
2
3
4
5
6
7
7
6
6
7
9
11
11
12
12
13
14
17
19
18
17
17
19
20
20
20
20
21
21
21
22
23
24
24
23
22
22
22
23
23
22
22
22
22
22
22
21
19
17
16
16
16
16
15
15
15
14
13
12
11
10
10
10
11
11
10
9
7
6
6
6
6
5
5
5
6
6
6
6
5
4
4
4
5
5
5
5
5
5
6
7
6
6
5
5
5
5
6
6
6
6
6
6
5
5
6
7
7
7
7
7
7
6
5
5
5
4
4
3
3
3
3
2
2
2
2
2
2
2
2
1
-1
-2
-2
-2
-2
-2
-2
-3
-4
-4
-4
-5
-5
-6
-5
-5
-5
-6
-6
-6
-5
-6
-7
-7
-7
-7
-7
-7
-7
-7
-7
-7
-7
-6
-6
-6
-6
-6
-5
-5
-6
-6
-5
-3
-2
-2
-2
-2
-1
0
0
0
1
2
2
3
3
4
4
5
6
8
7
7
8
9
9
9
9
10
11
12
13
13
13
13
13
14
14
14
14
15
15
16
17
17
16
16
16
16
17
17
17
17
17
17
17
17
17
18
19
19
19
18
18
18
17
18
18
18
18
18
18
18
18
18
18
18
18
18
19
19
19
19
19
18
17
17
18
18
16
15
15
15
16
16
15
14
13
12
12
13
13
12
12
11
11
10
9
8
8
8
7
6
6
6
5
4
4
5
5
5
3
3
2
2
1
0
0
0
-1
0
0
-2
-3
-3
-3
-3
-4
-4
-5
-5
-6
-6
-6
-6
-7
-7
-7
-7
-6
-7
-8
-9
-9
-8
-8
-8
-9
-9
-9
-9
-9
-9
-10
-10
-11
-12
-12
-12
-11
-11
-11
-11
-11
-11
-11
-11
-10
-10
-11
-11
-11
-11
-11
-11
-10
-10
-10
-10
-10
-10
-10
-10
-9
-8
-8
-9
-9
-8
-8
-7
-6
-5
-5
-5
-5
-5
-4
-4
-4
-4
-4
-3
-2
-2
-2
-2
-1
0
0
0
0
1
2
2
2
2
4
4
4
4
5
6
6
6
7
8
8
7
7
7
8
7
7
8
7
6
7
8
9
9
9
9
8
7
8
9
9
8
8
9
9
7
5
4
5
6
6
6
6
5
5
5
5
5
4
3
3
3
3
2
1
1
2
3
2
1
1
1
1
-1
-1
-1
-1
-2
-2
-1
-2
-4
-5
-5
-4
-4
-5
-5
-5
-6
-6
-5
-5
-6
-7
-7
-7
-8
-9
-9
-7
-6
-6
-7
-8
-8
-8
-9
-10
-11
-10
-9
-9
-10
-11
-10
-9
-10
-10
-10
-9
-10
-11
-12
-12
-12
-13
-12
-12
-12
-12
-13
-12
-12
-13
-13
-13
-13
-13
-13
-13
-13
-13
-13
-13
-13
-13
-13
-13
-13
-13
-12
-13
-13
-14
-13
-13
-13
-13
-12
-11
-10
-10
-10
-11
-11
-10
-9
-9
-9
-9
-7
-6
-5
-5
-6
-6
-5
-5
-5
-5
-5
-3
-2
-1
-1
0
1
1
0
0
0
2
2
3
3
2
2
2
3
3
3
3
3
4
5
5
4
4
3
3
3
3
3
3
4
5
5
5
5
5
5
4
3
3
3
2
2
3
4
4
5
5
5
4
4
5
5
5
3
3
3
3
2
2
3
3
3
4
5
5
4
3
3
2
2
2
3
4
3
3
4
4
3
2
3
5
5
5
5
5
6
5
6
6
6
5
5
6
5
5
6
6
6
6
5
5
4
5
6
6
5
4
3
2
2
2
4
4
3
2
2
4
5
4
3
3
2
2
2
2
2
1
0
0
0
1
1
1
1
1
1
0
-1
-1
0
0
-1
0
1
2
1
-1
-1
0
0
0
0
1
2
2
1
0
-1
-1
0
1
2
1
0
1
1
1
1
1
2
2
1
1
2
3
2
2
1
1
0
0
1
1
1
0
1
2
1
-1
-1
-2
-2
-1
1
1
-1
-2
-2
-2
-2
-2
-2
-2
-2
-2
-2
-2
-2
-3
-4
-3
-3
-3
-2
-2
-2
-2
-2
-2
-3
-3
-3
-2
-3
-3
-3
-3
-3
-4
-4
-3
-2
-2
-2
-2
-2
-1
0
0
0
1
1
0
-2
-1
1
2
2
1
0
-1
-3
-3
-2
-1
0
0
0
-1
-1
0
2
2
1
0
2
3
2
0
2
4
5
2
1
2
2
2
1
1
1
1
1
1
1
0
-1
0
2
4
3
1
0
1
3
3
1
0
0
1
2
1
-1
-2
-2
-1
-1
0
0
-1
0
1
1
1
0
0
0
0
0
0
0
0
0
1
1
1
2
2
1
0
0
2
2
2
0
0
0
0
0
0
0
0
1
0
-2
-4
-3
1
2
-1
-3
-2
1
0
-1
0
2
1
-2
-3
-1
1
0
-1
-1
1
2
2
2
1
0
0
-1
0
1
2
2
0
-1
0
1
1
0
2
2
1
-1
-1
0
0
-1
0
2
2
0
-1
0
1
1
1
1
2
2
1
0
-1
0
0
-1
-1
-1
1
1
0
-1
-1
1
2
3
3
1
-1
1
3
3
3
2
3
4
3
3
3
2
2
1
1
2
2
2
4
5
5
4
3
3
3
3
4
4
4
3
3
4
4
3
0
-1
0
1
1
1
1
2
1
0
1
2
1
-1
-1
1
2
0
0
1
2
-1
-3
-2
0
1
-1
0
1
0
-2
-3
-2
-1
0
0
0
0
-1
-2
-1
0
2
2
1
0
-1
0
1
-1
-3
-4
-3
-3
-4
-4
-3
-2
-4
-5
-4
-3
-4
-6
-5
-3
-3
-4
-4
-4
-5
-6
-5
-4
-4
-6
-6
-5
-6
-7
-6
-3
-3
-5
-7
-8
-8
-6
-5
-5
-6
-7
-9
-8
-6
-5
-5
-7
-7
-7
-7
-8
-8
-8
-6
-6
-7
-7
-6
-6
-9
-11
-10
-8
-6
-7
-9
-12
-12
-11
-9
-9
-9
-8
-7
-7
-9
-10
-11
-11
-11
-10
-9
-9
-11
-10
-6
-4
-4
-6
-5
-4
-5
-7
-8
-6
-6
-7
-8
-8
-7
-8
-8
-6
-6
-8
-12
-14
-13
-10
-8
-7
-7
-6
-7
-9
-9
-9
-10
-10
-9
-5
-4
-5
-6
-5
-4
-5
-7
-7
-6
-5
-6
-6
-5
-5
-4
-4
-5
-6
-6
-5
-2
0
-1
-1
-1
-2
-4
-5
-4
-2
-2
-2
-3
-4
-5
-5
-6
-5
-5
-6
-8
-7
-4
-2
-3
-6
-7
-7
-8
-7
-6
-5
-5
-4
-3
-3
-4
-5
-5
-5
-5
-4
-4
-5
-6
-5
-2
0
-1
-2
-2
-1
-2
-2
-2
-1
-1
-2
-1
-1
-1
-1
-1
-1
-1
-1
-2
-2
-2
-3
-3
-4
-4
-3
-2
-2
-5
-5
-1
1
-1
-4
-5
-5
-6
-6
-4
-2
-3
-5
-6
-6
-7
-7
-5
-4
-5
-5
-4
-3
-5
-7
-6
-4
-3
-4
-4
-3
-5
-8
-9
-6
-3
-2
-3
-4
-7
-9
-7
-4
-3
-6
-8
-9
-8
-9
-8
-7
-6
-7
-8
-7
-6
-6
-7
-8
-9
-9
-5
-2
-3
-6
-8
-7
-7
-7
-7
-5
-4
-7
-9
-9
-6
-5
-4
-2
-2
-2
-3
-3
-3
-4
-4
-3
-1
-1
-2
-3
-5
-7
-5
-2
-1
-2
-5
-5
-3
-2
-1
0
-1
-2
-2
-1
2
2
1
1
2
1
0
0
-1
-2
-3
-2
1
2
1
1
3
4
4
3
3
4
3
2
3
4
3
0
-1
3
6
6
5
6
10
11
6
1
2
5
6
4
1
-1
-2
-4
-3
-1
2
2
1
0
1
3
4
3
3
3
4
4
2
1
1
2
5
5
5
3
3
4
4
2
0
-1
2
2
1
0
1
2
1
-3
-4
-4
-2
-3
-4
-4
-3
-2
-1
-1
-3
-4
-4
-2
1
2
2
1
0
1
3
4
3
2
2
2
0
-2
0
2
2
0
-2
-2
-2
-3
-5
-5
-2
1
2
0
-3
-3
-3
-4
-4
-4
-4
-4
-5
-5
-4
-4
-6
-8
-7
-2
0
0
-2
-2
-2
-3
-6
-6
-2
4
5
1
-5
-6
-4
-2
-3
-4
-4
-3
-3
-4
-4
-4
-3
-3
-2
-2
-1
-2
-1
2
5
7
5
3
4
6
7
6
7
7
6
4
3
4
2
0
0
5
9
8
5
3
2
-1
-4
-3
1
4
5
5
6
6
4
0
-2
0
2
1
-2
-3
-4
-3
-1
2
2
0
-2
0
6
11
12
7
2
0
-1
-1
-1
-1
0
1
1
0
2
5
7
5
0
-1
0
-1
-3
-2
2
4
-1
-5
-3
2
3
2
1
1
-2
-5
-5
-2
0
0
0
1
0
-3
-2
4
8
5
3
4
6
5
1
0
4
9
10
7
1
-3
-5
-4
-1
3
5
4
0
-2
0
0
-4
-6
-4
-1
-3
-6
-5
-1
1
-3
-8
-9
-8
-6
-5
-4
-3
-4
-4
-6
-10
-13
-11
-7
-5
-4
-1
2
0
-3
-2
2
2
-4
-4
3
9
8
5
5
4
-3
-7
-4
0
-5
-12
-10
-1
8
11
10
9
6
5
8
13
16
18
22
24
16
1
-13
-16
-10
-1
6
9
9
10
11
12
10
9
10
12
13
14
16
19
19
17
13
6
0
2
13
21
21
17
18
20
17
9
5
5
2
-4
-3
5
11
8
2
3
8
9
8
7
9
9
6
3
0
-3
-7
-8
-6
-5
-6
-8
-5
2
12
17
17
17
20
23
20
13
7
7
10
12
12
12
9
4
0
1
3
4
5
9
11
6
-1
-4
-2
3
6
6
3
-1
-3
0
5
7
6
3
-1
-7
-11
-9
-7
-8
-10
-10
-8
-10
-17
-22
-22
-23
-29
-33
-28
-20
-21
-29
-37
-41
-46
-53
-53
-44
-31
-21
-13
-5
0
-8
-27
-45
-53
-52
-49
-46
-42
-36
-29
-24
-18
-12
-8
-8
-11
-12
-12
-13
-12
-6
0
-2
-13
-23
-25
-23
-20
-13
-5
-3
-10
-19
-18
-10
-9
-17
-26
-31
-32
-33
-32
-28
-27
-30
-31
-28
-23
-20
-21
-23
-24
-26
-25
-22
-20
-21
-24
-27
-27
-25
-25
-30
-35
-38
-35
-31
-30
-33
-39
-46
-54
-56
-49
-40
-36
-34
-32
-33
-44
-60
-70
-68
-60
-52
-44
-33
-25
-24
-23
-16
-5
-2
-8
-16
-19
-18
-17
-17
-14
-9
-8
-13
-21
-21
-13
-1
5
6
2
-3
-11
-18
-19
-17
-17
-19
-17
-7
5
12
12
9
5
2
2
8
16
22
25
27
27
25
23
22
23
22
21
22
24
27
27
26
23
19
17
20
26
32
34
33
28
21
16
14
16
14
6
-6
-13
-13
-8
-3
1
7
14
17
14
10
12
21
33
42
48
55
60
61
60
60
64
72
80
85
84
74
61
52
50
56
63
65
63
60
60
63
66
69
68
62
51
39
32
32
38
45
46
42
36
33
34
39
49
62
74
79
75
65
52
36
19
7
4
8
12
14
20
28
33
33
32
33
33
33
36
43
49
46
40
41
49
56
59
59
65
77
87
91
85
71
50
27
9
2
5
12
19
23
23
19
12
9
12
14
12
9
12
23
29
25
17
13
13
14
20
33
52
66
69
63
55
45
36
28
22
15
11
16
27
31
24
14
7
2
-11
-26
-33
-22
0
23
39
48
48
43
39
40
44
46
43
36
26
16
6
-3
-8
-5
2
8
7
4
4
6
9
11
17
27
36
40
41
41
44
50
56
60
59
56
51
44
38
43
58
68
60
43
34
36
36
33
34
40
40
25
7
1
9
18
24
30
34
36
33
27
17
8
6
11
16
13
2
-8
-8
0
11
18
16
9
11
27
48
55
45
31
21
16
12
7
3
5
10
12
5
-4
-6
-3
-1
-1
7
23
30
19
4
4
20
35
40
39
37
33
28
27
31
32
25
16
12
10
5
-1
-4
-5
-4
-5
-10
-20
-33
-38
-30
-15
-1
3
-7
-27
-42
-38
-14
15
31
28
12
-7
-15
-3
20
40
49
49
42
26
10
7
19
31
29
17
5
-7
-20
-27
-22
-10
-9
-23
-41
-53
-53
-41
-20
3
15
11
-2
-15
-23
-23
-18
-16
-17
-14
0
22
41
47
43
34
27
27
31
29
12
-11
-22
-14
-1
5
3
-4
-13
-21
-25
-25
-26
-31
-39
-48
-58
-64
-61
-50
-40
-33
-26
-16
-13
-22
-37
-49
-57
-64
-69
-74
-83
-94
-96
-79
-55
-36
-24
-8
16
41
59
69
76
80
78
68
47
23
6
0
-5
-16
-27
-31
-30
-28
-25
-17
-9
-5
-5
-4
-5
-17
-35
-47
-49
-46
-48
-52
-54
-52
-47
-45
-50
-59
-63
-58
-51
-46
-37
-16
10
21
11
-7
-20
-26
-24
-8
14
22
11
-7
-18
-28
-47
-67
-70
-54
-34
-25
-26
-27
-29
-32
-39
-55
-78
-104
-124
-129
-117
-97
-83
-84
-97
-107
-109
-101
-88
-69
-49
-43
-53
-63
-59
-49
-44
-42
-34
-20
-6
7
21
33
38
38
36
34
27
17
15
25
43
64
85
98
89
59
27
7
1
6
19
31
26
-1
-34
-53
-50
-34
-13
8
24
31
28
17
3
-7
-14
-25
-46
-69
-81
-83
-80
-70
-46
-13
6
-7
-40
-69
-83
-83
-73
-58
-48
-49
-56
-59
-54
-45
-34
-25
-20
-22
-30
-43
-58
-67
-66
-58
-63
-85
-110
-114
-96
-67
-41
-17
2
6
-7
-28
-43
-49
-49
-46
-43
-41
-45
-55
-66
-67
-54
-34
-23
-27
-30
-19
3
16
13
-1
-14
-21
-26
-30
-31
-29
-22
-9
8
16
5
-19
-42
-44
-24
5
25
27
21
18
19
12
-2
-11
-4
8
10
0
-14
-29
-45
-57
-62
-67
-88
-118
-135
-121
-87
-54
-32
-19
-13
-16
-23
-24
-15
2
17
24
23
17
13
14
23
40
58
67
62
48
36
28
22
15
7
-3
-22
-43
-55
-49
-35
-21
-8
7
20
20
5
-18
-35
-42
-44
-47
-54
-58
-53
-39
-19
0
16
28
37
44
45
41
33
24
19
13
7
2
3
16
36
51
46
25
7
7
19
26
26
26
25
12
-13
-28
-16
17
50
69
74
61
29
-7
-28
-32
-37
-50
-60
-50
-23
1
17
31
45
52
45
28
14
6
1
2
7
9
0
-18
-31
-31
-16
6
34
58
65
47
10
-29
-53
-57
-48
-40
-36
-27
-8
9
13
4
-10
-20
-23
-18
-7
2
7
9
10
8
-2
-11
-6
13
31
38
33
22
6
-13
-32
-47
-54
-54
-46
-33
-17
1
18
28
30
28
26
27
31
37
43
46
46
49
64
85
100
105
105
110
125
141
147
135
108
78
56
51
61
68
60
39
21
10
-4
-24
-36
-31
-22
-23
-31
-33
-35
-48
-67
-77
-78
-83
-95
-101
-95
-79
-58
-33
-14
-13
-29
-48
-52
-38
-17
1
7
2
-6
-9
-5
3
17
42
67
79
69
39
1
-26
-28
-15
-13
-33
-60
-75
-74
-55
-20
23
53
53
36
23
21
24
31
42
40
3
-65
-131
-166
-166
-147
-124
-109
-112
-128
-142
-137
-113
-79
-43
-3
40
76
102
118
124
114
84
38
-7
-35
-42
-36
-22
-1
25
47
56
50
42
45
62
79
76
44
-3
-44
-68
-75
-75
-70
-60
-48
-41
-37
-23
9
48
65
45
3
-33
-47
-49
-60
-81
-99
-96
-78
-63
-50
-24
27
87
121
112
71
23
-12
-27
-22
-12
-11
-23
-36
-39
-36
-35
-31
-11
28
65
74
56
37
38
50
48
23
-7
-25
-31
-34
-39
-40
-37
-32
-27
-17
-9
-7
-9
-3
19
49
70
68
44
17
1
-2
9
34
76
116
128
99
42
-9
-32
-29
-16
-12
-21
-40
-56
-60
-51
-34
-15
6
20
13
-16
-43
-40
-7
21
22
5
-11
-27
-49
-61
-48
-15
13
20
1
-38
-79
-99
-89
-67
-52
-44
-32
-20
-18
-15
2
24
27
15
-1
-28
-74
-120
-135
-121
-94
-62
-21
17
38
51
84
133
165
160
136
114
93
59
14
-31
-61
-63
-38
-9
5
1
-12
-27
-44
-57
-63
-64
-63
-66
-83
-110
-126
-110
-67
-22
10
33
47
42
23
18
35
55
60
61
62
49
23
8
17
34
39
33
17
-9
-35
-39
-11
24
37
34
36
42
35
20
14
21
34
45
46
26
-16
-60
-77
-64
-41
-27
-23
-15
-2
1
-14
-29
-31
-27
-32
-43
-42
-25
-13
-19
-30
-25
-2
31
71
109
127
123
120
134
147
134
92
38
-12
-43
-49
-36
-13
15
42
59
57
48
52
67
72
57
38
24
8
-16
-26
-7
23
37
33
27
25
20
9
5
19
48
72
81
81
83
83
78
71
69
60
25
-36
-95
-126
-132
-134
-137
-134
-122
-101
-68
-27
11
43
73
92
82
41
-5
-33
-46
-59
-71
-70
-57
-46
-33
-3
40
78
99
107
105
89
68
54
52
56
55
38
4
-41
-74
-65
-10
68
130
148
120
67
20
-9
-27
-40
-38
-15
13
23
12
0
4
22
42
61
72
65
42
24
26
41
45
28
-4
-31
-35
-13
23
51
60
49
27
-1
-23
-24
-10
-9
-33
-59
-57
-33
-14
-12
-18
-26
-34
-43
-49
-51
-48
-33
-3
24
23
-5
-30
-31
-13
7
13
-4
-43
-88
-107
-89
-52
-29
-31
-36
-22
14
52
83
110
126
111
63
8
-26
-34
-27
-9
16
34
36
38
63
107
130
114
68
4
-74
-144
-170
-143
-85
-29
18
58
87
104
114
129
150
157
128
59
-27
-107
-175
-235
-275
-267
-206
-126
-59
-5
43
76
87
88
85
69
35
6
-2
-1
-9
-19
-15
-2
7
21
59
116
162
178
172
149
105
45
-11
-45
-49
-23
19
54
64
48
26
25
54
93
114
113
103
88
55
-2
-60
-83
-68
-39
-18
-8
-4
-4
-10
-23
-51
-89
-122
-137
-129
-100
-54
-11
9
12
20
28
16
-1
18
76
119
101
40
-10
-31
-32
-13
37
100
143
163
178
190
186
167
145
119
77
14
-50
-90
-102
-102
-113
-135
-147
-127
-77
-21
28
69
98
92
42
-27
-88
-136
-177
-197
-177
-131
-92
-76
-63
-36
-9
4
19
59
107
114
76
33
16
1
-32
-59
-51
-23
-2
22
77
148
196
205
196
173
118
45
2
7
21
8
-16
-23
-16
-6
20
75
135
157
129
64
-20
-117
-208
-266
-267
-216
-142
-70
-13
31
75
128
175
200
199
176
129
50
-44
-109
-118
-94
-77
-82
-90
-90
-83
-61
-5
66
104
89
58
41
25
-4
-21
-5
24
34
22
10
4
-2
-3
11
31
42
42
40
30
6
-11
-1
27
55
83
112
127
114
83
49
19
-11
-38
-61
-84
-104
-106
-83
-49
-23
-9
6
21
24
9
-16
-36
-41
-35
-40
-64
-87
-99
-113
-131
-128
-95
-65
-68
-88
-87
-62
-38
-32
-31
-12
31
87
130
126
75
29
27
49
48
27
22
43
62
58
30
-5
-27
-25
-11
2
17
31
19
-23
-56
-44
-11
-11
-57
-105
-127
-135
-142
-132
-107
-97
-103
-99
-92
-113
-138
-96
17
118
143
105
49
2
-24
-17
11
26
7
-21
-29
-19
-1
31
73
101
99
87
75
56
32
23
31
31
-1
-65
-131
-162
-150
-125
-114
-110
-99
-97
-123
-151
-143
-101
-67
-63
-74
-90
-112
-121
-81
-5
46
59
84
125
125
67
23
36
65
58
26
-2
-25
-55
-76
-66
-29
9
31
29
1
-34
-32
14
55
42
-27
-124
-207
-225
-159
-59
15
60
95
101
56
-5
-25
-5
9
-2
-14
-24
-59
-116
-145
-119
-74
-41
-3
57
118
154
164
155
122
64
-13
-93
-146
-143
-84
-2
70
118
141
140
127
113
103
92
75
47
4
-52
-103
-127
-130
-122
-96
-45
0
-2
-31
-33
-15
-27
-72
-109
-128
-147
-161
-140
-89
-45
-13
40
114
158
139
92
64
50
25
-7
-34
-66
-101
-114
-87
-26
48
114
154
161
147
131
110
69
6
-64
-118
-139
-116
-61
-1
37
45
35
23
19
26
35
29
8
-10
-19
-39
-75
-108
-124
-127
-114
-85
-62
-65
-80
-62
-8
33
17
-44
-103
-128
-123
-93
-48
-1
37
65
80
81
75
81
95
96
78
51
15
-35
-87
-120
-116
-73
-2
81
148
183
184
153
85
-13
-96
-118
-85
-48
-35
-20
17
43
17
-43
-71
-39
11
23
-8
-49
-78
-100
-119
-134
-149
-171
-185
-164
-106
-38
25
78
103
66
-20
-93
-105
-68
-25
6
32
42
25
-2
5
62
134
175
163
113
73
78
109
107
42
-36
-59
-16
39
49
9
-39
-55
-25
25
47
14
-52
-100
-111
-118
-161
-237
-296
-289
-215
-122
-60
-40
-38
-19
36
117
190
216
191
138
76
9
-56
-93
-88
-61
-51
-59
-52
-9
51
107
157
203
231
229
210
195
188
182
189
220
249
225
143
70
59
82
75
31
-7
-32
-72
-117
-111
-48
3
-12
-66
-101
-108
-92
-35
67
140
99
-38
-168
-220
-204
-149
-78
-31
-42
-91
-120
-105
-77
-63
-52
-29
-2
18
46
89
128
140
126
99
66
41
46
78
110
114
85
39
-12
-57
-89
-88
-42
27
69
52
-4
-61
-96
-110
-114
-119
-145
-193
-226
-202
-135
-86
-84
-94
-84
-62
-32
26
108
160
140
69
4
-30
-45
-54
-56
-54
-58
-62
-52
-36
-37
-56
-60
-26
20
34
-2
-54
-85
-98
-126
-175
-209
-202
-163
-109
-44
20
60
81
108
147
165
142
103
85
70
17
-69
-134
-148
-132
-113
-94
-62
-4
87
185
237
211
127
39
-23
-64
-93
-108
-105
-89
-65
-29
13
40
31
-7
-38
-32
5
41
49
36
19
-11
-63
-111
-118
-80
-31
6
26
21
-2
-11
23
74
90
64
42
58
92
116
138
171
195
186
160
138
121
102
87
84
78
50
-4
-64
-100
-92
-41
34
102
142
147
121
79
43
27
25
16
-16
-75
-151
-212
-220
-174
-115
-73
-29
42
125
191
229
240
222
183
148
125
86
15
-50
-48
30
135
215
252
248
220
202
213
236
237
209
155
64
-64
-189
-259
-255
-197
-115
-46
-25
-61
-109
-116
-81
-55
-69
-110
-161
-216
-264
-283
-258
-195
-115
-42
0
15
30
69
119
135
87
-8
-103
-161
-176
-166
-142
-107
-63
-25
-9
-9
-2
18
36
31
2
-46
-97
-135
-152
-155
-143
-101
-33
28
54
48
36
30
25
16
-7
-49
-101
-141
-151
-142
-133
-120
-92
-60
-40
-28
-7
24
60
105
147
150
96
14
-53
-81
-71
-45
-27
-34
-57
-64
-43
-9
20
49
79
85
54
6
-38
-75
-92
-61
-2
31
21
22
73
142
180
182
176
165
133
78
14
-45
-84
-74
-13
44
51
33
49
114
185
213
180
108
42
18
30
47
60
85
128
157
142
99
74
98
158
220
251
236
192
147
108
65
19
-9
-20
-40
-77
-103
-96
-56
-1
52
87
90
65
35
22
23
24
23
20
0
-50
-111
-124
-48
91
221
281
265
200
122
58
22
3
-28
-79
-126
-153
-178
-201
-171
-52
105
204
203
139
73
41
48
65
46
-31
-126
-178
-164
-109
-29
80
191
247
226
156
72
-5
-52
-60
-68
-129
-251
-385
-470
-472
-387
-246
-109
-33
-19
-21
-14
-18
-52
-108
-171
-233
-279
-295
-294
-288
-265
-208
-132
-64
-7
51
104
130
122
89
35
-44
-130
-190
-219
-226
-195
-107
-1
56
51
38
53
76
78
77
88
84
28
-63
-140
-179
-177
-130
-41
54
116
154
207
265
274
217
139
95
76
40
-27
-99
-142
-135
-71
25
104
130
127
145
195
239
245
220
187
146
95
45
17
27
82
173
268
316
300
254
232
252
287
305
285
221
126
41
5
18
47
70
91
119
150
176
195
218
250
280
282
233
143
60
29
49
70
49
-14
-80
-105
-84
-43
-2
56
144
227
235
146
30
-25
-4
33
31
-21
-102
-177
-199
-146
-38
85
210
319
352
264
103
-18
-37
-10
-23
-96
-190
-264
-294
-258
-158
-39
47
74
41
-38
-129
-193
-224
-250
-293
-340
-359
-353
-345
-351
-350
-312
-237
-155
-111
-128
-184
-225
-219
-179
-151
-180
-280
-415
-514
-514
-411
-262
-137
-83
-90
-102
-69
0
52
52
17
-25
-86
-185
-290
-332
-275
-155
-34
45
78
91
119
166
185
121
-24
-187
-308
-373
-394
-374
-305
-203
-107
-38
16
82
161
230
269
276
263
232
186
143
120
118
122
126
133
141
148
170
217
262
261
211
152
121
126
154
199
248
278
277
261
257
278
324
381
419
398
316
215
145
126
151
199
244
266
266
264
275
292
292
272
241
208
174
146
146
186
259
331
373
372
343
312
297
305
319
308
254
180
130
118
126
144
181
236
277
281
262
244
230
199
148
95
46
-4
-52
-89
-117
-136
-126
-77
-16
8
-22
-70
-94
-85
-73
-91
-137
-181
-200
-201
-207
-227
-241
-232
-209
-199
-215
-256
-310
-359
-390
-410
-435
-467
-486
-484
-464
-423
-354
-269
-207
-193
-218
-258
-305
-358
-414
-466
-513
-543
-532
-491
-461
-454
-436
-383
-323
-296
-312
-361
-437
-528
-593
-606
-594
-605
-631
-633
-602
-562
-518
-454
-384
-341
-339
-357
-373
-381
-375
-351
-320
-291
-255
-190
-99
-18
40
96
165
225
230
163
51
-26
-2
98
166
126
29
-4
87
257
416
506
526
507
482
466
451
424
402
407
429
437
426
422
436
440
417
375
337
301
261
227
221
256
320
381
417
433
464
539
641
713
711
645
550
445
329
223
175
207
288
363
408
439
469
494
505
499
471
423
384
378
385
363
312
277
279
289
291
301
327
336
297
234
184
140
74
-5
-62
-80
-70
-37
10
47
67
96
148
192
191
152
102
46
-25
-99
-150
-175
-190
-194
-176
-147
-129
-119
-103
-102
-143
-207
-265
-324
-407
-495
-544
-543
-524
-508
-477
-426
-384
-378
-407
-455
-512
-567
-607
-646
-703
-763
-785
-766
-737
-713
-671
-602
-533
-500
-506
-535
-578
-632
-684
-732
-788
-845
-871
-856
-832
-823
-809
-766
-722
-726
-772
-802
-779
-721
-664
-615
-565
-512
-458
-399
-339
-282
-222
-146
-61
-6
-8
-48
-89
-113
-122
-109
-58
22
102
151
169
175
196
241
295
335
367
414
482
542
563
558
564
598
638
659
663
667
683
702
696
640
551
479
457
463
455
423
394
403
451
503
524
513
505
533
583
607
576
517
464
425
396
386
396
414
439
489
564
633
674
697
715
715
685
639
606
593
591
605
632
650
643
629
631
639
633
614
590
556
514
472
424
354
277
233
232
244
237
218
203
179
131
78
43
17
-22
-70
-111
-144
-167
-166
-139
-118
-124
-136
-129
-107
-95
-109
-139
-171
-203
-249
-314
-386
-436
-434
-392
-353
-357
-401
-461
-517
-565
-608
-653
-704
-752
-794
-841
-889
-916
-902
-851
-789
-748
-759
-822
-890
-917
-913
-931
-994
-1081
-1156
-1200
-1199
-1144
-1062
-1003
-978
-952
-914
-903
-934
-965
-974
-990
-1022
-1031
-988
-906
-792
-641
-473
-340
-268
-232
-205
-189
-177
-143
-86
-57
-82
-120
-131
-119
-71
60
267
472
619
715
767
763
720
680
652
608
548
518
541
578
596
620
678
742
782
811
848
882
906
927
916
835
705
587
493
397
319
318
400
507
577
595
574
539
525
552
578
542
465
431
455
467
437
412
428
468
526
601
668
699
715
738
735
664
548
466
449
465
494
546
604
624
615
629
659
653
612
594
599
577
524
482
457
419
373
358
370
368
341
330
347
337
267
178
110
59
13
-7
-4
-5
-9
1
9
-23
-92
-151
-182
-218
-284
-369
-449
-522
-588
-637
-662
-670
-661
-623
-563
-522
-524
-551
-572
-584
-605
-647
-710
-780
-841
-887
-918
-929
-920
-906
-898
-892
-894
-927
-989
-1048
-1080
-1105
-1149
-1191
-1193
-1154
-1113
-1096
-1106
-1137
-1184
-1223
-1236
-1257
-1317
-1371
-1353
-1270
-1166
-1037
-851
-636
-467
-379
-356
-369
-389
-370
-284
-179
-128
-128
-103
-36
30
105
264
497
688
757
733
678
627
608
639
685
684
637
618
663
728
776
843
955
1052
1075
1048
1026
1014
1001
986
949
847
687
535
442
399
388
426
510
576
564
499
457
464
498
551
613
645
618
556
500
456
419
410
445
497
521
511
500
508
525
548
585
627
651
656
654
642
615
591
588
595
590
572
552
532
512
506
523
547
554
547
548
563
574
572
565
557
541
517
481
421
339
261
204
156
100
43
2
-15
-15
-14
-35
-95
-177
-244
-275
-294
-328
-363
-381
-398
-432
-468
-490
-510
-531
-531
-504
-484
-500
-540
-580
-624
-696
-793
-885
-959
-1014
-1045
-1052
-1065
-1104
-1140
-1138
-1116
-1109
-1110
-1088
-1042
-1009
-1024
-1095
-1198
-1280
-1292
-1241
-1188
-1186
-1222
-1248
-1249
-1266
-1334
-1436
-1523
-1549
-1504
-1403
-1266
-1091
-867
-616
-392
-236
-150
-110
-86
-51
-15
-5
-24
-32
-5
38
78
139
251
402
549
660
720
713
654
611
645
731
801
842
879
907
908
907
934
977
1017
1071
1124
1104
963
766
625
574
565
569
603
651
665
638
599
533
428
353
373
430
420
355
325
353
372
346
315
316
344
396
482
573
605
593
606
643
632
576
571
655
761
828
860
864
812
712
616
557
515
478
477
515
536
504
465
465
481
488
519
595
663
656
577
473
366
258
166
111
89
70
45
20
-6
-38
-62
-53
-16
9
7
-4
-12
-42
-118
-215
-282
-308
-324
-353
-384
-392
-377
-355
-346
-372
-439
-519
-569
-590
-628
-696
-750
-771
-813
-912
-1028
-1100
-1122
-1125
-1121
-1107
-1088
-1073
-1049
-1020
-1029
-1096
-1166
-1177
-1159
-1174
-1211
-1222
-1219
-1252
-1321
-1379
-1411
-1433
-1457
-1485
-1544
-1654
-1779
-1845
-1823
-1722
-1520
-1187
-779
-422
-177
-6
125
203
224
224
230
241
255
281
304
300
297
370
540
732
870
962
1047
1113
1127
1087
1012
910
801
732
734
783
833
877
937
998
1022
1007
983
957
916
869
836
795
697
542
390
294
255
258
309
402
490
538
558
555
514
449
420
447
481
475
450
448
474
506
546
597
635
639
637
663
684
660
616
606
626
637
636
640
639
626
624
642
638
572
474
410
395
386
366
363
383
403
417
435
439
410
376
370
358
298
204
128
78
33
-16
-53
-72
-82
-88
-81
-72
-73
-74
-62
-64
-105
-161
-196
-215
-251
-297
-328
-341
-338
-315
-290
-291
-315
-329
-331
-347
-392
-446
-501
-568
-650
-727
-787
-854
-934
-999
-1047
-1110
-1183
-1221
-1222
-1240
-1284
-1314
-1336
-1384
-1435
-1434
-1404
-1416
-1467
-1486
-1454
-1431
-1448
-1472
-1483
-1527
-1615
-1700
-1777
-1880
-1934
-1776
-1396
-965
-594
-250
82
324
435
470
475
442
395
397
432
390
261
199
293
432
506
587
752
928
1024
1065
1076
1019
913
868
916
955
920
907
1007
1138
1176
1145
1142
1142
1070
963
891
816
691
585
558
529
414
283
244
283
322
365
464
578
606
547
495
477
447
420
457
529
554
541
556
587
569
518
510
550
567
523
467
443
443
452
495
566
616
629
644
675
681
642
586
533
469
394
338
318
317
308
292
285
295
316
337
348
337
305
263
213
150
89
51
33
14
-13
-41
-63
-74
-63
-41
-38
-69
-107
-126
-139
-168
-198
-197
-172
-156
-157
-154
-147
-162
-192
-213
-235
-287
-355
-392
-393
-396
-427
-468
-519
-611
-752
-891
-994
-1081
-1169
-1235
-1270
-1312
-1375
-1407
-1370
-1302
-1263
-1255
-1249
-1244
-1262
-1313
-1389
-1490
-1598
-1656
-1645
-1627
-1668
-1736
-1760
-1748
-1783
-1888
-1995
-1987
-1787
-1403
-929
-482
-112
223
544
775
824
728
633
637
694
699
596
424
285
274
379
497
573
665
836
1025
1103
1026
892
830
880
984
1055
1055
1026
1048
1133
1184
1104
939
823
815
848
825
722
579
454
369
303
228
162
180
327
548
721
765
707
623
563
528
506
483
465
464
479
490
486
487
523
597
682
742
750
714
667
635
615
588
553
528
533
569
617
647
636
583
510
440
371
294
222
186
190
204
202
184
168
176
218
274
305
298
272
247
210
136
31
-74
-150
-183
-182
-161
-138
-118
-94
-64
-39
-22
-2
27
44
29
-9
-49
-82
-118
-162
-207
-243
-262
-266
-267
-280
-310
-350
-394
-440
-490
-543
-589
-612
-621
-655
-742
-872
-1017
-1155
-1274
-1349
-1374
-1381
-1414
-1472
-1518
-1542
-1562
-1563
-1517
-1449
-1416
-1416
-1408
-1402
-1435
-1483
-1487
-1452
-1439
-1455
-1459
-1455
-1508
-1631
-1744
-1773
-1713
-1544
-1206
-728
-252
123
419
645
750
746
743
798
847
829
763
684
579
458
403
474
617
758
899
1047
1130
1104
1048
1043
1058
1044
1024
1037
1057
1054
1041
1033
1014
978
954
946
899
774
621
518
457
381
284
208
180
208
300
417
500
547
612
698
738
691
599
533
520
549
588
609
602
598
624
664
667
631
617
647
667
629
557
496
470
493
560
622
638
633
648
662
616
506
388
303
246
191
130
66
12
-6
29
87
121
134
167
208
206
151
81
23
-27
-65
-97
-138
-190
-221
-211
-188
-190
-208
-208
-186
-169
-172
-179
-184
-193
-196
-182
-173
-196
-229
-236
-222
-219
-236
-270
-323
-388
-440
-467
-489
-522
-556
-572
-574
-589
-639
-714
-790
-848
-891
-948
-1052
-1187
-1306
-1383
-1441
-1501
-1558
-1606
-1641
-1640
-1599
-1561
-1553
-1540
-1498
-1466
-1490
-1538
-1559
-1558
-1581
-1634
-1693
-1766
-1868
-1932
-1846
-1590
-1225
-767
-209
347
750
968
1075
1098
1025
912
853
834
762
628
532
527
555
585
688
898
1125
1293
1413
1471
1393
1194
1007
902
821
736
726
838
984
1045
1011
945
871
787
725
707
678
591
481
388
269
96
-49
-51
90
288
470
612
703
734
719
683
640
603
607
671
754
788
760
715
688
678
672
669
672
680
690
687
651
587
524
500
530
599
678
742
767
737
646
508
348
194
64
-22
-53
-35
9
55
93
121
141
161
185
206
208
180
125
42
-77
-220
-345
-410
-414
-374
-304
-218
-145
-108
-107
-127
-157
-179
-175
-156
-150
-173
-213
-249
-276
-292
-295
-284
-265
-244
-224
-215
-235
-281
-330
-369
-401
-418
-410
-400
-419
-463
-510
-583
-721
-896
-1036
-1107
-1136
-1154
-1168
-1186
-1225
-1270
-1294
-1318
-1401
-1530
-1608
-1591
-1549
-1547
-1562
-1553
-1545
-1565
-1591
-1591
-1586
-1606
-1622
-1611
-1620
-1704
-1807
-1796
-1608
-1273
-829
-300
226
628
870
1014
1100
1098
1010
934
943
980
946
852
782
772
811
905
1056
1214
1318
1385
1460
1499
1411
1210
1031
943
886
815
789
854
959
1027
1043
1017
930
789
655
576
510
399
264
162
74
-43
-147
-150
-43
111
263
403
507
537
504
460
446
454
475
519
595
680
754
818
877
917
925
906
870
816
743
670
622
605
602
592
580
591
632
677
699
698
670
600
483
336
181
36
-70
-109
-79
-17
44
92
127
136
112
69
28
-14
-66
-121
-184
-269
-370
-439
-438
-379
-297
-208
-124
-64
-45
-69
-131
-211
-276
-300
-297
-308
-345
-376
-364
-320
-287
-285
-290
-275
-243
-223
-240
-283
-315
-319
-319
-342
-380
-403
-403
-391
-395
-450
-555
-658
-727
-807
-946
-1104
-1190
-1190
-1168
-1171
-1183
-1189
-1217
-1274
-1332
-1386
-1474
-1577
-1614
-1585
-1597
-1687
-1771
-1794
-1809
-1854
-1887
-1889
-1917
-1979
-1972
-1805
-1520
-1200
-826
-359
117
480
721
893
981
968
930
947
970
917
822
776
789
802
814
888
1028
1152
1227
1298
1374
1396
1344
1267
1197
1108
1005
934
909
897
887
909
961
977
900
762
625
507
389
274
183
107
32
-29
-50
-27
25
97
185
266
317
344
370
391
392
385
406
456
498
513
529
585
679
779
851
871
844
795
751
713
663
609
587
618
670
708
732
757
779
782
751
680
577
461
351
256
177
120
92
93
114
145
170
180
175
165
154
130
85
26
-36
-110
-195
-264
-298
-309
-301
-253
-175
-121
-119
-135
-130
-121
-136
-162
-175
-188
-224
-266
-282
-284
-301
-312
-287
-259
-285
-352
-398
-417
-447
-490
-509
-503
-508
-536
-558
-558
-564
-592
-619
-628
-642
-681
-724
-754
-796
-870
-948
-985
-992
-1015
-1074
-1143
-1203
-1266
-1345
-1423
-1480
-1524
-1570
-1606
-1623
-1656
-1740
-1849
-1919
-1947
-1995
-2096
-2217
-2305
-2310
-2177
-1871
-1434
-958
-491
-22
429
770
938
993
1042
1110
1149
1126
1040
912
804
795
897
1033
1141
1241
1366
1480
1519
1469
1376
1286
1212
1153
1095
1005
879
764
710
701
693
677
665
644
586
483
340
168
-8
-153
-250
-317
-372
-407
-394
-325
-220
-113
-18
74
176
288
392
471
529
578
615
620
589
540
513
557
692
863
977
999
978
961
940
898
858
845
852
854
830
766
657
547
509
558
615
599
531
472
430
372
306
264
242
227
230
257
272
238
184
161
172
167
125
71
27
-18
-63
-84
-90
-123
-190
-236
-222
-184
-178
-200
-199
-152
-95
-68
-77
-108
-146
-179
-193
-205
-251
-331
-396
-413
-414
-444
-487
-493
-457
-419
-399
-384
-375
-390
-428
-470
-513
-579
-663
-728
-753
-766
-796
-834
-858
-871
-895
-943
-1033
-1169
-1322
-1447
-1523
-1571
-1615
-1660
-1697
-1725
-1757
-1806
-1873
-1933
-1956
-1938
-1939
-2030
-2209
-2371
-2383
-2172
-1759
-1232
-684
-155
357
821
1151
1291
1306
1336
1446
1560
1563
1432
1245
1108
1077
1131
1194
1208
1211
1283
1406
1454
1342
1143
998
953
944
917
878
845
823
830
854
820
686
528
451
430
348
168
-27
-171
-297
-438
-545
-565
-516
-417
-247
-35
121
189
244
326
391
412
442
513
578
600
612
649
685
696
728
818
911
945
941
940
909
826
754
732
721
699
717
792
847
815
718
598
462
316
210
180
185
177
172
187
174
106
59
108
220
323
399
441
412
311
191
79
-35
-136
-180
-172
-177
-228
-284
-302
-298
-298
-279
-222
-164
-136
-112
-86
-100
-165
-229
-267
-305
-345
-359
-345
-338
-338
-327
-315
-333
-368
-370
-331
-293
-281
-268
-249
-266
-328
-385
-405
-407
-396
-360
-333
-379
-494
-623
-753
-913
-1076
-1161
-1153
-1145
-1222
-1360
-1483
-1572
-1654
-1724
-1759
-1765
-1764
-1758
-1752
-1794
-1909
-2040
-2103
-2116
-2180
-2324
-2440
-2398
-2159
-1754
-1223
-616
-1
576
1100
1524
1764
1814
1812
1884
1971
1921
1728
1525
1394
1331
1327
1371
1398
1363
1323
1340
1342
1216
1006
873
870
870
783
675
613
575
566
630
701
642
471
341
289
184
-41
-278
-417
-485
-558
-641
-701
-727
-693
-540
-296
-97
10
137
346
532
599
598
604
614
622
654
709
745
769
833
930
977
932
861
835
829
810
815
862
888
856
827
835
829
779
728
703
653
539
379
207
34
-113
-183
-167
-122
-93
-55
14
74
89
96
147
221
265
262
207
94
-57
-192
-281
-343
-399
-432
-419
-376
-344
-337
-330
-296
-238
-168
-101
-54
-45
-66
-80
-63
-35
-39
-84
-129
-140
-137
-165
-225
-270
-278
-274
-288
-313
-327
-321
-291
-233
-164
-128
-144
-190
-236
-284
-344
-406
-457
-522
-632
-786
-948
-1102
-1255
-1392
-1474
-1497
-1518
-1588
-1691
-1775
-1831
-1891
-1963
-2010
-2009
-1977
-1954
-1969
-2040
-2166
-2307
-2403
-2423
-2358
-2158
-1751
-1143
-451
211
800
1304
1702
1984
2185
2338
2429
2435
2364
2235
2039
1780
1533
1385
1343
1348
1369
1394
1385
1299
1151
1002
895
830
792
773
760
732
676
598
498
381
271
190
126
38
-94
-251
-410
-558
-695
-812
-880
-858
-736
-563
-402
-258
-100
73
224
338
453
602
760
871
919
923
901
865
838
836
853
878
914
948
948
904
839
783
744
724
731
762
789
783
746
689
604
477
326
186
74
-17
-93
-159
-215
-251
-245
-196
-131
-68
9
107
191
209
161
89
24
-41
-107
-155
-174
-179
-191
-214
-242
-275
-303
-313
-304
-293
-291
-282
-251
-207
-164
-124
-77
-25
17
43
52
45
26
2
-28
-77
-148
-216
-253
-255
-241
-222
-196
-168
-148
-130
-95
-45
-8
-6
-30
-57
-89
-149
-246
-356
-452
-548
-690
-891
-1107
-1284
-1398
-1461
-1502
-1555
-1634
-1720
-1785
-1837
-1913
-2010
-2066
-2050
-2027
-2062
-2122
-2133
-2104
-2107
-2152
-2193
-2222
-2257
-2234
-2021
-1560
-916
-183
589
1349
2005
2485
2797
2962
2986
2914
2823
2711
2487
2134
1777
1542
1419
1331
1258
1228
1231
1212
1139
1022
874
717
600
546
502
410
303
243
227
204
155
103
51
-30
-158
-318
-481
-634
-763
-854
-905
-927
-910
-822
-650
-421
-168
92
357
616
834
972
1019
1010
995
992
988
978
977
987
993
986
966
926
860
781
723
689
641
553
456
405
417
463
515
562
589
568
479
329
138
-67
-247
-356
-382
-361
-343
-331
-290
-214
-145
-110
-83
-33
25
49
28
-27
-107
-193
-252
-265
-251
-243
-226
-167
-83
-32
-30
-38
-32
-31
-42
-47
-54
-84
-123
-129
-100
-76
-77
-71
-36
5
21
20
9
-29
-87
-117
-105
-104
-140
-163
-130
-78
-65
-84
-85
-55
-26
-15
-19
-42
-103
-194
-288
-389
-513
-643
-745
-819
-899
-1005
-1135
-1284
-1438
-1571
-1670
-1754
-1844
-1925
-1976
-2014
-2085
-2195
-2284
-2300
-2249
-2181
-2157
-2209
-2319
-2424
-2472
-2447
-2316
-1989
-1386
-556
327
1112
1772
2333
2776
3058
3182
3200
3139
2995
2774
2505
2211
1914
1658
1497
1436
1417
1383
1316
1221
1103
983
881
780
639
461
303
210
157
101
59
73
128
144
56
-139
-406
-686
-910
-1042
-1096
-1108
-1082
-997
-859
-708
-561
-392
-175
77
329
546
690
740
728
720
753
810
874
955
1060
1155
1189
1145
1058
970
888
798
703
622
560
500
439
409
439
518
590
622
614
557
419
204
-26
-216
-355
-448
-486
-477
-453
-427
-378
-307
-253
-224
-173
-74
9
3
-69
-125
-148
-182
-234
-255
-223
-160
-87
-22
5
-26
-85
-124
-137
-152
-169
-158
-117
-82
-66
-41
2
42
78
132
189
206
173
121
63
-2
-54
-66
-44
-28
-36
-42
-28
-11
-10
-15
-12
-6
-9
-25
-54
-92
-116
-108
-90
-96
-131
-192
-289
-435
-611
-789
-958
-1104
-1208
-1268
-1325
-1422
-1547
-1652
-1732
-1819
-1919
-1998
-2050
-2090
-2116
-2133
-2185
-2295
-2407
-2441
-2416
-2435
-2535
-2612
-2515
-2182
-1661
-1013
-270
554
1424
2248
2878
3207
3279
3248
3218
3165
3012
2743
2424
2136
1922
1773
1653
1541
1457
1436
1460
1434
1276
1003
719
517
408
340
266
183
120
95
86
48
-46
-182
-322
-445
-580
-780
-1044
-1289
-1431
-1460
-1412
-1303
-1121
-881
-620
-365
-115
120
330
528
729
896
963
938
904
911
934
947
983
1061
1139
1170
1145
1075
969
858
793
785
779
729
661
621
601
570
534
513
486
425
326
187
-15
-268
-498
-630
-669
-665
-639
-574
-473
-376
-299
-223
-145
-89
-60
-36
-16
-36
-109
-188
-220
-203
-166
-120
-56
8
34
14
-21
-43
-60
-83
-90
-66
-37
-42
-70
-73
-34
23
79
137
190
211
178
107
30
-29
-65
-75
-63
-49
-58
-91
-130
-156
-168
-162
-126
-59
12
40
9
-41
-63
-51
-32
-9
31
63
42
-56
-218
-419
-621
-775
-879
-988
-1142
-1299
-1399
-1476
-1614
-1802
-1931
-1956
-1966
-2050
-2181
-2299
-2393
-2468
-2511
-2536
-2583
-2649
-2687
-2680
-2653
-2567
-2301
-1779
-1061
-261
581
1440
2209
2770
3127
3352
3465
3437
3279
3046
2781
2507
2254
2052
1906
1812
1770
1767
1749
1655
1470
1239
1009
808
649
521
398
273
168
85
0
-97
-183
-254
-339
-466
-650
-911
-1238
-1552
-1751
-1802
-1755
-1655
-1479
-1214
-920
-667
-451
-223
26
270
492
679
803
855
867
882
914
966
1054
1180
1306
1389
1421
1413
1364
1270
1169
1098
1039
958
870
818
799
769
712
655
609
539
414
240
35
-199
-437
-626
-730
-774
-787
-761
-680
-560
-434
-322
-223
-138
-63
5
52
45
-21
-97
-120
-90
-53
-34
-19
7
33
42
27
-3
-27
-23
11
51
82
107
133
149
141
125
128
147
153
129
89
44
-7
-69
-138
-197
-225
-212
-179
-160
-164
-167
-148
-116
-93
-84
-73
-44
-11
-5
-41
-95
-123
-101
-50
-16
-22
-56
-103
-161
-234
-320
-415
-508
-579
-630
-700
-829
-1012
-1198
-1350
-1482
-1627
-1798
-1974
-2122
-2235
-2325
-2412
-2492
-2546
-2566
-2570
-2594
-2660
-2757
-2858
-2917
-2878
-2680
-2275
-1637
-782
202
1185
2063
2794
3355
3700
3788
3653
3411
3170
2948
2697
2404
2133
1957
1873
1823
1754
1654
1531
1393
1241
1073
873
643
424
266
172
95
13
-49
-79
-107
-159
-242
-389
-649
-1009
-1374
-1660
-1857
-1981
-2014
-1923
-1716
-1439
-1134
-840
-591
-382
-160
104
354
523
626
723
830
927
1007
1090
1193
1320
1460
1583
1645
1626
1548
1455
1363
1261
1142
1021
926
883
896
929
923
856
750
617
440
208
-49
-290
-478
-587
-621
-619
-617
-603
-544
-445
-353
-293
-248
-199
-165
-172
-208
-246
-270
-262
-210
-132
-66
-23
23
78
108
95
64
57
66
54
12
-21
-6
50
113
168
227
287
318
306
262
201
128
55
-1
-34
-66
-111
-155
-176
-182
-194
-196
-158
-95
-52
-48
-68
-96
-117
-120
-107
-95
-80
-44
-2
0
-40
-70
-60
-56
-114
-202
-251
-264
-313
-424
-551
-658
-740
-798
-857
-967
-1140
-1305
-1407
-1493
-1643
-1845
-2016
-2119
-2202
-2313
-2430
-2519
-2577
-2614
-2625
-2631
-2678
-2773
-2866
-2886
-2774
-2468
-1918
-1132
-182
839
1847
2745
3423
3793
3865
3753
3589
3411
3179
2877
2561
2302
2116
1982
1883
1818
1767
1703
1613
1479
1257
942
619
388
243
117
2
-56
-67
-96
-165
-237
-304
-424
-640
-937
-1278
-1640
-1972
-2195
-2265
-2206
-2032
-1729
-1342
-986
-720
-480
-193
117
386
609
825
1020
1136
1159
1153
1184
1258
1353
1464
1581
1674
1707
1665
1554
1389
1210
1071
1008
1011
1039
1062
1068
1047
984
866
703
504
276
31
-201
-398
-560
-695
-793
-839
-829
-771
-687
-606
-539
-469
-377
-279
-213
-188
-169
-128
-73
-30
-3
27
70
118
155
173
168
147
116
77
36
15
34
81
131
188
267
356
429
475
486
449
363
264
186
119
28
-86
-186
-255
-306
-349
-368
-361
-339
-295
-224
-161
-143
-143
-115
-68
-47
-50
-28
27
65
49
8
-23
-50
-98
-162
-227
-294
-344
-344
-307
-299
-355
-420
-431
-414
-465
-619
-810
-957
-1064
-1201
-1404
-1639
-1851
-2011
-2135
-2255
-2391
-2527
-2614
-2625
-2600
-2593
-2606
-2610
-2619
-2679
-2774
-2789
-2604
-2185
-1556
-736
242
1270
2212
2973
3507
3780
3802
3660
3452
3203
2905
2600
2359
2202
2091
2008
1968
1965
1935
1823
1640
1422
1176
894
606
359
190
97
42
-27
-126
-227
-305
-383
-510
-717
-997
-1319
-1647
-1953
-2208
-2377
-2421
-2310
-2051
-1693
-1297
-910
-552
-232
52
306
541
754
932
1056
1126
1162
1201
1267
1361
1477
1607
1733
1821
1841
1785
1653
1470
1289
1159
1086
1046
1035
1045
1043
989
883
750
594
394
162
-62
-271
-497
-741
-941
-1059
-1113
-1113
-1029
-863
-682
-545
-443
-345
-257
-205
-189
-180
-158
-122
-79
-39
-11
9
47
116
191
245
283
316
329
308
265
235
235
261
298
334
371
419
468
486
454
378
277
167
54
-61
-179
-283
-350
-371
-370
-372
-367
-322
-238
-161
-123
-112
-102
-98
-109
-126
-138
-139
-126
-92
-55
-32
-24
-24
-41
-73
-95
-91
-85
-109
-148
-164
-156
-168
-215
-261
-291
-342
-448
-597
-768
-959
-1164
-1360
-1543
-1724
-1898
-2043
-2165
-2294
-2438
-2563
-2629
-2634
-2613
-2591
-2562
-2518
-2482
-2499
-2577
-2649
-2592
-2307
-1773
-1034
-143
837
1824
2713
3407
3840
4007
3970
3818
3599
3328
3030
2743
2477
2235
2048
1960
1956
1956
1893
1757
1572
1331
1024
682
368
126
-33
-114
-150
-205
-327
-501
-674
-819
-968
-1164
-1405
-1647
-1854
-2038
-2213
-2343
-2372
-2270
-2043
-1706
-1296
-887
-537
-234
69
376
645
857
1041
1211
1338
1406
1448
1489
1522
1560
1643
1765
1851
1856
1804
1719
1590
1423
1277
1198
1164
1128
1087
1052
980
817
582
349
145
-63
-292
-516
-712
-880
-1013
-1088
-1092
-1036
-937
-801
-638
-484
-388
-363
-377
-387
-374
-334
-269
-181
-81
16
103
163
183
176
182
228
291
329
334
327
320
313
321
363
426
481
530
584
608
558
449
338
243
138
24
-69
-140
-226
-333
-417
-438
-414
-378
-334
-283
-244
-226
-214
-210
-230
-255
-239
-181
-131
-115
-103
-64
-20
-10
-39
-85
-137
-192
-234
-245
-238
-242
-257
-252
-208
-144
-92
-70
-76
-108
-178
-306
-500
-744
-1012
-1260
-1445
-1562
-1665
-1803
-1963
-2097
-2195
-2290
-2390
-2454
-2446
-2388
-2335
-2328
-2375
-2459
-2561
-2653
-2691
-2615
-2360
-1887
-1216
-407
491
1428
2310
3018
3478
3706
3767
3719
3586
3365
3076
2783
2551
2382
2237
2105
2020
1987
1959
1870
1695
1443
1132
787
457
176
-51
-213
-295
-327
-385
-498
-618
-716
-852
-1086
-1387
-1674
-1918
-2147
-2353
-2466
-2431
-2258
-2000
-1694
-1354
-991
-614
-246
78
346
581
809
1012
1156
1250
1343
1470
1613
1730
1807
1869
1934
1977
1942
1813
1631
1454
1317
1220
1155
1118
1111
1131
1142
1095
964
771
553
321
63
-216
-477
-697
-886
-1052
-1171
-1210
-1164
-1048
-890
-729
-598
-496
-412
-351
-308
-261
-197
-138
-92
-32
60
144
172
170
205
286
342
331
287
251
229
220
237
266
283
315
407
544
648
672
640
589
513
391
232
56
-135
-323
-456
-503
-498
-487
-469
-416
-333
-255
-203
-172
-153
-146
-138
-124
-115
-126
-143
-133
-94
-69
-82
-96
-69
-34
-57
-142
-219
-246
-253
-275
-301
-302
-269
-210
-137
-72
-44
-55
-81
-126
-238
-434
-657
-857
-1042
-1224
-1372
-1482
-1613
-1788
-1936
-1991
-2004
-2063
-2168
-2233
-2221
-2173
-2137
-2124
-2140
-2184
-2218
-2227
-2273
-2398
-2482
-2315
-1818
-1098
-281
606
1556
2461
3163
3585
3763
3778
3694
3558
3384
3152
2858
2552
2290
2073
1886
1757
1725
1737
1669
1460
1174
887
589
254
-56
-240
-290
-294
-324
-384
-476
-629
-831
-1026
-1197
-1381
-1578
-1743
-1869
-1999
-2122
-2148
-2014
-1772
-1500
-1192
-808
-392
-45
201
393
572
748
936
1140
1324
1455
1552
1649
1733
1769
1771
1791
1840
1860
1798
1665
1501
1331
1169
1045
977
955
953
951
915
807
615
382
169
-4
-168
-358
-561
-737
-872
-985
-1080
-1124
-1084
-958
-780
-601
-468
-399
-376
-365
-345
-306
-231
-119
5
103
165
208
237
236
211
197
219
258
294
319
326
307
286
299
349
406
461
526
587
595
525
411
302
201
85
-47
-163
-237
-272
-292
-326
-381
-422
-405
-340
-288
-287
-309
-302
-258
-214
-200
-209
-211
-184
-131
-78
-53
-67
-100
-127
-135
-135
-145
-168
-192
-206
-204
-189
-176
-182
-216
-262
-282
-263
-243
-280
-384
-512
-620
-705
-794
-914
-1054
-1181
-1270
-1349
-1467
-1627
-1775
-1872
-1937
-2003
-2057
-2062
-2018
-1968
-1938
-1919
-1906
-1924
-1993
-2123
-2295
-2433
-2404
-2112
-1571
-864
-35
904
1881
2736
3322
3620
3704
3649
3496
3277
3015
2729
2444
2202
2027
1908
1820
1759
1714
1638
1481
1245
969
668
334
-2
-254
-367
-384
-390
-414
-437
-466
-543
-685
-862
-1052
-1266
-1505
-1736
-1927
-2061
-2114
-2048
-1866
-1620
-1346
-1024
-645
-277
5
219
442
699
944
1135
1276
1376
1443
1501
1573
1658
1734
1801
1870
1917
1880
1728
1508
1278
1071
909
826
821
849
860
836
775
665
498
301
114
-54
-228
-421
-609
-761
-864
-915
-913
-862
-770
-651
-526
-429
-394
-420
-464
-476
-438
-370
-295
-213
-113
5
124
210
244
235
224
236
251
237
197
177
197
228
244
254
289
359
442
499
503
454
382
314
243
143
20
-76
-114
-124
-157
-217
-268
-288
-283
-270
-258
-244
-216
-173
-139
-141
-165
-166
-124
-69
-41
-32
-16
-2
-18
-67
-120
-157
-178
-185
-180
-174
-182
-210
-250
-296
-336
-353
-340
-316
-313
-332
-354
-380
-438
-535
-640
-721
-784
-860
-956
-1059
-1161
-1256
-1334
-1386
-1422
-1457
-1485
-1499
-1515
-1563
-1635
-1685
-1690
-1678
-1686
-1714
-1747
-1801
-1903
-2047
-2199
-2317
-2325
-2109
-1602
-849
19
907
1780
2588
3220
3576
3654
3540
3344
3141
2950
2724
2418
2069
1783
1617
1532
1455
1374
1308
1235
1088
839
522
194
-95
-292
-353
-298
-211
-177
-227
-343
-502
-685
-875
-1068
-1269
-1470
-1642
-1763
-1849
-1922
-1949
-1848
-1579
-1192
-779
-392
-35
284
544
745
904
1040
1164
1293
1437
1571
1649
1659
1637
1615
1591
1558
1525
1490
1424
1306
1154
1005
878
780
735
759
819
849
806
693
521
297
47
-177
-345
-476
-606
-737
-848
-927
-971
-958
-865
-711
-551
-428
-350
-311
-319
-360
-388
-356
-261
-128
20
155
237
248
231
229
235
211
161
132
142
160
160
163
197
262
344
442
529
564
540
497
465
417
330
233
173
148
116
61
-4
-73
-147
-204
-219
-212
-223
-254
-257
-215
-161
-128
-103
-55
14
71
98
89
42
-30
-88
-103
-92
-86
-91
-96
-111
-155
-218
-258
-260
-249
-240
-224
-208
-230
-312
-418
-496
-536
-558
-574
-581
-589
-624
-704
-821
-948
-1049
-1096
-1104
-1132
-1212
-1305
-1350
-1349
-1355
-1387
-1400
-1349
-1254
-1188
-1194
-1257
-1326
-1371
-1407
-1472
-1584
-1726
-1876
-2038
-2194
-2252
-2087
-1642
-967
-157
722
1615
2436
3069
3429
3522
3433
3257
3044
2784
2459
2105
1784
1526
1316
1152
1070
1072
1081
1005
828
606
382
146
-103
-310
-399
-336
-174
-28
-11
-143
-343
-524
-689
-901
-1171
-1422
-1586
-1677
-1747
-1797
-1786
-1686
-1482
-1157
-724
-259
149
466
713
908
1053
1160
1248
1321
1371
1413
1472
1522
1510
1442
1386
1379
1385
1358
1302
1238
1155
1037
912
834
811
818
835
851
831
739
584
401
197
-42
-293
-508
-668
-798
-916
-996
-1019
-994
-924
-792
-609
-439
-332
-277
-233
-194
-181
-191
-191
-157
-93
-14
67
122
136
130
141
168
182
175
176
203
236
254
266
296
356
440
543
646
715
720
662
559
418
247
72
-73
-171
-228
-257
-266
-258
-237
-199
-150
-102
-64
-34
-13
-12
-41
-80
-94
-71
-34
-17
-38
-80
-114
-129
-146
-199
-285
-357
-375
-359
-359
-388
-402
-358
-262
-159
-98
-101
-150
-200
-222
-242
-298
-385
-450
-469
-482
-535
-620
-693
-735
-755
-766
-785
-829
-897
-953
-974
-979
-1003
-1032
-1032
-1010
-1017
-1068
-1132
-1196
-1284
-1392
-1476
-1514
-1537
-1581
-1631
-1677
-1748
-1880
-2039
-2153
-2165
-2032
-1692
-1120
-376
447
1292
2100
2751
3131
3253
3244
3184
3036
2764
2427
2117
1861
1634
1419
1214
1024
890
857
880
828
630
368
166
37
-88
-215
-272
-238
-170
-125
-119
-184
-358
-612
-865
-1075
-1271
-1470
-1631
-1723
-1764
-1759
-1661
-1447
-1173
-880
-534
-114
303
623
845
1027
1184
1287
1340
1382
1417
1414
1376
1344
1327
1303
1285
1313
1365
1369
1311
1247
1207
1152
1054
955
899
873
837
786
716
599
427
254
117
-19
-201
-410
-593
-742
-872
-961
-970
-903
-800
-676
-523
-370
-268
-217
-179
-141
-124
-113
-74
-18
0
-31
-62
-60
-53
-62
-57
-5
69
130
181
236
286
332
399
482
535
539
541
577
605
561
461
375
322
258
163
68
-7
-76
-128
-135
-106
-77
-58
-21
37
79
91
103
123
107
38
-28
-49
-65
-121
-191
-227
-244
-290
-359
-404
-406
-395
-387
-367
-341
-336
-344
-331
-305
-295
-282
-214
-104
-40
-68
-141
-203
-272
-381
-498
-566
-592
-623
-664
-685
-687
-690
-684
-659
-646
-684
-757
-819
-874
-961
-1070
-1135
-1129
-1102
-1093
-1083
-1070
-1094
-1166
-1230
-1247
-1254
-1308
-1403
-1491
-1565
-1654
-1779
-1931
-2080
-2144
-1996
-1559
-897
-125
708
1588
2429
3069
3392
3403
3189
2861
2526
2252
2023
1771
1489
1242
1077
965
869
790
739
698
651
589
476
269
-9
-243
-333
-292
-200
-111
-51
-56
-152
-312
-500
-717
-965
-1200
-1364
-1458
-1514
-1542
-1513
-1415
-1244
-976
-594
-160
230
542
810
1031
1155
1180
1172
1190
1228
1267
1306
1338
1338
1300
1262
1246
1226
1192
1176
1190
1177
1093
980
898
853
826
832
887
948
935
818
628
390
105
-194
-446
-622
-735
-797
-815
-816
-826
-813
-722
-561
-408
-319
-266
-205
-157
-176
-274
-391
-455
-424
-305
-157
-53
-14
3
38
78
86
65
68
141
277
427
540
591
586
554
526
514
514
508
483
436
376
309
223
115
9
-55
-64
-31
18
60
73
61
57
85
123
132
116
109
109
73
-20
-127
-209
-266
-302
-304
-280
-271
-294
-317
-314
-309
-328
-344
-317
-270
-246
-240
-225
-220
-263
-323
-338
-312
-305
-330
-341
-328
-341
-407
-478
-510
-526
-554
-562
-529
-493
-488
-489
-473
-472
-511
-549
-545
-547
-625
-756
-844
-871
-910
-990
-1050
-1049
-1027
-1041
-1098
-1183
-1291
-1399
-1460
-1478
-1525
-1651
-1814
-1955
-2078
-2193
-2208
-1996
-1528
-879
-108
760
1646
2390
2869
3088
3119
3013
2801
2529
2230
1906
1582
1325
1163
1039
896
775
752
804
822
748
620
474
295
91
-70
-134
-122
-80
-20
39
38
-64
-236
-423
-637
-900
-1161
-1339
-1434
-1504
-1559
-1541
-1421
-1222
-952
-586
-146
270
595
852
1067
1201
1224
1195
1182
1178
1142
1086
1042
1006
951
907
933
1021
1109
1170
1228
1262
1217
1096
982
927
909
905
932
980
983
881
699
489
261
8
-236
-421
-561
-688
-797
-857
-872
-863
-806
-656
-429
-193
-1
144
236
245
163
33
-97
-214
-305
-341
-326
-301
-298
-292
-244
-156
-67
11
97
207
322
412
461
469
462
485
562
661
719
715
678
636
573
458
304
162
68
13
-33
-81
-123
-146
-139
-97
-35
22
71
123
174
196
162
80
-23
-131
-234
-321
-386
-442
-500
-539
-521
-458
-410
-404
-411
-390
-339
-277
-224
-186
-163
-137
-89
-38
-34
-93
-167
-215
-257
-324
-400
-455
-502
-564
-628
-666
-680
-688
-667
-583
-446
-316
-233
-202
-235
-345
-498
-634
-743
-851
-935
-944
-903
-908
-994
-1098
-1156
-1189
-1238
-1288
-1304
-1303
-1321
-1355
-1405
-1493
-1613
-1712
-1788
-1911
-2087
-2165
-1978
-1518
-896
-181
635
1502
2268
2785
2998
2927
2658
2353
2143
2007
1848
1655
1507
1411
1276
1066
869
773
747
717
674
634
551
384
169
-23
-164
-233
-185
-42
77
79
-5
-101
-233
-474
-791
-1053
-1196
-1278
-1350
-1389
-1370
-1305
-1189
-996
-736
-444
-125
237
593
845
964
1035
1121
1180
1154
1088
1064
1088
1101
1080
1051
1036
1048
1090
1139
1139
1061
955
888
867
848
826
844
900
930
882
763
595
388
161
-44
-189
-278
-340
-404
-488
-590
-676
-699
-645
-554
-464
-375
-269
-162
-101
-115
-184
-258
-292
-278
-239
-204
-185
-175
-163
-147
-134
-128
-119
-86
-19
70
153
220
282
353
430
504
570
622
645
634
602
555
477
365
244
154
109
90
74
53
25
2
7
46
83
77
37
10
16
22
-4
-50
-84
-95
-105
-142
-224
-347
-477
-572
-613
-615
-589
-519
-402
-281
-212
-199
-201
-186
-163
-154
-157
-162
-169
-191
-237
-298
-356
-390
-389
-367
-347
-338
-326
-310
-315
-361
-428
-461
-438
-396
-380
-387
-377
-339
-304
-307
-349
-410
-480
-557
-647
-759
-895
-1025
-1111
-1151
-1173
-1193
-1194
-1171
-1162
-1198
-1249
-1276
-1295
-1352
-1450
-1555
-1677
-1862
-2113
-2351
-2461
-2349
-1965
-1326
-520
336
1174
1953
2567
2873
2844
2626
2390
2190
1995
1789
1593
1421
1286
1212
1201
1203
1174
1134
1114
1070
930
692
419
153
-78
-204
-170
-25
108
163
171
155
69
-129
-408
-703
-976
-1206
-1375
-1499
-1612
-1682
-1617
-1386
-1071
-754
-438
-95
238
486
634
732
815
886
958
1039
1099
1104
1076
1053
1029
995
981
1027
1102
1130
1082
1003
933
876
834
840
905
1004
1102
1172
1165
1031
790
521
276
57
-140
-292
-391
-461
-528
-580
-598
-587
-552
-477
-366
-261
-197
-161
-138
-142
-181
-218
-214
-168
-107
-42
27
75
75
35
-15
-61
-101
-107
-58
16
69
101
157
243
325
382
442
537
655
757
804
768
639
460
306
211
141
60
-19
-63
-80
-100
-127
-138
-128
-110
-80
-21
49
79
44
-22
-70
-87
-83
-71
-73
-116
-199
-279
-323
-358
-424
-498
-523
-489
-447
-435
-432
-409
-367
-309
-221
-115
-52
-64
-99
-103
-101
-143
-214
-259
-270
-282
-301
-304
-306
-334
-353
-299
-197
-149
-175
-193
-169
-175
-258
-347
-371
-359
-375
-410
-427
-452
-526
-617
-689
-788
-952
-1097
-1136
-1133
-1205
-1329
-1382
-1355
-1364
-1447
-1499
-1451
-1378
-1364
-1385
-1424
-1536
-1734
-1934
-2089
-2230
-2298
-2103
-1555
-796
-21
754
1581
2359
2889
3123
3169
3076
2825
2481
2171
1917
1650
1389
1227
1168
1124
1081
1116
1205
1189
1004
795
671
532
273
-11
-165
-189
-181
-171
-151
-166
-260
-380
-468
-590
-839
-1144
-1348
-1447
-1567
-1717
-1754
-1615
-1378
-1103
-747
-306
118
448
722
974
1143
1180
1162
1182
1212
1198
1172
1179
1171
1093
1009
1007
1057
1060
1012
1002
1045
1050
976
901
893
926
966
1027
1095
1100
1005
847
659
421
135
-125
-291
-405
-536
-666
-734
-752
-778
-799
-739
-589
-425
-316
-250
-199
-164
-152
-146
-134
-124
-98
-23
82
130
83
7
-19
-7
-13
-38
-20
60
156
229
285
340
388
434
491
558
613
661
717
764
751
661
538
420
298
164
55
9
-2
-28
-77
-117
-135
-146
-155
-154
-137
-110
-73
-40
-37
-83
-149
-188
-198
-212
-244
-279
-327
-415
-536
-637
-678
-665
-626
-569
-490
-388
-272
-162
-84
-50
-28
24
95
117
58
-47
-157
-269
-381
-462
-483
-454
-404
-351
-298
-249
-207
-168
-142
-145
-159
-130
-56
-11
-50
-129
-174
-187
-224
-304
-395
-468
-527
-588
-663
-767
-894
-1003
-1061
-1101
-1165
-1219
-1211
-1166
-1169
-1231
-1273
-1245
-1186
-1160
-1175
-1208
-1264
-1373
-1560
-1844
-2202
-2509
-2584
-2341
-1848
-1195
-398
526
1458
2227
2730
2953
2930
2729
2459
2208
1978
1732
1491
1314
1214
1164
1158
1205
1266
1286
1270
1248
1191
1024
734
418
189
84
79
137
204
220
177
106
0
-198
-498
-816
-1067
-1245
-1396
-1537
-1649
-1703
-1662
-1488
-1176
-787
-392
-18
321
579
709
728
695
652
627
649
739
868
982
1046
1067
1066
1064
1078
1103
1111
1079
1037
1026
1040
1037
1007
995
1042
1143
1250
1299
1251
1107
906
679
425
140
-141
-361
-500
-585
-632
-631
-576
-487
-388
-294
-223
-184
-171
-175
-206
-266
-326
-343
-311
-259
-204
-134
-51
9
27
24
21
6
-29
-67
-88
-84
-43
44
156
249
314
387
485
565
583
552
517
488
449
403
361
312
249
191
164
151
127
95
77
59
11
-54
-96
-112
-138
-179
-191
-158
-116
-93
-89
-104
-156
-230
-290
-325
-373
-451
-521
-546
-549
-567
-585
-566
-511
-435
-334
-210
-99
-41
-22
-7
5
-15
-52
-65
-50
-52
-87
-127
-160
-211
-287
-347
-361
-346
-325
-296
-262
-248
-261
-263
-225
-175
-154
-142
-104
-62
-74
-150
-248
-337
-424
-512
-588
-655
-742
-850
-943
-1014
-1099
-1207
-1285
-1296
-1268
-1254
-1264
-1286
-1322
-1368
-1382
-1333
-1270
-1273
-1351
-1447
-1548
-1707
-1944
-2184
-2303
-2188
-1766
-1043
-136
787
1626
2373
2999
3378
3409
3149
2765
2388
2067
1807
1588
1371
1159
1026
1035
1140
1218
1212
1164
1107
1005
819
560
256
-48
-261
-289
-156
-6
46
17
-31
-117
-305
-599
-929
-1232
-1479
-1643
-1726
-1774
-1804
-1743
-1511
-1134
-714
-302
114
513
807
937
937
871
775
693
693
795
942
1075
1185
1262
1266
1187
1075
994
949
923
929
981
1035
1035
995
980
1015
1067
1111
1146
1148
1070
889
626
311
-25
-325
-521
-595
-592
-559
-500
-422
-362
-339
-329
-298
-251
-216
-203
-205
-223
-256
-293
-313
-308
-273
-198
-89
15
67
60
19
-31
-80
-117
-128
-99
-26
85
216
337
423
471
498
512
515
502
474
437
398
362
319
254
171
103
74
77
84
76
57
35
20
9
-6
-37
-75
-97
-94
-92
-131
-215
-317
-411
-481
-518
-523
-519
-533
-564
-588
-598
-606
-623
-637
-623
-572
-483
-364
-246
-165
-126
-90
-25
57
122
149
140
104
56
13
-21
-70
-151
-235
-266
-224
-150
-100
-91
-99
-92
-58
-20
-16
-65
-134
-163
-133
-93
-100
-159
-226
-272
-311
-370
-450
-534
-603
-653
-681
-702
-735
-793
-860
-918
-967
-1017
-1065
-1107
-1145
-1178
-1194
-1187
-1183
-1208
-1247
-1250
-1209
-1177
-1205
-1288
-1384
-1487
-1627
-1815
-1998
-2071
-1918
-1482
-804
1
833
1651
2408
2980
3226
3122
2791
2399
2034
1708
1415
1167
986
893
892
951
1016
1065
1122
1188
1209
1127
936
674
376
83
-133
-201
-132
-7
97
162
179
118
-50
-322
-662
-1015
-1311
-1496
-1577
-1595
-1558
-1415
-1137
-771
-401
-61
254
529
717
794
779
713
634
577
568
602
664
752
866
970
1005
959
889
850
835
814
788
793
851
948
1062
1167
1243
1284
1303
1306
1259
1113
875
606
358
139
-60
-227
-342
-405
-426
-406
-354
-295
-248
-202
-138
-67
-19
-5
-14
-38
-73
-107
-119
-121
-150
-219
-295
-343
-366
-386
-399
-380
-316
-212
-86
37
133
200
269
366
465
519
516
490
468
427
346
243
157
107
85
70
45
1
-52
-85
-89
-88
-96
-92
-39
50
121
144
133
113
81
25
-50
-140
-246
-363
-465
-532
-573
-600
-611
-594
-554
-501
-438
-371
-327
-324
-333
-306
-243
-193
-185
-183
-143
-66
3
33
23
-7
-32
-45
-70
-146
-269
-379
-422
-413
-397
-378
-314
-192
-50
66
137
165
150
100
44
0
-44
-99
-156
-201
-242
-292
-344
-391
-435
-474
-482
-449
-416
-429
-482
-521
-523
-524
-561
-626
-693
-757
-833
-933
-1065
-1223
-1378
-1496
-1564
-1602
-1617
-1591
-1519
-1446
-1423
-1454
-1511
-1596
-1733
-1898
-1999
-1927
-1625
-1090
-369
459
1297
2059
2675
3063
3152
2953
2581
2179
1831
1560
1370
1262
1218
1218
1260
1341
1412
1411
1328
1214
1102
962
744
452
142
-113
-252
-256
-170
-84
-58
-76
-106
-175
-350
-643
-983
-1281
-1493
-1618
-1672
-1674
-1630
-1500
-1229
-815
-343
89
441
711
881
927
866
756
646
564
540
609
768
957
1108
1189
1201
1157
1092
1045
1022
993
945
910
929
991
1050
1093
1138
1193
1235
1237
1180
1035
784
455
121
-155
-364
-514
-598
-601
-532
-422
-303
-204
-151
-139
-131
-104
-80
-92
-137
-186
-227
-272
-320
-347
-342
-316
-277
-222
-172
-164
-212
-275
-302
-275
-204
-103
19
154
295
436
549
596
575
537
533
543
515
423
293
156
24
-91
-172
-202
-179
-114
-21
70
123
126
91
27
-57
-132
-164
-161
-166
-212
-274
-311
-316
-313
-322
-340
-362
-380
-394
-421
-491
-602
-697
-720
-662
-554
-412
-245
-81
42
111
144
148
113
49
-5
-31
-53
-89
-127
-145
-144
-129
-93
-30
45
102
128
117
56
-47
-148
-198
-196
-180
-168
-138
-74
0
38
23
-22
-71
-113
-155
-207
-273
-353
-439
-511
-552
-549
-508
-443
-370
-307
-276
-297
-367
-475
-619
-789
-944
-1045
-1102
-1160
-1241
-1316
-1362
-1402
-1456
-1490
-1465
-1404
-1372
-1385
-1414
-1459
-1570
-1766
-1984
-2103
-2011
-1632
-962
-102
797
1643
2416
3060
3429
3415
3087
2635
2193
1792
1431
1137
923
785
740
824
1018
1219
1333
1357
1325
1238
1064
795
460
116
-154
-266
-212
-85
-6
-12
-67
-150
-301
-545
-840
-1116
-1331
-1478
-1566
-1607
-1606
-1539
-1358
-1035
-609
-166
223
541
785
931
951
846
677
535
483
521
609
722
853
981
1062
1061
1002
952
956
1003
1048
1067
1071
1081
1098
1108
1106
1115
1154
1205
1218
1152
1001
775
481
141
-191
-447
-594
-648
-645
-598
-506
-377
-237
-118
-34
16
36
17
-49
-158
-286
-408
-504
-555
-546
-479
-385
-300
-233
-175
-131
-118
-140
-162
-151
-108
-56
-2
66
162
280
402
503
562
574
560
535
484
384
242
97
-25
-132
-227
-285
-288
-254
-211
-150
-51
60
126
119
65
-1
-70
-145
-214
-276
-343
-403
-417
-378
-344
-369
-427
-449
-427
-423
-476
-549
-587
-580
-544
-483
-398
-302
-208
-98
33
151
213
216
175
96
-19
-134
-208
-251
-298
-332
-288
-154
-10
64
78
95
138
170
164
133
94
48
-4
-50
-90
-132
-172
-194
-198
-204
-220
-239
-259
-296
-348
-385
-386
-369
-356
-334
-282
-220
-187
-186
-184
-177
-202
-286
-402
-517
-630
-750
-861
-943
-1006
-1063
-1101
-1098
-1072
-1071
-1114
-1172
-1224
-1274
-1332
-1396
-1477
-1590
-1718
-1832
-1939
-2061
-2126
-1965
-1469
-724
99
919
1749
2520
3058
3241
3105
2764
2311
1829
1425
1173
1046
973
925
901
890
894
960
1092
1196
1189
1112
1049
954
701
310
-14
-118
-74
-31
-17
12
28
-53
-256
-534
-843
-1143
-1368
-1472
-1503
-1538
-1558
-1464
-1237
-963
-679
-334
90
502
800
966
1025
971
811
632
536
538
588
664
771
876
917
884
826
783
774
811
894
990
1054
1084
1105
1123
1115
1085
1069
1076
1071
1023
919
738
466
139
-175
-436
-628
-726
-707
-609
-507
-425
-328
-201
-96
-42
4
72
113
70
-34
-145
-253
-358
-421
-407
-345
-284
-221
-135
-72
-105
-204
-262
-237
-189
-154
-89
42
194
317
410
486
524
507
471
448
405
299
154
19
-117
-273
-406
-445
-391
-310
-240
-159
-52
40
78
74
53
22
-10
-25
-27
-52
-117
-192
-252
-305
-368
-429
-466
-488
-518
-552
-577
-594
-614
-618
-566
-445
-283
-115
36
150
204
193
137
64
-11
-88
-164
-233
-282
-306
-310
-299
-276
-233
-165
-82
-6
52
93
120
126
105
70
51
73
124
159
146
99
53
9
-60
-158
-241
-267
-251
-238
-239
-228
-197
-170
-158
-141
-96
-38
-2
-4
-37
-89
-158
-246
-360
-498
-639
-750
-818
-869
-925
-978
-1016
-1053
-1113
-1183
-1217
-1210
-1215
-1275
-1361
-1414
-1432
-1470
-1556
-1659
-1748
-1850
-1990
-2094
-2013
-1641
-1007
-225
610
1452
2256
2930
3347
3414
3152
2716
2292
1960
1688
1443
1263
1187
1169
1129
1062
1036
1075
1117
1106
1067
1029
950
761
466
155
-74
-175
-172
-128
-117
-177
-291
-444
-666
-975
-1303
-1543
-1663
-1723
-1769
-1766
-1658
-1451
-1193
-902
-561
-166
240
593
837
938
909
809
703
628
599
630
722
851
966
1030
1033
989
928
888
905
982
1082
1165
1214
1234
1244
1251
1245
1215
1165
1115
1061
961
772
493
161
-179
-482
-701
-804
-804
-739
-642
-523
-401
-304
-242
-203
-179
-171
-174
-170
-157
-150
-164
-193
-229
-269
-290
-262
-192
-135
-134
-169
-194
-198
-203
-214
-197
-122
14
188
367
509
595
640
667
665
607
494
364
242
120
-11
-139
-248
-340
-403
-407
-332
-209
-90
-5
51
86
94
70
13
-61
-120
-129
-96
-74
-108
-182
-244
-273
-304
-375
-472
-552
-590
-595
-587
-572
-536
-460
-339
-184
-14
142
256
305
289
231
159
70
-49
-189
-300
-338
-304
-243
-192
-154
-103
-32
39
81
89
85
83
78
63
50
57
80
98
101
108
123
119
72
-2
-60
-85
-102
-134
-165
-159
-110
-47
-2
20
35
57
76
75
52
22
-10
-75
-202
-376
-533
-635
-707
-790
-876
-919
-917
-930
-1005
-1117
-1200
-1236
-1258
-1300
-1353
-1395
-1416
-1421
-1427
-1453
-1507
-1573
-1635
-1708
-1821
-1959
-2044
-1978
-1689
-1146
-369
549
1468
2282
2945
3400
3548
3345
2903
2429
2062
1807
1621
1496
1424
1364
1282
1196
1129
1076
1023
974
929
853
719
537
329
101
-114
-234
-207
-107
-69
-143
-283
-462
-721
-1082
-1469
-1774
-1947
-2000
-1964
-1872
-1754
-1599
-1350
-981
-548
-133
242
588
868
1006
981
857
727
642
623
683
816
985
1142
1245
1265
1199
1089
1000
971
999
1057
1127
1190
1221
1207
1158
1101
1051
1007
959
892
786
621
384
80
-245
-520
-695
-785
-823
-809
-719
-582
-468
-417
-390
-341
-283
-252
-241
-211
-162
-134
-149
-190
-231
-257
-259
-235
-197
-163
-143
-139
-162
-206
-225
-172
-63
44
131
243
393
522
562
529
483
448
402
334
271
229
184
112
22
-62
-125
-164
-177
-166
-142
-107
-66
-35
-39
-75
-102
-90
-57
-44
-56
-61
-54
-74
-152
-257
-333
-369
-395
-433
-465
-468
-453
-440
-427
-395
-339
-271
-207
-152
-108
-74
-44
-18
-7
-23
-52
-73
-81
-88
-96
-94
-83
-71
-51
-2
69
129
159
179
206
230
237
235
237
239
233
234
255
262
215
130
65
46
40
12
-27
-52
-51
-36
-22
-25
-51
-84
-101
-104
-123
-168
-214
-242
-268
-313
-370
-427
-486
-552
-613
-661
-703
-752
-809
-866
-916
-955
-974
-978
-991
-1018
-1045
-1074
-1132
-1225
-1307
-1340
-1336
-1327
-1317
-1308
-1319
-1360
-1406
-1446
-1528
-1685
-1829
-1795
-1495
-958
-243
590
1441
2199
2812
3268
3499
3407
3015
2513
2083
1750
1471
1265
1161
1097
996
902
900
956
958
876
783
711
592
387
153
-52
-232
-370
-392
-293
-192
-202
-315
-481
-711
-1036
-1395
-1675
-1834
-1914
-1937
-1879
-1737
-1542
-1293
-965
-568
-151
258
650
973
1152
1168
1078
948
814
712
693
775
913
1060
1195
1292
1307
1248
1181
1150
1139
1125
1116
1118
1102
1048
988
952
916
850
782
746
695
550
307
35
-235
-517
-786
-962
-999
-945
-863
-761
-619
-464
-349
-281
-235
-196
-165
-144
-140
-167
-218
-257
-254
-225
-202
-181
-131
-52
5
4
-32
-57
-57
-47
-29
16
111
244
382
494
571
613
614
568
492
412
341
269
179
69
-39
-122
-165
-179
-187
-199
-192
-147
-97
-86
-107
-109
-81
-74
-118
-162
-155
-123
-135
-191
-229
-231
-244
-297
-352
-379
-399
-436
-481
-515
-540
-556
-524
-421
-284
-167
-68
37
129
166
155
140
132
103
45
-9
-40
-63
-90
-99
-72
-20
41
114
194
249
269
286
324
356
353
330
325
333
330
319
322
320
267
172
96
69
54
15
-31
-62
-87
-123
-150
-143
-116
-109
-121
-122
-109
-109
-138
-185
-247
-335
-444
-550
-642
-729
-810
-854
-848
-827
-835
-878
-937
-998
-1053
-1088
-1100
-1117
-1160
-1207
-1218
-1199
-1201
-1246
-1296
-1307
-1297
-1316
-1378
-1447
-1496
-1548
-1640
-1748
-1780
-1624
-1216
-573
220
1058
1865
2598
3204
3579
3622
3333
2848
2333
1874
1476
1156
959
885
861
829
820
872
947
955
875
765
663
531
326
66
-189
-391
-506
-512
-442
-389
-428
-555
-729
-948
-1231
-1542
-1793
-1927
-1953
-1895
-1758
-1552
-1305
-1021
-676
-273
137
506
818
1059
1177
1134
971
786
649
583
589
680
849
1060
1258
1386
1406
1330
1231
1181
1179
1165
1117
1072
1071
1092
1082
1025
941
852
762
666
544
367
122
-171
-466
-722
-905
-993
-977
-883
-748
-597
-440
-303
-218
-194
-200
-204
-203
-210
-232
-252
-258
-257
-267
-290
-300
-266
-191
-111
-57
-21
26
89
149
190
221
258
307
364
425
477
508
514
506
488
458
417
376
334
269
166
54
-25
-66
-99
-136
-155
-134
-92
-70
-75
-83
-77
-77
-109
-164
-206
-218
-219
-237
-276
-316
-347
-369
-382
-386
-383
-381
-379
-373
-372
-396
-437
-459
-434
-377
-320
-264
-181
-69
38
102
122
113
89
54
13
-30
-66
-78
-55
-4
56
125
220
339
448
513
535
532
509
457
379
291
211
149
112
99
102
105
108
119
132
132
121
112
115
111
78
11
-69
-137
-188
-237
-295
-349
-374
-369
-368
-399
-455
-504
-534
-562
-599
-640
-672
-700
-732
-771
-821
-878
-929
-956
-964
-986
-1045
-1114
-1157
-1182
-1237
-1339
-1431
-1450
-1398
-1346
-1342
-1368
-1382
-1390
-1437
-1536
-1645
-1705
-1663
-1451
-1002
-327
459
1235
1958
2625
3162
3428
3355
3022
2572
2112
1707
1408
1220
1089
972
893
895
951
986
975
958
950
909
792
604
356
52
-264
-507
-616
-614
-573
-542
-541
-597
-737
-963
-1247
-1551
-1819
-1980
-1996
-1901
-1744
-1538
-1268
-938
-574
-191
202
568
845
1005
1065
1048
965
848
756
729
767
859
994
1145
1261
1313
1316
1303
1281
1241
1185
1138
1114
1108
1103
1077
1024
970
949
950
914
799
614
389
125
-176
-474
-716
-886
-989
-1012
-934
-781
-620
-486
-377
-286
-223
-190
-170
-170
-210
-281
-331
-330
-312
-311
-300
-231
-113
4
89
149
190
203
193
182
179
186
223
312
436
543
605
644
681
697
663
585
495
400
285
143
-6
-136
-237
-302
-322
-298
-242
-165
-78
8
70
90
57
-25
-124
-200
-235
-255
-298
-370
-435
-454
-431
-402
-398
-420
-442
-439
-407
-372
-360
-367
-357
-303
-214
-122
-50
11
69
117
137
129
107
76
31
-28
-78
-102
-106
-104
-85
-16
100
225
325
405
477
521
514
465
402
337
267
204
169
156
135
101
74
64
54
42
50
76
83
51
13
9
21
6
-35
-65
-74
-85
-102
-102
-99
-141
-244
-363
-448
-504
-551
-588
-602
-610
-629
-634
-596
-546
-548
-613
-683
-715
-738
-803
-906
-993
-1031
-1046
-1072
-1115
-1157
-1193
-1242
-1304
-1354
-1368
-1364
-1373
-1389
-1387
-1377
-1419
-1540
-1682
-1745
-1650
-1351
-819
-78
768
1593
2336
2969
3403
3507
3265
2829
2381
1988
1633
1335
1141
1045
982
924
906
947
1000
1012
975
901
779
593
349
67
-231
-491
-636
-628
-525
-433
-421
-491
-630
-847
-1138
-1464
-1744
-1908
-1933
-1869
-1785
-1696
-1548
-1285
-924
-532
-144
253
659
1009
1228
1295
1242
1120
986
897
893
979
1129
1303
1452
1521
1491
1399
1306
1246
1202
1154
1107
1075
1050
1011
949
886
843
819
792
736
641
496
291
20
-302
-634
-913
-1090
-1151
-1120
-1033
-909
-759
-608
-485
-397
-322
-245
-185
-164
-169
-172
-169
-178
-191
-178
-130
-65
5
95
201
283
305
289
280
283
283
292
344
440
542
625
692
746
765
735
669
580
464
319
171
39
-87
-217
-331
-398
-411
-386
-336
-260
-172
-100
-67
-75
-113
-165
-217
-261
-303
-341
-358
-353
-349
-365
-383
-385
-386
-410
-447
-459
-434
-402
-387
-372
-334
-271
-185
-69
68
199
297
355
364
320
241
160
83
-17
-135
-207
-188
-116
-53
0
81
186
267
309
340
377
399
392
370
334
269
192
158
178
195
169
133
130
139
118
68
20
-28
-93
-149
-143
-86
-38
-25
-12
21
38
16
-20
-43
-75
-144
-238
-329
-423
-537
-643
-695
-692
-675
-667
-649
-617
-602
-632
-695
-763
-824
-889
-953
-992
-991
-972
-977
-1028
-1104
-1168
-1212
-1260
-1333
-1406
-1441
-1434
-1414
-1407
-1414
-1435
-1479
-1547
-1621
-1654
-1574
-1294
-772
-63
706
1448
2147
2769
3192
3287
3061
2669
2274
1925
1612
1352
1191
1119
1070
1000
936
916
923
912
868
809
738
614
411
159
-85
-288
-432
-496
-475
-426
-425
-508
-655
-858
-1133
-1461
-1747
-1900
-1925
-1893
-1839
-1737
-1567
-1343
-1066
-711
-285
147
518
823
1071
1225
1232
1115
976
897
886
927
1029
1186
1340
1416
1391
1307
1214
1133
1080
1069
1090
1104
1088
1059
1039
1013
956
875
798
725
623
470
270
20
-297
-656
-962
-1129
-1157
-1109
-1022
-888
-722
-577
-486
-425
-367
-331
-325
-310
-243
-151
-96
-86
-80
-64
-63
-72
-45
31
92
90
65
81
130
160
173
226
350
503
632
728
797
831
812
743
645
531
413
305
211
110
-8
-129
-231
-309
-370
-411
-417
-377
-312
-254
-225
-216
-204
-176
-153
-161
-198
-229
-240
-259
-312
-384
-437
-466
-498
-541
-567
-543
-476
-396
-328
-272
-213
-135
-37
57
120
145
153
163
179
187
177
147
107
70
40
17
-2
-13
-8
6
23
53
108
178
240
284
318
350
377
391
384
346
274
191
133
101
60
-5
-56
-52
-5
36
46
42
42
50
54
43
12
-21
-22
21
67
63
16
-31
-63
-117
-212
-313
-385
-441
-515
-605
-673
-702
-704
-699
-698
-700
-699
-688
-681
-714
-796
-883
-937
-968
-1009
-1052
-1055
-1014
-991
-1040
-1150
-1260
-1328
-1353
-1364
-1381
-1395
-1381
-1332
-1284
-1274
-1305
-1350
-1389
-1393
-1289
-989
-460
233
985
1717
2375
2901
3224
3283
3058
2616
2120
1735
1499
1331
1170
1053
1017
997
905
758
659
634
616
561
498
434
312
89
-189
-444
-630
-723
-703
-612
-561
-627
-765
-905
-1071
-1318
-1591
-1747
-1731
-1620
-1505
-1389
-1228
-1013
-752
-439
-75
297
644
963
1230
1378
1372
1266
1147
1054
993
996
1094
1239
1335
1345
1307
1252
1161
1040
948
933
973
1014
1033
1025
983
901
800
699
581
434
286
166
40
-154
-417
-671
-850
-956
-1020
-1034
-972
-846
-711
-604
-518
-432
-346
-276
-223
-167
-90
-8
38
23
-25
-52
-30
23
74
117
165
221
270
302
327
362
414
478
555
646
742
814
834
792
711
623
538
449
348
246
152
56
-59
-186
-295
-360
-381
-367
-323
-254
-178
-124
-111
-133
-174
-220
-262
-295
-319
-335
-345
-359
-386
-428
-467
-488
-492
-493
-492
-472
-429
-388
-370
-360
-322
-245
-144
-24
125
289
412
445
407
352
305
243
149
45
-34
-68
-60
-29
4
29
66
138
233
314
361
392
415
411
369
315
285
284
292
303
317
311
258
173
98
43
-20
-96
-140
-119
-56
2
30
33
23
11
21
63
107
111
69
10
-52
-134
-255
-401
-533
-614
-641
-642
-644
-640
-607
-547
-509
-531
-582
-600
-571
-548
-581
-671
-784
-885
-960
-1016
-1079
-1153
-1208
-1216
-1200
-1213
-1258
-1279
-1257
-1237
-1243
-1236
-1191
-1163
-1208
-1286
-1319
-1316
-1344
-1369
-1219
-762
-56
724
1457
2119
2696
3127
3320
3212
2828
2301
1814
1478
1274
1125
1009
955
950
931
871
806
768
726
639
520
414
307
132
-139
-433
-637
-698
-662
-611
-589
-595
-640
-765
-994
-1281
-1540
-1713
-1786
-1762
-1644
-1455
-1232
-992
-716
-388
-34
314
640
934
1161
1284
1303
1244
1132
1000
902
887
957
1063
1164
1244
1282
1255
1173
1095
1063
1061
1044
1009
986
981
955
877
758
641
548
465
365
228
50
-158
-380
-601
-805
-973
-1078
-1100
-1042
-930
-802
-672
-542
-418
-309
-218
-131
-45
18
38
29
20
19
9
-9
-9
30
92
156
216
270
319
370
438
514
571
607
656
729
785
779
730
685
640
545
403
277
198
130
38
-55
-118
-163
-211
-256
-276
-286
-303
-310
-284
-253
-262
-297
-308
-290
-284
-304
-316
-303
-304
-350
-417
-473
-528
-592
-634
-617
-561
-505
-447
-357
-245
-162
-125
-94
-30
58
135
193
236
264
271
261
234
190
135
87
51
17
-26
-60
-66
-44
-17
4
30
77
149
234
316
373
397
392
361
312
252
193
141
97
67
56
61
63
55
47
53
69
87
109
139
168
173
153
117
70
9
-53
-98
-120
-142
-186
-253
-326
-394
-453
-502
-543
-579
-600
-591
-555
-518
-512
-537
-565
-569
-559
-567
-616
-702
-793
-865
-917
-969
-1029
-1087
-1125
-1144
-1163
-1201
-1261
-1320
-1353
-1351
-1328
-1298
-1257
-1210
-1181
-1195
-1240
-1279
-1295
-1281
-1180
-882
-330
399
1142
1798
2357
2811
3090
3104
2850
2435
2002
1655
1422
1266
1145
1051
1000
977
935
860
794
769
746
655
480
276
70
-170
-460
-728
-870
-858
-761
-672
-636
-659
-744
-895
-1103
-1333
-1537
-1676
-1725
-1685
-1578
-1425
-1236
-998
-701
-354
12
362
676
934
1116
1200
1191
1122
1038
981
975
1024
1109
1203
1286
1342
1356
1318
1246
1173
1111
1046
963
876
809
764
722
673
621
565
491
396
286
159
-5
-215
-445
-652
-803
-889
-924
-920
-877
-792
-675
-555
-457
-378
-297
-223
-179
-166
-148
-107
-67
-52
-42
-2
66
130
178
225
269
286
279
285
323
366
385
399
446
526
605
658
681
679
651
609
570
521
434
313
202
125
52
-58
-189
-287
-335
-363
-394
-411
-390
-345
-310
-292
-277
-264
-271
-299
-327
-342
-364
-406
-453
-481
-496
-519
-550
-560
-533
-486
-441
-397
-348
-303
-272
-241
-187
-106
-13
77
165
254
334
393
418
404
349
268
181
105
46
7
-20
-37
-45
-33
13
89
182
276
363
435
488
520
519
468
373
273
204
151
88
20
-16
-15
-17
-52
-92
-90
-51
-14
-1
2
-1
-16
-39
-52
-44
-30
-22
-16
-1
17
16
-33
-140
-282
-406
-482
-530
-584
-633
-648
-638
-636
-641
-621
-568
-521
-501
-493
-486
-507
-570
-644
-715
-813
-943
-1034
-1038
-1012
-1038
-1100
-1130
-1136
-1197
-1317
-1400
-1391
-1345
-1313
-1267
-1197
-1161
-1193
-1228
-1211
-1184
-1175
-1052
-638
50
808
1488
2106
2678
3101
3262
3165
2882
2471
2010
1619
1372
1212
1045
879
781
738
674
586
547
562
547
452
320
184
-2
-276
-575
-794
-902
-931
-894
-800
-709
-700
-790
-935
-1109
-1306
-1490
-1590
-1577
-1492
-1381
-1242
-1057
-833
-574
-261
114
509
867
1161
1383
1508
1517
1431
1313
1215
1160
1159
1222
1324
1402
1409
1351
1268
1182
1092
996
907
831
765
704
656
623
587
523
432
341
266
189
64
-127
-364
-609
-827
-994
-1093
-1126
-1112
-1066
-981
-851
-692
-528
-380
-257
-161
-93
-36
22
76
108
116
121
141
178
226
284
345
397
431
456
485
521
558
588
607
616
624
635
646
642
624
608
600
581
529
445
342
227
87
-80
-253
-397
-486
-520
-518
-505
-483
-435
-363
-299
-280
-302
-329
-345
-362
-399
-452
-504
-547
-579
-595
-595
-591
-583
-551
-484
-400
-335
-293
-250
-186
-107
-31
39
114
202
304
408
491
533
532
499
436
343
239
152
89
40
8
17
72
140
183
212
259
320
345
304
222
146
92
45
0
-35
-52
-50
-29
11
59
91
93
68
30
-9
-38
-56
-69
-87
-100
-87
-38
31
90
129
159
182
186
150
69
-37
-144
-244
-340
-429
-487
-495
-463
-428
-407
-385
-357
-354
-402
-476
-521
-530
-551
-616
-697
-750
-779
-826
-907
-999
-1068
-1094
-1081
-1055
-1057
-1100
-1146
-1155
-1152
-1192
-1269
-1308
-1266
-1192
-1150
-1138
-1119
-1092
-1089
-1107
-1104
-1039
-862
-506
73
803
1531
2157
2679
3089
3289
3188
2834
2383
1962
1602
1307
1101
988
916
823
698
574
488
453
451
437
386
305
211
74
-153
-452
-708
-821
-801
-745
-717
-721
-753
-839
-1001
-1228
-1462
-1635
-1694
-1641
-1522
-1380
-1208
-971
-670
-351
-38
284
623
945
1200
1358
1412
1372
1270
1163
1095
1071
1079
1120
1188
1243
1246
1210
1180
1168
1140
1071
981
904
851
803
739
656
563
478
415
357
266
123
-53
-242
-444
-656
-851
-990
-1061
-1080
-1060
-998
-896
-769
-631
-481
-319
-159
-20
86
161
208
226
215
184
151
136
147
180
223
264
295
317
340
374
421
466
503
537
580
628
666
677
660
620
570
523
478
419
337
233
111
-34
-201
-360
-476
-548
-604
-647
-646
-585
-497
-426
-379
-341
-307
-289
-284
-279
-276
-289
-309
-322
-334
-367
-418
-451
-448
-431
-419
-394
-338
-269
-214
-172
-125
-68
-5
78
189
305
386
431
466
496
483
402
275
150
53
-13
-43
-39
-18
12
61
135
205
244
260
281
295
267
196
131
104
92
61
26
26
63
99
113
119
131
135
114
78
54
52
61
70
78
83
80
72
71
81
92
100
110
120
110
61
-20
-107
-190
-276
-370
-447
-480
-473
-462
-472
-501
-530
-548
-559
-568
-572
-569
-563
-566
-591
-642
-711
-791
-879
-970
-1040
-1058
-1024
-979
-967
-984
-994
-979
-968
-994
-1047
-1084
-1076
-1035
-990
-956
-934
-926
-933
-945
-953
-954
-935
-841
-581
-105
537
1212
1815
2323
2750
3046
3105
2874
2436
1958
1560
1260
1024
841
718
639
569
500
450
427
405
353
276
192
97
-43
-244
-479
-686
-810
-829
-772
-698
-660
-676
-736
-844
-1016
-1237
-1443
-1556
-1552
-1458
-1310
-1114
-869
-585
-272
67
422
770
1088
1360
1564
1661
1632
1508
1347
1191
1056
962
936
974
1032
1075
1099
1113
1099
1033
931
830
746
666
580
504
442
381
312
246
191
132
47
-61
-185
-339
-531
-734
-900
-1014
-1093
-1138
-1116
-1010
-853
-688
-520
-328
-122
56
180
265
327
364
361
323
270
224
204
223
274
329
377
436
516
584
602
577
558
566
573
555
527
508
485
443
399
381
378
342
268
192
129
39
-114
-304
-468
-580
-657
-709
-719
-677
-603
-523
-448
-384
-343
-330
-333
-342
-358
-378
-384
-375
-371
-389
-405
-379
-313
-248
-211
-189
-162
-135
-125
-130
-133
-122
-94
-46
26
123
239
362
464
512
495
438
370
288
175
45
-61
-117
-137
-143
-127
-76
-2
68
121
161
190
201
197
178
141
79
12
-27
-32
-22
-13
10
58
112
147
165
183
195
182
143
109
102
112
119
122
135
161
195
221
229
211
165
99
17
-81
-190
-295
-381
-448
-504
-543
-548
-516
-469
-432
-417
-418
-423
-430
-453
-500
-560
-600
-610
-619
-659
-719
-750
-736
-716
-726
-757
-767
-739
-701
-688
-714
-765
-811
-826
-819
-833
-888
-945
-952
-918
-908
-949
-997
-1009
-1010
-1039
-1075
-1075
-1038
-975
-825
-478
90
754
1368
1891
2360
2747
2942
2863
2544
2107
1669
1296
1002
770
585
450
374
345
331
326
349
396
413
358
247
119
-32
-240
-490
-696
-785
-759
-684
-619
-596
-630
-724
-863
-1024
-1185
-1315
-1374
-1337
-1221
-1072
-906
-703
-437
-113
242
602
949
1260
1507
1653
1671
1561
1368
1156
977
849
780
771
809
858
893
917
944
966
964
932
879
808
715
605
494
389
284
190
128
96
55
-27
-138
-257
-390
-553
-728
-864
-936
-963
-963
-928
-840
-702
-533
-344
-140
56
219
336
412
443
419
344
248
161
103
85
104
150
207
270
341
413
473
518
551
565
545
496
453
436
420
368
290
236
237
264
272
246
199
131
27
-119
-283
-435
-559
-655
-715
-727
-681
-594
-498
-414
-339
-266
-207
-179
-181
-189
-191
-205
-249
-310
-354
-369
-365
-352
-327
-287
-243
-204
-164
-121
-82
-50
-18
26
82
145
215
288
347
384
411
436
438
388
291
185
89
-7
-113
-204
-255
-264
-248
-212
-152
-79
-6
74
171
269
329
341
326
304
270
217
157
101
44
-11
-36
-11
35
58
51
58
104
173
228
254
259
253
247
247
242
220
183
152
132
103
43
-37
-114
-192
-281
-373
-450
-519
-591
-652
-671
-650
-633
-635
-627
-584
-530
-503
-502
-500
-497
-511
-543
-569
-591
-633
-690
-732
-745
-754
-768
-760
-720
-686
-691
-709
-700
-681
-709
-784
-849
-870
-876
-898
-921
-922
-923
-953
-993
-1008
-1014
-1047
-1073
-986
-719
-308
172
691
1248
1795
2234
2479
2510
2360
2089
1773
1472
1204
963
754
599
498
418
339
288
292
330
356
354
339
301
195
1
-236
-435
-552
-595
-588
-550
-509
-505
-562
-666
-787
-908
-1013
-1082
-1089
-1038
-954
-860
-749
-590
-367
-87
226
552
867
1139
1333
1423
1405
1297
1137
972
845
775
758
775
805
831
845
849
849
847
839
813
769
713
648
574
487
397
321
272
240
202
145
66
-34
-155
-298
-444
-570
-664
-728
-761
-749
-685
-591
-491
-381
-240
-71
89
209
290
348
378
359
292
214
157
132
127
136
156
182
214
252
298
341
375
403
435
468
486
484
462
424
376
327
289
264
242
216
183
129
39
-87
-220
-339
-447
-551
-631
-652
-610
-543
-485
-436
-374
-297
-225
-172
-139
-119
-111
-118
-139
-169
-204
-240
-273
-294
-291
-259
-208
-155
-113
-72
-28
6
20
25
47
91
135
166
201
256
317
354
360
354
343
311
248
168
87
11
-58
-108
-134
-149
-161
-157
-115
-41
35
92
135
174
208
228
234
230
221
208
199
197
197
191
176
155
131
108
92
86
86
94
112
139
158
161
163
186
229
270
292
300
294
256
169
46
-86
-214
-339
-452
-531
-570
-584
-591
-597
-593
-571
-529
-482
-450
-447
-460
-459
-446
-454
-503
-565
-597
-594
-590
-602
-616
-618
-623
-649
-685
-704
-703
-698
-702
-708
-707
-700
-698
-704
-723
-751
-775
-784
-781
-786
-812
-850
-885
-915
-953
-1002
-1041
-1023
-882
-572
-97
472
1039
1541
1956
2263
2419
2382
2164
1841
1515
1247
1042
867
701
547
416
304
208
148
150
207
263
262
194
81
-72
-275
-500
-670
-719
-652
-539
-446
-400
-403
-453
-551
-685
-826
-935
-975
-938
-856
-773
-698
-598
-439
-222
33
322
645
971
1234
1385
1420
1364
1249
1106
974
886
847
838
840
840
835
822
800
771
733
685
635
591
546
484
401
317
252
207
170
136
102
54
-27
-140
-263
-376
-475
-561
-627
-661
-659
-622
-552
-455
-345
-225
-85
74
226
333
381
388
370
323
254
193
169
180
205
232
266
310
351
380
402
418
423
415
407
408
401
365
298
221
155
103
62
32
10
-20
-71
-142
-220
-298
-377
-454
-516
-546
-540
-504
-453
-395
-339
-286
-235
-188
-151
-133
-132
-136
-139
-146
-170
-207
-237
-246
-240
-232
-219
-184
-128
-73
-38
-20
-1
15
19
15
19
28
28
23
45
103
161
185
183
188
201
186
127
54
-8
-65
-131
-188
-207
-187
-148
-98
-30
47
103
132
157
195
235
254
259
266
274
266
241
219
208
205
204
213
231
242
233
209
175
130
77
34
20
34
69
117
169
204
202
173
140
107
58
-19
-113
-207
-298
-394
-491
-574
-625
-630
-594
-547
-512
-492
-467
-441
-441
-482
-537
-572
-591
-622
-657
-662
-634
-614
-622
-627
-598
-554
-530
-529
-527
-523
-541
-583
-621
-645
-665
-678
-667
-641
-638
-671
-696
-674
-635
-638
-687
-738
-773
-818
-881
-930
-948
-960
-964
-886
-641
-232
254
737
1190
1594
1914
2108
2146
2021
1755
1425
1135
931
776
621
474
374
322
281
241
226
241
256
239
188
110
-7
-170
-354
-509
-594
-592
-509
-388
-295
-273
-312
-383
-483
-621
-771
-872
-888
-846
-785
-706
-592
-439
-252
-25
247
542
823
1063
1246
1347
1341
1241
1095
948
818
717
659
645
648
647
650
665
675
659
625
597
577
541
479
404
328
251
180
132
107
76
18
-50
-105
-155
-228
-323
-414
-484
-540
-585
-601
-573
-506
-409
-284
-138
10
142
254
341
386
382
352
326
300
265
231
225
242
249
233
226
254
305
342
356
360
365
359
332
282
214
135
67
32
25
17
-11
-48
-71
-93
-141
-222
-316
-390
-437
-461
-468
-461
-446
-423
-386
-337
-286
-242
-204
-165
-125
-96
-89
-104
-137
-176
-209
-227
-231
-229
-227
-218
-192
-144
-87
-41
-14
10
49
102
144
159
161
167
173
160
132
115
119
122
102
58
11
-32
-74
-110
-132
-146
-160
-163
-136
-76
-5
57
116
175
222
248
262
276
277
249
200
159
140
128
112
99
108
139
180
221
258
289
310
322
321
306
277
241
204
166
130
108
103
100
70
8
-65
-124
-172
-235
-323
-417
-483
-511
-517
-529
-553
-566
-549
-511
-482
-470
-453
-414
-368
-348
-361
-384
-402
-424
-457
-482
-477
-452
-439
-446
-454
-446
-432
-432
-448
-468
-486
-506
-521
-530
-545
-582
-639
-697
-741
-773
-793
-798
-791
-779
-770
-762
-760
-772
-804
-844
-877
-884
-832
-675
-382
23
473
906
1298
1641
1903
2032
1996
1822
1584
1348
1135
933
733
542
379
254
173
142
156
199
245
275
272
221
114
-39
-205
-350
-449
-488
-468
-409
-342
-300
-296
-332
-396
-475
-549
-599
-619
-616
-605
-583
-531
-429
-273
-72
166
433
710
960
1145
1246
1266
1221
1129
1017
908
819
756
715
690
672
653
635
621
607
580
537
492
456
420
367
296
229
192
179
168
146
118
90
53
-6
-86
-170
-249
-327
-405
-462
-479
-456
-406
-332
-230
-107
17
131
232
311
348
341
316
296
271
228
178
148
142
144
150
171
205
227
224
216
227
243
231
186
135
97
66
33
3
-15
-31
-55
-80
-97
-110
-139
-189
-245
-293
-334
-368
-390
-391
-374
-347
-309
-258
-197
-141
-97
-64
-40
-26
-30
-49
-77
-110
-142
-164
-168
-159
-150
-145
-135
-108
-67
-28
-4
7
17
32
45
50
48
53
76
110
137
152
161
168
159
113
30
-64
-140
-190
-219
-230
-219
-188
-139
-77
-1
87
177
260
328
378
409
424
424
407
372
324
281
255
248
253
257
249
225
201
194
207
217
203
167
132
112
98
73
38
8
-5
1
10
7
-27
-100
-201
-306
-389
-445
-484
-519
-541
-535
-500
-457
-430
-419
-407
-381
-346
-318
-303
-301
-314
-347
-396
-440
-454
-434
-408
-403
-411
-395
-351
-323
-345
-392
-400
-357
-316
-327
-371
-402
-408
-422
-464
-520
-565
-587
-590
-594
-630
-703
-786
-839
-855
-864
-870
-850
-798
-748
-727
-710
-665
-610
-570
-509
-342
-46
304
623
901
1172
1426
1602
1655
1597
1470
1309
1140
974
800
601
396
234
149
118
103
97
122
172
207
199
149
67
-52
-199
-324
-381
-370
-340
-330
-332
-325
-315
-327
-372
-429
-471
-481
-457
-416
-373
-327
-258
-149
-5
158
332
520
713
882
999
1057
1063
1022
946
856
777
719
675
633
592
560
545
546
544
521
481
445
424
398
347
279
222
189
167
142
119
102
81
50
12
-24
-65
-118
-175
-224
-265
-299
-318
-309
-268
-204
-122
-22
84
171
226
258
279
280
249
198
154
128
116
107
98
89
79
71
78
98
122
133
128
114
98
84
68
47
17
-21
-58
-83
-96
-106
-130
-170
-216
-256
-287
-317
-341
-349
-338
-325
-317
-303
-272
-234
-207
-193
-175
-139
-96
-63
-43
-34
-36
-47
-63
-77
-92
-108
-116
-106
-79
-50
-35
-36
-41
-34
-6
29
50
52
53
74
105
122
107
69
28
-5
-34
-65
-96
-119
-125
-112
-81
-32
30
90
130
142
142
150
161
153
121
92
94
121
147
155
161
186
232
279
313
337
356
371
371
347
304
256
212
171
125
75
27
-8
-30
-43
-54
-73
-99
-126
-149
-169
-201
-249
-309
-360
-386
-385
-372
-358
-343
-319
-292
-280
-291
-310
-324
-341
-375
-422
-455
-463
-459
-463
-468
-452
-407
-350
-305
-284
-285
-298
-313
-332
-367
-420
-470
-491
-482
-465
-454
-450
-452
-466
-490
-512
-533
-566
-617
-670
-709
-739
-770
-793
-798
-790
-780
-759
-713
-653
-617
-612
-608
-570
-500
-403
-258
-44
226
514
797
1073
1317
1476
1514
1453
1346
1220
1068
884
687
506
357
242
162
121
116
131
160
202
247
270
246
171
60
-60
-164
-232
-261
-264
-256
-236
-202
-176
-185
-229
-281
-317
-334
-340
-331
-301
-250
-179
-83
42
190
353
530
708
865
978
1045
1066
1034
957
864
783
712
641
587
571
583
594
592
591
594
585
557
522
486
432
354
277
226
190
150
109
86
79
68
42
6
-36
-90
-154
-216
-266
-301
-317
-303
-253
-175
-83
9
92
161
213
240
238
209
165
117
67
15
-28
-56
-67
-67
-51
-16
31
75
110
134
139
121
80
27
-29
-86
-133
-164
-178
-183
-186
-189
-197
-216
-243
-268
-287
-309
-332
-345
-339
-320
-297
-267
-228
-180
-128
-77
-29
10
31
28
2
-41
-88
-133
-171
-196
-202
-187
-158
-122
-81
-38
1
32
60
92
118
127
123
114
101
78
49
26
16
11
9
14
20
12
-16
-45
-66
-82
-98
-104
-92
-71
-47
-15
33
87
130
161
191
226
255
265
255
230
197
169
155
153
157
168
192
229
266
295
309
309
297
277
250
211
163
116
75
36
-8
-50
-78
-97
-119
-145
-169
-189
-217
-257
-301
-342
-379
-413
-433
-431
-414
-393
-370
-346
-327
-324
-341
-371
-404
-434
-456
-471
-479
-485
-483
-461
-417
-368
-338
-327
-313
-280
-248
-251
-288
-327
-346
-359
-388
-428
-458
-479
-501
-529
-561
-598
-640
-679
-705
-724
-748
-769
-773
-764
-760
-763
-748
-711
-675
-652
-607
-497
-317
-95
144
392
646
889
1094
1234
1285
1245
1144
1017
884
744
598
456
327
224
160
139
141
149
157
177
203
213
191
136
60
-24
-93
-123
-110
-80
-54
-33
-12
1
-10
-51
-111
-172
-218
-241
-238
-215
-174
-113
-22
99
242
397
556
707
839
939
999
1016
989
926
844
764
697
643
600
569
552
538
517
487
456
431
404
373
340
314
294
274
253
234
216
196
178
166
154
127
84
33
-20
-77
-142
-203
-241
-247
-221
-168
-95
-11
70
140
191
216
216
195
155
101
44
1
-28
-52
-77
-96
-99
-88
-69
-45
-21
-7
-5
-9
-17
-37
-74
-115
-142
-149
-142
-127
-108
-99
-109
-134
-164
-194
-235
-287
-337
-368
-375
-364
-342
-314
-277
-227
-163
-97
-41
-1
24
37
31
-1
-51
-102
-141
-169
-190
-200
-192
-169
-144
-126
-104
-69
-30
-4
9
27
55
80
89
88
88
94
102
104
101
93
78
58
31
0
-34
-69
-97
-111
-104
-78
-42
-4
37
84
128
164
200
243
278
282
255
226
215
209
183
141
109
103
116
135
148
149
144
143
153
165
168
162
157
159
158
143
112
74
40
12
-13
-49
-97
-150
-200
-246
-296
-344
-376
-387
-383
-369
-344
-311
-281
-262
-255
-253
-258
-274
-300
-333
-374
-425
-475
-508
-522
-531
-541
-535
-501
-454
-423
-411
-394
-359
-329
-322
-328
-323
-310
-313
-336
-365
-390
-418
-454
-489
-517
-551
-602
-663
-719
-762
-800
-838
-869
-876
-849
-799
-749
-705
-644
-552
-445
-349
-254
-124
53
244
409
545
666
771
855
914
943
927
869
803
757
715
637
521
410
337
291
252
226
223
234
238
227
204
175
141
109
81
56
31
8
-9
-26
-51
-82
-111
-132
-139
-131
-107
-74
-41
-13
12
46
105
187
281
375
471
572
666
742
793
819
824
815
805
797
777
729
663
602
557
522
494
473
458
442
430
426
418
393
359
331
311
287
261
246
236
205
149
96
63
31
-14
-59
-87
-108
-131
-148
-147
-131
-110
-77
-25
32
71
90
102
105
89
60
37
22
0
-36
-71
-92
-101
-111
-126
-137
-132
-108
-81
-66
-67
-74
-79
-89
-107
-124
-129
-126
-128
-137
-149
-166
-189
-215
-235
-248
-255
-256
-250
-241
-236
-232
-219
-195
-164
-130
-95
-60
-32
-16
-10
-10
-14
-20
-25
-32
-38
-39
-37
-40
-49
-61
-69
-74
-74
-67
-50
-27
-8
2
8
21
46
83
123
156
168
159
144
138
136
124
88
42
8
-2
5
14
20
24
33
53
90
138
183
216
234
243
246
251
262
273
271
252
226
213
215
217
203
175
145
121
105
92
72
42
9
-14
-24
-30
-42
-59
-71
-76
-81
-97
-116
-128
-137
-156
-191
-233
-272
-302
-321
-330
-338
-353
-370
-371
-353
-345
-366
-400
-419
-415
-403
-395
-393
-401
-418
-435
-439
-428
-418
-419
-429
-435
-429
-416
-407
-417
-449
-482
-489
-467
-442
-439
-468
-505
-524
-522
-529
-569
-632
-686
-714
-724
-731
-737
-739
-732
-702
-642
-566
-497
-439
-375
-300
-223
-135
-10
143
281
385
482
589
675
710
708
702
692
663
620
580
531
459
384
338
311
272
227
219
253
286
282
249
211
181
157
141
133
125
110
100
99
94
76
48
21
5
7
26
54
81
108
135
160
188
234
300
372
441
512
586
650
688
706
714
710
690
666
652
637
609
576
548
517
475
438
422
414
395
370
356
346
320
283
259
251
234
209
197
200
190
159
130
109
74
20
-27
-42
-42
-50
-59
-49
-30
-23
-26
-19
-4
0
-11
-23
-25
-27
-37
-52
-70
-94
-119
-134
-133
-130
-139
-152
-153
-144
-141
-153
-173
-190
-197
-198
-192
-185
-180
-180
-182
-182
-182
-185
-193
-203
-210
-211
-206
-196
-188
-188
-196
-199
-186
-160
-131
-111
-96
-81
-63
-51
-51
-57
-61
-64
-66
-63
-48
-31
-24
-27
-27
-17
-8
-8
-9
-4
5
8
5
6
15
24
33
49
76
105
123
133
140
146
145
138
127
114
98
81
68
62
60
60
62
70
82
94
106
117
130
141
150
160
174
192
209
219
222
221
211
192
166
138
106
67
27
-5
-32
-57
-77
-78
-60
-45
-44
-48
-44
-43
-61
-92
-124
-153
-188
-229
-262
-286
-315
-351
-381
-396
-403
-414
-422
-422
-417
-417
-419
-421
-421
-418
-414
-408
-402
-389
-369
-351
-347
-355
-361
-361
-364
-378
-398
-418
-440
-460
-468
-470
-482
-504
-517
-515
-514
-523
-533
-536
-546
-572
-604
-624
-636
-652
-667
-668
-656
-647
-639
-618
-579
-529
-472
-403
-310
-188
-44
104
240
356
449
518
564
595
614
615
591
552
515
481
434
376
326
291
260
237
243
275
297
286
262
249
245
231
212
208
213
210
204
210
221
208
167
130
118
116
106
94
96
109
118
124
142
180
228
277
337
410
479
526
555
583
605
608
592
579
579
580
565
542
524
503
465
422
393
380
369
358
355
353
344
328
319
313
297
270
247
237
230
221
207
183
141
90
54
42
39
29
17
11
13
20
27
22
0
-30
-48
-42
-27
-20
-29
-44
-59
-71
-81
-94
-110
-124
-130
-129
-128
-132
-142
-159
-175
-182
-182
-179
-174
-164
-151
-144
-147
-154
-160
-168
-178
-183
-181
-178
-176
-176
-177
-182
-181
-161
-131
-113
-112
-106
-80
-52
-41
-45
-50
-52
-54
-49
-35
-26
-35
-46
-40
-24
-18
-21
-14
2
11
12
20
36
46
46
52
70
85
88
90
106
130
149
161
167
168
164
163
163
152
125
96
86
89
85
67
51
49
57
69
83
101
124
150
178
199
205
194
178
164
152
135
114
99
92
85
71
51
32
16
3
-12
-31
-50
-64
-75
-88
-107
-132
-155
-170
-172
-164
-153
-154
-168
-182
-190
-204
-234
-274
-312
-345
-370
-383
-382
-381
-389
-401
-402
-388
-376
-376
-382
-387
-391
-394
-399
-404
-407
-406
-402
-399
-396
-386
-375
-376
-396
-426
-451
-467
-477
-489
-508
-533
-547
-531
-496
-478
-494
-518
-518
-505
-504
-526
-555
-578
-587
-571
-535
-497
-467
-436
-389
-327
-260
-186
-102
-19
56
134
226
309
359
386
412
443
471
494
514
515
490
456
434
414
374
323
297
302
309
303
300
304
295
267
243
241
253
264
273
284
290
284
274
270
266
246
215
197
202
216
218
205
198
211
235
259
287
331
383
426
462
501
537
550
550
559
575
572
545
526
527
519
482
438
420
411
383
349
337
339
325
303
298
303
288
254
238
253
269
259
237
224
213
189
162
143
120
83
50
46
61
63
35
-1
-19
-20
-21
-32
-43
-45
-42
-44
-51
-59
-70
-84
-97
-100
-93
-89
-93
-101
-110
-124
-146
-164
-169
-168
-170
-169
-162
-154
-155
-161
-159
-150
-144
-146
-146
-137
-123
-113
-113
-121
-131
-131
-113
-89
-77
-77
-74
-59
-39
-27
-20
-12
-5
-4
-2
7
18
16
4
0
9
16
10
-1
-8
-11
-10
1
21
35
35
37
59
89
100
90
81
90
108
118
120
116
106
92
86
85
79
67
61
70
86
94
91
85
81
80
79
79
81
85
95
110
121
124
123
119
109
98
91
88
80
60
30
-2
-33
-60
-84
-106
-126
-137
-132
-117
-108
-117
-132
-138
-137
-141
-161
-189
-215
-237
-257
-277
-300
-326
-347
-355
-351
-348
-356
-368
-367
-355
-349
-358
-375
-386
-382
-365
-342
-327
-331
-344
-349
-341
-337
-352
-383
-411
-425
-430
-438
-455
-475
-488
-487
-477
-471
-473
-474
-465
-451
-440
-435
-439
-448
-452
-443
-427
-419
-423
-428
-419
-394
-362
-334
-315
-300
-277
-239
-193
-149
-99
-34
43
117
181
233
266
285
311
345
363
355
345
356
367
349
310
287
278
258
229
226
251
266
256
248
256
258
251
263
295
312
300
291
311
336
331
300
280
278
277
275
279
282
271
258
258
267
273
277
284
302
332
371
407
431
446
458
466
466
463
461
454
437
420
420
427
412
376
349
336
319
295
283
282
270
249
243
250
244
221
211
227
238
223
202
198
195
169
133
111
96
74
57
57
58
42
17
5
5
1
-12
-21
-20
-15
-16
-22
-36
-58
-81
-96
-104
-109
-113
-122
-142
-165
-179
-186
-199
-216
-217
-201
-182
-175
-169
-159
-152
-156
-155
-140
-125
-125
-127
-116
-99
-96
-105
-109
-106
-102
-93
-71
-48
-44
-57
-64
-55
-46
-48
-49
-40
-29
-21
-10
7
21
22
19
22
25
21
14
14
13
0
-18
-23
-13
-5
-3
2
17
33
45
61
79
89
85
79
81
84
77
65
58
58
58
58
59
59
53
48
51
60
64
59
57
62
67
66
62
62
61
55
46
40
34
21
2
-16
-30
-45
-65
-85
-99
-112
-126
-134
-135
-135
-142
-149
-144
-129
-124
-135
-148
-154
-156
-169
-191
-210
-226
-246
-267
-281
-288
-299
-317
-325
-319
-312
-321
-339
-353
-362
-372
-377
-368
-353
-349
-354
-350
-334
-324
-332
-343
-350
-362
-384
-404
-412
-419
-437
-455
-457
-447
-438
-426
-404
-381
-373
-374
-363
-341
-330
-335
-334
-321
-313
-318
-320
-312
-300
-291
-275
-250
-236
-244
-254
-238
-194
-142
-91
-35
27
88
143
188
216
225
227
237
261
289
301
289
264
247
247
249
241
227
227
245
268
279
276
262
244
241
264
300
317
310
306
323
344
347
330
314
307
301
293
284
271
249
226
220
233
249
255
258
273
301
331
354
374
392
405
411
417
422
418
405
396
400
406
393
364
341
332
327
315
299
287
281
280
280
277
262
241
232
237
239
226
206
193
187
179
164
141
117
103
102
108
108
96
81
70
62
49
33
16
2
-1
9
20
13
-6
-20
-20
-18
-23
-34
-45
-59
-73
-85
-100
-123
-149
-160
-153
-142
-138
-135
-125
-112
-106
-105
-105
-107
-108
-104
-98
-98
-107
-112
-105
-92
-82
-76
-67
-56
-48
-42
-35
-33
-38
-42
-40
-38
-45
-54
-52
-38
-23
-14
-9
-8
-10
-12
-11
-10
-15
-23
-23
-12
-2
-1
-5
-4
5
19
32
39
43
48
57
68
70
62
52
54
67
83
91
92
92
92
93
89
77
62
55
59
65
60
45
31
26
24
21
16
15
17
21
22
18
7
-11
-27
-34
-38
-44
-55
-60
-59
-58
-64
-74
-86
-97
-108
-117
-127
-139
-157
-178
-194
-205
-216
-230
-242
-244
-237
-230
-229
-230
-229
-228
-228
-230
-233
-239
-246
-245
-236
-230
-239
-260
-282
-302
-323
-345
-364
-376
-382
-383
-378
-370
-367
-369
-369
-363
-356
-349
-339
-326
-316
-314
-316
-317
-315
-312
-309
-305
-300
-292
-281
-272
-271
-280
-288
-286
-272
-257
-248
-247
-250
-247
-235
-221
-210
-196
-173
-141
-107
-72
-33
8
45
76
107
136
153
161
169
181
188
190
195
209
219
219
219
228
240
244
242
242
242
236
228
231
241
248
251
261
280
300
312
318
321
322
320
314
305
291
273
255
243
236
230
225
222
227
240
257
269
277
290
308
324
338
353
369
380
384
389
393
387
370
355
350
344
329
310
298
286
268
252
244
231
210
196
203
215
204
177
159
159
161
153
142
135
130
131
143
154
141
108
87
95
108
101
78
58
49
42
34
25
13
-2
-9
-2
8
8
-4
-13
-15
-17
-25
-34
-42
-50
-56
-58
-57
-59
-67
-74
-72
-65
-63
-67
-70
-69
-65
-64
-66
-72
-79
-84
-80
-71
-70
-79
-86
-78
-58
-45
-48
-56
-56
-47
-36
-28
-25
-25
-26
-24
-19
-16
-22
-33
-40
-38
-31
-33
-44
-56
-63
-65
-69
-70
-65
-57
-52
-49
-40
-27
-21
-24
-23
-9
5
10
9
12
15
10
4
5
10
9
2
2
10
17
15
8
2
-5
-13
-17
-12
-6
-9
-16
-16
-10
-10
-20
-33
-41
-46
-52
-60
-70
-86
-106
-123
-133
-140
-152
-164
-171
-168
-163
-162
-163
-163
-164
-168
-171
-171
-173
-179
-187
-189
-190
-196
-209
-221
-226
-226
-228
-231
-236
-239
-238
-235
-232
-233
-237
-239
-231
-219
-209
-208
-215
-224
-229
-233
-244
-261
-278
-287
-286
-282
-282
-284
-285
-282
-275
-268
-263
-261
-262
-260
-254
-247
-248
-252
-250
-237
-219
-208
-204
-201
-192
-179
-170
-167
-169
-172
-171
-163
-147
-125
-99
-65
-25
15
47
66
75
84
98
109
109
103
106
115
116
104
93
93
97
98
96
97
99
96
101
119
139
148
154
177
216
248
259
262
267
273
275
273
270
261
245
231
229
231
226
217
215
224
237
246
247
245
244
247
257
266
271
273
276
285
295
301
298
291
287
284
281
270
252
232
213
201
193
186
178
172
175
183
191
194
193
190
188
188
189
188
183
176
166
155
145
137
129
120
114
111
103
87
69
58
55
53
53
59
67
70
66
61
60
53
41
34
36
31
13
-6
-16
-23
-34
-45
-49
-50
-51
-48
-38
-30
-31
-39
-43
-40
-36
-33
-30
-25
-20
-15
-13
-17
-27
-34
-36
-34
-31
-29
-34
-45
-51
-49
-48
-55
-63
-63
-55
-45
-38
-31
-27
-31
-35
-33
-29
-37
-50
-52
-45
-42
-45
-46
-43
-44
-46
-41
-32
-27
-26
-22
-14
-13
-19
-24
-23
-25
-33
-36
-33
-31
-32
-31
-29
-32
-37
-36
-29
-27
-29
-30
-26
-24
-27
-32
-36
-42
-50
-54
-52
-52
-56
-62
-65
-68
-73
-79
-86
-94
-101
-105
-108
-111
-113
-112
-112
-113
-112
-107
-105
-105
-105
-100
-96
-99
-107
-112
-116
-125
-137
-145
-149
-155
-163
-169
-171
-174
-180
-186
-190
-193
-197
-197
-192
-184
-180
-181
-184
-186
-185
-181
-175
-169
-169
-174
-182
-189
-197
-205
-212
-215
-216
-213
-205
-195
-189
-185
-178
-164
-154
-155
-161
-159
-152
-149
-150
-154
-160
-170
-175
-170
-162
-166
-178
-182
-173
-166
-167
-166
-151
-127
-97
-61
-21
10
29
43
59
70
73
72
74
81
86
89
88
85
78
76
81
88
92
95
100
107
115
128
140
147
149
155
167
179
182
183
187
194
197
191
180
166
151
140
135
136
135
132
134
144
154
156
155
161
177
193
204
210
216
225
235
245
253
254
249
243
242
242
235
221
205
193
188
185
180
170
161
159
162
166
170
171
168
164
161
164
166
160
153
155
166
171
160
142
125
112
99
88
81
74
66
64
70
77
74
64
60
66
71
69
64
62
60
56
50
41
31
22
16
16
16
12
6
4
5
7
4
-2
-7
-7
-2
3
5
3
1
2
4
5
3
-3
-11
-16
-17
-17
-20
-29
-37
-40
-38
-34
-31
-29
-27
-24
-20
-14
-13
-16
-21
-24
-26
-29
-33
-35
-35
-34
-32
-30
-31
-34
-41
-44
-44
-43
-43
-42
-38
-34
-32
-30
-26
-22
-20
-21
-21
-20
-22
-25
-26
-26
-27
-28
-29
-30
-31
-31
-31
-29
-29
-30
-32
-36
-40
-42
-42
-44
-47
-50
-48
-44
-42
-42
-40
-36
-36
-39
-43
-45
-50
-57
-63
-66
-70
-79
-86
-86
-85
-88
-93
-95
-93
-92
-92
-91
-89
-88
-89
-90
-90
-92
-96
-100
-99
-96
-96
-99
-102
-104
-110
-118
-125
-129
-132
-136
-138
-140
-145
-151
-155
-156
-157
-158
-160
-157
-152
-146
-142
-138
-136
-135
-137
-139
-138
-133
-127
-121
-115
-109
-105
-106
-109
-109
-107
-106
-107
-107
-107
-107
-110
-113
-116
-119
-124
-126
-122
-116
-113
-110
-105
-96
-86
-76
-66
-55
-44
-32
-23
-16
-11
-7
-3
1
5
9
11
11
9
9
11
15
22
31
37
39
41
49
58
64
65
66
72
81
90
94
93
88
85
89
95
98
95
92
93
99
103
102
96
89
91
99
108
113
117
123
130
135
141
146
148
150
155
164
170
166
160
160
163
161
155
151
152
152
152
153
151
146
142
141
141
138
131
127
125
122
121
121
120
118
116
117
118
114
108
107
108
105
99
94
92
89
84
80
80
81
78
76
76
77
75
69
66
67
68
67
63
61
62
62
62
60
58
52
46
42
42
43
41
39
38
38
36
33
31
30
30
31
32
31
29
26
25
24
20
13
8
6
6
5
3
1
-1
-2
0
5
11
14
14
15
16
17
14
8
4
4
5
6
4
1
-4
-11
-19
-23
-24
-27
-31
-33
-33
-34
-39
-44
-45
-41
-36
-33
-30
-27
-24
-22
-21
-23
-27
-33
-36
-34
-30
-28
-30
-34
-36
-34
-32
-34
-39
-45
-48
-48
-46
-48
-52
-57
-59
-58
-58
-60
-60
-61
-62
-62
-62
-63
-68
-75
-79
-80
-83
-87
-91
-92
-93
-95
-96
-96
-97
-101
-105
-106
-103
-101
-99
-97
-94
-90
-87
-85
-85
-85
-84
-82
-80
-78
-78
-79
-79
-79
-79
-81
-83
-84
-83
-82
-83
-87
-92
-97
-101
-102
-103
-106
-110
-113
-114
-115
-115
-114
-111
-109
-110
-111
-110
-105
-99
-96
-92
-89
-89
-89
-89
-84
-79
-77
-74
-70
-65
-62
-61
-58
-51
-44
-38
-33
-25
-20
-16
-12
-7
-3
-3
-4
-4
-5
-6
-7
-4
-1
-1
-1
1
5
7
8
9
13
16
19
21
24
28
30
33
38
42
46
47
48
51
54
54
52
54
58
62
64
66
69
75
80
84
88
90
90
90
92
97
99
97
93
92
91
91
89
87
87
90
96
101
104
106
105
104
103
106
108
107
103
102
105
107
105
102
101
103
101
98
95
92
87
83
84
85
81
75
73
77
82
84
81
77
74
73
75
78
80
78
76
75
76
76
73
68
63
60
61
60
56
52
49
45
42
40
39
37
34
34
38
42
38
32
28
29
31
32
34
36
36
35
37
39
40
36
31
28
29
29
27
24
22
20
16
12
9
8
5
4
4
6
8
11
13
15
14
11
10
10
11
9
7
3
0
-4
-5
-4
-6
-10
-12
-12
-12
-13
-14
-13
-11
-11
-12
-11
-8
-6
-6
-8
-9
-10
-13
-15
-16
-18
-21
-26
-29
-31
-32
-34
-38
-41
-42
-43
-45
-46
-45
-44
-43
-42
-42
-42
-40
-38
-37
-37
-39
-41
-42
-43
-45
-48
-51
-54
-57
-58
-58
-59
-63
-65
-64
-63
-64
-64
-63
-62
-61
-60
-57
-54
-53
-54
-54
-54
-56
-58
-60
-61
-62
-64
-67
-72
-77
-80
-80
-79
-78
-77
-75
-74
-73
-71
-69
-69
-70
-72
-73
-73
-73
-73
-71
-71
-73
-74
-73
-72
-74
-75
-74
-72
-69
-66
-61
-58
-57
-57
-55
-52
-50
-51
-50
-48
-45
-42
-39
-36
-34
-34
-35
-35
-34
-33
-34
-34
-32
-27
-23
-21
-20
-17
-13
-10
-8
-6
-6
-8
-11
-13
-12
-11
-12
-15
-17
-16
-13
-9
-5
-1
4
7
10
13
15
16
16
17
20
26
30
32
33
33
33
33
33
35
38
40
41
41
44
48
51
53
55
60
63
65
64
65
65
64
61
60
62
64
65
66
69
72
71
70
68
68
66
62
58
55
53
51
50
49
49
49
49
49
48
47
45
42
40
39
39
40
43
45
47
47
46
46
46
47
46
45
45
44
43
42
42
41
40
40
42
43
43
41
38
38
38
37
36
35
35
35
36
37
37
34
31
28
26
24
22
19
16
14
13
11
9
8
7
7
7
8
9
11
12
14
16
18
16
14
12
12
12
12
13
14
14
13
12
11
10
8
7
6
5
4
3
3
4
4
3
3
3
2
0
-1
-1
-1
0
1
1
1
-1
-3
-4
-5
-4
-4
-5
-7
-8
-8
-7
-8
-8
-6
-5
-4
-3
-2
-1
-2
-4
-8
-10
-13
-16
-20
-21
-22
-24
-27
-29
-31
-31
-32
-32
-31
-31
-32
-32
-31
-30
-29
-28
-26
-25
-26
-27
-28
-29
-31
-33
-34
-36
-38
-42
-44
-45
-46
-49
-50
-51
-52
-53
-52
-49
-46
-45
-46
-47
-46
-44
-43
-42
-42
-42
-43
-44
-45
-48
-50
-53
-55
-56
-55
-54
-54
-55
-55
-53
-52
-52
-53
-52
-50
-48
-46
-44
-42
-42
-43
-44
-43
-42
-41
-40
-40
-39
-39
-41
-42
-43
-42
-39
-38
-37
-36
-34
-31
-28
-26
-26
-28
-29
-29
-25
-22
-19
-18
-16
-14
-10
-8
-7
-7
-7
-9
-10
-9
-9
-10
-13
-14
-13
-12
-13
-13
-12
-8
-5
-2
0
3
5
9
12
15
17
18
19
22
24
25
25
24
24
23
22
21
20
20
20
21
21
20
20
20
23
26
28
27
26
25
24
25
26
27
26
27
28
31
31
30
30
30
29
27
27
28
28
27
26
26
25
24
23
23
23
21
21
22
22
21
19
19
20
21
21
23
24
25
26
25
24
21
19
19
19
17
15
14
14
15
16
17
17
17
17
19
21
22
20
18
18
19
20
19
17
16
15
16
16
16
16
16
17
20
20
19
17
17
19
20
20
20
19
18
15
13
12
10
8
8
9
11
10
8
4
-1
-6
-9
-8
-7
-5
-2
2
5
5
5
5
5
4
5
8
10
10
10
10
9
8
6
7
7
6
5
5
5
4
2
2
2
0
-3
-3
-2
-2
-1
0
1
0
-3
-5
-5
-5
-4
-4
-4
-5
-6
-6
-6
-7
-8
-7
-8
-9
-9
-9
-8
-8
-9
-8
-8
-8
-7
-5
-3
-2
-3
-3
-2
-2
-2
-3
-2
-2
-1
1
2
2
1
1
0
-1
-2
-2
-3
-4
-4
-3
-4
-5
-7
-7
-6
-6
-7
-8
-8
-9
-10
-12
-13
-14
-15
-15
-15
-14
-13
-12
-10
-9
-8
-8
-8
-8
-8
-9
-9
-9
-8
-7
-7
-7
-8
-8
-8
-8
-8
-9
-12
-13
-14
-15
-15
-15
-14
-13
-12
-12
-12
-12
-11
-10
-10
-11
-12
-12
-12
-12
-12
-12
-11
-11
-11
-11
-12
-11
-10
-9
-9
-8
-8
-7
-6
-5
-3
-1
0
2
4
4
2
0
-2
-2
-2
-3
-3
-5
-8
-9
-9
-6
-3
-2
-2
-2
-3
-2
-1
1
1
1
1
3
3
2
2
4
5
6
5
5
5
7
8
8
6
5
6
7
9
10
12
12
11
11
13
13
12
10
9
9
9
7
5
4
4
4
4
3
0
-2
-2
0
1
1
0
2
5
8
9
9
9
8
6
5
5
4
3
4
7
9
9
9
8
8
7
6
6
8
9
11
11
12
11
11
11
10
9
9
9
9
8
7
5
5
4
4
3
2
2
3
5
6
6
6
6
7
7
8
9
9
9
9
10
10
9
8
8
7
7
7
7
6
6
6
7
7
5
4
3
3
3
2
1
1
1
1
1
0
1
2
2
2
2
2
2
2
2
2
0
0
1
2
4
5
6
6
5
5
5
5
4
2
2
2
2
1
0
1
1
0
-1
-1
0
0
0
0
-1
-1
-1
-1
0
0
0
0
0
0
-1
-1
-1
-2
-3
-5
-5
-5
-5
-5
-5
-4
-2
-2
-2
-2
-2
0
1
2
1
-1
-1
-1
-2
-3
-3
-3
-3
-3
-3
-3
-5
-7
-10
-12
-14
-15
-16
-15
-13
-11
-9
-7
-7
-9
-9
-6
-3
-1
-2
-2
-1
0
-1
-1
-1
-1
-3
-4
-5
-6
-8
-9
-10
-10
-12
-13
-14
-14
-14
-12
-9
-7
-7
-8
-8
-7
-6
-6
-7
-8
-8
-7
-5
-5
-5
-7
-8
-8
-7
-8
-8
-8
-8
-9
-8
-7
-6
-6
-6
-6
-5
-4
-3
-3
-2
-2
-2
-2
-2
-2
-2
-5
-7
-8
-8
-9
-10
-10
-9
-9
-9
-10
-11
-12
-13
-12
-10
-9
-9
-9
-8
-6
-6
-7
-7
-6
-7
-7
-5
-3
-2
-2
-2
-2
-2
-3
-3
-2
-1
-1
-1
-1
-1
-1
-2
-2
-2
-2
-2
-2
-1
-2
-3
-4
-5
-5
-5
-5
-4
-4
-3
-2
-3
-4
-4
-3
-2
-2
-1
0
0
0
0
2
2
2
1
0
0
1
2
2
3
3
3
3
3
3
3
3
2
2
3
5
5
5
5
4
5
5
5
5
6
7
6
5
4
4
3
2
1
2
2
1
0
1
2
3
2
2
2
2
2
2
3
4
5
5
6
6
6
7
7
6
5
4
5
4
2
-1
-2
-2
-1
1
2
2
2
2
3
4
3
3
2
2
2
2
2
2
1
-1
-1
-1
-1
-1
-1
-1
0
-1
-2
-2
-2
-1
0
1
1
1
2
3
5
5
5
5
6
6
5
4
4
4
2
2
2
2
1
0
-1
-1
-1
-2
-2
-3
-3
-3
-2
-2
-2
-2
-1
0
-1
-1
1
2
3
2
1
1
1
0
0
0
0
0
-1
-1
-1
0
-1
-1
-1
1
2
2
2
2
3
3
4
5
5
5
5
4
4
2
2
1
0
-1
-2
-3
-2
-2
-2
-3
-3
-4
-4
-4
-5
-4
-3
-1
0
1
0
0
0
1
1
1
0
0
1
1
0
-2
-3
-3
-3
-2
-1
1
1
0
0
0
1
1
2
1
1
1
1
2
1
1
0
1
1
0
-1
-2
-2
-2
-2
-2
-2
-2
-2
-2
-2
-2
-2
-1
0
0
0
1
1
0
0
-1
-1
-1
0
0
0
0
0
0
0
-1
0
-1
-1
-2
-1
0
1
1
0
0
0
0
0
1
0
0
0
0
-1
-1
0
1
2
1
1
1
2
2
3
3
3
2
2
2
3
3
3
4
4
3
2
2
4
4
4
3
4
3
3
2
2
3
3
2
2
2
2
2
4
5
5
3
2
2
2
3
4
5
5
4
4
5
7
8
8
8
9
9
8
8
7
7
7
7
6
6
5
4
2
2
3
3
3
2
2
2
2
2
1
1
2
3
4
3
3
3
2
1
0
1
1
0
0
2
3
4
4
5
6
6
5
5
5
5
5
5
5
5
5
4
4
3
2
0
-2
-2
-3
-3
-3
-3
-4
-4
-4
-3
-3
-3
-3
-3
-3
-3
-3
-3
-3
-4
-3
-3
-3
-2
-2
-2
-1
0
0
-1
-1
-1
0
0
1
1
2
2
2
2
1
1
0
0
-1
-2
-2
-2
-2
-3
-4
-5
-5
-5
-6
-6
-6
-6
-6
-5
-6
-7
-7
-6
-6
-6
-6
-6
-6
-5
-5
-4
-4
-4
-4
-4
-4
-4
-3
-3
-2
-2
-2
-2
-2
-3
-4
-4
-4
-4
-4
-4
-4
-4
-4
-4
-4
-4
-5
-4
-4
-4
-4
-4
-5
-5
-5
-6
-6
-5
-4
-4
-4
-4
-3
-3
-4
-5
-6
-6
-6
-6
-6
-5
-5
-5
-4
-5
-6
-6
-6
-5
-4
-4
-4
-4
-4
-5
-5
-4
-4
-4
-4
-3
-3
-4
-4
-3
-2
-2
-2
-3
-3
-3
-3
-1
-1
-1
-3
-4
-3
-2
-2
-2
-2
-2
-2
-2
-2
-2
-2
-2
-2
-2
-2
-2
-2
-2
-1
-1
-1
-2
-2
-1
-1
-2
-2
-3
-2
-2
-2
-1
0
0
0
0
1
2
2
2
2
2
3
3
4
4
2
2
2
2
2
2
2
2
2
2
1
0
0
0
0
1
1
2
2
3
3
3
3
3
2
2
1
2
2
2
2
2
2
2
2
1
1
1
2
3
3
3
4
5
5
4
4
4
4
5
5
4
4
4
3
3
2
2
2
1
1
1
1
1
1
0
0
0
1
2
1
1
1
2
2
2
2
2
2
3
3
2
2
1
1
0
0
1
1
0
-1
-1
0
0
1
1
1
1
1
1
2
1
1
0
1
1
0
0
0
1
0
0
-1
-2
-3
-2
-2
-2
-3
-3
-3
-2
-2
-2
-1
-1
-1
-1
0
0
-1
0
0
1
0
1
2
1
0
-1
-1
-1
-1
-1
-1
-1
-1
-1
-1
-1
-2
-2
-2
-1
-1
-1
-1
-1
-1
-1
-2
-2
-1
-1
-1
-2
-2
-3
-4
-4
-4
-4
-5
-5
-5
-5
-5
-4
-3
-3
-3
-2
-1
0
1
2
2
2
1
1
2
2
2
1
1
0
-1
-1
0
0
-1
-3
-3
-3
-2
-2
-3
-3
-3
-4
-4
-4
-3
-2
-2
-2
-2
-2
-2
-3
-4
-4
-3
-2
-2
-2
-2
-2
-2
-2
-2
-2
-2
-2
0
1
1
1
0
1
1
1
1
1
1
1
1
1
1
0
0
0
0
0
0
0
-1
-1
0
0
-1
-1
-1
0
0
0
1
1
1
0
0
-1
0
0
-1
-1
0
0
0
0
0
0
0
0
0
0
0
0
0
1
2
2
2
2
2
2
2
2
2
2
1
1
1
1
1
1
1
2
2
2
2
2
2
2
2
2
2
2
2
2
2
2
2
2
2
2
2
2
2
1
1
2
2
2
2
2
3
2
2
2
3
2
1
1
0
0
0
1
1
0
-1
-1
0
1
1
1
2
1
1
1
1
1
1
1
2
2
1
0
0
0
0
0
0
0
0
-1
-1
-1
0
0
1
1
1
1
0
0
0
0
0
1
1
1
1
0
0
0
-1
-1
-1
-1
-1
-1
-2
-2
-2
-2
-2
-2
-2
-2
-2
-1
-1
-1
-1
-2
-2
-1
-1
-1
-1
-1
-1
0
0
-1
-1
-1
-1
-1
-1
-1
-1
-1
-1
-2
-2
-2
-2
-2
-2
-2
-2
-2
-2
-2
-2
-2
-1
-1
-2
-2
-2
-1
-1
-1
0
0
-1
-1
-1
-1
-1
-1
0
0
-1
-1
-1
-1
-1
-1
-1
0
0
0
-1
-1
0
0
-1
-1
-1
-1
-1
-1
-2
-2
-2
-2
-2
-2
-2
-2
-2
-2
-2
-2
-2
-1
-1
0
0
0
1
1
1
1
1
1
2
2
1
0
0
0
0
0
0
0
0
-1
-2
-1
-1
-1
-1
-2
-2
-2
-2
-2
-2
-2
-1
-1
-1
-2
-2
-2
-2
-2
-2
-2
-2
-2
-2
-2
-2
-2
-2
-2
-2
-1
-1
-1
-1
-1
-1
-1
-1
0
0
0
0
0
0
0
0
0
0
-1
-1
-1
-1
-1
-1
-1
-1
-2
-2
-2
-1
-1
-1
-1
-1
-1
-1
-1
-1
-2
-2
-2
-2
-2
-2
-1
-1
-1
-1
-1
-1
-1
-1
-1
-1
-1
-1
-1
0
0
0
-1
-1
0
-1
-1
-1
0
0
0
-1
0
0
1
0
0
0
0
0
0
0
0
0
0
0
-1
-1
-1
-1
-1
-1
-1
-1
-1
-1
-1
-1
-1
0
0
-1
-1
-1
-1
0
0
0
0
1
1
0
0
0
1
1
0
0
-1
-1
-1
-1
-1
-1
-1
0
-1
-1
-1
0
0
0
0
0
0
-1
-1
0
0
0
-1
-1
-1
-1
-1
-1
-1
-1
-1
-1
-1
0
0
0
0
0
1
1
1
1
1
1
1
0
-1
-1
-1
-1
0
-1
-1
-2
-2
-2
-2
-2
-2
-1
-1
-1
-1
0
0
-1
-1
-1
0
-1
-2
-2
-1
-2
-2
-1
-1
0
-1
-1
-1
-1
0
0
0
0
-1
0
0
0
0
1
1
1
1
1
1
1
0
-1
-1
-2
-2
-2
-1
-1
-1
-1
-1
-1
-1
-1
-1
-1
-1
-1
0
0
0
0
-1
-1
0
0
0
0
-1
0
0
-1
-1
-1
0
0
-1
-1
-1
0
0
0
0
0
0
0
-1
0
0
0
0
0
0
0
-1
-1
-1
0
0
0
0
0
0
-1
0
0
0
0
0
0
0
0
0
0
-1
-1
-1
-1
-1
-1
-1
-1
-1
-1
-1
-1
-1
-1
-1
-1
-1
-1
0
0
0
0
-1
-1
-1
-1
0
0
0
0
0
0
0
0
0
0
-1
-1
-1
-1
-1
-1
-1
-1
-1
-1
-1
-1
-1
-1
-1
-1
-1
-1
-1
-1
-1
-1
-1
-1
0
0
-1
-2
-2
-1
-1
-1
-1
-1
-1
0
0
-1
-1
0
0
0
0
1
0
0
0
0
0
0
-1
-1
-1
-1
-1
-1
-1
-2
-2
-2
-2
-2
-2
-2
-2
-1
-1
-1
-1
-1
0
0
0
0
-1
-1
-1
0
0
0
0
0
0
0
0
0
0
-1
-1
0
0
0
-1
-1
-1
-1
-1
-1
-1
-1
-1
-1
-1
-1
-1
-2
-2
-2
-2
-2
-2
-2
-2
-2
-2
-2
-1
-1
-1
-2
-2
-2
-1
-1
-1
-1
-1
0
0
-1
-1
-1
-1
0
0
0
0
0
0
0
0
0
-1
-1
-1
-1
-1
-1
-2
-2
-2
-2
-2
-2
-1
-1
-1
-1
-1
-1
-1
0
0
0
0
0
0
1
1
0
-1
-1
-1
-1
-1
0
0
-2
-2
-2
-2
-1
-1
-1
-1
-1
-1
0
0
1
1
1
1
1
1
1
2
2
1
0
0
0
0
0
-1
-2
-2
-2
-2
-1
-1
-1
-2
-2
-2
-1
-1
-1
0
0
0
0
1
1
1
1
0
0
-1
-1
-1
-1
-1
-1
-1
-1
-1
0
0
0
0
0
1
1
0
0
0
1
2
2
2
1
1
0
0
0
0
-1
-1
-1
-1
-1
-2
-2
-2
-1
-1
-2
-1
-1
0
0
0
1
1
1
1
1
1
1
1
1
0
0
0
0
0
0
0
0
0
0
-1
-1
-1
0
0
0
-1
-1
0
0
0
0
0
1
0
0
0
1
0
-1
0
1
1
0
-1
0
0
0
-1
-1
0
1
1
1
1
1
1
1
1
1
1
0
1
2
2
1
0
0
1
1
1
0
0
0
0
0
1
1
0
-1
-1
-1
-1
0
0
0
0
0
0
0
-1
-1
-1
0
0
0
0
0
0
0
0
0
1
1
1
1
0
0
0
0
0
0
0
1
1
1
1
0
0
0
1
0
0
-1
-1
0
0
0
0
0
0
0
-1
-1
-1
-1
-1
-1
-1
-1
0
0
0
0
0
0
0
0
0
0
1
1
1
0
0
1
1
1
0
0
0
0
0
0
0
0
0
0
0
1
0
0
0
0
0
0
0
0
1
0
0
0
-1
-1
-1
-1
0
0
0
-1
0
0
0
0
-1
0
0
1
0
0
0
0
-1
-1
-1
-1
-1
-1
-1
-1
-1
-1
0
1
1
0
0
-1
0
0
1
1
1
1
1
1
1
1
0
0
1
1
1
1
0
0
0
0
0
0
0
-1
-1
-1
0
0
0
-1
-1
0
-1
-1
-1
-1
0
0
0
0
0
0
-1
-1
-1
0
0
0
0
0
1
1
1
1
1
1
1
1
1
1
0
0
1
1
0
0
0
0
0
-1
-1
-1
-1
-1
-1
0
0
0
0
-1
-1
-1
-1
-1
-1
0
0
0
-1
0
0
0
0
0
0
0
0
0
0
0
0
0
1
1
0
0
0
1
0
0
1
1
0
0
0
0
0
0
0
0
0
0
0
-1
-1
-1
-1
-1
-1
-1
-1
-1
-1
-1
-1
-1
-1
-1
-1
-1
-1
0
0
0
0
0
0
0
0
0
0
0
0
0
0
0
0
0
0
0
0
0
0
0
0
0
0
0
0
-1
-1
-1
-1
-1
-1
-1
-1
-1
-1
0
0
0
-1
-1
0
0
-1
-1
-1
-1
-1
0
0
-1
-1
-1
0
-1
-1
-1
0
0
-1
-1
0
0
-1
-1
0
0
0
-1
0
0
0
0
-1
0
0
0
-1
-1
-1
-2
-1
-1
0
0
-1
-1
-1
-1
-1
-1
0
0
0
0
0
0
-1
-1
-1
-1
-1
0
-1
-1
0
0
-1
-1
-1
-1
-1
-1
-2
-1
-1
-1
0
0
0
0
0
-1
-1
-1
-1
-1
-1
-1
-1
0
0
-1
-1
-1
-1
-1
-1
-1
-1
-1
-1
-1
-1
-1
-1
-2
-1
-1
-1
-1
-1
-1
0
0
0
-1
-1
-1
-1
-2
-2
-1
-1
-1
-1
-1
-2
-2
-2
-1
-1
-1
-1
-1
-1
-1
-1
-1
-1
-1
-1
-1
-1
-1
-1
-1
-1
-1
-1
-1
-1
-2
-2
-2
-1
-1
-2
-2
-2
-1
-1
-1
-1
-1
-1
-1
-1
-1
-1
-1
-1
-1
-1
-1
-1
-1
-1
-1
-1
-1
-1
-1
-1
-1
-1
-1
-1
-1
-1
-1
-1
-1
-1
-2
-2
-1
-1
-1
-1
-1
-1
-1
-1
-1
-1
-1
-1
-1
-1
-1
-1
-1
-1
-2
-1
-1
-1
-1
-1
0
0
-1
-1
-1
0
0
0
0
0
0
-1
-1
-1
-1
-1
-1
-1
-1
-1
-1
-1
-1
-1
-2
-2
-2
-1
-1
-1
-1
-1
-1
-2
-2
-2
-1
-1
-1
-1
-1
-1
-1
-1
-2
-2
-2
-1
-1
-2
-2
-1
-1
-2
-2
-1
-1
0
0
0
-1
-1
-1
0
1
0
0
0
0
0
0
0
0
0
-1
-1
-1
-1
0
-1
-1
-1
-1
-1
-2
-1
-1
-1
-1
-1
-1
0
-1
-1
-1
-1
-1
-1
-1
-1
-1
-1
-1
-1
-1
-1
0
0
0
-1
-1
0
0
0
0
0
0
0
0
0
0
0
0
0
0
0
0
0
0
1
1
0
0
0
0
0
0
0
0
0
0
-1
-1
-1
-1
0
0
-1
-1
-1
0
0
0
0
0
0
0
0
0
0
0
0
0
0
0
1
0
0
-1
-1
0
0
0
0
0
0
0
0
0
0
0
0
0
0
1
1
0
0
0
0
0
0
0
0
0
0
-1
-1
-1
0
0
-1
-1
-1
-1
-1
-1
-1
0
0
0
0
0
0
0
0
-1
-1
0
0
0
0
-1
-1
0
0
0
0
0
0
-1
-1
0
0
0
-1
0
0
0
0
0
0
0
0
0
0
0
0
0
0
0
0
0
0
0
0
0
0
0
0
1
0
0
0
0
0
0
0
0
0
0
0
0
0
0
0
-1
0
0
0
0
0
0
-1
0
0
0
0
0
0
0
0
0
0
0
0
0
0
0
0
0
0
0
0
0
0
0
0
0
0
0
0
0
0
0
0
0
0
0
0
0
0
0
0
0
0
0
0
0
0
0
0
0
0
0
0
0
0
0
0
0
0
0
0
0
0
0
0
0
0
0
0
0
0
0
0
0
0
0
0
0
0
0
0
0
0
0
0
0
0
0
0
0
0
0
0
0
0
0
0
0
0
0
0
0
0
0
0
0
0
0
0
0
0
0
0
0
0
0
0
0
0
0
0
0
-1
-1
-1
-1
-1
-1
0
0
0
0
0
0
0
0
0
0
0
0
0
0
0
0
0
0
0
0
0
0
0
0
0
-1
-1
0
0
0
-1
-1
0
0
-1
-1
0
0
0
0
0
0
0
0
0
0
-1
-1
-1
-1
0
-1
0
0
0
0
0
0
0
0
0
0
0
0
-1
-1
0
0
0
-1
0
0
-1
-1
0
0
-1
-1
-1
0
0
-1
-1
-1
-1
-1
0
0
0
0
0
0
0
0
0
0
0
0
0
0
0
0
0
0
-1
-1
-1
0
0
-1
-1
-1
0
0
-1
0
0
0
0
-1
-1
-1
0
0
-1
-1
-1
-1
-1
-1
-1
0
0
0
0
0
0
0
0
0
0
-1
0
0
0
0
0
0
0
0
-1
-1
-1
0
0
0
-1
-1
-1
-1
-1
-1
0
-1
-1
-1
-1
-1
-1
-1
-1
-1
-1
0
0
0
-1
0
0
0
0
0
0
0
0
0
0
0
0
0
0
0
0
0
0
0
0
0
-1
-1
-1
-1
-1
-1
0
0
0
-1
-1
0
0
-1
0
0
0
0
0
0
0
0
0
0
0
-1
-1
-1
-1
-1
0
0
0
0
0
-1
-1
-1
0
0
0
0
0
0
0
0
0
0
0
0
0
0
0
-1
0
0
0
0
0
0
0
0
0
0
0
0
0
0
0
0
0
0
0
0
0
0
0
0
0
0
0
0
0
0
-1
-1
-1
0
0
0
0
-1
-1
0
0
0
-1
-1
0
0
0
0
0
0
0
0
0
0
0
0
0
0
0
0
0
-1
-1
-1
-1
-1
-1
-1
0
0
0
0
0
-1
-1
0
-1
-1
0
0
0
-1
-1
0
0
0
0
0
0
0
0
0
0
0
-1
-1
-1
-1
0
0
-1
0
0
0
0
0
0
0
0
-1
-1
0
0
0
0
0
0
0
-1
-1
-1
-1
-1
-1
0
0
-1
-1
-1
-1
0
0
0
-1
0
0
0
-1
-1
-1
0
0
0
-1
-1
0
0
0
0
0
0
0
0
-1
-1
-1
-1
-1
0
0
0
0
0
-1
-1
0
0
0
-1
-1
0
0
0
0
0
0
0
-1
-1
0
0
0
0
0
0
0
-1
-1
0
0
0
-1
0
0
0
-1
-1
-1
0
0
0
0
0
0
0
0
-1
-1
-1
0
0
0
0
0
0
0
0
0
0
0
0
-1
0
0
-1
0
0
0
-1
-1
0
0
0
0
0
0
0
0
-1
0
0
0
-1
-1
0
0
0
0
0
0
0
0
0
0
-1
-1
0
0
-1
0
0
0
-1
0
0
0
0
0
0
0
0
0
0
0
-1
0
0
0
0
0
0
0
0
0
0
0
0
0
0
-1
0
0
0
0
0
0
0
0
0
0
0
0
0
0
0
0
0
0
0
0
0
0
0
0
0
0
0
0
0
0
0
0
-1
-1
0
0
-1
0
0
0
0
0
0
0
0
-1
-1
-1
0
0
0
0
0
0
0
-1
0
0
0
0
0
0
0
0
0
0
0
0
0
0
0
0
0
0
0
0
0
0
0
0
0
0
0
-1
-1
0
0
0
-1
-1
-1
-1
-1
-1
-1
-1
-1
-1
-1
0
0
-1
-1
-1
0
0
-1
-1
0
0
0
0
0
0
0
0
-1
0
0
0
0
0
0
0
-1
0
0
0
-1
0
0
0
-1
0
0
0
0
0
0
0
0
0
0
0
-1
0
0
0
0
0
-1
0
0
0
0
0
0
0
-1
-1
0
0
0
-1
-1
-1
0
0
0
0
0
0
0
0
0
0
-1
0
0
0
0
0
0
0
0
0
0
0
-1
-1
0
0
0
0
0
0
-1
0
0
0
0
-1
0
0
0
0
0
0
0
-1
0
0
0
0
0
0
0
0
0
0
0
0
0
0
0
-1
-1
0
0
0
0
0
0
0
0
0
-1
-1
0
0
0
0
0
0
-1
-1
0
0
0
0
0
0
0
0
0
0
0
0
0
0
0
0
0
0
0
0
0
0
0
0
0
0
0
0
0
-1
-1
-1
0
0
0
0
0
0
0
0
0
0
0
0
0
0
0
0
0
-1
0
0
0
0
0
0
0
0
0
0
0
0
0
0
-1
-1
0
0
0
0
0
0
0
0
0
0
0
0
0
0
0
0
-1
0
0
0
0
0
0
-1
-1
-1
-1
0
0
0
0
0
0
0
0
0
0
0
0
0
0
0
0
0
0
0
0
0
0
0
0
0
0
0
0
0
0
0
0
0
0
0
0
0
0
0
0
0
0
0
0
0
0
0
0
0
0
0
0
0
0
0
0
0
0
0
0
0
0
0
0
0
0
0
0
-1
-1
-1
0
0
0
0
0
0
0
-1
0
0
0
0
-1
0
0
0
0
0
0
0
0
0
0
0
0
0
0
0
0
0
0
0
0
0
0
0
-1
0
0
0
0
0
0
0
-1
-1
0
-1
-1
-1
0
0
0
0
0
0
0
0
0
0
0
-1
-1
0
0
0
0
0
0
-1
0
0
0
0
0
0
0
0
0
0
0
0
0
0
-1
0
0
0
0
0
0
0
0
0
0
0
0
0
0
0
0
0
0
0
0
0
0
0
0
0
0
0
0
0
0
0
0
0
0
0
0
0
0
0
0
0
-1
0
0
0
0
0
0
0
0
0
0
0
0
0
0
0
0
0
0
0
0
0
0
0
0
0
0
0
0
0
0
-1
-1
-1
0
0
0
0
0
0
0
0
0
0
0
0
0
0
0
0
0
0
0
0
0
0
0
0
0
0
0
0
0
0
0
0
0
0
0
0
0
0
0
0
0
0
0
0
0
0
0
0
0
0
0
0
0
0
0
0
0
0
0
0
0
0
0
0
0
0
0
0
0
0
0
0
0
0
0
0
0
0
0
0
0
0
0
0
-1
-1
0
0
0
0
0
0
0
0
0
0
0
-1
0
0
0
0
-1
0
0
0
0
0
0
0
0
0
0
0
0
0
0
0
0
0
0
-1
-1
-1
0
0
-1
0
0
0
0
0
0
0
0
0
0
0
0
0
0
0
0
0
0
0
0
-1
0
0
0
0
0
0
0
0
0
0
0
0
0
0
0
0
0
0
0
0
0
0
0
0
0
0
0
0
0
0
0
0
0
0
0
0
0
0
0
0
0
0
0
0
0
0
0
0
0
0
0
0
0
0
0
0
0
0
0
0
0
0
0
0
0
0
0
0
0
0
0
0
0
0
0
0
0
0
0
0
0
0
0
0
0
0
0
0
0
0
0
0
0
0
0
0
0
0
0
0
0
0
0
0
0
0
0
0
0
0
0
0
0
-1
-1
0
0
0
0
0
0
0
0
0
0
0
0
0
0
0
0
0
0
0
0
0
0
0
0
0
0
0
0
0
0
0
0
0
0
0
0
0
0
0
0
0
0
0
0
0
0
0
0
0
0
0
0
0
0
0
0
0
0
0
-1
0
0
0
0
0
0
0
0
0
0
0
0
0
0
0
0
0
0
0
0
0
0
0
-1
-1
0
0
0
-1
0
0
0
-1
0
0
0
0
0
0
0
0
0
0
0
0
0
0
0
0
0
0
0
0
0
0
0
0
0
-1
-1
-1
0
0
0
0
0
0
0
0
0
0
0
0
0
0
0
0
0
0
0
0
0
0
0
-1
-1
-1
0
0
0
0
0
0
0
0
0
0
0
0
0
0
0
0
0
0
0
0
0
0
0
0
0
0
0
0
-1
-1
-1
0
0
0
0
0
0
0
0
0
0
0
0
0
0
0
0
0
0
0
0
0
0
0
0
0
0
0
0
0
0
0
0
0
0
0
0
0
0
0
-1
0
0
0
0
0
0
0
0
0
0
-1
-1
-1
0
0
0
0
0
0
0
0
0
0
0
0
0
0
0
0
0
0
0
0
0
-1
-1
-1
-1
0
0
0
0
0
0
-1
-1
-1
0
0
0
0
0
0
0
0
0
0
0
0
0
0
0
0
0
0
0
0
0
0
0
0
0
0
0
0
0
0
0
0
0
0
0
0
0
0
0
0
0
0
0
0
0
0
0
0
0
0
0
0
0
0
0
0
0
0
0
0
0
0
0
0
0
0
0
0
0
0
0
0
0
0
0
0
0
0
0
0
0
0
0
0
0
0
0
0
0
0
0
0
-1
0
0
0
0
0
0
0
0
0
0
0
0
0
0
0
0
0
0
0
0
0
0
0
0
0
0
0
0
0
0
0
0
0
0
0
0
0
0
0
0
0
0
0
0
0
0
0
0
0
0
0
0
0
0
0
0
0
0
0
0
0
0
0
0
0
0
0
0
0
0
0
0
0
0
0
0
0
0
0
0
0
0
0
0
0
0
0
0
0
0
0
0
0
0
0
0
0
0
0
0
0
0
0
0
0
0
0
0
0
0
0
0
0
0
0
0
0
0
0
0
0
0
0
0
-1
0
0
0
0
0
0
0
0
-1
0
0
0
0
0
0
0
0
0
0
0
0
0
0
0
0
0
0
-1
0
0
0
0
-1
0
0
0
0
0
0
-1
-1
-1
0
0
0
0
0
0
0
0
0
0
0
0
0
0
0
0
0
0
0
0
-1
0
0
0
0
0
0
0
0
0
0
0
0
0
0
0
0
0
0
0
0
0
0
0
0
0
0
0
0
0
0
0
0
0
0
0
0
0
0
0
0
0
0
0
0
0
0
0
0
0
0
0
0
0
0
0
0
0
0
0
0
0
0
0
0
0
0
0
0
0
0
0
0
0
0
0
0
0
0
0
0
0
0
0
0
0
0
0
0
0
0
0
0
0
0
0
0
0
0
0
0
0
0
0
0
0
0
0
0
0
0
0
0
0
0
0
0
0
0
0
0
0
0
0
0
0
0
0
0
0
0
0
0
0
-1
0
0
0
0
0
0
0
0
0
0
0
0
0
0
0
0
0
0
0
0
0
0
0
-1
-1
0
0
0
0
0
0
0
0
0
0
0
0
0
0
0
0
0
0
-1
0
0
0
0
0
0
0
0
0
0
0
0
0
0
0
0
0
0
0
0
0
0
0
0
0
0
0
0
0
0
0
0
0
0
0
0
0
0
0
0
0
0
0
0
0
0
0
0
0
0
0
0
0
0
0
0
0
0
0
0
0
0
0
0
0
0
0
0
0
0
0
0
0
0
0
0
0
0
0
0
0
0
0
0
0
0
0
0
0
0
0
0
0
0
0
0
0
0
0
0
0
0
0
0
0
0
0
0
0
0
0
0
0
0
0
0
0
0
0
0
0
0
0
0
0
-1
-1
-1
-1
0
0
0
0
0
0
0
0
0
0
0
0
0
0
0
0
0
0
0
0
0
0
0
0
0
0
0
0
0
0
0
0
0
0
0
0
0
0
0
0
0
0
0
0
0
0
0
0
0
0
-1
-1
-1
0
0
0
0
0
0
0
0
0
0
0
0
0
0
0
-1
0
0
0
0
0
0
-1
-1
0
0
0
0
0
0
0
0
0
0
0
0
0
0
0
0
0
0
0
0
0
0
0
0
0
0
0
0
0
0
0
0
0
0
0
0
0
0
0
0
0
0
0
0
0
0
0
0
0
0
0
0
0
0
0
0
0
0
0
0
0
0
0
0
0
0
0
0
0
0
0
0
-1
0
0
0
0
0
0
0
0
0
0
0
0
0
0
0
0
0
0
0
0
0
0
0
0
0
0
0
0
0
0
0
0
0
0
0
0
0
0
0
0
0
0
0
0
0
0
0
0
0
0
0
0
0
0
0
0
0
0
0
0
0
0
0
0
0
0
0
0
0
0
0
0
0
0
0
0
0
0
0
0
0
0
0
0
0
0
0
0
0
0
0
0
0
0
0
0
0
0
0
0
0
0
0
0
0
0
0
0
0
0
0
0
0
0
0
0
0
0
0
0
0
0
0
0
0
0
0
0
0
0
0
0
0
0
0
0
0
0
0
0
0
0
0
0
0
0
0
0
0
0
0
0
0
0
0
0
0
-1
0
0
0
0
0
0
0
0
0
0
0
0
0
0
0
0
0
0
0
0
0
0
0
-1
0
0
0
0
0
0
0
0
0
0
0
0
0
0
0
0
0
0
0
0
0
0
0
0
0
0
0
0
0
0
0
0
0
0
0
0
0
0
0
0
0
0
0
0
0
0
0
0
0
0
0
0
0
0
0
0
0
0
0
0
0
0
0
0
0
0
0
0
0
0
0
0
0
0
0
0
0
0
0
0
0
0
0
0
0
0
0
0
0
0
0
0
0
0
0
0
0
0
0
0
0
0
0
0
0
0
0
0
0
0
0
0
0
0
0
0
0
0
0
0
0
0
0
0
0
0
0
0
0
0
0
0
0
0
0
0
0
0
0
0
0
0
0
0
0
0
0
0
0
0
0
0
0
0
0
0
0
0
0
0
0
0
0
0
0
0
0
0
0
0
0
0
0
0
0
0
0
0
0
0
0
0
0
0
0
0
0
0
0
0
0
0
0
0
0
0
0
0
0
0
0
0
0
0
0
0
0
0
0
0
0
0
0
0
0
0
0
0
0
0
0
0
0
0
0
0
0
0
0
0
0
0
0
0
0
0
0
0
0
0
0
0
0
0
0
0
0
0
0
0
0
-1
0
0
0
0
0
0
0
0
0
0
0
0
0
0
0
0
0
0
0
0
0
0
0
0
0
0
0
0
0
0
0
0
0
0
0
0
0
0
0
0
0
0
0
0
0
0
0
0
0
0
0
0
0
0
0
0
0
0
0
0
0
0
0
0
0
0
0
0
0
0
0
0
0
0
0
0
0
0
0
0
0
0
0
0
0
0
0
0
0
0
0
0
0
0
0
0
0
0
0
0
0
0
0
0
0
0
0
0
0
0
0
0
0
0
0
0
0
0
0
0
0
0
0
0
0
0
0
0
0
0
0
0
0
0
0
0
0
0
0
0
0
0
0
0
0
0
0
0
0
0
0
0
0
0
0
0
0
0
0
0
0
0
0
0
0
0
0
0
0
0
0
0
0
0
0
0
0
0
0
0
0
0
0
0
0
0
0
0
0
0
0
0
0
0
0
0
0
0
0
0
0
0
0
0
0
0
0
0
0
0
0
0
0
0
0
0
0
0
0
0
0
0
0
0
0
0
0
0
0
0
0
0
0
0
0
0
0
0
0
0
0
0
0
0
0
0
0
0
0
0
0
0
0
0
0
0
0
0
0
0
0
0
0
0
0
0
0
0
0
0
0
0
0
0
0
0
0
0
0
0
0
0
0
0
0
0
0
0
0
0
0
0
0
0
0
0
0
0
0
0
0
0
0
0
0
0
0
0
0
0
0
0
0
0
0
0
0
0
0
0
0
0
0
0
0
0
0
0
0
0
0
0
0
0
0
0
0
0
0
0
0
0
0
0
0
0
0
0
0
0
0
0
0
0
0
0
0
0
0
0
0
0
0
0
0
0
0
0
0
0
0
0
0
0
0
0
0
0
0
0
0
0
0
0
0
0
0
0
0
0
0
0
0
0
0
0
0
0
0
0
0
0
0
0
0
0
0
0
0
0
0
0
0
0
0
0
0
0
0
0
0
0
0
0
0
0
0
0
0
0
0
0
0
0
0
0
0
0
0
0
0
0
0
0
0
0
0
0
0
0
0
0
0
0
0
0
0
0
0
0
0
0
0
0
0
0
0
0
0
0
0
0
0
0
0
0
0
0
0
0
0
0
0
0
0
0
0
0
0
0
0
0
0
0
0
0
0
0
0
0
0
0
0
0
0
0
0
0
0
0
0
0
0
0
0
0
0
0
0
0
0
0
0
0
0
0
0
0
0
0
0
0
0
0
0
0
0
0
0
0
0
0
0
0
0
0
-1
0
0
0
0
0
0
0
0
0
0
0
0
0
0
0
0
0
0
0
0
0
0
0
0
0
0
0
0
0
0
0
0
0
0
0
0
0
0
0
0
0
0
0
0
0
0
0
0
0
0
0
0
0
0
0
0
0
0
0
0
0
0
0
0
0
0
0
0
0
0
0
0
0
0
0
0
0
0
0
0
0
0
0
0
0
0
0
0
0
0
0
0
0
0
0
0
0
0
0
0
0
0
0
0
0
0
0
0
0
0
0
0
0
0
0
0
0
0
0
0
0
0
0
0
0
0
0
0
0
0
0
0
0
0
0
0
0
0
0
0
0
0
0
0
0
0
0
0
0
0
0
0
0
0
0
0
0
0
0
0
0
0
0
0
0
0
0
0
0
0
0
0
0
0
0
0
0
0
0
0
0
0
0
0
0
0
0
0
0
0
0
0
0
0
0
0
0
0
0
0
0
0
0
0
0
0
0
0
0
0
0
0
0
0
0
0
0
0
0
0
0
0
0
0
0
0
0
0
0
0
0
0
0
0
0
0
0
0
0
0
0
0
0
0
0
0
0
0
0
0
0
0
0
0
0
0
0
0
0
0
0
0
0
0
0
0
0
0
0
0
0
-1
0
0
0
0
0
0
0
0
0
0
0
0
0
0
0
0
0
0
0
0
0
0
0
0
0
0
0
0
0
0
0
0
0
0
0
0
0
0
0
0
0
0
0
0
0
0
0
0
0
0
0
0
0
0
0
0
0
0
0
0
0
0
0
0
0
0
0
0
0
0
0
0
0
0
0
0
0
0
0
0
0
0
0
0
0
0
0
0
0
0
0
0
0
0
0
0
0
0
0
0
0
0
0
0
0
0
0
0
0
0
0
0
0
0
0
0
0
0
0
0
0
0
0
0
0
0
0
0
0
0
0
0
0
0
0
0
0
0
0
0
0
0
0
0
0
0
0
0
0
0
0
0
0
0
0
0
0
0
0
0
0
0
0
0
0
0
0
0
0
0
0
0
0
0
0
0
0
0
0
0
0
0
0
0
0
0
0
0
0
0
0
0
0
0
0
0
0
0
0
0
0
0
0
0
0
0
0
0
0
0
0
0
0
0
0
0
0
0
0
0
0
0
0
0
0
0
0
0
0
0
0
0
0
0
0
0
0
0
0
0
0
0
0
0
0
0
0
0
0
0
0
0
0
0
0
0
0
0
0
0
0
0
0
0
0
0
0
0
0
0
0
0
0
0
0
0
0
0
0
0
0
0
0
0
0
0
0
0
0
0
0
0
0
0
0
0
0
0
0
0
0
0
0
0
0
0
0
0
0
0
0
0
0
0
0
0
0
0
0
0
0
0
0
0
0
0
0
0
0
0
0
0
0
0
0
0
0
0
0
0
0
0
0
0
0
0
0
0
-1
0
0
0
0
0
0
0
0
0
0
-1
-1
-1
0
0
0
0
0
0
0
0
0
0
0
0
0
0
0
0
0
0
0
0
0
0
0
0
0
0
0
0
0
0
0
0
0
0
0
0
0
0
0
0
0
0
0
0
0
0
0
0
0
0
0
0
0
0
0
0
0
0
0
0
0
0
0
0
0
0
0
0
0
0
0
0
0
0
0
0
0
0
0
0
0
0
0
0
0
0
0
0
0
0
0
0
0
0
0
0
0
0
0
0
0
0
0
0
0
0
0
0
0
0
0
0
0
0
0
0
0
0
0
0
0
0
0
0
0
0
0
0
0
0
0
0
0
0
0
-1
0
0
0
0
0
0
0
0
0
0
0
0
0
0
0
0
0
0
0
0
0
0
0
0
0
0
0
0
0
0
0
0
0
0
0
0
0
0
0
0
0
0
0
0
0
0
0
0
0
0
0
0
0
0
0
0
0
0
0
0
0
0
0
0
0
0
0
0
0
0
0
0
0
0
0
0
0
0
0
0
0
0
0
0
0
0
0
0
0
0
0
0
0
0
0
0
0
0
0
0
0
0
0
0
0
0
0
0
0
0
0
0
0
0
0
0
0
0
0
0
0
0
0
0
0
0
0
0
0
0
0
0
0
0
0
0
0
0
0
0
0
0
0
0
0
0
0
0
0
0
0
0
0
0
0
0
0
0
0
0
0
0
0
0
0
0
0
0
0
0
0
0
0
0
0
0
0
0
0
0
0
0
0
0
0
0
0
0
0
0
0
0
0
0
0
0
0
0
0
0
0
0
0
0
0
0
0
0
0
0
0
0
0
0
0
0
0
0
0
0
0
0
0
0
0
0
0
0
0
0
0
0
0
0
0
0
0
0
0
0
0
0
0
0
0
0
0
0
0
0
0
0
0
0
0
0
0
0
0
0
0
0
0
0
0
0
0
0
0
0
0
0
0
0
0
0
0
0
0
0
0
0
0
0
0
0
0
0
0
0
0
0
0
0
0
0
0
0
0
0
0
0
0
0
0
0
0
0
0
0
0
0
0
0
0
0
0
0
0
0
0
0
0
0
0
0
0
0
0
0
0
0
0
0
0
0
0
0
0
0
0
0
0
0
0
0
0
0
0
0
0
0
0
0
0
0
0
0
0
0
0
0
0
0
0
0
0
0
0
0
0
0
0
0
0
0
0
0
0
0
0
0
0
0
0
0
0
0
0
0
0
0
0
0
0
0
0
0
0
0
0
0
0
0
0
0
0
0
0
0
0
0
0
0
0
0
0
0
0
0
0
0
0
0
0
0
0
0
0
0
0
0
0
0
0
0
0
0
0
0
0
0
0
0
0
0
0
0
0
0
0
0
0
0
0
0
0
0
0
0
0
0
0
0
0
0
0
0
0
0
0
0
0
0
0
0
0
0
0
0
0
0
0
0
0
0
0
0
0
0
0
0
0
0
0
0
0
0
0
0
0
0
0
0
0
0
0
0
0
0
0
0
0
0
0
0
0
0
0
0
0
0
0
0
0
0
0
0
0
0
0
0
0
0
0
0
0
0
0
0
0
0
0
0
0
0
0
0
0
0
0
0
0
0
0
0
0
0
0
0
0
0
0
0
0
0
0
0
0
0
0
0
0
0
0
0
0
0
0
0
0
0
0
0
0
0
0
0
0
0
0
0
0
0
0
0
0
0
0
0
0
0
0
0
0
0
0
0
0
0
0
0
0
0
0
0
0
0
0
0
0
0
0
0
0
0
0
0
0
0
0
0
0
0
0
0
0
0
0
0
0
0
0
0
0
0
0
0
0
0
0
0
0
0
0
0
0
0
0
0
0
0
0
0
0
0
0
0
0
0
0
0
0
0
0
0
0
0
0
0
0
0
0
0
0
0
0
0
0
0
0
0
0
0
0
0
0
0
0
0
0
0
0
0
0
0
0
0
0
0
0
0
0
0
0
0
0
0
0
0
0
0
0
0
0
0
0
0
0
0
0
0
0
0
0
0
0
0
0
0
0
0
0
0
0
0
0
0
0
0
0
0
0
0
0
0
0
0
0
0
0
0
0
0
0
0
0
0
0
0
0
0
0
0
0
0
0
0
0
0
0
0
0
0
0
0
0
0
0
0
0
0
0
0
0
0
0
0
0
0
0
0
0
0
0
0
0
0
0
0
0
0
0
0
0
0
0
0
0
0
0
0
0
0
0
0
0
0
0
0
0
0
0
0
0
0
0
0
0
0
0
0
0
0
0
0
0
0
0
0
0
0
0
0
0
0
0
0
0
0
0
0
0
0
0
0
0
0
0
0
0
0
0
0
0
0
0
0
0
0
0
0
0
0
0
0
0
0
0
0
0
0
0
0
0
