0
0
0
0
0
0
0
0
0
0
0
0
0
0
0
0
0
0
0
0
0
0
0
0
0
0
0
0
0
0
0
0
0
0
0
0
0
0
0
0
0
0
0
0
0
0
0
0
0
0
0
0
0
0
0
0
0
0
0
0
0
0
0
0
0
0
0
0
0
0
0
0
0
0
0
0
0
0
0
0
0
0
0
0
0
0
0
0
0
0
0
0
0
0
0
0
0
0
0
0
0
0
0
0
0
0
0
0
0
0
0
0
0
0
0
0
0
0
0
0
0
0
0
0
0
0
0
0
0
0
0
0
0
0
0
0
0
0
0
0
0
0
0
0
0
0
0
0
0
0
0
0
0
0
0
0
0
0
0
0
0
0
0
0
0
0
0
0
0
0
0
0
0
0
0
0
0
0
0
0
0
0
0
0
0
0
0
0
0
0
0
0
0
0
0
0
0
0
0
0
0
0
0
0
0
0
0
0
0
0
0
0
0
0
0
0
0
0
0
0
0
0
0
0
0
0
0
0
0
0
0
0
0
0
0
0
0
0
0
0
0
0
0
0
0
0
0
0
0
0
0
0
0
0
0
0
0
0
0
0
0
0
0
0
0
0
0
0
0
0
0
0
0
0
0
0
0
0
0
0
0
0
0
0
0
0
0
0
0
0
0
0
0
0
0
0
0
0
0
0
0
0
0
0
0
0
0
0
0
0
0
0
0
0
0
0
0
0
0
0
0
0
0
0
0
0
0
0
0
0
0
0
0
0
0
0
0
0
0
0
0
0
0
0
0
0
0
0
0
0
0
0
0
0
0
0
0
0
0
0
0
0
0
0
0
0
0
0
0
0
0
0
0
0
0
0
0
0
0
0
0
0
0
0
0
0
0
0
0
0
0
0
0
0
0
0
0
0
0
0
0
0
0
0
0
0
0
0
0
0
0
0
0
0
0
0
0
0
0
0
0
0
0
0
0
0
0
0
0
0
0
0
0
0
0
0
0
0
0
0
0
0
0
0
0
0
0
0
0
0
0
0
0
0
0
0
0
0
0
0
0
0
0
0
0
0
0
0
0
0
0
0
0
0
0
0
0
0
0
0
0
0
0
0
0
0
0
0
0
0
0
0
0
0
0
0
0
0
0
0
0
0
0
0
0
0
0
0
0
0
0
0
0
0
0
0
0
0
0
0
0
0
0
0
0
0
0
0
0
0
0
0
0
0
0
0
0
0
0
0
0
0
0
0
0
0
0
0
0
0
0
0
0
0
0
0
0
0
0
0
0
0
0
0
0
0
0
0
0
0
0
0
0
0
0
0
0
0
0
0
0
0
0
0
0
0
0
0
0
0
0
0
0
0
0
0
0
0
0
0
0
0
0
0
0
0
0
0
0
0
0
0
0
0
0
0
0
0
0
0
0
0
0
0
0
0
0
0
0
0
0
0
0
0
0
0
0
0
0
0
0
0
0
0
0
0
0
0
0
0
0
0
0
0
0
0
0
0
0
0
0
0
0
0
0
0
0
0
0
0
0
0
0
0
0
0
0
0
0
0
0
0
0
0
0
0
0
0
0
0
0
0
0
0
0
0
0
0
0
0
0
0
0
0
0
0
0
0
0
0
0
0
0
0
0
0
0
0
0
0
0
0
0
0
0
0
0
0
0
0
0
0
0
0
0
0
0
0
0
0
0
0
0
0
0
0
0
0
0
0
0
0
0
0
0
0
0
0
0
0
0
0
0
0
0
0
0
0
0
0
0
0
0
0
0
0
0
0
0
0
0
0
0
0
0
0
0
0
0
0
0
0
0
0
0
0
0
0
0
0
0
0
0
0
0
0
0
0
0
0
0
0
0
0
0
0
0
0
0
0
0
0
0
0
0
0
0
0
0
0
0
0
0
0
0
0
0
0
0
0
0
0
0
0
0
0
0
0
0
0
0
0
0
0
0
0
0
0
0
0
0
0
0
0
0
0
0
0
0
0
0
0
0
0
0
0
0
0
0
0
0
0
0
0
0
0
0
0
0
0
0
0
0
0
0
0
0
0
0
0
0
0
0
0
0
0
0
0
0
0
0
0
0
0
0
0
0
0
0
0
0
0
0
0
0
0
0
0
0
0
0
0
0
0
0
0
0
0
0
0
0
0
0
0
0
0
0
0
0
0
0
0
0
0
0
0
0
0
0
0
0
0
0
0
0
0
0
0
0
0
0
0
0
0
0
0
0
0
0
0
0
0
0
0
0
0
0
0
0
0
0
0
0
0
0
0
0
0
0
0
0
0
0
0
0
0
0
0
0
0
0
0
0
0
0
0
0
0
0
0
0
0
0
0
0
0
0
0
0
0
0
0
0
0
0
0
0
0
0
0
0
0
0
0
0
0
0
0
0
0
0
0
0
0
0
0
0
0
0
0
0
0
0
0
0
0
0
0
0
0
0
0
0
0
0
0
0
0
0
0
0
0
0
0
0
0
0
0
0
0
0
0
0
0
0
0
0
0
0
0
0
0
0
0
0
0
0
0
0
0
0
0
0
0
0
0
0
0
0
0
0
0
0
0
0
0
0
0
0
0
0
0
0
0
0
0
0
0
0
0
0
0
0
0
0
0
0
0
0
0
0
0
0
0
0
0
0
0
0
0
0
0
0
0
0
0
0
0
0
0
0
0
0
0
0
0
0
0
0
0
0
0
0
0
0
0
0
0
0
0
0
0
0
0
0
0
0
0
0
0
0
0
0
0
0
0
0
0
0
0
0
0
0
0
0
0
0
0
0
0
0
0
0
0
0
0
0
0
0
0
0
0
0
0
0
0
0
0
0
0
0
0
0
0
0
0
0
0
0
0
0
0
0
0
0
0
0
0
0
0
0
0
0
0
0
0
0
0
0
0
0
0
0
0
0
0
0
0
0
0
0
0
0
0
0
0
0
0
0
0
0
0
0
0
0
0
0
0
0
0
0
0
0
0
0
0
0
0
0
0
0
0
0
0
0
0
0
0
0
0
0
0
0
0
0
0
0
0
0
0
0
0
0
0
0
0
0
0
0
0
0
0
0
0
0
0
0
0
0
0
0
0
0
0
0
0
0
0
0
0
0
0
0
0
0
0
0
0
0
0
0
0
0
0
0
0
0
0
0
0
0
0
0
0
0
0
0
0
0
0
0
0
0
0
0
0
0
0
0
0
0
0
0
0
0
0
0
0
0
0
0
0
0
0
0
0
0
0
0
0
0
0
0
0
0
0
0
0
0
0
0
0
0
0
0
0
0
0
0
0
0
0
0
0
0
0
0
0
0
0
0
0
0
0
0
0
0
0
0
0
0
0
0
0
0
0
0
0
0
0
0
0
0
0
0
0
0
0
0
0
0
0
0
0
0
0
0
0
0
0
0
0
0
0
0
0
0
0
0
0
0
0
0
0
0
0
0
0
0
0
0
0
0
0
0
0
0
0
0
0
0
0
0
0
0
0
0
0
0
0
0
0
0
0
0
0
0
0
0
0
0
0
0
0
0
0
0
0
0
0
0
0
0
0
0
0
0
0
0
0
0
0
0
0
0
0
0
0
0
0
0
0
0
0
0
0
0
0
0
0
0
0
0
0
0
0
0
0
0
0
0
0
0
0
0
0
0
0
0
0
0
0
0
0
0
0
0
0
0
0
0
0
0
0
0
0
0
0
0
0
0
0
0
0
0
0
0
0
0
0
0
0
0
0
0
0
0
0
0
0
0
0
0
0
0
0
0
0
0
0
0
0
0
0
0
0
0
0
0
0
0
0
0
0
0
0
0
0
0
0
0
0
0
0
0
0
0
0
0
0
0
0
0
0
0
0
0
0
0
0
0
0
0
0
0
0
0
0
0
0
0
0
0
0
0
0
0
0
0
0
0
0
0
0
0
0
0
0
0
0
0
0
0
0
0
0
0
0
0
0
0
0
0
0
0
0
0
0
0
0
0
0
0
0
0
0
0
0
0
0
0
0
0
0
0
0
0
0
0
0
0
0
0
0
0
0
0
0
0
0
0
0
0
0
0
0
0
0
0
0
0
0
0
0
0
0
0
0
0
0
0
0
0
0
0
0
0
0
0
0
0
0
0
0
0
0
0
0
0
0
0
0
0
0
0
0
0
0
0
0
0
0
0
0
0
0
0
0
0
0
0
0
0
0
0
0
0
0
0
0
0
0
0
0
0
0
0
0
0
0
0
0
0
0
0
0
0
0
0
0
0
0
0
0
0
0
0
0
0
0
0
0
0
0
0
0
0
0
0
0
0
0
0
0
0
0
0
0
0
0
0
0
0
0
0
0
0
0
0
0
0
0
0
0
0
0
0
0
0
0
0
0
0
0
0
0
0
0
0
0
0
0
0
0
0
0
0
0
0
0
0
0
0
0
0
0
0
0
0
0
0
0
0
0
0
0
0
0
0
0
0
0
0
0
0
0
0
0
0
0
0
0
0
0
0
0
0
0
0
0
0
0
0
0
0
0
0
0
0
0
0
0
0
0
0
0
0
0
0
0
0
0
0
0
0
0
0
0
0
0
0
0
0
0
0
0
0
0
0
0
0
0
0
0
0
0
0
0
0
0
0
0
0
0
0
0
0
0
0
0
0
0
0
0
0
0
0
0
0
0
0
0
0
0
0
0
0
0
0
0
0
0
0
0
0
0
0
0
0
0
0
0
0
0
0
0
0
0
0
0
0
0
0
0
0
0
0
0
0
0
0
0
0
0
0
0
0
0
0
0
0
0
0
0
0
0
0
0
0
0
0
0
0
0
0
0
0
0
0
0
0
0
0
0
0
0
0
0
0
0
0
0
0
0
0
0
0
0
0
0
0
0
0
0
0
0
0
0
0
0
0
0
0
0
0
0
0
0
0
0
0
0
0
0
0
0
0
0
0
0
0
0
0
0
0
0
0
0
0
0
0
0
0
0
0
0
0
0
0
0
0
0
0
0
0
0
0
0
0
0
0
0
0
0
0
0
0
0
0
0
0
0
0
0
0
0
0
0
0
0
0
0
0
0
0
0
0
0
0
0
0
0
0
0
0
0
0
0
0
0
0
0
0
0
0
0
0
0
0
0
0
0
0
0
0
0
0
0
0
0
0
0
0
0
0
0
0
0
0
0
0
0
0
0
0
0
0
0
0
0
0
0
0
0
0
0
0
0
0
0
0
0
0
0
0
0
0
0
0
0
0
0
0
0
0
0
0
0
0
0
0
0
0
0
0
0
0
0
0
0
0
0
0
0
0
0
0
0
0
0
0
0
0
0
0
0
0
0
0
0
0
0
0
0
0
0
0
0
0
0
0
0
0
0
0
0
0
0
0
0
0
0
0
0
0
0
0
0
0
0
0
0
0
0
0
0
0
0
0
0
0
0
0
0
0
0
0
0
0
0
0
0
0
0
0
0
0
0
0
0
0
0
0
0
0
0
0
0
0
0
0
0
0
0
0
0
0
0
0
0
0
0
0
0
0
0
0
0
0
0
0
0
0
0
0
0
0
0
0
0
0
0
0
0
0
0
0
0
0
0
0
0
0
0
0
0
0
0
0
0
0
0
0
0
0
0
0
0
0
0
0
0
0
0
0
0
0
0
0
0
0
0
0
0
0
0
0
0
0
0
0
0
0
0
0
0
0
0
0
0
0
0
0
0
0
0
0
0
0
0
0
0
0
0
0
0
0
0
0
0
0
0
0
0
0
0
0
0
0
0
0
0
0
0
0
0
0
0
0
0
0
0
0
0
0
0
0
0
0
0
0
0
0
0
0
0
0
0
0
0
0
0
0
0
0
0
0
0
0
0
0
0
0
0
0
0
0
0
0
0
0
0
0
0
0
0
0
0
0
0
0
0
0
0
0
0
0
0
0
0
0
0
0
0
0
0
0
0
0
0
0
0
0
0
0
0
0
0
0
0
0
0
0
0
0
0
0
0
0
0
0
0
0
0
0
0
0
0
0
0
0
0
0
0
0
0
0
0
0
0
0
0
0
0
0
0
0
0
0
0
0
0
0
0
0
0
0
0
0
0
0
0
0
0
0
0
0
0
0
0
0
0
0
0
0
0
0
0
0
0
0
0
0
0
0
0
0
0
0
0
0
0
0
0
0
0
0
0
0
0
0
0
0
0
0
0
0
0
0
0
0
0
0
0
0
0
0
0
0
0
0
0
0
0
0
0
0
0
0
0
0
0
0
0
0
0
0
0
0
0
0
0
0
0
0
0
0
0
0
0
0
0
0
0
0
0
0
0
0
0
0
0
0
0
0
0
0
0
0
0
0
0
0
0
0
0
0
0
0
0
0
0
0
0
0
0
0
0
0
0
0
0
0
0
0
0
0
0
0
0
0
0
0
0
0
0
0
0
0
0
0
0
0
0
0
0
0
0
0
0
0
0
0
0
0
0
0
0
0
0
0
0
0
0
0
0
0
0
0
0
0
0
0
0
0
0
0
0
0
0
0
0
0
0
0
0
0
0
0
0
0
0
0
0
0
0
0
0
0
0
0
0
0
0
0
0
0
0
0
0
0
0
0
0
0
0
0
0
0
0
0
0
0
0
0
0
0
0
0
0
0
0
0
0
0
0
0
0
0
0
0
0
0
0
0
0
0
0
0
0
0
0
0
0
0
0
0
0
0
0
0
0
0
0
0
0
0
0
0
0
0
0
0
0
0
0
0
0
0
0
0
0
0
0
0
0
0
0
0
0
0
0
0
0
0
0
0
0
0
0
0
0
0
0
0
0
0
0
0
0
0
0
0
0
0
0
0
0
0
0
0
0
0
0
0
0
0
0
0
0
0
0
0
0
0
0
0
0
0
0
0
0
0
0
0
0
0
0
0
0
0
0
0
0
0
0
0
0
0
0
0
0
0
0
0
0
0
0
0
0
0
0
0
0
0
0
0
0
0
0
0
0
0
0
0
0
0
0
0
0
0
0
0
0
0
0
0
0
0
0
0
0
0
0
0
0
0
0
0
0
0
0
0
0
0
0
0
0
2
3
3
2
2
1
1
2
2
2
2
2
2
2
2
2
2
2
2
2
2
2
2
2
2
2
2
2
2
2
2
2
2
2
2
2
2
2
1
2
2
1
0
0
0
1
1
0
0
0
0
1
1
1
1
1
1
1
1
0
0
0
0
0
0
0
0
0
0
0
0
-1
0
0
0
0
0
0
0
0
0
0
0
0
0
0
0
-1
-1
-1
-1
-1
-1
-1
-1
-1
-1
-1
-1
-1
-2
-2
-2
-2
-2
-2
-2
-2
-2
-2
-2
-2
-2
-2
-2
-2
-2
-2
-3
-3
-3
-2
-2
-2
-3
-3
-3
-2
-2
-2
-3
-3
-3
-3
-3
-4
-4
-4
-4
-4
-3
-3
-3
-4
-4
-4
-4
-4
-4
-4
-4
-4
-4
-4
-4
-4
-4
-4
-4
-5
-5
-5
-5
-5
-5
-5
-5
-4
-4
-4
-4
-4
-4
-4
-4
-4
-4
-4
-4
-4
-4
-4
-4
-4
-4
-4
-4
-4
-4
-4
-4
-4
-4
-4
-4
-4
-4
-4
-4
-4
-4
-4
-4
-5
-5
-4
-4
-4
-4
-5
-5
-4
-4
-4
-4
-4
-4
-5
-5
-4
-4
-4
-5
-5
-4
-4
-4
-4
-4
-4
-4
-4
-4
-3
-3
-3
-3
-4
-4
-4
-3
-3
-3
-3
-3
-3
-3
-3
-3
-3
-3
-3
-2
-2
-3
-4
-4
-3
-2
-2
-2
-2
-2
-3
-4
-3
-2
-3
-3
-3
-2
-2
-2
-2
-2
-2
-2
-2
-2
-1
-2
-2
-2
-2
-2
-2
-2
-2
-1
-1
-1
-1
-1
-1
-1
-2
-1
-1
-1
-1
-2
-1
-1
0
0
0
0
0
0
0
0
0
1
1
0
0
0
0
1
1
1
1
1
1
1
1
2
2
2
2
2
1
1
1
1
2
2
2
2
2
3
2
2
2
2
3
3
3
2
2
2
2
2
2
2
2
2
2
3
3
3
3
3
3
3
3
3
3
3
2
2
2
3
4
3
3
3
3
4
3
3
3
3
4
4
4
4
4
4
5
5
4
4
4
4
4
4
5
5
5
5
5
5
5
4
4
4
4
4
4
5
5
5
5
4
4
5
5
5
5
5
5
5
5
5
5
5
5
5
5
5
5
5
5
5
4
4
4
5
5
4
4
4
4
4
4
5
5
4
4
4
5
5
5
5
5
5
4
4
4
4
4
4
4
4
4
4
5
5
5
4
4
4
4
5
5
5
5
5
5
5
5
4
5
6
6
5
4
4
4
4
5
5
5
5
5
5
5
5
4
5
5
5
5
5
4
4
5
5
5
5
5
5
5
5
5
5
5
5
4
5
5
4
4
4
4
4
4
4
4
3
3
4
4
3
3
3
4
4
3
4
4
5
4
4
3
3
3
3
3
3
3
2
3
3
3
3
2
2
3
3
3
2
2
2
2
3
2
2
2
3
3
3
3
2
2
2
2
2
2
3
3
3
3
3
3
3
2
2
2
2
2
3
3
2
1
1
2
2
2
2
2
3
2
2
2
2
2
2
2
2
2
2
2
3
3
2
2
2
2
2
1
2
2
2
2
2
2
2
2
1
1
1
1
1
1
1
2
2
2
2
1
1
2
2
2
2
2
1
1
1
1
1
1
1
1
1
1
2
2
2
2
2
2
2
2
2
2
2
2
1
1
2
2
2
2
1
1
1
1
1
1
1
1
1
1
1
1
2
2
1
1
0
0
0
1
1
1
0
1
1
0
0
0
1
2
2
2
1
1
0
0
0
0
0
-1
-1
-1
-1
0
0
1
1
0
-1
-1
-1
-1
-1
-1
0
0
-1
0
1
1
0
-1
-1
-1
-1
-2
-2
-2
-2
-2
-3
-2
-2
-2
-4
-4
-3
-2
-2
-2
-2
-2
-2
-3
-3
-4
-3
-2
-2
-2
-2
-3
-3
-4
-4
-4
-3
-3
-3
-3
-2
-2
-2
-3
-3
-3
-3
-3
-3
-3
-4
-4
-5
-5
-5
-5
-5
-4
-4
-4
-5
-5
-5
-5
-5
-5
-5
-5
-5
-5
-6
-6
-6
-7
-8
-7
-7
-6
-7
-7
-7
-7
-7
-7
-6
-6
-6
-6
-6
-7
-7
-7
-7
-7
-7
-8
-7
-7
-7
-7
-7
-7
-7
-7
-8
-8
-8
-8
-8
-8
-8
-8
-9
-9
-9
-10
-10
-10
-9
-9
-9
-9
-9
-9
-9
-9
-9
-9
-9
-10
-10
-10
-10
-10
-10
-10
-9
-9
-9
-9
-9
-9
-9
-9
-9
-9
-9
-10
-10
-10
-10
-10
-10
-10
-10
-10
-10
-10
-11
-11
-11
-11
-12
-12
-12
-12
-12
-12
-12
-12
-12
-12
-12
-13
-12
-12
-12
-13
-13
-14
-14
-14
-14
-14
-13
-13
-13
-13
-14
-14
-14
-13
-13
-13
-13
-14
-14
-14
-14
-14
-13
-13
-13
-13
-13
-13
-14
-14
-13
-13
-13
-13
-14
-14
-13
-13
-13
-13
-14
-15
-15
-14
-13
-13
-13
-13
-13
-13
-13
-13
-13
-13
-13
-13
-13
-12
-12
-12
-13
-13
-13
-13
-12
-12
-12
-12
-13
-13
-12
-12
-12
-13
-12
-12
-12
-12
-12
-12
-11
-12
-12
-11
-11
-11
-11
-11
-11
-12
-11
-11
-11
-11
-11
-10
-10
-11
-11
-11
-11
-12
-11
-11
-10
-10
-11
-10
-10
-10
-9
-10
-10
-10
-10
-9
-9
-9
-9
-8
-8
-8
-9
-9
-9
-9
-9
-9
-8
-8
-7
-7
-7
-7
-7
-8
-7
-7
-7
-7
-7
-6
-6
-6
-6
-6
-6
-6
-6
-5
-5
-5
-5
-5
-5
-5
-4
-4
-4
-5
-5
-5
-4
-4
-4
-4
-4
-3
-3
-3
-3
-3
-3
-2
-2
-2
-2
-2
-2
-2
-2
-2
-2
-2
-2
-2
-2
-2
-2
-2
-2
-2
-1
-1
-1
-1
-1
-1
-1
0
0
0
0
1
1
0
0
0
1
1
1
2
2
2
2
2
2
2
2
2
2
2
2
2
2
3
3
2
3
3
3
3
3
4
4
4
4
4
5
5
5
5
5
5
5
5
6
6
5
5
6
7
7
7
7
7
7
7
7
7
7
7
8
9
9
9
9
9
9
9
9
10
10
10
11
11
10
10
10
11
11
11
11
11
12
12
13
13
13
12
12
12
13
13
13
13
13
13
13
12
12
13
14
14
13
14
14
14
13
13
14
15
15
15
15
15
15
15
15
15
15
15
16
17
16
16
16
16
17
16
16
16
16
16
16
17
18
17
17
17
17
18
18
18
17
17
17
17
17
17
17
18
18
18
17
18
18
17
16
16
16
16
16
16
16
17
17
16
16
16
16
15
15
15
15
15
15
16
16
16
16
15
15
15
15
15
15
15
15
15
15
16
16
16
16
16
16
16
16
16
16
16
16
16
16
16
16
15
15
15
15
15
15
14
15
16
15
15
15
15
15
15
14
15
16
16
15
15
16
15
15
14
14
15
14
15
15
14
13
13
14
14
15
15
15
14
14
14
14
14
13
13
13
14
13
13
12
12
12
12
12
12
12
12
13
13
12
12
12
12
12
12
12
12
12
12
12
12
12
12
12
12
12
11
11
11
11
11
12
12
11
10
10
11
11
11
11
10
10
10
10
11
10
10
10
10
10
10
10
11
11
11
10
10
10
10
10
9
9
9
9
9
9
9
9
9
9
9
9
9
9
8
7
7
7
7
7
8
8
8
8
8
8
8
8
9
9
8
8
7
7
7
7
7
7
7
7
7
6
6
6
6
6
6
5
5
5
5
5
5
5
5
5
4
5
4
4
4
4
4
4
4
5
5
5
4
4
3
3
2
3
3
4
3
3
3
3
3
2
1
0
1
1
1
1
1
1
1
0
0
-1
-1
-1
0
0
-1
-1
-1
-1
-1
-2
-2
-2
-2
-2
-2
-2
-2
-2
-2
-2
-2
-2
-3
-3
-4
-4
-4
-4
-4
-4
-4
-3
-3
-4
-4
-5
-5
-6
-6
-6
-6
-6
-6
-6
-6
-6
-6
-6
-6
-6
-7
-7
-7
-7
-7
-8
-7
-7
-7
-7
-7
-7
-7
-8
-8
-8
-8
-9
-9
-9
-8
-9
-10
-9
-9
-9
-10
-9
-9
-8
-9
-10
-11
-10
-10
-10
-10
-11
-12
-12
-11
-11
-11
-12
-12
-11
-11
-12
-13
-13
-12
-12
-12
-13
-13
-13
-13
-13
-13
-14
-13
-13
-13
-14
-14
-15
-14
-14
-14
-14
-15
-14
-14
-14
-15
-15
-16
-16
-15
-14
-14
-15
-15
-15
-15
-16
-16
-16
-16
-16
-16
-16
-16
-16
-16
-15
-15
-16
-16
-16
-16
-16
-16
-16
-16
-16
-16
-16
-16
-16
-16
-16
-17
-17
-16
-16
-17
-17
-16
-16
-16
-16
-16
-16
-16
-16
-16
-16
-16
-16
-17
-17
-16
-16
-16
-16
-16
-16
-16
-16
-16
-16
-16
-16
-16
-16
-16
-16
-16
-16
-15
-15
-16
-16
-16
-16
-16
-16
-16
-16
-16
-15
-15
-15
-15
-15
-15
-15
-15
-15
-15
-15
-16
-16
-16
-16
-16
-16
-16
-16
-16
-16
-16
-16
-16
-16
-16
-16
-16
-17
-16
-16
-15
-15
-15
-15
-15
-15
-15
-15
-14
-14
-14
-14
-14
-14
-14
-14
-14
-14
-14
-14
-14
-13
-13
-13
-13
-13
-12
-13
-14
-14
-13
-13
-13
-13
-13
-13
-13
-13
-12
-12
-13
-13
-12
-11
-12
-13
-12
-12
-12
-13
-13
-12
-11
-11
-12
-12
-12
-11
-11
-11
-11
-11
-10
-11
-11
-11
-10
-9
-10
-11
-11
-11
-10
-9
-9
-9
-9
-9
-9
-9
-9
-9
-9
-9
-9
-8
-7
-7
-6
-7
-7
-8
-8
-7
-6
-6
-6
-6
-6
-6
-7
-6
-6
-5
-5
-5
-5
-4
-4
-4
-4
-4
-3
-3
-3
-3
-3
-3
-3
-3
-2
-2
-2
-2
-2
-2
-2
-1
-2
-2
-3
-3
-2
-2
-2
-2
-2
0
0
-1
-1
0
0
1
1
1
2
1
1
1
2
2
0
0
0
1
2
2
2
2
2
2
2
2
2
3
4
3
3
2
3
3
3
3
4
4
4
3
4
4
4
4
4
4
5
5
5
5
5
4
5
5
6
6
6
6
5
5
5
5
6
6
6
6
6
6
6
6
6
6
7
7
6
6
6
6
6
6
7
7
6
6
6
5
5
5
6
6
6
6
6
7
7
7
7
6
5
5
5
5
6
7
7
7
7
6
6
6
6
6
6
6
5
6
6
6
6
6
6
7
7
7
7
7
6
6
6
6
5
5
5
5
5
5
5
5
5
5
5
5
6
5
5
5
5
5
5
5
5
4
4
4
5
6
5
5
5
5
5
6
6
7
6
6
6
7
7
8
7
7
6
6
7
8
8
8
8
7
7
6
7
7
7
7
6
6
6
5
5
6
7
7
6
6
6
7
7
5
5
7
8
9
8
8
8
7
6
7
8
9
9
9
9
9
8
8
9
9
9
8
8
8
8
8
9
9
9
9
8
9
9
9
9
9
9
9
8
7
6
8
9
9
9
10
10
10
9
9
8
8
8
9
9
9
8
8
9
9
9
10
10
10
9
9
9
9
8
8
8
8
8
7
7
8
9
10
9
8
8
9
9
9
8
7
8
9
9
8
8
8
7
7
6
6
7
8
8
8
7
8
8
8
8
8
8
7
6
7
8
9
7
6
6
6
6
6
7
8
8
7
7
7
7
6
5
7
7
6
5
5
6
7
7
6
6
6
6
5
5
6
6
7
7
7
6
5
5
5
5
4
4
5
5
5
4
5
6
6
5
5
6
6
5
5
5
6
6
5
5
5
6
6
6
5
5
4
4
4
4
4
4
4
3
3
3
4
4
3
2
2
3
3
3
3
4
4
3
2
4
5
4
3
4
5
4
3
3
4
5
4
3
3
4
3
3
3
4
4
3
2
2
3
4
4
3
2
2
1
2
2
1
1
2
3
3
1
0
2
3
3
1
1
1
0
-2
-2
-1
0
-1
-1
-1
-1
-1
-2
-1
0
0
-1
-3
-4
-3
-2
-2
-2
-4
-4
-4
-4
-4
-4
-4
-4
-4
-3
-2
-3
-4
-5
-5
-5
-5
-5
-5
-5
-4
-4
-6
-8
-8
-5
-5
-6
-7
-7
-6
-7
-8
-8
-8
-9
-9
-8
-8
-10
-12
-12
-9
-8
-7
-8
-9
-11
-12
-11
-9
-9
-10
-11
-12
-12
-13
-13
-13
-12
-12
-12
-13
-13
-13
-12
-10
-11
-13
-14
-13
-12
-11
-11
-11
-11
-13
-14
-13
-11
-10
-12
-12
-12
-12
-13
-14
-13
-10
-10
-12
-12
-12
-13
-13
-12
-11
-11
-14
-15
-12
-9
-9
-10
-11
-9
-7
-9
-12
-15
-14
-12
-11
-11
-11
-10
-9
-9
-11
-13
-13
-12
-11
-11
-12
-12
-13
-13
-13
-13
-11
-11
-12
-13
-12
-11
-12
-14
-14
-11
-9
-9
-11
-11
-11
-11
-13
-13
-12
-12
-12
-13
-12
-12
-14
-14
-11
-9
-11
-13
-14
-13
-14
-14
-12
-8
-8
-13
-13
-9
-7
-9
-11
-9
-7
-10
-13
-10
-5
-6
-11
-13
-8
-3
-4
-7
-5
-3
-5
-10
-11
-6
-3
-6
-10
-10
-7
-6
-5
-1
0
-4
-11
-11
-5
-1
-2
-4
-2
-1
-5
-8
-4
1
-2
-7
-5
1
2
-4
-5
-1
-1
-8
-11
-6
0
-1
-5
-5
-2
-3
-5
-2
1
1
0
0
0
-1
-1
0
1
0
-2
-3
-2
-2
-2
-2
-2
-2
-3
-6
-9
-8
-3
0
-4
-6
-3
-5
-13
-15
-5
0
-11
-17
5
37
39
12
-1
20
38
27
7
13
34
41
33
28
31
30
22
17
17
13
5
1
2
1
-2
1
6
5
1
0
3
5
8
13
16
11
2
-3
-4
-7
-14
-17
-12
-4
-2
-7
-13
-16
-18
-23
-26
-22
-13
-8
-10
-17
-22
-22
-24
-31
-39
-46
-47
-39
-25
-14
-11
-14
-19
-27
-34
-35
-31
-24
-16
-9
-8
-13
-18
-19
-16
-16
-17
-13
-4
5
7
7
5
0
-3
-2
-2
-8
-15
-16
-17
-23
-23
-10
9
17
18
19
20
18
16
18
22
21
13
5
0
-1
5
13
16
10
9
19
26
27
32
35
16
-16
-27
-3
20
14
-3
-3
7
1
-16
-18
-5
-3
-18
-25
-16
-5
-6
-15
-25
-30
-30
-28
-34
-43
-43
-34
-28
-31
-31
-23
-20
-32
-44
-41
-38
-51
-64
-52
-25
-13
-24
-37
-43
-48
-51
-45
-35
-35
-47
-58
-54
-38
-25
-16
-9
-4
-10
-27
-42
-42
-27
-14
-15
-22
-25
-20
-17
-19
-19
-14
-10
-8
-7
-8
-11
-8
4
16
15
3
-8
-12
-14
-14
-3
15
23
15
7
9
14
10
2
-1
2
1
-8
-15
-12
-2
5
4
-1
-2
0
4
8
9
5
-5
-11
-9
-4
-5
-13
-15
-11
-12
-21
-26
-18
-9
-8
-9
-8
-12
-21
-27
-23
-19
-27
-40
-46
-39
-29
-22
-17
-14
-10
2
16
21
13
9
13
5
-19
-34
-16
13
17
-5
-17
-5
2
-16
-35
-22
8
14
-8
-23
-7
14
12
-2
0
16
18
3
-5
9
20
11
0
9
22
16
-3
-5
16
31
20
-2
-3
20
38
29
5
-4
8
17
9
0
11
30
24
-4
-18
-2
14
17
24
46
54
26
-10
-19
-11
-14
-23
-5
34
57
49
43
53
55
32
11
14
26
20
4
3
23
39
37
31
37
42
32
16
19
42
59
59
54
49
32
0
-25
-17
8
18
6
-2
3
7
7
19
44
64
65
59
52
39
17
7
22
43
51
52
56
51
25
1
7
32
44
38
35
42
45
38
38
47
45
26
9
8
9
2
0
12
24
22
13
13
21
27
25
18
12
13
23
30
20
3
6
30
44
33
26
43
66
66
49
38
37
34
25
20
20
21
22
26
32
29
20
18
25
33
34
30
27
35
47
40
12
-6
10
34
32
12
6
17
18
2
-10
-1
16
33
54
71
62
30
16
41
76
92
92
86
67
30
-11
-40
-47
-31
-5
11
10
6
15
31
39
52
87
129
138
110
75
50
23
0
2
24
39
45
53
58
43
21
19
30
29
15
14
27
23
1
-5
20
40
37
36
53
61
43
18
11
18
25
33
42
50
49
46
44
42
38
37
39
37
33
33
34
27
25
44
60
42
9
3
24
28
-1
-24
-4
31
32
-1
-19
1
32
40
26
16
22
34
37
26
13
5
2
4
11
18
13
0
-3
5
9
3
5
25
46
43
26
23
35
39
33
38
49
39
12
0
17
32
27
22
38
52
43
29
38
55
47
19
7
10
-2
-36
-61
-56
-42
-35
-30
-16
-6
-14
-16
12
60
99
120
128
115
71
5
-56
-98
-121
-130
-121
-94
-62
-28
14
60
86
82
68
71
83
73
28
-24
-51
-42
-12
20
44
54
49
35
18
-5
-31
-52
-59
-59
-67
-85
-94
-80
-53
-33
-29
-22
6
48
79
84
75
64
43
13
-4
3
13
8
-4
-4
2
-3
-15
-16
-5
-7
-22
-34
-38
-42
-32
8
47
37
-13
-42
-29
-13
-20
-23
-6
7
-7
-20
-8
6
-6
-24
-18
-3
-12
-32
-37
-34
-45
-58
-50
-34
-38
-59
-55
-12
31
31
-1
-27
-29
-20
-16
-18
-14
4
23
27
16
6
0
-7
-15
-16
-11
-3
3
-5
-34
-66
-73
-53
-32
-25
-18
0
14
7
-6
-5
-3
-15
-21
2
32
29
2
-7
6
16
19
26
28
2
-41
-62
-51
-40
-43
-35
-6
4
-33
-85
-107
-102
-102
-109
-99
-66
-38
-36
-49
-51
-35
-20
-19
-22
-13
8
19
5
-23
-38
-33
-25
-27
-33
-33
-36
-58
-85
-91
-71
-50
-44
-40
-28
-21
-27
-34
-23
-8
-8
-10
6
23
4
-37
-47
-15
12
8
6
36
65
50
7
-9
15
36
23
-7
-25
-36
-55
-75
-80
-67
-53
-49
-45
-20
17
34
22
6
9
14
-3
-34
-52
-58
-68
-82
-76
-42
-4
12
5
-4
-9
-19
-45
-78
-98
-90
-70
-66
-75
-63
-23
1
-17
-44
-35
-4
-1
-33
-60
-51
-27
-22
-44
-75
-98
-105
-92
-66
-44
-32
-25
-22
-23
-21
-8
12
31
48
57
51
23
-16
-53
-78
-86
-79
-68
-65
-72
-73
-57
-41
-34
-24
6
37
35
5
-20
-20
-14
-16
-9
19
46
42
11
-17
-32
-45
-52
-37
-4
9
-16
-49
-53
-34
-26
-30
-18
15
38
22
-16
-36
-31
-28
-45
-65
-67
-57
-52
-50
-30
8
33
30
18
20
23
-4
-55
-86
-74
-44
-32
-38
-38
-22
5
30
45
43
21
-18
-56
-75
-77
-81
-91
-84
-43
7
29
19
8
16
27
30
42
72
88
70
38
13
-14
-47
-60
-45
-31
-34
-34
-16
-16
-53
-76
-36
20
13
-41
-58
-29
-27
-69
-92
-64
-36
-44
-52
-26
1
-7
-20
2
33
23
-7
-4
19
4
-48
-76
-54
-19
-5
-5
0
-4
-31
-63
-77
-76
-69
-51
-26
-15
-25
-32
-18
-8
-31
-63
-56
-16
7
-2
2
44
87
92
77
81
103
110
89
65
54
41
7
-34
-55
-52
-50
-68
-93
-97
-79
-71
-81
-75
-32
4
-13
-54
-60
-35
-30
-48
-38
18
63
55
31
38
56
48
29
37
58
56
35
23
16
-6
-33
-35
-13
-2
-17
-39
-52
-67
-89
-99
-86
-64
-52
-46
-39
-33
-25
-14
2
20
37
49
47
21
-24
-68
-84
-65
-38
-29
-40
-42
-17
19
34
33
49
89
116
102
69
52
53
48
30
20
30
40
24
-19
-60
-73
-64
-52
-42
-26
-3
0
-26
-53
-44
-9
3
-14
-19
9
38
32
2
-17
-13
2
10
5
-10
-23
-25
-26
-44
-74
-79
-51
-20
-11
-9
1
4
-8
-20
-25
-42
-68
-70
-34
-3
-15
-38
-22
17
29
21
36
67
70
48
45
57
38
-12
-36
-20
-20
-63
-98
-84
-70
-103
-137
-106
-31
11
4
-6
-2
-13
-44
-55
-24
11
20
20
29
35
29
29
43
42
16
3
34
68
50
3
2
51
81
56
19
10
10
-11
-27
-8
17
3
-34
-45
-29
-23
-26
-10
15
18
9
24
58
63
31
7
23
47
49
45
59
66
40
0
-16
-3
14
16
4
-9
-8
-2
-12
-32
-30
0
18
-7
-46
-49
-23
-10
-15
-2
28
29
-3
-20
-9
-13
-44
-57
-25
11
14
4
20
44
34
-3
-23
-15
-15
-37
-52
-38
-8
9
5
-7
-10
1
15
21
14
-1
-15
-12
12
37
37
14
-8
-12
-13
-30
-51
-56
-42
-26
-14
1
14
15
11
20
40
45
31
29
56
90
99
82
70
75
73
50
25
25
38
34
11
-4
-3
-12
-48
-85
-90
-64
-35
-23
-20
-17
-17
-24
-28
-14
20
60
90
99
93
84
76
70
71
78
80
63
35
18
14
5
-17
-42
-58
-68
-84
-111
-131
-119
-78
-47
-52
-67
-47
9
42
21
-10
-2
29
39
34
48
72
74
58
44
34
22
23
50
82
89
80
83
83
44
-15
-37
-16
6
11
17
13
-26
-73
-72
-25
13
18
22
43
53
31
4
4
24
46
73
104
114
92
67
62
62
53
42
34
26
18
14
6
-13
-30
-26
-8
-1
-11
-17
-4
12
10
-6
-22
-29
-21
-4
7
10
29
74
108
104
84
81
86
68
34
16
23
28
19
15
17
4
-24
-38
-27
-22
-36
-47
-45
-47
-57
-56
-39
-23
-19
-2
44
86
92
77
84
114
125
100
70
61
60
45
22
9
2
-18
-54
-82
-82
-75
-81
-93
-86
-64
-45
-26
18
81
126
133
119
110
110
111
119
135
133
98
56
49
76
99
95
75
56
36
5
-38
-75
-84
-65
-42
-39
-49
-43
-16
3
-8
-27
-27
-16
-18
-19
9
57
86
81
66
63
70
78
88
96
87
60
36
32
30
14
-9
-21
-27
-37
-55
-80
-110
-135
-140
-120
-94
-81
-71
-47
-17
2
11
32
74
114
133
128
120
127
149
164
154
123
90
60
14
-50
-97
-99
-76
-72
-95
-122
-143
-173
-210
-222
-189
-125
-54
17
86
133
149
150
148
132
96
67
70
87
91
94
128
182
201
160
100
64
44
9
-37
-66
-70
-67
-72
-85
-96
-93
-72
-49
-58
-98
-123
-92
-30
-1
-21
-37
-5
50
69
41
14
31
80
115
114
97
94
114
138
139
103
43
-13
-43
-51
-55
-68
-92
-123
-150
-160
-157
-164
-188
-196
-158
-98
-63
-54
-21
52
121
145
145
160
186
205
215
219
210
177
138
114
102
83
48
4
-35
-58
-61
-58
-74
-110
-131
-114
-84
-74
-74
-54
-14
21
35
34
36
52
74
79
64
47
45
51
51
42
37
39
37
23
3
-16
-37
-51
-47
-40
-47
-60
-57
-41
-38
-58
-83
-89
-68
-29
3
12
11
21
34
25
-5
-16
12
53
73
84
102
108
79
39
20
5
-35
-83
-107
-111
-110
-99
-70
-43
-37
-39
-26
-3
3
-4
4
34
67
89
100
96
74
58
63
71
65
56
50
33
-2
-36
-50
-49
-44
-36
-33
-43
-60
-56
-26
0
-3
-14
-8
4
-1
-8
8
38
59
62
52
28
1
-10
-1
6
-6
-29
-48
-63
-78
-87
-73
-45
-32
-42
-56
-54
-42
-34
-37
-35
-14
20
42
39
24
20
32
48
56
49
31
23
31
32
6
-30
-44
-34
-31
-44
-58
-65
-72
-85
-94
-92
-86
-72
-34
17
42
31
25
55
97
117
110
80
39
8
0
6
12
24
57
95
99
63
19
-8
-30
-61
-85
-83
-69
-59
-50
-37
-28
-28
-32
-34
-29
-14
4
9
5
20
62
105
120
106
83
63
45
27
6
-20
-46
-58
-61
-80
-125
-162
-161
-138
-113
-81
-45
-26
-23
-10
4
-10
-43
-45
-12
-2
-47
-91
-74
-28
-20
-40
-32
6
26
15
5
4
-4
-11
1
26
42
40
27
12
2
2
14
33
66
112
138
98
5
-64
-66
-51
-62
-66
-32
-6
-27
-56
-39
3
13
0
13
50
60
24
-7
-2
17
24
25
23
6
-14
-15
6
32
56
77
76
45
9
-7
-7
-22
-55
-79
-78
-63
-45
-26
-28
-71
-128
-145
-112
-66
-33
1
46
84
91
69
38
16
18
41
56
32
-21
-55
-40
-6
1
-23
-45
-46
-33
-18
-5
5
10
-2
-33
-71
-101
-113
-103
-72
-31
6
24
29
36
63
106
145
161
147
108
54
4
-20
-9
26
58
73
81
90
90
65
27
0
-15
-48
-97
-132
-139
-147
-168
-175
-146
-103
-76
-56
-18
23
38
32
40
62
65
45
29
25
23
28
52
74
61
19
-5
4
16
4
-16
-20
-20
-40
-71
-94
-108
-121
-123
-99
-61
-34
-29
-27
-5
42
89
116
131
155
184
190
156
105
72
73
96
118
126
112
78
30
-20
-60
-81
-79
-64
-57
-63
-66
-54
-31
-3
24
35
24
9
15
31
26
-2
-16
6
43
64
74
92
116
122
106
85
73
66
57
46
28
-6
-65
-137
-191
-202
-184
-174
-183
-186
-157
-114
-87
-71
-38
12
47
52
52
75
101
95
68
59
78
86
62
33
26
22
-6
-46
-60
-53
-66
-104
-124
-103
-81
-98
-128
-129
-106
-88
-81
-66
-31
20
76
118
130
118
113
125
133
117
101
111
126
112
84
82
101
95
50
-6
-55
-104
-158
-201
-216
-205
-176
-136
-99
-76
-59
-27
22
63
81
98
128
150
140
114
108
129
141
121
85
60
38
2
-37
-51
-44
-47
-64
-66
-47
-37
-52
-74
-89
-109
-138
-159
-162
-156
-144
-117
-78
-51
-46
-36
1
42
63
75
102
133
157
180
205
214
198
174
155
135
104
68
34
-2
-39
-67
-86
-109
-139
-164
-176
-188
-205
-210
-192
-165
-140
-113
-78
-45
-19
3
18
27
39
55
62
56
50
56
71
88
99
96
79
67
79
95
71
7
-42
-43
-38
-74
-127
-145
-132
-127
-137
-143
-135
-120
-100
-78
-56
-23
16
39
34
34
71
127
144
108
66
50
39
13
-3
2
-4
-42
-77
-88
-101
-124
-132
-111
-85
-68
-51
-32
-20
-14
4
31
41
31
36
72
110
125
135
149
144
119
104
104
85
43
13
6
-8
-50
-96
-121
-128
-148
-189
-229
-246
-234
-208
-183
-162
-139
-104
-56
-7
30
48
52
66
108
152
152
121
120
159
178
142
96
85
86
55
-5
-57
-94
-135
-183
-214
-218
-212
-208
-201
-192
-179
-154
-114
-75
-51
-41
-34
-17
28
101
169
205
222
244
262
250
219
195
183
159
114
68
28
-20
-79
-123
-137
-141
-150
-153
-138
-113
-87
-67
-56
-60
-64
-58
-45
-32
-9
39
100
146
169
186
206
218
207
185
168
150
114
69
42
34
18
-24
-71
-96
-118
-169
-240
-280
-274
-262
-271
-271
-232
-187
-180
-192
-177
-129
-88
-69
-51
-13
32
61
72
78
94
113
118
104
81
62
46
23
1
0
14
14
-1
-4
6
-8
-60
-112
-134
-131
-120
-101
-74
-48
-31
-13
10
31
47
68
89
94
88
96
124
140
128
113
111
112
103
96
95
90
84
92
111
120
103
68
32
1
-29
-50
-53
-39
-16
8
26
33
39
53
62
55
46
53
63
51
26
23
52
91
115
128
135
128
96
49
-3
-59
-112
-136
-114
-76
-67
-81
-79
-56
-57
-104
-148
-137
-92
-72
-86
-89
-59
-24
-13
-14
-6
3
7
19
43
62
72
89
109
102
66
35
28
27
11
-4
3
19
14
-7
-15
6
41
64
56
23
7
35
77
73
31
18
64
114
113
74
47
40
27
4
-9
-9
-21
-56
-101
-142
-187
-240
-288
-309
-295
-256
-205
-154
-107
-67
-34
7
67
129
165
170
164
155
131
90
52
31
8
-33
-77
-100
-106
-119
-139
-139
-116
-91
-75
-57
-26
15
58
105
154
192
205
198
193
199
200
176
141
119
109
86
51
31
29
13
-39
-96
-117
-114
-122
-135
-120
-85
-73
-94
-108
-88
-49
-16
3
2
-18
-45
-65
-82
-107
-130
-132
-117
-111
-117
-102
-54
-4
22
41
74
119
160
199
238
268
277
275
278
284
274
237
189
141
88
21
-50
-109
-149
-175
-196
-210
-222
-239
-265
-286
-288
-271
-249
-225
-193
-150
-100
-38
37
113
168
195
203
198
178
147
117
97
78
49
16
-13
-40
-77
-127
-177
-213
-235
-249
-258
-258
-250
-241
-234
-217
-182
-135
-88
-36
28
91
128
142
156
184
209
213
205
203
204
189
150
107
81
73
63
31
-26
-80
-104
-107
-118
-148
-175
-186
-192
-199
-196
-175
-146
-124
-104
-80
-47
-12
23
54
78
101
135
179
213
232
248
264
263
233
189
145
104
64
30
-2
-42
-81
-102
-105
-119
-160
-199
-205
-193
-199
-229
-247
-234
-203
-181
-169
-146
-97
-32
29
79
128
187
244
283
309
337
371
394
389
367
344
317
273
210
145
89
36
-29
-106
-173
-212
-226
-232
-233
-214
-172
-127
-93
-59
-11
41
78
105
139
185
224
244
255
264
269
263
247
216
169
121
93
88
81
55
13
-32
-73
-114
-152
-180
-193
-189
-175
-165
-166
-170
-162
-139
-113
-88
-56
-15
26
54
67
68
67
70
74
62
31
-4
-30
-58
-106
-166
-211
-235
-262
-304
-341
-354
-348
-342
-338
-318
-276
-225
-186
-163
-146
-121
-87
-52
-26
-5
27
74
128
172
203
222
237
247
245
224
194
171
158
134
84
23
-18
-32
-42
-63
-86
-91
-80
-72
-78
-85
-77
-59
-47
-49
-53
-46
-29
-13
-2
6
13
17
20
23
14
-10
-35
-40
-31
-27
-32
-31
-19
0
24
54
85
105
121
149
186
210
212
213
228
246
251
241
223
207
206
221
230
218
205
222
254
255
211
161
137
125
92
42
-2
-35
-64
-92
-111
-132
-156
-172
-166
-148
-135
-130
-120
-105
-97
-105
-117
-114
-100
-94
-100
-103
-86
-57
-39
-39
-37
-19
2
4
-7
-14
-17
-28
-40
-36
-15
-1
-8
-27
-34
-26
-23
-42
-80
-117
-143
-163
-191
-228
-262
-279
-279
-276
-281
-296
-312
-318
-306
-283
-261
-246
-233
-210
-174
-134
-106
-96
-87
-57
-17
2
-4
-5
17
36
20
-15
-29
-17
-15
-40
-65
-67
-56
-58
-72
-84
-82
-67
-49
-38
-42
-48
-42
-24
-11
-7
-5
9
30
49
64
81
97
106
100
83
67
64
69
66
47
25
15
10
2
-7
-8
0
12
20
18
9
1
8
28
42
44
51
83
128
154
159
174
217
270
307
327
353
389
416
418
409
410
415
399
351
301
273
258
222
161
110
99
115
117
87
52
54
99
151
177
186
212
263
313
334
341
360
392
415
419
412
399
376
341
303
264
221
172
128
96
69
36
3
-19
-31
-45
-70
-101
-122
-132
-145
-168
-189
-197
-201
-223
-264
-295
-302
-304
-328
-370
-398
-400
-399
-411
-428
-431
-424
-420
-423
-427
-426
-418
-409
-406
-419
-446
-469
-479
-489
-510
-535
-549
-553
-560
-571
-575
-567
-552
-528
-492
-455
-436
-422
-379
-307
-248
-227
-209
-153
-76
-33
-34
-37
-16
9
15
18
39
65
74
78
104
140
148
122
105
130
171
180
154
135
155
200
233
237
231
241
283
346
401
427
438
471
541
609
634
627
634
674
715
721
696
676
678
689
686
656
602
545
511
502
486
437
378
352
370
389
374
339
329
355
387
398
395
399
420
450
474
481
475
470
481
496
490
463
439
436
436
414
378
354
340
316
274
234
206
180
147
115
96
81
63
47
42
40
25
0
-24
-45
-70
-107
-157
-211
-258
-291
-324
-370
-427
-476
-512
-550
-598
-653
-697
-724
-745
-766
-791
-819
-844
-860
-867
-871
-874
-875
-875
-877
-875
-866
-862
-876
-904
-922
-917
-906
-909
-927
-946
-953
-950
-947
-950
-956
-947
-911
-857
-811
-785
-750
-678
-580
-495
-447
-408
-337
-235
-146
-104
-90
-54
23
104
140
134
136
185
252
279
253
230
263
336
380
372
360
401
482
546
572
596
652
725
779
802
818
850
894
927
931
921
921
933
933
906
868
846
842
833
803
759
722
701
685
650
587
521
486
481
462
406
346
326
334
329
299
271
267
281
296
302
298
292
301
332
362
365
355
360
377
376
353
331
324
320
309
295
279
251
211
171
136
102
63
29
6
-15
-36
-51
-60
-73
-90
-100
-103
-106
-110
-111
-112
-122
-146
-172
-194
-218
-251
-290
-328
-371
-423
-476
-524
-569
-620
-671
-714
-752
-792
-838
-885
-924
-952
-973
-992
-1014
-1040
-1066
-1089
-1110
-1141
-1183
-1217
-1230
-1231
-1240
-1259
-1268
-1265
-1260
-1259
-1244
-1202
-1145
-1087
-1027
-951
-862
-771
-676
-570
-462
-364
-272
-172
-74
-2
44
93
167
243
280
277
280
316
355
352
319
314
361
418
441
448
480
539
594
642
705
782
848
901
965
1037
1080
1090
1107
1146
1172
1159
1137
1138
1139
1099
1031
986
968
936
872
809
775
754
720
675
637
611
587
560
530
501
468
429
390
359
337
317
295
273
259
252
246
240
237
238
238
241
255
284
309
321
322
324
333
341
334
306
269
241
223
196
149
92
48
21
-3
-38
-76
-105
-118
-122
-125
-131
-133
-123
-103
-87
-83
-86
-90
-98
-114
-131
-152
-186
-239
-299
-361
-434
-526
-623
-704
-774
-848
-930
-1003
-1064
-1127
-1201
-1268
-1315
-1349
-1386
-1427
-1459
-1478
-1494
-1518
-1552
-1589
-1621
-1640
-1638
-1620
-1605
-1595
-1560
-1478
-1371
-1284
-1214
-1117
-970
-816
-693
-578
-426
-256
-120
-23
81
201
286
314
330
378
430
431
391
367
377
382
355
325
324
349
383
434
512
601
681
767
883
1018
1127
1194
1260
1360
1465
1515
1507
1493
1504
1506
1458
1371
1290
1225
1155
1064
967
881
807
744
697
658
612
562
530
523
513
480
442
434
449
447
405
350
320
307
277
221
164
128
110
93
73
56
42
35
39
56
74
82
89
107
135
150
146
142
152
160
150
126
110
108
101
79
60
63
78
84
74
67
80
99
108
109
114
126
132
124
103
72
31
-19
-74
-143
-232
-330
-419
-503
-604
-724
-839
-931
-1012
-1100
-1193
-1273
-1342
-1412
-1482
-1533
-1562
-1590
-1638
-1697
-1743
-1769
-1798
-1857
-1934
-1979
-1967
-1926
-1903
-1888
-1831
-1720
-1599
-1497
-1387
-1228
-1037
-858
-690
-498
-281
-90
48
163
288
411
498
541
564
581
592
594
589
572
534
493
481
508
539
545
546
592
704
839
940
1008
1095
1227
1367
1462
1508
1549
1612
1675
1704
1691
1653
1603
1544
1476
1400
1314
1221
1133
1054
976
893
815
752
695
630
566
525
505
475
411
335
286
268
246
195
129
83
61
40
-1
-48
-77
-78
-64
-47
-34
-23
-9
16
53
89
112
130
161
202
227
222
207
207
215
206
177
148
132
115
82
42
10
-3
-5
-3
-3
-2
7
26
45
53
58
75
105
131
132
111
82
59
34
-10
-84
-175
-262
-338
-424
-543
-686
-828
-952
-1068
-1192
-1328
-1472
-1611
-1729
-1825
-1921
-2030
-2138
-2220
-2277
-2331
-2390
-2437
-2456
-2446
-2396
-2294
-2152
-2007
-1864
-1687
-1459
-1217
-1001
-793
-551
-283
-39
165
351
522
646
715
766
821
847
816
752
707
684
643
566
491
456
458
472
494
537
612
712
831
968
1122
1273
1405
1521
1638
1754
1839
1873
1877
1885
1894
1870
1796
1695
1593
1488
1367
1240
1125
1021
918
822
746
678
603
522
457
414
374
324
273
234
204
164
112
61
25
0
-23
-49
-72
-86
-88
-78
-57
-31
-3
28
71
123
165
179
175
178
191
195
175
145
121
100
68
31
0
-30
-66
-95
-99
-89
-83
-79
-56
-11
30
55
83
125
162
176
184
205
231
235
214
186
159
123
65
-15
-109
-207
-302
-395
-501
-635
-785
-926
-1055
-1198
-1374
-1567
-1744
-1889
-2021
-2165
-2318
-2453
-2552
-2633
-2721
-2810
-2866
-2869
-2823
-2737
-2598
-2394
-2148
-1888
-1619
-1327
-1018
-718
-437
-159
123
394
634
830
969
1042
1062
1056
1030
964
851
730
644
588
518
423
344
326
363
420
478
558
688
867
1064
1254
1430
1600
1765
1909
2010
2059
2063
2038
1997
1941
1859
1746
1613
1473
1324
1161
993
840
714
605
508
436
393
361
314
258
214
190
169
142
112
83
54
28
13
3
-18
-49
-60
-36
-3
3
-8
4
57
121
165
197
240
294
334
341
324
300
278
258
234
203
171
146
125
102
69
38
26
35
54
70
88
118
162
208
241
256
269
291
310
304
270
231
208
188
149
94
47
10
-42
-124
-221
-314
-406
-512
-632
-757
-886
-1025
-1177
-1341
-1527
-1733
-1932
-2100
-2253
-2422
-2596
-2733
-2827
-2917
-3029
-3125
-3151
-3113
-3046
-2944
-2761
-2487
-2175
-1869
-1555
-1204
-831
-482
-177
114
417
718
979
1171
1293
1362
1390
1378
1314
1199
1060
932
836
760
684
609
557
551
592
661
739
829
952
1122
1321
1514
1682
1832
1970
2082
2144
2147
2101
2025
1931
1825
1705
1562
1397
1221
1050
881
709
540
400
297
221
158
108
72
38
0
-31
-47
-60
-86
-116
-132
-134
-140
-155
-160
-146
-127
-108
-80
-41
-5
24
68
139
217
273
311
357
410
438
425
398
389
392
381
343
299
271
262
252
224
190
176
195
227
245
247
252
277
316
353
375
378
370
368
376
369
326
264
218
188
145
75
-2
-70
-139
-224
-316
-405
-504
-622
-745
-866
-1006
-1178
-1357
-1519
-1686
-1890
-2110
-2297
-2446
-2599
-2768
-2914
-3021
-3120
-3224
-3290
-3292
-3257
-3205
-3084
-2845
-2526
-2213
-1917
-1575
-1164
-753
-397
-69
284
650
971
1226
1425
1566
1637
1647
1624
1568
1459
1310
1177
1086
1003
889
768
699
702
742
781
828
914
1049
1209
1364
1503
1631
1755
1863
1936
1960
1940
1889
1814
1712
1587
1448
1302
1148
981
804
630
469
326
199
91
-2
-79
-141
-189
-231
-276
-318
-340
-338
-331
-336
-347
-340
-308
-268
-235
-198
-132
-37
58
129
183
241
309
378
439
493
540
577
602
613
602
565
514
472
450
430
398
364
350
353
348
327
316
335
370
386
378
370
381
392
383
358
336
322
302
267
226
181
132
78
31
-4
-40
-92
-159
-226
-292
-371
-473
-586
-700
-819
-958
-1119
-1293
-1475
-1667
-1872
-2079
-2271
-2444
-2612
-2781
-2936
-3055
-3138
-3215
-3301
-3365
-3360
-3279
-3158
-3015
-2818
-2527
-2156
-1759
-1366
-969
-563
-153
251
645
1006
1309
1557
1775
1953
2042
2019
1929
1834
1734
1593
1411
1231
1081
952
832
732
664
627
621
662
742
834
921
1022
1151
1289
1406
1497
1566
1605
1601
1567
1520
1459
1372
1267
1161
1051
921
771
611
443
266
105
-14
-103
-205
-327
-437
-505
-545
-584
-620
-629
-602
-547
-479
-408
-339
-259
-142
12
171
308
429
546
652
725
764
788
814
840
861
867
844
790
724
669
621
569
518
482
464
456
449
446
445
440
438
446
454
440
401
357
318
280
244
220
201
168
119
73
34
-11
-63
-96
-97
-93
-111
-145
-176
-217
-291
-392
-496
-601
-725
-872
-1027
-1190
-1377
-1583
-1777
-1946
-2119
-2319
-2526
-2697
-2829
-2953
-3082
-3190
-3252
-3281
-3307
-3335
-3331
-3260
-3112
-2893
-2607
-2250
-1831
-1377
-923
-483
-54
363
760
1131
1476
1794
2057
2234
2315
2321
2276
2184
2046
1871
1685
1504
1337
1191
1069
967
880
820
807
835
869
883
897
946
1038
1141
1229
1301
1358
1391
1391
1360
1301
1215
1116
1031
969
902
800
661
508
357
206
52
-104
-254
-383
-482
-559
-643
-739
-812
-829
-802
-764
-721
-653
-556
-445
-326
-183
-19
147
306
472
639
769
844
884
917
947
967
983
997
994
967
933
897
842
760
688
659
656
635
600
583
586
575
538
496
460
419
366
311
260
202
144
111
108
106
87
68
58
35
-9
-50
-65
-70
-89
-117
-144
-187
-272
-392
-523
-665
-829
-1000
-1149
-1285
-1448
-1642
-1828
-1987
-2144
-2327
-2520
-2679
-2798
-2907
-3026
-3136
-3207
-3241
-3270
-3307
-3323
-3274
-3148
-2957
-2702
-2361
-1938
-1468
-978
-473
29
480
866
1234
1621
1983
2245
2401
2509
2585
2578
2458
2273
2076
1872
1658
1457
1286
1131
980
865
815
807
800
792
804
832
858
892
950
1012
1055
1099
1159
1198
1166
1076
992
930
853
746
654
595
522
396
247
114
-16
-166
-317
-440
-540
-639
-734
-807
-856
-890
-894
-847
-764
-676
-586
-475
-341
-196
-36
147
338
522
697
856
973
1035
1069
1111
1154
1170
1172
1194
1220
1205
1143
1082
1038
981
906
847
818
785
726
669
635
597
525
444
385
324
232
131
60
6
-59
-120
-143
-143
-160
-198
-228
-241
-262
-288
-291
-274
-277
-311
-346
-379
-445
-552
-664
-767
-886
-1027
-1161
-1280
-1424
-1609
-1792
-1936
-2079
-2260
-2439
-2566
-2667
-2796
-2936
-3029
-3077
-3138
-3224
-3279
-3262
-3182
-3046
-2820
-2493
-2100
-1660
-1154
-596
-60
404
831
1269
1700
2071
2368
2607
2776
2849
2833
2753
2603
2365
2080
1815
1587
1362
1137
952
824
725
636
579
565
558
529
506
534
601
660
701
751
818
870
876
839
786
737
693
651
606
554
493
423
331
205
49
-123
-291
-442
-572
-689
-804
-900
-945
-935
-903
-872
-817
-704
-546
-388
-240
-64
152
372
571
760
941
1085
1171
1225
1279
1317
1308
1275
1265
1283
1284
1247
1198
1154
1103
1039
973
909
825
726
651
613
572
487
382
306
252
176
75
-16
-76
-117
-149
-163
-162
-166
-178
-180
-178
-198
-240
-267
-272
-287
-332
-377
-400
-432
-507
-611
-707
-796
-903
-1030
-1143
-1237
-1332
-1436
-1543
-1658
-1800
-1963
-2119
-2260
-2398
-2534
-2654
-2754
-2840
-2912
-2972
-3040
-3125
-3177
-3126
-2973
-2770
-2517
-2150
-1653
-1107
-591
-90
423
908
1307
1647
1992
2324
2569
2723
2840
2914
2871
2702
2491
2287
2048
1750
1469
1291
1181
1050
888
756
675
600
506
413
335
270
234
250
307
360
397
442
501
541
544
534
529
517
498
500
515
489
388
246
107
-42
-239
-463
-647
-757
-821
-872
-910
-920
-897
-836
-739
-618
-486
-344
-176
23
241
450
628
775
917
1071
1215
1300
1318
1320
1358
1408
1427
1418
1420
1430
1405
1329
1232
1135
1022
887
759
660
572
472
374
289
202
103
16
-39
-81
-128
-167
-180
-181
-189
-191
-171
-150
-165
-201
-220
-234
-282
-350
-387
-385
-390
-424
-457
-481
-535
-639
-750
-830
-910
-1026
-1147
-1226
-1291
-1405
-1569
-1732
-1874
-2025
-2192
-2337
-2440
-2529
-2618
-2680
-2707
-2739
-2804
-2872
-2907
-2909
-2875
-2763
-2536
-2214
-1835
-1395
-878
-324
185
622
1031
1439
1817
2134
2405
2647
2836
2927
2911
2813
2655
2441
2176
1886
1604
1358
1161
1004
864
733
621
535
467
404
338
266
197
159
175
230
284
318
355
407
447
446
422
412
414
405
392
388
368
287
147
-2
-140
-291
-466
-620
-712
-760
-798
-821
-805
-749
-662
-536
-374
-211
-72
72
262
475
650
777
910
1071
1214
1297
1335
1357
1371
1378
1396
1437
1473
1473
1446
1414
1365
1267
1130
991
866
743
618
500
386
270
159
67
-6
-76
-139
-179
-197
-214
-232
-237
-234
-242
-258
-262
-266
-303
-370
-424
-444
-457
-479
-488
-468
-453
-478
-515
-534
-565
-647
-746
-806
-838
-905
-1019
-1136
-1243
-1378
-1555
-1728
-1872
-2016
-2170
-2290
-2357
-2424
-2534
-2640
-2690
-2719
-2800
-2912
-2957
-2882
-2723
-2516
-2238
-1863
-1409
-904
-373
141
586
968
1347
1750
2125
2408
2602
2749
2851
2872
2793
2631
2408
2149
1895
1673
1473
1272
1079
919
791
671
543
409
273
137
21
-52
-85
-99
-83
-14
93
183
232
266
312
364
402
431
461
484
480
444
370
242
63
-126
-284
-417
-544
-651
-708
-719
-710
-687
-632
-543
-442
-340
-219
-75
75
225
388
565
733
884
1028
1167
1278
1351
1414
1489
1562
1610
1641
1672
1684
1641
1545
1429
1300
1144
965
794
647
508
366
235
130
38
-58
-148
-215
-264
-309
-349
-374
-382
-385
-384
-381
-381
-387
-398
-410
-425
-444
-456
-446
-421
-398
-384
-378
-384
-414
-462
-515
-574
-648
-734
-815
-888
-972
-1086
-1223
-1360
-1493
-1628
-1769
-1912
-2041
-2149
-2241
-2331
-2424
-2508
-2574
-2633
-2708
-2791
-2842
-2823
-2724
-2549
-2285
-1924
-1483
-990
-470
50
530
947
1320
1685
2038
2336
2553
2710
2826
2879
2830
2682
2485
2272
2043
1800
1571
1390
1250
1109
950
790
646
493
302
87
-99
-229
-318
-372
-364
-282
-165
-64
24
128
237
306
335
373
444
501
493
432
354
259
118
-56
-215
-336
-431
-498
-514
-484
-453
-442
-412
-329
-221
-140
-90
-27
76
200
320
436
560
698
851
1016
1170
1288
1372
1451
1545
1638
1697
1711
1694
1651
1571
1442
1271
1079
892
722
570
432
304
183
71
-28
-118
-208
-298
-373
-422
-450
-478
-511
-530
-521
-498
-487
-487
-475
-443
-405
-374
-342
-299
-250
-209
-181
-174
-199
-261
-341
-418
-492
-579
-683
-785
-872
-950
-1043
-1168
-1314
-1461
-1597
-1725
-1857
-1992
-2122
-2237
-2330
-2403
-2469
-2543
-2625
-2689
-2720
-2730
-2734
-2696
-2552
-2286
-1943
-1557
-1115
-610
-91
384
801
1181
1519
1804
2060
2314
2531
2641
2648
2623
2593
2501
2310
2070
1855
1678
1515
1369
1246
1111
935
761
631
502
295
26
-199
-319
-365
-383
-368
-304
-212
-113
3
119
180
177
190
276
372
381
303
213
142
46
-93
-237
-348
-427
-464
-432
-350
-294
-282
-242
-125
9
65
49
57
137
247
339
425
539
682
837
995
1140
1249
1321
1392
1491
1601
1674
1691
1668
1623
1542
1412
1240
1052
872
714
579
466
367
276
190
109
28
-60
-154
-247
-328
-400
-466
-524
-566
-593
-613
-630
-641
-640
-626
-599
-555
-490
-417
-349
-289
-239
-210
-217
-261
-323
-389
-456
-521
-581
-638
-700
-768
-846
-944
-1072
-1219
-1360
-1492
-1631
-1779
-1920
-2044
-2168
-2305
-2442
-2560
-2658
-2748
-2825
-2876
-2898
-2881
-2793
-2608
-2344
-2027
-1642
-1159
-611
-89
354
760
1180
1589
1923
2174
2388
2592
2761
2855
2853
2763
2615
2452
2298
2127
1909
1671
1482
1349
1200
976
705
454
236
18
-205
-398
-534
-604
-595
-507
-378
-271
-192
-92
46
165
214
223
259
320
348
313
241
154
48
-69
-159
-207
-242
-277
-275
-210
-132
-107
-122
-110
-54
-10
-10
-13
27
106
197
310
462
638
812
989
1186
1376
1517
1613
1705
1794
1838
1816
1754
1665
1528
1336
1142
992
862
714
569
471
409
321
189
52
-63
-181
-323
-460
-559
-638
-723
-799
-830
-821
-809
-799
-764
-694
-612
-539
-458
-355
-252
-181
-146
-132
-136
-169
-222
-273
-317
-360
-404
-436
-464
-514
-602
-706
-806
-909
-1039
-1196
-1353
-1500
-1655
-1833
-2018
-2188
-2338
-2473
-2590
-2677
-2741
-2792
-2831
-2845
-2838
-2815
-2743
-2570
-2274
-1887
-1445
-943
-378
202
715
1131
1486
1819
2123
2376
2581
2757
2898
2979
2983
2917
2784
2594
2368
2143
1938
1743
1540
1323
1102
883
657
405
118
-175
-424
-595
-696
-746
-739
-659
-518
-360
-226
-123
-47
9
56
111
167
197
193
180
170
138
63
-26
-71
-57
-25
1
35
91
138
145
122
102
94
80
63
73
128
216
320
439
580
745
924
1103
1263
1389
1487
1574
1646
1682
1664
1606
1528
1433
1310
1159
1005
867
752
653
566
484
399
305
193
52
-114
-285
-438
-564
-673
-768
-835
-857
-838
-797
-754
-707
-646
-567
-478
-394
-324
-271
-230
-194
-165
-155
-169
-200
-235
-263
-284
-296
-297
-297
-313
-360
-431
-520
-645
-825
-1045
-1263
-1457
-1642
-1836
-2021
-2174
-2305
-2431
-2543
-2616
-2664
-2727
-2809
-2866
-2885
-2905
-2938
-2908
-2733
-2426
-2055
-1630
-1102
-487
108
604
1029
1434
1802
2098
2347
2590
2799
2911
2933
2933
2916
2809
2596
2369
2220
2125
2004
1837
1656
1466
1237
966
666
332
-44
-400
-642
-746
-774
-776
-733
-615
-453
-312
-227
-185
-163
-131
-61
33
94
89
53
29
1
-65
-148
-179
-129
-34
66
163
248
293
288
259
223
166
89
35
41
94
162
247
377
549
730
898
1054
1194
1305
1395
1483
1565
1612
1608
1566
1498
1400
1268
1125
992
877
783
717
663
587
470
330
186
25
-164
-357
-518
-645
-759
-863
-931
-956
-957
-948
-922
-875
-818
-750
-657
-549
-454
-379
-301
-211
-139
-117
-126
-122
-96
-74
-69
-66
-61
-69
-105
-172
-270
-405
-570
-753
-945
-1144
-1348
-1547
-1740
-1927
-2101
-2258
-2412
-2573
-2722
-2832
-2909
-2984
-3065
-3128
-3158
-3156
-3108
-2975
-2729
-2376
-1921
-1357
-717
-96
439
910
1355
1750
2045
2255
2460
2693
2895
3003
3030
3022
2989
2911
2787
2628
2443
2240
2035
1826
1578
1265
914
579
269
-43
-365
-649
-840
-918
-897
-809
-687
-556
-421
-284
-175
-129
-138
-144
-112
-63
-38
-38
-35
-19
-2
23
79
164
253
332
407
466
472
409
312
229
161
90
24
-5
20
83
172
297
458
635
807
966
1106
1212
1277
1310
1324
1324
1310
1285
1249
1198
1136
1082
1045
1012
967
912
851
766
638
468
280
84
-117
-307
-468
-595
-702
-791
-844
-854
-836
-806
-767
-712
-651
-595
-547
-503
-460
-413
-358
-303
-256
-217
-176
-132
-91
-53
-8
41
62
38
-18
-92
-196
-344
-521
-697
-866
-1039
-1216
-1390
-1560
-1738
-1916
-2078
-2224
-2371
-2520
-2646
-2737
-2809
-2882
-2961
-3042
-3119
-3177
-3185
-3106
-2909
-2572
-2096
-1517
-901
-298
263
756
1145
1435
1680
1935
2202
2454
2677
2868
3010
3080
3082
3040
2957
2823
2656
2499
2355
2179
1937
1642
1322
972
585
185
-190
-511
-757
-892
-899
-814
-697
-581
-475
-399
-376
-395
-415
-415
-395
-350
-270
-172
-101
-74
-57
-13
60
147
257
392
520
605
636
613
534
410
279
182
121
83
80
139
250
374
496
626
764
891
991
1064
1110
1136
1162
1200
1234
1238
1217
1194
1174
1133
1078
1039
1027
1011
970
909
820
676
469
233
2
-212
-404
-555
-659
-739
-809
-850
-854
-853
-877
-898
-878
-829
-783
-738
-672
-592
-517
-443
-354
-263
-199
-153
-80
29
130
193
226
241
219
146
32
-113
-289
-480
-660
-823
-991
-1176
-1357
-1516
-1674
-1856
-2054
-2241
-2406
-2560
-2705
-2833
-2937
-3010
-3058
-3113
-3199
-3284
-3288
-3154
-2892
-2532
-2071
-1493
-832
-177
394
848
1192
1461
1702
1940
2165
2363
2549
2746
2939
3082
3143
3124
3048
2933
2788
2617
2408
2151
1858
1552
1235
886
499
105
-251
-531
-718
-811
-822
-761
-644
-502
-387
-334
-339
-367
-392
-408
-405
-361
-269
-150
-28
81
170
243
310
384
461
529
582
613
609
553
450
325
208
112
43
13
38
110
211
323
437
546
647
733
791
823
846
876
913
955
1010
1087
1164
1210
1214
1197
1180
1158
1124
1078
1024
956
865
743
580
372
144
-58
-208
-317
-412
-498
-560
-597
-626
-664
-710
-754
-783
-791
-776
-746
-703
-647
-579
-500
-411
-316
-227
-152
-84
-11
63
125
161
167
141
82
-8
-118
-248
-403
-570
-728
-871
-1021
-1188
-1363
-1537
-1721
-1924
-2137
-2340
-2530
-2706
-2855
-2966
-3051
-3128
-3201
-3259
-3294
-3296
-3227
-3040
-2716
-2274
-1743
-1153
-543
33
531
936
1259
1530
1779
2033
2302
2572
2821
3027
3179
3271
3307
3279
3180
3019
2830
2636
2422
2152
1816
1436
1046
666
296
-67
-410
-691
-859
-898
-853
-792
-737
-670
-589
-533
-536
-578
-607
-580
-486
-344
-183
-31
104
236
366
480
568
647
733
815
861
855
802
713
591
454
333
250
203
179
175
207
275
359
434
489
534
575
604
614
614
628
675
754
850
943
1019
1071
1102
1114
1105
1078
1038
996
951
885
781
638
473
306
141
-19
-164
-279
-359
-423
-489
-557
-615
-659
-703
-756
-801
-820
-807
-769
-706
-618
-511
-396
-276
-163
-74
-20
17
59
104
131
128
107
75
23
-63
-179
-312
-450
-584
-718
-865
-1038
-1227
-1413
-1589
-1769
-1962
-2151
-2313
-2443
-2559
-2673
-2773
-2846
-2893
-2939
-3004
-3081
-3134
-3123
-3027
-2831
-2516
-2072
-1529
-948
-397
78
460
760
1015
1258
1504
1761
2045
2361
2670
2906
3044
3116
3156
3156
3093
2970
2818
2652
2458
2212
1910
1561
1185
805
438
93
-212
-446
-580
-614
-582
-530
-496
-501
-546
-615
-689
-747
-764
-713
-588
-410
-214
-35
106
210
302
411
541
666
763
835
884
893
834
703
529
363
247
200
200
221
255
311
380
424
417
370
319
284
274
297
353
428
515
620
741
850
922
957
972
979
986
998
1005
984
924
843
751
632
466
282
132
33
-32
-80
-125
-195
-301
-421
-533
-647
-775
-882
-921
-892
-842
-793
-727
-634
-542
-461
-373
-277
-200
-148
-92
-18
49
85
98
103
88
41
-28
-106
-197
-302
-404
-497
-615
-781
-981
-1187
-1400
-1624
-1846
-2051
-2237
-2403
-2539
-2649
-2757
-2871
-2969
-3036
-3103
-3198
-3286
-3311
-3253
-3111
-2858
-2468
-1968
-1421
-866
-323
163
542
827
1082
1351
1625
1899
2194
2511
2801
3020
3167
3250
3257
3195
3099
2996
2870
2694
2465
2194
1878
1505
1090
673
294
-22
-255
-397
-462
-472
-446
-412
-405
-444
-516
-596
-660
-688
-658
-562
-409
-223
-26
158
306
415
506
602
699
786
858
909
917
862
748
597
435
289
186
143
147
173
201
224
234
219
170
100
35
-1
4
46
118
219
353
507
655
777
866
923
954
978
1005
1024
1021
997
965
919
837
716
585
471
374
285
212
152
76
-38
-179
-321
-464
-610
-743
-833
-865
-853
-810
-744
-669
-600
-535
-466
-397
-342
-301
-256
-195
-126
-62
-11
19
31
32
25
3
-40
-100
-169
-251
-355
-487
-652
-858
-1094
-1320
-1504
-1667
-1846
-2039
-2209
-2344
-2472
-2618
-2770
-2898
-2988
-3046
-3089
-3142
-3212
-3257
-3204
-3015
-2717
-2340
-1878
-1323
-732
-205
199
496
740
977
1230
1511
1829
2176
2531
2856
3102
3237
3265
3221
3137
3028
2902
2768
2626
2458
2236
1945
1594
1210
820
452
132
-104
-231
-256
-230
-210
-223
-263
-329
-431
-557
-657
-674
-587
-417
-205
13
204
347
443
507
555
601
671
786
922
1023
1042
977
849
670
467
286
172
132
133
151
173
177
132
31
-95
-208
-287
-323
-306
-236
-129
0
146
293
415
493
540
583
641
715
804
904
1006
1090
1134
1116
1031
902
771
669
598
551
518
482
408
276
101
-92
-286
-463
-594
-665
-692
-703
-700
-676
-652
-649
-653
-628
-573
-521
-479
-421
-333
-239
-163
-106
-65
-49
-56
-64
-63
-66
-87
-115
-142
-196
-312
-492
-704
-924
-1140
-1340
-1514
-1667
-1815
-1968
-2131
-2305
-2488
-2665
-2819
-2936
-3013
-3050
-3065
-3086
-3121
-3139
-3098
-2974
-2755
-2426
-1985
-1462
-909
-382
77
439
710
935
1169
1433
1724
2040
2379
2706
2966
3128
3202
3207
3152
3050
2929
2806
2667
2485
2246
1956
1624
1263
900
560
267
44
-91
-140
-139
-130
-144
-186
-251
-334
-423
-494
-506
-429
-268
-61
151
342
498
607
670
707
748
804
866
923
966
970
910
780
608
427
263
137
64
37
29
19
-6
-59
-154
-288
-427
-531
-581
-578
-523
-414
-258
-83
83
217
323
414
500
576
644
724
831
949
1043
1090
1097
1077
1034
977
924
878
829
778
729
657
515
299
64
-138
-301
-443
-557
-618
-633
-637
-650
-665
-685
-716
-739
-718
-654
-582
-524
-465
-385
-296
-223
-175
-142
-111
-79
-49
-26
-21
-36
-72
-132
-224
-351
-512
-706
-914
-1107
-1272
-1424
-1585
-1749
-1909
-2079
-2275
-2477
-2646
-2780
-2906
-3017
-3078
-3096
-3126
-3189
-3227
-3174
-3022
-2785
-2455
-2020
-1516
-1007
-531
-102
251
511
722
963
1259
1573
1880
2201
2537
2835
3034
3131
3159
3138
3068
2956
2823
2672
2491
2271
2018
1731
1413
1082
774
517
327
202
135
113
112
98
41
-59
-175
-275
-341
-359
-309
-179
9
205
375
515
622
687
716
736
769
807
833
843
828
767
650
499
348
208
80
-21
-74
-89
-109
-161
-244
-346
-458
-572
-668
-729
-739
-685
-566
-407
-245
-98
40
177
302
398
473
552
649
762
874
966
1025
1053
1062
1058
1036
992
941
902
866
805
698
550
377
186
-12
-190
-330
-430
-505
-557
-581
-588
-601
-625
-643
-642
-627
-607
-575
-523
-463
-402
-331
-247
-168
-117
-79
-27
33
67
67
57
49
12
-85
-229
-386
-546
-720
-902
-1075
-1234
-1390
-1544
-1691
-1841
-2011
-2194
-2362
-2505
-2643
-2792
-2924
-3008
-3055
-3098
-3147
-3168
-3128
-3029
-2875
-2646
-2315
-1888
-1415
-948
-515
-136
173
418
636
865
1119
1404
1729
2082
2407
2645
2789
2880
2933
2929
2863
2776
2699
2612
2472
2273
2035
1768
1477
1190
945
758
615
515
475
490
509
488
425
341
246
144
56
15
37
114
233
385
541
663
728
750
761
773
772
752
721
681
618
516
381
231
82
-51
-146
-193
-212
-244
-301
-373
-454
-550
-653
-745
-810
-841
-828
-763
-662
-551
-437
-298
-126
50
197
317
428
531
621
708
793
859
903
947
1004
1049
1055
1039
1032
1034
1011
945
847
724
569
391
221
73
-61
-176
-258
-308
-348
-390
-430
-459
-481
-500
-511
-507
-491
-469
-440
-399
-347
-278
-197
-125
-70
-18
46
102
125
118
98
61
-10
-116
-245
-394
-557
-713
-840
-957
-1101
-1267
-1415
-1543
-1700
-1902
-2108
-2280
-2424
-2561
-2685
-2783
-2857
-2909
-2933
-2942
-2963
-2995
-2983
-2881
-2704
-2485
-2209
-1844
-1411
-979
-602
-290
-34
189
413
661
932
1219
1532
1870
2194
2438
2579
2646
2681
2698
2699
2684
2654
2604
2532
2422
2255
2030
1779
1536
1322
1153
1040
981
958
949
945
930
875
765
626
499
399
336
334
404
511
605
671
718
730
687
608
546
532
544
549
533
483
377
214
24
-160
-327
-465
-548
-567
-551
-547
-583
-654
-742
-834
-929
-1019
-1078
-1075
-1004
-887
-746
-592
-428
-273
-143
-30
80
187
289
405
553
707
829
913
981
1032
1046
1029
1021
1040
1062
1059
1038
1007
941
816
652
486
333
190
66
-28
-91
-136
-172
-206
-240
-280
-320
-352
-374
-384
-376
-349
-304
-244
-174
-108
-61
-30
2
32
43
40
47
62
55
5
-71
-161
-273
-424
-594
-752
-897
-1044
-1196
-1337
-1466
-1599
-1739
-1880
-2024
-2178
-2337
-2482
-2604
-2706
-2784
-2827
-2835
-2827
-2826
-2835
-2834
-2798
-2711
-2563
-2352
-2068
-1716
-1336
-987
-701
-464
-247
-38
164
378
633
933
1255
1564
1831
2040
2192
2309
2410
2480
2502
2488
2477
2474
2440
2344
2201
2056
1926
1798
1663
1536
1441
1389
1370
1361
1333
1266
1168
1059
950
837
726
647
631
673
734
782
809
818
804
763
708
657
611
557
493
424
341
231
91
-56
-187
-291
-370
-430
-481
-542
-618
-700
-780
-873
-985
-1093
-1156
-1164
-1142
-1114
-1072
-996
-887
-765
-652
-547
-443
-331
-210
-83
37
142
239
342
448
541
611
671
743
826
899
950
982
994
972
908
822
733
643
548
461
394
347
303
253
199
144
89
45
16
-9
-47
-85
-97
-84
-72
-74
-68
-34
18
64
98
125
148
165
175
171
138
72
-11
-92
-179
-288
-412
-524
-621
-723
-848
-990
-1135
-1281
-1438
-1602
-1753
-1886
-2013
-2146
-2272
-2375
-2456
-2528
-2589
-2624
-2634
-2636
-2642
-2639
-2617
-2581
-2522
-2401
-2201
-1960
-1717
-1464
-1181
-894
-659
-482
-307
-96
130
344
562
800
1040
1252
1442
1617
1761
1857
1930
2015
2099
2141
2135
2118
2108
2075
1993
1883
1786
1712
1651
1601
1576
1576
1581
1573
1546
1502
1440
1357
1266
1194
1157
1140
1128
1129
1149
1169
1167
1145
1125
1106
1065
995
921
851
761
637
503
383
264
130
-4
-118
-220
-329
-437
-526
-599
-681
-778
-872
-959
-1047
-1133
-1196
-1229
-1237
-1214
-1150
-1057
-963
-880
-795
-703
-615
-540
-473
-404
-327
-239
-139
-38
52
136
229
327
407
457
490
517
536
542
533
507
465
420
377
331
277
226
191
173
159
146
143
141
124
95
74
69
64
61
76
115
165
219
282
343
385
406
425
449
456
427
380
341
305
246
156
47
-68
-185
-305
-433
-569
-705
-831
-951
-1077
-1215
-1361
-1508
-1651
-1783
-1892
-1980
-2052
-2103
-2121
-2122
-2136
-2163
-2176
-2166
-2154
-2135
-2068
-1931
-1758
-1585
-1410
-1214
-1018
-862
-744
-631
-504
-370
-226
-59
121
286
428
563
694
796
856
901
963
1042
1105
1136
1152
1170
1183
1175
1142
1104
1080
1072
1076
1093
1129
1177
1218
1251
1280
1297
1287
1258
1240
1248
1268
1287
1320
1377
1432
1457
1455
1451
1444
1414
1365
1321
1287
1239
1166
1082
994
895
782
670
570
474
373
276
192
107
9
-97
-195
-288
-385
-483
-570
-639
-692
-729
-750
-758
-758
-752
-742
-735
-736
-740
-734
-714
-689
-662
-629
-585
-533
-483
-439
-400
-361
-321
-282
-248
-222
-204
-193
-183
-171
-163
-166
-174
-172
-155
-136
-126
-119
-99
-69
-44
-31
-18
-1
16
34
62
102
146
191
248
317
380
423
453
484
510
515
500
483
471
451
416
372
328
281
222
154
83
11
-65
-139
-205
-269
-342
-418
-485
-542
-605
-681
-753
-805
-839
-872
-904
-927
-936
-942
-952
-967
-984
-999
-1006
-992
-956
-906
-849
-779
-697
-620
-566
-535
-513
-490
-469
-450
-423
-378
-320
-260
-207
-161
-123
-95
-78
-69
-59
-45
-26
-4
20
42
57
64
72
82
89
93
109
148
202
251
294
340
390
431
455
474
501
536
575
620
672
724
769
810
848
880
903
922
943
963
976
977
969
955
933
903
865
823
784
750
715
670
619
572
527
469
398
328
266
203
136
77
34
-2
-39
-71
-87
-100
-126
-156
-174
-182
-198
-218
-229
-228
-231
-243
-251
-249
-243
-242
-240
-227
-207
-190
-182
-180
-180
-181
-186
-196
-206
-210
-207
-201
-192
-175
-151
-131
-116
-95
-66
-40
-23
-3
34
80
121
163
215
272
318
353
393
436
468
486
505
529
548
552
544
532
511
484
456
427
391
349
307
271
232
185
133
84
41
6
-20
-45
-76
-106
-125
-137
-157
-187
-214
-233
-249
-270
-292
-314
-342
-373
-393
-401
-412
-429
-441
-441
-439
-446
-461
-479
-500
-524
-547
-565
-584
-606
-623
-631
-636
-645
-655
-664
-675
-688
-695
-693
-695
-703
-708
-704
-702
-708
-717
-721
-721
-717
-701
-672
-640
-615
-592
-559
-526
-503
-489
-470
-443
-407
-365
-320
-277
-237
-190
-137
-89
-52
-19
21
65
103
142
185
226
259
293
333
365
378
385
402
424
436
439
450
468
477
469
460
456
446
426
410
409
414
414
411
412
413
405
391
375
362
348
333
322
316
314
310
304
298
298
300
299
294
294
304
314
316
319
329
341
344
344
352
369
381
389
404
427
445
453
459
469
474
471
469
477
487
491
493
503
515
519
516
514
517
519
517
511
504
496
483
466
445
423
404
388
370
349
329
310
289
263
235
206
176
147
120
97
72
45
23
7
-6
-26
-52
-74
-91
-111
-138
-168
-194
-215
-235
-260
-287
-313
-337
-361
-388
-416
-443
-470
-497
-524
-550
-575
-601
-624
-644
-662
-685
-709
-727
-741
-760
-785
-804
-813
-822
-837
-857
-871
-880
-889
-902
-914
-922
-927
-931
-931
-930
-933
-936
-933
-923
-914
-913
-911
-899
-880
-862
-847
-829
-803
-775
-751
-730
-705
-677
-648
-616
-578
-537
-498
-460
-420
-379
-344
-313
-278
-235
-193
-156
-121
-81
-40
-4
26
56
90
124
157
190
223
253
284
316
349
376
397
419
445
470
491
509
528
548
567
583
597
610
622
634
650
666
681
693
704
715
727
735
739
743
750
757
761
762
764
769
772
770
770
773
775
773
770
772
775
774
771
769
769
763
752
744
740
733
723
714
709
703
691
676
661
648
632
616
600
583
564
541
517
492
466
439
415
391
368
345
321
295
267
238
209
181
153
126
99
72
45
21
0
-22
-47
-73
-94
-113
-135
-160
-183
-203
-221
-238
-257
-279
-302
-325
-346
-366
-386
-409
-431
-449
-466
-488
-516
-544
-568
-589
-611
-633
-652
-669
-685
-702
-719
-735
-750
-766
-781
-793
-804
-815
-826
-835
-843
-851
-859
-865
-868
-872
-876
-879
-877
-874
-873
-873
-873
-871
-866
-861
-856
-850
-839
-821
-801
-782
-765
-745
-722
-699
-678
-656
-630
-602
-572
-539
-504
-469
-435
-399
-360
-321
-284
-247
-208
-170
-134
-101
-67
-34
0
32
65
99
135
170
202
229
256
283
309
332
352
375
400
424
446
467
487
506
524
542
559
573
583
595
610
623
630
635
643
651
654
655
656
658
659
659
659
660
658
655
652
650
647
641
636
633
630
624
617
613
612
610
609
608
610
613
615
615
614
614
613
613
613
613
612
611
610
610
609
605
600
593
587
579
569
555
540
527
513
497
479
457
436
415
391
365
338
312
286
258
228
198
168
136
104
73
45
16
-15
-44
-72
-100
-130
-159
-187
-213
-240
-266
-290
-311
-333
-355
-376
-396
-414
-434
-456
-477
-496
-513
-529
-547
-563
-578
-591
-605
-620
-635
-647
-658
-668
-676
-683
-690
-697
-702
-706
-711
-717
-721
-722
-722
-721
-721
-719
-715
-711
-707
-703
-698
-692
-686
-678
-670
-664
-657
-648
-638
-629
-619
-607
-592
-576
-560
-542
-522
-502
-482
-461
-440
-418
-396
-374
-351
-326
-300
-273
-245
-218
-193
-169
-145
-122
-100
-78
-55
-31
-7
16
37
55
72
89
104
120
135
150
165
181
195
209
222
233
247
262
276
287
298
311
323
333
342
354
366
378
388
400
413
424
433
443
454
466
476
486
494
503
510
517
523
530
536
544
551
558
562
567
570
572
573
576
580
581
581
583
587
588
586
584
584
583
580
576
573
570
565
558
554
549
542
532
523
516
507
495
484
473
461
447
435
421
403
385
367
349
330
309
288
270
250
229
208
186
161
136
113
92
71
47
25
5
-16
-40
-64
-87
-108
-129
-148
-164
-180
-198
-215
-230
-246
-264
-280
-294
-309
-325
-340
-352
-363
-375
-388
-395
-400
-409
-420
-429
-436
-445
-453
-459
-461
-465
-470
-474
-475
-479
-484
-489
-490
-487
-486
-486
-485
-485
-485
-486
-487
-489
-491
-491
-490
-489
-489
-490
-489
-487
-487
-486
-486
-486
-487
-487
-485
-483
-481
-476
-468
-461
-456
-448
-439
-431
-423
-415
-403
-389
-377
-365
-350
-334
-319
-304
-286
-268
-251
-235
-216
-195
-176
-161
-144
-124
-103
-85
-69
-51
-31
-12
6
23
40
58
76
92
110
127
143
160
177
194
212
228
243
259
276
292
306
319
334
351
365
377
389
402
414
422
429
438
447
456
463
470
478
484
489
492
494
497
499
501
503
505
506
506
505
504
503
501
499
497
495
493
488
482
477
472
466
458
450
442
435
426
417
408
399
388
378
368
356
344
332
321
310
297
284
272
260
247
234
220
209
197
184
171
158
145
131
117
103
90
77
63
49
37
24
12
-1
-14
-26
-39
-53
-68
-82
-96
-108
-120
-132
-142
-151
-163
-176
-189
-201
-214
-227
-238
-247
-256
-267
-278
-288
-298
-309
-319
-328
-336
-343
-352
-359
-367
-376
-385
-394
-401
-409
-417
-424
-430
-436
-442
-446
-450
-454
-460
-465
-469
-472
-475
-479
-481
-481
-481
-481
-482
-482
-482
-482
-482
-479
-475
-471
-468
-462
-455
-448
-442
-435
-425
-414
-403
-392
-380
-367
-351
-335
-319
-304
-287
-270
-253
-236
-219
-200
-182
-164
-146
-127
-108
-91
-74
-56
-37
-18
0
18
38
56
73
89
106
123
138
153
168
186
203
216
229
242
256
268
279
289
298
308
319
328
336
342
349
355
361
365
369
372
376
380
383
386
388
388
390
393
394
393
392
392
392
391
389
388
388
387
385
384
382
379
375
372
369
366
362
359
357
354
348
343
340
334
328
321
316
311
305
299
293
287
282
276
269
262
254
247
240
233
224
215
204
195
186
176
166
155
144
134
124
112
99
88
77
67
56
45
35
24
12
-1
-13
-25
-36
-47
-57
-66
-76
-87
-99
-110
-121
-132
-141
-150
-159
-168
-178
-188
-198
-209
-219
-229
-237
-244
-252
-260
-267
-274
-280
-287
-293
-300
-305
-310
-315
-319
-323
-327
-331
-334
-337
-340
-343
-345
-346
-347
-349
-350
-352
-353
-353
-352
-352
-352
-352
-351
-350
-348
-346
-344
-341
-338
-334
-330
-326
-322
-317
-311
-304
-296
-289
-281
-274
-266
-257
-249
-240
-231
-222
-212
-203
-193
-183
-175
-166
-157
-147
-136
-127
-117
-108
-99
-90
-82
-73
-63
-54
-45
-34
-24
-14
-5
3
11
21
30
39
48
57
67
76
86
94
103
111
120
129
138
146
154
161
168
175
184
192
199
205
212
220
228
234
239
245
253
259
264
269
274
280
284
289
293
297
301
304
308
311
313
315
317
319
320
320
319
319
320
319
317
315
314
313
311
308
305
302
298
294
289
284
280
275
270
264
258
251
244
237
230
223
215
207
199
192
183
173
164
155
146
137
128
118
109
99
89
80
72
64
55
46
38
29
20
11
2
-6
-13
-21
-28
-36
-43
-51
-57
-63
-70
-77
-84
-91
-96
-103
-110
-117
-122
-126
-132
-139
-146
-153
-158
-164
-169
-175
-181
-186
-192
-197
-203
-208
-214
-219
-224
-229
-234
-237
-242
-247
-252
-256
-260
-264
-268
-272
-276
-280
-284
-288
-291
-294
-296
-298
-300
-302
-305
-306
-307
-307
-307
-308
-308
-307
-306
-305
-303
-301
-299
-295
-292
-288
-283
-278
-273
-268
-263
-257
-251
-244
-237
-228
-220
-212
-204
-196
-186
-176
-167
-158
-148
-137
-127
-118
-108
-97
-86
-75
-62
-49
-35
-24
-13
-2
9
20
32
45
56
66
76
87
98
109
119
129
140
150
159
168
177
186
196
205
213
221
228
235
241
248
254
259
265
271
277
282
286
290
294
298
301
303
306
309
312
312
312
313
315
315
314
314
313
312
311
309
307
306
304
301
297
294
291
287
283
279
276
272
267
261
257
252
247
241
235
230
225
219
212
206
200
193
186
180
175
168
161
154
146
138
131
123
116
109
102
94
86
77
68
60
53
46
39
31
22
13
4
-5
-13
-20
-27
-35
-44
-52
-60
-67
-74
-82
-91
-99
-107
-115
-122
-128
-135
-142
-149
-157
-164
-170
-175
-182
-187
-193
-199
-205
-210
-215
-220
-224
-228
-232
-236
-240
-244
-247
-251
-253
-255
-257
-259
-261
-263
-265
-267
-269
-270
-270
-270
-270
-271
-272
-272
-272
-271
-269
-268
-266
-264
-262
-260
-258
-256
-253
-250
-246
-243
-239
-236
-231
-227
-222
-217
-212
-207
-201
-196
-190
-185
-179
-173
-167
-160
-153
-146
-138
-130
-123
-116
-109
-101
-92
-85
-78
-70
-62
-54
-47
-39
-31
-21
-13
-5
4
11
19
26
34
43
50
57
65
74
82
91
99
106
113
120
127
135
142
148
155
161
168
174
179
183
189
195
200
204
208
211
215
218
222
225
228
230
231
234
236
238
238
238
240
241
242
243
243
241
240
239
240
240
238
237
236
235
232
228
226
224
222
219
215
211
207
203
199
195
190
187
183
178
172
168
164
158
152
147
143
137
131
125
119
114
108
101
95
89
83
76
70
63
56
48
42
35
29
22
15
9
2
-4
-11
-17
-24
-31
-38
-45
-52
-58
-64
-70
-76
-82
-88
-94
-100
-107
-112
-117
-123
-128
-134
-140
-145
-150
-154
-159
-164
-167
-172
-176
-180
-183
-185
-188
-192
-195
-198
-201
-204
-207
-208
-209
-211
-213
-215
-217
-218
-220
-221
-220
-219
-219
-220
-221
-221
-220
-220
-219
-218
-217
-216
-217
-217
-215
-214
-212
-211
-208
-206
-204
-202
-201
-198
-195
-192
-190
-186
-182
-179
-176
-172
-167
-161
-157
-154
-148
-142
-136
-131
-126
-121
-115
-109
-103
-98
-92
-85
-78
-72
-66
-60
-54
-48
-40
-31
-23
-17
-12
-5
3
10
17
24
33
42
50
57
63
71
79
87
93
98
105
113
120
126
130
135
143
149
154
158
164
169
174
179
184
187
189
191
196
201
206
208
209
212
216
219
220
221
222
223
225
227
228
228
228
229
229
229
229
229
229
228
227
227
228
226
224
222
221
220
218
216
214
210
206
203
202
200
196
190
185
180
175
171
168
164
159
153
149
146
141
135
130
126
122
117
112
108
104
98
92
88
84
78
73
67
61
54
47
42
38
33
24
15
8
2
-4
-9
-14
-21
-30
-38
-44
-48
-53
-60
-66
-72
-79
-87
-93
-96
-99
-103
-109
-115
-121
-125
-130
-136
-142
-146
-150
-155
-161
-166
-171
-177
-184
-189
-191
-193
-198
-204
-206
-206
-209
-215
-219
-222
-222
-224
-226
-227
-229
-232
-235
-237
-237
-237
-237
-238
-237
-235
-235
-236
-237
-237
-234
-232
-232
-232
-230
-226
-224
-223
-221
-216
-210
-206
-205
-204
-201
-194
-189
-185
-182
-180
-179
-177
-170
-161
-155
-151
-146
-136
-127
-121
-117
-111
-104
-97
-90
-81
-72
-66
-60
-53
-45
-36
-27
-18
-10
-5
3
15
27
34
36
41
54
70
80
83
85
91
102
112
118
122
131
145
155
158
160
168
180
188
190
193
200
207
210
212
218
223
227
230
236
243
244
243
244
249
253
251
246
245
249
251
251
249
248
247
245
241
238
238
238
236
233
233
234
233
226
219
213
209
202
194
188
185
182
177
172
168
162
154
146
143
143
139
131
121
116
112
105
93
81
70
59
45
33
26
22
15
4
-5
-11
-17
-26
-35
-39
-40
-44
-54
-63
-66
-67
-74
-80
-82
-85
-93
-105
-112
-114
-118
-124
-115
-90
-70
-81
-122
-168
-195
-205
-207
-208
-213
-228
-251
-271
-276
-270
-264
-262
-261
-262
-266
-273
-277
-274
-270
-275
-288
-300
-300
-291
-280
-275
-276
-284
-294
-299
-297
-291
-289
-288
-285
-279
-273
-269
-266
-260
-252
-242
-233
-224
-217
-211
-201
-187
-174
-167
-163
-155
-144
-134
-125
-112
-94
-75
-62
-56
-53
-49
-41
-24
2
25
36
37
45
70
97
113
118
123
135
149
163
180
197
206
208
215
232
247
250
249
259
280
291
287
280
282
287
286
280
279
281
281
280
287
299
301
288
279
287
302
306
299
295
301
302
294
284
278
269
253
237
233
238
238
232
229
233
232
222
214
214
214
204
187
174
165
156
146
141
143
141
132
122
118
117
113
109
109
105
90
68
53
47
38
19
-4
-20
-28
-28
-22
-18
-32
-70
-117
-150
-169
-185
-201
-208
-200
-192
-196
-210
-224
-238
-253
-261
-255
-246
-250
-268
-284
-290
-296
-313
-333
-344
-354
-378
-411
-436
-441
-435
-427
-414
-400
-397
-414
-442
-462
-471
-475
-475
-459
-424
-389
-372
-375
-384
-390
-394
-392
-374
-341
-307
-284
-272
-260
-246
-236
-232
-225
-212
-197
-186
-172
-142
-105
-78
-67
-59
-38
-9
17
35
55
81
111
144
182
217
233
225
210
208
221
238
260
298
350
393
408
399
381
363
347
339
345
359
368
370
375
384
384
367
345
337
341
349
353
355
356
355
355
359
364
356
332
304
286
276
266
255
249
250
254
253
244
226
203
182
176
182
192
196
196
195
193
184
168
151
139
132
134
140
146
144
133
119
108
103
101
99
95
89
81
74
67
59
50
43
38
34
31
29
26
19
10
4
0
-4
-12
-18
-21
-25
-33
-37
-33
-22
-16
-19
-22
-23
-31
-49
-69
-81
-84
-85
-85
-83
-85
-101
-126
-147
-161
-178
-202
-224
-234
-239
-253
-274
-291
-300
-309
-320
-332
-347
-370
-398
-420
-432
-445
-467
-492
-509
-520
-530
-544
-562
-594
-637
-677
-701
-715
-736
-767
-795
-818
-844
-874
-894
-891
-867
-817
-727
-601
-475
-378
-304
-226
-150
-101
-78
-50
-2
44
76
114
171
224
246
255
285
322
330
307
295
307
313
292
273
279
282
253
214
211
247
286
330
413
535
640
692
713
740
762
753
726
720
733
732
711
696
694
675
626
578
562
558
533
488
451
426
388
331
281
251
229
203
182
182
197
214
237
276
323
357
366
359
341
316
286
258
231
204
176
151
131
111
91
72
56
45
42
45
43
27
2
-14
-19
-23
-31
-31
-8
27
55
75
100
131
158
174
182
180
161
129
102
87
71
39
1
-26
-33
-33
-33
-32
-26
-17
-7
3
12
10
-2
-13
-15
-2
23
55
82
100
112
125
137
135
118
101
90
78
52
17
-14
-38
-60
-77
-89
-101
-118
-133
-134
-126
-129
-145
-154
-145
-136
-146
-170
-188
-196
-200
-199
-189
-174
-167
-170
-176
-192
-228
-279
-321
-346
-369
-401
-436
-464
-487
-513
-535
-549
-561
-582
-605
-624
-645
-678
-718
-747
-771
-806
-849
-882
-911
-962
-1037
-1104
-1138
-1155
-1183
-1216
-1236
-1255
-1299
-1357
-1384
-1354
-1269
-1133
-937
-693
-449
-239
-58
101
215
266
287
336
429
536
630
715
794
855
891
912
922
905
865
831
828
832
812
771
733
701
656
600
567
580
631
718
847
1009
1164
1270
1323
1336
1307
1232
1131
1044
982
931
882
835
777
683
559
443
360
297
227
157
103
56
-12
-110
-213
-305
-384
-435
-435
-386
-325
-281
-240
-180
-117
-92
-107
-126
-129
-133
-161
-202
-233
-255
-285
-318
-337
-341
-350
-365
-366
-339
-302
-275
-259
-238
-214
-198
-188
-167
-125
-71
-8
70
162
247
307
342
365
378
377
366
355
348
334
309
279
247
214
184
166
164
170
178
191
210
224
222
208
194
190
194
205
221
239
255
273
292
306
302
282
259
235
198
144
85
36
-5
-51
-96
-128
-145
-159
-176
-190
-198
-201
-200
-195
-190
-195
-214
-236
-255
-276
-303
-324
-329
-322
-314
-309
-307
-312
-332
-366
-404
-446
-498
-558
-616
-662
-705
-750
-789
-812
-820
-828
-844
-862
-869
-863
-856
-862
-878
-897
-921
-968
-1042
-1120
-1176
-1217
-1266
-1315
-1334
-1325
-1335
-1397
-1484
-1548
-1581
-1605
-1604
-1537
-1397
-1221
-1021
-768
-460
-162
70
262
468
679
837
933
1023
1138
1243
1303
1335
1370
1391
1377
1349
1343
1353
1343
1310
1282
1257
1194
1081
960
880
846
843
874
948
1051
1160
1269
1377
1465
1509
1510
1489
1454
1391
1299
1180
1035
869
702
559
438
316
191
89
18
-53
-146
-246
-338
-435
-549
-656
-723
-759
-790
-809
-782
-707
-632
-583
-532
-451
-362
-306
-288
-284
-292
-326
-384
-439
-479
-515
-551
-564
-536
-482
-431
-392
-356
-313
-264
-214
-163
-111
-55
11
91
180
268
355
443
532
622
709
790
855
904
940
959
945
887
803
722
659
606
562
534
520
507
491
477
463
439
407
390
403
431
446
439
424
405
374
337
314
316
325
317
289
252
208
144
54
-50
-146
-223
-289
-352
-409
-449
-469
-479
-483
-474
-450
-423
-406
-396
-382
-372
-381
-403
-409
-397
-400
-439
-486
-501
-493
-495
-511
-522
-528
-558
-623
-696
-760
-827
-900
-947
-940
-905
-882
-874
-859
-845
-851
-866
-851
-804
-762
-750
-747
-740
-760
-833
-935
-1023
-1087
-1142
-1186
-1209
-1228
-1269
-1327
-1378
-1429
-1509
-1610
-1681
-1696
-1677
-1630
-1513
-1291
-992
-668
-340
-8
294
528
703
858
1001
1107
1191
1302
1440
1536
1545
1513
1508
1525
1518
1485
1465
1456
1419
1336
1235
1140
1037
931
865
868
913
963
1026
1127
1255
1370
1456
1529
1585
1590
1526
1416
1288
1146
984
814
652
493
324
151
-10
-152
-272
-369
-445
-515
-597
-690
-778
-852
-910
-943
-941
-900
-828
-736
-641
-566
-521
-486
-438
-384
-353
-358
-376
-394
-427
-480
-529
-550
-553
-553
-538
-483
-398
-324
-277
-232
-167
-91
-17
68
179
303
426
560
714
859
949
983
1007
1055
1103
1115
1093
1067
1042
1003
938
858
773
691
627
595
588
576
543
508
488
479
459
428
405
402
409
409
403
397
389
372
341
298
245
180
108
40
-21
-77
-137
-208
-286
-366
-444
-511
-561
-592
-606
-600
-574
-537
-509
-502
-504
-492
-453
-396
-341
-301
-275
-260
-255
-266
-297
-343
-384
-397
-382
-367
-378
-411
-451
-494
-546
-601
-638
-647
-635
-614
-584
-553
-539
-547
-557
-550
-538
-541
-550
-542
-524
-527
-558
-591
-608
-635
-690
-752
-801
-862
-965
-1082
-1159
-1192
-1232
-1301
-1369
-1411
-1456
-1531
-1616
-1679
-1729
-1775
-1778
-1688
-1526
-1351
-1159
-887
-521
-144
161
401
618
801
918
990
1069
1160
1230
1281
1349
1424
1445
1397
1347
1353
1381
1378
1357
1358
1360
1307
1202
1108
1056
1019
991
1015
1113
1237
1341
1437
1548
1635
1647
1593
1515
1415
1263
1069
891
748
601
426
255
118
-11
-157
-293
-380
-424
-465
-515
-556
-599
-670
-758
-812
-809
-778
-740
-677
-583
-494
-447
-431
-414
-399
-409
-434
-443
-440
-459
-508
-556
-578
-583
-579
-550
-487
-404
-321
-227
-110
9
101
171
250
347
442
522
606
710
824
923
995
1040
1059
1051
1025
987
941
891
852
830
813
778
721
658
610
587
577
568
555
554
576
606
610
572
516
476
461
455
446
430
401
356
302
250
185
89
-26
-118
-170
-212
-279
-362
-432
-480
-516
-536
-529
-506
-489
-478
-447
-399
-366
-366
-369
-345
-308
-289
-295
-305
-312
-326
-344
-351
-351
-361
-384
-399
-401
-408
-436
-470
-487
-486
-484
-483
-478
-467
-452
-432
-406
-385
-379
-382
-386
-392
-405
-422
-438
-462
-502
-548
-583
-613
-656
-708
-747
-769
-791
-820
-841
-858
-900
-977
-1054
-1108
-1161
-1244
-1337
-1390
-1402
-1415
-1453
-1500
-1557
-1647
-1755
-1815
-1783
-1681
-1542
-1340
-1045
-698
-388
-141
79
299
498
674
856
1045
1186
1245
1265
1298
1329
1319
1290
1303
1365
1418
1428
1412
1388
1338
1258
1190
1165
1153
1121
1096
1129
1219
1318
1410
1516
1637
1732
1768
1747
1681
1565
1410
1251
1114
970
784
566
359
186
29
-122
-250
-334
-380
-408
-443
-508
-612
-729
-812
-833
-812
-782
-746
-692
-616
-547
-510
-511
-531
-545
-540
-528
-539
-591
-670
-743
-795
-825
-836
-817
-758
-659
-537
-416
-317
-242
-169
-76
38
156
273
397
528
656
769
863
936
986
1020
1053
1081
1076
1026
958
904
866
820
760
703
660
634
630
656
696
727
751
798
861
893
862
795
744
720
695
656
617
582
534
468
393
308
200
78
-25
-102
-182
-290
-399
-471
-513
-555
-596
-604
-565
-505
-452
-410
-373
-341
-314
-287
-271
-286
-325
-358
-367
-372
-400
-440
-462
-459
-447
-438
-431
-428
-428
-423
-410
-404
-417
-436
-434
-410
-388
-367
-325
-263
-211
-186
-168
-148
-151
-195
-253
-292
-323
-375
-437
-475
-493
-528
-582
-619
-632
-652
-685
-691
-653
-627
-661
-723
-751
-760
-809
-901
-974
-1001
-1023
-1073
-1130
-1171
-1221
-1303
-1384
-1437
-1498
-1619
-1770
-1874
-1906
-1906
-1869
-1728
-1447
-1086
-731
-401
-78
222
457
630
779
918
1034
1128
1219
1299
1332
1314
1298
1323
1361
1365
1336
1309
1289
1247
1176
1105
1056
1027
1012
1026
1082
1168
1267
1376
1501
1632
1749
1833
1863
1815
1686
1511
1329
1147
940
703
468
269
103
-56
-227
-390
-507
-555
-551
-546
-578
-640
-692
-712
-716
-731
-746
-721
-638
-522
-428
-392
-411
-461
-515
-566
-624
-700
-779
-835
-857
-864
-880
-904
-911
-876
-793
-670
-526
-374
-223
-74
79
237
392
526
633
729
838
963
1076
1147
1174
1185
1203
1217
1196
1125
1024
932
872
844
824
792
753
736
760
802
827
825
829
865
915
937
917
875
835
795
742
677
608
541
471
390
291
173
48
-70
-171
-264
-362
-458
-536
-587
-625
-663
-697
-712
-700
-665
-620
-572
-523
-473
-426
-390
-374
-380
-401
-429
-460
-492
-518
-533
-541
-550
-560
-568
-566
-553
-532
-504
-472
-435
-387
-334
-286
-247
-210
-161
-101
-47
-13
6
22
38
43
27
-13
-73
-140
-204
-268
-343
-428
-501
-539
-545
-546
-559
-578
-591
-598
-606
-616
-625
-640
-664
-688
-702
-717
-753
-818
-896
-974
-1053
-1136
-1227
-1323
-1421
-1511
-1583
-1645
-1722
-1825
-1932
-2007
-2035
-2013
-1934
-1777
-1534
-1218
-852
-467
-105
200
449
663
854
1003
1099
1171
1249
1329
1377
1383
1362
1331
1294
1259
1237
1226
1210
1191
1188
1201
1198
1163
1132
1149
1212
1287
1372
1493
1654
1813
1929
1994
2009
1962
1846
1683
1497
1286
1050
817
610
415
205
-9
-186
-320
-439
-548
-607
-602
-580
-590
-623
-642
-646
-664
-697
-707
-683
-651
-623
-582
-531
-514
-557
-630
-690
-745
-827
-928
-1000
-1023
-1021
-1008
-961
-867
-753
-647
-527
-362
-161
29
192
350
516
664
768
837
898
961
1020
1076
1138
1197
1230
1223
1192
1154
1107
1042
964
901
869
861
853
834
818
822
851
895
941
978
998
999
989
972
931
847
735
634
563
492
385
244
108
-3
-101
-197
-286
-366
-443
-522
-591
-644
-695
-749
-783
-775
-734
-695
-668
-638
-598
-563
-543
-519
-482
-456
-465
-504
-547
-582
-617
-648
-660
-645
-616
-587
-555
-522
-494
-468
-418
-334
-237
-159
-106
-61
-16
20
44
70
110
157
186
186
153
93
18
-56
-120
-175
-226
-268
-300
-335
-388
-448
-484
-479
-454
-438
-436
-439
-449
-479
-530
-583
-622
-656
-699
-741
-774
-813
-881
-972
-1051
-1105
-1168
-1267
-1382
-1476
-1549
-1627
-1703
-1745
-1748
-1754
-1786
-1820
-1832
-1834
-1830
-1758
-1550
-1225
-871
-533
-188
167
459
633
726
813
907
975
1028
1106
1196
1229
1190
1156
1183
1234
1242
1225
1245
1307
1355
1362
1358
1362
1356
1339
1354
1421
1493
1535
1585
1696
1845
1951
1976
1953
1896
1773
1560
1301
1060
849
646
449
280
138
-7
-169
-320
-427
-482
-498
-489
-464
-449
-464
-512
-575
-640
-704
-756
-764
-716
-647
-614
-643
-703
-754
-793
-848
-923
-985
-1004
-989
-970
-956
-935
-904
-854
-760
-605
-406
-214
-45
123
305
474
597
684
768
855
928
988
1053
1123
1166
1175
1178
1197
1211
1190
1136
1076
1024
983
959
952
947
934
928
942
961
951
919
907
933
966
970
938
876
783
659
519
385
258
144
61
12
-38
-132
-259
-375
-467
-561
-658
-725
-738
-730
-740
-766
-781
-785
-791
-796
-775
-728
-681
-648
-622
-604
-607
-634
-669
-695
-719
-742
-750
-736
-713
-693
-668
-627
-573
-523
-480
-435
-392
-354
-312
-251
-179
-114
-57
6
72
121
146
163
182
191
180
162
150
128
75
-1
-64
-103
-135
-168
-190
-193
-187
-186
-191
-202
-229
-273
-317
-349
-386
-446
-519
-574
-599
-620
-666
-737
-815
-884
-949
-1023
-1114
-1218
-1319
-1401
-1464
-1522
-1588
-1658
-1713
-1742
-1747
-1748
-1759
-1779
-1787
-1759
-1671
-1504
-1258
-957
-640
-331
-28
259
489
619
671
718
801
895
956
982
1002
1025
1044
1062
1096
1139
1173
1206
1265
1338
1376
1363
1339
1343
1365
1374
1385
1436
1528
1629
1737
1870
2007
2085
2070
1991
1882
1726
1499
1231
987
793
625
461
299
137
-24
-165
-256
-298
-324
-346
-347
-328
-330
-387
-481
-569
-639
-691
-713
-686
-631
-594
-595
-618
-652
-710
-796
-878
-934
-971
-1006
-1032
-1034
-1018
-996
-960
-884
-764
-612
-439
-243
-39
146
301
437
562
666
741
800
861
927
992
1048
1092
1120
1132
1133
1125
1104
1071
1042
1024
1007
981
954
940
934
922
907
914
951
995
1024
1041
1057
1060
1024
941
823
691
555
426
309
203
104
14
-67
-149
-248
-366
-482
-575
-638
-681
-716
-750
-781
-806
-827
-849
-867
-862
-822
-757
-695
-654
-632
-623
-634
-670
-718
-760
-788
-806
-816
-815
-804
-783
-748
-694
-632
-573
-514
-449
-380
-325
-283
-239
-179
-111
-49
5
52
96
142
192
241
275
287
287
279
250
193
122
56
-2
-54
-87
-85
-60
-44
-49
-58
-63
-80
-121
-179
-236
-291
-343
-381
-412
-459
-529
-596
-642
-689
-761
-836
-879
-906
-965
-1058
-1142
-1208
-1297
-1425
-1541
-1600
-1624
-1658
-1682
-1658
-1607
-1590
-1613
-1634
-1633
-1627
-1594
-1463
-1213
-915
-629
-332
0
295
456
498
529
605
690
753
827
935
1031
1071
1082
1107
1129
1115
1094
1125
1208
1284
1324
1356
1391
1400
1377
1363
1388
1429
1464
1527
1656
1827
1973
2063
2097
2062
1933
1725
1492
1270
1055
860
718
629
543
412
247
87
-51
-168
-249
-274
-259
-241
-242
-267
-331
-446
-586
-690
-727
-717
-689
-647
-594
-557
-566
-622
-703
-797
-898
-981
-1028
-1040
-1038
-1028
-1000
-952
-885
-795
-670
-522
-375
-234
-76
98
255
368
453
538
625
697
753
815
891
965
1026
1077
1118
1136
1125
1096
1064
1035
1012
1006
1019
1038
1046
1044
1040
1035
1029
1029
1041
1062
1081
1089
1077
1029
938
817
687
560
444
349
280
220
146
55
-41
-141
-260
-388
-493
-555
-588
-620
-659
-698
-740
-788
-833
-858
-863
-855
-831
-788
-742
-720
-733
-766
-805
-846
-884
-905
-908
-907
-906
-883
-832
-780
-750
-726
-682
-621
-568
-528
-477
-405
-330
-264
-198
-127
-66
-22
27
97
169
219
256
303
350
359
318
255
201
156
111
74
55
53
66
90
114
115
84
41
9
-20
-67
-123
-161
-181
-209
-265
-330
-386
-436
-483
-517
-533
-555
-605
-679
-757
-847
-970
-1110
-1224
-1301
-1368
-1439
-1487
-1498
-1509
-1557
-1617
-1634
-1621
-1644
-1725
-1792
-1767
-1643
-1459
-1230
-950
-637
-338
-87
104
218
250
253
306
426
551
628
673
722
763
763
740
752
819
914
1013
1115
1201
1232
1204
1168
1167
1190
1216
1266
1373
1519
1662
1784
1900
1998
2050
2052
2023
1956
1817
1609
1398
1232
1093
941
785
659
559
456
345
256
201
162
126
102
82
30
-75
-211
-339
-441
-509
-530
-504
-457
-424
-416
-434
-492
-602
-733
-840
-913
-976
-1045
-1102
-1135
-1157
-1179
-1183
-1146
-1064
-945
-793
-614
-440
-302
-200
-107
-14
65
123
183
266
369
471
564
652
731
790
826
851
876
893
891
872
858
862
875
882
883
899
944
1000
1050
1093
1144
1199
1237
1246
1229
1192
1128
1034
925
820
722
627
545
485
434
364
266
157
54
-49
-162
-272
-359
-418
-470
-526
-583
-636
-677
-701
-703
-689
-677
-674
-679
-692
-722
-777
-845
-909
-959
-998
-1028
-1043
-1047
-1048
-1049
-1037
-1005
-962
-920
-880
-835
-785
-734
-683
-629
-575
-528
-482
-421
-344
-269
-204
-137
-56
28
92
135
170
193
190
164
141
134
132
124
127
154
194
225
238
242
239
229
215
206
190
156
112
80
57
12
-60
-126
-155
-157
-171
-210
-261
-317
-388
-483
-594
-707
-816
-919
-1018
-1111
-1193
-1256
-1309
-1361
-1411
-1446
-1459
-1471
-1501
-1545
-1582
-1598
-1578
-1497
-1346
-1158
-973
-780
-550
-313
-146
-73
-31
40
113
141
151
197
268
309
329
386
479
540
551
584
681
780
813
818
876
967
1014
1015
1051
1147
1244
1312
1409
1574
1748
1856
1912
1966
1995
1936
1795
1648
1531
1413
1279
1169
1101
1027
906
775
687
630
552
456
396
385
370
306
209
117
29
-70
-166
-226
-248
-261
-284
-305
-318
-345
-411
-504
-600
-693
-796
-898
-975
-1016
-1045
-1078
-1093
-1071
-1027
-997
-972
-911
-800
-679
-582
-497
-400
-299
-230
-193
-153
-89
-6
89
198
314
412
479
529
572
596
592
583
598
639
683
720
759
802
840
876
917
969
1022
1072
1123
1169
1196
1196
1178
1147
1097
1035
978
936
892
832
765
708
653
580
487
387
288
185
79
-17
-98
-173
-243
-298
-335
-371
-418
-468
-504
-523
-535
-547
-557
-569
-600
-655
-731
-815
-899
-969
-1019
-1046
-1053
-1046
-1032
-1019
-1013
-1015
-1019
-1017
-1003
-979
-947
-913
-880
-839
-786
-723
-652
-578
-500
-422
-349
-283
-224
-178
-144
-116
-89
-66
-57
-62
-67
-64
-49
-23
21
82
150
208
246
259
249
222
192
167
149
138
138
142
139
121
96
76
62
47
27
4
-24
-69
-139
-234
-343
-451
-546
-632
-718
-802
-873
-927
-976
-1030
-1076
-1110
-1146
-1207
-1291
-1376
-1444
-1489
-1490
-1425
-1299
-1138
-951
-739
-537
-407
-358
-330
-267
-191
-147
-121
-67
15
73
91
102
122
125
116
146
236
330
379
413
486
580
636
648
674
738
802
858
950
1097
1257
1391
1516
1652
1759
1786
1745
1693
1645
1580
1501
1445
1417
1375
1294
1197
1109
1021
918
822
766
746
731
701
652
574
466
352
258
184
119
67
42
41
36
4
-50
-117
-194
-272
-345
-418
-501
-591
-670
-731
-785
-838
-878
-902
-919
-935
-933
-905
-865
-833
-797
-739
-666
-606
-566
-528
-477
-419
-354
-273
-177
-87
-15
53
125
182
208
220
247
295
341
373
405
448
494
530
563
607
659
710
763
824
889
942
976
1002
1028
1045
1047
1042
1041
1041
1028
1001
973
944
900
831
753
684
622
547
455
366
290
221
145
63
-19
-96
-165
-222
-267
-310
-362
-414
-449
-473
-510
-570
-636
-686
-720
-754
-795
-836
-870
-898
-925
-953
-981
-1009
-1035
-1056
-1069
-1072
-1069
-1061
-1048
-1026
-990
-943
-895
-848
-798
-742
-681
-620
-556
-488
-421
-364
-314
-266
-219
-181
-154
-125
-89
-50
-19
5
24
44
61
75
90
107
123
135
141
143
143
143
140
132
126
128
133
129
111
89
68
44
9
-33
-75
-121
-179
-249
-315
-379
-450
-530
-602
-660
-714
-775
-837
-893
-948
-1009
-1064
-1094
-1093
-1070
-1025
-953
-854
-743
-633
-536
-459
-405
-361
-309
-247
-196
-161
-126
-79
-35
-13
-10
-7
8
33
68
114
164
203
235
275
324
366
395
433
500
590
683
777
886
1010
1133
1239
1325
1393
1440
1466
1473
1468
1457
1438
1412
1379
1335
1281
1217
1149
1087
1037
996
954
907
856
803
744
674
599
533
480
440
406
377
347
311
272
235
197
150
85
12
-61
-133
-211
-292
-370
-441
-502
-555
-602
-651
-700
-737
-753
-753
-749
-742
-724
-699
-677
-661
-636
-595
-544
-489
-427
-358
-288
-229
-176
-125
-80
-41
0
50
100
134
158
191
240
292
335
377
428
485
540
591
646
703
758
813
872
923
956
972
987
1009
1028
1040
1049
1060
1060
1035
988
934
882
827
765
705
655
611
559
493
419
345
276
214
157
102
45
-12
-63
-110
-158
-212
-269
-320
-362
-406
-459
-519
-571
-609
-638
-669
-704
-737
-766
-795
-828
-862
-888
-898
-893
-880
-868
-858
-845
-825
-804
-786
-761
-721
-668
-616
-573
-534
-497
-463
-436
-411
-381
-349
-316
-280
-241
-203
-173
-146
-110
-70
-39
-23
-8
17
44
60
67
80
104
129
142
144
143
140
132
119
102
81
60
41
21
-9
-48
-88
-118
-146
-181
-216
-240
-256
-277
-311
-352
-394
-441
-490
-534
-568
-597
-615
-603
-556
-502
-469
-448
-413
-367
-344
-356
-375
-370
-348
-331
-323
-314
-301
-296
-297
-290
-277
-272
-273
-259
-221
-186
-176
-179
-169
-145
-122
-103
-70
-17
49
117
193
279
363
438
507
575
636
681
715
748
780
806
828
854
879
894
896
897
901
900
890
880
875
869
854
829
800
771
739
709
685
670
656
640
623
606
585
555
519
484
450
415
375
332
290
251
213
174
136
100
66
30
-9
-46
-79
-109
-138
-163
-181
-196
-214
-233
-247
-255
-257
-254
-245
-230
-215
-204
-192
-179
-172
-171
-168
-159
-146
-136
-129
-117
-100
-86
-74
-57
-35
-13
3
21
44
67
84
99
119
139
152
162
178
198
213
220
230
247
261
266
261
257
253
246
234
221
208
191
171
153
137
116
89
63
42
20
-8
-38
-62
-82
-107
-135
-160
-179
-203
-233
-262
-278
-287
-296
-305
-309
-309
-312
-320
-327
-330
-337
-350
-358
-351
-339
-338
-347
-348
-337
-327
-329
-333
-327
-315
-306
-302
-294
-279
-265
-255
-244
-226
-211
-204
-198
-185
-164
-145
-129
-114
-96
-78
-66
-60
-56
-50
-43
-38
-35
-27
-15
-5
-2
-5
-4
0
-1
-9
-18
-20
-19
-22
-29
-33
-34
-39
-49
-60
-68
-78
-90
-100
-104
-108
-117
-129
-139
-148
-163
-183
-203
-219
-232
-243
-253
-262
-269
-274
-278
-284
-296
-313
-325
-331
-338
-350
-362
-367
-366
-367
-372
-378
-383
-387
-388
-385
-381
-381
-382
-382
-377
-373
-374
-380
-386
-383
-372
-361
-353
-344
-326
-298
-272
-255
-242
-227
-208
-188
-166
-139
-110
-85
-61
-30
4
28
42
58
86
120
145
164
186
210
228
237
243
252
258
260
263
272
281
284
284
288
294
297
297
297
297
294
291
291
294
298
303
311
321
332
344
357
367
374
379
385
389
388
383
378
373
363
350
341
336
329
320
316
321
328
329
327
328
329
324
318
317
319
315
311
315
327
332
325
316
315
320
320
317
316
318
318
314
309
303
291
274
261
256
252
244
231
223
222
220
211
196
179
164
152
139
124
110
96
84
73
64
53
39
22
7
-5
-17
-32
-50
-66
-80
-94
-112
-131
-149
-166
-182
-194
-206
-219
-233
-244
-251
-258
-268
-278
-283
-284
-286
-287
-284
-278
-275
-274
-272
-267
-266
-268
-270
-268
-266
-267
-270
-267
-261
-259
-262
-263
-259
-254
-252
-253
-251
-245
-240
-237
-233
-229
-224
-222
-222
-221
-216
-209
-201
-194
-185
-174
-164
-160
-158
-155
-149
-144
-143
-143
-140
-137
-137
-137
-134
-131
-132
-138
-139
-133
-129
-135
-144
-149
-147
-148
-155
-161
-164
-165
-169
-173
-176
-177
-179
-182
-182
-181
-183
-189
-193
-194
-191
-189
-190
-193
-193
-194
-197
-200
-204
-206
-209
-211
-213
-215
-219
-225
-232
-240
-247
-251
-250
-249
-247
-245
-242
-238
-237
-237
-235
-229
-220
-211
-199
-183
-165
-150
-135
-120
-105
-92
-80
-66
-49
-34
-19
-3
15
32
46
59
72
86
99
111
123
135
146
156
165
173
178
181
186
193
199
205
214
224
234
242
249
256
260
262
263
266
270
273
275
278
282
287
291
295
298
300
301
303
304
303
300
297
295
292
287
282
278
274
269
266
265
266
265
263
262
261
258
256
255
255
254
254
255
258
259
259
261
265
268
269
272
275
277
276
273
273
271
269
268
268
266
263
261
263
264
260
253
249
251
249
242
233
228
226
223
217
210
203
195
187
182
176
166
152
140
133
125
112
96
83
74
63
49
35
24
14
5
-5
-15
-26
-38
-47
-54
-64
-76
-89
-99
-109
-119
-130
-139
-147
-155
-163
-171
-176
-182
-186
-191
-197
-204
-211
-215
-217
-221
-227
-233
-237
-240
-243
-247
-248
-246
-244
-245
-246
-246
-244
-244
-244
-245
-246
-247
-247
-247
-246
-246
-245
-240
-234
-229
-226
-223
-218
-213
-210
-208
-206
-202
-196
-190
-186
-182
-177
-171
-163
-157
-153
-147
-140
-133
-129
-127
-124
-120
-116
-114
-113
-110
-107
-104
-101
-99
-99
-99
-100
-99
-99
-103
-108
-112
-114
-113
-114
-115
-114
-114
-114
-115
-117
-119
-120
-121
-123
-125
-128
-129
-131
-132
-135
-139
-143
-146
-148
-150
-151
-151
-151
-152
-153
-154
-155
-155
-154
-151
-147
-141
-134
-125
-115
-105
-97
-89
-79
-67
-56
-45
-34
-21
-8
4
15
27
39
52
63
73
85
96
108
118
129
139
149
158
166
173
179
186
194
204
213
221
229
238
245
251
255
260
265
269
273
277
281
284
285
287
288
289
288
288
287
286
284
282
280
279
276
274
271
269
266
263
262
260
260
259
258
258
257
255
253
252
252
253
253
253
252
251
251
250
249
247
245
243
241
240
238
236
233
230
227
224
220
217
215
214
211
208
205
202
198
193
189
185
180
175
171
168
165
161
154
147
140
133
126
118
111
104
97
89
80
71
61
52
43
34
24
14
5
-3
-11
-20
-29
-36
-43
-52
-61
-70
-77
-85
-92
-99
-105
-111
-119
-126
-133
-139
-146
-153
-159
-165
-171
-177
-183
-188
-193
-197
-203
-208
-211
-215
-218
-220
-222
-224
-225
-226
-228
-229
-228
-227
-226
-225
-223
-220
-218
-216
-212
-208
-204
-202
-200
-196
-191
-187
-185
-181
-177
-172
-169
-166
-161
-156
-151
-147
-143
-139
-134
-129
-123
-118
-113
-109
-104
-99
-93
-88
-83
-77
-71
-67
-62
-57
-53
-49
-46
-43
-40
-37
-35
-32
-29
-27
-27
-26
-24
-23
-23
-25
-26
-25
-25
-25
-26
-26
-26
-26
-27
-28
-29
-31
-33
-35
-36
-38
-40
-43
-45
-48
-51
-55
-59
-63
-66
-69
-73
-77
-81
-85
-89
-92
-96
-101
-104
-107
-109
-111
-112
-113
-113
-111
-110
-108
-106
-104
-102
-98
-95
-91
-87
-83
-78
-73
-68
-62
-56
-51
-45
-38
-30
-23
-16
-10
-4
3
10
17
24
32
40
48
56
65
74
83
92
100
108
115
123
132
139
146
153
159
166
173
178
183
188
193
198
202
205
208
211
214
216
217
217
219
221
223
224
225
226
227
228
228
228
228
228
228
228
227
226
224
222
221
219
217
213
209
206
203
199
195
190
186
180
174
168
163
158
152
146
142
138
134
129
125
121
116
112
108
104
99
94
89
87
84
79
74
70
67
63
58
53
48
44
39
34
28
23
17
12
8
3
-1
-5
-10
-13
-17
-20
-25
-30
-34
-38
-42
-46
-50
-53
-56
-61
-65
-68
-70
-74
-79
-84
-89
-92
-96
-100
-104
-108
-111
-114
-117
-121
-125
-126
-128
-130
-131
-132
-132
-134
-135
-135
-135
-135
-135
-136
-136
-135
-134
-133
-133
-132
-131
-130
-130
-129
-127
-125
-124
-123
-121
-118
-115
-114
-112
-108
-105
-102
-99
-95
-89
-85
-81
-77
-73
-69
-67
-63
-58
-53
-50
-47
-43
-38
-34
-32
-31
-29
-25
-21
-20
-18
-16
-15
-13
-12
-11
-10
-10
-9
-9
-9
-9
-10
-10
-10
-10
-11
-12
-14
-16
-18
-20
-21
-24
-26
-28
-30
-33
-36
-40
-43
-47
-50
-54
-57
-61
-65
-68
-70
-74
-78
-81
-84
-85
-87
-90
-92
-93
-94
-95
-96
-96
-95
-96
-96
-96
-96
-96
-95
-93
-93
-93
-93
-92
-90
-89
-89
-88
-87
-85
-84
-83
-82
-81
-79
-78
-76
-75
-74
-72
-69
-67
-65
-63
-59
-55
-52
-50
-48
-45
-42
-40
-38
-34
-32
-30
-29
-27
-25
-23
-22
-19
-16
-13
-10
-7
-3
0
2
3
5
8
11
14
17
20
23
27
31
34
37
41
45
50
54
56
59
63
67
70
73
76
78
81
83
86
89
92
94
97
100
103
105
107
110
113
114
116
117
120
122
123
124
125
126
126
127
127
128
127
127
127
127
126
125
125
125
123
121
119
117
115
113
110
108
106
103
100
98
96
94
91
88
85
82
79
76
72
69
67
64
61
57
53
50
46
42
39
36
33
29
25
22
19
14
10
6
4
2
-2
-6
-9
-12
-14
-17
-20
-22
-25
-27
-29
-32
-35
-37
-39
-42
-44
-46
-48
-51
-53
-55
-57
-59
-60
-61
-62
-63
-64
-66
-68
-69
-70
-71
-71
-71
-70
-71
-71
-72
-72
-72
-72
-73
-72
-72
-72
-73
-73
-72
-73
-73
-74
-74
-74
-74
-74
-74
-74
-75
-75
-75
-77
-78
-79
-79
-79
-80
-82
-83
-84
-85
-85
-86
-86
-87
-88
-89
-90
-93
-95
-96
-96
-97
-99
-101
-102
-103
-104
-105
-105
-105
-105
-106
-107
-107
-107
-107
-106
-106
-106
-105
-103
-102
-99
-98
-96
-95
-93
-91
-89
-87
-85
-83
-81
-78
-75
-72
-69
-66
-63
-60
-58
-55
-52
-49
-46
-44
-40
-37
-34
-32
-29
-26
-23
-20
-16
-12
-9
-8
-6
-3
1
3
5
8
11
13
14
17
20
24
27
30
33
36
38
41
44
47
49
52
56
59
63
66
70
73
77
80
82
85
89
93
97
101
104
107
111
114
118
121
124
127
130
133
136
138
141
143
146
147
149
151
153
155
157
158
160
161
161
163
164
165
164
164
164
164
163
163
162
161
160
159
158
157
155
152
150
149
147
144
141
139
137
134
129
125
121
117
113
110
107
103
97
93
89
86
81
76
72
68
64
60
55
51
47
43
38
34
29
25
22
18
13
9
5
1
-3
-8
-12
-15
-19
-23
-27
-30
-34
-38
-42
-45
-48
-51
-55
-57
-59
-61
-64
-67
-70
-71
-73
-75
-78
-79
-80
-83
-85
-87
-88
-89
-91
-92
-92
-93
-94
-95
-96
-96
-96
-96
-96
-97
-97
-97
-97
-97
-96
-95
-94
-93
-93
-92
-92
-91
-89
-88
-87
-86
-85
-83
-82
-81
-81
-79
-77
-76
-75
-73
-72
-72
-72
-70
-67
-66
-66
-65
-63
-60
-60
-60
-59
-57
-55
-54
-54
-52
-51
-49
-49
-47
-46
-44
-43
-43
-42
-41
-39
-38
-37
-37
-36
-35
-34
-33
-31
-31
-31
-30
-29
-27
-27
-26
-26
-25
-25
-25
-25
-24
-24
-24
-24
-24
-24
-23
-23
-23
-24
-24
-24
-24
-24
-25
-25
-24
-24
-25
-25
-25
-24
-25
-26
-26
-25
-24
-25
-25
-25
-25
-25
-25
-25
-25
-25
-25
-24
-23
-22
-22
-22
-21
-21
-21
-21
-20
-19
-19
-18
-17
-17
-16
-16
-15
-14
-14
-13
-12
-10
-9
-8
-7
-7
-5
-4
-2
-2
-1
0
2
4
5
5
7
9
11
12
13
13
14
16
18
19
20
22
24
25
26
27
29
30
31
32
34
35
36
37
39
40
41
42
43
44
45
46
47
49
50
51
52
53
55
56
56
56
56
57
58
59
59
60
61
62
62
63
63
63
63
64
65
65
64
64
64
64
63
63
63
63
62
62
61
61
61
60
60
58
57
56
56
55
55
53
52
50
49
48
47
46
45
45
43
41
39
38
37
36
34
32
32
31
30
28
27
26
24
23
21
20
19
19
17
15
13
12
11
10
9
7
5
4
3
3
2
2
0
-2
-2
-3
-5
-7
-6
-5
-6
-8
-9
-9
-10
-12
-13
-13
-14
-16
-16
-16
-17
-19
-21
-21
-21
-23
-25
-26
-27
-27
-28
-29
-29
-30
-32
-34
-34
-34
-33
-34
-35
-36
-37
-36
-34
-34
-34
-35
-36
-37
-37
-36
-35
-35
-35
-35
-35
-36
-36
-35
-34
-34
-35
-36
-34
-33
-33
-33
-32
-32
-33
-32
-31
-30
-31
-30
-29
-28
-30
-31
-30
-29
-30
-30
-28
-27
-27
-28
-28
-27
-26
-26
-25
-24
-24
-24
-23
-21
-20
-20
-21
-20
-19
-16
-15
-14
-14
-13
-11
-9
-8
-8
-7
-5
-3
-2
-2
-1
1
2
3
4
5
6
7
7
9
12
13
14
15
17
19
18
18
19
20
21
22
23
24
26
27
28
29
30
30
32
34
34
33
33
35
37
36
35
36
38
39
38
38
38
39
40
40
40
42
42
43
43
43
44
43
43
43
45
46
45
46
46
46
45
44
45
46
44
41
41
43
44
43
42
43
43
42
41
40
39
39
39
39
40
39
38
38
38
38
37
36
36
35
33
31
31
32
33
31
28
27
27
26
24
22
22
22
21
20
18
17
16
16
15
14
13
12
11
10
9
9
10
9
6
4
5
6
5
2
0
0
0
-1
-2
-3
-2
-4
-6
-8
-9
-9
-10
-11
-11
-13
-15
-17
-19
-19
-18
-17
-18
-19
-20
-20
-20
-21
-22
-23
-23
-23
-24
-24
-23
-22
-23
-26
-28
-29
-28
-27
-27
-28
-27
-27
-27
-26
-27
-27
-29
-30
-31
-30
-28
-28
-28
-29
-30
-29
-28
-28
-29
-29
-30
-31
-31
-31
-30
-29
-30
-32
-34
-36
-35
-34
-33
-33
-34
-34
-35
-35
-36
-36
-37
-36
-34
-32
-31
-32
-33
-34
-34
-34
-35
-35
-35
-35
-34
-34
-33
-33
-33
-33
-33
-32
-32
-32
-32
-32
-32
-32
-31
-31
-32
-32
-31
-30
-29
-29
-27
-25
-23
-23
-24
-23
-23
-22
-22
-22
-22
-22
-21
-20
-19
-18
-17
-18
-19
-18
-16
-16
-16
-14
-12
-11
-12
-13
-12
-11
-11
-11
-9
-7
-5
-4
-2
1
1
1
2
3
4
5
6
7
7
8
10
12
11
9
9
11
13
13
15
16
16
16
16
17
19
19
20
22
24
24
23
25
27
27
26
25
26
27
28
29
31
32
32
32
32
32
32
31
30
30
31
33
34
32
31
30
31
32
32
33
34
34
33
32
32
33
33
32
31
30
30
30
29
28
29
31
31
28
27
27
29
31
30
29
29
30
30
31
32
31
30
29
30
32
33
33
32
32
32
32
31
31
31
32
32
31
28
28
29
28
26
24
26
27
26
23
22
25
27
25
24
24
24
23
22
23
24
23
22
23
26
28
27
26
25
25
23
22
22
23
23
23
24
25
24
23
20
17
16
16
17
17
16
16
15
14
13
13
13
11
8
7
10
12
11
8
8
9
9
6
4
4
3
2
1
2
2
0
-2
-2
-2
-3
-5
-6
-8
-9
-10
-11
-12
-13
-13
-15
-16
-18
-20
-21
-23
-25
-27
-30
-29
-28
-29
-31
-32
-32
-32
-34
-38
-41
-41
-40
-40
-42
-42
-42
-43
-45
-46
-45
-45
-47
-48
-48
-48
-49
-51
-51
-50
-49
-50
-53
-56
-56
-55
-54
-56
-57
-59
-59
-60
-61
-60
-60
-60
-62
-63
-60
-59
-59
-61
-60
-57
-57
-58
-57
-53
-50
-51
-51
-48
-47
-51
-55
-52
-45
-44
-48
-50
-48
-47
-49
-49
-45
-42
-43
-44
-40
-35
-33
-34
-33
-30
-31
-34
-33
-26
-16
-8
2
14
23
24
18
11
8
11
16
23
27
26
20
16
15
16
14
9
5
4
5
5
6
9
10
9
4
1
4
9
11
8
6
7
10
12
13
16
20
21
19
16
16
17
17
16
15
16
16
14
12
14
18
19
18
16
17
17
17
17
20
22
22
20
20
22
23
24
27
31
32
30
28
29
30
28
26
27
28
27
24
22
21
18
12
10
12
14
12
9
8
9
7
4
2
1
-2
-6
-9
-10
-11
-12
-12
-12
-13
-13
-12
-11
-13
-17
-18
-16
-15
-18
-22
-22
-22
-25
-30
-33
-34
-34
-34
-31
-25
-22
-23
-24
-21
-16
-13
-13
-11
-10
-9
-9
-7
-2
2
3
4
8
14
18
19
20
22
24
26
27
30
34
35
33
30
28
27
28
31
37
42
44
44
44
45
43
41
39
41
44
45
45
43
41
40
41
46
52
56
59
60
60
58
55
53
55
59
62
60
55
48
43
38
33
28
28
33
39
39
34
29
27
26
23
21
22
25
27
27
26
25
21
16
9
3
-1
-3
-4
-4
-5
-9
-16
-23
-26
-25
-26
-29
-32
-31
-28
-31
-37
-41
-38
-32
-30
-32
-36
-38
-37
-34
-30
-27
-28
-29
-27
-24
-24
-26
-21
-10
-3
-3
-5
-2
3
0
-9
-14
-13
-11
-13
-16
-15
-14
-16
-18
-16
-10
-7
-7
-8
-6
-6
-8
-11
-13
-12
-11
-10
-8
-7
-8
-10
-13
-16
-17
-17
-13
-9
-9
-14
-21
-26
-29
-31
-33
-32
-30
-30
-33
-37
-37
-37
-38
-39
-37
-32
-28
-27
-27
-23
-20
-20
-23
-25
-26
-27
-27
-27
-29
-34
-39
-40
-37
-35
-38
-42
-45
-46
-49
-54
-58
-61
-64
-67
-66
-63
-61
-60
-61
-63
-68
-78
-92
-101
-105
-105
-106
-110
-117
-123
-128
-129
-129
-127
-127
-126
-126
-128
-134
-144
-153
-158
-157
-155
-154
-151
-148
-145
-145
-144
-139
-135
-134
-135
-134
-131
-134
-145
-156
-158
-154
-152
-152
-147
-135
-121
-110
-102
-91
-77
-62
-49
-37
-21
-2
18
32
41
47
54
67
84
106
128
147
162
175
189
201
208
209
210
212
217
222
225
226
225
224
224
226
227
227
224
222
222
222
222
222
219
216
213
212
213
212
209
208
209
211
212
211
209
206
201
195
189
183
177
170
164
158
150
142
137
135
133
130
126
124
123
118
111
105
101
100
100
101
107
114
121
125
128
130
129
125
121
121
123
123
118
111
106
103
102
99
94
86
79
75
74
73
68
61
58
56
53
46
39
32
25
18
13
9
7
6
7
9
9
5
-1
-6
-12
-18
-23
-25
-25
-26
-28
-30
-33
-38
-46
-55
-61
-67
-70
-71
-72
-76
-81
-83
-82
-83
-87
-92
-94
-94
-92
-88
-87
-91
-99
-102
-99
-96
-97
-100
-99
-92
-89
-91
-94
-91
-86
-84
-85
-84
-85
-89
-94
-94
-90
-89
-91
-92
-87
-81
-79
-81
-82
-81
-82
-84
-85
-85
-90
-101
-114
-124
-133
-143
-151
-155
-156
-160
-168
-179
-189
-201
-215
-229
-238
-247
-256
-264
-267
-266
-267
-276
-289
-299
-308
-316
-330
-346
-363
-377
-389
-403
-423
-443
-458
-468
-476
-482
-480
-466
-443
-416
-381
-338
-294
-260
-234
-205
-171
-136
-105
-71
-24
32
85
131
174
214
246
268
285
301
313
319
319
320
320
314
301
286
273
262
251
241
238
244
258
273
284
294
303
309
309
306
310
322
339
355
373
396
419
435
442
446
448
443
431
416
403
387
359
321
284
252
216
173
130
97
72
44
14
-9
-25
-44
-72
-101
-118
-127
-139
-154
-159
-149
-134
-123
-109
-82
-51
-29
-20
-13
0
10
12
12
17
25
25
16
11
11
7
-7
-22
-26
-22
-20
-23
-27
-25
-23
-25
-30
-29
-20
-8
3
15
36
62
87
109
132
159
182
198
207
217
230
240
244
244
244
243
238
229
220
210
196
176
153
132
115
94
66
35
9
-11
-30
-52
-77
-98
-112
-123
-131
-136
-139
-142
-146
-148
-147
-146
-150
-154
-152
-145
-139
-140
-142
-138
-128
-122
-122
-123
-125
-129
-137
-146
-152
-157
-163
-167
-165
-158
-153
-152
-151
-144
-135
-126
-117
-104
-86
-68
-54
-42
-28
-11
6
22
41
63
85
103
118
133
146
156
161
165
168
166
158
146
137
129
118
102
85
75
67
51
27
3
-13
-29
-52
-80
-104
-120
-137
-159
-183
-202
-220
-242
-265
-280
-293
-312
-337
-356
-367
-383
-412
-446
-471
-490
-518
-559
-597
-625
-650
-686
-729
-768
-798
-825
-850
-873
-894
-914
-923
-917
-896
-866
-827
-768
-688
-603
-526
-454
-378
-297
-217
-138
-56
31
119
211
309
402
475
527
573
627
677
706
719
732
751
764
759
745
732
719
698
677
665
661
654
646
648
662
674
675
672
679
688
688
679
678
688
701
708
717
732
739
726
700
675
653
620
569
515
466
415
350
273
198
126
51
-27
-98
-153
-205
-265
-326
-375
-412
-450
-493
-528
-546
-555
-569
-581
-574
-546
-511
-483
-452
-413
-373
-347
-330
-304
-264
-226
-197
-169
-135
-102
-82
-71
-58
-38
-23
-11
9
39
67
79
86
100
124
143
155
172
199
233
265
296
331
367
403
439
472
500
519
536
559
584
602
609
612
613
607
591
570
546
517
481
444
411
374
324
263
203
147
90
29
-31
-82
-128
-172
-213
-247
-281
-320
-362
-398
-424
-448
-472
-491
-498
-497
-493
-490
-489
-493
-498
-497
-486
-475
-470
-466
-454
-436
-424
-421
-417
-408
-396
-385
-369
-344
-319
-299
-278
-248
-212
-182
-163
-140
-109
-74
-42
-8
35
81
124
164
207
250
281
301
322
352
382
403
413
420
428
433
432
424
411
394
378
363
345
317
281
244
212
178
135
82
27
-22
-63
-99
-139
-187
-237
-280
-313
-350
-400
-455
-500
-532
-568
-615
-666
-709
-748
-793
-844
-888
-926
-968
-1014
-1058
-1098
-1144
-1199
-1246
-1274
-1297
-1333
-1372
-1389
-1378
-1357
-1336
-1294
-1210
-1098
-986
-883
-770
-641
-514
-403
-295
-173
-40
93
229
376
528
657
761
861
971
1072
1137
1175
1216
1265
1296
1292
1270
1255
1245
1220
1181
1148
1131
1116
1093
1072
1061
1050
1024
990
966
951
927
886
848
831
827
817
798
783
773
752
711
661
612
559
492
415
340
263
175
74
-29
-128
-229
-334
-431
-512
-583
-656
-730
-796
-852
-906
-961
-1005
-1032
-1048
-1060
-1060
-1039
-998
-953
-904
-840
-762
-682
-614
-550
-477
-396
-320
-251
-179
-102
-27
37
98
159
216
262
305
357
414
460
487
505
528
554
570
577
587
610
642
675
707
739
771
797
818
838
855
864
865
865
869
873
867
851
829
804
774
736
692
645
596
539
474
402
322
233
138
42
-52
-141
-226
-303
-373
-440
-507
-569
-623
-674
-728
-780
-823
-851
-870
-887
-898
-898
-888
-875
-856
-830
-801
-777
-754
-721
-672
-622
-587
-560
-529
-489
-453
-424
-396
-359
-315
-271
-222
-165
-111
-71
-38
3
55
100
130
161
213
278
336
379
421
472
526
575
619
661
696
718
739
767
793
798
778
754
741
729
701
657
615
582
547
501
446
387
322
248
168
91
17
-60
-137
-206
-262
-316
-376
-442
-504
-556
-605
-655
-708
-760
-807
-850
-887
-923
-959
-996
-1035
-1073
-1107
-1134
-1155
-1179
-1212
-1247
-1275
-1297
-1327
-1372
-1421
-1455
-1475
-1489
-1502
-1506
-1493
-1469
-1437
-1386
-1306
-1205
-1098
-977
-826
-649
-482
-343
-211
-54
128
305
466
630
811
995
1161
1307
1441
1551
1626
1682
1747
1815
1851
1840
1812
1801
1791
1744
1656
1565
1495
1432
1358
1279
1209
1143
1071
999
941
883
801
701
620
573
535
477
412
371
357
339
301
251
203
150
86
22
-34
-95
-174
-262
-339
-410
-496
-601
-700
-774
-834
-896
-959
-1011
-1052
-1094
-1141
-1179
-1200
-1211
-1214
-1201
-1161
-1105
-1042
-973
-887
-785
-678
-573
-464
-350
-234
-123
-14
98
212
323
428
527
619
702
777
845
907
961
1009
1051
1083
1100
1101
1093
1081
1063
1043
1024
1008
992
972
953
937
917
887
849
812
779
744
702
659
622
589
552
510
466
418
362
300
237
176
112
41
-36
-113
-195
-287
-385
-479
-563
-638
-706
-767
-821
-873
-928
-981
-1026
-1060
-1087
-1110
-1125
-1127
-1117
-1099
-1075
-1043
-1003
-952
-890
-817
-742
-672
-609
-545
-475
-400
-326
-258
-193
-125
-52
18
79
132
184
242
304
360
406
443
475
505
534
561
584
605
626
653
687
719
740
750
758
773
788
793
783
768
753
737
712
680
647
614
579
540
500
459
409
344
274
207
141
68
-15
-93
-160
-223
-296
-375
-442
-493
-541
-593
-645
-689
-733
-782
-834
-881
-923
-969
-1011
-1037
-1052
-1072
-1107
-1136
-1147
-1148
-1160
-1183
-1199
-1203
-1207
-1222
-1243
-1263
-1283
-1302
-1309
-1304
-1302
-1313
-1321
-1302
-1263
-1233
-1220
-1201
-1151
-1079
-1003
-914
-795
-642
-471
-287
-92
104
276
424
572
732
891
1031
1169
1326
1496
1642
1748
1833
1911
1971
2000
2004
1999
1978
1931
1863
1788
1705
1600
1477
1360
1258
1159
1053
950
865
790
706
614
524
439
350
255
170
102
47
5
-16
-16
-15
-29
-56
-80
-108
-152
-211
-267
-314
-366
-429
-498
-565
-635
-715
-791
-850
-894
-938
-982
-1014
-1038
-1070
-1115
-1155
-1171
-1164
-1146
-1113
-1055
-975
-886
-788
-675
-547
-418
-294
-168
-34
96
211
320
435
556
673
782
891
1000
1095
1165
1218
1265
1303
1325
1331
1325
1307
1269
1214
1155
1098
1042
986
938
898
855
797
728
662
606
552
494
436
385
340
298
254
208
162
122
94
78
63
32
-14
-65
-113
-164
-227
-302
-377
-448
-519
-595
-673
-745
-806
-854
-892
-925
-964
-1013
-1067
-1110
-1136
-1153
-1166
-1166
-1142
-1095
-1041
-989
-931
-859
-776
-690
-601
-506
-410
-325
-252
-177
-92
-5
70
137
210
289
358
411
456
504
554
594
622
641
648
638
620
612
620
628
627
624
635
656
665
652
630
617
612
607
593
572
548
525
508
494
479
458
432
406
381
347
291
219
146
85
34
-19
-81
-151
-217
-275
-334
-400
-471
-538
-595
-650
-708
-767
-823
-876
-925
-964
-990
-1008
-1024
-1037
-1039
-1033
-1033
-1042
-1048
-1041
-1029
-1027
-1033
-1035
-1032
-1029
-1029
-1022
-1004
-987
-983
-991
-999
-1014
-1046
-1087
-1118
-1129
-1130
-1130
-1124
-1098
-1057
-1014
-967
-897
-793
-658
-496
-306
-98
107
290
455
618
779
930
1069
1216
1380
1547
1697
1823
1925
1997
2034
2042
2029
1998
1941
1862
1772
1675
1561
1428
1288
1156
1031
902
770
648
542
443
352
275
215
160
96
26
-35
-88
-134
-171
-183
-172
-152
-136
-120
-104
-107
-146
-208
-264
-304
-343
-396
-455
-511
-569
-640
-717
-785
-841
-894
-940
-969
-985
-1006
-1040
-1068
-1069
-1048
-1020
-981
-914
-813
-697
-579
-455
-318
-172
-27
121
275
424
555
670
782
896
1001
1095
1187
1281
1360
1411
1440
1457
1459
1438
1394
1340
1281
1210
1128
1043
959
869
773
686
616
554
483
406
337
277
217
154
101
66
37
5
-25
-45
-63
-87
-110
-119
-117
-124
-145
-172
-200
-237
-292
-356
-420
-483
-551
-620
-677
-724
-775
-830
-877
-908
-932
-962
-994
-1023
-1046
-1061
-1062
-1041
-1002
-951
-887
-808
-720
-635
-554
-465
-363
-258
-161
-72
15
99
177
255
335
414
486
553
619
676
706
709
705
711
721
721
714
710
705
688
656
621
594
573
555
545
542
533
509
477
453
438
419
396
377
367
359
341
315
292
274
256
233
205
172
132
81
23
-38
-98
-151
-196
-234
-276
-327
-384
-442
-496
-544
-584
-622
-660
-697
-728
-752
-776
-804
-828
-838
-834
-824
-816
-813
-813
-816
-820
-820
-818
-821
-833
-844
-843
-830
-821
-823
-833
-835
-823
-804
-796
-816
-856
-894
-913
-922
-940
-970
-998
-1003
-985
-960
-945
-949
-960
-948
-886
-773
-638
-495
-326
-108
139
359
520
641
763
899
1038
1176
1319
1463
1599
1730
1857
1960
2002
1986
1956
1942
1917
1841
1719
1589
1471
1342
1189
1032
893
764
630
506
412
339
258
168
91
33
-31
-116
-199
-254
-287
-313
-324
-296
-234
-179
-152
-139
-125
-126
-159
-215
-269
-310
-351
-396
-442
-491
-554
-625
-685
-724
-756
-798
-842
-870
-884
-904
-939
-972
-986
-977
-943
-880
-785
-667
-539
-400
-250
-96
51
192
336
483
621
746
866
992
1118
1231
1334
1430
1519
1585
1622
1633
1625
1598
1549
1483
1405
1313
1203
1084
966
853
737
623
522
442
370
288
192
93
0
-84
-159
-222
-266
-293
-307
-312
-309
-303
-299
-297
-292
-284
-284
-301
-331
-362
-393
-433
-483
-533
-575
-611
-647
-689
-734
-781
-830
-877
-913
-942
-972
-1007
-1036
-1046
-1037
-1018
-986
-932
-853
-759
-659
-556
-452
-350
-254
-157
-51
58
158
249
344
449
549
633
703
773
845
904
941
957
955
932
893
852
821
795
763
725
693
667
632
579
518
467
426
384
340
304
278
250
211
173
155
158
167
175
188
207
216
204
178
149
117
78
35
5
-16
-46
-92
-141
-174
-199
-238
-297
-357
-406
-452
-508
-573
-632
-681
-722
-752
-766
-770
-777
-789
-794
-784
-767
-758
-756
-748
-730
-715
-713
-721
-725
-720
-711
-704
-699
-690
-677
-664
-663
-677
-705
-736
-768
-799
-831
-862
-893
-927
-957
-978
-992
-1010
-1030
-1035
-1015
-989
-984
-993
-982
-927
-836
-719
-566
-362
-121
124
354
562
735
859
953
1060
1200
1348
1474
1589
1719
1852
1944
1976
1974
1963
1931
1865
1771
1664
1534
1371
1194
1035
898
756
604
475
389
321
238
143
65
8
-54
-129
-200
-256
-310
-361
-388
-373
-329
-283
-237
-180
-127
-108
-131
-172
-213
-262
-327
-393
-443
-480
-525
-581
-636
-686
-737
-787
-826
-849
-871
-902
-934
-956
-968
-976
-971
-933
-856
-750
-623
-476
-312
-143
21
178
329
470
597
716
833
949
1063
1176
1294
1410
1513
1598
1661
1695
1692
1649
1581
1499
1407
1305
1198
1087
968
845
726
620
518
413
306
210
123
32
-69
-168
-251
-316
-367
-402
-415
-411
-401
-388
-366
-336
-311
-297
-291
-289
-299
-332
-380
-425
-460
-492
-525
-557
-585
-616
-661
-717
-771
-816
-853
-887
-918
-947
-970
-988
-994
-985
-958
-912
-847
-757
-649
-531
-418
-312
-207
-94
24
135
231
318
406
500
593
681
768
852
927
983
1015
1021
1001
959
909
868
836
800
752
699
653
609
555
486
415
353
300
250
204
162
117
72
36
21
21
20
15
16
33
53
61
54
42
31
20
3
-20
-46
-76
-105
-125
-139
-162
-200
-245
-284
-316
-357
-412
-472
-524
-565
-597
-621
-639
-653
-666
-671
-666
-657
-655
-658
-652
-630
-605
-585
-568
-545
-523
-512
-510
-506
-500
-503
-518
-529
-528
-529
-550
-588
-623
-652
-690
-739
-788
-832
-880
-934
-980
-1006
-1031
-1076
-1129
-1160
-1163
-1170
-1202
-1235
-1231
-1183
-1104
-992
-830
-617
-378
-137
102
322
495
618
730
869
1029
1180
1324
1489
1678
1846
1951
1998
2020
2025
2000
1946
1876
1790
1677
1537
1390
1243
1080
898
726
595
493
385
269
174
112
57
-19
-110
-193
-261
-320
-366
-384
-372
-337
-281
-206
-128
-83
-85
-116
-150
-190
-247
-314
-363
-386
-401
-434
-488
-553
-621
-689
-755
-814
-866
-914
-952
-979
-998
-1019
-1039
-1041
-1005
-932
-832
-713
-576
-419
-253
-90
62
208
356
507
656
800
942
1088
1235
1375
1501
1610
1700
1760
1785
1779
1746
1689
1612
1521
1425
1322
1204
1074
944
817
685
542
404
285
182
72
-51
-172
-276
-361
-434
-491
-522
-527
-517
-496
-466
-434
-408
-388
-362
-326
-297
-292
-301
-307
-308
-320
-349
-384
-410
-431
-459
-499
-546
-595
-646
-696
-741
-783
-828
-872
-906
-922
-923
-913
-882
-822
-739
-648
-559
-468
-371
-273
-176
-80
20
128
244
364
486
604
714
817
911
982
1019
1027
1021
1009
986
948
901
862
831
798
751
687
614
539
468
403
335
256
173
104
56
20
-21
-58
-71
-53
-22
1
12
22
39
62
81
90
88
80
78
89
100
97
81
69
71
72
52
7
-49
-107
-165
-226
-287
-343
-395
-438
-469
-490
-513
-541
-565
-580
-594
-619
-645
-658
-654
-648
-644
-627
-591
-551
-527
-517
-508
-495
-487
-485
-483
-484
-496
-520
-539
-555
-593
-663
-733
-767
-771
-786
-832
-886
-923
-956
-1008
-1079
-1146
-1199
-1238
-1255
-1245
-1228
-1234
-1254
-1241
-1168
-1060
-945
-802
-588
-310
-27
216
423
612
783
930
1071
1224
1384
1539
1700
1878
2050
2166
2212
2220
2220
2190
2103
1971
1836
1711
1573
1411
1240
1076
912
739
571
424
292
163
48
-34
-95
-166
-259
-346
-407
-450
-493
-522
-510
-452
-378
-310
-253
-205
-179
-182
-207
-242
-287
-342
-394
-429
-453
-490
-546
-606
-655
-700
-758
-825
-886
-932
-970
-1004
-1031
-1043
-1038
-1009
-949
-854
-732
-591
-432
-256
-74
101
262
415
567
717
863
1005
1147
1290
1433
1570
1694
1796
1870
1911
1917
1885
1817
1723
1617
1501
1377
1244
1108
973
836
694
549
406
268
133
3
-121
-243
-364
-474
-556
-605
-632
-645
-641
-614
-574
-535
-506
-477
-439
-394
-352
-317
-294
-286
-294
-308
-317
-324
-337
-358
-377
-389
-411
-460
-531
-603
-661
-709
-754
-793
-820
-836
-843
-837
-814
-776
-727
-663
-576
-473
-371
-281
-193
-93
20
132
238
342
451
561
661
747
818
872
910
935
949
946
920
874
823
775
728
673
610
547
490
433
369
296
218
143
79
27
-14
-47
-72
-86
-86
-73
-56
-42
-28
-7
26
67
105
131
147
161
176
188
191
186
179
175
174
170
153
115
57
-6
-63
-120
-186
-261
-327
-372
-399
-423
-452
-483
-509
-531
-550
-570
-597
-628
-653
-654
-632
-605
-591
-583
-567
-539
-517
-510
-509
-502
-488
-475
-471
-479
-503
-544
-589
-628
-662
-701
-743
-775
-790
-808
-845
-900
-956
-1010
-1070
-1136
-1192
-1226
-1242
-1251
-1254
-1247
-1237
-1227
-1210
-1167
-1089
-975
-815
-595
-326
-46
210
432
631
804
941
1048
1157
1297
1471
1664
1854
2023
2150
2220
2241
2219
2151
2037
1894
1757
1638
1518
1371
1201
1028
864
702
536
374
229
105
2
-80
-152
-232
-324
-413
-479
-523
-558
-583
-576
-529
-452
-372
-303
-249
-214
-206
-226
-267
-322
-385
-446
-487
-509
-524
-544
-572
-604
-644
-700
-768
-835
-892
-938
-974
-995
-999
-984
-953
-900
-818
-707
-570
-411
-235
-51
126
291
445
593
732
862
989
1122
1260
1400
1535
1661
1768
1846
1889
1898
1868
1797
1693
1571
1446
1321
1194
1064
934
800
658
508
356
208
63
-78
-206
-319
-425
-529
-623
-697
-744
-770
-777
-761
-724
-674
-620
-566
-512
-464
-429
-404
-384
-368
-362
-364
-364
-355
-344
-341
-345
-355
-373
-412
-471
-536
-597
-652
-703
-744
-771
-786
-793
-789
-766
-727
-677
-619
-543
-447
-342
-243
-147
-46
62
168
265
352
439
530
623
717
808
886
941
974
986
980
946
888
824
771
732
694
643
580
511
436
357
275
193
116
47
-7
-44
-74
-106
-139
-158
-157
-138
-118
-105
-92
-69
-36
1
36
68
96
118
132
140
138
125
108
101
109
119
109
71
16
-44
-107
-175
-240
-293
-327
-346
-359
-374
-399
-435
-475
-505
-520
-527
-533
-535
-526
-507
-489
-479
-473
-462
-449
-439
-434
-430
-427
-429
-436
-446
-458
-482
-519
-563
-609
-657
-705
-746
-772
-793
-821
-861
-904
-947
-997
-1059
-1125
-1176
-1201
-1202
-1189
-1171
-1153
-1134
-1116
-1102
-1096
-1091
-1065
-985
-832
-613
-356
-86
181
433
654
823
937
1015
1095
1210
1368
1550
1729
1888
2024
2129
2186
2178
2110
2007
1897
1787
1672
1542
1394
1235
1077
925
774
613
449
301
184
95
16
-62
-139
-215
-291
-368
-443
-510
-557
-570
-536
-462
-370
-284
-217
-174
-163
-190
-251
-327
-399
-458
-499
-519
-520
-519
-537
-577
-627
-677
-734
-800
-866
-913
-937
-946
-946
-937
-915
-877
-812
-709
-573
-418
-256
-81
108
295
455
584
698
815
944
1079
1220
1364
1507
1644
1766
1862
1915
1918
1877
1810
1725
1621
1498
1368
1244
1125
998
855
703
551
396
241
92
-45
-172
-294
-412
-519
-612
-691
-753
-791
-802
-789
-755
-702
-637
-575
-525
-486
-450
-417
-389
-368
-349
-327
-300
-270
-246
-235
-244
-268
-302
-343
-396
-459
-523
-577
-618
-651
-681
-707
-723
-726
-716
-692
-651
-597
-536
-470
-393
-308
-221
-133
-37
67
172
277
383
492
596
685
763
836
898
934
943
936
919
894
858
819
779
732
674
610
548
480
396
301
214
146
89
32
-20
-59
-84
-102
-115
-118
-110
-99
-89
-73
-44
-8
22
50
84
120
147
161
172
183
186
179
171
170
165
140
97
49
3
-50
-112
-172
-221
-260
-291
-315
-336
-364
-403
-441
-467
-485
-506
-529
-539
-524
-494
-469
-456
-445
-427
-404
-387
-381
-381
-381
-375
-364
-355
-362
-387
-422
-455
-487
-531
-586
-637
-671
-690
-708
-734
-769
-810
-851
-891
-935
-982
-1028
-1060
-1076
-1083
-1086
-1083
-1071
-1054
-1038
-1026
-1017
-1009
-995
-970
-921
-837
-703
-509
-264
2
255
475
661
813
928
1009
1076
1161
1289
1460
1652
1834
1983
2087
2144
2154
2112
2017
1882
1734
1601
1485
1367
1232
1085
938
798
655
505
355
214
90
-9
-84
-152
-231
-323
-411
-482
-534
-570
-581
-551
-481
-386
-289
-209
-162
-158
-196
-261
-333
-400
-453
-487
-496
-484
-465
-460
-481
-529
-601
-685
-768
-838
-891
-930
-954
-958
-938
-903
-859
-798
-711
-593
-454
-301
-140
22
178
326
469
606
731
850
975
1115
1263
1405
1534
1649
1746
1810
1830
1803
1733
1632
1510
1380
1255
1140
1031
919
799
670
530
377
215
57
-89
-221
-335
-431
-513
-587
-652
-696
-712
-706
-688
-657
-607
-545
-484
-431
-385
-350
-327
-312
-294
-275
-263
-262
-260
-249
-238
-243
-269
-308
-353
-407
-474
-549
-624
-691
-745
-782
-797
-794
-779
-755
-715
-656
-589
-525
-461
-388
-305
-218
-126
-26
83
194
303
413
523
623
710
789
864
919
940
932
914
892
860
815
769
731
695
649
587
515
438
357
278
205
139
80
29
-10
-37
-57
-78
-97
-100
-81
-49
-23
-4
16
45
76
103
123
139
152
164
174
176
166
148
135
134
133
113
73
21
-35
-97
-167
-236
-294
-334
-363
-386
-407
-428
-453
-484
-514
-536
-547
-552
-552
-539
-510
-479
-460
-450
-435
-414
-397
-390
-385
-379
-378
-390
-407
-422
-438
-466
-503
-540
-575
-613
-659
-705
-745
-781
-818
-853
-883
-913
-948
-983
-1010
-1033
-1063
-1105
-1141
-1147
-1125
-1096
-1071
-1045
-1011
-977
-949
-921
-883
-829
-743
-602
-392
-140
108
331
542
742
905
1012
1079
1151
1257
1397
1555
1713
1855
1969
2049
2092
2090
2032
1925
1798
1679
1568
1447
1307
1161
1023
892
754
607
461
331
216
116
27
-57
-146
-239
-322
-385
-435
-478
-504
-496
-457
-403
-349
-295
-244
-211
-212
-241
-282
-323
-364
-404
-438
-457
-465
-474
-492
-521
-560
-610
-672
-739
-801
-855
-902
-934
-942
-924
-889
-840
-767
-661
-532
-396
-260
-121
16
150
283
418
557
695
833
981
1136
1289
1427
1550
1658
1743
1787
1787
1751
1691
1611
1516
1413
1312
1212
1104
983
853
720
579
426
272
125
-16
-159
-302
-429
-532
-617
-684
-725
-731
-710
-677
-638
-596
-559
-530
-505
-475
-440
-403
-368
-334
-301
-275
-255
-239
-223
-215
-222
-247
-286
-337
-401
-477
-556
-627
-684
-728
-762
-780
-777
-756
-723
-684
-640
-596
-554
-510
-456
-387
-308
-217
-106
29
179
326
462
584
688
772
833
876
905
924
938
948
951
945
932
909
879
840
791
728
652
566
477
386
293
202
122
55
2
-34
-56
-65
-70
-69
-60
-49
-46
-51
-53
-41
-16
11
37
62
90
123
159
193
216
224
218
205
182
143
89
26
-36
-92
-143
-193
-239
-280
-316
-350
-388
-430
-476
-521
-562
-598
-625
-645
-653
-648
-627
-594
-554
-508
-460
-422
-398
-385
-374
-369
-370
-376
-380
-382
-385
-388
-393
-405
-427
-454
-480
-511
-555
-614
-671
-719
-763
-813
-864
-903
-923
-929
-933
-940
-955
-973
-986
-988
-981
-977
-974
-961
-926
-878
-836
-803
-758
-671
-531
-353
-159
36
222
396
555
695
803
878
945
1041
1181
1339
1481
1596
1691
1768
1814
1818
1782
1716
1632
1541
1450
1351
1236
1106
976
860
755
649
535
418
307
205
107
9
-86
-172
-248
-312
-362
-394
-407
-406
-396
-373
-338
-298
-260
-234
-228
-241
-266
-292
-317
-341
-364
-377
-378
-374
-375
-392
-427
-475
-526
-574
-622
-668
-710
-739
-751
-746
-727
-691
-638
-573
-491
-393
-285
-177
-75
26
131
237
341
451
572
702
835
966
1094
1210
1306
1376
1421
1443
1441
1416
1370
1310
1244
1176
1103
1022
932
834
730
617
498
374
246
115
-16
-141
-255
-355
-436
-495
-533
-552
-556
-549
-535
-519
-501
-478
-453
-430
-406
-378
-345
-311
-278
-246
-218
-193
-170
-153
-149
-165
-196
-237
-285
-343
-404
-460
-508
-551
-590
-618
-635
-646
-652
-650
-637
-616
-591
-564
-528
-482
-426
-358
-276
-179
-70
41
147
250
349
442
521
586
641
692
731
755
771
785
798
805
804
789
760
720
673
620
552
470
388
323
271
221
171
124
84
51
28
16
6
-7
-20
-26
-24
-19
-17
-14
-5
13
39
65
86
100
112
122
125
114
92
67
36
-4
-50
-95
-137
-175
-210
-240
-268
-299
-334
-370
-409
-449
-489
-524
-553
-577
-591
-591
-580
-565
-547
-522
-495
-475
-464
-457
-450
-446
-450
-458
-461
-455
-448
-446
-451
-462
-477
-497
-522
-552
-582
-612
-646
-681
-714
-744
-776
-808
-834
-850
-863
-877
-890
-899
-912
-930
-946
-947
-937
-923
-906
-876
-833
-793
-762
-722
-655
-558
-438
-288
-106
93
279
440
586
718
826
908
991
1104
1242
1375
1490
1595
1693
1762
1789
1781
1754
1707
1634
1541
1442
1339
1224
1096
970
855
743
628
514
407
304
197
89
-9
-90
-164
-235
-301
-349
-377
-391
-392
-376
-341
-297
-255
-220
-197
-191
-202
-221
-236
-248
-265
-284
-296
-298
-303
-320
-347
-381
-421
-467
-515
-562
-610
-659
-700
-725
-731
-719
-689
-641
-580
-512
-434
-345
-250
-154
-57
46
157
273
394
515
634
751
873
1001
1125
1231
1316
1379
1417
1422
1402
1367
1320
1261
1195
1130
1064
984
884
771
656
540
416
287
163
50
-58
-168
-278
-373
-444
-490
-517
-525
-515
-499
-486
-476
-461
-441
-424
-408
-378
-331
-281
-244
-220
-198
-176
-163
-161
-168
-182
-204
-236
-273
-316
-366
-421
-471
-512
-544
-573
-600
-626
-643
-648
-640
-622
-597
-564
-521
-467
-405
-333
-251
-161
-65
40
152
265
371
464
543
613
677
734
779
815
846
873
892
898
893
880
854
813
759
701
640
571
496
424
359
294
230
172
127
90
56
25
1
-21
-43
-61
-70
-67
-60
-52
-43
-29
-14
0
9
17
24
32
40
44
40
25
-2
-38
-78
-120
-164
-209
-248
-279
-307
-339
-376
-413
-445
-474
-504
-531
-552
-568
-580
-588
-588
-579
-562
-538
-511
-483
-454
-429
-411
-398
-386
-378
-373
-367
-358
-350
-351
-362
-375
-389
-412
-445
-480
-508
-532
-563
-600
-636
-671
-710
-753
-790
-816
-839
-868
-902
-928
-944
-956
-967
-969
-948
-915
-887
-870
-847
-807
-757
-700
-614
-475
-291
-93
100
293
479
627
727
803
887
989
1100
1222
1365
1515
1641
1721
1761
1771
1747
1685
1599
1508
1424
1345
1261
1170
1075
972
852
717
581
456
339
225
123
46
-10
-63
-119
-170
-212
-255
-298
-323
-318
-294
-262
-222
-169
-122
-102
-109
-130
-158
-192
-226
-246
-251
-251
-257
-267
-285
-320
-377
-449
-519
-583
-636
-677
-705
-717
-718
-712
-702
-686
-660
-622
-572
-505
-418
-313
-200
-82
41
169
292
402
506
613
724
833
946
1068
1187
1281
1341
1375
1390
1378
1335
1276
1220
1171
1118
1058
989
905
798
675
546
419
291
163
46
-49
-128
-203
-283
-359
-420
-462
-491
-510
-518
-511
-489
-457
-421
-384
-349
-321
-301
-280
-258
-239
-224
-208
-188
-171
-170
-186
-212
-245
-292
-349
-405
-450
-490
-529
-565
-594
-623
-654
-681
-694
-694
-686
-667
-628
-575
-517
-457
-386
-300
-204
-107
-10
92
199
309
418
516
597
662
719
775
828
870
897
911
922
934
939
923
876
813
749
688
625
558
490
426
367
312
261
206
143
78
29
-4
-34
-63
-82
-83
-75
-72
-73
-71
-66
-61
-56
-49
-38
-26
-13
2
14
16
0
-33
-73
-109
-140
-176
-219
-259
-288
-314
-350
-396
-443
-490
-542
-595
-633
-649
-656
-665
-670
-663
-651
-641
-631
-618
-601
-583
-560
-529
-495
-462
-431
-403
-383
-371
-367
-362
-356
-353
-357
-369
-385
-401
-419
-445
-482
-526
-569
-607
-641
-669
-693
-721
-755
-787
-812
-837
-872
-911
-934
-932
-916
-897
-878
-854
-828
-804
-775
-732
-660
-549
-394
-214
-30
144
306
451
565
647
713
787
887
1018
1175
1336
1470
1562
1618
1646
1640
1590
1507
1416
1339
1279
1223
1157
1076
985
889
782
658
524
396
285
191
110
44
-13
-66
-120
-170
-216
-258
-288
-292
-265
-220
-171
-124
-83
-59
-59
-81
-114
-143
-161
-161
-145
-125
-113
-113
-126
-158
-212
-282
-355
-422
-479
-526
-562
-589
-606
-614
-614
-611
-607
-595
-566
-522
-469
-409
-336
-250
-158
-65
28
123
221
323
436
559
686
809
922
1017
1089
1135
1155
1156
1146
1133
1124
1119
1110
1089
1052
996
919
822
712
598
482
366
255
155
68
-10
-84
-153
-211
-261
-302
-337
-364
-385
-399
-406
-401
-389
-373
-354
-330
-302
-273
-244
-215
-187
-163
-147
-145
-158
-183
-215
-251
-291
-329
-364
-397
-430
-460
-485
-512
-548
-590
-625
-646
-660
-673
-677
-662
-628
-582
-527
-457
-373
-285
-199
-109
-15
81
173
266
361
453
533
601
666
735
803
861
905
936
958
968
960
930
880
822
762
707
656
603
548
488
428
367
305
241
178
118
67
22
-20
-59
-95
-120
-128
-125
-117
-110
-98
-78
-56
-43
-39
-36
-32
-31
-33
-38
-43
-54
-71
-89
-101
-111
-130
-163
-204
-246
-292
-348
-409
-465
-510
-548
-579
-598
-604
-609
-623
-642
-656
-665
-672
-677
-668
-649
-630
-613
-589
-555
-522
-498
-477
-453
-433
-425
-423
-418
-414
-422
-442
-458
-464
-468
-479
-499
-524
-552
-584
-619
-649
-673
-695
-724
-758
-785
-803
-819
-838
-848
-838
-812
-787
-771
-756
-735
-706
-661
-583
-466
-323
-163
14
197
360
483
576
659
739
820
915
1037
1175
1305
1421
1523
1601
1632
1618
1580
1532
1472
1392
1302
1219
1147
1074
993
904
809
711
605
490
373
263
164
72
-12
-78
-125
-165
-207
-238
-248
-242
-230
-213
-184
-148
-119
-102
-95
-96
-107
-121
-124
-112
-97
-84
-73
-69
-78
-103
-140
-185
-241
-303
-360
-407
-450
-491
-529
-556
-570
-576
-573
-563
-549
-528
-497
-457
-415
-370
-314
-242
-157
-63
41
153
267
382
499
617
726
819
896
963
1015
1051
1075
1095
1114
1126
1129
1122
1102
1064
1008
936
852
757
654
547
445
349
254
156
64
-13
-77
-136
-193
-243
-283
-320
-359
-392
-409
-412
-412
-406
-386
-349
-308
-275
-251
-227
-204
-187
-181
-180
-182
-190
-209
-234
-259
-280
-303
-331
-360
-388
-419
-456
-496
-533
-564
-590
-614
-632
-637
-623
-594
-557
-518
-471
-408
-330
-248
-169
-87
2
92
179
266
355
443
528
612
695
774
838
887
925
952
964
959
942
918
887
847
797
740
682
624
563
495
425
353
279
204
133
69
8
-51
-102
-138
-162
-181
-194
-199
-199
-200
-198
-184
-161
-141
-130
-119
-104
-92
-84
-79
-74
-71
-75
-82
-92
-109
-138
-175
-213
-254
-301
-352
-406
-459
-505
-543
-577
-615
-654
-688
-714
-736
-758
-778
-791
-799
-800
-790
-769
-744
-716
-685
-649
-616
-589
-564
-536
-511
-493
-480
-463
-445
-430
-421
-416
-414
-417
-429
-449
-471
-497
-527
-561
-599
-636
-670
-705
-740
-768
-778
-779
-788
-805
-813
-807
-799
-787
-746
-656
-527
-384
-232
-63
108
253
364
460
557
653
749
865
1019
1192
1351
1476
1568
1631
1659
1647
1604
1545
1484
1425
1368
1314
1257
1187
1091
974
848
720
584
443
313
210
128
50
-25
-93
-152
-210
-263
-303
-324
-332
-326
-296
-244
-193
-161
-146
-138
-134
-139
-144
-138
-116
-87
-58
-35
-20
-20
-44
-92
-155
-220
-278
-328
-373
-410
-438
-458
-477
-498
-518
-536
-551
-561
-557
-538
-506
-463
-405
-333
-254
-176
-98
-13
82
184
293
407
523
635
738
829
905
962
997
1019
1042
1073
1101
1115
1116
1106
1079
1027
953
867
774
672
566
467
381
300
219
139
65
-6
-81
-159
-230
-288
-335
-374
-403
-419
-418
-407
-393
-382
-372
-358
-341
-321
-298
-270
-245
-228
-216
-208
-208
-222
-244
-264
-280
-300
-324
-345
-366
-393
-431
-468
-498
-525
-553
-576
-588
-587
-579
-564
-539
-503
-462
-416
-359
-287
-206
-123
-45
32
117
211
304
386
462
544
630
711
780
839
888
920
936
942
942
929
898
859
824
789
745
688
625
563
496
423
346
268
191
118
55
4
-40
-82
-122
-154
-177
-196
-215
-230
-238
-234
-222
-207
-194
-184
-179
-175
-171
-167
-164
-162
-161
-161
-164
-173
-189
-213
-247
-288
-333
-378
-423
-465
-505
-540
-570
-598
-627
-657
-686
-716
-747
-777
-800
-813
-817
-811
-795
-769
-743
-719
-696
-671
-647
-626
-605
-577
-550
-531
-516
-494
-465
-443
-435
-433
-427
-421
-422
-432
-445
-463
-491
-526
-557
-581
-605
-630
-650
-657
-657
-664
-683
-705
-723
-733
-731
-702
-630
-518
-385
-243
-96
46
167
259
334
407
490
593
725
888
1063
1223
1353
1453
1522
1554
1551
1524
1488
1450
1415
1385
1355
1315
1252
1166
1063
949
827
696
565
448
347
256
167
84
9
-60
-132
-202
-256
-288
-301
-299
-280
-246
-208
-181
-168
-165
-169
-176
-177
-163
-134
-96
-59
-23
7
23
16
-18
-73
-134
-189
-233
-269
-301
-326
-342
-353
-365
-386
-417
-450
-476
-489
-491
-485
-468
-435
-383
-319
-252
-186
-116
-40
44
134
230
329
428
523
612
696
770
831
881
925
965
1000
1032
1057
1068
1056
1025
982
929
862
782
693
605
521
441
367
294
215
132
53
-16
-85
-156
-228
-290
-339
-376
-400
-410
-409
-399
-386
-372
-356
-341
-327
-313
-299
-282
-262
-245
-233
-221
-207
-198
-203
-218
-230
-239
-251
-272
-297
-321
-349
-378
-404
-424
-443
-463
-474
-469
-457
-446
-430
-405
-370
-328
-281
-225
-164
-99
-32
40
118
200
283
369
458
546
627
694
750
798
840
871
884
890
896
903
899
881
851
812
763
707
649
587
515
435
354
278
207
136
67
7
-44
-88
-128
-167
-206
-241
-268
-286
-298
-305
-303
-293
-281
-271
-262
-252
-240
-226
-209
-193
-182
-178
-180
-186
-197
-216
-243
-273
-302
-327
-349
-376
-411
-449
-486
-524
-563
-603
-642
-682
-725
-763
-790
-806
-818
-825
-822
-812
-802
-794
-782
-765
-752
-744
-732
-709
-683
-659
-631
-591
-547
-515
-497
-478
-454
-434
-428
-432
-439
-446
-454
-465
-474
-478
-482
-492
-505
-514
-518
-530
-558
-591
-609
-598
-562
-501
-412
-298
-179
-66
42
147
233
294
350
431
544
678
821
975
1130
1262
1358
1426
1473
1494
1487
1467
1448
1433
1414
1390
1357
1312
1248
1163
1061
949
833
717
601
488
384
290
201
110
23
-51
-115
-180
-238
-271
-280
-281
-280
-271
-253
-238
-237
-240
-237
-225
-207
-181
-146
-106
-69
-37
-13
-9
-23
-52
-89
-132
-171
-200
-222
-246
-271
-288
-300
-319
-352
-388
-416
-439
-461
-478
-479
-464
-438
-400
-350
-293
-233
-172
-104
-31
47
129
217
309
398
483
563
637
706
769
827
879
929
975
1010
1024
1020
1003
977
936
882
822
760
696
628
561
495
424
345
263
185
111
34
-44
-120
-188
-246
-294
-327
-344
-352
-358
-363
-365
-363
-363
-365
-365
-360
-352
-341
-326
-305
-284
-269
-259
-249
-242
-244
-256
-271
-285
-298
-312
-327
-339
-349
-360
-370
-377
-380
-384
-389
-389
-377
-355
-329
-302
-269
-223
-173
-125
-80
-26
41
114
186
258
333
410
484
552
613
662
698
724
749
775
799
818
828
829
820
801
771
730
678
619
556
493
429
364
299
236
175
117
56
-7
-65
-117
-164
-208
-249
-283
-307
-326
-341
-350
-357
-362
-367
-367
-363
-356
-350
-341
-331
-322
-319
-325
-337
-350
-361
-372
-385
-398
-410
-424
-443
-465
-490
-518
-554
-597
-636
-666
-695
-725
-751
-766
-775
-787
-800
-804
-801
-801
-807
-811
-803
-789
-780
-770
-749
-716
-684
-657
-629
-593
-558
-533
-517
-500
-477
-461
-457
-457
-448
-432
-422
-418
-408
-393
-385
-396
-414
-426
-435
-446
-447
-410
-334
-242
-156
-70
29
125
196
240
280
337
413
506
624
761
899
1017
1115
1199
1268
1307
1317
1314
1315
1320
1324
1321
1313
1295
1259
1202
1131
1053
965
864
756
656
568
482
390
299
217
140
60
-20
-86
-135
-174
-204
-221
-225
-228
-238
-249
-254
-257
-262
-263
-250
-222
-189
-154
-121
-94
-80
-79
-90
-108
-130
-154
-175
-191
-202
-209
-219
-233
-253
-275
-301
-331
-359
-383
-400
-412
-413
-399
-374
-347
-317
-281
-237
-189
-138
-80
-12
61
136
216
300
381
453
516
576
636
693
746
797
844
883
907
915
910
896
871
833
788
742
695
645
589
532
473
409
337
263
190
116
40
-34
-96
-148
-191
-226
-250
-268
-286
-305
-321
-335
-349
-360
-367
-365
-356
-345
-333
-320
-305
-293
-287
-284
-280
-275
-275
-282
-291
-297
-301
-308
-315
-318
-319
-326
-338
-348
-349
-347
-346
-341
-325
-301
-275
-247
-213
-176
-144
-111
-68
-10
56
122
188
257
329
398
459
510
554
592
627
662
699
735
765
783
791
794
789
769
734
691
646
599
547
493
442
391
334
271
209
151
92
30
-32
-86
-134
-180
-222
-256
-284
-311
-338
-363
-381
-393
-401
-406
-408
-408
-407
-405
-407
-412
-420
-427
-434
-441
-446
-448
-451
-457
-464
-475
-496
-525
-554
-578
-603
-636
-668
-690
-704
-720
-741
-757
-767
-779
-798
-814
-822
-826
-831
-834
-828
-815
-799
-783
-764
-741
-719
-698
-675
-647
-616
-586
-563
-542
-519
-496
-480
-469
-455
-435
-415
-399
-381
-361
-346
-347
-359
-367
-368
-360
-335
-280
-196
-105
-24
50
127
197
248
280
315
373
455
557
674
800
917
1010
1080
1135
1178
1204
1212
1217
1229
1247
1264
1270
1264
1241
1200
1145
1082
1013
934
847
762
687
619
548
468
383
299
220
144
75
17
-27
-60
-85
-99
-107
-121
-145
-174
-196
-209
-216
-215
-201
-172
-141
-112
-89
-77
-84
-105
-125
-139
-155
-175
-190
-194
-192
-194
-205
-223
-249
-281
-313
-341
-364
-382
-392
-392
-383
-368
-348
-327
-307
-285
-255
-214
-166
-111
-47
23
93
161
227
292
352
408
464
526
586
646
706
761
798
816
823
826
820
803
778
753
728
698
666
630
585
529
466
400
333
263
193
127
68
14
-34
-74
-110
-145
-179
-213
-245
-273
-295
-312
-324
-332
-333
-330
-327
-323
-318
-311
-306
-303
-295
-283
-273
-273
-277
-278
-276
-277
-283
-288
-290
-290
-292
-294
-295
-297
-299
-299
-292
-278
-263
-249
-235
-215
-190
-161
-129
-90
-43
12
69
126
182
236
287
336
383
430
477
520
562
605
651
689
714
728
738
743
738
719
694
667
638
603
566
526
482
433
379
322
261
198
136
78
24
-27
-77
-124
-170
-214
-255
-294
-332
-363
-387
-404
-419
-432
-440
-448
-461
-477
-488
-493
-499
-507
-511
-508
-505
-507
-511
-515
-526
-544
-566
-585
-602
-621
-642
-659
-673
-687
-703
-721
-739
-758
-779
-800
-817
-830
-840
-849
-854
-850
-841
-835
-829
-817
-796
-775
-760
-742
-711
-675
-646
-625
-600
-568
-543
-527
-509
-478
-442
-414
-393
-364
-327
-298
-291
-296
-294
-278
-250
-207
-138
-47
44
119
184
247
305
344
370
405
466
549
646
754
865
962
1030
1075
1111
1140
1156
1162
1169
1185
1208
1224
1227
1217
1196
1160
1109
1048
987
923
854
782
718
662
600
523
439
363
293
224
156
100
60
29
2
-19
-39
-64
-99
-133
-159
-175
-185
-188
-180
-162
-138
-116
-106
-110
-127
-147
-165
-180
-191
-198
-204
-210
-215
-218
-225
-243
-273
-305
-333
-354
-369
-377
-379
-379
-377
-369
-356
-342
-327
-309
-282
-246
-202
-149
-90
-30
29
87
146
203
255
307
366
431
495
554
609
660
701
728
742
751
755
754
746
733
720
705
684
654
616
573
525
468
405
345
290
233
173
115
68
29
-11
-55
-96
-132
-164
-196
-225
-246
-263
-278
-290
-296
-298
-302
-306
-306
-300
-294
-289
-286
-284
-284
-284
-281
-279
-280
-286
-289
-287
-284
-282
-284
-286
-286
-284
-280
-273
-266
-257
-248
-238
-226
-207
-184
-160
-132
-94
-46
4
50
92
135
178
219
257
298
341
385
427
473
522
565
597
618
631
639
641
638
630
619
605
590
571
544
511
475
435
391
341
287
233
179
126
77
30
-19
-71
-126
-177
-222
-262
-302
-341
-375
-402
-425
-447
-469
-489
-509
-529
-547
-560
-567
-572
-576
-578
-578
-579
-585
-595
-606
-618
-631
-644
-655
-665
-675
-684
-691
-699
-708
-722
-738
-753
-767
-779
-792
-805
-815
-820
-824
-825
-820
-809
-800
-796
-787
-766
-741
-724
-711
-693
-667
-642
-623
-602
-575
-547
-523
-497
-464
-426
-394
-372
-357
-340
-317
-289
-254
-207
-142
-61
20
92
161
227
285
328
368
421
489
564
645
732
821
900
964
1019
1066
1101
1124
1143
1164
1183
1196
1204
1204
1194
1173
1147
1115
1075
1026
972
915
857
797
736
672
607
541
479
417
355
300
255
216
176
139
110
84
53
18
-12
-34
-56
-76
-85
-82
-74
-73
-76
-79
-85
-99
-118
-138
-156
-174
-189
-202
-214
-227
-243
-263
-287
-312
-335
-353
-372
-392
-410
-420
-425
-428
-428
-422
-411
-397
-377
-349
-315
-275
-232
-184
-135
-82
-27
28
82
136
195
259
324
385
443
497
547
587
620
648
669
684
694
703
710
710
703
687
664
635
601
567
528
482
431
381
333
284
235
189
147
106
65
27
-8
-42
-76
-108
-134
-154
-174
-190
-203
-212
-220
-227
-232
-235
-236
-235
-236
-238
-241
-245
-249
-254
-259
-262
-267
-274
-279
-279
-278
-284
-294
-300
-298
-297
-299
-300
-297
-292
-287
-280
-263
-240
-214
-186
-154
-117
-78
-41
-3
36
75
116
160
205
254
305
354
398
437
475
511
540
562
580
594
603
606
605
601
591
572
551
529
502
468
427
386
342
295
243
191
140
90
40
-9
-59
-106
-150
-190
-229
-267
-303
-338
-372
-405
-433
-457
-481
-501
-515
-522
-530
-540
-548
-555
-564
-576
-586
-593
-604
-618
-630
-636
-640
-650
-664
-676
-685
-696
-712
-728
-741
-754
-771
-788
-802
-811
-818
-828
-837
-841
-839
-833
-828
-821
-810
-798
-785
-768
-746
-724
-706
-690
-666
-634
-604
-578
-549
-516
-484
-456
-428
-396
-370
-354
-342
-319
-278
-228
-174
-111
-36
43
110
162
210
263
317
363
409
466
542
629
714
793
863
921
965
1000
1034
1068
1095
1114
1131
1151
1169
1177
1171
1152
1126
1097
1064
1028
987
943
898
854
805
749
685
622
562
507
453
404
362
328
296
263
228
193
156
118
81
49
26
10
-2
-9
-10
-11
-17
-33
-56
-81
-105
-127
-146
-162
-175
-188
-204
-223
-244
-266
-293
-323
-351
-372
-390
-405
-417
-425
-431
-436
-440
-440
-435
-425
-408
-386
-357
-322
-282
-238
-195
-150
-104
-57
-10
38
91
149
208
265
319
370
417
457
491
519
545
569
591
609
621
628
629
623
608
588
567
544
515
480
445
410
375
337
298
260
222
185
148
110
72
38
9
-18
-45
-71
-91
-107
-121
-136
-150
-161
-171
-180
-186
-191
-196
-203
-212
-220
-226
-229
-233
-240
-249
-254
-255
-258
-266
-276
-281
-283
-286
-288
-288
-287
-289
-292
-289
-278
-266
-254
-237
-211
-182
-153
-127
-101
-74
-44
-11
24
62
103
147
195
243
287
324
355
382
410
439
464
481
495
510
526
535
535
527
516
499
478
454
429
398
360
323
289
253
210
161
111
63
16
-33
-78
-119
-158
-196
-235
-275
-313
-350
-385
-421
-455
-482
-501
-515
-529
-540
-551
-565
-583
-600
-612
-623
-638
-653
-661
-663
-668
-676
-685
-694
-706
-721
-734
-744
-755
-770
-785
-795
-802
-811
-820
-827
-832
-838
-843
-844
-841
-834
-826
-815
-802
-785
-765
-749
-734
-715
-689
-664
-644
-623
-592
-551
-515
-488
-460
-429
-402
-381
-357
-321
-276
-228
-172
-99
-19
55
117
174
232
289
341
390
442
505
581
665
744
815
878
933
976
1010
1041
1071
1095
1111
1127
1146
1160
1163
1154
1140
1122
1096
1063
1029
994
956
916
876
830
776
720
666
615
563
513
471
434
400
368
339
309
274
235
196
160
128
101
82
70
60
52
44
29
5
-21
-46
-72
-101
-128
-148
-165
-186
-208
-229
-251
-276
-306
-334
-358
-380
-401
-417
-428
-438
-447
-454
-457
-457
-453
-443
-429
-409
-381
-345
-306
-269
-233
-194
-152
-110
-70
-26
25
79
135
189
243
293
336
373
403
430
458
486
508
525
540
553
562
562
555
546
534
514
489
466
446
422
389
354
323
294
262
227
193
164
137
110
84
59
35
10
-14
-35
-53
-69
-82
-94
-103
-108
-114
-123
-133
-142
-150
-160
-170
-179
-184
-190
-197
-204
-211
-220
-230
-239
-244
-249
-256
-262
-266
-268
-269
-271
-271
-269
-263
-254
-240
-222
-202
-180
-158
-136
-114
-89
-63
-34
-4
31
69
108
148
187
225
258
286
312
338
364
387
406
424
439
452
459
460
454
445
433
418
398
374
347
319
288
255
221
183
141
97
55
17
-20
-61
-102
-141
-178
-216
-254
-290
-326
-361
-393
-420
-443
-464
-484
-501
-516
-532
-549
-565
-582
-598
-611
-623
-634
-645
-653
-660
-667
-677
-689
-700
-711
-722
-734
-746
-757
-768
-778
-786
-793
-800
-804
-808
-813
-817
-815
-805
-796
-790
-784
-772
-758
-745
-732
-716
-696
-676
-657
-636
-607
-574
-542
-515
-492
-467
-439
-410
-384
-351
-305
-247
-186
-124
-56
17
86
144
195
248
306
366
428
496
569
643
713
780
842
897
941
976
1007
1039
1071
1097
1115
1123
1127
1129
1128
1120
1106
1087
1061
1030
996
963
928
889
846
802
757
711
667
629
592
554
516
481
451
423
394
363
329
293
259
233
213
195
177
159
143
125
103
78
49
21
-6
-32
-58
-84
-109
-134
-163
-195
-226
-251
-276
-303
-331
-354
-374
-394
-414
-428
-438
-446
-455
-459
-453
-440
-425
-408
-386
-359
-328
-298
-267
-235
-199
-160
-119
-74
-25
26
75
120
162
204
244
279
310
340
370
398
423
445
462
472
474
474
476
475
467
453
437
421
402
382
361
339
314
287
261
234
208
181
157
133
110
85
63
43
26
9
-8
-23
-34
-43
-51
-62
-74
-84
-92
-102
-112
-121
-127
-134
-143
-152
-159
-165
-176
-189
-198
-204
-209
-217
-225
-231
-236
-243
-249
-253
-254
-251
-247
-242
-233
-220
-205
-190
-175
-157
-138
-118
-96
-70
-38
-3
30
61
93
127
160
190
216
243
269
295
320
345
365
379
387
393
398
400
399
392
381
367
351
331
308
281
251
219
185
149
115
83
49
13
-25
-63
-100
-138
-176
-214
-250
-284
-314
-341
-363
-386
-408
-430
-450
-470
-490
-509
-526
-542
-556
-569
-581
-592
-602
-611
-620
-632
-645
-658
-667
-675
-688
-702
-716
-724
-731
-740
-751
-760
-767
-773
-780
-786
-786
-783
-782
-783
-782
-775
-764
-756
-749
-738
-722
-707
-696
-682
-658
-628
-602
-583
-562
-535
-507
-487
-474
-455
-422
-380
-332
-278
-214
-144
-76
-15
40
95
149
203
260
326
398
471
541
611
679
741
793
835
874
914
955
992
1024
1049
1068
1079
1084
1085
1083
1075
1060
1043
1024
1003
979
951
921
887
846
802
760
724
690
656
622
591
564
538
510
481
450
416
381
349
322
302
285
270
255
237
216
191
163
134
105
77
50
26
3
-21
-49
-81
-114
-146
-177
-206
-233
-258
-283
-308
-332
-353
-372
-389
-404
-417
-425
-426
-422
-413
-401
-387
-370
-350
-326
-300
-274
-248
-219
-186
-148
-107
-65
-23
17
56
90
121
151
180
209
238
265
291
314
330
342
351
359
361
359
356
353
349
338
323
305
290
274
257
238
219
200
181
161
142
123
104
83
62
45
31
18
6
-4
-11
-17
-27
-40
-51
-59
-68
-78
-85
-91
-96
-103
-109
-114
-118
-127
-139
-150
-156
-160
-166
-173
-181
-187
-192
-198
-204
-206
-207
-207
-205
-200
-192
-183
-173
-163
-152
-140
-128
-114
-95
-70
-44
-18
7
34
63
91
115
136
159
182
205
229
254
276
293
304
313
321
327
329
328
324
317
307
294
278
259
238
214
186
156
128
101
72
40
6
-27
-59
-94
-130
-165
-197
-230
-262
-291
-313
-334
-355
-379
-403
-425
-446
-467
-485
-503
-518
-530
-540
-549
-558
-567
-579
-591
-603
-612
-620
-631
-642
-650
-657
-665
-676
-685
-693
-700
-707
-713
-718
-726
-732
-732
-728
-726
-728
-728
-722
-714
-708
-700
-687
-672
-660
-652
-641
-621
-599
-582
-567
-548
-522
-496
-475
-457
-437
-413
-388
-363
-325
-268
-203
-144
-92
-35
28
86
132
173
220
274
332
396
469
544
609
663
710
756
800
840
872
900
927
951
972
990
1003
1010
1009
1002
993
984
972
955
934
910
883
851
818
788
760
727
689
656
630
605
576
551
530
508
480
446
416
391
368
346
330
320
310
296
278
257
233
207
179
152
131
115
96
72
43
15
-14
-47
-80
-108
-130
-153
-180
-206
-226
-246
-270
-296
-316
-330
-338
-343
-344
-341
-337
-331
-323
-312
-298
-283
-266
-248
-227
-201
-169
-135
-102
-69
-35
-5
20
43
68
95
121
144
167
189
209
223
233
239
242
245
248
250
248
242
233
222
209
197
187
173
156
138
123
111
97
81
65
49
31
14
3
-4
-12
-23
-33
-39
-42
-45
-50
-55
-60
-66
-72
-77
-80
-81
-82
-83
-85
-87
-89
-92
-97
-100
-102
-104
-107
-109
-111
-112
-116
-121
-123
-121
-117
-115
-112
-107
-100
-94
-88
-80
-70
-61
-52
-38
-20
2
22
38
53
69
85
102
120
139
158
176
190
202
214
226
236
241
245
249
250
247
242
238
231
217
200
183
167
148
125
100
76
52
26
-1
-29
-58
-89
-122
-154
-183
-211
-238
-265
-290
-311
-330
-350
-371
-391
-410
-428
-447
-462
-474
-483
-495
-508
-517
-524
-533
-544
-551
-555
-560
-569
-578
-584
-590
-596
-602
-606
-609
-613
-620
-625
-628
-632
-638
-644
-647
-646
-645
-645
-646
-642
-632
-622
-617
-613
-605
-595
-587
-580
-570
-557
-545
-536
-522
-501
-479
-461
-442
-422
-402
-383
-358
-320
-269
-215
-165
-117
-68
-19
29
75
121
169
219
273
331
396
461
516
560
599
642
687
727
759
787
816
841
861
876
888
896
897
896
894
892
884
869
851
832
814
795
774
751
728
704
678
652
627
607
590
574
559
542
521
499
480
465
451
435
420
412
408
401
388
369
348
325
301
280
263
247
228
204
177
150
121
92
60
28
-2
-28
-52
-78
-104
-129
-153
-178
-200
-216
-227
-237
-247
-254
-256
-256
-254
-247
-239
-230
-224
-214
-197
-177
-155
-132
-110
-89
-69
-49
-28
-10
6
21
39
59
77
93
105
113
116
117
119
119
117
113
109
104
97
89
79
68
53
39
27
16
7
-3
-13
-24
-35
-45
-52
-58
-65
-72
-77
-78
-79
-78
-77
-74
-74
-76
-78
-78
-75
-73
-71
-69
-66
-63
-61
-58
-55
-54
-56
-58
-57
-53
-50
-49
-48
-47
-47
-47
-47
-44
-39
-34
-29
-24
-17
-9
-1
5
12
21
33
48
63
78
92
105
117
130
145
160
172
182
194
207
219
227
233
238
240
241
241
242
240
233
223
213
201
189
175
157
137
114
90
65
41
17
-5
-29
-56
-84
-112
-138
-165
-192
-218
-241
-263
-284
-305
-324
-344
-363
-381
-399
-414
-426
-436
-447
-459
-469
-477
-487
-499
-509
-515
-520
-529
-538
-544
-546
-551
-558
-565
-571
-576
-580
-584
-587
-590
-595
-599
-603
-604
-605
-604
-604
-603
-601
-595
-589
-585
-580
-570
-561
-555
-550
-541
-529
-516
-504
-491
-478
-466
-451
-433
-415
-402
-390
-375
-354
-327
-294
-249
-200
-156
-119
-78
-32
13
48
81
121
172
229
285
340
390
434
474
514
553
591
625
654
682
710
738
759
768
771
777
785
792
793
791
787
780
766
752
741
730
712
691
674
659
643
624
609
600
591
577
561
549
539
526
510
495
485
479
475
471
468
460
445
423
399
379
366
353
335
313
292
273
250
221
189
159
132
104
77
54
31
6
-23
-52
-77
-99
-119
-136
-150
-158
-165
-173
-179
-182
-182
-182
-182
-179
-171
-159
-147
-134
-118
-103
-91
-83
-73
-59
-45
-36
-30
-20
-6
6
11
13
14
13
9
5
2
1
-4
-13
-23
-30
-37
-46
-58
-67
-74
-82
-91
-100
-104
-105
-110
-117
-122
-123
-124
-127
-128
-122
-115
-110
-107
-103
-97
-94
-94
-91
-85
-77
-72
-68
-61
-54
-50
-51
-51
-49
-47
-45
-43
-40
-36
-33
-33
-34
-34
-31
-28
-26
-23
-16
-8
-3
2
10
19
23
28
38
54
66
75
85
99
115
125
133
143
156
167
175
184
196
205
211
213
215
215
214
209
203
197
191
183
172
159
145
131
114
94
73
54
35
14
-10
-32
-52
-73
-98
-123
-145
-167
-190
-213
-232
-247
-264
-284
-302
-317
-331
-348
-364
-376
-384
-394
-406
-416
-423
-432
-445
-457
-464
-471
-482
-495
-504
-509
-515
-524
-533
-539
-544
-551
-561
-567
-570
-572
-578
-587
-592
-591
-590
-592
-594
-590
-582
-576
-572
-563
-547
-533
-528
-525
-515
-500
-490
-482
-470
-452
-435
-422
-410
-396
-381
-367
-353
-338
-323
-309
-295
-278
-255
-223
-185
-146
-109
-74
-37
-1
33
68
105
142
181
227
280
332
372
404
437
472
502
528
560
598
631
653
670
687
701
709
716
727
738
741
736
731
727
721
710
696
682
670
660
649
636
620
605
592
581
572
565
557
545
529
516
506
498
492
489
489
486
480
471
460
443
421
401
388
379
367
348
326
305
282
255
224
197
175
153
126
96
70
46
19
-10
-36
-55
-73
-91
-104
-112
-120
-133
-147
-157
-160
-162
-164
-162
-156
-149
-143
-135
-125
-116
-109
-107
-104
-98
-89
-79
-71
-66
-61
-55
-53
-57
-61
-60
-59
-62
-71
-78
-81
-85
-92
-103
-111
-118
-128
-139
-146
-147
-148
-154
-163
-168
-168
-169
-173
-177
-176
-172
-166
-161
-154
-146
-140
-138
-138
-132
-121
-110
-104
-99
-90
-78
-68
-63
-59
-51
-45
-42
-39
-31
-23
-18
-16
-13
-7
-5
-5
-4
3
10
13
14
20
28
35
37
38
41
46
53
60
68
78
89
99
107
115
122
130
135
140
148
159
167
171
172
175
175
173
169
168
168
162
153
143
135
127
114
100
86
70
50
29
10
-6
-22
-41
-62
-83
-102
-121
-141
-161
-180
-197
-212
-227
-241
-256
-271
-288
-304
-315
-324
-334
-347
-359
-367
-372
-381
-392
-400
-407
-417
-429
-439
-443
-446
-453
-462
-470
-475
-480
-487
-494
-499
-502
-509
-517
-522
-522
-520
-523
-530
-533
-529
-524
-521
-520
-512
-499
-489
-486
-483
-475
-464
-455
-448
-439
-424
-410
-403
-397
-387
-371
-356
-347
-340
-326
-304
-283
-270
-258
-230
-187
-146
-118
-95
-67
-34
-6
20
58
107
152
185
217
261
308
342
363
386
420
457
489
515
542
570
589
598
607
622
642
657
663
668
673
675
670
664
663
665
663
654
645
641
641
637
629
623
621
620
616
610
604
596
586
580
583
588
590
585
576
567
554
538
525
518
510
495
475
459
444
424
395
365
341
318
290
259
233
211
185
151
118
92
72
51
27
5
-12
-29
-49
-67
-81
-92
-105
-117
-127
-130
-131
-131
-132
-132
-131
-130
-132
-133
-131
-128
-127
-126
-123
-116
-111
-114
-117
-119
-119
-122
-126
-126
-126
-132
-144
-153
-155
-158
-166
-175
-178
-179
-187
-199
-205
-205
-206
-212
-217
-215
-210
-211
-216
-214
-203
-192
-189
-186
-174
-159
-151
-150
-145
-130
-115
-106
-96
-81
-64
-56
-54
-48
-36
-23
-17
-13
-2
9
15
15
16
22
29
31
32
38
47
52
51
49
51
55
59
62
68
76
82
85
89
95
102
107
113
121
130
136
139
143
150
159
164
165
168
173
177
173
168
167
168
164
157
150
145
137
122
106
94
84
68
49
32
19
3
-17
-39
-59
-77
-95
-114
-130
-144
-161
-180
-201
-218
-232
-248
-265
-279
-289
-299
-313
-327
-337
-344
-354
-366
-375
-381
-387
-399
-409
-415
-419
-426
-436
-442
-441
-441
-450
-462
-469
-469
-469
-475
-482
-482
-480
-484
-492
-493
-486
-481
-486
-491
-485
-473
-468
-469
-466
-458
-450
-448
-444
-433
-422
-415
-412
-405
-394
-385
-378
-369
-358
-345
-333
-320
-306
-289
-271
-250
-222
-189
-157
-130
-106
-78
-48
-19
8
38
75
113
147
179
213
248
278
304
333
368
400
424
444
470
498
517
525
532
547
566
580
586
591
598
602
600
600
605
611
612
608
607
610
612
609
605
605
606
605
604
604
603
597
591
591
597
601
597
589
583
580
572
560
549
541
532
516
497
480
467
451
429
402
376
353
329
300
271
244
219
191
161
135
113
91
66
40
20
4
-13
-32
-49
-62
-73
-86
-99
-106
-109
-113
-119
-125
-129
-132
-135
-142
-147
-148
-147
-149
-151
-152
-151
-154
-164
-172
-173
-172
-175
-181
-187
-193
-201
-210
-215
-215
-215
-219
-226
-231
-233
-234
-238
-242
-244
-241
-236
-233
-231
-228
-221
-214
-211
-205
-194
-181
-174
-170
-162
-149
-137
-130
-122
-110
-96
-85
-76
-68
-60
-53
-46
-37
-28
-20
-14
-8
-2
5
8
9
10
18
28
35
36
38
42
45
47
49
55
64
70
72
76
84
90
91
92
98
107
114
117
120
123
127
129
130
132
136
138
135
131
128
127
124
117
110
104
99
92
81
71
60
48
33
19
7
-4
-17
-33
-51
-68
-83
-98
-113
-128
-143
-157
-172
-188
-203
-217
-233
-248
-260
-269
-279
-292
-304
-313
-321
-331
-344
-354
-361
-368
-379
-388
-393
-398
-405
-414
-420
-421
-424
-432
-441
-443
-443
-448
-456
-460
-458
-456
-460
-468
-469
-464
-461
-463
-466
-463
-456
-453
-453
-452
-444
-432
-425
-422
-418
-407
-396
-389
-385
-373
-354
-339
-333
-329
-316
-295
-279
-272
-262
-243
-216
-194
-174
-146
-111
-82
-66
-51
-25
8
34
54
82
120
156
181
202
230
262
288
309
331
357
380
398
415
434
453
469
481
493
507
522
533
537
539
544
551
557
561
565
572
578
582
586
590
591
588
586
591
599
601
597
591
590
591
592
593
596
597
591
578
567
562
558
547
530
515
504
493
476
455
438
422
402
377
354
335
316
290
260
233
211
192
170
144
120
100
81
60
38
20
6
-10
-30
-49
-60
-67
-78
-92
-103
-107
-112
-122
-134
-142
-145
-151
-161
-168
-172
-175
-179
-184
-188
-191
-196
-202
-206
-209
-212
-218
-225
-232
-237
-238
-235
-232
-234
-239
-241
-240
-242
-244
-243
-238
-234
-233
-231
-224
-217
-213
-210
-204
-195
-186
-176
-167
-160
-155
-148
-139
-128
-116
-104
-92
-82
-74
-66
-56
-47
-40
-33
-21
-11
-4
1
8
17
23
26
30
38
49
56
57
57
58
61
65
72
81
86
88
88
92
98
100
100
100
103
106
108
110
112
111
108
106
108
110
108
106
103
98
89
81
74
69
63
58
53
45
32
18
10
3
-8
-23
-38
-49
-60
-72
-85
-96
-109
-125
-139
-149
-158
-172
-190
-207
-216
-224
-236
-249
-258
-265
-277
-292
-303
-306
-311
-323
-336
-343
-345
-352
-363
-370
-372
-375
-383
-389
-388
-387
-392
-401
-406
-405
-404
-408
-412
-412
-409
-409
-409
-405
-400
-399
-400
-398
-391
-383
-380
-378
-373
-364
-355
-350
-345
-336
-325
-317
-313
-307
-295
-282
-274
-268
-255
-234
-219
-215
-209
-187
-160
-142
-128
-106
-76
-53
-42
-25
6
38
54
66
92
130
159
174
189
212
235
250
265
290
318
336
344
356
375
391
396
399
415
439
456
459
460
468
478
483
486
494
506
514
516
521
531
540
540
536
537
546
556
559
557
557
560
564
563
561
562
564
561
554
549
547
543
530
516
508
504
495
478
460
446
430
409
388
372
356
336
311
287
267
246
225
205
189
171
147
124
106
91
73
51
33
21
11
-2
-16
-27
-36
-49
-66
-76
-80
-85
-97
-110
-117
-120
-128
-143
-154
-156
-157
-162
-172
-181
-187
-196
-206
-215
-218
-219
-223
-231
-238
-239
-238
-244
-254
-259
-254
-246
-247
-252
-252
-246
-242
-244
-243
-235
-227
-225
-224
-215
-204
-197
-197
-191
-178
-165
-157
-149
-137
-127
-120
-113
-103
-92
-84
-76
-66
-55
-48
-43
-36
-26
-16
-11
-8
-4
2
8
12
16
20
25
29
32
38
43
46
46
48
51
55
57
59
62
63
65
68
72
75
73
71
72
74
74
71
69
68
65
60
55
52
48
42
35
29
24
18
10
1
-7
-16
-24
-33
-42
-52
-60
-69
-79
-91
-103
-116
-126
-135
-144
-154
-165
-177
-186
-193
-201
-211
-222
-229
-235
-242
-251
-259
-264
-270
-278
-286
-289
-291
-298
-308
-313
-311
-310
-316
-326
-328
-325
-326
-332
-335
-331
-327
-331
-336
-334
-328
-328
-334
-338
-331
-323
-321
-323
-320
-312
-305
-302
-299
-295
-289
-283
-278
-271
-262
-252
-244
-237
-230
-222
-213
-204
-195
-186
-175
-163
-151
-140
-129
-117
-104
-88
-70
-52
-35
-18
-1
14
29
45
63
80
95
113
135
157
173
183
193
206
222
238
254
268
279
287
296
310
325
337
344
350
361
372
379
382
386
395
403
409
416
425
433
435
436
442
451
457
457
458
462
466
467
465
466
470
472
472
470
468
467
464
460
455
450
444
437
429
422
415
404
391
378
367
358
345
329
311
294
278
262
247
232
217
200
181
164
150
136
118
100
86
75
61
43
28
20
14
5
-9
-18
-23
-29
-41
-55
-66
-73
-81
-89
-93
-97
-103
-114
-124
-130
-132
-137
-144
-154
-162
-169
-174
-179
-184
-191
-197
-200
-201
-203
-208
-215
-219
-221
-222
-223
-224
-223
-222
-221
-221
-219
-216
-213
-211
-208
-204
-199
-195
-193
-188
-181
-173
-165
-159
-153
-146
-136
-128
-123
-119
-114
-106
-96
-88
-81
-76
-71
-66
-59
-52
-46
-41
-37
-34
-32
-29
-25
-22
-19
-15
-9
-2
2
4
4
5
7
9
11
15
20
23
24
24
27
31
34
35
36
37
37
35
34
35
35
32
28
26
27
27
23
16
10
4
-1
-6
-11
-16
-21
-28
-35
-40
-45
-51
-59
-67
-74
-81
-89
-96
-102
-109
-117
-123
-128
-135
-146
-155
-161
-165
-171
-179
-187
-193
-198
-204
-210
-213
-215
-219
-223
-226
-225
-223
-224
-226
-228
-229
-229
-231
-232
-232
-233
-236
-240
-244
-246
-248
-250
-252
-253
-254
-253
-251
-249
-250
-251
-250
-247
-243
-239
-234
-229
-226
-222
-215
-208
-204
-201
-196
-187
-177
-170
-166
-161
-156
-148
-140
-131
-122
-115
-111
-108
-103
-91
-74
-59
-48
-37
-25
-12
-2
7
17
33
49
62
74
85
97
105
110
117
129
146
160
169
177
186
196
200
203
209
219
229
237
245
255
263
267
273
281
289
296
302
309
314
318
321
328
335
340
341
343
346
349
347
345
347
351
354
354
355
357
356
353
350
352
356
356
353
348
345
342
338
333
329
324
319
313
307
299
286
271
259
250
240
228
215
202
190
180
170
160
148
136
126
119
114
107
98
88
81
76
70
64
60
56
49
40
32
26
20
13
4
-1
-5
-12
-23
-31
-35
-37
-43
-53
-60
-62
-63
-68
-75
-77
-77
-79
-85
-91
-92
-94
-99
-105
-109
-109
-110
-112
-114
-115
-116
-117
-120
-120
-118
-117
-115
-114
-113
-110
-106
-102
-99
-95
-91
-86
-80
-74
-70
-69
-67
-63
-59
-55
-51
-46
-42
-40
-38
-34
-30
-29
-30
-30
-28
-25
-24
-23
-22
-21
-21
-21
-20
-19
-18
-18
-18
-18
-16
-14
-14
-15
-15
-13
-11
-10
-9
-7
-7
-9
-13
-13
-12
-13
-15
-17
-17
-19
-21
-24
-26
-27
-30
-34
-38
-40
-43
-46
-52
-57
-60
-64
-69
-74
-78
-81
-85
-91
-97
-100
-104
-109
-114
-118
-122
-128
-134
-139
-142
-145
-150
-155
-160
-162
-164
-166
-168
-168
-167
-166
-165
-165
-166
-166
-164
-162
-161
-162
-165
-167
-169
-169
-168
-168
-169
-172
-174
-175
-175
-175
-175
-175
-175
-175
-176
-177
-177
-175
-174
-173
-171
-169
-168
-165
-161
-155
-150
-148
-144
-138
-131
-127
-124
-120
-114
-110
-107
-102
-96
-90
-85
-81
-75
-69
-66
-62
-55
-45
-36
-28
-20
-11
-4
1
7
15
24
29
32
36
42
47
53
59
65
69
72
76
82
88
92
94
96
100
105
110
114
119
124
128
134
140
143
146
150
156
163
166
168
170
173
177
182
186
191
193
194
197
201
204
204
205
208
212
217
220
222
222
221
220
221
222
223
222
220
219
220
220
217
212
208
206
204
202
199
196
190
182
176
174
172
169
164
160
157
154
149
143
137
132
127
124
123
122
118
112
106
101
98
94
90
85
81
77
72
67
63
60
56
51
47
44
40
35
30
27
25
22
18
14
12
9
7
5
2
-3
-7
-10
-13
-16
-18
-20
-23
-25
-27
-27
-27
-29
-31
-34
-36
-37
-36
-36
-37
-37
-37
-37
-38
-39
-40
-39
-39
-39
-38
-38
-38
-38
-39
-39
-38
-37
-36
-34
-34
-34
-35
-35
-35
-34
-35
-36
-36
-35
-35
-34
-34
-34
-34
-35
-36
-36
-36
-36
-38
-39
-38
-38
-39
-40
-41
-41
-43
-45
-45
-45
-47
-49
-51
-52
-53
-55
-56
-57
-58
-60
-62
-63
-64
-66
-69
-72
-74
-76
-78
-80
-81
-83
-85
-88
-90
-92
-95
-96
-98
-99
-101
-104
-106
-106
-106
-107
-110
-111
-112
-112
-114
-114
-115
-116
-118
-121
-121
-121
-121
-122
-123
-124
-125
-126
-127
-127
-126
-125
-125
-124
-124
-125
-125
-125
-124
-123
-121
-120
-118
-117
-117
-117
-117
-117
-115
-113
-111
-110
-107
-105
-103
-103
-101
-98
-96
-93
-90
-85
-81
-81
-81
-80
-76
-72
-69
-68
-67
-66
-65
-63
-61
-59
-58
-56
-53
-49
-44
-40
-37
-33
-30
-26
-22
-17
-12
-7
-5
-2
3
9
12
14
18
23
27
29
30
33
36
38
39
41
45
47
49
51
55
59
62
65
67
69
72
74
77
81
83
84
84
85
87
90
93
94
96
96
98
99
101
102
103
105
110
114
118
118
118
120
123
126
128
128
127
127
128
130
131
130
127
125
123
123
123
121
116
112
110
109
108
107
105
102
98
96
96
97
94
90
89
89
89
87
84
83
83
84
83
82
82
80
77
74
75
75
74
70
68
69
69
67
63
61
60
59
57
56
55
54
52
50
49
48
47
45
43
42
40
38
34
31
29
27
26
24
23
21
19
18
17
15
13
13
13
14
13
12
13
13
14
14
14
15
14
13
12
12
11
9
7
6
6
5
3
2
1
1
0
-1
-2
-3
-3
-5
-6
-7
-8
-7
-7
-8
-9
-10
-11
-13
-13
-13
-14
-16
-19
-20
-20
-22
-26
-29
-30
-29
-30
-31
-33
-34
-34
-36
-38
-39
-40
-41
-42
-42
-42
-42
-45
-47
-49
-50
-51
-51
-52
-55
-57
-59
-60
-62
-65
-67
-68
-69
-71
-71
-71
-71
-73
-74
-74
-73
-72
-73
-73
-73
-73
-75
-77
-77
-75
-75
-77
-78
-78
-80
-81
-82
-82
-81
-81
-83
-85
-85
-85
-86
-87
-88
-87
-87
-86
-86
-85
-83
-84
-85
-85
-84
-81
-81
-82
-82
-81
-81
-81
-81
-80
-79
-78
-78
-78
-78
-78
-77
-75
-74
-73
-72
-70
-67
-65
-63
-61
-60
-59
-57
-55
-53
-51
-49
-48
-47
-45
-44
-44
-44
-44
-42
-40
-39
-38
-37
-36
-35
-34
-31
-28
-26
-24
-22
-19
-17
-17
-16
-14
-13
-11
-7
-3
0
2
2
2
3
5
7
9
12
14
15
16
16
16
18
21
24
27
30
31
32
33
35
37
39
41
42
42
44
45
47
48
48
47
47
49
49
49
48
49
50
51
51
52
52
53
53
53
55
56
56
56
56
57
58
59
59
58
58
60
62
63
64
63
63
63
63
64
66
66
64
63
63
64
63
62
61
61
60
60
60
60
60
58
57
58
59
58
57
56
56
56
55
53
52
51
52
52
53
53
52
52
52
51
50
49
49
48
46
46
47
48
48
48
47
47
48
49
50
50
49
47
45
45
44
43
42
41
39
38
37
37
36
35
35
34
34
34
32
31
31
31
30
28
27
26
24
21
19
18
19
19
18
18
18
18
18
18
18
18
20
21
20
19
17
16
14
13
11
12
12
12
12
11
11
10
9
9
10
11
10
7
5
2
0
-2
-4
-5
-7
-8
-10
-11
-13
-16
-20
-21
-22
-22
-22
-23
-24
-25
-26
-27
-27
-27
-27
-27
-27
-27
-27
-29
-30
-29
-28
-28
-30
-30
-30
-30
-30
-30
-31
-32
-33
-34
-35
-36
-37
-37
-36
-37
-38
-38
-39
-40
-42
-44
-45
-45
-46
-47
-49
-51
-54
-55
-54
-54
-55
-56
-56
-56
-56
-55
-54
-54
-55
-55
-53
-52
-51
-50
-49
-48
-47
-47
-47
-46
-45
-45
-44
-44
-43
-42
-40
-39
-38
-38
-39
-40
-41
-41
-41
-40
-40
-40
-40
-39
-37
-36
-36
-36
-36
-36
-35
-36
-37
-38
-37
-35
-34
-33
-32
-31
-29
-28
-28
-26
-24
-23
-24
-24
-23
-22
-21
-19
-17
-16
-15
-14
-13
-12
-12
-11
-9
-6
-5
-4
-2
-1
1
2
4
5
6
5
5
6
5
5
5
6
7
8
9
10
10
10
12
13
14
13
13
13
14
14
16
17
19
21
22
23
24
24
25
26
26
27
28
29
29
28
28
29
30
30
29
30
31
30
28
28
29
31
32
34
35
36
36
36
35
35
35
34
34
34
33
33
32
31
31
32
33
33
33
31
31
31
31
30
29
29
30
31
34
35
36
36
37
38
38
38
36
35
34
34
33
33
33
32
31
30
30
29
26
24
25
27
27
26
26
27
28
28
28
29
29
27
27
26
25
24
22
22
22
21
20
20
18
17
16
16
15
14
12
10
10
10
10
10
10
9
9
9
10
9
9
9
9
8
8
7
7
5
4
3
3
2
1
1
1
1
0
-1
-1
-2
-3
-4
-5
-5
-6
-8
-8
-8
-8
-9
-9
-10
-9
-9
-9
-10
-11
-11
-11
-12
-13
-13
-14
-16
-17
-17
-16
-15
-16
-16
-16
-15
-15
-16
-17
-17
-16
-16
-16
-16
-17
-17
-17
-17
-17
-17
-17
-17
-16
-15
-15
-16
-16
-17
-17
-18
-18
-17
-17
-17
-19
-20
-21
-22
-23
-23
-23
-22
-22
-23
-24
-24
-23
-23
-24
-24
-24
-24
-23
-23
-23
-23
-24
-23
-23
-23
-23
-23
-22
-21
-21
-21
-21
-21
-20
-20
-20
-21
-21
-22
-22
-22
-21
-20
-21
-22
-23
-23
-21
-21
-21
-22
-23
-23
-24
-26
-27
-26
-26
-26
-27
-26
-25
-25
-25
-25
-24
-24
-25
-24
-23
-23
-23
-23
-23
-24
-24
-23
-22
-20
-20
-21
-20
-19
-19
-19
-18
-17
-17
-17
-16
-15
-14
-13
-13
-14
-13
-13
-13
-13
-13
-12
-11
-11
-11
-11
-11
-10
-9
-9
-9
-9
-9
-10
-10
-10
-9
-9
-9
-9
-8
-6
-5
-5
-5
-4
-3
-2
-2
-3
-3
-2
-1
0
0
0
1
1
2
2
3
4
5
5
5
5
6
6
7
8
9
10
11
11
11
11
11
11
10
10
10
11
11
10
10
11
12
11
11
11
13
13
13
13
13
14
14
14
14
16
16
16
17
18
18
17
16
16
16
15
15
15
14
13
13
13
14
15
16
16
15
14
14
15
15
15
15
16
16
16
14
13
13
14
14
14
14
14
14
14
14
14
13
13
14
14
15
15
14
13
13
14
14
14
14
14
15
14
13
12
13
13
12
12
12
11
9
9
9
9
9
9
9
9
8
8
9
9
8
6
6
6
6
5
6
7
8
8
7
7
7
6
5
5
5
5
5
5
5
5
5
5
5
5
5
4
4
3
3
3
2
2
2
2
2
2
3
3
2
2
1
1
1
1
1
1
1
1
0
-1
-1
-2
-2
-3
-3
-2
-2
-2
-4
-5
-5
-5
-5
-5
-4
-4
-5
-6
-7
-7
-6
-6
-7
-8
-7
-7
-7
-8
-7
-7
-7
-8
-9
-9
-9
-9
-9
-8
-8
-7
-8
-8
-9
-9
-10
-11
-11
-10
-10
-11
-11
-11
-11
-12
-12
-12
-12
-12
-13
-13
-13
-13
-13
-13
-13
-13
-13
-12
-12
-12
-12
-12
-12
-11
-12
-12
-12
-12
-11
-11
-10
-10
-10
-9
-9
-8
-8
-9
-8
-8
-8
-8
-7
-7
-7
-8
-7
-7
-6
-6
-5
-5
-5
-5
-4
-4
-4
-4
-4
-4
-3
-2
-2
-2
-2
-1
0
0
1
1
1
2
2
2
3
3
4
4
4
4
3
3
3
5
5
6
6
5
5
5
6
7
7
8
8
9
9
9
9
10
10
10
10
10
10
10
11
12
13
13
13
12
12
12
12
13
13
13
13
13
13
12
12
11
11
12
12
12
12
13
13
12
10
9
10
11
11
11
11
12
12
12
12
12
13
12
12
12
12
12
12
12
11
10
10
10
11
10
9
9
9
9
9
9
10
10
10
10
9
8
8
8
7
6
6
7
7
7
7
6
6
6
6
7
7
6
6
6
6
6
6
6
6
6
6
6
5
5
5
5
5
5
5
4
4
4
4
5
5
4
3
3
3
3
2
2
2
2
2
2
2
1
1
1
1
1
1
1
1
0
0
1
2
2
2
2
2
1
1
1
1
1
1
1
0
0
0
0
-1
-1
-1
-1
-1
-2
-2
-2
-2
-3
-3
-3
-3
-4
-4
-3
-3
-4
-5
-5
-5
-4
-4
-4
-4
-4
-3
-3
-4
-5
-5
-5
-5
-5
-5
-5
-5
-5
-5
-5
-5
-5
-5
-5
-5
-6
-6
-6
-6
-7
-7
-6
-6
-6
-6
-6
-7
-7
-7
-7
-6
-6
-6
-7
-8
-8
-7
-6
-6
-7
-8
-8
-7
-6
-6
-6
-6
-6
-6
-7
-7
-6
-6
-6
-7
-6
-5
-5
-5
-6
-6
-6
-6
-6
-6
-6
-5
-5
-6
-6
-6
-6
-6
-6
-6
-5
-5
-5
-5
-5
-4
-4
-5
-5
-5
-5
-5
-5
-5
-4
-4
-4
-4
-5
-4
-4
-4
-4
-4
-4
-4
-3
-3
-2
-2
-3
-3
-3
-3
-3
-3
-3
-3
-3
-3
-2
-2
-2
-2
-2
-2
-2
-3
-3
-3
-2
-2
-3
-2
-2
-2
-2
-2
-2
-2
-2
-2
-2
-2
-2
-2
-2
-2
-2
-2
-2
-2
-2
-2
-2
-2
-2
-2
-2
-2
-2
-2
-2
-2
-2
-2
-2
-2
-1
-2
-2
-2
-2
-2
-2
-2
-2
-1
-1
-1
-1
-1
-1
-1
-1
-1
-1
-2
-2
-2
-2
-2
-2
-2
-2
-2
-2
-2
-2
-2
-2
-1
-1
-1
-1
-1
-1
-1
0
0
0
0
0
0
0
0
0
1
1
0
0
0
0
0
0
1
1
2
2
1
0
0
1
2
2
2
2
2
1
1
1
2
2
2
2
2
2
2
2
2
2
2
2
2
2
3
3
3
3
3
3
3
3
3
3
4
4
4
3
3
3
4
4
4
3
3
3
4
3
3
3
3
3
2
2
3
3
3
2
2
2
2
2
2
2
2
2
2
3
3
2
2
2
2
3
3
3
2
2
2
2
2
2
2
2
2
2
2
1
1
1
1
1
1
1
1
1
0
0
-1
0
0
0
0
0
0
0
0
-1
0
0
0
-1
-1
-1
0
-1
-1
-1
-1
0
0
-1
-1
-1
-1
-1
-1
-1
-1
-1
-1
-1
-1
-1
-1
-1
0
0
-1
-1
-1
-1
-2
-2
-2
-1
-1
-1
-1
-2
-2
-2
-2
-2
-2
-2
-2
-2
-2
-2
-2
-2
-2
-2
-2
-3
-2
-2
-2
-2
-3
-3
-3
-2
-2
-2
-2
-2
-2
-2
-2
-2
-2
-2
-3
-3
-3
-2
-2
-2
-3
-2
-2
-2
-3
-3
-3
-2
-2
-3
-3
-3
-2
-3
-3
-3
-3
-2
-2
-2
-2
-2
-2
-3
-3
-3
-3
-3
-3
-3
-3
-3
-3
-2
-2
-3
-4
-3
-3
-2
-3
-3
-2
-2
-2
-2
-2
-2
-2
-2
-2
-2
-2
-2
-2
-2
-2
-2
-2
-2
-2
-2
-2
-2
-2
-2
-2
-2
-2
-2
-2
-2
-2
-2
-1
-1
-2
-2
-2
-2
-1
-1
-1
0
0
0
0
-1
-1
0
-1
-1
-1
0
0
0
0
0
0
0
0
0
1
1
0
0
1
1
1
0
1
1
2
2
2
1
1
1
1
1
1
1
1
2
2
1
1
1
1
1
1
2
2
2
1
2
2
1
1
1
2
2
2
2
2
2
1
1
2
2
2
1
1
2
1
1
1
1
1
1
1
1
1
1
0
0
0
1
1
1
1
2
1
1
1
1
1
1
0
0
1
1
0
1
1
0
0
0
0
0
1
0
0
0
0
0
0
0
0
1
0
0
0
0
0
0
0
-1
-2
-2
-1
-1
-1
-2
-2
-2
-2
-2
-2
-1
-1
-1
-2
-2
-2
-2
-1
-1
-1
-1
-1
-2
-2
-1
-2
-2
-2
-2
-2
-1
-1
-2
-2
-2
-2
-1
-1
-1
-1
-1
-1
-1
-1
-1
-1
-1
-1
0
0
-1
-1
-1
-1
-1
-1
-1
-2
-1
-1
0
-1
-1
-1
-1
0
0
0
-1
-1
0
0
0
0
0
0
0
0
0
1
1
1
0
0
0
0
0
0
0
0
0
0
-1
-1
-1
-1
0
0
-1
-1
0
0
-1
0
0
1
0
0
0
0
0
0
0
0
0
0
0
1
0
0
0
0
1
1
1
0
0
0
0
1
1
1
1
1
1
1
1
1
0
0
1
1
1
1
1
0
0
1
1
1
0
0
0
0
1
1
2
1
0
0
1
1
1
1
1
1
1
1
1
1
1
1
1
1
1
1
1
1
1
1
1
1
1
1
1
1
1
1
1
1
1
1
1
0
0
0
1
1
1
1
1
1
1
1
1
1
1
1
1
1
1
1
1
1
1
1
1
1
1
1
1
1
2
2
1
1
1
2
2
2
2
2
2
1
1
1
1
1
1
1
1
1
2
1
1
0
1
1
1
1
1
1
1
1
1
1
0
1
1
1
1
1
1
2
1
1
0
1
1
2
2
2
2
1
1
1
1
1
1
1
1
1
1
1
2
2
1
1
1
0
1
1
1
1
1
1
1
1
1
1
1
1
1
1
1
1
1
1
1
1
1
1
1
0
0
0
1
1
0
0
0
1
1
1
0
0
0
1
1
1
1
0
0
0
1
1
1
0
0
1
1
1
1
1
1
1
1
1
1
1
1
1
1
0
0
0
1
1
0
0
0
0
0
0
0
0
0
0
0
0
0
0
0
-1
0
0
0
0
0
0
0
0
0
0
0
0
0
0
0
0
-1
0
0
0
0
0
0
0
1
0
0
0
0
0
0
0
1
1
1
0
0
0
0
0
0
0
0
0
0
0
0
0
0
0
0
0
0
0
0
-1
0
0
0
0
0
0
0
0
0
0
0
0
1
1
1
0
0
0
0
0
0
0
1
1
0
0
0
0
0
0
0
-1
-1
-1
-1
-1
-1
-1
-1
0
0
-1
-1
-1
0
0
0
0
0
0
-1
-1
-1
0
0
0
-1
-1
-1
-1
-1
0
0
-1
-1
-1
-1
-1
0
0
-1
0
0
0
0
-1
-1
-1
0
0
-1
-1
-1
-1
-1
0
0
-1
-2
-2
-1
-1
-2
-2
-1
-1
-1
-1
-1
-1
-1
-2
-2
-2
-1
-1
-2
-2
-2
-1
-1
-2
-2
-1
-1
-2
-2
-1
-1
-1
-2
-1
-1
-2
-2
-2
-2
-2
-2
-2
-2
-1
-1
-1
-1
-1
-2
-2
-1
-1
-2
-2
-2
-2
-2
-2
-2
-2
-2
-2
-2
-2
-2
-2
-2
-2
-2
-2
-2
-2
-2
-2
-2
-3
-3
-2
-2
-1
-2
-2
-3
-2
-2
-2
-2
-2
-2
-2
-2
-2
-2
-2
-2
-2
-2
-2
-2
-2
-2
-2
-2
-2
-2
-2
-2
-2
-2
-2
-2
-2
-2
-3
-2
-2
-2
-2
-2
-2
-2
-2
-2
-2
-2
-2
-2
-2
-2
-2
-2
-2
-2
-2
-2
-2
-2
-2
-3
-3
-2
-2
-2
-2
-2
-2
-2
-2
-3
-3
-3
-3
-2
-2
-2
-2
-2
-2
-2
-2
-2
-2
-3
-2
-2
-2
-2
-3
-3
-3
-2
-2
-2
-2
-2
-2
-2
-2
-2
-2
-2
-2
-2
-2
-2
-2
-2
-2
-2
-2
-2
-2
-1
-1
-1
-2
-2
-1
-2
-2
-2
-1
-2
-2
-2
-1
-1
-2
-3
-2
-2
-2
-2
-2
-2
-2
-2
-2
-2
-2
-2
-2
-2
-2
-2
-2
-1
-2
-2
-2
-1
-1
-1
-1
-1
-1
-2
-1
-1
0
-1
-1
-1
-1
-1
-1
0
-1
-1
-2
-1
-1
-1
-1
-1
-1
-1
-2
-2
-2
-1
-1
-1
-2
-2
-1
-1
-2
-2
-1
-1
-1
-1
-1
-1
-1
-1
-1
-1
-1
-1
0
0
0
0
0
0
0
0
0
0
-1
-1
-1
0
0
0
0
0
0
0
0
0
0
0
0
0
-1
-1
-1
0
0
0
-1
-1
0
-1
-1
-2
-2
-1
-1
-1
-1
-1
-1
-1
-1
-1
-1
-1
-1
-1
-1
-1
-1
-1
0
0
0
-1
-1
-1
0
0
0
0
0
0
0
-1
-1
-1
0
0
0
0
0
0
0
0
0
0
0
0
0
0
0
0
0
0
-1
-1
-1
0
-1
-1
-1
0
0
-1
-1
0
0
0
0
0
1
0
-1
-1
0
0
0
0
0
-1
-1
-1
0
0
0
0
1
0
0
0
0
0
0
0
1
1
0
0
0
0
0
0
0
0
0
1
1
1
0
0
0
1
1
1
1
1
1
1
1
1
1
1
1
1
1
1
1
0
1
1
1
0
0
-1
-1
0
0
0
0
0
0
0
1
1
1
0
0
0
0
0
0
0
0
1
1
1
1
1
1
1
0
1
1
1
1
1
1
1
1
1
1
1
0
0
1
1
0
0
0
1
1
0
0
0
1
0
0
0
0
0
0
0
1
1
0
0
0
0
0
0
0
0
0
1
1
1
1
1
1
1
1
1
1
0
0
0
0
0
0
0
1
1
0
0
1
1
1
0
0
0
0
0
0
1
1
1
0
0
1
1
1
1
0
0
0
0
1
1
1
1
1
1
1
0
0
0
0
0
0
0
0
-1
-1
0
0
0
0
0
0
0
0
0
0
0
0
0
0
0
0
0
1
1
1
0
0
1
1
1
0
0
0
1
0
0
0
0
0
0
0
0
0
0
0
0
1
0
0
-1
-1
-1
0
0
0
0
0
0
0
0
0
0
0
0
0
0
-1
-1
0
0
-1
0
0
0
-1
-1
-1
0
-1
-1
-1
-1
-1
0
0
0
-1
-1
-1
-1
0
0
-1
-1
-1
-1
0
-1
-1
0
0
0
0
0
0
0
0
-1
-1
-1
0
-1
-1
0
0
-1
-1
-1
-1
-1
-1
-1
-1
-1
-1
-1
-1
-1
-1
-1
-1
-1
0
0
0
-1
-1
-1
-1
-1
-1
-1
-1
-1
-1
-1
-1
-1
0
0
-1
-1
0
0
0
0
0
0
0
0
0
-1
-1
-1
-1
0
-1
-1
-1
-1
-1
-1
0
-1
-1
-2
-1
-1
-1
-1
-1
-1
-1
-1
-1
-1
-1
-1
-1
-1
0
0
0
0
-1
-1
0
0
0
-1
-1
0
-1
-1
-1
0
0
0
-1
-1
-1
0
0
0
0
0
0
0
0
0
0
0
0
0
0
0
0
0
0
-1
0
0
0
-1
-1
-1
-1
-1
0
0
0
-1
-1
0
-1
-1
0
0
0
0
0
0
0
0
0
0
0
0
0
0
0
-1
-1
0
0
-1
-1
0
0
0
0
0
1
0
0
0
0
0
0
0
0
0
0
0
0
1
0
0
0
1
1
0
0
0
0
0
0
-1
0
0
0
0
0
0
0
0
0
0
0
0
0
0
0
0
0
0
0
0
0
0
0
0
-1
-1
-1
0
0
-1
-1
-1
0
0
-1
0
0
0
0
0
0
0
0
0
0
1
1
0
0
0
0
0
0
0
0
0
0
0
0
0
0
0
0
0
0
0
0
0
0
0
0
0
0
0
0
0
0
0
0
0
0
0
0
0
-1
-1
0
0
0
0
0
0
0
0
0
0
0
0
0
0
0
0
0
0
0
0
0
1
1
1
0
0
1
0
0
0
0
1
1
1
1
0
0
0
0
0
0
0
0
0
0
0
0
1
0
0
0
0
0
0
0
0
-1
-1
0
0
0
0
0
0
0
0
0
0
1
0
0
0
0
0
0
0
0
0
0
0
0
0
0
0
0
0
0
0
0
0
0
0
1
1
1
0
0
0
1
1
0
0
0
0
0
0
0
0
0
0
0
0
0
0
0
0
0
1
0
0
-1
0
0
0
0
0
0
0
-1
0
0
0
0
0
0
0
0
0
0
0
0
0
0
0
0
0
0
0
0
0
0
-1
0
0
0
0
0
0
0
0
-1
0
0
0
-1
-1
0
0
0
-1
-1
-1
0
0
0
0
0
0
0
0
0
0
0
-1
0
0
1
0
0
0
0
0
0
0
0
0
0
0
0
0
0
0
0
0
0
0
-1
-1
-1
0
0
0
0
0
0
0
0
-1
-1
-1
-1
0
0
-1
-1
0
0
-1
-1
-1
0
0
0
0
0
0
-1
-1
0
0
-1
-1
-1
-1
-1
-1
-1
-1
-1
-1
-1
-1
0
0
0
-1
-1
-1
-1
-1
-1
-1
-1
-1
-1
0
-1
-1
-1
-1
-1
-1
-1
-1
-1
-1
-1
-1
-1
-1
-1
-1
-1
0
-1
-1
-1
0
0
0
-1
-1
-1
-1
-1
-1
-1
0
0
-1
-1
-1
-1
-1
-1
-1
-1
-2
-2
-2
-1
-1
-2
-2
-2
-1
-1
-1
-2
-1
-1
-1
-1
-1
-1
-1
-1
-1
-1
-1
-1
-1
-1
-2
-2
-1
-1
-1
-1
-1
-1
-1
-1
-1
-1
-1
-1
0
0
0
-1
-1
-1
0
0
-1
-1
-1
-2
-2
-1
-1
-1
-1
-2
-2
-2
-2
-1
-1
-1
-2
-2
-1
-1
-1
-1
-2
-2
-1
-1
-1
-1
-2
-1
-1
-1
-2
-1
-1
-1
-2
-2
-1
-1
-1
-1
-1
-1
-1
-2
-1
-1
-1
-1
-1
-1
-1
-1
0
0
0
-1
-1
-1
-1
-1
-1
-1
-1
-1
-1
-1
-1
-1
-1
-1
-1
-1
-1
-2
-1
-1
-1
-1
-1
-1
-1
-1
-1
-1
-1
-1
-1
-1
-1
-1
-2
-1
-1
-1
-1
-1
-1
-1
-1
-1
-1
-1
-1
-1
-1
-1
-1
-1
-1
-1
-1
-1
-1
-1
-1
-1
-1
-1
-1
-1
-1
-1
-1
-1
-1
-1
-1
-1
-1
-1
-1
-1
-1
-1
-1
-1
-1
-1
0
-1
-1
-1
-1
-1
-1
-2
-1
-1
-1
-1
-1
-2
-1
-1
-1
-2
-2
-2
-1
-1
-2
-2
-2
-2
-2
-2
-1
-1
-2
-2
-1
-1
-1
-1
-1
-1
-1
-1
-1
-1
-1
-1
-1
-1
-1
-1
-1
-1
-1
-1
-1
-1
-1
-1
-1
-1
-1
-1
-1
0
0
0
-1
-1
-1
-1
-1
-1
-1
-1
-1
-1
-1
-1
-1
-2
-2
-1
-1
-1
-1
-2
-2
-2
-2
-2
-2
-2
-1
-1
-2
-1
-1
-1
-1
-2
-1
-1
-1
0
0
0
-1
-1
0
0
0
-1
-1
-1
-1
-1
-1
0
0
-1
-1
-1
-1
-1
0
0
-1
-1
-1
-2
-1
-1
-1
-1
-1
-1
-1
-1
-1
-1
-1
-1
-1
-1
-1
-1
-1
-1
-1
-1
-1
-1
0
0
0
-1
-1
0
0
0
0
0
0
0
0
0
0
0
0
0
0
0
0
0
-1
0
0
0
0
0
-1
0
0
0
0
0
0
0
-1
-1
-1
-1
-1
-1
-1
0
0
0
0
0
0
0
0
0
0
0
0
0
0
0
0
0
0
0
0
0
0
0
0
0
0
0
0
0
0
0
0
0
0
0
0
0
0
0
0
0
0
0
0
0
0
0
0
-1
0
0
0
-1
0
0
0
0
0
0
0
0
0
0
0
0
0
0
0
0
0
0
0
0
-1
-1
0
0
0
0
0
0
0
0
0
0
0
0
0
1
1
0
0
0
0
0
0
0
0
0
0
0
0
0
0
0
0
0
1
0
1
1
1
1
0
1
1
1
1
0
0
0
0
1
1
1
0
0
0
0
0
0
0
0
0
0
0
0
0
0
0
0
0
0
0
0
0
1
1
1
1
1
1
1
1
1
1
1
1
1
1
1
1
1
1
1
1
1
1
1
0
0
1
1
1
0
0
1
1
1
1
1
1
0
0
0
0
1
1
1
1
1
1
0
1
1
0
1
1
1
1
0
0
0
0
0
0
0
0
0
0
0
0
0
1
0
0
0
0
0
0
0
0
0
0
0
0
0
1
1
0
0
0
1
1
0
0
0
0
0
1
1
1
1
1
1
0
0
1
1
0
0
0
0
0
0
0
0
0
0
1
1
1
1
1
1
1
1
1
1
1
1
1
1
1
1
0
0
0
0
1
1
0
0
0
1
0
0
0
0
1
1
0
0
1
1
0
0
1
1
1
0
0
0
0
1
1
1
1
0
0
0
0
0
0
1
1
0
0
0
1
0
0
0
0
1
1
0
0
0
0
0
0
0
0
0
0
-1
0
0
0
0
0
0
0
-1
-1
0
0
1
0
0
-1
0
0
1
0
0
0
0
0
0
0
0
0
0
0
0
0
0
0
0
0
0
0
0
0
0
0
0
0
0
0
0
0
0
0
0
0
0
0
0
0
0
0
0
0
0
0
0
0
0
0
0
0
0
0
0
0
0
0
0
0
-1
-1
-1
-1
0
0
0
0
-1
-1
0
0
-1
-1
-1
-1
-1
-1
-1
-1
-1
-1
-1
-1
-1
-1
0
0
0
0
0
0
0
0
0
0
0
0
-1
0
0
0
-1
-1
-1
-1
-1
-1
-1
-1
-1
-1
-1
-1
-1
-1
-1
-1
-1
-1
-1
-1
-1
-1
-1
-1
-1
-1
-1
0
-1
-1
-1
-2
-2
-2
-2
-1
-1
-1
-2
-2
-2
-2
-1
-1
-1
-2
-2
-1
-1
-1
-2
-2
-2
-1
-1
-1
-1
-1
-1
-1
-1
-1
-1
-2
-2
-1
-1
-1
-1
-1
-1
-1
-2
-1
-1
-1
-1
-1
-1
-1
-1
-1
-1
-1
-1
0
0
0
-1
-1
-1
-1
-1
-1
-1
-1
-1
-1
-1
-1
-1
-1
-1
-1
-1
-1
-1
-1
-1
-1
-1
-1
-1
-1
-1
-1
-2
-2
-1
-1
-1
-1
-1
-1
-1
-1
-2
-2
-1
-1
-1
-1
-1
-1
-1
-1
-1
-1
-1
-1
-1
-1
-1
-1
-1
-1
-1
-1
-1
-1
-1
-1
-1
-1
-1
-1
-1
-1
-1
-1
-2
-1
-1
-1
-1
-1
0
0
-1
-1
-1
-1
-1
-1
-1
-1
-1
-1
-1
-1
-1
-1
-1
-1
-1
-1
-1
-1
-1
-1
-1
-1
-1
-1
-1
-1
-1
-1
-1
-1
-1
-1
-1
-1
-1
-1
-1
-1
-1
-1
-1
-1
-1
-1
-1
-1
-1
-1
-1
-1
-1
-1
-1
-1
-1
-1
0
0
0
0
0
-1
-1
-1
-1
-1
-1
-1
-1
-1
-1
-1
-1
-1
-1
-1
-1
-1
-1
-1
-1
-1
-1
-1
-1
-1
-1
-1
-1
-1
-1
-1
-1
-1
-1
-1
-1
0
0
0
-1
0
0
0
0
-1
-1
0
0
0
-1
-1
0
0
0
0
0
0
0
-1
0
0
0
-1
-1
-1
0
-1
-1
-1
0
0
0
0
0
-1
-1
-1
-1
-1
0
0
-1
-1
-1
0
-1
-1
-1
-1
-1
-1
0
0
0
0
0
0
0
0
0
0
-1
-1
-1
0
0
0
0
0
0
0
0
0
0
0
0
0
0
0
0
0
0
-1
0
0
0
0
0
0
0
-1
-1
0
0
0
0
0
0
0
0
-1
0
0
0
0
0
-1
-1
-1
0
0
0
0
0
0
0
0
0
0
0
-1
0
0
0
0
0
0
0
0
0
0
0
0
0
0
0
0
0
0
0
0
0
0
0
0
0
0
0
0
0
-1
0
0
0
0
0
0
0
-1
-1
0
0
-1
-1
0
0
0
0
0
0
0
0
0
-1
0
0
0
0
0
0
0
0
0
0
0
0
0
0
0
0
0
0
0
0
0
0
0
0
0
0
0
0
0
0
0
0
0
0
0
0
0
0
0
0
-1
0
0
-1
-1
0
0
0
0
0
0
0
0
0
0
0
0
-1
0
0
-1
-1
-1
0
-1
-1
-1
0
0
0
0
0
0
-1
0
0
0
0
0
0
0
0
0
0
0
0
0
0
0
0
0
0
0
0
0
0
0
0
0
0
0
0
0
0
0
0
0
0
0
0
0
0
-1
0
0
0
0
0
0
0
0
0
-1
0
0
0
-1
0
0
0
0
0
-1
0
0
0
0
0
0
0
0
0
0
0
0
0
0
0
-1
0
0
-1
-1
-1
0
0
-1
-1
-1
0
0
0
0
0
0
0
0
0
0
0
0
0
0
0
0
0
0
0
0
0
0
0
0
0
0
0
0
0
0
0
0
-1
0
0
0
0
0
0
0
0
-1
0
0
0
0
-1
-1
-1
0
0
0
0
0
-1
0
0
0
0
-1
0
0
0
0
0
0
0
0
0
0
0
0
0
0
0
0
0
0
0
-1
0
0
0
0
0
0
0
0
0
0
0
0
0
0
0
0
0
0
0
0
0
0
0
0
0
0
0
0
0
0
0
0
0
0
0
0
0
0
0
0
0
0
0
0
0
-1
0
0
0
0
0
0
0
0
0
0
0
0
0
0
0
0
0
0
0
0
0
0
0
0
0
0
-1
-1
-1
-1
0
0
0
0
0
0
0
0
0
0
0
0
0
0
0
0
0
0
0
-1
0
0
0
0
0
0
0
0
0
0
-1
0
0
0
0
-1
-1
0
0
-1
0
0
0
0
0
0
0
0
-1
0
0
0
-1
-1
-1
0
0
0
0
0
0
0
0
0
0
0
0
0
0
0
0
0
0
0
0
0
0
0
0
0
0
0
0
0
0
0
0
0
0
0
0
-1
-1
0
0
-1
-1
0
0
0
-1
0
0
0
0
0
0
0
0
0
0
0
0
0
0
0
0
0
0
0
0
0
0
0
0
0
0
0
0
0
0
0
0
0
0
0
0
0
0
0
0
0
-1
0
0
0
0
0
0
0
0
0
0
0
0
0
0
0
0
0
0
0
0
0
0
0
0
0
0
0
0
-1
0
0
0
0
0
0
0
0
0
0
0
0
0
0
0
0
0
0
0
0
0
0
0
0
0
0
0
0
0
0
0
0
-1
0
0
0
0
0
0
0
-1
0
0
0
0
-1
0
0
0
0
0
0
0
0
0
0
0
0
0
0
0
0
0
-1
0
0
0
0
0
0
0
-1
-1
-1
0
-1
-1
-1
-1
-1
-1
-1
0
0
0
0
0
0
0
0
0
0
0
0
0
0
0
0
0
0
0
0
0
0
0
0
0
0
0
0
0
0
0
0
0
0
0
0
0
0
-1
0
0
0
0
0
0
0
0
0
0
0
0
0
0
0
0
0
0
0
0
0
0
0
0
0
0
0
0
0
0
0
0
0
0
0
0
0
0
0
0
0
0
0
0
0
0
0
0
0
0
0
0
0
0
0
0
-1
0
0
0
0
0
0
0
0
0
0
0
0
0
0
0
0
0
0
0
0
0
0
0
0
0
0
0
0
0
0
0
0
0
0
0
0
0
0
0
0
0
0
0
0
0
0
0
0
0
0
0
0
0
-1
0
0
0
0
0
0
0
0
0
0
0
0
0
0
0
0
0
0
0
0
0
0
0
0
0
0
0
0
0
0
0
0
0
0
0
0
0
0
0
0
0
0
0
0
0
0
0
0
-1
0
0
0
0
0
0
0
0
0
0
0
0
0
0
0
0
0
0
0
0
0
0
0
0
0
0
0
0
0
0
0
0
0
0
0
0
0
0
0
0
0
0
0
0
0
0
0
0
0
0
0
0
0
0
0
0
0
0
0
0
0
0
0
0
0
0
0
0
0
0
0
0
0
0
0
0
0
0
0
0
0
0
0
0
0
0
0
0
0
0
0
0
0
0
0
-1
0
0
0
0
0
0
0
0
0
0
0
0
0
0
0
0
0
0
0
0
0
0
0
0
0
0
0
0
0
0
0
0
0
0
0
0
0
0
0
0
0
0
0
0
0
0
0
0
0
0
0
0
0
0
0
0
0
0
0
0
0
0
0
0
0
0
0
0
0
0
0
0
0
0
0
0
0
0
0
0
0
0
0
0
0
0
0
0
0
0
0
0
0
0
0
0
0
0
0
0
0
0
0
0
0
0
0
0
0
0
0
0
0
0
0
0
0
0
0
0
0
0
0
0
0
0
0
0
0
0
0
0
0
0
0
0
0
0
0
0
0
0
0
0
0
0
0
0
0
0
0
0
0
0
0
0
0
0
0
0
0
0
0
0
0
0
0
0
0
0
0
0
0
0
0
0
0
0
0
0
0
0
0
0
0
0
0
0
0
0
0
0
0
0
0
0
0
0
0
0
0
0
0
0
0
0
0
0
0
0
0
0
0
0
0
0
0
0
0
0
0
0
0
0
0
0
0
0
0
0
0
-1
0
0
0
0
0
0
0
0
0
0
0
0
0
0
0
0
0
0
0
0
0
0
0
0
0
0
0
0
0
0
0
0
0
0
0
0
0
0
0
0
0
0
0
0
0
0
0
0
0
0
0
0
0
0
0
0
0
0
0
0
0
0
0
0
0
0
0
0
0
0
0
0
0
0
0
0
0
0
0
0
0
0
0
0
0
0
0
0
0
0
0
0
0
0
0
0
0
0
0
0
0
0
0
0
0
0
0
0
0
0
0
0
0
0
0
0
0
0
0
0
0
0
0
0
0
0
0
0
0
0
0
0
0
0
0
0
0
0
0
0
0
0
0
0
0
0
0
0
0
0
0
0
0
0
0
0
0
0
0
0
0
0
0
0
0
0
0
0
0
0
0
0
0
0
0
0
0
0
0
0
0
0
0
0
0
0
0
0
0
0
0
0
0
0
0
-1
0
0
0
0
0
0
0
0
0
0
0
0
0
0
0
0
0
0
0
0
0
0
0
0
0
0
0
0
0
0
0
0
0
0
0
0
0
0
0
0
0
0
0
0
0
0
0
0
0
0
0
0
0
0
0
0
0
0
0
0
0
0
0
0
0
0
0
0
0
0
0
0
0
0
0
0
0
0
0
0
0
0
0
0
0
0
0
0
0
0
0
0
0
0
0
0
0
0
0
0
0
0
0
0
0
0
0
0
0
0
0
0
0
0
0
0
0
0
0
0
0
0
0
0
0
0
0
0
0
0
0
0
0
0
0
0
0
0
0
0
0
0
0
0
0
0
0
0
0
0
0
0
0
0
0
0
0
0
0
0
0
0
0
0
0
0
0
0
0
0
0
0
0
0
0
0
0
0
0
0
0
0
0
0
0
0
0
0
0
0
0
0
0
0
0
0
0
0
0
0
0
0
0
0
0
0
0
0
0
0
0
0
0
0
0
0
0
0
0
0
0
0
0
0
0
0
0
0
0
0
0
0
0
0
0
0
0
0
0
0
0
0
0
0
0
0
0
0
0
0
0
0
0
0
0
0
0
0
0
0
0
0
0
0
0
0
0
0
0
0
0
0
0
0
0
-1
-1
-1
0
0
0
0
0
0
0
0
0
0
0
0
0
0
0
0
0
0
0
0
0
0
0
0
0
0
0
0
0
0
0
0
0
0
0
0
0
0
0
0
0
0
0
0
0
0
0
0
0
0
0
0
0
0
0
0
0
0
0
0
0
0
0
0
0
0
0
0
0
0
0
0
0
0
0
0
0
0
0
0
0
0
0
0
0
0
0
0
0
0
0
0
0
0
0
0
0
0
0
0
0
0
0
0
0
0
0
0
0
0
0
0
0
0
0
0
0
0
0
0
0
0
0
0
0
0
0
0
0
0
0
0
0
0
0
0
0
0
0
0
0
0
0
0
0
0
0
0
0
0
0
0
0
0
0
0
0
0
0
0
0
0
0
0
0
0
0
0
0
0
0
0
0
0
0
0
0
0
0
0
0
0
0
0
0
0
0
0
-1
0
0
0
0
0
0
0
0
0
0
0
0
0
0
0
0
0
0
0
-1
0
0
0
0
0
0
0
0
0
0
0
0
0
0
0
0
0
0
0
0
0
0
0
0
0
0
0
0
0
0
0
0
0
0
0
0
0
0
0
0
0
0
0
0
0
0
0
0
0
0
0
0
0
0
0
0
0
0
0
0
0
0
0
0
0
0
0
0
0
0
0
0
0
0
0
0
0
0
0
0
0
0
0
0
0
0
0
0
0
0
0
0
0
0
0
0
0
0
0
0
0
0
0
0
0
0
0
0
0
0
0
0
0
0
0
0
0
0
0
0
0
0
0
0
0
0
0
0
0
0
0
0
0
0
0
0
0
0
0
0
0
0
0
0
0
0
0
0
0
0
0
0
0
0
0
0
0
0
0
0
0
0
0
0
0
0
0
0
0
0
0
0
0
0
0
0
0
0
0
0
0
0
0
0
0
0
0
0
0
0
0
0
0
0
0
0
0
0
0
0
0
0
0
0
0
0
0
0
0
0
0
0
0
0
0
0
0
0
0
0
0
0
0
0
0
0
0
0
0
0
0
0
0
0
0
0
0
0
0
0
0
0
0
0
0
0
0
0
0
0
0
0
0
0
0
0
0
0
0
0
0
0
0
0
0
0
0
0
0
0
0
0
0
0
0
0
0
0
0
0
0
0
0
0
0
0
0
0
0
0
0
0
0
0
0
0
0
0
0
0
0
0
0
0
0
0
0
0
0
0
0
0
0
0
0
0
0
0
0
0
0
0
0
0
0
0
0
0
0
0
0
0
0
0
0
0
0
0
0
0
0
0
0
0
0
0
0
0
0
0
0
0
0
0
0
0
0
0
0
0
0
0
0
0
0
0
0
0
0
0
0
0
0
0
0
0
0
0
0
0
0
0
0
0
0
0
0
0
0
0
0
0
0
0
0
0
0
0
0
0
0
0
0
0
0
0
0
0
0
0
0
0
0
0
0
0
0
0
0
0
0
0
0
0
0
0
0
0
0
0
0
0
0
0
0
0
0
0
0
0
0
0
0
0
0
0
0
0
0
0
0
0
0
0
0
0
0
0
0
0
0
0
0
0
0
0
0
0
0
0
0
0
0
0
0
0
0
0
0
0
0
0
0
0
0
0
0
0
0
0
0
0
0
0
0
0
0
0
0
0
0
0
0
0
0
0
0
0
0
0
0
0
0
0
0
0
0
0
0
0
0
0
0
0
0
0
0
0
0
0
0
0
0
0
0
0
0
0
0
0
0
0
0
0
0
0
0
0
0
0
0
0
0
0
0
0
0
0
0
0
0
0
0
0
0
0
0
0
0
0
0
0
0
0
0
0
0
0
0
0
0
0
0
0
0
0
0
0
0
0
0
0
0
0
0
0
0
0
0
0
0
0
0
0
0
0
0
0
0
0
0
0
0
0
0
0
0
0
0
0
0
0
0
0
0
0
0
0
0
0
0
0
0
0
0
0
0
0
0
0
0
0
0
0
0
0
0
0
0
0
0
0
0
0
0
0
0
0
0
0
0
0
0
0
0
0
0
0
0
0
0
0
0
0
0
0
0
0
0
0
0
0
0
0
0
0
0
0
0
0
0
0
0
0
0
0
0
0
0
0
0
0
0
0
0
0
0
0
0
0
0
0
0
0
0
0
0
0
0
0
0
0
0
0
0
0
0
0
0
0
0
0
0
0
0
0
0
0
0
0
0
0
0
0
0
0
0
0
0
0
0
0
0
0
0
0
0
0
0
0
0
0
0
0
0
0
0
0
0
0
0
0
0
0
0
0
0
0
0
0
0
0
0
0
0
0
0
0
0
0
0
0
0
0
0
0
0
0
0
0
0
0
0
0
0
0
0
0
0
0
0
0
0
0
0
0
0
0
0
0
0
0
0
0
0
0
0
0
0
0
0
0
0
0
0
0
0
0
0
0
0
0
0
0
0
0
0
0
0
0
0
0
0
0
0
0
0
0
0
0
0
0
0
0
0
0
0
0
0
0
0
0
0
0
0
0
0
0
0
0
0
0
0
0
0
0
0
0
0
0
0
0
0
0
0
0
0
0
0
0
0
0
0
0
0
0
0
0
0
0
0
0
0
0
0
0
0
0
0
0
0
0
0
0
0
0
0
0
0
0
0
0
0
0
0
0
0
0
0
0
0
0
0
0
0
0
0
0
0
0
0
0
0
0
0
0
0
0
0
0
0
0
0
0
0
0
0
0
0
0
0
0
0
0
0
0
0
0
0
0
0
0
0
0
0
0
0
0
0
0
0
0
0
0
0
0
0
0
0
0
0
0
0
0
0
0
0
0
0
0
0
0
0
0
0
0
0
0
0
0
0
0
0
0
0
0
0
0
0
0
0
0
0
0
0
0
0
0
0
0
0
0
0
0
0
0
0
0
0
0
0
0
0
0
0
0
0
0
0
0
0
0
0
0
0
0
0
0
0
0
0
0
0
0
0
0
0
0
0
0
0
0
0
0
0
0
0
0
0
0
0
0
0
0
0
0
0
0
0
0
0
0
0
0
0
0
0
0
0
0
0
0
0
0
0
0
0
0
0
0
0
0
0
0
0
0
0
0
0
0
0
0
0
0
0
0
0
0
0
0
0
0
0
0
0
0
0
0
0
0
0
0
0
0
0
0
0
0
0
0
0
0
0
0
0
0
0
0
0
0
0
0
0
0
0
0
0
0
0
0
0
0
0
0
0
0
0
0
0
0
0
0
0
0
0
0
0
0
0
0
0
0
0
0
0
0
0
0
0
0
0
0
0
0
0
0
0
0
0
0
0
0
0
0
0
0
0
0
0
0
0
0
0
0
0
0
0
0
0
0
0
0
0
0
0
0
0
0
0
0
0
0
0
0
0
0
0
0
0
0
0
0
0
0
0
0
0
0
0
0
0
0
0
0
0
0
0
0
0
0
0
0
0
0
0
0
0
0
0
0
0
0
0
0
0
0
0
0
0
0
0
0
0
0
0
0
0
0
0
0
0
0
0
0
0
0
0
0
0
0
0
0
0
0
0
0
0
0
0
0
0
0
0
0
0
0
0
0
0
0
0
0
0
0
0
0
0
0
0
0
0
0
0
0
0
0
0
0
0
0
0
0
0
0
0
0
0
0
0
0
0
0
0
0
0
0
0
0
0
0
0
0
0
0
0
0
0
0
0
0
0
0
0
0
0
0
0
0
0
0
0
0
0
0
0
0
0
0
0
0
0
0
0
0
0
0
0
0
0
0
0
0
0
0
0
0
0
0
0
0
0
0
0
0
0
0
0
0
0
0
0
0
0
0
0
0
0
0
0
0
0
0
0
0
0
0
0
0
0
0
0
0
0
0
0
0
0
0
0
0
0
0
0
0
0
0
0
0
0
0
0
0
0
0
0
0
0
0
0
0
0
0
0
0
0
0
0
0
0
0
0
0
0
0
0
0
0
0
0
0
0
0
0
0
0
0
0
0
0
0
0
0
0
0
0
0
0
0
0
0
0
0
0
0
0
0
0
0
0
0
0
0
0
0
0
0
0
0
0
0
0
0
0
0
-1
0
0
0
0
0
0
0
0
0
0
0
0
0
0
0
0
0
0
0
0
0
0
0
0
0
0
0
0
0
0
0
0
0
0
0
0
0
0
0
0
0
0
0
0
0
0
0
0
0
0
0
0
0
0
0
0
0
0
0
0
0
0
0
0
0
0
0
0
0
0
0
0
0
0
0
0
0
0
0
0
0
0
0
0
0
0
0
0
0
0
0
0
0
0
0
0
0
0
0
0
0
0
0
0
0
0
0
0
0
0
0
0
0
0
0
0
0
0
0
0
0
0
0
0
0
0
0
0
0
0
0
0
0
0
0
0
0
0
0
0
0
0
0
0
0
0
0
0
0
0
0
0
0
0
0
0
0
0
0
0
0
0
0
0
0
0
0
0
0
0
0
0
0
0
0
0
0
0
0
0
0
0
0
0
0
0
0
0
0
0
0
0
0
0
0
0
0
0
0
0
0
0
0
0
0
0
0
0
0
0
0
0
0
0
0
0
0
0
0
0
0
0
0
0
0
0
0
0
0
0
0
0
0
0
0
0
0
0
0
0
0
0
0
0
0
0
0
0
0
0
0
0
0
0
0
0
0
0
0
0
0
0
0
0
0
0
0
0
0
0
0
0
0
0
0
0
0
0
0
0
0
0
0
0
0
0
0
0
0
0
0
0
0
0
0
0
0
0
0
0
0
0
0
0
0
0
0
0
0
0
0
0
0
0
0
0
0
0
0
0
0
0
0
0
0
0
0
0
0
0
0
0
0
0
0
0
0
0
0
0
0
0
0
0
0
0
0
0
0
0
0
0
0
0
0
0
0
0
0
0
0
0
0
0
0
0
0
0
0
0
0
0
0
0
0
0
0
0
0
0
0
0
0
0
0
0
0
0
0
0
0
0
0
0
0
0
0
0
0
0
0
0
0
0
0
0
0
0
0
0
0
0
0
0
0
0
0
0
0
0
0
0
0
0
0
0
0
0
0
0
0
0
0
0
0
0
0
0
0
0
0
0
0
0
0
0
0
0
0
0
0
0
0
0
0
0
0
0
0
0
0
0
0
0
0
0
0
0
0
0
0
0
0
0
0
0
0
0
0
0
0
0
0
0
0
0
0
0
0
0
0
0
0
0
0
0
0
0
0
0
0
0
0
0
0
0
0
0
0
0
0
0
0
0
0
0
0
0
0
0
0
0
0
0
0
0
0
0
0
0
0
0
0
0
0
0
0
0
0
0
0
0
0
0
0
0
0
0
0
0
0
0
0
0
0
0
0
0
0
0
0
0
0
0
0
0
0
0
0
0
0
0
0
0
0
0
0
0
0
0
0
0
0
0
0
0
0
0
0
0
0
0
0
0
0
0
0
0
0
0
0
0
0
0
0
0
0
0
0
0
0
0
0
0
0
0
0
0
0
0
0
0
0
0
0
0
0
0
0
0
0
0
0
0
0
0
0
0
0
0
0
0
0
0
0
0
0
0
0
0
0
0
0
0
0
0
0
0
0
0
0
0
0
0
0
0
0
0
0
0
0
0
0
0
0
0
0
0
0
0
0
0
0
0
0
0
0
0
0
0
0
0
0
0
0
0
0
0
0
0
0
0
0
0
0
0
0
0
0
0
0
0
0
0
0
0
0
0
0
0
0
0
0
0
0
0
0
0
0
0
0
0
0
0
0
0
0
0
0
0
0
0
0
0
0
0
0
0
0
0
0
0
0
0
0
0
0
0
0
0
0
0
0
0
0
0
0
0
0
0
0
0
0
0
0
0
0
0
0
0
0
0
0
0
0
0
0
0
0
0
0
0
0
0
0
0
0
0
0
0
0
0
0
0
0
0
0
0
0
0
0
0
0
0
0
0
0
0
0
0
0
0
0
0
0
0
0
0
0
0
0
0
0
0
0
0
0
0
0
0
0
0
0
0
0
0
0
0
0
0
0
0
0
0
0
0
0
0
0
0
0
0
0
0
0
0
0
0
0
0
0
0
0
0
0
0
0
0
