0
0
0
0
0
0
0
0
0
0
0
0
0
0
0
0
0
0
0
0
0
0
0
0
0
0
0
0
0
0
0
0
0
0
0
0
0
0
0
0
0
0
0
0
0
0
0
0
0
0
0
0
0
0
0
0
0
0
0
0
0
0
0
0
0
0
0
0
0
0
0
0
0
0
0
0
0
0
0
0
0
0
0
0
0
0
0
0
0
0
0
0
0
0
0
0
0
0
0
0
0
0
0
0
0
0
0
0
0
0
0
0
0
0
0
0
0
0
0
0
0
0
0
0
0
0
0
0
0
0
0
0
0
0
0
0
0
0
0
0
0
0
0
0
0
0
0
0
0
0
0
0
0
0
0
0
0
0
0
0
0
0
0
0
0
0
0
0
0
0
0
0
0
0
0
0
0
0
0
0
0
0
0
0
0
0
0
0
0
0
0
0
0
0
0
0
0
0
0
0
0
0
0
0
0
0
0
0
0
0
0
0
0
0
0
0
0
0
0
0
0
0
0
0
0
0
0
0
0
0
0
0
0
0
0
0
0
0
0
0
0
0
0
0
0
0
0
0
0
0
0
0
0
0
0
0
0
0
0
0
0
0
0
0
0
0
0
0
0
0
0
0
0
0
0
0
0
0
0
0
0
0
0
0
0
0
0
0
0
0
0
0
0
0
0
0
0
0
0
0
0
0
0
0
0
0
0
0
0
0
0
0
0
0
0
0
0
0
0
0
0
0
0
0
0
0
0
0
0
0
0
0
0
0
0
0
0
0
0
0
0
0
0
0
0
0
0
0
0
0
0
0
0
0
0
0
0
0
0
0
0
0
0
0
0
0
0
0
0
0
0
0
0
0
0
0
0
0
0
0
0
0
0
0
0
0
0
0
0
0
0
0
0
0
0
0
0
0
0
0
0
0
0
0
0
0
0
0
0
0
0
0
0
0
0
0
0
0
0
0
0
0
0
0
0
0
0
0
0
0
0
0
0
0
0
0
0
0
0
0
0
0
0
0
0
0
0
0
0
0
0
0
0
0
0
0
0
0
0
0
0
0
0
0
0
0
0
0
0
0
0
0
0
0
0
0
0
0
0
0
0
0
0
0
0
0
0
0
0
0
0
0
0
0
0
0
0
0
0
0
0
0
0
0
0
0
0
0
0
0
0
0
0
0
0
0
0
0
0
0
0
0
0
0
0
0
0
0
0
0
0
0
0
0
0
0
0
0
0
0
0
0
0
0
0
0
0
0
0
0
0
0
0
0
0
0
0
0
0
0
0
0
0
0
0
0
0
0
0
0
0
0
0
0
0
0
0
0
0
0
0
0
0
0
0
0
0
0
0
0
0
0
0
0
0
0
0
0
0
0
0
0
0
0
0
0
0
0
0
0
0
0
0
0
0
0
0
0
0
0
0
0
0
0
0
0
0
0
0
0
0
0
0
0
0
0
0
0
0
0
0
0
0
0
0
0
0
0
0
0
0
0
0
0
0
0
0
0
0
0
0
0
0
0
0
0
0
0
0
0
0
0
0
0
0
0
0
0
0
0
0
0
0
0
0
0
0
0
0
0
0
0
0
0
0
0
0
0
0
0
0
0
0
0
0
0
0
0
0
0
0
0
0
0
0
0
0
0
0
0
0
0
0
0
0
0
0
0
0
0
0
0
0
0
0
0
0
0
0
0
0
0
0
0
0
0
0
0
0
0
0
0
0
0
0
0
0
0
0
0
0
0
0
0
0
0
0
0
0
0
0
0
0
0
0
0
0
0
0
0
0
0
0
0
0
0
0
0
0
0
0
0
0
0
0
0
0
0
0
0
0
0
0
0
0
0
0
0
0
0
0
0
0
0
0
0
0
0
0
0
0
0
0
0
0
0
0
0
0
0
0
0
0
0
0
0
0
0
0
0
0
0
0
0
0
0
0
0
0
0
0
0
0
0
0
0
0
0
0
0
0
0
0
0
0
0
0
0
0
0
0
0
0
0
0
0
0
0
0
0
0
0
0
0
0
0
0
0
0
0
0
0
0
0
0
0
0
0
0
0
0
0
0
0
0
0
0
0
0
0
0
0
0
0
0
0
0
0
0
0
0
0
0
0
0
0
0
0
0
0
0
0
0
0
0
0
0
0
0
0
0
0
0
0
0
0
0
0
0
0
0
0
0
0
0
0
0
0
0
0
0
0
0
0
0
0
0
0
0
0
0
0
0
0
0
0
0
0
0
0
0
0
0
0
0
0
0
0
0
0
0
0
0
0
0
0
0
0
0
0
0
0
0
0
0
0
0
0
0
0
0
0
0
0
0
0
0
0
0
0
0
0
0
0
0
0
0
0
0
0
0
0
0
0
0
0
0
0
0
0
0
0
0
0
0
0
0
0
0
0
0
0
0
0
0
0
0
0
0
0
0
0
0
0
0
0
0
0
0
0
0
0
0
0
0
0
0
0
0
0
0
0
0
0
0
0
0
0
0
0
0
0
0
0
0
0
0
0
0
0
0
0
0
0
0
0
0
0
0
0
0
0
0
0
0
0
0
0
0
0
0
0
0
0
0
0
0
0
0
0
0
0
0
0
0
0
0
0
0
0
0
0
0
0
0
0
0
0
0
0
0
0
0
0
0
0
0
0
0
0
0
0
0
0
0
0
0
0
0
0
0
0
0
0
0
0
0
0
0
0
0
0
0
0
0
0
0
0
0
0
0
0
0
0
0
0
0
0
0
0
0
0
0
0
0
0
0
0
0
0
0
0
0
0
0
0
0
0
0
0
0
0
0
0
0
0
0
0
0
0
0
0
0
0
0
0
0
0
0
0
0
0
0
0
0
0
0
0
0
0
0
0
0
0
0
0
0
0
0
0
0
0
0
0
0
0
0
0
0
0
0
0
0
0
0
0
0
0
0
0
0
0
0
0
0
0
0
0
0
0
0
0
0
0
0
0
0
0
0
0
0
0
0
0
0
0
0
0
0
0
0
0
0
0
0
0
0
0
0
0
0
0
0
0
0
0
0
0
0
0
0
0
0
0
0
0
0
0
0
0
0
0
0
0
0
0
0
0
0
0
0
0
0
0
0
0
0
0
0
0
0
0
0
0
0
0
0
0
0
0
0
0
0
0
0
0
0
0
0
0
0
0
0
0
0
0
0
0
0
0
0
0
0
0
0
0
0
0
0
0
0
0
0
0
0
0
0
0
0
0
0
0
0
0
0
0
0
0
0
0
0
0
0
0
0
0
0
0
0
0
0
0
0
0
0
0
0
0
0
0
0
0
0
0
0
0
0
0
0
0
0
0
0
0
0
0
0
0
0
0
0
0
0
0
0
0
0
0
0
0
0
0
0
0
0
0
0
0
0
0
0
0
0
0
0
0
0
0
0
0
0
0
0
0
0
0
0
0
0
0
0
0
0
0
0
0
0
0
0
0
0
0
0
0
0
0
0
0
0
0
0
0
0
0
0
0
0
0
0
0
0
0
0
0
0
0
0
0
0
0
0
0
0
0
0
0
0
0
0
0
0
0
0
0
0
0
0
0
0
0
0
0
0
0
0
0
0
0
0
0
0
0
0
0
0
0
0
0
0
0
0
0
0
0
0
0
0
0
0
0
0
0
0
0
0
0
0
0
0
0
0
0
0
0
0
0
0
0
0
0
0
0
0
0
0
0
0
0
0
0
0
0
0
0
0
0
0
0
0
0
0
0
0
0
0
0
0
0
0
0
0
0
0
0
0
0
0
0
0
0
0
0
0
0
0
0
0
0
0
0
0
0
0
0
0
0
0
0
0
0
0
0
0
0
0
0
0
0
0
0
0
0
0
0
0
0
0
0
0
0
0
0
0
0
0
0
0
0
0
0
0
0
0
0
0
0
0
0
0
0
0
0
0
0
0
0
0
0
0
0
0
0
0
0
0
0
0
0
0
0
0
0
0
0
0
0
0
0
0
0
0
0
0
0
0
0
0
0
0
0
0
0
0
0
0
0
0
0
0
0
0
0
0
0
0
0
0
0
0
0
0
0
0
0
0
0
0
0
0
0
0
0
0
0
0
0
0
0
0
0
0
0
0
0
0
0
0
0
0
0
0
0
0
0
0
0
0
0
0
0
0
0
0
0
0
0
0
0
0
0
0
0
0
0
0
0
0
0
0
0
0
0
0
0
0
0
0
0
0
0
0
0
0
0
0
0
0
0
0
0
0
0
0
0
0
0
0
0
0
0
0
0
0
0
0
0
0
0
0
0
0
0
0
0
0
0
0
0
0
0
0
0
0
0
0
0
0
0
0
0
0
0
0
0
0
0
0
0
0
0
0
0
0
0
0
0
0
0
0
0
0
0
0
0
0
0
0
0
0
0
0
0
0
0
0
0
0
0
0
0
0
0
0
0
0
0
0
0
0
0
0
0
0
0
0
0
0
0
0
0
0
0
0
0
0
0
0
0
0
0
0
0
0
0
0
0
0
0
0
0
0
0
0
0
0
0
0
0
0
0
0
0
0
0
0
0
0
0
0
0
0
0
0
0
0
0
0
0
0
0
0
0
0
0
0
0
0
0
0
0
0
0
0
0
0
0
0
0
0
0
0
0
0
0
0
0
0
0
0
0
0
0
0
0
0
0
0
0
0
0
0
0
0
0
0
0
0
0
0
0
0
0
0
0
0
0
0
0
0
0
0
0
0
0
0
0
0
0
0
0
0
0
0
0
0
0
0
0
0
0
0
0
0
0
0
0
0
0
0
0
0
0
0
0
0
0
0
0
0
0
0
0
0
0
0
0
0
0
0
0
0
0
0
0
0
0
0
0
0
0
0
0
0
0
0
0
0
0
0
0
0
0
0
0
0
0
0
0
0
0
0
0
0
0
0
0
0
0
0
0
0
0
0
0
0
0
0
0
0
0
0
0
0
0
0
0
0
0
0
0
0
0
0
0
0
0
0
0
0
0
0
0
0
0
0
0
0
0
0
0
0
0
0
0
0
0
0
0
0
0
0
0
0
0
0
0
0
0
0
0
0
0
0
0
0
0
0
0
0
0
0
0
0
0
0
0
0
0
0
0
0
0
0
0
0
0
0
0
0
0
0
0
0
0
0
0
0
0
0
0
0
0
0
0
0
0
0
0
0
0
0
0
0
0
0
0
0
0
0
0
0
0
0
0
0
0
0
0
0
0
0
0
0
0
0
0
0
0
0
0
0
0
0
0
0
0
0
0
0
0
0
0
0
0
0
0
0
0
0
0
0
0
0
0
0
0
0
0
0
0
0
0
0
0
0
0
0
0
0
0
0
0
0
0
0
0
0
0
0
0
0
0
0
0
0
0
0
0
0
0
0
0
0
0
0
0
0
0
0
0
0
0
0
0
0
0
0
0
0
0
0
0
0
0
0
0
0
0
0
0
0
0
0
0
0
0
0
0
0
0
0
0
0
0
0
0
0
0
0
0
0
0
0
0
0
0
0
0
0
0
0
0
0
0
0
0
0
0
0
0
0
0
0
0
0
0
0
0
0
0
0
0
0
0
0
0
0
0
0
0
0
0
0
0
0
0
0
0
0
0
0
0
0
0
0
0
0
0
0
0
0
0
0
0
0
0
0
0
0
0
0
0
0
0
0
0
0
0
0
0
0
0
0
0
0
0
0
0
0
0
0
0
0
0
0
0
0
0
0
0
0
0
0
0
0
0
0
0
0
0
0
0
0
0
0
0
0
0
0
0
0
0
0
0
0
0
0
0
0
0
0
0
0
0
0
0
0
0
0
0
0
0
0
0
0
0
0
0
0
0
0
0
0
0
0
0
0
0
0
0
0
0
0
0
0
0
0
0
0
0
0
0
0
0
0
0
0
0
0
0
0
0
0
0
0
0
0
0
0
0
0
0
0
0
0
0
0
0
0
0
0
0
0
0
0
0
0
0
0
0
0
0
0
0
0
0
0
0
0
0
0
0
0
0
0
0
0
0
0
0
0
0
0
0
0
0
0
0
0
0
0
0
0
0
0
0
0
0
0
0
0
0
0
0
0
0
0
0
0
0
0
0
0
0
0
0
0
0
0
0
0
0
0
0
0
0
0
0
0
0
0
0
0
0
0
0
0
0
0
0
0
0
0
0
0
0
0
0
0
0
0
0
0
0
0
0
0
0
0
0
0
0
0
0
0
0
0
0
0
0
0
0
0
0
0
0
0
0
0
0
0
0
0
0
0
0
0
0
0
0
0
0
0
0
0
0
0
0
0
0
0
0
0
0
0
0
0
0
0
0
0
0
0
0
0
0
0
0
0
1
0
0
0
0
0
0
0
0
0
0
0
0
0
0
0
0
0
0
0
0
0
0
0
0
0
0
0
0
0
0
0
0
0
0
0
0
0
0
0
0
0
0
0
0
0
0
0
0
0
0
0
0
0
0
0
0
0
1
0
0
-1
0
0
0
0
0
0
0
0
0
0
0
0
0
0
0
0
0
0
0
0
0
0
0
0
0
0
0
0
0
0
0
0
0
0
0
0
0
0
0
0
0
0
0
0
0
0
0
0
0
0
0
0
0
0
0
0
0
0
0
0
0
0
0
0
0
0
0
0
0
0
0
0
0
0
0
0
0
0
0
0
0
0
0
0
0
0
0
0
0
0
0
0
0
0
0
0
0
0
0
0
0
1
0
0
0
0
0
0
0
1
1
0
0
0
0
0
0
0
0
0
0
0
0
0
0
0
0
0
0
0
0
0
0
0
0
0
0
0
0
0
0
0
0
0
0
0
0
0
0
0
0
0
0
0
0
0
0
0
0
0
0
0
0
0
0
0
0
0
0
0
0
0
0
0
0
0
0
0
0
0
0
0
-1
0
0
1
1
0
0
0
0
0
0
0
0
0
0
0
0
0
0
1
1
0
0
0
0
0
0
0
0
0
0
0
0
-1
0
0
0
0
0
0
1
1
0
0
0
0
0
0
0
0
0
0
0
0
0
0
0
0
0
0
0
0
0
0
0
0
0
0
0
0
0
0
0
0
0
0
-1
-2
-2
-1
0
0
-1
-1
-1
-1
-1
0
0
0
0
0
0
-1
-1
0
1
1
0
-1
0
0
0
0
0
-1
-1
-1
0
0
0
0
0
0
0
0
-1
-1
-1
-1
-1
-1
-1
-1
-1
-1
-1
-1
-1
-1
-1
0
0
0
0
0
-1
-1
0
-1
-1
-1
-1
-1
-1
0
0
1
0
0
0
0
-1
-1
-1
0
0
0
-1
-1
-1
0
0
-1
-1
-1
-1
-1
-1
-1
0
0
-1
-1
-1
-1
-1
-1
-1
-2
-2
-1
-1
-1
-2
-2
-2
-1
-1
-1
-1
0
0
0
0
0
-1
-1
-1
-1
-1
-2
-2
-2
-1
-1
-1
-1
-1
-1
-1
-2
-1
-1
-1
-1
-1
-2
-2
-2
-2
-1
-1
-1
-1
-1
-1
-2
-2
-2
-2
-1
-1
-2
-2
-2
-2
-2
-2
-2
-2
-2
-2
-1
-1
-1
-1
-1
-1
-1
-1
-1
-1
-1
-1
-1
0
0
0
-1
-1
-1
0
-1
-1
-1
-1
0
0
0
-1
-1
-1
-1
-1
-1
-1
0
1
1
0
0
0
0
1
0
0
0
0
0
0
0
-1
-1
-1
-1
-1
0
0
0
0
0
0
0
0
0
-1
0
0
0
0
0
-1
0
0
0
0
0
1
0
0
0
1
1
1
0
0
0
2
2
2
0
-1
-1
1
1
1
1
2
2
2
0
0
1
1
0
-1
-1
0
-1
-1
-1
-1
-1
0
0
0
-1
-1
-1
0
0
0
0
0
0
-1
0
2
2
1
0
0
1
0
-1
-1
-1
-1
-1
0
0
0
0
-2
-2
-2
0
1
0
-1
-1
0
1
1
0
0
1
2
1
0
0
1
0
0
-1
0
0
1
2
2
2
2
2
2
2
2
1
1
1
1
1
2
2
2
1
1
1
2
1
0
-1
-1
-1
-1
0
0
0
0
1
1
0
-1
-1
-1
-1
-1
-1
0
0
0
0
0
0
1
1
1
2
2
1
1
2
2
2
2
2
2
1
1
1
1
1
2
2
2
1
1
2
3
2
1
0
0
0
0
0
0
0
0
0
0
-1
-1
-1
0
0
0
0
0
0
1
1
1
1
0
0
1
2
2
1
1
2
2
2
2
2
2
1
1
2
2
2
2
2
2
1
1
1
1
1
1
2
2
0
0
0
1
1
0
0
1
1
1
1
2
2
1
1
0
0
-2
-3
-3
-2
-1
-1
-1
-1
-2
-2
-1
1
2
2
1
1
2
2
1
1
1
2
2
2
1
1
1
1
2
2
1
0
-1
-1
-1
0
2
2
2
1
0
0
1
2
2
1
0
0
1
1
2
2
2
1
2
2
1
-1
-1
0
1
1
-1
-2
-1
-1
-2
-3
-3
-2
-3
-3
-2
-1
-2
-3
-4
-3
-2
-2
-2
-2
-1
0
0
0
-1
-1
-1
-2
-1
-1
-1
0
0
-1
-1
-2
-2
-2
-2
-1
-1
-1
0
1
2
2
2
1
0
0
0
0
0
1
1
1
1
1
1
0
1
2
3
2
2
1
1
1
1
1
0
1
2
2
2
2
2
2
2
1
0
-1
-2
-3
-2
-1
0
0
0
-1
-2
-3
-3
-3
-2
-3
-5
-6
-6
-5
-4
-2
-2
-2
-2
-1
-1
-2
-3
-4
-4
-3
-2
-3
-3
-3
-2
-2
-3
-3
-2
-2
-4
-5
-5
-4
-4
-5
-5
-5
-4
-3
-2
-1
0
0
0
1
0
0
0
0
1
0
-1
-1
-1
-1
-1
0
1
0
-1
-2
-1
-2
-2
-2
-1
0
0
-2
-3
-2
-2
-2
-1
-1
0
1
2
3
2
0
0
0
0
0
-1
-1
-1
-2
-3
-2
-1
0
1
0
0
0
-1
-2
-3
-2
-3
-4
-4
-2
-1
0
0
1
2
-1
-3
-4
-2
-1
0
1
2
2
2
2
2
0
-1
-1
1
2
1
2
5
5
2
-2
-1
1
2
3
2
1
-1
-2
-3
-3
-3
-2
0
0
0
0
0
-1
-3
-4
-4
-3
-3
-2
-2
-1
-1
0
1
-1
-3
-2
-1
0
-1
-2
-1
0
0
0
0
-1
-2
-3
-2
-1
-2
-4
-5
-4
-3
-3
-3
-4
-4
-4
-3
-3
-3
-4
-4
-3
-2
-3
-4
-2
0
-2
-6
-9
-8
-5
-3
-3
-4
-4
-4
-3
-1
-1
-2
-2
-2
-2
-5
-7
-7
-3
-1
-2
-4
-4
-2
-1
-1
-3
-3
-2
-1
-1
-2
-2
-4
-5
-5
-2
-1
-2
-3
-2
1
0
-3
-4
-2
0
-1
-3
-4
-4
-4
-4
-4
-5
-5
-6
-8
-8
-8
-6
-5
-5
-5
-5
-4
-3
-4
-3
0
2
0
-4
-7
-7
-5
-4
-5
-7
-10
-12
-11
-6
0
2
1
-3
-5
-5
-2
2
4
1
-4
-5
-5
-5
-7
-7
-5
-4
-5
-5
-3
-2
-3
-3
-2
-2
-4
-4
-1
1
0
-2
-2
-2
-2
-2
0
-1
-4
-5
-3
-2
-2
-3
-2
-1
-2
-4
-4
-5
-6
-7
-5
-2
0
-2
-5
-5
-3
-1
-1
-5
-9
-11
-10
-9
-9
-6
-1
2
0
-2
-3
-4
-5
-6
-6
-4
-3
-3
-3
-2
-1
-2
-4
-5
-5
-3
-2
-3
-3
-4
-5
-5
-4
-1
2
1
-2
-3
0
4
4
1
-2
-1
2
3
2
0
-2
-2
-4
-7
-8
-5
-2
-1
-2
-3
-1
1
1
-2
-4
-3
-1
0
0
-1
-2
-4
-4
-3
-3
-6
-8
-6
-3
-3
-5
-4
-1
0
-3
-5
-3
-1
-2
-3
-3
-1
1
0
0
-2
-4
-5
-2
-1
-3
-7
-7
-3
0
2
1
-1
-1
-1
1
1
-1
-3
-4
-4
-5
-4
-1
3
3
-1
-5
-4
0
2
-1
-3
-2
0
0
-2
-3
-2
0
2
3
5
5
4
3
2
3
4
5
2
-3
-4
-1
3
5
2
-1
-4
-7
-6
-2
2
2
2
2
0
-5
-10
-9
-2
5
7
4
-1
-4
-1
5
7
3
0
2
5
8
8
9
9
7
6
8
8
3
-2
0
4
4
-1
-3
-3
-1
2
6
9
8
4
4
6
8
7
5
3
1
1
4
7
8
7
7
7
3
-1
1
9
15
14
7
2
1
4
7
8
8
7
7
7
8
9
11
9
3
-1
2
9
12
9
5
2
0
-1
0
5
9
9
5
4
3
3
5
8
11
8
2
2
6
10
10
9
10
10
5
2
5
11
12
9
9
16
19
14
4
-2
-2
2
7
10
11
7
3
3
7
12
11
5
-1
0
8
14
14
11
10
12
14
13
10
8
7
8
10
12
12
11
9
3
-2
-1
7
15
14
8
5
7
8
7
8
12
15
13
10
12
15
12
2
-6
-3
6
12
11
8
6
3
0
-1
4
13
18
15
8
5
9
15
16
10
0
-8
-9
-2
13
23
22
12
3
1
-1
-4
-3
6
16
16
7
0
-2
1
5
9
10
5
3
8
15
14
2
-13
-20
-18
-8
8
21
22
16
15
21
24
17
6
0
0
7
16
19
10
-5
-12
-8
-1
2
4
13
23
28
26
18
6
-6
-13
-11
-6
0
6
11
11
5
0
2
8
12
12
10
9
7
4
1
-2
-4
-4
-1
8
16
18
12
3
-5
-8
-6
-1
2
2
-1
-1
6
10
5
-2
-2
6
11
7
0
-2
-3
-6
-10
-9
-4
-1
2
9
15
13
2
-7
-6
0
3
6
9
12
11
7
2
-3
-7
-5
4
10
7
-1
-1
7
11
3
-7
-7
2
7
6
7
15
22
14
-5
-22
-26
-19
-9
-3
2
7
9
4
-8
-21
-29
-22
-1
20
25
10
-11
-22
-23
-17
-4
12
19
4
-19
-27
-15
1
5
-2
-9
-10
-6
3
12
10
-2
-8
1
14
11
-9
-27
-31
-23
-13
-6
1
10
14
6
-9
-14
-5
9
10
-4
-21
-23
-9
6
5
-13
-25
-16
7
18
9
-1
2
8
-3
-26
-38
-26
-7
2
-2
-6
-5
1
5
2
-5
-10
-9
-6
-6
-5
-4
-5
-10
-14
-12
-6
-5
-10
-14
-16
-16
-10
2
15
16
8
-1
-6
-12
-16
-11
-2
1
-7
-15
-14
-10
-10
-6
9
21
11
-15
-29
-18
4
15
7
-11
-29
-37
-28
-2
24
34
21
-4
-23
-31
-25
-10
7
14
4
-15
-25
-18
-4
5
9
15
18
9
-12
-28
-27
-12
3
11
9
-1
-16
-31
-35
-20
5
20
8
-20
-39
-33
-16
-9
-10
-5
3
0
-13
-18
-8
2
-3
-18
-33
-44
-48
-32
2
31
34
13
-8
-13
-7
3
12
17
12
-6
-25
-30
-19
-5
2
-2
-10
-16
-20
-19
-15
-7
2
7
1
-18
-38
-38
-12
21
30
8
-24
-39
-30
-11
2
2
-4
-16
-33
-49
-49
-23
17
43
39
15
-9
-20
-18
-6
5
4
-2
-4
-5
-14
-27
-24
-4
9
-3
-19
-12
13
25
15
-1
-9
-15
-28
-43
-50
-38
-8
22
26
4
-15
-8
15
24
10
-13
-25
-23
-15
-6
-7
-20
-28
-18
2
13
10
0
-16
-32
-35
-16
13
24
10
-13
-21
-15
-3
6
9
2
-11
-19
-20
-19
-15
-8
0
5
13
21
20
3
-18
-27
-23
-16
-3
14
16
-12
-42
-28
25
60
37
-20
-54
-45
-12
12
11
-7
-21
-20
-16
-28
-42
-25
16
31
0
-31
-9
38
45
-2
-47
-42
-2
27
29
15
-6
-32
-43
-20
20
37
12
-28
-39
-15
15
19
-1
-22
-24
-9
11
18
8
-9
-15
-13
-20
-35
-33
0
38
39
4
-20
-4
28
32
9
-9
-3
7
2
-12
-13
-2
8
9
3
-2
-1
7
14
8
-8
-20
-17
-9
-9
-18
-24
-20
-12
0
12
18
9
-10
-20
-11
6
10
-5
-25
-31
-13
18
34
13
-34
-65
-50
-3
31
34
26
31
36
17
-22
-42
-24
9
24
16
4
-3
-4
5
26
40
29
-2
-28
-37
-35
-21
10
43
45
2
-51
-67
-30
34
85
82
21
-45
-50
4
45
32
-2
-11
-7
-20
-37
-15
32
44
7
-29
-22
6
19
16
13
9
-5
-26
-50
-72
-75
-29
60
124
92
-18
-100
-74
19
73
41
-23
-42
-17
2
1
14
51
67
29
-23
-31
7
41
37
5
-26
-45
-49
-43
-28
-6
23
51
54
21
-24
-41
-14
33
67
59
7
-54
-69
-21
42
57
17
-27
-27
9
32
15
-25
-45
-21
19
32
7
-21
-20
6
36
59
62
28
-36
-77
-48
30
81
59
-8
-62
-65
-16
51
84
53
-5
-25
4
24
6
-9
18
48
20
-46
-64
-9
45
31
-32
-70
-48
6
45
42
4
-32
-30
0
13
-16
-50
-34
31
91
96
44
-19
-43
-6
55
74
25
-45
-67
-26
30
54
42
18
-5
-24
-28
-10
18
35
27
5
-10
-8
0
-2
-10
-6
13
32
44
39
13
-22
-28
13
61
46
-31
-84
-47
38
78
45
-14
-47
-38
3
49
61
23
-30
-54
-47
-35
-25
3
39
41
-1
-36
-20
23
43
32
20
16
3
-21
-28
3
44
51
21
-10
-24
-35
-44
-22
42
102
94
13
-68
-80
-21
52
84
48
-33
-99
-88
-2
86
110
78
44
32
15
-25
-63
-55
6
81
110
52
-61
-133
-87
41
124
90
0
-41
-16
7
-7
-20
-4
12
-8
-44
-47
-6
42
57
27
-31
-71
-55
0
27
1
-16
29
93
87
8
-65
-73
-34
16
66
92
59
-10
-34
17
59
5
-91
-94
27
156
162
50
-69
-101
-50
12
25
-13
-51
-45
-6
17
3
-14
2
43
61
34
-17
-52
-47
-1
58
78
29
-59
-107
-74
-1
39
34
27
39
35
-9
-49
-22
62
115
74
-24
-83
-50
33
83
62
0
-41
-32
0
9
-14
-31
-4
51
69
22
-42
-50
-3
29
12
-10
6
25
-14
-88
-105
-27
72
99
45
-22
-43
-9
46
70
36
-27
-59
-37
5
28
24
10
-9
-24
-21
4
23
15
1
10
25
8
-35
-56
-20
52
89
44
-55
-108
-50
66
117
56
-35
-64
-47
-44
-36
32
117
105
-20
-129
-112
-4
76
72
20
-23
-36
-12
36
67
43
-20
-68
-63
-19
23
30
9
-4
2
-2
-25
-18
45
98
49
-72
-124
-42
60
57
-26
-73
-52
-26
-20
0
36
41
-2
-42
-39
-23
-28
-21
40
115
114
17
-85
-94
-14
71
91
47
-18
-80
-119
-102
-5
118
164
90
-42
-116
-79
29
121
128
46
-57
-102
-76
-39
-17
23
77
66
-40
-132
-97
20
74
32
-6
16
29
-18
-60
-33
20
44
49
34
-37
-127
-110
38
150
82
-71
-112
-29
23
-12
-29
19
34
-42
-112
-80
18
82
67
-3
-73
-88
-32
38
43
-17
-57
-21
42
59
26
-18
-50
-48
4
59
48
-12
-30
26
72
31
-47
-42
66
150
92
-53
-112
-20
92
72
-55
-124
-59
31
21
-49
-62
-5
52
69
45
-16
-78
-79
-24
9
-2
20
91
89
-52
-179
-101
108
183
38
-135
-158
-71
9
45
44
-2
-67
-80
-22
31
19
-16
0
55
67
0
-92
-129
-82
13
80
67
-1
-57
-71
-59
-22
47
114
115
37
-54
-82
-38
33
74
56
-23
-106
-108
5
139
153
33
-89
-94
-21
24
17
0
-11
-27
-23
32
87
55
-42
-80
-14
58
67
58
55
-18
-163
-217
-74
125
161
27
-96
-85
5
63
45
-23
-85
-80
-5
51
12
-58
-50
21
50
7
-50
-73
-51
18
94
95
-2
-93
-75
3
19
-14
21
119
114
-52
-197
-148
17
103
64
4
-19
-42
-66
-17
97
136
22
-120
-123
-14
56
55
70
92
8
-161
-207
-31
173
172
-1
-124
-95
-5
46
57
29
-44
-91
-22
96
98
-30
-101
5
152
126
-72
-215
-128
99
232
159
-9
-104
-87
-48
-51
-53
-1
59
47
-23
-68
-54
-14
27
67
63
-28
-137
-121
35
152
87
-55
-77
15
29
-85
-139
-6
144
101
-56
-97
-6
31
-38
-63
37
132
93
-23
-88
-78
-32
42
111
86
-36
-110
-44
56
69
22
-1
2
-7
-25
-37
-43
-21
54
132
100
-56
-178
-127
28
111
68
-26
-101
-121
-67
26
81
83
72
42
-38
-113
-101
-16
65
115
143
96
-68
-227
-175
64
207
90
-98
-125
-26
39
55
89
112
55
-50
-101
-54
46
115
91
-11
-99
-85
-3
28
-27
-57
9
81
48
-56
-122
-119
-70
16
103
119
42
-62
-117
-100
-18
109
197
139
-61
-224
-172
53
226
190
-6
-182
-192
-42
121
143
25
-80
-67
-4
-5
-47
-24
51
46
-62
-114
-12
114
86
-43
-66
62
153
70
-81
-124
-40
51
50
-34
-115
-97
19
123
131
81
48
19
-53
-118
-65
93
186
106
-62
-168
-156
-49
83
121
27
-54
8
92
6
-170
-171
38
186
91
-94
-130
-19
80
99
61
-30
-120
-93
39
86
-30
-134
-70
66
98
20
-48
-28
44
89
60
-13
-49
-3
60
33
-73
-116
-31
73
85
30
-20
-45
-39
-12
-26
-81
-58
77
140
1
-182
-179
-15
107
106
50
-22
-107
-97
95
265
116
-231
-322
<<<<<<< Updated upstream
-37
232
170
-69
-185
-110
48
171
165
13
-149
-140
21
130
67
-50
-72
-21
25
55
42
-65
-169
-80
158
255
80
-152
-174
19
213
218
35
-154
-166
0
153
123
-46
-160
-122
-21
22
6
-13
-14
-9
-8
-24
-29
28
96
54
-78
-119
-12
92
80
7
-56
-113
-117
8
167
131
-111
-243
-55
206
193
-20
-118
-61
-41
-71
-16
94
98
-3
-73
-75
-68
-39
47
90
-26
-167
-83
170
249
42
-175
-172
-29
99
181
170
-20
-271
-277
32
292
173
-142
-228
-34
117
63
-31
-30
-15
-62
-81
2
89
66
-15
-35
12
65
84
25
-132
-241
-94
238
377
123
-252
-338
-91
186
267
178
21
-133
-178
-37
146
134
-66
-190
-99
58
99
45
27
67
51
-74
-174
-107
39
55
-66
-97
63
188
57
-179
-186
38
157
58
-9
58
15
-206
-250
65
338
158
-243
-319
-4
246
150
-71
-133
-68
-28
7
97
146
52
-102
-147
-48
71
74
-19
-51
29
57
-87
-223
-102
184
265
25
-218
-159
72
157
72
27
60
21
-86
-76
73
152
49
-82
-65
43
68
-18
-90
-58
41
118
110
12
-98
-96
29
111
5
-179
-184
29
204
146
-20
-56
37
68
-23
-85
-12
92
66
-75
-168
-101
69
179
114
-84
-220
-147
51
152
67
-78
-118
-38
52
62
21
4
12
-15
-56
-18
84
94
-56
-184
-92
128
194
35
-117
-80
35
57
9
-21
-48
-72
6
183
245
54
-205
-239
-26
164
128
-36
-86
27
118
53
-67
-59
74
143
39
-102
-105
-1
67
77
70
-8
-154
-159
89
312
191
-131
-241
-51
114
25
-144
-114
114
288
209
-96
-375
-311
130
508
363
-146
-427
-241
72
168
92
34
7
-56
-118
-83
39
139
141
60
-45
-102
-76
-18
6
42
140
167
-18
-260
-259
-5
209
192
41
-70
-84
-43
6
30
31
58
100
30
-208
-371
-156
308
499
168
-300
-385
-69
237
239
31
-130
-121
-5
91
84
-17
-94
-15
173
213
-37
-321
-251
145
401
216
-148
-248
-45
141
137
75
55
16
-25
38
118
11
-190
-166
76
152
-70
-218
-8
279
229
-62
-179
-49
66
79
117
137
-15
-220
-188
59
194
78
-84
-107
-60
-29
40
129
60
-160
-220
33
273
140
-209
-313
-42
266
263
-9
-232
-212
-36
90
76
1
-19
17
24
-6
12
77
59
-77
-155
-38
163
222
89
-103
-199
-123
114
344
283
-127
-478
-301
264
531
143
-424
-475
4
388
273
-88
-237
-81
132
189
73
-92
-140
5
196
177
-62
-214
-74
140
126
-36
-56
58
46
-118
-161
30
210
157
-28
-135
-136
-95
18
181
210
22
-171
-161
-41
1
-4
58
109
-2
-172
-142
109
290
197
-35
-177
-181
-110
-1
97
90
-4
-37
46
84
-53
-202
-115
138
205
-45
-284
-158
209
367
136
-208
-323
-158
97
226
138
-55
-113
34
147
10
-197
-128
166
248
-20
-218
-42
181
61
-183
-112
171
190
-124
-324
-116
252
347
70
-310
-463
-246
180
426
250
-109
-207
2
140
-5
-201
-150
103
244
73
-251
-345
-61
293
311
14
-195
-94
96
109
42
80
96
-106
-323
-225
79
209
114
26
-14
-121
-175
24
284
189
-191
-287
74
309
-16
-427
-247
322
488
36
-397
-263
192
359
102
-152
-89
76
13
-169
-122
153
268
25
-278
-274
-21
150
135
76
6
-124
-178
-19
146
49
-140
-79
121
59
-234
-279
60
314
134
-172
-179
7
54
-4
42
105
4
-141
-120
5
59
49
67
61
-46
-171
-160
-25
102
161
146
-3
-235
-282
-14
258
179
-130
-274
-133
94
218
179
2
-175
-144
106
276
120
-172
-215
-2
91
-75
-172
36
252
109
-214
-216
149
347
43
-356
-263
180
294
-73
-294
8
341
168
-213
-198
136
222
-39
-166
49
201
-26
-321
-255
70
258
192
34
-100
-175
-120
58
182
93
-135
-259
-139
87
149
-13
-157
-75
104
100
-105
-237
-111
122
201
99
-18
-47
-18
16
-5
-95
-104
109
337
197
-226
-369
-18
317
156
-219
-234
65
139
-119
-205
124
388
135
-324
-368
26
297
128
-175
-201
13
121
-13
-175
-128
94
251
160
-121
-333
-241
92
325
229
-30
-151
-108
-59
-33
37
92
48
-21
-25
-32
-101
-90
114
292
146
-188
-279
-55
125
104
73
49
-142
-331
-140
289
384
32
-255
-153
81
156
151
139
-58
-352
-256
269
469
-51
-537
-225
416
441
-103
-398
-155
133
133
72
132
92
-141
-246
-37
175
110
-42
-24
47
-31
-167
-135
59
179
70
-143
-201
-28
167
160
-12
-110
-26
72
-3
-153
-119
114
251
75
-257
-384
-134
266
372
26
-375
-322
121
377
156
-163
-133
110
108
-185
-340
-109
230
305
114
-91
-153
-86
16
55
10
-9
81
158
32
-229
-294
-3
336
285
-125
-376
-126
317
378
-34
-409
-307
97
295
125
-93
-73
71
94
-15
-88
-49
39
99
96
35
-33
-64
-63
-36
41
143
157
17
-153
-160
11
168
167
52
-99
-243
-256
-19
298
320
-40
-398
-349
64
412
337
-79
-369
-197
202
287
-61
-339
-125
270
248
-145
-278
33
238
-4
-251
-33
352
296
-193
-505
-250
257
420
87
-324
-369
-53
284
371
182
-137
-364
-265
185
559
306
-435
-753
-164
588
540
-112
-444
-203
64
84
142
293
143
-337
-521
-81
382
225
-244
-310
39
240
95
-83
-84
-27
-20
5
97
151
59
-106
-155
-25
127
108
-70
-179
-45
206
262
25
-222
-193
25
125
47
2
78
70
-146
-289
-25
415
397
-151
-459
-32
468
196
-479
-490
221
574
42
-544
-312
351
478
-9
-336
-140
139
121
-31
-61
-8
9
-6
-18
-27
-14
51
142
164
14
-241
-319
-41
323
338
6
-226
-114
74
34
-99
-31
161
149
-77
-227
-200
-119
23
241
268
-60
-374
-273
59
204
127
37
-38
-141
-154
-12
93
28
-2
141
150
-188
-394
-10
435
192
-378
-354
164
281
-110
-212
208
407
-38
-484
-265
262
357
42
-126
-40
-26
-116
-41
168
194
-9
-151
-80
19
-38
-119
14
266
259
-99
-384
-223
183
365
208
-37
-187
-237
-125
184
409
179
-333
-463
4
425
226
-220
-207
183
262
-121
-356
-76
283
202
-121
-149
108
139
-191
-378
-86
288
219
-141
-222
66
246
65
-141
-64
58
-96
-306
-125
327
428
-27
-466
-336
138
346
164
-49
-103
-133
-142
44
302
214
-225
-407
9
458
277
-231
-284
96
206
-86
-188
97
241
-17
-215
-6
221
27
-297
-197
213
321
-30
-367
-305
48
367
393
76
-317
-396
-103
229
289
73
-198
-261
-21
266
209
-170
-343
23
481
343
-276
-527
-55
462
319
-235
-464
-159
261
362
97
-242
-302
-44
187
105
-112
-94
135
164
-172
-439
-159
434
571
0
-558
-357
304
477
-65
-506
-204
342
293
-211
-321
96
318
67
-100
81
158
-80
-177
92
276
60
-177
-38
206
98
-202
-184
154
315
69
-302
-425
-140
390
622
143
-592
-647
71
591
269
-327
-338
147
360
63
-190
-13
217
38
-294
-202
255
411
-29
-496
-321
284
474
-1
-424
-223
191
211
-5
-11
85
-25
-170
-53
134
57
-135
-99
78
74
-46
31
191
34
-309
-263
190
414
140
-194
-237
-117
-5
108
183
119
-44
-174
-215
-135
103
346
248
-226
-515
-154
417
400
-121
-336
-27
200
54
-49
105
125
-171
-298
82
472
255
-299
-401
48
351
123
-206
-165
70
85
-91
-117
63
149
-2
-139
-23
199
219
21
-132
-80
85
212
239
125
-143
-408
-382
23
482
527
75
-439
-496
-59
385
378
8
-243
-113
134
128
-72
-94
154
283
7
-337
-246
145
235
-76
-229
34
230
-21
-306
-120
233
145
-195
-109
289
210
-335
-418
178
493
20
-437
-146
359
236
-286
-345
132
378
42
-325
-201
211
407
180
-263
-440
-69
419
345
-168
-366
-95
63
-77
-63
197
191
-173
-251
191
397
-82
-416
118
684
195
-714
-641
283
697
201
-291
-207
19
-13
-35
193
338
81
-266
-236
39
116
-20
-44
72
50
-163
-250
22
374
290
-210
-417
42
490
188
-415
-360
250
435
-55
-411
-122
301
252
-74
-167
-42
-13
-59
17
104
30
-49
13
26
-104
-99
153
301
99
-177
-175
33
127
18
-75
17
145
56
-188
-240
47
338
215
-219
-405
-107
238
208
40
97
149
-139
-418
-175
312
356
-42
-256
-73
92
0
-69
70
164
43
-39
56
20
-279
-365
82
504
205
-488
-578
126
688
388
-297
-489
-136
135
76
-2
42
-20
-154
-10
316
225
-320
-510
64
635
364
-396
-638
-112
444
386
-78
-332
-154
157
249
74
-127
-100
97
155
-22
-185
-157
14
291
523
279
-471
-850
-183
757
688
-269
-739
-161
478
300
-180
-148
145
73
-168
-121
-33
-190
-157
311
540
52
-489
-331
168
238
-46
-73
158
119
-187
-223
59
163
27
58
208
25
-366
-360
72
309
87
-165
-97
68
16
-110
-4
221
162
-167
-266
67
339
81
-394
-385
148
457
92
-390
-245
297
428
42
-235
-148
-57
-92
8
177
32
-328
-315
147
392
93
-167
87
332
-64
-616
-374
466
721
8
-674
-428
296
478
2
-340
-116
207
127
-142
-158
-2
-21
-135
-12
236
154
-240
-368
5
349
163
-250
-266
105
288
64
-145
-26
137
5
-199
-82
199
160
-187
-278
103
404
117
-380
-339
204
472
121
-322
-330
-9
287
365
149
-257
-428
-82
381
323
-177
-399
-81
207
70
-92
67
147
-158
-345
7
384
203
-213
-271
-51
40
2
53
123
47
-27
72
99
-176
-381
-87
338
270
-110
-194
-13
20
-13
171
271
-124
-600
-369
419
689
-5
-732
-477
374
611
-62
-676
-409
348
601
85
-438
-279
237
339
5
-162
-38
-52
-227
-88
345
421
-58
-421
-186
185
122
-98
53
301
41
-462
-395
203
428
-31
-414
-135
316
198
-314
-383
207
649
239
-572
-739
-47
631
526
-78
-371
-135
120
9
-226
-202
51
249
230
-5
-312
-371
-2
457
462
17
-320
-229
13
88
98
191
157
-167
-428
-238
149
218
9
-56
66
63
-68
-25
162
116
-176
-221
140
333
-53
-486
-241
432
606
5
-603
-432
290
623
156
-436
-334
233
322
-275
-629
-59
705
499
-469
-816
-60
657
369
-331
-409
55
275
42
-196
-155
31
167
155
-68
-350
-284
206
501
113
-436
-331
246
441
71
-262
-214
-43
4
-8
2
-11
-24
26
37
-96
-160
67
269
11
-382
-211
356
435
-121
-443
-52
424
304
-145
-287
-97
49
115
262
275
-94
-454
-237
325
452
-16
-439
-384
-124
20
168
399
348
-190
-640
-324
444
667
67
-515
-336
213
269
-207
-421
24
532
390
-220
-501
-135
356
360
-53
-324
-166
140
192
-21
-171
-26
252
278
-83
-457
-340
221
565
218
-431
-581
-74
403
305
-70
-168
-16
7
-113
-92
72
119
16
-16
80
125
47
-30
-68
-125
-88
157
317
27
-390
-248
327
434
-166
-560
-105
505
292
-439
-536
208
703
208
-560
-529
169
493
31
-508
-371
232
508
162
-307
-352
-3
340
386
74
-395
-550
-130
392
358
-63
-136
188
204
-251
-401
173
667
233
-605
-685
39
547
342
-132
-400
-306
160
573
265
-519
-595
329
912
181
-805
-542
482
606
-214
-454
195
402
-197
-388
162
281
-312
-360
457
671
-361
-1017
-34
1160
643
-796
-952
181
661
-20
-414
89
396
-69
-372
67
421
66
-244
122
362
-252
-758
-50
962
612
-694
-953
246
1043
287
-724
-482
399
490
-125
-358
-65
72
-23
89
217
-154
-598
-202
673
637
-429
-943
-108
807
526
-333
-470
110
413
68
-328
-250
134
386
305
-55
-419
-364
170
571
276
-374
-555
-66
481
438
-163
-615
-311
402
547
-100
-609
-270
357
350
-189
-422
-97
214
150
-2
-28
-93
-127
130
341
-13
-460
-130
574
470
-353
-622
18
522
234
-204
-113
164
101
-45
83
172
-3
-20
197
3
-560
-485
363
744
99
-533
-302
233
309
125
91
-31
-397
-397
247
586
-75
-725
-218
666
508
-345
-507
88
356
38
-107
152
168
-282
-470
91
699
435
-414
-722
-140
494
409
-122
-318
-10
222
14
-214
-7
267
34
-414
-361
117
329
128
-48
-53
-95
-140
-7
168
113
-91
-138
23
154
101
-42
-130
-82
124
301
89
-433
-556
44
607
396
-157
-274
-65
-14
-18
186
298
-10
-379
-270
187
378
88
-232
-146
151
172
-93
-172
157
453
157
-476
-475
373
807
-67
-1010
-445
778
679
-504
-818
61
568
85
-312
-27
182
-132
-260
177
390
-46
-302
35
114
-299
-159
607
570
-481
-869
67
880
546
-155
-348
-256
-194
98
534
390
-345
-568
78
395
-175
-417
248
485
-334
-763
-13
572
109
-328
51
339
-144
-497
49
619
179
-566
-361
399
413
-233
-419
-10
289
326
271
-20
-353
-164
286
156
-341
-216
382
305
-440
-500
444
863
-118
-1040
-437
677
577
-274
-348
174
89
-390
-171
532
541
-213
-612
-174
328
201
-177
-144
161
164
-123
-204
3
103
-14
-18
196
227
-165
-467
-52
637
458
-532
-822
161
875
118
-849
-362
798
681
-566
-940
139
956
338
-594
-479
180
245
-100
-68
162
15
-250
-115
121
-26
-186
175
536
46
-804
-656
499
1046
176
-827
-574
359
522
-104
-338
96
294
-59
-205
162
331
-56
-350
-83
252
137
-140
-150
-54
-55
136
507
325
-494
-747
135
849
295
-559
-400
260
231
-246
-168
295
193
-345
-321
217
251
-198
-143
281
50
-502
-136
733
511
-626
-840
199
744
-25
-666
-75
617
173
-512
-149
526
204
-515
-302
411
316
-351
-346
266
292
-364
-486
261
616
-117
-731
-90
852
508
-710
-956
155
970
369
-632
-592
215
499
38
-239
38
207
-69
-217
74
226
-101
-305
47
366
84
-310
-140
275
216
-170
-153
260
266
-340
-645
-8
786
583
-392
-802
-131
608
408
-306
-425
143
426
-2
-373
-62
382
218
-255
-312
-1
147
79
81
95
-117
-385
-290
182
486
171
-442
-523
182
829
459
-612
-981
-45
940
553
-563
-642
303
522
-391
-792
73
759
181
-598
-299
467
415
-238
-314
235
351
-184
-416
23
308
-61
-439
-146
507
670
9
-769
-606
448
1010
264
-729
-606
221
381
-169
-255
323
396
-378
-695
118
715
16
-761
-170
817
400
-881
-927
465
1225
285
-833
-501
556
631
-245
-572
99
570
71
-577
-394
284
546
290
16
-136
-302
-289
107
477
262
-320
-505
-118
189
-18
-308
-139
294
385
-58
-596
-563
211
892
461
-637
-795
289
927
70
-945
-503
735
918
-140
-841
-338
437
523
176
-111
-345
-381
42
426
133
-323
-114
303
37
-489
-244
506
582
-153
-619
-289
143
118
4
74
10
-130
119
395
-58
-660
-193
832
736
-442
-883
5
692
147
-538
-156
554
291
-497
-433
385
635
-13
-569
-377
178
470
275
-198
-452
-149
357
358
-186
-470
-27
482
282
-278
-351
-6
67
-114
14
291
33
-531
-370
530
816
-85
-840
-298
576
340
-464
-321
531
471
-614
-948
213
1193
484
-840
-840
289
750
70
-432
-12
420
-12
-670
-432
493
770
-76
-850
-436
499
559
-197
-442
195
557
-55
-654
-202
598
433
-392
-443
372
619
-186
-724
-115
631
347
-416
-403
291
449
-242
-608
122
889
340
-870
-889
379
998
77
-793
-202
709
215
-912
-576
929
1119
-485
-1333
-78
1143
397
-823
-375
844
626
-686
-864
385
982
-1
-880
-284
614
229
-736
-580
494
771
-138
-733
-86
730
404
-551
-658
191
645
89
-494
-266
197
118
-192
-128
134
175
91
66
-33
-168
0
367
301
-294
-576
-43
520
222
-439
-408
176
365
42
-177
-177
-208
-73
400
640
126
-604
-635
-16
399
263
68
141
109
-282
-524
-99
604
733
84
-658
-712
-54
568
527
61
-194
-162
-188
-210
95
493
387
-190
-537
-287
140
191
-117
-288
-33
345
335
-86
-372
-132
260
159
-273
-191
426
462
-436
-890
48
1042
467
-844
-837
437
954
58
-629
-117
369
-156
-526
320
1032
20
-1441
-926
1038
1508
-180
-1313
-283
873
162
-935
-257
1071
576
-1087
-1073
758
1434
-143
-1315
-200
1178
523
-869
-640
602
706
-265
-510
271
603
-101
-646
-145
578
429
-272
-498
-65
356
237
-231
-336
220
583
-87
-883
-283
1042
893
-783
-1483
-88
1315
766
-603
-692
157
217
-349
-43
804
471
-764
-826
475
981
-132
-975
-150
975
538
-841
-1049
227
1046
224
-902
-604
634
977
7
-812
-404
471
542
-127
-499
-248
26
54
172
304
-35
-582
-448
336
677
111
-506
-364
189
322
-96
-417
-134
431
501
-118
-666
-339
543
782
-34
-764
-300
659
644
-259
-608
59
663
428
-121
-262
-66
62
49
22
-30
-122
-111
52
128
-44
-234
-174
39
150
92
-70
-243
-256
-14
256
245
2
-159
-137
-93
-82
41
277
335
25
-343
-271
208
463
109
-385
-301
276
521
34
-550
-431
251
615
235
-333
-377
4
172
-27
-115
103
164
-200
-450
-47
530
375
-331
-450
227
499
-185
-617
78
744
132
-792
-388
771
734
-557
-1044
141
1226
611
-654
-698
258
577
-84
-547
-161
405
375
-93
-303
-25
229
52
-157
81
346
-30
-611
-339
620
804
-287
-1119
-388
775
533
-583
-589
481
647
-468
-935
121
1012
331
-788
-616
458
748
-14
-518
-138
291
112
-188
-46
251
178
-201
-379
-86
354
389
-52
-407
-236
174
272
62
-35
14
-159
-453
-208
579
813
-115
-1083
-684
611
1044
150
-649
-302
369
219
-335
-179
482
451
-409
-850
-152
797
800
-54
-691
-497
118
453
275
-135
-327
-101
259
304
-3
-276
-288
-170
-49
115
278
262
26
-219
-233
4
274
325
97
-205
-291
-72
204
212
-50
-287
-252
53
380
307
-293
-754
-258
770
872
-323
-1244
-540
833
937
-269
-937
-204
593
193
-612
-430
452
634
-149
-749
-401
344
632
374
-12
-290
-399
-185
304
533
116
-447
-347
278
446
-141
-516
57
783
451
-560
-694
330
907
12
-1039
-527
859
912
-600
-1370
-97
1367
835
-804
-1038
293
892
-124
-820
149
1109
227
-1189
-795
768
958
-325
-713
404
855
-373
-1194
4
1390
642
-1100
-1109
426
935
-162
-813
-22
730
270
-457
-328
120
-16
-288
78
502
28
-773
-583
421
765
12
-630
-269
396
338
-231
-363
76
332
51
-251
-112
180
117
-209
-247
143
406
56
-547
-562
193
813
426
-499
-704
-22
380
-37
-307
222
605
-53
-863
-462
671
869
-49
-573
-105
232
-122
-214
300
331
-416
-621
258
851
181
-685
-430
460
670
103
-378
-482
-381
124
828
643
-526
-952
135
903
5
-917
-95
1096
445
-1134
-991
718
1210
-188
-1002
-69
590
-267
-830
216
1127
262
-950
-565
524
338
-626
-385
806
742
-759
-1278
129
1227
289
-1070
-630
819
877
-531
-1137
-26
1027
507
-601
-655
117
352
-129
-256
322
627
-4
-774
-597
285
683
137
-497
-270
470
491
-424
-921
-103
929
749
-179
-443
-11
55
-317
-190
422
381
-401
-527
311
521
-418
-681
529
1128
-223
-1453
-504
1123
936
-445
-678
214
305
-420
-196
762
431
-881
-690
914
1042
-739
-1383
253
1306
-37
-1308
-184
1281
337
-1331
-550
1419
959
-1317
-1467
847
1741
-194
-1613
-267
1302
382
-1263
-724
930
811
-635
-753
482
759
-271
-619
344
909
121
-697
-358
336
289
-110
-150
-84
-168
-11
312
146
-315
-158
481
487
-241
-526
57
425
-85
-528
-99
359
-32
-480
-75
390
-50
-585
-91
684
333
-703
-782
218
742
128
-473
-195
224
35
-195
122
324
-212
-661
-67
783
460
-631
-757
285
829
133
-496
-72
458
61
-505
-114
592
293
-579
-540
284
426
-248
-429
150
361
-137
-383
61
453
259
-125
-301
-392
-346
171
749
408
-596
-711
375
939
9
-946
-420
746
821
-203
-831
-313
494
521
-52
-249
151
329
-195
-678
-208
789
918
-165
-1044
-549
455
494
-162
-227
228
96
-483
-292
566
575
-539
-1030
114
1322
713
-899
-1121
353
1241
225
-1027
-589
694
759
-292
-602
197
532
-232
-699
5
613
11
-625
54
908
249
-933
-615
602
610
-424
-572
310
561
-152
-423
154
345
-201
-228
552
620
-412
-699
463
1008
-260
-1271
-197
1267
693
-1010
-1075
634
1409
-32
-1542
-872
916
1203
-203
-1059
-304
606
323
-393
-282
284
182
-320
-89
572
226
-877
-767
747
1289
-131
-1272
-412
880
645
-309
-303
219
-77
-676
-172
860
600
-699
-928
223
743
-143
-781
-117
697
490
-234
-487
-205
118
241
184
8
-106
15
144
-75
-342
-26
577
454
-377
-673
44
712
473
-111
-256
-179
-311
-264
358
828
243
-762
-698
421
928
63
-802
-337
662
622
-287
-582
45
388
-74
-362
123
442
-211
-931
-435
786
1069
70
-796
-526
186
348
147
199
258
-211
-747
-427
517
797
-8
-735
-372
421
456
-109
-284
-33
-30
-123
244
550
-9
-676
-135
976
750
-723
-1140
290
1302
223
-1138
-525
925
761
-573
-793
241
705
101
-323
-17
231
-16
-204
13
184
31
-74
25
-7
-103
142
396
28
-543
-469
46
334
452
489
-42
-909
-793
579
1419
398
-1107
-952
487
1020
178
-401
-90
-26
-495
-410
275
366
-183
-227
266
214
-408
-480
204
580
183
-156
85
250
-78
-227
112
188
-198
-163
413
473
-190
-494
-65
255
116
66
140
-252
-796
-338
948
1182
-343
-1599
-757
905
1063
-99
-641
-127
165
-285
-577
-112
511
538
56
-371
-433
-143
340
594
171
-616
-718
223
1052
531
-787
-1113
93
1221
667
-839
-1188
92
1207
790
-318
-724
-447
-162
173
672
639
-279
-939
-195
1055
937
-481
-1140
-138
914
510
-509
-545
266
609
140
-326
-312
-140
-13
316
752
604
-319
-998
-461
633
746
-255
-823
-67
911
717
-302
-724
-140
519
504
42
-385
-556
-202
665
1067
115
-1200
-1000
563
1319
345
-784
-582
297
472
-60
-352
-160
5
2
61
35
-234
-320
16
189
-114
-248
106
250
-154
-364
42
352
41
-285
-48
197
-171
-498
99
932
624
-562
-1019
-243
681
833
305
-376
-611
-51
718
567
-520
-1117
-317
843
816
-249
-850
-365
338
461
128
-310
-574
-218
670
976
49
-948
-588
562
785
-96
-556
87
628
94
-583
-163
750
642
-457
-1005
-265
751
842
116
-479
-471
-155
120
310
311
-97
-652
-602
205
789
284
-716
-881
-27
663
373
-274
-300
201
398
62
-256
-228
-146
-199
-90
287
418
-77
-670
-518
277
670
131
-525
-336
317
325
-341
-568
82
651
302
-424
-516
34
446
374
122
-107
-350
-378
75
591
459
-167
-390
46
378
59
-406
-284
289
586
320
-142
-380
-266
107
403
237
-278
-498
-109
389
421
132
-22
-74
-276
-362
22
416
164
-265
56
641
122
-1199
-1270
503
1837
744
-1322
-1464
368
1439
428
-893
-692
387
707
38
-590
-468
168
637
436
-332
-914
-574
441
1003
491
-386
-612
-203
105
10
-148
-20
329
475
69
-578
-659
44
680
447
-273
-508
-106
174
-82
-346
-88
334
253
-281
-595
-265
443
802
311
-582
-766
38
659
134
-699
-406
742
1019
-163
-1252
-723
766
1355
492
-599
-728
-32
543
395
-195
-449
-45
420
254
-291
-402
69
425
196
-240
-321
-89
50
37
122
295
246
-125
-523
-594
-231
304
497
109
-448
-585
-268
99
280
297
149
-104
-174
79
269
-15
-430
-264
331
385
-322
-748
-193
577
539
-121
-503
-295
101
314
290
109
-56
-7
156
26
-417
-491
195
874
581
-359
-771
-303
276
316
-6
-223
-182
-23
80
59
-9
29
188
246
24
-255
-195
184
450
350
55
-200
-320
-252
-22
188
234
156
23
-136
-227
-157
-9
95
176
246
150
-171
-439
-342
25
268
220
44
-136
-298
-230
206
524
155
-482
-464
135
365
15
-153
151
300
-23
-253
7
248
-25
-372
-171
268
242
-144
-267
-66
36
-74
-206
-265
-192
31
142
-109
-443
-396
-49
142
103
132
232
58
-375
-533
-188
192
254
219
171
-190
-678
-580
100
479
212
-105
-119
-145
-238
40
614
674
-71
-715
-413
341
520
107
-145
0
171
178
59
-194
-370
-115
372
428
-34
-349
-168
57
-69
-216
49
450
390
-98
-409
-246
125
359
272
-161
-610
-551
29
519
525
274
52
-155
-302
-156
256
513
316
-114
-341
-245
-43
63
36
-71
-143
-72
42
11
-69
37
186
35
-276
-260
104
298
77
-217
-215
24
219
210
-9
-305
-358
54
566
488
-214
-704
-406
214
398
118
-131
-135
-53
44
211
312
125
-221
-308
-24
251
206
-15
-138
-150
-151
-89
91
213
79
-177
-226
-13
160
65
-176
-312
-243
-15
259
419
323
11
-260
-244
20
243
186
-97
-340
-319
-43
276
401
242
-123
-470
-475
6
594
663
125
-399
-382
-27
163
59
-106
-173
-144
-20
142
104
-260
-609
-460
122
577
555
167
-329
-633
-424
230
692
459
-178
-558
-479
-194
112
381
353
-199
-860
-815
36
801
724
77
-387
-380
-150
0
-12
-47
56
214
150
-171
-396
-243
100
242
104
-62
-110
-128
-140
-21
207
295
123
-169
-414
-493
-246
310
747
594
-41
-559
-566
-235
63
226
379
507
383
-78
-556
-573
-21
648
816
313
-390
-655
-303
270
556
391
5
-259
-256
-89
98
254
307
143
-161
-294
-108
141
157
-4
-113
-121
-118
-102
-24
40
12
16
190
329
100
-376
-573
-272
164
314
142
-153
-384
-397
-142
176
241
11
-220
-205
-23
125
212
279
216
-77
-396
-398
-43
333
419
234
-9
-199
-375
-517
-461
-127
263
376
143
-177
-318
-240
-52
145
274
252
55
-196
-302
-162
128
341
291
-3
-303
-338
-72
283
495
493
290
-79
-468
-606
-351
87
341
297
145
36
-93
-288
-380
-199
138
326
232
-8
-203
-254
-129
101
195
-15
-309
-279
96
367
214
-133
-264
-141
-34
-41
9
179
276
158
-55
-186
-219
-210
-160
-65
3
-16
-49
28
182
183
-75
-312
-177
209
361
113
-149
-90
91
41
-145
-104
154
254
101
21
157
217
5
-237
-244
-89
56
164
216
111
-104
-181
-6
184
134
-61
-129
-33
56
82
104
71
-99
-280
-245
9
232
237
86
-43
-66
-30
-12
-36
-82
-114
-69
67
173
85
-165
-324
-242
-65
-7
-49
-28
64
82
0
-39
3
-21
-137
-135
92
325
345
212
67
-94
-269
-302
-89
211
347
270
91
-120
-323
-387
-209
58
151
53
-21
8
-2
-113
-166
-24
208
307
193
-13
-153
-153
-27
149
238
130
-104
-230
-86
223
435
395
171
-75
-235
-257
-114
135
325
330
201
88
29
-56
-185
-232
-116
58
136
118
97
84
30
-23
7
51
-52
-260
-297
-31
269
262
-13
-231
-236
-125
15
172
269
198
10
-138
-187
-174
-98
37
100
-25
-180
-77
233
355
131
-135
-160
-46
5
21
103
190
169
54
-73
-178
-230
-144
107
371
426
211
-128
-388
-419
-193
127
269
125
-148
-317
-272
-52
160
144
-110
-345
-353
-212
-86
21
146
168
-47
-367
-488
-310
-36
142
205
145
-71
-300
-302
-88
94
98
-14
-149
-231
-143
106
266
114
-207
-343
-195
3
75
116
208
231
93
-92
-215
-286
-263
-45
272
398
229
-16
-107
-56
16
78
157
210
164
54
-34
-97
-172
-219
-179
-97
-76
-133
-192
-179
-89
5
14
-71
-165
-193
-151
-62
51
131
124
60
32
53
41
-49
-130
-103
1
66
52
-2
-63
-95
-35
91
150
93
36
53
46
-50
-101
16
177
168
10
-70
21
142
170
154
146
105
37
56
196
327
322
200
70
6
27
107
206
289
338
338
276
168
92
126
250
340
307
171
34
11
153
342
374
222
98
150
263
281
265
349
471
444
273
171
237
323
299
248
273
308
244
119
49
80
166
232
208
92
-31
-70
-20
50
78
49
-1
-16
45
148
196
137
32
-46
-132
-261
-330
-239
-77
-13
-59
-118
-185
-306
-416
-394
-255
-157
-188
-278
-344
-393
-446
-478
-487
-503
-499
-433
-378
-447
-576
-578
-429
-319
-382
-519
-571
-528
-491
-508
-545
-572
-594
-603
-596
-598
-611
-568
-434
-300
-300
-431
-548
-542
-446
-353
-295
-243
-205
-233
-324
-391
-373
-300
-216
-125
-49
-54
-135
-175
-98
6
21
-2
77
253
370
353
303
315
342
325
307
345
405
425
418
415
396
340
298
328
409
479
534
612
702
741
713
673
657
635
591
576
629
692
680
600
539
544
579
599
601
608
630
656
647
576
482
450
511
565
520
444
477
585
586
446
338
367
428
406
343
323
329
311
282
259
214
170
230
397
479
371
263
350
488
405
141
-7
77
201
181
65
-10
-15
-10
-14
-13
-19
-40
-46
-23
-23
-85
-171
-220
-228
-232
-249
-268
-277
-288
-322
-366
-386
-404
-492
-646
-743
-702
-616
-632
-749
-839
-858
-895
-1008
-1113
-1106
-1029
-1009
-1084
-1179
-1230
-1255
-1295
-1350
-1397
-1426
-1451
-1483
-1496
-1443
-1317
-1168
-1047
-965
-906
-848
-782
-740
-760
-800
-768
-665
-613
-670
-727
-659
-502
-379
-330
-291
-215
-124
-24
89
166
174
196
312
436
452
436
537
724
870
982
1129
1241
1215
1136
1184
1323
1329
1161
1046
1109
1178
1109
1017
1026
1054
1022
1017
1101
1175
1147
1088
1098
1145
1141
1075
990
889
772
699
705
715
656
581
555
520
400
253
193
224
260
251
217
180
142
104
81
77
86
109
141
146
85
-21
-96
-101
-82
-92
-119
-118
-92
-82
-89
-64
10
74
73
54
99
186
220
188
176
233
295
305
285
281
280
247
195
174
203
241
239
204
184
208
247
262
255
264
305
345
350
326
287
236
186
164
138
45
-97
-195
-246
-355
-542
-675
-669
-631
-701
-833
-883
-848
-867
-986
-1102
-1146
-1176
-1246
-1339
-1441
-1566
-1683
-1741
-1777
-1885
-2061
-2182
-2166
-2078
-2023
-1992
-1894
-1703
-1474
-1271
-1126
-1064
-1081
-1110
-1081
-992
-902
-866
-881
-905
-888
-816
-712
-618
-539
-433
-271
-94
22
63
92
168
287
418
560
722
888
1035
1177
1340
1507
1639
1728
1790
1819
1800
1750
1702
1649
1555
1446
1403
1451
1510
1496
1443
1438
1500
1575
1619
1635
1636
1617
1573
1505
1411
1291
1170
1089
1049
1006
917
799
699
623
526
383
240
157
136
122
68
-13
-73
-86
-61
-34
-48
-108
-163
-172
-176
-244
-356
-431
-448
-472
-533
-571
-533
-456
-412
-406
-391
-349
-302
-262
-230
-206
-175
-111
-30
6
-15
-30
-5
6
-39
-96
-95
-43
-9
-17
-32
-20
12
56
123
207
284
343
386
399
376
341
321
307
273
205
114
23
-51
-127
-249
-409
-534
-579
-605
-707
-883
-1030
-1098
-1147
-1238
-1345
-1429
-1510
-1592
-1615
-1561
-1528
-1618
-1795
-1941
-2014
-2084
-2209
-2350
-2411
-2329
-2122
-1864
-1635
-1470
-1340
-1220
-1137
-1124
-1146
-1135
-1060
-953
-872
-855
-892
-912
-838
-662
-440
-232
-51
107
236
327
382
411
422
457
581
790
1003
1162
1309
1506
1737
1935
2067
2146
2178
2165
2126
2092
2063
2013
1923
1810
1709
1656
1678
1768
1867
1929
1965
2002
2014
1947
1795
1624
1500
1435
1389
1326
1255
1197
1139
1038
880
721
626
595
554
446
277
94
-69
-197
-279
-317
-323
-294
-232
-175
-182
-259
-374
-496
-608
-680
-695
-692
-725
-789
-808
-743
-643
-573
-538
-508
-475
-440
-385
-315
-277
-304
-360
-392
-385
-352
-301
-225
-133
-46
13
30
9
-26
-40
-20
14
45
79
122
157
175
196
238
294
345
383
407
406
376
316
225
102
-45
-197
-333
-439
-511
-565
-628
-723
-840
-953
-1054
-1149
-1232
-1292
-1346
-1420
-1509
-1587
-1659
-1761
-1899
-2047
-2185
-2327
-2469
-2555
-2521
-2354
-2099
-1812
-1537
-1310
-1141
-1025
-966
-986
-1078
-1173
-1193
-1115
-992
-895
-859
-851
-803
-663
-443
-203
4
172
316
438
518
555
576
609
668
768
941
1199
1503
1786
2012
2198
2365
2473
2466
2345
2188
2077
2027
2001
1963
1903
1830
1765
1743
1782
1870
1975
2076
2160
2199
2151
2002
1788
1577
1426
1355
1327
1277
1171
1042
941
873
796
672
518
373
258
160
53
-84
-243
-377
-427
-388
-322
-298
-327
-371
-404
-434
-479
-548
-638
-740
-833
-891
-911
-912
-901
-856
-758
-630
-522
-464
-440
-416
-385
-368
-380
-410
-423
-403
-362
-330
-310
-277
-210
-125
-58
-29
-30
-43
-62
-74
-59
-13
40
72
94
141
222
309
365
378
356
305
226
126
15
-103
-224
-341
-447
-546
-646
-749
-850
-947
-1034
-1102
-1150
-1199
-1273
-1372
-1476
-1581
-1702
-1844
-1989
-2116
-2231
-2355
-2505
-2663
-2773
-2753
-2562
-2243
-1898
-1593
-1323
-1074
-893
-853
-955
-1100
-1170
-1124
-1006
-892
-823
-787
-737
-636
-487
-322
-151
42
271
506
687
771
774
762
803
923
1103
1313
1550
1830
2138
2409
2570
2604
2559
2485
2401
2308
2217
2145
2088
2027
1954
1880
1818
1785
1807
1911
2081
2249
2329
2278
2111
1871
1617
1402
1255
1173
1132
1114
1101
1054
931
731
510
335
228
154
57
-77
-212
-305
-360
-428
-530
-618
-616
-517
-403
-359
-403
-496
-610
-746
-900
-1046
-1154
-1193
-1142
-1004
-820
-660
-563
-511
-465
-412
-361
-317
-274
-230
-195
-176
-178
-200
-234
-242
-184
-59
81
167
182
164
155
159
139
77
12
20
123
255
331
343
355
411
475
482
422
340
276
218
136
15
-138
-304
-461
-588
-678
-733
-759
-772
-808
-905
-1070
-1265
-1439
-1577
-1702
-1828
-1939
-2012
-2060
-2129
-2249
-2411
-2585
-2760
-2918
-3005
-2934
-2665
-2263
-1855
-1541
-1330
-1182
-1078
-1044
-1090
-1144
-1096
-921
-713
-591
-590
-647
-686
-660
-542
-322
-31
263
509
694
814
874
906
966
1087
1270
1503
1775
2044
2251
2373
2454
2546
2646
2700
2673
2576
2453
2353
2299
2260
2189
2079
1976
1919
1900
1905
1941
2019
2114
2177
2175
2090
1912
1656
1393
1209
1131
1102
1053
953
814
660
504
344
187
61
-20
-78
-157
-269
-396
-513
-600
-638
-612
-558
-542
-593
-661
-698
-729
-807
-922
-1013
-1049
-1053
-1049
-1027
-967
-862
-727
-584
-457
-364
-305
-257
-200
-129
-58
-16
-22
-63
-92
-78
-29
32
103
183
247
261
221
158
112
108
154
235
314
352
345
329
347
396
431
416
370
342
339
302
169
-26
-191
-281
-338
-412
-508
-607
-703
-792
-862
-926
-1026
-1187
-1373
-1531
-1654
-1771
-1892
-2001
-2092
-2180
-2275
-2384
-2526
-2711
-2916
-3088
-3170
-3116
-2911
-2578
-2174
-1765
-1400
-1110
-918
-827
-812
-838
-882
-914
-892
-810
-727
-710
-734
-698
-528
-245
68
350
585
775
917
1009
1061
1101
1165
1280
1447
1654
1896
2170
2443
2664
2804
2874
2889
2833
2694
2511
2359
2271
2212
2130
2024
1928
1874
1864
1895
1964
2062
2166
2250
2262
2141
1869
1526
1234
1056
962
898
848
804
732
604
442
293
171
60
-43
-135
-234
-360
-504
-638
-733
-770
-733
-642
-570
-580
-650
-706
-732
-799
-949
-1126
-1236
-1249
-1205
-1142
-1056
-917
-721
-500
-309
-183
-112
-63
-17
10
4
-19
-34
-44
-70
-107
-114
-42
106
264
357
370
348
332
311
256
186
163
219
307
360
368
378
421
471
483
450
394
327
237
119
-16
-147
-261
-359
-444
-518
-580
-630
-678
-747
-856
-990
-1124
-1264
-1450
-1678
-1884
-2021
-2117
-2231
-2366
-2481
-2552
-2601
-2668
-2788
-2981
-3199
-3306
-3187
-2881
-2528
-2191
-1813
-1376
-987
-767
-719
-755
-814
-871
-891
-843
-762
-713
-704
-673
-573
-408
-193
58
315
545
757
979
1193
1335
1385
1407
1477
1605
1760
1943
2183
2478
2770
2989
3084
3041
2887
2689
2504
2343
2194
2077
2032
2032
1992
1878
1769
1764
1862
1983
2076
2147
2180
2110
1907
1617
1317
1058
876
785
752
713
636
540
446
332
179
12
-131
-250
-374
-504
-624
-721
-780
-781
-735
-687
-659
-634
-618
-649
-730
-810
-859
-934
-1077
-1208
-1207
-1076
-927
-812
-670
-455
-226
-70
-11
-14
-30
-21
27
80
75
7
-49
-23
64
140
187
250
352
456
509
497
442
372
307
272
287
345
407
445
475
526
587
609
558
443
296
161
63
-19
-130
-280
-415
-486
-520
-588
-692
-762
-771
-777
-837
-951
-1109
-1322
-1557
-1749
-1887
-2033
-2210
-2356
-2427
-2483
-2602
-2766
-2907
-3029
-3179
-3325
-3359
-3230
-2973
-2625
-2198
-1721
-1261
-882
-633
-554
-631
-776
-873
-873
-810
-732
-656
-582
-505
-402
-248
-49
181
454
776
1098
1353
1510
1568
1535
1464
1458
1594
1845
2128
2399
2672
2938
3134
3198
3120
2930
2679
2441
2278
2177
2090
2000
1930
1884
1851
1837
1862
1933
2040
2164
2267
2285
2159
1896
1556
1202
877
636
521
510
526
515
470
383
243
65
-108
-244
-348
-434
-518
-604
-681
-723
-731
-736
-760
-772
-727
-648
-620
-685
-802
-916
-1014
-1110
-1204
-1262
-1228
-1059
-776
-477
-251
-110
-16
47
54
20
7
51
114
144
129
90
45
23
65
178
322
453
554
618
626
571
483
402
344
308
309
367
461
535
555
538
515
495
448
337
166
-11
-130
-189
-242
-335
-453
-547
-610
-672
-746
-811
-852
-889
-950
-1050
-1201
-1419
-1691
-1964
-2181
-2326
-2413
-2462
-2497
-2567
-2705
-2887
-3059
-3209
-3359
-3485
-3480
-3245
-2807
-2298
-1833
-1433
-1078
-792
-638
-632
-714
-796
-837
-847
-832
-784
-714
-656
-615
-540
-378
-129
162
467
777
1082
1348
1542
1644
1669
1666
1705
1831
2039
2291
2561
2825
3038
3141
3102
2921
2649
2388
2238
2200
2186
2135
2070
2024
1971
1890
1833
1873
1997
2130
2240
2323
2312
2115
1761
1390
1099
880
716
620
576
520
421
314
227
128
-6
-127
-198
-255
-347
-459
-548
-609
-638
-632
-619
-651
-714
-737
-707
-707
-797
-924
-1009
-1065
-1151
-1242
-1253
-1156
-989
-770
-496
-221
-34
37
46
48
50
47
48
67
94
98
74
44
38
70
144
260
397
511
560
546
517
511
504
457
400
395
442
479
480
464
446
418
384
352
289
154
-27
-173
-257
-331
-434
-534
-597
-651
-727
-802
-854
-902
-961
-1017
-1085
-1212
-1405
-1615
-1809
-2003
-2190
-2327
-2402
-2484
-2633
-2807
-2941
-3051
-3184
-3313
-3352
-3263
-3059
-2753
-2368
-1953
-1559
-1202
-904
-715
-667
-721
-808
-895
-974
-1014
-976
-878
-769
-653
-494
-282
-36
237
522
781
984
1146
1291
1399
1450
1489
1593
1779
1997
2216
2454
2703
2897
2986
2986
2932
2813
2614
2371
2163
2035
1971
1937
1918
1924
1961
2032
2136
2254
2348
2386
2365
2293
2151
1911
1585
1251
994
847
780
742
695
619
515
396
275
149
21
-89
-173
-250
-338
-426
-498
-559
-609
-619
-584
-550
-572
-644
-712
-761
-831
-947
-1077
-1175
-1226
-1227
-1171
-1060
-905
-711
-480
-260
-114
-61
-56
-52
-44
-44
-45
-34
-23
-36
-62
-74
-50
15
118
237
329
376
393
393
366
312
279
310
382
429
431
435
476
515
494
419
337
261
157
10
-149
-293
-424
-539
-614
-638
-648
-679
-725
-758
-784
-832
-907
-995
-1113
-1291
-1511
-1724
-1910
-2083
-2243
-2373
-2485
-2603
-2725
-2820
-2893
-2987
-3108
-3198
-3209
-3139
-2977
-2672
-2224
-1733
-1311
-984
-740
-607
-629
-780
-963
-1088
-1116
-1048
-906
-745
-616
-520
-408
-245
-33
214
484
755
1000
1199
1337
1415
1468
1550
1685
1859
2060
2299
2565
2790
2910
2930
2901
2825
2666
2436
2217
2082
2023
2005
2016
2064
2136
2211
2283
2355
2419
2458
2472
2471
2432
2298
2033
1682
1338
1078
922
845
815
803
772
684
529
332
140
-16
-126
-196
-231
-247
-272
-341
-454
-562
-609
-600
-587
-598
-616
-640
-719
-885
-1093
-1252
-1315
-1302
-1242
-1136
-989
-821
-647
-473
-327
-244
-228
-236
-233
-228
-236
-254
-260
-247
-227
-206
-176
-125
-55
22
102
188
275
346
377
367
338
312
295
294
333
418
508
544
504
418
321
222
114
2
-96
-171
-243
-327
-418
-497
-559
-616
-662
-671
-642
-624
-681
-820
-992
-1160
-1329
-1515
-1705
-1878
-2026
-2159
-2293
-2437
-2576
-2689
-2773
-2856
-2954
-3039
-3067
-3010
-2844
-2546
-2135
-1700
-1337
-1068
-871
-775
-836
-1014
-1174
-1230
-1211
-1165
-1096
-997
-893
-797
-673
-477
-219
56
324
580
808
983
1096
1158
1201
1288
1469
1710
1934
2131
2343
2556
2688
2701
2641
2555
2435
2287
2168
2124
2124
2129
2165
2265
2383
2458
2511
2594
2689
2740
2722
2647
2509
2302
2046
1774
1518
1315
1203
1179
1178
1143
1079
997
868
681
507
398
308
181
49
-23
-61
-135
-238
-304
-317
-334
-387
-450
-510
-606
-756
-911
-1020
-1088
-1132
-1145
-1111
-1031
-916
-785
-661
-554
-454
-372
-346
-388
-456
-494
-505
-526
-550
-528
-454
-378
-332
-287
-210
-116
-31
38
94
130
141
139
137
142
157
181
216
259
295
309
292
257
212
149
57
-46
-124
-182
-269
-388
-466
-454
-407
-410
-461
-500
-521
-576
-689
-821
-931
-1036
-1167
-1326
-1497
-1679
-1870
-2044
-2184
-2296
-2388
-2463
-2521
-2569
-2613
-2660
-2707
-2709
-2590
-2317
-1950
-1590
-1283
-1026
-857
-849
-1005
-1212
-1364
-1450
-1489
-1444
-1277
-1047
-876
-805
-761
-659
-488
-285
-55
216
511
772
942
999
982
974
1046
1212
1429
1663
1907
2148
2333
2405
2351
2214
2053
1918
1849
1858
1929
2037
2168
2301
2407
2469
2499
2526
2559
2585
2596
2593
2563
2471
2296
2053
1796
1584
1457
1413
1416
1428
1425
1384
1278
1106
912
747
629
542
469
406
350
287
212
129
47
-31
-99
-159
-232
-339
-473
-608
-728
-822
-878
-885
-860
-831
-808
-774
-716
-641
-570
-521
-511
-550
-622
-702
-773
-824
-833
-784
-697
-615
-553
-504
-463
-441
-428
-394
-327
-253
-209
-202
-215
-230
-237
-223
-179
-109
-19
73
121
88
-19
-136
-214
-261
-313
-376
-423
-443
-465
-512
-556
-551
-505
-468
-471
-494
-519
-575
-694
-856
-1010
-1138
-1268
-1411
-1556
-1707
-1879
-2032
-2111
-2134
-2182
-2263
-2306
-2294
-2300
-2344
-2299
-2048
-1660
-1303
-1033
-804
-640
-652
-845
-1082
-1247
-1334
-1357
-1274
-1082
-885
-793
-798
-806
-762
-674
-532
-307
-18
258
456
561
592
588
601
684
864
1129
1432
1707
1903
1999
1994
1908
1779
1657
1584
1574
1617
1692
1782
1867
1949
2051
2177
2293
2377
2453
2535
2585
2563
2499
2432
2335
2164
1963
1820
1749
1680
1595
1562
1603
1621
1532
1380
1247
1129
976
817
727
716
720
691
637
570
477
356
241
164
103
22
-82
-191
-299
-421
-557
-676
-731
-712
-659
-616
-575
-511
-452
-449
-508
-579
-628
-682
-760
-829
-846
-829
-821
-814
-775
-716
-679
-667
-646
-612
-600
-611
-600
-551
-512
-521
-537
-497
-415
-360
-356
-354
-324
-302
-333
-401
-468
-527
-595
-662
-702
-717
-731
-734
-693
-619
-570
-572
-580
-565
-567
-627
-711
-771
-830
-937
-1071
-1180
-1275
-1418
-1591
-1696
-1710
-1724
-1795
-1855
-1852
-1855
-1930
-1984
-1879
-1633
-1383
-1159
-871
-532
-322
-359
-537
-690
-813
-975
-1122
-1126
-994
-873
-840
-825
-771
-725
-710
-630
-413
-138
73
218
360
473
473
396
392
530
721
890
1072
1299
1475
1505
1435
1382
1362
1304
1217
1199
1276
1360
1399
1455
1586
1738
1841
1923
2052
2202
2288
2303
2315
2333
2283
2143
1982
1859
1750
1631
1556
1575
1637
1651
1609
1572
1534
1429
1259
1127
1100
1122
1114
1081
1070
1058
975
826
691
611
547
461
380
327
261
136
-19
-140
-216
-277
-322
-314
-255
-203
-195
-210
-225
-265
-346
-437
-497
-542
-602
-660
-679
-674
-693
-738
-757
-735
-721
-746
-768
-743
-698
-692
-724
-739
-712
-677
-665
-656
-618
-555
-508
-506
-536
-577
-628
-697
-775
-840
-881
-902
-909
-901
-881
-868
-858
-824
-760
-715
-714
-716
-679
-652
-713
-843
-950
-1011
-1104
-1268
-1418
-1486
-1525
-1606
-1681
-1674
-1629
-1638
-1681
-1656
-1555
-1462
-1388
-1234
-970
-714
-574
-510
-455
-461
-608
-831
-981
-1015
-1010
-1010
-970
-867
-774
-767
-808
-801
-714
-582
-418
-206
34
225
318
345
364
382
383
404
519
725
919
1020
1067
1114
1125
1043
925
890
956
1021
1041
1103
1266
1444
1539
1600
1735
1926
2057
2104
2148
2224
2259
2197
2088
1997
1912
1797
1687
1634
1626
1615
1606
1638
1700
1732
1709
1664
1622
1565
1477
1391
1346
1326
1284
1208
1136
1089
1039
948
825
715
638
566
468
356
261
183
103
23
-36
-64
-67
-50
-20
4
-5
-50
-109
-174
-258
-363
-468
-558
-637
-703
-746
-769
-798
-836
-851
-826
-788
-766
-755
-740
-735
-759
-794
-801
-782
-775
-788
-794
-785
-789
-827
-877
-911
-931
-956
-984
-1001
-1017
-1048
-1088
-1106
-1090
-1058
-1018
-949
-841
-734
-686
-710
-761
-797
-829
-893
-992
-1093
-1184
-1280
-1388
-1489
-1567
-1619
-1636
-1609
-1552
-1493
-1438
-1361
-1256
-1149
-1049
-914
-724
-539
-442
-434
-460
-503
-594
-726
-832
-864
-850
-840
-841
-838
-832
-823
-790
-715
-613
-495
-348
-170
-12
73
93
107
150
213
284
369
465
552
613
648
660
653
652
677
718
751
775
818
888
958
1015
1089
1216
1382
1544
1678
1785
1870
1921
1933
1914
1878
1840
1809
1775
1719
1640
1570
1541
1548
1555
1549
1556
1592
1630
1639
1622
1602
1583
1548
1499
1452
1412
1364
1304
1247
1198
1139
1063
988
920
829
697
562
475
429
380
327
307
320
310
249
182
154
141
91
15
-40
-73
-137
-247
-356
-429
-492
-569
-633
-648
-638
-650
-690
-716
-716
-723
-755
-780
-773
-767
-800
-847
-858
-838
-839
-874
-900
-896
-905
-958
-1015
-1025
-1016
-1047
-1107
-1133
-1125
-1144
-1194
-1204
-1139
-1050
-990
-931
-848
-800
-846
-946
-1016
-1056
-1122
-1212
-1270
-1293
-1347
-1464
-1589
-1660
-1678
-1664
-1608
-1501
-1370
-1252
-1154
-1075
-1020
-972
-896
-793
-702
-656
-649
-679
-759
-885
-1001
-1048
-1024
-970
-912
-855
-806
-779
-771
-770
-759
-700
-563
-381
-230
-145
-82
-12
38
41
50
137
280
388
427
444
476
487
449
412
441
538
647
727
792
872
967
1054
1129
1221
1354
1510
1649
1749
1815
1852
1854
1830
1808
1796
1766
1709
1663
1656
1656
1633
1616
1648
1714
1757
1766
1778
1802
1800
1754
1702
1682
1670
1631
1566
1497
1432
1375
1331
1291
1242
1183
1128
1068
973
835
696
607
569
547
525
518
528
526
479
392
294
212
144
78
13
-46
-112
-208
-329
-435
-505
-553
-586
-590
-568
-555
-580
-620
-647
-681
-751
-822
-832
-799
-799
-850
-891
-897
-918
-985
-1054
-1072
-1062
-1071
-1093
-1100
-1115
-1169
-1238
-1263
-1248
-1240
-1240
-1200
-1113
-1034
-1010
-1019
-1028
-1043
-1096
-1182
-1259
-1304
-1349
-1430
-1540
-1631
-1677
-1697
-1717
-1714
-1648
-1538
-1453
-1412
-1361
-1273
-1191
-1142
-1078
-960
-842
-805
-837
-866
-891
-974
-1104
-1167
-1110
-1014
-971
-965
-937
-898
-899
-927
-903
-792
-641
-500
-377
-263
-177
-137
-128
-112
-65
20
133
246
333
379
392
395
403
427
471
542
639
738
807
850
906
1007
1135
1254
1371
1518
1678
1785
1811
1813
1842
1873
1862
1833
1837
1864
1848
1782
1731
1739
1774
1803
1843
1912
1968
1972
1943
1930
1927
1902
1862
1847
1852
1821
1739
1651
1588
1523
1431
1342
1295
1270
1218
1128
1033
951
874
805
762
740
713
668
618
562
486
396
325
284
238
157
60
-22
-99
-203
-320
-408
-450
-476
-514
-546
-553
-552
-583
-646
-705
-730
-741
-771
-819
-862
-886
-909
-943
-976
-988
-990
-1010
-1052
-1090
-1113
-1135
-1167
-1195
-1213
-1227
-1242
-1246
-1231
-1209
-1189
-1157
-1111
-1078
-1083
-1108
-1128
-1158
-1228
-1323
-1392
-1425
-1455
-1508
-1559
-1584
-1594
-1602
-1592
-1540
-1462
-1402
-1364
-1323
-1266
-1206
-1153
-1092
-1012
-927
-865
-847
-870
-929
-1010
-1088
-1131
-1121
-1068
-999
-934
-882
-853
-860
-890
-892
-826
-704
-569
-440
-309
-194
-139
-153
-181
-163
-96
-16
71
187
319
409
423
397
391
423
474
532
611
718
835
944
1045
1147
1250
1351
1454
1561
1662
1736
1780
1807
1831
1848
1848
1835
1823
1815
1803
1787
1788
1819
1873
1925
1967
2000
2021
2012
1975
1937
1921
1922
1916
1898
1878
1852
1797
1707
1612
1539
1479
1414
1349
1302
1262
1195
1096
999
935
891
840
786
747
724
692
635
562
485
406
327
248
172
93
6
-87
-175
-248
-306
-355
-404
-453
-493
-525
-558
-599
-642
-678
-715
-762
-815
-858
-881
-895
-913
-937
-959
-977
-1002
-1042
-1096
-1151
-1196
-1231
-1263
-1288
-1297
-1289
-1281
-1285
-1295
-1289
-1256
-1205
-1162
-1146
-1152
-1162
-1176
-1217
-1292
-1374
-1431
-1469
-1522
-1588
-1631
-1633
-1626
-1637
-1643
-1611
-1553
-1500
-1458
-1407
-1338
-1263
-1180
-1084
-991
-923
-885
-870
-886
-947
-1025
-1070
-1063
-1035
-1007
-969
-920
-888
-889
-906
-907
-872
-795
-674
-526
-384
-276
-198
-145
-125
-127
-113
-47
60
173
271
349
405
436
443
435
437
475
558
660
749
828
923
1038
1141
1221
1315
1445
1576
1666
1727
1787
1840
1858
1846
1834
1833
1823
1795
1775
1780
1798
1818
1850
1899
1948
1978
1992
1997
1994
1978
1956
1935
1920
1901
1869
1820
1759
1691
1617
1543
1477
1428
1384
1323
1240
1161
1097
1030
944
861
812
786
747
692
652
634
598
521
432
361
288
187
78
-2
-64
-146
-248
-324
-363
-408
-483
-552
-575
-574
-597
-639
-666
-679
-719
-794
-859
-882
-887
-909
-938
-953
-971
-1021
-1095
-1153
-1187
-1216
-1247
-1259
-1248
-1244
-1266
-1296
-1306
-1295
-1277
-1250
-1210
-1166
-1136
-1134
-1167
-1227
-1298
-1364
-1420
-1466
-1504
-1537
-1574
-1615
-1646
-1657
-1655
-1645
-1612
-1548
-1483
-1453
-1440
-1398
-1324
-1251
-1183
-1089
-974
-887
-866
-893
-942
-1019
-1112
-1167
-1152
-1101
-1050
-985
-901
-858
-892
-940
-918
-835
-751
-662
-512
-317
-174
-132
-132
-113
-90
-85
-51
54
193
303
370
421
454
445
413
417
478
565
654
763
907
1051
1158
1239
1334
1449
1552
1622
1678
1743
1796
1809
1796
1800
1825
1830
1796
1765
1766
1782
1789
1808
1867
1945
1996
2013
2025
2032
1999
1930
1875
1856
1848
1835
1833
1838
1806
1714
1599
1504
1425
1341
1265
1218
1190
1144
1074
1007
949
888
821
769
741
724
701
661
599
510
394
267
153
63
-11
-81
-146
-197
-239
-285
-341
-391
-425
-457
-497
-537
-559
-580
-629
-696
-751
-795
-847
-898
-920
-923
-944
-989
-1027
-1047
-1080
-1142
-1198
-1221
-1233
-1263
-1291
-1289
-1275
-1277
-1284
-1268
-1235
-1206
-1185
-1168
-1163
-1182
-1217
-1258
-1312
-1385
-1459
-1511
-1556
-1610
-1649
-1653
-1647
-1658
-1662
-1629
-1582
-1559
-1544
-1494
-1417
-1352
-1293
-1192
-1054
-955
-931
-934
-937
-977
-1078
-1178
-1208
-1178
-1137
-1097
-1035
-963
-926
-942
-972
-970
-923
-831
-695
-529
-365
-234
-149
-113
-116
-129
-122
-74
12
117
215
292
345
370
365
347
354
413
509
610
716
852
1008
1137
1227
1317
1437
1552
1619
1656
1704
1760
1785
1776
1774
1800
1823
1810
1776
1756
1762
1784
1819
1872
1941
2011
2062
2077
2054
2012
1971
1940
1910
1884
1871
1870
1852
1797
1709
1614
1523
1434
1350
1282
1236
1196
1146
1089
1039
1001
966
929
896
865
826
769
702
630
547
452
354
258
158
55
-34
-100
-154
-212
-261
-283
-295
-334
-397
-442
-460
-488
-544
-595
-612
-623
-671
-747
-807
-840
-877
-930
-967
-977
-989
-1029
-1086
-1136
-1177
-1217
-1246
-1248
-1228
-1210
-1201
-1190
-1178
-1177
-1189
-1192
-1175
-1155
-1156
-1179
-1210
-1253
-1325
-1424
-1518
-1581
-1616
-1643
-1664
-1665
-1649
-1633
-1626
-1620
-1606
-1583
-1545
-1489
-1421
-1345
-1255
-1147
-1048
-990
-974
-974
-982
-1028
-1112
-1185
-1199
-1166
-1127
-1090
-1045
-1000
-981
-982
-974
-935
-863
-756
-613
-464
-350
-281
-233
-196
-183
-187
-155
-57
74
179
235
266
292
302
291
292
346
451
570
676
779
894
1009
1106
1191
1294
1418
1531
1617
1688
1747
1769
1750
1734
1754
1784
1786
1772
1780
1805
1813
1808
1838
1908
1970
1995
2014
2047
2060
2029
1988
1973
1971
1949
1908
1873
1836
1769
1674
1583
1510
1446
1388
1342
1305
1256
1197
1141
1091
1034
970
923
895
868
821
761
700
631
540
432
327
237
155
76
6
-56
-113
-169
-222
-271
-321
-376
-422
-444
-449
-462
-499
-549
-598
-655
-727
-801
-852
-876
-891
-915
-951
-998
-1056
-1118
-1174
-1217
-1244
-1247
-1223
-1191
-1177
-1187
-1205
-1219
-1230
-1237
-1230
-1208
-1182
-1169
-1183
-1229
-1299
-1375
-1446
-1515
-1578
-1623
-1644
-1657
-1678
-1696
-1695
-1681
-1666
-1637
-1587
-1541
-1518
-1492
-1429
-1341
-1260
-1186
-1097
-1014
-983
-1013
-1070
-1139
-1226
-1303
-1313
-1258
-1194
-1142
-1074
-1005
-997
-1046
-1064
-995
-885
-786
-669
-497
-326
-244
-240
-237
-215
-210
-205
-142
-19
97
167
215
255
271
263
275
342
446
552
658
785
926
1053
1152
1232
1311
1398
1485
1553
1605
1658
1709
1731
1722
1716
1729
1736
1718
1706
1733
1785
1828
1867
1931
2003
2036
2032
2031
2035
2016
1978
1955
1953
1938
1897
1850
1804
1737
1648
1567
1513
1462
1400
1348
1320
1287
1228
1169
1134
1104
1056
1003
963
928
876
807
729
642
533
412
300
206
122
50
-1
-38
-76
-119
-160
-197
-239
-285
-329
-365
-392
-422
-463
-517
-578
-643
-717
-794
-854
-888
-909
-936
-972
-1010
-1049
-1096
-1143
-1171
-1180
-1185
-1189
-1183
-1174
-1178
-1198
-1219
-1232
-1240
-1242
-1237
-1231
-1238
-1265
-1314
-1381
-1454
-1517
-1564
-1606
-1649
-1670
-1658
-1646
-1660
-1673
-1644
-1592
-1572
-1578
-1555
-1490
-1434
-1414
-1377
-1281
-1165
-1098
-1083
-1075
-1074
-1122
-1223
-1314
-1343
-1307
-1239
-1160
-1077
-1002
-962
-972
-1010
-1033
-1003
-916
-786
-629
-467
-330
-245
-221
-239
-271
-290
-267
-189
-73
49
162
256
308
306
282
289
337
404
490
621
797
964
1086
1182
1282
1366
1403
1416
1451
1515
1577
1624
1674
1732
1774
1779
1749
1708
1685
1697
1741
1803
1874
1958
2043
2092
2082
2034
1989
1951
1907
1870
1873
1908
1926
1896
1832
1758
1674
1573
1478
1415
1385
1365
1340
1313
1283
1238
1175
1103
1039
991
949
907
865
824
769
685
576
459
352
251
156
79
35
16
-6
-40
-80
-126
-186
-260
-328
-377
-413
-446
-475
-498
-527
-580
-656
-737
-813
-881
-936
-965
-968
-968
-985
-1017
-1053
-1092
-1142
-1192
-1221
-1224
-1212
-1195
-1174
-1157
-1162
-1190
-1221
-1244
-1273
-1319
-1362
-1386
-1411
-1466
-1541
-1594
-1614
-1631
-1668
-1697
-1690
-1665
-1656
-1662
-1650
-1612
-1578
-1569
-1565
-1531
-1467
-1396
-1329
-1260
-1182
-1114
-1077
-1081
-1119
-1181
-1252
-1307
-1319
-1277
-1190
-1084
-993
-942
-937
-959
-979
-971
-923
-824
-679
-515
-378
-295
-261
-257
-274
-298
-289
-208
-60
98
222
302
350
361
340
319
346
435
559
695
840
988
1115
1204
1263
1319
1381
1441
1500
1561
1618
1656
1676
1699
1729
1750
1750
1743
1749
1768
1794
1835
1898
1970
2031
2070
2084
2065
2010
1946
1901
1877
1862
1864
1886
1903
1873
1791
1692
1596
1503
1424
1387
1396
1414
1402
1362
1305
1227
1129
1036
974
937
908
882
849
791
697
581
463
351
255
193
164
143
105
57
11
-44
-121
-198
-248
-280
-318
-360
-393
-424
-475
-540
-605
-668
-739
-805
-842
-859
-886
-928
-962
-985
-1017
-1057
-1089
-1111
-1142
-1176
-1186
-1173
-1165
-1172
-1177
-1177
-1197
-1245
-1288
-1306
-1317
-1347
-1383
-1406
-1430
-1473
-1527
-1577
-1624
-1667
-1685
-1671
-1650
-1638
-1618
-1574
-1542
-1560
-1597
-1588
-1529
-1467
-1412
-1323
-1199
-1107
-1088
-1109
-1132
-1173
-1252
-1320
-1319
-1264
-1206
-1146
-1059
-971
-943
-973
-988
-951
-898
-850
-761
-609
-456
-371
-338
-307
-280
-290
-308
-265
-152
-25
81
183
287
346
341
326
354
416
480
561
696
869
1022
1123
1193
1260
1320
1360
1393
1446
1522
1597
1647
1675
1701
1730
1744
1731
1717
1734
1781
1833
1884
1946
2012
2054
2064
2058
2043
2009
1956
1915
1902
1893
1869
1847
1842
1822
1756
1668
1604
1566
1517
1457
1420
1413
1397
1347
1286
1242
1196
1125
1044
984
941
889
822
753
681
587
473
371
297
235
169
114
87
73
43
-8
-57
-100
-154
-227
-298
-349
-390
-437
-487
-535
-594
-671
-749
-808
-852
-893
-924
-933
-932
-950
-985
-1013
-1032
-1065
-1118
-1161
-1176
-1174
-1179
-1190
-1196
-1197
-1209
-1236
-1270
-1304
-1339
-1372
-1403
-1431
-1457
-1480
-1510
-1549
-1584
-1604
-1621
-1644
-1655
-1635
-1601
-1586
-1586
-1573
-1551
-1551
-1566
-1534
-1436
-1324
-1246
-1178
-1097
-1050
-1089
-1184
-1264
-1303
-1325
-1329
-1275
-1166
-1063
-1009
-990
-984
-999
-1024
-1017
-948
-836
-715
-591
-464
-360
-309
-305
-307
-286
-242
-179
-85
38
163
256
301
314
322
338
359
393
459
572
717
870
1014
1142
1244
1317
1365
1404
1441
1479
1526
1587
1653
1708
1744
1761
1762
1750
1739
1743
1772
1827
1903
1982
2039
2067
2073
2057
2012
1946
1891
1873
1883
1896
1903
1904
1891
1843
1761
1664
1572
1491
1433
1400
1379
1357
1333
1309
1270
1208
1133
1064
1005
950
901
859
813
750
668
575
466
343
237
174
136
92
52
36
23
-29
-113
-183
-230
-287
-363
-418
-431
-444
-499
-573
-631
-683
-755
-827
-862
-869
-890
-932
-971
-1000
-1039
-1094
-1137
-1154
-1161
-1172
-1175
-1168
-1172
-1199
-1230
-1246
-1255
-1273
-1297
-1312
-1325
-1360
-1420
-1486
-1541
-1586
-1623
-1646
-1653
-1649
-1647
-1648
-1646
-1643
-1644
-1651
-1657
-1648
-1616
-1565
-1506
-1440
-1360
-1273
-1206
-1173
-1159
-1153
-1174
-1236
-1306
-1329
-1300
-1259
-1227
-1179
-1113
-1074
-1083
-1095
-1061
-995
-928
-842
-712
-573
-484
-440
-393
-342
-333
-352
-320
-206
-83
-6
62
156
232
250
253
305
391
459
518
620
761
879
962
1059
1175
1265
1320
1383
1470
1534
1549
1558
1598
1648
1674
1686
1712
1745
1763
1777
1814
1866
1912
1954
2003
2046
2064
2060
2045
2022
1988
1949
1918
1895
1876
1855
1828
1786
1727
1669
1626
1587
1543
1505
1479
1446
1394
1337
1290
1243
1184
1123
1073
1026
965
893
823
749
654
550
466
403
338
266
203
154
103
45
-6
-42
-73
-109
-149
-190
-241
-308
-379
-446
-517
-596
-670
-724
-762
-794
-825
-858
-896
-937
-975
-1006
-1031
-1054
-1077
-1097
-1114
-1132
-1153
-1177
-1205
-1234
-1263
-1288
-1298
-1292
-1282
-1291
-1324
-1363
-1403
-1458
-1529
-1584
-1606
-1616
-1638
-1658
-1655
-1639
-1642
-1657
-1650
-1623
-1617
-1636
-1628
-1566
-1496
-1451
-1399
-1306
-1210
-1174
-1192
-1214
-1230
-1281
-1361
-1401
-1361
-1285
-1226
-1173
-1102
-1042
-1038
-1072
-1079
-1030
-953
-870
-763
-624
-501
-443
-435
-433
-414
-391
-354
-271
-135
7
113
183
240
279
290
295
337
420
517
617
735
867
978
1052
1116
1197
1284
1354
1413
1481
1550
1599
1629
1663
1699
1719
1724
1734
1760
1797
1846
1911
1978
2029
2058
2076
2079
2056
2017
1987
1970
1948
1926
1926
1937
1917
1857
1798
1761
1718
1653
1595
1576
1566
1521
1455
1413
1386
1331
1248
1181
1145
1106
1041
973
919
859
772
671
583
503
417
335
274
232
189
140
96
54
8
-47
-108
-172
-236
-295
-348
-398
-453
-518
-591
-671
-747
-806
-843
-867
-887
-905
-924
-953
-997
-1048
-1097
-1139
-1169
-1183
-1189
-1198
-1215
-1236
-1256
-1280
-1304
-1319
-1322
-1322
-1329
-1341
-1363
-1409
-1478
-1545
-1592
-1624
-1648
-1654
-1644
-1636
-1644
-1653
-1650
-1648
-1661
-1675
-1664
-1628
-1587
-1543
-1477
-1390
-1305
-1235
-1181
-1152
-1164
-1211
-1272
-1327
-1367
-1378
-1346
-1277
-1201
-1135
-1079
-1042
-1037
-1046
-1027
-961
-871
-768
-647
-520
-430
-396
-388
-374
-356
-338
-284
-167
-26
84
163
239
304
330
329
352
411
480
557
674
832
974
1069
1152
1250
1335
1379
1414
1476
1544
1583
1608
1658
1720
1751
1747
1750
1778
1802
1813
1847
1917
1990
2038
2074
2109
2118
2082
2023
1976
1944
1911
1885
1885
1898
1890
1857
1817
1773
1711
1638
1579
1544
1512
1465
1414
1374
1333
1275
1204
1140
1091
1043
985
923
862
797
713
603
487
385
301
225
160
121
105
82
35
-21
-70
-124
-198
-276
-326
-355
-399
-470
-540
-601
-677
-772
-852
-887
-896
-915
-938
-949
-960
-1000
-1062
-1113
-1149
-1186
-1219
-1226
-1212
-1212
-1235
-1258
-1270
-1291
-1329
-1357
-1356
-1353
-1374
-1402
-1418
-1444
-1505
-1581
-1636
-1670
-1708
-1744
-1745
-1707
-1670
-1656
-1648
-1626
-1609
-1611
-1612
-1579
-1511
-1429
-1349
-1271
-1195
-1139
-1129
-1173
-1247
-1317
-1364
-1388
-1381
-1327
-1233
-1149
-1110
-1094
-1065
-1035
-1030
-1015
-934
-793
-663
-571
-482
-386
-341
-371
-410
-382
-303
-227
-138
5
166
267
300
323
360
379
380
421
532
666
782
897
1032
1153
1223
1263
1319
1389
1448
1498
1559
1625
1669
1689
1705
1720
1722
1720
1739
1783
1830
1878
1937
2000
2040
2055
2060
2062
2048
2010
1964
1929
1899
1868
1838
1813
1786
1749
1709
1674
1637
1588
1530
1476
1430
1387
1343
1298
1252
1202
1149
1092
1036
982
924
858
782
704
627
544
449
353
271
204
136
67
12
-28
-69
-116
-160
-192
-231
-291
-354
-402
-444
-509
-599
-687
-756
-820
-886
-933
-947
-945
-954
-973
-983
-992
-1030
-1096
-1153
-1180
-1191
-1210
-1232
-1242
-1252
-1282
-1323
-1347
-1348
-1342
-1342
-1336
-1327
-1342
-1399
-1480
-1553
-1611
-1665
-1710
-1726
-1719
-1714
-1717
-1708
-1679
-1651
-1645
-1642
-1613
-1562
-1516
-1475
-1411
-1319
-1232
-1181
-1157
-1152
-1184
-1267
-1361
-1407
-1393
-1346
-1280
-1181
-1065
-990
-990
-1025
-1038
-1021
-985
-908
-763
-583
-446
-388
-370
-359
-365
-387
-377
-288
-141
6
130
240
326
357
343
336
375
450
536
634
759
889
990
1057
1118
1192
1271
1347
1425
1512
1596
1654
1679
1687
1694
1699
1697
1700
1725
1774
1834
1889
1934
1971
1999
2014
2019
2024
2030
2028
2011
1981
1943
1895
1833
1765
1703
1660
1633
1618
1611
1607
1594
1558
1497
1426
1356
1288
1223
1171
1137
1106
1057
988
911
833
747
656
573
506
442
368
294
230
170
100
24
-39
-88
-138
-196
-246
-281
-319
-370
-425
-469
-515
-580
-659
-730
-786
-840
-891
-924
-932
-933
-947
-970
-993
-1022
-1067
-1118
-1157
-1181
-1202
-1222
-1235
-1238
-1245
-1260
-1277
-1290
-1304
-1325
-1345
-1359
-1374
-1398
-1427
-1458
-1492
-1535
-1577
-1607
-1629
-1654
-1675
-1677
-1656
-1631
-1608
-1579
-1537
-1503
-1484
-1456
-1392
-1301
-1216
-1151
-1095
-1061
-1086
-1173
-1274
-1342
-1371
-1372
-1327
-1223
-1096
-1008
-974
-960
-946
-938
-932
-884
-772
-633
-518
-439
-383
-355
-364
-386
-367
-286
-168
-42
87
213
310
359
376
392
422
464
525
612
714
807
888
972
1063
1155
1251
1359
1472
1565
1626
1666
1687
1683
1658
1644
1660
1692
1720
1749
1797
1857
1909
1954
2004
2050
2069
2063
2054
2049
2034
2000
1963
1929
1886
1826
1763
1713
1674
1645
1638
1655
1671
1658
1615
1553
1472
1372
1270
1188
1131
1086
1051
1029
1007
962
886
796
708
620
526
432
347
269
192
116
47
-15
-77
-140
-200
-247
-281
-311
-345
-388
-435
-486
-548
-626
-707
-782
-849
-909
-954
-976
-983
-991
-1003
-1010
-1019
-1048
-1097
-1147
-1189
-1234
-1281
-1312
-1323
-1328
-1337
-1330
-1299
-1267
-1266
-1289
-1320
-1370
-1450
-1538
-1600
-1636
-1668
-1694
-1696
-1681
-1674
-1674
-1660
-1624
-1584
-1555
-1530
-1510
-1499
-1488
-1451
-1385
-1311
-1233
-1147
-1078
-1068
-1117
-1183
-1245
-1308
-1349
-1320
-1211
-1083
-995
-935
-877
-845
-866
-903
-889
-820
-733
-638
-517
-385
-295
-270
-270
-257
-230
-199
-141
-38
89
203
292
361
409
435
459
504
578
673
777
882
978
1063
1144
1228
1310
1385
1462
1546
1621
1667
1688
1695
1692
1675
1655
1653
1683
1738
1807
1889
1976
2046
2078
2072
2040
1997
1964
1952
1957
1967
1973
1962
1919
1836
1729
1631
1565
1537
1545
1587
1639
1664
1636
1564
1464
1346
1223
1119
1053
1021
1009
1004
984
931
838
717
588
463
355
275
222
178
131
80
20
-57
-145
-216
-258
-286
-316
-349
-386
-440
-518
-602
-672
-731
-789
-840
-870
-890
-921
-963
-996
-1016
-1029
-1035
-1032
-1032
-1054
-1099
-1151
-1203
-1251
-1289
-1305
-1299
-1280
-1257
-1235
-1225
-1245
-1289
-1342
-1401
-1475
-1561
-1638
-1696
-1745
-1785
-1802
-1790
-1764
-1740
-1709
-1662
-1619
-1602
-1604
-1594
-1552
-1484
-1394
-1279
-1156
-1068
-1046
-1083
-1161
-1267
-1383
-1466
-1479
-1423
-1326
-1207
-1082
-973
-901
-861
-830
-797
-757
-692
-586
-460
-355
-287
-247
-234
-249
-260
-225
-139
-38
61
173
302
412
481
540
622
714
789
858
944
1039
1122
1203
1306
1430
1541
1621
1677
1725
1765
1800
1837
1885
1937
1979
1999
1983
1933
1873
1837
1850
1921
2040
2174
2274
2305
2270
2198
2112
2026
1960
1925
1903
1853
1748
1601
1450
1326
1256
1255
1313
1387
1427
1412
1355
1274
1178
1074
984
918
866
803
711
590
448
302
180
101
58
27
-9
-53
-107
-172
-242
-306
-358
-396
-420
-438
-469
-524
-598
-672
-730
-770
-799
-826
-858
-898
-939
-973
-1002
-1031
-1054
-1065
-1060
-1046
-1023
-999
-980
-968
-962
-966
-991
-1033
-1078
-1115
-1144
-1167
-1180
-1190
-1204
-1224
-1241
-1255
-1281
-1327
-1372
-1401
-1426
-1462
-1503
-1542
-1586
-1638
-1682
-1705
-1718
-1738
-1754
-1745
-1698
-1615
-1485
-1299
-1071
-849
-682
-608
-645
-793
-1013
-1242
-1422
-1514
-1503
-1400
-1233
-1039
-851
-690
-568
-477
-397
-317
-237
-160
-91
-35
-7
-15
-50
-95
-127
-122
-63
54
217
411
620
818
980
1089
1143
1141
1100
1057
1051
1086
1149
1236
1347
1465
1556
1607
1640
1673
1707
1749
1814
1894
1938
1913
1836
1744
1654
1574
1533
1565
1664
1789
1900
1973
1981
1901
1750
1582
1437
1323
1235
1180
1157
1143
1115
1079
1051
1026
997
974
964
944
885
796
715
654
595
525
456
394
325
250
198
183
178
157
126
92
27
-89
-229
-344
-411
-437
-422
-370
-309
-286
-313
-365
-424
-500
-586
-656
-691
-701
-703
-708
-726
-759
-794
-810
-792
-746
-688
-629
-581
-555
-562
-605
-679
-771
-867
-948
-999
-1015
-1001
-969
-927
-882
-840
-825
-851
-912
-986
-1065
-1147
-1227
-1299
-1375
-1462
-1544
-1605
-1647
-1682
-1703
-1700
-1686
-1691
-1723
-1769
-1823
-1878
-1895
-1811
-1616
-1360
-1088
-830
-637
-577
-675
-876
-1108
-1327
-1492
-1552
-1488
-1352
-1210
-1080
-940
-783
-621
-443
-230
4
217
373
454
446
347
187
21
-102
-148
-93
67
306
580
859
1123
1343
1489
1568
1618
1662
1691
1697
1696
1705
1706
1679
1642
1635
1668
1725
1806
1931
2090
2225
2277
2247
2168
2062
1941
1840
1806
1849
1930
1998
2028
2010
1940
1816
1651
1476
1329
1227
1156
1089
1018
958
912
863
806
771
781
805
792
732
647
539
387
203
32
-87
-158
-199
-216
-206
-175
-143
-122
-112
-114
-136
-196
-295
-418
-535
-630
-706
-764
-788
-774
-747
-727
-707
-673
-637
-625
-638
-656
-666
-682
-718
-757
-774
-768
-757
-743
-710
-648
-580
-533
-514
-509
-516
-549
-617
-705
-789
-853
-894
-900
-871
-815
-748
-688
-662
-689
-752
-824
-906
-1017
-1143
-1241
-1302
-1367
-1459
-1545
-1589
-1613
-1654
-1697
-1714
-1731
-1793
-1880
-1922
-1882
-1768
-1581
-1319
-1016
-741
-554
-491
-578
-818
-1151
-1475
-1710
-1822
-1793
-1621
-1365
-1110
-885
-670
-468
-313
-191
-42
154
340
453
487
458
348
152
-64
-197
-199
-78
161
525
971
1402
1726
1913
1970
1923
1809
1687
1617
1629
1709
1819
1915
1958
1941
1887
1841
1837
1904
2046
2238
2421
2533
2545
2461
2295
2083
1894
1797
1806
1874
1945
1992
1999
1929
1766
1542
1317
1127
980
887
865
900
942
945
905
836
741
610
452
302
186
104
31
-52
-149
-256
-369
-468
-529
-542
-509
-435
-335
-244
-208
-257
-382
-558
-755
-940
-1066
-1110
-1084
-1018
-930
-840
-778
-759
-768
-785
-797
-792
-759
-714
-691
-698
-706
-703
-720
-768
-798
-759
-676
-606
-559
-504
-454
-453
-504
-568
-624
-682
-736
-757
-727
-664
-602
-561
-555
-587
-649
-728
-826
-939
-1037
-1095
-1135
-1190
-1256
-1317
-1387
-1471
-1539
-1559
-1560
-1593
-1670
-1758
-1838
-1909
-1936
-1846
-1609
-1274
-918
-596
-363
-287
-406
-701
-1103
-1506
-1801
-1921
-1870
-1685
-1404
-1070
-757
-516
-328
-141
47
196
305
421
536
563
443
229
17
-143
-232
-206
-19
318
741
1188
1614
1958
2152
2179
2083
1931
1783
1685
1660
1692
1751
1826
1900
1939
1920
1887
1917
2029
2179
2333
2492
2621
2637
2513
2314
2119
1948
1808
1750
1805
1910
1955
1895
1765
1592
1380
1157
979
874
827
829
874
920
912
844
743
623
475
309
153
11
-132
-269
-373
-450
-533
-623
-673
-663
-622
-570
-497
-412
-358
-365
-423
-526
-681
-877
-1065
-1195
-1252
-1252
-1207
-1121
-1005
-887
-795
-747
-738
-735
-715
-691
-688
-701
-710
-717
-731
-740
-725
-692
-653
-601
-525
-439
-378
-352
-353
-381
-439
-505
-550
-572
-590
-587
-537
-459
-414
-429
-478
-539
-612
-702
-798
-891
-975
-1043
-1093
-1149
-1234
-1334
-1404
-1435
-1457
-1486
-1510
-1543
-1626
-1755
-1852
-1838
-1711
-1499
-1208
-844
-485
-262
-261
-471
-827
-1254
-1664
-1954
-2057
-1969
-1732
-1397
-1020
-667
-387
-191
-53
52
143
232
316
369
356
268
121
-54
-207
-274
-206
11
362
822
1342
1825
2168
2325
2314
2170
1934
1681
1513
1487
1581
1732
1893
2032
2121
2147
2132
2129
2189
2322
2491
2641
2722
2710
2600
2404
2169
1971
1863
1845
1882
1946
2003
1993
1877
1679
1457
1242
1049
910
854
876
927
962
961
909
797
634
449
258
66
-115
-263
-378
-471
-541
-591
-647
-716
-759
-737
-662
-573
-493
-435
-432
-520
-696
-915
-1142
-1353
-1502
-1540
-1475
-1358
-1219
-1065
-928
-851
-833
-833
-829
-833
-847
-848
-830
-817
-824
-836
-832
-809
-771
-711
-635
-561
-490
-411
-345
-333
-376
-430
-463
-490
-528
-551
-530
-477
-430
-400
-381
-386
-446
-555
-667
-750
-812
-873
-936
-997
-1062
-1134
-1197
-1236
-1270
-1328
-1409
-1493
-1576
-1659
-1715
-1692
-1553
-1308
-998
-674
-396
-237
-247
-441
-786
-1207
-1596
-1861
-1971
-1937
-1770
-1490
-1161
-862
-611
-374
-138
62
192
275
336
345
256
73
-150
-350
-477
-480
-338
-68
300
733
1183
1581
1870
2029
2064
1996
1869
1745
1671
1643
1640
1655
1693
1747
1813
1898
2011
2144
2295
2465
2630
2741
2757
2680
2545
2390
2253
2159
2119
2123
2144
2149
2108
2001
1836
1646
1470
1340
1270
1253
1255
1241
1203
1149
1075
966
826
677
532
395
261
124
-30
-199
-360
-490
-577
-624
-630
-601
-551
-493
-439
-413
-447
-557
-714
-884
-1060
-1231
-1360
-1424
-1439
-1421
-1360
-1254
-1146
-1073
-1026
-976
-927
-901
-901
-909
-924
-952
-984
-994
-988
-975
-939
-859
-755
-665
-595
-533
-490
-480
-489
-497
-514
-550
-587
-591
-562
-536
-522
-503
-474
-458
-462
-468
-479
-521
-602
-693
-773
-847
-924
-1004
-1077
-1133
-1165
-1184
-1223
-1305
-1417
-1526
-1626
-1711
-1733
-1621
-1369
-1045
-709
-387
-133
-54
-219
-583
-1026
-1455
-1819
-2055
-2095
-1933
-1637
-1285
-931
-612
-360
-178
-47
51
122
173
205
191
93
-88
-299
-480
-590
-584
-415
-81
372
886
1410
1862
2146
2223
2135
1954
1730
1510
1360
1328
1391
1496
1625
1781
1939
2064
2159
2270
2420
2596
2759
2863
2875
2794
2642
2451
2251
2081
1981
1963
1997
2045
2092
2118
2075
1941
1764
1606
1482
1373
1288
1251
1245
1223
1156
1046
902
732
548
370
207
55
-80
-182
-253
-310
-366
-420
-466
-498
-509
-504
-508
-535
-585
-664
-789
-952
-1123
-1284
-1433
-1547
-1583
-1525
-1418
-1310
-1206
-1093
-999
-964
-978
-1006
-1041
-1097
-1155
-1185
-1185
-1175
-1155
-1112
-1042
-959
-871
-778
-688
-612
-549
-502
-494
-540
-607
-655
-685
-719
-740
-716
-656
-597
-544
-483
-423
-403
-435
-485
-524
-572
-657
-771
-880
-974
-1056
-1122
-1157
-1163
-1163
-1189
-1262
-1366
-1463
-1516
-1501
-1390
-1157
-823
-474
-203
-63
-83
-294
-698
-1200
-1643
-1921
-2023
-1968
-1758
-1414
-1030
-705
-471
-300
-167
-82
-46
-22
27
80
76
-28
-210
-405
-555
-625
-589
-412
-74
392
907
1387
1770
2003
2043
1899
1655
1423
1272
1209
1222
1309
1448
1592
1701
1787
1888
2024
2186
2375
2593
2802
2925
2905
2756
2542
2320
2122
1979
1920
1947
2022
2094
2129
2110
2039
1927
1808
1714
1656
1619
1575
1513
1444
1368
1263
1104
905
707
537
387
242
116
28
-31
-85
-141
-179
-198
-226
-280
-335
-366
-390
-452
-576
-742
-922
-1101
-1275
-1421
-1508
-1522
-1473
-1389
-1287
-1180
-1088
-1033
-1026
-1049
-1086
-1134
-1201
-1277
-1339
-1378
-1397
-1391
-1342
-1247
-1129
-1013
-902
-800
-721
-674
-650
-635
-643
-692
-775
-857
-917
-955
-964
-925
-831
-710
-600
-517
-467
-452
-472
-515
-569
-635
-712
-790
-866
-962
-1087
-1212
-1291
-1321
-1335
-1349
-1357
-1366
-1394
-1411
-1344
-1154
-882
-591
-308
-56
82
9
-292
-739
-1223
-1653
-1949
-2052
-1954
-1700
-1343
-935
-538
-216
2
132
191
180
117
42
-32
-137
-287
-440
-543
-587
-583
-512
-324
8
455
955
1430
1812
2044
2097
1982
1739
1440
1172
1002
962
1047
1223
1433
1623
1773
1903
2034
2178
2346
2542
2740
2876
2892
2782
2582
2328
2060
1830
1694
1664
1718
1826
1960
2078
2132
2108
2033
1941
1837
1718
1600
1494
1394
1291
1184
1072
937
767
581
416
287
189
128
110
121
124
103
61
-12
-134
-284
-410
-488
-546
-617
-701
-788
-897
-1043
-1199
-1319
-1383
-1400
-1367
-1278
-1158
-1056
-1002
-995
-1024
-1078
-1149
-1226
-1301
-1364
-1397
-1393
-1359
-1305
-1237
-1152
-1059
-973
-898
-832
-781
-751
-741
-747
-771
-811
-860
-918
-981
-1028
-1029
-974
-883
-783
-689
-615
-569
-561
-592
-661
-754
-851
-939
-1027
-1126
-1222
-1287
-1322
-1350
-1370
-1367
-1355
-1361
-1367
-1309
-1156
-938
-696
-446
-202
-25
2
-174
-540
-1021
-1496
-1854
-2036
-2039
-1866
-1529
-1086
-642
-274
-2
167
216
166
82
12
-58
-168
-324
-493
-633
-721
-734
-657
-478
-180
250
768
1275
1678
1933
2028
1955
1738
1446
1154
923
801
816
952
1150
1363
1585
1821
2047
2238
2412
2587
2739
2822
2816
2729
2559
2315
2054
1851
1746
1728
1772
1864
1986
2103
2184
2216
2200
2141
2054
1964
1873
1762
1617
1451
1287
1132
978
836
725
647
583
520
470
440
409
354
292
251
221
154
34
-102
-224
-344
-482
-624
-747
-851
-949
-1035
-1087
-1107
-1114
-1115
-1092
-1042
-987
-955
-964
-1019
-1107
-1201
-1286
-1360
-1423
-1455
-1442
-1394
-1332
-1260
-1170
-1072
-997
-957
-935
-913
-905
-933
-992
-1055
-1103
-1136
-1159
-1161
-1130
-1063
-981
-897
-812
-727
-660
-636
-660
-712
-781
-875
-997
-1121
-1216
-1280
-1330
-1364
-1363
-1322
-1269
-1236
-1228
-1236
-1256
-1268
-1230
-1110
-918
-699
-492
-314
-204
-226
-426
-779
-1190
-1553
-1794
-1877
-1783
-1520
-1132
-708
-342
-90
43
71
5
-123
-237
-270
-230
-193
-213
-277
-349
-422
-496
-529
-442
-186
223
715
1203
1604
1861
1941
1839
1590
1281
1012
840
781
838
1008
1246
1479
1664
1817
1967
2115
2256
2409
2579
2726
2789
2749
2617
2403
2137
1885
1710
1634
1656
1775
1967
2168
2305
2348
2314
2227
2103
1960
1828
1716
1616
1523
1425
1303
1146
975
818
686
589
542
542
555
554
536
508
454
355
215
59
-91
-230
-352
-454
-547
-634
-707
-764
-824
-899
-969
-1014
-1034
-1033
-1008
-972
-954
-968
-1007
-1067
-1153
-1262
-1361
-1418
-1426
-1401
-1349
-1280
-1215
-1167
-1127
-1090
-1067
-1056
-1043
-1026
-1018
-1022
-1034
-1067
-1127
-1187
-1202
-1176
-1142
-1111
-1053
-963
-881
-836
-814
-796
-807
-862
-935
-1011
-1113
-1244
-1363
-1437
-1476
-1488
-1457
-1387
-1327
-1308
-1299
-1249
-1157
-1042
-885
-665
-430
-258
-189
-236
-433
-787
-1208
-1563
-1783
-1859
-1780
-1528
-1146
-738
-388
-121
57
118
67
-37
-138
-221
-291
-348
-403
-475
-552
-594
-572
-490
-337
-68
331
796
1224
1556
1769
1826
1699
1429
1123
866
695
635
713
917
1176
1417
1625
1815
1985
2129
2261
2398
2524
2604
2614
2547
2397
2176
1945
1779
1707
1710
1772
1894
2052
2193
2282
2323
2318
2257
2147
2022
1906
1786
1645
1502
1382
1279
1173
1068
979
897
806
723
681
675
667
635
588
531
448
320
163
6
-130
-236
-312
-370
-436
-521
-618
-717
-813
-898
-954
-972
-966
-951
-930
-909
-910
-955
-1033
-1115
-1188
-1263
-1339
-1395
-1420
-1419
-1396
-1345
-1270
-1201
-1156
-1124
-1095
-1082
-1090
-1100
-1094
-1093
-1124
-1180
-1227
-1259
-1288
-1304
-1272
-1186
-1080
-975
-873
-798
-788
-842
-917
-995
-1091
-1209
-1309
-1369
-1418
-1477
-1510
-1477
-1414
-1373
-1351
-1305
-1234
-1161
-1069
-915
-706
-498
-338
-239
-239
-398
-724
-1127
-1497
-1766
-1888
-1816
-1552
-1170
-765
-398
-111
52
76
10
-80
-170
-260
-326
-346
-355
-404
-484
-535
-526
-471
-360
-148
184
586
984
1331
1589
1709
1660
1471
1207
938
728
637
682
835
1057
1317
1571
1772
1917
2047
2189
2322
2423
2504
2564
2551
2420
2215
2021
1877
1776
1736
1781
1893
2021
2136
2234
2300
2315
2285
2229
2148
2025
1873
1720
1575
1431
1313
1252
1222
1169
1089
1016
948
858
765
717
714
708
665
603
529
410
228
32
-126
-247
-355
-448
-518
-578
-637
-690
-737
-781
-810
-814
-816
-844
-893
-930
-955
-1010
-1103
-1192
-1247
-1295
-1364
-1423
-1426
-1378
-1311
-1236
-1154
-1080
-1040
-1047
-1100
-1177
-1243
-1278
-1296
-1320
-1341
-1328
-1284
-1254
-1253
-1240
-1186
-1121
-1078
-1041
-989
-950
-960
-1010
-1071
-1139
-1232
-1344
-1452
-1535
-1585
-1589
-1544
-1477
-1412
-1343
-1264
-1195
-1142
-1055
-893
-692
-527
-420
-350
-345
-484
-784
-1147
-1454
-1657
-1747
-1691
-1462
-1106
-722
-378
-100
90
166
134
36
-83
-196
-279
-329
-376
-447
-517
-537
-502
-433
-306
-60
316
748
1154
1499
1749
1837
1724
1463
1157
873
645
527
573
772
1053
1346
1611
1827
1996
2131
2245
2335
2402
2459
2501
2484
2373
2195
2007
1832
1685
1610
1643
1751
1880
2015
2168
2305
2367
2337
2251
2138
1992
1819
1653
1508
1373
1257
1188
1151
1095
1009
928
865
799
736
713
729
731
689
628
562
452
269
61
-103
-221
-328
-424
-489
-532
-581
-638
-681
-713
-743
-768
-777
-777
-791
-825
-871
-931
-1011
-1099
-1174
-1239
-1310
-1366
-1377
-1340
-1286
-1230
-1168
-1099
-1045
-1024
-1035
-1065
-1103
-1140
-1171
-1198
-1228
-1260
-1287
-1306
-1313
-1292
-1232
-1152
-1077
-1005
-929
-874
-878
-947
-1038
-1119
-1196
-1288
-1383
-1451
-1484
-1496
-1497
-1486
-1463
-1429
-1391
-1342
-1266
-1133
-939
-721
-529
-385
-295
-291
-429
-722
-1095
-1435
-1667
-1770
-1735
-1555
-1258
-910
-591
-346
-188
-104
-79
-97
-135
-161
-161
-163
-216
-335
-473
-570
-614
-610
-530
-321
20
429
829
1184
1465
1625
1627
1492
1292
1088
912
792
759
825
968
1146
1326
1493
1651
1819
2003
2191
2361
2499
2596
2625
2552
2382
2164
1955
1789
1684
1661
1727
1849
1979
2094
2197
2274
2295
2253
2174
2087
1990
1868
1727
1585
1451
1324
1209
1117
1047
986
932
895
879
873
868
851
806
725
621
504
373
226
83
-30
-108
-175
-251
-327
-395
-463
-534
-599
-645
-674
-691
-700
-709
-731
-770
-821
-880
-949
-1021
-1079
-1116
-1143
-1165
-1170
-1147
-1111
-1089
-1086
-1087
-1083
-1080
-1083
-1094
-1105
-1111
-1114
-1126
-1154
-1191
-1222
-1238
-1243
-1236
-1209
-1161
-1104
-1058
-1031
-1024
-1038
-1072
-1125
-1193
-1269
-1342
-1404
-1453
-1496
-1526
-1537
-1539
-1548
-1562
-1556
-1508
-1419
-1293
-1126
-926
-731
-588
-525
-554
-687
-912
-1179
-1416
-1577
-1648
-1619
-1485
-1271
-1027
-793
-580
-397
-258
-167
-101
-47
-14
-18
-58
-127
-223
-338
-438
-479
-439
-315
-96
217
590
961
1284
1532
1675
1690
1595
1448
1303
1184
1104
1093
1159
1278
1414
1559
1713
1867
2014
2166
2331
2492
2620
2697
2714
2662
2542
2382
2222
2081
1971
1917
1942
2029
2137
2245
2348
2427
2445
2393
2296
2178
2040
1890
1754
1653
1576
1503
1430
1360
1286
1201
1117
1051
1007
980
964
946
902
815
690
544
392
243
111
17
-37
-66
-90
-123
-171
-237
-323
-424
-527
-612
-672
-717
-758
-790
-809
-826
-859
-908
-957
-1002
-1046
-1083
-1098
-1090
-1081
-1084
-1097
-1119
-1164
-1225
-1278
-1308
-1324
-1329
-1313
-1277
-1251
-1256
-1281
-1305
-1327
-1353
-1367
-1350
-1317
-1298
-1302
-1314
-1333
-1375
-1435
-1488
-1523
-1554
-1591
-1621
-1633
-1635
-1645
-1670
-1700
-1728
-1751
-1763
-1751
-1695
-1576
-1391
-1167
-944
-759
-650
-653
-782
-1007
-1260
-1481
-1633
-1696
-1652
-1502
-1281
-1045
-839
-677
-549
-435
-323
-216
-118
-24
58
96
60
-44
-179
-314
-428
-483
-426
-227
87
464
860
1237
1540
1713
1736
1643
1493
1339
1224
1176
1203
1288
1403
1520
1619
1691
1750
1823
1938
2102
2302
2503
2664
2749
2743
2650
2486
2288
2102
1970
1908
1914
1977
2080
2194
2280
2314
2299
2246
2158
2044
1927
1830
1759
1705
1652
1590
1512
1415
1298
1166
1032
919
857
846
855
845
806
745
656
526
368
215
96
13
-44
-76
-92
-121
-188
-288
-400
-512
-624
-725
-802
-852
-879
-884
-873
-869
-894
-948
-1003
-1048
-1096
-1154
-1204
-1224
-1217
-1209
-1222
-1258
-1305
-1347
-1384
-1417
-1435
-1425
-1391
-1360
-1355
-1370
-1393
-1427
-1485
-1546
-1569
-1541
-1495
-1463
-1443
-1422
-1405
-1409
-1441
-1496
-1559
-1618
-1663
-1699
-1738
-1775
-1792
-1792
-1801
-1827
-1841
-1829
-1811
-1791
-1721
-1562
-1346
-1142
-974
-834
-749
-775
-913
-1097
-1272
-1432
-1564
-1619
-1572
-1463
-1340
-1206
-1047
-874
-703
-529
-343
-166
-29
65
118
107
21
-96
-198
-284
-356
-370
-276
-93
123
360
649
971
1245
1421
1529
1601
1617
1559
1470
1407
1374
1349
1338
1360
1418
1501
1611
1758
1931
2112
2293
2458
2570
2603
2572
2510
2424
2314
2203
2122
2072
2031
1994
1972
1973
1988
2008
2034
2061
2077
2069
2029
1950
1838
1717
1608
1509
1415
1330
1253
1174
1084
995
919
849
781
722
677
628
552
454
349
240
127
23
-52
-109
-176
-254
-327
-398
-480
-570
-649
-711
-766
-821
-873
-923
-976
-1030
-1074
-1099
-1116
-1133
-1150
-1168
-1192
-1223
-1254
-1281
-1305
-1320
-1327
-1337
-1362
-1395
-1430
-1463
-1490
-1501
-1495
-1485
-1476
-1468
-1462
-1469
-1481
-1479
-1462
-1451
-1454
-1447
-1432
-1451
-1515
-1577
-1606
-1636
-1695
-1741
-1736
-1714
-1733
-1773
-1774
-1739
-1731
-1754
-1746
-1679
-1597
-1512
-1378
-1188
-1007
-884
-812
-793
-864
-1036
-1248
-1435
-1569
-1635
-1593
-1433
-1224
-1034
-860
-677
-515
-418
-355
-266
-148
-47
11
35
23
-43
-158
-276
-341
-331
-246
-84
157
464
806
1126
1369
1517
1592
1609
1561
1462
1364
1309
1299
1325
1388
1479
1569
1644
1721
1826
1959
2107
2273
2450
2603
2693
2715
2674
2558
2377
2191
2058
1986
1955
1965
2022
2100
2166
2202
2211
2186
2125
2049
1980
1912
1830
1746
1679
1615
1526
1422
1319
1211
1087
971
893
844
800
760
735
708
644
540
419
293
159
38
-38
-79
-127
-191
-249
-305
-393
-519
-649
-754
-833
-890
-915
-913
-906
-914
-929
-945
-975
-1028
-1092
-1148
-1194
-1227
-1243
-1251
-1268
-1293
-1315
-1335
-1363
-1396
-1420
-1429
-1428
-1415
-1392
-1371
-1368
-1383
-1399
-1411
-1428
-1447
-1453
-1445
-1437
-1436
-1437
-1449
-1480
-1519
-1548
-1567
-1587
-1602
-1604
-1600
-1605
-1617
-1630
-1653
-1697
-1741
-1752
-1726
-1680
-1592
-1429
-1212
-1008
-847
-723
-656
-698
-852
-1052
-1230
-1373
-1474
-1497
-1414
-1259
-1089
-923
-756
-605
-483
-373
-250
-121
0
111
197
219
157
45
-67
-167
-252
-278
-184
34
321
636
962
1263
1486
1609
1654
1642
1586
1510
1450
1427
1436
1469
1520
1574
1620
1674
1768
1903
2052
2204
2377
2560
2696
2744
2719
2646
2531
2379
2229
2123
2065
2032
2024
2057
2117
2165
2184
2187
2186
2172
2136
2075
1993
1898
1797
1700
1597
1482
1363
1255
1158
1065
980
917
874
836
797
766
731
661
548
414
284
163
50
-48
-122
-182
-240
-300
-368
-453
-552
-638
-695
-735
-777
-815
-842
-873
-927
-994
-1054
-1104
-1151
-1187
-1199
-1194
-1199
-1215
-1224
-1228
-1243
-1273
-1305
-1335
-1370
-1404
-1422
-1430
-1441
-1457
-1458
-1445
-1438
-1445
-1442
-1419
-1393
-1370
-1341
-1313
-1317
-1359
-1409
-1455
-1509
-1572
-1612
-1613
-1601
-1603
-1601
-1581
-1571
-1593
-1612
-1596
-1579
-1599
-1615
-1562
-1444
-1320
-1198
-1028
-820
-666
-626
-673
-769
-930
-1147
-1335
-1408
-1376
-1293
-1176
-1013
-832
-683
-578
-482
-377
-268
-140
22
182
267
256
193
109
-6
-143
-239
-234
-131
41
279
586
917
1203
1411
1555
1645
1666
1617
1535
1465
1432
1438
1470
1512
1552
1594
1649
1720
1809
1931
2102
2308
2507
2663
2758
2773
2698
2552
2380
2227
2106
2022
1989
2010
2063
2111
2139
2148
2142
2118
2086
2054
2019
1970
1905
1833
1750
1646
1518
1377
1238
1108
999
926
882
850
822
804
785
732
633
504
372
247
129
31
-37
-88
-142
-202
-267
-348
-453
-569
-667
-736
-786
-822
-839
-851
-876
-922
-970
-1013
-1064
-1126
-1179
-1197
-1191
-1192
-1205
-1218
-1228
-1251
-1289
-1328
-1357
-1385
-1415
-1434
-1430
-1412
-1398
-1390
-1378
-1363
-1356
-1352
-1340
-1320
-1311
-1316
-1320
-1322
-1339
-1378
-1426
-1466
-1501
-1531
-1545
-1535
-1519
-1516
-1513
-1497
-1485
-1500
-1537
-1569
-1597
-1629
-1643
-1593
-1465
-1289
-1092
-875
-662
-516
-493
-584
-755
-977
-1214
-1401
-1492
-1483
-1393
-1237
-1039
-844
-683
-543
-398
-257
-144
-46
63
157
181
127
35
-69
-183
-284
-320
-258
-117
84
342
649
961
1228
1431
1564
1613
1588
1527
1459
1384
1311
1276
1301
1364
1434
1506
1599
1717
1851
2005
2184
2362
2503
2594
2639
2627
2545
2413
2269
2141
2037
1972
1955
1975
2006
2038
2079
2123
2147
2137
2104
2056
1990
1909
1823
1733
1631
1530
1447
1374
1282
1167
1060
982
914
837
770
730
696
633
543
450
352
237
114
16
-45
-95
-154
-218
-284
-363
-461
-565
-664
-757
-836
-885
-908
-932
-968
-997
-1008
-1018
-1045
-1076
-1093
-1108
-1140
-1182
-1213
-1243
-1290
-1343
-1373
-1381
-1395
-1421
-1433
-1424
-1411
-1402
-1379
-1339
-1312
-1313
-1314
-1301
-1301
-1331
-1365
-1372
-1367
-1378
-1396
-1396
-1391
-1411
-1443
-1454
-1442
-1442
-1457
-1459
-1446
-1449
-1472
-1495
-1515
-1554
-1607
-1637
-1616
-1551
-1446
-1283
-1066
-843
-663
-539
-494
-565
-752
-988
-1202
-1365
-1464
-1466
-1359
-1185
-999
-822
-659
-530
-453
-393
-300
-178
-68
18
90
123
81
-27
-149
-253
-328
-344
-247
-28
262
566
868
1152
1371
1481
1494
1447
1369
1287
1234
1224
1248
1295
1360
1438
1514
1584
1663
1769
1902
2058
2232
2404
2529
2573
2543
2461
2339
2190
2043
1935
1881
1884
1936
2016
2091
2137
2159
2160
2134
2072
1989
1911
1843
1773
1701
1630
1552
1458
1350
1240
1135
1037
953
893
854
826
797
755
691
600
491
374
255
135
29
-53
-120
-183
-245
-309
-380
-456
-526
-588
-651
-717
-774
-817
-855
-902
-951
-989
-1020
-1051
-1078
-1096
-1114
-1139
-1158
-1161
-1163
-1186
-1216
-1237
-1255
-1291
-1337
-1366
-1369
-1364
-1358
-1339
-1306
-1284
-1285
-1292
-1287
-1274
-1262
-1248
-1229
-1212
-1205
-1215
-1246
-1297
-1348
-1378
-1388
-1388
-1386
-1378
-1361
-1350
-1351
-1362
-1379
-1404
-1433
-1462
-1491
-1516
-1514
-1463
-1360
-1212
-1021
-811
-635
-540
-530
-594
-734
-943
-1163
-1318
-1382
-1383
-1329
-1205
-1033
-868
-731
-592
-449
-338
-261
-177
-77
-9
-4
-31
-62
-121
-218
-299
-309
-272
-213
-81
167
472
736
952
1161
1337
1403
1360
1295
1257
1213
1152
1134
1191
1268
1320
1382
1490
1618
1732
1856
2016
2178
2294
2363
2404
2398
2324
2216
2130
2068
1998
1933
1917
1948
1982
2008
2041
2081
2101
2090
2062
2015
1934
1829
1734
1663
1592
1516
1452
1398
1320
1214
1115
1040
969
895
841
815
782
710
612
510
398
269
151
74
20
-40
-104
-157
-214
-300
-403
-487
-547
-604
-665
-714
-751
-796
-851
-899
-930
-958
-986
-999
-1003
-1023
-1063
-1099
-1121
-1145
-1177
-1197
-1194
-1193
-1216
-1247
-1259
-1262
-1272
-1276
-1255
-1226
-1212
-1207
-1191
-1175
-1182
-1202
-1205
-1189
-1185
-1201
-1214
-1212
-1215
-1231
-1236
-1218
-1201
-1206
-1224
-1241
-1256
-1274
-1295
-1320
-1352
-1388
-1420
-1451
-1491
-1529
-1522
-1440
-1291
-1098
-878
-664
-508
-446
-482
-609
-811
-1045
-1255
-1404
-1475
-1458
-1352
-1193
-1030
-872
-694
-503
-356
-267
-191
-107
-61
-82
-131
-176
-240
-336
-412
-419
-378
-329
-239
-53
204
461
701
944
1156
1273
1300
1291
1252
1156
1035
964
968
1006
1060
1160
1306
1453
1583
1739
1924
2074
2155
2212
2272
2289
2234
2153
2091
2036
1972
1922
1909
1911
1902
1906
1946
1995
2024
2051
2090
2091
2017
1911
1820
1720
1586
1465
1415
1407
1365
1288
1229
1190
1112
987
882
825
769
687
615
562
488
374
268
204
153
83
18
-21
-64
-151
-258
-346
-425
-524
-619
-668
-692
-738
-802
-845
-859
-874
-895
-897
-877
-872
-901
-943
-984
-1039
-1109
-1160
-1172
-1167
-1169
-1173
-1172
-1175
-1194
-1210
-1203
-1176
-1148
-1120
-1089
-1068
-1078
-1114
-1147
-1161
-1166
-1165
-1154
-1134
-1120
-1122
-1133
-1142
-1147
-1150
-1148
-1138
-1132
-1145
-1180
-1225
-1271
-1317
-1357
-1384
-1403
-1425
-1449
-1449
-1402
-1306
-1162
-970
-749
-554
-437
-425
-521
-720
-995
-1273
-1471
-1556
-1538
-1430
-1245
-1031
-846
-710
-605
-519
-457
-408
-338
-245
-170
-150
-178
-237
-328
-437
-520
-544
-513
-428
-267
-23
258
528
769
982
1144
1224
1218
1150
1042
922
829
799
834
918
1043
1199
1360
1508
1647
1771
1868
1944
2030
2130
2206
2224
2196
2143
2066
1963
1862
1799
1770
1765
1801
1886
1978
2031
2057
2082
2083
2029
1943
1861
1782
1680
1570
1491
1438
1372
1292
1236
1205
1148
1054
970
915
857
781
719
682
634
553
466
392
305
179
47
-44
-101
-157
-212
-248
-278
-327
-392
-456
-528
-619
-706
-756
-770
-779
-795
-802
-801
-814
-846
-882
-916
-962
-1011
-1041
-1051
-1061
-1079
-1092
-1095
-1102
-1112
-1110
-1098
-1096
-1106
-1099
-1064
-1035
-1035
-1039
-1020
-997
-1001
-1024
-1037
-1041
-1058
-1084
-1093
-1080
-1069
-1067
-1056
-1032
-1021
-1033
-1049
-1053
-1057
-1074
-1099
-1124
-1167
-1241
-1331
-1407
-1461
-1488
-1464
-1355
-1164
-936
-711
-510
-365
-324
-403
-572
-785
-1018
-1248
-1423
-1497
-1472
-1389
-1269
-1107
-914
-729
-574
-435
-302
-199
-143
-123
-126
-166
-247
-343
-424
-496
-557
-575
-513
-381
-208
15
308
624
884
1061
1181
1239
1198
1067
923
819
754
721
751
864
1019
1170
1326
1505
1682
1821
1935
2044
2123
2141
2118
2087
2041
1963
1873
1813
1787
1765
1745
1756
1800
1849
1895
1959
2034
2076
2064
2011
1927
1806
1659
1526
1428
1359
1308
1278
1263
1238
1185
1111
1032
951
872
810
764
715
655
594
530
451
356
264
186
109
25
-50
-112
-178
-260
-341
-400
-451
-514
-577
-621
-652
-689
-728
-743
-736
-734
-746
-755
-760
-791
-862
-942
-1000
-1043
-1087
-1118
-1111
-1081
-1064
-1064
-1057
-1039
-1036
-1045
-1036
-1002
-975
-975
-979
-971
-977
-1014
-1056
-1070
-1071
-1084
-1094
-1071
-1035
-1026
-1031
-1010
-969
-955
-972
-981
-972
-983
-1030
-1079
-1106
-1139
-1200
-1263
-1305
-1349
-1404
-1427
-1373
-1251
-1083
-872
-634
-428
-314
-302
-390
-585
-874
-1173
-1385
-1487
-1507
-1443
-1281
-1061
-855
-687
-546
-443
-396
-376
-335
-268
-215
-199
-205
-233
-304
-407
-495
-551
-585
-565
-428
-176
121
414
703
966
1138
1186
1140
1036
882
706
588
580
652
757
901
1092
1283
1426
1534
1635
1721
1789
1867
1967
2053
2085
2072
2037
1975
1877
1767
1682
1624
1587
1604
1693
1808
1895
1965
2040
2088
2065
1979
1867
1739
1591
1454
1367
1324
1289
1254
1233
1210
1146
1043
943
860
783
727
720
742
741
702
643
563
439
273
114
-6
-96
-174
-233
-266
-295
-337
-382
-421
-464
-512
-556
-586
-612
-639
-667
-701
-744
-788
-825
-863
-914
-975
-1027
-1057
-1073
-1079
-1065
-1030
-986
-952
-935
-938
-965
-1010
-1054
-1084
-1091
-1078
-1049
-1014
-979
-950
-935
-938
-955
-975
-993
-1008
-1018
-1022
-1024
-1019
-999
-966
-933
-911
-896
-880
-873
-892
-931
-970
-1013
-1079
-1160
-1232
-1293
-1354
-1392
-1363
-1253
-1088
-890
-663
-437
-276
-226
-282
-423
-640
-905
-1144
-1299
-1371
-1374
-1297
-1145
-967
-810
-668
-525
-396
-306
-243
-180
-133
-139
-193
-253
-316
-407
-511
-570
-560
-500
-399
-233
-2
249
486
705
893
1007
1024
980
915
829
722
643
636
691
772
882
1039
1219
1375
1496
1610
1720
1795
1829
1855
1884
1888
1860
1829
1809
1780
1735
1697
1682
1668
1649
1659
1719
1793
1837
1858
1877
1873
1815
1720
1627
1540
1448
1364
1313
1277
1224
1148
1077
1014
943
869
815
780
737
690
662
644
598
522
447
376
283
158
29
-85
-194
-299
-377
-417
-438
-456
-460
-446
-448
-487
-547
-606
-666
-728
-778
-809
-837
-875
-912
-937
-958
-985
-1007
-1009
-997
-988
-984
-980
-983
-1005
-1036
-1057
-1063
-1062
-1054
-1031
-995
-957
-923
-891
-861
-845
-851
-874
-910
-956
-1011
-1057
-1076
-1064
-1028
-977
-916
-850
-797
-771
-769
-781
-807
-851
-902
-941
-973
-1024
-1105
-1192
-1261
-1306
-1318
-1262
-1109
-882
-643
-437
-277
-186
-207
-348
-561
-786
-991
-1161
-1266
-1282
-1217
-1101
-954
-783
-614
-472
-361
-273
-221
-218
-241
-259
-268
-294
-333
-359
-363
-366
-375
-360
-294
-189
-59
106
311
525
707
838
910
916
866
793
728
688
683
732
840
977
1106
1215
1314
1399
1460
1504
1548
1595
1637
1677
1723
1767
1799
1818
1831
1834
1818
1776
1721
1667
1629
1608
1606
1623
1651
1677
1685
1671
1638
1591
1534
1475
1432
1410
1388
1341
1264
1170
1058
924
783
667
593
558
551
564
576
568
535
490
437
366
270
157
38
-89
-218
-333
-422
-488
-532
-550
-547
-542
-551
-571
-590
-606
-627
-654
-683
-712
-748
-797
-858
-924
-990
-1046
-1085
-1099
-1086
-1047
-995
-943
-903
-877
-865
-870
-890
-909
-914
-910
-913
-922
-920
-907
-901
-910
-916
-901
-879
-867
-860
-845
-827
-817
-805
-773
-732
-712
-713
-722
-738
-771
-815
-850
-869
-894
-929
-962
-994
-1045
-1109
-1139
-1096
-986
-831
-634
-410
-211
-94
-83
-177
-371
-643
-932
-1160
-1284
-1306
-1233
-1073
-853
-628
-442
-306
-220
-182
-182
-202
-231
-276
-334
-385
-411
-421
-428
-425
-403
-366
-316
-230
-81
117
321
511
693
842
906
868
773
667
557
451
392
426
547
716
902
1092
1267
1398
1480
1524
1538
1524
1502
1496
1506
1519
1534
1557
1584
1602
1613
1616
1605
1578
1552
1542
1550
1570
1605
1657
1701
1703
1657
1583
1490
1377
1259
1167
1115
1086
1063
1045
1028
999
944
872
801
737
682
641
616
594
558
502
430
338
219
85
-45
-156
-247
-317
-354
-360
-350
-338
-324
-311
-317
-361
-442
-546
-657
-762
-845
-894
-916
-924
-920
-897
-866
-842
-829
-821
-821
-827
-831
-820
-802
-794
-805
-833
-876
-933
-983
-1004
-992
-960
-909
-830
-734
-653
-602
-573
-567
-598
-662
-727
-766
-784
-797
-803
-790
-754
-709
-663
-614
-565
-529
-518
-533
-570
-628
-702
-777
-843
-899
-949
-996
-1031
-1037
-998
-908
-774
-607
-421
-237
-92
-31
-80
-224
-428
-663
-898
-1091
-1204
-1229
-1179
-1056
-868
-651
-451
-286
-150
-49
-4
-18
-71
-153
-269
-405
-522
-595
-634
-634
-565
-424
-252
-77
105
292
460
597
710
792
813
764
672
570
468
379
343
387
487
621
795
1000
1188
1333
1451
1546
1589
1578
1555
1541
1512
1448
1375
1325
1290
1263
1275
1344
1427
1475
1507
1559
1611
1623
1608
1597
1575
1513
1426
1343
1254
1143
1038
984
981
977
961
954
958
931
868
803
751
692
620
560
522
474
394
298
208
125
42
-36
-99
-155
-213
-256
-281
-312
-368
-424
-448
-451
-471
-519
-574
-620
-669
-721
-758
-779
-804
-834
-840
-815
-794
-808
-842
-857
-844
-827
-818
-805
-782
-758
-747
-747
-758
-780
-805
-824
-829
-811
-766
-712
-670
-641
-611
-580
-555
-529
-495
-467
-470
-508
-558
-602
-640
-667
-663
-629
-597
-583
-572
-558
-559
-570
-564
-535
-513
-508
-508
-514
-555
-645
-757
-861
-943
-979
-926
-779
-598
-432
-275
-126
-44
-76
-195
-349
-528
-727
-897
-983
-992
-960
-889
-763
-600
-452
-346
-269
-215
-193
-185
-161
-131
-135
-185
-255
-323
-392
-458
-490
-458
-363
-221
-34
187
408
585
696
745
739
686
600
509
439
406
414
460
539
646
775
918
1053
1163
1244
1307
1356
1387
1400
1398
1379
1339
1291
1259
1252
1246
1226
1211
1220
1244
1271
1313
1373
1423
1432
1407
1367
1314
1237
1148
1071
1011
959
918
893
865
811
749
716
708
687
646
612
592
558
493
412
334
254
160
60
-30
-101
-157
-203
-232
-240
-229
-212
-216
-253
-314
-382
-458
-544
-624
-676
-698
-707
-724
-757
-798
-821
-803
-752
-697
-656
-629
-610
-608
-638
-696
-760
-808
-833
-836
-823
-799
-761
-706
-641
-581
-532
-486
-438
-402
-391
-406
-432
-453
-478
-523
-587
-632
-620
-555
-471
-387
-301
-226
-197
-228
-287
-332
-365
-409
-460
-486
-472
-444
-445
-483
-530
-539
-497
-437
-401
-394
-404
-442
-530
-649
-745
-779
-751
-676
-561
-425
-302
-222
-195
-227
-326
-476
-626
-728
-775
-780
-752
-698
-632
-562
-481
-389
-312
-276
-285
-314
-331
-325
-307
-299
-309
-322
-323
-315
-311
-310
-282
-193
-45
128
291
424
512
538
502
432
364
308
270
276
355
490
618
707
787
888
985
1041
1063
1075
1072
1050
1038
1059
1087
1091
1091
1118
1147
1126
1068
1048
1095
1159
1208
1265
1328
1349
1295
1201
1114
1035
957
900
888
907
919
909
884
843
771
674
577
502
457
439
440
442
435
418
391
346
281
210
143
73
-7
-94
-175
-241
-290
-310
-290
-250
-236
-275
-345
-405
-447
-490
-531
-548
-543
-545
-576
-623
-673
-721
-755
-740
-662
-558
-476
-420
-381
-373
-410
-468
-508
-526
-546
-563
-554
-521
-499
-506
-522
-515
-482
-430
-355
-247
-121
-13
37
16
-66
-182
-303
-401
-450
-443
-394
-324
-249
-175
-118
-84
-57
-26
-3
-11
-45
-91
-153
-245
-362
-473
-550
-582
-572
-524
-456
-383
-301
-208
-141
-150
-232
-339
-441
-544
-637
-674
-624
-515
-410
-346
-333
-373
-459
-566
-651
-686
-668
-611
-529
-441
-363
-309
-297
-336
-410
-489
-546
-576
-573
-532
-451
-348
-251
-178
-126
-97
-97
-122
-141
-120
-67
-15
24
68
125
172
188
197
237
311
391
457
517
581
639
664
643
588
535
522
565
639
720
803
887
959
1010
1056
1107
1146
1138
1074
977
880
796
730
693
707
783
898
1004
1059
1065
1041
988
891
763
659
614
611
609
593
572
548
506
445
386
358
369
396
412
405
374
320
246
162
80
9
-49
-86
-89
-63
-32
-22
-35
-68
-120
-189
-256
-310
-351
-377
-374
-337
-293
-268
-262
-261
-261
-273
-306
-350
-384
-390
-367
-329
-300
-290
-299
-320
-343
-357
-355
-336
-294
-213
-102
-17
-10
-63
-123
-170
-217
-258
-265
-243
-220
-207
-184
-146
-110
-66
22
145
211
132
-63
-263
-381
-420
-422
-398
-316
-166
-14
52
11
-77
-150
-206
-256
-280
-258
-236
-277
-382
-485
-543
-574
-591
-562
-471
-370
-316
-306
-294
-267
-254
-280
-337
-410
-500
-601
-688
-726
-703
-636
-550
-468
-416
-404
-428
-465
-496
-502
-467
-385
-281
-211
-222
-312
-430
-511
-528
-491
-413
-298
-157
-28
45
49
0
-74
-141
-157
-92
33
153
218
227
198
147
105
121
194
271
321
376
458
524
522
480
463
484
500
497
513
559
598
599
574
541
502
477
493
543
590
613
621
620
615
617
632
642
619
570
531
510
471
405
356
368
414
437
420
394
385
383
362
322
300
325
362
349
266
157
72
16
-21
-31
-4
39
67
85
125
186
230
234
208
161
85
-21
-129
-214
-272
-298
-274
-196
-103
-40
-5
27
56
65
69
92
110
62
-50
-147
-185
-214
-276
-310
-244
-121
-42
-20
13
83
133
128
115
136
164
148
70
-65
-240
-387
-432
-384
-320
-255
-130
63
219
244
175
101
40
-46
-145
-186
-168
-179
-275
-399
-462
-449
-406
-345
-237
-89
16
2
-100
-191
-231
-261
-306
-343
-370
-430
-519
-547
-443
-265
-125
-64
-49
-81
-205
-410
-592
-673
-673
-636
-545
-374
-181
-91
-163
-314
-408
-405
-388
-418
-436
-375
-297
-315
-409
-428
-293
-100
24
81
131
131
-7
-247
-431
-453
-364
-255
-150
-36
73
141
167
181
191
171
107
36
4
17
42
56
72
115
184
255
302
315
298
261
219
188
179
207
276
356
388
344
266
217
210
222
248
301
363
380
336
285
281
309
305
235
130
41
6
43
140
264
376
457
499
478
378
235
123
74
55
23
-14
-30
-14
36
127
245
339
363
315
214
58
-129
-249
-212
-49
125
254
358
434
420
281
70
-135
-295
-397
-406
-291
-71
197
441
569
516
318
83
-121
-295
-421
-428
-277
-16
272
504
582
427
88
-251
-450
-535
-571
-492
-185
290
712
911
870
630
224
-256
-635
-779
-712
-551
-357
-120
149
378
487
442
255
-27
-324
-542
-612
-518
-316
-99
47
95
76
28
-39
-134
-234
-291
-268
-171
-46
41
38
-48
-163
-263
-354
-464
-575
-615
-532
-353
-158
-3
111
207
263
211
4
-293
-534
-611
-540
-412
-287
-175
-84
-54
-121
-266
-398
-407
-261
-48
93
106
62
45
49
13
-79
-201
-347
-506
-593
-517
-308
-89
76
233
410
496
355
14
-325
-480
-434
-293
-154
-33
97
230
313
289
158
-22
-165
-205
-137
-32
32
60
124
249
363
372
257
61
-151
-304
-312
-159
53
201
266
310
337
289
158
17
-85
-169
-233
-201
-13
276
545
710
724
544
198
-162
-365
-382
-309
-191
10
258
392
319
161
99
142
174
172
217
298
273
91
-84
-78
49
78
-64
-229
-240
-84
112
241
312
381
419
324
95
-101
-110
5
56
8
5
110
174
87
-23
19
144
141
-7
-101
-27
106
161
157
185
232
201
73
-49
-84
-65
-61
-59
11
138
196
85
-118
-218
-110
112
284
311
177
-69
-297
-337
-135
182
408
418
210
-139
-506
-736
-722
-480
-120
244
517
619
539
366
184
-31
-335
-638
-735
-548
-254
-100
-111
-93
91
347
487
458
345
195
-41
-387
-732
-917
-866
-602
-195
231
490
446
186
-26
-17
110
135
5
-139
-201
-258
-399
-536
-518
-348
-192
-146
-122
3
240
528
800
933
769
293
-285
-719
-941
-1006
-925
-666
-286
83
388
628
729
598
329
139
74
-30
-247
-422
-406
-278
-179
-79
120
328
331
94
-173
-279
-222
-91
52
151
150
79
53
126
206
173
45
-62
-91
-81
-78
-85
-87
-75
-46
-3
41
74
86
61
-15
-102
-103
38
259
439
504
440
237
-73
-381
-573
-637
-616
-486
-182
252
633
809
782
620
333
-68
-445
-603
-490
-238
-7
162
310
425
411
222
-39
-216
-287
-316
-273
-30
392
731
761
551
314
70
-300
-711
-844
-562
-95
282
546
753
772
438
-114
-518
-580
-429
-256
-74
181
451
595
548
334
-17
-433
-732
-714
-378
49
342
490
609
713
663
345
-161
-637
-866
-730
-291
213
529
581
450
211
-96
-366
-450
-322
-108
90
282
421
331
-49
-450
-526
-264
44
182
168
93
-16
-135
-209
-205
-148
-60
56
159
169
76
-22
-23
79
198
211
33
-263
-435
-312
-27
127
52
-75
-92
-60
-98
-155
-99
38
97
66
142
427
707
662
234
-322
-730
-909
-898
-692
-277
231
601
666
449
118
-121
-140
27
197
225
142
57
-47
-285
-627
-818
-642
-185
271
551
674
702
620
396
55
-315
-574
-585
-318
82
381
435
269
-11
-317
-581
-724
-677
-408
40
512
798
811
665
486
224
-226
-754
-1039
-864
-323
325
850
1070
851
262
-390
-825
-991
-908
-495
259
1066
1487
1320
723
2
-623
-1021
-1111
-890
-456
57
517
782
769
502
45
-525
-999
-1062
-591
164
821
1171
1189
878
298
-343
-819
-1082
-1172
-984
-391
406
963
1056
814
404
-96
-505
-573
-293
41
204
258
321
324
166
-58
-205
-311
-441
-469
-238
148
430
523
515
424
177
-172
-393
-333
-75
199
374
375
137
-252
-489
-343
38
286
254
127
89
89
26
-38
-14
30
-19
-92
-23
174
296
252
152
69
-64
-269
-428
-461
-409
-265
57
516
855
858
597
321
142
-42
-338
-690
-904
-802
-376
155
519
639
610
436
46
-415
-586
-333
23
98
-80
-175
-39
135
138
-6
-163
-277
-333
-295
-185
-75
36
253
588
824
684
140
-522
-966
-1058
-841
-371
271
843
1015
685
108
-349
-542
-557
-487
-313
-23
283
454
417
187
-161
-502
-668
-558
-229
124
308
278
155
87
82
32
-115
-276
-334
-247
-57
147
275
292
218
65
-175
-437
-538
-348
-2
213
210
179
251
312
248
137
43
-126
-382
-473
-210
167
247
27
-98
55
201
74
-162
-213
-93
-6
31
150
316
342
210
104
66
-109
-493
-793
-675
-194
317
651
825
826
535
-38
-625
-920
-836
-477
4
431
614
468
109
-215
-325
-226
-69
0
-60
-170
-204
-79
197
522
709
567
65
-551
-911
-843
-496
-119
193
500
804
930
662
24
-643
-971
-878
-524
-51
475
911
1023
730
215
-275
-648
-880
-875
-599
-215
136
544
1049
1327
974
74
-819
-1254
-1211
-849
-240
501
1063
1160
845
399
-20
-430
-801
-948
-696
-79
623
1036
940
396
-318
-881
-1064
-813
-268
319
742
933
899
645
192
-354
-795
-958
-801
-422
17
355
486
399
192
3
-84
-95
-110
-130
-63
98
199
158
110
158
134
-161
-578
-731
-452
51
453
570
392
49
-209
-199
-42
0
-70
-25
108
20
-338
-574
-414
-67
124
121
96
106
66
-53
-183
-264
-250
-92
132
208
85
6
139
296
232
-3
-235
-437
-613
-606
-267
267
653
687
427
30
-361
-576
-488
-182
108
260
327
370
372
282
40
-344
-674
-669
-283
203
477
485
368
227
64
-121
-293
-417
-426
-218
178
497
496
254
65
54
87
8
-175
-341
-379
-268
-85
85
241
425
586
558
238
-230
-546
-525
-240
99
343
448
418
267
24
-221
-339
-272
-99
75
242
380
356
73
-327
-577
-549
-299
74
473
734
681
321
-125
-431
-538
-486
-343
-219
-172
-82
189
483
461
80
-291
-313
-41
222
272
114
-139
-329
-284
21
362
435
157
-289
-632
-677
-411
-25
246
358
416
419
242
-114
-429
-497
-340
-126
35
140
192
169
62
-108
-275
-311
-137
91
91
-157
-323
-146
217
406
279
-16
-281
-410
-336
-47
302
425
199
-144
-248
-46
168
92
-237
-508
-486
-218
132
482
763
776
349
-371
-938
-978
-479
220
677
673
369
102
-13
-155
-445
-669
-541
-126
223
333
351
406
415
296
122
-52
-269
-478
-472
-150
289
516
395
47
-296
-436
-294
10
222
205
77
5
-37
-126
-148
91
512
739
493
-67
-510
-605
-490
-377
-236
70
467
684
569
242
-101
-367
-491
-354
49
445
502
221
-85
-209
-237
-305
-344
-193
159
526
679
522
143
-242
-423
-317
-32
194
181
-27
-193
-143
41
144
109
95
197
275
186
13
-114
-219
-330
-301
-16
341
445
228
-89
-310
-408
-349
-56
334
473
232
-57
3
354
546
254
-377
-864
-826
-318
254
542
520
366
188
-37
-307
-490
-427
-114
277
504
421
119
-121
-130
-35
-18
-49
-49
-135
-411
-664
-553
-71
445
764
927
918
526
-246
-926
-1027
-591
-41
314
424
338
147
-8
-60
-95
-217
-392
-478
-362
-31
398
668
533
70
-289
-234
41
140
-31
-283
-481
-571
-399
159
852
1138
734
-70
-743
-1015
-915
-511
151
883
1357
1332
806
-25
-875
-1437
-1478
-963
-112
715
1207
1216
760
46
-554
-728
-514
-255
-179
-154
71
486
811
790
363
-327
-950
-1087
-564
258
767
722
418
186
12
-232
-465
-501
-314
-23
276
511
554
347
47
-114
-111
-87
-81
-1
144
195
91
-29
-59
-73
-158
-216
-94
158
324
325
307
398
483
319
-167
-726
-960
-655
-1
529
593
301
41
8
61
31
-56
-138
-280
-470
-450
-15
564
753
432
45
-23
85
-4
-365
-721
-747
-304
443
1035
1027
445
-175
-371
-247
-208
-338
-341
-58
308
531
623
647
492
6
-671
-1066
-791
-33
557
562
245
138
303
285
-164
-664
-695
-278
153
382
524
597
398
-132
-704
-965
-825
-429
56
534
902
1021
809
347
-159
-528
-694
-669
-446
-37
388
570
459
290
215
74
-298
-702
-775
-419
133
616
880
824
444
-39
-328
-395
-468
-615
-605
-288
151
441
529
493
344
100
-111
-185
-203
-292
-372
-236
122
453
540
392
113
-212
-492
-609
-515
-271
35
358
642
773
641
265
-201
-581
-759
-698
-434
-68
279
512
595
544
400
203
-18
-214
-326
-334
-262
-124
102
405
660
661
277
-387
-1004
-1240
-973
-329
449
1104
1389
1149
503
-144
-457
-509
-604
-768
-691
-215
387
741
760
563
215
-253
-659
-778
-597
-292
56
492
929
1098
836
259
-370
-808
-937
-799
-526
-172
286
737
885
566
17
-372
-509
-558
-508
-169
388
795
863
734
477
-34
-718
-1140
-997
-498
-31
329
670
833
554
-48
-524
-620
-435
-130
196
410
420
302
152
-128
-636
-1104
-1035
-309
580
1046
953
550
103
-213
-331
-360
-482
-628
-464
164
896
1154
726
-79
-780
-1083
-919
-386
266
748
922
810
460
-81
-643
-937
-783
-296
222
546
634
527
256
-128
-519
-781
-811
-558
-48
559
985
981
516
-165
-685
-780
-473
-38
239
286
233
199
150
4
-217
-372
-350
-180
14
143
222
316
421
405
161
-194
-392
-338
-230
-257
-314
-157
237
613
705
448
-67
-659
-1043
-937
-318
483
1038
1118
746
102
-538
-907
-913
-688
-426
-188
86
425
731
865
762
452
13
-457
-823
-943
-737
-282
193
464
470
302
60
-198
-390
-389
-148
197
400
345
188
177
314
299
-104
-728
-1156
-1150
-786
-201
552
1309
1655
1242
233
-768
-1255
-1187
-856
-502
-122
379
880
1015
583
-101
-493
-431
-235
-189
-181
-18
163
92
-143
-167
123
381
282
-106
-468
-582
-414
-20
510
981
1062
509
-452
-1139
-1052
-453
-70
-174
-251
226
974
1223
700
-128
-727
-950
-847
-437
176
723
943
769
310
-245
-682
-840
-697
-346
126
621
927
834
407
-44
-325
-501
-651
-699
-537
-164
318
711
785
479
24
-253
-263
-174
-133
-130
-150
-241
-313
-126
352
745
639
56
-567
-797
-528
0
420
518
356
148
25
-51
-158
-284
-357
-357
-308
-187
40
304
432
326
105
4
98
151
-113
-597
-858
-623
-82
413
712
799
582
49
-495
-644
-381
-106
-98
-194
-107
145
308
246
40
-162
-263
-240
-138
-16
92
177
208
162
65
-24
-85
-151
-258
-381
-435
-310
43
496
757
625
237
-84
-211
-294
-452
-571
-453
-74
399
752
828
545
-42
-680
-1004
-798
-212
347
567
487
370
342
239
-124
-622
-896
-730
-226
360
811
959
686
57
-590
-840
-552
14
432
453
135
-274
-500
-381
15
414
551
404
144
-108
-350
-522
-438
-31
435
592
363
-39
-395
-574
-453
-44
336
334
39
-82
198
555
550
167
-291
-605
-717
-567
-172
229
400
403
441
495
384
114
-103
-205
-362
-597
-597
-135
499
769
508
33
-322
-520
-642
-624
-334
207
792
1166
1109
502
-508
-1410
-1634
-1068
-145
624
1042
1102
771
111
-539
-797
-625
-279
82
490
855
867
381
-309
-772
-849
-617
-157
406
774
678
249
-66
-19
146
28
-396
-735
-630
-126
432
726
666
344
-78
-440
-614
-553
-318
-35
197
356
456
484
377
83
-323
-623
-621
-334
55
381
527
381
-35
-408
-353
105
464
305
-184
-447
-226
230
540
531
220
-257
-639
-681
-365
106
513
741
724
429
-51
-491
-695
-628
-362
18
420
724
816
608
68
-633
-1102
-1047
-582
-56
354
698
940
872
408
-234
-748
-984
-872
-334
499
1158
1198
652
-78
-702
-1168
-1366
-1048
-177
833
1426
1374
833
46
-754
-1223
-1023
-236
550
800
547
190
-80
-375
-687
-735
-377
132
479
656
745
599
112
-374
-373
57
316
34
-483
-700
-477
-63
304
515
488
239
-12
-63
-13
-110
-384
-577
-441
19
564
869
687
57
-615
-847
-555
-113
102
94
104
236
349
287
75
-99
-83
78
165
37
-161
-121
212
478
294
-258
-706
-702
-335
63
279
329
315
283
208
52
-134
-193
2
337
477
193
-381
-832
-815
-338
242
541
500
372
341
276
-48
-551
-857
-712
-213
391
900
1096
775
31
-690
-1016
-943
-615
-61
614
1013
793
178
-240
-245
-213
-460
-739
-612
-58
532
821
774
550
297
61
-221
-625
-1085
-1313
-986
-93
937
1523
1383
718
-23
-540
-818
-905
-715
-199
417
770
718
388
-70
-576
-965
-970
-476
298
958
1238
1089
584
-126
-796
-1176
-1132
-685
-5
602
835
633
232
-75
-206
-264
-330
-345
-215
41
304
482
564
529
298
-172
-727
-1040
-861
-256
440
883
925
619
147
-274
-532
-667
-739
-665
-299
313
848
935
509
-80
-390
-324
-172
-184
-243
-81
259
428
267
24
-84
-204
-471
-580
-164
553
922
667
156
-182
-334
-459
-509
-355
-95
85
193
323
377
200
-112
-308
-339
-365
-431
-341
39
523
764
616
212
-244
-629
-858
-834
-499
69
653
1010
1004
641
22
-647
-1073
-1053
-638
-59
487
876
956
615
-5
-526
-685
-555
-334
-72
244
486
513
389
252
52
-325
-714
-756
-375
96
366
529
762
892
567
-210
-972
-1240
-916
-261
363
726
791
630
309
-125
-545
-739
-577
-171
230
457
457
212
-194
-472
-326
207
741
870
482
-216
-855
-1109
-878
-334
240
647
784
562
39
-428
-466
-167
22
-80
-159
90
508
675
395
-177
-719
-912
-597
19
458
500
415
441
343
-117
-574
-461
113
436
178
-206
-224
-22
12
-84
-25
140
117
-87
-157
7
125
-34
-320
-412
-211
93
275
276
173
62
-20
-82
-120
-73
89
277
334
168
-181
-532
-617
-277
310
703
610
186
-169
-248
-168
-99
-30
116
256
199
-102
-451
-602
-482
-192
150
507
815
895
581
-55
-686
-989
-866
-441
79
518
754
691
289
-307
-716
-588
-23
396
200
-366
-573
-88
608
812
378
-262
-650
-651
-367
24
317
355
164
-36
-43
125
250
95
-359
-798
-766
-140
630
922
602
107
-117
-97
-158
-398
-538
-303
180
489
363
-6
-197
-5
359
533
378
42
-266
-432
-437
-318
-141
64
310
529
528
184
-309
-551
-337
156
595
755
533
-63
-785
-1174
-957
-349
205
503
658
750
667
329
-137
-558
-876
-1014
-766
-30
884
1402
1194
445
-377
-913
-1046
-801
-291
264
611
644
479
306
185
10
-327
-752
-1008
-858
-313
351
825
981
858
520
20
-499
-812
-784
-495
-128
189
384
385
219
68
81
158
89
-136
-302
-276
-146
-11
173
405
485
254
-130
-381
-435
-428
-403
-252
56
396
631
700
531
66
-539
-892
-707
-102
508
752
518
-19
-495
-587
-256
246
589
583
251
-194
-458
-355
9
316
350
161
-82
-267
-298
-92
256
448
283
-103
-388
-393
-193
10
56
-54
-125
78
512
789
564
-78
-754
-1163
-1152
-612
357
1240
1432
831
-60
-697
-948
-974
-867
-587
-78
659
1443
1778
1141
-336
-1703
-1995
-1144
65
840
995
803
548
323
60
-339
-819
-1071
-769
26
837
1186
946
322
-357
-777
-755
-377
38
207
147
93
184
316
316
158
-19
-81
-34
18
17
17
45
27
-90
-220
-244
-157
-25
142
358
525
465
160
-184
-364
-388
-385
-407
-390
-202
256
855
1159
773
-164
-1022
-1310
-1079
-617
0
775
1402
1405
712
-231
-963
-1338
-1306
-745
288
1296
1638
1123
197
-509
-735
-687
-649
-645
-468
-25
467
691
580
338
135
-45
-257
-424
-436
-287
-76
121
294
433
479
340
-31
-553
-976
-965
-373
544
1218
1203
541
-271
-728
-735
-550
-349
-28
494
951
930
369
-353
-823
-924
-703
-165
568
1061
859
66
-613
-589
-13
448
353
-143
-583
-647
-276
383
999
1158
690
-132
-842
-1186
-1123
-620
248
1016
1073
371
-369
-420
124
533
355
-154
-476
-414
-155
-5
-124
-385
-445
-89
492
854
718
164
-533
-1082
-1187
-658
308
1139
1349
913
141
-633
-1127
-1142
-727
-205
137
324
512
652
565
279
9
-179
-409
-641
-596
-150
407
670
539
223
-29
-92
24
135
-12
-416
-683
-459
86
444
404
234
219
295
249
49
-191
-426
-630
-624
-211
489
1011
961
367
-367
-822
-840
-531
-89
323
571
583
415
204
10
-237
-537
-675
-418
117
503
466
146
-177
-395
-490
-345
101
606
741
323
-335
-683
-444
92
326
-46
-644
-748
-112
705
962
550
-16
-293
-291
-244
-269
-328
-341
-214
131
625
962
778
13
-919
-1390
-1045
-123
729
1021
785
392
102
-95
-313
-598
-866
-904
-515
222
914
1160
885
323
-220
-535
-546
-356
-226
-312
-425
-239
267
762
935
703
138
-555
-978
-775
-44
643
780
403
-67
-331
-412
-405
-275
43
461
733
640
222
-207
-364
-304
-289
-411
-474
-260
191
605
700
396
-124
-520
-544
-267
2
70
52
152
362
466
251
-283
-845
-985
-482
344
865
751
260
-128
-219
-158
-126
-188
-348
-512
-466
-93
375
557
365
80
-42
-34
-30
-14
60
78
-94
-347
-410
-185
151
349
292
20
-308
-457
-270
176
625
871
843
524
-41
-632
-955
-908
-610
-152
433
929
959
456
-124
-329
-276
-372
-582
-454
125
654
653
255
-73
-128
-78
-103
-174
-175
-70
78
147
55
-103
-89
138
255
-48
-566
-703
-156
676
1078
739
6
-544
-654
-491
-326
-258
-195
-7
331
683
807
531
-70
-674
-940
-756
-258
325
767
876
595
90
-363
-596
-611
-477
-274
-99
6
139
440
849
1025
627
-294
-1228
-1557
-1032
35
998
1362
1092
488
-151
-667
-956
-937
-611
-86
461
833
899
709
446
195
-167
-707
-1150
-1056
-363
443
828
736
498
344
182
-151
-584
-820
-625
-68
547
934
956
583
-105
-839
-1216
-959
-172
702
1184
1073
520
-118
-538
-675
-632
-442
-42
472
746
532
10
-406
-509
-396
-236
-99
23
157
318
430
344
26
-302
-387
-275
-212
-243
-150
177
557
742
616
187
-425
-927
-990
-540
145
708
951
797
237
-499
-916
-686
-44
433
424
120
-74
44
322
414
107
-442
-779
-558
102
697
790
364
-240
-608
-504
-7
530
731
509
111
-176
-287
-329
-359
-327
-206
-26
193
426
556
425
74
-220
-245
-133
-158
-329
-357
-52
410
655
478
22
-363
-443
-293
-155
-124
-52
214
576
755
586
119
-484
-999
-1133
-719
31
669
914
819
540
155
-282
-644
-782
-636
-266
176
518
656
620
458
111
-432
-892
-886
-403
155
483
629
712
650
335
-121
-482
-645
-663
-579
-385
-98
240
592
834
751
290
-275
-602
-609
-422
-150
149
385
476
428
278
25
-306
-559
-547
-259
150
531
772
705
227
-463
-922
-856
-358
233
610
647
404
81
-90
-33
62
-85
-491
-802
-643
-50
558
829
777
579
235
-347
-974
-1168
-682
154
764
883
659
341
48
-190
-357
-460
-526
-524
-354
13
427
649
560
256
-59
-254
-370
-513
-664
-619
-202
467
994
1038
608
9
-457
-684
-711
-588
-329
52
497
852
870
397
-362
-893
-844
-362
137
429
548
508
211
-300
-706
-656
-139
486
789
582
39
-441
-557
-346
-46
194
303
173
-186
-450
-281
190
473
349
115
89
168
76
-191
-426
-514
-403
-15
511
723
342
-320
-728
-714
-455
-62
444
844
802
338
-119
-280
-309
-449
-634
-638
-361
164
800
1206
971
79
-869
-1152
-657
17
254
78
-7
274
635
603
66
-629
-1034
-929
-371
388
958
998
511
-131
-551
-622
-371
77
395
230
-323
-667
-380
246
613
572
401
181
-294
-895
-1020
-339
655
1167
931
280
-380
-864
-1075
-907
-358
376
991
1173
726
-208
-1064
-1242
-667
188
824
1093
1018
538
-302
-1076
-1237
-708
5
368
322
177
184
337
472
400
13
-556
-913
-725
-87
521
674
346
-125
-344
-183
122
214
-15
-329
-428
-250
58
349
515
411
-3
-459
-560
-222
231
441
317
-1
-314
-446
-321
-51
161
235
276
332
238
-136
-588
-701
-316
257
524
284
-183
-393
-134
349
635
511
55
-504
-889
-857
-357
350
829
815
422
2
-185
-162
-146
-280
-451
-382
27
493
591
191
-417
-790
-668
-139
436
722
670
444
151
-204
-512
-547
-273
14
52
-37
23
203
242
99
-21
-78
-237
-445
-361
158
747
906
533
-62
-546
-775
-740
-497
-193
45
267
594
944
986
469
-443
-1200
-1299
-733
9
416
435
405
566
736
540
-73
-654
-694
-205
273
274
-115
-436
-401
-128
104
165
119
93
170
308
315
51
-318
-440
-210
127
328
363
222
-152
-603
-717
-289
334
623
476
222
93
14
-104
-204
-245
-253
-192
-16
157
160
37
13
172
348
345
135
-200
-526
-616
-302
209
418
116
-302
-308
115
522
555
258
-100
-279
-161
186
453
290
-312
-899
-973
-467
267
835
1032
819
302
-238
-519
-553
-582
-663
-504
103
853
1173
852
180
-480
-957
-1091
-687
167
964
1208
874
295
-267
-746
-1064
-1026
-533
238
914
1150
832
190
-316
-390
-206
-179
-417
-569
-289
301
736
714
335
-116
-423
-484
-315
-100
-49
-61
226
834
1134
510
-733
-1535
-1226
-196
693
1021
929
623
175
-294
-609
-724
-668
-378
142
611
698
415
83
-73
-112
-166
-254
-327
-356
-273
3
412
747
844
642
128
-568
-1073
-1050
-573
-6
456
867
1179
1091
398
-634
-1405
-1466
-815
172
963
1155
741
94
-365
-451
-233
63
194
100
-48
-112
-180
-363
-492
-260
330
851
865
348
-346
-786
-700
-127
536
819
605
154
-289
-636
-741
-420
192
615
544
186
-101
-263
-396
-359
26
497
523
42
-387
-300
134
457
503
389
128
-391
-1006
-1224
-712
277
1137
1456
1206
535
-371
-1197
-1523
-1142
-302
499
942
1013
794
330
-226
-568
-500
-182
51
68
-2
-70
-209
-414
-429
-31
602
999
877
385
-161
-605
-902
-918
-502
236
869
941
385
-349
-651
-347
103
138
-231
-475
-238
257
590
642
504
141
-470
-983
-912
-221
609
1077
993
407
-438
-1055
-978
-248
538
843
666
309
-86
-515
-836
-826
-439
163
741
1032
840
248
-357
-608
-496
-317
-296
-353
-246
118
564
795
637
191
-247
-442
-372
-169
5
36
-28
-7
144
195
-18
-258
-175
166
324
78
-299
-443
-305
-35
270
482
397
50
-200
-167
-145
-402
-639
-368
336
871
857
481
45
-425
-906
-1069
-614
227
856
930
623
273
-24
-394
-833
-1053
-766
-80
546
768
664
523
419
149
-408
-999
-1173
-731
81
790
1074
938
580
143
-334
-751
-892
-633
-156
207
314
309
361
430
363
129
-125
-275
-355
-468
-584
-502
-65
571
957
730
28
-586
-691
-414
-163
-58
134
507
744
506
-96
-620
-806
-720
-470
-34
534
976
1041
700
95
-550
-932
-806
-279
172
158
-198
-395
-83
580
1062
865
-75
-1216
-1703
-1090
204
1245
1418
859
151
-268
-413
-569
-871
-1108
-934
-244
697
1451
1669
1229
304
-645
-1112
-962
-557
-320
-283
-186
107
491
789
886
728
356
-101
-540
-952
-1267
-1227
-610
393
1219
1447
1126
532
-166
-864
-1311
-1195
-479
467
1125
1225
842
197
-519
-1087
-1234
-838
-111
565
940
963
633
16
-592
-765
-394
120
301
96
-202
-375
-379
-194
142
402
353
84
-73
9
84
-60
-239
-123
256
497
300
-222
-691
-797
-485
63
540
713
581
338
128
-107
-457
-788
-789
-367
164
410
337
234
291
350
144
-305
-634
-500
31
502
513
132
-175
-74
259
365
37
-487
-817
-703
-117
711
1282
1115
245
-675
-941
-490
88
194
-193
-586
-524
13
624
869
642
182
-221
-475
-599
-553
-254
218
569
526
137
-233
-293
-137
-80
-210
-264
-7
424
657
522
168
-203
-520
-729
-672
-255
344
760
733
318
-158
-366
-272
-147
-225
-386
-299
125
567
663
402
52
-213
-447
-690
-797
-566
14
693
1109
1029
496
-207
-723
-820
-524
-85
209
256
175
138
192
245
206
78
-62
-141
-139
-82
-22
23
63
81
20
-108
-163
-42
143
176
29
-91
-35
63
-20
-254
-345
-106
295
515
407
125
-102
-192
-219
-275
-373
-428
-300
117
730
1193
1118
433
-507
-1181
-1284
-888
-324
105
348
556
788
836
472
-175
-636
-571
-154
136
45
-246
-382
-209
129
374
403
307
211
98
-110
-333
-353
-93
228
299
42
-302
-388
-75
394
531
63
-654
-868
-257
636
993
640
103
-156
-236
-447
-748
-743
-196
654
1257
1162
344
-707
-1259
-886
147
1080
1278
692
-204
-850
-992
-742
-362
-25
262
544
756
719
343
-190
-550
-579
-443
-378
-375
-204
238
708
839
518
4
-334
-341
-186
-166
-379
-578
-406
187
822
1031
688
67
-469
-737
-731
-480
-31
473
790
734
340
-144
-469
-593
-641
-666
-529
-77
598
1156
1263
829
32
-805
-1348
-1366
-826
63
917
1358
1215
633
-40
-553
-903
-1140
-1098
-501
572
1514
1678
1013
66
-612
-888
-923
-835
-594
-138
504
1133
1391
998
96
-757
-1101
-973
-671
-309
158
584
676
408
120
78
144
34
-271
-528
-550
-318
94
528
760
659
280
-246
-797
-1137
-940
-136
808
1212
843
117
-391
-475
-321
-201
-226
-287
-187
118
418
489
358
193
6
-324
-706
-757
-248
510
927
722
131
-405
-581
-368
11
211
53
-262
-317
80
657
916
593
-139
-841
-1116
-835
-196
391
603
453
236
184
227
142
-100
-269
-195
-13
24
-82
-76
170
438
400
29
-362
-462
-266
-4
159
251
341
357
152
-276
-691
-798
-498
38
511
678
511
218
54
30
-98
-463
-813
-747
-202
449
785
681
248
-317
-723
-638
-25
672
894
513
-100
-508
-569
-392
-148
28
74
53
71
106
43
-90
-80
180
494
556
253
-275
-762
-934
-624
45
645
773
442
5
-237
-235
-85
85
138
41
-49
38
199
130
-258
-652
-667
-243
378
886
1002
564
-249
-889
-878
-269
448
836
797
438
-93
-588
-798
-634
-261
77
247
232
84
-50
5
252
459
388
66
-255
-400
-435
-492
-525
-315
244
872
1022
421
-508
-965
-597
126
466
239
-113
-149
104
333
333
81
-350
-750
-744
-119
803
1305
919
-101
-1017
-1263
-836
-140
432
714
716
514
201
-119
-364
-499
-504
-338
-5
348
505
379
111
-67
-51
73
137
19
-273
-560
-583
-243
241
514
455
277
218
231
88
-262
-543
-430
65
544
591
175
-311
-442
-188
94
96
-95
-154
31
245
255
102
-30
-113
-262
-437
-381
19
472
581
317
-6
-195
-348
-526
-521
-156
360
616
469
118
-229
-495
-562
-278
249
620
549
163
-210
-388
-369
-166
155
373
274
-72
-375
-456
-334
-57
338
652
565
7
-609
-708
-126
694
1078
672
-283
-1121
-1250
-616
291
893
974
700
309
-91
-470
-759
-863
-731
-369
170
753
1154
1141
622
-239
-1014
-1254
-829
-63
562
813
782
613
286
-253
-844
-1124
-823
-24
833
1226
929
193
-483
-761
-638
-304
9
119
-3
-163
-109
182
439
380
13
-389
-545
-371
-16
259
318
302
381
409
80
-545
-949
-750
-142
385
584
542
413
299
274
260
-41
-756
-1398
-1208
-45
1313
1866
1237
-129
-1358
-1697
-973
233
994
862
264
-67
61
230
79
-262
-459
-414
-244
-25
245
462
444
184
-79
-124
10
115
72
-65
-218
-370
-488
-443
-128
349
712
765
573
337
150
-68
-414
-838
-1135
-1060
-489
405
1155
1320
884
226
-319
-699
-950
-956
-590
17
523
710
648
519
404
250
-60
-583
-1148
-1346
-868
135
1121
1581
1354
615
-305
-1059
-1400
-1265
-746
15
847
1471
1522
838
-271
-1154
-1313
-778
-26
447
488
285
108
98
204
215
-65
-536
-753
-365
419
994
980
527
18
-337
-526
-568
-494
-391
-281
-45
365
741
800
484
-33
-521
-768
-636
-201
240
460
507
492
317
-123
-560
-560
-135
211
156
-60
-74
111
285
374
359
67
-576
-1166
-1114
-341
623
1255
1393
1033
196
-822
-1431
-1270
-605
16
367
598
782
733
312
-323
-852
-1021
-729
-52
718
1173
1041
444
-136
-310
-218
-365
-901
-1281
-881
149
964
1027
670
478
429
60
-695
-1270
-1154
-467
267
690
797
705
464
87
-342
-673
-757
-516
-18
493
741
658
414
169
-85
-359
-526
-485
-336
-207
-25
345
767
908
668
271
-140
-634
-1085
-1060
-419
334
658
617
604
663
478
-86
-762
-1174
-1096
-464
529
1329
1380
708
-125
-671
-889
-842
-515
-19
372
512
514
492
374
78
-298
-603
-815
-921
-744
-132
714
1313
1305
703
-191
-983
-1351
-1186
-637
21
580
973
1153
1005
439
-410
-1151
-1373
-960
-197
457
733
737
739
780
592
-12
-776
-1204
-1053
-495
180
770
1078
897
274
-383
-675
-606
-419
-187
156
491
562
345
90
-81
-298
-597
-701
-373
192
571
597
414
145
-196
-459
-358
130
589
582
146
-305
-469
-390
-253
-153
-67
62
231
324
199
-81
-210
0
277
175
-281
-551
-301
141
246
-53
-371
-368
-33
404
659
550
143
-260
-394
-283
-127
-9
122
252
287
204
43
-171
-358
-341
-52
305
436
250
-107
-427
-542
-339
132
566
611
236
-243
-510
-490
-253
76
313
311
138
19
55
124
94
-26
-195
-409
-527
-254
456
1115
1119
420
-434
-910
-916
-613
-139
334
566
511
408
399
269
-174
-656
-723
-329
135
367
405
349
172
-85
-232
-213
-218
-333
-347
-70
341
555
406
-19
-478
-688
-498
-64
233
147
-165
-308
-78
333
557
396
-16
-341
-353
-151
-7
-23
-64
1
134
176
-10
-360
-530
-193
493
950
829
367
-45
-377
-789
-1105
-904
-160
608
957
927
732
407
-42
-460
-688
-706
-530
-166
292
640
707
473
63
-320
-476
-321
8
242
239
105
38
126
304
374
150
-285
-559
-448
-174
-57
-48
126
495
793
789
433
-228
-988
-1377
-996
-90
579
591
266
60
-19
-160
-290
-209
30
186
154
3
-206
-391
-354
2
388
400
70
-185
-166
-99
-156
-125
234
737
922
574
-82
-654
-886
-728
-326
68
289
380
447
464
326
19
-350
-643
-737
-546
-99
400
675
573
184
-248
-495
-467
-245
17
253
483
616
431
-104
-621
-662
-188
337
408
-23
-506
-533
-19
642
951
723
165
-366
-628
-566
-273
67
281
342
305
133
-237
-619
-623
-110
566
889
655
77
-462
-666
-468
-71
197
182
47
42
173
227
76
-188
-405
-471
-330
29
485
800
778
417
-89
-517
-738
-695
-353
205
682
734
317
-247
-570
-513
-204
128
280
187
12
25
271
409
95
-517
-882
-671
-105
373
554
518
390
191
-99
-432
-662
-635
-306
185
576
671
492
205
-94
-430
-746
-802
-424
238
798
951
632
-8
-616
-769
-347
229
364
-16
-385
-336
-47
165
341
618
771
464
-224
-834
-1023
-774
-238
373
792
839
591
240
-183
-708
-1080
-878
-79
800
1218
1042
445
-319
-951
-1145
-800
-159
363
533
479
483
603
595
226
-396
-862
-833
-350
228
541
476
163
-161
-330
-346
-304
-237
-107
91
323
586
800
738
249
-435
-865
-833
-522
-202
52
280
445
435
210
-127
-394
-410
-116
314
532
320
-173
-542
-483
-40
428
549
252
-199
-479
-424
-50
452
732
511
-80
-544
-535
-207
45
70
38
90
138
81
23
110
260
242
-9
-275
-331
-217
-158
-227
-249
-77
186
352
370
247
-65
-485
-679
-369
274
732
619
17
-594
-723
-301
260
494
360
161
42
-149
-417
-404
61
508
396
-98
-351
-172
74
99
-6
-59
-22
61
150
183
114
8
-23
16
23
-5
-18
-101
-347
-575
-474
-39
420
656
635
401
50
-243
-358
-341
-286
-173
48
305
431
339
76
-253
-478
-383
55
482
494
112
-273
-363
-144
242
556
524
78
-487
-769
-647
-301
69
394
613
607
342
-32
-316
-407
-306
-94
81
135
141
183
196
73
-120
-197
-84
92
128
-80
-426
-627
-434
108
625
743
450
39
-239
-340
-323
-258
-211
-155
27
318
450
198
-287
-608
-548
-217
173
470
527
262
-130
-291
-131
63
77
38
102
147
-7
-281
-427
-352
-159
66
313
510
522
321
34
-190
-269
-181
-11
69
2
-64
7
140
158
12
-195
-338
-334
-150
154
411
451
274
40
-114
-167
-150
-79
12
79
98
59
-24
-75
-19
89
84
-109
-367
-476
-307
64
396
487
375
232
91
-174
-545
-698
-345
331
766
591
-26
-611
-792
-485
89
539
620
429
177
-72
-281
-275
27
382
467
268
30
-126
-269
-397
-344
-65
235
358
315
188
6
-136
-99
77
157
-9
-325
-572
-582
-328
68
433
665
710
485
-38
-666
-1032
-884
-299
385
803
747
261
-339
-671
-658
-542
-461
-238
245
770
1056
1037
706
24
-821
-1342
-1166
-429
363
782
741
444
169
45
-52
-310
-629
-641
-209
324
584
580
474
254
-117
-473
-605
-486
-201
176
556
806
831
611
159
-458
-1013
-1175
-798
-98
558
944
981
677
198
-170
-296
-287
-236
-112
69
179
154
56
-70
-254
-464
-541
-342
93
537
754
659
359
56
-131
-269
-460
-623
-568
-271
93
371
509
439
132
-254
-438
-302
11
268
354
297
170
7
-210
-473
-685
-687
-393
92
531
745
737
597
354
-26
-503
-873
-874
-451
121
461
425
140
-192
-392
-305
58
427
499
278
31
-60
-59
-85
-142
-199
-286
-390
-365
-94
301
562
568
411
240
122
39
-61
-211
-376
-461
-373
-107
202
333
191
-79
-233
-151
130
509
825
859
488
-146
-731
-1035
-1000
-640
-31
576
851
722
428
150
-172
-522
-614
-255
284
522
298
-130
-456
-595
-609
-535
-366
-79
344
809
1032
759
98
-518
-760
-684
-526
-384
-171
170
523
700
603
286
-116
-437
-522
-303
126
537
701
541
177
-178
-375
-432
-476
-562
-533
-161
528
1116
1140
573
-144
-570
-639
-541
-403
-214
-2
110
71
1
55
230
360
281
2
-285
-368
-212
34
222
319
322
172
-161
-531
-686
-486
-20
488
815
805
466
16
-293
-431
-539
-652
-625
-356
55
406
567
516
303
20
-216
-313
-250
-64
141
200
20
-260
-375
-250
-63
21
27
48
121
251
411
509
438
194
-103
-319
-390
-337
-228
-152
-141
-115
45
334
600
688
526
125
-365
-667
-607
-304
-7
172
233
147
-58
-217
-186
-27
100
152
213
315
358
239
-38
-383
-636
-611
-255
229
562
639
507
215
-117
-278
-167
65
211
198
33
-244
-477
-449
-139
197
301
189
57
-2
-32
-57
-63
-75
-71
40
201
152
-195
-550
-593
-338
6
310
527
584
453
222
11
-143
-251
-298
-276
-240
-221
-154
-7
110
107
53
46
77
125
201
226
88
-135
-243
-215
-216
-297
-305
-158
4
33
5
89
284
431
419
249
-32
-316
-456
-403
-247
-62
141
290
281
148
35
-1
-18
-38
-13
53
88
53
1
-24
-59
-149
-262
-316
-240
2
358
642
661
409
45
-290
-493
-463
-220
32
125
129
186
240
127
-144
-351
-334
-138
110
324
413
292
32
-164
-204
-209
-268
-276
-85
261
542
555
293
-56
-293
-386
-424
-433
-327
-65
211
309
206
47
-90
-261
-471
-549
-321
154
603
769
590
200
-202
-493
-634
-612
-423
-112
234
538
731
732
492
81
-318
-544
-556
-400
-125
204
476
575
469
197
-170
-505
-636
-465
-76
335
598
631
437
99
-230
-416
-436
-353
-221
-55
104
209
268
306
277
102
-172
-360
-324
-124
63
128
94
35
-13
-50
-78
-95
-97
-74
-13
84
188
243
201
75
-61
-146
-179
-172
-112
-3
104
146
103
2
-104
-150
-87
51
150
143
91
65
15
-132
-302
-342
-237
-101
23
190
366
398
223
-25
-188
-263
-306
-275
-106
111
215
173
85
2
-97
-192
-201
-110
-18
0
-3
56
143
134
-6
-172
-238
-189
-90
3
71
108
117
113
101
71
21
-21
-26
-17
-39
-81
-75
4
105
162
156
95
-2
-63
-14
116
201
163
52
-47
-118
-182
-215
-171
-71
20
76
113
113
34
-98
-187
-176
-105
-49
-39
-49
-52
-58
-92
-139
-146
-80
30
124
154
91
-59
-235
-323
-246
-54
96
89
-38
-153
-157
-60
64
152
174
126
21
-99
-177
-195
-202
-226
-187
3
267
395
269
-18
-270
-352
-226
56
343
458
343
119
-62
-179
-290
-374
-333
-125
171
405
440
255
-2
-132
-96
-20
-2
-4
36
89
85
29
-21
-50
-96
-162
-201
-166
-46
127
258
249
117
-10
-59
-89
-150
-182
-121
-5
74
86
62
25
-21
-55
-57
-48
-53
-51
-2
72
113
97
41
-34
-94
-94
-35
22
38
39
74
138
187
186
126
17
-110
-203
-218
-155
-60
27
99
152
154
70
-80
-205
-215
-111
18
100
130
111
20
-115
-189
-131
-1
92
110
81
25
-52
-114
-111
-38
48
85
60
-4
-60
-67
-21
33
57
65
74
70
53
62
102
99
-2
-139
-190
-121
-6
75
112
118
95
61
57
79
64
-22
-122
-155
-120
-72
-27
47
148
213
193
118
52
12
-31
-78
-90
-51
3
19
-27
-117
-198
-206
-122
2
104
168
211
212
137
11
-90
-133
-168
-230
-263
-194
-44
93
161
170
139
78
7
-45
-66
-67
-51
-23
-6
-20
-52
-74
-93
-134
-171
-123
46
261
395
379
240
57
-94
-165
-151
-88
-23
24
63
99
119
117
107
104
94
55
-13
-72
-94
-88
-82
-82
-61
-3
64
87
51
9
15
69
122
132
89
2
-107
-193
-206
-143
-65
-26
-23
-11
33
82
105
86
32
-36
-88
-106
-100
-95
-96
-86
-45
20
74
86
56
15
-8
-17
-27
-23
28
103
115
4
-160
-244
-199
-98
-23
33
111
186
196
135
55
-14
-83
-147
-169
-138
-96
-84
-80
-45
14
48
29
-19
-54
-50
-11
29
30
-7
-45
-70
-115
-202
-283
-279
-176
-45
37
47
4
-59
-102
-110
-114
-149
-197
-200
-153
-120
-150
-198
-204
-181
-181
-200
-182
-122
-79
-87
-107
-97
-89
-134
-229
-311
-324
-267
-170
-83
-46
-57
-67
-48
-23
-36
-74
-86
-52
-7
23
46
71
75
43
3
-3
37
107
188
255
280
250
192
152
142
144
150
172
212
256
292
317
326
313
293
297
327
358
368
366
363
345
298
250
242
271
295
287
266
266
294
337
378
397
376
315
250
222
237
259
263
256
263
285
293
266
219
179
164
172
196
226
237
206
146
100
103
138
162
161
154
157
164
164
155
142
120
91
75
89
122
143
132
105
97
117
139
127
85
55
71
109
123
108
106
132
148
113
51
20
40
71
85
89
95
89
55
11
-15
-16
-1
32
83
119
106
54
8
-11
-21
-28
-15
17
20
-43
-145
-213
-216
-177
-129
-85
-52
-39
-50
-79
-125
-180
-218
-215
-193
-196
-241
-296
-335
-364
-384
-367
-312
-270
-285
-338
-387
-426
-473
-502
-464
-370
-305
-335
-443
-567
-661
-688
-632
-533
-474
-492
-544
-576
-599
-652
-725
-775
-789
-787
-768
-721
-673
-672
-719
-756
-747
-709
-670
-632
-598
-580
-576
-552
-489
-417
-379
-368
-356
-334
-308
-264
-184
-81
6
58
75
70
52
47
74
129
193
263
342
409
428
397
358
353
389
451
528
610
675
703
698
681
674
687
723
771
815
844
860
869
865
836
786
734
708
722
756
771
749
716
711
736
754
741
715
700
685
645
584
528
491
466
447
436
421
388
341
308
297
284
249
203
167
142
110
62
4
-54
-95
-108
-103
-113
-152
-196
-203
-172
-135
-116
-112
-122
-147
-180
-202
-215
-241
-280
-294
-266
-226
-215
-224
-219
-192
-165
-144
-114
-76
-46
-26
-8
2
-18
-55
-61
-17
34
50
45
66
128
200
250
274
281
286
300
317
315
280
236
222
244
277
302
320
326
303
258
231
251
300
326
305
259
222
201
178
128
44
-45
-92
-72
-10
41
48
20
-20
-58
-100
-152
-205
-246
-273
-295
-322
-356
-391
-419
-432
-426
-412
-409
-426
-451
-460
-452
-445
-457
-490
-536
-581
-609
-612
-599
-590
-584
-575
-559
-546
-541
-540
-544
-566
-603
-630
-624
-596
-581
-594
-624
-647
-653
-647
-634
-620
-601
-574
-537
-507
-505
-540
-595
-642
-663
-662
-653
-645
-638
-630
-632
-661
-717
-782
-836
-857
-836
-786
-742
-729
-735
-724
-681
-614
-531
-422
-285
-144
-30
40
58
22
-36
-66
-48
-7
30
67
108
126
107
87
123
219
331
439
549
647
703
716
714
707
687
668
690
758
819
830
809
792
785
784
810
870
926
940
930
926
910
849
770
739
774
819
824
789
739
690
666
689
726
714
642
567
530
502
436
345
280
254
244
243
252
251
205
126
59
33
34
44
50
31
-35
-132
-215
-265
-298
-322
-307
-242
-172
-154
-188
-234
-268
-287
-281
-238
-169
-105
-65
-48
-56
-98
-151
-166
-120
-43
18
48
53
42
20
0
-2
15
44
91
159
226
261
260
249
253
279
318
356
369
349
316
302
313
329
338
352
382
407
406
380
345
310
280
264
262
255
223
171
123
96
84
75
67
63
64
66
49
1
-71
-138
-181
-205
-225
-244
-257
-270
-286
-298
-299
-299
-311
-329
-340
-346
-368
-412
-464
-513
-547
-550
-516
-463
-422
-401
-385
-361
-339
-330
-330
-330
-328
-316
-289
-268
-279
-313
-326
-298
-252
-216
-185
-151
-123
-113
-110
-99
-85
-82
-80
-69
-63
-78
-98
-89
-52
-16
5
18
23
11
-15
-37
-53
-83
-134
-179
-197
-200
-211
-241
-282
-326
-357
-360
-345
-352
-417
-532
-659
-769
-861
-945
-1019
-1077
-1113
-1130
-1138
-1151
-1182
-1225
-1261
-1263
-1204
-1080
-909
-719
-534
-374
-262
-215
-231
-285
-343
-371
-359
-327
-304
-298
-289
-261
-223
-179
-105
30
211
391
542
663
747
781
781
786
812
837
844
854
889
934
971
1014
1074
1125
1137
1124
1117
1111
1084
1053
1057
1101
1143
1151
1133
1104
1067
1029
1009
1003
988
952
906
841
722
553
390
284
233
206
202
229
262
263
228
181
125
45
-46
-107
-128
-148
-201
-283
-371
-451
-518
-552
-546
-518
-499
-490
-479
-467
-464
-470
-468
-445
-405
-355
-300
-251
-223
-213
-200
-164
-118
-79
-52
-28
-5
12
26
46
77
117
169
233
298
344
370
397
441
493
535
559
573
579
573
554
532
516
513
526
554
580
585
566
533
500
477
460
445
426
399
363
320
271
218
164
114
68
27
-6
-38
-75
-125
-186
-252
-317
-367
-392
-396
-397
-405
-414
-422
-437
-467
-500
-527
-550
-584
-625
-658
-680
-701
-720
-722
-702
-669
-632
-592
-555
-524
-493
-455
-416
-390
-376
-359
-335
-321
-324
-329
-317
-288
-237
-156
-59
25
75
104
128
150
165
186
223
261
278
274
262
242
210
182
181
206
242
275
294
291
268
244
237
237
224
197
168
134
81
9
-61
-123
-178
-215
-226
-242
-299
-400
-504
-587
-657
-735
-815
-891
-963
-1035
-1099
-1164
-1252
-1357
-1438
-1472
-1491
-1536
-1608
-1672
-1690
-1626
-1454
-1185
-874
-573
-304
-78
63
76
-23
-163
-286
-365
-393
-382
-358
-339
-303
-215
-72
103
298
529
795
1046
1229
1320
1321
1259
1180
1136
1139
1160
1177
1206
1264
1340
1405
1448
1477
1491
1487
1469
1434
1370
1278
1190
1147
1152
1177
1192
1188
1162
1111
1039
956
865
760
642
519
388
233
52
-126
-262
-336
-346
-301
-227
-166
-152
-196
-284
-404
-540
-665
-751
-792
-811
-836
-880
-938
-1002
-1052
-1055
-995
-888
-772
-673
-603
-570
-577
-607
-626
-605
-541
-437
-299
-150
-27
45
81
108
137
170
214
273
331
367
383
398
425
469
540
654
797
929
1020
1071
1089
1069
1017
957
908
866
819
776
745
717
684
653
646
659
671
666
647
608
537
438
334
242
160
82
12
-49
-111
-181
-254
-313
-356
-394
-433
-476
-526
-594
-677
-760
-828
-870
-888
-886
-867
-844
-835
-845
-865
-883
-894
-901
-899
-889
-881
-885
-891
-881
-849
-801
-739
-658
-559
-461
-375
-300
-236
-192
-165
-137
-91
-38
5
45
93
148
199
251
317
393
464
524
579
628
659
675
695
725
750
756
745
729
710
690
667
642
610
569
525
483
439
388
331
278
237
215
206
193
161
110
44
-35
-126
-219
-309
-397
-486
-570
-645
-718
-803
-892
-964
-1020
-1071
-1120
-1163
-1211
-1284
-1380
-1473
-1558
-1646
-1730
-1783
-1799
-1806
-1832
-1870
-1904
-1942
-1978
-1963
-1854
-1658
-1396
-1065
-672
-280
25
206
281
271
193
85
4
-29
-37
-24
43
171
321
467
627
827
1054
1280
1492
1683
1823
1887
1894
1880
1849
1786
1711
1669
1677
1709
1747
1788
1824
1826
1781
1699
1591
1451
1285
1137
1049
1013
994
976
962
942
898
825
739
644
531
397
256
113
-52
-253
-474
-676
-841
-966
-1042
-1057
-1017
-955
-897
-855
-842
-875
-956
-1055
-1141
-1201
-1235
-1237
-1206
-1161
-1125
-1104
-1079
-1043
-995
-926
-827
-707
-594
-499
-415
-336
-261
-184
-87
42
188
333
475
610
719
786
820
844
865
882
900
930
968
1006
1045
1091
1147
1201
1249
1298
1347
1382
1391
1372
1331
1269
1190
1098
995
887
787
707
647
591
526
452
373
298
230
168
99
14
-84
-178
-259
-337
-416
-495
-562
-616
-662
-711
-775
-852
-931
-996
-1041
-1071
-1095
-1119
-1140
-1151
-1149
-1135
-1112
-1082
-1039
-982
-925
-885
-864
-850
-832
-807
-773
-732
-684
-631
-569
-495
-411
-326
-242
-150
-45
66
170
260
331
382
424
468
514
556
593
627
657
677
691
710
739
769
795
821
850
874
888
898
907
907
888
859
830
799
753
693
626
558
486
406
326
251
186
134
101
84
70
47
8
-51
-130
-229
-336
-439
-524
-586
-634
-683
-748
-828
-914
-995
-1066
-1128
-1181
-1228
-1272
-1319
-1378
-1453
-1542
-1628
-1696
-1741
-1767
-1786
-1813
-1853
-1895
-1921
-1928
-1927
-1927
-1914
-1872
-1789
-1650
-1436
-1135
-768
-374
9
339
567
657
624
523
405
303
244
244
301
392
497
618
758
919
1104
1326
1580
1828
2024
2137
2162
2112
2014
1909
1826
1777
1757
1765
1794
1823
1827
1796
1732
1637
1511
1364
1207
1047
889
747
642
583
557
546
534
508
455
367
249
113
-33
-186
-351
-527
-715
-910
-1103
-1276
-1401
-1458
-1444
-1374
-1272
-1162
-1077
-1044
-1068
-1131
-1203
-1263
-1292
-1279
-1223
-1146
-1072
-1010
-953
-894
-829
-751
-654
-543
-427
-312
-205
-112
-34
39
129
252
410
593
783
957
1095
1192
1254
1283
1277
1252
1231
1226
1232
1238
1243
1249
1259
1278
1309
1351
1390
1412
1416
1404
1369
1297
1188
1057
927
812
710
611
506
398
294
199
112
27
-58
-145
-232
-315
-397
-484
-583
-682
-758
-799
-815
-828
-849
-882
-926
-979
-1038
-1098
-1157
-1209
-1247
-1266
-1268
-1261
-1248
-1225
-1183
-1117
-1028
-929
-833
-746
-667
-602
-557
-529
-504
-471
-427
-374
-311
-239
-168
-103
-35
46
138
233
330
431
529
613
681
736
783
822
855
886
909
917
911
897
877
854
832
818
809
797
783
773
762
739
707
681
669
663
651
630
597
540
459
367
281
199
108
13
-72
-142
-209
-280
-344
-391
-422
-443
-456
-467
-492
-543
-612
-684
-752
-821
-891
-955
-1010
-1064
-1120
-1176
-1230
-1278
-1317
-1339
-1346
-1353
-1373
-1406
-1448
-1502
-1568
-1632
-1679
-1707
-1718
-1706
-1665
-1603
-1543
-1492
-1445
-1400
-1367
-1339
-1281
-1155
-950
-667
-312
93
488
801
991
1058
1021
910
771
663
617
630
686
776
884
988
1076
1166
1290
1454
1647
1841
2006
2103
2114
2050
1942
1810
1673
1552
1472
1436
1432
1446
1459
1447
1388
1280
1139
973
782
575
383
236
144
101
97
112
117
86
18
-73
-175
-290
-414
-540
-666
-798
-944
-1100
-1249
-1373
-1453
-1478
-1440
-1348
-1223
-1093
-987
-917
-889
-901
-938
-973
-978
-941
-869
-774
-670
-566
-475
-400
-338
-276
-202
-109
8
143
281
400
489
552
605
670
760
877
1013
1156
1289
1396
1460
1472
1442
1384
1313
1247
1198
1174
1165
1156
1141
1125
1113
1102
1091
1081
1068
1043
993
917
822
712
585
444
303
175
64
-33
-120
-200
-279
-363
-451
-533
-604
-668
-737
-810
-881
-942
-991
-1024
-1039
-1033
-1013
-985
-956
-934
-927
-943
-981
-1032
-1082
-1119
-1136
-1132
-1109
-1069
-1011
-937
-848
-741
-615
-476
-337
-210
-100
-14
38
52
37
12
-5
-3
29
96
188
287
375
455
534
611
683
750
814
872
919
945
951
938
907
865
826
802
792
782
761
725
681
639
602
569
540
510
476
435
387
337
291
251
221
204
197
189
159
101
20
-66
-149
-227
-299
-367
-432
-495
-556
-606
-639
-656
-660
-653
-640
-632
-649
-699
-774
-854
-925
-983
-1028
-1060
-1079
-1093
-1106
-1118
-1130
-1146
-1166
-1184
-1193
-1194
-1199
-1221
-1258
-1301
-1339
-1369
-1389
-1396
-1384
-1344
-1282
-1210
-1147
-1111
-1104
-1110
-1088
-994
-805
-525
-177
207
582
892
1087
1145
1080
939
779
655
601
617
675
743
806
864
923
993
1083
1203
1354
1519
1669
1772
1812
1784
1700
1581
1459
1356
1282
1234
1200
1170
1133
1079
999
895
773
640
495
344
204
96
30
2
-3
4
12
6
-21
-70
-141
-234
-349
-476
-603
-724
-847
-978
-1109
-1216
-1277
-1278
-1221
-1119
-993
-868
-768
-704
-677
-676
-688
-695
-673
-609
-509
-392
-281
-190
-122
-74
-41
-9
37
105
189
276
353
413
458
497
550
636
758
905
1060
1205
1327
1408
1431
1389
1297
1181
1071
984
923
878
840
806
778
765
769
781
787
784
777
766
742
688
598
480
352
228
121
35
-38
-111
-192
-278
-365
-456
-552
-652
-746
-826
-887
-925
-940
-935
-916
-887
-848
-798
-745
-699
-668
-661
-678
-714
-760
-809
-856
-893
-912
-910
-883
-835
-765
-680
-584
-482
-373
-266
-172
-99
-43
3
43
78
115
155
198
235
266
293
315
331
341
358
388
429
471
510
546
584
627
677
730
777
809
818
806
776
731
669
590
501
419
354
304
260
219
189
179
188
212
240
261
258
229
182
130
72
5
-66
-128
-173
-209
-249
-300
-358
-416
-462
-492
-508
-521
-536
-556
-575
-587
-593
-600
-619
-645
-664
-665
-659
-667
-698
-744
-795
-847
-900
-948
-993
-1033
-1065
-1073
-1054
-1027
-1015
-1017
-1013
-992
-970
-969
-994
-1036
-1080
-1111
-1118
-1100
-1067
-1026
-982
-938
-902
-878
-851
-784
-635
-384
-46
321
649
890
1026
1057
992
862
716
609
572
603
677
751
786
769
735
740
818
960
1128
1289
1422
1509
1531
1482
1376
1243
1121
1041
1019
1038
1054
1028
955
857
761
671
574
460
338
228
138
63
-3
-60
-99
-111
-94
-60
-32
-37
-85
-161
-243
-328
-428
-553
-690
-817
-919
-995
-1044
-1058
-1025
-939
-809
-660
-527
-438
-404
-409
-421
-411
-374
-321
-258
-182
-96
-13
46
72
77
84
117
187
287
393
470
503
508
515
549
612
699
812
946
1080
1177
1212
1180
1098
991
889
818
778
753
722
682
636
588
543
511
507
534
576
606
604
560
478
370
253
137
34
-51
-113
-161
-209
-272
-348
-429
-507
-571
-616
-648
-685
-734
-786
-825
-847
-852
-833
-782
-707
-628
-557
-499
-458
-446
-465
-503
-546
-596
-650
-695
-712
-698
-659
-597
-510
-407
-301
-201
-107
-23
44
96
143
190
230
255
265
265
259
258
269
288
309
330
357
392
423
441
453
468
494
531
577
623
652
655
643
628
611
584
546
508
471
426
368
301
231
169
128
114
122
135
142
146
149
149
142
127
103
73
45
24
0
-45
-112
-184
-243
-287
-316
-334
-349
-376
-416
-447
-459
-460
-465
-468
-459
-443
-436
-449
-481
-532
-597
-656
-691
-711
-746
-811
-888
-959
-1011
-1042
-1051
-1044
-1029
-1008
-974
-937
-924
-948
-989
-1020
-1036
-1047
-1057
-1068
-1090
-1115
-1122
-1105
-1085
-1086
-1098
-1088
-1030
-927
-773
-557
-278
44
379
696
947
1077
1071
970
835
709
613
559
549
572
610
659
722
791
865
954
1071
1207
1335
1428
1464
1432
1343
1231
1134
1070
1033
1020
1030
1052
1064
1046
989
888
740
565
394
245
117
4
-84
-130
-131
-96
-42
14
54
65
47
0
-80
-194
-333
-479
-622
-752
-864
-952
-1012
-1034
-1004
-921
-809
-697
-600
-521
-466
-439
-431
-419
-396
-359
-305
-221
-115
-14
59
107
142
172
203
244
296
345
375
392
408
428
455
501
582
700
842
987
1111
1190
1210
1181
1125
1053
969
881
809
756
710
663
621
587
558
534
522
524
527
513
481
437
375
288
185
92
27
-17
-52
-85
-122
-176
-253
-346
-444
-541
-635
-722
-798
-862
-912
-940
-940
-911
-858
-787
-701
-609
-526
-465
-436
-438
-464
-501
-533
-556
-576
-596
-606
-595
-566
-530
-488
-434
-361
-278
-197
-121
-52
14
82
155
233
305
359
396
422
444
460
468
472
482
497
506
500
480
460
455
476
518
571
620
656
674
672
656
633
608
580
547
511
471
425
372
314
256
206
166
139
125
114
94
62
21
-16
-40
-48
-48
-45
-42
-39
-43
-65
-105
-148
-186
-225
-277
-338
-399
-456
-508
-545
-558
-546
-523
-494
-458
-426
-418
-443
-484
-520
-551
-586
-631
-682
-739
-796
-845
-881
-905
-919
-920
-905
-883
-867
-857
-851
-858
-888
-928
-957
-973
-989
-1016
-1042
-1067
-1094
-1122
-1131
-1120
-1111
-1114
-1101
-1027
-875
-658
-387
-68
270
576
799
913
913
817
671
533
446
417
434
479
534
583
618
650
692
756
857
997
1147
1259
1301
1279
1215
1126
1037
980
979
1024
1082
1125
1138
1104
1003
844
663
495
352
231
126
36
-35
-80
-89
-57
8
87
157
197
199
166
99
-14
-169
-336
-480
-591
-680
-750
-794
-807
-798
-769
-707
-612
-513
-436
-383
-341
-308
-290
-278
-254
-203
-124
-22
85
175
229
244
237
224
217
225
248
273
293
319
359
400
435
481
573
714
865
991
1083
1136
1134
1068
960
842
728
623
550
522
522
511
475
430
401
390
385
384
383
378
358
315
248
161
74
5
-39
-66
-83
-99
-127
-186
-276
-385
-495
-604
-703
-777
-816
-831
-836
-827
-795
-742
-684
-623
-552
-467
-388
-343
-341
-371
-412
-451
-485
-509
-518
-510
-491
-467
-439
-403
-364
-326
-283
-221
-144
-70
-12
41
103
173
238
294
349
403
446
470
474
459
424
377
329
294
275
270
277
292
320
362
422
486
538
576
605
624
618
581
525
461
395
331
280
245
211
164
117
92
93
99
95
84
77
70
60
49
42
40
42
51
68
88
98
88
52
-7
-85
-171
-253
-326
-385
-433
-472
-504
-522
-520
-500
-470
-438
-400
-359
-330
-335
-384
-465
-558
-648
-729
-800
-858
-898
-915
-916
-914
-919
-931
-942
-944
-934
-926
-935
-971
-1019
-1056
-1078
-1102
-1136
-1163
-1158
-1125
-1086
-1065
-1068
-1092
-1119
-1118
-1061
-941
-767
-543
-266
47
352
603
776
866
876
820
733
646
579
540
535
558
594
631
674
735
814
903
1001
1109
1212
1282
1306
1289
1241
1173
1105
1060
1048
1056
1068
1076
1067
1018
915
771
613
456
304
164
49
-33
-83
-100
-90
-64
-35
-9
18
43
50
20
-51
-154
-273
-393
-508
-612
-702
-768
-799
-791
-746
-674
-592
-520
-468
-433
-407
-381
-353
-312
-253
-176
-90
-2
86
161
215
249
273
296
323
354
387
414
427
431
438
460
500
566
663
783
903
1004
1078
1116
1106
1050
968
883
800
720
645
582
529
477
426
385
361
349
343
339
329
305
258
194
118
42
-31
-97
-154
-195
-219
-237
-269
-329
-414
-511
-612
-708
-787
-844
-883
-909
-914
-891
-850
-805
-761
-709
-645
-576
-511
-457
-421
-407
-418
-445
-477
-503
-517
-511
-487
-450
-406
-362
-326
-296
-257
-198
-119
-30
64
159
244
307
345
371
397
424
448
474
503
522
516
481
426
369
327
312
325
356
396
436
470
489
494
492
486
477
475
486
499
487
432
352
277
217
162
109
67
41
25
10
-6
-22
-43
-65
-74
-61
-36
-17
-13
-10
6
33
52
43
5
-47
-101
-158
-221
-287
-344
-385
-411
-422
-418
-407
-402
-405
-400
-370
-324
-284
-266
-273
-305
-364
-445
-531
-607
-672
-729
-770
-787
-781
-770
-770
-783
-799
-803
-797
-795
-815
-848
-878
-897
-917
-949
-982
-1009
-1030
-1045
-1043
-1026
-1021
-1047
-1086
-1101
-1091
-1075
-1042
-940
-739
-460
-144
175
457
660
764
782
742
659
554
469
432
437
459
492
535
572
599
643
729
840
945
1039
1121
1159
1127
1049
984
956
943
933
953
1009
1056
1056
1011
935
820
664
496
344
208
75
-40
-115
-149
-152
-130
-80
-16
43
89
112
92
27
-62
-151
-250
-367
-480
-561
-606
-630
-630
-593
-527
-460
-403
-345
-290
-258
-251
-248
-228
-190
-130
-44
62
165
252
325
385
428
458
485
508
513
497
479
468
456
444
457
515
613
732
858
979
1068
1096
1063
990
897
797
700
620
558
502
446
393
343
293
243
204
182
176
177
167
132
67
-22
-122
-216
-292
-341
-361
-360
-355
-363
-396
-458
-546
-645
-739
-813
-863
-887
-889
-874
-855
-842
-834
-816
-770
-695
-608
-523
-449
-390
-354
-347
-358
-367
-362
-344
-315
-273
-218
-163
-118
-82
-47
-7
34
77
122
170
214
249
280
322
383
453
512
550
569
578
579
566
540
510
486
468
446
417
381
341
309
291
291
309
333
353
362
363
359
343
307
254
203
168
138
96
43
-7
-46
-75
-92
-92
-82
-78
-81
-79
-63
-41
-26
-19
-9
6
26
47
64
67
49
18
-17
-50
-81
-112
-140
-171
-203
-226
-232
-229
-229
-240
-251
-257
-258
-258
-258
-265
-291
-341
-396
-435
-467
-517
-587
-648
-674
-674
-668
-666
-666
-671
-693
-727
-764
-809
-870
-933
-969
-972
-969
-989
-1028
-1064
-1080
-1076
-1062
-1055
-1069
-1095
-1106
-1095
-1081
-1059
-984
-813
-551
-235
101
417
655
770
777
730
659
564
461
398
394
423
457
497
551
609
663
726
816
921
1013
1064
1062
1009
928
860
823
807
798
808
849
902
932
919
861
757
611
448
294
155
21
-100
-182
-203
-172
-121
-74
-34
12
62
97
96
59
1
-70
-156
-254
-349
-436
-511
-558
-546
-471
-365
-270
-197
-141
-100
-82
-80
-79
-67
-36
24
124
244
356
437
487
516
542
573
608
632
636
625
607
580
544
505
483
493
540
626
732
827
880
886
853
789
701
607
520
446
387
343
306
261
201
138
90
56
23
-5
-28
-56
-105
-171
-238
-306
-379
-446
-480
-475
-453
-439
-442
-463
-503
-562
-629
-693
-753
-808
-848
-861
-847
-817
-783
-746
-697
-626
-532
-434
-350
-287
-244
-221
-215
-214
-208
-199
-185
-160
-114
-60
-15
14
37
61
83
105
137
178
218
249
276
306
342
386
435
480
513
533
542
537
512
466
408
344
280
227
195
177
159
140
134
145
164
186
208
231
249
258
256
234
191
134
78
28
-18
-53
-67
-65
-62
-59
-49
-38
-45
-62
-66
-45
-14
13
46
92
135
161
179
202
217
208
185
170
162
146
113
69
18
-40
-93
-125
-135
-142
-158
-172
-173
-165
-163
-174
-201
-247
-305
-358
-391
-416
-456
-514
-571
-611
-640
-673
-710
-743
-777
-818
-853
-856
-839
-842
-877
-909
-912
-906
-924
-962
-993
-1020
-1062
-1108
-1125
-1116
-1122
-1151
-1157
-1117
-1067
-1045
-1041
-1011
-931
-793
-588
-323
-39
222
452
654
795
828
755
633
513
424
378
373
386
388
387
419
499
594
670
732
808
901
981
1015
989
915
822
741
691
677
693
718
730
722
704
675
615
508
371
239
125
21
-73
-136
-164
-170
-157
-111
-31
52
110
139
151
148
119
64
-9
-94
-184
-258
-298
-305
-301
-288
-250
-178
-91
-16
34
63
85
108
142
188
240
290
338
395
463
529
572
589
593
597
605
609
600
573
532
490
464
461
478
506
538
573
605
630
641
628
581
503
412
330
262
202
137
68
6
-36
-57
-73
-98
-136
-172
-198
-220
-249
-288
-335
-390
-444
-485
-507
-525
-553
-582
-592
-584
-583
-608
-649
-689
-717
-737
-748
-748
-733
-702
-655
-596
-528
-457
-386
-320
-259
-202
-154
-120
-107
-107
-111
-112
-109
-100
-80
-52
-20
13
50
88
124
157
188
215
241
274
314
351
372
383
394
407
412
406
397
389
377
356
331
304
272
236
205
184
173
170
175
184
191
191
188
188
192
200
207
207
194
169
137
102
63
27
7
6
17
33
46
49
41
33
36
50
66
84
115
161
204
226
229
226
224
225
229
229
211
180
148
120
89
50
14
-14
-39
-65
-89
-108
-136
-179
-221
-244
-259
-287
-318
-335
-347
-381
-440
-497
-536
-574
-626
-678
-718
-760
-810
-849
-861
-865
-889
-920
-927
-915
-923
-961
-998
-1026
-1069
-1129
-1165
-1160
-1148
-1157
-1165
-1144
-1120
-1133
-1164
-1158
-1109
-1052
-963
-779
-493
-180
103
360
590
737
763
704
623
526
412
327
323
374
411
432
477
551
615
668
743
845
934
988
1022
1032
986
885
796
768
781
805
846
903
932
904
835
746
622
456
290
169
89
18
-38
-52
-36
-20
13
92
195
269
302
312
297
236
141
47
-33
-119
-201
-240
-221
-182
-151
-110
-48
13
52
84
117
135
132
135
168
227
296
377
475
574
652
708
746
753
724
685
658
633
591
540
499
471
457
471
520
587
651
707
760
791
769
693
584
463
344
253
204
173
125
64
18
-8
-37
-83
-130
-165
-198
-238
-278
-320
-380
-464
-546
-593
-603
-593
-571
-546
-529
-529
-549
-592
-658
-740
-818
-873
-903
-910
-885
-828
-757
-690
-619
-529
-424
-328
-252
-195
-156
-136
-134
-140
-147
-149
-135
-94
-28
42
102
149
183
204
215
227
244
258
268
285
316
351
377
399
435
488
540
573
583
573
541
484
410
336
275
227
189
164
154
156
164
176
193
212
227
236
238
233
219
190
150
116
94
81
67
52
41
37
40
45
50
51
41
24
10
5
6
9
23
59
114
176
229
270
300
314
309
284
246
204
165
125
81
38
7
-9
-23
-48
-76
-93
-99
-108
-129
-158
-189
-225
-270
-313
-345
-369
-397
-429
-453
-470
-493
-539
-602
-660
-700
-723
-737
-752
-767
-780
-786
-792
-808
-836
-866
-885
-892
-901
-925
-963
-1010
-1057
-1100
-1125
-1126
-1114
-1108
-1114
-1118
-1098
-1048
-959
-813
-596
-326
-40
227
453
605
649
587
470
359
280
231
206
209
230
251
268
290
322
358
402
468
559
652
714
732
710
665
620
597
605
632
666
705
743
752
708
617
508
396
279
164
70
9
-23
-32
-7
58
146
232
311
389
457
497
497
460
398
322
247
185
138
97
66
57
82
132
187
234
268
290
305
316
327
338
356
386
437
504
572
625
655
664
656
638
607
568
524
479
430
378
327
281
245
228
242
288
349
403
435
444
423
368
288
201
118
38
-34
-89
-126
-158
-200
-248
-292
-328
-357
-377
-389
-403
-426
-454
-475
-490
-504
-519
-526
-515
-490
-461
-439
-439
-468
-520
-578
-634
-685
-729
-756
-755
-726
-677
-618
-556
-491
-420
-343
-266
-197
-138
-91
-62
-52
-56
-64
-77
-90
-96
-85
-61
-40
-29
-21
-10
3
15
30
51
78
112
157
212
267
311
343
367
383
387
377
351
309
255
201
162
136
115
93
77
76
96
132
178
224
262
284
290
284
275
263
246
226
212
208
206
197
179
159
140
121
110
116
132
139
128
109
101
107
125
154
194
241
286
325
351
348
311
254
201
160
121
77
35
2
-24
-45
-60
-71
-85
-98
-105
-113
-137
-183
-237
-288
-339
-386
-416
-425
-429
-446
-476
-508
-547
-602
-665
-720
-764
-807
-851
-878
-883
-880
-881
-884
-882
-874
-864
-852
-848
-867
-913
-966
-1005
-1041
-1096
-1167
-1217
-1225
-1207
-1190
-1175
-1147
-1112
-1090
-1078
-1041
-950
-807
-623
-392
-109
189
439
600
671
663
584
457
333
261
244
258
286
328
370
392
397
414
459
529
616
714
802
842
814
744
677
632
612
625
675
744
793
804
769
688
565
428
310
224
155
97
60
49
50
64
110
191
287
374
446
496
509
474
405
323
240
163
109
94
100
100
93
101
135
184
239
295
341
364
367
367
377
391
412
452
524
616
698
749
757
727
673
613
558
510
473
446
423
397
373
354
343
342
364
414
472
506
501
461
390
284
161
54
-25
-84
-132
-160
-173
-195
-242
-305
-365
-415
-452
-468
-467
-472
-504
-551
-589
-616
-638
-647
-635
-608
-582
-562
-554
-576
-642
-732
-808
-851
-869
-862
-816
-736
-650
-576
-505
-432
-367
-314
-261
-198
-138
-99
-78
-67
-62
-64
-63
-50
-29
-7
21
60
93
109
115
128
149
174
202
240
283
323
363
412
466
508
529
536
531
511
476
434
385
324
260
206
169
146
133
140
173
223
277
323
354
363
349
323
296
270
244
223
213
208
201
187
175
169
166
163
160
160
156
142
117
89
68
60
74
116
172
222
257
277
287
279
247
207
171
139
98
49
5
-30
-65
-100
-123
-125
-116
-110
-116
-137
-171
-216
-261
-302
-341
-377
-402
-421
-446
-476
-503
-528
-567
-615
-646
-651
-656
-685
-728
-764
-793
-824
-841
-828
-810
-817
-833
-819
-795
-820
-902
-981
-1018
-1048
-1101
-1141
-1132
-1111
-1127
-1151
-1117
-1037
-981
-962
-918
-815
-686
-552
-377
-139
103
286
417
529
594
557
439
325
262
232
215
231
286
336
342
334
362
425
485
535
607
707
792
815
778
722
676
648
645
673
724
766
771
736
671
584
477
366
278
230
213
206
201
204
220
247
289
355
443
528
582
596
581
545
485
403
319
255
217
193
184
193
218
242
264
294
341
385
402
399
400
420
446
468
495
538
587
627
648
649
625
575
514
460
422
389
352
315
282
259
244
242
256
286
331
377
407
406
368
297
205
108
25
-36
-82
-125
-166
-208
-257
-317
-378
-423
-450
-467
-471
-458
-436
-433
-464
-513
-549
-561
-559
-551
-539
-529
-530
-550
-583
-627
-679
-733
-767
-763
-728
-681
-638
-599
-561
-523
-480
-421
-345
-267
-202
-147
-96
-56
-39
-42
-47
-46
-43
-39
-27
-3
20
36
51
74
99
119
140
169
203
235
266
301
333
354
367
385
406
417
414
406
400
393
377
352
317
273
231
207
202
206
213
227
250
272
288
300
310
313
312
315
326
327
307
271
231
190
154
134
135
143
142
136
138
146
143
131
128
149
184
219
245
257
249
224
194
170
153
132
103
68
37
9
-20
-56
-96
-136
-168
-186
-190
-188
-201
-241
-292
-328
-346
-365
-396
-426
-446
-463
-486
-514
-541
-580
-639
-704
-748
-770
-789
-821
-855
-875
-872
-844
-803
-773
-769
-783
-796
-802
-814
-843
-889
-947
-1000
-1035
-1053
-1075
-1108
-1134
-1130
-1101
-1065
-1020
-965
-926
-912
-879
-768
-588
-391
-192
30
266
449
534
541
498
397
251
136
113
147
173
183
213
253
265
258
285
357
434
502
594
707
775
757
697
663
665
675
693
734
782
797
767
712
639
539
418
316
258
239
242
259
285
319
364
422
487
551
608
649
664
647
605
551
486
414
350
308
286
269
257
259
275
291
309
337
374
399
397
385
382
392
406
430
475
540
598
629
628
600
548
476
401
342
306
281
258
238
226
224
229
239
260
292
326
349
349
320
259
172
73
-23
-100
-147
-169
-181
-200
-233
-273
-316
-359
-394
-418
-435
-451
-458
-456
-462
-492
-536
-564
-563
-552
-545
-538
-527
-530
-562
-612
-657
-699
-750
-788
-782
-732
-667
-607
-550
-485
-420
-363
-309
-257
-218
-197
-182
-161
-136
-125
-128
-129
-118
-92
-56
-20
13
38
58
78
104
139
174
196
204
217
252
307
360
400
435
465
483
485
473
450
410
361
321
300
284
258
231
219
229
254
293
344
395
429
443
443
427
392
344
296
262
244
240
240
237
223
206
195
194
196
200
208
215
214
200
181
164
152
152
167
193
221
240
244
231
198
150
101
62
34
8
-19
-42
-59
-72
-89
-104
-109
-103
-102
-117
-139
-161
-193
-244
-304
-351
-382
-414
-450
-479
-500
-532
-574
-605
-614
-624
-652
-678
-685
-692
-724
-765
-781
-775
-775
-776
-750
-705
-688
-722
-770
-799
-822
-862
-904
-932
-959
-1005
-1052
-1074
-1077
-1084
-1085
-1048
-971
-888
-820
-754
-679
-601
-509
-375
-195
-5
157
280
367
405
379
302
208
119
53
27
49
97
137
160
186
227
282
350
439
543
632
687
719
740
738
701
655
641
669
710
739
755
755
722
652
580
533
497
449
400
381
392
403
406
428
482
546
601
657
717
746
719
657
601
552
491
422
377
361
348
324
308
314
327
334
350
387
427
441
430
414
408
411
424
450
483
506
514
514
505
476
426
369
321
288
266
248
232
212
190
178
191
227
269
302
319
322
310
275
211
125
31
-55
-117
-151
-170
-189
-216
-245
-266
-282
-302
-323
-341
-354
-367
-381
-393
-408
-436
-474
-502
-504
-487
-471
-468
-480
-502
-533
-575
-624
-675
-718
-741
-736
-699
-636
-562
-493
-436
-385
-337
-293
-263
-244
-227
-211
-202
-198
-189
-179
-179
-184
-173
-140
-105
-83
-63
-33
1
21
32
52
84
121
168
237
318
386
428
456
474
474
446
402
352
303
258
230
224
228
227
225
237
263
295
330
364
393
412
421
427
425
406
368
325
290
267
255
254
256
249
226
193
160
136
117
100
89
92
111
134
151
162
172
180
186
194
206
209
189
145
89
30
-35
-104
-156
-180
-181
-174
-163
-148
-139
-147
-169
-190
-204
-221
-249
-281
-305
-324
-351
-388
-427
-458
-482
-503
-523
-541
-562
-595
-638
-677
-696
-698
-699
-704
-699
-680
-656
-637
-619
-602
-601
-626
-662
-694
-729
-791
-872
-941
-982
-1004
-1018
-1014
-987
-954
-931
-910
-872
-822
-772
-719
-644
-543
-431
-323
-215
-107
-12
52
80
81
58
15
-41
-97
-140
-165
-169
-149
-102
-34
36
99
155
212
276
342
407
467
515
543
551
550
551
553
551
546
549
563
582
591
583
556
512
463
425
414
432
469
514
565
621
678
725
753
761
757
744
727
704
676
639
590
530
473
428
401
391
400
426
459
489
510
521
518
499
472
453
446
451
462
478
494
498
480
443
394
343
296
262
242
230
221
211
201
190
180
175
177
188
208
233
258
263
237
178
101
19
-56
-117
-160
-186
-201
-211
-220
-235
-259
-286
-306
-312
-305
-291
-277
-270
-279
-305
-338
-372
-400
-423
-439
-446
-450
-461
-484
-518
-558
-594
-619
-628
-619
-592
-551
-500
-446
-395
-353
-323
-299
-280
-263
-252
-245
-242
-239
-237
-239
-244
-249
-252
-247
-232
-201
-158
-111
-68
-25
19
60
92
114
135
161
194
232
268
294
304
298
289
285
285
280
271
268
275
289
304
321
338
353
369
395
430
464
482
485
487
492
497
499
497
490
477
459
443
428
407
377
347
328
320
316
315
320
332
348
369
395
421
439
449
451
446
427
395
354
312
272
236
203
172
142
118
104
98
95
89
81
73
63
51
35
14
-13
-42
-63
-75
-86
-100
-118
-135
-152
-174
-199
-230
-270
-319
-364
-397
-417
-431
-440
-440
-431
-419
-410
-402
-399
-405
-417
-427
-435
-446
-468
-497
-526
-553
-580
-606
-625
-637
-643
-638
-622
-600
-580
-566
-553
-540
-527
-511
-490
-462
-431
-395
-354
-313
-280
-258
-242
-231
-227
-227
-222
-212
-201
-192
-181
-165
-148
-134
-116
-87
-52
-17
19
59
96
121
135
147
162
177
190
204
223
240
248
255
266
279
287
291
300
312
324
331
336
343
352
362
375
393
410
422
428
431
434
435
430
424
418
416
414
409
401
391
381
372
365
364
367
366
362
358
354
346
330
311
296
287
278
267
255
238
214
185
157
131
100
62
25
-4
-27
-49
-72
-96
-118
-141
-163
-179
-194
-214
-239
-263
-282
-301
-326
-357
-387
-410
-429
-443
-453
-464
-482
-509
-538
-564
-590
-623
-659
-687
-704
-717
-733
-751
-767
-786
-805
-819
-821
-816
-816
-817
-810
-793
-775
-760
-739
-703
-656
-606
-558
-513
-482
-475
-486
-499
-504
-507
-510
-506
-490
-468
-450
-438
-422
-400
-372
-334
-283
-220
-157
-108
-74
-47
-23
-2
20
48
90
140
189
229
260
283
293
293
293
306
327
349
371
397
428
457
481
510
551
597
638
674
710
739
753
753
751
753
753
746
740
739
740
735
728
727
731
734
734
735
740
745
745
744
746
750
755
761
768
776
782
784
778
766
753
739
722
700
678
659
639
613
585
562
544
525
504
490
482
471
451
429
412
394
369
343
324
311
294
273
254
238
217
188
157
130
103
71
40
15
-8
-34
-62
-87
-108
-125
-140
-153
-165
-179
-198
-219
-242
-265
-286
-305
-323
-338
-349
-357
-367
-380
-392
-399
-403
-408
-413
-417
-423
-433
-446
-454
-459
-464
-467
-463
-451
-435
-423
-413
-405
-401
-398
-394
-385
-376
-368
-361
-352
-341
-332
-323
-316
-307
-297
-283
-262
-241
-224
-211
-197
-181
-166
-153
-138
-121
-105
-89
-68
-43
-21
-7
4
17
31
43
52
64
81
98
113
129
146
159
166
171
181
195
207
215
222
232
243
250
253
255
258
260
262
268
280
290
294
295
298
301
298
287
275
267
262
258
256
254
247
235
218
204
194
183
170
156
146
138
126
108
84
58
33
10
-9
-24
-39
-58
-81
-104
-125
-147
-172
-199
-218
-229
-238
-254
-279
-308
-341
-377
-409
-435
-458
-485
-516
-542
-562
-582
-610
-640
-666
-687
-707
-727
-745
-762
-781
-796
-799
-787
-768
-749
-729
-709
-692
-684
-689
-704
-724
-746
-767
-783
-795
-804
-811
-814
-809
-793
-765
-732
-694
-652
-607
-565
-534
-511
-490
-464
-435
-401
-359
-313
-269
-231
-193
-153
-116
-86
-60
-31
-2
25
47
68
91
117
151
197
254
313
369
419
465
505
537
565
587
606
621
635
647
655
657
659
665
676
693
713
733
748
753
748
739
729
724
724
732
744
758
770
779
783
783
780
776
771
764
757
746
728
703
677
654
635
621
612
609
608
602
591
578
562
541
518
500
486
475
464
455
448
439
425
410
397
384
368
350
331
309
282
254
228
206
185
166
152
141
132
122
112
101
85
66
45
23
2
-22
-46
-68
-89
-108
-126
-142
-158
-177
-195
-213
-229
-247
-265
-283
-302
-322
-339
-353
-365
-378
-390
-399
-406
-411
-415
-419
-424
-432
-444
-456
-468
-478
-486
-489
-489
-487
-488
-489
-490
-489
-488
-485
-480
-475
-468
-457
-444
-431
-421
-413
-404
-393
-379
-364
-348
-334
-325
-319
-310
-297
-283
-269
-255
-237
-215
-192
-170
-148
-128
-111
-96
-78
-58
-38
-23
-10
5
23
42
59
74
91
109
126
140
154
166
176
184
194
208
222
231
238
246
259
272
280
285
287
288
286
283
278
271
260
246
236
230
227
221
211
201
193
186
176
161
145
128
110
92
75
57
37
14
-9
-28
-45
-64
-88
-117
-147
-179
-213
-248
-281
-309
-335
-360
-384
-407
-431
-460
-490
-519
-545
-570
-594
-614
-625
-627
-625
-622
-618
-615
-618
-625
-636
-648
-665
-689
-717
-741
-757
-769
-777
-780
-774
-760
-739
-712
-680
-648
-622
-604
-588
-570
-551
-534
-515
-488
-454
-416
-375
-335
-295
-261
-231
-201
-167
-133
-105
-82
-61
-37
-10
19
54
95
141
190
240
291
338
375
402
424
443
459
470
479
490
504
522
540
558
576
591
604
617
629
638
643
643
642
644
648
653
657
662
668
677
685
694
700
700
694
683
669
654
638
623
609
599
592
585
580
577
573
569
566
563
558
549
537
524
508
492
478
466
458
451
444
437
429
418
404
390
374
357
339
323
309
295
280
266
255
247
239
232
225
216
202
185
165
145
123
101
80
62
44
24
3
-18
-37
-55
-71
-88
-106
-125
-144
-164
-184
-203
-221
-239
-254
-265
-273
-282
-295
-311
-326
-340
-355
-370
-383
-395
-407
-419
-430
-439
-449
-460
-468
-469
-468
-467
-467
-467
-465
-464
-463
-460
-456
-452
-449
-443
-435
-426
-420
-415
-410
-403
-393
-382
-370
-358
-348
-338
-324
-308
-288
-269
-250
-230
-210
-190
-172
-155
-139
-123
-107
-91
-73
-56
-42
-29
-15
-1
14
28
44
61
79
97
114
131
145
156
169
184
200
214
223
231
238
244
248
253
258
260
257
254
254
254
251
246
240
236
232
228
224
220
214
204
194
186
179
165
148
132
118
104
88
68
46
23
0
-24
-49
-74
-101
-129
-154
-176
-196
-218
-245
-273
-297
-316
-338
-365
-395
-423
-449
-474
-497
-514
-525
-534
-537
-533
-525
-524
-535
-555
-573
-590
-609
-630
-651
-667
-680
-689
-691
-686
-679
-671
-659
-638
-611
-585
-567
-556
-547
-536
-524
-508
-487
-461
-430
-395
-357
-318
-282
-252
-226
-199
-167
-134
-106
-85
-66
-43
-16
13
47
85
128
172
217
263
305
336
356
373
392
411
428
442
456
471
486
502
519
537
554
569
583
597
608
612
613
612
614
619
625
632
640
648
656
663
669
673
674
670
663
656
648
640
630
617
607
600
=======
115
529
261
-358
-449
55
367
113
-197
-104
128
69
-159
-152
94
196
-3
-197
-96
159
228
30
-189
-186
22
221
246
96
-140
-333
-311
16
434
522
121
-397
-499
-99
350
381
39
-226
-139
94
128
-33
-60
168
295
4
-373
-247
250
369
-61
-329
-34
246
-13
-360
-160
261
172
-244
-185
273
247
-309
-405
222
560
63
-433
-164
344
254
-226
-305
91
303
45
-238
-155
133
284
137
-210
-378
-61
383
292
-222
-393
-79
87
-99
-120
169
215
-153
-279
144
375
-89
-442
98
721
265
-705
-711
233
732
258
-281
-205
50
-13
-107
142
396
171
-268
-294
62
215
8
-134
-2
75
-127
-268
26
450
332
-297
-550
7
554
237
-436
-390
266
469
-53
-425
-105
332
230
-157
-224
2
80
-39
-62
39
57
-5
-27
-56
-118
-52
158
237
51
-144
-96
84
121
-22
-109
16
178
94
-180
-259
39
366
252
-217
-440
-128
267
253
28
20
96
-101
-365
-212
226
348
38
-211
-115
53
36
-17
57
106
9
-43
51
18
-266
-375
28
467
235
-432
-554
145
742
439
-306
-525
-122
195
105
-19
35
-5
-182
-96
255
253
-253
-483
39
594
326
-430
-643
-71
501
412
-92
-363
-201
97
222
118
-53
-83
48
125
20
-134
-198
-114
194
544
362
-449
-924
-250
805
812
-207
-790
-231
472
324
-181
-137
202
102
-244
-231
-37
-89
-101
238
430
27
-424
-245
224
231
-118
-131
199
219
-153
-272
42
225
66
5
150
65
-288
-360
19
307
118
-210
-197
66
160
24
-31
87
108
-55
-98
135
289
17
-396
-363
127
408
80
-367
-268
197
335
41
-171
-104
-55
-96
16
191
55
-304
-342
44
289
86
-113
72
223
-132
-546
-261
478
646
-29
-641
-414
248
444
38
-284
-97
213
154
-120
-162
9
39
-67
13
240
180
-222
-414
-70
327
198
-220
-256
121
292
29
-174
24
242
69
-220
-136
171
154
-190
-284
86
368
99
-345
-308
154
379
103
-248
-259
-4
244
305
91
-269
-373
-24
354
242
-184
-304
-10
168
-7
-108
99
169
-160
-364
-40
334
201
-174
-248
-53
59
42
61
96
61
50
107
13
-298
-402
-7
402
251
-174
-229
20
92
20
126
226
-63
-461
-302
336
565
-19
-638
-411
341
544
-72
-619
-331
393
591
46
-450
-240
278
318
-77
-238
-50
-19
-213
-115
330
461
-2
-429
-258
146
177
-26
34
213
6
-411
-361
147
336
-70
-379
-59
396
233
-358
-460
194
715
287
-597
-762
-7
648
440
-175
-342
-18
185
1
-217
-164
45
208
249
69
-311
-476
-71
502
505
-46
-401
-205
99
115
49
138
139
-155
-386
-182
158
152
-61
-50
109
63
-92
-8
193
91
-221
-190
240
392
-90
-557
-266
454
630
16
-578
-389
318
620
150
-416
-306
223
269
-315
-614
-35
677
448
-472
-789
-71
626
384
-287
-404
45
324
114
-218
-266
-32
207
182
-137
-422
-259
262
487
70
-414
-271
262
421
66
-261
-236
-58
37
39
-4
-63
-52
51
71
-93
-170
78
303
48
-363
-221
338
431
-127
-472
-61
483
379
-154
-367
-128
118
198
260
203
-150
-448
-193
348
414
-95
-466
-295
-7
9
43
352
459
-74
-671
-429
427
735
85
-586
-387
258
346
-190
-466
-31
498
387
-188
-461
-135
311
321
-57
-322
-186
115
183
-38
-219
-71
250
296
-85
-459
-298
269
533
122
-463
-496
19
403
270
-36
-90
7
-30
-128
-54
111
130
20
-19
50
103
86
23
-102
-218
-94
280
426
4
-486
-296
353
477
-147
-573
-147
460
292
-408
-558
123
673
302
-458
-558
70
492
136
-449
-432
157
523
207
-347
-456
-58
368
426
76
-407
-551
-141
363
351
-21
-90
182
159
-281
-396
191
692
273
-575
-705
-13
545
422
-42
-382
-349
125
571
265
-544
-629
323
943
211
-817
-589
454
627
-190
-487
131
394
-125
-318
161
236
-345
-376
451
696
-306
-1000
-101
1078
661
-680
-872
135
570
-11
-295
178
345
-190
-414
150
513
54
-336
49
336
-266
-766
-31
978
573
-765
-973
291
1077
270
-737
-446
434
472
-149
-324
-9
72
-65
82
254
-142
-640
-244
687
688
-402
-962
-135
805
539
-340
-498
109
468
128
-344
-339
68
405
355
-46
-439
-373
161
534
242
-356
-510
-64
436
424
-105
-537
-280
385
521
-109
-593
-235
384
346
-208
-427
-96
188
102
-27
-13
-77
-148
91
341
44
-390
-112
520
407
-339
-522
104
511
164
-237
-101
158
71
-45
119
169
-88
-116
179
63
-489
-440
376
717
39
-581
-306
245
297
95
72
-41
-417
-429
222
580
-60
-696
-198
654
485
-319
-429
136
327
2
-75
208
171
-309
-440
162
702
338
-496
-695
-50
558
429
-127
-362
-89
182
63
-132
12
223
0
-413
-363
99
331
158
-32
-72
-116
-145
-6
182
158
-50
-167
-61
120
163
19
-175
-191
74
332
126
-430
-551
62
593
335
-211
-274
-25
25
12
208
292
-49
-421
-286
190
385
99
-225
-156
140
197
-47
-164
112
424
201
-410
-466
338
799
-40
-997
-457
779
690
-529
-872
46
609
113
-341
-53
219
-80
-266
146
416
19
-293
-22
96
-229
-95
573
490
-492
-807
92
814
459
-178
-309
-220
-204
53
490
372
-336
-549
82
383
-185
-417
240
457
-360
-754
34
619
106
-384
-5
336
-105
-468
47
608
187
-547
-344
419
441
-210
-413
-12
282
296
225
-31
-306
-114
280
109
-376
-224
386
327
-399
-486
399
819
-78
-952
-416
616
533
-264
-346
155
126
-297
-146
432
441
-182
-510
-146
277
175
-166
-166
120
180
-74
-222
-74
78
38
12
161
210
-119
-439
-96
608
527
-446
-838
82
851
163
-820
-383
769
668
-582
-955
155
992
341
-636
-507
205
292
-74
-72
137
-24
-279
-114
141
-17
-198
149
502
15
-812
-630
536
1064
174
-826
-558
389
564
-68
-344
52
278
-8
-151
141
262
-89
-341
-100
203
133
-77
-100
-75
-94
141
518
301
-503
-684
204
818
196
-594
-344
296
189
-281
-131
330
139
-425
-300
328
325
-216
-178
294
73
-521
-168
739
550
-600
-860
137
669
-59
-623
6
650
127
-580
-177
534
221
-482
-249
436
277
-413
-368
284
313
-344
-450
290
598
-172
-775
-101
858
528
-664
-910
147
908
323
-612
-532
263
514
24
-269
10
198
-61
-204
85
232
-109
-328
31
378
114
-287
-117
308
228
-207
-193
282
321
-339
-698
-23
830
583
-493
-895
-93
728
460
-359
-490
121
420
0
-326
4
373
125
-317
-273
51
115
20
101
166
-107
-446
-323
212
517
169
-429
-475
205
795
426
-598
-966
-70
921
582
-533
-665
259
518
-362
-783
60
760
193
-599
-296
504
450
-263
-371
225
395
-153
-425
6
299
-83
-468
-147
536
686
4
-758
-576
448
977
265
-671
-565
186
321
-186
-244
313
383
-348
-652
91
618
-43
-706
-63
866
366
-933
-942
475
1227
278
-823
-474
572
609
-296
-616
86
591
112
-532
-368
269
494
240
12
-90
-240
-246
116
446
200
-374
-500
-54
246
-20
-350
-173
275
370
-42
-529
-499
193
805
414
-587
-714
315
902
45
-962
-532
710
919
-130
-841
-330
462
523
121
-168
-325
-297
103
426
109
-350
-159
268
67
-414
-218
449
513
-167
-597
-276
150
138
16
62
8
-101
133
369
-66
-611
-161
774
655
-428
-797
30
622
96
-511
-133
506
253
-435
-337
396
565
-63
-563
-363
188
517
341
-199
-547
-247
348
418
-131
-450
-37
439
219
-304
-299
76
95
-150
-17
307
53
-553
-400
552
875
-71
-906
-380
561
389
-419
-312
534
482
-633
-1004
187
1251
579
-804
-878
242
728
41
-472
0
500
52
-699
-516
441
765
-62
-808
-351
564
520
-304
-487
254
620
-60
-676
-183
609
375
-467
-443
440
666
-197
-756
-138
614
354
-363
-345
287
395
-266
-584
132
859
327
-836
-866
345
953
77
-781
-227
691
273
-824
-569
844
1047
-469
-1266
-31
1151
380
-862
-421
829
647
-674
-880
380
1011
16
-913
-321
634
283
-721
-615
477
803
-109
-752
-122
724
419
-558
-686
182
669
106
-517
-301
206
172
-158
-156
88
182
150
103
-62
-220
-18
378
306
-294
-566
-42
495
204
-414
-377
157
323
59
-100
-132
-242
-119
403
656
107
-614
-595
14
347
181
66
218
154
-317
-560
-76
642
732
74
-634
-684
-67
536
522
79
-189
-167
-182
-212
55
448
397
-135
-509
-309
126
221
-78
-287
-61
327
346
-54
-340
-130
212
95
-288
-152
460
456
-450
-884
44
1013
459
-797
-784
434
920
61
-590
-111
327
-182
-505
339
1005
-26
-1458
-909
1067
1530
-180
-1339
-312
875
198
-902
-248
1072
580
-1105
-1119
731
1464
-96
-1314
-246
1136
518
-858
-645
585
709
-227
-465
280
565
-142
-642
-106
594
400
-298
-486
-49
327
189
-233
-291
244
548
-139
-897
-256
1082
930
-762
-1510
-163
1263
804
-506
-641
109
125
-404
-39
833
499
-749
-827
467
980
-130
-990
-179
967
570
-794
-1027
209
1002
178
-916
-563
692
977
-56
-853
-376
502
522
-140
-441
-187
-18
-49
159
405
36
-624
-518
330
695
96
-517
-327
228
314
-111
-396
-119
386
449
-91
-578
-289
526
754
-56
-811
-346
693
748
-201
-665
-39
636
485
-57
-244
-66
77
58
-5
-63
-106
-54
72
76
-100
-213
-106
51
86
51
-27
-182
-253
-48
248
258
9
-142
-83
-46
-110
-41
234
367
68
-343
-289
207
457
71
-417
-270
352
559
1
-598
-428
291
630
216
-341
-356
14
147
-54
-120
98
140
-219
-443
-33
527
367
-324
-435
238
516
-166
-630
35
736
182
-768
-457
691
749
-489
-1036
82
1183
614
-648
-696
282
597
-123
-598
-120
515
405
-187
-388
-10
271
46
-174
90
329
-101
-660
-300
691
813
-330
-1135
-368
773
502
-586
-543
525
641
-517
-983
118
1052
359
-818
-671
431
747
-17
-512
-101
331
114
-209
-51
248
144
-223
-317
11
353
279
-121
-360
-177
151
238
100
14
-24
-247
-468
-130
643
798
-148
-1060
-637
609
997
129
-615
-265
357
176
-348
-145
521
465
-403
-851
-191
742
811
37
-621
-523
58
448
307
-123
-329
-78
289
294
-35
-276
-263
-172
-61
146
323
253
-13
-213
-190
13
245
306
96
-207
-276
-26
237
193
-81
-268
-215
31
321
312
-222
-717
-283
751
876
-342
-1277
-530
865
935
-287
-915
-176
550
113
-609
-321
538
608
-218
-771
-398
324
614
392
18
-285
-422
-230
253
530
179
-392
-374
202
412
-114
-485
68
806
486
-565
-751
278
892
5
-1040
-494
892
869
-700
-1423
-57
1437
868
-815
-1069
262
883
-105
-804
132
1085
245
-1139
-788
697
871
-355
-681
453
868
-425
-1271
-11
1459
710
-1103
-1143
421
945
-170
-821
-7
739
246
-491
-331
139
-8
-292
62
451
-37
-764
-477
500
721
-75
-640
-217
438
371
-188
-364
-2
257
64
-191
-96
157
121
-191
-278
98
433
125
-540
-605
197
871
451
-526
-719
4
422
8
-280
186
504
-126
-815
-342
727
826
-104
-584
-100
245
-69
-152
302
288
-426
-589
278
842
179
-662
-401
475
664
75
-410
-489
-358
136
817
657
-466
-922
81
849
56
-819
-87
1015
394
-1104
-940
741
1214
-191
-1015
-86
582
-275
-850
208
1162
311
-952
-621
479
345
-588
-342
840
744
-800
-1331
104
1231
311
-1041
-613
806
855
-542
-1154
-64
1004
535
-568
-687
52
354
-56
-229
269
602
43
-766
-687
225
749
222
-522
-353
446
511
-447
-970
-87
997
753
-268
-517
7
111
-302
-213
406
399
-356
-507
259
431
-453
-638
573
1116
-258
-1471
-517
1102
938
-411
-671
157
251
-392
-121
789
399
-906
-681
936
1062
-738
-1427
193
1305
26
-1281
-248
1202
345
-1262
-518
1396
953
-1277
-1442
818
1697
-203
-1579
-205
1364
398
-1315
-800
900
847
-576
-735
435
692
-277
-542
424
907
62
-709
-286
404
273
-168
-156
-32
-125
-8
298
134
-322
-158
487
492
-237
-519
59
419
-83
-509
-77
383
18
-415
-64
317
-123
-557
1
706
264
-735
-715
280
697
39
-486
-128
286
36
-236
87
330
-159
-594
-37
759
423
-639
-747
284
820
133
-497
-83
449
55
-522
-128
615
341
-565
-583
237
427
-215
-414
136
359
-102
-340
57
383
169
-154
-243
-327
-369
81
703
453
-540
-723
325
919
29
-931
-431
728
808
-208
-821
-284
506
475
-127
-271
203
371
-246
-783
-246
858
989
-204
-1151
-575
565
611
-184
-370
112
108
-383
-209
572
518
-606
-1065
121
1341
712
-924
-1142
354
1247
210
-1053
-587
743
821
-280
-664
121
525
-164
-630
5
552
-50
-641
84
950
270
-943
-641
578
592
-435
-563
349
605
-136
-421
178
380
-215
-295
512
668
-327
-677
407
950
-260
-1230
-162
1281
693
-1028
-1107
627
1460
43
-1517
-912
887
1243
-133
-1040
-339
585
342
-385
-312
269
220
-287
-122
523
262
-764
-698
694
1177
-179
-1209
-297
959
648
-362
-358
215
-29
-625
-175
803
550
-686
-869
248
696
-196
-752
-21
757
457
-311
-531
-184
192
324
205
-71
-222
-15
237
36
-332
-110
487
406
-388
-646
106
763
470
-150
-281
-179
-305
-260
369
840
233
-804
-741
424
975
95
-842
-425
616
666
-227
-611
-53
348
-5
-275
129
380
-274
-949
-393
866
1109
-7
-944
-596
262
459
148
98
186
-187
-695
-430
457
740
-13
-686
-321
429
431
-126
-290
-49
-47
-119
257
539
-46
-713
-158
970
776
-671
-1125
215
1206
237
-1023
-462
863
685
-550
-719
258
657
70
-289
49
262
-66
-317
-78
206
160
47
29
-104
-190
146
480
119
-521
-520
5
363
500
484
-60
-865
-724
567
1324
340
-1061
-876
499
983
164
-374
-56
-6
-497
-427
285
442
-101
-254
132
124
-343
-324
300
538
56
-242
125
365
-27
-314
-13
185
-64
-45
397
379
-231
-435
40
315
65
-59
78
-171
-676
-334
850
1126
-299
-1544
-763
880
1075
-70
-636
-133
170
-288
-591
-88
583
586
28
-428
-457
-133
350
585
150
-617
-673
273
1026
427
-854
-1056
204
1248
595
-902
-1181
124
1234
834
-284
-777
-568
-229
210
729
638
-325
-987
-233
1032
945
-448
-1113
-137
894
470
-567
-582
289
656
135
-373
-319
-100
-14
242
672
577
-306
-975
-446
619
700
-288
-797
-4
944
690
-355
-762
-143
564
571
54
-464
-624
-151
769
1072
22
-1253
-962
600
1295
311
-774
-550
320
507
2
-309
-182
-52
-25
78
65
-222
-339
-16
191
-67
-221
72
210
-137
-328
32
321
48
-254
-47
182
-146
-448
98
873
590
-529
-978
-247
651
808
288
-372
-581
-38
681
533
-493
-1070
-329
792
818
-174
-779
-353
325
463
130
-326
-580
-206
662
939
34
-907
-516
621
802
-127
-594
101
686
125
-602
-164
804
686
-480
-1031
-209
839
840
31
-512
-410
-109
76
245
309
-48
-602
-572
213
773
257
-729
-876
-21
655
355
-285
-285
243
426
18
-359
-289
-111
-162
-158
176
411
22
-605
-564
190
635
164
-470
-310
281
234
-428
-585
128
688
287
-464
-541
34
464
386
91
-179
-387
-327
155
605
409
-207
-383
79
415
89
-410
-337
232
594
397
-71
-378
-327
25
356
270
-185
-449
-162
320
453
240
34
-117
-329
-350
66
414
103
-334
23
653
165
-1158
-1266
467
1799
738
-1299
-1446
345
1375
379
-874
-645
379
656
47
-497
-418
80
500
406
-261
-885
-642
381
1038
564
-365
-649
-249
80
22
-87
56
348
412
-3
-568
-562
137
691
392
-311
-489
-72
165
-118
-338
-12
410
263
-307
-579
-196
511
833
298
-629
-808
59
748
213
-699
-448
736
1052
-157
-1288
-738
810
1412
514
-612
-766
-92
501
438
-79
-372
-96
291
179
-251
-310
107
380
123
-282
-328
-98
14
-13
90
298
279
-83
-511
-634
-276
326
573
125
-556
-723
-297
178
341
266
88
-103
-110
134
267
-69
-494
-285
381
460
-311
-821
-261
605
651
-18
-479
-341
43
288
298
132
-40
0
160
24
-430
-506
202
906
616
-341
-770
-320
242
287
-4
-187
-134
7
67
-15
-121
-49
210
337
81
-295
-290
118
443
377
83
-193
-345
-296
-58
168
214
134
19
-121
-221
-183
-53
63
167
248
160
-160
-448
-380
-15
264
256
97
-97
-299
-275
155
526
229
-386
-411
126
329
-7
-154
155
297
-27
-230
72
325
6
-397
-189
316
335
-74
-256
-101
-10
-102
-203
-239
-159
66
182
-71
-434
-423
-83
135
119
146
232
33
-431
-583
-170
282
332
210
96
-255
-695
-567
115
485
188
-171
-192
-171
-213
62
604
660
-59
-696
-428
289
481
130
-71
49
138
92
-2
-188
-325
-73
395
433
-47
-371
-174
78
-40
-188
89
488
378
-159
-438
-184
227
412
260
-186
-616
-545
42
543
545
270
42
-135
-267
-159
215
497
350
-85
-365
-289
-43
109
70
-90
-181
-77
59
-11
-146
-32
178
57
-294
-324
50
287
87
-199
-172
62
176
86
-100
-291
-323
5
478
481
-132
-654
-457
129
373
154
-90
-120
-68
-10
133
272
167
-134
-255
-37
219
221
56
-71
-142
-185
-112
99
233
97
-159
-212
-12
166
103
-121
-289
-249
9
335
481
309
-42
-283
-237
28
261
230
-66
-363
-361
-37
323
417
209
-146
-453
-472
-52
523
656
176
-359
-397
-68
141
61
-114
-206
-174
-26
135
70
-297
-611
-442
111
539
539
182
-335
-681
-451
273
749
452
-223
-558
-420
-148
104
348
335
-200
-857
-815
38
815
765
149
-315
-352
-171
-30
-8
-5
112
249
140
-209
-409
-203
162
282
125
-36
-79
-117
-162
-61
176
297
154
-143
-426
-533
-266
336
785
604
-56
-573
-580
-259
39
214
356
451
314
-123
-568
-572
-18
656
827
313
-414
-699
-355
230
544
395
-7
-302
-304
-114
95
270
353
202
-145
-346
-178
116
172
-2
-134
-121
-72
-43
1
31
5
38
235
372
118
-389
-599
-280
192
375
203
-137
-416
-420
-107
240
264
-17
-240
-176
24
146
214
294
239
-71
-413
-425
-81
291
406
269
36
-198
-416
-551
-464
-123
251
357
132
-194
-360
-300
-103
125
287
286
84
-206
-360
-233
98
367
329
-13
-360
-385
-73
291
472
463
303
-30
-436
-606
-348
114
366
301
145
43
-107
-331
-400
-152
214
361
229
15
-135
-193
-113
102
221
14
-325
-336
58
387
277
-60
-196
-92
-24
-69
-21
182
297
154
-89
-208
-211
-209
-189
-85
36
42
-34
-10
135
153
-108
-353
-198
219
362
74
-195
-100
98
19
-191
-132
149
237
64
7
188
246
-21
-299
-282
-87
60
149
208
130
-85
-191
-27
191
167
-34
-114
-9
81
68
49
42
-49
-189
-188
11
223
248
102
-31
-37
21
30
-24
-82
-101
-59
53
158
109
-113
-302
-271
-93
19
16
19
67
59
-28
-68
-23
-36
-150
-165
47
303
367
246
75
-104
-265
-293
-126
109
236
216
100
-94
-318
-403
-233
37
146
72
3
4
-40
-160
-201
-58
166
285
229
65
-94
-153
-61
131
255
165
-77
-218
-89
216
438
417
203
-53
-223
-237
-81
163
336
340
236
141
68
-55
-206
-244
-103
89
168
134
92
68
23
-7
40
83
-36
-265
-324
-77
218
230
-9
-201
-211
-130
-23
120
225
177
12
-130
-190
-199
-140
-9
68
-34
-172
-73
211
309
78
-176
-179
-46
20
43
119
191
158
42
-85
-191
-244
-157
92
357
431
259
-44
-310
-386
-199
115
272
136
-137
-307
-262
-49
157
152
-77
-290
-287
-143
-28
34
97
91
-86
-341
-433
-280
-39
134
211
156
-58
-278
-275
-72
89
82
-34
-181
-267
-154
133
290
86
-276
-389
-181
40
81
84
168
198
61
-121
-232
-300
-293
-84
249
398
226
-31
-104
-15
50
43
64
135
159
92
-6
-94
-179
-232
-199
-103
-47
-85
-163
-176
-88
12
4
-97
-157
-117
-51
-16
29
98
127
88
57
82
83
-11
-114
-90
38
116
74
-13
-76
-99
-60
39
120
122
92
74
24
-70
-95
23
162
145
-11
-113
-57
65
147
183
181
120
44
55
162
263
276
208
98
-1
-20
59
174
258
312
351
334
220
90
87
225
345
317
177
48
29
149
315
364
257
152
185
287
320
308
360
450
436
302
200
222
279
276
269
323
368
305
163
54
55
153
247
221
73
-64
-82
-15
39
51
50
49
47
61
103
122
71
-4
-41
-91
-220
-331
-280
-119
-33
-74
-150
-217
-312
-408
-407
-299
-196
-185
-243
-313
-388
-466
-513
-522
-518
-491
-422
-389
-473
-585
-553
-392
-300
-378
-515
-572
-556
-547
-558
-547
-526
-530
-558
-586
-613
-623
-552
-386
-250
-282
-447
-571
-547
-432
-334
-267
-196
-147
-193
-319
-408
-376
-265
-154
-67
-25
-73
-178
-208
-99
31
51
15
80
252
371
355
303
311
331
295
250
272
338
385
403
406
378
313
267
299
388
470
532
600
666
683
656
642
663
668
629
593
611
652
648
602
569
577
598
605
598
598
621
668
695
645
534
461
490
545
522
472
523
632
615
449
328
364
432
409
349
345
368
345
296
271
249
218
254
371
422
324
249
366
514
420
129
-43
40
187
188
71
-9
-7
6
-20
-61
-81
-67
-24
9
-24
-126
-226
-263
-246
-221
-222
-253
-292
-318
-340
-370
-397
-428
-505
-635
-730
-715
-644
-631
-699
-766
-799
-864
-1003
-1127
-1130
-1041
-997
-1064
-1173
-1230
-1235
-1250
-1312
-1385
-1426
-1446
-1490
-1540
-1511
-1363
-1168
-1020
-941
-895
-849
-799
-765
-766
-773
-732
-659
-641
-700
-739
-668
-513
-369
-283
-234
-195
-143
-47
90
186
198
222
334
432
414
395
525
732
862
950
1096
1219
1187
1097
1162
1338
1357
1163
1020
1085
1170
1101
999
1012
1051
1008
977
1062
1169
1170
1106
1096
1138
1134
1060
975
909
840
774
742
716
659
603
582
549
451
332
265
256
262
261
247
216
174
129
87
51
47
103
184
198
101
-36
-108
-110
-115
-155
-178
-146
-107
-114
-139
-110
-15
68
85
78
105
152
165
157
183
238
262
246
243
268
277
246
211
210
232
234
199
153
143
189
259
297
281
251
262
316
356
351
310
260
223
201
152
36
-101
-178
-220
-337
-535
-670
-660
-612
-666
-790
-860
-865
-908
-1015
-1102
-1130
-1160
-1229
-1313
-1414
-1549
-1676
-1733
-1763
-1870
-2051
-2181
-2179
-2107
-2056
-2005
-1882
-1683
-1472
-1291
-1154
-1082
-1083
-1102
-1074
-996
-921
-888
-890
-890
-858
-784
-688
-607
-548
-466
-317
-134
5
74
125
209
320
435
570
737
909
1049
1171
1314
1468
1598
1695
1774
1819
1804
1745
1690
1639
1547
1431
1378
1425
1486
1474
1422
1428
1509
1597
1642
1656
1652
1623
1566
1497
1422
1322
1201
1099
1042
998
915
805
722
670
582
419
240
135
116
113
70
1
-54
-77
-73
-55
-60
-113
-180
-202
-197
-243
-354
-452
-488
-504
-550
-591
-573
-509
-459
-433
-390
-319
-264
-250
-253
-233
-170
-77
0
16
-6
-7
17
9
-50
-96
-76
-17
15
5
-11
-1
38
101
177
240
280
325
386
421
401
361
344
330
273
175
78
12
-35
-107
-238
-406
-537
-591
-617
-708
-872
-1027
-1111
-1162
-1244
-1351
-1452
-1546
-1623
-1638
-1593
-1573
-1657
-1808
-1933
-2006
-2084
-2218
-2369
-2438
-2352
-2123
-1843
-1615
-1466
-1350
-1233
-1150
-1139
-1159
-1139
-1064
-968
-893
-863
-877
-884
-813
-642
-421
-218
-52
95
228
334
402
432
438
467
583
792
1013
1183
1327
1507
1722
1918
2057
2136
2162
2144
2109
2080
2054
2004
1918
1810
1711
1656
1676
1764
1866
1936
1985
2034
2051
1977
1815
1637
1514
1452
1409
1348
1277
1220
1162
1059
899
738
643
608
561
444
268
80
-85
-207
-278
-313
-329
-320
-273
-220
-222
-298
-408
-519
-615
-675
-688
-689
-729
-798
-819
-751
-646
-578
-552
-528
-492
-452
-401
-340
-302
-312
-348
-370
-362
-327
-276
-207
-127
-46
19
50
42
16
0
3
13
29
63
111
143
157
186
245
305
341
363
382
388
362
299
206
88
-50
-193
-323
-433
-522
-595
-660
-733
-825
-929
-1032
-1129
-1213
-1280
-1346
-1424
-1504
-1571
-1642
-1748
-1888
-2038
-2185
-2339
-2486
-2568
-2528
-2359
-2098
-1805
-1528
-1304
-1136
-1017
-962
-995
-1094
-1175
-1167
-1074
-959
-880
-852
-841
-786
-641
-418
-181
18
178
323
445
518
546
566
607
667
757
918
1172
1480
1764
1990
2181
2354
2466
2458
2338
2190
2084
2029
1991
1944
1881
1807
1744
1723
1758
1837
1938
2055
2167
2223
2170
2008
1789
1579
1428
1353
1326
1284
1191
1074
982
916
826
683
516
371
257
154
44
-87
-236
-365
-417
-382
-320
-304
-341
-385
-409
-434
-492
-583
-688
-791
-875
-920
-926
-916
-901
-852
-746
-611
-509
-470
-456
-421
-364
-329
-336
-364
-375
-355
-325
-307
-299
-274
-208
-114
-34
2
-6
-34
-58
-67
-52
-9
42
76
97
136
212
302
361
366
329
274
207
122
17
-106
-238
-365
-479
-577
-671
-770
-872
-963
-1035
-1087
-1135
-1199
-1284
-1380
-1476
-1578
-1700
-1839
-1977
-2098
-2210
-2335
-2493
-2667
-2791
-2776
-2577
-2248
-1898
-1592
-1321
-1075
-900
-864
-961
-1100
-1173
-1135
-1018
-896
-822
-790
-749
-652
-503
-335
-161
40
274
508
686
774
782
765
795
916
1112
1340
1579
1848
2148
2416
2574
2603
2551
2475
2390
2295
2207
2145
2097
2037
1963
1888
1826
1786
1801
1908
2088
2258
2332
2277
2117
1888
1634
1411
1260
1179
1139
1118
1102
1056
938
744
526
351
238
156
60
-63
-189
-287
-354
-429
-535
-630
-638
-544
-424
-371
-410
-502
-614
-750
-912
-1071
-1188
-1234
-1189
-1048
-850
-670
-562
-515
-478
-426
-372
-329
-283
-227
-174
-147
-153
-184
-223
-238
-188
-66
80
176
196
179
175
181
151
70
-4
9
122
258
335
353
370
418
462
453
391
321
268
217
136
11
-149
-318
-473
-600
-693
-746
-759
-753
-781
-883
-1057
-1258
-1440
-1590
-1723
-1847
-1946
-2008
-2051
-2119
-2239
-2403
-2581
-2754
-2908
-2990
-2912
-2636
-2230
-1828
-1523
-1314
-1155
-1043
-1019
-1084
-1149
-1100
-925
-725
-614
-616
-669
-702
-665
-532
-302
-14
270
513
702
822
873
900
966
1096
1278
1508
1780
2055
2264
2384
2464
2558
2650
2687
2646
2551
2439
2347
2295
2260
2194
2084
1979
1921
1903
1900
1921
1992
2097
2181
2188
2098
1909
1650
1391
1213
1136
1107
1057
962
831
680
516
343
180
59
-15
-74
-158
-275
-404
-524
-616
-654
-624
-566
-552
-602
-660
-685
-713
-799
-927
-1028
-1067
-1062
-1041
-1006
-947
-852
-719
-567
-437
-358
-318
-275
-208
-130
-63
-24
-26
-59
-85
-67
-10
58
127
202
266
287
244
165
102
93
145
233
317
359
352
330
339
386
427
415
364
330
329
300
175
-19
-187
-285
-350
-430
-524
-619
-715
-807
-876
-930
-1021
-1180
-1372
-1534
-1650
-1756
-1868
-1979
-2081
-2180
-2277
-2379
-2514
-2702
-2914
-3086
-3161
-3108
-2913
-2591
-2192
-1791
-1440
-1159
-957
-842
-808
-830
-876
-906
-881
-803
-733
-727
-757
-723
-552
-266
50
329
560
756
914
1016
1063
1093
1158
1281
1448
1642
1871
2143
2420
2644
2789
2871
2898
2843
2693
2502
2350
2267
2209
2127
2022
1931
1879
1868
1896
1964
2059
2162
2246
2262
2145
1877
1535
1245
1067
973
908
856
809
737
616
466
323
197
82
-17
-102
-198
-331
-486
-630
-735
-779
-743
-651
-579
-590
-658
-709
-735
-808
-962
-1132
-1231
-1243
-1207
-1147
-1052
-910
-726
-523
-337
-202
-126
-81
-36
4
14
-7
-32
-48
-68
-97
-97
-22
127
278
359
362
335
318
296
247
191
184
244
326
370
373
374
402
441
456
438
397
337
248
124
-20
-162
-287
-390
-472
-539
-595
-645
-696
-767
-874
-1005
-1134
-1264
-1433
-1642
-1838
-1974
-2074
-2190
-2332
-2464
-2553
-2608
-2668
-2783
-2979
-3199
-3303
-3183
-2885
-2542
-2200
-1805
-1351
-958
-740
-693
-731
-797
-862
-889
-847
-772
-723
-702
-657
-554
-397
-185
73
335
556
756
981
1212
1365
1411
1426
1500
1636
1790
1964
2200
2501
2797
3009
3092
3043
2890
2692
2501
2328
2169
2055
2022
2037
2008
1896
1785
1777
1871
1982
2061
2118
2142
2071
1871
1586
1290
1033
852
763
732
694
617
526
440
335
186
21
-121
-247
-384
-524
-638
-721
-772
-777
-736
-686
-654
-635
-630
-664
-740
-816
-870
-945
-1078
-1204
-1215
-1105
-966
-842
-686
-467
-235
-68
5
9
-17
-23
13
59
56
-2
-42
-2
94
178
237
304
396
482
522
506
450
374
305
272
289
339
387
419
458
524
590
609
557
447
307
166
49
-47
-159
-299
-426
-496
-530
-592
-691
-764
-784
-800
-864
-977
-1133
-1339
-1566
-1751
-1894
-2051
-2234
-2376
-2439
-2487
-2597
-2749
-2879
-2998
-3151
-3302
-3346
-3234
-2993
-2649
-2212
-1725
-1262
-881
-627
-544
-630
-790
-896
-895
-830
-756
-683
-602
-516
-417
-275
-81
159
444
766
1083
1342
1516
1589
1558
1478
1466
1601
1853
2132
2398
2669
2935
3132
3193
3113
2922
2672
2438
2277
2178
2092
2006
1939
1895
1859
1837
1857
1929
2042
2172
2278
2301
2188
1937
1596
1224
880
630
518
507
516
506
475
406
272
89
-87
-221
-326
-422
-514
-596
-661
-702
-721
-738
-767
-782
-746
-673
-639
-689
-794
-903
-999
-1096
-1194
-1263
-1238
-1071
-787
-487
-261
-115
-14
47
46
5
-9
35
98
130
127
102
60
29
62
176
328
460
556
622
642
598
508
415
348
312
314
367
452
527
559
553
530
504
455
350
184
6
-114
-165
-208
-297
-420
-525
-597
-667
-750
-820
-862
-896
-950
-1039
-1175
-1382
-1653
-1931
-2152
-2299
-2395
-2458
-2504
-2570
-2701
-2886
-3070
-3225
-3370
-3494
-3498
-3276
-2837
-2316
-1842
-1443
-1088
-791
-623
-616
-706
-791
-826
-829
-819
-780
-714
-657
-622
-559
-408
-161
135
445
758
1066
1337
1533
1635
1660
1658
1697
1825
2039
2300
2576
2838
3043
3139
3092
2901
2616
2350
2208
2185
2181
2134
2073
2037
1993
1907
1836
1869
2000
2141
2248
2321
2308
2118
1766
1385
1082
863
710
623
579
525
435
336
246
135
-7
-130
-201
-263
-360
-471
-559
-620
-653
-650
-642
-680
-745
-762
-721
-713
-799
-920
-993
-1039
-1125
-1221
-1232
-1126
-956
-744
-481
-209
-22
41
33
23
30
38
42
59
89
105
88
51
29
54
132
252
387
498
551
544
515
498
477
422
362
354
399
443
454
451
442
418
385
348
278
138
-44
-191
-277
-352
-450
-543
-606
-669
-750
-821
-865
-914
-977
-1030
-1085
-1202
-1400
-1620
-1815
-1998
-2181
-2324
-2404
-2481
-2619
-2794
-2942
-3062
-3195
-3316
-3354
-3266
-3055
-2733
-2334
-1917
-1527
-1173
-876
-690
-647
-703
-786
-868
-944
-983
-947
-855
-754
-644
-486
-272
-24
250
543
812
1016
1170
1304
1409
1463
1500
1596
1781
2007
2234
2466
2701
2884
2970
2970
2910
2787
2594
2371
2179
2054
1985
1952
1938
1941
1966
2028
2133
2260
2357
2388
2361
2289
2149
1904
1571
1235
984
841
775
737
691
614
508
390
274
154
30
-77
-153
-223
-316
-416
-497
-558
-606
-623
-592
-551
-558
-623
-700
-760
-833
-947
-1083
-1194
-1247
-1236
-1165
-1049
-898
-703
-471
-255
-121
-80
-76
-66
-50
-43
-36
-17
-5
-18
-46
-60
-40
20
121
240
333
374
384
382
359
309
276
307
388
448
457
457
488
525
508
431
340
260
165
31
-128
-282
-420
-533
-609
-649
-676
-711
-746
-773
-803
-852
-918
-998
-1121
-1307
-1525
-1722
-1894
-2061
-2217
-2339
-2449
-2581
-2724
-2834
-2915
-3016
-3141
-3228
-3224
-3144
-2984
-2687
-2242
-1752
-1335
-1011
-759
-609
-621
-776
-968
-1095
-1125
-1068
-941
-785
-645
-536
-421
-259
-41
218
493
757
993
1191
1337
1419
1467
1543
1684
1872
2081
2315
2574
2801
2926
2942
2898
2815
2663
2441
2219
2069
2005
1993
2013
2062
2138
2224
2305
2376
2429
2455
2455
2438
2387
2252
1996
1652
1316
1069
928
855
817
797
770
691
534
330
136
-11
-116
-194
-242
-260
-280
-350
-475
-589
-627
-599
-572
-578
-593
-612
-692
-869
-1094
-1264
-1329
-1311
-1247
-1140
-993
-825
-655
-491
-353
-272
-247
-243
-229
-214
-217
-235
-246
-235
-210
-179
-138
-79
-2
75
143
208
279
345
376
359
323
301
294
298
331
412
508
558
527
442
343
245
138
21
-87
-172
-244
-324
-414
-502
-576
-634
-667
-662
-624
-602
-651
-782
-961
-1150
-1343
-1536
-1717
-1876
-2020
-2154
-2285
-2421
-2565
-2696
-2799
-2885
-2966
-3034
-3057
-3000
-2830
-2527
-2120
-1699
-1347
-1073
-858
-750
-812
-1001
-1169
-1228
-1213
-1178
-1118
-1016
-901
-797
-676
-486
-229
50
321
579
807
983
1102
1175
1225
1309
1478
1711
1938
2132
2325
2515
2643
2670
2622
2537
2421
2290
2191
2150
2133
2121
2158
2269
2395
2469
2520
2606
2707
2754
2725
2639
2505
2316
2075
1807
1548
1344
1233
1200
1179
1129
1066
999
885
708
537
433
346
211
65
-22
-67
-139
-243
-313
-331
-345
-392
-451
-510
-606
-756
-910
-1019
-1088
-1139
-1160
-1132
-1056
-945
-816
-687
-563
-447
-358
-331
-369
-428
-466
-489
-520
-541
-511
-438
-375
-338
-295
-226
-154
-96
-35
31
81
104
111
123
140
155
167
188
225
264
280
264
231
197
150
67
-37
-120
-179
-262
-379
-462
-454
-409
-414
-471
-518
-537
-585
-696
-828
-934
-1031
-1162
-1333
-1513
-1693
-1879
-2063
-2220
-2333
-2411
-2474
-2535
-2591
-2632
-2670
-2718
-2732
-2621
-2343
-1965
-1601
-1294
-1035
-856
-840
-992
-1207
-1373
-1468
-1504
-1444
-1262
-1024
-843
-753
-690
-583
-429
-244
-19
252
539
782
943
1012
1012
1007
1070
1225
1443
1682
1924
2152
2330
2405
2358
2216
2042
1904
1849
1877
1953
2056
2189
2337
2450
2496
2501
2514
2545
2563
2559
2550
2531
2452
2273
2019
1764
1567
1451
1408
1414
1439
1447
1402
1282
1101
906
742
621
532
460
402
351
291
211
119
27
-50
-109
-164
-241
-353
-484
-616
-743
-852
-911
-908
-872
-844
-826
-786
-712
-626
-556
-510
-494
-522
-589
-669
-737
-779
-778
-725
-642
-566
-511
-468
-439
-432
-431
-404
-339
-268
-224
-212
-219
-238
-254
-240
-185
-106
-19
66
121
100
-3
-128
-211
-251
-298
-372
-441
-473
-490
-527
-568
-563
-510
-461
-460
-493
-532
-594
-713
-874
-1024
-1143
-1262
-1403
-1551
-1705
-1876
-2033
-2117
-2132
-2156
-2224
-2282
-2298
-2316
-2357
-2319
-2085
-1695
-1304
-1000
-764
-615
-633
-822
-1066
-1256
-1368
-1395
-1303
-1107
-913
-820
-813
-806
-755
-663
-517
-285
4
273
465
573
612
609
617
697
875
1127
1406
1667
1876
1996
2003
1912
1779
1661
1584
1550
1570
1654
1774
1881
1959
2047
2169
2285
2352
2401
2477
2554
2570
2521
2445
2333
2151
1930
1758
1672
1622
1575
1571
1622
1642
1552
1387
1232
1100
956
814
731
719
725
703
648
573
475
359
255
179
106
9
-106
-221
-339
-471
-609
-712
-751
-732
-694
-657
-601
-516
-442
-431
-479
-540
-594
-669
-765
-836
-843
-815
-799
-792
-767
-732
-715
-714
-698
-664
-635
-611
-568
-512
-486
-502
-517
-482
-416
-364
-335
-303
-269
-271
-320
-391
-456
-524
-602
-664
-691
-699
-717
-724
-679
-594
-537
-535
-547
-541
-549
-608
-693
-763
-833
-936
-1061
-1173
-1288
-1444
-1608
-1703
-1722
-1743
-1800
-1834
-1824
-1845
-1939
-1996
-1886
-1640
-1388
-1154
-860
-527
-330
-373
-552
-713
-843
-1002
-1145
-1160
-1046
-929
-880
-850
-790
-736
-702
-610
-403
-150
50
198
344
462
483
436
448
577
752
909
1079
1286
1460
1516
1480
1429
1379
1299
1214
1195
1253
1325
1387
1486
1639
1785
1880
1969
2101
2234
2303
2318
2344
2370
2323
2182
2015
1875
1750
1628
1558
1571
1620
1633
1607
1580
1532
1418
1259
1146
1116
1116
1091
1068
1080
1081
999
849
717
641
570
466
361
291
226
112
-42
-172
-246
-288
-318
-319
-282
-232
-202
-200
-225
-281
-360
-439
-504
-569
-639
-691
-706
-711
-743
-787
-796
-767
-748
-766
-783
-759
-717
-708
-732
-741
-714
-679
-663
-656
-624
-567
-524
-527
-563
-603
-644
-704
-785
-860
-905
-926
-942
-946
-926
-887
-852
-815
-768
-729
-721
-724
-711
-707
-766
-878
-981
-1053
-1150
-1297
-1436
-1513
-1567
-1645
-1706
-1691
-1642
-1639
-1668
-1644
-1553
-1464
-1387
-1238
-987
-736
-586
-513
-462
-474
-614
-829
-989
-1041
-1041
-1028
-972
-860
-760
-741
-775
-775
-702
-578
-416
-206
27
215
314
350
370
381
376
398
516
718
904
1008
1068
1125
1131
1037
919
900
984
1057
1082
1153
1324
1501
1580
1624
1751
1942
2072
2110
2148
2230
2272
2206
2080
1977
1894
1788
1681
1632
1638
1645
1638
1655
1699
1725
1702
1651
1603
1550
1476
1396
1342
1312
1267
1194
1115
1055
1000
923
824
723
636
550
452
346
248
165
98
49
13
-16
-34
-28
-8
-8
-49
-112
-164
-209
-276
-370
-464
-548
-635
-725
-789
-820
-841
-865
-868
-836
-794
-770
-760
-750
-751
-774
-799
-797
-774
-764
-771
-769
-763
-783
-835
-883
-903
-919
-956
-992
-1002
-1004
-1036
-1088
-1110
-1084
-1046
-1020
-974
-872
-750
-684
-704
-760
-800
-833
-905
-1015
-1125
-1211
-1288
-1378
-1473
-1554
-1607
-1624
-1603
-1559
-1510
-1447
-1350
-1227
-1116
-1026
-909
-742
-582
-500
-492
-505
-532
-608
-728
-824
-851
-833
-816
-807
-795
-786
-784
-763
-701
-607
-495
-353
-179
-15
89
130
151
185
236
305
392
484
561
622
673
695
676
648
667
729
779
791
812
886
984
1057
1117
1227
1406
1594
1725
1803
1866
1927
1956
1928
1865
1814
1792
1768
1705
1612
1539
1520
1534
1537
1526
1535
1573
1609
1612
1591
1577
1574
1561
1526
1480
1430
1368
1296
1229
1173
1113
1039
964
894
805
679
551
470
437
408
366
340
338
318
247
160
110
94
70
27
-11
-43
-111
-230
-361
-464
-543
-615
-664
-670
-652
-658
-694
-724
-728
-734
-761
-781
-768
-748
-766
-813
-843
-845
-862
-911
-953
-959
-963
-1003
-1056
-1074
-1070
-1093
-1140
-1162
-1153
-1161
-1196
-1201
-1140
-1055
-993
-940
-872
-831
-872
-962
-1031
-1071
-1133
-1224
-1295
-1334
-1389
-1491
-1601
-1663
-1671
-1646
-1586
-1486
-1366
-1254
-1159
-1084
-1029
-977
-896
-786
-692
-648
-654
-695
-775
-886
-991
-1039
-1018
-961
-904
-862
-836
-816
-797
-782
-763
-696
-547
-352
-198
-119
-74
-26
9
13
35
130
277
401
464
494
511
499
462
439
466
537
628
726
823
914
998
1082
1176
1282
1400
1524
1647
1749
1810
1827
1813
1794
1786
1776
1738
1677
1634
1626
1626
1613
1616
1663
1728
1764
1769
1779
1795
1782
1736
1697
1686
1671
1620
1545
1474
1409
1344
1285
1243
1211
1177
1127
1053
948
820
697
603
547
521
516
518
512
487
445
385
310
232
163
101
35
-39
-126
-234
-358
-465
-534
-573
-601
-610
-595
-580
-601
-645
-677
-698
-738
-787
-798
-773
-772
-819
-867
-884
-909
-974
-1047
-1074
-1067
-1072
-1093
-1105
-1115
-1159
-1227
-1264
-1256
-1236
-1217
-1172
-1092
-1016
-985
-995
-1018
-1053
-1115
-1199
-1271
-1315
-1355
-1423
-1516
-1598
-1649
-1682
-1709
-1703
-1638
-1542
-1476
-1445
-1397
-1314
-1237
-1185
-1107
-974
-850
-816
-850
-877
-899
-984
-1116
-1180
-1118
-1018
-974
-967
-933
-884
-882
-915
-895
-781
-626
-493
-384
-279
-193
-149
-135
-112
-54
40
159
279
370
416
429
434
441
446
464
527
640
752
820
863
938
1058
1178
1271
1375
1529
1690
1780
1794
1806
1854
1889
1866
1827
1830
1860
1846
1783
1741
1763
1814
1849
1885
1944
1999
2002
1960
1918
1896
1873
1842
1826
1826
1808
1747
1664
1585
1511
1432
1363
1319
1286
1236
1158
1067
970
870
789
743
721
690
647
608
568
499
400
312
261
214
131
25
-65
-141
-234
-345
-428
-462
-477
-505
-537
-551
-559
-594
-658
-715
-742
-757
-788
-833
-872
-898
-924
-957
-984
-994
-999
-1018
-1053
-1090
-1122
-1154
-1185
-1204
-1213
-1222
-1230
-1224
-1204
-1184
-1170
-1144
-1102
-1070
-1078
-1114
-1145
-1175
-1232
-1314
-1381
-1411
-1429
-1470
-1526
-1570
-1592
-1601
-1595
-1559
-1494
-1429
-1380
-1337
-1284
-1224
-1165
-1101
-1018
-925
-855
-835
-862
-920
-997
-1077
-1129
-1123
-1070
-1006
-954
-916
-892
-898
-924
-921
-849
-725
-591
-461
-327
-210
-156
-167
-183
-151
-80
-2
83
195
321
402
409
381
381
422
474
522
588
691
815
925
1017
1115
1230
1347
1451
1549
1652
1743
1799
1824
1839
1852
1852
1834
1813
1800
1789
1781
1791
1831
1888
1940
1978
2007
2019
2004
1966
1931
1919
1920
1916
1901
1882
1857
1809
1735
1652
1580
1519
1458
1397
1339
1275
1190
1088
991
917
863
817
782
760
738
702
649
586
512
423
328
241
164
81
-16
-114
-197
-264
-322
-376
-428
-474
-511
-541
-572
-609
-649
-682
-715
-762
-822
-872
-899
-913
-931
-956
-973
-982
-999
-1039
-1096
-1151
-1194
-1227
-1257
-1281
-1288
-1281
-1277
-1286
-1301
-1299
-1270
-1221
-1177
-1157
-1158
-1166
-1180
-1223
-1302
-1386
-1444
-1481
-1529
-1590
-1629
-1632
-1629
-1646
-1658
-1631
-1577
-1526
-1482
-1425
-1353
-1274
-1187
-1087
-990
-920
-879
-857
-864
-919
-997
-1045
-1046
-1028
-1012
-983
-936
-898
-892
-904
-900
-862
-785
-670
-529
-392
-284
-203
-143
-110
-103
-87
-24
80
190
282
355
415
454
463
447
440
474
552
642
722
803
908
1030
1136
1224
1329
1462
1590
1678
1741
1801
1850
1865
1854
1841
1833
1816
1789
1772
1775
1790
1809
1841
1888
1935
1967
1986
1993
1991
1980
1963
1943
1925
1910
1886
1838
1771
1699
1631
1561
1489
1429
1382
1325
1242
1154
1085
1023
942
860
807
781
747
697
659
636
596
519
432
359
284
182
75
-6
-71
-156
-254
-325
-360
-402
-471
-535
-558
-559
-582
-626
-658
-677
-719
-795
-865
-893
-900
-922
-953
-970
-984
-1026
-1096
-1157
-1191
-1218
-1251
-1271
-1263
-1252
-1268
-1300
-1313
-1299
-1276
-1251
-1213
-1164
-1125
-1123
-1157
-1214
-1281
-1351
-1417
-1466
-1501
-1538
-1583
-1623
-1644
-1651
-1655
-1647
-1606
-1534
-1473
-1448
-1429
-1380
-1309
-1244
-1178
-1082
-970
-894
-878
-905
-958
-1041
-1132
-1178
-1158
-1107
-1055
-984
-902
-867
-906
-953
-931
-852
-768
-671
-513
-318
-177
-132
-128
-111
-91
-82
-43
63
200
307
373
421
447
436
407
412
474
566
660
771
911
1053
1159
1237
1327
1442
1550
1625
1682
1746
1802
1816
1800
1801
1828
1834
1800
1769
1774
1790
1792
1806
1862
1935
1979
1994
2011
2024
1994
1931
1885
1875
1866
1851
1850
1856
1819
1719
1602
1507
1423
1332
1254
1212
1183
1134
1068
1012
961
899
833
786
758
732
702
663
602
508
389
269
162
70
-8
-76
-138
-196
-248
-296
-347
-400
-442
-472
-507
-545
-574
-596
-637
-699
-758
-801
-843
-887
-915
-923
-941
-984
-1030
-1058
-1089
-1145
-1201
-1225
-1232
-1253
-1278
-1280
-1266
-1263
-1270
-1261
-1231
-1199
-1180
-1170
-1171
-1190
-1226
-1273
-1332
-1404
-1474
-1526
-1572
-1621
-1653
-1654
-1648
-1656
-1654
-1619
-1574
-1550
-1532
-1482
-1408
-1346
-1290
-1192
-1059
-964
-940
-945
-947
-986
-1084
-1181
-1210
-1178
-1136
-1096
-1035
-962
-923
-937
-965
-959
-908
-815
-681
-515
-352
-225
-146
-113
-114
-127
-123
-75
15
119
212
285
338
362
352
331
343
408
505
606
720
865
1024
1152
1244
1339
1455
1561
1624
1662
1707
1754
1776
1772
1774
1798
1821
1814
1783
1759
1760
1784
1821
1870
1932
2002
2055
2068
2042
2002
1968
1938
1907
1884
1878
1877
1855
1796
1708
1611
1516
1424
1342
1278
1231
1189
1140
1082
1029
986
950
915
883
854
819
768
703
632
551
457
359
262
163
63
-23
-87
-142
-202
-254
-280
-295
-335
-398
-443
-460
-485
-538
-587
-605
-618
-671
-750
-812
-846
-883
-932
-968
-977
-988
-1026
-1082
-1133
-1176
-1218
-1248
-1251
-1233
-1214
-1203
-1192
-1181
-1179
-1187
-1188
-1171
-1150
-1149
-1172
-1206
-1252
-1326
-1427
-1525
-1589
-1622
-1644
-1662
-1660
-1638
-1615
-1605
-1600
-1589
-1566
-1530
-1478
-1413
-1339
-1250
-1148
-1054
-998
-981
-981
-991
-1036
-1117
-1187
-1200
-1167
-1126
-1090
-1050
-1011
-990
-988
-979
-942
-869
-759
-617
-472
-360
-292
-246
-214
-203
-204
-170
-73
56
162
222
255
284
300
299
309
367
476
597
701
797
903
1012
1104
1186
1286
1410
1528
1620
1694
1754
1777
1758
1738
1753
1781
1784
1770
1776
1800
1813
1815
1846
1915
1978
2005
2019
2045
2059
2034
1991
1971
1969
1952
1913
1872
1832
1769
1675
1578
1503
1447
1394
1345
1300
1254
1198
1138
1082
1028
974
929
899
875
834
772
701
626
537
428
318
225
149
76
3
-60
-112
-165
-220
-270
-316
-367
-415
-445
-454
-470
-511
-565
-613
-663
-731
-800
-845
-862
-874
-899
-938
-988
-1048
-1112
-1168
-1213
-1244
-1251
-1231
-1201
-1189
-1198
-1213
-1224
-1234
-1240
-1231
-1209
-1187
-1177
-1191
-1236
-1304
-1378
-1446
-1509
-1571
-1618
-1639
-1651
-1672
-1692
-1692
-1676
-1661
-1638
-1594
-1550
-1527
-1502
-1439
-1347
-1261
-1185
-1098
-1014
-979
-1009
-1071
-1142
-1226
-1299
-1310
-1256
-1191
-1140
-1078
-1015
-1002
-1042
-1056
-985
-869
-764
-649
-483
-317
-238
-243
-251
-234
-226
-221
-161
-38
86
163
211
256
282
279
287
352
459
564
663
786
930
1059
1153
1228
1307
1395
1476
1541
1600
1664
1717
1740
1737
1737
1745
1740
1717
1703
1726
1773
1822
1874
1942
2007
2037
2036
2032
2029
2008
1976
1956
1948
1930
1892
1845
1789
1714
1627
1554
1505
1461
1409
1367
1336
1294
1230
1170
1129
1093
1044
995
958
922
870
803
728
640
533
417
312
220
135
63
9
-33
-78
-127
-169
-206
-247
-293
-338
-374
-403
-431
-468
-515
-569
-630
-704
-781
-841
-877
-903
-936
-976
-1014
-1053
-1100
-1144
-1172
-1185
-1197
-1205
-1196
-1180
-1180
-1197
-1214
-1224
-1234
-1240
-1237
-1230
-1238
-1269
-1317
-1376
-1444
-1509
-1560
-1600
-1639
-1662
-1655
-1639
-1647
-1662
-1641
-1593
-1570
-1579
-1563
-1497
-1429
-1399
-1364
-1271
-1151
-1082
-1075
-1075
-1071
-1113
-1217
-1314
-1338
-1293
-1228
-1161
-1085
-1008
-970
-986
-1024
-1041
-1014
-939
-818
-660
-494
-357
-272
-238
-244
-269
-284
-255
-173
-62
53
164
260
313
310
286
293
341
406
491
622
798
966
1087
1181
1277
1359
1394
1404
1440
1509
1577
1626
1675
1734
1780
1783
1748
1706
1686
1700
1744
1810
1887
1971
2049
2091
2079
2035
1991
1953
1911
1877
1878
1908
1924
1894
1828
1749
1663
1567
1479
1420
1393
1373
1349
1322
1292
1250
1191
1121
1054
1000
954
909
862
814
757
676
569
452
344
245
150
70
25
10
-3
-34
-71
-111
-166
-243
-320
-378
-417
-452
-483
-502
-524
-575
-654
-738
-812
-882
-941
-974
-979
-979
-997
-1028
-1061
-1101
-1156
-1211
-1240
-1240
-1225
-1204
-1181
-1165
-1172
-1200
-1226
-1246
-1274
-1315
-1352
-1371
-1395
-1448
-1521
-1578
-1606
-1628
-1662
-1690
-1688
-1665
-1654
-1660
-1654
-1620
-1583
-1568
-1561
-1523
-1450
-1371
-1306
-1244
-1171
-1104
-1073
-1086
-1129
-1189
-1256
-1310
-1320
-1273
-1187
-1089
-1007
-959
-951
-972
-991
-982
-928
-823
-675
-508
-367
-284
-255
-258
-277
-296
-286
-208
-63
97
222
299
344
358
339
315
340
434
568
706
848
995
1124
1206
1255
1304
1365
1425
1482
1546
1613
1659
1681
1705
1740
1762
1758
1745
1749
1767
1792
1833
1898
1971
2029
2065
2078
2058
2004
1942
1897
1873
1861
1870
1901
1920
1887
1804
1703
1601
1502
1423
1389
1394
1404
1395
1364
1310
1228
1129
1040
978
937
910
894
867
804
703
588
469
345
237
174
151
130
93
54
22
-29
-111
-191
-240
-277
-328
-377
-405
-432
-483
-549
-610
-672
-745
-812
-845
-857
-883
-929
-963
-984
-1013
-1058
-1096
-1123
-1157
-1191
-1199
-1181
-1166
-1170
-1176
-1176
-1191
-1233
-1277
-1298
-1313
-1346
-1385
-1411
-1435
-1474
-1525
-1572
-1614
-1649
-1662
-1651
-1636
-1631
-1617
-1578
-1547
-1562
-1593
-1578
-1516
-1454
-1402
-1318
-1201
-1114
-1095
-1111
-1127
-1165
-1244
-1313
-1313
-1262
-1214
-1162
-1075
-984
-954
-978
-984
-942
-897
-860
-775
-620
-467
-385
-349
-309
-280
-292
-307
-257
-145
-27
74
183
292
348
341
328
358
416
477
566
710
881
1027
1126
1196
1256
1308
1348
1386
1443
1522
1601
1654
1680
1698
1721
1732
1719
1705
1728
1784
1842
1897
1959
2019
2052
2054
2048
2038
2007
1959
1924
1912
1898
1870
1848
1841
1815
1744
1660
1604
1569
1519
1459
1422
1409
1387
1340
1289
1249
1201
1129
1051
993
948
895
832
766
691
593
481
379
300
230
163
112
90
79
52
5
-44
-93
-155
-233
-303
-355
-397
-440
-483
-531
-597
-681
-760
-818
-863
-904
-931
-934
-933
-955
-991
-1018
-1042
-1084
-1139
-1174
-1179
-1174
-1179
-1189
-1196
-1205
-1219
-1239
-1264
-1296
-1331
-1361
-1386
-1416
-1447
-1475
-1508
-1549
-1584
-1599
-1610
-1631
-1643
-1627
-1597
-1586
-1588
-1574
-1551
-1552
-1566
-1536
-1442
-1338
-1263
-1194
-1112
-1065
-1099
-1185
-1259
-1300
-1322
-1320
-1263
-1160
-1061
-1004
-981
-981
-1003
-1030
-1023
-959
-851
-720
-579
-444
-342
-292
-287
-294
-284
-247
-183
-92
26
154
257
310
320
321
335
358
392
459
578
730
883
1023
1147
1248
1315
1357
1390
1426
1468
1519
1581
1649
1707
1744
1759
1757
1744
1733
1737
1766
1824
1904
1984
2039
2066
2075
2062
2014
1942
1883
1863
1872
1885
1896
1904
1891
1841
1758
1664
1572
1489
1426
1392
1372
1352
1332
1314
1281
1220
1142
1070
1010
958
910
866
820
758
680
587
477
356
250
182
136
92
57
41
24
-27
-105
-175
-227
-287
-362
-418
-440
-458
-506
-574
-633
-687
-753
-818
-859
-878
-903
-944
-984
-1015
-1049
-1093
-1135
-1157
-1166
-1173
-1178
-1179
-1188
-1212
-1238
-1249
-1251
-1263
-1286
-1307
-1327
-1361
-1419
-1484
-1539
-1583
-1619
-1641
-1646
-1643
-1644
-1650
-1651
-1646
-1646
-1652
-1654
-1642
-1611
-1563
-1503
-1435
-1357
-1276
-1210
-1177
-1167
-1169
-1193
-1250
-1314
-1335
-1300
-1251
-1214
-1172
-1111
-1072
-1081
-1098
-1068
-998
-923
-833
-702
-562
-471
-432
-393
-344
-329
-341
-305
-190
-67
8
70
154
226
244
247
298
388
467
535
639
772
881
958
1047
1156
1247
1307
1374
1461
1527
1551
1565
1601
1646
1671
1682
1704
1733
1752
1771
1807
1858
1908
1955
2003
2042
2057
2054
2038
2012
1975
1939
1913
1897
1884
1868
1841
1794
1730
1671
1626
1584
1539
1499
1471
1441
1395
1340
1290
1240
1182
1125
1078
1036
983
916
842
761
665
561
468
396
331
266
207
160
117
68
17
-28
-68
-108
-154
-206
-262
-324
-389
-457
-528
-599
-666
-723
-766
-798
-829
-864
-906
-945
-977
-1004
-1029
-1052
-1072
-1092
-1113
-1133
-1154
-1179
-1209
-1241
-1270
-1290
-1296
-1288
-1279
-1290
-1324
-1365
-1405
-1460
-1529
-1586
-1611
-1620
-1636
-1651
-1646
-1634
-1640
-1655
-1646
-1619
-1613
-1631
-1626
-1571
-1504
-1459
-1409
-1321
-1228
-1189
-1201
-1217
-1229
-1277
-1354
-1393
-1355
-1282
-1226
-1176
-1107
-1045
-1036
-1065
-1070
-1022
-946
-862
-753
-617
-500
-446
-439
-435
-416
-389
-348
-263
-131
10
120
193
243
274
282
289
329
410
512
621
742
872
987
1069
1134
1211
1295
1366
1421
1479
1541
1589
1618
1646
1678
1701
1711
1723
1750
1793
1845
1908
1972
2023
2055
2073
2076
2053
2016
1986
1968
1945
1922
1921
1932
1914
1856
1798
1763
1724
1660
1604
1586
1576
1528
1460
1419
1396
1341
1251
1180
1145
1109
1046
978
926
865
772
669
583
504
414
325
266
230
190
142
97
56
7
-52
-114
-177
-241
-303
-358
-405
-457
-522
-598
-676
-747
-801
-836
-858
-878
-897
-919
-952
-999
-1050
-1102
-1146
-1172
-1177
-1176
-1186
-1206
-1226
-1247
-1274
-1301
-1315
-1317
-1319
-1328
-1338
-1356
-1403
-1477
-1547
-1595
-1630
-1660
-1670
-1658
-1650
-1659
-1668
-1661
-1652
-1660
-1670
-1654
-1618
-1582
-1544
-1481
-1396
-1315
-1249
-1196
-1165
-1172
-1213
-1268
-1320
-1359
-1367
-1332
-1264
-1191
-1128
-1075
-1043
-1042
-1051
-1029
-964
-874
-767
-638
-509
-424
-394
-386
-373
-359
-342
-285
-168
-29
83
170
251
312
329
326
351
408
473
549
668
824
965
1066
1158
1259
1340
1383
1420
1484
1550
1586
1610
1660
1723
1753
1750
1756
1784
1806
1817
1851
1919
1988
2033
2068
2103
2111
2072
2012
1967
1940
1910
1887
1888
1901
1891
1854
1811
1766
1702
1627
1570
1540
1514
1470
1421
1382
1342
1279
1201
1133
1082
1035
978
919
862
802
721
616
503
403
314
230
159
119
103
79
31
-27
-74
-123
-195
-272
-322
-355
-407
-481
-550
-610
-688
-786
-862
-890
-895
-912
-934
-941
-951
-993
-1054
-1103
-1140
-1184
-1220
-1224
-1208
-1212
-1238
-1258
-1264
-1282
-1318
-1344
-1345
-1347
-1374
-1404
-1421
-1450
-1515
-1591
-1641
-1669
-1704
-1739
-1740
-1706
-1673
-1662
-1655
-1635
-1617
-1617
-1613
-1576
-1505
-1422
-1344
-1270
-1198
-1146
-1141
-1190
-1266
-1331
-1373
-1394
-1385
-1326
-1228
-1141
-1102
-1087
-1061
-1036
-1036
-1022
-938
-797
-668
-573
-477
-377
-330
-360
-399
-371
-295
-221
-132
9
167
266
298
322
357
373
373
418
532
670
785
899
1032
1152
1221
1264
1321
1392
1452
1506
1573
1639
1678
1690
1699
1709
1708
1705
1725
1772
1825
1878
1944
2011
2053
2063
2064
2066
2050
2007
1958
1921
1892
1862
1834
1811
1786
1748
1709
1676
1640
1588
1526
1470
1425
1386
1346
1303
1258
1209
1156
1100
1042
982
919
848
771
692
615
533
439
345
268
207
143
76
22
-16
-56
-107
-156
-193
-236
-297
-360
-404
-443
-507
-595
-679
-746
-812
-884
-935
-949
-947
-957
-974
-983
-993
-1031
-1096
-1152
-1180
-1197
-1220
-1241
-1249
-1259
-1288
-1327
-1348
-1344
-1335
-1331
-1324
-1318
-1335
-1393
-1475
-1551
-1614
-1672
-1716
-1730
-1721
-1715
-1718
-1708
-1676
-1645
-1636
-1634
-1608
-1560
-1515
-1473
-1409
-1320
-1237
-1188
-1163
-1155
-1187
-1272
-1367
-1414
-1399
-1351
-1284
-1184
-1067
-991
-987
-1018
-1031
-1017
-984
-909
-765
-587
-455
-400
-384
-371
-372
-390
-377
-285
-136
15
142
253
337
366
349
343
383
457
541
638
761
891
992
1057
1116
1189
1268
1346
1426
1514
1597
1654
1681
1691
1696
1698
1694
1696
1719
1767
1826
1879
1922
1960
1991
2010
2017
2021
2028
2028
2014
1985
1946
1897
1834
1766
1707
1665
1639
1622
1614
1612
1601
1564
1501
1428
1357
1288
1224
1172
1137
1105
1058
991
916
837
749
655
570
504
439
365
288
224
166
99
25
-38
-88
-140
-198
-248
-284
-324
-379
-434
-477
-520
-583
-662
-732
-786
-836
-887
-919
-929
-932
-946
-968
-989
-1018
-1063
-1114
-1152
-1174
-1194
-1216
-1231
-1237
-1244
-1259
-1276
-1290
-1306
-1325
-1343
-1356
-1370
-1395
-1427
-1459
-1494
-1537
-1582
-1616
-1641
-1665
-1684
-1682
-1660
-1634
-1610
-1578
-1534
-1499
-1481
-1456
-1394
-1302
-1216
-1150
-1094
-1062
-1085
-1169
-1268
-1335
-1366
-1369
-1325
-1220
-1094
-1007
-975
-963
-948
-938
-929
-881
-771
-632
-517
-437
-381
-355
-367
-389
-368
-284
-164
-39
89
216
314
363
378
390
415
455
516
604
705
798
881
967
1063
1159
1256
1364
1476
1569
1631
1670
1689
1681
1655
1642
1659
1693
1719
1748
1797
1859
1912
1957
2006
2051
2072
2068
2061
2056
2039
2005
1967
1933
1889
1825
1757
1703
1663
1635
1628
1645
1661
1651
1613
1555
1478
1380
1277
1196
1139
1094
1057
1030
1005
958
882
793
704
614
521
428
346
270
193
115
46
-13
-73
-135
-196
-245
-280
-308
-342
-386
-435
-489
-553
-630
-710
-785
-853
-912
-955
-973
-976
-983
-996
-1005
-1014
-1042
-1093
-1146
-1192
-1240
-1288
-1318
-1328
-1335
-1343
-1335
-1300
-1265
-1262
-1285
-1318
-1367
-1446
-1534
-1598
-1636
-1671
-1697
-1698
-1682
-1675
-1677
-1663
-1625
-1583
-1553
-1529
-1509
-1499
-1486
-1447
-1380
-1308
-1232
-1147
-1078
-1069
-1119
-1188
-1253
-1316
-1356
-1325
-1215
-1087
-996
-933
-871
-835
-856
-893
-881
-812
-726
-633
-516
-388
-302
-276
-276
-262
-237
-205
-146
-40
90
205
294
362
410
438
463
506
578
671
775
881
977
1060
1139
1222
1305
1382
1460
1544
1618
1667
1690
1701
1701
1684
1662
1660
1690
1744
1811
1888
1971
2039
2072
2067
2034
1992
1960
1951
1960
1972
1978
1966
1922
1839
1732
1634
1566
1535
1543
1586
1640
1665
1636
1562
1462
1344
1221
1116
1048
1014
1004
1000
983
931
837
717
589
466
358
276
220
175
128
79
20
-57
-144
-213
-252
-277
-307
-342
-381
-437
-516
-600
-672
-734
-793
-843
-871
-889
-919
-962
-995
-1014
-1027
-1034
-1034
-1037
-1060
-1104
-1156
-1206
-1255
-1293
-1308
-1299
-1279
-1256
-1235
-1227
-1246
-1289
-1341
-1400
-1475
-1561
-1635
-1691
-1739
-1779
-1799
-1789
-1764
-1740
-1710
-1666
-1624
-1607
-1607
-1593
-1550
-1481
-1391
-1274
-1150
-1062
-1041
-1082
-1161
-1269
-1384
-1466
-1479
-1425
-1327
-1207
-1079
-969
-899
-861
-833
-800
-760
-695
-591
-467
-361
-291
-248
-234
-249
-262
-226
-139
-37
61
172
300
411
483
544
626
718
793
862
949
1043
1124
1202
1304
1428
1541
1621
1678
1725
1767
1804
1843
1891
1942
1981
1998
1982
1931
1869
1830
1842
1914
2035
2171
2272
2303
2269
2198
2114
2030
1963
1927
1905
1855
1751
1605
1451
1326
1255
1254
1312
1384
1422
1404
1348
1269
1175
1073
983
919
870
810
721
599
454
307
184
104
60
26
-12
-57
-110
-174
-243
-307
-359
-396
-418
-435
-465
-522
-597
-671
-728
-768
-799
-828
-862
-902
-943
-977
-1008
-1038
-1062
-1070
-1063
-1046
-1023
-998
-977
-963
-955
-959
-985
-1030
-1077
-1114
-1143
-1167
-1183
-1193
-1207
-1226
-1241
-1255
-1281
-1327
-1371
-1398
-1422
-1459
-1501
-1541
-1585
-1637
-1681
-1705
-1720
-1740
-1757
-1747
-1700
-1617
-1487
-1300
-1070
-846
-679
-604
-643
-791
-1010
-1240
-1422
-1517
-1508
-1405
-1238
-1044
-856
-696
-573
-480
-397
-316
-234
-158
-88
-32
-2
-10
-47
-94
-126
-121
-62
55
216
409
617
817
980
1089
1143
1141
1102
1062
1057
1092
1154
1239
1350
1468
1556
1605
1635
1667
1701
1743
1809
1889
1934
1910
1836
1746
1657
1577
1535
1567
1668
1793
1902
1973
1980
1900
1750
1581
1436
1320
1231
1176
1154
1140
1112
1077
1049
1027
1000
979
969
948
889
801
719
657
595
524
454
393
324
249
197
183
179
160
129
94
28
-89
-229
-345
-413
-440
-426
-373
-312
-287
-314
-366
-426
-501
-587
-657
-692
-703
-706
-710
-726
-758
-793
-808
-790
-743
-684
-626
-579
-555
-563
-606
-678
-770
-866
-947
-997
-1012
-997
-966
-926
-882
-842
-826
-853
-915
-990
-1068
-1149
-1227
-1298
-1373
-1460
-1542
-1602
-1644
-1680
-1703
-1702
-1689
-1693
-1724
-1770
-1824
-1880
-1896
-1811
-1616
-1360
-1090
-833
-639
-579
-676
-876
-1109
-1327
-1490
-1549
-1485
-1348
-1208
-1079
-939
-782
-620
-443
-231
3
217
375
457
449
349
189
23
-100
-147
-94
64
303
578
857
1121
1341
1488
1568
1618
1663
1691
1696
1695
1703
1705
1678
1641
1633
1666
1725
1807
1933
2091
2225
2278
2248
2170
2064
1942
1840
1806
1851
1931
2000
2029
2011
1941
1817
1651
1475
1326
1224
1154
1088
1017
958
912
864
808
775
784
807
793
733
648
538
386
201
29
-90
-160
-201
-218
-207
-175
-143
-121
-111
-113
-136
-196
-295
-417
-534
-630
-707
-765
-788
-774
-747
-728
-708
-674
-638
-624
-638
-655
-664
-681
-715
-753
-771
-766
-756
-742
-709
-648
-582
-536
-518
-512
-518
-550
-618
-706
-789
-853
-892
-899
-869
-814
-747
-687
-661
-688
-753
-825
-906
-1017
-1143
-1241
-1302
-1367
-1460
-1545
-1589
-1613
-1654
-1698
-1714
-1731
-1793
-1880
-1923
-1883
-1768
-1581
-1320
-1018
-743
-555
-492
-579
-818
-1151
-1474
-1708
-1820
-1790
-1619
-1364
-1110
-885
-670
-469
-314
-192
-44
153
340
453
487
458
349
153
-63
-197
-199
-78
161
525
971
1401
1726
1912
1970
1923
1809
1686
1617
1629
1709
1820
1915
1959
1941
1888
1841
1838
1905
2046
2238
2420
2532
2544
2459
2293
2081
1892
1796
1806
1874
1945
1993
2000
1931
1768
1543
1317
1128
981
887
865
900
941
945
905
836
741
610
452
302
186
104
31
-53
-149
-256
-368
-467
-529
-542
-509
-436
-336
-244
-208
-258
-384
-559
-756
-940
-1066
-1110
-1084
-1017
-929
-839
-777
-759
-768
-785
-797
-792
-759
-714
-691
-698
-705
-703
-720
-768
-798
-759
-676
-607
-559
-505
-454
-453
-504
-567
-624
-681
-736
-757
-727
-664
-602
-562
-555
-587
-649
-728
-826
-939
-1037
-1095
-1135
-1190
-1256
-1318
-1387
-1472
-1539
-1559
-1559
-1593
-1670
-1758
-1838
-1909
-1935
-1846
-1609
-1274
-918
-597
-364
-287
-406
-701
-1103
-1506
-1801
-1921
-1869
-1685
-1404
-1070
-757
-516
-328
-141
47
195
305
421
536
562
443
229
17
-143
-232
-206
-19
318
741
1188
1614
1958
2152
2179
2083
1931
1783
1685
1660
1692
1751
1826
1900
1939
1920
1887
1917
2029
2179
2333
2492
2621
2637
2513
2314
2119
1948
1808
1750
1805
1910
1955
1895
1764
1592
1380
1157
979
874
827
829
874
920
912
843
743
623
475
309
153
11
-132
-268
-373
-450
-533
-623
-673
-663
-622
-570
-497
-412
-358
-365
-423
-526
-681
-877
-1065
-1195
-1252
-1252
-1207
-1121
-1005
-887
-795
-747
-738
-735
-715
-691
-688
-701
-710
-717
-731
-740
-725
-692
-653
-601
-525
-439
-378
-352
-353
-381
-439
-505
-550
-572
-590
-587
-537
-459
-414
-429
-478
-539
-612
-702
-798
-891
-975
-1043
-1093
-1149
-1234
-1334
-1404
-1435
-1457
-1486
-1510
-1543
-1626
-1755
-1852
-1838
-1711
-1499
-1208
-844
-485
-262
-261
-471
-827
-1254
-1664
-1954
-2057
-1969
-1732
-1397
-1020
-667
-387
-191
-53
52
143
232
316
369
356
268
121
-54
-207
-274
-206
11
362
822
1342
1825
2168
2325
2314
2170
1934
1681
1513
1487
1581
1732
1893
2032
2121
2147
2132
2129
2189
2322
2491
2641
2722
2710
2600
2404
2169
1971
1863
1845
1882
1946
2003
1993
1877
1679
1457
1242
1049
910
854
876
927
962
961
909
797
634
449
258
66
-115
-263
-378
-471
-541
-591
-647
-716
-759
-737
-662
-573
-493
-435
-432
-520
-696
-915
-1142
-1353
-1502
-1540
-1475
-1358
-1219
-1065
-928
-851
-833
-833
-829
-833
-847
-848
-830
-817
-824
-836
-832
-809
-771
-711
-635
-561
-490
-411
-345
-333
-376
-430
-463
-490
-528
-551
-530
-477
-430
-400
-381
-386
-446
-555
-667
-750
-812
-873
-936
-997
-1062
-1134
-1197
-1236
-1270
-1328
-1409
-1493
-1576
-1659
-1715
-1692
-1553
-1308
-998
-674
-396
-237
-247
-441
-786
-1207
-1596
-1861
-1971
-1937
-1770
-1490
-1161
-862
-611
-374
-138
62
192
275
336
345
256
73
-150
-350
-477
-480
-338
-68
300
733
1183
1581
1870
2029
2064
1996
1869
1745
1671
1643
1640
1655
1693
1747
1813
1898
2011
2144
2295
2465
2630
2741
2757
2680
2545
2390
2253
2159
2119
2123
2144
2149
2108
2001
1836
1646
1470
1340
1270
1253
1255
1241
1203
1149
1075
966
826
677
532
395
261
124
-30
-199
-360
-490
-577
-624
-630
-601
-551
-493
-439
-413
-447
-557
-714
-884
-1060
-1231
-1360
-1424
-1439
-1421
-1360
-1254
-1146
-1073
-1026
-976
-927
-901
-901
-909
-924
-952
-984
-994
-988
-975
-939
-859
-755
-665
-595
-533
-490
-480
-489
-497
-514
-550
-587
-591
-562
-536
-522
-503
-474
-458
-462
-468
-479
-521
-602
-693
-773
-847
-924
-1004
-1077
-1133
-1165
-1184
-1223
-1305
-1417
-1526
-1626
-1711
-1733
-1621
-1369
-1045
-709
-387
-133
-54
-219
-583
-1026
-1455
-1819
-2055
-2095
-1933
-1637
-1285
-931
-612
-360
-178
-47
51
122
173
205
191
93
-88
-299
-480
-590
-584
-415
-81
372
886
1410
1862
2146
2223
2135
1954
1730
1510
1360
1328
1391
1496
1625
1781
1939
2064
2159
2270
2420
2596
2759
2863
2875
2794
2642
2451
2251
2081
1981
1963
1997
2045
2092
2118
2075
1941
1764
1606
1482
1373
1288
1251
1245
1223
1156
1046
902
732
548
370
207
55
-80
-182
-253
-310
-366
-420
-466
-498
-509
-504
-508
-535
-585
-664
-789
-952
-1123
-1284
-1433
-1547
-1583
-1525
-1418
-1310
-1206
-1093
-999
-964
-978
-1006
-1041
-1097
-1155
-1185
-1185
-1175
-1155
-1112
-1042
-959
-871
-778
-688
-612
-549
-502
-494
-540
-607
-655
-685
-719
-740
-716
-656
-597
-544
-483
-423
-403
-435
-485
-524
-572
-657
-771
-880
-974
-1056
-1122
-1157
-1163
-1163
-1189
-1262
-1366
-1463
-1516
-1501
-1390
-1157
-823
-474
-203
-63
-83
-294
-698
-1200
-1643
-1921
-2023
-1968
-1758
-1414
-1030
-705
-471
-300
-167
-82
-46
-22
27
80
76
-28
-210
-405
-555
-625
-589
-412
-74
392
907
1387
1770
2003
2043
1899
1655
1423
1272
1209
1222
1309
1448
1592
1701
1787
1888
2024
2186
2375
2593
2802
2925
2905
2756
2542
2320
2122
1979
1920
1947
2022
2094
2129
2110
2039
1927
1808
1714
1656
1619
1575
1513
1444
1368
1263
1104
905
707
537
387
242
116
28
-31
-85
-141
-179
-198
-226
-280
-335
-366
-390
-452
-576
-742
-922
-1101
-1275
-1421
-1508
-1522
-1473
-1389
-1287
-1180
-1088
-1033
-1026
-1049
-1086
-1134
-1201
-1277
-1339
-1378
-1397
-1391
-1342
-1247
-1129
-1013
-902
-800
-721
-674
-650
-635
-643
-692
-775
-857
-917
-955
-964
-925
-831
-710
-600
-517
-467
-452
-472
-515
-569
-635
-712
-790
-866
-962
-1087
-1212
-1291
-1321
-1335
-1349
-1357
-1366
-1394
-1411
-1344
-1154
-882
-591
-308
-56
82
9
-292
-739
-1223
-1653
-1949
-2052
-1954
-1700
-1343
-935
-538
-216
2
132
191
180
117
42
-32
-137
-287
-440
-543
-587
-583
-512
-324
8
455
955
1430
1812
2044
2097
1982
1739
1441
1172
1002
962
1047
1223
1433
1623
1773
1903
2034
2178
2346
2542
2740
2876
2892
2782
2582
2328
2060
1830
1694
1664
1718
1826
1960
2078
2132
2108
2033
1941
1837
1718
1599
1494
1394
1291
1184
1072
937
767
581
416
287
189
128
110
121
124
103
61
-12
-134
-284
-410
-488
-546
-617
-701
-788
-897
-1043
-1199
-1319
-1383
-1400
-1367
-1278
-1158
-1056
-1002
-995
-1024
-1078
-1149
-1226
-1301
-1364
-1397
-1393
-1359
-1305
-1237
-1151
-1059
-972
-897
-832
-781
-751
-741
-747
-771
-811
-860
-918
-981
-1028
-1029
-974
-883
-783
-689
-614
-569
-561
-592
-661
-754
-851
-939
-1027
-1126
-1222
-1287
-1322
-1349
-1370
-1367
-1355
-1361
-1367
-1310
-1156
-938
-696
-446
-202
-25
2
-174
-541
-1021
-1496
-1855
-2036
-2039
-1866
-1529
-1086
-642
-275
-2
167
217
167
82
12
-58
-168
-325
-493
-633
-721
-734
-657
-478
-179
250
768
1276
1678
1933
2029
1956
1739
1446
1154
923
801
817
952
1150
1363
1585
1821
2047
2239
2413
2587
2739
2822
2817
2729
2559
2315
2054
1851
1746
1728
1772
1864
1986
2103
2184
2216
2199
2140
2054
1964
1874
1764
1619
1452
1288
1131
978
835
724
646
582
519
470
440
409
355
292
251
222
154
35
-100
-222
-343
-482
-625
-748
-852
-950
-1036
-1087
-1106
-1113
-1113
-1090
-1041
-986
-955
-964
-1020
-1107
-1202
-1286
-1361
-1423
-1456
-1443
-1396
-1334
-1261
-1170
-1072
-997
-957
-935
-914
-906
-934
-992
-1055
-1103
-1136
-1158
-1162
-1131
-1065
-983
-900
-815
-728
-661
-637
-661
-712
-781
-876
-999
-1123
-1218
-1282
-1332
-1366
-1364
-1325
-1274
-1241
-1232
-1241
-1260
-1271
-1233
-1112
-918
-697
-489
-313
-205
-228
-429
-783
-1194
-1555
-1795
-1876
-1781
-1516
-1127
-703
-338
-87
46
75
8
-120
-234
-268
-231
-194
-214
-278
-351
-423
-495
-527
-439
-182
226
717
1203
1604
1861
1942
1840
1591
1281
1011
839
779
836
1005
1243
1477
1664
1818
1970
2119
2260
2412
2581
2726
2788
2747
2612
2397
2132
1880
1705
1631
1655
1774
1966
2169
2307
2350
2316
2231
2108
1965
1831
1718
1618
1521
1422
1299
1142
971
815
685
592
548
548
562
562
542
510
456
358
216
60
-89
-224
-345
-448
-541
-628
-702
-761
-822
-893
-961
-1007
-1028
-1024
-999
-966
-951
-966
-1006
-1067
-1153
-1259
-1357
-1415
-1427
-1402
-1351
-1283
-1218
-1168
-1126
-1089
-1064
-1050
-1036
-1022
-1017
-1023
-1037
-1072
-1133
-1193
-1211
-1187
-1155
-1123
-1064
-972
-887
-840
-814
-796
-805
-859
-934
-1014
-1119
-1251
-1370
-1445
-1483
-1494
-1463
-1394
-1332
-1311
-1301
-1252
-1160
-1042
-883
-663
-427
-253
-184
-235
-436
-789
-1211
-1571
-1793
-1866
-1785
-1534
-1151
-739
-387
-120
57
122
75
-30
-132
-213
-282
-345
-407
-482
-561
-605
-585
-498
-339
-69
330
796
1225
1555
1764
1821
1697
1430
1124
870
703
640
712
912
1169
1408
1614
1806
1982
2131
2266
2406
2536
2614
2618
2545
2392
2170
1938
1772
1703
1706
1768
1891
2050
2188
2274
2313
2310
2252
2147
2030
1920
1801
1659
1515
1393
1286
1175
1067
977
895
805
726
687
679
668
636
591
535
452
328
175
18
-118
-221
-295
-357
-430
-520
-619
-720
-819
-902
-952
-966
-958
-938
-912
-890
-897
-946
-1025
-1109
-1186
-1261
-1334
-1389
-1418
-1419
-1395
-1343
-1270
-1201
-1152
-1115
-1085
-1072
-1081
-1093
-1093
-1098
-1131
-1185
-1231
-1262
-1288
-1302
-1271
-1191
-1088
-985
-886
-811
-799
-848
-921
-998
-1094
-1212
-1314
-1376
-1427
-1487
-1518
-1484
-1417
-1375
-1353
-1307
-1236
-1161
-1068
-913
-703
-498
-339
-242
-242
-404
-732
-1136
-1505
-1772
-1892
-1817
-1551
-1171
-771
-406
-117
46
70
6
-80
-166
-253
-317
-336
-346
-403
-488
-539
-527
-470
-359
-146
186
584
979
1324
1582
1699
1647
1462
1207
942
732
640
684
830
1045
1304
1562
1764
1907
2039
2187
2323
2422
2500
2558
2542
2407
2202
2012
1870
1768
1726
1773
1886
2013
2127
2225
2291
2304
2274
2221
2146
2028
1877
1728
1585
1440
1320
1256
1223
1166
1084
1012
946
860
770
724
725
721
680
619
546
427
244
47
-115
-240
-351
-444
-514
-572
-627
-676
-720
-762
-789
-792
-796
-830
-883
-920
-947
-1003
-1097
-1185
-1240
-1290
-1360
-1416
-1419
-1376
-1314
-1241
-1158
-1084
-1042
-1044
-1093
-1172
-1241
-1276
-1294
-1323
-1351
-1339
-1291
-1256
-1250
-1232
-1174
-1113
-1079
-1047
-995
-958
-971
-1022
-1078
-1143
-1235
-1346
-1452
-1537
-1594
-1600
-1550
-1474
-1405
-1334
-1252
-1182
-1132
-1049
-887
-688
-529
-426
-353
-343
-479
-779
-1143
-1451
-1658
-1752
-1696
-1466
-1111
-729
-384
-102
90
168
137
40
-81
-193
-274
-323
-371
-444
-517
-540
-508
-440
-311
-62
314
748
1156
1500
1744
1826
1709
1445
1137
854
632
518
563
760
1041
1331
1588
1801
1974
2117
2234
2328
2401
2462
2500
2477
2366
2189
1996
1817
1673
1603
1633
1736
1864
2001
2153
2291
2362
2345
2265
2149
2003
1832
1661
1505
1363
1245
1170
1128
1077
1004
932
870
807
751
731
744
744
703
639
567
455
278
74
-95
-220
-332
-432
-501
-544
-586
-635
-674
-697
-716
-733
-741
-746
-767
-810
-864
-926
-1004
-1090
-1167
-1234
-1305
-1364
-1381
-1349
-1297
-1244
-1181
-1104
-1037
-1007
-1014
-1041
-1079
-1124
-1165
-1198
-1232
-1270
-1302
-1316
-1312
-1283
-1223
-1143
-1065
-996
-928
-874
-872
-936
-1028
-1107
-1178
-1272
-1379
-1458
-1496
-1514
-1523
-1514
-1481
-1437
-1395
-1342
-1256
-1116
-925
-710
-512
-363
-278
-279
-417
-712
-1094
-1443
-1675
-1776
-1744
-1567
-1264
-908
-583
-338
-175
-88
-65
-87
-123
-146
-149
-157
-212
-331
-472
-575
-622
-622
-547
-340
8
426
835
1194
1479
1641
1640
1501
1298
1088
902
773
739
805
945
1119
1297
1461
1616
1786
1983
2182
2354
2493
2593
2621
2543
2367
2147
1938
1768
1664
1652
1725
1842
1962
2073
2172
2244
2264
2232
2164
2080
1984
1868
1733
1587
1445
1316
1206
1116
1047
994
950
911
883
873
868
846
794
716
621
511
385
247
114
3
-84
-160
-240
-323
-402
-475
-543
-605
-650
-674
-684
-689
-699
-720
-755
-804
-865
-933
-1001
-1058
-1098
-1130
-1158
-1172
-1158
-1129
-1109
-1106
-1106
-1096
-1082
-1078
-1082
-1086
-1089
-1099
-1121
-1154
-1194
-1229
-1249
-1252
-1242
-1216
-1168
-1109
-1062
-1041
-1041
-1052
-1076
-1119
-1180
-1249
-1318
-1386
-1448
-1496
-1528
-1546
-1556
-1563
-1567
-1552
-1501
-1409
-1281
-1117
-922
-723
-565
-491
-518
-651
-874
-1145
-1395
-1569
-1645
-1620
-1490
-1270
-1010
-759
-541
-359
-223
-138
-84
-41
-13
-21
-67
-139
-230
-340
-439
-483
-447
-325
-109
206
585
962
1289
1539
1683
1696
1595
1440
1286
1158
1074
1064
1137
1263
1405
1554
1711
1862
2005
2155
2321
2482
2610
2691
2714
2661
2536
2373
2210
2064
1949
1895
1923
2012
2119
2228
2335
2411
2423
2372
2281
2167
2030
1883
1751
1649
1567
1492
1421
1350
1270
1183
1106
1047
1005
978
966
949
901
813
692
550
395
242
113
21
-34
-66
-93
-129
-182
-249
-328
-419
-515
-598
-656
-699
-740
-775
-798
-821
-860
-911
-956
-995
-1036
-1074
-1093
-1092
-1087
-1090
-1101
-1124
-1169
-1229
-1278
-1306
-1319
-1322
-1306
-1275
-1252
-1256
-1277
-1302
-1329
-1358
-1373
-1360
-1330
-1308
-1306
-1317
-1337
-1371
-1418
-1463
-1497
-1529
-1567
-1606
-1631
-1642
-1655
-1682
-1715
-1738
-1747
-1747
-1734
-1680
-1563
-1386
-1173
-955
-763
-644
-638
-760
-975
-1225
-1455
-1623
-1697
-1661
-1518
-1298
-1053
-836
-668
-539
-424
-315
-216
-124
-29
61
109
83
-12
-144
-285
-408
-473
-426
-236
74
453
857
1245
1560
1740
1763
1665
1508
1349
1228
1173
1196
1279
1391
1508
1609
1683
1737
1804
1917
2086
2292
2500
2669
2762
2757
2658
2493
2295
2103
1957
1886
1891
1953
2054
2170
2261
2297
2281
2231
2156
2053
1937
1838
1767
1711
1653
1586
1509
1411
1287
1152
1023
919
858
847
859
853
816
757
671
541
375
212
88
4
-54
-87
-103
-132
-201
-303
-414
-528
-644
-747
-821
-865
-885
-884
-870
-865
-894
-950
-1010
-1061
-1115
-1175
-1223
-1240
-1231
-1217
-1222
-1255
-1302
-1344
-1380
-1418
-1447
-1443
-1410
-1383
-1383
-1398
-1415
-1447
-1504
-1559
-1572
-1540
-1497
-1465
-1437
-1412
-1400
-1408
-1439
-1494
-1563
-1623
-1661
-1692
-1733
-1772
-1784
-1780
-1791
-1818
-1828
-1813
-1799
-1782
-1707
-1543
-1333
-1136
-965
-814
-720
-738
-866
-1045
-1227
-1401
-1544
-1608
-1571
-1470
-1344
-1200
-1030
-847
-670
-497
-323
-162
-34
60
114
106
28
-84
-184
-269
-343
-364
-283
-107
110
352
644
972
1254
1433
1536
1602
1617
1557
1461
1391
1358
1337
1325
1347
1409
1491
1593
1732
1908
2094
2274
2443
2568
2612
2581
2516
2430
2319
2199
2110
2065
2034
2001
1982
1990
2010
2023
2036
2062
2082
2072
2029
1956
1854
1732
1611
1508
1414
1324
1238
1157
1075
992
915
849
789
734
686
638
569
472
360
247
132
24
-58
-117
-178
-253
-329
-401
-480
-571
-656
-721
-775
-830
-885
-934
-982
-1039
-1090
-1122
-1139
-1155
-1171
-1182
-1195
-1218
-1250
-1281
-1309
-1330
-1345
-1360
-1384
-1417
-1450
-1475
-1492
-1502
-1504
-1500
-1492
-1486
-1484
-1487
-1491
-1487
-1472
-1459
-1453
-1442
-1433
-1456
-1516
-1576
-1607
-1637
-1691
-1742
-1749
-1735
-1748
-1783
-1785
-1751
-1734
-1745
-1732
-1664
-1578
-1492
-1366
-1186
-1004
-878
-809
-793
-861
-1028
-1243
-1432
-1562
-1622
-1580
-1421
-1204
-1003
-828
-650
-491
-393
-336
-258
-144
-41
17
34
20
-44
-161
-282
-345
-327
-236
-71
174
487
830
1145
1380
1523
1592
1603
1550
1450
1353
1298
1292
1323
1388
1479
1573
1652
1730
1833
1966
2116
2280
2455
2607
2696
2712
2660
2538
2359
2179
2053
1987
1962
1977
2035
2116
2184
2215
2214
2186
2131
2061
1992
1920
1832
1740
1665
1599
1514
1411
1306
1200
1087
981
905
856
814
775
747
721
662
556
422
282
145
28
-47
-91
-135
-192
-248
-307
-397
-522
-654
-760
-833
-879
-897
-894
-890
-900
-924
-955
-996
-1052
-1113
-1168
-1207
-1229
-1238
-1246
-1265
-1291
-1316
-1343
-1377
-1410
-1430
-1436
-1431
-1413
-1390
-1376
-1382
-1403
-1425
-1446
-1468
-1480
-1472
-1452
-1436
-1428
-1424
-1435
-1471
-1518
-1555
-1581
-1605
-1622
-1626
-1625
-1633
-1643
-1650
-1666
-1700
-1734
-1737
-1707
-1657
-1566
-1406
-1197
-1001
-845
-721
-655
-697
-851
-1055
-1238
-1381
-1474
-1490
-1408
-1259
-1090
-919
-752
-605
-486
-377
-253
-123
0
109
188
201
134
23
-87
-183
-260
-276
-179
38
325
641
963
1259
1484
1617
1669
1657
1600
1524
1461
1429
1430
1461
1511
1564
1614
1677
1778
1912
2060
2220
2402
2585
2715
2761
2737
2666
2550
2398
2249
2144
2085
2052
2046
2076
2131
2174
2191
2194
2196
2188
2156
2094
2012
1918
1820
1718
1608
1487
1366
1257
1159
1066
982
920
879
843
807
775
735
662
548
411
276
151
37
-60
-135
-196
-257
-318
-385
-469
-566
-650
-703
-740
-780
-819
-847
-876
-930
-1002
-1066
-1115
-1158
-1195
-1210
-1208
-1212
-1228
-1240
-1244
-1255
-1281
-1311
-1339
-1375
-1412
-1438
-1450
-1461
-1477
-1479
-1462
-1447
-1444
-1435
-1414
-1391
-1372
-1344
-1315
-1317
-1355
-1404
-1447
-1497
-1558
-1599
-1602
-1594
-1600
-1602
-1581
-1565
-1582
-1603
-1592
-1576
-1591
-1604
-1554
-1445
-1328
-1208
-1040
-834
-678
-634
-675
-765
-916
-1124
-1310
-1390
-1367
-1292
-1179
-1020
-839
-686
-577
-481
-379
-271
-146
10
161
243
236
180
101
-12
-149
-244
-241
-140
29
266
573
909
1197
1405
1550
1642
1665
1617
1533
1464
1433
1436
1460
1497
1539
1586
1646
1723
1820
1947
2118
2320
2515
2663
2747
2759
2688
2547
2379
2227
2106
2022
1987
2010
2068
2120
2151
2164
2159
2132
2096
2064
2027
1974
1909
1845
1773
1670
1534
1388
1249
1119
1008
934
895
865
835
816
797
745
642
512
384
261
141
41
-28
-83
-146
-212
-276
-353
-458
-574
-668
-735
-784
-818
-831
-840
-868
-914
-960
-1002
-1057
-1123
-1170
-1182
-1179
-1181
-1188
-1195
-1211
-1244
-1287
-1325
-1358
-1393
-1424
-1439
-1431
-1412
-1398
-1390
-1384
-1377
-1375
-1373
-1364
-1347
-1334
-1328
-1324
-1322
-1335
-1373
-1423
-1467
-1500
-1528
-1542
-1534
-1518
-1512
-1512
-1502
-1492
-1509
-1550
-1588
-1612
-1636
-1648
-1605
-1480
-1298
-1095
-877
-665
-520
-496
-589
-761
-985
-1225
-1418
-1508
-1493
-1398
-1240
-1038
-838
-677
-540
-396
-255
-148
-59
46
145
173
118
26
-75
-189
-295
-335
-276
-138
56
313
632
956
1223
1421
1553
1605
1576
1507
1435
1363
1295
1263
1294
1362
1430
1498
1589
1706
1840
1994
2178
2362
2504
2596
2645
2637
2552
2414
2272
2151
2055
1994
1984
2012
2045
2069
2101
2136
2148
2128
2094
2055
1998
1921
1842
1762
1664
1556
1462
1382
1289
1173
1066
988
923
851
787
751
718
652
561
468
370
252
129
33
-30
-83
-141
-199
-264
-349
-455
-558
-652
-743
-823
-872
-893
-916
-950
-978
-991
-1010
-1047
-1078
-1091
-1104
-1140
-1181
-1205
-1227
-1273
-1330
-1367
-1388
-1415
-1447
-1459
-1447
-1431
-1415
-1385
-1342
-1317
-1321
-1331
-1329
-1336
-1361
-1382
-1381
-1379
-1392
-1403
-1398
-1396
-1419
-1451
-1459
-1447
-1447
-1462
-1468
-1464
-1471
-1489
-1501
-1515
-1551
-1602
-1630
-1612
-1555
-1456
-1298
-1084
-862
-676
-545
-494
-563
-748
-984
-1199
-1363
-1462
-1468
-1367
-1194
-1002
-820
-658
-534
-457
-395
-308
-198
-96
-9
67
106
72
-25
-141
-244
-321
-341
-254
-48
233
536
840
1127
1350
1469
1490
1446
1369
1287
1227
1207
1225
1270
1339
1422
1505
1583
1668
1776
1911
2066
2233
2394
2516
2568
2548
2468
2346
2203
2067
1963
1906
1902
1947
2022
2094
2144
2171
2176
2151
2092
2011
1930
1854
1777
1700
1628
1558
1477
1379
1269
1157
1052
965
901
860
836
817
787
732
649
537
404
265
139
40
-36
-99
-156
-209
-267
-342
-428
-507
-574
-643
-712
-766
-805
-847
-901
-956
-996
-1027
-1057
-1082
-1100
-1119
-1144
-1162
-1167
-1175
-1200
-1228
-1246
-1264
-1300
-1347
-1378
-1387
-1383
-1372
-1350
-1319
-1296
-1292
-1296
-1298
-1292
-1281
-1265
-1250
-1238
-1231
-1233
-1260
-1312
-1364
-1394
-1403
-1405
-1404
-1395
-1379
-1367
-1366
-1374
-1390
-1415
-1444
-1472
-1502
-1527
-1521
-1463
-1359
-1215
-1027
-816
-642
-552
-547
-612
-751
-957
-1169
-1314
-1374
-1376
-1321
-1194
-1021
-864
-735
-598
-451
-335
-254
-166
-65
-2
-6
-42
-80
-143
-238
-312
-313
-266
-199
-66
174
464
719
936
1151
1331
1402
1369
1312
1272
1217
1146
1119
1169
1244
1302
1377
1494
1627
1746
1875
2034
2189
2299
2365
2404
2397
2323
2221
2143
2085
2014
1948
1931
1959
1989
2007
2036
2077
2102
2096
2068
2021
1943
1842
1746
1670
1598
1522
1455
1395
1314
1212
1116
1040
970
902
854
830
797
729
635
536
427
306
193
110
44
-24
-92
-150
-213
-302
-400
-479
-537
-594
-656
-708
-746
-787
-836
-879
-909
-937
-967
-988
-999
-1020
-1058
-1097
-1122
-1142
-1167
-1184
-1184
-1187
-1209
-1237
-1249
-1252
-1265
-1274
-1260
-1234
-1219
-1215
-1205
-1194
-1201
-1224
-1233
-1220
-1217
-1234
-1245
-1238
-1235
-1250
-1258
-1242
-1224
-1229
-1248
-1261
-1270
-1286
-1312
-1338
-1364
-1399
-1435
-1467
-1500
-1529
-1521
-1443
-1296
-1103
-884
-675
-522
-461
-498
-628
-832
-1066
-1273
-1417
-1480
-1456
-1349
-1193
-1035
-885
-712
-523
-373
-278
-192
-96
-40
-59
-116
-170
-241
-343
-425
-434
-388
-331
-237
-47
221
489
730
967
1174
1292
1317
1298
1248
1149
1032
968
978
1021
1077
1174
1317
1461
1590
1741
1921
2071
2157
2220
2284
2301
2245
2163
2101
2049
1988
1940
1926
1926
1917
1920
1956
2000
2023
2046
2086
2094
2027
1919
1823
1721
1588
1467
1414
1404
1365
1293
1239
1202
1122
992
882
824
771
693
624
577
508
397
290
227
177
107
38
-1
-42
-130
-245
-337
-415
-511
-605
-653
-674
-717
-786
-835
-852
-868
-893
-895
-867
-853
-882
-931
-977
-1032
-1105
-1162
-1181
-1179
-1180
-1183
-1182
-1188
-1207
-1222
-1209
-1178
-1149
-1124
-1097
-1085
-1105
-1144
-1171
-1182
-1186
-1184
-1166
-1142
-1133
-1146
-1164
-1176
-1182
-1183
-1173
-1157
-1152
-1168
-1198
-1233
-1278
-1330
-1375
-1401
-1419
-1446
-1476
-1479
-1434
-1336
-1187
-987
-760
-562
-445
-433
-529
-731
-1009
-1293
-1496
-1581
-1555
-1438
-1248
-1031
-844
-706
-603
-523
-467
-421
-352
-254
-171
-143
-171
-233
-325
-435
-519
-546
-512
-421
-252
-5
277
545
784
994
1154
1236
1232
1165
1061
943
851
821
856
941
1067
1220
1377
1522
1656
1774
1866
1943
2037
2144
2224
2244
2218
2167
2086
1976
1871
1807
1778
1772
1806
1891
1981
2030
2054
2081
2084
2032
1948
1871
1797
1697
1585
1504
1449
1380
1293
1230
1191
1129
1032
946
893
842
778
724
688
642
565
476
393
295
168
39
-52
-111
-166
-217
-251
-284
-336
-400
-464
-538
-627
-708
-754
-771
-784
-800
-807
-810
-826
-857
-889
-920
-961
-1006
-1034
-1047
-1063
-1086
-1103
-1109
-1118
-1129
-1129
-1115
-1107
-1110
-1101
-1069
-1041
-1037
-1040
-1024
-1004
-1009
-1033
-1048
-1052
-1068
-1097
-1112
-1102
-1089
-1084
-1071
-1044
-1026
-1035
-1050
-1052
-1051
-1067
-1095
-1124
-1164
-1235
-1327
-1407
-1465
-1499
-1482
-1375
-1182
-952
-727
-526
-376
-327
-403
-570
-782
-1013
-1241
-1417
-1490
-1464
-1381
-1262
-1100
-903
-712
-554
-418
-295
-200
-147
-129
-136
-179
-259
-348
-425
-493
-553
-569
-508
-377
-199
34
331
645
900
1074
1192
1247
1201
1071
928
828
764
731
761
867
1010
1150
1303
1486
1665
1806
1926
2047
2137
2162
2139
2107
2059
1974
1877
1814
1787
1765
1745
1760
1810
1862
1907
1967
2038
2077
2063
2011
1932
1816
1674
1543
1449
1382
1331
1295
1273
1242
1185
1110
1030
948
871
811
767
716
655
594
530
448
354
269
198
123
38
-40
-108
-182
-272
-355
-414
-463
-521
-574
-608
-635
-677
-718
-735
-733
-738
-753
-763
-771
-805
-876
-954
-1011
-1055
-1100
-1128
-1119
-1089
-1075
-1078
-1075
-1060
-1057
-1065
-1055
-1018
-988
-983
-981
-967
-968
-1005
-1049
-1064
-1064
-1083
-1103
-1086
-1049
-1039
-1043
-1019
-972
-950
-964
-972
-960
-969
-1020
-1075
-1103
-1133
-1194
-1261
-1307
-1351
-1408
-1435
-1385
-1264
-1097
-885
-643
-431
-310
-298
-389
-587
-876
-1175
-1387
-1492
-1514
-1447
-1283
-1065
-864
-700
-559
-453
-400
-370
-319
-247
-197
-185
-195
-232
-317
-431
-521
-572
-597
-566
-415
-151
151
447
739
1004
1172
1214
1163
1057
901
721
597
583
649
750
892
1082
1273
1417
1524
1624
1712
1785
1867
1969
2057
2095
2085
2051
1988
1886
1771
1678
1615
1580
1601
1689
1802
1892
1967
2045
2095
2076
1995
1884
1754
1606
1468
1375
1321
1277
1240
1223
1206
1146
1046
948
867
791
735
726
745
742
701
642
563
434
259
91
-29
-113
-185
-240
-269
-292
-329
-373
-412
-454
-505
-552
-583
-602
-624
-655
-697
-743
-788
-826
-866
-916
-975
-1025
-1054
-1069
-1074
-1064
-1036
-999
-967
-949
-951
-979
-1024
-1068
-1095
-1099
-1083
-1052
-1013
-974
-945
-931
-935
-956
-984
-1010
-1028
-1035
-1038
-1037
-1027
-1001
-963
-928
-903
-882
-862
-856
-876
-914
-955
-1004
-1078
-1163
-1237
-1299
-1358
-1391
-1357
-1245
-1081
-884
-658
-431
-270
-221
-275
-411
-625
-888
-1129
-1287
-1362
-1367
-1292
-1140
-959
-802
-665
-525
-396
-308
-250
-190
-139
-138
-186
-242
-302
-392
-501
-568
-562
-503
-403
-238
-4
255
497
716
903
1018
1036
991
925
840
733
652
642
693
770
876
1028
1207
1366
1493
1612
1725
1800
1837
1866
1895
1895
1862
1829
1805
1771
1722
1683
1665
1648
1630
1647
1714
1789
1833
1855
1878
1874
1814
1718
1627
1542
1451
1370
1317
1275
1212
1130
1058
997
929
856
806
774
733
685
653
628
576
496
419
351
264
143
16
-97
-201
-301
-377
-416
-436
-452
-458
-451
-457
-497
-557
-616
-669
-718
-756
-780
-803
-838
-879
-914
-946
-983
-1012
-1020
-1010
-999
-991
-984
-986
-1007
-1036
-1051
-1051
-1045
-1035
-1013
-979
-944
-912
-881
-854
-844
-858
-886
-922
-970
-1029
-1079
-1096
-1077
-1031
-970
-896
-822
-769
-747
-748
-764
-800
-855
-912
-953
-986
-1040
-1124
-1212
-1280
-1321
-1326
-1261
-1101
-871
-633
-428
-269
-183
-212
-363
-582
-807
-1010
-1176
-1281
-1296
-1232
-1118
-971
-797
-620
-474
-362
-273
-218
-215
-245
-267
-279
-307
-351
-378
-378
-375
-381
-363
-292
-181
-48
117
324
539
717
840
906
908
853
776
713
678
679
732
839
973
1100
1210
1312
1401
1467
1516
1566
1617
1662
1704
1744
1776
1796
1810
1824
1828
1810
1768
1713
1659
1621
1604
1608
1627
1654
1681
1693
1680
1642
1589
1528
1470
1427
1405
1383
1335
1256
1161
1050
916
773
655
580
547
546
562
573
560
524
481
432
365
271
159
36
-96
-226
-338
-424
-491
-535
-550
-543
-539
-551
-574
-597
-619
-641
-664
-685
-708
-743
-791
-850
-918
-987
-1046
-1087
-1102
-1087
-1046
-988
-933
-892
-865
-850
-850
-865
-885
-895
-898
-905
-913
-912
-903
-900
-911
-916
-900
-872
-856
-851
-841
-823
-808
-792
-760
-723
-702
-703
-710
-721
-751
-796
-837
-864
-891
-930
-969
-1007
-1060
-1119
-1140
-1089
-974
-817
-621
-402
-205
-90
-82
-180
-375
-646
-930
-1152
-1273
-1297
-1229
-1071
-855
-636
-456
-323
-238
-200
-197
-210
-233
-277
-340
-393
-422
-437
-452
-454
-432
-393
-343
-253
-98
103
307
497
681
835
903
869
776
669
557
448
388
422
544
711
896
1087
1265
1401
1485
1529
1544
1534
1515
1510
1522
1537
1550
1567
1586
1600
1606
1603
1590
1569
1549
1544
1555
1579
1618
1672
1716
1718
1670
1592
1497
1389
1279
1194
1144
1115
1090
1069
1049
1016
957
881
805
738
681
642
621
603
568
512
440
348
231
97
-30
-140
-237
-314
-357
-365
-359
-354
-345
-331
-334
-371
-441
-530
-631
-733
-819
-875
-908
-929
-936
-919
-887
-862
-847
-837
-832
-833
-830
-815
-797
-793
-807
-836
-879
-934
-988
-1016
-1013
-986
-932
-847
-749
-671
-624
-600
-595
-623
-679
-736
-771
-787
-797
-801
-790
-758
-715
-667
-616
-565
-528
-515
-529
-570
-634
-713
-795
-868
-925
-968
-1003
-1027
-1025
-981
-889
-750
-579
-391
-212
-79
-35
-98
-248
-447
-670
-893
-1077
-1181
-1199
-1144
-1023
-839
-629
-438
-280
-146
-41
8
-8
-67
-154
-274
-415
-532
-600
-629
-619
-541
-393
-219
-47
130
313
478
608
710
780
794
745
661
570
475
386
349
389
488
620
789
986
1166
1309
1434
1541
1592
1581
1554
1534
1498
1428
1354
1305
1270
1244
1261
1337
1424
1472
1505
1559
1613
1622
1602
1586
1561
1500
1418
1343
1260
1150
1044
992
990
987
965
950
945
917
858
801
757
699
624
558
514
463
384
288
199
119
43
-25
-81
-135
-194
-243
-277
-316
-376
-432
-453
-449
-459
-495
-540
-583
-633
-688
-731
-761
-796
-834
-847
-827
-804
-812
-838
-847
-833
-817
-808
-795
-770
-749
-741
-744
-756
-775
-799
-820
-830
-822
-787
-738
-692
-656
-621
-583
-549
-517
-483
-458
-466
-510
-565
-611
-646
-670
-668
-637
-607
-594
-584
-572
-573
-584
-576
-546
-522
-518
-519
-527
-568
-654
-761
-862
-946
-988
-941
-798
-617
-450
-289
-134
-45
-73
-190
-345
-529
-734
-907
-992
-995
-956
-884
-758
-595
-450
-345
-267
-210
-184
-175
-150
-118
-121
-172
-245
-314
-383
-447
-475
-441
-348
-210
-30
186
408
590
707
761
757
700
607
507
428
389
396
448
536
652
789
935
1072
1182
1264
1326
1371
1396
1404
1400
1380
1338
1286
1251
1242
1238
1227
1223
1237
1259
1281
1319
1378
1430
1441
1414
1370
1309
1224
1131
1052
991
938
898
875
851
800
740
707
698
676
633
597
577
544
479
397
315
229
130
25
-62
-125
-171
-209
-234
-240
-227
-208
-208
-242
-305
-381
-465
-556
-634
-682
-700
-710
-730
-766
-805
-822
-798
-743
-687
-648
-621
-598
-591
-618
-678
-747
-802
-834
-843
-833
-809
-768
-709
-639
-574
-521
-472
-423
-385
-376
-398
-433
-461
-483
-520
-573
-611
-598
-539
-461
-380
-292
-215
-189
-226
-290
-336
-364
-399
-444
-470
-460
-437
-440
-479
-526
-536
-498
-443
-408
-397
-401
-435
-522
-645
-747
-789
-769
-695
-575
-431
-300
-214
-187
-224
-329
-481
-630
-732
-780
-789
-764
-710
-641
-566
-483
-395
-323
-292
-301
-325
-338
-331
-316
-311
-319
-325
-318
-305
-306
-317
-304
-227
-83
93
264
408
508
544
515
449
378
319
276
277
353
485
612
702
785
890
989
1045
1067
1082
1086
1071
1065
1086
1110
1108
1107
1137
1172
1151
1086
1053
1087
1143
1194
1258
1332
1360
1313
1223
1136
1053
965
894
869
880
892
889
875
844
780
686
590
512
462
439
435
433
422
404
376
331
272
212
158
98
20
-73
-163
-237
-292
-314
-295
-255
-240
-277
-345
-403
-447
-496
-545
-567
-558
-551
-572
-613
-662
-715
-754
-745
-674
-577
-500
-447
-406
-392
-421
-472
-507
-523
-541
-559
-553
-527
-512
-525
-540
-526
-483
-422
-340
-229
-99
7
51
19
-76
-203
-329
-423
-464
-446
-386
-309
-227
-149
-92
-62
-44
-22
-6
-15
-48
-92
-155
-251
-370
-480
-554
-583
-569
-517
-443
-361
-270
-173
-110
-128
-222
-340
-450
-557
-653
-691
-641
-527
-411
-334
-312
-348
-435
-546
-640
-687
-683
-635
-559
-470
-385
-323
-303
-335
-405
-482
-544
-580
-584
-548
-470
-367
-265
-183
-127
-98
-99
-121
-133
-108
-56
-8
24
65
125
179
202
213
248
313
384
444
504
574
637
668
658
617
572
554
580
636
703
777
858
933
994
1049
1108
1150
1141
1072
972
875
795
731
695
709
781
889
991
1053
1068
1049
995
894
765
659
614
611
609
593
574
557
526
471
413
380
380
396
408
406
384
333
253
161
75
2
-59
-96
-96
-69
-38
-24
-32
-60
-113
-184
-255
-313
-359
-388
-385
-351
-311
-288
-281
-279
-277
-282
-300
-331
-364
-377
-363
-333
-308
-296
-299
-319
-349
-368
-363
-338
-293
-214
-107
-22
-13
-63
-119
-165
-214
-255
-259
-235
-214
-203
-179
-141
-109
-71
16
143
211
135
-55
-247
-365
-412
-422
-399
-312
-159
-4
60
15
-74
-143
-195
-244
-269
-252
-239
-292
-401
-493
-534
-560
-586
-565
-472
-363
-310
-308
-305
-280
-264
-282
-332
-402
-491
-597
-692
-741
-724
-654
-564
-484
-432
-414
-424
-451
-481
-491
-456
-371
-269
-205
-222
-314
-428
-506
-524
-492
-421
-311
-172
-38
49
68
27
-53
-132
-155
-90
33
143
195
199
177
138
105
119
186
258
308
363
447
516
522
489
479
500
509
496
503
547
589
594
572
542
508
488
504
551
592
609
615
622
629
638
650
649
614
558
522
512
488
429
378
379
415
430
406
377
371
374
357
325
318
350
381
353
261
152
69
10
-35
-55
-32
20
66
97
134
186
228
233
202
146
64
-40
-141
-214
-257
-276
-259
-196
-116
-56
-19
15
44
50
50
78
112
76
-43
-158
-204
-231
-292
-331
-264
-129
-36
-7
24
85
125
112
95
115
142
126
58
-66
-236
-383
-421
-366
-305
-250
-125
74
227
233
148
80
38
-38
-143
-195
-179
-184
-272
-392
-456
-444
-394
-326
-224
-92
9
8
-83
-175
-219
-245
-289
-338
-383
-448
-526
-537
-418
-225
-77
-23
-25
-73
-206
-412
-591
-670
-672
-638
-540
-352
-152
-72
-157
-307
-393
-394
-394
-432
-440
-363
-273
-284
-379
-409
-289
-107
13
65
109
115
-9
-237
-419
-445
-358
-249
-143
-27
76
124
129
140
164
159
107
52
41
65
80
69
58
79
138
218
293
332
323
276
223
190
188
222
288
356
376
336
271
228
215
220
245
299
357
369
326
276
271
300
312
270
181
85
27
43
136
264
376
450
485
469
381
244
128
75
65
50
18
-9
-11
24
106
222
324
363
330
232
66
-135
-259
-215
-47
125
247
349
428
417
275
60
-139
-286
-378
-392
-295
-91
171
415
547
500
312
87
-121
-312
-454
-465
-311
-48
246
495
600
461
109
-265
-493
-579
-592
-490
-182
274
678
876
845
616
222
-244
-617
-769
-714
-554
-359
-134
114
331
450
424
248
-36
-339
-555
-608
-493
-283
-81
38
66
40
-7
-67
-144
-229
-279
-254
-149
-21
47
16
-80
-177
-249
-330
-450
-579
-633
-554
-366
-159
-5
100
193
258
215
14
-275
-504
-573
-503
-384
-280
-197
-127
-87
-124
-251
-390
-405
-242
-8
134
132
77
59
60
17
-83
-214
-367
-525
-601
-514
-294
-64
104
247
398
473
349
32
-301
-454
-401
-262
-148
-54
75
230
326
298
163
-6
-136
-177
-128
-44
13
56
142
267
354
348
251
87
-120
-292
-317
-168
43
186
258
320
357
303
164
24
-78
-171
-246
-215
-15
294
584
752
743
535
177
-182
-389
-413
-329
-181
42
284
397
314
161
107
152
182
170
203
282
270
101
-69
-60
69
96
-56
-228
-239
-85
104
236
327
416
451
333
82
-121
-126
-5
50
0
-3
113
198
122
5
32
147
141
-14
-118
-47
92
154
155
193
252
225
93
-37
-78
-67
-67
-60
15
139
182
54
-160
-258
-139
101
287
316
178
-71
-298
-343
-149
162
389
406
204
-144
-512
-746
-737
-496
-134
228
496
601
538
388
218
-6
-328
-643
-744
-566
-291
-150
-150
-99
114
372
495
453
338
191
-48
-397
-736
-905
-840
-575
-179
234
478
415
142
-56
-8
152
177
25
-133
-191
-247
-405
-566
-557
-378
-204
-141
-101
36
274
543
783
894
739
290
-273
-716
-943
-989
-882
-628
-287
52
363
625
735
601
333
150
90
-18
-246
-431
-421
-294
-193
-92
111
330
341
99
-179
-283
-215
-86
39
128
139
82
56
127
217
197
66
-59
-100
-89
-76
-73
-70
-65
-50
-14
38
76
81
46
-27
-107
-108
33
267
461
531
461
252
-73
-404
-610
-663
-619
-482
-186
253
655
843
810
634
333
-80
-457
-599
-470
-224
-14
139
285
405
398
217
-40
-227
-305
-319
-251
-5
394
721
764
567
319
50
-339
-756
-880
-573
-81
306
565
768
789
454
-109
-525
-594
-457
-302
-116
167
461
606
552
338
-12
-440
-756
-744
-399
44
354
516
642
744
684
352
-183
-693
-923
-746
-260
258
563
610
483
237
-97
-393
-483
-342
-110
101
292
424
329
-47
-447
-534
-282
33
186
183
115
17
-103
-201
-230
-182
-75
58
159
170
100
35
38
103
170
156
-7
-268
-420
-304
-24
146
91
-43
-96
-95
-139
-180
-102
57
132
100
154
417
694
660
241
-316
-726
-897
-870
-656
-247
245
604
665
445
108
-133
-140
45
224
244
149
60
-44
-286
-633
-819
-630
-159
302
575
686
702
610
381
45
-311
-557
-562
-294
110
410
456
274
-15
-316
-571
-717
-681
-420
27
499
781
795
661
501
252
-202
-747
-1046
-871
-324
320
836
1055
841
252
-406
-838
-987
-891
-484
258
1068
1509
1350
736
-16
-660
-1059
-1138
-910
-477
41
518
798
780
498
35
-534
-1019
-1100
-626
164
854
1205
1201
878
299
-354
-858
-1146
-1233
-1012
-370
467
1029
1097
826
397
-122
-560
-644
-348
22
208
269
339
351
185
-68
-243
-357
-481
-494
-243
157
443
534
527
431
163
-205
-424
-344
-81
179
352
376
158
-235
-489
-357
12
248
215
105
84
85
10
-65
-38
21
-10
-79
-23
156
281
254
153
45
-105
-296
-423
-433
-377
-247
52
496
841
860
604
315
127
-48
-335
-692
-913
-807
-379
146
516
663
655
470
48
-438
-623
-375
-6
104
-41
-134
-14
160
181
42
-143
-292
-363
-324
-198
-66
65
291
627
861
706
128
-573
-1030
-1105
-853
-343
339
931
1088
718
113
-358
-573
-622
-560
-345
4
340
505
453
224
-118
-463
-651
-565
-252
98
290
273
164
103
97
43
-95
-240
-300
-249
-98
106
276
333
262
80
-186
-447
-524
-312
35
230
210
179
257
313
245
149
85
-77
-354
-466
-204
172
233
-6
-123
57
217
86
-151
-191
-67
3
24
152
345
379
221
78
24
-132
-487
-774
-665
-193
327
677
851
829
512
-63
-629
-903
-814
-465
-3
407
582
440
96
-215
-327
-239
-90
-22
-75
-172
-190
-57
209
515
693
553
48
-573
-922
-831
-476
-122
169
485
815
945
652
-5
-668
-985
-891
-547
-84
440
893
1047
795
283
-251
-677
-934
-928
-649
-266
97
536
1075
1369
1016
107
-800
-1255
-1231
-876
-259
490
1043
1128
819
399
4
-405
-787
-946
-711
-118
570
999
935
413
-302
-876
-1071
-829
-283
316
746
923
874
628
198
-338
-787
-953
-788
-407
14
331
453
367
157
-31
-103
-85
-68
-68
-17
84
127
86
87
174
146
-155
-549
-676
-412
42
405
509
329
2
-204
-137
37
52
-38
10
140
14
-389
-637
-450
-71
134
140
132
155
101
-63
-243
-342
-297
-79
196
292
160
54
155
280
187
-71
-304
-473
-596
-544
-186
346
711
699
384
-39
-410
-594
-502
-202
110
305
393
419
391
280
18
-384
-715
-690
-284
206
478
495
390
249
74
-127
-313
-435
-418
-180
218
515
496
253
60
33
59
-1
-162
-332
-389
-281
-84
100
264
454
603
533
176
-280
-542
-485
-212
108
368
507
475
276
-15
-274
-382
-303
-116
88
286
433
389
79
-336
-591
-567
-323
47
451
733
717
384
-76
-436
-586
-529
-357
-231
-213
-131
180
525
518
118
-274
-308
-51
198
254
118
-122
-318
-287
11
346
412
132
-305
-633
-675
-419
-47
223
356
447
467
272
-120
-453
-508
-331
-123
11
98
162
170
91
-69
-245
-298
-134
92
90
-173
-352
-166
225
429
293
-12
-266
-385
-331
-77
265
415
215
-127
-235
-25
189
87
-268
-536
-500
-234
113
498
836
868
399
-374
-964
-1006
-514
188
670
683
361
67
-31
-119
-379
-636
-567
-179
192
340
378
427
416
289
128
-29
-252
-492
-509
-175
294
538
401
31
-309
-422
-264
29
211
176
57
7
-17
-105
-138
88
511
753
518
-54
-536
-667
-558
-417
-235
99
504
718
610
295
-55
-365
-545
-427
7
450
537
262
-59
-208
-255
-309
-321
-178
121
450
629
528
177
-211
-392
-284
-27
160
146
-20
-169
-154
2
131
138
116
169
223
161
21
-105
-223
-331
-279
27
382
458
196
-152
-364
-423
-341
-65
302
453
255
-5
42
361
534
235
-415
-930
-898
-363
254
576
575
437
266
17
-305
-538
-495
-171
241
481
401
103
-117
-97
14
16
-51
-79
-169
-433
-665
-527
-29
478
768
905
885
490
-280
-941
-1015
-568
-26
334
468
382
142
-72
-135
-130
-209
-359
-423
-291
18
394
630
503
52
-327
-294
5
154
4
-268
-481
-556
-367
183
858
1135
726
-84
-752
-1000
-888
-508
120
860
1375
1365
806
-56
-885
-1404
-1442
-974
-162
677
1217
1259
804
65
-563
-748
-519
-233
-147
-138
64
471
807
794
366
-334
-976
-1128
-596
275
845
829
501
210
-19
-284
-508
-526
-336
-53
259
541
633
422
68
-140
-139
-100
-102
-44
102
187
126
32
8
-22
-144
-239
-121
153
327
305
273
389
511
343
-178
-755
-975
-652
6
544
622
323
30
-12
82
90
-29
-186
-354
-495
-422
5
542
716
414
51
4
133
49
-346
-757
-807
-338
452
1066
1056
464
-169
-373
-246
-204
-351
-389
-121
278
553
665
671
496
15
-651
-1056
-816
-84
519
571
297
193
326
282
-169
-668
-728
-352
75
356
562
659
442
-112
-693
-958
-829
-450
17
483
865
1029
863
408
-136
-545
-723
-697
-483
-78
372
587
475
275
197
94
-247
-670
-780
-434
128
605
856
818
471
-17
-352
-447
-495
-604
-594
-301
129
430
527
498
374
152
-74
-189
-227
-301
-371
-258
74
415
540
419
149
-175
-461
-608
-553
-322
9
357
638
753
631
302
-122
-503
-731
-733
-500
-115
269
518
587
524
395
218
-8
-228
-349
-333
-228
-77
133
409
648
659
298
-370
-1034
-1317
-1040
-326
512
1162
1402
1137
494
-153
-476
-524
-601
-764
-710
-238
404
798
804
560
190
-256
-639
-759
-595
-313
9
432
894
1113
870
262
-388
-785
-850
-711
-509
-222
223
694
855
547
24
-341
-482
-547
-496
-148
394
767
824
719
486
-30
-727
-1136
-965
-459
-16
309
636
814
574
7
-475
-625
-497
-201
165
417
426
287
133
-119
-589
-1037
-980
-288
569
1022
930
520
63
-246
-339
-353
-479
-624
-436
210
918
1133
694
-82
-767
-1098
-966
-423
275
797
985
870
500
-83
-686
-990
-823
-333
180
525
658
571
273
-137
-505
-735
-786
-591
-100
559
1046
1045
536
-187
-732
-840
-527
-63
246
300
242
225
208
61
-206
-412
-406
-231
-33
111
237
388
512
466
179
-204
-421
-385
-281
-290
-326
-164
228
615
732
487
-42
-659
-1053
-930
-291
508
1034
1088
722
111
-510
-901
-947
-737
-451
-176
125
469
757
852
717
413
15
-419
-792
-947
-770
-317
179
483
514
335
50
-239
-410
-370
-135
155
329
318
230
238
345
307
-84
-696
-1146
-1180
-838
-250
526
1316
1685
1267
233
-772
-1227
-1140
-843
-547
-181
365
915
1056
608
-81
-472
-425
-252
-213
-198
-40
129
69
-128
-120
157
370
233
-150
-470
-541
-370
-14
477
955
1081
559
-415
-1141
-1084
-498
-118
-208
-255
239
969
1192
679
-111
-691
-933
-845
-416
219
750
935
746
295
-251
-681
-826
-680
-353
90
598
948
865
396
-81
-325
-448
-602
-700
-567
-175
322
702
771
491
63
-215
-229
-128
-98
-157
-242
-333
-356
-145
320
724
677
134
-520
-800
-530
27
434
473
286
121
50
-22
-153
-286
-355
-373
-350
-226
33
316
436
325
120
35
124
169
-90
-577
-873
-678
-134
408
748
826
577
44
-461
-579
-329
-98
-127
-234
-139
125
306
268
81
-121
-244
-256
-183
-76
45
165
241
223
127
20
-63
-159
-307
-465
-522
-368
24
512
807
700
305
-51
-207
-299
-487
-674
-604
-170
437
878
919
541
-92
-710
-1005
-793
-195
397
634
530
383
351
248
-152
-706
-999
-790
-221
408
868
1003
711
82
-538
-768
-509
-17
348
388
127
-253
-490
-381
35
457
592
421
138
-129
-384
-570
-502
-107
364
564
401
46
-309
-517
-422
-34
310
263
-50
-141
195
600
613
206
-312
-685
-804
-598
-134
291
434
397
419
487
405
157
-72
-221
-413
-623
-560
-60
563
809
539
46
-357
-599
-720
-673
-364
198
845
1292
1238
540
-562
-1472
-1650
-1067
-170
585
1022
1103
775
125
-497
-745
-607
-309
35
447
807
814
353
-294
-736
-827
-612
-154
403
746
635
220
-64
4
176
55
-394
-770
-671
-117
493
775
644
281
-107
-415
-580
-539
-297
15
240
344
395
425
354
87
-309
-595
-573
-278
102
415
554
401
-30
-426
-399
37
400
282
-154
-396
-198
220
508
493
177
-292
-642
-638
-297
159
530
723
680
370
-108
-532
-714
-625
-337
65
471
746
795
559
17
-678
-1148
-1087
-592
-25
412
758
992
913
425
-247
-770
-975
-827
-298
492
1136
1216
704
-69
-790
-1300
-1441
-1028
-118
875
1460
1438
929
141
-691
-1203
-1057
-330
424
696
503
198
-47
-333
-645
-702
-352
152
476
601
650
531
121
-327
-367
9
273
31
-479
-720
-485
-13
384
563
499
255
2
-110
-128
-212
-406
-551
-428
24
606
931
703
29
-606
-761
-460
-92
59
60
104
239
341
280
65
-136
-120
107
274
143
-138
-166
170
462
275
-290
-723
-699
-343
34
258
326
296
236
189
126
9
-75
28
276
363
51
-510
-893
-792
-283
274
557
539
426
356
226
-125
-607
-882
-710
-176
464
974
1129
773
34
-671
-1016
-988
-671
-72
659
1071
819
164
-280
-302
-268
-468
-659
-467
61
545
739
687
526
323
84
-212
-597
-1023
-1260
-995
-162
862
1480
1365
698
-52
-565
-834
-915
-716
-176
468
822
729
341
-141
-610
-934
-907
-439
279
903
1179
1037
544
-135
-759
-1117
-1104
-713
-55
579
845
648
243
-45
-143
-200
-306
-364
-239
43
331
514
588
537
280
-211
-756
-1025
-807
-210
435
829
863
587
160
-221
-453
-593
-698
-666
-329
264
775
847
457
-51
-303
-263
-192
-251
-282
-68
282
421
233
-18
-131
-253
-496
-564
-130
563
900
646
165
-148
-290
-410
-458
-323
-103
37
121
243
319
203
-42
-220
-293
-371
-456
-364
17
521
822
726
298
-236
-661
-862
-814
-518
1
603
1019
1030
639
26
-584
-983
-1021
-681
-108
476
854
865
486
-88
-529
-642
-504
-282
-20
287
529
571
443
249
-33
-458
-842
-857
-440
79
392
560
770
910
639
-108
-917
-1251
-928
-227
401
701
713
567
287
-132
-540
-683
-470
-84
240
424
453
245
-175
-495
-365
179
716
851
493
-179
-836
-1130
-888
-271
355
730
791
527
3
-473
-534
-229
-3
-95
-211
9
462
693
434
-164
-721
-884
-528
92
495
479
336
327
243
-165
-577
-449
139
505
286
-116
-205
-67
-63
-181
-135
76
171
64
-23
38
90
-53
-315
-429
-245
114
375
381
209
47
-26
-83
-167
-161
41
320
415
198
-214
-574
-631
-277
302
691
604
183
-164
-216
-110
-53
-36
54
166
112
-156
-447
-545
-422
-183
113
462
774
831
497
-97
-637
-885
-791
-433
48
480
719
678
334
-207
-633
-587
-87
344
197
-349
-570
-89
623
833
388
-254
-627
-621
-357
11
304
353
164
-33
-10
208
354
167
-352
-854
-867
-260
532
894
655
195
-63
-110
-211
-444
-555
-309
158
446
322
-27
-197
8
392
594
447
74
-294
-500
-508
-381
-201
25
326
597
583
165
-391
-617
-323
245
703
836
573
-65
-824
-1229
-993
-337
256
553
676
748
680
367
-107
-565
-899
-1010
-730
-15
842
1340
1177
479
-349
-931
-1084
-819
-294
260
635
740
618
385
135
-126
-456
-832
-1057
-896
-332
350
814
945
822
519
58
-439
-736
-698
-430
-127
116
269
269
131
30
107
231
162
-83
-243
-185
-55
17
122
313
392
173
-184
-375
-367
-346
-353
-226
98
457
678
724
561
113
-511
-913
-759
-157
442
668
455
-16
-453
-580
-299
222
640
671
309
-170
-433
-346
-55
186
243
134
-76
-294
-338
-74
335
512
282
-133
-395
-383
-202
-22
20
-95
-181
21
493
821
625
-9
-679
-1089
-1093
-567
397
1259
1386
727
-147
-702
-901
-950
-877
-576
-28
691
1426
1765
1187
-269
-1691
-2028
-1141
120
861
923
703
528
386
125
-320
-819
-1070
-800
-60
736
1127
934
330
-328
-711
-681
-359
-29
94
41
26
177
387
442
266
12
-110
-69
-13
-38
-64
-12
31
-45
-170
-194
-106
-2
112
306
508
492
188
-173
-336
-321
-313
-379
-404
-224
240
843
1169
831
-86
-1002
-1381
-1188
-692
-27
774
1432
1486
813
-186
-1002
-1406
-1351
-779
232
1246
1656
1205
262
-518
-787
-712
-639
-646
-515
-100
400
650
565
351
175
5
-224
-431
-479
-336
-88
165
365
482
486
327
-42
-571
-1006
-979
-329
633
1292
1215
510
-304
-757
-773
-580
-335
24
528
934
905
403
-254
-722
-877
-707
-192
526
995
789
40
-577
-531
3
398
268
-216
-625
-662
-267
423
1064
1217
708
-161
-894
-1230
-1152
-645
217
981
1043
361
-346
-360
200
591
370
-180
-530
-478
-213
-38
-127
-378
-454
-113
488
898
809
283
-406
-968
-1118
-665
228
1024
1244
850
129
-601
-1081
-1121
-747
-240
136
384
615
751
614
258
-61
-255
-463
-680
-630
-168
422
704
555
213
-28
-58
52
106
-87
-471
-695
-475
27
383
401
271
217
231
194
76
-93
-316
-540
-548
-162
473
930
858
286
-429
-881
-879
-517
-23
404
640
641
472
262
60
-210
-556
-743
-499
78
526
519
196
-133
-361
-493
-397
48
615
798
346
-389
-758
-473
99
309
-91
-661
-711
-67
714
949
553
-4
-298
-311
-255
-276
-363
-396
-239
152
643
929
714
-31
-934
-1399
-1042
-74
820
1096
806
386
106
-94
-348
-656
-894
-873
-448
296
982
1200
859
231
-317
-571
-515
-299
-166
-243
-359
-214
234
701
881
673
140
-508
-897
-709
-32
616
746
347
-174
-458
-464
-338
-158
117
480
739
629
140
-356
-488
-321
-226
-348
-431
-200
272
648
659
297
-219
-579
-567
-253
52
130
84
149
355
476
272
-268
-837
-980
-489
323
847
757
296
-68
-145
-93
-112
-242
-423
-539
-433
-56
373
537
370
101
-45
-60
-30
27
91
53
-149
-372
-392
-167
137
320
274
11
-323
-482
-294
158
619
889
885
556
-55
-684
-993
-903
-587
-155
399
891
933
432
-151
-337
-244
-302
-502
-389
163
659
631
221
-98
-136
-80
-112
-194
-197
-76
106
215
143
-31
-67
110
201
-92
-578
-685
-137
663
1030
692
-2
-514
-620
-461
-276
-174
-120
-7
239
558
722
496
-100
-726
-992
-771
-234
366
816
944
676
141
-384
-679
-698
-518
-270
-77
31
169
464
837
962
542
-352
-1230
-1505
-941
144
1089
1397
1064
432
-201
-712
-1018
-1005
-629
-10
611
985
993
734
422
139
-249
-806
-1239
-1102
-349
499
880
751
480
320
170
-149
-564
-769
-551
-14
539
870
885
542
-125
-865
-1255
-996
-193
700
1200
1098
539
-115
-543
-678
-645
-486
-96
470
832
659
89
-418
-577
-466
-285
-122
34
206
376
466
356
34
-305
-429
-356
-287
-263
-111
251
653
848
699
203
-479
-1002
-1036
-559
132
700
973
851
288
-496
-977
-785
-132
396
440
154
-51
73
385
491
128
-511
-886
-613
126
750
824
377
-234
-622
-551
-62
503
723
479
53
-208
-250
-241
-273
-274
-186
-43
138
369
546
470
125
-204
-248
-115
-118
-308
-383
-106
367
639
478
22
-368
-443
-267
-96
-60
-28
189
545
765
620
123
-531
-1056
-1149
-692
72
700
927
797
471
61
-345
-640
-727
-574
-233
170
479
615
612
491
149
-429
-911
-879
-360
186
450
550
646
629
340
-113
-463
-605
-618
-558
-399
-136
196
567
859
835
398
-203
-598
-648
-465
-191
92
315
429
434
335
105
-226
-495
-518
-284
76
442
716
709
275
-419
-919
-877
-353
286
669
647
334
-4
-133
-32
75
-70
-459
-755
-621
-93
459
726
724
600
320
-233
-877
-1122
-691
118
722
830
587
265
5
-182
-308
-397
-468
-483
-344
-15
379
621
580
311
-8
-235
-371
-508
-645
-617
-250
378
916
1028
670
95
-399
-663
-704
-578
-332
14
429
791
852
423
-321
-866
-833
-348
164
455
549
473
159
-345
-727
-656
-131
491
779
551
-9
-478
-544
-272
55
258
297
118
-235
-463
-276
182
450
338
136
128
186
49
-251
-478
-522
-365
40
547
732
352
-284
-679
-692
-481
-114
405
832
804
342
-103
-243
-266
-429
-649
-674
-400
121
749
1163
969
139
-771
-1069
-632
-10
216
58
-21
238
578
568
92
-553
-968
-926
-431
307
899
974
511
-123
-538
-594
-321
138
435
223
-367
-709
-390
262
632
584
410
186
-303
-919
-1037
-333
668
1155
885
233
-386
-817
-1004
-848
-325
393
1003
1176
702
-263
-1120
-1257
-624
249
848
1064
970
514
-299
-1080
-1272
-754
-9
405
388
229
196
316
444
387
19
-542
-902
-721
-97
493
636
323
-117
-318
-173
97
173
-35
-314
-399
-236
52
344
533
452
37
-442
-565
-229
236
445
296
-53
-363
-450
-281
-10
157
197
253
358
293
-106
-610
-756
-356
263
575
356
-117
-356
-141
297
559
447
27
-501
-880
-860
-363
365
871
856
422
-46
-246
-188
-119
-227
-409
-364
35
504
595
166
-470
-839
-679
-115
457
706
626
419
181
-135
-458
-551
-328
-44
33
-10
73
252
275
114
-24
-92
-249
-452
-373
124
689
853
525
-13
-471
-732
-757
-548
-224
63
313
626
943
973
471
-426
-1192
-1314
-752
11
436
438
362
490
676
537
-23
-595
-666
-210
264
284
-92
-423
-414
-157
81
164
143
136
217
334
295
-18
-403
-491
-200
176
364
355
189
-161
-564
-656
-254
323
590
460
233
108
13
-115
-201
-221
-230
-201
-61
105
131
37
19
165
334
352
179
-137
-480
-613
-337
167
394
118
-278
-276
143
527
528
210
-138
-281
-137
197
425
239
-337
-868
-911
-424
265
815
1039
861
340
-243
-565
-598
-593
-646
-491
96
841
1177
869
183
-508
-1003
-1124
-685
198
1002
1236
889
304
-257
-735
-1052
-1016
-533
219
873
1100
801
197
-280
-358
-204
-202
-435
-565
-278
285
687
674
356
-27
-318
-428
-331
-154
-94
-83
203
796
1098
511
-684
-1470
-1194
-218
635
966
901
623
193
-263
-569
-682
-633
-359
145
601
675
378
38
-105
-110
-133
-219
-320
-376
-292
5
421
728
789
592
140
-483
-970
-997
-587
-44
440
872
1167
1039
334
-656
-1365
-1396
-767
168
916
1094
694
76
-349
-410
-188
94
205
102
-44
-103
-176
-372
-510
-275
328
858
867
330
-382
-820
-709
-105
568
832
596
147
-274
-610
-737
-448
166
635
609
243
-105
-323
-452
-364
60
517
496
-16
-435
-316
148
489
549
441
162
-395
-1043
-1262
-723
289
1145
1448
1202
566
-306
-1139
-1522
-1213
-411
407
904
1029
841
388
-166
-515
-471
-195
1
13
-27
-55
-179
-396
-427
-20
638
1043
889
343
-242
-687
-951
-924
-473
289
928
987
403
-356
-665
-356
93
112
-272
-503
-216
338
692
701
475
34
-596
-1064
-922
-182
660
1122
1039
453
-415
-1079
-1038
-301
529
871
696
325
-66
-472
-790
-826
-506
66
676
1029
878
287
-335
-599
-499
-335
-321
-357
-211
171
589
772
598
186
-206
-396
-371
-220
-59
2
-20
24
172
205
-24
-273
-191
149
305
61
-299
-410
-242
30
305
482
382
32
-237
-242
-238
-453
-600
-255
450
916
820
401
-34
-482
-933
-1060
-570
291
915
972
656
300
-22
-442
-926
-1142
-796
-41
612
805
658
503
417
164
-404
-1028
-1221
-759
96
834
1113
956
594
176
-291
-739
-942
-728
-234
195
364
371
391
424
339
106
-147
-297
-370
-466
-565
-471
-24
625
1005
739
-24
-675
-760
-418
-110
2
161
497
721
487
-110
-641
-837
-753
-485
-14
591
1045
1086
705
78
-562
-935
-824
-329
117
145
-154
-331
-49
572
1040
849
-99
-1266
-1763
-1111
246
1322
1482
893
170
-258
-434
-637
-955
-1140
-883
-153
754
1440
1619
1186
278
-675
-1152
-987
-535
-251
-200
-131
114
449
719
819
700
383
-34
-471
-911
-1263
-1248
-645
347
1167
1400
1094
526
-138
-803
-1234
-1138
-471
425
1070
1192
836
195
-530
-1086
-1194
-764
-48
572
888
887
571
-23
-619
-781
-381
178
392
179
-176
-424
-472
-275
118
439
419
141
-39
22
79
-84
-280
-172
212
467
287
-206
-636
-723
-438
44
471
655
585
388
166
-113
-483
-786
-753
-335
162
389
327
236
272
291
76
-329
-595
-429
89
527
511
115
-201
-99
247
367
42
-486
-804
-660
-59
737
1241
1028
171
-694
-916
-453
114
210
-191
-608
-561
-7
650
929
689
189
-240
-487
-602
-569
-291
188
576
558
155
-244
-301
-110
-38
-210
-335
-103
378
695
604
229
-185
-522
-715
-638
-227
334
700
639
228
-201
-336
-180
-37
-146
-367
-340
44
473
585
365
69
-148
-353
-594
-727
-545
-23
612
1018
961
465
-202
-684
-752
-446
-38
190
175
85
97
219
309
256
89
-81
-162
-136
-55
9
27
31
36
1
-86
-127
-31
117
138
6
-95
-32
71
2
-220
-325
-114
277
523
443
144
-139
-264
-260
-247
-305
-380
-294
104
719
1167
1058
363
-532
-1136
-1204
-833
-314
96
345
552
765
805
463
-154
-611
-569
-166
139
62
-245
-420
-262
110
409
461
338
194
52
-151
-344
-323
-30
290
313
-6
-372
-417
-45
441
540
29
-683
-856
-224
639
949
585
85
-124
-180
-399
-721
-739
-217
611
1212
1140
355
-676
-1224
-855
174
1092
1254
629
-276
-887
-974
-690
-320
-19
245
540
785
760
356
-229
-616
-617
-419
-316
-331
-212
199
687
854
541
-2
-374
-385
-205
-153
-344
-532
-363
201
791
970
641
67
-428
-691
-700
-459
-15
467
741
654
278
-152
-430
-542
-598
-628
-495
-72
554
1078
1198
812
59
-755
-1288
-1305
-789
44
847
1288
1196
661
-16
-565
-929
-1139
-1069
-482
559
1497
1694
1054
84
-641
-931
-933
-811
-581
-161
474
1143
1446
1051
105
-791
-1146
-1009
-697
-321
172
620
702
399
92
78
196
101
-247
-570
-623
-372
79
538
778
682
313
-211
-773
-1135
-959
-175
755
1164
825
141
-339
-424
-291
-189
-225
-301
-219
81
401
506
393
211
-14
-372
-746
-756
-199
581
977
720
81
-468
-623
-379
15
219
74
-218
-259
126
667
887
536
-210
-906
-1144
-801
-114
471
630
422
188
158
224
142
-102
-261
-176
-7
5
-103
-63
217
471
384
-19
-389
-446
-240
-9
125
229
353
383
164
-277
-685
-783
-498
16
491
690
543
231
30
-6
-110
-452
-804
-743
-180
497
819
647
153
-400
-724
-564
52
700
879
495
-104
-514
-588
-414
-157
30
82
75
116
151
38
-165
-179
138
545
653
319
-274
-799
-969
-647
23
622
770
471
53
-197
-223
-99
55
105
19
-51
52
214
134
-260
-646
-653
-236
362
856
986
582
-206
-853
-878
-308
393
803
810
488
-43
-575
-825
-670
-273
93
269
236
69
-72
-13
242
464
414
106
-225
-401
-461
-516
-535
-324
219
840
1013
453
-452
-915
-568
132
443
176
-198
-202
127
416
406
93
-385
-777
-742
-115
786
1286
933
-60
-995
-1286
-883
-168
436
727
725
534
244
-76
-361
-544
-563
-378
-29
328
505
434
219
26
-50
-19
29
-26
-249
-521
-574
-258
235
533
489
309
237
229
58
-311
-580
-430
93
563
574
146
-304
-385
-125
108
55
-146
-180
27
239
247
111
2
-79
-250
-450
-404
4
475
602
344
1
-228
-411
-579
-522
-96
448
677
475
81
-276
-530
-585
-299
226
606
566
225
-119
-322
-377
-248
54
314
276
-29
-320
-409
-315
-78
292
619
573
45
-578
-707
-145
679
1075
667
-299
-1139
-1249
-591
320
907
979
707
311
-119
-525
-799
-849
-677
-324
179
742
1151
1145
609
-271
-1040
-1248
-804
-54
539
786
790
661
336
-238
-863
-1156
-859
-64
813
1257
998
237
-512
-831
-671
-271
60
122
-49
-201
-91
245
497
390
-29
-454
-600
-390
13
324
380
313
335
350
56
-530
-934
-755
-144
414
630
568
399
261
240
245
-41
-748
-1389
-1201
-37
1322
1865
1217
-158
-1375
-1684
-933
283
1032
868
229
-126
13
212
86
-245
-439
-391
-226
-17
246
460
434
162
-103
-132
24
139
93
-50
-208
-372
-507
-471
-151
343
719
769
559
318
160
-17
-357
-821
-1160
-1087
-496
397
1124
1289
890
257
-305
-718
-970
-946
-561
35
527
719
664
517
366
197
-84
-560
-1107
-1330
-876
147
1172
1624
1323
507
-412
-1088
-1345
-1174
-662
69
856
1428
1454
793
-272
-1140
-1321
-809
-41
481
558
331
85
23
154
246
17
-483
-772
-428
361
960
974
559
85
-276
-517
-607
-530
-394
-279
-76
315
724
844
556
9
-534
-805
-649
-184
255
447
475
466
304
-128
-550
-524
-92
225
142
-64
-53
114
227
284
315
109
-480
-1081
-1079
-362
565
1191
1360
1042
226
-797
-1422
-1276
-620
-1
355
593
784
751
354
-273
-833
-1050
-782
-92
699
1158
1032
466
-78
-247
-197
-405
-981
-1350
-898
187
1028
1083
704
485
403
8
-732
-1264
-1128
-469
233
669
812
723
453
73
-316
-621
-737
-546
-49
507
782
674
383
114
-121
-356
-495
-459
-340
-242
-62
338
804
979
738
292
-191
-721
-1136
-1040
-363
372
654
587
572
639
466
-89
-760
-1165
-1065
-414
564
1322
1350
693
-123
-680
-915
-856
-500
3
375
500
500
466
329
47
-269
-512
-715
-872
-768
-207
636
1275
1321
740
-179
-1009
-1385
-1193
-608
67
616
973
1112
953
422
-372
-1083
-1325
-970
-260
387
715
789
806
785
527
-74
-778
-1167
-1031
-491
195
795
1084
884
278
-353
-664
-650
-484
-215
175
515
556
326
95
-33
-235
-568
-730
-433
152
571
612
417
143
-186
-443
-348
142
615
599
114
-385
-545
-401
-188
-56
-4
52
168
269
199
-45
-190
-12
263
175
-288
-571
-303
172
270
-73
-407
-359
23
444
634
487
94
-277
-389
-259
-77
59
176
258
235
119
-24
-180
-318
-299
-44
288
422
256
-78
-389
-524
-364
83
546
642
278
-241
-548
-525
-258
96
347
342
132
-43
-22
111
163
53
-177
-442
-544
-227
492
1118
1082
370
-461
-897
-881
-602
-175
278
540
532
462
467
331
-146
-686
-792
-382
127
383
410
342
176
-65
-215
-226
-264
-382
-353
-24
399
578
407
4
-437
-693
-575
-140
240
209
-143
-353
-124
336
576
385
-40
-325
-292
-97
2
-42
-73
9
132
145
-52
-374
-504
-174
457
883
808
425
37
-349
-817
-1127
-890
-138
611
949
927
734
394
-74
-494
-704
-696
-514
-172
265
639
769
557
81
-386
-541
-314
56
261
222
101
55
116
246
319
147
-252
-540
-452
-164
-11
6
141
456
742
783
475
-199
-1026
-1456
-1037
-57
641
620
253
34
-41
-169
-270
-162
67
177
111
-30
-205
-368
-329
11
367
354
42
-154
-107
-88
-210
-176
242
779
947
582
-54
-612
-882
-788
-409
22
300
429
500
495
326
-2
-377
-666
-743
-527
-70
404
636
529
191
-192
-448
-469
-276
-6
249
495
641
449
-125
-682
-714
-186
387
466
15
-503
-577
-92
608
1007
823
205
-420
-704
-586
-242
92
280
333
302
130
-244
-627
-638
-137
545
907
723
166
-405
-682
-550
-157
172
216
76
18
128
222
117
-149
-400
-492
-358
10
507
878
865
436
-163
-618
-793
-693
-325
245
724
744
267
-322
-607
-488
-145
188
329
211
-5
-18
245
419
114
-530
-927
-719
-128
384
587
542
378
159
-103
-376
-573
-570
-306
120
481
605
501
272
-41
-438
-793
-848
-461
208
805
1019
721
33
-629
-782
-335
222
309
-68
-376
-286
-20
142
297
580
743
450
-206
-779
-958
-730
-229
357
770
827
584
218
-220
-723
-1045
-830
-83
732
1142
1017
484
-241
-869
-1097
-813
-217
311
521
495
504
624
607
201
-456
-908
-827
-318
241
546
509
211
-155
-372
-376
-287
-213
-121
61
330
629
827
708
182
-491
-873
-791
-459
-155
61
260
417
409
197
-116
-367
-395
-120
313
542
306
-233
-602
-471
45
510
562
204
-266
-529
-427
4
524
751
458
-137
-537
-479
-171
26
26
5
83
166
135
56
74
175
186
18
-194
-263
-204
-194
-284
-291
-73
235
406
392
230
-102
-520
-694
-365
273
709
601
46
-524
-679
-327
203
473
385
196
75
-117
-418
-470
-32
475
447
-38
-358
-226
53
141
56
-26
-34
20
117
197
176
66
-24
-47
-55
-57
-32
-78
-301
-538
-475
-67
405
671
662
425
78
-210
-339
-357
-338
-246
-8
305
486
386
51
-324
-501
-320
131
493
462
107
-240
-338
-144
243
556
477
-20
-559
-747
-560
-240
54
334
570
616
396
28
-281
-398
-306
-105
44
79
106
190
211
59
-148
-198
-59
105
113
-95
-407
-573
-374
136
599
683
407
43
-221
-359
-368
-274
-188
-145
3
308
488
238
-298
-632
-509
-124
218
408
422
215
-102
-242
-111
51
54
17
81
130
1
-228
-346
-302
-184
-3
276
537
565
325
7
-213
-280
-188
-7
95
30
-65
-16
132
188
65
-147
-324
-377
-230
111
457
536
299
-14
-164
-155
-116
-89
-23
87
155
99
-40
-117
-42
86
84
-107
-353
-454
-300
39
350
459
392
275
103
-218
-597
-698
-304
348
735
555
-26
-590
-780
-482
96
541
607
410
164
-89
-305
-284
46
394
432
211
5
-109
-249
-388
-323
-31
237
311
273
207
68
-101
-122
26
122
-14
-308
-550
-568
-323
70
437
671
728
524
4
-660
-1068
-913
-280
424
805
708
225
-343
-656
-637
-517
-440
-234
247
805
1116
1066
680
-8
-807
-1299
-1152
-461
312
734
710
456
237
123
-40
-380
-701
-623
-99
440
614
503
358
194
-89
-415
-602
-556
-288
132
565
847
879
634
133
-511
-1028
-1122
-726
-79
508
865
918
652
215
-135
-290
-328
-280
-103
118
206
139
47
-41
-220
-467
-571
-367
70
492
700
644
399
105
-130
-319
-510
-616
-496
-185
132
357
488
447
150
-251
-443
-297
12
242
322
306
222
45
-225
-512
-695
-652
-334
147
559
736
703
566
343
-24
-492
-843
-840
-461
45
382
427
222
-116
-387
-346
34
440
519
280
24
-62
-62
-100
-163
-201
-262
-367
-382
-146
276
607
642
432
190
67
34
-45
-231
-426
-484
-349
-79
187
283
146
-89
-206
-107
161
511
808
844
481
-153
-732
-1014
-963
-622
-46
557
859
740
422
125
-175
-493
-592
-280
224
482
310
-89
-436
-614
-631
-517
-316
-46
334
781
1022
761
90
-525
-744
-662
-549
-458
-229
190
605
771
619
262
-145
-451
-518
-281
156
554
690
504
130
-210
-374
-403
-453
-573
-563
-164
565
1151
1129
529
-172
-556
-604
-526
-421
-245
-19
111
74
-2
61
261
407
320
21
-276
-363
-216
31
251
386
377
149
-255
-620
-707
-451
15
496
803
789
457
26
-262
-395
-518
-641
-603
-323
69
380
514
470
284
25
-201
-303
-251
-67
147
214
26
-268
-383
-237
-34
39
2
-26
27
182
396
538
471
204
-117
-347
-423
-360
-224
-120
-112
-121
11
298
567
640
468
96
-347
-630
-587
-304
-4
181
232
142
-42
-176
-148
-13
96
146
204
292
327
222
-29
-351
-598
-586
-258
197
520
619
535
295
-18
-216
-179
5
177
235
118
-168
-444
-451
-150
200
328
228
76
-14
-42
-27
-5
-34
-73
13
167
115
-222
-535
-536
-295
-15
246
481
582
472
237
26
-122
-243
-322
-323
-284
-247
-165
-16
97
93
48
44
53
71
147
211
115
-106
-246
-252
-275
-359
-345
-150
40
38
-47
27
269
454
427
213
-92
-373
-491
-401
-208
-29
114
216
237
186
125
81
27
-25
-27
31
89
96
56
-5
-83
-182
-270
-295
-208
27
368
649
689
457
78
-290
-502
-452
-200
36
124
151
220
252
122
-122
-294
-286
-125
121
365
461
309
22
-174
-216
-231
-278
-248
-49
248
477
499
292
-16
-255
-373
-441
-470
-356
-65
226
304
176
20
-96
-268
-500
-593
-367
108
573
777
621
208
-236
-530
-634
-587
-404
-101
249
539
702
706
503
94
-368
-638
-603
-361
-63
217
439
533
441
180
-164
-469
-598
-468
-117
289
568
622
450
129
-201
-394
-404
-307
-185
-51
99
229
302
323
275
104
-175
-398
-381
-148
81
146
91
40
18
-23
-84
-117
-110
-81
-18
110
250
282
163
-4
-95
-114
-130
-146
-101
8
100
120
83
11
-84
-142
-88
58
173
177
117
57
-25
-158
-270
-277
-213
-140
-18
193
381
378
186
-27
-153
-234
-297
-269
-109
84
181
176
128
44
-82
-185
-187
-107
-27
13
48
106
154
124
-7
-168
-258
-229
-120
-9
59
87
96
99
89
57
1
-52
-59
-23
-16
-66
-101
-38
89
168
149
74
2
-30
-1
88
168
154
38
-96
-172
-194
-196
-176
-119
-32
60
132
143
53
-105
-219
-200
-91
-16
-37
-96
-110
-86
-83
-114
-120
-61
39
126
162
117
-22
-197
-290
-228
-56
94
117
13
-118
-153
-49
118
226
222
145
48
-60
-159
-210
-214
-208
-159
6
247
379
269
-7
-256
-334
-207
71
364
496
383
134
-78
-199
-283
-336
-286
-103
151
359
403
248
5
-145
-139
-72
-42
-28
18
64
42
-30
-68
-60
-79
-163
-242
-227
-93
98
229
213
90
-22
-69
-106
-168
-198
-144
-37
54
98
90
27
-64
-117
-94
-44
-30
-38
-6
68
128
134
79
-19
-105
-112
-35
44
63
48
60
116
176
193
149
51
-66
-150
-164
-116
-38
49
138
203
197
101
-45
-157
-170
-87
28
118
162
142
43
-97
-178
-141
-33
59
96
82
27
-53
-116
-110
-33
60
100
61
-20
-75
-57
6
45
35
20
34
53
60
76
100
72
-34
-155
-199
-151
-60
25
87
107
79
38
29
45
31
-34
-109
-148
-145
-108
-38
54
135
168
143
91
48
20
-14
-62
-91
-68
-5
38
7
-89
-183
-200
-120
12
131
197
215
194
136
50
-41
-117
-188
-256
-279
-206
-52
96
167
164
134
96
38
-29
-64
-45
-1
23
14
-5
-21
-48
-99
-156
-173
-99
74
282
407
376
219
35
-99
-160
-157
-108
-41
12
49
86
116
115
94
96
120
105
20
-76
-114
-103
-95
-93
-53
22
69
55
24
23
48
74
102
128
117
37
-92
-196
-221
-169
-85
-19
6
7
27
76
114
92
19
-58
-103
-116
-110
-101
-103
-108
-79
-2
78
102
68
35
28
11
-26
-31
35
113
100
-21
-161
-222
-195
-130
-64
9
95
167
184
133
41
-52
-124
-169
-185
-164
-122
-86
-58
-20
31
63
43
-11
-50
-41
2
41
45
10
-47
-99
-143
-195
-247
-250
-168
-36
62
73
17
-50
-92
-109
-117
-132
-151
-157
-142
-130
-144
-168
-166
-145
-145
-171
-177
-135
-83
-68
-81
-82
-80
-114
-189
-257
-277
-244
-172
-86
-27
-19
-41
-52
-49
-66
-103
-112
-70
-16
11
27
54
63
20
-47
-65
-10
79
162
230
269
251
184
123
111
135
159
176
199
232
263
280
276
256
240
255
301
345
359
352
342
318
270
224
218
248
273
269
255
260
288
332
385
425
416
351
277
248
261
270
259
257
289
328
328
283
233
207
201
203
220
252
274
253
196
146
132
145
158
169
183
193
185
167
157
153
132
97
78
97
132
145
129
108
109
127
137
121
94
91
121
149
134
93
83
117
139
99
25
-15
-1
31
50
59
58
36
2
-20
-24
-29
-32
-8
42
75
63
33
20
7
-27
-51
-22
31
29
-60
-175
-240
-237
-194
-145
-107
-88
-82
-78
-82
-118
-179
-222
-217
-195
-204
-250
-303
-344
-371
-381
-359
-317
-290
-298
-330
-372
-421
-463
-470
-426
-357
-310
-325
-410
-533
-631
-644
-568
-471
-431
-457
-506
-544
-578
-626
-686
-744
-787
-804
-782
-729
-683
-677
-705
-727
-714
-677
-641
-615
-594
-574
-556
-528
-471
-393
-334
-326
-350
-354
-310
-234
-150
-65
10
53
51
27
16
25
46
84
162
271
367
409
395
355
321
320
366
445
529
594
643
681
700
698
692
703
733
776
826
867
872
839
803
791
785
756
721
721
750
757
728
706
720
742
740
728
726
718
673
605
551
519
484
447
435
444
435
389
337
312
306
291
260
220
179
135
97
60
13
-41
-77
-81
-81
-107
-158
-201
-215
-203
-171
-131
-106
-115
-150
-184
-208
-236
-266
-279
-268
-247
-232
-217
-201
-196
-201
-193
-153
-90
-38
-11
2
10
6
-14
-37
-42
-23
10
42
65
93
135
186
230
261
288
313
327
322
302
278
256
239
241
265
295
312
313
300
269
234
232
280
337
336
270
194
156
139
99
31
-33
-65
-53
-6
43
52
8
-58
-108
-139
-171
-214
-255
-288
-322
-360
-397
-432
-459
-460
-427
-395
-403
-449
-486
-485
-466
-461
-475
-500
-534
-572
-592
-587
-580
-589
-596
-573
-537
-523
-539
-556
-561
-571
-596
-611
-597
-569
-562
-580
-601
-608
-603
-600
-599
-587
-562
-531
-510
-506
-518
-541
-573
-606
-630
-638
-635
-627
-618
-612
-625
-666
-724
-776
-815
-838
-842
-817
-775
-739
-719
-702
-669
-613
-533
-426
-300
-174
-65
10
38
14
-30
-50
-39
-17
8
51
105
129
107
88
128
227
339
442
543
629
675
686
692
692
669
638
653
720
781
788
761
749
759
776
808
867
926
955
955
942
905
832
760
747
795
845
851
818
771
726
702
710
721
692
630
583
567
534
451
353
291
268
256
252
265
270
232
164
111
86
68
49
35
15
-38
-121
-198
-249
-286
-309
-291
-226
-164
-150
-181
-220
-250
-270
-269
-235
-177
-115
-67
-46
-64
-115
-164
-171
-132
-76
-24
13
22
4
-21
-28
-18
-2
25
82
162
230
260
257
245
244
266
311
356
364
336
304
296
303
308
311
326
359
397
417
403
357
306
273
262
253
234
210
184
150
119
107
111
107
89
75
72
51
-6
-79
-132
-167
-201
-235
-250
-253
-269
-297
-314
-313
-311
-319
-325
-328
-337
-359
-389
-428
-481
-533
-550
-526
-489
-460
-434
-406
-391
-388
-375
-348
-331
-336
-339
-318
-298
-313
-343
-342
-308
-272
-243
-204
-160
-142
-151
-153
-131
-108
-100
-94
-77
-67
-80
-95
-81
-45
-6
26
48
46
16
-19
-38
-52
-86
-136
-172
-180
-175
-180
-203
-246
-303
-343
-338
-308
-309
-374
-487
-609
-721
-822
-913
-985
-1039
-1078
-1101
-1113
-1132
-1176
-1235
-1281
-1282
-1218
-1089
-911
-711
-517
-351
-242
-209
-248
-320
-379
-394
-369
-331
-310
-311
-312
-289
-246
-193
-113
28
222
416
569
676
744
772
772
777
808
845
864
873
897
934
970
1014
1073
1122
1132
1115
1108
1108
1088
1055
1055
1104
1161
1181
1166
1136
1092
1046
1024
1030
1024
980
916
842
726
556
382
275
236
221
216
239
270
258
197
132
81
21
-53
-104
-113
-123
-181
-274
-365
-446
-524
-576
-577
-551
-536
-533
-519
-496
-487
-491
-482
-449
-409
-365
-311
-257
-231
-226
-200
-139
-76
-45
-34
-25
-21
-26
-24
1
46
98
164
248
330
377
398
425
471
516
545
563
574
576
565
543
516
494
488
508
545
577
585
571
542
508
477
455
434
403
368
340
315
282
234
179
123
68
18
-23
-60
-105
-161
-219
-273
-326
-375
-408
-422
-428
-432
-430
-429
-443
-478
-517
-548
-580
-623
-666
-693
-704
-713
-724
-728
-720
-701
-672
-634
-599
-570
-538
-492
-438
-396
-370
-352
-337
-332
-339
-344
-336
-311
-260
-178
-81
1
48
71
91
114
140
169
202
229
246
251
246
223
187
159
162
199
250
291
304
288
261
245
241
235
214
186
161
135
91
28
-44
-112
-166
-196
-209
-239
-312
-417
-516
-592
-659
-731
-812
-895
-974
-1047
-1112
-1182
-1268
-1357
-1416
-1439
-1461
-1513
-1588
-1651
-1663
-1590
-1412
-1145
-837
-535
-261
-38
90
92
-12
-155
-279
-359
-390
-386
-373
-362
-331
-244
-95
96
314
561
827
1071
1245
1331
1330
1268
1190
1150
1161
1193
1220
1248
1296
1357
1412
1451
1479
1490
1482
1460
1427
1365
1266
1165
1112
1118
1156
1190
1203
1187
1138
1067
989
904
795
663
529
397
246
64
-121
-265
-344
-354
-301
-216
-152
-149
-202
-288
-397
-527
-652
-735
-772
-791
-817
-859
-921
-995
-1051
-1048
-976
-867
-757
-663
-591
-558
-570
-600
-610
-578
-499
-375
-222
-77
23
76
105
131
159
193
241
301
353
385
404
421
445
488
568
687
827
953
1046
1099
1111
1086
1032
969
912
861
812
765
724
688
658
640
639
654
666
659
630
581
513
426
332
249
179
112
39
-37
-115
-201
-288
-360
-402
-424
-450
-487
-534
-597
-683
-777
-853
-896
-914
-913
-891
-858
-839
-848
-870
-887
-901
-914
-918
-905
-890
-889
-894
-884
-854
-811
-752
-665
-557
-454
-372
-301
-238
-191
-162
-130
-83
-34
2
32
73
122
171
222
293
379
464
537
604
664
701
715
724
742
762
765
751
729
705
676
645
619
596
565
524
481
440
392
331
268
223
204
197
185
157
105
28
-67
-164
-255
-342
-431
-515
-584
-646
-719
-811
-908
-991
-1060
-1118
-1167
-1212
-1267
-1342
-1425
-1500
-1573
-1657
-1739
-1790
-1806
-1814
-1837
-1872
-1910
-1950
-1974
-1939
-1817
-1616
-1354
-1026
-643
-263
34
213
287
280
211
113
36
-1
-10
8
76
201
349
494
653
853
1083
1310
1513
1687
1812
1870
1877
1869
1850
1803
1739
1699
1705
1738
1773
1812
1849
1858
1816
1729
1613
1465
1288
1126
1030
998
989
979
969
953
907
823
722
618
497
353
203
57
-111
-321
-551
-753
-903
-1002
-1047
-1030
-967
-894
-842
-818
-829
-889
-993
-1103
-1184
-1229
-1249
-1244
-1211
-1163
-1121
-1088
-1053
-1009
-954
-881
-782
-666
-559
-473
-399
-320
-236
-148
-47
80
225
373
515
645
750
816
852
879
906
923
926
932
957
998
1044
1095
1151
1208
1256
1302
1348
1387
1398
1377
1336
1281
1204
1098
976
858
755
671
608
556
500
431
357
288
222
149
65
-22
-107
-190
-269
-344
-420
-502
-579
-638
-684
-735
-799
-867
-929
-981
-1026
-1059
-1085
-1114
-1147
-1171
-1172
-1154
-1129
-1092
-1035
-966
-902
-855
-825
-808
-802
-795
-772
-731
-682
-630
-568
-493
-412
-331
-245
-152
-54
48
151
249
329
386
431
479
528
568
600
630
659
681
699
723
749
768
782
806
843
876
892
895
894
888
870
847
823
793
748
688
625
561
483
392
300
225
166
122
94
78
63
35
-11
-73
-153
-250
-351
-440
-511
-571
-629
-692
-765
-851
-940
-1020
-1086
-1142
-1190
-1232
-1271
-1319
-1385
-1466
-1547
-1620
-1682
-1728
-1761
-1792
-1831
-1877
-1913
-1927
-1927
-1923
-1916
-1897
-1856
-1782
-1651
-1441
-1143
-775
-369
31
374
606
698
665
556
428
322
267
273
334
426
534
653
787
944
1129
1344
1581
1812
2001
2114
2143
2102
2016
1917
1831
1773
1747
1746
1762
1783
1793
1777
1729
1645
1527
1376
1203
1020
843
689
578
521
511
520
523
502
448
356
228
80
-72
-224
-384
-556
-738
-928
-1122
-1302
-1434
-1492
-1476
-1406
-1302
-1188
-1094
-1050
-1062
-1111
-1175
-1232
-1265
-1257
-1210
-1144
-1079
-1021
-959
-890
-813
-725
-621
-504
-383
-267
-162
-70
6
81
173
295
445
612
786
951
1089
1192
1260
1296
1299
1279
1255
1242
1237
1234
1234
1245
1267
1292
1321
1357
1393
1416
1418
1403
1366
1295
1188
1060
934
819
707
595
486
379
276
180
95
18
-62
-150
-239
-325
-412
-504
-599
-691
-766
-814
-834
-840
-851
-877
-915
-961
-1014
-1071
-1127
-1177
-1221
-1256
-1274
-1270
-1253
-1228
-1185
-1115
-1022
-922
-826
-735
-654
-587
-538
-498
-460
-422
-385
-343
-292
-236
-182
-127
-59
28
129
237
345
448
541
623
693
750
794
829
862
893
916
925
917
897
865
831
806
792
784
774
764
759
751
731
704
683
673
661
641
611
572
517
440
354
269
183
89
-7
-91
-158
-222
-287
-343
-381
-404
-423
-443
-466
-506
-572
-652
-728
-794
-853
-908
-955
-996
-1041
-1093
-1146
-1198
-1248
-1294
-1322
-1332
-1338
-1356
-1386
-1429
-1489
-1562
-1628
-1671
-1696
-1708
-1701
-1663
-1603
-1541
-1486
-1433
-1388
-1357
-1331
-1270
-1144
-942
-667
-318
84
481
802
1007
1091
1065
956
811
690
626
622
668
753
861
970
1066
1167
1298
1467
1660
1851
2008
2098
2106
2043
1936
1803
1661
1530
1436
1389
1382
1399
1418
1415
1369
1275
1145
986
796
583
380
222
127
89
91
108
114
84
16
-75
-177
-289
-413
-539
-661
-786
-927
-1085
-1240
-1369
-1454
-1483
-1449
-1357
-1228
-1095
-982
-906
-873
-884
-923
-960
-968
-938
-875
-787
-682
-570
-467
-383
-318
-261
-199
-117
-8
124
258
376
468
538
599
666
752
860
987
1125
1260
1376
1449
1471
1446
1392
1324
1255
1200
1167
1151
1138
1121
1105
1094
1086
1079
1076
1074
1058
1012
937
840
728
594
446
298
167
57
-36
-117
-191
-268
-352
-437
-514
-580
-645
-717
-795
-869
-931
-976
-1006
-1020
-1017
-997
-968
-938
-918
-917
-940
-983
-1035
-1080
-1111
-1124
-1123
-1106
-1070
-1014
-943
-854
-744
-612
-467
-323
-193
-85
-6
38
47
32
8
-7
-2
33
99
189
282
366
444
525
610
692
764
829
886
930
954
956
939
903
858
820
800
794
787
763
724
681
643
612
585
556
523
484
440
394
348
304
264
233
213
203
188
153
88
4
-82
-159
-228
-294
-358
-424
-492
-559
-615
-652
-670
-671
-660
-645
-640
-664
-722
-802
-884
-952
-1005
-1043
-1065
-1077
-1085
-1097
-1115
-1140
-1169
-1195
-1210
-1210
-1202
-1201
-1221
-1260
-1305
-1343
-1373
-1395
-1404
-1391
-1349
-1283
-1211
-1152
-1123
-1123
-1128
-1096
-987
-781
-488
-134
248
613
907
1084
1128
1056
916
764
652
609
634
698
768
829
882
936
1004
1095
1219
1371
1533
1673
1766
1797
1765
1678
1557
1431
1328
1261
1227
1211
1198
1171
1119
1036
923
788
635
470
302
156
53
2
-9
1
16
24
16
-14
-65
-135
-225
-334
-459
-587
-714
-848
-992
-1131
-1240
-1295
-1285
-1215
-1099
-963
-834
-738
-684
-666
-671
-683
-684
-656
-591
-494
-385
-280
-192
-122
-72
-35
1
52
123
206
285
349
396
433
475
539
638
771
924
1078
1219
1335
1406
1418
1367
1270
1157
1054
974
917
873
833
794
761
744
747
762
776
782
781
771
742
680
581
455
319
190
82
3
-58
-115
-183
-263
-351
-444
-542
-640
-733
-815
-882
-927
-945
-941
-921
-891
-852
-802
-744
-689
-649
-635
-652
-692
-746
-801
-851
-892
-915
-917
-894
-845
-771
-681
-582
-478
-368
-260
-167
-96
-43
0
39
75
111
150
190
226
257
285
310
326
337
355
388
432
473
506
535
570
616
674
736
789
820
825
807
771
723
659
581
499
428
376
335
292
243
200
177
177
199
232
262
271
252
212
161
98
22
-61
-133
-186
-223
-259
-302
-349
-396
-434
-463
-485
-507
-533
-562
-584
-597
-600
-604
-617
-637
-652
-654
-657
-677
-718
-764
-804
-843
-885
-931
-977
-1024
-1064
-1081
-1075
-1060
-1055
-1055
-1039
-1005
-972
-965
-988
-1029
-1071
-1100
-1108
-1095
-1067
-1031
-991
-949
-913
-887
-856
-786
-636
-386
-53
308
634
876
1018
1058
1004
883
743
635
590
608
665
726
755
740
713
726
811
956
1124
1286
1422
1513
1538
1491
1385
1252
1127
1044
1016
1026
1036
1010
941
850
759
669
567
448
323
214
127
59
1
-48
-81
-91
-79
-54
-36
-47
-96
-169
-247
-326
-419
-535
-667
-795
-903
-984
-1033
-1042
-1004
-917
-793
-655
-529
-445
-413
-419
-431
-420
-377
-315
-243
-167
-88
-17
31
52
57
69
107
180
283
389
467
501
506
514
548
612
703
820
956
1086
1178
1208
1175
1096
996
903
837
800
775
744
701
651
599
551
517
510
533
568
593
590
551
477
377
266
156
56
-27
-92
-146
-202
-267
-341
-418
-495
-565
-623
-670
-717
-769
-816
-845
-852
-842
-811
-754
-684
-618
-564
-518
-484
-472
-486
-517
-555
-602
-659
-711
-736
-727
-687
-617
-520
-409
-302
-204
-115
-38
25
74
121
172
219
255
276
283
280
275
278
290
306
324
349
382
412
433
454
482
520
561
604
643
666
667
654
639
621
594
560
528
494
446
378
298
219
153
111
99
108
124
136
145
150
148
137
117
89
56
26
5
-17
-56
-115
-181
-239
-287
-323
-345
-363
-393
-433
-463
-468
-461
-459
-458
-450
-436
-433
-448
-479
-528
-589
-644
-676
-695
-732
-797
-875
-944
-996
-1026
-1035
-1027
-1012
-991
-960
-928
-922
-950
-992
-1021
-1035
-1040
-1042
-1046
-1061
-1083
-1093
-1081
-1068
-1078
-1102
-1102
-1053
-951
-793
-573
-291
27
359
677
933
1071
1071
971
837
714
622
568
553
565
593
639
704
781
859
950
1067
1204
1335
1430
1465
1429
1335
1219
1121
1058
1024
1016
1031
1058
1073
1057
1001
898
748
568
393
243
116
5
-83
-132
-139
-110
-59
-2
42
59
48
8
-66
-177
-317
-466
-612
-743
-856
-947
-1012
-1041
-1017
-938
-826
-714
-613
-528
-464
-430
-420
-415
-402
-377
-326
-240
-125
-15
69
125
165
192
213
241
284
328
360
381
399
420
446
492
570
685
824
970
1103
1195
1227
1203
1146
1071
982
894
820
764
714
664
621
590
565
543
531
534
537
525
494
450
387
296
189
93
27
-14
-47
-82
-125
-185
-264
-356
-450
-544
-637
-726
-802
-865
-914
-946
-952
-928
-876
-800
-706
-609
-522
-459
-426
-424
-449
-486
-519
-543
-562
-580
-589
-580
-553
-519
-480
-429
-362
-286
-208
-134
-63
6
75
150
229
303
359
394
419
441
459
471
479
489
500
505
494
470
443
434
453
499
558
613
653
674
674
663
645
623
596
563
526
485
436
378
312
247
191
147
120
107
99
84
55
16
-19
-40
-45
-41
-38
-39
-40
-47
-68
-106
-150
-192
-236
-287
-345
-402
-460
-517
-559
-569
-550
-516
-480
-442
-412
-406
-434
-479
-522
-559
-597
-637
-679
-726
-778
-826
-865
-895
-916
-921
-907
-883
-861
-846
-840
-850
-886
-934
-968
-988
-1006
-1030
-1050
-1066
-1088
-1114
-1125
-1118
-1110
-1113
-1100
-1026
-878
-665
-396
-79
257
561
786
907
914
824
679
539
447
416
434
482
543
595
634
667
704
760
851
985
1136
1252
1302
1287
1227
1142
1052
990
983
1022
1079
1127
1147
1113
1008
842
657
490
350
232
128
39
-31
-75
-88
-65
-10
64
137
187
200
174
107
-9
-168
-339
-485
-595
-681
-747
-787
-799
-792
-766
-707
-614
-515
-437
-380
-332
-296
-279
-273
-255
-208
-127
-20
91
180
226
234
221
204
195
203
229
261
291
324
363
398
424
467
561
706
863
992
1086
1139
1134
1064
952
835
726
633
570
549
550
536
493
441
404
386
379
380
384
380
358
313
245
161
79
13
-32
-61
-80
-96
-128
-193
-291
-402
-511
-616
-713
-789
-832
-849
-851
-836
-795
-735
-671
-606
-533
-450
-377
-339
-343
-376
-417
-454
-486
-509
-519
-513
-497
-474
-442
-397
-347
-301
-256
-199
-128
-61
-9
37
92
159
226
288
349
404
443
460
460
446
415
370
323
288
271
268
274
287
310
351
412
480
538
580
612
633
629
592
534
469
403
339
287
251
215
167
121
99
101
106
100
91
87
83
71
56
47
45
48
55
66
77
78
63
28
-30
-107
-189
-265
-329
-382
-428
-469
-506
-527
-526
-503
-469
-432
-390
-346
-318
-327
-381
-465
-559
-648
-728
-797
-854
-894
-912
-917
-922
-933
-946
-951
-946
-932
-923
-934
-970
-1016
-1053
-1076
-1103
-1140
-1167
-1162
-1130
-1097
-1082
-1089
-1110
-1131
-1125
-1064
-941
-764
-535
-253
65
374
629
804
892
895
829
732
638
568
529
528
557
600
642
686
741
813
898
998
1113
1222
1293
1314
1292
1240
1169
1098
1050
1037
1048
1068
1083
1075
1019
906
756
595
439
288
150
37
-44
-92
-109
-99
-72
-39
-6
28
57
64
34
-38
-143
-268
-395
-515
-621
-713
-782
-817
-811
-764
-683
-589
-505
-448
-412
-385
-360
-334
-299
-246
-173
-87
4
92
164
212
240
262
287
317
351
387
417
432
436
443
462
501
566
663
786
907
1009
1083
1120
1107
1047
963
879
800
720
642
576
522
472
425
387
362
347
339
338
334
312
266
201
128
56
-15
-83
-146
-195
-226
-249
-283
-343
-429
-528
-629
-724
-805
-864
-904
-926
-927
-903
-861
-814
-765
-712
-649
-581
-515
-460
-421
-405
-414
-443
-478
-506
-517
-510
-489
-456
-412
-363
-322
-287
-244
-181
-99
-9
87
182
259
309
341
369
399
424
446
473
502
517
504
465
411
354
313
304
325
363
406
450
486
502
499
491
486
478
471
475
485
474
421
345
274
214
154
99
61
44
31
14
-1
-12
-29
-53
-69
-62
-41
-26
-21
-13
5
30
44
32
-11
-70
-131
-184
-237
-294
-345
-381
-402
-413
-414
-409
-405
-407
-398
-360
-302
-258
-249
-269
-305
-366
-451
-545
-623
-684
-735
-772
-786
-779
-772
-776
-785
-788
-785
-782
-788
-807
-838
-872
-897
-920
-950
-986
-1017
-1040
-1054
-1056
-1047
-1044
-1066
-1101
-1118
-1108
-1088
-1051
-950
-748
-458
-128
199
483
684
783
794
748
663
557
467
426
434
466
504
542
571
595
645
741
861
971
1065
1143
1179
1145
1062
987
949
930
923
949
1011
1063
1065
1022
948
834
674
499
341
203
74
-38
-114
-148
-150
-126
-76
-14
44
91
118
104
41
-48
-140
-243
-364
-485
-578
-634
-660
-655
-611
-540
-467
-401
-334
-273
-239
-233
-236
-227
-195
-133
-40
66
163
245
316
375
415
443
471
495
501
489
474
462
444
428
440
499
594
714
849
979
1070
1097
1066
996
903
800
705
629
565
502
441
390
342
292
245
210
191
185
185
179
146
78
-14
-112
-202
-277
-326
-345
-349
-354
-372
-407
-465
-551
-650
-739
-806
-852
-881
-889
-880
-865
-853
-840
-813
-762
-687
-601
-517
-446
-394
-366
-359
-363
-363
-352
-331
-302
-266
-219
-165
-116
-75
-35
7
50
90
128
168
209
246
280
325
388
461
520
555
572
578
574
558
535
511
486
455
421
388
357
327
302
293
301
321
345
361
364
359
352
339
309
260
209
171
138
98
49
6
-28
-55
-72
-71
-64
-69
-85
-91
-76
-51
-32
-23
-13
0
15
30
42
43
28
4
-22
-50
-81
-111
-139
-172
-210
-241
-254
-254
-256
-264
-266
-263
-261
-259
-254
-252
-275
-328
-387
-430
-466
-522
-594
-653
-677
-675
-669
-665
-663
-671
-695
-728
-764
-809
-871
-933
-965
-971
-977
-1005
-1046
-1080
-1095
-1087
-1064
-1048
-1058
-1082
-1092
-1084
-1076
-1062
-986
-810
-547
-236
97
413
649
761
770
728
658
559
457
401
404
435
468
510
564
615
662
726
819
923
1012
1067
1073
1025
945
873
827
795
774
786
840
901
931
919
871
776
631
466
311
172
36
-87
-166
-187
-168
-133
-92
-46
3
50
83
87
58
6
-61
-148
-251
-354
-440
-508
-551
-544
-475
-368
-266
-192
-138
-97
-77
-77
-81
-71
-40
20
113
226
333
413
463
497
533
574
611
630
629
616
599
574
535
493
471
486
540
627
725
805
852
864
845
791
708
616
533
463
403
353
305
249
183
123
80
47
15
-14
-32
-53
-94
-157
-229
-309
-392
-457
-488
-487
-472
-456
-448
-458
-496
-552
-613
-674
-737
-793
-827
-834
-822
-798
-764
-729
-689
-626
-529
-425
-343
-285
-236
-199
-187
-192
-191
-179
-168
-152
-111
-49
1
21
37
68
102
123
146
186
234
269
291
318
354
391
428
469
508
530
533
525
508
471
411
341
280
236
206
186
171
160
155
160
179
206
228
241
249
258
256
232
184
129
76
24
-27
-62
-78
-82
-84
-74
-52
-36
-42
-54
-50
-31
-15
4
43
98
145
174
199
222
225
201
173
157
143
121
95
65
19
-43
-99
-132
-152
-172
-187
-188
-179
-172
-167
-164
-183
-236
-302
-347
-370
-399
-452
-513
-562
-598
-629
-660
-687
-715
-755
-801
-832
-834
-827
-844
-882
-912
-914
-905
-914
-941
-970
-1001
-1043
-1083
-1099
-1099
-1114
-1143
-1153
-1124
-1082
-1057
-1044
-1013
-941
-809
-604
-338
-56
206
443
652
795
830
765
648
523
418
357
344
353
354
358
398
483
577
651
714
790
878
954
990
969
897
805
730
689
682
696
716
724
716
700
676
620
515
379
246
132
27
-69
-138
-171
-178
-161
-104
-13
78
139
169
177
163
122
59
-16
-99
-186
-260
-302
-315
-310
-287
-237
-161
-76
3
66
107
128
139
155
183
222
268
324
392
464
528
574
599
604
600
597
596
591
571
536
499
472
464
473
492
516
544
576
610
635
631
581
494
396
313
246
185
121
56
-4
-47
-70
-84
-107
-144
-178
-193
-198
-217
-260
-316
-379
-441
-491
-518
-529
-541
-556
-562
-558
-561
-589
-634
-670
-688
-701
-713
-714
-698
-669
-638
-602
-550
-479
-404
-333
-264
-195
-139
-110
-102
-100
-99
-103
-107
-98
-72
-41
-16
13
54
99
140
176
212
242
262
282
309
335
347
356
377
408
429
433
429
421
401
368
335
309
281
248
221
207
201
197
195
195
196
195
195
197
197
197
197
193
176
150
125
100
63
24
5
11
26
37
47
58
58
45
34
35
44
52
74
120
173
207
219
224
230
229
219
208
195
172
135
99
68
36
-3
-40
-65
-81
-100
-125
-154
-185
-217
-243
-263
-284
-308
-331
-354
-388
-438
-491
-536
-578
-627
-677
-719
-757
-800
-843
-870
-881
-893
-911
-920
-919
-927
-956
-991
-1024
-1067
-1121
-1158
-1161
-1149
-1150
-1154
-1135
-1110
-1114
-1135
-1132
-1095
-1044
-956
-770
-483
-170
109
359
585
740
776
719
632
536
431
353
349
391
418
424
455
523
592
652
731
830
915
965
995
1003
958
862
779
757
773
798
841
898
924
887
809
716
597
442
287
172
93
23
-31
-45
-34
-22
10
91
197
276
318
337
321
254
151
52
-37
-128
-208
-237
-211
-172
-141
-98
-34
24
67
110
147
154
139
140
175
224
278
355
461
566
645
705
752
760
720
673
652
634
592
538
499
473
451
455
501
571
634
689
750
789
768
687
582
472
355
251
192
164
124
63
11
-17
-49
-104
-161
-196
-219
-250
-290
-331
-381
-453
-529
-581
-601
-596
-578
-552
-527
-515
-526
-564
-630
-710
-782
-834
-866
-878
-861
-812
-749
-686
-619
-537
-445
-355
-273
-204
-157
-140
-141
-145
-144
-138
-118
-73
-10
56
116
169
207
222
224
231
249
265
272
281
302
329
357
391
441
500
549
579
595
595
569
511
434
359
299
251
210
181
165
161
164
176
202
232
250
249
239
229
215
184
140
98
72
60
55
54
53
50
47
49
58
67
61
40
16
-2
-7
2
26
63
110
167
228
281
312
316
300
272
235
196
158
119
71
22
-12
-29
-45
-73
-102
-112
-106
-103
-118
-144
-175
-215
-265
-311
-343
-368
-397
-428
-449
-462
-486
-532
-593
-652
-697
-727
-746
-760
-776
-793
-804
-807
-811
-827
-849
-866
-880
-901
-936
-977
-1018
-1065
-1114
-1143
-1135
-1107
-1092
-1099
-1109
-1095
-1051
-968
-824
-608
-340
-54
221
460
618
659
588
465
349
264
211
188
191
209
229
251
279
311
344
388
458
553
648
712
728
698
643
594
575
589
621
663
709
750
757
710
617
501
378
254
139
54
3
-23
-28
-4
62
157
255
341
414
477
516
514
469
397
319
245
180
123
78
51
47
70
117
182
247
293
315
323
330
340
347
355
377
424
490
562
624
667
683
672
643
606
563
515
465
414
363
312
271
247
244
258
294
347
401
436
441
417
366
287
194
103
27
-37
-92
-138
-175
-213
-258
-303
-341
-370
-394
-414
-427
-433
-438
-447
-461
-476
-491
-501
-499
-482
-456
-437
-442
-470
-515
-572
-638
-701
-745
-761
-750
-720
-675
-619
-554
-487
-419
-347
-278
-219
-168
-120
-80
-57
-54
-61
-70
-78
-80
-70
-53
-42
-41
-36
-20
-1
12
24
44
72
106
149
204
260
300
327
352
378
391
381
351
308
255
204
169
150
134
112
95
97
115
138
165
201
239
264
274
276
273
262
242
224
214
205
193
180
171
163
152
139
129
124
119
113
106
99
92
92
109
143
185
226
269
311
336
331
299
255
210
160
107
60
23
-6
-31
-50
-60
-71
-87
-100
-104
-109
-136
-187
-244
-295
-343
-387
-416
-423
-421
-429
-453
-485
-524
-576
-638
-700
-757
-811
-858
-887
-897
-898
-895
-887
-874
-863
-857
-849
-842
-852
-893
-947
-991
-1029
-1084
-1155
-1209
-1220
-1205
-1187
-1170
-1137
-1093
-1064
-1054
-1030
-954
-818
-634
-403
-123
174
434
607
683
669
579
441
306
224
205
223
254
293
331
354
359
373
420
500
595
691
772
813
794
728
655
605
590
614
674
749
804
813
773
685
561
423
301
209
138
81
49
43
52
70
114
195
297
395
473
521
525
482
409
325
240
163
112
99
102
93
80
92
136
190
244
300
351
376
374
367
374
387
406
447
528
626
705
746
752
726
674
611
555
512
477
445
417
391
366
342
330
339
374
426
479
512
510
471
398
292
172
64
-19
-77
-114
-136
-154
-188
-241
-301
-355
-404
-444
-464
-467
-478
-511
-550
-577
-600
-631
-652
-641
-605
-570
-552
-553
-580
-643
-729
-800
-838
-850
-844
-807
-736
-654
-582
-521
-460
-400
-342
-279
-208
-143
-100
-78
-67
-60
-58
-54
-41
-21
0
27
58
85
101
109
121
142
171
205
239
274
312
357
408
456
494
522
538
532
507
474
439
392
325
259
214
187
164
148
155
187
229
268
306
338
350
338
316
299
284
266
247
234
223
207
185
168
159
157
156
153
148
143
134
120
99
79
75
98
142
190
232
263
282
283
263
228
191
157
117
70
22
-15
-44
-76
-111
-134
-134
-121
-117
-130
-153
-181
-216
-259
-305
-344
-375
-399
-421
-443
-460
-474
-501
-547
-600
-636
-652
-672
-710
-753
-784
-805
-826
-832
-817
-802
-812
-827
-816
-797
-822
-894
-964
-1001
-1034
-1088
-1129
-1125
-1110
-1128
-1150
-1116
-1036
-974
-949
-910
-821
-702
-569
-394
-158
88
281
421
529
584
545
434
323
255
222
214
242
298
337
333
319
342
398
458
518
602
709
796
820
785
727
674
641
634
661
713
757
763
721
648
558
458
355
272
225
210
206
204
209
226
253
296
366
457
543
593
603
584
541
475
396
321
263
219
187
172
177
199
224
249
282
327
372
398
403
404
417
439
461
486
526
580
627
651
649
625
583
531
480
440
405
367
326
290
260
237
227
242
279
328
372
401
404
370
299
208
116
36
-31
-85
-129
-165
-205
-257
-319
-376
-415
-437
-450
-458
-455
-443
-442
-467
-509
-545
-565
-570
-566
-549
-526
-515
-532
-572
-622
-676
-729
-766
-769
-742
-699
-654
-604
-551
-504
-462
-414
-350
-280
-216
-163
-114
-74
-52
-46
-46
-46
-45
-42
-28
-4
23
44
62
82
103
122
145
176
209
242
278
319
355
374
382
393
410
420
416
404
394
385
369
347
319
284
244
211
197
204
223
244
262
277
291
301
306
308
311
322
334
337
322
291
248
199
155
131
132
142
142
134
130
132
131
124
123
143
180
219
249
264
258
232
195
164
142
118
82
42
8
-18
-46
-81
-114
-143
-167
-182
-183
-181
-197
-242
-296
-332
-345
-358
-381
-409
-435
-461
-489
-514
-540
-579
-634
-687
-727
-759
-795
-836
-872
-893
-887
-848
-793
-753
-746
-763
-780
-792
-809
-840
-885
-940
-989
-1019
-1035
-1058
-1096
-1127
-1129
-1106
-1072
-1026
-969
-927
-909
-873
-771
-605
-415
-211
20
258
441
532
549
508
402
256
148
125
150
167
177
208
244
252
248
282
364
454
534
627
731
788
764
704
667
664
675
699
739
781
793
767
714
639
535
419
327
277
258
255
262
278
303
346
414
495
572
629
663
670
646
597
538
477
413
352
311
294
285
271
258
260
280
308
337
366
388
391
383
379
388
409
439
482
540
597
630
631
601
545
472
401
349
316
289
261
240
231
229
226
231
249
281
316
345
352
324
261
173
76
-18
-97
-150
-177
-197
-223
-254
-285
-321
-364
-401
-420
-430
-444
-454
-451
-455
-488
-536
-563
-559
-550
-547
-536
-515
-513
-554
-612
-658
-698
-750
-790
-782
-727
-662
-607
-550
-480
-413
-359
-309
-254
-208
-186
-177
-163
-145
-137
-136
-130
-110
-78
-41
-5
24
44
56
68
89
120
154
180
196
218
258
311
361
399
432
460
478
482
473
445
396
340
300
283
272
251
227
216
224
248
288
341
394
428
443
447
439
409
358
302
260
240
237
239
235
221
203
190
189
195
204
215
222
221
210
193
175
162
157
165
185
210
231
237
225
194
150
100
56
23
-3
-27
-48
-62
-70
-79
-89
-93
-89
-92
-116
-150
-178
-206
-250
-305
-351
-385
-418
-454
-483
-506
-539
-578
-602
-606
-613
-638
-665
-679
-702
-743
-778
-779
-767
-771
-774
-741
-688
-671
-706
-750
-775
-801
-849
-894
-918
-945
-998
-1049
-1068
-1065
-1069
-1071
-1035
-963
-887
-824
-757
-680
-602
-513
-381
-199
-9
149
272
367
413
393
319
228
142
73
41
59
105
140
157
182
231
296
367
456
560
650
703
727
744
741
699
638
614
647
701
735
747
746
719
657
583
531
494
447
393
367
377
398
411
435
484
542
598
658
720
749
720
656
598
547
483
412
365
345
328
302
290
301
316
321
334
370
412
429
422
410
405
405
415
441
476
501
510
509
500
473
422
360
306
271
251
238
225
209
192
182
188
214
251
286
307
312
299
267
208
121
20
-72
-136
-168
-181
-195
-219
-245
-267
-288
-314
-339
-352
-360
-372
-390
-404
-416
-439
-475
-499
-494
-473
-460
-460
-468
-488
-526
-577
-630
-679
-724
-751
-745
-705
-646
-582
-515
-445
-382
-328
-282
-246
-223
-211
-202
-190
-179
-172
-169
-166
-160
-148
-125
-99
-76
-57
-33
-2
27
46
60
77
107
155
223
299
368
424
463
483
480
453
409
357
302
256
232
227
225
221
224
241
266
292
322
357
389
410
424
437
437
412
370
331
305
281
262
253
254
247
224
193
166
139
111
89
84
95
110
123
138
156
172
182
192
204
212
207
185
150
103
42
-31
-99
-146
-167
-168
-159
-148
-138
-135
-146
-166
-189
-210
-228
-244
-260
-276
-297
-327
-370
-417
-456
-481
-497
-514
-533
-555
-581
-617
-656
-684
-698
-704
-708
-701
-679
-650
-628
-612
-601
-602
-623
-659
-695
-734
-791
-862
-929
-974
-999
-1011
-1008
-988
-962
-938
-911
-875
-829
-779
-718
-639
-542
-435
-323
-208
-99
-12
49
82
89
66
19
-37
-90
-134
-161
-162
-133
-85
-27
36
99
157
210
269
338
406
463
505
536
554
558
554
551
551
547
544
552
572
588
581
552
510
466
431
416
431
467
511
562
624
689
739
761
763
755
742
721
695
666
628
576
517
465
424
396
382
390
418
451
480
503
511
498
471
447
436
433
435
449
477
503
505
484
448
399
342
291
262
250
234
214
201
199
196
186
180
187
200
216
240
270
279
244
173
92
13
-61
-125
-168
-191
-204
-214
-219
-227
-247
-279
-303
-311
-306
-295
-281
-271
-279
-306
-341
-371
-397
-424
-444
-451
-455
-468
-493
-522
-551
-583
-611
-620
-606
-575
-534
-484
-428
-378
-346
-327
-308
-289
-273
-262
-252
-240
-232
-229
-232
-236
-241
-246
-247
-235
-203
-158
-109
-64
-22
19
55
83
108
135
170
207
243
277
304
315
306
287
271
263
258
255
260
276
295
309
321
339
360
380
399
426
457
479
487
489
493
498
497
491
487
485
474
454
432
410
385
354
327
314
313
314
316
326
344
363
378
395
417
437
444
438
423
399
363
318
273
235
201
169
142
126
118
110
101
92
85
77
64
50
34
13
-12
-37
-57
-74
-90
-104
-117
-130
-145
-164
-190
-224
-266
-312
-353
-388
-415
-433
-438
-435
-428
-421
-414
-406
-404
-408
-414
-419
-429
-450
-479
-507
-533
-561
-591
-616
-631
-641
-646
-638
-616
-592
-576
-566
-553
-538
-524
-510
-490
-460
-427
-392
-352
-308
-273
-253
-244
-238
-231
-223
-214
-202
-190
-181
-175
-167
-153
-136
-117
-92
-60
-20
23
65
100
122
134
143
155
172
191
210
226
235
241
248
260
271
278
285
296
307
316
324
332
340
346
355
371
392
410
421
428
435
438
434
426
419
414
406
400
397
396
391
381
374
371
366
357
348
343
341
338
334
330
322
309
296
287
280
267
246
222
197
171
141
107
72
34
-4
-34
-54
-67
-84
-105
-128
-149
-170
-190
-211
-231
-253
-278
-303
-327
-353
-380
-406
-425
-439
-449
-462
-481
-505
-535
-568
-600
-629
-654
-674
-690
-703
-718
-735
-756
-779
-799
-813
-819
-820
-818
-812
-802
-788
-771
-751
-725
-690
-647
-597
-547
-507
-482
-477
-484
-493
-499
-500
-498
-490
-479
-465
-451
-438
-424
-406
-379
-340
-287
-226
-166
-118
-82
-55
-31
-7
20
52
92
136
180
221
255
277
287
291
295
306
322
342
365
389
414
443
475
512
554
598
641
681
710
731
744
752
753
752
751
750
746
739
732
730
727
721
718
723
729
729
726
726
729
729
727
731
744
755
760
765
775
782
776
762
749
737
717
690
666
648
628
601
575
559
546
528
509
499
493
479
456
433
416
397
372
347
328
311
291
270
255
243
222
190
155
123
94
64
36
10
-16
-42
-69
-93
-114
-134
-153
-169
-181
-192
-204
-219
-242
-267
-289
-306
-320
-333
-341
-349
-359
-375
-389
-399
-407
-416
-426
-432
-437
-444
-452
-455
-455
-456
-457
-453
-440
-424
-410
-401
-394
-390
-390
-389
-384
-377
-371
-366
-358
-348
-339
-328
-315
-301
-287
-271
-249
-227
-210
-197
-182
-167
-154
-145
-132
-117
-103
-91
-74
-49
-26
-12
1
20
38
48
51
60
74
87
96
110
129
143
148
155
172
192
204
208
217
229
237
239
242
249
252
250
250
260
275
284
287
290
292
290
282
274
269
265
260
255
253
251
244
232
219
207
195
184
174
164
154
140
121
96
71
48
28
10
-7
-22
-37
-55
-76
-98
-122
-150
-178
-202
-218
-227
-238
-256
-280
-309
-342
-374
-403
-428
-453
-481
-508
-533
-557
-584
-613
-641
-665
-685
-703
-721
-739
-759
-776
-786
-788
-781
-767
-747
-725
-705
-690
-685
-693
-713
-735
-753
-767
-780
-794
-803
-807
-805
-799
-782
-754
-721
-686
-646
-600
-558
-529
-512
-495
-471
-440
-403
-359
-311
-268
-233
-198
-161
-123
-92
-63
-33
-2
27
50
71
92
115
145
187
242
303
364
420
469
509
540
564
584
600
614
627
638
646
651
657
665
675
689
706
723
736
742
744
741
734
728
727
734
744
754
764
772
775
775
775
777
778
773
763
749
729
703
676
654
637
620
607
601
600
598
591
580
565
547
525
505
491
479
466
451
440
432
423
413
402
389
374
353
330
308
284
259
234
212
195
179
164
150
138
124
110
97
84
70
53
33
11
-15
-42
-67
-90
-110
-126
-141
-157
-173
-190
-208
-225
-245
-267
-291
-312
-330
-344
-355
-364
-374
-386
-398
-405
-408
-411
-417
-425
-435
-448
-462
-475
-484
-492
-499
-501
-497
-490
-487
-487
-487
-486
-485
-483
-476
-466
-457
-450
-442
-430
-418
-409
-399
-387
-372
-357
-342
-327
-316
-308
-300
-288
-273
-257
-240
-219
-195
-173
-151
-129
-110
-95
-81
-63
-41
-21
-6
8
24
41
56
72
90
108
123
138
155
172
184
192
199
207
216
225
234
244
256
266
274
279
281
282
281
277
269
261
252
244
234
226
219
213
203
193
186
180
171
155
139
124
109
91
71
52
31
6
-18
-37
-52
-70
-93
-119
-145
-173
-206
-241
-272
-301
-330
-358
-383
-404
-427
-454
-482
-509
-535
-561
-585
-603
-613
-617
-619
-618
-616
-616
-620
-628
-638
-651
-669
-692
-717
-738
-754
-766
-775
-778
-772
-757
-737
-711
-681
-650
-623
-604
-589
-572
-555
-539
-522
-498
-466
-428
-388
-346
-304
-266
-233
-203
-169
-134
-106
-86
-68
-46
-21
9
43
85
129
177
226
280
330
371
401
424
443
458
470
481
492
505
520
538
557
576
592
606
619
629
636
641
642
643
643
645
649
654
659
667
676
685
693
697
698
693
681
666
650
634
618
605
596
591
585
580
577
575
570
565
561
557
551
540
526
511
496
483
472
464
457
449
439
430
419
406
392
375
359
342
325
309
294
279
265
254
247
243
239
232
222
207
187
165
144
124
103
82
62
45
26
5
-17
-37
-54
-70
-86
-103
-122
-142
-164
-186
-205
-222
-238
-252
-262
-268
-275
-287
-302
-316
-330
-343
-358
-372
-385
-399
-414
-427
-438
-447
-457
-463
-464
-461
-458
-459
-461
-461
-461
-459
-457
-453
-449
-444
-439
-433
-424
-417
-412
-407
-399
-388
-378
-368
-359
-349
-338
-325
-309
-291
-270
-250
-230
-210
-191
-173
-156
-141
-125
-110
-93
-76
-61
-47
-34
-19
-5
10
27
44
61
77
92
108
122
135
148
163
180
195
208
218
227
235
241
246
251
255
254
251
247
245
244
240
236
233
231
229
225
222
217
210
201
191
183
174
161
145
129
117
104
88
67
44
21
-1
-24
-48
-73
-100
-128
-153
-173
-192
-214
-241
-269
-291
-311
-332
-360
-390
-419
-446
-470
-493
-509
-521
-529
-532
-529
-522
-521
-533
-552
-570
-586
-602
-623
-645
-663
-677
-687
-692
-689
-682
-672
-658
-637
-609
-583
-567
-559
-551
-539
-523
-507
-488
-462
-431
-396
-360
-322
-284
-251
-223
-194
-161
-127
-101
-82
-64
-43
-17
12
45
84
127
172
217
262
304
337
359
376
395
414
430
443
455
469
482
497
514
532
550
566
582
595
606
611
611
610
610
614
620
628
635
644
652
660
667
671
672
667
660
652
645
637
627
615
605
599
>>>>>>> Stashed changes
595
593
592
591
588
585
<<<<<<< Updated upstream
581
577
571
560
547
537
528
519
509
499
489
479
469
460
450
437
421
407
395
382
367
351
337
325
314
306
298
290
279
267
256
244
228
209
188
169
151
132
114
95
75
55
36
19
3
-15
-33
-52
-71
-91
-110
-130
-149
-166
-180
-193
-204
-218
-231
-245
-259
-273
-287
-300
-315
-332
-347
-359
-371
-384
-396
-404
-409
-413
-416
=======
583
580
573
562
550
538
528
518
508
498
488
477
467
458
448
435
420
406
394
381
368
353
339
325
314
305
298
290
278
265
254
243
227
208
186
167
148
130
113
95
77
57
38
23
7
-10
-30
-51
-70
-90
-109
-129
-149
-166
-180
-192
-204
-216
-230
-243
-257
-271
-285
-299
-316
-333
-349
-361
-372
-384
-396
-405
-410
-414
-417
>>>>>>> Stashed changes
-419
-422
-426
-430
<<<<<<< Updated upstream
-433
-434
-435
-435
-435
-432
-429
-425
-423
-421
-417
-411
-402
-392
-385
-379
-372
-363
-354
-344
-332
-317
-301
-284
-266
-247
-230
-217
-205
-188
-169
=======
-432
-433
-434
-434
-434
-431
-427
-423
-420
-418
-415
-410
-402
-392
-384
-377
-370
-361
-353
-343
-330
-315
-299
-282
-264
-245
-229
-215
-202
-186
-168
>>>>>>> Stashed changes
-151
-135
-121
-106
<<<<<<< Updated upstream
-91
-77
-63
-47
=======
-92
-79
-63
-46
>>>>>>> Stashed changes
-31
-16
0
18
<<<<<<< Updated upstream
37
53
66
77
=======
36
51
65
78
>>>>>>> Stashed changes
90
104
121
138
155
170
<<<<<<< Updated upstream
183
196
207
217
225
231
236
241
247
=======
182
195
207
216
224
231
237
242
246
250
>>>>>>> Stashed changes
251
252
249
<<<<<<< Updated upstream
245
243
=======
>>>>>>> Stashed changes
244
241
241
243
246
248
248
247
<<<<<<< Updated upstream
244
240
237
231
222
212
202
193
184
173
159
143
125
107
89
73
53
30
5
-18
-39
-62
-87
-111
-133
-154
-172
-191
=======
246
243
239
235
229
220
210
199
190
182
172
159
141
122
103
88
72
53
29
4
-19
-42
-65
-89
-113
-136
-157
-175
-192
>>>>>>> Stashed changes
-211
-237
-269
-300
<<<<<<< Updated upstream
-328
-352
-378
-405
-429
-445
-455
-461
-464
-467
-472
-479
-489
-499
-511
-530
-557
-584
-605
-622
-638
-651
-658
-656
-647
-633
-616
-601
-589
-582
-573
-563
-552
-544
-538
-527
-508
-482
-452
-421
-390
-359
-326
-291
-257
-228
-206
-190
-174
-153
-127
-99
-70
-38
-2
41
85
128
169
205
237
266
294
318
335
346
357
373
393
415
437
459
481
502
521
536
548
555
559
563
570
578
586
591
596
604
616
629
641
651
656
659
656
650
642
632
622
611
605
604
605
604
602
601
601
600
598
595
590
581
569
558
547
535
522
511
502
496
489
481
472
459
443
428
416
404
390
376
364
354
344
334
325
318
310
302
294
285
272
253
231
212
193
173
151
131
113
97
80
64
48
32
15
-3
-19
-35
-54
-77
-100
-119
-136
-152
-167
-180
-193
-207
-222
-240
-258
-278
-299
-319
-335
-349
-362
-376
-387
-396
-403
-410
-415
-422
-429
-437
-444
-448
-453
-461
=======
-326
-350
-377
-404
-428
-444
-454
-462
-466
-468
-472
-480
-490
-499
-510
-531
-558
-585
-606
-623
-638
-652
-658
-655
-644
-630
-613
-598
-587
-580
-572
-561
-549
-541
-536
-526
-508
-481
-451
-422
-392
-360
-325
-290
-255
-225
-200
-183
-167
-146
-119
-91
-65
-37
-2
42
86
128
169
206
238
266
292
316
335
348
358
373
393
415
436
457
480
502
521
536
547
555
560
565
570
577
583
588
593
601
613
627
639
648
654
658
656
650
641
632
621
610
604
604
604
602
598
596
596
596
595
593
589
581
570
558
547
534
520
508
500
494
489
482
472
459
443
427
414
401
388
376
363
352
341
331
322
315
307
300
294
285
273
255
234
214
194
174
154
133
115
99
84
69
52
35
17
-1
-18
-34
-52
-74
-97
-117
-134
-150
-166
-181
-197
-211
-226
-241
-258
-277
-297
-315
-331
-345
-359
-374
-387
-397
-405
-410
-416
-422
-430
-437
-442
-447
-454
-462
>>>>>>> Stashed changes
-469
-472
-473
-474
<<<<<<< Updated upstream
-476
-477
-478
-477
-475
-474
-473
-468
-462
-458
-456
-452
-445
-436
-428
-418
-406
-392
-378
-363
-347
-331
-315
=======
-475
-475
-475
-475
-473
-469
-464
-460
-457
-453
-447
-439
-430
-420
-407
-392
-376
-361
-345
-328
-313
>>>>>>> Stashed changes
-301
-289
-273
-258
<<<<<<< Updated upstream
-246
-234
=======
-245
-235
>>>>>>> Stashed changes
-221
-204
-185
-169
-153
-135
<<<<<<< Updated upstream
-116
-96
-76
-56
-37
-20
-7
6
22
41
58
72
85
100
115
130
144
158
169
177
185
193
200
205
208
210
213
219
224
229
232
234
236
237
236
232
225
219
212
206
199
189
175
161
150
142
134
123
107
90
72
53
32
8
-17
-41
-62
-81
-99
-119
-143
-169
-194
-216
-236
-258
-284
-315
-345
-372
-395
-417
-438
-453
-459
-461
-463
-467
-474
-487
-507
-530
-550
-568
-588
-612
-631
-641
-647
-653
-659
-659
-652
-638
-623
-608
-596
-591
-592
-591
-583
-569
-554
-539
-520
-492
-457
-424
-396
-372
-346
-319
-291
-262
-233
-209
-192
-174
-147
-113
-78
-44
-8
36
81
120
152
179
202
221
240
261
284
304
320
336
356
379
402
422
442
463
483
499
509
515
518
522
527
535
547
561
573
581
589
598
607
612
614
615
615
612
605
597
591
583
577
574
578
584
588
587
586
584
581
575
568
561
551
540
528
518
509
497
485
474
468
463
457
448
438
425
411
396
382
370
358
349
341
335
330
322
312
299
287
274
259
241
222
203
184
164
146
126
107
87
70
56
44
30
12
-8
-30
-52
-73
-94
-116
-137
-155
-170
-185
-200
-218
-238
-257
-275
-290
-303
-317
-333
-351
-367
-381
-394
-406
-417
-425
-430
-433
-436
-442
-450
-457
-466
-472
-477
-480
-483
-486
-488
-487
-486
-485
-483
-481
-475
-466
-457
-450
-445
-440
-433
-425
-414
-399
-382
-367
-354
-340
-324
-308
-295
-284
-271
-254
-239
-225
-212
-197
-182
-168
-152
-131
-107
-86
-67
-47
-26
-8
6
20
35
51
67
83
100
114
126
135
146
158
172
183
193
203
211
215
217
219
222
225
229
235
241
244
243
239
235
231
226
219
212
206
199
189
176
162
150
137
126
116
106
93
74
51
28
6
-17
-40
-60
-77
-94
-116
-140
-164
-188
-213
-236
-256
-275
-299
-328
-354
-375
-394
-413
-430
-439
-439
-439
-444
-454
-468
-488
-513
-536
-551
-563
-578
-594
-607
-612
-613
-616
-618
-612
-598
-581
-567
-556
-548
-545
-544
-539
-525
-505
-485
-464
-438
-406
-374
-346
-322
-298
-270
-240
-210
-180
-152
-128
-108
-87
-58
-23
12
45
80
119
157
189
215
239
261
280
298
319
341
359
372
385
404
427
450
471
490
510
525
535
541
546
551
557
563
573
585
596
603
607
611
617
623
627
628
629
627
620
611
602
597
593
590
591
597
602
602
596
590
584
577
569
562
555
545
532
518
506
496
485
473
465
459
454
448
439
427
411
396
383
373
364
354
345
336
326
317
307
296
283
267
253
238
221
200
177
156
138
120
103
85
69
52
35
18
2
-18
-40
-61
-79
-95
-114
-135
-157
-176
-191
-205
-219
-234
-250
-266
-282
-297
-310
-325
-341
-357
-368
-374
-379
-387
-397
-405
-409
-413
=======
-114
-95
-77
-57
-38
-22
-10
3
20
38
54
68
84
100
116
131
145
157
168
176
184
192
200
205
208
209
212
219
225
229
231
233
237
239
238
233
227
220
213
207
201
191
178
163
152
144
136
126
110
92
74
55
35
10
-16
-40
-61
-79
-97
-117
-139
-165
-191
-214
-233
-254
-280
-312
-343
-368
-391
-414
-436
-452
-459
-462
-464
-467
-473
-487
-508
-532
-551
-567
-587
-610
-630
-640
-645
-651
-657
-657
-649
-636
-620
-605
-594
-591
-594
-595
-587
-573
-558
-543
-522
-494
-460
-428
-399
-372
-345
-316
-286
-255
-226
-204
-189
-173
-149
-117
-84
-50
-13
30
75
116
150
180
205
227
247
269
291
310
325
338
355
376
397
418
439
461
483
500
511
518
522
525
529
536
547
558
568
576
584
594
604
610
612
613
612
609
603
596
589
581
574
571
574
580
583
583
583
582
579
573
565
558
549
537
526
517
507
496
484
474
468
463
456
448
438
427
414
401
388
375
363
353
345
339
333
325
314
302
289
276
261
244
224
205
186
168
148
128
107
86
68
53
39
24
6
-14
-35
-56
-76
-96
-117
-139
-157
-172
-185
-200
-217
-236
-254
-270
-284
-298
-314
-330
-347
-363
-377
-390
-402
-413
-421
-425
-427
-431
-437
-445
-454
-462
-470
-475
-480
-483
-486
-487
-487
-485
-484
-482
-480
-474
-466
-457
-450
-445
-440
-435
-426
-415
-400
-385
-370
-356
-341
-326
-310
-297
-287
-274
-258
-241
-226
-212
-198
-184
-170
-153
-132
-109
-87
-67
-47
-27
-9
6
20
34
48
64
82
100
115
127
136
146
158
171
183
194
204
210
214
217
219
222
224
227
233
240
244
244
240
237
232
226
219
213
207
200
189
176
163
150
137
125
115
105
92
74
52
30
7
-17
-40
-60
-77
-95
-117
-142
-165
-187
-211
-235
-256
-277
-301
-330
-356
-378
-396
-414
-430
-437
-438
-438
-444
-456
-470
-488
-511
-534
-551
-563
-577
-593
-605
-609
-611
-613
-614
-607
-592
-577
-565
-555
-547
-544
-544
-539
-526
-507
-487
-466
-439
-407
-374
-346
-320
-294
-266
-237
-210
-183
-157
-136
-119
-98
-69
-32
5
41
79
119
157
188
215
240
262
282
299
320
343
362
374
386
403
425
448
468
488
507
522
534
541
547
553
557
563
572
584
595
602
606
610
617
624
628
630
631
628
620
610
602
597
592
588
590
596
602
602
599
594
587
579
570
563
556
546
532
518
508
498
487
476
468
463
459
452
443
430
414
399
386
376
367
357
349
340
330
319
308
294
279
263
249
236
219
198
175
155
136
118
101
84
66
49
33
17
-1
-21
-43
-63
-81
-98
-116
-136
-158
-178
-194
-208
-222
-236
-251
-266
-280
-295
-310
-325
-341
-356
-368
-375
-380
-387
-396
-403
-408
-412
>>>>>>> Stashed changes
-417
-422
-425
-429
<<<<<<< Updated upstream
-436
-442
-446
-448
-453
-458
-458
-451
-443
-438
-435
-429
-421
-416
-410
-401
-390
-382
-374
-363
-348
-333
-319
-307
-293
-276
-259
-241
-225
-210
-197
-186
-175
-163
-148
-131
-114
-97
-78
-56
-35
=======
-435
-442
-446
-450
-456
-460
-459
-452
-444
-439
-435
-428
-421
-416
-410
-402
-392
-383
-376
-365
-350
-335
-321
-309
-294
-278
-261
-243
-225
-210
-197
-187
-176
-163
-148
-132
-115
-98
-79
-58
-37
>>>>>>> Stashed changes
-18
-2
15
34
<<<<<<< Updated upstream
54
72
88
101
111
121
132
146
160
170
179
190
203
215
222
225
228
233
239
245
250
252
250
=======
52
70
87
101
113
122
132
146
160
172
182
193
205
216
222
226
228
232
237
244
250
253
251
248
>>>>>>> Stashed changes
247
247
249
251
249
<<<<<<< Updated upstream
245
240
236
231
222
207
191
177
168
161
154
144
131
115
96
78
61
44
24
3
-17
-36
-58
-84
-111
-137
-159
-178
-196
-214
-234
-259
-289
-319
-346
-366
-381
-391
-400
-406
-412
-420
-431
-445
-459
-473
-486
-498
-509
-522
-541
-561
-577
-585
-587
-585
-580
-569
-558
-547
-540
-534
-532
-533
-531
-520
-501
-481
-465
-449
-429
-405
-378
-351
-322
-291
-261
-234
-207
-182
-162
-147
-132
-107
-72
-35
0
34
67
101
132
163
192
217
238
256
277
299
318
331
341
356
378
404
429
453
474
490
499
508
518
528
535
540
548
561
571
576
580
586
594
602
=======
247
244
241
237
233
224
210
194
179
169
162
154
143
130
114
95
76
58
42
23
2
-18
-37
-57
-82
-110
-135
-157
-177
-196
-214
-233
-258
-287
-317
-343
-364
-379
-390
-399
-405
-411
-418
-429
-443
-458
-473
-487
-499
-509
-522
-540
-562
-578
-585
-586
-584
-578
-568
-557
-548
-540
-534
-531
-533
-532
-521
-501
-480
-464
-450
-431
-407
-381
-352
-322
-291
-262
-234
-207
-182
-163
-149
-133
-108
-72
-33
3
38
71
105
137
168
196
222
242
261
281
302
319
331
342
358
381
406
431
454
475
490
500
507
516
526
533
537
546
558
568
574
578
584
592
601
>>>>>>> Stashed changes
609
616
622
622
617
612
<<<<<<< Updated upstream
608
604
600
598
600
604
608
609
607
603
598
589
581
573
565
556
545
532
=======
609
605
601
598
599
603
606
608
606
602
596
589
583
576
568
558
546
533
>>>>>>> Stashed changes
519
508
496
<<<<<<< Updated upstream
486
478
471
464
457
448
439
427
412
396
382
372
364
356
347
337
327
316
304
291
276
262
246
230
215
199
179
157
134
117
103
88
70
53
36
18
-1
-19
-37
-58
-81
-102
-118
-134
-152
-172
-191
-208
-222
-237
-250
-262
-277
-293
-308
-320
-332
-345
-359
-370
-378
-383
-389
-397
-406
-414
-421
-427
-433
-440
-448
-456
-462
-464
-467
-470
-474
-475
-471
-466
-459
-452
-446
-439
-432
-424
-414
-406
-400
-393
-382
-367
-352
-338
-325
-310
-296
-284
=======
485
476
468
461
453
445
435
423
410
395
381
370
361
352
343
332
322
312
301
288
275
262
248
231
214
197
178
155
132
114
99
84
68
53
37
20
2
-15
-33
-54
-77
-98
-115
-130
-148
-168
-188
-206
-222
-236
-249
-262
-277
-292
-306
-319
-331
-344
-358
-369
-377
-382
-389
-397
-406
-413
-420
-426
-433
-441
-449
-457
-462
-463
-465
-468
-472
-472
-469
-463
-457
-451
-444
-437
-430
-422
-413
-406
-400
-393
-381
-366
-352
-338
-324
-309
-296
-283
>>>>>>> Stashed changes
-270
-255
-240
-227
<<<<<<< Updated upstream
-212
-193
-173
-158
-145
-131
-112
-93
-74
-55
-35
-15
2
18
34
50
62
71
83
100
118
134
147
157
167
175
184
193
204
=======
-211
-192
-172
-156
-144
-129
-111
-92
-73
-55
-35
-16
0
17
34
50
63
73
86
103
122
136
148
157
167
176
185
195
205
>>>>>>> Stashed changes
214
222
229
235
240
242
<<<<<<< Updated upstream
240
239
240
244
248
250
247
241
235
228
220
212
205
198
191
184
176
164
148
131
116
105
93
78
59
36
12
-12
-35
-58
-82
-103
-121
-138
-155
-177
=======
241
239
240
243
247
247
244
238
232
225
218
211
204
197
190
183
175
163
147
130
114
103
90
74
54
31
7
-16
-38
-61
-84
-106
-124
-140
-157
-178
>>>>>>> Stashed changes
-204
-233
-261
-285
-304
-320
-340
<<<<<<< Updated upstream
-364
-385
-401
-413
-425
-435
-441
-444
-447
-455
-465
-481
-503
-529
-551
-565
-573
-582
-592
-597
-593
-586
-581
-576
-569
-559
-547
-533
-519
-507
-502
-501
-496
-481
-457
-433
-411
-386
-355
-319
-287
-259
-236
-214
-193
-170
-143
-114
-87
-65
-41
-9
29
65
96
125
158
192
221
244
262
277
289
300
317
339
361
379
397
418
440
459
474
488
502
513
522
529
535
539
=======
-363
-385
-401
-413
-424
-434
-440
-443
-448
-455
-464
-480
-502
-529
-551
-563
-570
-579
-589
-594
-591
-585
-579
-573
-565
-556
-545
-531
-517
-506
-503
-504
-499
-483
-458
-433
-409
-383
-352
-318
-286
-260
-238
-218
-197
-173
-144
-114
-88
-67
-43
-12
27
63
95
126
160
195
224
247
265
278
287
298
315
338
359
378
396
417
439
459
474
489
503
514
523
531
537
541
>>>>>>> Stashed changes
544
549
558
569
580
<<<<<<< Updated upstream
590
597
603
609
612
611
607
603
600
597
593
592
594
594
591
590
593
598
599
595
590
582
570
554
540
529
519
507
495
486
479
471
459
446
437
430
423
414
404
393
379
364
349
337
327
317
308
299
290
278
260
239
217
199
181
164
147
131
113
93
72
54
35
16
-4
-19
-33
-49
-70
-94
-117
-139
-161
-181
-198
-214
-228
-240
-251
-263
-279
-297
-315
-330
-341
-350
-360
-373
-387
-398
-405
-412
-419
-426
-430
-433
-436
-441
-448
-456
-467
-476
-481
-482
-483
-484
-484
-479
-471
-463
-457
-453
-447
-439
-429
-419
-410
-402
-394
-386
-374
-358
-341
-326
-313
-299
-281
-264
-250
-238
-223
-207
-192
-178
-161
-144
-129
-115
-96
-72
-48
-27
-11
5
23
38
51
63
76
89
103
117
135
150
160
166
174
185
198
208
215
222
228
232
233
232
229
228
228
232
240
247
246
237
226
217
211
204
194
184
175
166
154
140
126
109
92
75
63
52
38
17
-7
-33
-56
-78
-100
-122
-144
-165
-184
-204
-225
-249
-276
-304
-332
-358
-377
-390
-402
-416
-431
-440
-445
-448
-455
-465
-476
-489
-506
-523
-536
-550
-567
=======
589
597
604
609
612
611
608
605
602
598
595
594
594
594
592
591
595
599
600
596
589
581
569
554
540
529
518
506
493
484
478
469
457
446
438
432
424
414
403
392
377
359
345
333
322
312
305
298
291
278
260
239
218
198
180
163
146
129
112
93
75
57
39
20
1
-16
-31
-48
-70
-95
-119
-142
-162
-180
-197
-213
-228
-240
-252
-264
-280
-298
-317
-333
-345
-354
-363
-375
-388
-399
-406
-412
-419
-426
-431
-434
-437
-441
-446
-454
-465
-475
-479
-480
-481
-481
-480
-475
-468
-461
-455
-451
-447
-440
-431
-421
-411
-402
-395
-387
-377
-361
-343
-327
-314
-300
-282
-265
-251
-238
-223
-208
-193
-179
-161
-143
-128
-115
-97
-74
-49
-28
-11
5
23
39
52
65
77
90
103
117
134
151
163
169
176
187
200
211
218
224
229
233
233
232
231
229
229
233
241
248
247
239
227
218
212
204
195
185
175
165
154
141
126
110
92
76
64
53
39
18
-7
-34
-59
-82
-104
-125
-146
-167
-186
-205
-226
-251
-278
-306
-334
-359
-378
-392
-404
-419
-435
-445
-449
-452
-458
-467
-478
-490
-506
-523
-538
-551
-568
>>>>>>> Stashed changes
-586
-597
-598
-595
-594
<<<<<<< Updated upstream
-591
-580
-566
-554
-545
-536
-528
-523
-518
-506
-489
-473
-459
-442
-415
-381
-347
-317
-291
-266
-239
-211
-184
-160
-140
-122
-102
-74
-39
-1
32
60
90
129
170
204
230
252
272
288
303
320
340
357
370
388
413
439
457
471
484
498
510
522
533
543
550
555
562
569
576
582
587
595
607
620
629
631
627
622
617
613
609
607
605
603
602
603
605
605
601
596
592
588
583
576
565
551
536
522
510
499
488
477
468
461
452
443
432
418
402
387
377
369
357
343
329
318
309
299
289
278
264
247
230
215
200
181
157
132
111
94
76
56
37
20
3
-13
-28
-43
-61
-84
-108
-128
-144
-162
-185
-207
-223
-234
-247
-262
-279
-294
-309
-323
-334
-345
-356
-372
-388
-398
-405
-411
-421
-428
-432
=======
-592
-590
-580
-567
-556
-549
-541
-533
-527
-521
-510
-493
-475
-461
-442
-414
-381
-347
-318
-293
-269
-243
-215
-189
-165
-144
-123
-100
-73
-38
0
34
63
92
130
171
206
233
255
276
292
305
322
341
357
371
389
414
441
460
474
487
502
515
527
538
547
555
560
566
574
581
587
593
601
613
625
632
634
630
626
622
618
614
611
609
606
604
605
607
608
604
599
596
593
587
579
568
555
540
526
515
503
491
480
470
462
453
444
433
419
403
388
376
366
353
339
326
315
305
296
286
275
261
244
228
214
198
179
154
130
109
91
74
54
35
18
2
-15
-32
-50
-70
-92
-114
-134
-151
-169
-190
-211
-228
-240
-252
-268
-284
-300
-314
-328
-341
-352
-364
-379
-393
-403
-407
-413
-421
-428
>>>>>>> Stashed changes
-433
-434
-435
-438
<<<<<<< Updated upstream
-444
-451
-459
-466
-469
-470
-471
-474
-475
-473
-466
-460
-454
-450
-443
-434
=======
-443
-450
-458
-464
-468
-470
-472
-475
-476
-473
-467
-460
-454
-450
-444
-435
>>>>>>> Stashed changes
-424
-413
-403
-393
-385
<<<<<<< Updated upstream
-378
-369
-355
-341
-327
-312
-295
-276
-258
-244
-229
-215
-200
-187
-173
-157
-141
-127
-112
-95
-75
-56
-38
-20
-1
20
39
58
74
88
99
110
123
136
149
160
171
181
192
202
211
216
220
225
231
236
240
242
244
245
245
245
245
244
240
233
228
224
217
206
194
184
173
162
150
139
128
114
99
86
72
54
31
7
-14
-35
-57
=======
-377
-368
-356
-341
-327
-312
-294
-274
-256
-241
-228
-214
-199
-185
-171
-156
-139
-124
-109
-92
-72
-54
-36
-19
1
22
42
60
77
91
103
115
127
139
152
163
173
184
195
205
214
220
225
229
235
239
241
243
245
247
246
246
247
245
241
236
231
226
218
207
196
186
175
163
150
139
127
114
101
88
73
54
31
7
-15
-37
-58
>>>>>>> Stashed changes
-79
-101
-122
-143
<<<<<<< Updated upstream
-163
-183
-203
-227
-252
-278
=======
-164
-183
-204
-228
-254
-279
>>>>>>> Stashed changes
-302
-324
-346
-367
<<<<<<< Updated upstream
-386
-404
-418
-426
-430
-436
-446
-457
-464
-472
-483
-498
-513
-530
-549
-566
-576
-580
-583
-585
-581
-570
-558
-551
-548
-543
-536
-528
-518
-508
-496
-485
-473
-457
-435
-410
-384
-359
-331
-298
-263
-233
-211
-195
-179
-158
-135
-107
-77
-45
-16
11
43
81
116
142
165
193
221
244
260
276
291
305
318
337
362
386
404
420
439
460
477
489
498
508
517
523
528
533
541
549
558
567
577
586
590
589
587
589
591
592
591
591
592
590
586
583
584
587
589
590
592
593
586
572
557
545
534
523
514
508
502
491
478
467
458
447
435
424
416
408
398
385
370
355
340
329
320
312
303
292
279
263
247
231
213
193
174
157
143
125
105
87
72
56
40
24
9
-10
-33
-54
-72
-91
-113
-136
-155
-171
-186
-202
-220
-236
-251
-263
-274
-286
-299
-315
-332
-349
-361
-369
-376
-385
-393
-397
-399
-403
-412
-422
-429
-433
-437
-441
-444
-446
-452
-458
-461
-458
-455
-454
-452
-444
-432
-421
-416
-412
-408
-403
-396
-385
-370
-356
-344
-334
-323
-309
-294
-282
-271
-256
-238
-221
-206
-193
-178
-163
-149
-134
-117
-98
-81
-66
-48
-28
-8
7
19
32
49
66
80
93
105
116
127
140
155
170
=======
-387
-405
-420
-428
-432
-439
-448
-458
-466
-473
-484
-498
-513
-529
-547
-565
-575
-579
-581
-583
-580
-569
-557
-550
-546
-541
-534
-526
-517
-506
-494
-484
-472
-457
-436
-412
-387
-361
-333
-301
-268
-238
-216
-200
-182
-161
-135
-107
-76
-45
-16
11
42
78
112
139
163
190
218
240
256
271
287
302
316
336
361
385
402
417
435
456
473
484
493
504
514
522
527
534
541
550
558
568
579
588
592
591
590
591
593
594
593
592
593
592
588
585
585
588
590
591
594
595
589
576
561
548
538
528
519
512
505
495
482
471
461
452
439
428
419
413
404
391
375
359
344
333
324
316
307
296
281
266
249
233
214
194
174
156
140
122
102
83
67
52
38
23
7
-12
-34
-56
-77
-96
-116
-138
-158
-174
-189
-206
-224
-241
-257
-270
-282
-293
-305
-320
-336
-352
-364
-373
-380
-388
-395
-400
-402
-406
-415
-425
-432
-435
-438
-442
-445
-448
-452
-458
-461
-459
-455
-454
-452
-444
-431
-420
-414
-410
-406
-400
-392
-382
-368
-353
-342
-333
-321
-306
-291
-279
-266
-251
-234
-218
-204
-190
-176
-161
-148
-133
-114
-95
-78
-63
-45
-25
-6
8
20
34
50
66
80
92
104
115
126
139
155
169
>>>>>>> Stashed changes
179
185
190
198
206
211
<<<<<<< Updated upstream
213
216
220
224
226
226
223
218
215
215
219
222
220
213
204
194
185
174
162
150
141
132
124
114
99
80
58
38
22
8
-7
-25
-45
-66
-88
-110
-132
-157
-182
-204
-220
-233
-251
-276
-304
-334
-363
-387
-401
-406
-410
-419
-429
-437
-443
-452
-467
-484
-496
-505
-513
-523
-534
-547
-565
-583
-593
-590
-580
-569
-559
-546
-532
-524
-523
-524
-521
-512
-499
-480
-457
-436
-420
-404
-383
-355
=======
214
217
221
224
226
226
222
218
214
214
218
221
219
211
202
194
185
174
163
152
142
132
123
113
98
78
56
38
22
8
-9
-26
-45
-67
-89
-111
-133
-156
-181
-203
-219
-233
-251
-275
-303
-333
-361
-385
-399
-406
-410
-418
-428
-436
-442
-451
-466
-482
-495
-504
-513
-524
-535
-548
-565
-582
-590
-585
-574
-564
-555
-542
-529
-522
-523
-526
-522
-513
-498
-479
-457
-436
-421
-407
-386
-357
>>>>>>> Stashed changes
-325
-298
-273
-247
-218
<<<<<<< Updated upstream
-192
-170
-153
-138
-120
-94
-60
-20
21
53
75
96
123
155
185
210
233
256
276
291
304
318
332
348
368
398
429
453
465
471
479
488
498
509
522
535
547
556
563
567
567
568
573
586
602
612
614
608
600
593
588
587
589
595
602
607
610
609
603
592
582
577
578
578
574
566
553
538
521
506
496
490
484
479
472
465
454
437
418
401
389
382
376
369
360
347
329
311
296
284
271
255
240
226
210
187
162
139
119
101
85
74
62
45
23
1
-19
-36
-54
-74
-94
-113
-130
-148
-169
-191
-211
-228
-242
-254
-264
-275
-290
-309
-326
-341
-354
-367
-378
-386
-391
-397
-404
-413
-421
-428
-433
-437
-439
-443
-449
-456
-461
-464
-465
-465
-464
-461
-455
-448
-442
-436
-429
-424
-418
-411
-399
-386
-374
-366
-357
-347
-335
-324
-312
-296
-278
-263
-250
-238
-224
-211
-199
-187
-171
-151
-131
-114
-97
-80
-63
-49
-35
-17
3
22
38
53
70
=======
-190
-169
-153
-137
-117
-90
-55
-14
26
57
78
97
124
155
184
209
232
255
274
290
303
318
332
347
368
398
428
450
461
467
474
484
494
506
520
534
547
556
562
565
565
565
571
584
599
609
611
605
598
591
586
585
587
594
601
606
609
607
601
590
581
576
576
576
572
564
551
536
520
507
497
491
486
480
475
467
455
438
418
401
388
380
373
367
358
345
328
310
295
282
269
253
237
223
207
186
162
139
119
102
87
74
63
48
27
4
-17
-37
-57
-77
-96
-113
-129
-147
-168
-189
-209
-226
-241
-254
-265
-276
-290
-307
-324
-338
-352
-365
-376
-384
-388
-394
-403
-413
-421
-427
-432
-435
-437
-439
-445
-453
-458
-461
-463
-464
-464
-461
-454
-447
-441
-436
-431
-425
-419
-411
-399
-385
-373
-364
-356
-345
-334
-323
-311
-295
-277
-261
-249
-237
-224
-211
-201
-188
-171
-150
-130
-112
-95
-77
-61
-48
-34
-16
5
24
41
56
71
>>>>>>> Stashed changes
84
93
101
111
<<<<<<< Updated upstream
126
140
154
167
178
186
189
191
196
203
209
214
220
225
227
225
222
220
219
217
216
216
214
206
196
185
175
165
156
147
141
134
123
109
94
79
62
45
30
15
-4
-26
-49
-71
-93
-115
-136
-153
-167
-183
-205
-230
-254
-276
-298
-318
-334
-347
-361
-377
-391
-398
-402
-413
-426
-435
-438
-442
-454
-469
-483
-498
-516
-531
-533
-526
-523
-525
-521
-509
-499
-497
-495
-488
-476
-466
-457
-445
-433
-423
-414
-399
-376
-348
-321
-296
-270
-241
-214
-192
-174
-157
-135
-110
-83
-55
-27
0
22
44
74
110
142
165
188
215
240
257
269
284
300
314
329
350
376
398
412
426
444
463
478
490
502
513
521
525
528
531
537
545
555
565
576
585
589
587
584
583
585
585
585
=======
125
139
153
165
176
184
187
189
193
199
206
211
217
222
224
222
219
217
216
215
213
212
209
202
192
182
172
162
152
144
137
130
118
105
91
76
60
43
27
12
-6
-28
-51
-73
-94
-116
-137
-154
-167
-184
-205
-230
-255
-277
-300
-320
-336
-350
-363
-379
-391
-396
-401
-411
-424
-433
-436
-441
-453
-468
-482
-497
-515
-529
-531
-525
-522
-523
-519
-508
-498
-496
-495
-488
-475
-464
-454
-442
-428
-419
-411
-397
-373
-345
-319
-293
-266
-235
-206
-184
-167
-150
-130
-107
-82
-55
-27
-1
21
44
74
109
140
164
187
214
238
255
269
284
301
315
330
352
376
396
410
424
441
460
476
489
500
512
521
526
528
531
538
546
555
564
575
585
588
586
582
583
585
585
585
>>>>>>> Stashed changes
588
591
590
585
582
583
584
<<<<<<< Updated upstream
584
582
582
586
=======
582
581
585
>>>>>>> Stashed changes
588
583
570
555
<<<<<<< Updated upstream
541
527
514
506
=======
542
529
515
507
>>>>>>> Stashed changes
503
498
489
<<<<<<< Updated upstream
478
468
461
448
433
419
410
403
393
380
365
348
331
315
304
296
286
274
260
246
230
211
191
170
150
133
118
=======
476
467
459
447
431
418
411
406
396
384
369
353
335
317
305
297
287
273
258
245
231
213
193
171
150
133
119
>>>>>>> Stashed changes
103
85
67
49
33
<<<<<<< Updated upstream
16
1
-13
-30
-49
-67
-85
-103
-125
-148
-167
-183
-198
-214
-228
-241
-255
-269
-281
-292
-304
-319
-334
=======
17
2
-13
-30
-49
-69
-87
-105
-126
-149
-168
-183
-197
-211
-226
-240
-254
-267
-278
-289
-301
-316
-332
>>>>>>> Stashed changes
-344
-353
-362
-370
-377
<<<<<<< Updated upstream
-383
-387
-391
-395
-399
-406
-413
-417
-418
-420
-423
-427
-429
-430
=======
-382
-387
-390
-393
-396
-403
-410
-415
-418
-420
-423
-426
-428
-429
>>>>>>> Stashed changes
-429
-427
-422
-416
<<<<<<< Updated upstream
-409
-401
-392
-382
-374
-370
-365
-357
-346
-334
-322
-312
-304
-293
-280
-266
-253
-239
-224
-211
-199
-186
-171
-158
=======
-410
-403
-392
-382
-374
-369
-364
-356
-346
-334
-323
-313
-304
-293
-280
-267
-253
-238
-224
-211
-198
-185
-170
-157
>>>>>>> Stashed changes
-147
-136
-120
-101
-85
<<<<<<< Updated upstream
-71
-57
-41
-26
-13
3
20
36
48
60
74
89
98
106
114
126
137
148
159
=======
-70
-56
-40
-26
-13
2
20
36
49
61
75
89
98
106
115
127
138
149
160
>>>>>>> Stashed changes
169
175
178
181
185
<<<<<<< Updated upstream
190
193
193
195
197
200
201
198
193
190
188
185
181
176
170
161
150
139
130
121
107
93
84
77
68
54
37
20
2
-17
-34
-50
-64
-81
-102
-121
-140
-160
-181
-201
-218
=======
189
191
192
193
196
198
198
196
192
188
186
183
179
174
168
160
149
138
128
117
104
91
81
74
66
52
35
18
2
-17
-35
-51
-66
-83
-102
-122
-141
-161
-182
-202
-219
>>>>>>> Stashed changes
-234
-252
-272
-291
<<<<<<< Updated upstream
-308
-325
-341
-354
-364
-372
-378
-383
-388
-396
-407
-421
-434
-445
-453
-461
-469
-478
-486
-493
-497
-499
-495
-486
-476
-468
-461
-456
-451
-450
-447
-438
-422
-406
-392
-376
-356
-336
-318
-299
-278
-254
-232
-209
-185
-161
-142
-128
-113
-92
-66
-38
-8
23
53
80
103
126
148
167
185
204
225
244
261
275
289
305
323
345
367
388
408
425
441
454
464
472
479
487
498
512
524
532
539
544
549
553
559
564
568
570
571
574
576
576
575
575
=======
-309
-326
-342
-356
-365
-373
-378
-383
-388
-395
-406
-421
-434
-444
-452
-459
-468
-478
-486
-492
-497
-498
-494
-485
-475
-468
-461
-454
-450
-448
-446
-437
-422
-407
-395
-380
-361
-341
-322
-303
-281
-257
-233
-210
-185
-160
-140
-125
-112
-92
-67
-39
-11
19
49
75
99
121
143
164
183
202
224
245
263
277
290
306
324
344
366
387
408
426
442
455
466
475
482
490
501
514
525
532
537
542
547
551
557
562
567
569
570
572
574
574
573
574
>>>>>>> Stashed changes
577
580
580
581
583
<<<<<<< Updated upstream
583
580
574
570
566
557
545
534
526
518
507
497
490
483
473
462
452
443
431
416
403
395
386
374
359
346
334
320
307
297
287
275
258
242
226
209
190
=======
584
580
575
571
567
558
545
535
527
519
508
500
494
488
477
465
456
447
434
419
407
400
392
380
367
354
341
325
310
299
288
275
258
241
225
208
189
>>>>>>> Stashed changes
168
148
132
<<<<<<< Updated upstream
118
104
88
72
56
41
25
9
-8
-26
-46
-67
-85
-101
-117
-136
-157
-174
-188
-204
-219
-234
-246
-258
-269
-280
-290
-302
-317
-332
-344
-352
-358
-363
=======
117
101
85
70
54
38
20
4
-12
-29
-49
-70
-87
-102
-119
-139
-158
-174
-189
-204
-221
-235
-248
-261
-273
-284
-294
-306
-320
-334
-346
-353
-359
-364
>>>>>>> Stashed changes
-368
-372
-375
-379
<<<<<<< Updated upstream
-385
-394
-403
-408
=======
-386
-396
-404
-409
>>>>>>> Stashed changes
-410
-412
-413
-413
<<<<<<< Updated upstream
-414
-417
-420
-420
-415
-410
-406
-401
-390
-379
-370
-367
-363
-358
-351
-343
-333
-320
-307
-297
-288
-278
-266
-255
-245
-235
-221
-204
-188
-175
-163
-150
-137
-125
-111
-96
-79
-65
-52
-37
-21
-7
2
11
23
36
49
59
68
79
90
100
110
121
131
137
140
144
151
158
160
159
158
160
161
159
155
152
149
146
144
146
147
144
135
125
117
108
97
86
76
67
58
47
35
21
4
-13
-29
-42
-55
-68
-81
-96
-112
-129
-149
-170
-191
-212
-229
-241
-253
-268
-285
-304
-323
-340
-354
-361
-362
-363
-368
-377
-385
-394
-407
-422
-435
-443
-448
-452
-456
-458
-461
-469
-477
-479
-470
-457
-447
-439
-430
-420
-415
-415
-413
-406
-394
-378
-359
-336
-314
-299
-288
-273
-249
-224
-202
-182
-162
-140
-120
-103
-87
-69
-47
-21
9
45
77
101
115
128
148
172
194
212
231
249
265
277
291
308
325
342
364
391
416
430
435
438
443
453
465
480
496
510
518
525
529
532
532
533
539
551
565
571
569
561
553
547
547
552
560
568
573
574
573
568
559
547
537
533
533
533
527
515
500
485
472
464
457
451
444
437
428
416
402
386
368
352
341
334
328
317
303
286
269
253
238
225
211
196
178
160
142
125
107
89
73
60
48
34
18
-2
-22
-41
-56
-69
-82
-98
-117
-136
-154
-169
-184
-199
-215
-227
-236
-246
-258
-273
-287
=======
-413
-416
-419
-419
-414
-408
-404
-399
-388
-376
-369
-366
-364
-358
-350
-342
-332
-318
-305
-294
-286
-276
-263
-252
-243
-233
-219
-203
-187
-175
-164
-150
-136
-123
-109
-93
-77
-63
-51
-38
-22
-8
2
10
21
35
48
58
67
78
90
100
110
122
132
137
140
143
150
156
158
157
157
160
161
160
157
154
150
146
145
146
148
144
135
126
117
108
97
85
75
66
57
46
34
20
4
-14
-30
-43
-55
-68
-82
-96
-112
-130
-150
-170
-192
-213
-230
-243
-255
-269
-286
-305
-323
-341
-355
-362
-362
-363
-367
-374
-382
-391
-403
-418
-432
-441
-446
-450
-453
-454
-458
-466
-475
-477
-468
-455
-444
-436
-426
-415
-411
-411
-410
-402
-391
-377
-357
-333
-311
-297
-287
-271
-248
-223
-203
-184
-163
-141
-121
-104
-88
-69
-49
-24
6
41
73
96
110
125
146
171
195
216
236
255
270
283
295
310
326
343
364
391
415
430
434
436
441
450
463
478
495
509
519
525
529
532
531
531
537
549
562
570
568
561
553
547
547
551
560
568
572
573
571
566
556
544
535
532
532
531
525
514
500
484
471
462
455
448
441
433
424
413
399
384
369
355
345
338
331
320
305
288
271
255
239
225
212
196
177
158
141
124
104
86
71
59
45
31
16
-2
-21
-40
-56
-69
-83
-100
-119
-138
-155
-171
-186
-202
-216
-228
-237
-248
-260
-274
-288
>>>>>>> Stashed changes
-302
-315
-324
-331
<<<<<<< Updated upstream
-336
-344
-353
-359
-364
-370
-378
-385
-389
-390
-391
-392
-396
-402
-408
-412
-412
-410
-407
-405
=======
-337
-345
-352
-358
-362
-368
-377
-384
-388
-391
-392
-395
-398
-403
-408
-411
-411
-409
-406
-404
>>>>>>> Stashed changes
-400
-393
-385
-378
-372
-367
-363
-358
-350
<<<<<<< Updated upstream
-340
-329
-320
-313
-305
-295
-286
-278
-269
-257
-243
-230
-217
-203
-190
-179
-169
-157
-143
-128
-116
-103
-89
-73
-60
-50
-40
-29
-19
-9
2
16
30
39
46
55
66
=======
-339
-329
-320
-312
-304
-294
-286
-278
-270
-259
-246
-233
-219
-206
-192
-181
-171
-159
-145
-130
-117
-104
-89
-73
-60
-51
-41
-30
-19
-9
3
17
30
39
47
56
67
>>>>>>> Stashed changes
74
80
87
97
106
110
113
<<<<<<< Updated upstream
115
118
117
115
117
121
123
121
119
118
117
114
108
105
103
97
89
81
73
64
52
39
31
26
19
8
-4
-16
-28
-42
-56
-68
-80
-95
-112
-129
-144
-161
=======
116
118
119
118
119
124
126
124
122
121
121
118
113
109
106
100
92
83
77
68
56
44
35
30
21
10
-2
-14
-27
-41
-55
-67
-79
-94
-111
-127
-142
-159
>>>>>>> Stashed changes
-179
-197
-212
-222
<<<<<<< Updated upstream
-232
-244
-261
-277
-293
-306
-318
-327
-334
-340
-348
-356
-360
-365
-373
-386
-397
-400
-400
-403
-409
-415
-421
-429
-435
-434
-427
-421
-416
-410
-399
-389
-386
-388
-388
-382
-369
-351
-331
-315
-302
-290
-278
-262
-245
-226
-206
-186
-164
-141
-121
-109
-101
-90
-71
-46
-20
9
37
60
78
99
122
142
155
168
189
214
233
247
259
271
282
296
316
342
365
380
392
406
421
433
442
449
459
471
482
491
498
503
506
511
517
526
534
=======
-233
-246
-262
-279
-294
-307
-319
-327
-333
-339
-348
-356
-361
-365
-375
-389
-400
-403
-403
-405
-410
-417
-422
-429
-434
-433
-427
-421
-417
-410
-400
-389
-384
-385
-384
-378
-364
-348
-331
-316
-302
-291
-280
-265
-246
-225
-206
-187
-165
-140
-119
-106
-97
-84
-65
-41
-15
14
42
63
80
99
121
142
156
169
189
213
233
248
260
271
283
297
317
342
365
380
391
404
418
430
439
446
456
467
478
488
494
499
502
506
513
522
531
535
535
533
533
536
537
>>>>>>> Stashed changes
538
537
536
536
538
539
540
<<<<<<< Updated upstream
542
545
549
550
550
548
542
534
530
531
534
531
522
510
498
486
475
467
463
457
449
440
433
422
405
385
370
362
356
349
341
330
315
296
280
266
=======
545
548
548
548
546
541
533
529
530
533
531
522
511
499
486
474
466
461
455
446
438
431
421
405
386
372
364
358
351
343
332
316
296
279
265
>>>>>>> Stashed changes
252
236
222
211
200
<<<<<<< Updated upstream
184
164
143
123
106
93
85
78
66
49
31
14
-3
-21
-39
-56
-71
-84
-96
-110
-127
-146
-163
-175
-186
-196
-207
-219
-233
-247
-259
-271
-281
-291
-298
-302
-303
-306
-312
-318
-326
-331
-334
-334
-336
-342
-349
-354
-355
-356
-358
-357
-355
-352
-349
-343
-336
-331
-329
-326
-319
-310
-303
-298
-293
-286
-277
-268
-258
-248
-240
-232
-223
=======
185
165
144
125
107
93
85
76
63
45
27
10
-5
-23
-40
-56
-69
-82
-95
-110
-126
-145
-163
-177
-188
-197
-208
-220
-233
-245
-256
-267
-279
-288
-295
-299
-302
-308
-313
-320
-327
-333
-336
-335
-337
-343
-349
-352
-353
-355
-357
-356
-353
-350
-347
-342
-334
-330
-327
-323
-316
-307
-301
-297
-292
-284
-276
-267
-258
-247
-239
-231
-222
>>>>>>> Stashed changes
-212
-201
-192
<<<<<<< Updated upstream
-183
-174
-165
-154
-141
=======
-184
-175
-165
-154
-142
>>>>>>> Stashed changes
-129
-118
-106
-93
<<<<<<< Updated upstream
-80
-67
-55
-43
-34
-28
-21
-11
0
9
15
23
33
42
50
58
=======
-79
-66
-54
-43
-34
-26
-19
-10
0
9
16
23
32
42
50
59
>>>>>>> Stashed changes
67
74
81
87
<<<<<<< Updated upstream
95
102
105
=======
94
100
103
>>>>>>> Stashed changes
104
103
103
103
<<<<<<< Updated upstream
=======
103
102
101
101
>>>>>>> Stashed changes
103
104
102
102
101
102
103
102
99
92
85
79
74
69
65
59
<<<<<<< Updated upstream
50
40
31
22
11
0
-9
-15
-20
-27
-37
-49
-65
-85
-102
-113
-122
-134
-146
-159
=======
49
39
31
23
12
0
-8
-13
-18
-26
-36
-49
-65
-84
-101
-113
-122
-134
-147
-160
>>>>>>> Stashed changes
-172
-187
-204
-219
<<<<<<< Updated upstream
-230
-241
-252
-261
-267
-274
-286
-301
-314
-323
-328
-331
-333
-334
-337
-344
-354
-363
-369
-374
=======
-231
-241
-252
-262
-268
-276
-288
-302
-314
-321
-327
-330
-333
-334
-338
-345
-355
-364
-370
-375
>>>>>>> Stashed changes
-378
-380
-379
-378
<<<<<<< Updated upstream
-378
-381
-383
-379
-372
-364
-357
-351
-345
-339
-335
-330
-320
-308
-296
-286
-272
-254
-238
-226
-216
-204
-186
-167
-147
-127
-108
-93
-83
-72
-55
-34
-11
13
37
62
83
99
111
123
139
158
179
200
219
234
245
255
267
282
300
318
337
356
375
389
396
401
407
416
429
444
460
472
479
481
482
484
487
493
500
509
517
522
523
520
517
516
518
524
529
533
534
532
526
519
513
509
506
502
497
493
486
476
463
451
443
435
427
420
414
405
391
374
361
354
347
338
328
318
304
286
268
252
239
226
213
203
192
178
159
139
122
109
98
88
76
63
47
31
12
-7
-25
-40
-52
-63
-71
=======
-379
-382
-384
-381
-374
-366
-358
-352
-346
-341
-337
-331
-322
-310
-299
-288
-273
-254
-237
-224
-215
-203
-187
-169
-150
-130
-111
-97
-86
-74
-56
-33
-10
14
39
64
84
99
110
122
137
155
176
198
217
231
242
251
263
278
296
316
337
358
377
392
400
404
408
416
428
443
457
470
479
482
482
484
488
494
502
511
520
526
527
525
522
520
522
527
533
536
537
535
529
522
514
511
508
504
498
494
488
477
463
450
441
434
426
418
412
403
388
372
360
352
345
336
327
318
305
286
267
251
238
225
212
201
189
174
156
137
120
107
96
87
77
65
50
32
12
-8
-25
-39
-51
-61
-70
>>>>>>> Stashed changes
-79
-92
-111
-131
-146
<<<<<<< Updated upstream
-157
-167
-177
-186
-195
-207
-220
-232
-241
-249
-257
-262
-265
-267
-271
-279
-288
-295
-300
-304
-309
-313
-317
-319
-320
-320
=======
-158
-169
-179
-189
-198
-211
-224
-235
-244
-252
-260
-265
-267
-269
-273
-280
-287
-295
-300
-304
-308
-313
-317
-319
-319
-319
>>>>>>> Stashed changes
-320
-319
-317
-316
-316
<<<<<<< Updated upstream
-312
-308
-305
-304
-302
-296
-288
-281
-276
-271
-265
-260
-255
-249
-240
-230
-222
-215
-208
-201
-195
-190
-182
-171
-157
-144
-134
-124
-113
-102
-94
-88
-81
=======
-313
-309
-306
-305
-303
-295
-286
-279
-275
-270
-264
-258
-255
-250
-241
-230
-222
-215
-209
-202
-196
-191
-184
-173
-160
-147
-136
-125
-113
-102
-95
-90
-82
>>>>>>> Stashed changes
-73
-64
-56
-48
-38
<<<<<<< Updated upstream
-29
-22
-18
-11
-2
6
12
18
27
37
43
46
=======
-28
-21
-17
-11
-2
6
13
20
29
38
44
47
>>>>>>> Stashed changes
50
54
56
56
58
63
<<<<<<< Updated upstream
68
70
68
66
65
63
57
52
48
=======
69
71
70
68
67
63
57
50
47
46
>>>>>>> Stashed changes
46
45
45
45
<<<<<<< Updated upstream
44
40
32
25
21
18
14
6
-1
-9
-18
=======
41
33
25
21
19
14
7
0
-7
-17
>>>>>>> Stashed changes
-29
-41
-52
-61
<<<<<<< Updated upstream
-71
-80
-89
-97
-107
-116
-126
-135
-145
-157
-170
-184
-197
-208
-216
-223
-231
-239
-247
-257
-269
-282
-291
-295
-298
-302
-307
-309
-311
-316
-325
-334
-340
-342
-342
-340
-335
-333
-337
-345
-351
-350
-345
-340
-335
-327
-316
-307
-305
-305
-303
-297
-288
-274
-256
-239
-228
-222
-215
-203
-189
-176
-163
-146
-125
-104
-89
-78
-66
-54
-41
-22
2
27
45
56
68
86
108
127
144
161
179
194
205
215
226
238
251
269
292
313
327
332
335
343
355
368
383
397
409
419
426
430
431
432
435
445
459
474
482
484
479
474
470
470
474
480
486
492
494
493
489
480
472
467
468
471
473
471
464
452
439
428
419
412
405
399
392
385
376
364
352
338
326
316
310
304
292
277
262
249
238
228
218
206
193
178
162
148
135
122
=======
-70
-79
-87
-96
-105
-115
-125
-134
-145
-157
-169
-182
-195
-206
-214
-222
-230
-238
-247
-257
-269
-281
-290
-294
-297
-301
-306
-308
-310
-316
-325
-334
-339
-341
-341
-339
-334
-332
-337
-347
-353
-351
-346
-342
-337
-327
-314
-305
-303
-303
-300
-295
-288
-277
-260
-242
-231
-225
-217
-204
-188
-175
-163
-146
-125
-106
-91
-80
-69
-57
-43
-24
0
25
43
55
67
86
109
128
145
161
178
192
203
212
223
235
250
269
291
312
326
330
332
339
351
366
380
395
409
420
428
431
432
433
436
445
459
474
484
485
479
472
469
470
475
481
486
491
494
494
489
481
473
468
468
471
473
472
464
452
438
427
420
413
406
399
395
388
379
366
353
340
327
319
314
309
299
284
268
255
244
234
223
210
195
179
163
149
135
123
>>>>>>> Stashed changes
110
99
91
81
67
<<<<<<< Updated upstream
49
30
14
4
-4
-10
-19
-31
-46
-65
-82
-95
-107
-118
-129
-136
-142
-151
-166
-182
-195
-205
-213
-217
-218
-220
-227
-237
-245
-250
-257
-266
-273
-273
-271
-270
-273
-277
=======
48
29
13
2
-6
-14
-23
-34
-50
-69
-85
-98
-109
-120
-130
-136
-141
-150
-164
-181
-195
-206
-214
-218
-220
-222
-229
-237
-244
-250
-256
-264
-270
-272
-269
-268
-270
-275
>>>>>>> Stashed changes
-282
-287
-289
-288
<<<<<<< Updated upstream
-285
-284
-285
-286
-283
-278
-275
-273
=======
-286
-286
-286
-286
-284
-280
-276
-274
>>>>>>> Stashed changes
-272
-268
-262
-255
-248
-244
<<<<<<< Updated upstream
-240
-237
-233
-226
-219
-214
-210
-206
-201
-193
-185
-177
-168
-158
-147
-136
-127
-120
-116
-112
-105
-95
-84
-74
-64
-58
-54
-50
-45
-36
-29
-22
-14
-5
4
9
=======
-242
-240
-235
-228
-221
-215
-212
-208
-203
-196
-188
-179
-170
-161
-151
-140
-129
-122
-119
-115
-107
-96
-85
-74
-65
-58
-54
-50
-44
-36
-29
-23
-15
-5
4
10
10
>>>>>>> Stashed changes
9
8
9
13
18
25
33
40
42
41
<<<<<<< Updated upstream
40
42
42
=======
43
42
42
43
42
>>>>>>> Stashed changes
38
34
35
39
40
37
<<<<<<< Updated upstream
32
27
22
16
14
16
15
11
5
1
=======
31
26
21
16
15
17
17
13
7
2
>>>>>>> Stashed changes
-3
-10
-20
-29
<<<<<<< Updated upstream
-35
-41
-48
-54
-61
-71
-83
-92
-98
-103
-111
-121
-131
-141
=======
-36
-41
-46
-52
-60
-71
-82
-91
-97
-102
-108
-118
-129
-140
>>>>>>> Stashed changes
-151
-160
-168
-176
-186
-193
<<<<<<< Updated upstream
-200
-207
-217
-229
-239
=======
-199
-206
-216
-228
-238
>>>>>>> Stashed changes
-246
-250
-251
-252
-255
-262
-272
-280
-284
-285
<<<<<<< Updated upstream
-286
-287
-286
-283
-280
-282
-290
-298
-303
-300
-293
-284
-276
=======
-287
-288
-288
-284
-282
-283
-290
-298
-302
-300
-293
-283
-275
>>>>>>> Stashed changes
-271
-272
-276
-275
<<<<<<< Updated upstream
-275
-268
-260
-255
-248
-237
-221
-210
-206
-202
-195
-185
-174
-160
-141
-124
-113
-105
-95
-81
-68
-56
-44
-27
-9
5
17
28
42
57
74
93
114
132
144
152
160
172
188
203
217
232
247
259
267
275
285
296
307
319
334
349
358
362
365
370
377
385
394
406
418
425
427
428
427
426
=======
-269
-261
-255
-248
-236
-221
-210
-205
-202
-195
-186
-174
-159
-141
-125
-114
-108
-99
-84
-70
-58
-44
-26
-5
12
24
34
46
60
75
92
111
128
140
147
157
172
189
203
216
231
248
261
269
276
286
298
308
319
334
347
355
358
362
370
378
386
394
406
418
424
426
426
425
425
>>>>>>> Stashed changes
426
431
439
446
449
<<<<<<< Updated upstream
447
444
441
439
439
441
443
443
441
438
433
426
418
411
406
403
399
393
386
=======
448
446
445
442
440
439
441
443
444
442
439
433
426
419
413
409
405
400
393
385
>>>>>>> Stashed changes
377
367
356
345
<<<<<<< Updated upstream
335
329
323
315
305
295
284
272
261
251
243
233
221
=======
336
330
324
316
306
295
285
274
263
254
246
236
223
>>>>>>> Stashed changes
208
196
185
173
161
<<<<<<< Updated upstream
150
139
127
114
101
89
76
63
52
44
36
26
14
1
-12
-25
-37
-48
-59
-67
-74
-82
-93
-105
-118
-130
-141
-150
-154
-157
-163
-172
-180
-188
-195
-204
-211
=======
149
139
129
116
101
88
75
62
50
41
34
26
15
2
-12
-24
-37
-49
-60
-68
-76
-84
-95
-107
-120
-132
-144
-152
-155
-157
-162
-170
-179
-186
-193
-203
-210
-214
-215
-217
-219
-222
-226
-233
-239
-242
-240
-239
-240
-241
-239
-237
-237
-238
-238
-237
-236
-234
-229
-223
-219
-217
>>>>>>> Stashed changes
-215
-216
-218
-221
-223
-227
-232
-238
-241
-240
-240
-240
-240
-239
-238
-238
-239
-240
-239
-237
-234
-229
-223
-218
-215
-214
-211
<<<<<<< Updated upstream
-206
-201
-197
-194
-190
-184
-179
-174
-170
-164
-157
-152
-146
-138
-128
-121
=======
-207
-203
-199
-196
-192
-186
-180
-175
-170
-164
-157
-151
-145
-138
-130
-122
>>>>>>> Stashed changes
-115
-108
-99
-92
-86
-82
-77
-70
-63
<<<<<<< Updated upstream
-56
-49
-42
-36
-31
-26
-22
-17
-12
-7
-4
0
4
8
12
14
=======
-57
-50
-43
-36
-31
-27
-23
-19
-14
-9
-5
-1
3
7
10
13
>>>>>>> Stashed changes
16
18
21
23
25
27
30
30
29
27
24
22
<<<<<<< Updated upstream
19
15
=======
20
17
14
>>>>>>> Stashed changes
12
10
8
5
0
-5
<<<<<<< Updated upstream
-9
-13
-17
-21
-24
-28
=======
-11
-15
-18
-21
-23
-27
>>>>>>> Stashed changes
-34
-42
-49
-54
-59
-67
-75
-81
-86
-93
-102
-110
<<<<<<< Updated upstream
-118
-125
-133
-141
-148
-154
-161
-170
-179
-187
-193
-201
-209
-215
-219
-222
-229
-238
-246
-251
-254
-256
-256
-255
-257
-263
-271
-275
-275
-275
-278
-279
-276
-273
-273
-275
-276
-274
-272
-268
-262
-254
-248
-244
-241
-237
=======
-119
-127
-135
-142
-148
-155
-163
-171
-179
-187
-193
-200
-208
-214
-218
-220
-226
-237
-246
-251
-253
-255
-256
-255
-256
-262
-269
-274
-274
-274
-278
-279
-275
-270
-270
-273
-275
-273
-270
-267
-262
-255
-249
-244
-241
-236
>>>>>>> Stashed changes
-230
-223
-216
-208
-197
<<<<<<< Updated upstream
-183
-171
-162
-156
-149
-139
-129
-117
-105
-92
-80
-72
-63
-50
-34
-20
-8
7
23
38
49
61
74
87
98
110
125
140
152
161
171
182
193
205
219
233
246
256
263
269
276
283
292
303
316
328
338
343
345
347
351
358
366
=======
-182
-170
-161
-157
-151
-141
-129
-118
-105
-92
-80
-71
-62
-48
-33
-20
-9
6
22
36
48
60
73
86
97
109
124
138
150
160
171
184
196
207
220
234
247
256
263
269
275
282
292
303
316
327
337
342
345
347
352
359
367
>>>>>>> Stashed changes
374
381
385
386
385
<<<<<<< Updated upstream
385
=======
>>>>>>> Stashed changes
385
385
387
389
394
400
403
403
<<<<<<< Updated upstream
399
392
385
381
=======
398
391
384
380
>>>>>>> Stashed changes
381
384
386
385
381
375
<<<<<<< Updated upstream
367
359
350
343
=======
368
359
350
344
340
>>>>>>> Stashed changes
339
338
337
333
324
<<<<<<< Updated upstream
312
299
288
280
274
269
263
256
247
239
229
218
204
193
184
177
169
158
146
134
122
113
104
94
84
75
67
59
49
36
24
12
2
-8
-16
-25
-35
-45
=======
310
297
287
280
274
268
262
255
247
238
229
216
203
191
183
177
170
159
146
133
121
112
103
93
83
73
65
57
47
36
23
11
0
-9
-16
-25
-36
-46
>>>>>>> Stashed changes
-53
-60
-66
-75
-84
-93
-102
<<<<<<< Updated upstream
-111
-119
-127
-135
-142
-147
-150
-155
-161
-169
-175
-179
-183
-186
-188
=======
-110
-118
-127
-136
-143
-148
-152
-156
-162
-169
-175
-181
-184
-186
-187
-190
-193
-197
-200
-203
-207
-209
-208
-208
-207
-207
-206
-207
-209
-211
-210
-208
-204
-201
-198
-195
-192
>>>>>>> Stashed changes
-190
-194
-198
-201
-204
-208
-210
-211
-210
-208
-208
-208
-208
-210
-211
-210
-208
-204
-201
-198
-194
-191
-189
<<<<<<< Updated upstream
-188
-184
-179
-175
-170
-165
-160
-155
-151
-148
-145
-140
-136
-131
-126
-121
-115
-111
-106
-99
-92
-86
-81
-77
-71
-66
-62
-57
-52
-46
-42
-39
-36
-32
-30
-28
-24
-19
-13
-10
-9
-7
-6
-6
-6
-5
-2
-1
1
2
2
1
-2
-4
-6
-8
-9
-11
-13
-15
-18
-21
-25
-30
-35
-39
-41
-42
-45
-49
-53
-58
-64
-70
-75
=======
-186
-181
-176
-171
-166
-161
-155
-151
-148
-146
-142
-137
-132
-128
-122
-117
-112
-107
-101
-93
-87
-83
-78
-73
-67
-63
-58
-52
-48
-44
-40
-36
-32
-30
-28
-25
-20
-14
-11
-9
-7
-6
-5
-5
-4
-3
-1
1
2
3
2
1
-2
-4
-6
-7
-8
-9
-13
-16
-18
-22
-28
-34
-37
-38
-40
-44
-48
-52
-57
-65
-71
-76
>>>>>>> Stashed changes
-79
-83
-88
-92
<<<<<<< Updated upstream
-97
-104
-113
-120
-126
-130
=======
-96
-104
-112
-119
-125
-129
>>>>>>> Stashed changes
-134
-139
-145
-152
-157
-161
-166
-172
-179
-185
<<<<<<< Updated upstream
-189
=======
-188
>>>>>>> Stashed changes
-192
-196
-200
-204
<<<<<<< Updated upstream
-209
-215
-218
-219
-219
-221
-225
-225
-224
-223
-226
-229
-230
-230
-229
-228
-227
-228
-228
-228
-225
-220
-215
-212
-209
-207
-202
=======
-208
-214
-218
-219
-219
-222
-224
-225
-223
-222
-225
-228
-230
-229
-228
-227
-227
-227
-228
-227
-226
-222
-218
-215
-212
-209
-204
>>>>>>> Stashed changes
-196
-190
-187
-184
<<<<<<< Updated upstream
-178
-169
-161
-155
-150
-143
-135
-128
-119
-108
-98
-90
-84
-75
-65
=======
-179
-171
-164
-158
-151
-144
-136
-127
-116
-105
-95
-88
-83
-75
-66
>>>>>>> Stashed changes
-56
-48
-40
-29
-17
<<<<<<< Updated upstream
-5
6
17
26
34
44
55
69
83
96
105
113
120
128
136
146
157
168
180
191
198
204
209
215
221
230
240
251
260
266
270
273
277
281
285
290
298
305
312
315
316
314
312
310
311
316
321
324
324
324
322
319
315
313
313
315
315
315
314
310
304
297
292
289
286
281
277
=======
-4
7
17
26
35
45
57
72
87
99
108
115
123
130
138
146
155
168
180
191
199
205
209
213
219
228
238
249
258
265
269
273
276
280
283
288
296
305
312
314
314
312
309
307
309
314
320
323
324
324
323
319
314
312
312
312
312
312
312
309
302
295
291
287
284
280
276
>>>>>>> Stashed changes
273
269
264
<<<<<<< Updated upstream
257
249
241
234
229
224
220
215
208
199
190
183
176
169
161
154
149
144
136
127
=======
256
248
240
233
227
223
219
215
209
201
193
185
178
169
160
153
147
142
134
126
>>>>>>> Stashed changes
117
108
99
91
<<<<<<< Updated upstream
84
76
68
60
53
48
42
33
23
14
7
2
-5
-12
-18
-25
-33
-41
-48
-54
-62
-69
-74
-76
-78
-82
-89
-96
-102
-109
-114
-119
-121
-124
-125
-128
-131
-135
-141
-144
-146
-146
-146
-146
-145
-147
-150
-153
-153
-153
-154
-155
-153
-150
-147
-146
-145
-142
-140
-141
-141
=======
83
77
69
61
55
49
42
33
22
13
6
0
-6
-12
-17
-24
-31
-38
-46
-53
-60
-68
-74
-78
-79
-82
-88
-95
-101
-107
-113
-117
-120
-121
-123
-126
-129
-133
-137
-141
-143
-144
-144
-144
-144
-146
-150
-152
-153
-152
-153
-153
-152
-149
-146
-144
-142
-140
-139
-140
-141
>>>>>>> Stashed changes
-139
-135
-132
-130
-129
-127
<<<<<<< Updated upstream
-125
-123
-120
-115
-110
-107
-104
-101
-97
-94
-92
-90
-88
-84
-81
-78
-74
-70
-66
-62
-58
-54
-52
-51
-51
-49
-47
-44
-42
-39
-37
-34
-31
-30
-29
-27
-25
-23
-21
-19
-18
-19
-22
-25
-27
-28
-27
-27
-28
-28
-28
=======
-124
-121
-119
-114
-110
-106
-103
-99
-96
-94
-92
-90
-87
-82
-79
-76
-73
-69
-66
-63
-59
-55
-52
-51
-50
-49
-47
-45
-43
-41
-38
-34
-32
-31
-30
-28
-26
-23
-21
-20
-20
-20
-23
-26
-29
-30
-30
-30
-30
-30
>>>>>>> Stashed changes
-29
-31
-34
-37
-38
-40
-42
-43
-43
-44
-47
-50
-52
-54
<<<<<<< Updated upstream
-56
-60
-65
-69
-73
-78
-84
-89
=======
-57
-61
-66
-70
-74
-79
-85
-90
>>>>>>> Stashed changes
-93
-96
-99
-102
-103
-104
<<<<<<< Updated upstream
-106
-110
-113
-114
-115
-119
-124
-129
-132
-135
-139
-143
-144
=======
-105
-109
-111
-112
-114
-118
-124
-129
-133
-136
-140
-143
>>>>>>> Stashed changes
-145
-146
-147
<<<<<<< Updated upstream
-150
-152
-154
-157
-161
-166
-168
-167
-166
-166
=======
-149
-151
-153
-156
-160
-164
>>>>>>> Stashed changes
-166
-165
-164
-165
-167
-167
-166
-165
-164
<<<<<<< Updated upstream
-162
-159
-155
-150
-148
-147
-147
-148
-149
-151
-151
-147
-143
-139
-136
-133
-129
-125
=======
-161
-157
-152
-149
-148
-147
-147
-149
-151
-151
-148
-144
-141
-139
-135
-131
-126
>>>>>>> Stashed changes
-121
-116
-110
<<<<<<< Updated upstream
-103
-98
-92
-86
-81
-74
-68
-61
-53
-45
-37
-29
-23
-16
-11
-6
-1
3
9
15
23
29
36
44
53
63
73
=======
-105
-99
-93
-87
-80
-73
-66
-59
-52
-45
-39
-33
-27
-21
-14
-8
-1
4
10
15
22
28
34
42
52
62
72
>>>>>>> Stashed changes
81
89
97
103
109
<<<<<<< Updated upstream
116
123
=======
115
122
>>>>>>> Stashed changes
130
136
142
147
<<<<<<< Updated upstream
153
158
162
165
170
176
182
186
189
192
194
196
199
203
208
=======
154
159
163
167
172
178
183
187
190
193
196
197
200
204
210
>>>>>>> Stashed changes
215
220
226
231
235
237
239
<<<<<<< Updated upstream
240
242
244
244
244
243
241
239
237
235
235
236
236
234
233
233
233
232
230
230
230
230
229
227
226
223
218
213
=======
241
243
245
246
246
244
241
239
237
236
236
237
237
236
234
233
233
232
229
229
229
230
230
229
228
225
220
215
>>>>>>> Stashed changes
210
207
203
197
190
<<<<<<< Updated upstream
184
178
171
164
160
156
154
151
148
145
141
136
131
126
122
119
116
110
104
98
92
85
77
70
64
58
52
45
38
32
26
21
17
14
11
8
5
2
-2
-6
-10
-14
-19
-24
-29
-33
-38
-43
-48
-52
-56
=======
185
180
173
166
160
157
155
152
150
147
143
137
132
127
124
121
116
110
104
97
91
84
77
70
63
57
51
45
38
31
25
20
16
13
10
6
3
-1
-5
-8
-12
-16
-20
-24
-29
-34
-39
-44
-49
-54
-57
>>>>>>> Stashed changes
-60
-63
-67
-70
-73
-76
-79
-82
-83
-83
-83
<<<<<<< Updated upstream
-83
-84
-85
-87
-88
-89
-89
-88
-88
-88
-90
-92
-95
-96
-98
-99
-101
-102
-101
-99
-98
-96
-96
-95
-94
-92
-91
-90
-89
-88
-85
-83
-83
-83
-83
-82
-81
-80
-79
-78
-78
-78
-79
-78
-78
-77
-77
-76
-73
-69
-66
-64
-63
-61
-60
-59
-59
-59
-59
-58
-58
-59
-59
-59
-60
-60
-60
-60
-59
-58
-58
-59
-59
-60
-61
-62
-62
-62
-61
-60
-60
-60
-60
-61
-63
-64
-67
-69
-72
-74
-75
-77
-79
-81
-81
-82
-83
-83
-82
-82
-83
=======
>>>>>>> Stashed changes
-85
-86
-88
<<<<<<< Updated upstream
-90
-93
-96
-96
-96
-97
-98
-98
-98
-99
-101
-103
-105
-106
-108
-109
-109
-109
-110
-113
-114
-113
-109
-107
-105
-103
-101
-100
-100
-100
-100
-99
-97
-96
-94
=======
-88
-87
-87
-88
-89
-92
-94
-96
-98
-100
-101
-101
-101
-100
-98
-96
-96
-95
-93
>>>>>>> Stashed changes
-92
-90
-89
-89
-87
<<<<<<< Updated upstream
-85
-82
-79
-76
-73
-70
-68
-66
-65
-62
-58
-53
-48
-42
-37
-33
-30
-27
-24
-20
-15
-10
-5
-1
3
7
12
16
20
25
30
35
41
46
52
57
61
64
68
72
78
83
88
92
97
101
106
109
113
117
121
=======
-86
-85
-84
-84
-84
-83
-82
-80
-79
-78
-78
-78
-78
-78
-78
-77
-77
-76
-74
-70
-67
-65
-63
-61
-60
-59
-59
-59
-58
-57
-57
-57
-57
-58
-59
-60
-61
-60
-59
-58
-58
-58
-58
-59
-60
-61
-61
-60
-60
-60
-59
-59
-60
-61
-62
-63
-65
-68
-71
-73
-74
-77
-78
-80
-80
-82
-83
-83
-82
-83
-84
-86
-87
-88
-90
-93
-95
-97
-98
-99
-99
-99
-100
-101
-102
-104
-105
-106
-107
-107
-107
-108
-110
-112
-113
-112
-110
-107
-104
-103
-102
-101
-102
-103
-102
-100
-98
-97
-96
-93
-92
-91
-90
-89
-86
-83
-79
-75
-71
-68
-67
-65
-63
-61
-58
-52
-47
-41
-37
-33
-31
-28
-25
-20
-14
-8
-3
0
4
9
13
17
21
26
31
36
42
47
52
56
60
64
69
74
80
86
90
95
99
103
106
109
112
116
120
>>>>>>> Stashed changes
124
127
129
132
135
137
<<<<<<< Updated upstream
140
143
=======
141
144
>>>>>>> Stashed changes
147
149
151
154
<<<<<<< Updated upstream
158
161
163
164
166
168
170
171
172
=======
157
159
161
163
164
167
168
169
171
172
173
>>>>>>> Stashed changes
173
174
174
174
175
176
175
173
173
175
176
175
174
173
174
175
175
174
174
175
176
175
174
174
173
<<<<<<< Updated upstream
=======
173
>>>>>>> Stashed changes
172
171
168
<<<<<<< Updated upstream
167
164
161
157
156
155
154
151
149
146
144
140
136
133
130
126
122
119
117
116
112
109
=======
166
165
163
160
157
155
154
152
149
147
146
143
139
135
132
128
125
121
119
117
115
111
108
>>>>>>> Stashed changes
106
103
100
97
<<<<<<< Updated upstream
94
90
86
=======
93
89
85
>>>>>>> Stashed changes
81
77
72
67
63
<<<<<<< Updated upstream
60
57
54
51
49
45
42
37
33
30
26
21
16
14
11
9
5
2
1
-1
=======
61
58
56
53
50
47
43
39
34
31
27
22
18
15
13
9
5
2
0
-2
>>>>>>> Stashed changes
-3
-6
-9
-13
<<<<<<< Updated upstream
-18
-22
-26
-30
-33
-35
-37
-40
-41
-42
-43
=======
-17
-22
-27
-31
-33
-36
-38
-39
-40
-41
-42
>>>>>>> Stashed changes
-45
-47
-49
-52
-54
-56
-59
<<<<<<< Updated upstream
-60
-62
-64
-65
-66
-67
-67
-67
-67
-68
-69
=======
-61
-63
-64
-66
-67
-67
-67
-66
-66
-67
-68
>>>>>>> Stashed changes
-70
-71
-72
-74
-76
-77
-78
-79
-80
-80
-78
-76
-76
-77
-77
-77
-78
-79
-79
-79
-78
-79
-79
-79
-78
-77
-77
-77
-77
-76
-74
-74
-75
-76
-77
-78
-78
-78
-75
-73
<<<<<<< Updated upstream
=======
-75
-78
-79
-80
-80
-81
-80
-79
-77
-77
-78
-79
-79
-79
-80
-81
-80
-79
-79
-81
-81
-79
-78
-77
-77
-77
-75
-75
-75
-76
-77
-78
-79
-79
-78
-75
-73
-71
-69
-68
-68
-67
-67
-68
-68
-68
-68
-68
-69
>>>>>>> Stashed changes
-70
-69
-68
-67
-67
<<<<<<< Updated upstream
-67
-67
-67
-67
-67
-68
-69
-70
-69
-69
=======
-66
-64
-63
-64
-65
-65
-66
-68
>>>>>>> Stashed changes
-68
-67
-66
-65
-64
-65
-65
<<<<<<< Updated upstream
-65
-67
-68
-69
-68
-67
-66
-66
-65
-64
-63
-64
-63
-63
=======
>>>>>>> Stashed changes
-63
-65
-67
-68
-68
-68
-69
-70
-68
-67
-66
-66
-67
-67
-67
-67
-68
-68
-68
-68
-68
-67
-67
-66
-66
-65
-64
-62
-61
-61
-61
-61
<<<<<<< Updated upstream
-61
=======
-63
-65
-67
-67
-68
-69
-69
-67
-66
-66
-66
-66
-66
-66
-66
-67
-67
-67
-66
-66
-65
-65
-64
-64
-63
-62
-60
-59
-59
-60
-60
-60
>>>>>>> Stashed changes
-60
-59
-58
-56
<<<<<<< Updated upstream
-55
-53
-51
-49
-48
-47
-46
-45
-43
-41
-39
-38
-36
-35
-34
=======
-54
-52
-50
-47
-46
-45
-45
-44
-43
-42
-40
-38
-36
-34
-33
>>>>>>> Stashed changes
-31
-29
-26
-24
-21
-20
-18
<<<<<<< Updated upstream
-16
-15
-13
-11
-8
=======
-17
-15
-13
-11
-7
>>>>>>> Stashed changes
-4
-1
3
<<<<<<< Updated upstream
7
11
15
17
20
23
=======
6
10
14
16
19
22
>>>>>>> Stashed changes
25
27
27
28
<<<<<<< Updated upstream
30
32
35
37
41
43
46
=======
29
31
33
36
39
43
45
>>>>>>> Stashed changes
49
53
56
<<<<<<< Updated upstream
59
=======
60
>>>>>>> Stashed changes
62
65
70
74
77
79
80
81
<<<<<<< Updated upstream
83
=======
84
>>>>>>> Stashed changes
87
90
93
94
93
94
94
93
93
92
<<<<<<< Updated upstream
92
92
92
93
93
=======
93
93
94
>>>>>>> Stashed changes
94
96
98
100
102
<<<<<<< Updated upstream
104
=======
105
>>>>>>> Stashed changes
108
111
114
115
<<<<<<< Updated upstream
116
116
116
115
114
113
113
=======
117
117
117
115
114
113
112
>>>>>>> Stashed changes
112
111
111
111
110
<<<<<<< Updated upstream
108
107
107
107
=======
109
108
108
108
>>>>>>> Stashed changes
107
107
106
106
<<<<<<< Updated upstream
=======
106
>>>>>>> Stashed changes
105
104
104
104
105
<<<<<<< Updated upstream
106
105
103
101
=======
105
103
100
>>>>>>> Stashed changes
99
97
95
92
90
87
83
78
75
73
<<<<<<< Updated upstream
71
69
67
66
66
66
63
61
60
60
=======
72
69
67
67
66
64
61
59
>>>>>>> Stashed changes
58
57
56
<<<<<<< Updated upstream
54
52
50
48
=======
55
53
52
49
>>>>>>> Stashed changes
46
44
42
<<<<<<< Updated upstream
38
35
33
32
29
26
23
20
=======
40
36
34
31
30
27
24
21
>>>>>>> Stashed changes
18
16
14
13
12
10
9
9
9
8
6
4
<<<<<<< Updated upstream
3
1
-1
-4
=======
2
1
0
-3
-5
>>>>>>> Stashed changes
-7
-9
-11
-13
<<<<<<< Updated upstream
-14
-15
-17
-20
-22
-23
-25
=======
-15
-16
-18
-20
-23
-24
-24
>>>>>>> Stashed changes
-25
-27
-28
-29
-30
-31
-32
-33
-33
-34
-34
<<<<<<< Updated upstream
-34
-34
-35
-38
-40
-42
-43
=======
-35
-36
-35
-36
-38
-41
-42
-44
>>>>>>> Stashed changes
-45
-46
-47
-48
-49
-50
-50
-50
-50
-50
<<<<<<< Updated upstream
-50
-49
-49
-49
-51
-52
=======
-49
-48
-48
-49
-50
-51
-51
>>>>>>> Stashed changes
-51
-51
-51
-52
-52
-52
-52
<<<<<<< Updated upstream
-53
-53
=======
-52
>>>>>>> Stashed changes
-53
-53
-54
-55
-56
-56
-57
-57
-58
-58
-58
-58
-57
-56
-56
-56
-56
-56
-56
-56
-56
-56
-57
-57
-57
-56
-55
-55
-54
-53
-52
-52
-53
-54
-56
-58
-58
-58
-58
-58
-59
-59
-59
-58
-56
-56
-56
-55
-55
-56
-56
-56
-56
-56
-56
-56
-56
-56
-56
-55
-55
-54
-54
-53
-53
-54
-56
-57
-58
-58
-58
-59
-59
<<<<<<< Updated upstream
-58
-56
-55
-53
-52
-51
-51
-52
-53
-53
-53
-54
-55
-56
-56
-56
-56
-56
-55
-55
-54
-55
-56
-57
-57
-56
-56
-56
-56
-55
-54
=======
-57
-56
-55
-53
>>>>>>> Stashed changes
-52
-51
-52
-52
-52
-53
-53
-53
-54
-55
-56
-56
-56
-55
-55
-54
-54
-55
-56
-57
-57
-57
-57
-57
-56
-55
-53
-52
-51
-49
-49
-49
-49
-49
-49
-50
-49
-49
-49
-49
<<<<<<< Updated upstream
-50
-51
-51
-51
-50
-50
-49
-48
-47
=======
-48
-46
>>>>>>> Stashed changes
-46
-46
-45
-44
-43
<<<<<<< Updated upstream
-43
-43
-43
-41
=======
-42
-43
-43
-42
>>>>>>> Stashed changes
-40
-39
-38
-37
-36
-34
-33
-32
-30
-29
-28
<<<<<<< Updated upstream
-28
-28
=======
-27
>>>>>>> Stashed changes
-27
-27
-27
-27
-26
-24
<<<<<<< Updated upstream
-22
-20
-17
-15
-13
-11
-9
-7
=======
-23
-21
-19
-17
-14
-12
-10
-8
-6
>>>>>>> Stashed changes
-5
-4
-2
-1
0
2
3
<<<<<<< Updated upstream
5
6
8
10
12
14
16
=======
4
6
8
10
13
15
17
>>>>>>> Stashed changes
18
20
21
22
23
<<<<<<< Updated upstream
25
28
30
32
34
36
=======
24
26
28
31
33
35
37
>>>>>>> Stashed changes
38
40
42
42
43
45
<<<<<<< Updated upstream
46
=======
>>>>>>> Stashed changes
46
47
48
49
50
<<<<<<< Updated upstream
52
=======
51
>>>>>>> Stashed changes
53
54
56
57
58
58
59
60
60
61
61
62
<<<<<<< Updated upstream
=======
62
>>>>>>> Stashed changes
63
63
64
65
66
67
67
67
<<<<<<< Updated upstream
67
67
66
65
64
64
63
63
63
64
65
66
=======
>>>>>>> Stashed changes
67
67
67
67
67
66
65
64
<<<<<<< Updated upstream
=======
64
63
63
63
64
65
66
67
67
66
67
67
66
65
>>>>>>> Stashed changes
63
62
61
60
<<<<<<< Updated upstream
59
59
58
57
56
54
53
52
51
=======
60
59
58
58
57
56
54
52
50
>>>>>>> Stashed changes
49
48
47
45
45
45
46
46
45
<<<<<<< Updated upstream
=======
44
44
44
44
>>>>>>> Stashed changes
43
42
40
39
37
35
34
33
<<<<<<< Updated upstream
32
29
=======
31
>>>>>>> Stashed changes
27
26
25
25
24
24
23
21
21
20
19
17
<<<<<<< Updated upstream
15
13
11
9
9
=======
16
15
13
12
10
>>>>>>> Stashed changes
9
8
7
6
5
4
2
0
-2
-4
-5
-5
-7
-9
-9
-10
-10
-11
-11
-11
-12
<<<<<<< Updated upstream
-13
-14
=======
-12
-12
-13
-13
>>>>>>> Stashed changes
-14
-15
-16
-17
-18
<<<<<<< Updated upstream
-19
-21
-22
-22
=======
-20
-21
-23
>>>>>>> Stashed changes
-23
-23
-23
-25
-26
-27
-28
-29
-29
-29
-30
-31
-31
-31
-31
-31
-32
-32
-32
-32
-32
-32
-33
-34
-35
-36
-36
-36
-37
-37
-37
-38
-38
-38
-38
-38
-38
-37
-37
-37
-37
-37
-37
-38
-38
-38
-37
-36
-37
-38
-38
-38
-38
-38
-38
-38
-37
-38
-38
-38
-38
-37
-37
-36
-35
-34
-33
-32
-31
-31
-31
-31
-31
-31
-30
-31
-31
-32
-33
-34
-34
-33
-33
-32
-31
-31
-31
-31
-31
-31
-31
-31
-31
-31
-30
-29
-28
-29
-29
-28
-28
-28
-27
-27
-26
-27
-27
-27
-27
-26
-25
-24
<<<<<<< Updated upstream
-25
-27
-27
-28
-28
-29
-30
-31
-30
-30
-30
-31
-31
-31
-31
-32
-32
-32
-33
-34
-34
-35
-36
-36
-36
-36
-37
-37
-38
-38
-38
-38
-38
-37
-37
-38
-37
-37
-37
-38
-38
-37
-36
-36
-37
-38
-38
-38
-38
-38
-38
-37
-37
-38
-38
-38
-38
-37
-37
-37
-36
-34
-34
-34
-33
-32
-31
-32
-32
-31
-31
-32
-33
-33
-34
-34
-34
-34
-33
-33
-32
-32
-32
-32
-32
-32
-32
-32
-32
-31
-30
-29
-29
-29
-29
-29
-29
-28
-27
-27
-27
-27
-27
-28
-27
-27
-26
-24
-23
=======
>>>>>>> Stashed changes
-22
-21
-20
-20
-20
-20
-19
-19
-19
-18
-18
-17
-16
-15
<<<<<<< Updated upstream
-13
-13
-12
-12
=======
-14
-13
-13
-13
-13
>>>>>>> Stashed changes
-12
-12
-12
-12
-11
<<<<<<< Updated upstream
-10
=======
-9
>>>>>>> Stashed changes
-9
-9
-9
-8
-6
-5
-4
-3
-2
-1
0
<<<<<<< Updated upstream
0
0
0
0
=======
1
1
1
1
>>>>>>> Stashed changes
1
2
3
4
5
6
7
8
8
9
<<<<<<< Updated upstream
10
11
11
11
12
13
13
14
15
17
18
20
20
21
21
20
21
22
22
21
22
22
23
23
23
24
25
26
27
27
27
27
27
27
28
28
29
30
30
30
31
32
32
32
31
31
30
29
28
28
28
27
27
27
27
27
28
29
29
29
28
27
27
27
27
27
27
27
26
26
26
26
25
23
23
22
21
20
18
18
18
18
18
17
17
16
17
17
17
16
16
15
14
13
13
12
11
10
9
8
7
7
7
5
4
3
3
2
1
0
0
0
-1
-2
-2
-2
-2
-2
-3
-3
-4
-5
-6
-8
-9
-10
-11
-12
-12
-13
-14
-15
-15
-15
-15
-15
-15
-16
-16
-15
-15
-15
-16
-16
-17
-17
-17
-17
-17
-17
-19
-20
-20
-20
-21
-21
-22
-22
-21
-21
-21
-21
-21
-20
-20
-20
-19
-19
-19
-20
-20
-20
-21
-22
-22
-22
-21
-21
-21
-21
-22
-22
-23
-23
-23
-23
-23
-23
-23
-22
-22
-22
-21
-20
-19
-19
-19
-20
-20
-21
-21
-22
-22
-22
-22
-21
-21
-21
-20
-19
-19
-18
-18
-18
-18
-18
-18
-18
-17
-17
-17
-17
-17
-17
-16
-15
-15
-16
-16
-17
-17
-18
-18
-18
-18
-17
-16
-16
-15
-14
-13
-13
-12
-13
-13
-14
-14
-14
-14
-14
-14
-14
-13
-13
-12
-11
-11
-10
-10
-10
-10
-10
-10
-9
-9
-8
-7
-6
-5
-5
-4
-5
-5
-5
-5
-5
-5
-6
-6
-6
-6
-5
-5
-4
-3
-2
-1
0
0
0
0
1
0
0
-1
0
2
2
2
1
1
1
1
1
1
1
2
2
2
3
4
5
6
6
7
8
9
9
=======
>>>>>>> Stashed changes
10
11
10
9
8
8
9
10
9
8
8
9
10
10
10
10
9
9
9
10
11
12
13
13
<<<<<<< Updated upstream
13
13
13
14
15
16
15
14
14
13
13
12
12
12
13
14
14
14
14
14
15
16
16
16
17
18
19
=======
14
15
17
19
20
21
21
21
21
21
21
21
21
22
22
22
23
23
24
24
25
26
26
26
26
27
27
27
27
28
29
30
30
31
32
32
31
31
30
29
28
28
27
27
27
26
26
27
27
27
28
29
29
28
27
27
26
26
26
26
26
26
25
25
24
23
23
22
21
20
>>>>>>> Stashed changes
19
18
18
19
19
18
18
18
18
17
16
16
16
16
16
16
16
16
17
17
17
17
16
16
16
16
17
17
<<<<<<< Updated upstream
17
17
17
=======
>>>>>>> Stashed changes
16
16
16
15
13
13
13
12
12
12
12
12
12
12
12
11
<<<<<<< Updated upstream
11
12
=======
10
9
8
8
7
6
5
3
3
2
2
1
1
1
0
-2
-2
-1
-1
-1
-2
-3
-3
-5
-6
-8
-9
-10
-11
-11
-11
-12
-13
-13
-13
-13
-14
-14
-14
-15
-15
-15
-15
-15
-16
-16
-17
-17
-17
-16
-16
-17
-18
-19
-19
-19
-20
-21
-22
-22
-21
-21
-20
-20
-20
-19
-19
-19
-19
-19
-19
-20
-20
-21
-22
-22
-22
-22
-22
-22
-22
-22
-22
-22
-22
-23
-23
-23
-23
-22
-22
-22
-21
-21
-20
-19
-19
-19
-20
-20
-20
-21
-21
-21
-22
-22
-22
-22
-21
-21
-20
-19
-19
-18
-18
-18
-18
-18
-18
-18
-18
-17
-17
-17
-17
-17
-16
-16
-16
-16
-16
-17
-17
-17
-17
-18
-18
-17
-16
-15
-15
-14
-13
-13
-13
-13
-13
-14
-14
-13
-13
-13
-14
-14
-13
-13
-12
-12
-11
-10
-10
-10
-9
-9
-9
-9
-9
-8
-7
-6
-5
-5
-5
-5
-6
-6
-5
-5
-6
-6
-6
-6
-6
-6
-5
-5
-3
-2
-1
0
0
-1
0
0
-1
-1
-1
0
1
2
1
1
1
1
1
1
0
1
2
2
2
2
2
4
5
5
6
8
8
8
9
9
9
8
8
8
9
9
8
8
9
9
10
10
10
9
9
9
10
11
12
13
13
13
13
13
14
15
15
15
15
14
14
13
12
12
12
13
14
14
15
15
15
16
16
16
16
16
17
18
18
18
18
19
19
18
18
18
17
17
16
16
17
16
16
15
15
16
17
17
17
17
17
18
17
17
17
17
17
16
16
16
16
15
14
13
13
13
>>>>>>> Stashed changes
12
12
12
12
<<<<<<< Updated upstream
=======
12
12
12
12
12
12
12
13
13
12
12
>>>>>>> Stashed changes
12
11
11
10
9
9
9
<<<<<<< Updated upstream
9
9
9
=======
8
8
8
>>>>>>> Stashed changes
8
7
6
5
6
6
6
6
5
5
6
6
7
6
5
4
4
3
3
2
2
<<<<<<< Updated upstream
1
1
1
1
1
1
=======
2
2
2
2
2
1
1
0
0
>>>>>>> Stashed changes
0
0
0
0
0
1
0
0
-1
0
1
1
0
1
1
<<<<<<< Updated upstream
=======
0
0
-1
0
1
1
1
1
2
>>>>>>> Stashed changes
1
0
0
-1
-2
-2
-2
-2
-2
-2
-2
-2
<<<<<<< Updated upstream
-1
=======
0
0
0
0
0
0
>>>>>>> Stashed changes
0
0
0
0
-1
-1
0
0
0
<<<<<<< Updated upstream
-1
-1
0
-1
-2
-2
=======
0
-1
>>>>>>> Stashed changes
-1
-1
-1
-1
-1
-2
-2
-2
-3
-2
-2
-2
<<<<<<< Updated upstream
-2
=======
-1
-1
0
1
1
1
1
1
1
1
0
0
0
0
0
-1
-1
-1
-1
-1
0
1
0
-1
-1
>>>>>>> Stashed changes
-1
0
1
1
1
1
0
1
<<<<<<< Updated upstream
1
1
0
0
0
-1
-1
-1
-1
-1
0
=======
>>>>>>> Stashed changes
0
0
0
0
-1
-1
-1
0
1
1
1
1
1
2
2
2
2
1
1
1
1
0
0
-1
0
0
0
0
0
0
1
1
2
<<<<<<< Updated upstream
=======
2
2
1
1
>>>>>>> Stashed changes
2
2
2
2
2
3
3
2
2
2
2
2
3
2
2
2
1
1
1
1
<<<<<<< Updated upstream
1
1
=======
0
0
0
>>>>>>> Stashed changes
1
1
2
2
2
2
2
2
3
3
3
<<<<<<< Updated upstream
3
3
3
=======
2
>>>>>>> Stashed changes
2
2
2
2
2
2
2
2
2
2
2
1
1
2
2
2
2
2
<<<<<<< Updated upstream
3
3
3
3
3
4
4
4
4
4
4
4
4
3
=======
2
2
2
>>>>>>> Stashed changes
3
2
2
2
2
2
2
3
<<<<<<< Updated upstream
4
5
5
5
5
5
5
5
5
5
5
5
5
5
5
4
5
5
5
=======
3
3
4
>>>>>>> Stashed changes
4
4
4
3
4
4
3
3
3
2
2
2
2
2
2
2
4
5
5
5
5
5
5
5
5
5
5
5
5
5
5
5
5
5
5
4
5
4
4
5
5
5
4
4
4
5
5
5
5
6
6
6
5
5
5
5
5
6
5
5
4
4
4
4
4
4
5
5
5
5
4
4
5
5
5
5
5
5
6
5
5
5
5
5
5
5
5
<<<<<<< Updated upstream
4
4
3
4
=======
5
>>>>>>> Stashed changes
4
3
2
3
4
4
4
4
4
3
2
2
4
4
4
3
3
3
3
3
3
3
3
<<<<<<< Updated upstream
3
=======
2
2
2
2
2
>>>>>>> Stashed changes
2
2
2
2
1
1
1
1
1
1
1
1
1
1
2
1
<<<<<<< Updated upstream
=======
2
2
2
2
1
1
>>>>>>> Stashed changes
0
0
0
0
0
<<<<<<< Updated upstream
-1
-1
0
0
0
-1
=======
0
0
0
0
0
0
>>>>>>> Stashed changes
-1
-2
-2
-2
-2
<<<<<<< Updated upstream
-1
-1
-1
=======
-2
-2
-1
-2
-2
>>>>>>> Stashed changes
-2
-2
-2
-2
-2
-2
-2
-2
-3
-3
<<<<<<< Updated upstream
-4
=======
>>>>>>> Stashed changes
-3
-3
-4
-4
-4
-3
-3
-4
-5
-5
-5
-5
-5
-5
-5
-5
-5
-5
-5
-5
-5
-5
-5
-5
-6
-6
-5
-5
-5
<<<<<<< Updated upstream
-6
-6
=======
>>>>>>> Stashed changes
-6
-6
-6
-5
-5
-5
<<<<<<< Updated upstream
-6
-6
-6
-7
-7
-6
=======
-5
-5
-5
>>>>>>> Stashed changes
-6
-6
-6
-5
-5
-6
-6
-6
-6
-6
-7
-7
-7
-7
<<<<<<< Updated upstream
-7
-7
-7
-7
-6
-6
-6
-6
-6
=======
-7
-7
-7
-7
>>>>>>> Stashed changes
-7
-7
-7
-7
-6
-6
-6
-6
-6
-6
-6
-6
-6
-6
-6
-6
-6
-6
-5
-5
-5
-5
-5
-5
-5
-5
-5
-5
-5
-5
-4
-4
-4
-5
-5
-5
-5
-5
-4
-4
<<<<<<< Updated upstream
-4
-4
-4
-4
-3
-3
-3
-3
-4
-3
-3
-3
-4
-4
-3
-4
-4
-4
-3
-2
-3
-3
-3
-3
-3
-3
-3
-3
-2
-2
-2
-2
-2
-2
-1
-1
-1
-2
-2
-2
-2
-2
-2
-3
-2
-2
-1
-1
-1
-1
-1
-1
0
-1
-1
-1
0
0
0
-1
-1
-1
-1
0
0
-1
-1
-1
0
0
-1
-1
-1
-1
-1
0
0
0
1
1
1
1
1
1
1
1
0
0
0
0
0
0
1
1
0
0
0
0
0
0
0
0
0
0
0
1
1
1
1
2
1
1
1
2
2
1
1
1
1
1
1
1
1
1
1
1
1
1
1
0
1
1
2
2
1
1
2
2
2
2
2
1
1
1
1
1
1
1
1
0
0
0
1
1
1
1
2
2
2
1
1
1
1
1
2
2
2
2
2
2
2
1
1
1
1
1
1
1
0
0
0
1
1
1
1
1
2
2
1
1
0
0
0
0
0
1
1
1
1
1
0
-1
-1
-1
-1
-1
-1
-1
-1
-2
-1
-1
-1
-2
-2
-1
-1
-2
-2
-2
-2
-2
-2
-2
-2
-2
-2
-2
-2
-2
-2
-2
-2
-2
-3
-3
-3
-3
-2
-2
-2
-2
-2
-2
-2
-2
-2
-2
-2
-2
-2
-2
-2
-2
-3
-2
-2
-2
-2
-2
-2
-2
-2
-2
-3
-3
-3
-2
-2
-2
-2
-2
-2
-2
-2
-3
-2
-2
-2
-2
-2
-2
-2
-2
-2
-2
-2
-2
-2
-2
-2
-2
-1
0
0
0
-1
-1
0
0
0
0
0
0
-1
-1
0
0
0
0
0
0
0
0
0
-1
-1
-1
-1
0
0
1
0
-1
0
1
1
0
0
0
1
1
0
0
0
0
0
1
1
1
0
0
0
0
1
1
1
1
2
2
2
2
2
2
2
2
1
1
1
1
1
1
1
1
1
1
1
0
0
-1
-1
-1
-1
-1
0
0
0
0
0
0
0
0
0
0
0
0
0
0
0
0
0
-1
0
0
0
0
0
0
0
0
1
1
1
1
1
1
1
2
2
2
1
1
1
1
1
1
1
1
1
0
0
0
0
0
0
0
0
0
0
1
1
1
1
1
1
1
1
1
1
1
0
0
0
0
0
0
0
0
0
0
1
1
2
2
2
2
2
1
1
2
2
2
2
2
2
2
1
1
1
0
0
0
0
0
0
0
0
0
0
1
0
0
0
0
1
0
0
0
0
0
-1
-1
-1
-1
-1
-1
-2
-2
-2
-2
-1
-1
-2
-2
-2
-2
-2
-1
-1
-1
-1
-1
0
-1
-1
-1
-1
-1
-1
-1
-2
-2
-2
-2
-2
-1
-2
-3
-4
-3
-2
-2
-2
-2
-2
-2
-3
-2
-2
-2
-2
-2
-3
-2
-2
-3
-3
-3
-3
-3
-3
-3
-3
-3
-3
-4
=======
>>>>>>> Stashed changes
-4
-3
-3
-4
-3
-3
-3
-3
-3
-3
<<<<<<< Updated upstream
=======
-4
-4
-4
-4
-4
-4
-4
-4
-4
-4
-3
-3
-3
-3
-3
-3
-3
-3
-3
-2
-2
-2
-2
-2
-2
-1
-2
-2
-2
-2
-2
-2
-2
-2
-3
-3
-3
-2
-1
-1
-1
-1
-1
-1
0
0
0
-1
-1
0
0
0
-1
-1
-1
-1
0
-1
-1
-1
-1
-1
-1
-2
-2
-1
0
0
0
0
0
0
1
1
0
0
0
1
0
-1
-1
0
0
0
0
1
0
-1
-1
0
0
0
0
0
0
0
0
1
1
1
1
1
1
1
1
1
2
1
0
0
0
0
0
0
1
0
0
0
1
1
1
1
1
1
2
2
2
2
2
2
2
2
2
2
2
2
2
1
1
1
1
0
0
0
1
2
2
1
1
2
2
1
1
1
1
1
2
2
2
1
1
2
2
2
1
1
1
1
1
1
0
0
0
0
1
1
1
1
1
1
1
1
0
0
0
0
0
1
1
1
1
1
0
0
-1
-2
-2
-2
-1
-1
-1
-2
-1
-1
-1
-1
-2
-2
-2
-2
-2
-1
-2
-2
-2
-2
-1
-2
-2
-1
-2
-2
-2
-2
-2
-3
-3
-3
-2
-2
-2
-2
-1
-1
-1
-2
-2
-2
-2
-2
-3
-3
-2
-2
-2
-3
-3
-2
-2
-2
-3
-2
-2
-2
-2
-2
-3
-3
-3
-2
-2
-2
-2
-2
-2
-2
-2
-3
-2
-2
-2
-2
-2
-2
-2
-2
-2
-1
-1
-2
-2
-2
-2
-2
-1
0
0
0
-1
-1
-1
0
0
0
0
0
-1
-1
-1
0
0
0
0
0
0
0
0
0
0
0
0
0
1
1
0
-1
-1
0
1
0
0
1
1
0
0
-1
0
0
1
1
1
1
0
0
0
1
1
1
1
1
1
2
2
2
1
2
2
2
2
2
2
1
1
1
1
1
1
1
1
1
1
0
0
0
0
0
0
1
0
0
0
0
0
0
0
0
0
0
0
0
0
0
0
0
0
0
0
0
0
0
0
0
0
1
1
1
1
1
1
1
2
2
2
1
1
1
1
1
2
2
1
0
0
0
0
0
0
0
0
0
1
1
1
1
1
1
1
1
1
1
1
1
0
0
0
0
0
1
1
1
1
1
1
1
2
2
1
1
1
1
2
2
2
2
2
2
2
1
1
1
1
1
1
0
0
0
0
0
0
0
1
1
0
0
0
1
1
0
0
0
0
0
-1
-1
-1
-1
-1
-2
-2
-2
-2
-2
-1
-1
-2
-2
-2
-2
-2
-1
-1
-1
-1
-1
0
-1
-1
-2
-1
-1
-1
-2
-2
-2
-2
-2
-2
-2
-2
-3
-3
-3
-2
-2
-2
-3
-3
-2
-2
-2
-2
-2
-2
-3
-3
-3
-3
-3
-4
-4
-4
-4
-4
-4
-3
-3
-3
-4
-4
-4
-4
-3
-3
-3
-3
-3
-3
-3
-3
-3
-3
-3
-2
-2
-2
-3
-3
-3
-3
-3
-3
-3
-3
-3
-3
-3
-3
-2
-2
-3
-3
-3
-3
-3
-3
-3
-2
-2
-2
-2
-3
-3
-3
-3
-3
-3
-3
-3
-3
-3
-3
-3
-3
-3
-3
-3
-3
-2
-2
-2
-2
-2
-3
-3
-2
-2
-2
-2
-2
-2
-2
-2
-2
-3
-3
-3
-3
-3
-3
-2
-2
-3
-3
-4
-4
>>>>>>> Stashed changes
-3
-3
-3
-4
-3
-3
-2
-3
-3
-3
-2
-2
-2
-2
-2
-3
-3
-2
-3
-3
-3
-3
-3
-3
-3
-4
-3
-3
-3
-3
-3
-3
-3
-3
<<<<<<< Updated upstream
-3
-3
-3
-3
-3
-3
-2
-3
-3
-3
-4
-4
-4
-4
-4
-4
-3
-3
-3
-3
-4
-3
-3
-3
-3
-3
-3
-2
-2
-2
-2
-3
-3
-3
-2
-2
-2
-2
-2
-2
-2
-3
-3
-3
-3
-3
-3
-3
-2
-2
-3
=======
-3
-3
>>>>>>> Stashed changes
-3
-3
-3
-3
-3
-3
-3
-3
-3
-2
<<<<<<< Updated upstream
-3
-3
-3
=======
-2
-2
-2
>>>>>>> Stashed changes
-2
-2
-2
-2
-2
-3
-3
-3
-3
-3
-3
-3
-3
-3
-3
<<<<<<< Updated upstream
-3
-3
-3
-3
-3
-3
-3
-3
-3
-3
-3
-3
-2
-2
-2
-2
-2
-2
-3
-3
-3
-3
-3
-3
-3
-2
-3
-3
-3
=======
>>>>>>> Stashed changes
-2
-2
-2
-2
-2
-2
-2
-2
-1
-1
-1
0
0
0
0
-1
-1
-1
-1
-1
-2
-2
-1
-1
-1
-1
-1
-1
-1
-1
-1
0
0
-1
-1
0
0
-1
-1
-1
0
0
<<<<<<< Updated upstream
-1
-2
-1
-1
0
-1
-1
-1
-1
-1
-1
-1
=======
0
0
-1
-1
-2
-2
-2
-2
-2
-2
-2
>>>>>>> Stashed changes
-2
-2
-1
0
0
0
0
0
-1
0
0
1
1
1
1
1
0
1
1
<<<<<<< Updated upstream
2
=======
1
>>>>>>> Stashed changes
1
1
1
1
1
1
1
1
0
-1
-1
-1
0
0
0
0
0
0
0
-1
0
0
1
0
0
0
0
<<<<<<< Updated upstream
0
0
0
0
0
0
0
0
0
-1
-1
-1
0
1
=======
-1
-1
0
0
>>>>>>> Stashed changes
0
0
0
0
0
0
0
0
0
0
1
1
1
1
1
1
2
2
<<<<<<< Updated upstream
2
1
1
1
1
1
1
1
1
1
1
1
1
1
1
1
1
1
1
=======
>>>>>>> Stashed changes
1
1
1
1
1
1
1
1
1
0
0
<<<<<<< Updated upstream
=======
1
1
1
1
0
1
1
1
0
0
1
1
1
1
0
0
0
0
0
0
0
0
-1
-1
-1
>>>>>>> Stashed changes
0
0
0
0
1
1
1
1
1
1
1
1
1
1
1
1
0
0
0
0
1
1
1
2
2
2
1
1
2
2
2
1
1
1
2
1
1
1
1
1
1
1
1
1
1
1
1
2
2
1
1
2
2
2
1
1
1
1
<<<<<<< Updated upstream
=======
1
1
1
0
>>>>>>> Stashed changes
0
1
1
2
2
2
2
2
2
2
2
1
1
2
2
2
1
1
1
1
1
1
1
1
1
1
1
2
2
2
1
2
2
2
2
2
2
2
1
1
2
2
2
2
2
2
1
1
1
2
2
2
2
2
2
2
2
2
2
2
3
3
2
2
<<<<<<< Updated upstream
2
2
1
2
=======
1
>>>>>>> Stashed changes
2
2
2
2
2
2
2
2
2
2
2
2
2
3
3
3
<<<<<<< Updated upstream
3
2
3
=======
>>>>>>> Stashed changes
3
3
2
3
3
3
3
<<<<<<< Updated upstream
2
2
2
2
2
2
2
1
1
1
2
2
2
2
1
1
2
2
2
2
1
1
1
1
1
1
1
1
1
1
1
1
2
2
1
1
2
2
2
2
=======
3
3
3
>>>>>>> Stashed changes
2
2
2
2
2
2
1
2
2
2
2
2
2
2
1
2
2
1
1
1
1
1
1
1
<<<<<<< Updated upstream
=======
2
2
2
1
1
2
2
2
1
2
2
2
2
2
2
2
2
2
2
2
2
2
1
1
>>>>>>> Stashed changes
0
0
1
1
1
1
1
1
1
1
1
1
1
2
2
1
2
2
2
1
1
1
2
1
0
0
0
1
1
1
1
1
1
1
1
1
1
1
1
1
1
1
1
1
1
0
0
0
0
0
0
0
0
0
0
0
1
1
1
1
1
1
2
2
<<<<<<< Updated upstream
=======
1
1
1
1
1
0
>>>>>>> Stashed changes
1
1
1
1
0
0
1
1
0
0
0
0
0
0
0
<<<<<<< Updated upstream
0
0
-1
-1
0
-1
-1
-1
=======
1
1
1
1
1
2
1
1
1
1
>>>>>>> Stashed changes
0
0
0
-1
-1
-1
-1
-1
-1
-1
-1
-1
-1
-1
-1
-1
0
1
0
0
<<<<<<< Updated upstream
=======
0
0
0
0
0
0
0
0
0
0
0
0
-1
-1
0
0
0
0
0
0
0
0
0
-1
-1
-1
-1
-1
-1
-1
0
0
0
0
>>>>>>> Stashed changes
-1
0
0
1
1
0
0
0
0
0
0
-1
<<<<<<< Updated upstream
=======
0
>>>>>>> Stashed changes
0
0
0
0
-1
-1
0
-1
-1
0
0
-1
-2
-2
-2
-1
-1
0
0
-1
-2
-2
-2
-1
-1
<<<<<<< Updated upstream
0
-1
-1
-2
-2
-1
-1
=======
>>>>>>> Stashed changes
-1
-1
-1
-1
-1
-1
-1
-1
-1
-1
-1
-2
-2
<<<<<<< Updated upstream
-2
-1
-1
-1
-1
-1
-1
-1
-1
-1
-1
-1
-1
-1
-2
-2
-1
=======
-1
-1
>>>>>>> Stashed changes
0
-1
-1
-1
-1
<<<<<<< Updated upstream
0
0
=======
-1
-1
-1
-1
-1
-2
-2
-1
-1
-1
-1
-2
-2
-1
-1
-1
-1
>>>>>>> Stashed changes
-1
-1
-1
-1
-1
0
0
-1
-1
-1
-1
-1
-1
-1
-1
-1
-1
<<<<<<< Updated upstream
-1
-2
-2
-1
-1
-2
-2
-2
-1
-1
-2
-2
-2
-2
-2
-2
-2
-1
-1
-1
-2
-2
-2
-2
-2
-2
-2
-2
-2
-2
-1
-2
-2
-2
=======
-2
-2
-2
-1
-2
-2
-2
-2
-2
-2
-2
-2
-2
-2
-2
-2
-2
-1
-2
-2
-2
-2
-2
-2
-2
-2
-2
-2
-2
-2
-2
-2
-2
>>>>>>> Stashed changes
-2
-2
-2
-2
-1
-1
-1
-1
-1
-1
-1
-1
-1
-1
-1
-1
-1
-1
-2
-2
-2
-2
-2
-2
-2
-2
-3
-3
-3
-2
-2
-2
-2
-2
-2
-2
-2
-2
-2
-2
-1
-1
-1
-1
-1
-1
<<<<<<< Updated upstream
=======
-1
>>>>>>> Stashed changes
-1
-2
-1
-1
-1
-2
-1
-2
-1
-1
-1
-2
-2
-1
0
0
-1
0
-1
0
-1
-1
0
0
0
0
0
0
0
0
0
0
0
0
0
-1
-1
-1
-1
-1
-1
-1
-1
-1
-1
-1
<<<<<<< Updated upstream
-1
=======
>>>>>>> Stashed changes
0
0
-1
-1
0
0
0
0
0
1
0
0
-1
0
0
0
1
0
0
0
0
0
-1
-1
-1
0
<<<<<<< Updated upstream
-1
=======
0
>>>>>>> Stashed changes
0
0
0
0
0
1
1
0
0
0
1
1
1
0
0
0
0
0
0
0
0
0
-1
0
0
0
0
-1
0
0
0
0
0
0
0
0
0
0
0
0
0
0
<<<<<<< Updated upstream
1
0
0
0
1
1
=======
0
0
0
0
0
0
0
0
0
0
0
>>>>>>> Stashed changes
0
0
0
1
1
0
0
0
0
-1
-1
0
0
-1
-1
-1
-1
-1
-1
-1
0
0
0
0
0
<<<<<<< Updated upstream
0
=======
>>>>>>> Stashed changes
0
0
0
0
0
1
0
0
1
1
1
0
0
0
1
1
1
0
0
1
<<<<<<< Updated upstream
1
0
0
0
0
=======
>>>>>>> Stashed changes
1
0
0
0
0
0
0
0
-1
0
0
0
0
0
0
0
0
0
0
0
1
1
<<<<<<< Updated upstream
1
=======
>>>>>>> Stashed changes
0
0
0
0
0
0
1
<<<<<<< Updated upstream
1
=======
>>>>>>> Stashed changes
0
0
-1
0
0
0
0
1
1
1
0
0
0
<<<<<<< Updated upstream
=======
0
0
0
1
>>>>>>> Stashed changes
1
1
1
1
0
0
1
1
1
<<<<<<< Updated upstream
0
0
0
=======
1
1
1
1
>>>>>>> Stashed changes
1
1
1
0
0
1
1
1
0
0
<<<<<<< Updated upstream
0
=======
-1
-1
>>>>>>> Stashed changes
0
0
0
1
1
1
1
0
0
0
0
0
<<<<<<< Updated upstream
1
1
0
0
0
=======
0
0
0
0
0
>>>>>>> Stashed changes
1
1
0
0
0
0
0
0
1
1
1
<<<<<<< Updated upstream
1
=======
>>>>>>> Stashed changes
0
0
0
0
0
0
0
0
0
1
0
0
0
0
0
0
0
0
0
0
0
-1
-1
0
0
0
0
0
0
0
0
0
0
0
0
0
0
0
0
<<<<<<< Updated upstream
-1
0
0
0
=======
0
0
0
-1
>>>>>>> Stashed changes
0
0
0
0
0
0
0
0
0
0
0
<<<<<<< Updated upstream
=======
0
-1
>>>>>>> Stashed changes
0
0
0
0
-1
-1
-1
0
0
1
1
0
-1
-1
-1
-1
<<<<<<< Updated upstream
0
0
0
0
=======
-1
0
0
0
>>>>>>> Stashed changes
-1
-1
0
0
0
-1
-1
-1
-1
-1
-1
-1
-1
-1
-1
-1
-1
<<<<<<< Updated upstream
-1
-1
-1
-1
=======
-1
-1
>>>>>>> Stashed changes
-1
-1
-1
-1
-1
0
0
0
-1
-1
-1
-1
-1
<<<<<<< Updated upstream
-1
-1
0
-1
-1
-1
-1
=======
0
0
-1
-1
-2
-2
>>>>>>> Stashed changes
-1
-1
-1
-1
-1
0
0
0
0
-1
-1
0
0
0
0
0
0
-1
-1
-1
-1
-1
-1
-1
-1
-1
-2
-2
-1
-1
-1
-1
-1
<<<<<<< Updated upstream
-1
-1
-2
-2
-2
-2
-2
-2
-1
-1
-2
-2
=======
-2
-2
-2
-2
-2
-2
-2
-1
-1
>>>>>>> Stashed changes
-2
-2
-2
-2
-2
-2
-2
-2
-2
-2
-2
-2
-2
-2
-2
-2
-2
-2
-1
-1
-1
-1
-2
-1
-1
-1
-1
-1
-1
-1
-1
-1
<<<<<<< Updated upstream
-2
-2
-2
-2
-2
=======
-1
-1
-1
-1
-1
-2
-2
-1
-1
-2
>>>>>>> Stashed changes
-2
-2
-2
-1
-1
-1
-1
-1
-1
-2
-2
-1
-1
-1
-2
-2
-2
-2
-2
-2
-2
-2
-2
-2
-2
-2
-2
-2
-1
-1
-1
-1
-1
-1
-1
-1
-1
-1
-1
-1
-2
-1
-1
-2
-2
-2
-2
-2
-1
-1
-1
-1
-1
-1
<<<<<<< Updated upstream
-1
=======
-2
>>>>>>> Stashed changes
-2
-1
-1
-2
-2
-1
-1
-2
-2
-2
-2
-1
-2
-1
-2
-2
-2
-1
-1
-2
-2
-1
-2
-2
-2
-2
-1
-2
-1
-1
-2
-1
-1
-1
-1
-1
-1
-1
-1
-1
-1
-1
-1
-1
-1
-1
-1
0
0
0
-1
-1
-1
0
0
-1
-1
-1
-1
-1
-1
-1
-2
-2
-2
-1
-1
-1
-1
-1
-1
-1
-1
-1
<<<<<<< Updated upstream
-1
-1
-1
=======
-2
-2
>>>>>>> Stashed changes
-1
-1
-1
-1
-1
-1
-1
-2
-2
-2
-2
-2
-2
-2
-2
-2
-2
-2
-1
-1
-1
-1
-2
-2
-2
-1
-1
-1
-1
-1
-1
-1
-1
-1
-1
-1
-1
-1
-1
-1
<<<<<<< Updated upstream
=======
-1
-1
-1
-1
>>>>>>> Stashed changes
-1
-1
-1
-2
-2
-2
<<<<<<< Updated upstream
=======
-2
-1
-1
>>>>>>> Stashed changes
-2
-2
-1
-1
-2
-2
-2
-1
-1
-2
<<<<<<< Updated upstream
-2
-2
=======
-1
>>>>>>> Stashed changes
-1
-1
-2
-2
-1
-1
-1
-1
-1
-1
-2
-2
-2
-2
<<<<<<< Updated upstream
=======
-1
-1
-1
>>>>>>> Stashed changes
-2
-1
-1
-2
-1
-1
-1
-2
-2
-1
-1
-1
-1
-2
-1
-1
-1
-1
<<<<<<< Updated upstream
=======
-2
-2
-2
-1
>>>>>>> Stashed changes
-1
-1
-1
-1
-2
-1
-1
-1
-2
-1
-1
-1
-1
-1
-1
-1
-1
-1
-1
-1
-1
-1
-1
-1
-1
-1
-1
-1
-1
-1
<<<<<<< Updated upstream
-1
=======
>>>>>>> Stashed changes
-1
-1
-1
-1
-1
-1
-1
-1
-1
-1
-2
-2
-1
-1
-1
-2
-2
-1
-1
-1
-1
-2
-2
-2
-1
-1
-1
-1
-1
-1
-1
-1
-1
-2
-1
-1
-1
-1
-1
-1
-1
-1
-1
-1
-1
-1
-1
-1
-1
0
0
0
0
-1
0
-1
-1
-1
-1
0
0
-1
-1
-1
-1
-1
-1
-1
<<<<<<< Updated upstream
-1
-1
-1
=======
>>>>>>> Stashed changes
0
0
0
-1
<<<<<<< Updated upstream
=======
-1
>>>>>>> Stashed changes
-1
-1
-1
-1
-1
-1
-1
-1
-1
-1
-1
-1
-1
-1
-1
-1
-1
0
-1
-1
-1
0
0
0
0
1
0
0
0
0
<<<<<<< Updated upstream
1
1
1
1
1
=======
>>>>>>> Stashed changes
1
0
0
1
1
0
0
0
0
1
1
0
0
0
0
0
<<<<<<< Updated upstream
=======
0
0
0
-1
>>>>>>> Stashed changes
-1
-1
-1
-1
0
0
-1
-1
-1
-1
-1
-1
-1
-1
0
-1
-1
0
0
0
0
0
0
0
0
0
0
1
1
0
0
0
0
1
0
0
0
0
0
0
0
0
0
0
0
0
0
<<<<<<< Updated upstream
1
0
0
=======
>>>>>>> Stashed changes
0
1
1
1
0
1
1
1
0
0
0
0
0
0
0
0
<<<<<<< Updated upstream
0
=======
>>>>>>> Stashed changes
0
0
0
0
0
0
0
0
0
0
1
<<<<<<< Updated upstream
1
1
=======
0
0
0
>>>>>>> Stashed changes
0
0
0
0
0
0
0
1
1
1
1
1
1
0
0
0
<<<<<<< Updated upstream
1
1
1
=======
0
1
1
1
0
0
>>>>>>> Stashed changes
0
0
0
0
0
<<<<<<< Updated upstream
0
1
1
0
0
=======
1
>>>>>>> Stashed changes
1
0
0
1
1
0
0
0
0
0
0
0
0
0
0
-1
-1
<<<<<<< Updated upstream
=======
0
>>>>>>> Stashed changes
0
0
0
-1
-1
0
-1
-1
-1
0
0
0
0
1
0
0
0
0
<<<<<<< Updated upstream
=======
1
0
>>>>>>> Stashed changes
0
0
0
0
0
-1
0
0
0
0
0
0
0
1
0
0
0
0
0
0
0
0
1
1
0
0
0
1
0
0
0
0
0
0
0
0
0
0
0
1
1
1
0
0
1
1
1
1
1
1
1
1
1
1
1
<<<<<<< Updated upstream
1
1
1
1
1
=======
0
0
>>>>>>> Stashed changes
0
0
0
1
1
1
<<<<<<< Updated upstream
1
0
0
0
1
1
=======
>>>>>>> Stashed changes
0
0
0
1
1
0
<<<<<<< Updated upstream
1
1
=======
0
0
0
1
0
>>>>>>> Stashed changes
0
0
0
0
1
1
0
0
1
1
1
1
1
0
0
0
0
0
1
1
1
1
1
<<<<<<< Updated upstream
1
0
0
=======
>>>>>>> Stashed changes
1
1
1
1
0
1
0
1
1
1
0
0
1
1
1
1
1
1
0
0
0
0
0
0
0
0
<<<<<<< Updated upstream
0
0
=======
1
1
1
>>>>>>> Stashed changes
0
0
1
0
0
1
1
1
1
1
0
1
1
1
0
0
0
<<<<<<< Updated upstream
0
0
=======
1
1
1
>>>>>>> Stashed changes
0
1
1
1
1
1
<<<<<<< Updated upstream
0
0
1
=======
1
1
0
>>>>>>> Stashed changes
1
1
1
1
1
1
0
<<<<<<< Updated upstream
1
=======
>>>>>>> Stashed changes
1
1
1
0
0
1
1
1
1
1
1
1
1
1
1
1
1
<<<<<<< Updated upstream
0
1
1
1
0
0
1
1
1
1
1
1
1
1
1
0
0
0
0
1
0
0
=======
>>>>>>> Stashed changes
0
0
1
0
1
0
1
1
1
1
0
0
1
1
1
1
0
0
0
1
1
1
1
1
0
0
0
1
1
1
0
0
0
0
<<<<<<< Updated upstream
0
0
0
0
0
0
=======
>>>>>>> Stashed changes
0
0
0
1
1
<<<<<<< Updated upstream
0
0
=======
1
0
1
1
1
>>>>>>> Stashed changes
0
0
0
0
0
0
0
0
1
0
0
1
1
0
0
0
0
0
0
1
1
0
0
0
0
0
0
0
0
0
0
0
0
0
0
0
0
0
0
0
0
0
0
<<<<<<< Updated upstream
0
=======
-1
>>>>>>> Stashed changes
-1
0
0
0
0
-1
-1
-1
0
0
0
-1
-1
-1
0
0
0
0
0
0
-1
-1
<<<<<<< Updated upstream
-1
-1
0
=======
0
0
0
-1
>>>>>>> Stashed changes
-1
-1
-1
-1
-1
0
0
-1
-1
-1
-1
0
-1
-1
-1
0
-1
-1
-1
0
0
0
-1
-1
-1
-1
-1
0
0
-1
-1
-1
0
0
0
-1
-1
-1
-1
-1
-1
-1
0
0
0
0
0
-1
-1
-1
-1
-1
-1
-1
-1
-1
-1
-1
-1
-1
-1
-1
-1
-1
-1
-1
-1
-1
<<<<<<< Updated upstream
=======
-1
>>>>>>> Stashed changes
-1
-1
-1
-1
-1
-1
-1
<<<<<<< Updated upstream
-1
=======
0
0
0
0
0
>>>>>>> Stashed changes
0
-1
-1
-1
-1
0
0
0
<<<<<<< Updated upstream
=======
-1
>>>>>>> Stashed changes
-1
-1
-1
-1
-1
-1
-1
-1
-2
-2
-1
-1
-1
-1
-1
-1
-1
-1
-1
-1
-1
-1
-1
-1
-1
-1
-1
-1
-1
-1
-1
-1
-1
-1
0
-1
-1
-1
-1
-1
<<<<<<< Updated upstream
=======
-1
-1
-1
-2
-2
-2
-2
-2
-1
>>>>>>> Stashed changes
-1
-1
-1
-1
<<<<<<< Updated upstream
=======
0
0
0
-1
-1
>>>>>>> Stashed changes
-1
-1
-1
-1
-1
0
0
-1
-1
-1
0
0
-1
-1
-1
-1
-1
0
-1
-1
-2
-1
<<<<<<< Updated upstream
-1
-1
-1
-1
-1
-1
=======
0
0
0
0
0
0
0
>>>>>>> Stashed changes
0
-1
-1
-1
-1
-1
-1
<<<<<<< Updated upstream
=======
-1
-1
-1
-1
-2
-2
>>>>>>> Stashed changes
-1
-1
-1
-1
-1
-1
-1
-1
0
-1
-1
-1
-1
-1
0
0
-1
-1
0
0
0
-1
-1
-1
0
-1
-1
-1
0
0
-1
-1
-1
-1
-1
-1
-2
-2
-1
-1
-1
-1
-1
-1
-1
-1
-1
-1
-1
-1
-1
-1
0
0
-1
-1
-1
0
0
-1
-1
-1
-1
0
-1
-1
-1
-1
-1
-1
-1
-1
-1
-1
-1
-2
-1
-1
-1
0
-1
<<<<<<< Updated upstream
-1
0
0
=======
>>>>>>> Stashed changes
-1
-1
-1
-1
-1
-1
-1
-1
-1
-1
-1
-1
-1
-1
-1
-1
-1
<<<<<<< Updated upstream
=======
-2
-2
>>>>>>> Stashed changes
-1
-1
-1
-1
-1
-1
-1
-1
-1
-1
-1
-1
-1
-1
-1
-1
-1
-2
-2
-1
-1
-1
-1
-1
-1
-2
-2
-2
-1
-1
-1
-1
-1
-1
-1
-1
-1
-1
-1
-1
-1
-1
-1
-1
-1
-1
0
0
-1
0
-1
-1
-1
-1
-1
-1
-1
-1
0
0
-1
-1
-1
-1
-1
-1
-1
-1
-1
-1
-1
-1
-1
-1
-1
-1
-1
-1
-1
-1
-1
-1
-1
-1
-1
-1
-1
-1
-1
-1
-1
0
0
0
-1
-1
0
0
0
-1
-1
-1
-1
-1
-1
-1
-1
-1
-1
-1
-1
-1
0
0
-1
-1
0
0
-1
0
-1
-1
-1
-1
-1
-1
-1
-1
-1
-1
-1
-1
-1
-1
<<<<<<< Updated upstream
0
0
=======
>>>>>>> Stashed changes
-1
-1
-1
-2
-1
-1
-1
0
0
0
-1
-1
-1
-1
0
-1
-2
-2
-1
-1
-1
-1
-1
-1
-1
<<<<<<< Updated upstream
-2
-2
=======
>>>>>>> Stashed changes
-1
-1
-1
-1
-1
-1
-1
-2
-2
-1
-1
-1
-1
-1
-1
-1
-1
-1
-1
-2
-1
-1
-1
-1
0
0
-1
-1
-1
-1
-1
-1
-1
0
-1
-1
-1
-1
-1
-1
-1
-1
0
-1
-1
-1
-1
0
0
0
-1
-1
-1
0
-1
-1
-1
-1
-1
-1
-1
-1
-1
0
0
0
-1
-1
0
0
0
-1
0
0
0
0
0
0
0
0
-1
-1
-1
<<<<<<< Updated upstream
=======
0
-1
-1
-1
-1
>>>>>>> Stashed changes
-1
-1
0
0
0
-1
-1
-1
-1
-1
-1
0
-1
-1
-1
-1
-1
-1
-1
-1
-1
-1
-1
-1
0
0
0
<<<<<<< Updated upstream
0
0
=======
-1
-1
>>>>>>> Stashed changes
0
0
-1
-1
0
0
0
0
0
0
<<<<<<< Updated upstream
-1
-1
=======
0
>>>>>>> Stashed changes
0
0
0
0
-1
0
0
<<<<<<< Updated upstream
-1
=======
0
>>>>>>> Stashed changes
-1
0
0
0
-1
-1
-1
0
0
0
0
0
0
0
0
0
0
-1
-1
0
0
0
0
-1
0
0
0
0
0
0
0
0
0
0
0
0
0
0
0
0
0
0
0
0
0
0
0
0
-1
-1
-1
0
0
0
0
0
0
0
-1
0
0
0
0
0
0
0
0
0
0
0
<<<<<<< Updated upstream
=======
0
>>>>>>> Stashed changes
0
0
0
0
0
0
0
0
1
1
1
1
1
1
<<<<<<< Updated upstream
1
1
1
1
=======
0
0
0
>>>>>>> Stashed changes
1
1
1
0
0
0
0
0
1
1
1
1
1
0
0
0
0
1
1
1
0
0
0
0
0
0
0
0
0
0
0
0
0
0
0
0
0
0
0
0
0
0
0
0
0
0
0
0
0
0
0
0
0
0
<<<<<<< Updated upstream
=======
0
>>>>>>> Stashed changes
0
0
0
0
1
0
0
0
0
0
0
0
0
0
0
0
0
0
0
0
0
0
0
0
0
0
0
0
0
0
0
0
0
0
0
0
0
0
0
0
0
0
0
0
0
0
0
0
0
0
0
0
0
0
0
0
0
0
0
0
-1
0
0
0
0
0
0
0
0
0
0
0
0
0
0
0
0
0
0
0
0
0
0
0
0
0
0
0
0
0
0
0
0
0
0
0
0
0
0
0
0
0
0
0
<<<<<<< Updated upstream
=======
-1
-1
-1
-1
>>>>>>> Stashed changes
0
0
0
0
0
0
0
-1
-1
-1
-1
-1
0
0
0
0
0
0
0
0
0
-1
0
0
0
0
0
0
0
0
0
0
0
0
0
0
-1
-1
0
0
0
0
-1
-1
-1
0
0
0
<<<<<<< Updated upstream
0
0
0
-1
0
0
=======
-1
-1
-1
-1
>>>>>>> Stashed changes
0
0
-1
-1
-1
-1
-1
0
0
0
-1
-1
-1
0
-1
-1
-1
-1
-1
-1
-1
-1
0
0
<<<<<<< Updated upstream
-1
-1
-1
-1
-1
-1
-1
-1
-1
-1
=======
0
0
0
0
0
0
0
>>>>>>> Stashed changes
-1
0
0
0
-1
-1
0
0
0
0
-1
-1
-1
-1
-1
0
0
0
0
0
0
0
0
0
0
-1
0
0
-1
-1
-1
-1
0
0
-1
-1
0
0
0
-1
0
-1
-1
-1
0
0
-1
-1
0
0
0
0
-1
-1
-1
-1
-1
<<<<<<< Updated upstream
=======
-1
0
0
>>>>>>> Stashed changes
0
0
-1
-1
-1
-1
0
-1
-1
0
0
0
-1
0
0
-1
0
0
0
-1
0
0
-1
-1
-1
-1
-1
<<<<<<< Updated upstream
0
0
-1
-1
=======
-1
-1
0
0
0
0
0
0
>>>>>>> Stashed changes
-1
-1
-1
-1
-1
-1
-1
-1
-1
-1
-1
0
0
0
-1
-1
0
0
0
0
0
0
-1
-1
-1
0
<<<<<<< Updated upstream
=======
0
0
-1
-1
>>>>>>> Stashed changes
-1
-1
-1
-1
-1
0
0
-1
-1
-1
-1
-1
-1
-1
-1
-1
0
0
0
-1
-1
0
0
0
-1
-1
-1
0
0
0
0
0
0
<<<<<<< Updated upstream
0
-1
-1
=======
>>>>>>> Stashed changes
-1
-1
-1
-1
-1
-1
-1
-1
-1
-1
-1
<<<<<<< Updated upstream
=======
-1
-1
>>>>>>> Stashed changes
0
0
0
0
0
<<<<<<< Updated upstream
0
=======
-1
-1
0
0
0
0
0
-1
-1
0
>>>>>>> Stashed changes
0
0
-1
-1
-1
-1
-1
<<<<<<< Updated upstream
0
0
0
-1
-1
-1
-1
-1
-1
-1
=======
-1
0
0
0
-1
0
0
0
0
0
0
0
>>>>>>> Stashed changes
0
0
-1
0
0
0
0
0
0
0
0
-1
0
0
0
0
0
0
0
0
0
0
0
0
<<<<<<< Updated upstream
-1
-1
=======
0
0
0
>>>>>>> Stashed changes
0
0
0
0
0
0
0
0
-1
-1
-1
0
0
0
-1
0
0
-1
-1
<<<<<<< Updated upstream
=======
-1
-1
-1
-1
-1
0
0
0
0
0
0
0
>>>>>>> Stashed changes
0
0
0
0
0
0
0
0
0
0
<<<<<<< Updated upstream
=======
0
0
-1
-1
-1
0
0
0
0
0
>>>>>>> Stashed changes
-1
-1
-1
-1
-1
-1
-1
-1
0
<<<<<<< Updated upstream
-1
-1
=======
>>>>>>> Stashed changes
0
0
0
0
0
0
-1
0
0
0
0
-1
0
0
0
0
0
0
0
0
0
0
<<<<<<< Updated upstream
0
0
=======
-1
-1
-1
-1
>>>>>>> Stashed changes
0
0
0
0
-1
0
0
0
<<<<<<< Updated upstream
=======
-1
-1
>>>>>>> Stashed changes
0
0
0
0
0
-1
0
0
0
0
0
0
0
0
0
0
0
0
-1
-1
-1
-1
-1
0
0
0
0
0
0
0
0
-1
0
0
-1
-1
0
0
0
-1
-1
-1
-1
-1
0
0
0
-1
-1
0
0
0
-1
0
0
0
0
0
0
-1
0
0
0
0
0
0
0
-1
-1
0
0
0
0
-1
0
0
0
0
-1
-1
-1
0
0
-1
-1
0
0
0
0
0
0
0
0
0
0
0
-1
-1
0
0
0
-1
0
0
0
-1
-1
0
0
0
0
0
0
0
-1
-1
0
0
0
0
0
0
0
0
0
0
0
-1
-1
0
0
0
0
0
0
0
0
0
0
0
<<<<<<< Updated upstream
=======
-1
>>>>>>> Stashed changes
0
0
0
-1
0
0
-1
-1
0
0
0
0
0
0
0
0
0
0
0
-1
-1
0
0
<<<<<<< Updated upstream
-1
-1
-1
=======
>>>>>>> Stashed changes
0
-1
-1
-1
0
0
-1
0
0
0
0
0
0
0
0
-1
-1
-1
0
0
0
0
0
0
0
-1
0
0
-1
-1
0
0
0
0
-1
-1
-1
-1
0
0
0
0
0
0
<<<<<<< Updated upstream
-1
-1
-1
0
0
0
=======
>>>>>>> Stashed changes
0
0
0
0
0
0
-1
<<<<<<< Updated upstream
0
0
0
0
-1
0
0
0
=======
>>>>>>> Stashed changes
0
0
0
0
0
0
0
0
0
-1
0
0
0
0
0
0
0
0
0
<<<<<<< Updated upstream
-1
-1
-1
-1
-1
-1
0
=======
>>>>>>> Stashed changes
0
0
0
0
0
0
<<<<<<< Updated upstream
0
0
0
=======
-1
-1
-1
>>>>>>> Stashed changes
0
0
-1
0
0
0
0
0
0
0
0
0
0
0
<<<<<<< Updated upstream
=======
0
0
0
-1
>>>>>>> Stashed changes
0
0
0
0
0
0
0
0
0
0
0
0
0
-1
0
0
0
-1
0
0
0
-1
-1
<<<<<<< Updated upstream
-1
0
0
=======
>>>>>>> Stashed changes
0
-1
-1
0
0
-1
-1
-1
0
0
0
0
0
0
0
-1
0
0
0
0
0
0
0
0
0
0
0
0
0
0
0
0
0
0
0
0
0
0
0
0
0
0
0
0
-1
0
0
0
0
0
0
0
0
0
-1
0
0
0
0
-1
-1
-1
0
0
0
0
0
0
0
0
0
0
0
-1
-1
0
0
0
<<<<<<< Updated upstream
-1
-1
-1
0
=======
>>>>>>> Stashed changes
0
0
0
0
0
-1
0
0
0
0
-1
0
0
0
0
0
0
0
0
0
0
0
0
0
0
0
0
0
0
-1
0
0
0
0
0
0
0
0
-1
0
0
0
0
0
0
<<<<<<< Updated upstream
-1
=======
>>>>>>> Stashed changes
-1
-1
-1
-1
0
0
0
0
0
0
0
0
0
0
0
0
0
0
0
0
0
0
0
0
0
-1
0
0
0
0
-1
0
0
0
0
0
0
0
0
0
0
0
<<<<<<< Updated upstream
=======
-1
0
0
0
0
-1
>>>>>>> Stashed changes
0
0
0
0
0
0
0
0
0
0
0
0
0
0
0
0
0
0
0
0
0
0
0
0
0
0
0
0
0
0
0
-1
-1
0
0
-1
-1
-1
0
0
0
0
0
0
-1
0
0
0
0
-1
0
0
0
-1
0
0
0
0
0
0
0
-1
0
0
0
0
0
0
0
0
0
0
0
0
<<<<<<< Updated upstream
=======
-1
-1
>>>>>>> Stashed changes
0
0
0
-1
-1
0
-1
0
0
0
0
-1
0
0
0
-1
-1
-1
0
-1
-1
-1
0
0
0
0
<<<<<<< Updated upstream
0
=======
>>>>>>> Stashed changes
0
0
0
0
0
0
0
0
0
0
0
0
0
0
0
0
0
0
0
0
0
0
0
0
0
0
0
0
0
0
0
0
0
0
-1
0
0
0
0
0
0
0
0
0
0
-1
-1
-1
-1
-1
0
0
0
0
0
0
0
-1
-1
0
0
0
0
0
0
0
0
-1
-1
0
0
0
-1
0
0
0
0
0
0
0
0
0
0
0
0
0
0
0
0
0
0
0
0
-1
0
0
0
-1
0
0
0
<<<<<<< Updated upstream
=======
-1
>>>>>>> Stashed changes
0
0
0
0
0
0
0
0
<<<<<<< Updated upstream
=======
0
>>>>>>> Stashed changes
0
0
-1
-1
-1
0
0
0
-1
0
0
0
0
-1
-1
-1
-1
0
0
0
0
0
0
-1
-1
0
0
0
-1
0
0
0
0
0
0
-1
0
0
0
0
0
0
0
0
0
0
0
0
0
0
0
0
0
0
0
0
0
0
0
0
0
0
0
0
0
0
0
0
0
0
0
0
0
0
0
0
0
0
0
0
0
0
0
0
0
0
0
0
0
0
0
0
0
-1
-1
0
0
0
0
0
0
0
0
0
0
0
0
0
0
0
0
0
0
-1
0
0
0
0
0
0
0
0
0
0
0
0
-1
-1
-1
0
0
0
0
0
0
<<<<<<< Updated upstream
=======
0
>>>>>>> Stashed changes
0
0
0
-1
<<<<<<< Updated upstream
-1
=======
0
>>>>>>> Stashed changes
0
0
-1
0
0
-1
-1
0
0
0
0
0
0
0
0
0
0
0
0
0
0
0
0
0
0
0
0
0
0
0
0
0
0
0
-1
0
0
0
0
-1
0
0
0
0
0
0
0
0
0
0
0
0
0
0
0
0
0
-1
0
0
0
0
0
0
0
0
0
0
0
0
0
0
0
0
0
0
0
0
0
0
0
0
0
0
0
0
0
0
0
0
0
0
0
-1
-1
0
0
0
0
0
0
0
0
0
0
0
0
0
0
0
0
0
0
0
0
0
0
0
0
0
0
-1
-1
0
0
0
0
-1
0
0
0
0
0
0
0
0
0
0
0
0
0
0
0
0
0
0
0
0
0
0
0
0
0
0
0
0
0
0
0
0
0
0
<<<<<<< Updated upstream
=======
0
>>>>>>> Stashed changes
0
0
0
0
-1
0
0
0
0
0
0
0
0
0
0
0
0
0
0
0
0
0
0
0
0
0
0
0
0
0
0
0
0
0
0
0
0
0
0
0
0
0
0
0
0
0
0
0
0
0
0
0
0
0
0
0
0
0
0
0
0
0
0
0
0
0
0
0
0
0
0
0
0
0
0
0
0
-1
0
0
0
0
0
0
0
0
0
0
0
0
0
0
0
0
0
0
0
0
0
-1
-1
-1
-1
0
-1
-1
-1
0
0
-1
0
0
0
0
0
0
0
0
0
0
0
0
0
0
0
0
0
0
0
0
0
0
-1
-1
-1
0
0
-1
0
-1
0
0
0
0
0
0
0
0
0
0
0
0
0
0
0
0
0
0
0
0
0
0
<<<<<<< Updated upstream
-1
=======
>>>>>>> Stashed changes
0
0
0
0
0
0
0
0
0
0
0
0
0
0
0
0
0
0
0
-1
0
0
0
0
0
0
0
0
-1
0
0
0
0
0
0
0
0
0
0
0
-1
0
0
0
0
0
0
0
0
0
0
0
-1
0
0
-1
0
0
0
0
0
-1
-1
-1
0
0
-1
0
0
0
0
-1
0
0
0
0
-1
0
0
0
0
0
0
0
0
0
0
0
0
0
0
0
0
0
0
0
0
0
-1
0
0
0
0
0
0
0
0
-1
-1
0
0
-1
0
0
0
-1
-1
-1
0
0
-1
0
0
0
-1
0
0
0
0
0
0
0
0
0
0
0
0
0
0
0
-1
0
0
0
0
0
0
0
0
0
0
0
0
0
0
0
0
0
0
0
0
-1
0
0
0
0
0
0
0
0
0
0
0
0
0
0
0
0
0
0
0
0
0
0
-1
0
0
0
0
0
0
0
0
0
-1
0
0
0
0
0
0
0
0
0
0
0
0
0
0
0
0
0
0
0
0
0
0
0
0
0
0
0
0
0
0
0
0
0
0
0
0
0
0
0
0
0
0
0
0
0
0
0
0
0
0
0
0
0
0
0
0
0
0
0
0
0
0
0
0
0
0
0
0
0
0
0
0
0
0
0
0
0
0
0
0
0
0
0
0
0
0
0
-1
<<<<<<< Updated upstream
-1
-1
=======
0
>>>>>>> Stashed changes
0
0
-1
0
0
0
0
0
0
0
0
0
0
0
0
-1
0
0
0
0
0
0
0
-1
-1
0
0
0
-1
0
0
0
0
0
0
0
0
0
0
<<<<<<< Updated upstream
-1
-1
-1
0
0
=======
>>>>>>> Stashed changes
0
0
0
-1
0
0
0
0
0
0
0
0
-1
0
0
0
0
0
0
0
0
0
0
0
0
0
0
0
0
-1
-1
-1
<<<<<<< Updated upstream
=======
0
0
>>>>>>> Stashed changes
0
0
0
0
0
0
0
0
0
0
0
0
0
0
0
0
0
0
-1
0
0
0
0
0
0
0
0
0
0
0
0
-1
0
0
0
-1
-1
-1
0
-1
0
0
0
-1
-1
-1
0
0
0
0
0
0
0
0
0
0
0
0
0
-1
0
0
0
-1
0
-1
-1
0
0
0
-1
-1
0
0
0
0
0
0
0
0
0
0
0
0
0
0
0
0
0
-1
-1
0
0
0
0
0
0
0
0
-1
0
0
0
0
0
0
0
0
<<<<<<< Updated upstream
0
=======
-1
>>>>>>> Stashed changes
0
0
0
0
0
<<<<<<< Updated upstream
0
0
=======
>>>>>>> Stashed changes
0
0
0
0
0
0
0
0
0
0
0
0
0
0
0
0
0
0
0
0
0
0
0
-1
0
0
0
-1
0
0
0
0
0
-1
0
0
0
0
0
0
0
0
0
0
0
0
-1
0
0
0
0
0
0
0
0
-1
0
0
0
0
0
0
0
0
0
0
0
0
-1
-1
-1
0
0
0
0
0
0
0
0
0
0
0
0
0
0
0
0
0
0
0
0
0
0
0
0
0
0
0
0
-1
0
0
0
0
0
0
0
0
0
0
0
0
0
0
0
0
0
0
0
0
0
<<<<<<< Updated upstream
0
0
0
0
0
=======
>>>>>>> Stashed changes
0
0
0
-1
0
0
0
0
0
0
0
0
0
0
0
0
0
0
0
0
0
-1
0
0
0
0
0
0
0
0
0
0
0
0
0
0
0
0
0
0
0
0
0
0
0
0
0
0
0
0
0
0
0
0
0
0
0
0
0
0
0
0
0
0
0
0
0
0
0
0
0
0
0
0
0
0
0
0
0
0
0
0
0
0
0
0
0
0
0
0
0
0
0
0
0
0
0
0
0
0
0
0
0
0
0
<<<<<<< Updated upstream
-1
=======
0
0
0
>>>>>>> Stashed changes
0
0
0
0
0
0
0
0
0
0
0
0
0
-1
0
0
0
0
0
0
0
0
0
0
0
0
0
0
0
0
0
0
0
0
0
0
0
0
0
0
0
0
0
0
0
0
0
0
0
0
0
0
0
0
0
0
0
0
0
0
0
0
0
0
0
0
0
0
0
0
0
0
0
0
0
0
0
0
0
0
0
0
0
0
0
0
0
0
0
0
0
0
0
0
0
0
0
0
0
0
0
0
0
0
0
0
0
0
0
0
0
0
0
0
0
0
0
0
0
0
0
0
0
0
-1
0
0
0
0
-1
0
0
0
-1
0
0
0
0
0
0
0
0
0
0
0
0
0
0
0
0
0
0
0
0
0
0
0
0
0
0
0
0
0
0
0
0
0
0
0
0
0
0
0
0
0
0
0
0
0
0
0
0
0
0
0
0
0
0
0
0
0
0
0
0
0
0
0
0
0
0
0
0
0
0
0
0
0
0
0
0
0
0
0
0
0
0
0
0
0
0
0
0
0
0
0
0
0
0
0
0
0
0
0
0
0
0
0
0
0
0
0
0
0
0
0
0
0
0
0
0
0
0
0
0
0
0
0
0
0
0
0
0
0
0
0
0
0
0
0
0
0
0
0
0
0
0
0
0
0
0
0
0
0
0
0
0
0
0
0
0
0
0
0
0
0
0
0
0
0
0
0
0
0
0
0
0
0
0
0
0
0
0
0
0
0
0
0
0
0
0
0
0
0
0
0
0
0
0
0
0
0
0
0
0
0
0
0
0
0
0
0
0
0
0
0
0
0
0
0
0
0
0
0
0
0
0
0
0
0
0
0
0
0
0
0
0
0
0
0
0
0
0
0
0
0
0
0
0
0
0
0
0
0
0
0
0
0
-1
0
0
0
0
0
0
0
0
0
0
0
0
0
0
-1
0
0
0
0
0
0
0
0
0
0
0
0
0
0
0
0
0
0
0
0
0
0
0
0
0
0
0
0
0
0
0
0
0
0
0
0
0
0
0
0
0
0
0
0
0
0
0
0
0
0
0
0
0
0
0
0
0
0
0
0
0
0
0
0
0
0
0
0
0
0
0
0
0
0
0
0
0
0
0
0
0
0
0
0
0
0
0
0
0
0
0
0
0
0
0
0
0
0
0
0
0
0
0
0
0
0
0
0
0
0
0
0
0
0
0
0
0
0
0
0
0
0
0
0
0
0
0
0
0
0
0
0
0
0
0
0
0
0
0
0
0
0
0
0
0
0
0
0
0
0
0
0
0
0
0
0
0
0
0
0
0
0
0
0
0
0
0
0
0
0
0
0
0
0
0
0
0
0
0
0
0
0
0
0
0
0
0
0
0
0
0
0
-1
0
0
0
0
0
-1
0
0
0
0
0
0
0
0
0
0
0
0
0
0
0
0
0
0
0
-1
0
0
0
0
0
-1
0
0
0
0
0
0
0
0
0
0
0
0
0
0
0
0
0
0
0
0
0
0
0
0
0
0
0
0
0
0
0
0
0
0
0
0
0
0
0
0
0
0
0
0
0
0
0
0
0
0
0
0
0
0
0
0
0
0
0
0
0
0
0
0
0
0
0
0
0
0
0
0
0
0
0
0
0
0
0
0
0
0
0
0
0
0
0
0
0
0
0
0
0
0
0
0
0
0
0
0
0
0
0
0
0
0
0
0
0
0
0
0
0
0
0
0
0
0
0
0
0
0
0
0
0
0
0
0
0
0
0
0
0
0
0
0
0
0
0
0
0
0
0
0
0
0
0
0
0
0
0
-1
0
0
0
0
0
0
0
0
0
0
0
0
0
0
0
0
0
0
0
0
0
0
0
0
0
0
0
0
0
0
0
0
0
0
0
0
0
0
0
0
0
0
0
0
0
0
0
0
0
0
0
0
0
0
0
0
0
0
0
0
0
0
0
0
0
0
0
0
0
0
0
0
0
0
0
0
0
0
0
0
0
0
0
0
0
0
0
0
0
0
0
-1
0
0
0
0
0
0
0
0
0
0
0
0
0
0
0
0
0
0
0
0
0
0
0
0
0
0
0
0
0
0
0
0
0
0
0
0
0
0
0
0
0
0
0
0
0
0
0
0
0
0
0
0
0
0
0
0
0
0
0
0
0
0
0
0
0
0
0
0
0
0
0
0
0
0
0
0
0
0
0
0
0
0
0
0
0
0
0
0
0
0
0
0
0
0
0
0
0
0
0
0
0
0
0
0
0
0
0
0
0
0
0
0
0
0
0
0
0
0
0
0
0
0
0
0
0
0
0
0
0
0
0
0
0
0
0
0
0
0
0
0
0
0
0
0
0
0
0
0
0
0
0
0
0
0
0
0
0
0
0
0
0
0
0
0
0
0
0
0
0
0
0
0
0
0
0
0
0
0
0
0
0
0
0
0
0
0
0
0
0
0
0
0
0
0
0
0
0
0
0
0
0
0
0
0
0
0
0
0
0
0
0
0
0
0
0
0
0
0
0
0
0
0
0
0
0
0
0
0
0
0
0
0
0
0
0
0
0
0
0
0
0
0
0
0
0
0
0
0
0
0
0
0
0
0
0
0
0
0
0
0
0
0
0
0
0
0
0
0
0
0
0
0
0
0
0
0
0
0
0
0
0
0
0
0
0
0
0
0
0
0
0
0
0
0
0
0
0
0
0
0
0
0
0
0
0
0
0
0
0
0
0
0
0
0
0
0
0
0
0
0
0
0
0
0
0
0
0
0
0
0
0
0
0
0
0
0
0
0
0
0
0
0
0
0
0
0
0
0
0
0
0
0
0
0
0
0
0
0
0
0
0
0
0
0
0
0
0
0
0
0
0
0
0
0
0
0
0
0
0
0
0
0
0
0
0
0
0
0
0
0
0
0
0
0
0
0
0
0
0
0
0
0
0
0
0
0
0
0
0
0
0
0
0
0
0
0
0
0
0
0
0
0
0
0
0
0
0
0
0
0
0
0
0
0
0
0
0
0
0
0
0
0
0
0
0
0
0
0
0
0
0
0
0
0
0
0
0
0
0
0
0
0
0
0
0
0
0
0
0
0
0
0
0
0
0
0
0
0
0
0
0
0
0
0
0
0
0
0
0
0
0
0
0
0
0
0
0
0
0
0
0
0
0
0
0
0
0
0
0
0
0
0
0
0
0
0
0
0
0
0
0
0
0
0
0
0
0
0
0
0
0
0
0
0
0
0
0
0
0
0
0
0
0
0
0
0
0
0
0
0
0
0
0
0
0
0
0
0
0
0
0
0
0
0
0
0
0
0
0
0
0
0
0
0
0
0
0
0
0
0
0
0
0
0
0
0
0
0
0
0
0
0
0
0
0
0
0
0
0
0
0
0
0
0
0
0
0
0
0
0
0
0
0
0
0
0
0
0
0
0
0
0
0
0
0
0
0
0
0
0
0
0
0
0
0
0
0
0
0
0
0
0
0
0
0
0
0
0
0
0
0
0
0
0
0
0
0
0
0
0
0
0
0
0
0
0
0
0
0
0
0
0
0
0
0
0
0
0
0
0
0
0
0
0
0
0
0
0
0
0
0
0
0
0
0
0
0
0
0
0
0
0
0
0
0
0
0
0
0
0
0
0
0
0
0
0
0
0
0
0
0
0
0
0
0
0
0
0
0
0
0
0
0
0
0
0
0
0
0
0
0
0
0
0
0
0
0
0
0
0
0
0
0
0
0
0
0
0
0
0
0
0
0
0
0
0
0
0
0
0
0
0
0
0
0
0
0
0
0
0
0
0
0
0
0
0
0
0
0
0
0
0
0
0
0
0
0
0
0
0
0
0
0
0
0
0
0
0
0
0
0
0
0
0
0
0
0
0
0
0
0
0
0
0
0
0
0
0
0
0
0
0
0
0
0
0
0
0
0
0
0
0
0
0
0
0
0
0
0
0
0
0
0
0
0
0
0
0
0
0
0
0
0
0
0
0
0
0
0
0
0
0
0
0
0
0
0
0
0
0
0
0
0
0
0
0
0
0
0
0
0
0
0
0
0
0
0
0
0
0
0
0
0
0
0
0
0
0
0
0
0
0
0
0
0
0
0
0
0
0
0
0
0
0
0
0
0
0
0
0
0
0
0
0
0
0
0
0
0
0
0
0
0
0
0
0
0
0
0
0
0
0
0
0
0
0
0
0
0
0
0
0
0
0
0
0
0
0
0
0
0
0
0
0
0
0
0
0
0
0
0
0
0
0
0
0
0
0
0
0
0
0
0
0
0
0
0
0
0
0
0
0
0
0
0
0
0
0
0
0
0
0
0
0
0
0
0
0
0
0
0
0
0
0
0
0
0
0
0
0
0
0
0
0
0
0
0
0
0
0
0
0
0
0
0
0
0
0
0
0
0
0
0
0
0
0
0
0
0
0
0
0
0
0
0
0
0
0
0
0
0
0
0
0
0
0
0
0
0
0
0
0
0
0
0
0
0
0
0
0
0
0
0
0
0
0
0
0
0
0
0
0
0
0
0
0
0
0
0
0
0
0
0
0
0
0
0
0
0
0
0
0
0
0
0
0
0
0
0
0
0
0
0
0
0
0
0
0
0
0
0
0
0
0
0
0
0
0
0
0
0
0
0
0
0
0
0
0
0
0
0
0
0
0
0
0
0
0
0
0
0
0
0
0
0
0
0
0
0
0
0
0
0
0
0
0
0
0
0
0
0
0
0
0
0
0
0
0
0
0
0
0
0
0
0
0
0
0
0
0
0
0
0
0
0
0
0
0
0
0
0
0
0
0
0
0
0
0
0
0
0
0
0
0
0
0
0
0
0
0
0
0
0
0
0
0
0
0
0
0
0
0
0
0
0
0
0
0
0
0
0
0
0
0
0
0
0
0
0
0
0
0
0
0
0
0
0
0
0
0
0
0
0
0
0
0
0
0
0
0
0
0
0
0
0
0
0
0
0
0
0
0
0
0
0
0
0
0
0
0
0
0
0
0
0
0
0
0
0
0
0
0
0
0
0
0
0
0
0
0
0
0
0
0
0
0
0
0
0
0
0
0
0
0
0
0
0
0
0
0
0
0
0
0
0
0
0
0
0
0
0
0
0
0
0
0
0
0
0
0
0
0
0
0
0
0
0
0
0
0
0
0
0
0
0
0
0
0
0
0
0
0
0
0
0
0
0
0
0
0
0
0
0
0
0
0
0
0
0
0
0
0
0
0
0
0
0
0
0
0
0
0
0
0
0
0
0
0
0
0
0
0
0
0
0
0
0
0
0
0
0
0
0
0
0
0
0
0
0
0
0
0
0
0
0
0
0
0
0
0
0
0
0
0
0
0
0
0
0
0
0
0
0
0
0
0
0
0
0
0
0
0
0
0
0
0
0
0
0
0
0
0
0
0
0
0
0
0
0
0
0
0
0
0
0
0
0
0
0
0
0
0
0
0
0
0
0
0
0
0
0
0
0
0
0
0
0
