0
0
0
0
0
0
0
0
0
0
0
0
0
0
0
0
0
0
0
0
0
0
0
0
0
0
0
0
0
0
0
0
0
0
0
0
0
0
0
0
0
0
0
0
0
0
0
0
0
0
0
0
0
0
0
0
0
0
0
0
0
0
0
0
0
0
0
0
0
0
0
0
0
0
0
0
0
0
0
0
0
0
0
0
0
0
0
0
0
0
0
0
0
0
0
0
0
0
0
0
0
0
0
0
0
0
0
0
0
0
0
0
0
0
0
0
0
0
0
0
0
0
0
0
0
0
0
0
0
0
0
0
0
0
0
0
0
0
0
0
0
0
0
0
0
0
0
0
0
0
0
0
0
0
0
0
0
0
0
0
0
0
0
0
0
0
0
0
0
0
0
0
0
0
0
0
0
0
0
0
0
0
0
0
0
0
0
0
0
0
0
0
0
0
0
0
0
0
0
0
0
0
0
0
0
0
0
0
0
0
0
0
0
0
0
0
0
0
0
0
0
0
0
0
0
0
0
0
0
0
0
0
0
0
0
0
0
0
0
0
0
0
0
0
0
0
0
0
0
0
0
0
0
0
0
0
0
0
0
0
0
0
0
0
0
0
0
0
0
0
0
0
0
0
0
0
0
0
0
0
0
0
0
0
0
0
0
0
0
0
0
0
0
0
0
0
0
0
0
0
0
0
0
0
0
0
0
0
0
0
0
0
0
0
0
0
0
0
0
0
0
0
0
0
0
0
0
0
0
0
0
0
0
0
0
0
0
0
0
0
0
0
0
0
0
0
0
0
0
0
0
0
0
0
0
0
0
0
0
0
0
0
0
0
0
0
0
0
0
0
0
0
0
0
0
0
0
0
0
0
0
0
0
0
0
0
0
0
0
0
0
0
0
0
0
0
0
0
0
0
0
0
0
0
0
0
0
0
0
0
0
0
0
0
0
0
0
0
0
0
0
0
0
0
0
0
0
0
0
0
0
0
0
0
0
0
0
0
0
0
0
0
0
0
0
0
0
0
0
0
0
0
0
0
0
0
0
0
0
0
0
0
0
0
0
0
0
0
0
0
0
0
0
0
0
0
0
0
0
0
0
0
0
0
0
0
0
0
0
0
0
0
0
0
0
0
0
0
0
0
0
0
0
0
0
0
0
0
0
0
0
0
0
0
0
0
0
0
0
0
0
0
0
0
0
0
0
0
0
0
0
0
0
0
0
0
0
0
0
0
0
0
0
0
0
0
0
0
0
0
0
0
0
0
0
0
0
0
0
0
0
0
0
0
0
0
0
0
0
0
0
0
0
0
0
0
0
0
0
0
0
0
0
0
0
0
0
0
0
0
0
0
0
0
0
0
0
0
0
0
0
0
0
0
0
0
0
0
0
0
0
0
0
0
0
0
0
0
0
0
0
0
0
0
0
0
0
0
0
0
0
0
0
0
0
0
0
0
0
0
0
0
0
0
0
0
0
0
0
0
0
0
0
0
0
0
0
0
0
0
0
0
0
0
0
0
0
0
0
0
0
0
0
0
0
0
0
0
0
0
0
0
0
0
0
0
0
0
0
0
0
0
0
0
0
0
0
0
0
0
0
0
0
0
0
0
0
0
0
0
0
0
0
0
0
0
0
0
0
0
0
0
0
0
0
0
0
0
0
0
0
0
0
0
0
0
0
0
0
0
0
0
0
0
0
0
0
0
0
0
0
0
0
0
0
0
0
0
0
0
0
0
0
0
0
0
0
0
0
0
0
0
0
0
0
0
0
0
0
0
0
0
0
0
0
0
0
0
0
0
0
0
0
0
0
0
0
0
0
0
0
0
0
0
0
0
0
0
0
0
0
0
0
0
0
0
0
0
0
0
0
0
0
0
0
0
0
0
0
0
0
0
0
0
0
0
0
0
0
0
0
0
0
0
0
0
0
0
0
0
0
0
0
0
0
0
0
0
0
0
0
0
0
0
0
0
0
0
0
0
0
0
0
0
0
0
0
0
0
0
0
0
0
0
0
0
0
0
0
0
0
0
0
0
0
0
0
0
0
0
0
0
0
0
0
0
0
0
0
0
0
0
0
0
0
0
0
0
0
0
0
0
0
0
0
0
0
0
0
0
0
0
0
0
0
0
0
0
0
0
0
0
0
0
0
0
0
0
0
0
0
0
0
0
0
0
0
0
0
0
0
0
0
0
0
0
0
0
0
0
0
0
0
0
0
0
0
0
0
0
0
0
0
0
0
0
0
0
0
0
0
0
0
0
0
0
0
0
0
0
0
0
0
0
0
0
0
0
0
0
0
0
0
0
0
0
0
0
0
0
0
0
0
0
0
0
0
0
0
0
0
0
0
0
0
0
0
0
0
0
0
0
0
0
0
0
0
0
0
0
0
0
0
0
0
0
0
0
0
0
0
0
0
0
0
0
0
0
0
0
0
0
0
0
0
0
0
0
0
0
0
0
0
0
0
0
0
0
0
0
0
0
0
0
0
0
0
0
0
0
0
0
0
0
0
0
0
0
0
0
0
0
0
0
0
0
0
0
0
0
0
0
0
0
0
0
0
0
0
0
0
0
0
0
0
0
0
0
0
0
0
0
0
0
0
0
0
0
0
0
0
0
0
0
0
0
0
0
0
0
0
0
0
0
0
0
0
0
0
0
0
0
0
0
0
0
0
0
0
0
0
0
0
0
0
0
0
0
0
0
0
0
0
0
0
0
0
0
0
0
0
0
0
0
0
0
0
0
0
0
0
0
0
0
0
0
0
0
0
0
0
0
0
0
0
0
0
0
0
0
0
0
0
0
0
0
0
0
0
0
0
0
0
0
0
0
0
0
0
0
0
0
0
0
0
0
0
0
0
0
0
0
0
0
0
0
0
0
0
0
0
0
0
0
0
0
0
0
0
0
0
0
0
0
0
0
0
0
0
0
0
0
0
0
0
0
0
0
0
0
0
0
0
0
0
0
0
0
0
0
0
0
0
0
0
0
0
0
0
0
0
0
0
0
0
0
0
0
0
0
0
0
0
0
0
0
0
0
0
0
0
0
0
0
0
0
0
0
0
0
0
0
0
0
0
0
0
0
0
0
0
0
0
0
0
0
0
0
0
0
0
0
0
0
0
0
0
0
0
0
0
0
0
0
0
0
0
0
0
0
0
0
0
0
0
0
0
0
0
0
0
0
0
0
0
0
0
0
0
0
0
0
0
0
0
0
0
0
0
0
0
0
0
0
0
0
0
0
0
0
0
0
0
0
0
0
0
0
0
0
0
0
0
0
0
0
0
0
0
0
0
0
0
0
0
0
0
0
0
0
0
0
0
0
0
0
0
0
0
0
0
0
0
0
0
0
0
0
0
0
0
0
0
0
0
0
0
0
0
0
0
0
0
0
0
0
0
0
0
0
0
0
0
0
0
0
0
0
0
0
0
0
0
0
0
0
0
0
0
0
0
0
0
0
0
0
0
0
0
0
0
0
0
0
0
0
0
0
0
0
0
0
0
0
0
0
0
0
0
0
0
0
0
0
0
0
0
0
0
0
0
0
0
0
0
0
0
0
0
0
0
0
0
0
0
0
0
0
0
0
0
0
0
0
0
0
0
0
0
0
0
0
0
0
0
0
0
0
0
0
0
0
0
0
0
0
0
0
0
0
0
0
0
0
0
0
0
0
0
0
0
0
0
0
0
0
0
0
0
0
0
0
0
0
0
0
0
0
0
0
0
0
0
0
0
0
0
0
0
0
0
0
0
0
0
0
0
0
0
0
0
0
0
0
0
0
0
0
0
0
0
0
0
0
0
0
0
0
0
0
0
0
0
0
0
0
0
0
0
0
0
0
0
0
0
0
0
0
0
0
0
0
0
0
0
0
0
0
0
0
0
0
0
0
0
0
0
0
0
0
0
0
0
0
0
0
0
0
0
0
0
0
0
0
0
0
0
0
0
0
0
0
0
0
0
0
0
0
0
0
0
0
0
0
0
0
0
0
0
0
0
0
0
0
0
0
0
0
0
0
0
0
0
0
0
0
0
0
0
0
0
0
0
0
0
0
0
0
0
0
0
0
0
0
0
0
0
0
0
0
0
0
0
0
0
0
0
0
0
0
0
0
0
0
0
0
0
0
0
0
0
0
0
0
0
0
0
0
0
0
0
0
0
0
0
0
0
0
0
0
0
0
0
0
0
0
0
0
0
0
0
0
0
0
0
0
0
0
0
0
0
0
0
0
0
0
0
0
0
0
0
0
0
0
0
0
0
0
0
0
0
0
0
0
0
0
0
0
0
0
0
0
0
0
0
0
0
0
0
0
0
0
0
0
0
0
0
0
0
0
0
0
0
0
0
0
0
0
0
0
0
0
0
0
0
0
0
0
0
0
0
0
0
0
0
0
0
0
0
0
0
0
0
0
0
0
0
0
0
0
0
0
0
0
0
0
0
0
0
0
0
0
0
0
0
0
0
0
0
0
0
0
0
0
0
0
0
0
0
0
0
0
0
0
0
0
0
0
0
0
0
0
0
0
0
0
0
0
0
0
0
0
0
0
0
0
0
0
0
0
0
0
0
0
0
0
0
0
0
0
0
0
0
0
0
0
0
0
0
0
0
0
0
0
0
0
0
0
0
0
0
0
0
0
0
0
0
0
0
0
0
0
0
0
0
0
0
0
0
0
0
0
0
0
0
0
0
0
0
0
0
0
0
0
0
0
0
0
0
0
0
0
0
0
0
0
0
0
0
0
0
0
0
0
0
0
0
0
0
0
0
0
0
0
0
0
0
0
0
0
0
0
0
0
0
0
0
0
0
0
0
0
0
0
0
0
0
0
0
0
0
0
0
0
0
0
0
0
0
0
0
0
0
0
0
0
0
0
0
0
0
0
0
0
0
0
0
0
0
0
0
0
0
0
0
0
0
0
0
0
0
0
0
0
0
0
0
0
0
0
0
0
0
0
0
0
0
0
0
0
0
0
0
0
0
0
0
0
0
0
0
0
0
0
0
0
0
0
0
0
0
0
0
0
0
0
0
0
0
0
0
0
0
0
0
0
0
0
0
0
0
0
0
0
0
0
0
0
0
0
0
0
0
0
0
0
0
0
0
0
0
0
0
0
0
0
0
0
0
0
0
0
0
0
0
0
0
0
0
0
0
0
0
0
0
0
0
0
0
0
0
0
0
0
0
0
0
0
0
0
0
0
0
0
0
0
0
0
0
0
0
0
0
0
0
0
0
0
0
0
0
0
0
0
0
0
0
0
0
0
0
0
0
0
0
0
0
0
0
0
0
0
0
0
0
0
0
0
0
0
0
0
0
0
0
0
0
0
0
0
0
0
0
0
0
0
0
0
0
0
0
0
0
0
0
0
0
0
0
0
0
0
0
0
0
0
0
0
0
0
0
0
0
0
0
0
0
0
0
0
0
0
0
0
0
0
0
0
0
0
0
0
0
0
0
0
0
0
0
0
0
0
0
0
0
0
0
0
0
0
0
0
0
0
0
0
0
0
0
0
0
0
0
0
0
0
0
0
0
0
0
0
0
0
0
0
0
0
0
0
0
0
0
0
0
0
0
0
0
0
0
0
0
0
0
0
0
0
0
0
0
0
0
0
0
0
0
0
0
0
0
0
0
0
0
0
0
0
0
0
0
0
0
0
0
0
0
0
0
0
0
0
0
0
0
0
0
0
0
0
0
0
0
0
0
0
0
0
0
0
0
0
0
0
0
0
0
0
0
0
0
0
0
0
0
0
0
0
0
0
0
0
0
0
0
0
0
0
0
0
0
0
0
0
0
0
0
0
0
0
0
0
0
0
0
0
0
0
0
0
0
0
0
0
0
0
0
0
0
0
0
0
0
0
0
0
0
0
0
0
0
0
0
0
0
0
0
0
0
0
0
0
0
0
0
0
0
0
0
0
0
0
0
0
0
0
0
0
0
0
0
0
0
0
0
0
0
0
0
0
0
0
0
0
0
0
0
0
0
0
0
0
0
0
0
0
0
0
0
0
0
0
0
0
0
0
0
0
0
0
0
0
0
0
0
0
0
0
0
0
0
0
0
0
0
1
0
0
0
0
0
0
0
0
0
0
0
0
0
0
0
0
0
0
0
0
0
0
0
0
0
0
0
0
0
0
0
0
0
0
0
0
0
0
0
0
0
-1
-1
0
0
0
0
0
0
0
0
0
0
0
0
0
0
0
0
0
0
0
0
0
0
-1
0
0
0
0
0
0
0
0
0
0
0
0
0
0
0
0
0
0
0
0
0
-1
-1
-1
0
0
0
0
0
0
0
0
0
0
0
0
0
0
1
1
0
0
0
0
0
-1
0
0
0
0
0
0
0
0
0
0
-1
-1
0
0
0
0
0
1
1
0
0
0
0
0
0
0
0
0
0
0
0
0
-1
-1
0
0
0
0
0
1
0
0
0
1
1
0
0
0
1
0
0
0
0
0
1
1
1
0
0
0
0
1
0
0
0
0
1
1
0
0
0
0
0
1
0
0
-1
-1
0
1
0
0
0
1
1
1
0
0
0
0
-1
0
0
0
0
-1
-1
0
1
1
1
0
1
1
1
1
0
-1
-1
0
0
0
-1
-1
0
1
1
0
0
-1
-2
-1
0
1
1
1
0
0
-1
-1
0
1
0
-1
-1
0
1
1
0
0
-1
-1
0
1
1
-1
-1
0
0
0
-1
-1
0
0
0
-1
0
1
1
1
0
0
1
0
0
0
0
0
-1
-1
0
0
0
0
1
1
1
0
-1
0
1
0
-1
-2
-1
0
1
1
0
0
-1
-1
0
1
1
0
0
0
0
-1
-2
-1
-1
-1
0
1
2
2
1
0
1
1
0
0
0
0
0
0
0
0
0
0
1
1
0
-1
-1
0
1
1
1
0
-1
-2
-1
1
1
0
-1
-1
0
0
0
0
0
-1
-1
-1
0
1
2
1
0
0
0
1
1
1
1
2
1
0
0
0
0
0
-1
0
0
1
0
0
0
0
0
0
0
0
-1
-1
-1
0
0
0
0
1
1
1
0
-1
-1
0
0
0
0
0
-1
-2
-1
1
0
-2
-3
-2
-1
0
-1
-2
-2
-2
-2
-2
-1
0
0
-1
0
0
-1
-2
-2
-1
-1
-1
-1
-1
-1
-2
-2
-1
0
0
-1
-2
-1
-1
-2
-3
-2
-1
-1
-1
-2
-1
-1
-1
-2
-2
-2
-1
0
0
-2
-2
-2
-2
-1
-1
0
-1
-2
-2
-1
0
0
-1
-2
-3
-2
-1
0
0
0
-1
-2
-2
-1
0
-1
-1
-1
-1
-1
-1
-1
-2
-2
-2
-1
-1
-2
-2
0
1
2
1
1
1
-1
-2
-3
-2
-2
-2
-1
0
0
0
-1
-2
-2
-2
-1
1
1
-1
-2
-2
-1
0
-1
-2
-2
-1
0
0
0
0
0
0
-1
-2
-2
-2
-2
-2
-1
-1
-1
-1
0
1
1
0
-1
0
1
1
-1
-2
0
0
-1
-2
-2
-1
1
0
-2
-3
-3
-2
-1
0
-1
-3
-3
-2
0
0
-1
-2
-2
-2
-1
1
1
1
-2
-3
-4
-2
-1
1
2
0
-2
-2
-1
0
-1
-3
-3
-2
-1
0
0
-1
-1
0
1
2
1
0
0
1
2
2
0
-1
-1
-1
0
0
0
1
1
0
0
1
2
1
0
-1
0
1
2
2
1
0
-1
0
1
1
1
0
0
0
1
0
-1
-1
0
1
2
2
2
2
1
1
1
1
1
1
1
2
1
0
0
2
2
2
1
2
4
2
1
0
1
1
-1
-2
-1
0
0
0
0
0
-1
-1
-1
0
0
-1
0
0
1
0
-1
-1
0
1
1
1
2
2
2
2
2
2
1
0
-1
-2
-2
-1
0
1
1
0
0
1
2
1
1
1
2
2
2
3
4
4
3
2
2
2
1
0
0
-1
-2
-2
0
2
3
3
3
2
3
4
4
3
3
3
3
2
1
0
1
1
2
3
3
1
-1
-1
0
2
2
1
2
2
2
0
0
1
2
2
1
-1
-2
-2
-1
-1
1
2
2
1
3
5
5
4
3
5
6
6
5
3
2
2
2
3
4
3
3
4
3
3
3
4
4
3
2
2
3
3
3
2
1
0
1
2
4
4
3
3
2
1
0
1
2
2
2
1
1
2
4
5
4
3
3
4
5
5
5
5
5
5
5
5
5
5
5
6
7
7
7
5
4
2
3
5
6
5
5
4
3
1
0
1
2
1
0
1
3
4
5
5
5
5
3
1
0
2
2
2
-1
-2
-2
-1
0
0
1
0
-1
0
2
4
4
3
3
3
3
2
2
4
6
6
5
4
2
1
1
4
6
6
4
2
2
2
4
7
8
5
2
1
2
4
4
4
4
5
5
4
4
4
4
4
3
2
1
2
2
3
4
4
4
5
5
5
1
-4
-5
-3
-2
-3
-4
-2
0
0
-2
-3
-2
-2
-2
-3
-4
-3
-2
-2
-3
-3
-3
-2
-2
-2
-1
-1
-2
-5
-6
-5
-5
-5
-5
-4
-3
-2
-1
-1
-1
-1
0
1
-1
-3
-4
-3
-3
-3
-1
1
2
2
1
-1
-2
-1
1
0
-2
-2
0
2
1
0
-1
0
1
0
0
-1
-2
-1
0
-2
-5
-8
-9
-7
-5
-3
-2
-3
-5
-8
-11
-12
-10
-7
-5
-6
-9
-11
-11
-11
-11
-9
-7
-7
-8
-8
-6
-7
-8
-8
-9
-10
-12
-11
-11
-10
-9
-7
-7
-8
-9
-10
-12
-13
-11
-6
-5
-9
-13
-13
-10
-9
-9
-9
-7
-5
-4
-4
-5
-7
-7
-5
-3
-3
-5
-7
-8
-7
-5
-5
-5
-3
-2
-2
-6
-9
-9
-6
-5
-4
-5
-6
-7
-7
-6
-7
-9
-9
-7
-7
-6
-4
-3
-5
-8
-8
-7
-6
-7
-9
-9
-10
-11
-9
-8
-10
-13
-11
-5
-1
-3
-7
-10
-11
-11
-10
-9
-9
-10
-7
-3
-2
-5
-9
-12
-13
-13
-11
-8
-5
-1
2
-2
-9
-14
-13
-9
-7
-7
-7
-5
-4
-3
-2
-1
-2
-3
-3
-3
-4
-4
-4
-3
-4
-6
-8
-10
-9
-6
-2
-1
-1
-2
-3
-7
-12
-12
-7
-3
-4
-6
-5
-4
-2
-2
-3
-7
-10
-6
-1
0
-4
-7
-4
0
-1
-6
-9
-7
-3
-1
0
-4
-9
-10
-6
-2
-3
-6
-6
-5
-7
-10
-10
-8
-7
-11
-13
-10
-2
4
7
5
-1
-9
-14
-14
-11
-9
-8
-5
-4
-4
-5
-4
-3
-2
-2
-1
1
-1
-4
-4
-1
0
-3
-6
-8
-9
-12
-10
-3
4
3
-2
-7
-7
-6
-5
-5
-5
-5
-6
-3
4
9
8
0
-9
-14
-12
-7
-2
1
1
-1
-2
-2
-3
-6
-8
-6
-2
-1
-2
-4
-6
-9
-9
-5
0
0
-3
-4
2
7
5
-4
-12
-13
-7
0
3
0
-11
-22
-26
-17
-2
10
14
13
11
7
0
-6
-5
2
7
7
3
-3
-10
-14
-12
-5
0
1
3
8
12
9
4
2
1
-3
-7
-6
1
8
10
7
1
-4
-5
-3
-1
1
3
4
3
3
4
5
6
5
4
-1
-8
-11
-5
0
-2
-7
-4
5
10
9
5
2
-1
-2
-3
-5
-10
-13
-8
3
9
9
8
9
5
-4
-11
-11
-4
4
11
13
9
3
1
0
-2
-4
-1
4
9
9
7
3
-1
-4
-4
-2
0
1
2
2
2
6
15
19
15
11
9
6
1
0
8
16
12
-1
-6
0
5
3
0
3
9
11
10
8
3
0
4
12
14
6
-2
0
7
7
1
-1
4
8
3
-3
-1
9
15
11
3
-1
2
6
8
9
10
11
10
11
14
17
15
5
-5
-10
-8
-2
5
9
12
14
17
20
16
9
5
7
9
6
3
4
6
5
5
8
13
14
9
5
5
7
10
14
15
12
7
4
3
4
7
12
15
13
10
12
15
14
10
5
2
2
9
17
18
9
1
4
11
12
9
8
10
13
13
11
8
2
-2
-2
0
4
12
23
24
12
0
1
8
10
5
7
15
20
17
13
16
19
17
13
10
8
6
5
6
4
-1
-3
3
13
17
13
7
9
19
25
22
15
12
10
7
2
1
6
13
17
18
13
4
-2
2
16
29
29
16
3
3
11
18
16
11
10
11
6
2
8
20
24
13
-1
-2
7
17
21
19
12
-2
-15
-15
0
21
34
29
9
-10
-12
5
24
32
24
8
-8
-13
-4
12
25
29
27
21
14
5
-4
-8
-3
10
24
30
22
5
-6
-6
3
13
17
11
2
1
7
12
13
16
17
6
-15
-24
-4
26
35
19
3
7
20
22
10
-2
-5
3
13
15
8
2
6
16
17
6
-9
-15
-8
7
19
20
10
4
10
19
16
4
2
16
30
18
-13
-34
-22
14
39
32
5
-13
-4
18
25
13
0
-4
-2
-1
9
25
31
18
-4
-16
-15
-9
5
26
33
11
-17
-16
9
16
-6
-26
-11
23
40
28
1
-20
-21
-1
24
26
-1
-24
-13
17
26
0
-31
-34
-9
19
25
10
-6
-6
10
26
27
11
-8
-16
-8
11
24
20
0
-26
-40
-33
-12
2
-2
-10
4
38
58
45
14
-9
-20
-26
-25
-16
-5
-1
1
3
2
-6
-11
-3
16
30
33
26
6
-24
-45
-45
-28
-6
19
37
31
2
-20
-16
1
6
-6
-22
-30
-26
-11
7
11
-6
-20
-10
10
13
1
-4
2
2
-7
-16
-14
-10
-13
-21
-19
-4
12
18
19
19
11
-9
-27
-23
-3
10
7
-6
-23
-41
-44
-17
24
35
3
-28
-20
9
20
15
10
3
-20
-43
-38
-6
27
38
18
-19
-52
-56
-34
-8
3
10
26
30
-1
-45
-57
-23
30
61
50
4
-43
-62
-51
-27
-2
14
8
-24
-49
-35
10
38
24
-13
-39
-39
-16
16
25
-5
-39
-26
24
42
1
-42
-38
-5
6
-13
-32
-34
-23
-9
6
17
15
0
-19
-39
-55
-50
-23
4
5
-21
-50
-51
-14
32
39
-7
-53
-45
6
35
12
-29
-36
-15
-6
-26
-39
-16
23
34
5
-32
-39
-17
7
14
9
0
-11
-18
-17
-15
-21
-27
-17
-8
-22
-46
-36
16
58
47
1
-28
-31
-29
-31
-24
-10
-9
-17
-11
2
-8
-41
-48
-2
44
30
-31
-67
-45
-6
9
2
-7
-21
-47
-65
-46
6
49
48
6
-49
-80
-69
-25
20
31
2
-39
-50
-22
12
12
-10
-9
20
35
6
-39
-56
-36
-6
16
29
24
-13
-64
-81
-42
20
48
18
-41
-76
-57
-9
21
20
8
-5
-27
-52
-49
-12
21
15
-20
-49
-55
-47
-26
6
31
28
1
-16
-6
17
30
28
14
-5
-31
-56
-66
-48
-10
21
28
14
-10
-33
-45
-38
-11
22
45
40
0
-54
-77
-41
25
59
33
-20
-51
-50
-33
-7
27
48
23
-46
-107
-103
-29
59
98
69
1
-61
-82
-54
-2
29
22
7
5
-5
-40
-58
-15
48
50
-13
-58
-31
26
42
14
-13
-18
-16
-22
-40
-60
-53
-5
44
36
-14
-35
-5
27
20
-9
-26
-26
-14
1
7
-15
-50
-55
-14
33
44
19
-23
-67
-79
-26
61
98
52
-23
-57
-36
10
46
45
0
-53
-65
-27
12
14
5
17
36
22
-12
-18
15
48
41
2
-36
-45
-21
17
29
-6
-46
-22
64
115
51
-68
-109
-33
55
57
-5
-48
-40
-7
10
-2
-26
-20
23
45
-1
-67
-50
54
117
48
-72
-102
-32
35
46
37
26
-10
-59
-64
-10
45
40
-2
-16
14
25
-24
-82
-63
32
110
90
2
-63
-52
0
29
10
-34
-61
-41
10
34
11
-3
36
81
59
-13
-47
-10
44
54
20
-19
-33
-19
11
35
33
13
5
12
4
-26
-32
17
78
71
-12
-85
-67
20
78
52
-5
-24
-15
-19
-29
-14
11
4
-23
-18
32
74
58
-9
-70
-80
-36
20
42
23
13
46
86
68
1
-49
-42
0
38
46
13
-31
-29
27
67
34
-30
-43
-7
3
-33
-47
12
84
83
7
-70
-88
-39
45
107
93
13
-52
-33
38
66
25
-6
28
60
-2
-105
-104
22
123
88
-8
-42
-11
11
10
28
51
23
-52
-100
-88
-45
18
109
167
97
-67
-156
-69
84
130
43
-53
-60
-16
0
-12
7
62
84
34
-40
-61
-14
49
73
43
-20
-79
-88
-36
29
55
49
52
53
5
-75
-90
4
129
168
87
-51
-140
-110
19
134
125
-2
-108
-82
32
94
43
-49
-82
-35
34
63
41
0
-21
-7
33
75
82
33
-49
-102
-74
16
87
73
-16
-97
-92
6
115
136
53
-39
-39
36
70
14
-43
-5
67
38
-74
-105
7
116
74
-61
-114
-36
63
87
49
2
-30
-32
-1
24
2
-30
-10
42
62
43
16
-15
-48
-39
33
93
54
-38
-55
13
47
1
-29
11
37
-11
-56
-20
39
34
-18
-40
-19
-5
-17
-19
-3
-2
-13
11
67
71
-17
-105
-66
73
150
69
-72
-105
-5
97
86
-15
-97
-91
-9
79
96
30
-40
-40
3
12
-21
-42
-20
23
54
52
19
-14
-11
23
48
42
27
18
-8
-40
-20
61
97
17
-80
-68
9
28
-11
-17
26
56
44
9
-22
-27
16
79
71
-47
-169
-156
-19
99
118
79
29
-20
-36
-6
13
-19
-33
31
89
20
-129
-166
-15
166
172
8
-128
-91
51
124
54
-65
-105
-52
-1
-20
-60
-35
46
90
36
-62
-98
-33
55
58
-13
-49
-1
52
36
-18
-44
-38
-22
8
45
51
13
-15
21
86
75
-49
-175
-149
45
239
239
36
-172
-197
-66
45
48
2
-28
-45
-49
-27
-7
-10
8
70
104
50
-39
-68
-29
26
74
115
99
-16
-143
-142
-22
62
43
14
34
36
-26
-88
-67
26
103
81
-33
-118
-72
54
119
64
-42
-108
-91
-6
72
52
-61
-116
10
192
172
-52
-196
-100
48
57
8
30
45
-46
-143
-98
35
90
34
-16
1
27
11
-14
-16
-17
-26
-20
-11
-31
-64
-48
28
93
80
-6
-77
-52
34
69
20
-41
-59
-57
-33
49
133
100
-48
-149
-96
29
88
63
10
-49
-95
-64
39
76
-21
-95
-2
117
46
-138
-161
29
183
102
-108
-193
-69
114
170
69
-68
-107
-33
42
10
-85
-89
54
186
116
-109
-221
-61
190
219
-14
-210
-135
73
127
-15
-141
-116
-23
15
0
-1
26
46
40
15
-21
-54
-44
36
120
88
-58
-149
-68
75
99
11
-40
-5
20
-15
-39
-18
-18
-42
20
141
120
-76
-159
32
223
115
-146
-199
-8
137
72
-67
-104
-50
1
26
32
-9
-80
-88
1
93
86
-13
-104
-91
18
82
2
-115
-98
20
84
68
40
-14
-99
-91
74
195
59
-185
-197
34
153
-9
-177
-103
50
46
-37
-16
64
68
-9
-95
-136
-72
87
179
72
-120
-168
-30
125
156
80
-34
-131
-125
30
164
73
-121
-96
129
192
-18
-190
-103
84
139
72
16
2
-28
-87
-109
-38
91
163
78
-103
-165
-1
186
115
-136
-213
-6
201
157
-46
-160
-87
75
156
72
-97
-183
-110
25
89
56
1
-26
-31
-22
9
38
9
-67
-100
-31
86
132
42
-114
-172
-50
128
165
41
-91
-127
-89
-17
73
119
54
-68
-103
-11
87
85
31
12
7
-37
-76
-33
53
70
5
-45
-23
16
14
-21
-66
-103
-71
71
209
149
-102
-260
-125
130
196
70
5
55
15
-146
-173
31
201
125
-38
-60
0
-30
-95
-23
130
131
-49
-168
-87
41
41
-34
-36
44
82
3
-111
-100
54
167
100
-37
-73
-35
-42
-63
7
119
119
-1
-79
-32
42
51
42
61
42
-46
-95
-30
61
69
1
-73
-72
41
159
98
-102
-159
29
183
57
-176
-187
12
139
102
63
58
-49
-186
-91
185
241
-45
-276
-139
132
158
-30
-115
2
99
22
-91
-49
91
132
35
-55
-42
-2
-31
-86
-65
18
35
-37
-66
21
100
58
-21
-8
45
9
-71
-42
82
114
-11
-107
-15
128
78
-123
-180
12
185
101
-89
-102
38
94
15
-33
18
52
11
-23
-7
-24
-81
-52
78
113
-27
-133
-33
129
136
15
-61
-26
56
87
15
-103
-123
15
171
157
-19
-154
-113
10
60
16
-40
-48
14
91
46
-119
-161
51
229
83
-180
-173
47
121
7
-11
125
130
-83
-197
-22
159
61
-132
-128
10
80
95
127
103
-14
-95
-51
26
45
43
52
14
-72
-79
31
91
-7
-88
13
150
104
-60
-134
-89
-36
-18
-8
-8
-7
27
71
55
-14
-19
74
118
-2
-163
-150
26
159
124
-21
-159
-185
-43
183
280
135
-114
-226
-123
61
156
98
-59
-200
-206
-48
139
165
7
-139
-90
80
144
19
-124
-88
84
162
40
-139
-182
-72
70
145
122
23
-57
-22
78
81
-35
-69
100
261
121
-226
-353
-80
249
233
-55
-203
-48
157
145
-19
-104
-45
37
53
31
-7
-59
-52
81
192
50
-238
-261
97
383
174
-284
-388
-13
336
246
-84
-211
-47
139
138
-7
-126
-94
45
96
-40
-188
-129
74
166
61
-71
-81
-17
16
18
16
-13
-54
-10
112
131
-36
-187
-102
129
214
44
-178
-194
-9
134
84
-28
-29
25
-17
-100
-57
86
132
42
-17
13
-10
-117
-105
86
167
-35
-206
-24
262
199
-138
-270
-56
162
125
-12
-24
33
-12
-106
-55
121
167
-23
-209
-121
153
252
11
-273
-219
97
243
47
-200
-211
-33
151
232
136
-121
-294
-132
226
340
60
-239
-183
84
173
18
-132
-122
-9
118
160
27
-157
-111
168
273
-30
-361
-225
229
376
31
-297
-188
111
147
-64
-171
-54
82
83
19
-16
-20
2
61
74
-45
-182
-131
81
189
68
-99
-111
-18
27
22
56
99
53
-62
-133
-108
1
151
198
-8
-319
-333
67
438
316
-135
-331
-83
179
78
-170
-140
146
273
50
-234
-227
38
220
118
-102
-160
-28
79
31
-54
-18
96
96
-94
-280
-203
120
346
224
-70
-182
-60
39
-10
-59
22
115
56
-100
-166
-82
46
121
112
28
-54
-36
41
42
-4
42
100
-22
-228
-219
5
134
64
9
51
-10
-195
-180
136
317
60
-234
-102
168
42
-294
-226
234
421
58
-336
-237
167
322
97
-126
-86
31
-18
-139
-96
88
167
44
-107
-118
-49
-17
31
148
156
-80
-304
-192
108
201
68
-3
35
-23
-157
-117
106
202
52
-85
-33
18
-81
-108
99
259
81
-220
-234
26
190
86
-92
-117
-12
51
-2
-77
-42
104
196
63
-215
-318
-71
256
243
-116
-361
-172
207
298
25
-233
-167
101
234
111
-94
-160
-60
50
25
-94
-122
19
146
51
-145
-119
136
233
-23
-291
-181
149
231
-16
-193
-30
222
178
-102
-212
-1
225
165
-53
-114
14
75
-51
-161
-65
111
128
-1
-97
-107
-83
3
148
173
-23
-198
-76
189
187
-125
-319
-113
213
210
-100
-284
-109
171
204
3
-126
-16
150
96
-145
-239
-9
284
263
-66
-306
-161
190
291
-14
-321
-194
179
225
-131
-323
-36
299
179
-197
-285
-32
136
44
-44
17
35
-55
-56
52
51
-49
2
160
95
-210
-348
-93
264
330
92
-168
-249
-139
80
237
163
-55
-133
-18
37
-67
-92
74
181
24
-215
-248
-72
103
158
119
7
-148
-200
-26
226
250
-1
-212
-112
167
262
52
-203
-195
48
205
71
-183
-234
-14
204
161
-60
-161
-31
122
85
-50
-53
61
60
-98
-171
-37
104
60
-70
-94
-31
-14
-40
-2
84
87
-19
-101
-68
16
53
38
1
-51
-86
-56
21
60
38
23
50
27
-124
-266
-134
244
417
74
-402
-381
97
372
143
-148
-79
119
37
-207
-193
82
222
88
-61
-63
-25
5
91
140
13
-142
-59
172
187
-82
-280
-145
120
150
-69
-217
-107
110
182
48
-150
-222
-92
130
232
111
-114
-211
-74
146
200
33
-139
-132
-19
54
78
75
-9
-125
-88
91
142
-46
-208
-111
90
130
38
10
33
-45
-145
-62
114
106
-76
-170
-115
-34
67
187
135
-142
-295
-57
257
164
-214
-299
53
322
141
-170
-180
12
69
-13
-15
81
107
7
-92
-45
117
184
32
-166
-162
8
102
59
37
63
-30
-204
-121
246
338
-168
-629
-280
487
577
-156
-667
-291
345
402
52
-37
128
37
-273
-253
138
303
6
-253
-95
155
87
-115
-52
170
147
-106
-175
34
143
-54
-269
-193
45
110
-40
-132
-17
122
76
-67
-101
-35
-9
3
111
187
-19
-376
-380
132
574
334
-314
-523
-58
433
377
-29
-266
-172
38
132
57
-60
-56
69
128
21
-99
-52
57
0
-160
-125
109
182
-47
-249
-133
135
234
104
-94
-211
-177
-18
150
221
175
50
-94
-175
-122
30
143
111
-35
-154
-136
1
126
89
-102
-211
-41
199
112
-219
-265
100
320
42
-299
-164
240
303
-74
-345
-112
332
403
-14
-429
-354
121
427
182
-329
-480
-110
303
322
52
-172
-206
-79
114
195
56
-137
-150
-27
23
2
66
160
56
-177
-162
159
290
-76
-463
-255
352
568
93
-498
-513
29
469
320
-179
-412
-161
197
262
85
-49
-65
-86
-128
-62
111
190
77
-75
-97
-1
128
220
170
-61
-267
-173
150
291
35
-316
-348
-72
153
139
11
-57
-27
52
75
-54
-232
-190
110
301
93
-236
-205
110
174
-117
-238
57
293
74
-252
-181
161
289
87
-144
-194
-117
5
152
226
107
-102
-169
-72
20
49
54
8
-92
-124
-56
-13
-20
40
132
67
-132
-195
-17
178
184
76
-4
-79
-151
-67
157
196
-49
-175
74
289
50
-310
-198
275
427
10
-458
-435
-22
280
224
-16
-192
-208
-61
177
284
94
-196
-199
89
237
25
-188
-45
193
45
-344
-328
195
510
149
-377
-365
81
337
149
-191
-276
-2
288
152
-293
-393
82
482
208
-325
-298
208
346
-72
-271
94
323
-14
-304
-76
152
-60
-228
79
374
92
-416
-426
67
413
256
-114
-291
-183
69
219
56
-245
-212
166
298
-7
-143
217
457
38
-524
-410
257
576
143
-438
-420
105
422
175
-237
-260
93
291
33
-301
-192
193
242
-121
-320
-76
214
176
-49
-160
-87
71
173
90
-134
-228
-23
232
162
-157
-268
-28
186
128
12
25
19
-76
-71
69
126
42
-10
-9
-100
-222
-136
105
156
-28
-62
167
222
-78
-238
37
234
-67
-372
-93
374
260
-283
-395
95
392
38
-381
-211
278
418
109
-236
-309
-95
244
408
173
-265
-410
-90
283
255
-72
-229
-63
124
81
-66
-64
109
243
143
-132
-290
-139
138
215
66
-40
39
132
-1
-313
-429
-68
453
454
-183
-687
-363
403
633
101
-404
-262
156
201
-74
-188
-47
118
205
140
-184
-465
-163
516
630
-92
-674
-305
430
444
-210
-491
4
495
279
-292
-454
-45
454
491
-11
-467
-252
353
446
-119
-483
-153
276
154
-268
-354
-15
307
297
40
-210
-246
14
346
320
-104
-400
-256
-2
89
176
252
48
-238
-122
221
224
-18
-4
130
-88
-393
-111
514
482
-289
-639
-40
501
204
-239
-145
-13
-203
-121
341
296
-369
-504
252
639
-97
-801
-270
704
600
-336
-596
48
385
-16
-302
-32
252
189
23
-66
-125
-81
110
226
80
-163
-219
-50
147
206
114
-47
-133
-39
80
-35
-204
33
479
315
-474
-749
53
857
511
-436
-614
85
481
26
-444
-168
348
255
-247
-332
67
260
45
-37
206
240
-136
-320
37
328
15
-373
-109
404
232
-442
-496
245
629
52
-580
-376
231
388
95
-133
-142
-98
-48
35
69
21
30
125
66
-215
-327
23
446
367
-134
-470
-332
71
362
298
-49
-302
-164
158
224
-2
-111
94
272
73
-285
-297
77
327
136
-176
-188
-7
13
-88
-2
215
188
-81
-152
97
196
-118
-350
-9
479
355
-237
-463
-119
186
121
16
96
123
-55
-208
-105
143
228
40
-162
-93
124
108
-149
-209
105
305
-35
-429
-99
588
450
-482
-740
146
721
42
-698
-252
592
460
-323
-475
60
251
-103
-203
110
114
-229
-105
449
385
-399
-644
146
743
139
-818
-684
427
1014
319
-670
-673
158
637
269
-272
-305
-11
118
81
150
211
-45
-378
-207
363
515
-3
-401
-116
294
131
-288
-238
177
249
-127
-282
103
420
73
-479
-351
326
500
-102
-476
-8
475
114
-472
-218
527
500
-351
-700
-34
528
197
-251
-103
60
-219
-233
356
567
-161
-749
-229
562
373
-376
-398
216
287
-253
-321
208
306
-189
-294
197
356
-97
-312
91
363
16
-314
-23
364
93
-450
-322
393
660
97
-514
-444
63
340
214
23
-22
-70
-203
-163
170
369
44
-426
-357
175
425
90
-309
-244
152
355
108
-305
-378
38
476
359
-198
-415
55
477
107
-515
-346
356
382
-351
-593
135
734
338
-354
-329
165
242
-96
-142
145
98
-334
-385
172
506
60
-497
-304
332
391
-269
-624
-49
617
307
-507
-470
434
774
-22
-733
-309
525
524
-176
-489
-120
237
200
80
2
-225
-372
-51
356
200
-216
-143
221
135
-240
-108
426
408
-310
-668
-89
542
290
-390
-526
-86
325
419
205
-210
-381
51
555
308
-408
-506
167
534
40
-439
-103
402
156
-367
-172
443
414
-244
-557
-189
257
295
33
-222
-259
-22
272
252
-98
-288
-3
331
176
-218
-241
22
36
-165
-123
94
44
-197
-143
212
340
11
-359
-324
20
254
213
63
-56
-157
-193
-42
251
381
96
-374
-426
121
558
224
-361
-233
371
345
-363
-572
141
656
131
-602
-403
322
387
-165
-270
231
401
-58
-358
-99
154
27
-62
170
289
-34
-342
-114
304
201
-308
-400
124
471
83
-461
-307
367
548
-112
-698
-342
422
428
-305
-603
-28
461
109
-446
-300
270
367
-34
-160
182
333
1
-216
81
363
96
-309
-172
312
356
-167
-498
-143
363
262
-255
-348
128
403
70
-266
-48
284
60
-447
-438
98
367
60
-216
-42
154
-32
-257
-119
135
147
49
29
-69
-262
-165
298
498
6
-560
-369
276
351
-229
-444
144
625
182
-600
-592
239
836
526
-194
-480
-226
64
127
130
151
66
-51
0
72
-111
-299
5
559
499
-315
-858
-359
516
645
68
-338
-342
-320
-189
302
608
113
-570
-404
296
329
-349
-527
171
604
71
-491
-191
321
181
-160
5
270
49
-229
-20
222
-46
-305
71
461
1
-639
-191
832
720
-502
-944
41
822
253
-562
-339
277
118
-363
-110
425
161
-436
-193
446
171
-623
-404
618
623
-576
-932
340
1171
84
-1130
-414
998
741
-650
-838
311
767
-89
-645
-6
590
91
-553
-157
608
439
-372
-560
23
374
30
-379
-204
297
352
-161
-431
74
639
321
-511
-688
-10
538
325
-170
-308
-136
60
312
521
209
-531
-687
137
794
309
-521
-481
154
345
-4
-237
-135
18
81
84
-18
-170
-85
258
341
-88
-396
-45
362
44
-521
-389
227
403
39
-236
-210
-131
0
277
359
-95
-634
-470
272
581
78
-388
-96
418
280
-304
-400
191
638
303
-387
-573
-106
372
355
39
-127
-41
108
174
114
-35
-104
24
136
-23
-253
-179
90
140
-52
-156
-94
-64
-81
6
111
5
-182
-82
208
172
-180
-198
261
450
3
-386
-118
333
263
-159
-267
58
274
7
-393
-298
290
610
135
-613
-674
45
594
285
-355
-400
85
256
-96
-262
110
408
71
-510
-555
35
550
364
-235
-389
100
433
74
-363
-156
308
245
-174
-207
111
86
-277
-178
488
699
-43
-725
-367
415
454
-163
-459
-139
215
170
-82
-143
45
145
-38
-154
127
395
88
-415
-241
458
543
-284
-797
-109
764
419
-592
-623
311
602
-183
-676
-86
623
413
-355
-627
-65
638
611
-121
-614
-254
364
295
-302
-400
181
351
-393
-842
18
1056
653
-598
-829
102
630
154
-304
-89
161
-78
-265
109
463
42
-678
-574
331
768
129
-609
-401
296
319
-307
-390
414
798
-163
-1212
-603
1025
1354
-132
-1352
-734
665
979
106
-602
-394
188
414
237
-16
-196
-276
-194
15
179
205
154
61
-73
-166
-99
119
313
253
-82
-359
-225
162
268
-46
-314
-171
143
204
-20
-213
-135
131
262
54
-287
-327
19
295
109
-253
-211
181
232
-285
-645
-215
516
571
-126
-654
-357
349
607
222
-219
-244
-66
-47
-57
137
283
71
-220
-173
28
19
-2
279
449
-49
-696
-405
628
846
-310
-1251
-512
890
906
-424
-1066
-117
937
599
-460
-613
191
505
-175
-580
101
685
27
-834
-384
659
555
-396
-433
474
554
-527
-891
285
1118
177
-966
-431
720
524
-438
-426
242
171
-324
-61
511
135
-725
-501
643
839
-368
-1113
-233
845
507
-530
-644
146
571
168
-341
-314
55
194
-25
-184
-7
199
84
-169
-204
-31
161
281
196
-150
-338
31
485
222
-511
-624
108
612
168
-472
-344
193
250
-20
19
127
-108
-189
180
211
-330
-341
407
473
-548
-897
327
1301
351
-1166
-937
609
1087
28
-734
-359
111
146
242
244
-257
-498
125
512
-197
-755
20
912
346
-768
-528
638
692
-397
-611
387
619
-451
-831
287
991
106
-805
-325
488
203
-525
-287
563
517
-497
-923
-91
711
323
-521
-486
286
577
35
-460
-268
204
342
157
-33
-154
-223
-97
245
446
206
-230
-399
-226
56
276
259
-88
-337
3
453
135
-584
-508
334
678
148
-298
-154
-49
-309
-280
305
563
-6
-468
-112
215
-140
-220
551
843
-233
-1189
-527
724
777
-99
-422
-44
49
-186
32
455
135
-525
-298
438
252
-546
-343
663
620
-544
-750
534
1085
-257
-1291
-131
1322
529
-1207
-936
825
1050
-536
-1112
237
1014
-161
-1113
-104
1000
194
-991
-387
846
499
-637
-376
833
792
-484
-843
219
804
53
-521
-16
356
-132
-364
226
504
-81
-421
128
603
203
-410
-381
5
66
-91
-47
11
-172
-208
125
231
-168
-324
163
444
-95
-627
-242
490
481
-96
-236
128
157
-236
-188
415
517
-259
-704
36
844
365
-645
-508
493
601
-317
-563
327
724
-176
-855
-90
852
366
-678
-456
577
551
-434
-585
308
635
-90
-578
-132
414
343
-2
-182
-303
-352
-10
475
318
-379
-478
280
629
-96
-712
-155
719
542
-409
-723
-11
610
238
-494
-412
371
594
-177
-791
-252
728
788
-73
-605
-221
304
222
-99
-18
224
34
-346
-191
347
347
-323
-615
93
880
523
-594
-809
340
1144
261
-927
-447
821
570
-817
-869
553
959
-357
-1061
78
988
5
-1040
-86
1261
518
-1085
-824
579
556
-497
-357
623
411
-679
-633
461
654
-214
-314
601
629
-541
-708
724
1259
-279
-1446
-368
1126
754
-631
-840
228
848
190
-691
-548
336
688
94
-545
-423
108
224
-121
-221
127
238
-151
-218
346
441
-409
-775
205
980
174
-910
-509
639
715
-166
-482
41
292
-69
-184
194
257
-166
-257
85
54
-319
-157
438
470
-109
-376
-96
114
27
16
150
114
-57
-20
98
-109
-330
100
747
451
-595
-840
136
878
413
-334
-283
122
15
-270
43
543
242
-557
-584
274
705
98
-537
-269
359
352
-168
-355
-45
155
2
-111
12
66
-129
-322
-215
165
471
327
-175
-439
-132
298
303
29
-77
-56
-206
-325
34
568
416
-368
-625
70
630
264
-347
-421
-178
60
338
353
-222
-664
-67
862
612
-561
-768
392
939
-175
-1084
-184
952
354
-813
-473
660
627
-293
-475
123
323
-36
-175
20
7
-170
-6
260
-16
-460
-161
514
418
-305
-547
-151
262
528
531
-140
-968
-617
768
1266
106
-1006
-555
483
469
-192
-101
405
25
-755
-446
509
508
-204
-203
285
44
-566
-323
431
406
-246
-259
371
376
-363
-476
336
636
-112
-567
-52
330
-37
-254
124
276
-128
-306
22
81
-340
-288
523
784
-276
-1227
-550
788
852
-194
-625
-43
318
-123
-497
-105
532
608
135
-344
-492
-233
334
692
271
-559
-652
259
920
294
-796
-784
333
963
261
-703
-612
228
589
197
-180
-179
-194
-292
15
611
549
-386
-940
-153
962
756
-525
-1035
-138
689
257
-509
-240
574
450
-540
-819
103
832
359
-394
-237
354
218
-424
-408
250
345
-332
-526
262
792
175
-619
-399
369
513
-1
-343
-261
-96
133
491
383
-522
-1107
-239
1045
840
-527
-983
-48
653
269
-162
114
285
-258
-602
4
600
188
-443
-228
230
-7
-370
-31
412
126
-332
-93
385
165
-442
-410
169
273
-167
-185
342
436
-136
-455
-92
347
370
91
-235
-321
59
521
302
-486
-701
146
908
427
-589
-629
175
423
-79
-248
81
69
-195
103
584
149
-782
-659
512
949
4
-734
-158
484
-81
-750
-38
1080
675
-829
-1253
-27
1136
887
-141
-641
-383
-16
126
209
231
-19
-391
-414
19
412
249
-307
-505
-9
496
250
-322
-233
400
491
-187
-578
-98
383
43
-458
-121
568
380
-517
-721
99
681
264
-290
-92
330
100
-444
-350
310
562
109
-315
-229
-31
-63
-19
284
344
-139
-522
-152
476
439
-138
-337
34
243
-39
-240
27
305
173
-9
114
175
-109
-236
128
372
9
-377
-147
287
250
-64
-144
-159
-393
-334
385
761
-133
-1058
-268
1212
815
-1154
-1586
426
1882
541
-1525
-1187
912
1560
-7
-1291
-639
660
876
139
-463
-423
83
567
482
-177
-646
-291
479
695
112
-501
-443
43
267
25
-303
-271
168
489
139
-519
-487
255
537
-95
-586
-167
413
277
-171
-160
96
-29
-315
-164
175
93
-98
189
392
-230
-811
-127
977
685
-678
-999
230
1106
351
-787
-629
422
797
205
-334
-277
21
221
243
8
-300
-238
179
381
126
-172
-153
27
82
0
-89
-146
-130
45
266
236
-16
-95
52
34
-168
-105
179
94
-374
-510
-66
325
194
-136
-207
-49
109
238
272
4
-406
-375
147
360
-113
-476
-47
568
463
-184
-518
-227
273
489
268
-162
-348
-60
327
203
-333
-443
182
666
239
-517
-591
-65
264
174
11
-102
-227
-191
116
346
143
-217
-182
204
350
55
-196
-33
276
326
114
-130
-240
-141
105
266
195
0
-140
-147
-20
116
58
-146
-163
100
255
9
-365
-421
-141
165
313
268
-36
-454
-423
274
793
279
-626
-597
242
555
41
-234
179
431
0
-406
-130
335
232
-219
-304
-11
157
128
136
75
-183
-315
-93
161
140
-28
-171
-264
-200
35
130
-74
-171
176
519
205
-495
-649
-85
335
133
-125
-41
-59
-379
-424
3
280
125
-7
55
-46
-250
-18
559
634
-63
-635
-322
336
399
-48
-267
-102
87
168
134
-107
-316
-67
385
305
-257
-444
-5
309
34
-266
-35
299
121
-255
-177
164
162
-73
-66
23
-201
-430
-141
374
413
5
-186
36
171
-45
-180
82
314
28
-454
-438
79
396
105
-368
-383
43
295
62
-219
-69
261
211
-155
-257
60
277
34
-316
-268
99
331
250
10
-256
-407
-204
279
478
78
-409
-332
111
225
-66
-180
55
131
-124
-178
167
300
-85
-357
-60
258
24
-352
-226
176
217
-20
20
245
67
-392
-374
167
423
80
-271
-234
-88
-36
127
415
440
39
-373
-341
20
234
107
-135
-237
-168
-15
121
196
235
190
-61
-349
-251
194
363
23
-251
-68
156
24
-170
-78
72
-11
-107
50
164
-128
-478
-294
226
406
192
31
-58
-299
-405
-39
385
291
-115
-284
-236
-281
-287
31
357
124
-457
-506
180
731
469
-173
-413
-129
234
276
-40
-332
-163
302
385
-119
-572
-404
130
414
265
-37
-229
-231
-44
212
273
75
-67
-1
-76
-441
-522
84
715
504
-279
-624
-245
188
155
-88
-98
99
189
54
-158
-260
-116
258
536
328
-247
-562
-257
262
375
48
-230
-170
-8
-40
-145
-31
197
159
-142
-231
86
383
248
-135
-333
-243
-55
75
79
-78
-266
-199
162
403
172
-265
-377
-127
100
150
131
15
-234
-342
-71
271
214
-132
-232
61
332
296
135
17
-155
-323
-183
184
231
-175
-431
-125
298
254
-87
-195
-73
-96
-192
28
414
354
-186
-480
-151
276
243
-29
-55
93
42
-144
-113
71
27
-212
-209
106
303
166
7
109
286
226
-17
-165
-141
-83
-43
39
118
67
-109
-261
-271
-124
105
268
252
104
-16
-19
32
4
-148
-272
-132
268
559
377
-165
-550
-444
-41
243
249
111
-35
-131
-93
86
208
97
-129
-229
-151
-12
106
167
143
62
-15
-90
-178
-186
-26
191
231
53
-139
-215
-262
-279
-73
316
456
133
-256
-271
-49
26
-68
-89
1
26
-48
-72
14
107
136
115
8
-215
-376
-242
112
349
304
100
-121
-316
-369
-127
309
546
323
-144
-390
-232
85
243
178
2
-188
-293
-181
117
318
193
-117
-305
-301
-240
-161
24
259
323
157
-38
-108
-133
-168
-59
244
460
311
-84
-361
-303
6
276
234
-86
-302
-138
186
230
-41
-235
-139
-15
-100
-182
10
278
230
-115
-381
-355
-125
157
374
373
81
-311
-440
-151
294
465
224
-144
-247
-5
294
343
163
5
-38
-106
-239
-241
12
343
492
398
144
-197
-491
-486
-86
395
515
230
-109
-253
-240
-114
158
404
274
-247
-628
-411
166
490
361
60
-185
-335
-278
69
430
414
67
-200
-218
-193
-210
-60
265
376
97
-175
-83
150
172
61
37
8
-156
-250
-50
247
278
64
-92
-125
-211
-283
-70
345
483
161
-228
-297
-134
-13
29
97
138
20
-171
-180
42
206
60
-252
-369
-184
67
143
57
-32
-53
-60
-114
-205
-248
-146
107
338
302
-28
-366
-402
-147
136
246
149
-76
-249
-185
57
167
-24
-284
-284
-43
140
124
55
65
95
77
46
13
-71
-123
35
344
458
187
-201
-303
-85
135
150
83
117
213
216
87
-85
-225
-291
-222
-10
207
254
117
-63
-190
-276
-307
-215
-16
147
165
81
-14
-106
-200
-219
-97
78
144
63
-69
-144
-115
-1
102
68
-115
-296
-298
-85
213
398
330
34
-296
-431
-283
17
251
283
120
-112
-216
-74
186
282
107
-128
-146
80
320
340
120
-139
-219
-103
18
-9
-97
-40
185
348
253
-16
-215
-212
-53
143
269
251
106
-59
-142
-134
-70
40
167
225
158
48
39
134
165
24
-168
-209
-65
107
170
133
73
15
-58
-134
-174
-152
-72
47
149
156
37
-124
-183
-87
63
122
79
55
128
215
175
4
-147
-163
-95
-52
-35
9
65
80
69
66
23
-115
-256
-222
8
226
216
0
-221
-290
-213
-79
38
117
164
182
149
52
-65
-145
-165
-125
-27
87
133
78
-31
-136
-193
-154
-15
116
97
-51
-128
-26
105
81
-44
-99
-72
-46
5
137
229
133
-70
-168
-143
-154
-219
-168
31
163
87
-65
-133
-166
-221
-189
-4
165
146
16
-35
3
11
-24
-13
23
-25
-132
-136
-10
76
12
-109
-176
-201
-229
-221
-120
36
142
140
63
-22
-63
-51
-21
-16
-15
16
32
-41
-161
-201
-136
-62
-47
-70
-93
-95
-35
104
211
129
-101
-223
-93
111
150
37
-63
-92
-92
-57
46
163
204
163
102
53
6
-32
-40
-33
-40
-37
9
65
81
91
142
174
99
-51
-149
-141
-85
-41
-18
0
1
-31
-74
-63
36
171
244
204
88
-29
-97
-97
-29
73
128
80
-12
-36
27
95
103
54
-23
-78
-47
63
131
70
-36
-47
45
122
113
79
98
154
170
114
14
-64
-64
9
67
44
-7
2
55
80
81
109
150
148
113
110
159
206
208
175
120
45
-17
-3
85
165
183
174
179
168
106
46
72
172
234
183
78
34
71
96
53
5
30
103
133
87
17
-23
-27
-26
-48
-82
-86
-42
8
4
-55
-119
-158
-184
-198
-174
-122
-114
-171
-211
-175
-129
-167
-265
-331
-326
-285
-248
-234
-250
-289
-330
-357
-371
-378
-370
-343
-311
-298
-308
-332
-358
-373
-365
-347
-342
-345
-336
-329
-340
-341
-308
-284
-309
-336
-307
-258
-266
-311
-295
-196
-114
-132
-199
-212
-151
-82
-55
-66
-88
-100
-100
-104
-121
-132
-108
-50
25
102
148
141
118
155
260
351
362
310
257
232
232
251
280
291
276
266
291
346
403
456
493
487
454
457
522
594
618
595
551
498
462
481
547
599
602
577
557
525
471
436
457
490
470
414
399
435
452
412
364
370
412
432
405
368
352
354
364
380
379
320
219
153
172
223
233
214
224
260
272
258
256
270
263
236
242
295
339
330
297
278
262
233
212
202
168
103
49
28
14
-14
-32
-16
10
8
-20
-46
-70
-110
-160
-195
-214
-236
-273
-331
-417
-513
-574
-575
-549
-552
-599
-660
-700
-707
-690
-673
-697
-789
-918
-998
-984
-930
-926
-995
-1080
-1132
-1159
-1194
-1246
-1306
-1363
-1386
-1348
-1260
-1169
-1103
-1042
-964
-880
-806
-731
-656
-621
-646
-676
-644
-568
-527
-548
-570
-529
-425
-304
-204
-131
-70
-16
28
65
115
198
308
415
497
563
624
673
710
768
874
1004
1098
1125
1101
1064
1036
1017
1002
995
1010
1047
1075
1060
1012
995
1054
1158
1224
1210
1156
1123
1118
1099
1043
966
881
779
669
603
620
679
690
623
534
489
483
476
442
380
308
253
225
191
119
27
-34
-48
-50
-74
-104
-107
-84
-69
-97
-171
-258
-302
-267
-175
-93
-60
-56
-45
-17
14
24
3
-21
-4
49
75
36
-20
-10
65
126
125
102
105
122
123
117
133
170
206
243
287
322
331
320
309
297
267
226
196
168
109
2
-121
-239
-357
-479
-568
-592
-583
-605
-663
-703
-689
-647
-637
-699
-833
-990
-1110
-1169
-1211
-1300
-1447
-1603
-1729
-1826
-1913
-1992
-2055
-2081
-2031
-1895
-1739
-1638
-1580
-1490
-1356
-1237
-1177
-1153
-1130
-1104
-1082
-1065
-1071
-1120
-1180
-1168
-1064
-941
-855
-761
-596
-389
-217
-102
-4
101
212
344
507
667
769
813
872
993
1141
1252
1315
1371
1435
1490
1523
1540
1541
1523
1498
1505
1553
1603
1625
1647
1712
1802
1852
1832
1781
1739
1701
1646
1566
1471
1370
1281
1215
1154
1068
956
851
778
741
719
692
645
572
482
386
288
190
115
80
67
38
-21
-99
-184
-275
-359
-437
-523
-611
-667
-670
-641
-620
-618
-616
-590
-536
-461
-387
-331
-293
-262
-247
-273
-326
-349
-320
-290
-300
-318
-289
-224
-167
-128
-77
-1
77
136
182
233
296
363
414
433
427
428
458
500
526
526
511
488
450
393
309
189
53
-62
-138
-188
-229
-273
-321
-371
-412
-433
-453
-512
-625
-757
-872
-983
-1124
-1288
-1432
-1528
-1599
-1678
-1776
-1886
-2003
-2124
-2230
-2283
-2252
-2144
-1999
-1848
-1696
-1538
-1388
-1273
-1214
-1204
-1215
-1228
-1236
-1244
-1259
-1287
-1328
-1351
-1307
-1181
-1015
-856
-697
-493
-238
10
198
330
443
561
692
846
1006
1132
1210
1281
1379
1475
1521
1522
1526
1569
1648
1745
1832
1877
1874
1858
1874
1925
1979
2029
2098
2180
2245
2266
2229
2125
1967
1807
1690
1602
1495
1358
1231
1146
1087
1021
945
877
831
809
804
784
716
598
471
368
282
178
40
-116
-258
-363
-439
-508
-589
-677
-747
-783
-798
-826
-878
-927
-925
-851
-736
-634
-576
-548
-523
-501
-508
-555
-616
-648
-634
-602
-590
-607
-629
-628
-587
-500
-374
-239
-130
-50
37
146
245
298
317
343
392
438
453
442
420
403
398
404
404
385
354
332
325
319
302
272
229
168
89
-9
-119
-233
-343
-440
-536
-649
-789
-949
-1121
-1289
-1429
-1523
-1585
-1633
-1665
-1675
-1695
-1777
-1935
-2110
-2221
-2225
-2134
-1986
-1818
-1653
-1497
-1360
-1278
-1299
-1418
-1553
-1610
-1573
-1504
-1473
-1494
-1523
-1496
-1381
-1195
-988
-790
-587
-342
-68
175
336
426
504
617
755
876
954
1008
1086
1214
1368
1501
1587
1646
1714
1805
1895
1957
1999
2048
2117
2181
2207
2195
2180
2196
2248
2316
2369
2374
2316
2212
2086
1942
1770
1587
1447
1392
1398
1402
1353
1250
1130
1040
999
979
923
799
643
508
394
258
78
-108
-234
-278
-281
-313
-425
-605
-783
-884
-905
-906
-937
-974
-963
-890
-808
-781
-822
-884
-902
-849
-768
-732
-778
-864
-915
-898
-851
-826
-825
-807
-725
-583
-432
-325
-266
-216
-142
-52
17
50
64
86
130
190
239
248
224
220
287
416
544
615
626
616
613
608
565
461
317
199
159
171
138
4
-185
-339
-429
-509
-643
-828
-1008
-1131
-1199
-1259
-1353
-1472
-1559
-1569
-1532
-1528
-1613
-1780
-1990
-2202
-2384
-2491
-2475
-2320
-2057
-1752
-1472
-1269
-1168
-1172
-1258
-1380
-1481
-1523
-1509
-1472
-1443
-1425
-1404
-1346
-1216
-987
-669
-304
48
336
536
651
705
732
747
765
809
913
1081
1277
1461
1625
1783
1935
2059
2137
2172
2184
2197
2230
2283
2331
2339
2305
2262
2251
2286
2354
2433
2496
2516
2469
2352
2169
1931
1668
1440
1302
1263
1284
1308
1306
1270
1205
1110
984
841
700
576
460
324
142
-81
-303
-477
-585
-631
-637
-627
-621
-638
-695
-805
-954
-1101
-1205
-1255
-1264
-1240
-1180
-1095
-1010
-949
-919
-909
-912
-909
-888
-859
-856
-888
-929
-940
-908
-833
-721
-579
-432
-302
-195
-103
-31
12
35
64
107
148
179
209
248
302
370
446
519
576
621
657
675
661
614
560
518
487
450
393
324
265
227
186
95
-69
-273
-466
-628
-782
-950
-1127
-1283
-1386
-1428
-1433
-1451
-1512
-1600
-1671
-1722
-1804
-1970
-2218
-2488
-2689
-2739
-2614
-2358
-2053
-1755
-1480
-1245
-1102
-1109
-1253
-1448
-1593
-1647
-1647
-1648
-1667
-1657
-1550
-1326
-1027
-713
-403
-78
266
571
761
809
771
742
775
854
938
1017
1129
1315
1574
1851
2078
2227
2325
2410
2495
2548
2532
2455
2371
2339
2373
2427
2449
2436
2434
2482
2566
2625
2598
2466
2263
2047
1854
1677
1505
1362
1298
1317
1360
1356
1280
1157
1020
884
745
588
394
171
-45
-225
-383
-538
-676
-755
-764
-738
-722
-743
-806
-894
-979
-1048
-1116
-1209
-1314
-1381
-1375
-1315
-1246
-1192
-1147
-1095
-1027
-955
-909
-904
-917
-908
-864
-807
-760
-723
-676
-601
-490
-352
-208
-77
36
134
203
222
197
165
160
191
257
352
461
561
653
744
829
881
881
849
817
793
763
709
627
525
422
337
271
210
147
97
65
29
-57
-222
-454
-708
-941
-1141
-1318
-1472
-1588
-1652
-1678
-1703
-1761
-1863
-2006
-2184
-2389
-2602
-2790
-2893
-2845
-2621
-2269
-1880
-1536
-1281
-1139
-1125
-1230
-1416
-1623
-1797
-1904
-1938
-1921
-1878
-1811
-1687
-1470
-1152
-762
-347
47
378
623
775
850
867
852
829
829
883
1006
1182
1391
1619
1860
2103
2321
2484
2567
2567
2516
2472
2482
2541
2602
2632
2635
2632
2633
2633
2624
2603
2579
2562
2538
2459
2275
2004
1729
1539
1464
1474
1508
1519
1498
1458
1400
1287
1084
807
520
276
70
-126
-322
-499
-621
-648
-585
-504
-495
-587
-735
-885
-1025
-1168
-1307
-1421
-1489
-1502
-1460
-1394
-1350
-1332
-1287
-1172
-1021
-910
-879
-919
-997
-1075
-1120
-1117
-1076
-1007
-900
-746
-573
-428
-331
-258
-180
-95
-15
45
72
73
77
110
178
265
360
461
573
689
798
877
914
913
890
852
795
712
611
510
428
373
344
330
316
302
293
281
235
129
-37
-243
-464
-680
-887
-1088
-1281
-1445
-1562
-1637
-1695
-1763
-1844
-1930
-2025
-2147
-2316
-2525
-2715
-2790
-2679
-2398
-2033
-1677
-1389
-1205
-1153
-1248
-1473
-1770
-2037
-2172
-2137
-1995
-1851
-1762
-1690
-1560
-1328
-1009
-641
-266
95
430
715
894
924
828
706
658
722
861
1013
1154
1312
1527
1795
2058
2253
2360
2416
2473
2560
2658
2733
2766
2776
2790
2798
2757
2650
2519
2430
2414
2449
2481
2452
2330
2145
1961
1818
1712
1635
1602
1626
1669
1658
1543
1330
1059
789
569
397
224
17
-191
-347
-444
-518
-595
-666
-711
-721
-711
-730
-823
-988
-1160
-1271
-1320
-1367
-1449
-1542
-1598
-1585
-1504
-1389
-1292
-1239
-1203
-1154
-1107
-1103
-1147
-1190
-1175
-1084
-943
-797
-684
-616
-561
-481
-375
-280
-220
-175
-114
-30
59
129
175
219
293
413
553
675
759
825
898
974
1011
968
856
735
666
652
650
619
562
512
486
474
444
376
278
192
141
91
-20
-214
-456
-693
-900
-1077
-1232
-1367
-1483
-1572
-1637
-1706
-1813
-1972
-2159
-2343
-2513
-2649
-2706
-2636
-2421
-2086
-1692
-1327
-1073
-967
-1007
-1182
-1470
-1815
-2124
-2314
-2356
-2284
-2152
-1992
-1795
-1523
-1151
-710
-278
97
415
691
908
1026
1019
898
721
568
504
539
650
826
1084
1432
1832
2207
2481
2621
2654
2650
2675
2738
2802
2835
2835
2807
2748
2656
2534
2401
2296
2261
2300
2359
2369
2305
2186
2051
1928
1840
1799
1793
1791
1775
1729
1625
1432
1157
844
532
236
-28
-242
-401
-509
-555
-540
-493
-464
-477
-517
-568
-641
-757
-916
-1096
-1276
-1432
-1558
-1667
-1768
-1830
-1800
-1671
-1492
-1328
-1209
-1129
-1069
-1018
-991
-1010
-1073
-1132
-1130
-1053
-941
-837
-754
-673
-575
-457
-335
-240
-185
-146
-84
10
110
196
268
345
441
562
693
811
901
966
1011
1026
995
920
821
721
636
575
540
525
526
544
570
578
550
490
406
291
136
-52
-260
-479
-693
-882
-1041
-1179
-1306
-1418
-1506
-1577
-1645
-1724
-1835
-2010
-2256
-2516
-2706
-2758
-2646
-2379
-2004
-1591
-1208
-916
-785
-878
-1193
-1633
-2056
-2355
-2505
-2543
-2516
-2441
-2285
-1996
-1572
-1075
-579
-107
335
715
974
1057
948
698
413
209
133
155
237
386
638
998
1422
1847
2220
2510
2721
2876
2981
3011
2958
2859
2758
2657
2538
2394
2252
2155
2142
2220
2356
2491
2583
2621
2609
2539
2410
2246
2093
1987
1931
1891
1808
1631
1364
1065
793
573
399
256
131
22
-65
-130
-193
-273
-361
-424
-452
-473
-530
-649
-833
-1059
-1285
-1472
-1608
-1708
-1775
-1793
-1760
-1689
-1590
-1468
-1342
-1238
-1167
-1124
-1113
-1143
-1206
-1273
-1319
-1334
-1311
-1244
-1142
-1028
-911
-776
-622
-471
-334
-203
-80
16
76
114
145
176
218
285
378
478
570
661
749
817
851
858
860
861
863
872
885
890
879
856
827
788
736
673
597
499
371
215
39
-138
-301
-445
-573
-690
-795
-887
-970
-1053
-1143
-1247
-1380
-1551
-1758
-1997
-2259
-2502
-2649
-2631
-2432
-2083
-1647
-1220
-905
-772
-832
-1053
-1390
-1781
-2140
-2401
-2548
-2598
-2560
-2428
-2215
-1924
-1543
-1072
-567
-102
272
531
654
632
498
307
105
-77
-198
-215
-113
93
399
808
1284
1754
2156
2462
2662
2759
2777
2751
2689
2584
2438
2281
2137
2018
1932
1907
1975
2144
2383
2633
2820
2889
2830
2686
2519
2366
2233
2111
1993
1878
1755
1597
1387
1141
900
700
561
478
422
355
264
173
107
52
-16
-102
-198
-306
-444
-615
-802
-995
-1185
-1350
-1467
-1549
-1630
-1703
-1725
-1676
-1576
-1447
-1300
-1159
-1065
-1041
-1069
-1136
-1240
-1360
-1447
-1472
-1458
-1436
-1397
-1325
-1225
-1102
-936
-725
-505
-322
-185
-87
-31
-16
-16
0
34
68
104
161
240
323
411
516
637
751
843
906
933
917
872
823
789
764
735
693
640
576
499
410
318
231
148
64
-24
-113
-202
-290
-376
-453
-532
-636
-773
-923
-1066
-1217
-1400
-1615
-1848
-2088
-2303
-2436
-2437
-2296
-2027
-1643
-1178
-730
-427
-357
-531
-915
-1436
-1973
-2405
-2678
-2799
-2773
-2585
-2258
-1859
-1441
-1020
-603
-211
146
454
670
720
576
297
-23
-320
-553
-670
-627
-413
-48
442
1000
1533
1961
2265
2471
2593
2623
2563
2448
2313
2173
2031
1897
1778
1686
1650
1710
1880
2125
2381
2606
2782
2883
2876
2748
2539
2308
2103
1941
1819
1711
1572
1385
1186
1021
889
765
656
592
582
589
576
527
431
283
113
-28
-133
-254
-423
-611
-786
-957
-1140
-1315
-1455
-1561
-1625
-1613
-1511
-1364
-1232
-1126
-1035
-975
-984
-1059
-1159
-1269
-1396
-1517
-1592
-1626
-1650
-1664
-1631
-1534
-1390
-1211
-985
-721
-465
-263
-125
-54
-64
-149
-258
-339
-374
-366
-311
-197
-41
127
287
439
580
705
812
909
986
1014
969
864
738
612
485
370
292
265
278
315
362
400
399
351
285
225
152
39
-100
-228
-345
-476
-630
-789
-956
-1138
-1316
-1465
-1599
-1747
-1892
-1962
-1911
-1753
-1515
-1201
-840
-511
-301
-258
-412
-779
-1303
-1849
-2286
-2569
-2698
-2665
-2462
-2128
-1735
-1328
-924
-544
-206
92
353
530
555
413
164
-127
-426
-694
-867
-882
-712
-368
121
691
1250
1719
2072
2308
2413
2373
2220
2034
1882
1775
1696
1633
1581
1541
1536
1604
1759
1971
2198
2424
2644
2810
2854
2755
2560
2332
2111
1923
1787
1685
1570
1433
1303
1194
1080
948
835
785
789
805
809
794
739
627
485
343
187
-14
-240
-443
-610
-770
-930
-1064
-1155
-1213
-1240
-1216
-1148
-1071
-1003
-928
-850
-815
-859
-971
-1119
-1292
-1476
-1637
-1740
-1779
-1760
-1684
-1550
-1383
-1214
-1052
-885
-714
-564
-456
-390
-363
-381
-442
-525
-598
-639
-635
-576
-453
-282
-93
90
265
430
563
649
695
721
721
685
622
552
479
396
316
265
249
247
254
285
338
380
390
387
379
341
253
136
11
-128
-284
-433
-556
-670
-806
-961
-1112
-1269
-1443
-1601
-1670
-1609
-1424
-1127
-744
-355
-64
61
8
-219
-608
-1099
-1587
-1975
-2226
-2335
-2299
-2133
-1884
-1592
-1262
-897
-528
-191
98
331
476
485
341
72
-274
-640
-953
-1132
-1124
-926
-563
-69
498
1050
1501
1815
2001
2074
2046
1945
1805
1641
1451
1253
1086
980
941
983
1138
1417
1776
2147
2480
2733
2864
2855
2733
2545
2309
2033
1756
1521
1339
1193
1079
1018
1016
1056
1131
1240
1357
1427
1430
1383
1295
1150
942
696
441
187
-56
-263
-421
-542
-634
-682
-675
-637
-603
-580
-558
-535
-525
-535
-573
-653
-786
-954
-1127
-1288
-1432
-1552
-1628
-1643
-1606
-1534
-1438
-1327
-1204
-1071
-929
-793
-687
-631
-631
-676
-745
-826
-909
-977
-1004
-976
-895
-772
-612
-425
-226
-26
166
331
438
473
453
400
324
226
126
48
1
-16
1
54
125
196
274
371
469
531
543
512
447
350
231
106
-22
-157
-283
-374
-423
-457
-500
-546
-594
-658
-752
-870
-997
-1113
-1178
-1136
-966
-701
-406
-146
28
69
-57
-334
-710
-1113
-1469
-1707
-1794
-1750
-1631
-1474
-1286
-1061
-801
-515
-220
60
291
435
464
356
106
-248
-621
-919
-1078
-1079
-930
-647
-257
201
678
1120
1473
1700
1802
1804
1731
1586
1374
1123
880
685
565
535
609
784
1054
1407
1807
2184
2460
2597
2596
2478
2270
2005
1726
1468
1250
1087
986
938
927
956
1043
1186
1353
1500
1597
1619
1552
1397
1174
909
627
363
147
-9
-118
-200
-257
-284
-283
-260
-224
-189
-171
-182
-221
-289
-389
-516
-654
-786
-905
-1010
-1101
-1176
-1238
-1282
-1303
-1299
-1271
-1223
-1154
-1073
-999
-941
-896
-865
-852
-857
-876
-909
-952
-988
-999
-981
-942
-885
-801
-693
-573
-451
-328
-211
-112
-35
28
73
82
55
9
-39
-88
-127
-135
-105
-50
15
92
180
264
329
378
408
403
354
279
200
110
-4
-132
-247
-340
-408
-440
-431
-394
-350
-309
-273
-274
-351
-506
-690
-844
-927
-909
-775
-552
-305
-96
29
34
-108
-378
-696
-971
-1153
-1234
-1221
-1136
-1016
-894
-770
-635
-490
-342
-180
6
184
292
285
164
-44
-307
-573
-776
-874
-851
-699
-408
-11
416
794
1091
1300
1413
1426
1360
1244
1093
918
751
614
505
417
386
464
673
984
1351
1727
2050
2263
2336
2273
2093
1817
1499
1214
1005
864
770
726
740
807
918
1066
1231
1378
1479
1531
1526
1438
1249
987
705
439
207
20
-110
-188
-214
-183
-101
-4
70
109
126
120
76
-16
-150
-313
-490
-657
-794
-907
-1006
-1081
-1109
-1089
-1042
-984
-924
-867
-819
-783
-763
-773
-826
-909
-990
-1054
-1104
-1139
-1147
-1123
-1074
-1006
-921
-831
-752
-683
-609
-529
-462
-418
-388
-363
-349
-348
-349
-341
-331
-320
-293
-243
-186
-138
-94
-49
-16
-8
-12
-5
14
34
55
84
110
111
85
44
-14
-103
-206
-287
-333
-359
-374
-367
-335
-302
-290
-301
-342
-422
-524
-594
-587
-515
-406
-277
-146
-56
-53
-143
-301
-491
-672
-782
-786
-707
-614
-543
-492
-457
-445
-442
-415
-349
-253
-142
-32
38
23
-82
-223
-341
-412
-436
-403
-305
-156
21
215
404
553
640
685
719
744
743
716
684
663
649
641
642
652
668
714
822
989
1174
1337
1462
1538
1553
1501
1399
1270
1136
1018
940
909
902
899
906
937
992
1057
1122
1177
1205
1194
1144
1059
938
782
610
446
305
187
96
41
23
35
72
122
165
182
167
124
52
-46
-162
-283
-401
-519
-634
-738
-824
-890
-923
-913
-866
-799
-723
-647
-589
-571
-598
-661
-745
-839
-930
-1001
-1049
-1083
-1103
-1097
-1062
-1006
-935
-837
-710
-570
-442
-342
-285
-284
-338
-422
-504
-574
-627
-649
-620
-550
-461
-365
-261
-153
-54
36
120
183
200
165
100
21
-75
-181
-273
-326
-337
-312
-249
-157
-63
9
61
99
108
71
-1
-85
-170
-269
-385
-511
-640
-764
-850
-854
-760
-582
-343
-65
207
406
477
407
220
-45
-335
-590
-770
-872
-913
-892
-811
-687
-541
-378
-187
30
245
426
540
556
455
257
9
-237
-452
-608
-669
-611
-445
-203
80
371
638
856
1019
1126
1164
1120
1009
862
702
538
382
258
191
202
300
489
745
1026
1286
1501
1649
1706
1657
1518
1324
1114
915
752
637
565
531
536
588
681
797
919
1032
1126
1181
1180
1115
988
811
607
404
230
96
3
-48
-59
-35
13
70
124
162
177
166
132
76
-3
-107
-229
-357
-478
-582
-665
-723
-756
-760
-737
-692
-641
-600
-578
-577
-588
-604
-622
-643
-673
-709
-743
-772
-799
-826
-847
-848
-820
-761
-676
-580
-498
-443
-409
-385
-377
-389
-410
-418
-407
-381
-347
-308
-281
-276
-280
-268
-238
-211
-186
-146
-95
-54
-37
-38
-57
-97
-140
-156
-136
-107
-85
-60
-25
-8
-27
-66
-103
-141
-175
-185
-166
-151
-169
-210
-258
-318
-401
-478
-504
-466
-379
-250
-87
62
145
156
114
22
-122
-285
-414
-486
-516
-517
-490
-446
-405
-365
-300
-203
-101
-7
89
182
234
219
146
42
-80
-198
-280
-302
-276
-215
-111
44
220
376
500
601
677
713
714
691
644
570
486
424
391
370
362
392
478
599
735
876
1005
1095
1134
1135
1108
1042
938
828
744
687
641
610
605
619
639
674
733
795
832
848
856
841
784
686
571
450
329
223
157
128
118
120
143
176
192
185
170
151
114
62
7
-52
-132
-227
-319
-396
-459
-505
-517
-495
-461
-430
-403
-382
-385
-417
-461
-509
-562
-614
-651
-670
-685
-695
-692
-670
-638
-601
-557
-509
-464
-428
-402
-390
-403
-437
-475
-505
-522
-528
-515
-486
-445
-397
-342
-284
-231
-187
-145
-106
-81
-84
-114
-166
-228
-287
-327
-335
-309
-256
-185
-104
-28
26
48
51
48
38
18
-9
-40
-81
-139
-205
-258
-290
-305
-292
-238
-155
-81
-37
-15
-18
-60
-132
-191
-217
-219
-202
-155
-88
-41
-42
-70
-103
-143
-197
-231
-216
-175
-142
-114
-80
-63
-86
-120
-126
-105
-82
-52
1
64
96
92
78
63
30
-6
-7
35
90
146
219
303
369
403
423
439
444
435
432
444
457
456
453
457
462
460
463
484
517
553
593
637
675
698
709
710
700
678
648
614
576
537
500
469
450
443
448
461
476
491
502
507
501
485
460
425
383
334
280
219
154
92
42
6
-12
-14
-2
20
45
68
79
71
47
8
-44
-102
-161
-222
-284
-339
-380
-403
-412
-406
-380
-340
-297
-258
-225
-205
-208
-231
-262
-294
-334
-378
-413
-434
-447
-451
-435
-397
-348
-296
-241
-186
-144
-127
-129
-143
-169
-208
-247
-273
-288
-299
-304
-293
-269
-240
-207
-167
-127
-95
-76
-68
-70
-89
-126
-173
-212
-237
-249
-251
-240
-214
-186
-162
-141
-119
-107
-110
-119
-122
-129
-161
-215
-269
-317
-361
-389
-375
-320
-248
-170
-79
5
45
28
-21
-81
-154
-237
-303
-334
-349
-360
-354
-319
-276
-244
-206
-140
-64
-5
39
73
78
41
-24
-92
-155
-214
-255
-256
-214
-153
-82
0
84
153
204
251
290
310
309
294
267
226
178
134
102
90
104
147
212
289
366
432
481
511
527
530
516
488
455
421
383
342
308
286
273
279
311
362
413
454
486
506
505
482
444
398
346
292
248
215
183
150
127
122
132
148
172
201
224
236
238
226
193
141
82
31
-13
-48
-75
-90
-95
-92
-81
-62
-44
-31
-20
-8
1
-4
-22
-50
-84
-120
-153
-179
-197
-207
-206
-190
-162
-132
-105
-80
-56
-38
-32
-39
-57
-85
-117
-147
-170
-185
-196
-197
-185
-164
-139
-115
-94
-74
-59
-51
-51
-59
-77
-101
-124
-140
-154
-164
-168
-164
-153
-138
-120
-102
-87
-76
-67
-63
-67
-80
-97
-114
-128
-138
-144
-146
-148
-151
-154
-155
-161
-169
-173
-170
-163
-155
-144
-133
-128
-132
-141
-156
-177
-204
-229
-248
-259
-266
-267
-260
-251
-244
-240
-235
-229
-225
-220
-213
-205
-201
-203
-211
-222
-239
-257
-270
-271
-258
-236
-206
-171
-134
-103
-79
-62
-50
-45
-44
-41
-37
-34
-34
-35
-33
-26
-14
5
32
65
100
136
171
199
216
225
228
228
226
222
219
215
212
214
222
234
248
267
290
314
333
345
351
349
339
326
314
302
287
275
268
264
260
257
259
266
275
284
294
304
306
300
290
276
259
237
216
201
188
177
169
165
165
165
166
170
175
176
175
172
168
160
147
133
119
108
97
89
85
85
88
93
101
108
114
117
118
117
113
105
93
80
67
55
45
37
34
34
36
40
44
49
50
48
44
42
38
29
17
5
-7
-24
-43
-58
-70
-80
-89
-91
-87
-83
-82
-82
-81
-85
-96
-111
-125
-140
-160
-179
-193
-205
-222
-241
-255
-263
-270
-270
-260
-241
-220
-202
-188
-181
-187
-207
-234
-263
-291
-317
-338
-350
-354
-353
-346
-334
-318
-298
-277
-259
-242
-229
-226
-231
-243
-258
-276
-294
-309
-315
-312
-301
-280
-250
-214
-179
-146
-114
-89
-73
-66
-64
-65
-73
-83
-90
-93
-92
-85
-67
-42
-13
17
48
77
99
115
126
132
133
131
126
121
113
105
102
104
111
125
143
164
183
200
212
216
212
202
189
173
157
143
132
124
120
121
127
134
141
149
157
163
164
162
157
148
136
126
117
106
96
93
94
96
100
107
115
121
124
129
134
135
131
130
130
128
124
122
124
125
125
128
136
142
145
150
158
163
165
166
168
168
164
159
156
151
144
137
133
129
124
120
118
116
114
112
110
106
100
94
85
74
60
46
31
15
-1
-15
-27
-39
-49
-56
-61
-68
-75
-81
-87
-96
-109
-122
-135
-152
-172
-192
-208
-225
-241
-255
-266
-275
-284
-290
-293
-294
-295
-297
-298
-302
-310
-321
-335
-348
-360
-370
-378
-381
-380
-378
-375
-370
-363
-356
-349
-342
-332
-323
-318
-317
-315
-313
-314
-316
-315
-310
-302
-292
-277
-257
-237
-218
-197
-175
-155
-139
-128
-117
-108
-104
-102
-98
-90
-81
-70
-52
-30
-8
12
30
49
66
78
89
99
108
114
119
123
126
127
128
134
146
160
174
187
201
213
220
225
227
227
225
224
224
223
219
216
215
218
224
233
242
250
255
259
261
260
255
251
248
245
241
237
233
226
220
220
225
231
237
243
250
252
250
244
237
228
219
214
212
212
210
208
209
213
216
218
219
221
222
222
219
214
207
198
189
181
175
168
163
159
158
158
156
152
147
142
135
125
116
108
99
88
77
67
56
42
28
17
10
3
-4
-8
-12
-18
-27
-37
-46
-56
-66
-77
-86
-96
-107
-117
-126
-134
-142
-147
-151
-153
-156
-159
-163
-168
-172
-177
-180
-184
-189
-195
-200
-204
-208
-211
-215
-216
-216
-214
-212
-212
-212
-213
-212
-212
-211
-210
-208
-207
-206
-204
-201
-198
-196
-193
-188
-181
-175
-170
-164
-157
-151
-144
-137
-130
-126
-123
-119
-112
-107
-102
-96
-87
-78
-70
-61
-53
-46
-41
-34
-27
-21
-16
-11
-6
-1
4
8
12
15
19
26
35
42
45
49
54
57
58
59
60
61
63
67
74
78
81
85
89
92
91
92
94
95
93
94
99
102
104
107
112
115
115
114
115
116
116
117
121
125
128
129
131
132
130
127
125
126
126
127
129
133
136
138
140
141
141
139
137
136
135
132
128
124
121
118
115
112
110
109
107
104
103
101
96
89
83
78
71
64
59
55
51
46
40
34
27
21
15
10
5
-2
-9
-18
-27
-37
-46
-56
-66
-74
-80
-86
-94
-100
-107
-115
-124
-131
-135
-140
-147
-153
-155
-160
-169
-179
-187
-195
-207
-219
-224
-228
-234
-240
-241
-240
-240
-244
-248
-252
-259
-267
-273
-275
-278
-282
-283
-279
-276
-276
-273
-269
-266
-263
-259
-253
-246
-240
-234
-228
-221
-215
-209
-202
-194
-185
-173
-161
-150
-139
-128
-115
-105
-95
-84
-73
-60
-46
-31
-18
-7
2
13
26
38
49
62
75
87
98
108
116
123
128
135
143
149
154
159
163
168
175
182
187
191
196
202
207
210
210
210
211
210
209
209
209
208
207
206
207
207
206
206
206
205
203
200
196
192
186
182
179
176
171
166
163
161
158
154
154
155
154
150
147
145
142
136
130
126
124
120
115
111
108
103
99
95
93
92
90
88
86
83
77
70
64
59
54
49
45
42
38
34
30
28
26
22
18
14
10
5
-1
-7
-12
-17
-23
-28
-32
-36
-40
-44
-47
-49
-51
-54
-58
-63
-68
-73
-76
-78
-82
-85
-87
-90
-95
-100
-106
-110
-113
-116
-116
-115
-117
-121
-125
-127
-129
-134
-137
-139
-140
-140
-140
-141
-142
-144
-143
-141
-139
-138
-135
-132
-130
-129
-128
-126
-124
-123
-120
-115
-111
-109
-106
-102
-96
-91
-85
-80
-75
-72
-69
-64
-59
-56
-52
-47
-39
-33
-28
-24
-20
-15
-10
-4
2
7
10
15
20
24
27
28
32
37
42
45
50
56
59
61
63
65
68
71
75
79
82
83
84
85
85
85
85
89
93
96
97
99
102
104
104
103
105
106
105
103
102
103
102
100
99
99
100
100
99
97
96
95
93
92
90
85
81
79
77
74
72
69
67
64
61
60
58
57
54
50
46
42
38
34
28
21
16
13
9
6
4
2
-3
-9
-14
-18
-21
-25
-30
-33
-37
-42
-48
-53
-57
-62
-66
-68
-70
-74
-77
-79
-82
-86
-90
-92
-94
-96
-100
-103
-105
-107
-110
-112
-115
-118
-121
-121
-119
-119
-120
-120
-121
-121
-123
-125
-126
-128
-130
-131
-130
-128
-127
-126
-125
-124
-121
-119
-117
-116
-114
-111
-110
-109
-107
-105
-103
-103
-102
-98
-94
-92
-88
-83
-78
-75
-73
-71
-68
-66
-65
-63
-60
-56
-54
-51
-47
-43
-39
-36
-32
-28
-24
-21
-19
-17
-15
-13
-10
-8
-5
-3
0
4
7
10
12
15
17
20
21
23
26
28
29
31
33
36
39
41
43
46
49
52
55
58
60
62
63
66
69
71
72
74
76
78
80
81
84
86
88
89
89
91
93
95
96
96
96
97
98
99
100
99
99
100
101
102
101
101
102
101
100
98
97
96
96
95
93
91
89
86
85
83
81
79
78
77
74
71
68
64
60
56
54
53
52
49
45
41
38
34
31
27
23
19
16
13
11
8
4
1
-1
-4
-8
-10
-13
-15
-17
-20
-22
-25
-27
-28
-29
-30
-33
-35
-36
-37
-38
-39
-39
-40
-43
-45
-46
-45
-45
-46
-46
-45
-44
-45
-45
-45
-45
-44
-43
-42
-42
-41
-42
-41
-40
-39
-38
-36
-35
-33
-33
-32
-31
-29
-28
-27
-26
-25
-24
-23
-23
-21
-19
-17
-16
-14
-12
-10
-10
-9
-7
-3
0
0
0
1
3
6
8
9
10
12
14
15
15
16
19
22
25
26
27
28
29
30
31
33
34
36
38
40
43
44
46
47
49
49
50
51
53
55
56
56
58
60
61
61
60
61
64
67
68
67
67
66
66
66
65
65
65
65
65
65
64
65
65
64
63
62
62
61
59
57
56
54
52
51
50
47
43
41
41
40
37
34
33
31
28
24
23
23
21
16
14
13
10
6
2
1
-1
-3
-6
-9
-13
-17
-20
-22
-22
-23
-25
-28
-32
-35
-36
-37
-40
-43
-45
-45
-47
-51
-55
-56
-56
-57
-59
-60
-60
-61
-63
-64
-66
-67
-70
-72
-73
-73
-72
-74
-76
-77
-75
-74
-75
-76
-76
-75
-76
-78
-79
-78
-78
-78
-76
-74
-74
-77
-77
-75
-72
-70
-69
-69
-70
-70
-69
-66
-65
-66
-67
-65
-62
-61
-61
-60
-56
-53
-53
-54
-53
-51
-48
-48
-48
-47
-45
-42
-42
-41
-38
-35
-34
-34
-33
-30
-27
-27
-28
-27
-24
-22
-20
-19
-16
-15
-15
-13
-10
-7
-6
-5
-4
-2
-1
1
3
4
4
5
5
7
8
9
10
13
14
16
17
19
20
21
22
23
24
24
26
28
29
29
29
30
32
33
34
35
36
37
38
40
41
41
40
40
40
39
39
40
42
43
43
43
43
43
43
43
42
41
41
41
40
38
37
36
35
34
34
34
33
32
31
30
29
28
28
27
27
25
24
24
25
23
22
20
20
20
20
18
15
14
15
15
13
12
11
12
12
11
9
8
8
7
6
5
4
2
1
0
0
0
2
3
2
0
1
3
2
-1
-3
-4
-5
-7
-7
-6
-5
-6
-7
-6
-6
-8
-9
-8
-6
-5
-7
-7
-7
-8
-8
-8
-6
-5
-6
-6
-7
-7
-7
-7
-6
-5
-5
-5
-6
-6
-5
-2
-1
-1
-2
-4
-5
-4
-3
-1
0
-1
-3
-3
-2
0
2
3
2
1
1
2
3
4
4
4
4
4
5
4
4
5
6
5
4
4
7
9
8
6
6
9
9
6
4
5
8
8
6
7
10
11
10
9
11
11
10
9
9
10
10
9
10
12
12
11
12
13
15
15
15
16
16
15
14
15
16
15
14
14
15
14
13
14
16
15
12
10
13
16
16
13
12
13
13
11
10
11
13
13
11
10
11
10
9
7
6
7
8
7
7
7
6
4
3
4
6
5
3
2
2
2
2
0
-2
-3
-5
-5
-3
-2
-3
-5
-7
-8
-7
-7
-7
-8
-8
-8
-7
-8
-9
-11
-12
-13
-13
-14
-15
-16
-18
-20
-21
-22
-22
-23
-24
-25
-25
-25
-25
-26
-27
-27
-28
-29
-31
-31
-31
-31
-33
-34
-34
-34
-34
-35
-36
-37
-37
-38
-39
-41
-42
-42
-41
-40
-40
-41
-40
-39
-39
-39
-39
-39
-40
-40
-40
-39
-39
-41
-42
-42
-41
-41
-42
-41
-40
-38
-38
-38
-38
-37
-36
-36
-35
-34
-34
-34
-34
-32
-29
-27
-26
-24
-23
-21
-21
-21
-21
-21
-21
-21
-21
-20
-20
-18
-16
-16
-16
-15
-14
-12
-11
-10
-8
-6
-5
-4
-4
-2
0
2
3
5
5
5
4
6
9
12
13
12
13
15
16
16
16
15
15
16
17
19
20
20
21
23
24
25
24
25
26
27
28
29
28
28
28
30
31
31
30
30
29
29
27
27
27
28
28
26
24
23
21
21
21
21
19
16
14
14
15
15
13
12
12
14
15
14
12
10
10
11
12
11
9
8
8
10
11
11
9
8
9
12
14
14
12
9
6
6
7
6
5
5
5
5
4
1
0
1
2
2
1
2
3
4
3
2
2
2
3
2
2
1
0
-1
-1
0
-1
-2
-3
-4
-3
-3
-4
-6
-8
-6
-4
-3
-5
-7
-7
-6
-5
-5
-5
-5
-7
-7
-5
-3
-3
-4
-4
-2
-1
-2
-4
-5
-5
-4
-4
-3
-2
-2
-2
-2
-2
-1
-1
-2
-2
1
3
4
2
1
2
4
5
6
5
5
5
5
6
6
7
9
9
10
10
13
14
14
11
11
13
15
16
16
17
18
18
17
19
20
20
18
17
17
17
16
15
16
18
19
20
19
18
16
14
14
16
18
19
16
14
15
17
19
18
17
18
19
20
20
20
18
16
15
16
19
18
14
10
10
12
13
12
8
6
6
7
7
5
3
2
4
7
8
5
3
3
5
6
4
2
0
-1
0
1
1
-2
-5
-6
-5
-5
-7
-9
-11
-13
-13
-13
-13
-15
-17
-17
-16
-16
-18
-20
-20
-19
-20
-21
-23
-24
-26
-29
-31
-30
-29
-30
-32
-33
-31
-29
-28
-29
-30
-28
-26
-24
-24
-25
-27
-27
-26
-25
-26
-27
-28
-30
-31
-30
-28
-25
-23
-21
-20
-18
-14
-9
-6
-5
-4
-2
-2
-2
-3
-4
-5
-9
-11
-13
-14
-16
-17
-16
-15
-15
-16
-17
-18
-18
-18
-16
-15
-15
-16
-17
-17
-15
-10
-8
-9
-11
-10
-6
-1
1
3
5
7
7
7
6
4
2
3
5
4
2
2
2
0
-2
-2
-1
-2
-4
-5
-5
-6
-6
-3
2
3
0
-2
-1
1
3
5
8
6
1
-2
-3
-2
-1
-2
-5
-11
-15
-16
-14
-15
-18
-21
-25
-27
-28
-28
-29
-30
-29
-29
-30
-33
-34
-30
-25
-21
-20
-20
-20
-17
-9
2
13
26
35
33
24
24
38
48
40
22
6
-6
-16
-15
11
50
73
71
66
75
96
116
130
136
132
120
102
81
57
37
24
15
2
-18
-40
-57
-66
-68
-65
-62
-62
-66
-70
-70
-66
-58
-49
-38
-27
-14
2
18
34
46
53
52
45
32
14
-5
-18
-28
-42
-59
-71
-74
-73
-71
-62
-39
-6
18
20
5
-10
-6
20
50
58
36
0
-31
-49
-62
-76
-90
-97
-91
-78
-68
-59
-33
18
79
126
155
175
191
201
197
178
147
121
110
108
93
58
24
18
43
80
112
138
164
193
213
208
168
117
88
81
61
9
-58
-109
-135
-145
-147
-145
-138
-128
-116
-106
-96
-82
-55
-18
7
2
-25
-49
-58
-61
-74
-102
-131
-149
-163
-190
-217
-211
-169
-132
-125
-127
-113
-86
-57
-24
8
23
15
11
28
42
27
1
-1
12
7
-13
-23
-24
-30
-25
7
42
47
31
41
89
135
142
128
124
137
149
143
123
99
84
84
86
78
67
57
35
-2
-27
-21
5
25
24
5
-19
-27
-7
26
44
39
37
59
83
79
62
70
113
165
205
222
211
176
140
121
110
88
44
-17
-85
-154
-218
-265
-275
-235
-157
-84
-61
-99
-157
-192
-187
-154
-110
-72
-47
-33
-30
-47
-79
-92
-62
-13
4
-26
-71
-103
-124
-145
-164
-179
-194
-206
-204
-188
-175
-158
-111
-29
61
135
196
247
272
265
243
216
175
114
58
37
44
45
33
33
67
117
155
178
202
233
256
259
254
258
266
251
206
152
113
92
80
72
63
52
39
23
2
-9
13
56
74
48
12
-1
-3
-14
-19
4
24
-9
-87
-145
-150
-126
-111
-121
-165
-226
-247
-197
-126
-110
-146
-172
-152
-105
-60
-32
-26
-43
-67
-74
-76
-101
-157
-214
-248
-255
-243
-230
-243
-280
-292
-262
-226
-210
-177
-112
-62
-66
-84
-60
-5
26
24
23
28
8
-34
-45
-2
45
41
5
-7
18
40
27
6
35
116
170
140
74
53
79
100
94
74
48
23
23
47
50
2
-35
16
135
207
179
116
94
123
189
273
320
266
131
16
-13
14
45
59
57
35
-12
-64
-88
-69
-24
17
37
40
49
79
110
120
118
126
139
127
80
12
-34
1
142
309
373
294
178
135
163
179
148
95
21
-107
-271
-388
-422
-435
-478
-483
-352
-135
-10
-57
-139
-81
105
245
229
103
-51
-201
-313
-324
-244
-182
-208
-256
-251
-226
-246
-278
-227
-86
46
78
24
-28
-16
60
124
97
-7
-81
-63
-27
-69
-162
-208
-169
-82
12
79
81
22
-22
20
110
153
136
132
151
108
-22
-117
-52
135
276
268
149
31
-17
7
68
122
125
67
-4
-24
15
63
97
142
209
260
258
222
201
212
235
245
227
162
56
-35
-48
9
55
37
-24
-72
-74
-25
59
137
166
135
79
50
56
59
34
9
15
5
-79
-186
-182
-44
67
5
-157
-230
-172
-116
-133
-131
-50
10
-51
-160
-175
-91
-20
-21
-54
-91
-162
-265
-320
-265
-155
-102
-141
-212
-254
-256
-217
-131
-26
26
-14
-92
-117
-65
13
69
87
63
8
-17
33
90
42
-97
-182
-135
-28
36
44
30
12
5
32
86
112
103
137
258
362
318
152
29
57
188
286
255
109
-38
-83
-21
78
152
168
115
28
-4
71
194
246
190
104
66
68
73
80
87
54
-46
-178
-275
-283
-181
-28
42
-56
-229
-291
-161
60
204
201
113
55
67
93
55
-50
-150
-176
-136
-85
-66
-99
-181
-245
-198
-51
55
37
-5
68
229
329
277
119
-51
-163
-183
-112
-8
41
-11
-133
-252
-291
-204
-51
36
-9
-81
-40
99
205
216
187
159
91
-34
-131
-120
-38
20
34
40
32
-27
-95
-66
65
163
135
49
-2
-40
-103
-112
27
226
264
48
-265
-426
-327
-51
219
312
198
30
-38
-27
-29
10
200
421
359
-91
-617
-799
-529
-39
378
554
435
94
-222
-231
106
509
630
350
-132
-492
-541
-329
-45
139
118
-112
-409
-538
-373
-27
270
381
319
146
-83
-267
-251
21
380
540
363
-8
-288
-314
-166
-46
-47
-104
-146
-171
-171
-94
62
221
333
405
410
282
57
-77
11
194
197
-72
-400
-501
-320
-58
59
-8
-97
-45
134
305
377
319
109
-191
-350
-179
183
356
153
-224
-457
-437
-239
54
351
484
349
95
-20
56
133
72
-60
-118
-82
-53
-94
-130
-50
119
217
156
48
57
162
178
22
-144
-130
22
113
52
-68
-131
-96
31
208
307
196
-65
-217
-84
198
343
237
4
-204
-329
-331
-165
90
219
113
-82
-176
-187
-233
-270
-127
198
462
449
209
-45
-179
-193
-100
86
249
196
-119
-470
-564
-345
-37
122
100
-3
-124
-213
-143
141
425
405
80
-208
-181
85
306
298
84
-187
-340
-290
-131
-55
-114
-165
-102
-20
-16
1
152
360
439
328
121
-69
-150
-53
170
300
121
-312
-677
-699
-404
-14
273
367
249
2
-168
-44
378
821
952
683
225
-184
-459
-568
-437
-120
77
-112
-537
-733
-432
145
581
697
619
493
325
106
-54
-35
96
101
-168
-561
-758
-613
-274
40
241
306
179
-105
-318
-222
157
511
526
174
-246
-374
-145
104
2
-382
-561
-263
157
152
-277
-575
-352
168
490
414
130
-77
-81
73
226
198
-48
-311
-328
-101
77
-32
-294
-339
-2
459
624
367
-27
-202
-91
83
114
17
-62
-41
27
42
-52
-195
-203
58
437
545
191
-304
-415
-42
335
243
-219
-540
-414
-21
235
147
-126
-267
-163
-9
9
21
237
517
441
-75
-546
-500
-102
127
21
-147
-184
-178
-191
-134
16
128
132
99
79
19
-76
-68
99
235
106
-252
-550
-522
-158
247
279
-180
-705
-702
-98
521
565
96
-285
-138
364
684
503
-4
-389
-361
-29
194
-18
-556
-913
-648
118
739
657
8
-511
-390
191
664
695
390
29
-208
-259
-125
116
288
226
-67
-396
-523
-368
-40
258
350
189
-91
-234
-82
240
425
335
138
36
-16
-142
-253
-175
22
95
-2
-89
-95
-141
-248
-218
35
247
134
-176
-310
-151
71
168
195
238
222
55
-159
-192
15
222
145
-206
-495
-413
-29
263
148
-275
-593
-483
-5
472
586
277
-172
-390
-240
103
367
404
233
-40
-259
-268
-61
122
11
-354
-620
-509
-104
283
426
318
97
-60
-29
173
378
414
247
-31
-284
-370
-249
-135
-291
-575
-493
85
594
446
-164
-514
-275
214
545
645
504
61
-440
-480
26
483
390
-9
-177
-57
-22
-213
-353
-207
95
270
191
-61
-259
-143
295
673
613
215
-100
-118
-5
26
-40
-113
-147
-141
-137
-240
-454
-504
-86
593
855
374
-312
-425
75
513
434
80
-142
-226
-351
-427
-259
22
108
30
94
298
242
-168
-394
-3
591
584
-125
-759
-639
20
478
350
-101
-398
-321
4
285
309
125
-24
-10
2
-166
-343
-208
164
280
-95
-522
-435
85
419
265
-15
-5
191
211
-12
-221
-194
51
318
367
112
-220
-261
50
338
276
27
-53
-2
-136
-406
-344
205
692
489
-284
-829
-551
315
976
860
111
-605
-704
-174
457
634
285
-186
-377
-276
-147
-130
-110
60
309
392
163
-244
-495
-337
142
531
475
70
-242
-233
-130
-195
-297
-159
146
250
15
-266
-262
10
285
369
237
-41
-286
-255
110
497
486
26
-467
-544
-201
170
244
79
-42
-1
62
-32
-266
-438
-328
102
615
828
534
-67
-502
-436
45
516
586
217
-281
-560
-516
-285
-22
212
335
214
-93
-247
-18
334
344
-21
-300
-178
97
89
-212
-402
-223
102
199
9
-185
-135
132
391
421
158
-250
-481
-305
108
253
-113
-562
-478
79
391
91
-269
19
761
1053
461
-409
-668
-164
487
651
213
-478
-926
-784
-144
444
469
55
-184
57
399
368
96
81
394
529
144
-450
-700
-461
-17
299
308
15
-333
-383
-65
280
309
89
-67
-59
-44
-83
-33
133
172
-83
-395
-356
93
516
414
-191
-687
-508
174
591
255
-460
-727
-201
584
780
163
-601
-671
31
744
713
10
-608
-552
49
592
603
62
-602
-816
-386
232
391
30
-287
-129
265
366
61
-226
-90
352
610
375
-151
-479
-337
60
253
45
-314
-438
-204
166
344
220
39
109
339
305
-112
-430
-177
413
635
190
-467
-688
-332
207
466
280
-155
-449
-345
21
289
299
189
104
47
-18
-81
-128
-126
-21
162
240
61
-247
-383
-257
-57
77
180
205
-3
-334
-370
38
449
403
66
-47
126
129
-250
-585
-400
164
532
381
-90
-450
-417
-44
347
430
194
-47
-61
21
-18
-90
53
326
327
-94
-555
-590
-185
261
398
192
-160
-384
-273
115
382
168
-323
-445
78
678
587
-151
-674
-396
255
434
-12
-463
-421
-48
222
193
-39
-231
-124
283
579
365
-165
-390
-105
195
67
-222
-182
136
311
197
-50
-285
-327
41
617
727
70
-677
-656
6
425
246
-18
9
41
-139
-205
67
357
365
232
118
-119
-462
-468
66
543
287
-433
-733
-359
98
187
112
133
131
-3
-57
118
268
120
-143
-175
-30
-37
-222
-290
-156
-67
-132
-136
43
151
-36
-282
-183
218
458
280
-72
-233
-153
-24
53
143
250
198
-138
-564
-677
-299
284
565
308
-223
-519
-295
269
679
554
35
-300
-73
398
483
63
-345
-319
-26
127
48
-83
-182
-285
-308
-110
212
372
277
104
14
14
92
227
280
102
-200
-320
-163
21
-8
-162
-222
-170
-119
-62
68
181
113
-94
-209
-137
-20
15
13
29
13
-38
-3
138
187
16
-174
-110
124
169
-88
-340
-280
2
187
129
-48
-143
-70
92
175
101
-32
-61
59
194
169
-71
-365
-418
-86
376
459
-7
-519
-432
189
595
320
-234
-387
-57
237
134
-163
-251
-63
138
156
64
31
81
88
-39
-215
-241
-37
197
167
-133
-338
-137
293
457
159
-256
-348
-108
153
259
245
109
-156
-341
-191
166
315
123
-83
-51
42
-40
-151
-30
199
187
-68
-221
-135
-33
-34
51
273
304
-61
-443
-312
234
553
321
-98
-276
-275
-307
-263
11
239
82
-221
-149
248
366
0
-327
-186
125
141
-25
2
134
15
-253
-223
136
337
94
-312
-457
-234
162
467
450
59
-403
-464
-29
417
370
-81
-412
-311
46
295
269
54
-167
-267
-212
-37
155
216
59
-228
-391
-209
253
597
428
-157
-546
-277
355
607
189
-417
-587
-237
237
475
381
37
-313
-321
74
420
253
-235
-428
-121
282
410
320
179
-25
-258
-263
59
326
139
-270
-292
140
397
56
-468
-523
-134
141
69
-18
115
211
24
-191
-93
131
63
-210
-201
153
360
127
-237
-316
-124
16
-69
-227
-183
140
476
419
-87
-530
-367
219
506
210
-212
-306
-130
88
253
255
-3
-301
-266
43
158
-49
-115
203
387
-34
-580
-441
265
645
309
-219
-338
-60
220
231
-17
-314
-368
-62
322
339
-49
-364
-204
262
558
432
9
-398
-479
-124
376
501
104
-342
-370
-153
-143
-250
8
526
512
-280
-877
-350
717
936
87
-657
-484
84
237
-16
-208
-217
-191
-90
139
227
-37
-319
-175
240
447
355
178
-39
-267
-226
186
478
165
-437
-556
-53
412
346
3
-179
-162
-83
50
167
109
-32
28
233
201
-121
-260
43
345
132
-361
-472
-94
225
122
-152
-236
-137
-43
-16
-33
-87
-86
114
400
362
-140
-581
-345
385
734
239
-533
-698
-132
470
481
0
-406
-350
52
377
325
8
-204
-103
142
201
-25
-286
-269
26
252
114
-242
-349
-3
402
343
-98
-326
-99
160
77
-111
-41
143
42
-312
-477
-225
193
430
385
130
-184
-287
-36
276
205
-179
-337
-34
316
255
-120
-327
-127
228
349
144
-127
-177
16
217
201
9
-149
-171
-110
-16
67
36
-102
-142
15
149
60
-108
-117
-11
31
19
55
45
-125
-240
-26
262
120
-307
-305
257
597
187
-434
-472
17
338
170
-168
-336
-328
-195
85
370
382
110
-137
-144
8
150
193
92
-122
-268
-196
-39
-50
-177
-123
127
219
29
-85
107
267
62
-183
13
377
195
-484
-734
-116
595
526
-75
-361
-166
-5
-41
85
373
287
-269
-576
-183
346
314
-36
-37
236
157
-264
-316
168
405
-98
-636
-345
413
536
-162
-680
-301
414
512
-4
-320
-79
215
114
-108
-26
203
145
-162
-273
-63
126
96
67
154
74
-265
-406
-49
358
278
-81
-171
13
60
-92
-131
-17
-25
-131
-28
184
63
-273
-181
335
466
-68
-513
-313
65
40
-146
-9
260
166
-172
-258
-98
-32
16
269
384
-20
-482
-307
242
326
-95
-233
186
481
145
-350
-342
43
272
252
196
63
-235
-433
-233
183
355
139
-157
-184
48
223
144
-51
-126
-68
-10
13
44
35
-93
-213
-63
284
358
-38
-411
-270
129
248
89
-4
9
-19
-12
94
52
-248
-370
44
507
250
-492
-643
101
734
437
-284
-500
-147
155
80
-131
-123
117
233
-27
-385
-321
186
533
271
-283
-511
-316
-42
194
445
388
-235
-779
-381
566
800
64
-562
-350
167
261
53
-10
16
-94
-123
140
324
66
-260
-170
78
25
-126
39
284
116
-299
-349
26
266
116
-53
3
-4
-226
-255
158
515
266
-282
-388
3
215
-84
-379
-144
343
432
58
-226
-77
232
293
81
-151
-207
-49
198
281
76
-193
-219
-28
117
104
6
-107
-151
10
311
354
-78
-515
-321
298
482
27
-306
-61
199
-57
-410
-260
127
118
-203
-229
88
171
-133
-252
103
376
74
-361
-237
286
449
76
-228
-89
89
-98
-312
-40
429
360
-215
-422
96
562
226
-467
-556
20
427
222
-126
-103
115
117
-20
30
171
27
-311
-301
164
448
94
-432
-394
113
335
32
-201
24
234
-46
-384
-118
467
502
-116
-560
-259
374
571
152
-364
-414
-20
314
229
-98
-258
-127
69
153
197
225
88
-120
-51
197
58
-445
-495
146
575
170
-402
-307
156
200
-135
-197
90
196
3
-77
12
-38
-101
141
356
60
-361
-245
143
129
-139
-48
282
207
-241
-339
87
356
112
-132
-14
92
-47
-45
223
291
10
-173
-77
-28
-141
-139
51
151
42
-61
-23
13
-20
49
236
259
27
-172
-183
-146
-67
132
192
-102
-319
-10
374
131
-428
-376
296
580
47
-475
-261
202
182
-86
-26
174
40
-209
-88
226
219
-53
-137
-8
-36
-224
-182
91
119
-186
-302
24
355
285
7
-114
-48
66
186
242
79
-201
-221
50
121
-175
-294
60
331
91
-169
41
296
80
-186
108
512
183
-504
-403
374
503
-246
-576
42
485
55
-363
12
495
216
-399
-415
93
344
168
14
-32
-173
-187
139
307
-104
-519
-253
331
443
47
-317
-355
-109
287
530
262
-360
-575
-18
572
334
-371
-526
-32
309
154
-84
-124
-62
59
232
266
65
-143
-147
-41
10
14
28
-9
-138
-211
-80
125
150
-13
-148
-106
130
424
422
-60
-532
-349
260
459
63
-321
-341
-216
-75
183
372
132
-347
-401
103
456
163
-277
-182
252
377
106
-164
-253
-231
-102
101
204
96
-145
-330
-228
190
508
285
-220
-322
55
254
-31
-244
63
405
172
-249
-142
204
28
-386
-166
461
444
-229
-488
2
383
147
-124
72
283
7
-358
-226
179
304
194
141
-22
-422
-513
116
756
421
-552
-826
-40
635
286
-400
-323
295
391
-157
-416
-17
312
93
-145
35
179
-99
-312
-24
263
-25
-449
-252
317
351
-213
-470
-10
473
346
-92
-274
-146
56
174
100
-147
-273
-58
218
127
-242
-381
-94
252
284
86
-51
-70
-65
-23
66
61
-78
-104
127
302
36
-462
-513
103
667
379
-436
-630
89
648
264
-357
-258
230
213
-205
-229
182
328
61
-52
89
-79
-522
-392
401
714
2
-656
-284
436
378
-246
-402
71
378
140
-153
-102
37
-16
-70
43
63
-180
-345
-83
361
436
16
-438
-437
12
442
414
-26
-372
-220
201
280
-124
-405
-63
440
283
-377
-504
178
648
204
-426
-333
141
160
-172
-167
155
183
-98
-101
190
134
-298
-311
264
509
-50
-600
-360
244
387
50
-182
-62
91
-34
-271
-226
117
315
69
-304
-269
149
325
-38
-368
-87
380
244
-321
-471
-70
228
115
-61
-42
44
63
25
-68
-169
-111
124
232
-5
-280
-169
146
140
-132
-119
222
317
-21
-287
-133
158
204
12
-178
-197
-28
183
201
-42
-258
-123
228
305
-41
-342
-159
276
401
115
-179
-221
-153
-100
39
234
193
-146
-359
-118
241
195
-108
-95
209
188
-224
-371
-32
220
82
-63
-35
-131
-294
-20
573
590
-212
-778
-302
418
248
-413
-388
240
383
-115
-356
-43
181
36
12
308
372
-122
-599
-406
179
378
56
-222
-150
-22
-57
-43
163
269
7
-334
-260
157
317
18
-187
75
303
-20
-450
-297
195
283
-48
-202
-17
118
27
-60
-10
40
17
9
-17
-163
-243
-5
294
194
-141
-185
12
41
-10
139
207
-116
-356
10
467
158
-593
-607
270
796
224
-570
-544
21
306
232
126
-16
-184
-61
331
400
-96
-528
-259
376
498
-94
-616
-384
262
463
17
-404
-210
307
395
-33
-234
160
464
83
-407
-232
227
157
-244
-220
147
136
-265
-330
117
364
23
-311
-77
305
178
-266
-349
65
489
444
-81
-565
-424
172
385
-68
-452
-206
193
124
-141
-33
239
97
-255
-132
289
157
-440
-450
292
656
111
-443
-240
206
154
-193
-233
25
141
31
-33
11
-5
-58
-8
50
-8
-25
126
213
61
-76
35
170
44
-160
-94
143
137
-160
-310
-76
192
117
-100
-37
224
227
-69
-178
116
354
120
-287
-299
56
226
-7
-229
-66
257
287
-20
-304
-284
-8
262
282
56
-158
-160
-22
99
150
90
-101
-235
-85
195
202
-110
-310
-110
209
221
-32
-183
-103
51
163
162
-50
-291
-148
296
381
-67
-354
-58
262
66
-251
-113
200
86
-238
-107
324
279
-223
-355
48
250
2
-119
107
162
-153
-302
27
353
175
-234
-295
16
242
145
-131
-326
-197
269
571
207
-421
-390
303
598
-15
-647
-363
379
455
-193
-553
-156
318
238
-83
-99
103
142
44
78
190
96
-173
-251
-17
187
69
-173
-179
45
180
96
7
81
168
56
-146
-136
107
236
28
-244
-153
236
382
30
-376
-288
166
377
111
-229
-236
-5
127
78
-1
-44
-71
-24
127
199
27
-205
-159
156
360
210
-108
-257
-153
20
77
3
-100
-138
-82
2
27
-1
13
98
144
56
-77
-83
47
134
54
-104
-170
-106
-3
70
116
116
33
-83
-106
-13
60
14
-78
-63
110
302
257
-85
-383
-206
327
538
62
-554
-505
149
545
229
-262
-294
-19
59
-75
-72
101
164
70
58
174
167
-46
-192
-72
110
93
-31
-32
30
-56
-217
-157
126
243
-8
-277
-141
254
353
-21
-396
-274
192
410
123
-273
-269
91
305
84
-263
-268
42
195
-15
-247
-154
118
227
134
40
36
57
54
42
36
29
-1
-53
-87
-88
-109
-177
-181
14
298
333
11
-254
-79
226
150
-109
-9
273
141
-266
-297
59
229
93
22
45
-133
-341
-80
455
439
-172
-405
54
280
-142
-336
128
392
-32
-398
-177
140
154
141
196
-15
-363
-218
311
244
-515
-668
253
778
25
-612
8
675
157
-541
-173
473
198
-421
-241
333
178
-429
-340
287
266
-350
-381
206
298
-159
-177
263
282
-139
-263
-40
27
-36
106
250
15
-287
-96
291
120
-389
-276
384
438
-316
-690
-100
546
414
-111
-268
29
291
154
-208
-279
80
327
2
-494
-423
163
448
77
-316
-152
182
117
-69
116
331
42
-360
-179
330
382
-76
-384
-175
248
384
74
-347
-396
-24
278
125
-216
-216
105
218
-5
-74
168
197
-167
-299
95
374
84
-262
-162
37
-84
-209
54
334
72
-435
-378
258
583
142
-413
-327
201
415
60
-374
-334
112
357
31
-485
-530
-48
357
237
-155
-283
-33
203
106
-129
-103
143
168
-136
-321
-98
183
125
-77
-40
92
-55
-284
-66
419
350
-344
-649
-39
568
230
-511
-498
260
682
237
-413
-456
34
378
237
-101
-234
-93
116
181
44
-155
-201
-37
153
155
-11
-74
149
406
260
-198
-350
-10
235
1
-276
-170
48
38
2
135
129
-180
-280
189
583
157
-552
-435
309
443
-210
-537
-103
276
109
-76
79
171
-38
-132
105
183
-191
-450
-77
401
219
-350
-464
-36
277
132
-179
-250
11
289
189
-194
-302
30
255
-8
-334
-215
85
20
-249
-121
302
296
-158
-247
211
383
-81
-408
-92
282
132
-235
-297
-105
38
99
146
87
-103
-168
23
174
29
-158
-81
103
128
59
5
-90
-135
47
243
64
-284
-198
289
412
-107
-496
-107
496
383
-251
-404
117
438
83
-320
-148
221
153
-169
-140
179
187
-178
-313
10
254
49
-169
20
235
21
-240
1
385
232
-242
-311
30
175
-21
-142
-25
47
-30
-32
60
-2
-152
-44
207
132
-161
-142
82
-43
-336
-136
362
305
-289
-453
107
485
67
-453
-267
221
184
-199
-190
154
199
-71
-134
67
93
-135
-214
10
178
29
-178
-105
120
143
-30
-87
40
86
-59
-156
-37
111
65
-72
-73
39
67
-10
-34
42
93
64
39
48
11
-53
-4
146
184
27
-135
-134
-37
22
30
49
83
63
-35
-78
63
194
15
-276
-131
379
464
-133
-548
-76
600
391
-416
-556
132
434
-126
-454
125
610
91
-601
-314
468
476
-240
-484
108
547
155
-386
-234
243
178
-291
-316
145
233
-282
-490
161
765
258
-734
-646
502
936
-52
-850
-166
792
354
-774
-719
419
785
-138
-772
-139
608
258
-442
-213
492
326
-535
-630
285
779
103
-608
-244
501
373
-351
-417
240
436
-141
-386
156
387
-285
-690
27
744
288
-499
-279
493
502
-137
-251
244
294
-309
-542
-30
339
95
-131
-27
-57
-205
78
544
377
-253
-371
138
387
24
-290
-106
127
-23
-197
15
241
29
-234
6
406
245
-340
-505
49
604
345
-456
-634
182
767
131
-708
-309
677
563
-467
-710
132
588
33
-404
-4
313
-144
-441
171
655
63
-582
-160
463
146
-408
-141
398
243
-268
-316
14
194
188
165
-28
-388
-367
214
526
36
-382
57
515
57
-530
-187
449
271
-337
-360
105
276
55
-70
34
85
3
-19
18
-73
-183
-22
282
302
-6
-300
-329
-27
436
507
-108
-654
-255
548
514
-258
-520
27
374
22
-283
25
362
101
-296
-117
295
144
-378
-395
153
428
65
-340
-197
262
385
9
-310
-101
269
155
-259
-237
215
326
-99
-373
-117
201
154
-38
-54
24
36
91
238
208
-114
-326
-107
199
146
-97
-155
-54
31
91
44
-169
-209
188
540
262
-305
-372
83
391
221
-111
-228
-109
64
119
-28
-230
-118
336
483
-78
-598
-221
514
529
-17
-237
-118
-161
-177
158
367
17
-285
91
508
48
-739
-523
529
827
-70
-733
-258
413
320
-67
-40
150
45
-173
-144
72
195
109
-84
-204
-168
-75
-50
-44
75
240
188
-113
-278
-33
277
175
-142
-121
191
225
-146
-403
-164
302
407
-39
-479
-235
432
530
-111
-490
-79
325
57
-264
41
395
15
-510
-146
583
321
-580
-471
566
660
-468
-842
266
960
34
-914
-255
878
573
-598
-629
478
826
-64
-612
-60
423
65
-262
116
401
-113
-637
-211
567
469
-325
-508
190
606
85
-515
-298
291
346
-55
-173
104
217
-23
-205
-130
-53
-50
129
373
174
-389
-465
239
745
216
-637
-578
264
647
143
-365
-217
121
81
-84
-14
24
-177
-211
120
246
-151
-397
63
560
244
-371
-189
499
404
-462
-693
82
568
80
-391
-75
291
-11
-314
108
547
78
-617
-331
474
432
-287
-363
246
338
-267
-456
114
463
84
-252
-17
142
-213
-327
284
694
131
-559
-326
339
387
-52
-169
43
14
-195
-54
296
213
-196
-173
262
258
-305
-515
0
441
177
-337
-378
27
341
307
101
-66
-130
-79
25
32
-67
-83
31
86
30
20
58
15
-1
166
286
38
-359
-370
42
336
161
-187
-262
-90
15
2
65
205
192
-63
-344
-340
9
323
167
-242
-237
209
349
-68
-310
55
364
26
-385
-114
377
143
-491
-349
516
740
-66
-636
-199
345
120
-317
-171
219
134
-234
-208
142
167
-174
-242
121
275
-102
-409
-77
499
504
-141
-639
-352
327
488
-22
-395
-127
245
92
-277
-196
238
344
-60
-398
-195
281
436
105
-331
-428
-121
234
213
-132
-273
-11
167
-73
-253
69
414
141
-388
-327
276
517
46
-443
-323
108
271
135
-45
-242
-375
-156
340
495
31
-463
-333
200
389
34
-295
-126
240
196
-278
-541
-122
572
632
-146
-790
-398
488
604
-120
-506
-22
468
222
-233
-157
104
-116
-430
-78
514
337
-364
-461
74
221
-192
-260
239
412
-125
-511
-116
364
133
-356
-290
112
184
2
-52
-83
-179
-26
314
209
-374
-556
50
580
262
-327
-233
271
188
-430
-556
51
488
214
-269
-384
-161
106
207
58
-200
-269
-70
162
197
24
-199
-266
-81
167
163
-96
-208
47
261
-15
-411
-209
373
356
-331
-555
158
716
175
-684
-549
389
761
87
-589
-336
313
308
-232
-321
129
174
-351
-412
301
616
-100
-680
-80
736
339
-671
-593
435
623
-297
-613
179
493
-272
-628
89
500
-94
-436
178
537
-159
-683
40
844
233
-899
-687
494
709
-230
-680
-77
459
256
-137
-214
-131
-115
-128
-61
98
203
56
-290
-455
-173
281
374
13
-309
-208
74
131
-11
-118
-161
-143
19
178
45
-242
-250
22
190
136
34
-37
-58
-12
-36
-164
-63
317
316
-366
-790
-107
862
657
-505
-933
-51
719
297
-418
-318
85
9
-88
220
263
-220
-343
146
279
-205
-302
261
406
-265
-581
133
699
97
-630
-207
496
93
-647
-240
653
441
-470
-508
235
369
-218
-312
348
594
-111
-718
-334
334
237
-325
-370
122
359
93
-156
-74
68
16
-84
-59
-27
-113
-157
8
213
176
-54
-205
-219
-195
-58
215
262
-93
-307
13
266
-120
-513
-132
504
442
-98
-214
95
87
-277
-286
140
258
-77
-157
103
22
-262
74
642
237
-781
-804
260
796
180
-419
-222
76
-80
-87
360
393
-318
-590
156
585
-167
-742
-12
750
157
-695
-162
903
545
-794
-873
496
1035
-118
-957
-107
881
353
-636
-353
547
318
-676
-626
409
603
-318
-631
180
560
-161
-564
169
712
21
-720
-202
625
262
-587
-354
450
256
-547
-401
447
471
-298
-431
299
627
59
-426
-168
190
63
-109
46
95
-138
-129
153
74
-294
-182
314
270
-320
-434
172
506
63
-324
-6
328
-42
-471
-98
479
183
-529
-329
612
744
-245
-779
-4
735
175
-698
-353
627
538
-475
-632
387
815
-133
-833
-84
773
272
-627
-362
513
508
-226
-440
18
245
-31
-230
-131
-65
-10
302
478
-18
-571
-200
573
408
-485
-619
228
657
9
-630
-266
468
405
-321
-536
117
609
142
-602
-500
313
696
194
-402
-331
85
146
-63
13
271
111
-349
-311
287
499
-101
-649
-311
465
634
10
-529
-233
463
485
-232
-545
32
440
-75
-573
-82
615
332
-425
-345
366
352
-394
-423
463
682
-208
-608
102
455
-129
-273
421
488
-417
-677
240
699
-102
-624
191
862
6
-948
-186
1046
508
-971
-898
533
938
-175
-931
-298
662
671
-153
-713
-333
457
608
-37
-539
-219
355
246
-345
-367
272
458
-127
-377
152
378
-160
-350
286
557
-171
-722
-171
598
439
-270
-454
-51
184
51
9
143
78
-165
-215
-106
-101
-81
127
277
162
-4
-62
-138
-189
2
276
219
-105
-186
60
121
-150
-171
291
497
-51
-565
-161
596
539
-203
-470
-5
247
-114
-275
215
503
-56
-619
-218
538
437
-326
-510
131
538
128
-359
-209
167
136
-78
-3
150
-25
-333
-312
63
421
413
15
-365
-265
187
391
144
-135
-156
-135
-232
-170
186
342
-93
-542
-243
417
494
41
-209
-181
-152
85
486
261
-625
-833
193
947
192
-846
-412
753
580
-701
-845
433
903
-174
-787
97
812
168
-617
-356
228
166
-146
-38
169
-34
-266
-9
309
83
-258
-49
333
207
-196
-304
-104
223
524
338
-448
-852
-101
858
637
-378
-665
2
373
-39
-248
211
347
-306
-615
51
546
104
-265
140
354
-249
-638
-47
570
241
-359
-177
367
219
-368
-327
266
399
-8
-172
-9
-27
-109
117
310
48
-243
-70
165
-59
-305
77
616
330
-529
-677
124
634
154
-453
-326
114
114
-204
-250
94
446
454
86
-389
-548
-169
411
523
-8
-481
-203
453
482
-245
-686
-133
673
576
-285
-662
-55
581
370
-172
-170
110
-76
-412
-67
602
452
-429
-662
184
792
162
-779
-648
250
530
-27
-301
185
526
63
-507
-310
307
410
-38
-234
99
301
-58
-401
-151
216
6
-382
-125
480
454
-158
-369
57
317
43
-180
-13
54
-190
-138
349
347
-443
-787
33
755
231
-563
-294
432
321
-294
-224
348
243
-484
-556
234
609
62
-379
-136
72
-120
-116
188
121
-286
-210
375
500
-125
-544
-142
333
94
-341
-159
287
196
-247
-332
-45
164
179
98
-35
-56
138
192
-216
-602
-231
598
731
-104
-723
-280
435
381
-88
-137
71
36
29
329
358
-258
-694
-179
569
418
-266
-259
322
226
-516
-439
677
1094
-65
-1237
-773
634
1143
383
-418
-414
-41
79
52
152
181
-78
-326
-161
279
436
50
-421
-310
252
388
-161
-480
59
645
306
-445
-420
248
329
-359
-567
220
755
89
-741
-412
501
574
-104
-293
211
374
-193
-584
-150
464
400
-117
-312
-109
-11
-84
40
298
200
-239
-367
63
431
214
-199
-188
109
116
-158
-170
140
227
-46
-161
54
114
-116
-147
126
182
-97
-184
99
290
161
26
-31
-301
-554
-100
724
535
-710
-1036
378
1353
88
-1554
-835
1308
1581
-474
-1749
-407
1411
1038
-775
-1365
-177
943
716
-226
-689
-294
443
709
192
-503
-536
111
643
459
-172
-523
-269
214
338
-34
-423
-227
446
670
-52
-794
-425
547
663
-186
-663
-151
455
343
-95
-186
-26
-13
-67
19
73
27
184
401
12
-757
-628
574
1137
45
-1167
-642
858
1057
-351
-1270
-410
905
899
-154
-734
-307
358
477
42
-376
-264
228
447
140
-222
-211
-8
67
41
48
-1
-168
-211
45
297
208
15
48
41
-258
-349
126
442
-69
-706
-468
294
516
90
-230
-142
11
103
304
376
-69
-583
-322
405
406
-365
-620
110
742
418
-332
-608
-266
226
391
99
-291
-241
244
453
-66
-647
-327
590
817
41
-624
-423
90
236
129
35
-90
-165
26
290
196
-165
-234
126
373
110
-291
-255
165
434
291
-60
-325
-326
-47
272
335
127
-153
-341
-298
29
312
152
-210
-151
286
392
-82
-552
-492
-53
333
417
108
-473
-737
-118
827
760
-399
-1027
-259
597
291
-340
-61
550
271
-537
-573
217
626
154
-393
-367
-89
74
244
323
-38
-520
-397
182
382
48
-233
-197
-70
10
17
-136
-314
-110
432
562
-136
-844
-549
337
562
26
-255
-35
-46
-379
-331
149
361
134
-50
-61
-154
-174
238
699
374
-574
-896
-92
723
501
-233
-413
9
337
215
-175
-413
-162
384
530
35
-411
-204
223
135
-259
-159
405
520
-74
-489
-155
327
335
131
49
-123
-390
-254
333
634
237
-287
-268
109
243
77
26
157
105
-192
-316
-63
218
129
-249
-449
-158
330
386
-67
-343
-30
320
99
-326
-214
302
403
-130
-580
-379
149
395
231
-131
-482
-506
6
570
412
-327
-643
-165
310
131
-239
-135
190
115
-203
-163
139
116
-176
-161
131
108
-249
-320
54
307
155
25
195
247
-138
-475
-219
282
328
-68
-347
-303
-154
3
225
373
208
-188
-409
-223
118
197
-45
-274
-225
-2
111
50
31
152
133
-220
-497
-214
297
301
-155
-322
18
285
126
-121
-131
-50
-46
28
196
110
-328
-566
-193
352
448
168
-80
-235
-344
-234
96
313
260
114
-70
-385
-596
-278
377
536
-103
-688
-355
457
653
84
-389
-232
204
351
49
-389
-439
67
570
404
-262
-597
-221
376
555
260
-119
-279
-191
30
206
201
120
149
142
-171
-491
-199
540
779
180
-455
-392
60
201
-34
-165
50
332
303
-56
-419
-413
45
591
661
97
-569
-671
-148
437
542
138
-335
-433
-150
162
284
284
182
-94
-334
-168
292
467
126
-304
-377
-153
50
88
-6
-160
-215
14
370
366
-119
-521
-366
78
334
344
180
-207
-567
-381
287
617
158
-473
-474
43
394
377
277
116
-259
-522
-236
261
244
-201
-311
75
291
-6
-319
-193
77
54
-97
-27
103
-36
-263
-179
114
192
11
-99
-31
14
-20
30
117
-39
-411
-537
-187
244
303
78
-56
5
76
43
-36
-98
-143
-157
-89
42
113
27
-147
-249
-185
1
180
232
142
13
-19
81
178
53
-293
-467
-101
508
632
81
-518
-581
-219
139
315
326
163
-92
-185
5
239
238
70
-43
-115
-226
-215
21
210
141
20
27
-12
-159
-110
227
430
215
-103
-163
-137
-287
-335
85
596
502
-83
-362
-94
160
63
-81
-27
34
-50
-107
4
133
106
-6
-49
-53
-129
-215
-145
77
256
246
48
-231
-417
-327
45
418
439
42
-430
-529
-188
211
310
154
-26
-146
-184
-45
210
298
107
-107
-138
-131
-231
-247
11
297
235
-74
-190
-53
-22
-169
-125
219
427
156
-335
-530
-245
228
407
84
-402
-493
-97
272
182
-150
-235
-67
-39
-201
-163
160
283
-87
-536
-517
-73
352
514
469
270
-84
-411
-397
1
387
355
-7
-248
-121
164
266
134
-16
-21
44
16
-121
-192
-23
323
562
440
2
-443
-583
-337
114
472
491
146
-293
-443
-173
265
501
352
-95
-525
-568
-151
350
501
268
-70
-309
-387
-243
93
337
204
-157
-308
-161
-65
-153
-107
190
340
100
-167
-85
154
179
31
-34
-26
-116
-210
-59
266
396
195
-103
-283
-320
-175
162
439
341
-49
-304
-203
39
133
72
12
-20
-93
-161
-94
81
162
47
-127
-170
-72
37
81
96
112
79
-65
-275
-403
-316
-15
326
439
193
-202
-367
-170
141
272
181
-8
-167
-174
27
276
281
-17
-308
-280
-10
186
177
86
16
-26
-16
35
-12
-185
-227
64
439
458
85
-276
-324
-156
10
144
279
322
198
14
-97
-159
-220
-219
-99
76
203
223
121
-62
-215
-245
-176
-95
-17
94
184
124
-76
-236
-248
-180
-72
109
251
149
-136
-260
-68
159
90
-215
-435
-404
-193
96
378
480
267
-117
-365
-352
-183
16
164
164
-6
-180
-158
40
187
125
-63
-171
-76
160
336
252
-78
-374
-378
-172
-51
-109
-140
26
277
374
224
-56
-267
-279
-93
148
248
124
-106
-235
-188
-62
42
135
236
272
177
40
31
146
175
1
-196
-185
-14
85
63
75
155
141
-25
-155
-85
67
85
-27
-87
-36
1
-45
-60
37
131
79
-54
-74
61
188
160
17
-113
-174
-181
-139
-46
46
85
96
117
99
-12
-140
-156
-47
85
160
134
-13
-208
-267
-99
134
193
80
9
68
107
14
-96
-96
-36
-7
17
86
149
131
30
-91
-143
-65
91
165
63
-95
-107
36
135
81
-3
2
40
48
92
206
256
133
-61
-154
-121
-52
14
94
156
137
57
7
2
-28
-95
-115
-40
76
154
168
132
81
56
67
69
13
-55
-37
81
181
164
63
-25
-78
-127
-150
-82
69
194
199
111
33
25
52
43
-31
-114
-127
-64
-12
-27
-62
-54
-26
-32
-60
-51
2
54
94
137
138
24
-157
-230
-115
45
51
-108
-261
-259
-108
68
160
167
160
158
111
-2
-104
-110
-50
-36
-107
-192
-219
-190
-114
18
158
177
22
-174
-230
-131
-33
-52
-130
-144
-94
-87
-141
-130
13
156
140
0
-106
-133
-166
-216
-173
-9
117
67
-74
-130
-79
-37
-56
-88
-103
-119
-128
-101
-50
-26
-45
-68
-62
-39
-20
11
85
168
157
-1
-197
-239
-67
143
170
19
-88
-20
112
143
81
52
100
140
110
57
74
164
223
172
54
-24
-12
50
115
174
222
217
135
41
22
78
139
177
216
256
253
202
163
176
208
208
170
117
75
65
105
175
216
194
156
169
238
313
351
339
276
178
94
78
124
170
174
154
148
158
160
142
114
109
156
230
259
201
107
62
79
92
66
25
-7
-43
-61
-18
48
25
-80
-111
9
148
151
56
3
20
18
-32
-59
-35
-25
-63
-101
-108
-121
-165
-211
-230
-215
-174
-146
-173
-222
-206
-121
-94
-201
-345
-388
-356
-381
-471
-500
-432
-378
-409
-456
-463
-472
-506
-506
-436
-360
-352
-403
-461
-508
-549
-577
-583
-591
-617
-618
-558
-480
-455
-477
-482
-439
-379
-329
-280
-233
-216
-249
-302
-324
-313
-304
-304
-277
-211
-154
-139
-131
-80
-6
37
52
92
165
216
208
184
210
281
331
328
308
316
354
393
423
457
497
520
521
534
598
684
732
725
711
719
739
756
778
796
790
766
756
775
802
816
823
826
810
780
764
767
751
707
677
676
661
612
573
577
599
599
581
565
543
499
447
413
396
381
368
351
311
258
244
272
276
226
183
200
231
219
193
200
202
134
28
-14
22
45
4
-48
-67
-83
-121
-142
-120
-90
-99
-145
-197
-231
-243
-239
-242
-276
-335
-380
-392
-392
-405
-437
-490
-560
-607
-591
-548
-551
-598
-633
-634
-646
-695
-755
-807
-865
-933
-979
-997
-1035
-1117
-1196
-1219
-1209
-1213
-1221
-1191
-1123
-1049
-994
-960
-933
-900
-878
-906
-979
-1027
-988
-899
-868
-935
-1025
-1046
-997
-934
-878
-806
-706
-585
-450
-317
-227
-205
-220
-211
-162
-116
-120
-147
-119
-9
104
154
175
247
372
486
567
641
712
754
782
847
944
994
969
946
984
1036
1055
1076
1128
1165
1169
1204
1304
1387
1374
1315
1308
1342
1330
1263
1224
1244
1255
1207
1131
1062
997
937
903
894
866
802
731
695
699
703
654
546
422
341
314
300
261
199
146
108
67
20
-19
-43
-57
-64
-70
-93
-146
-211
-256
-281
-310
-343
-346
-312
-282
-291
-310
-286
-228
-200
-220
-236
-211
-182
-188
-207
-201
-181
-168
-133
-55
24
44
19
18
59
84
54
-4
-46
-68
-84
-89
-85
-91
-106
-118
-131
-158
-203
-255
-305
-344
-361
-368
-403
-487
-590
-660
-692
-728
-793
-865
-927
-1000
-1103
-1219
-1320
-1407
-1490
-1556
-1565
-1498
-1386
-1286
-1223
-1171
-1098
-1030
-1023
-1098
-1209
-1300
-1361
-1415
-1466
-1497
-1506
-1510
-1499
-1432
-1286
-1091
-899
-732
-588
-471
-401
-375
-373
-382
-402
-414
-383
-304
-223
-174
-121
-3
185
384
549
695
843
983
1096
1190
1273
1326
1333
1313
1312
1349
1407
1460
1505
1552
1611
1682
1749
1787
1794
1801
1844
1907
1935
1906
1856
1828
1811
1767
1693
1615
1549
1482
1396
1295
1187
1085
1015
998
1014
1017
981
925
866
793
691
564
424
275
131
20
-49
-106
-179
-245
-266
-251
-251
-287
-335
-375
-425
-503
-596
-673
-725
-762
-785
-777
-738
-697
-685
-695
-691
-668
-659
-681
-702
-681
-628
-588
-573
-547
-491
-429
-381
-322
-226
-131
-96
-127
-169
-179
-165
-155
-143
-106
-45
2
6
-20
-46
-63
-84
-123
-175
-220
-244
-251
-268
-317
-394
-461
-483
-468
-461
-504
-601
-726
-854
-978
-1105
-1244
-1383
-1492
-1555
-1580
-1574
-1510
-1365
-1162
-961
-809
-716
-687
-742
-876
-1040
-1189
-1324
-1468
-1610
-1713
-1741
-1684
-1540
-1326
-1089
-876
-690
-506
-324
-198
-173
-226
-294
-338
-371
-412
-443
-425
-333
-181
0
194
403
621
825
985
1100
1192
1275
1342
1393
1439
1479
1492
1473
1468
1522
1624
1714
1762
1790
1826
1860
1883
1912
1969
2039
2090
2120
2144
2156
2128
2054
1957
1855
1743
1611
1473
1346
1239
1161
1116
1098
1086
1074
1072
1072
1042
958
842
717
573
383
162
-38
-182
-276
-336
-356
-341
-322
-326
-346
-375
-430
-524
-623
-681
-710
-768
-874
-978
-1030
-1044
-1060
-1072
-1052
-1003
-963
-946
-939
-928
-913
-887
-836
-769
-716
-684
-651
-595
-528
-477
-446
-425
-399
-357
-294
-230
-199
-210
-236
-239
-208
-165
-135
-123
-114
-94
-74
-73
-96
-129
-162
-206
-274
-352
-415
-464
-505
-534
-554
-599
-700
-830
-929
-978
-1012
-1071
-1165
-1277
-1386
-1463
-1479
-1421
-1299
-1127
-927
-746
-641
-627
-680
-798
-996
-1245
-1456
-1558
-1561
-1522
-1473
-1396
-1270
-1098
-893
-670
-461
-309
-232
-198
-170
-166
-236
-382
-526
-580
-521
-391
-223
-16
223
475
730
982
1188
1291
1299
1295
1339
1394
1402
1369
1351
1380
1442
1518
1605
1707
1827
1970
2116
2206
2200
2136
2084
2079
2100
2122
2132
2124
2103
2082
2061
2006
1886
1726
1584
1484
1404
1320
1243
1190
1164
1164
1178
1173
1112
1007
892
767
590
347
93
-97
-210
-283
-344
-380
-373
-337
-301
-286
-299
-349
-441
-573
-721
-857
-970
-1075
-1177
-1255
-1282
-1262
-1225
-1195
-1164
-1111
-1036
-971
-942
-951
-972
-981
-967
-936
-903
-875
-852
-823
-778
-713
-639
-573
-519
-474
-430
-384
-338
-303
-284
-271
-233
-161
-94
-89
-145
-187
-158
-92
-77
-148
-257
-347
-401
-429
-441
-450
-477
-527
-573
-594
-615
-679
-787
-901
-995
-1084
-1197
-1337
-1476
-1570
-1570
-1447
-1211
-919
-657
-476
-380
-358
-436
-657
-1002
-1351
-1567
-1619
-1582
-1533
-1465
-1329
-1110
-835
-544
-280
-92
5
31
15
-59
-216
-426
-596
-642
-558
-396
-204
9
255
536
818
1055
1220
1316
1359
1362
1349
1346
1354
1339
1297
1285
1366
1521
1662
1745
1816
1933
2071
2158
2168
2141
2115
2099
2098
2136
2204
2243
2206
2113
2015
1914
1776
1599
1444
1368
1363
1379
1382
1362
1322
1273
1233
1195
1131
1022
877
710
510
270
28
-164
-284
-356
-388
-371
-308
-229
-168
-143
-172
-268
-421
-593
-751
-892
-1028
-1150
-1239
-1290
-1320
-1342
-1344
-1308
-1232
-1138
-1047
-976
-938
-942
-982
-1030
-1059
-1063
-1056
-1042
-1010
-952
-883
-822
-772
-714
-628
-512
-388
-279
-200
-150
-128
-133
-155
-168
-154
-124
-105
-114
-143
-181
-217
-242
-248
-245
-249
-259
-253
-232
-227
-266
-335
-406
-480
-586
-733
-887
-1007
-1093
-1171
-1261
-1343
-1392
-1406
-1399
-1351
-1212
-976
-712
-506
-383
-326
-358
-536
-854
-1203
-1466
-1621
-1702
-1710
-1610
-1405
-1150
-883
-606
-326
-89
63
117
83
-37
-231
-446
-609
-671
-630
-514
-348
-134
135
435
721
967
1191
1396
1532
1545
1458
1346
1265
1214
1189
1213
1295
1407
1527
1667
1828
1977
2084
2163
2232
2277
2271
2222
2169
2143
2143
2140
2107
2040
1963
1895
1823
1717
1582
1467
1399
1359
1327
1319
1344
1373
1375
1347
1296
1201
1041
815
550
271
3
-222
-365
-402
-353
-276
-223
-197
-155
-87
-52
-119
-273
-440
-604
-806
-1049
-1267
-1404
-1463
-1459
-1393
-1284
-1173
-1089
-1028
-977
-947
-942
-956
-992
-1062
-1139
-1176
-1172
-1176
-1192
-1161
-1052
-912
-786
-670
-551
-451
-388
-344
-289
-229
-191
-178
-170
-155
-140
-134
-146
-183
-218
-215
-182
-168
-181
-180
-139
-80
-37
-23
-43
-91
-149
-205
-279
-393
-529
-643
-735
-854
-1009
-1130
-1155
-1118
-1102
-1149
-1238
-1318
-1331
-1247
-1089
-905
-729
-565
-428
-357
-406
-611
-953
-1331
-1604
-1693
-1644
-1558
-1461
-1283
-979
-614
-305
-106
3
68
103
76
-53
-277
-521
-692
-741
-672
-513
-299
-50
238
580
952
1272
1466
1530
1523
1484
1410
1295
1180
1116
1127
1197
1293
1392
1503
1652
1838
2027
2183
2299
2381
2412
2374
2271
2146
2046
1994
1981
1970
1925
1840
1745
1672
1617
1555
1494
1470
1496
1537
1546
1512
1451
1372
1267
1135
980
791
557
298
73
-75
-160
-218
-251
-235
-170
-96
-53
-52
-85
-151
-262
-428
-640
-866
-1068
-1227
-1345
-1419
-1434
-1384
-1296
-1213
-1147
-1080
-1003
-939
-914
-926
-959
-1003
-1062
-1144
-1235
-1297
-1304
-1265
-1198
-1101
-968
-821
-688
-568
-439
-305
-203
-152
-132
-124
-136
-178
-230
-269
-289
-292
-266
-218
-173
-137
-90
-29
23
51
70
86
86
56
-7
-101
-221
-353
-479
-593
-700
-793
-857
-896
-930
-955
-955
-953
-993
-1067
-1132
-1174
-1193
-1154
-1021
-821
-629
-493
-432
-480
-674
-987
-1316
-1568
-1710
-1737
-1642
-1452
-1223
-976
-694
-398
-159
-17
42
34
-49
-205
-416
-653
-858
-951
-887
-696
-435
-126
231
610
965
1260
1475
1569
1517
1375
1228
1100
974
880
875
965
1118
1315
1539
1747
1912
2063
2232
2387
2465
2451
2379
2265
2112
1958
1867
1844
1836
1819
1810
1801
1763
1698
1644
1617
1612
1623
1639
1630
1575
1481
1359
1213
1053
897
739
556
348
159
22
-79
-163
-198
-160
-85
-31
1
25
10
-85
-249
-445
-659
-885
-1096
-1259
-1371
-1439
-1461
-1419
-1318
-1192
-1076
-990
-947
-947
-972
-1007
-1057
-1126
-1193
-1239
-1270
-1298
-1318
-1311
-1253
-1132
-969
-808
-671
-544
-413
-310
-267
-271
-273
-245
-200
-169
-170
-200
-240
-255
-218
-147
-86
-37
36
150
259
298
251
162
92
57
18
-60
-168
-277
-372
-444
-479
-482
-487
-511
-536
-553
-601
-712
-857
-980
-1084
-1217
-1369
-1450
-1379
-1175
-910
-651
-441
-306
-255
-318
-550
-947
-1374
-1660
-1751
-1723
-1654
-1549
-1368
-1095
-760
-421
-159
-33
-23
-52
-99
-224
-473
-787
-1039
-1120
-999
-739
-440
-143
192
586
967
1230
1345
1360
1321
1240
1128
1020
935
876
868
948
1109
1303
1497
1707
1933
2147
2318
2428
2459
2401
2271
2112
1969
1874
1839
1847
1863
1861
1846
1826
1799
1766
1743
1738
1734
1713
1688
1671
1630
1523
1364
1202
1049
883
688
488
315
186
99
50
27
22
34
63
95
98
47
-64
-229
-435
-657
-859
-1026
-1173
-1308
-1387
-1362
-1258
-1159
-1111
-1075
-1009
-947
-953
-1026
-1112
-1183
-1262
-1355
-1424
-1443
-1422
-1368
-1275
-1149
-1018
-897
-781
-672
-580
-508
-452
-413
-398
-409
-436
-457
-449
-393
-298
-197
-118
-49
27
100
160
216
258
253
202
162
157
140
83
23
-3
-7
-14
-30
-55
-103
-167
-213
-235
-282
-374
-457
-498
-561
-697
-846
-949
-1052
-1208
-1360
-1403
-1316
-1143
-924
-689
-480
-332
-264
-308
-515
-877
-1288
-1628
-1855
-1958
-1899
-1688
-1422
-1161
-856
-492
-185
-44
-44
-111
-236
-429
-657
-870
-1054
-1174
-1146
-921
-581
-239
92
453
803
1053
1199
1271
1238
1072
859
727
699
718
763
866
1051
1307
1600
1884
2097
2208
2256
2296
2305
2228
2084
1952
1873
1838
1844
1900
1975
2032
2057
2054
2014
1941
1862
1798
1749
1715
1702
1690
1632
1515
1384
1272
1145
966
782
659
576
458
302
187
161
179
179
143
89
24
-61
-173
-312
-478
-663
-843
-992
-1101
-1176
-1216
-1216
-1183
-1134
-1079
-1030
-1008
-1041
-1124
-1219
-1296
-1366
-1448
-1526
-1548
-1497
-1411
-1326
-1233
-1110
-968
-840
-746
-687
-658
-658
-678
-698
-702
-679
-628
-552
-453
-343
-230
-119
-15
73
138
187
230
250
223
155
92
70
74
69
63
98
172
225
219
184
162
142
91
9
-71
-129
-178
-253
-365
-490
-595
-679
-766
-865
-968
-1068
-1161
-1211
-1158
-984
-750
-538
-368
-242
-207
-331
-616
-994
-1387
-1711
-1888
-1909
-1832
-1687
-1438
-1075
-694
-400
-216
-118
-129
-282
-529
-776
-1001
-1222
-1379
-1364
-1177
-922
-652
-334
31
380
658
858
975
995
930
815
673
524
429
455
601
800
1014
1260
1530
1773
1962
2103
2187
2199
2165
2126
2072
1970
1846
1775
1797
1879
1970
2046
2104
2135
2140
2131
2110
2056
1963
1867
1804
1765
1704
1594
1453
1327
1241
1169
1068
931
789
671
587
533
493
447
394
352
306
212
55
-128
-295
-453
-613
-755
-850
-908
-959
-1006
-1028
-1020
-1003
-990
-980
-994
-1056
-1158
-1272
-1382
-1477
-1538
-1561
-1555
-1513
-1415
-1288
-1181
-1109
-1045
-984
-945
-921
-888
-858
-867
-904
-898
-821
-735
-687
-631
-513
-367
-243
-133
-19
68
95
81
58
34
10
-4
-5
6
42
109
185
236
254
258
254
229
187
145
89
-7
-121
-213
-305
-417
-492
-489
-479
-535
-595
-585
-579
-700
-911
-1060
-1082
-1038
-942
-735
-457
-271
-257
-341
-493
-792
-1226
-1615
-1826
-1877
-1797
-1561
-1211
-883
-662
-506
-368
-302
-368
-522
-687
-859
-1050
-1194
-1232
-1194
-1120
-964
-692
-352
-8
304
541
669
721
754
748
639
450
305
285
355
477
687
982
1254
1440
1618
1842
2020
2058
2020
2013
2022
1968
1860
1776
1744
1736
1759
1858
2008
2122
2167
2188
2196
2154
2067
2000
1963
1894
1758
1613
1514
1439
1335
1217
1145
1129
1114
1056
960
848
728
606
503
428
368
289
168
16
-134
-266
-386
-504
-603
-663
-701
-756
-829
-879
-900
-938
-1011
-1074
-1102
-1136
-1210
-1294
-1352
-1400
-1459
-1491
-1456
-1398
-1379
-1371
-1290
-1148
-1044
-1013
-999
-967
-959
-986
-1003
-981
-946
-912
-855
-755
-631
-517
-417
-321
-222
-125
-33
28
32
-7
-49
-80
-109
-112
-56
45
139
204
249
285
322
360
367
314
235
199
200
153
20
-130
-219
-273
-363
-468
-516
-515
-539
-602
-647
-664
-705
-803
-927
-1006
-964
-791
-577
-429
-361
-343
-406
-623
-982
-1363
-1649
-1811
-1834
-1680
-1370
-1033
-771
-573
-423
-378
-459
-589
-721
-889
-1082
-1197
-1207
-1199
-1202
-1101
-822
-463
-168
76
352
616
748
732
654
532
355
198
164
238
352
519
794
1140
1440
1636
1761
1858
1920
1944
1954
1952
1907
1824
1751
1723
1730
1766
1838
1936
2040
2143
2231
2267
2238
2171
2106
2049
1988
1914
1824
1717
1599
1475
1352
1243
1165
1120
1083
1033
973
923
880
821
742
648
524
354
171
7
-161
-351
-506
-569
-570
-582
-611
-623
-629
-674
-748
-806
-853
-945
-1089
-1226
-1326
-1422
-1514
-1547
-1507
-1447
-1393
-1311
-1203
-1128
-1112
-1110
-1084
-1062
-1090
-1147
-1174
-1151
-1119
-1104
-1075
-985
-839
-684
-563
-467
-370
-276
-216
-187
-149
-106
-109
-156
-168
-112
-53
-41
-30
35
129
205
264
320
343
323
316
357
359
240
79
13
23
-18
-122
-178
-161
-167
-247
-327
-359
-412
-541
-669
-718
-748
-850
-968
-969
-827
-638
-483
-374
-327
-378
-534
-768
-1069
-1414
-1692
-1759
-1608
-1382
-1190
-998
-760
-541
-446
-477
-565
-681
-836
-1006
-1132
-1205
-1257
-1271
-1172
-938
-633
-329
-58
172
360
508
598
587
467
307
208
204
255
333
467
687
962
1235
1456
1591
1651
1702
1788
1872
1900
1887
1874
1857
1807
1746
1725
1756
1811
1888
2007
2147
2235
2241
2198
2142
2073
2005
1955
1892
1784
1665
1582
1504
1371
1213
1119
1108
1109
1066
1007
968
931
864
769
650
493
314
153
7
-163
-338
-453
-500
-525
-544
-533
-506
-520
-598
-695
-782
-891
-1045
-1205
-1320
-1392
-1435
-1435
-1386
-1321
-1263
-1201
-1140
-1109
-1121
-1149
-1176
-1203
-1226
-1234
-1221
-1187
-1133
-1065
-1000
-933
-842
-723
-624
-580
-555
-496
-426
-404
-404
-357
-271
-208
-170
-105
-16
42
66
105
157
174
160
192
272
303
252
222
272
303
235
144
124
123
54
-35
-41
-2
-42
-155
-209
-187
-225
-382
-542
-613
-673
-806
-951
-1003
-959
-875
-746
-551
-360
-267
-269
-325
-492
-843
-1290
-1637
-1796
-1826
-1768
-1586
-1277
-940
-663
-453
-318
-327
-511
-767
-958
-1064
-1157
-1263
-1327
-1273
-1069
-770
-483
-259
-53
186
415
547
560
508
428
321
222
205
286
402
538
755
1045
1307
1484
1617
1723
1758
1733
1743
1821
1880
1852
1807
1831
1868
1824
1751
1778
1906
2021
2083
2153
2245
2280
2210
2085
1970
1865
1751
1646
1579
1537
1476
1388
1314
1266
1210
1125
1045
1000
958
871
749
643
547
402
204
45
-28
-96
-231
-363
-401
-393
-448
-553
-617
-633
-686
-797
-904
-970
-1038
-1134
-1216
-1250
-1270
-1304
-1320
-1295
-1255
-1222
-1181
-1135
-1110
-1104
-1094
-1086
-1103
-1129
-1131
-1100
-1049
-988
-919
-847
-766
-673
-586
-536
-510
-450
-349
-283
-293
-294
-217
-141
-150
-174
-97
45
136
168
220
302
341
319
293
283
247
189
169
190
178
121
93
115
128
109
100
92
18
-116
-222
-268
-336
-491
-670
-768
-793
-832
-927
-1041
-1121
-1123
-1015
-818
-617
-488
-420
-389
-443
-663
-1052
-1494
-1857
-2072
-2118
-1979
-1674
-1288
-925
-634
-422
-330
-416
-660
-949
-1184
-1343
-1429
-1425
-1335
-1199
-1042
-834
-559
-283
-68
114
320
502
565
511
439
374
273
160
154
316
567
818
1071
1358
1622
1779
1826
1826
1812
1786
1782
1828
1890
1913
1902
1898
1906
1901
1892
1922
2011
2118
2198
2245
2263
2238
2158
2043
1930
1829
1728
1618
1503
1395
1302
1228
1169
1123
1094
1080
1064
1026
963
872
740
558
351
159
-11
-177
-329
-422
-445
-439
-436
-416
-369
-361
-457
-627
-788
-932
-1103
-1284
-1400
-1437
-1452
-1469
-1442
-1353
-1266
-1230
-1203
-1136
-1072
-1080
-1150
-1227
-1291
-1339
-1331
-1249
-1145
-1080
-1031
-938
-808
-710
-673
-645
-578
-491
-434
-411
-400
-388
-374
-342
-276
-182
-86
-8
63
150
243
292
282
264
284
311
297
258
246
269
293
302
309
308
274
222
191
182
149
83
31
5
-47
-163
-311
-455
-591
-712
-792
-826
-839
-852
-879
-927
-980
-988
-906
-753
-600
-498
-465
-525
-713
-1023
-1392
-1749
-2022
-2115
-1971
-1649
-1280
-941
-656
-458
-389
-446
-595
-822
-1097
-1331
-1425
-1382
-1303
-1239
-1125
-892
-580
-272
2
252
466
618
690
676
581
435
286
181
171
290
533
839
1143
1413
1640
1808
1893
1900
1866
1830
1812
1823
1854
1874
1862
1838
1835
1854
1888
1951
2055
2168
2237
2246
2222
2182
2117
2014
1890
1775
1678
1576
1455
1334
1237
1156
1084
1038
1037
1058
1048
990
909
817
690
517
334
157
-41
-249
-385
-415
-417
-459
-500
-477
-435
-458
-551
-660
-773
-917
-1074
-1195
-1289
-1400
-1497
-1505
-1433
-1356
-1284
-1180
-1075
-1039
-1063
-1082
-1097
-1161
-1260
-1316
-1299
-1257
-1209
-1117
-975
-849
-754
-633
-482
-388
-381
-387
-363
-356
-387
-400
-357
-297
-245
-160
-16
121
194
241
324
414
450
445
448
442
392
335
320
323
294
254
267
335
385
379
356
358
364
326
236
114
-23
-159
-276
-375
-466
-547
-609
-656
-705
-757
-807
-857
-921
-998
-1055
-1055
-987
-878
-764
-682
-661
-723
-893
-1180
-1546
-1897
-2124
-2160
-1992
-1655
-1243
-871
-616
-491
-485
-606
-853
-1158
-1407
-1519
-1491
-1361
-1177
-984
-803
-610
-380
-145
42
178
309
439
526
542
501
425
324
249
284
455
700
966
1259
1569
1817
1944
1976
1956
1886
1776
1697
1715
1813
1916
1984
2023
2036
2026
2027
2076
2151
2209
2256
2308
2333
2280
2148
1982
1821
1694
1616
1565
1505
1429
1362
1310
1247
1166
1100
1056
996
897
800
721
599
403
198
45
-92
-249
-374
-410
-398
-405
-422
-414
-419
-499
-635
-755
-865
-1024
-1210
-1326
-1356
-1386
-1444
-1453
-1375
-1284
-1252
-1241
-1181
-1091
-1046
-1070
-1114
-1150
-1206
-1288
-1339
-1313
-1236
-1144
-1023
-847
-661
-538
-484
-443
-387
-358
-367
-359
-303
-260
-276
-278
-195
-82
-31
1
122
313
452
503
536
575
554
463
401
417
427
370
329
375
440
439
417
452
508
502
439
371
287
141
-33
-145
-193
-263
-376
-463
-493
-530
-615
-703
-752
-784
-841
-931
-1055
-1208
-1349
-1399
-1319
-1157
-987
-834
-711
-672
-790
-1081
-1487
-1903
-2198
-2275
-2133
-1853
-1521
-1169
-830
-579
-491
-572
-762
-998
-1220
-1360
-1390
-1360
-1311
-1198
-959
-637
-342
-122
72
277
461
587
664
701
666
559
457
429
470
565
749
1044
1388
1682
1885
2012
2067
2035
1945
1876
1881
1938
2001
2056
2105
2139
2146
2133
2124
2139
2176
2218
2258
2301
2324
2277
2157
2024
1925
1841
1736
1624
1533
1444
1326
1201
1121
1078
1017
930
875
849
777
636
498
405
301
135
-54
-209
-335
-463
-576
-631
-625
-604
-599
-615
-663
-758
-885
-1013
-1132
-1242
-1331
-1382
-1401
-1397
-1376
-1350
-1321
-1282
-1237
-1213
-1216
-1211
-1178
-1149
-1162
-1195
-1187
-1129
-1061
-988
-876
-732
-629
-589
-552
-482
-421
-401
-377
-301
-197
-120
-71
-16
51
105
154
226
310
367
396
445
524
593
617
617
625
632
609
564
537
546
561
551
524
503
485
452
407
370
337
279
192
101
23
-65
-186
-327
-459
-578
-690
-777
-815
-822
-846
-899
-960
-1031
-1151
-1332
-1506
-1596
-1585
-1496
-1341
-1144
-982
-929
-988
-1129
-1366
-1718
-2109
-2375
-2416
-2262
-1976
-1594
-1183
-870
-722
-694
-741
-888
-1120
-1310
-1352
-1289
-1217
-1139
-998
-809
-628
-429
-149
161
386
526
668
794
795
677
575
555
564
587
715
994
1325
1599
1821
2029
2176
2208
2174
2145
2108
2046
2016
2059
2131
2171
2192
2227
2263
2276
2280
2306
2344
2360
2348
2317
2249
2130
1989
1855
1729
1623
1575
1564
1518
1413
1299
1191
1049
880
764
731
701
597
462
371
293
151
-41
-204
-328
-451
-560
-612
-636
-699
-779
-800
-769
-784
-891
-1015
-1089
-1149
-1247
-1351
-1399
-1412
-1444
-1473
-1434
-1336
-1259
-1231
-1194
-1118
-1064
-1079
-1126
-1144
-1139
-1143
-1131
-1053
-919
-786
-669
-540
-413
-340
-323
-304
-266
-247
-251
-215
-111
13
104
182
280
373
424
446
473
500
506
511
551
605
630
632
648
680
692
678
667
663
635
571
497
427
341
242
176
164
163
128
79
43
-7
-115
-263
-396
-515
-657
-803
-888
-919
-978
-1091
-1190
-1240
-1302
-1438
-1603
-1715
-1762
-1755
-1649
-1426
-1194
-1082
-1083
-1141
-1303
-1648
-2097
-2455
-2612
-2591
-2409
-2044
-1565
-1151
-902
-757
-677
-750
-1003
-1290
-1458
-1504
-1485
-1400
-1231
-1023
-815
-574
-269
38
265
434
615
775
821
746
635
544
479
476
591
822
1118
1442
1769
2060
2260
2345
2326
2234
2115
2029
2010
2043
2094
2166
2267
2354
2382
2369
2369
2388
2401
2411
2429
2430
2374
2262
2133
2009
1883
1769
1700
1667
1618
1529
1428
1329
1198
1022
857
769
737
691
607
519
435
309
117
-93
-263
-388
-492
-565
-587
-583
-604
-655
-699
-732
-793
-893
-995
-1078
-1163
-1260
-1341
-1381
-1395
-1411
-1424
-1408
-1364
-1310
-1255
-1193
-1130
-1089
-1085
-1110
-1144
-1163
-1158
-1133
-1075
-957
-789
-632
-530
-466
-406
-354
-330
-310
-260
-189
-133
-85
-4
100
167
191
244
356
466
520
550
598
638
624
582
576
613
640
640
656
710
750
732
681
642
605
527
415
325
279
245
203
189
219
237
176
55
-53
-147
-282
-451
-578
-643
-726
-872
-1016
-1090
-1129
-1199
-1284
-1318
-1312
-1350
-1458
-1581
-1676
-1750
-1788
-1737
-1591
-1426
-1315
-1273
-1302
-1439
-1699
-2017
-2277
-2408
-2403
-2257
-1960
-1555
-1155
-866
-711
-663
-709
-860
-1089
-1309
-1432
-1440
-1359
-1204
-962
-645
-304
8
283
526
721
830
848
804
718
597
468
399
460
654
945
1306
1714
2090
2329
2399
2359
2269
2130
1959
1840
1846
1945
2050
2139
2248
2360
2407
2389
2388
2433
2449
2383
2283
2206
2126
1997
1846
1745
1710
1693
1664
1631
1581
1474
1314
1158
1039
938
833
737
670
611
519
388
256
154
56
-73
-218
-332
-408
-489
-582
-642
-649
-650
-694
-757
-797
-849
-980
-1159
-1283
-1318
-1335
-1378
-1392
-1332
-1245
-1194
-1171
-1135
-1098
-1100
-1124
-1118
-1089
-1099
-1151
-1168
-1099
-989
-897
-811
-688
-543
-438
-391
-359
-322
-306
-318
-313
-260
-192
-148
-101
1
145
260
323
373
433
482
509
531
555
561
544
529
532
533
524
536
597
677
728
742
734
699
630
529
409
281
174
116
97
77
43
26
37
33
-27
-118
-199
-284
-403
-543
-666
-790
-947
-1102
-1181
-1189
-1207
-1265
-1299
-1285
-1301
-1405
-1533
-1611
-1680
-1795
-1873
-1790
-1584
-1420
-1346
-1258
-1146
-1185
-1479
-1875
-2161
-2295
-2323
-2202
-1870
-1415
-1012
-724
-511
-405
-504
-767
-1003
-1116
-1177
-1221
-1162
-963
-718
-504
-265
57
395
642
801
939
1043
1027
879
684
527
448
479
644
924
1274
1644
1975
2210
2337
2374
2325
2196
2026
1882
1792
1745
1745
1819
1952
2076
2161
2248
2346
2391
2356
2302
2267
2189
2013
1800
1637
1526
1419
1339
1346
1422
1467
1426
1333
1231
1105
946
788
665
570
479
386
291
188
73
-50
-168
-263
-323
-357
-388
-427
-461
-485
-526
-609
-718
-812
-890
-979
-1079
-1161
-1214
-1258
-1294
-1283
-1203
-1097
-1020
-980
-955
-952
-988
-1043
-1079
-1096
-1121
-1149
-1131
-1053
-963
-882
-771
-606
-446
-357
-318
-276
-247
-279
-347
-367
-316
-255
-224
-183
-85
46
166
278
396
490
524
514
500
489
450
386
338
349
407
470
517
572
646
710
728
702
661
609
528
428
344
278
190
73
-5
-5
17
-1
-34
-28
-11
-46
-132
-223
-319
-460
-632
-773
-873
-985
-1122
-1211
-1208
-1172
-1174
-1209
-1251
-1314
-1419
-1543
-1650
-1734
-1776
-1722
-1541
-1299
-1118
-1055
-1083
-1183
-1393
-1725
-2087
-2333
-2366
-2180
-1816
-1348
-880
-529
-356
-340
-444
-660
-953
-1215
-1323
-1256
-1091
-895
-681
-458
-246
-31
215
478
696
845
955
1025
992
822
595
421
345
377
558
910
1352
1763
2094
2336
2450
2386
2183
1957
1785
1668
1610
1642
1757
1879
1959
2021
2089
2141
2164
2191
2242
2276
2245
2151
2017
1842
1626
1420
1290
1248
1258
1293
1340
1363
1329
1243
1135
1017
886
763
670
597
505
378
228
68
-99
-244
-324
-340
-331
-321
-302
-281
-294
-356
-445
-547
-677
-837
-990
-1102
-1183
-1248
-1276
-1246
-1182
-1113
-1030
-927
-842
-817
-836
-861
-898
-984
-1105
-1197
-1233
-1234
-1199
-1091
-911
-713
-536
-382
-269
-237
-289
-365
-426
-485
-543
-548
-456
-307
-169
-54
63
172
251
311
376
425
433
412
386
352
298
251
250
291
346
418
524
631
681
671
652
638
594
514
433
367
305
247
207
175
129
81
69
88
79
23
-30
-53
-93
-190
-311
-413
-507
-617
-731
-824
-906
-986
-1041
-1050
-1043
-1067
-1124
-1181
-1238
-1319
-1421
-1512
-1569
-1578
-1508
-1353
-1167
-1030
-972
-985
-1075
-1267
-1550
-1853
-2082
-2159
-2039
-1731
-1310
-884
-535
-304
-218
-294
-506
-784
-1042
-1205
-1225
-1109
-912
-688
-453
-200
60
302
514
700
851
945
965
909
779
597
422
329
363
536
839
1230
1634
1982
2235
2361
2330
2160
1928
1718
1561
1455
1423
1496
1643
1791
1905
2006
2107
2186
2230
2251
2242
2174
2037
1861
1673
1475
1285
1158
1134
1193
1276
1351
1408
1421
1359
1232
1085
947
811
665
520
399
303
214
114
8
-83
-138
-153
-147
-138
-133
-133
-154
-221
-345
-510
-696
-882
-1048
-1170
-1229
-1222
-1157
-1050
-928
-822
-750
-720
-737
-800
-893
-992
-1086
-1178
-1250
-1274
-1244
-1184
-1105
-984
-812
-636
-507
-432
-389
-386
-442
-534
-616
-662
-675
-650
-574
-459
-333
-207
-73
65
180
259
307
321
288
233
200
183
152
117
137
226
333
418
499
596
673
689
666
644
605
511
389
309
287
270
235
216
236
259
246
207
175
146
102
51
19
-4
-61
-162
-267
-354
-452
-580
-690
-730
-722
-735
-784
-823
-841
-890
-999
-1113
-1186
-1250
-1354
-1472
-1544
-1557
-1524
-1420
-1223
-985
-801
-718
-731
-860
-1141
-1530
-1891
-2117
-2183
-2069
-1744
-1252
-741
-349
-117
-38
-120
-360
-697
-1026
-1260
-1351
-1279
-1062
-761
-439
-119
186
451
658
811
895
882
786
662
542
412
285
237
327
548
853
1216
1605
1932
2111
2138
2067
1928
1723
1500
1339
1288
1331
1429
1554
1689
1826
1956
2066
2136
2152
2115
2028
1897
1736
1577
1441
1331
1255
1236
1274
1323
1340
1328
1302
1258
1189
1104
1006
882
739
611
515
424
318
224
174
145
94
27
-19
-47
-94
-165
-236
-297
-358
-419
-473
-541
-648
-778
-887
-951
-985
-1004
-997
-959
-909
-860
-813
-777
-779
-829
-911
-999
-1074
-1119
-1131
-1119
-1085
-1007
-882
-751
-663
-616
-573
-533
-531
-568
-597
-596
-593
-609
-610
-559
-466
-354
-232
-102
9
82
130
171
189
161
103
56
38
49
101
195
294
364
423
499
573
594
563
530
515
475
389
302
260
252
249
261
301
347
364
353
335
303
237
149
70
6
-67
-152
-217
-254
-287
-336
-381
-404
-418
-450
-507
-577
-654
-742
-843
-943
-1030
-1103
-1166
-1216
-1247
-1272
-1308
-1364
-1429
-1476
-1472
-1385
-1214
-1015
-867
-804
-805
-867
-1046
-1378
-1773
-2074
-2182
-2083
-1785
-1314
-769
-302
-14
84
-3
-288
-711
-1108
-1329
-1360
-1255
-1030
-707
-367
-83
153
373
553
655
706
764
808
761
612
437
298
208
201
346
644
1021
1411
1781
2065
2171
2079
1866
1625
1401
1220
1131
1163
1284
1437
1600
1759
1885
1962
2002
2016
1997
1950
1888
1794
1644
1455
1281
1144
1050
1023
1100
1254
1390
1445
1435
1379
1250
1041
820
645
509
397
331
313
291
229
163
137
133
104
55
18
-18
-91
-198
-305
-419
-562
-701
-774
-783
-782
-789
-775
-736
-718
-744
-781
-796
-802
-819
-837
-842
-860
-917
-994
-1050
-1070
-1057
-1008
-919
-804
-688
-588
-513
-476
-490
-547
-618
-666
-677
-656
-606
-531
-437
-338
-244
-163
-93
-24
46
106
132
122
94
72
54
28
5
20
96
212
330
431
517
588
628
624
573
476
348
225
145
130
169
237
319
403
475
520
526
490
415
312
201
106
29
-52
-156
-264
-322
-304
-244
-189
-147
-111
-103
-158
-276
-430
-608
-801
-962
-1036
-1042
-1053
-1079
-1057
-980
-943
-1003
-1080
-1100
-1131
-1267
-1458
-1560
-1532
-1447
-1328
-1119
-838
-630
-599
-714
-923
-1248
-1659
-2002
-2125
-2006
-1698
-1234
-685
-218
25
64
-3
-178
-514
-917
-1176
-1197
-1080
-917
-680
-346
-4
251
432
600
742
803
797
774
725
614
464
339
266
264
386
669
1055
1435
1751
1996
2120
2055
1826
1563
1362
1218
1123
1131
1268
1467
1640
1762
1848
1890
1881
1853
1847
1849
1811
1723
1614
1492
1342
1178
1053
1010
1047
1131
1218
1272
1281
1247
1172
1053
898
724
553
406
306
262
250
233
206
190
175
120
23
-62
-106
-143
-191
-226
-249
-323
-480
-655
-764
-811
-848
-865
-803
-681
-586
-561
-569
-598
-678
-803
-914
-978
-1018
-1040
-1013
-931
-849
-811
-788
-728
-645
-577
-524
-473
-453
-493
-566
-618
-633
-631
-609
-541
-420
-281
-161
-70
-2
44
63
64
52
34
20
17
23
40
80
138
193
232
272
334
413
487
538
561
555
519
460
385
301
222
181
192
229
262
296
357
429
464
443
392
331
242
120
9
-54
-99
-174
-265
-310
-292
-262
-253
-239
-197
-165
-195
-284
-404
-561
-758
-945
-1058
-1103
-1134
-1157
-1124
-1036
-968
-971
-1012
-1048
-1106
-1216
-1347
-1447
-1519
-1573
-1555
-1400
-1145
-904
-749
-666
-657
-786
-1086
-1476
-1819
-2006
-1983
-1731
-1289
-767
-298
31
180
124
-130
-508
-886
-1155
-1253
-1157
-893
-548
-211
82
336
537
651
688
706
738
758
725
646
551
457
377
358
446
650
950
1318
1699
1998
2127
2075
1892
1632
1338
1086
965
1000
1143
1339
1563
1767
1875
1859
1790
1756
1760
1747
1694
1624
1538
1413
1249
1083
951
875
881
977
1125
1257
1324
1312
1212
1026
792
577
420
311
242
218
223
221
190
139
75
1
-61
-84
-85
-109
-170
-242
-312
-406
-527
-628
-683
-732
-798
-837
-802
-723
-668
-651
-645
-642
-668
-723
-779
-822
-864
-898
-901
-879
-859
-840
-797
-734
-679
-634
-575
-501
-446
-430
-430
-429
-437
-465
-490
-481
-437
-372
-285
-175
-62
32
96
126
124
109
108
122
130
122
120
145
187
231
278
335
388
424
449
475
491
484
463
435
400
357
318
287
253
219
215
261
322
354
356
358
359
322
243
163
105
45
-41
-130
-187
-216
-254
-314
-362
-362
-322
-282
-270
-290
-337
-414
-528
-677
-839
-980
-1067
-1089
-1071
-1044
-1021
-988
-957
-977
-1065
-1159
-1203
-1235
-1325
-1451
-1519
-1508
-1484
-1469
-1366
-1117
-818
-616
-539
-543
-654
-934
-1332
-1696
-1910
-1933
-1740
-1323
-776
-261
113
325
346
124
-288
-707
-990
-1122
-1106
-900
-524
-121
190
424
633
783
818
785
777
791
751
650
553
481
415
395
498
728
1019
1332
1663
1949
2089
2038
1853
1597
1306
1050
930
973
1108
1280
1498
1732
1876
1872
1789
1723
1689
1648
1586
1516
1431
1309
1167
1040
944
880
875
948
1067
1176
1246
1251
1159
975
759
562
395
263
192
190
219
231
219
192
138
57
-8
-29
-48
-110
-184
-237
-303
-430
-574
-661
-688
-709
-730
-703
-630
-578
-571
-571
-575
-637
-753
-833
-830
-801
-799
-790
-734
-674
-674
-712
-714
-674
-640
-614
-548
-452
-400
-417
-446
-448
-444
-457
-451
-387
-285
-191
-115
-41
22
45
34
28
43
63
81
119
178
226
233
216
213
237
278
327
384
436
464
468
461
439
380
296
234
230
265
299
323
349
376
382
360
315
252
179
119
102
120
132
113
72
15
-66
-164
-248
-295
-307
-301
-286
-272
-285
-351
-457
-566
-651
-706
-731
-726
-704
-696
-729
-808
-917
-1038
-1150
-1226
-1242
-1201
-1146
-1113
-1098
-1088
-1109
-1202
-1339
-1435
-1448
-1422
-1392
-1308
-1113
-862
-670
-578
-549
-591
-757
-1031
-1307
-1500
-1589
-1544
-1308
-901
-452
-85
168
301
254
26
-254
-457
-584
-677
-671
-485
-194
48
209
389
626
828
935
1005
1075
1078
966
807
680
573
476
461
591
825
1090
1371
1664
1889
1957
1884
1758
1605
1406
1208
1104
1106
1143
1190
1283
1418
1528
1583
1624
1683
1728
1711
1641
1538
1385
1177
967
808
709
661
681
777
911
1029
1096
1089
992
829
656
509
380
254
147
78
23
-41
-86
-84
-50
-13
30
83
107
58
-59
-201
-348
-494
-616
-684
-700
-698
-684
-640
-578
-540
-529
-511
-479
-467
-486
-511
-531
-573
-656
-748
-806
-822
-799
-724
-596
-450
-330
-245
-190
-180
-219
-280
-330
-363
-388
-389
-351
-291
-244
-205
-141
-53
22
73
121
178
222
237
227
194
134
62
17
24
67
122
190
276
363
423
452
459
441
392
331
276
235
196
155
121
102
106
132
167
194
213
238
271
281
241
166
80
-17
-133
-243
-309
-323
-308
-275
-222
-163
-137
-161
-213
-269
-340
-437
-539
-619
-677
-728
-763
-767
-751
-741
-744
-739
-711
-690
-711
-778
-863
-942
-1020
-1101
-1166
-1190
-1180
-1162
-1146
-1106
-1048
-1026
-1073
-1143
-1161
-1108
-1013
-882
-699
-501
-370
-355
-443
-621
-899
-1233
-1487
-1541
-1378
-1048
-598
-104
298
496
488
335
75
-260
-569
-718
-677
-530
-345
-127
101
273
380
495
668
859
1002
1076
1078
979
773
524
316
187
163
297
602
995
1363
1657
1854
1900
1769
1536
1311
1133
979
864
849
937
1045
1130
1222
1338
1431
1479
1527
1596
1629
1564
1416
1240
1051
835
627
502
501
599
757
941
1103
1182
1149
1017
821
609
423
291
216
191
195
201
179
125
61
19
12
40
91
136
137
82
-8
-127
-284
-452
-566
-593
-568
-530
-473
-387
-312
-294
-321
-348
-371
-416
-469
-487
-484
-511
-575
-624
-630
-619
-601
-551
-458
-354
-270
-203
-150
-139
-192
-277
-351
-403
-434
-428
-379
-310
-237
-147
-47
17
24
16
47
102
126
109
87
72
34
-30
-78
-79
-43
18
108
218
318
381
398
363
275
160
58
-11
-56
-72
-42
28
89
115
127
149
161
138
96
63
38
-3
-67
-144
-224
-304
-360
-366
-328
-284
-252
-225
-198
-189
-211
-262
-340
-438
-539
-619
-666
-695
-723
-747
-751
-728
-683
-630
-588
-573
-588
-632
-702
-792
-888
-985
-1085
-1168
-1195
-1146
-1053
-970
-909
-848
-791
-780
-838
-939
-1048
-1146
-1200
-1151
-971
-711
-458
-268
-166
-183
-349
-634
-948
-1201
-1326
-1263
-988
-562
-115
243
464
530
422
157
-172
-439
-575
-576
-474
-300
-93
106
279
425
555
686
824
953
1033
1038
961
800
562
300
119
103
254
526
882
1284
1636
1829
1827
1679
1446
1169
909
743
708
770
883
1028
1180
1273
1279
1256
1287
1371
1449
1486
1481
1415
1255
1011
754
546
411
372
468
697
971
1173
1239
1172
1001
766
516
303
162
105
123
181
232
241
209
160
121
108
126
161
185
173
119
17
-136
-320
-482
-575
-584
-521
-402
-260
-143
-91
-106
-163
-247
-358
-473
-547
-559
-528
-489
-454
-423
-399
-392
-393
-384
-345
-282
-218
-176
-168
-194
-245
-309
-366
-398
-395
-353
-276
-179
-92
-43
-36
-49
-65
-81
-92
-84
-51
-16
-7
-20
-38
-56
-85
-121
-130
-89
-8
81
157
212
235
210
137
38
-54
-118
-149
-150
-123
-71
-8
47
75
64
20
-36
-74
-85
-86
-103
-139
-177
-211
-255
-305
-341
-344
-323
-286
-232
-169
-138
-168
-243
-323
-391
-454
-507
-529
-519
-503
-492
-481
-481
-517
-576
-608
-589
-552
-530
-515
-489
-478
-526
-631
-745
-836
-899
-925
-898
-829
-750
-684
-635
-614
-639
-711
-800
-874
-923
-946
-944
-917
-863
-765
-603
-397
-208
-90
-62
-119
-262
-488
-767
-1040
-1227
-1240
-1028
-623
-143
280
565
680
613
373
18
-354
-654
-811
-779
-559
-223
121
399
596
724
786
795
782
768
740
678
583
468
343
222
159
223
435
750
1103
1442
1711
1829
1737
1464
1118
808
584
468
482
634
882
1143
1348
1472
1512
1476
1394
1315
1270
1242
1183
1071
919
764
632
544
518
576
722
930
1137
1266
1263
1122
885
607
348
156
57
45
107
220
347
437
457
417
345
262
179
110
61
17
-49
-140
-234
-316
-384
-416
-386
-302
-208
-136
-86
-62
-93
-190
-315
-419
-495
-555
-576
-529
-435
-361
-332
-317
-292
-281
-309
-348
-349
-310
-271
-256
-255
-258
-279
-328
-380
-398
-365
-300
-226
-154
-85
-34
-17
-37
-75
-112
-142
-162
-166
-147
-118
-98
-99
-110
-115
-105
-73
-13
60
118
138
121
77
2
-100
-203
-270
-282
-243
-166
-66
33
94
99
59
1
-62
-131
-198
-246
-264
-266
-271
-283
-291
-291
-290
-286
-266
-226
-186
-171
-187
-233
-306
-397
-477
-513
-507
-485
-461
-424
-381
-357
-362
-381
-405
-450
-514
-561
-557
-525
-515
-539
-564
-572
-579
-596
-607
-599
-580
-567
-566
-578
-603
-645
-704
-772
-830
-849
-812
-744
-687
-660
-647
-636
-633
-620
-556
-418
-244
-103
-39
-66
-197
-439
-754
-1052
-1220
-1181
-924
-505
-26
402
681
748
587
250
-155
-515
-745
-797
-665
-394
-75
199
377
463
497
522
566
635
714
777
793
726
556
316
84
-57
-52
134
497
962
1402
1707
1831
1766
1521
1146
758
479
357
380
530
781
1049
1235
1308
1317
1312
1297
1277
1276
1294
1280
1183
1008
798
591
424
356
420
598
832
1072
1259
1318
1210
975
700
452
258
142
126
191
277
335
363
367
339
282
231
224
255
279
255
172
44
-110
-266
-394
-461
-451
-373
-252
-119
-5
54
32
-66
-198
-318
-408
-464
-481
-459
-427
-414
-420
-425
-410
-376
-327
-267
-207
-162
-143
-154
-211
-317
-436
-512
-523
-489
-424
-326
-215
-138
-123
-141
-155
-164
-192
-223
-225
-196
-181
-210
-266
-314
-345
-363
-356
-304
-204
-87
8
51
38
-21
-108
-207
-303
-377
-410
-389
-325
-244
-173
-129
-111
-108
-110
-119
-135
-154
-176
-209
-254
-306
-356
-398
-419
-402
-338
-243
-151
-85
-49
-42
-71
-139
-234
-332
-408
-439
-420
-364
-303
-255
-211
-166
-139
-147
-175
-187
-175
-173
-209
-277
-351
-417
-462
-473
-441
-381
-305
-215
-128
-81
-103
-181
-291
-419
-543
-612
-601
-552
-526
-507
-446
-369
-360
-423
-463
-442
-435
-499
-569
-563
-504
-458
-403
-273
-109
-20
-31
-93
-219
-466
-784
-1007
-1035
-909
-684
-354
51
389
542
531
407
142
-264
-648
-825
-782
-634
-424
-131
196
431
528
565
592
576
510
466
475
466
387
276
184
107
69
145
371
686
1006
1296
1520
1585
1442
1172
895
640
410
298
399
658
933
1146
1304
1390
1358
1242
1150
1132
1128
1092
1058
1042
981
834
667
566
545
587
708
914
1133
1255
1234
1099
886
617
349
166
112
167
282
417
533
587
560
462
330
212
148
142
165
182
166
105
-3
-140
-264
-337
-350
-306
-203
-62
60
105
65
-30
-162
-319
-464
-547
-548
-497
-428
-354
-280
-233
-238
-284
-332
-350
-340
-321
-308
-305
-322
-366
-430
-480
-488
-462
-428
-382
-309
-221
-164
-165
-207
-262
-323
-384
-417
-402
-365
-342
-326
-292
-255
-251
-281
-302
-282
-236
-190
-158
-144
-157
-199
-261
-331
-396
-435
-419
-352
-261
-175
-100
-53
-51
-95
-157
-215
-268
-309
-317
-282
-224
-180
-171
-191
-218
-230
-213
-173
-129
-86
-44
-21
-48
-125
-209
-261
-282
-287
-273
-230
-164
-103
-64
-45
-43
-55
-70
-82
-95
-116
-144
-177
-216
-257
-286
-298
-297
-274
-208
-108
-18
19
-7
-81
-190
-320
-439
-518
-558
-567
-526
-418
-288
-206
-194
-227
-284
-372
-485
-586
-639
-648
-627
-574
-476
-345
-209
-96
-38
-59
-155
-304
-495
-722
-935
-1048
-992
-770
-439
-66
273
483
491
304
1
-334
-640
-861
-930
-807
-517
-152
183
416
534
559
518
436
343
279
260
265
258
226
179
136
132
205
383
647
950
1233
1435
1497
1396
1161
858
565
353
279
365
576
847
1112
1326
1449
1455
1362
1227
1105
1021
978
957
926
859
768
683
627
605
631
728
889
1060
1164
1162
1056
872
641
411
230
136
138
213
319
417
484
509
485
418
335
269
225
180
116
40
-33
-110
-201
-293
-344
-325
-248
-151
-69
-15
7
-14
-92
-211
-331
-420
-473
-502
-505
-479
-439
-413
-404
-388
-353
-315
-289
-271
-258
-268
-311
-375
-441
-500
-548
-566
-540
-478
-409
-346
-290
-250
-238
-246
-255
-262
-274
-296
-321
-348
-384
-424
-450
-452
-424
-365
-271
-165
-88
-62
-74
-108
-161
-231
-302
-353
-380
-383
-361
-316
-259
-201
-142
-87
-49
-35
-36
-47
-81
-142
-207
-250
-273
-291
-291
-248
-162
-74
-14
20
45
54
31
-17
-65
-98
-122
-150
-178
-192
-184
-153
-108
-56
-3
48
85
99
86
56
16
-35
-99
-165
-206
-208
-181
-148
-122
-101
-81
-65
-58
-60
-62
-60
-67
-101
-169
-261
-356
-440
-504
-533
-514
-450
-362
-283
-231
-211
-229
-294
-403
-526
-627
-692
-732
-743
-697
-568
-377
-185
-52
1
-30
-151
-358
-619
-879
-1079
-1170
-1104
-862
-484
-75
248
417
415
256
-27
-372
-698
-919
-973
-847
-587
-272
17
244
401
484
495
451
385
318
255
200
159
119
61
8
20
146
378
662
951
1209
1388
1434
1330
1111
833
562
368
308
394
591
841
1090
1290
1403
1423
1371
1276
1163
1059
984
927
861
780
714
684
682
700
754
858
989
1095
1140
1111
1003
818
596
399
272
219
228
286
369
449
498
506
472
410
343
288
243
198
150
99
32
-64
-173
-255
-283
-262
-208
-131
-47
14
28
-10
-90
-203
-335
-455
-528
-539
-499
-439
-386
-357
-348
-341
-333
-332
-338
-336
-322
-318
-341
-388
-448
-519
-592
-638
-627
-564
-479
-393
-308
-229
-182
-185
-233
-307
-382
-446
-489
-505
-495
-466
-433
-406
-378
-335
-277
-218
-171
-137
-122
-144
-212
-305
-388
-445
-480
-483
-437
-345
-235
-135
-56
-6
2
-34
-98
-164
-221
-265
-286
-277
-242
-201
-166
-140
-115
-83
-41
9
54
79
74
41
-4
-47
-90
-132
-163
-162
-120
-47
43
131
193
208
178
131
89
45
-3
-30
-17
17
45
68
93
103
74
25
6
27
53
51
34
16
-13
-60
-99
-119
-132
-150
-167
-171
-163
-144
-126
-144
-227
-341
-411
-411
-397
-411
-416
-382
-362
-409
-488
-542
-591
-677
-746
-685
-486
-268
-126
-54
-36
-124
-345
-636
-909
-1128
-1245
-1181
-908
-522
-160
107
255
239
41
-257
-532
-736
-882
-928
-813
-572
-327
-146
-7
113
179
186
201
269
344
354
292
194
75
-54
-137
-121
-1
205
492
824
1110
1266
1273
1159
946
681
462
381
429
534
677
873
1080
1202
1213
1184
1174
1169
1142
1119
1126
1129
1075
963
838
728
652
643
728
879
1035
1151
1201
1163
1036
856
677
530
426
384
424
517
594
610
573
516
454
395
349
327
329
345
345
298
190
49
-78
-158
-191
-178
-116
-24
53
82
68
19
-73
-204
-334
-413
-423
-388
-344
-307
-286
-289
-318
-356
-388
-401
-389
-357
-325
-316
-339
-380
-427
-479
-532
-568
-563
-514
-448
-398
-374
-370
-381
-403
-424
-427
-414
-400
-396
-391
-382
-387
-421
-469
-493
-475
-422
-348
-262
-190
-165
-192
-245
-303
-367
-429
-460
-437
-372
-300
-236
-177
-135
-125
-145
-174
-195
-207
-210
-203
-188
-175
-168
-160
-153
-149
-140
-110
-56
-1
38
59
64
49
16
-19
-38
-37
-21
4
35
64
89
114
137
151
157
165
176
173
148
119
102
90
70
53
63
99
139
170
200
225
222
179
115
52
-6
-53
-75
-65
-43
-31
-26
-10
13
12
-31
-97
-158
-204
-244
-288
-331
-364
-387
-406
-420
-417
-397
-386
-412
-473
-536
-583
-631
-685
-701
-628
-477
-321
-218
-175
-187
-286
-502
-796
-1066
-1216
-1206
-1040
-753
-410
-98
109
176
100
-108
-408
-724
-967
-1068
-998
-779
-484
-212
-24
94
180
230
214
144
89
93
127
132
98
51
4
-34
-21
98
330
609
865
1063
1187
1202
1081
850
591
389
298
334
483
705
949
1161
1295
1325
1264
1158
1052
975
938
942
972
986
956
889
816
751
704
705
788
935
1076
1148
1138
1060
921
737
550
406
323
298
337
433
548
624
630
580
503
421
352
305
274
239
190
134
71
-9
-101
-168
-179
-135
-60
23
94
128
106
27
-88
-220
-346
-438
-475
-459
-411
-353
-298
-260
-248
-262
-291
-323
-348
-361
-361
-360
-375
-411
-461
-511
-554
-572
-553
-501
-437
-377
-322
-282
-278
-317
-380
-435
-480
-523
-560
-569
-542
-496
-448
-402
-356
-318
-297
-291
-289
-290
-298
-324
-370
-424
-466
-475
-449
-403
-350
-288
-222
-165
-132
-124
-135
-166
-215
-268
-297
-293
-270
-242
-206
-155
-93
-40
-4
20
38
46
40
28
23
26
20
0
-13
6
54
103
134
159
193
226
239
231
216
197
169
135
113
114
132
154
178
205
231
248
258
257
241
211
178
152
127
95
62
34
7
-20
-32
-8
43
82
85
61
33
-4
-69
-167
-271
-350
-392
-402
-392
-369
-342
-328
-343
-384
-433
-484
-549
-633
-711
-743
-717
-653
-571
-471
-365
-287
-273
-333
-461
-645
-860
-1057
-1177
-1179
-1055
-829
-553
-296
-110
-17
-23
-141
-361
-627
-858
-987
-993
-887
-702
-483
-272
-85
81
218
297
307
260
185
103
34
-18
-67
-116
-129
-55
122
362
619
860
1055
1159
1154
1065
925
752
570
443
419
490
616
783
980
1166
1283
1323
1331
1330
1298
1218
1116
1018
925
834
767
745
760
802
876
984
1096
1174
1194
1150
1039
877
713
593
515
459
432
452
504
549
568
572
562
528
476
434
409
368
292
200
120
51
-13
-56
-70
-66
-52
-19
34
76
67
10
-62
-133
-208
-279
-325
-344
-358
-374
-378
-355
-320
-292
-279
-278
-286
-299
-314
-334
-368
-417
-467
-505
-531
-543
-532
-503
-474
-449
-415
-367
-321
-303
-314
-344
-391
-452
-510
-546
-563
-571
-558
-505
-421
-344
-296
-268
-252
-260
-298
-347
-383
-411
-443
-468
-467
-438
-399
-360
-309
-245
-184
-141
-116
-114
-139
-190
-241
-278
-300
-310
-294
-245
-178
-117
-63
-4
55
88
84
58
33
9
-18
-42
-51
-43
-23
8
59
123
187
238
273
284
271
241
209
174
129
89
80
107
148
183
215
254
286
290
271
257
253
241
207
162
125
96
64
31
12
16
37
62
89
119
143
137
81
-15
-116
-191
-240
-282
-322
-338
-319
-285
-273
-298
-338
-369
-394
-433
-495
-565
-623
-665
-699
-728
-730
-684
-598
-497
-404
-332
-308
-365
-509
-706
-904
-1070
-1173
-1168
-1021
-759
-467
-236
-114
-107
-201
-371
-579
-777
-912
-942
-847
-658
-444
-270
-159
-100
-70
-45
-5
52
111
154
174
167
120
31
-62
-101
-48
103
335
616
888
1073
1126
1054
899
712
543
445
449
544
692
854
1007
1126
1182
1173
1125
1076
1058
1078
1122
1151
1131
1056
950
850
776
743
768
855
981
1101
1175
1177
1099
954
779
626
532
502
515
556
609
652
658
616
546
475
422
392
382
384
382
355
290
194
86
-12
-77
-92
-59
3
65
105
110
75
4
-92
-189
-267
-312
-322
-302
-272
-251
-250
-265
-285
-306
-324
-336
-341
-340
-336
-335
-346
-377
-426
-475
-505
-511
-502
-482
-447
-402
-368
-366
-394
-429
-450
-454
-455
-462
-475
-484
-486
-484
-480
-477
-469
-453
-424
-381
-331
-297
-298
-334
-384
-429
-468
-504
-525
-511
-453
-374
-299
-242
-205
-188
-196
-227
-273
-313
-336
-340
-327
-302
-266
-223
-183
-148
-119
-92
-67
-48
-32
-17
-6
-9
-31
-67
-100
-110
-86
-33
34
104
172
232
268
266
229
178
132
100
87
99
131
167
196
222
251
278
290
288
283
279
268
251
230
208
180
150
130
123
125
132
149
170
177
158
123
88
57
26
-5
-38
-74
-115
-151
-172
-188
-211
-245
-276
-300
-323
-351
-376
-397
-428
-478
-538
-588
-623
-655
-692
-727
-737
-702
-622
-528
-455
-417
-416
-459
-568
-739
-931
-1085
-1168
-1168
-1071
-877
-628
-400
-251
-201
-242
-365
-551
-746
-887
-939
-901
-793
-641
-478
-329
-206
-110
-37
17
62
101
127
125
91
40
-15
-60
-79
-42
76
276
523
765
950
1046
1048
969
838
692
573
515
527
605
736
901
1060
1169
1212
1213
1203
1195
1185
1170
1149
1115
1058
984
909
848
814
821
881
978
1082
1162
1198
1174
1079
925
756
617
537
515
536
578
616
635
634
613
573
522
479
453
437
420
388
329
233
116
9
-59
-87
-83
-45
31
117
168
159
96
-2
-117
-228
-309
-347
-352
-343
-324
-296
-277
-279
-297
-316
-328
-336
-339
-338
-344
-371
-418
-471
-522
-567
-593
-583
-540
-481
-424
-378
-353
-363
-406
-461
-511
-549
-572
-567
-537
-504
-487
-484
-480
-470
-463
-451
-425
-390
-367
-367
-382
-407
-445
-491
-522
-518
-480
-421
-357
-294
-242
-215
-218
-248
-296
-342
-363
-350
-311
-263
-217
-175
-148
-139
-143
-141
-125
-100
-76
-52
-27
-5
3
-2
-11
-17
-15
1
38
94
154
201
226
231
221
199
173
155
155
172
202
242
282
311
319
311
301
296
293
284
271
262
265
274
281
276
261
248
250
262
265
248
221
201
186
163
122
78
47
31
23
26
35
38
16
-31
-85
-135
-191
-264
-332
-365
-362
-361
-390
-424
-424
-401
-404
-461
-543
-607
-652
-692
-721
-718
-681
-628
-568
-499
-448
-464
-566
-715
-855
-963
-1034
-1052
-998
-874
-706
-527
-383
-323
-365
-471
-584
-684
-775
-839
-837
-758
-637
-511
-389
-266
-160
-88
-40
6
43
49
24
-7
-31
-46
-48
-22
50
172
336
515
673
786
855
881
853
769
665
592
569
587
649
759
893
1006
1080
1139
1195
1222
1197
1144
1104
1074
1026
964
918
901
900
908
939
997
1060
1110
1140
1142
1098
1006
892
786
699
634
598
596
615
642
673
699
699
663
607
555
505
446
376
313
262
215
175
152
145
138
127
124
132
133
112
77
38
-4
-57
-115
-165
-204
-233
-245
-237
-221
-215
-220
-222
-217
-217
-233
-261
-293
-330
-370
-407
-430
-439
-437
-429
-418
-410
-403
-394
-384
-379
-388
-408
-427
-440
-451
-465
-482
-499
-510
-512
-501
-477
-443
-408
-380
-367
-369
-384
-411
-447
-484
-508
-510
-487
-450
-409
-374
-347
-325
-306
-291
-284
-285
-294
-309
-327
-344
-348
-335
-308
-274
-233
-186
-135
-91
-63
-53
-58
-71
-83
-89
-92
-90
-76
-47
-10
29
70
117
162
191
202
204
201
192
176
163
158
158
168
200
254
307
337
346
350
354
352
341
322
295
265
247
253
275
293
299
304
312
313
305
298
297
282
238
181
138
112
83
47
26
34
56
70
67
54
28
-26
-113
-209
-280
-311
-320
-331
-350
-359
-349
-344
-379
-454
-536
-594
-636
-679
-718
-732
-710
-668
-624
-578
-529
-496
-504
-559
-648
-762
-892
-1019
-1100
-1098
-1013
-871
-702
-527
-377
-290
-296
-396
-562
-743
-887
-961
-957
-884
-750
-566
-358
-172
-44
21
37
19
-17
-53
-80
-104
-131
-145
-120
-52
46
165
317
500
683
821
893
900
847
743
616
504
444
458
550
703
878
1032
1143
1208
1227
1204
1148
1082
1022
975
946
935
935
927
907
895
916
970
1037
1093
1126
1122
1076
990
880
764
661
589
563
581
625
671
701
705
682
634
573
511
460
423
393
360
318
266
213
164
123
97
91
102
123
139
141
118
66
-6
-76
-125
-153
-174
-195
-208
-208
-204
-210
-225
-236
-239
-238
-242
-248
-257
-278
-318
-369
-412
-437
-449
-451
-438
-410
-380
-366
-368
-378
-390
-403
-416
-430
-445
-458
-464
-467
-479
-499
-512
-504
-479
-451
-428
-409
-395
-396
-410
-423
-433
-446
-467
-481
-477
-457
-434
-417
-405
-390
-365
-334
-310
-302
-305
-304
-300
-305
-324
-338
-327
-301
-273
-239
-196
-155
-135
-126
-110
-87
-77
-85
-88
-69
-43
-34
-39
-35
-11
29
76
121
155
169
174
184
195
191
167
146
151
185
229
265
285
297
307
315
315
303
289
284
291
299
298
290
280
275
274
275
271
262
259
270
282
274
236
183
134
98
74
59
47
32
19
20
30
22
-27
-105
-175
-223
-259
-299
-336
-353
-355
-366
-401
-451
-497
-530
-558
-592
-633
-671
-698
-710
-706
-686
-660
-639
-624
-606
-587
-594
-660
-782
-914
-1006
-1038
-1021
-963
-862
-722
-565
-429
-358
-374
-464
-592
-715
-806
-849
-836
-764
-642
-495
-352
-233
-138
-64
-8
31
52
57
48
28
2
-22
-36
-30
19
132
308
516
707
850
932
954
912
815
690
577
512
518
598
730
876
1000
1091
1157
1200
1212
1193
1153
1110
1065
1012
951
893
849
824
824
858
926
1017
1106
1162
1163
1100
985
843
706
600
543
529
547
585
636
687
713
692
629
555
497
461
431
386
321
246
179
132
105
89
83
100
142
193
224
214
158
64
-48
-150
-219
-249
-251
-234
-199
-153
-118
-112
-136
-171
-206
-240
-275
-303
-321
-337
-363
-402
-440
-464
-466
-443
-403
-360
-333
-325
-328
-345
-385
-450
-520
-564
-568
-538
-496
-461
-444
-442
-448
-455
-466
-478
-479
-462
-437
-419
-418
-436
-471
-515
-548
-555
-536
-497
-440
-366
-300
-270
-283
-315
-347
-379
-410
-427
-417
-385
-341
-291
-238
-201
-190
-189
-169
-132
-102
-94
-95
-93
-89
-88
-90
-90
-84
-63
-17
51
119
169
199
218
228
223
200
165
134
126
150
195
236
268
303
343
373
381
378
378
384
383
370
347
315
277
250
247
264
289
316
351
390
421
424
388
316
229
156
116
99
80
56
48
67
93
98
74
37
10
-6
-35
-99
-186
-266
-326
-383
-442
-482
-480
-450
-426
-419
-424
-449
-508
-585
-650
-703
-765
-828
-846
-797
-711
-639
-602
-600
-638
-710
-789
-856
-923
-992
-1020
-971
-869
-768
-691
-631
-592
-594
-628
-661
-680
-699
-717
-708
-666
-620
-580
-524
-436
-339
-251
-164
-70
13
60
68
43
-11
-70
-86
-32
63
164
276
417
562
668
724
749
748
712
661
637
655
688
721
771
843
908
949
990
1049
1106
1133
1134
1131
1116
1071
1005
948
915
897
895
925
981
1038
1072
1078
1055
1003
934
863
797
739
696
679
683
685
674
657
638
612
581
558
544
522
481
429
379
322
252
186
149
143
149
154
163
170
159
124
77
30
-20
-76
-124
-149
-153
-150
-147
-145
-149
-167
-193
-215
-229
-242
-255
-266
-279
-303
-338
-370
-389
-399
-406
-405
-392
-379
-378
-390
-407
-428
-451
-467
-469
-459
-450
-446
-447
-456
-478
-504
-520
-522
-515
-499
-467
-426
-400
-402
-422
-446
-471
-504
-527
-522
-493
-460
-439
-419
-395
-371
-358
-351
-339
-325
-319
-323
-329
-329
-325
-320
-310
-286
-247
-203
-164
-136
-116
-99
-85
-77
-75
-80
-80
-68
-44
-17
9
40
74
103
122
137
161
192
215
222
220
221
226
231
239
252
266
280
302
331
355
372
389
404
403
380
353
344
342
329
308
300
309
316
316
320
332
337
326
313
308
294
255
195
139
97
67
50
42
36
28
27
34
23
-20
-80
-135
-186
-245
-312
-362
-388
-406
-426
-446
-460
-474
-494
-517
-542
-581
-637
-701
-758
-801
-825
-827
-805
-758
-690
-616
-572
-593
-681
-798
-908
-996
-1058
-1078
-1039
-942
-802
-644
-514
-456
-484
-569
-664
-739
-788
-805
-779
-714
-621
-514
-409
-325
-265
-211
-150
-89
-38
4
44
70
61
21
-12
-7
45
139
275
435
590
713
795
833
821
763
685
622
597
624
700
800
895
966
1024
1076
1112
1122
1118
1115
1111
1096
1068
1035
1000
958
921
912
938
980
1022
1064
1099
1105
1066
989
898
813
746
702
681
676
679
687
692
686
660
620
580
548
522
493
454
403
343
285
239
204
176
156
154
168
184
183
158
114
60
7
-40
-76
-102
-118
-126
-129
-134
-148
-167
-186
-202
-215
-225
-231
-235
-247
-269
-302
-339
-376
-406
-418
-413
-400
-392
-388
-383
-376
-379
-395
-419
-441
-454
-461
-464
-468
-476
-488
-500
-506
-508
-500
-484
-463
-446
-438
-435
-437
-453
-479
-502
-510
-504
-495
-480
-456
-433
-423
-422
-413
-392
-368
-352
-340
-329
-320
-320
-325
-330
-336
-339
-325
-282
-223
-170
-133
-109
-97
-101
-118
-130
-123
-99
-68
-34
2
36
62
76
84
90
97
114
146
187
223
244
248
244
241
243
251
262
278
300
330
360
379
383
382
381
375
364
360
369
381
380
365
352
345
336
323
318
324
329
324
316
313
302
267
215
167
135
112
88
65
48
37
33
30
13
-30
-86
-134
-167
-202
-245
-288
-327
-372
-423
-460
-474
-483
-511
-552
-577
-582
-593
-635
-700
-761
-799
-813
-811
-794
-753
-692
-641
-639
-693
-768
-836
-901
-976
-1042
-1051
-982
-862
-733
-625
-553
-530
-556
-610
-668
-717
-750
-764
-748
-695
-605
-493
-393
-322
-267
-198
-109
-26
25
49
58
45
10
-26
-32
2
68
167
306
475
638
758
822
829
787
720
656
615
606
631
687
764
849
934
1011
1070
1100
1107
1108
1107
1093
1060
1018
972
920
872
850
863
898
942
990
1039
1070
1062
1015
941
848
746
658
610
605
619
636
653
666
662
637
600
559
515
467
423
390
359
318
268
216
171
138
125
134
156
177
183
171
136
82
14
-58
-121
-162
-175
-164
-142
-124
-115
-118
-132
-157
-186
-209
-228
-248
-270
-290
-305
-322
-346
-374
-394
-397
-384
-366
-346
-329
-321
-331
-360
-399
-432
-458
-481
-500
-506
-493
-474
-459
-451
-448
-449
-451
-451
-445
-436
-432
-435
-446
-464
-488
-509
-520
-517
-503
-476
-437
-392
-352
-326
-316
-323
-347
-375
-393
-396
-388
-373
-348
-312
-274
-242
-215
-191
-168
-149
-134
-121
-110
-102
-96
-88
-79
-71
-57
-28
16
60
95
119
141
163
177
180
176
175
184
204
229
253
270
282
293
307
323
333
337
342
355
374
387
387
376
364
357
353
349
342
337
337
342
345
342
332
323
316
306
288
258
224
191
160
132
106
83
62
46
38
37
28
-2
-53
-111
-161
-203
-247
-295
-338
-365
-377
-387
-404
-432
-468
-508
-548
-593
-641
-692
-736
-764
-768
-748
-718
-692
-675
-658
-642
-649
-703
-800
-902
-974
-1007
-1011
-986
-922
-821
-706
-611
-554
-540
-567
-627
-703
-775
-822
-829
-791
-716
-620
-516
-410
-310
-227
-162
-111
-70
-48
-49
-64
-73
-71
-66
-57
-26
54
183
335
478
596
686
742
755
730
681
626
581
560
581
650
747
843
922
990
1050
1092
1105
1093
1068
1042
1014
980
941
904
877
870
883
912
951
992
1026
1044
1039
1008
953
880
801
731
679
642
620
614
625
641
649
644
629
605
570
532
494
450
388
317
258
221
195
172
156
154
159
166
172
175
161
124
77
34
-6
-55
-104
-139
-156
-166
-169
-161
-142
-126
-121
-123
-129
-148
-182
-224
-267
-309
-348
-372
-378
-374
-369
-359
-342
-327
-323
-329
-336
-343
-361
-392
-425
-453
-479
-499
-508
-505
-493
-473
-446
-417
-399
-397
-409
-427
-449
-475
-497
-512
-516
-509
-488
-458
-430
-410
-400
-392
-386
-380
-372
-362
-356
-356
-357
-352
-342
-336
-330
-313
-281
-242
-207
-174
-144
-123
-118
-127
-136
-136
-125
-104
-73
-34
7
45
77
102
119
127
129
134
149
172
194
211
224
239
258
276
294
312
333
353
366
374
381
387
388
384
381
387
397
406
413
418
418
412
403
393
384
371
359
354
356
357
350
337
319
291
250
207
173
152
135
116
96
77
59
41
21
-6
-46
-98
-152
-197
-233
-265
-300
-345
-396
-435
-450
-451
-464
-500
-545
-583
-616
-662
-714
-758
-786
-802
-801
-772
-716
-665
-652
-679
-727
-782
-852
-937
-1019
-1063
-1050
-984
-888
-785
-687
-608
-565
-577
-638
-714
-775
-816
-841
-839
-792
-704
-599
-497
-400
-305
-219
-155
-110
-78
-62
-69
-93
-119
-131
-121
-80
-1
111
245
395
544
666
731
735
702
657
607
558
529
538
588
667
764
869
967
1041
1085
1103
1104
1089
1060
1016
962
906
864
842
842
859
897
954
1018
1067
1086
1077
1041
978
892
803
733
689
666
656
659
670
678
678
673
665
648
619
582
544
501
445
374
301
240
198
178
182
206
236
256
262
253
223
166
90
17
-35
-66
-85
-93
-93
-93
-99
-112
-123
-132
-139
-148
-155
-161
-175
-201
-238
-283
-332
-375
-400
-401
-384
-361
-340
-325
-324
-340
-366
-394
-420
-443
-460
-468
-472
-478
-486
-496
-505
-511
-508
-492
-469
-450
-442
-444
-456
-478
-507
-533
-548
-551
-540
-515
-479
-446
-423
-415
-415
-417
-415
-411
-407
-404
-395
-376
-353
-337
-331
-324
-310
-288
-264
-235
-203
-175
-157
-147
-139
-130
-119
-107
-90
-63
-31
2
32
58
82
103
117
124
128
143
170
200
222
236
246
256
268
281
294
303
310
324
352
379
387
378
371
376
385
383
374
368
372
383
393
392
374
347
329
330
336
330
313
299
295
292
276
239
187
133
94
78
74
65
43
21
9
2
-20
-68
-133
-192
-231
-260
-297
-347
-389
-406
-412
-432
-471
-511
-538
-562
-593
-632
-672
-718
-770
-810
-821
-804
-777
-745
-707
-669
-649
-666
-728
-825
-934
-1024
-1069
-1069
-1029
-945
-817
-673
-565
-524
-538
-586
-663
-760
-846
-883
-862
-802
-717
-610
-492
-385
-299
-229
-168
-118
-85
-68
-65
-75
-94
-112
-118
-103
-53
48
197
364
517
635
713
741
714
645
564
498
468
488
564
678
800
905
986
1038
1061
1058
1040
1015
989
966
949
936
919
895
877
878
898
930
976
1028
1070
1080
1049
985
900
806
723
670
652
662
687
721
753
762
740
692
634
580
536
502
477
452
421
382
340
294
249
217
208
217
232
244
247
231
186
119
51
-4
-45
-73
-82
-72
-56
-53
-64
-81
-100
-122
-148
-168
-179
-182
-191
-212
-248
-292
-335
-364
-374
-369
-356
-336
-316
-304
-307
-324
-353
-393
-437
-473
-490
-487
-479
-474
-471
-466
-460
-459
-465
-469
-467
-462
-460
-460
-461
-465
-479
-504
-527
-535
-527
-508
-483
-449
-409
-376
-360
-360
-372
-389
-409
-421
-420
-401
-370
-334
-299
-269
-247
-233
-224
-218
-211
-196
-170
-139
-115
-99
-87
-75
-65
-56
-39
-10
27
64
97
127
152
168
173
175
180
192
211
233
258
283
308
327
338
340
342
351
367
386
404
417
425
426
424
423
418
406
391
385
396
416
428
425
413
397
381
361
340
321
307
298
290
279
258
225
184
145
114
88
67
51
43
38
29
7
-37
-101
-175
-233
-263
-282
-315
-360
-389
-386
-380
-410
-471
-527
-559
-587
-634
-685
-717
-735
-760
-792
-804
-781
-739
-701
-676
-667
-680
-718
-778
-853
-939
-1018
-1061
-1043
-968
-860
-740
-627
-552
-536
-570
-626
-691
-763
-827
-849
-809
-724
-622
-518
-415
-323
-253
-201
-154
-109
-77
-64
-64
-71
-80
-84
-69
-25
51
158
293
437
565
658
706
703
656
588
535
517
533
578
653
754
857
936
985
1013
1022
1011
992
978
973
968
959
948
937
919
896
886
900
935
975
1008
1028
1025
995
940
870
797
733
690
674
681
697
714
722
713
682
641
602
569
539
510
484
461
431
386
330
276
236
211
198
197
208
223
230
217
182
128
68
10
-35
-62
-74
-78
-82
-86
-90
-96
-103
-113
-130
-151
-171
-183
-197
-223
-263
-303
-331
-351
-368
-375
-364
-340
-321
-315
-320
-333
-357
-391
-427
-457
-483
-501
-507
-499
-487
-479
-471
-464
-459
-458
-459
-460
-468
-485
-503
-514
-519
-529
-539
-539
-525
-505
-483
-455
-421
-397
-392
-400
-410
-418
-426
-433
-431
-417
-392
-360
-327
-297
-278
-263
-247
-227
-207
-188
-168
-150
-138
-130
-121
-107
-91
-74
-52
-18
26
69
103
129
148
157
158
157
163
181
205
228
249
271
295
316
332
346
358
368
375
382
392
402
405
399
388
381
381
388
396
405
415
428
436
432
412
379
343
311
287
272
265
266
273
278
273
254
220
174
126
84
52
25
0
-21
-36
-52
-72
-98
-126
-160
-205
-254
-292
-322
-357
-404
-453
-492
-525
-551
-564
-562
-565
-590
-626
-656
-687
-734
-789
-825
-833
-828
-815
-781
-729
-693
-698
-731
-773
-828
-897
-951
-960
-938
-908
-862
-775
-671
-605
-594
-609
-623
-644
-674
-687
-670
-646
-628
-587
-503
-411
-348
-300
-231
-146
-79
-39
-6
19
14
-16
-34
-18
18
70
160
289
423
535
622
681
693
657
608
579
565
555
572
635
719
789
843
905
963
987
981
976
982
974
943
911
888
860
822
803
822
859
891
924
966
994
981
933
872
807
735
669
635
633
639
645
657
671
667
642
612
585
550
506
470
449
426
385
334
293
260
229
206
203
214
223
221
210
187
150
106
63
21
-20
-53
-64
-61
-63
-76
-90
-98
-108
-124
-140
-149
-159
-181
-211
-239
-263
-292
-326
-353
-365
-363
-349
-331
-317
-316
-329
-352
-379
-411
-443
-466
-479
-489
-495
-493
-479
-463
-456
-455
-454
-453
-456
-464
-473
-486
-504
-522
-532
-529
-518
-501
-479
-454
-432
-414
-402
-396
-404
-421
-432
-429
-419
-410
-397
-375
-348
-325
-305
-280
-250
-226
-213
-205
-195
-184
-174
-165
-154
-140
-121
-94
-57
-17
18
45
63
76
89
103
116
124
131
145
168
195
221
247
271
291
306
324
345
359
360
355
353
352
351
356
374
399
417
424
432
443
446
437
419
399
378
359
353
356
356
347
335
326
317
300
283
272
258
232
197
168
142
107
63
26
4
-14
-32
-40
-35
-39
-75
-138
-201
-249
-290
-336
-388
-434
-458
-459
-451
-461
-497
-544
-576
-598
-633
-686
-734
-758
-769
-786
-803
-800
-775
-742
-715
-697
-694
-718
-764
-815
-864
-915
-964
-978
-932
-834
-724
-634
-574
-545
-547
-571
-609
-658
-713
-746
-724
-641
-531
-429
-345
-273
-211
-164
-125
-88
-58
-43
-32
-13
13
34
51
83
142
219
309
412
522
611
660
672
658
626
589
567
576
613
665
732
815
896
952
973
972
958
937
920
918
928
930
920
909
905
902
894
885
885
892
900
909
917
912
883
836
789
748
712
681
661
654
651
645
635
622
599
569
541
519
499
477
454
427
391
343
293
252
224
206
199
200
203
202
198
190
170
128
71
18
-20
-44
-58
-67
-74
-78
-80
-79
-80
-89
-107
-130
-152
-172
-197
-226
-257
-284
-307
-323
-330
-325
-314
-304
-297
-295
-299
-312
-332
-355
-379
-406
-435
-456
-460
-449
-436
-428
-424
-415
-401
-389
-384
-390
-407
-431
-451
-463
-471
-478
-480
-471
-450
-423
-392
-365
-347
-340
-338
-338
-341
-353
-365
-366
-355
-341
-324
-297
-262
-229
-208
-190
-169
-149
-136
-128
-118
-109
-106
-104
-94
-72
-45
-16
16
49
81
111
139
161
169
164
160
167
178
189
203
225
250
273
294
316
335
345
350
356
361
362
357
349
344
341
343
348
349
349
355
372
387
384
363
340
325
308
280
246
220
206
204
206
205
195
177
160
142
111
63
17
-8
-20
-42
-79
-114
-132
-142
-156
-183
-220
-263
-305
-335
-356
-383
-429
-481
-518
-534
-540
-549
-570
-603
-637
-659
-673
-694
-732
-769
-779
-758
-728
-704
-683
-663
-656
-678
-728
-788
-843
-880
-889
-869
-827
-768
-689
-596
-521
-495
-521
-567
-604
-624
-627
-617
-593
-554
-493
-407
-313
-237
-191
-159
-113
-53
1
30
36
31
27
30
49
89
149
227
326
436
540
618
658
664
644
609
573
555
567
610
671
739
803
860
904
932
943
940
929
917
908
904
899
884
861
836
822
822
836
859
883
901
909
904
885
844
783
715
660
629
620
621
627
631
628
614
590
558
522
487
458
434
410
384
356
323
283
236
193
164
154
158
171
182
180
160
127
89
46
-2
-50
-85
-100
-98
-88
-84
-92
-110
-132
-149
-161
-172
-186
-198
-213
-236
-265
-296
-323
-345
-363
-369
-358
-336
-312
-296
-295
-313
-349
-391
-426
-450
-465
-469
-465
-457
-448
-437
-421
-410
-414
-428
-437
-432
-426
-433
-455
-482
-505
-517
-516
-501
-476
-445
-408
-368
-334
-320
-328
-352
-384
-414
-433
-433
-413
-379
-341
-301
-265
-236
-215
-196
-179
-170
-169
-171
-168
-161
-157
-159
-161
-152
-125
-77
-16
46
93
124
141
143
130
105
79
63
62
81
121
172
221
258
287
309
320
317
309
304
300
291
279
274
276
282
287
297
312
331
352
370
378
370
346
318
289
255
222
200
197
205
214
220
221
215
200
178
154
125
89
53
23
-2
-28
-52
-73
-95
-123
-149
-158
-155
-161
-190
-233
-277
-319
-362
-404
-443
-481
-513
-528
-526
-522
-535
-562
-591
-620
-653
-688
-717
-739
-760
-776
-772
-749
-722
-701
-683
-665
-657
-670
-701
-737
-774
-810
-838
-845
-822
-770
-692
-602
-526
-475
-447
-434
-439
-465
-505
-538
-547
-531
-488
-417
-327
-236
-151
-68
17
91
140
157
153
139
126
117
113
117
142
205
310
437
558
660
738
786
799
778
735
684
638
612
617
652
709
778
854
926
981
1017
1034
1033
1014
979
937
891
840
793
762
755
764
783
815
856
896
916
910
878
825
754
679
615
566
532
511
508
518
533
540
536
522
500
472
442
407
365
315
265
218
175
136
106
90
89
99
114
127
128
114
86
48
1
-48
-92
-125
-150
-168
-175
-172
-168
-166
-165
-164
-166
-176
-190
-204
-219
-244
-280
-320
-353
-376
-388
-391
-387
-375
-356
-334
-319
-316
-328
-346
-367
-392
-421
-446
-465
-479
-489
-490
-478
-459
-438
-414
-387
-365
-359
-367
-383
-403
-429
-457
-477
-482
-474
-452
-415
-370
-334
-314
-300
-284
-270
-269
-279
-290
-296
-297
-292
-278
-258
-238
-216
-183
-139
-95
-64
-48
-40
-38
-39
-41
-43
-43
-38
-21
11
52
95
132
162
185
202
212
219
222
221
219
220
227
239
254
271
291
314
338
363
381
388
384
376
369
358
338
318
311
321
334
341
343
348
354
352
341
325
307
285
261
240
222
203
179
157
141
134
132
131
125
107
74
34
-3
-38
-74
-112
-143
-161
-168
-166
-160
-169
-207
-267
-324
-359
-381
-410
-452
-493
-513
-513
-508
-520
-555
-600
-633
-647
-657
-676
-696
-708
-714
-723
-727
-709
-671
-638
-630
-638
-646
-657
-682
-725
-773
-811
-825
-798
-726
-629
-536
-465
-417
-394
-400
-433
-478
-518
-544
-541
-501
-428
-339
-252
-173
-100
-39
5
37
69
104
133
146
143
134
133
147
178
228
300
396
507
614
694
735
735
701
649
602
578
582
611
659
721
790
853
894
909
906
898
894
893
887
875
858
837
810
777
746
728
731
752
788
825
847
843
814
767
707
637
571
528
510
509
514
521
523
511
486
461
443
421
388
355
335
321
292
241
182
129
91
71
75
96
114
119
115
106
84
42
-12
-63
-101
-121
-123
-116
-113
-121
-137
-149
-158
-169
-181
-189
-191
-194
-204
-222
-247
-278
-311
-338
-355
-362
-356
-334
-305
-289
-294
-313
-333
-352
-375
-396
-410
-417
-423
-426
-421
-412
-410
-416
-421
-415
-400
-386
-378
-376
-379
-388
-401
-415
-429
-439
-441
-429
-406
-377
-347
-321
-303
-298
-302
-308
-309
-304
-294
-285
-276
-263
-246
-228
-214
-203
-191
-172
-148
-121
-93
-66
-45
-36
-37
-39
-38
-33
-27
-15
10
46
83
111
130
143
155
164
173
183
196
208
215
220
226
233
237
239
244
256
275
297
318
334
339
330
316
304
292
276
258
247
251
265
279
286
286
279
265
250
236
222
202
173
145
125
114
106
95
83
72
60
47
32
15
-6
-36
-73
-110
-141
-162
-177
-193
-215
-238
-256
-266
-280
-308
-350
-392
-420
-434
-450
-475
-502
-520
-532
-545
-567
-593
-616
-632
-647
-668
-689
-691
-665
-626
-599
-591
-587
-575
-569
-588
-634
-690
-739
-767
-764
-727
-669
-608
-547
-477
-405
-356
-351
-378
-417
-454
-478
-481
-462
-428
-386
-327
-245
-159
-87
-29
31
87
119
124
120
121
120
108
98
110
151
218
305
404
500
577
632
667
674
653
619
590
571
563
575
611
658
699
732
769
811
842
855
857
858
851
828
795
757
717
677
650
646
660
680
704
735
762
769
750
714
671
622
571
527
496
472
453
440
432
425
415
407
405
403
393
372
342
305
262
216
172
134
105
86
78
80
90
102
108
100
80
54
32
10
-19
-52
-80
-98
-112
-129
-142
-146
-143
-138
-136
-133
-131
-135
-151
-175
-204
-234
-264
-289
-306
-313
-313
-307
-297
-284
-274
-268
-267
-275
-293
-316
-338
-354
-369
-386
-401
-407
-403
-392
-378
-362
-345
-329
-319
-319
-329
-346
-363
-375
-382
-388
-391
-387
-375
-354
-329
-303
-283
-270
-261
-251
-242
-240
-248
-258
-262
-258
-248
-236
-219
-196
-169
-140
-111
-87
-72
-63
-56
-46
-38
-34
-32
-24
-9
8
21
33
50
76
105
132
151
164
173
182
191
198
198
194
193
201
215
231
243
252
261
274
289
300
301
297
293
291
288
280
269
257
243
233
236
248
259
260
255
250
241
224
201
178
154
131
113
105
103
97
89
81
71
53
29
10
-5
-27
-59
-89
-112
-131
-154
-177
-196
-212
-227
-238
-241
-247
-271
-309
-346
-376
-404
-431
-451
-466
-479
-489
-494
-499
-513
-534
-552
-564
-582
-603
-610
-589
-558
-538
-530
-521
-507
-502
-514
-541
-576
-614
-641
-643
-619
-583
-546
-499
-438
-374
-322
-294
-289
-305
-335
-363
-377
-378
-372
-352
-309
-243
-168
-89
-6
76
140
173
182
180
172
156
133
116
115
138
191
269
361
453
537
606
653
670
659
631
593
551
518
508
524
555
591
634
688
743
787
815
829
831
817
783
737
685
636
598
575
569
578
602
639
680
711
724
714
683
635
579
524
479
443
417
400
391
387
389
394
399
399
393
382
367
341
304
260
215
172
134
107
94
93
101
116
132
141
134
113
85
53
20
-11
-34
-48
-53
-56
-61
-69
-78
-84
-85
-84
-85
-89
-97
-107
-122
-145
-172
-198
-222
-240
-250
-248
-237
-222
-207
-199
-201
-214
-231
-250
-268
-285
-300
-307
-309
-312
-318
-326
-332
-335
-334
-328
-315
-301
-293
-293
-297
-303
-313
-328
-345
-358
-364
-360
-346
-325
-303
-286
-275
-269
-266
-264
-259
-251
-244
-240
-236
-230
-225
-224
-223
-217
-205
-191
-173
-147
-116
-88
-69
-56
-46
-39
-38
-39
-39
-37
-31
-17
3
23
38
49
66
89
113
134
154
172
182
182
176
169
161
155
154
159
170
186
204
227
247
260
263
259
255
251
244
230
214
198
183
172
164
164
168
172
177
184
192
191
176
150
117
84
56
38
25
11
-4
-14
-17
-20
-30
-44
-60
-80
-106
-129
-146
-162
-187
-218
-246
-269
-292
-310
-317
-315
-319
-334
-354
-371
-392
-418
-445
-469
-494
-518
-529
-525
-517
-520
-529
-530
-518
-500
-479
-458
-444
-444
-452
-460
-473
-500
-541
-573
-582
-565
-527
-474
-413
-359
-317
-287
-267
-262
-271
-287
-299
-305
-305
-292
-267
-234
-201
-162
-112
-54
3
59
113
159
185
187
175
157
139
129
138
168
218
281
352
421
474
504
515
518
518
515
511
506
500
500
508
523
541
556
573
595
624
653
676
686
679
656
622
587
555
531
518
518
530
547
560
567
566
555
535
510
486
466
450
437
421
402
381
363
350
339
326
311
300
294
291
283
265
237
204
172
150
137
131
125
121
117
113
106
92
73
50
30
17
7
-3
-14
-23
-30
-39
-51
-62
-69
-75
-83
-93
-101
-107
-114
-125
-138
-154
-172
-189
-198
-199
-197
-197
-199
-201
-202
-203
-204
-210
-222
-238
-251
-257
-259
-263
-268
-269
-268
-270
-274
-276
-274
-274
-275
-275
-270
-265
-262
-265
-272
-282
-291
-295
-289
-278
-266
-255
-244
-234
-226
-221
-220
-223
-230
-233
-226
-211
-197
-187
-183
-179
-173
-167
-158
-145
-128
-113
-100
-88
-76
-67
-64
-65
-64
-60
-50
-37
-20
-2
14
25
35
45
54
61
67
72
78
86
95
103
105
102
101
106
113
119
126
137
149
156
156
154
149
142
134
127
124
122
121
121
123
122
116
108
100
91
82
75
69
60
48
36
27
16
2
-10
-17
-21
-27
-36
-45
-57
-74
-94
-114
-132
-147
-160
-169
-176
-182
-188
-196
-205
-219
-240
-261
-278
-292
-307
-322
-336
-348
-361
-374
-384
-392
-397
-399
-399
-397
-398
-402
-405
-408
-411
-414
-412
-401
-387
-378
-378
-383
-393
-406
-420
-428
-426
-414
-394
-366
-333
-301
-277
-260
-252
-251
-252
-249
-237
-221
-206
-190
-173
-154
-134
-109
-74
-35
4
43
85
124
150
161
160
158
159
168
189
221
258
297
338
375
404
424
439
454
466
475
487
505
520
526
526
527
530
537
550
570
593
611
622
628
625
612
593
577
566
559
557
563
571
575
572
565
554
540
525
514
506
494
478
464
453
438
418
399
387
379
376
375
373
363
345
321
297
270
242
219
204
193
182
175
171
163
147
130
117
107
94
80
66
52
33
11
-9
-27
-43
-57
-63
-64
-66
-71
-77
-85
-100
-119
-136
-149
-164
-179
-189
-193
-197
-204
-211
-217
-221
-226
-229
-228
-228
-234
-243
-250
-256
-265
-275
-282
-286
-287
-285
-276
-266
-262
-263
-268
-271
-273
-276
-276
-276
-276
-274
-269
-262
-254
-250
-247
-244
-240
-235
-227
-217
-209
-206
-208
-208
-203
-197
-190
-184
-175
-164
-154
-143
-134
-127
-125
-125
-123
-118
-110
-99
-88
-82
-79
-75
-66
-53
-44
-40
-38
-34
-27
-20
-12
-3
5
9
12
17
23
30
35
39
42
43
45
49
52
54
53
53
57
63
70
74
77
75
71
70
71
68
60
52
47
46
48
49
49
46
40
34
29
25
20
15
10
4
-2
-7
-8
-10
-16
-26
-34
-42
-49
-57
-66
-77
-88
-98
-105
-109
-116
-127
-138
-145
-148
-149
-151
-158
-170
-184
-196
-206
-215
-225
-236
-247
-256
-263
-267
-271
-275
-282
-290
-294
-293
-289
-283
-274
-263
-253
-249
-253
-262
-274
-290
-308
-326
-340
-344
-335
-317
-295
-274
-255
-236
-215
-196
-185
-183
-187
-192
-194
-192
-187
-182
-175
-165
-145
-115
-80
-45
-12
16
40
58
71
79
81
80
81
88
104
124
148
176
206
234
258
280
300
316
325
328
331
333
336
340
344
350
358
370
387
405
421
433
439
440
437
432
426
420
412
404
400
404
411
418
423
426
429
428
422
414
403
392
379
366
357
352
349
348
347
345
343
341
338
334
325
311
295
281
266
252
240
231
224
219
215
215
218
216
209
200
189
175
162
149
135
122
109
100
94
89
83
77
72
67
59
53
46
37
26
15
4
-7
-19
-28
-34
-38
-41
-44
-46
-49
-56
-66
-76
-85
-95
-104
-111
-117
-123
-125
-126
-127
-131
-135
-139
-141
-143
-146
-148
-151
-156
-160
-162
-163
-164
-164
-162
-159
-155
-151
-147
-146
-147
-150
-153
-155
-156
-157
-156
-154
-150
-144
-137
-130
-125
-123
-121
-120
-119
-116
-112
-109
-109
-109
-108
-105
-101
-97
-91
-85
-80
-76
-71
-65
-61
-60
-60
-58
-54
-49
-45
-43
-43
-42
-38
-33
-28
-25
-20
-15
-11
-10
-9
-6
-5
-5
-4
1
6
10
12
14
13
11
9
9
9
8
7
8
10
10
9
9
9
7
4
2
1
-1
-2
-5
-9
-16
-23
-29
-32
-36
-39
-40
-38
-37
-38
-41
-45
-52
-62
-72
-79
-85
-91
-96
-101
-104
-107
-108
-110
-113
-117
-121
-126
-131
-135
-139
-144
-154
-165
-175
-181
-186
-189
-190
-190
-191
-193
-195
-201
-211
-221
-228
-230
-229
-227
-222
-216
-214
-215
-219
-225
-234
-245
-254
-259
-260
-257
-253
-247
-244
-243
-241
-235
-228
-221
-215
-209
-204
-200
-196
-191
-185
-180
-175
-168
-157
-142
-125
-106
-87
-70
-58
-46
-34
-24
-17
-10
0
14
31
47
63
78
90
103
116
130
143
157
169
179
186
191
197
203
209
215
221
229
238
247
255
260
263
263
262
260
260
261
261
262
264
267
270
271
271
271
270
269
268
268
266
262
259
256
253
249
246
245
245
245
244
244
243
241
238
234
229
223
218
213
210
208
206
207
206
204
200
197
194
189
183
178
174
168
162
155
150
148
146
143
139
134
129
124
118
111
105
99
92
85
77
69
61
56
52
48
44
39
34
28
20
12
4
-2
-9
-16
-23
-29
-35
-40
-45
-49
-54
-60
-64
-68
-74
-80
-85
-89
-94
-99
-105
-107
-109
-111
-112
-113
-114
-116
-119
-121
-121
-122
-124
-126
-128
-129
-130
-129
-127
-126
-126
-126
-125
-122
-119
-116
-114
-114
-113
-112
-110
-107
-105
-104
-103
-100
-96
-93
-90
-86
-83
-81
-78
-75
-71
-67
-63
-60
-56
-54
-51
-48
-44
-39
-35
-32
-30
-27
-22
-17
-14
-12
-11
-9
-7
-6
-3
0
2
3
6
9
10
12
12
11
9
8
10
13
13
10
8
7
6
4
3
5
6
5
2
-2
-5
-9
-11
-13
-15
-19
-23
-26
-28
-29
-31
-33
-35
-38
-40
-43
-46
-51
-57
-63
-67
-68
-68
-70
-74
-77
-79
-81
-82
-81
-81
-83
-87
-90
-93
-98
-103
-106
-107
-109
-111
-114
-116
-119
-124
-128
-131
-134
-138
-141
-143
-144
-145
-146
-147
-149
-153
-157
-159
-161
-162
-164
-167
-171
-175
-180
-183
-183
-183
-183
-183
-182
-182
-181
-180
-179
-178
-178
-177
-175
-170
-166
-162
-158
-154
-150
-146
-140
-133
-125
-117
-108
-99
-91
-83
-75
-67
-59
-52
-43
-33
-23
-14
-4
6
15
23
32
42
53
63
73
81
89
96
105
114
121
127
132
138
143
150
157
164
168
170
173
178
183
187
190
191
193
194
196
197
199
199
200
201
201
201
201
202
202
202
203
203
202
201
200
199
197
194
192
191
189
186
184
183
182
182
182
182
181
179
177
175
172
170
168
164
160
156
153
150
147
143
141
140
139
138
134
129
125
120
115
111
107
103
98
92
86
82
78
73
70
67
64
60
54
50
46
40
34
27
20
13
7
3
0
-3
-7
-11
-15
-19
-23
-27
-33
-38
-43
-47
-53
-58
-62
-65
-67
-69
-71
-74
-75
-77
-78
-81
-84
-88
-90
-93
-96
-97
-97
-98
-99
-100
-100
-100
-100
-100
-99
-98
-97
-97
-97
-96
-97
-97
-96
-94
-93
-92
-91
-87
-84
-83
-82
-83
-83
-83
-84
-83
-80
-76
-72
-70
-69
-68
-69
-68
-67
-64
-62
-60
-59
-56
-55
-54
-53
-51
-49
-46
-44
-42
-41
-41
-41
-39
-37
-36
-35
-35
-34
-32
-29
-25
-22
-21
-21
-20
-17
-15
-14
-13
-11
-10
-9
-7
-5
-3
-2
-3
-5
-5
-4
-3
-3
-2
-1
-1
-2
-3
-4
-4
-5
-5
-3
0
2
2
-1
-3
-7
-9
-11
-11
-12
-12
-14
-16
-19
-21
-22
-23
-25
-26
-28
-30
-32
-34
-34
-33
-34
-37
-39
-40
-39
-41
-43
-47
-50
-52
-53
-53
-53
-52
-51
-52
-53
-52
-52
-53
-56
-59
-60
-61
-62
-62
-61
-60
-60
-60
-60
-58
-57
-56
-54
-53
-52
-51
-50
-50
-49
-48
-47
-45
-43
-40
-38
-38
-37
-35
-31
-27
-24
-22
-19
-17
-15
-13
-11
-9
-7
-5
-3
1
6
10
13
15
16
19
21
23
25
26
28
30
33
37
40
42
44
46
49
51
53
55
57
59
61
63
65
67
68
69
70
71
74
78
79
81
82
83
82
81
82
83
84
83
82
81
80
81
82
83
83
82
81
81
81
81
81
81
80
79
78
76
76
76
76
75
74
73
71
69
67
65
65
64
64
64
63
62
62
61
60
57
56
57
57
55
54
53
52
49
46
45
45
45
43
42
42
40
38
37
36
35
34
31
30
29
28
25
23
20
19
18
17
16
14
12
9
7
7
8
8
7
6
6
5
5
4
2
0
0
-1
-2
-4
-6
-7
-8
-10
-11
-11
-9
-8
-7
-7
-7
-8
-10
-11
-10
-9
-10
-13
-16
-17
-17
-16
-15
-14
-14
-14
-14
-13
-12
-12
-13
-13
-13
-13
-13
-13
-13
-12
-11
-10
-9
-9
-8
-7
-7
-7
-8
-8
-8
-7
-7
-5
-4
-3
-3
-4
-4
-2
-1
-1
0
0
0
0
0
1
2
2
2
1
2
3
4
5
6
6
6
5
4
3
3
3
3
4
4
2
0
-1
-2
-2
-2
-1
-1
-2
-3
-3
-3
-3
-3
-3
-3
-4
-5
-7
-8
-9
-9
-9
-10
-12
-13
-13
-13
-13
-13
-13
-13
-13
-13
-13
-14
-15
-17
-18
-19
-20
-21
-22
-21
-20
-20
-20
-21
-21
-21
-21
-22
-22
-23
-23
-24
-25
-27
-28
-30
-31
-31
-28
-25
-24
-26
-29
-31
-29
-27
-28
-29
-28
-27
-27
-28
-27
-26
-25
-25
-25
-24
-23
-23
-23
-23
-23
-23
-23
-22
-22
-22
-22
-21
-19
-16
-15
-14
-14
-14
-14
-14
-13
-13
-11
-9
-7
-7
-7
-6
-5
-4
-4
-4
-4
-3
-3
-2
-2
1
4
6
5
4
3
3
4
5
7
10
12
13
12
12
12
14
16
18
18
18
19
20
22
21
20
20
22
24
25
25
25
24
24
24
25
26
27
27
27
28
29
29
28
28
27
27
28
29
27
24
22
23
25
26
26
25
23
22
20
21
22
22
20
18
18
17
16
16
16
17
17
16
16
15
14
12
10
11
13
15
15
13
12
10
8
7
6
6
5
5
4
3
2
0
0
0
0
-1
-2
-2
-1
-2
-3
-4
-4
-4
-5
-5
-5
-5
-6
-8
-9
-9
-10
-10
-12
-13
-13
-13
-14
-15
-14
-14
-14
-14
-14
-15
-16
-18
-17
-17
-17
-19
-20
-20
-19
-17
-15
-14
-14
-16
-17
-17
-18
-18
-17
-16
-18
-19
-20
-18
-16
-15
-16
-16
-17
-19
-20
-19
-18
-19
-20
-20
-18
-16
-17
-18
-17
-16
-15
-15
-16
-16
-17
-18
-17
-16
-17
-18
-19
-20
-20
-19
-17
-17
-19
-21
-21
-20
-20
-19
-16
-14
-17
-22
-23
-21
-19
-18
-17
-17
-17
-18
-19
-19
-20
-20
-20
-21
-23
-23
-20
-18
-20
-20
-16
-15
-20
-26
-26
-21
-20
-24
-26
-25
-23
-24
-25
-23
-23
-23
-25
-23
-20
-17
-17
-22
-29
-32
-29
-23
-21
-20
-19
-18
-20
-26
-28
-25
-22
-22
-24
-24
-23
-24
-25
-23
-21
-20
-21
-23
-24
-23
-22
-20
-19
-21
-23
-23
-20
-17
-15
-16
-17
-19
-22
-22
-19
-14
-13
-15
-18
-19
-19
-18
-16
-14
-14
-15
-15
-13
-13
-15
-17
-17
-14
-10
-8
-9
-12
-14
-13
-11
-12
-12
-9
-6
-8
-11
-9
-5
-4
-5
-6
-4
-2
-5
-6
-5
-6
-9
-9
-5
-1
0
0
0
-2
-4
-5
-1
2
2
2
0
-1
-1
1
4
4
1
-1
0
4
5
3
-1
-3
-3
1
7
11
11
9
5
2
1
2
3
6
9
12
10
7
5
5
6
8
12
17
18
14
7
4
6
13
19
17
8
1
0
5
8
10
15
20
20
13
4
1
3
9
15
17
18
17
15
10
5
5
11
15
14
13
14
16
14
7
5
7
11
13
16
19
18
12
5
2
5
11
16
17
15
12
10
10
11
11
11
9
8
8
10
13
14
11
5
3
5
10
13
14
12
7
2
0
2
5
7
6
5
5
6
7
7
4
0
-2
-1
1
3
7
11
10
3
-5
-9
-7
-5
-3
1
3
2
-2
-4
-6
-8
-9
-4
3
4
0
-3
-5
-6
-7
-6
-5
-5
-7
-7
-5
-4
-3
-2
-3
-7
-13
-13
-10
-9
-12
-14
-13
-10
-9
-10
-10
-10
-10
-11
-11
-9
-7
-7
-9
-12
-13
-11
-8
-6
-4
-1
-1
-5
-9
-9
-6
-5
-5
-5
-5
-2
1
0
-3
-6
-5
1
7
11
10
4
-5
-6
4
13
7
-13
-29
-29
-16
4
32
56
60
37
2
-28
-45
-42
-8
48
92
94
60
21
-5
-23
-35
-32
-10
21
48
59
49
19
-18
-42
-37
-2
46
83
82
39
-20
-55
-56
-35
-2
39
72
76
44
4
-18
-20
-16
-13
-2
19
34
30
14
-1
-11
-19
-23
-15
5
27
31
16
-4
-18
-21
-16
-3
11
16
6
-13
-25
-24
-10
6
15
10
-6
-24
-33
-27
-12
6
18
18
6
-13
-31
-38
-29
-6
17
23
7
-16
-29
-28
-17
-8
-7
-19
-30
-21
15
50
49
7
-43
-62
-42
-3
27
38
40
35
17
-15
-40
-36
-5
24
28
10
-7
-5
14
32
39
36
32
23
2
-26
-33
-3
39
59
55
48
40
14
-21
-29
5
50
65
55
49
48
24
-23
-43
8
95
129
68
-26
-60
-17
39
57
56
69
85
68
22
-10
-2
24
41
48
61
77
67
19
-33
-37
11
65
84
77
72
65
33
-14
-27
7
42
48
52
78
91
52
-18
-53
-28
21
53
64
74
83
71
29
-27
-67
-60
-7
60
108
120
85
7
-73
-89
-18
79
117
76
4
-46
-59
-46
-18
18
50
61
44
8
-31
-52
-50
-37
-15
17
46
40
-12
-72
-85
-40
20
45
34
17
8
-7
-41
-76
-80
-48
-5
25
33
16
-26
-69
-72
-20
44
58
17
-38
-72
-86
-81
-48
10
65
78
38
-26
-72
-85
-83
-83
-66
-8
68
97
51
-26
-79
-100
-101
-63
25
112
128
65
-20
-81
-111
-98
-32
61
116
95
21
-54
-96
-82
-8
85
119
57
-51
-117
-92
5
103
125
47
-65
-114
-64
22
67
51
14
-16
-37
-41
-13
35
58
30
-19
-36
-10
13
-2
-23
15
108
161
85
-80
-195
-159
-12
127
179
148
71
-23
-100
-113
-53
19
41
28
41
83
89
18
-82
-129
-93
-6
89
151
132
24
-105
-164
-130
-53
24
86
117
86
-3
-103
-147
-103
3
94
97
10
-90
-123
-80
-5
70
115
79
-43
-150
-142
-47
31
60
78
79
2
-131
-196
-121
15
83
57
-7
-71
-115
-102
-24
52
50
-22
-92
-99
-42
23
46
25
3
0
-10
-42
-59
-13
59
68
3
-43
-7
65
96
67
1
-76
-119
-76
39
144
167
109
5
-108
-174
-128
31
194
229
119
-42
-149
-152
-48
103
197
164
35
-81
-106
-43
44
90
78
34
1
-6
-4
-4
8
40
63
41
-10
-27
15
65
54
-16
-69
-31
92
210
222
93
-110
-252
-217
-9
237
347
236
-40
-305
-350
-102
259
428
276
-16
-186
-154
-16
121
202
155
-34
-208
-157
91
269
208
17
-122
-161
-106
58
262
304
70
-269
-406
-228
119
403
454
210
-194
-431
-283
99
376
392
233
2
-245
-371
-219
137
381
304
49
-122
-157
-162
-143
-22
151
194
28
-198
-271
-150
4
41
-26
-79
-70
-54
-81
-124
-135
-117
-79
15
152
173
-63
-410
-517
-239
180
403
343
112
-197
-499
-583
-267
277
579
367
-133
-488
-497
-264
32
258
295
87
-236
-397
-243
99
343
312
55
-238
-379
-308
-99
115
239
238
143
30
-31
-57
-127
-254
-310
-148
198
489
485
160
-291
-598
-576
-225
253
568
525
153
-302
-528
-365
66
443
490
186
-223
-426
-289
61
360
419
237
-45
-270
-328
-183
87
298
306
164
47
15
-32
-147
-204
-79
151
280
210
27
-134
-205
-177
-62
75
139
98
31
22
41
-11
-142
-227
-141
75
247
270
196
91
-91
-370
-576
-470
-41
433
623
415
-38
-458
-614
-453
-118
170
292
266
131
-106
-361
-456
-283
53
314
318
67
-254
-421
-343
-97
171
327
270
0
-306
-397
-205
61
168
117
68
65
27
-60
-123
-158
-192
-145
64
313
374
199
-46
-220
-309
-301
-125
198
461
432
92
-355
-617
-487
-17
436
514
234
-85
-228
-221
-144
-16
92
69
-74
-143
20
326
495
323
-136
-576
-618
-133
560
923
703
110
-462
-721
-552
-61
425
576
354
8
-222
-271
-179
23
271
426
364
85
-293
-574
-528
-73
514
753
425
-215
-697
-703
-232
404
768
643
217
-150
-306
-349
-333
-149
218
504
424
27
-348
-422
-188
147
339
303
154
24
-101
-255
-306
-97
267
453
284
-63
-294
-323
-225
-42
202
381
345
99
-197
-365
-296
-10
284
313
38
-233
-186
110
277
112
-181
-265
-53
250
381
220
-143
-443
-406
-11
424
518
205
-221
-412
-266
70
349
375
117
-244
-412
-239
115
330
234
-53
-272
-253
-31
197
249
127
-18
-90
-135
-191
-177
-28
139
139
-30
-170
-147
-47
-8
-37
-54
-22
46
127
171
110
-63
-240
-274
-117
111
211
102
-85
-140
-18
106
72
-51
-81
-3
18
-78
-124
9
195
194
-31
-258
-261
-43
193
270
185
45
-79
-176
-198
-64
197
358
223
-96
-252
-96
138
146
-40
-125
31
237
243
36
-193
-277
-177
63
320
396
163
-245
-481
-321
89
392
371
111
-149
-238
-150
13
135
156
78
-62
-210
-294
-244
-54
172
286
204
-32
-281
-366
-193
124
320
206
-139
-452
-502
-244
172
471
410
-12
-485
-621
-309
184
478
383
-6
-425
-591
-372
74
381
290
-90
-363
-251
110
315
126
-268
-463
-264
140
376
232
-167
-486
-495
-233
94
338
464
427
157
-258
-514
-381
-8
243
227
98
-9
-139
-289
-275
24
404
495
173
-291
-510
-337
72
437
547
343
-73
-480
-635
-410
68
463
498
218
-92
-214
-154
-45
13
17
32
91
126
53
-96
-179
-127
-24
32
73
164
228
124
-111
-273
-237
-57
144
262
196
-47
-281
-294
-79
180
305
238
20
-222
-309
-164
50
104
4
-31
76
148
46
-132
-229
-216
-118
66
278
356
172
-196
-490
-485
-173
223
433
343
65
-191
-297
-247
-80
143
302
312
211
68
-139
-396
-503
-260
225
594
587
233
-248
-596
-588
-172
390
660
437
-40
-374
-402
-226
-16
131
194
208
186
90
-89
-247
-254
-90
143
332
395
252
-102
-472
-549
-237
200
417
335
124
-75
-247
-350
-270
14
311
386
227
35
-57
-145
-323
-439
-249
219
619
638
282
-197
-528
-551
-261
177
485
471
181
-171
-390
-388
-182
98
258
201
-1
-190
-238
-79
220
421
280
-153
-509
-461
-63
331
445
277
-16
-273
-363
-228
45
272
320
183
-40
-205
-185
24
259
309
115
-164
-287
-156
111
293
265
74
-122
-183
-79
105
247
265
164
20
-70
-45
75
188
173
12
-151
-140
28
154
111
-10
-67
-44
1
42
60
0
-113
-123
79
334
346
46
-301
-403
-219
80
307
348
193
-49
-226
-257
-163
-12
130
212
210
117
-60
-266
-374
-258
57
359
426
238
-51
-288
-388
-295
-37
214
288
190
36
-111
-247
-312
-208
49
292
360
231
0
-197
-237
-81
131
187
34
-163
-225
-129
39
193
267
209
20
-204
-317
-231
3
215
256
110
-114
-269
-259
-78
167
287
153
-143
-333
-251
7
251
385
361
109
-313
-611
-491
-7
468
610
398
33
-273
-388
-281
-51
132
181
147
90
-4
-146
-278
-314
-210
14
251
348
217
-59
-275
-280
-100
105
178
74
-117
-230
-161
22
139
81
-99
-259
-276
-118
123
279
246
81
-83
-182
-230
-219
-102
92
222
174
-2
-148
-172
-110
-43
-22
-36
-36
8
70
90
46
-13
-30
-6
3
-40
-107
-132
-74
51
190
269
218
19
-234
-370
-285
-45
182
286
266
155
-24
-193
-232
-116
44
130
142
126
82
-5
-87
-105
-90
-107
-125
-58
85
182
171
105
27
-99
-269
-359
-258
-18
190
247
165
23
-109
-191
-206
-175
-127
-56
49
137
124
-10
-175
-244
-178
-42
65
95
58
-22
-101
-107
1
152
198
68
-135
-232
-158
-1
127
182
169
82
-60
-182
-199
-85
99
243
255
128
-45
-131
-82
26
70
4
-96
-107
15
185
254
155
-19
-114
-78
17
96
148
174
134
5
-155
-241
-191
-32
156
276
255
101
-74
-136
-53
83
154
117
21
-45
-35
19
50
38
29
63
105
87
-7
-117
-170
-133
-10
144
227
166
2
-140
-167
-82
55
174
204
93
-115
-276
-254
-45
212
339
230
-64
-337
-364
-110
224
388
299
68
-138
-219
-158
-17
105
127
60
-25
-80
-96
-55
53
171
193
89
-45
-98
-52
30
91
123
126
90
21
-49
-90
-90
-50
22
103
150
126
37
-56
-88
-50
5
36
55
79
89
55
-3
-38
-45
-59
-78
-60
10
78
90
57
16
-9
1
57
122
116
14
-104
-132
-58
42
100
98
39
-57
-126
-93
32
147
160
84
0
-33
-22
-5
-6
-19
-28
-28
-12
27
93
158
169
109
25
-23
-33
-39
-45
-21
33
74
74
43
-11
-85
-133
-67
117
274
253
78
-72
-80
-7
21
-32
-100
-121
-88
-21
57
112
98
16
-70
-86
-10
104
175
149
37
-106
-200
-179
-43
114
176
108
-8
-74
-74
-59
-50
-22
29
56
24
-31
-51
-24
20
51
57
46
36
31
10
-42
-94
-90
-19
64
89
49
-14
-68
-98
-93
-50
27
126
217
234
130
-48
-183
-197
-109
5
80
73
-22
-148
-210
-164
-63
27
96
148
138
44
-69
-128
-134
-124
-90
-4
93
115
34
-77
-128
-84
34
165
225
163
27
-84
-127
-119
-70
26
130
168
102
-20
-110
-111
-29
72
113
65
-25
-85
-99
-96
-82
-29
53
110
113
76
22
-29
-39
24
128
184
132
-2
-125
-159
-87
36
113
80
-28
-106
-86
-6
56
63
36
12
4
-5
-34
-65
-54
5
57
52
2
-38
-36
2
55
99
92
0
-137
-215
-169
-37
94
163
161
109
42
-15
-44
-39
-5
27
18
-35
-84
-78
-22
32
47
24
-18
-64
-84
-43
52
141
166
123
44
-34
-89
-108
-96
-57
1
65
110
106
48
-38
-115
-150
-123
-36
66
121
103
51
19
22
34
34
20
1
-16
-24
-16
6
25
21
-9
-47
-61
-38
7
50
81
105
116
94
40
-16
-49
-63
-76
-76
-41
16
43
11
-52
-92
-82
-25
51
106
105
55
4
-20
-34
-61
-72
-27
50
86
48
-20
-51
-23
30
65
59
23
-16
-36
-44
-46
-26
36
109
125
67
-12
-49
-41
-8
42
102
131
81
-28
-126
-159
-124
-41
65
145
134
27
-95
-134
-74
21
79
80
42
-8
-56
-90
-103
-87
-38
25
62
51
15
-6
0
12
16
18
23
8
-35
-72
-61
-1
67
103
97
58
8
-23
-13
31
74
80
45
-18
-87
-134
-125
-48
63
142
141
72
-10
-47
-19
46
101
107
56
-28
-103
-131
-100
-33
32
69
66
33
-11
-39
-35
-4
25
23
-10
-56
-100
-137
-150
-111
-25
54
63
4
-59
-84
-85
-91
-91
-69
-41
-45
-83
-122
-125
-90
-35
16
40
24
-20
-61
-73
-48
4
54
65
25
-39
-93
-133
-162
-155
-82
39
133
139
64
-30
-89
-90
-40
27
68
62
24
-17
-43
-43
-21
2
5
-13
-32
-45
-56
-59
-28
35
84
74
24
-10
-5
19
38
62
95
110
75
-6
-88
-127
-113
-69
-22
9
15
-4
-32
-49
-43
-16
23
62
85
78
37
-25
-83
-109
-94
-51
-7
16
7
-35
-91
-117
-72
33
121
123
48
-39
-89
-93
-54
13
62
44
-42
-125
-148
-116
-64
-9
42
58
17
-46
-74
-49
-3
36
63
63
20
-46
-84
-66
-22
8
25
47
63
44
-6
-41
-31
10
43
49
38
20
-1
-22
-28
-13
16
39
42
20
-11
-22
-3
23
27
6
-25
-53
-72
-64
-13
54
78
37
-19
-28
6
36
40
30
7
-27
-48
-21
34
59
32
-6
-16
-6
-2
2
23
44
32
-12
-57
-77
-67
-34
7
38
47
34
8
-15
-22
-7
13
14
-7
-27
-31
-31
-43
-55
-37
15
63
66
24
-21
-29
-1
29
37
30
19
3
-16
-16
8
30
24
2
-7
-1
-5
-24
-33
-16
11
29
35
23
-11
-43
-33
21
75
93
82
67
50
21
-12
-28
-20
-4
5
7
3
0
6
17
27
36
47
53
44
31
27
25
2
-41
-70
-62
-34
-16
-9
9
35
51
47
37
29
20
8
-4
-9
-12
-13
-6
9
24
23
5
-11
-4
24
49
57
50
34
9
-20
-37
-28
-8
3
12
33
60
64
42
18
12
14
15
12
8
-2
-21
-35
-28
-2
28
45
42
17
-12
-22
-5
23
46
60
59
36
-1
-27
-23
2
25
33
29
15
-5
-23
-29
-23
-13
-2
5
4
-9
-24
-26
-13
6
24
35
37
25
2
-21
-39
-50
-53
-45
-24
1
20
31
33
24
10
2
7
16
13
-3
-14
-11
-6
-13
-23
-21
-9
0
5
16
32
38
28
12
1
-6
-15
-22
-20
-11
3
20
36
44
39
27
14
2
-12
-23
-24
-16
-3
9
16
13
5
-3
-6
-1
13
34
50
44
8
-45
-89
-104
-87
-50
-18
-3
0
3
7
4
2
11
27
32
20
8
7
9
3
-10
-16
-20
-28
-37
-31
-12
1
-4
-15
-13
1
12
6
-7
-11
-2
8
13
15
9
-8
-34
-56
-63
-53
-33
-6
15
15
-6
-32
-41
-28
1
35
60
56
19
-19
-29
-14
0
4
5
6
-2
-18
-31
-29
-17
0
16
22
8
-15
-22
-5
19
35
42
37
13
-21
-41
-29
8
41
45
13
-35
-67
-60
-23
14
34
41
40
27
3
-15
-10
9
22
18
2
-15
-30
-39
-40
-32
-19
-13
-22
-35
-35
-17
3
11
7
7
12
9
-6
-17
-13
4
16
19
13
4
-6
-18
-29
-31
-23
-10
3
13
22
27
24
14
11
21
39
47
37
15
-9
-23
-25
-19
-18
-20
-15
-1
12
18
20
19
10
-1
-1
12
21
13
-6
-18
-26
-34
-34
-18
0
5
4
13
26
26
13
3
4
4
-1
-5
0
4
1
-3
-1
0
-5
-10
-9
-7
-7
-6
-2
2
-2
-11
-16
-15
-12
-8
2
16
26
26
20
12
5
-2
-8
-9
-4
2
1
-5
-12
-18
-23
-25
-19
-9
-3
0
4
7
3
-8
-13
-8
2
8
9
9
4
-5
-12
-12
-8
-8
-11
-10
-1
12
23
27
24
16
9
5
3
6
15
24
24
13
2
1
6
12
18
26
30
26
19
17
17
13
8
8
10
6
-1
-1
8
14
12
5
-3
-13
-26
-31
-22
-4
11
14
5
-9
-22
-27
-19
-3
13
22
23
20
12
1
-12
-20
-23
-20
-13
-5
-1
1
4
11
19
23
21
18
16
12
5
-3
-9
-11
-10
-7
-4
-5
-9
-9
-2
2
-6
-18
-21
-13
-5
-6
-9
-6
4
14
21
23
18
8
-1
-2
2
9
9
3
-6
-11
-7
-1
1
-1
2
7
8
2
-2
-2
2
1
-3
-5
-4
-3
-2
3
9
9
-2
-16
-27
-29
-23
-12
-2
3
3
2
6
13
19
19
16
17
23
26
18
4
-6
-10
-11
-10
-6
-2
0
0
4
12
16
14
10
9
9
6
5
6
7
2
-9
-20
-25
-22
-14
-5
2
5
4
2
-1
-4
-6
-7
-4
5
17
21
12
-4
-14
-14
-11
-11
-10
-5
1
4
2
1
5
10
9
5
3
5
9
9
3
-6
-13
-16
-19
-23
-25
-22
-17
-12
-8
-2
1
-1
-6
-7
-2
0
-4
-9
-8
0
6
4
-7
-17
-19
-15
-10
-7
-5
-2
-2
-5
-5
1
9
14
17
19
19
13
5
2
4
7
5
2
-2
-3
-2
3
9
12
8
2
-1
-2
0
3
5
2
-4
-7
-5
-1
2
5
8
7
0
-8
-13
-17
-23
-26
-23
-19
-19
-22
-21
-15
-6
3
9
12
10
4
-2
-9
-14
-16
-17
-17
-19
-18
-10
-2
1
2
5
9
10
6
1
-1
0
2
2
-1
-8
-13
-12
-9
-7
-6
-5
-1
1
-1
-2
-1
1
4
7
11
16
21
25
23
16
6
0
-1
0
1
2
0
-5
-11
-14
-14
-9
1
13
20
22
21
20
17
12
5
0
-6
-14
-19
-18
-14
-11
-8
-5
-2
-2
-2
1
6
10
9
3
-7
-19
-27
-27
-20
-12
-4
2
5
6
8
8
4
-7
-16
-18
-16
-14
-14
-10
-3
3
4
4
3
2
0
0
1
-1
-7
-12
-14
-13
-13
-11
-4
5
14
20
23
23
22
19
13
5
-3
-9
-12
-12
-9
-4
0
0
-3
-5
-4
-1
3
5
6
5
1
-4
-10
-14
-15
-10
-3
4
7
8
8
6
3
-2
-8
-13
-15
-13
-8
-2
4
9
10
7
3
1
2
2
1
-3
-10
-17
-23
-27
-28
-24
-16
-4
5
8
7
7
9
10
6
-1
-7
-11
-14
-14
-11
-8
-7
-8
-7
-5
-3
-6
-9
-10
-8
-4
-2
-3
-5
-7
-8
-5
0
6
8
7
6
6
4
0
-5
-8
-7
-7
-6
-3
2
7
10
11
12
10
6
1
-2
-5
-9
-17
-25
-30
-31
-30
-26
-20
-13
-7
-3
0
-1
-6
-13
-19
-20
-20
-18
-15
-11
-9
-7
-6
-5
-4
-4
-5
-7
-8
-7
-4
-1
0
-3
-7
-9
-9
-6
-1
5
8
7
4
-1
-7
-12
-14
-13
-10
-9
-9
-9
-7
-5
-4
-2
-1
-1
-2
-4
-5
-7
-7
-7
-7
-9
-11
-10
-5
2
6
7
7
7
7
4
2
4
11
17
20
20
19
18
16
14
14
17
18
16
16
17
19
19
15
10
7
8
11
15
16
15
13
11
8
4
1
-2
-5
-6
-4
0
2
0
-2
-2
1
3
4
4
5
4
3
4
4
2
-2
-5
-9
-14
-18
-18
-13
-7
-5
-5
-8
-11
-14
-14
-11
-6
-2
-1
-3
-7
-9
-8
-6
-5
-4
-4
-5
-7
-10
-13
-14
-14
-14
-14
-15
-15
-13
-9
-3
1
-1
-5
-8
-8
-5
-4
-4
-1
5
11
10
4
-2
-4
-2
-1
-2
-4
-8
-11
-10
-5
2
8
10
10
8
5
2
3
6
8
8
5
1
-3
-5
-2
5
12
14
13
12
13
14
13
9
6
6
7
6
4
3
4
5
5
6
8
10
10
9
10
10
9
8
7
6
6
7
9
9
9
6
3
2
1
-1
-3
-3
-1
2
6
9
10
9
7
5
5
6
9
12
12
10
8
6
5
4
4
6
8
9
11
15
19
20
18
16
16
16
15
14
17
21
21
18
16
16
15
13
13
16
17
14
11
9
8
7
5
5
7
8
6
5
5
7
8
6
2
-4
-6
-7
-6
-6
-9
-10
-9
-7
-7
-7
-7
-6
-4
-4
-5
-6
-9
-11
-12
-12
-10
-10
-10
-10
-10
-11
-12
-11
-8
-5
-3
-1
0
-1
-2
-3
0
3
3
1
-2
-3
-5
-5
-2
2
3
2
1
2
3
4
6
10
12
12
9
8
9
10
11
11
10
7
3
1
0
2
4
5
4
2
1
4
9
12
12
10
7
5
3
1
-1
-3
-4
-5
-5
-6
-6
-3
-1
1
2
1
-1
-2
-2
-2
-1
-2
-3
-3
-3
-4
-5
-6
-7
-7
-6
-7
-8
-7
-5
-1
2
3
4
5
6
7
6
4
2
2
2
2
1
-1
-2
-3
-3
-2
-1
-1
-1
-2
0
2
3
3
2
1
-3
-5
-5
-3
-1
-1
-2
-2
-3
-5
-4
0
5
7
7
7
5
2
-2
-2
1
3
2
2
2
2
1
0
-1
-2
-5
-7
-7
-7
-6
-5
-3
-2
-2
-2
-1
2
3
3
4
5
4
1
-2
-2
-3
-4
-6
-7
-5
-2
1
3
3
2
-1
-2
-2
-2
-2
-3
-4
-5
-5
-5
-2
-1
0
1
3
5
4
3
4
7
8
7
5
4
4
4
5
7
10
10
6
2
0
1
1
0
-1
0
0
1
2
3
4
5
6
7
7
7
6
4
2
0
-1
-2
-3
-4
-3
-2
-1
1
3
5
7
7
6
5
4
4
5
6
6
4
2
1
2
3
2
1
0
-1
0
1
2
3
4
6
7
9
8
6
4
4
5
5
4
2
2
4
4
3
2
2
3
5
7
9
9
9
8
7
5
3
2
4
7
8
6
5
5
6
5
3
2
0
-1
-2
0
1
0
-2
-3
-2
-2
-1
-1
-1
0
1
0
-2
-5
-7
-6
-5
-4
-4
-3
-1
0
1
0
0
-1
-1
0
0
0
0
0
0
0
0
-1
-2
-2
-1
0
1
2
3
2
1
0
0
0
-1
0
0
1
1
0
0
-1
-1
-1
-1
-1
-2
-3
-5
-5
-6
-8
-9
-10
-9
-5
-3
-2
-2
-2
-2
-2
-4
-6
-7
-7
-7
-8
-9
-8
-7
-7
-7
-7
-6
-5
-4
-3
-2
-3
-5
-8
-10
-9
-7
-5
-4
-3
-1
1
2
0
-2
-4
-5
-6
-7
-7
-6
-5
-2
-1
-1
-2
-2
-2
-1
0
0
0
-2
-3
-4
-5
-5
-5
-4
-1
2
3
2
1
1
1
1
0
-2
-4
-5
-5
-4
-4
-5
-5
-6
-6
-5
-5
-4
-4
-5
-6
-8
-9
-10
-9
-7
-5
-4
-3
-2
-1
-2
-3
-5
-7
-8
-9
-10
-10
-9
-9
-8
-7
-7
-7
-6
-4
-3
-3
-4
-5
-6
-7
-7
-8
-7
-6
-5
-4
-3
-2
-2
0
2
3
2
0
-2
-2
-2
-2
-1
0
1
1
2
2
2
2
2
3
3
3
2
2
2
2
2
3
5
7
8
8
8
9
9
8
7
5
4
3
3
3
2
3
4
5
5
4
3
3
4
5
5
4
2
0
-2
-4
-4
-3
0
3
4
2
1
0
0
0
1
2
4
6
8
9
8
7
7
8
9
8
7
6
7
8
8
7
5
3
2
1
2
4
5
6
5
3
1
-2
-3
-2
-1
-1
0
-1
0
1
1
0
-2
-1
1
2
2
0
-1
-2
-2
-3
-4
-5
-4
-3
-2
-1
-1
-1
0
0
0
0
0
0
2
3
4
3
2
2
2
2
3
3
3
4
5
6
5
4
3
3
3
4
4
4
3
3
2
1
0
-1
-2
-3
-4
-4
-4
-4
-3
-2
-1
0
-1
-2
-2
-2
-2
-2
-2
-2
-3
-5
-8
-9
-9
-9
-8
-7
-6
-6
-6
-6
-6
-7
-7
-5
-4
-4
-5
-5
-7
-8
-9
-10
-11
-11
-12
-13
-14
-14
-13
-13
-12
-12
-12
-12
-11
-10
-10
-10
-10
-11
-12
-12
-12
-11
-11
-10
-8
-5
-4
-5
-5
-4
-3
-1
-1
-2
-3
-3
-3
-2
-1
0
0
0
0
0
0
1
2
4
5
4
3
1
1
2
4
5
5
5
5
6
5
4
2
1
1
1
2
2
2
2
2
2
2
2
3
4
4
5
4
3
2
1
0
0
0
0
-1
-1
-1
-1
0
0
0
-1
-2
-2
-1
0
0
-1
-1
-2
-2
-2
-2
-1
0
0
0
-1
-1
-2
-1
-1
-1
-1
-1
0
1
2
2
2
2
2
1
0
-1
-1
-2
-2
-2
-2
-2
-4
-4
-4
-4
-3
-2
-2
-1
-1
-2
-2
-3
-3
-3
-3
-3
-3
-4
-4
-4
-4
-4
-4
-4
-4
-3
-3
-3
-3
-4
-4
-4
-5
-6
-6
-5
-4
-4
-4
-5
-5
-5
-5
-5
-5
-5
-5
-5
-6
-7
-7
-6
-5
-4
-4
-3
-3
-3
-3
-3
-3
-3
-3
-5
-5
-5
-5
-4
-3
-2
-1
0
-1
-2
-2
-2
-2
-2
-3
-3
-4
-4
-4
-4
-3
-2
-2
-1
-1
-1
-1
-1
-1
-1
-2
-2
-3
-3
-3
-2
-2
-1
0
-1
-2
-2
-4
-5
-4
-4
-3
-5
-6
-7
-6
-5
-5
-5
-4
-4
-4
-5
-5
-5
-5
-5
-5
-5
-6
-6
-6
-5
-4
-3
-2
-3
-3
-3
-3
-2
-1
0
0
0
-1
-2
-2
0
1
2
2
2
2
1
1
0
0
1
0
0
0
0
1
1
2
2
1
0
-1
0
0
0
-1
-1
-1
-1
0
0
0
1
2
2
2
2
2
2
1
0
0
0
0
0
-1
0
1
1
1
1
0
0
-2
-2
-2
-2
-2
-2
-2
-2
-2
-3
-3
-2
-1
-1
-1
-2
-3
-4
-4
-3
-3
-2
-2
-1
0
0
1
2
2
2
1
0
0
1
1
0
0
0
1
1
1
2
2
3
4
4
3
2
1
1
1
2
2
1
0
-1
0
1
1
1
1
1
1
1
1
1
1
1
1
1
1
1
2
2
3
4
4
4
3
3
4
4
3
3
4
5
5
5
4
4
4
4
4
4
4
4
3
2
2
2
3
3
3
3
3
4
4
3
2
2
2
2
1
1
1
0
0
0
1
1
1
1
2
2
2
1
2
2
2
2
2
2
2
2
2
3
3
3
3
3
3
3
3
3
3
3
3
3
3
3
4
4
4
4
3
3
3
3
3
3
3
3
2
3
3
3
2
2
2
3
2
2
1
1
1
1
1
1
1
1
1
1
1
1
1
1
1
1
1
1
1
1
1
1
1
1
2
2
1
0
0
0
0
-1
-1
0
0
1
1
1
1
1
1
1
2
2
2
2
1
0
0
0
0
0
1
1
2
2
2
2
2
2
2
3
2
2
2
2
2
2
2
1
1
1
2
2
2
1
2
2
2
1
0
0
1
1
0
0
0
1
1
0
0
-1
-1
-1
-2
-2
-2
-2
-2
-2
-2
-1
-1
0
1
1
0
-1
-1
-2
-2
-2
-2
-2
-2
-2
-2
-1
-1
-1
0
0
0
0
0
0
0
0
0
0
0
-1
-1
-1
-1
0
1
1
1
1
0
0
0
0
0
1
1
1
1
1
2
2
2
2
1
1
1
0
0
0
0
0
0
0
1
1
2
2
2
2
2
2
1
1
0
-1
-1
-1
-1
-1
-1
-1
-1
0
0
1
0
0
0
1
1
1
0
-1
-1
-1
-1
-1
-1
-1
-1
-1
-1
-2
-2
-2
-2
-2
-1
-1
-1
-1
-1
-1
-1
-1
-1
-1
-2
-2
-2
-2
-1
-1
-1
-1
-1
-1
0
1
1
2
2
1
1
1
1
0
0
0
0
0
0
0
1
1
1
1
1
1
1
1
0
1
1
1
1
1
1
1
1
1
1
1
1
1
0
-1
-2
-2
-2
-1
-1
-1
-1
0
1
2
1
0
0
0
0
-1
-2
-2
-2
-2
-3
-3
-3
-2
-2
-2
-1
-1
-1
-2
-2
-2
-3
-3
-3
-3
-3
-3
-3
-3
-2
-3
-3
-4
-3
-3
-3
-3
-2
-2
-2
-2
-2
-2
-1
0
0
0
0
0
0
-1
-2
-2
-2
-2
-2
-1
-1
0
0
1
1
0
0
0
1
0
0
-1
-2
-3
-3
-3
-3
-3
-4
-3
-2
-2
-2
-2
-2
-2
-2
-2
-2
-2
-2
-2
-2
-2
-2
-2
-2
-2
-2
-1
-1
-1
-1
-1
-1
-1
-1
-1
-1
0
1
1
1
1
1
0
0
-1
-2
-2
-2
-2
-2
-2
-1
-1
0
0
0
0
0
0
0
-1
-1
-1
-1
-1
-2
-2
-2
-2
-1
-1
-1
0
0
0
-1
-1
-1
-1
0
0
0
0
0
0
-1
-1
-1
0
0
0
1
1
0
0
-1
0
0
0
0
-1
0
0
1
1
1
0
0
0
0
0
-1
-1
-1
-1
-1
-2
-1
-1
0
0
0
0
0
0
0
-1
-1
-1
-1
-1
-1
-1
-1
-2
-2
-2
-1
-1
-1
-1
0
0
0
-1
0
0
0
-1
-1
-1
-1
-1
-1
-1
-1
-1
-1
-2
-1
-1
-1
-1
0
0
0
-1
-1
-1
-1
-1
-1
-1
-1
-1
0
-1
-1
-1
-1
-1
-1
0
0
0
1
1
1
0
0
0
0
0
0
0
0
0
0
0
0
-1
-1
0
0
0
0
0
0
1
1
0
0
0
0
-1
-1
-1
-1
-1
-2
-2
-2
-1
-1
-1
-1
-1
-1
-1
-1
-1
-1
-1
-1
-1
-1
-1
-1
0
-1
-1
-1
0
0
0
-1
-1
-1
-1
0
0
0
-1
0
0
0
-1
-1
0
0
-1
-1
-1
0
-1
-1
-1
0
0
0
1
1
0
0
0
0
0
0
0
0
0
0
0
0
0
0
1
1
0
0
1
1
1
0
1
1
0
0
0
0
1
1
1
0
0
-1
-1
-1
-1
-1
-1
-1
-1
-1
-1
-2
-1
-1
-1
-1
-1
-1
-1
-1
-1
-2
-2
-2
-2
-1
-1
-1
0
0
-1
-1
0
1
0
0
0
0
0
0
0
0
0
0
0
1
1
1
1
1
1
1
0
0
0
0
0
0
0
0
0
-1
-1
0
0
-1
-1
-1
-1
-1
-1
-1
-1
-1
-1
-1
0
0
0
0
0
-1
0
0
0
0
0
-1
-1
0
0
-1
-1
-1
-1
0
0
0
0
0
0
0
-1
-1
-1
-1
-1
-1
-1
-1
-1
-1
-1
-1
0
0
-1
-1
-1
-2
-2
-2
-2
-1
-1
-1
-1
-1
-1
-1
-1
-1
-1
-2
-2
-1
-1
-2
-2
-1
-1
0
0
0
-1
-1
-1
-1
-1
-1
-1
-1
-1
-1
-2
-2
-1
0
0
0
0
0
0
0
-1
-1
-1
-1
-1
-2
-2
-1
-1
-1
-2
-2
-1
-1
-2
-2
-1
-1
-2
-2
-2
-2
-1
-1
-1
-1
-1
-1
-1
-1
-1
-2
-1
-1
-2
-2
-2
-2
-2
-2
-2
-1
-1
-1
-1
-1
-1
-1
-1
-1
-1
-1
-1
-2
-2
-2
-1
-1
-1
-1
-1
0
0
-1
-1
-1
0
0
-1
-1
-1
-1
0
0
1
0
0
0
1
1
0
0
0
0
0
0
0
0
-1
-1
-1
-1
-1
-1
-1
-2
-2
-1
-1
0
-1
-1
-1
-1
-1
-2
-2
-1
0
0
-1
-1
-1
-1
-1
-1
0
0
0
-1
-1
0
0
0
0
0
0
0
0
0
0
0
1
0
-1
-1
-1
0
0
0
-1
-1
-1
-1
-1
-1
-1
0
0
0
-1
0
0
0
0
-1
-1
0
0
0
0
0
0
-1
-1
-1
-1
0
0
0
0
0
0
0
0
0
0
0
0
0
0
0
0
0
0
-1
-1
-1
0
0
0
0
0
0
0
0
0
-1
0
0
0
-1
0
0
0
0
0
-1
-1
0
0
1
0
0
0
0
0
0
0
0
0
0
0
0
0
0
0
0
0
-1
0
1
1
0
0
0
1
0
0
0
0
0
0
0
0
0
0
-1
0
0
0
0
0
0
0
0
0
0
0
0
0
0
0
0
0
0
0
0
0
0
0
0
-1
0
0
0
0
-1
0
0
-1
-1
0
0
0
0
0
1
0
0
0
0
-1
-1
0
0
0
0
0
0
0
0
0
0
0
0
-1
-1
-1
-1
0
0
0
-1
-1
0
0
0
-1
0
0
0
0
0
0
0
0
-1
-1
-1
-1
-1
0
0
0
-1
-1
0
0
0
0
0
0
0
0
0
0
0
0
0
0
-1
0
0
0
0
0
0
0
0
0
0
0
0
0
0
0
0
0
0
0
0
-1
-1
-1
-1
-1
-1
-1
-1
-1
-1
0
0
0
0
1
0
0
0
0
0
0
-1
-1
-1
-1
-1
0
0
0
-1
0
0
0
0
0
0
1
1
1
0
0
0
0
0
0
0
0
0
0
0
0
0
0
0
0
0
0
0
1
0
0
0
0
0
0
0
0
0
0
0
0
0
0
0
0
0
0
0
0
1
1
0
0
0
0
0
0
0
0
0
0
0
-1
0
0
0
0
-1
-1
0
0
0
0
0
1
0
0
0
0
0
0
0
0
0
0
0
0
0
0
0
0
0
1
1
0
0
0
0
0
0
1
0
0
0
0
1
1
0
0
0
0
0
0
0
0
0
0
0
0
0
0
0
0
0
0
0
0
0
0
0
0
0
-1
0
0
1
1
1
0
1
1
0
0
0
0
0
0
0
-1
-1
-1
-1
0
0
0
0
0
0
1
0
0
0
0
0
0
0
0
0
0
0
0
0
0
0
0
0
0
0
-1
-1
-1
-1
-1
-1
-1
-1
0
0
0
0
0
0
-1
-1
-1
0
-1
-1
-1
0
-1
-1
-1
-1
0
0
-1
-1
0
0
0
-1
0
0
0
0
0
0
-1
-1
-1
-1
0
0
0
0
0
-1
0
0
0
-1
-1
-1
0
0
0
0
-1
-1
-1
0
0
0
0
0
0
0
0
-1
-1
-1
0
0
0
0
-1
-1
-1
-1
-1
0
-1
-1
-1
-1
0
-1
-1
-1
-1
-1
-1
-1
-1
-1
-1
-1
0
-1
-1
0
0
0
-1
-1
-1
0
0
0
0
0
0
0
0
0
0
0
0
0
0
0
-1
0
-1
-1
-1
0
0
0
0
0
0
0
0
0
0
0
0
-1
-1
-1
-1
-1
-1
-1
-1
-1
-2
-1
-1
-1
-1
-1
-1
-1
-1
-1
-1
-1
-1
-1
-1
-1
-1
-1
-1
-1
-1
-1
-1
0
0
0
0
-1
0
0
0
0
0
0
0
-1
0
0
0
-1
-1
-1
-1
-1
0
0
-1
-1
-2
-1
-1
-1
-1
-1
-1
-1
-1
-1
-1
-2
-2
-1
-1
-1
-1
-1
-1
-1
-1
-1
-1
-1
0
0
-1
-1
-1
0
0
-1
-1
-1
-1
-1
-1
-1
0
0
0
0
0
0
0
-1
-1
-1
0
-1
-1
-1
-1
-1
-1
-1
0
-1
-1
-2
-1
-1
-1
-1
-1
-1
-1
-1
-1
-1
-1
-1
-1
-1
-1
-1
-1
-1
-1
-1
-1
0
0
0
-1
-1
-1
-1
0
0
0
0
0
-1
-1
-1
-1
0
-1
-1
-1
0
0
0
-1
-1
-1
0
0
-1
-1
-1
-1
-1
-1
-1
-1
0
-1
-1
-1
0
0
0
0
0
0
-1
-1
-1
-1
-1
-1
-1
-1
-1
-1
0
0
-1
-1
-1
-1
-1
-1
0
0
0
-1
-1
0
0
-1
-1
-1
0
0
-1
-1
-1
-1
-1
-1
-1
-1
-1
-1
-1
-1
-1
-1
-1
0
0
0
0
0
0
0
0
-1
0
0
0
0
-1
-1
-1
-1
-1
0
0
-1
-1
-2
-1
-1
-1
-1
-1
-1
-1
-1
-1
-1
-1
-1
-1
-1
-1
-1
-1
-1
-1
0
-1
-1
-1
-1
-1
-1
-1
-1
-1
-1
-1
-1
-1
-1
-1
0
0
-1
-1
0
0
0
-1
0
0
0
-1
-1
0
0
0
-1
-1
0
-1
-1
-1
-1
0
0
0
-1
-1
-1
-1
-1
0
-1
-1
-1
-1
-1
0
0
0
0
0
0
0
0
0
0
0
0
0
0
-1
-1
-1
0
0
0
0
-1
-1
-1
-1
0
0
0
0
0
0
0
0
0
0
0
0
0
0
0
0
0
0
0
-1
-1
-1
0
0
0
0
0
0
0
0
0
0
0
0
0
0
0
0
0
0
-1
0
0
0
0
0
0
0
0
0
0
0
0
0
0
0
0
0
-1
-1
-1
0
-1
-1
0
0
0
0
0
0
0
0
0
0
0
0
0
0
0
0
0
0
0
0
-1
0
0
0
0
0
0
0
0
0
0
0
-1
0
0
0
0
0
0
0
-1
-1
0
0
0
-1
-1
-1
-1
-1
-1
-1
-1
0
0
-1
-1
-1
0
0
-1
-1
-1
-1
-1
-1
-1
-1
0
0
0
0
0
0
0
0
0
0
0
-1
0
0
0
0
-1
-1
0
0
0
0
-1
-1
-1
-1
0
0
0
-1
-1
-1
-1
0
0
0
-1
-1
-1
-1
-1
-1
0
0
0
0
0
0
0
0
0
0
0
-1
-1
-1
-1
-1
-1
-1
-1
0
0
0
-1
-1
-1
-1
-1
-1
-1
-1
-1
-1
-1
-1
-1
0
0
0
-1
-1
-1
0
0
-1
-1
0
0
0
0
0
0
0
0
0
0
0
0
0
0
0
0
-1
-1
-1
-1
-1
-1
0
0
0
-1
-1
0
0
0
0
0
0
0
-1
-1
-1
0
-1
-1
-1
-1
0
0
0
0
0
0
0
0
-1
0
0
0
0
0
0
0
-1
-1
-1
0
0
0
0
0
0
0
0
0
0
0
0
-1
-1
0
0
0
0
0
0
0
-1
-1
0
0
0
0
0
0
0
0
0
0
0
0
0
0
0
0
0
0
0
0
0
0
0
0
0
0
0
0
0
-1
0
0
0
0
0
0
0
0
0
0
0
0
-1
-1
-1
0
0
0
0
0
0
0
0
0
0
0
0
0
0
0
0
-1
-1
0
0
0
0
0
0
0
0
0
0
0
0
0
0
0
0
0
0
0
-1
0
0
0
0
0
0
-1
-1
0
0
0
0
-1
0
0
0
0
0
0
0
-1
-1
0
0
0
0
0
0
0
0
0
0
0
0
0
0
0
0
0
0
0
0
0
0
0
0
0
0
0
0
0
0
0
0
-1
0
0
0
0
0
-1
-1
0
0
0
0
-1
-1
-1
0
0
0
-1
-1
0
0
0
0
-1
0
0
0
0
0
0
0
0
0
0
0
0
0
0
0
0
0
0
0
-1
-1
0
0
0
0
-1
0
0
0
0
0
0
0
0
0
-1
-1
0
0
0
0
0
0
0
0
-1
-1
0
0
0
0
0
0
0
0
0
0
0
0
0
0
0
0
-1
-1
0
0
0
0
0
-1
-1
-1
-1
-1
0
0
0
0
0
0
0
-1
-1
-1
-1
-1
-1
-1
-1
-1
-1
-1
-1
-1
0
0
0
0
0
0
0
0
0
0
0
0
0
0
0
0
0
0
0
0
0
0
0
0
0
0
0
0
0
0
-1
-1
-1
0
0
0
0
0
0
0
-1
-1
0
0
0
0
0
0
-1
-1
-1
-1
-1
0
0
0
0
0
0
0
0
0
-1
0
0
0
0
0
0
0
0
0
0
-1
-1
-1
-1
0
0
0
-1
-1
0
0
-1
0
0
0
-1
-1
-1
-1
-1
-1
0
0
-1
-1
-1
-1
-1
-1
-1
0
0
0
0
-1
-1
-1
-1
0
0
-1
-1
-1
-1
-1
-1
0
-1
-1
-1
-1
0
-1
-1
-1
-1
-1
-1
-1
0
0
0
0
0
0
0
-1
-1
-1
-1
-1
-1
-1
-1
-1
0
0
0
0
0
0
0
0
-1
-1
-1
-1
-1
-1
-1
0
0
-1
-1
-1
0
-1
-1
-1
0
0
-1
-1
-1
0
-1
-1
-1
-1
-1
-1
0
0
0
-1
-1
-1
0
0
0
0
-1
-1
-1
0
0
0
0
-1
-1
0
0
0
0
0
0
0
0
0
0
0
0
-1
0
0
0
0
0
0
0
-1
-1
-1
0
0
0
-1
-1
-1
0
0
0
-1
-1
0
-1
-1
-1
-1
-1
-1
0
0
0
0
0
0
0
0
0
0
0
0
0
0
0
0
0
0
0
0
0
0
0
-1
0
0
0
0
0
0
0
0
0
-1
0
0
0
0
0
0
0
0
0
0
0
0
0
0
0
0
0
0
0
0
0
0
0
0
0
0
0
0
0
0
0
0
0
0
0
0
0
0
0
-1
-1
0
0
0
0
0
0
0
0
0
-1
-1
-1
-1
0
0
0
0
0
-1
0
0
0
0
0
0
0
0
0
0
0
0
0
0
0
0
0
-1
-1
0
0
0
-1
-1
-1
0
0
0
0
0
0
0
0
0
0
0
0
0
0
0
0
0
0
0
0
0
0
0
0
0
0
0
0
0
0
0
0
0
-1
-1
-1
-1
0
0
0
0
0
0
0
0
0
0
0
0
0
0
0
0
0
0
0
0
-1
0
0
0
0
0
-1
-1
0
0
-1
-1
0
0
0
-1
-1
-1
0
0
0
0
0
0
0
0
0
0
0
0
0
0
0
0
0
0
0
0
0
-1
0
0
0
0
0
0
0
0
0
0
0
0
0
0
0
0
0
-1
0
0
0
0
0
0
0
-1
0
0
0
0
0
0
0
0
0
0
0
0
0
0
0
0
0
0
0
0
0
0
0
0
0
0
0
0
0
0
0
0
0
0
0
0
0
0
0
0
0
0
0
0
0
0
0
0
0
0
0
0
0
0
0
0
0
0
0
0
0
0
0
0
0
-1
-1
0
0
0
0
0
0
-1
-1
0
0
0
0
0
0
0
0
0
0
-1
0
0
0
0
0
-1
0
0
0
0
0
0
-1
-1
-1
-1
0
0
0
0
0
0
-1
-1
0
0
0
0
0
0
0
0
0
0
0
0
0
0
0
0
0
0
0
0
0
0
-1
-1
0
0
-1
0
0
0
0
0
-1
0
0
0
0
0
0
0
0
0
0
0
0
0
0
0
0
0
-1
0
0
0
0
0
0
0
0
0
0
0
0
-1
0
0
0
0
0
0
0
0
0
0
0
0
0
0
0
0
-1
-1
0
0
0
0
0
0
0
0
0
0
0
0
0
0
0
0
0
0
0
0
0
0
0
0
0
0
0
-1
0
0
0
0
0
0
0
0
0
0
0
0
0
0
0
0
0
0
0
0
0
0
0
0
0
0
0
0
0
0
0
0
0
0
0
0
0
0
0
0
0
0
0
0
0
0
0
0
0
0
0
0
0
0
0
0
0
0
0
0
0
0
0
0
0
0
0
0
0
0
0
0
0
0
0
0
0
0
0
0
0
0
-1
0
0
0
0
0
0
0
0
0
0
0
0
0
0
0
0
0
0
0
0
0
-1
0
0
0
0
0
0
0
0
0
0
0
0
-1
-1
0
0
0
0
0
0
0
0
0
0
0
0
0
0
0
0
0
0
0
0
0
0
0
0
0
0
0
-1
0
0
0
0
0
0
0
0
0
0
0
0
0
0
-1
-1
-1
0
0
-1
-1
0
0
0
0
0
0
0
0
0
0
0
0
0
0
0
0
0
0
0
0
0
0
0
0
0
0
0
0
0
0
0
0
0
0
0
0
0
0
0
0
0
0
0
0
0
0
-1
0
0
0
-1
-1
-1
0
0
0
0
0
0
0
0
0
0
0
0
0
0
0
0
0
0
0
0
0
0
0
0
0
0
0
0
0
0
0
0
0
0
0
0
0
0
0
0
0
-1
0
0
0
0
0
0
0
0
0
0
0
0
0
0
0
0
0
0
0
0
0
0
0
0
0
0
0
0
0
0
0
0
0
0
0
0
0
0
0
0
0
0
0
0
0
0
0
0
0
0
0
0
0
0
0
0
0
0
0
0
0
0
0
0
0
0
0
0
0
0
0
0
0
0
0
0
0
0
0
0
0
0
0
0
0
0
0
0
0
0
0
0
0
0
0
0
0
0
0
0
0
0
0
0
-1
-1
0
0
0
0
0
0
0
-1
0
0
0
0
0
0
0
0
0
0
0
0
0
-1
0
0
0
0
0
0
0
0
0
-1
0
0
0
-1
-1
-1
-1
-1
-1
0
0
0
0
0
0
0
0
0
0
0
0
0
0
0
0
0
0
0
0
0
0
0
0
0
0
0
0
0
0
-1
0
0
0
0
0
0
0
0
0
0
0
0
0
0
0
0
0
0
0
0
0
0
0
0
0
0
0
0
0
0
0
0
0
0
0
0
0
0
0
0
0
0
0
0
0
0
0
0
0
0
0
0
0
0
0
0
0
0
0
0
0
0
0
0
0
0
0
0
0
0
0
0
0
0
0
0
0
0
0
0
0
0
0
0
0
0
0
0
0
0
0
0
0
0
0
0
0
0
0
0
0
0
0
0
0
0
0
0
0
0
0
0
0
0
0
0
0
0
0
0
0
0
0
0
0
0
0
0
0
0
0
0
0
0
0
0
0
0
0
0
0
0
0
0
0
0
0
0
0
0
0
0
0
0
0
0
0
0
0
0
0
0
0
0
0
0
0
0
0
0
0
0
0
0
0
0
0
0
0
0
0
0
0
0
0
0
0
0
0
0
0
0
0
0
0
0
0
0
0
0
0
0
0
0
0
0
0
0
0
0
0
0
0
0
0
0
0
0
0
0
0
0
0
0
0
0
0
0
0
0
0
0
0
0
0
0
0
0
0
0
0
0
0
0
0
0
0
0
0
0
0
0
0
0
0
0
0
-1
-1
0
0
0
0
0
0
0
0
0
0
0
0
0
0
0
0
0
0
0
0
0
0
0
0
0
0
0
0
0
0
0
0
0
0
0
0
0
0
0
0
0
0
0
0
0
0
0
0
0
0
0
0
0
0
0
0
0
0
0
0
0
0
0
0
0
0
0
0
0
0
0
0
0
0
0
0
0
0
0
0
0
0
0
0
0
0
0
0
0
0
0
0
0
0
0
0
0
0
0
0
0
0
0
0
0
0
0
0
0
0
0
0
0
0
0
0
0
0
0
0
0
0
0
0
0
0
0
0
0
0
0
0
0
0
0
0
0
0
0
0
0
0
0
0
0
0
0
0
0
0
0
0
0
0
0
0
0
0
0
0
0
0
0
0
0
0
0
0
0
0
0
0
0
0
0
0
0
0
0
0
0
0
0
0
0
0
0
0
0
0
0
0
0
0
0
0
0
0
0
0
0
0
0
0
0
0
0
0
0
0
0
0
0
0
0
0
0
0
0
0
0
0
0
0
0
0
0
0
0
0
0
0
0
0
0
0
0
0
0
0
0
0
0
0
0
0
-1
0
0
0
0
0
0
0
0
0
0
0
0
0
0
0
-1
0
0
0
0
0
0
0
0
0
0
0
0
0
0
0
0
0
0
0
0
0
0
0
0
0
0
0
0
0
0
0
0
0
0
0
0
0
0
0
0
0
0
0
0
0
0
0
0
0
0
0
0
0
0
0
0
-1
0
0
0
0
0
0
0
0
0
0
0
0
0
0
0
0
0
0
0
0
0
0
0
0
0
0
0
0
0
0
0
0
0
0
0
0
0
0
0
0
0
0
0
0
0
0
0
0
0
0
0
0
0
0
0
0
0
0
0
0
0
0
0
0
0
0
0
0
0
0
0
0
0
0
0
0
0
0
0
0
0
0
0
0
0
0
0
0
0
0
0
0
0
0
0
0
0
0
0
0
0
0
0
0
0
0
0
0
0
0
0
0
0
0
0
0
0
0
0
0
0
0
0
0
0
0
0
0
-1
0
0
0
0
0
0
0
0
0
0
0
0
0
0
0
0
0
0
0
0
0
0
0
0
0
0
0
0
0
0
0
0
0
0
0
0
0
0
0
0
0
0
0
0
0
0
0
0
0
0
0
0
0
0
0
0
0
0
0
0
0
0
0
0
0
0
0
0
0
0
0
0
0
0
0
0
-1
0
0
0
0
0
0
0
0
0
0
0
0
0
0
0
0
0
0
0
0
0
0
0
0
0
0
0
0
0
0
0
0
0
0
0
0
0
0
0
-1
0
0
0
0
0
0
0
0
0
0
0
0
0
0
0
0
0
0
0
0
0
0
0
0
0
0
0
0
0
0
0
0
0
0
0
0
0
0
0
0
0
0
0
0
0
0
0
0
0
0
0
0
0
0
0
0
0
0
0
0
0
0
0
0
0
0
0
0
0
0
0
0
0
0
0
0
0
0
0
0
0
0
0
0
0
0
0
0
0
0
0
0
0
0
0
0
0
0
0
0
0
0
0
0
0
0
0
0
0
0
0
0
0
0
0
0
0
0
0
0
0
0
0
0
0
0
0
0
0
0
0
0
0
0
0
0
0
0
0
0
0
0
0
0
0
0
0
0
0
0
0
0
0
0
0
0
0
0
0
0
0
0
0
0
0
0
0
0
0
0
0
0
0
0
0
0
0
0
0
0
0
0
0
0
0
0
0
0
0
0
0
0
0
0
0
0
0
0
0
0
0
0
0
0
0
0
0
0
0
0
0
0
0
0
0
0
0
0
0
0
0
0
0
0
0
0
0
0
0
0
0
0
0
0
0
0
0
0
0
0
0
0
0
0
0
0
0
0
0
0
0
0
0
0
0
0
0
0
0
0
0
0
0
0
0
0
0
0
0
0
0
0
0
0
0
0
0
0
0
0
0
0
0
0
0
0
0
0
0
0
0
0
0
0
0
0
0
0
0
0
0
0
0
0
0
0
0
0
0
0
0
0
0
0
0
0
0
0
0
0
0
0
0
0
0
0
0
0
0
0
0
0
0
0
0
0
0
0
0
0
0
0
0
0
0
0
0
0
0
0
0
0
0
0
0
0
0
0
0
0
0
0
0
0
0
0
0
0
0
0
0
0
0
0
0
0
0
0
0
0
0
0
0
0
0
0
0
0
0
0
0
0
0
0
0
0
0
0
0
0
0
0
0
0
0
0
0
0
0
0
0
0
0
0
0
0
0
0
0
0
0
0
0
0
0
0
0
0
0
0
0
0
0
0
0
0
0
0
0
0
0
0
0
0
0
0
0
0
0
0
0
0
0
0
0
0
0
0
0
0
0
0
0
0
0
0
0
0
0
0
0
0
0
0
0
0
0
0
0
0
0
0
0
0
0
0
0
0
0
0
0
0
0
0
0
0
0
0
0
0
0
0
0
0
0
0
0
0
0
0
0
0
0
0
0
0
0
0
0
0
0
0
0
0
0
0
0
0
0
0
0
0
0
0
0
0
0
0
0
0
0
0
0
0
0
0
0
0
0
0
0
0
0
0
0
0
0
0
0
0
0
0
0
0
0
0
0
0
0
0
0
0
0
0
0
0
-1
0
0
0
0
0
0
0
0
0
0
0
0
0
0
0
0
0
0
0
0
0
0
0
0
0
0
0
0
0
0
0
0
0
0
0
0
0
0
0
0
0
0
0
0
0
0
0
0
0
0
0
0
0
0
0
0
0
0
0
0
0
0
0
0
0
0
0
0
0
0
0
0
0
0
0
0
0
0
0
0
0
0
0
0
0
0
0
0
0
0
0
0
0
0
0
0
0
0
0
0
0
0
0
0
0
0
0
0
0
0
0
0
0
0
0
0
0
0
0
0
0
0
0
0
0
0
0
0
0
0
0
0
0
0
0
0
0
0
0
0
0
0
0
0
0
0
0
0
0
0
0
0
0
0
0
0
0
0
0
0
0
0
0
0
0
0
0
0
0
0
0
0
0
0
0
0
0
0
0
0
0
0
0
0
0
0
0
0
0
0
0
0
0
0
0
0
0
0
0
0
0
0
0
0
0
0
0
0
0
0
0
0
0
0
0
0
0
0
0
0
0
0
0
0
0
0
0
0
0
0
0
0
0
0
0
0
0
0
0
0
0
0
0
0
0
0
0
0
0
0
0
0
0
0
0
0
0
0
0
0
0
0
0
0
0
0
0
0
0
0
0
0
0
0
0
0
0
0
0
0
0
0
0
0
0
0
0
0
0
0
0
0
0
0
0
0
0
0
0
0
0
0
0
0
0
0
0
0
0
0
0
0
0
0
0
0
0
0
0
0
0
0
0
0
0
0
0
0
0
0
0
0
0
0
0
0
0
0
0
0
0
0
0
0
0
0
0
0
0
0
0
0
-1
0
0
0
0
0
0
0
0
0
0
0
0
0
0
0
0
0
0
0
0
0
0
0
0
0
0
0
0
0
0
0
0
0
0
0
0
0
0
0
0
0
0
0
0
0
0
0
0
0
0
0
0
0
0
0
0
0
0
0
0
0
0
0
0
0
0
0
0
0
0
-1
0
0
0
0
0
0
0
0
0
0
0
0
0
0
0
0
0
0
0
0
0
0
0
0
0
0
0
0
0
0
0
0
0
0
0
0
0
0
0
0
0
0
0
0
0
0
0
0
0
0
0
0
0
0
0
0
0
0
0
0
0
0
0
0
0
0
0
0
0
0
0
0
0
0
0
0
0
0
0
0
0
0
0
0
0
0
0
0
0
0
0
0
0
0
0
0
0
0
0
0
0
0
0
0
0
0
0
0
0
0
0
0
0
0
0
0
0
0
0
0
0
0
0
0
0
0
0
0
0
0
0
0
0
0
0
0
0
0
0
0
0
0
0
0
0
0
0
0
0
0
0
0
0
0
0
0
0
0
0
0
0
0
0
0
0
0
0
0
0
0
0
0
0
0
0
0
0
0
0
0
0
0
0
0
0
0
0
0
0
0
0
0
0
0
0
0
0
0
0
0
0
0
0
0
0
0
-1
0
0
0
0
0
0
0
0
0
0
0
0
0
0
0
0
0
0
0
0
0
0
0
0
0
0
0
0
0
0
0
0
0
0
0
0
0
0
0
0
0
0
0
0
0
0
0
0
0
0
0
0
0
0
0
0
0
0
0
0
0
0
0
0
0
0
0
0
0
0
0
0
0
0
0
0
0
0
0
0
0
0
0
0
0
0
0
0
0
0
0
0
0
0
0
0
0
0
0
0
0
0
0
0
0
0
0
0
0
0
0
0
0
0
0
0
0
0
0
0
0
0
0
0
0
0
0
0
0
0
0
0
0
0
0
0
0
0
0
0
0
0
0
0
0
0
0
0
0
0
0
0
0
0
0
0
0
0
0
0
0
0
0
0
0
0
0
0
0
0
0
0
0
0
0
0
0
-1
0
0
0
0
0
0
0
0
0
0
0
0
0
0
0
0
0
0
0
0
0
0
0
0
0
0
0
0
0
0
0
0
0
0
0
0
0
0
0
0
0
0
0
0
0
0
0
0
0
0
0
0
0
0
0
0
0
0
0
0
0
0
0
0
0
0
0
-1
0
0
0
0
0
0
0
0
0
0
0
0
0
0
0
0
0
0
0
-1
0
0
0
0
0
0
0
0
0
0
0
0
0
0
0
0
0
0
0
0
0
0
0
0
0
0
0
0
0
0
0
0
0
0
0
0
0
0
0
0
0
0
0
0
0
0
0
0
0
0
0
0
0
0
0
0
0
0
0
0
0
0
0
0
0
0
0
0
0
0
0
0
0
0
0
0
0
0
0
0
0
0
0
0
0
0
0
0
0
0
0
0
0
0
0
0
0
0
0
0
0
0
0
0
0
0
0
0
0
0
0
0
0
0
0
0
0
0
0
0
0
0
0
0
0
0
0
0
0
0
0
0
0
0
0
0
0
0
0
0
0
0
0
0
0
0
0
0
0
0
0
0
0
0
0
0
0
0
0
0
0
0
0
0
0
0
0
0
0
0
0
0
0
0
0
0
0
0
0
0
0
0
0
0
0
0
0
0
0
0
0
0
0
0
0
0
0
0
0
0
0
0
0
0
0
0
0
0
0
0
0
0
0
0
0
0
0
0
0
0
0
0
0
0
0
0
0
0
0
0
0
0
0
0
0
0
0
0
0
0
0
0
0
0
0
0
0
0
0
0
0
0
0
0
0
0
0
0
0
0
0
0
0
0
0
0
0
0
0
0
0
0
0
0
0
0
0
0
0
0
0
0
0
0
0
0
0
0
0
0
0
0
0
0
0
0
0
0
0
0
0
0
0
0
0
0
0
0
0
0
0
0
0
0
0
0
0
0
0
0
0
0
0
0
0
0
0
0
0
0
0
0
0
0
0
0
0
0
0
0
0
0
0
0
0
0
0
0
0
0
0
0
0
0
0
0
0
0
0
0
0
0
0
0
0
0
0
0
0
0
0
0
0
0
0
0
0
0
0
0
0
0
0
0
0
0
0
0
0
0
0
0
0
0
0
0
0
0
0
0
0
0
0
0
0
0
0
0
0
0
0
0
0
0
0
0
0
0
0
0
0
0
0
0
0
0
0
0
0
0
0
0
0
0
0
0
-1
0
0
0
0
0
0
0
0
0
0
0
0
0
0
0
0
0
0
0
0
0
0
0
0
0
0
0
0
0
0
0
0
0
0
0
0
0
0
0
0
0
0
0
0
0
0
0
0
0
0
0
0
0
0
0
0
0
0
0
0
0
0
0
0
0
0
0
0
0
0
0
0
0
0
0
0
0
0
0
0
0
0
0
0
0
0
0
0
0
0
0
0
0
0
0
0
0
0
-1
0
0
0
0
0
0
0
0
0
0
0
0
0
0
0
0
0
0
0
0
0
0
0
0
0
0
0
0
0
0
0
0
0
0
0
0
0
0
0
0
0
0
0
0
0
0
0
0
0
0
0
0
0
0
0
0
0
0
0
0
0
0
0
0
0
0
0
0
0
0
0
0
0
0
0
0
0
0
0
0
0
0
0
0
0
0
0
0
0
0
0
0
0
0
0
0
0
0
0
0
0
0
0
0
0
0
0
0
0
0
0
0
0
0
0
0
0
0
0
0
0
0
0
0
0
0
0
0
0
0
0
0
0
0
0
0
0
0
0
0
0
0
0
0
0
0
0
0
0
0
0
0
0
0
0
0
0
0
0
0
0
0
0
0
0
0
0
0
0
0
0
0
0
0
0
0
0
0
0
0
0
0
0
0
0
0
0
0
0
0
0
0
0
0
0
0
0
0
0
0
0
0
0
0
0
0
0
0
0
0
0
0
0
0
0
0
0
0
0
0
0
0
0
0
0
0
0
0
0
0
0
0
0
0
0
0
0
0
0
0
0
0
0
0
0
0
0
0
0
0
0
0
0
0
0
0
0
0
0
0
0
0
0
0
0
0
0
0
0
0
0
0
0
0
0
0
0
0
0
0
0
0
0
0
0
0
0
0
0
0
0
0
0
0
0
0
0
0
0
0
0
0
0
0
0
0
0
0
0
0
0
0
0
0
0
0
0
0
0
0
0
0
0
0
0
0
0
0
0
0
0
0
0
0
0
0
0
0
0
0
0
0
0
0
0
0
0
0
0
0
0
0
0
0
0
0
0
0
0
0
0
0
0
0
0
0
0
0
0
0
0
0
0
0
0
0
0
0
0
0
0
0
0
0
0
0
0
0
0
0
0
0
0
0
0
0
0
0
0
0
0
0
0
0
0
0
0
0
0
0
0
0
0
0
0
0
0
0
0
0
0
0
0
0
0
0
0
0
0
0
0
0
0
0
0
0
0
0
0
0
0
0
0
0
0
0
0
0
0
0
0
0
0
0
0
0
0
0
0
0
0
0
0
0
0
0
0
0
0
0
0
0
0
0
0
0
0
0
0
0
0
0
0
0
0
0
0
0
0
0
0
0
0
0
0
0
0
0
0
0
0
0
0
0
0
0
0
0
0
0
0
0
0
0
0
0
0
0
0
0
0
0
0
0
0
0
0
0
0
0
0
0
0
0
0
0
0
0
0
0
0
0
0
0
0
0
0
0
0
0
0
0
0
0
0
0
0
0
0
0
0
0
0
0
0
0
0
0
0
0
0
0
0
0
0
0
0
0
0
0
0
0
0
0
0
0
0
0
0
0
0
0
0
0
0
0
0
0
0
0
0
0
0
0
0
0
0
0
0
0
0
0
0
0
0
0
0
0
0
0
0
0
0
0
0
0
0
0
0
0
0
0
0
0
0
0
0
0
0
0
0
0
0
0
0
0
0
0
0
0
0
0
0
0
0
0
0
0
0
0
0
0
0
0
0
0
0
0
0
0
0
0
0
0
0
0
0
0
0
0
0
0
0
0
0
0
0
0
0
0
0
0
0
0
0
0
0
0
0
0
0
0
0
0
0
0
0
0
0
0
0
0
0
0
0
0
0
0
0
0
0
0
0
0
0
0
0
0
0
0
0
0
0
0
0
0
0
0
0
0
0
0
0
0
0
0
0
0
0
0
0
0
0
0
0
0
0
0
0
0
0
0
0
0
0
0
0
0
0
0
0
0
0
0
0
0
0
0
0
0
0
0
0
0
0
0
0
0
0
0
0
0
0
0
0
0
0
0
0
0
0
0
0
0
0
0
0
0
0
0
0
0
0
0
0
0
0
0
0
0
0
0
0
0
0
0
0
0
0
0
0
0
0
0
0
0
0
0
0
0
0
0
0
0
0
0
0
0
0
0
0
0
0
0
0
0
0
0
0
0
0
0
0
0
0
0
0
0
0
0
0
0
0
0
0
0
0
0
0
0
0
0
0
0
0
0
0
0
0
0
0
0
0
0
0
0
0
0
0
0
0
0
0
0
0
0
0
0
0
0
0
0
0
0
0
0
0
0
0
0
0
0
0
0
0
0
0
0
0
0
0
0
0
0
0
0
0
0
0
0
0
0
0
0
0
0
0
0
0
0
0
0
0
0
0
0
0
0
0
0
0
0
0
0
0
0
0
0
0
0
0
0
0
0
0
0
0
0
0
0
0
0
0
0
0
0
0
0
0
0
0
0
0
0
0
0
0
0
0
0
0
0
0
0
0
0
0
0
0
0
0
0
0
0
0
0
0
0
0
0
0
0
0
0
0
0
0
0
0
0
0
0
0
0
0
0
0
0
0
0
0
0
0
0
0
0
0
0
0
0
0
0
0
0
0
0
0
0
0
0
0
0
0
0
0
0
0
0
0
0
0
0
0
0
0
0
0
0
0
0
0
0
0
0
0
0
0
0
0
0
0
0
0
0
0
0
0
0
0
0
0
0
0
0
0
0
0
0
0
0
0
0
0
0
0
0
0
0
0
0
0
0
0
0
0
0
0
0
0
0
0
0
0
0
0
0
0
0
0
0
0
0
0
0
0
0
0
0
0
0
0
0
0
0
0
0
0
0
0
0
0
0
0
0
0
0
0
0
0
