0
0
0
0
0
0
0
0
0
0
0
0
0
0
0
0
0
0
0
0
0
0
0
0
0
0
0
0
0
0
0
0
0
0
0
0
0
0
0
0
0
0
0
0
0
0
0
0
0
0
0
0
0
0
0
0
0
0
0
0
0
0
0
0
0
0
0
0
0
0
0
0
0
0
0
0
0
0
0
0
0
0
0
0
0
0
0
0
0
0
0
0
0
0
0
0
0
0
0
0
0
0
0
0
0
0
0
0
0
0
0
0
0
0
0
0
0
0
0
0
0
0
0
0
0
0
0
0
0
0
0
0
0
0
0
0
0
0
0
0
0
0
0
0
0
0
0
0
0
0
0
0
0
0
0
0
0
0
0
0
0
0
0
0
0
0
0
0
0
0
0
0
0
0
0
0
0
0
0
0
0
0
0
0
0
0
0
0
0
0
0
0
0
0
0
0
0
0
0
0
0
0
0
0
0
0
0
0
0
0
0
0
0
0
0
0
0
0
0
0
0
0
0
0
0
0
0
0
0
0
0
0
0
0
0
0
0
0
0
0
0
0
0
0
0
0
0
0
0
0
0
0
0
0
0
0
0
0
0
0
0
0
0
0
0
0
0
0
0
0
0
0
0
0
0
0
0
0
0
0
0
0
0
0
0
0
0
0
0
0
0
0
0
0
0
0
0
0
0
0
0
0
0
0
0
0
0
0
0
0
0
0
0
0
0
0
0
0
0
0
0
0
0
0
0
0
0
0
0
0
0
0
0
0
0
0
0
0
0
0
0
0
0
0
0
0
0
0
0
0
0
0
0
0
0
0
0
0
0
0
0
0
0
0
0
0
0
0
0
0
0
0
0
0
0
0
0
0
0
0
0
0
0
0
0
0
0
0
0
0
0
0
0
0
0
0
0
0
0
0
0
0
0
0
0
0
0
0
0
0
0
0
0
0
0
0
0
0
0
0
0
0
0
0
0
0
0
0
0
0
0
0
0
0
0
0
0
0
0
0
0
0
0
0
0
0
0
0
0
0
0
0
0
0
0
0
0
0
0
0
0
0
0
0
0
0
0
0
0
0
0
0
0
0
0
0
0
0
0
0
0
0
0
0
0
0
0
0
0
0
0
0
0
0
0
0
0
0
0
0
0
0
0
0
0
0
0
0
0
0
0
0
0
0
0
0
0
0
0
0
0
0
0
0
0
0
0
0
0
0
0
0
0
0
0
0
0
0
0
0
0
0
0
0
0
0
0
0
0
0
0
0
0
0
0
0
0
0
0
0
0
0
0
0
0
0
0
0
0
0
0
0
0
0
0
0
0
0
0
0
0
0
0
0
0
0
0
0
0
0
0
0
0
0
0
0
0
0
0
0
0
0
0
0
0
0
0
0
0
0
0
0
0
0
0
0
0
0
0
0
0
0
0
0
0
0
0
0
0
0
0
0
0
0
0
0
0
0
0
0
0
0
0
0
0
0
0
0
0
0
0
0
0
0
0
0
0
0
0
0
0
0
0
0
0
0
0
0
0
0
0
0
0
0
0
0
0
0
0
0
0
0
0
0
0
0
0
0
0
0
0
0
0
0
0
0
0
0
0
0
0
0
0
0
0
0
0
0
0
0
0
0
0
0
0
0
0
0
0
0
0
0
0
0
0
0
0
0
0
0
0
0
0
0
0
0
0
0
0
0
0
0
0
0
0
0
0
0
0
0
0
0
0
0
0
0
0
0
0
0
0
0
0
0
0
0
0
0
0
0
0
0
0
0
0
0
0
0
0
0
0
0
0
0
0
0
0
0
0
0
0
0
0
0
0
0
0
0
0
0
0
0
0
0
0
0
0
0
0
0
0
0
0
0
0
0
0
0
0
0
0
0
0
0
0
0
0
0
0
0
0
0
0
0
0
0
0
0
0
0
0
0
0
0
0
0
0
0
0
0
0
0
0
0
0
0
0
0
0
0
0
0
0
0
0
0
0
0
0
0
0
0
0
0
0
0
0
0
0
0
0
0
0
0
0
0
0
0
0
0
0
0
0
0
0
0
0
0
0
0
0
0
0
0
0
0
0
0
0
0
0
0
0
0
0
0
0
0
0
0
0
0
0
0
0
0
0
0
0
0
0
0
0
0
0
0
0
0
0
0
0
0
0
0
0
0
0
0
0
0
0
0
0
0
0
0
0
0
0
0
0
0
0
0
0
0
0
0
0
0
0
0
0
0
0
0
0
0
0
0
0
0
0
0
0
0
0
0
0
0
0
0
0
0
0
0
0
0
0
0
0
0
0
0
0
0
0
0
0
0
0
0
0
0
0
0
0
0
0
0
0
0
0
0
0
0
0
0
0
0
0
0
0
0
0
0
0
0
0
0
0
0
0
0
0
0
0
0
0
0
0
0
0
0
0
0
0
0
0
0
0
0
0
0
0
0
0
0
0
0
0
0
0
0
0
0
0
0
0
0
0
0
0
0
0
0
0
0
0
0
0
0
0
0
0
0
0
0
0
0
0
0
0
0
0
0
0
0
0
0
0
0
0
0
0
0
0
0
0
0
0
0
0
0
0
0
0
0
0
0
0
0
0
0
0
0
0
0
0
0
0
0
0
0
0
0
0
0
0
0
0
0
0
0
0
0
0
0
0
0
0
0
0
0
0
0
0
0
0
0
0
0
0
0
0
0
0
0
0
0
0
0
0
0
0
0
0
0
0
0
0
0
0
0
0
0
0
0
0
0
0
0
0
0
0
0
0
0
0
0
0
0
0
0
0
0
0
0
0
0
0
0
0
0
0
0
0
0
0
0
0
0
0
0
0
0
0
0
0
0
0
0
0
0
0
0
0
0
0
0
0
0
0
0
0
0
0
0
0
0
0
0
0
0
0
0
0
0
0
0
0
0
0
0
0
0
0
0
0
0
0
0
0
0
0
0
0
0
0
0
0
0
0
0
0
0
0
0
0
0
0
0
0
0
0
0
0
0
0
0
0
0
0
0
0
0
0
0
0
0
0
0
0
0
0
0
0
0
0
0
0
0
0
0
0
0
0
0
0
0
0
0
0
0
0
0
0
0
0
0
0
0
0
0
0
0
0
0
0
0
0
0
0
0
0
0
0
0
0
0
0
0
0
0
0
0
0
0
0
0
0
0
0
0
0
0
0
0
0
0
0
0
0
0
0
0
0
0
0
0
0
0
0
0
0
0
0
0
0
0
0
0
0
0
0
0
0
0
0
0
0
0
0
0
0
0
0
0
0
0
0
0
0
0
0
0
0
0
0
0
0
0
0
0
0
0
0
0
0
0
0
0
0
0
0
0
0
0
0
0
0
0
0
0
0
0
0
0
0
0
0
0
0
0
0
0
0
0
0
0
0
0
0
0
0
0
0
0
0
0
0
0
0
0
0
0
0
0
0
0
0
0
0
0
0
0
0
0
0
0
0
0
0
0
0
0
0
0
0
0
0
0
0
0
0
0
0
0
0
0
0
0
0
0
0
0
0
0
0
0
0
0
0
0
0
0
0
0
0
0
0
0
0
0
0
0
0
0
0
0
0
0
0
0
0
0
0
0
0
0
0
0
0
0
0
0
0
0
0
0
0
0
0
0
0
0
0
0
0
0
0
0
0
0
0
0
0
0
0
0
0
0
0
0
0
0
0
0
0
0
0
0
0
0
0
0
0
0
0
0
0
0
0
0
0
0
0
0
0
0
0
0
0
0
0
0
0
0
0
0
0
0
0
0
0
0
0
0
0
0
0
0
0
0
0
0
0
0
0
0
0
0
0
0
0
0
0
0
0
0
0
0
0
0
0
0
0
0
0
0
0
0
0
0
0
0
0
0
0
0
0
0
0
0
0
0
0
0
0
0
0
0
0
0
0
0
0
0
0
0
0
0
0
0
0
0
0
0
0
0
0
0
0
0
0
0
0
0
0
0
0
0
0
0
0
0
0
0
0
0
0
0
0
0
0
0
0
0
0
0
0
0
0
0
0
0
0
0
0
0
0
0
0
0
0
0
0
0
0
0
0
0
0
0
0
0
0
0
0
0
0
0
0
0
0
0
0
0
0
0
0
0
0
0
0
0
0
0
0
0
0
0
0
0
0
0
0
0
0
0
0
0
0
0
0
0
0
0
0
0
0
0
0
0
0
0
0
0
0
0
0
0
0
0
0
0
0
0
0
0
0
0
0
0
0
0
0
0
0
0
0
0
0
0
0
0
0
0
0
0
0
0
0
0
0
0
0
0
0
0
0
0
0
0
0
0
0
0
0
0
0
0
0
0
0
0
0
0
0
0
0
0
0
0
0
0
0
0
0
0
0
0
0
0
0
0
0
0
0
0
0
0
0
0
0
0
0
0
0
0
0
0
0
0
0
0
0
0
0
0
0
0
0
0
0
0
0
0
0
0
0
0
0
0
0
0
0
0
0
0
0
0
0
0
0
0
0
0
0
0
0
0
0
0
0
0
0
0
0
0
0
0
0
0
0
0
0
0
0
0
0
0
0
0
0
0
0
0
0
0
0
0
0
0
0
0
0
0
0
0
0
0
0
0
0
0
0
0
0
0
0
0
0
0
0
0
0
0
0
0
0
0
0
0
0
0
0
0
0
0
0
0
0
0
0
0
0
0
0
0
0
0
0
0
0
0
0
0
0
0
0
0
0
0
0
0
0
0
0
0
0
0
0
0
0
0
0
0
0
0
0
0
0
0
0
0
0
0
0
0
0
0
0
0
0
0
0
0
0
0
0
0
0
0
0
0
0
0
0
0
0
0
0
0
0
0
0
0
0
0
0
0
0
0
0
0
0
0
0
0
0
0
0
0
0
0
0
0
0
0
0
0
0
0
0
0
0
0
0
0
0
0
0
0
0
0
0
0
0
0
0
0
0
0
0
0
0
0
0
0
0
0
0
0
0
0
0
0
0
0
0
0
0
0
0
0
0
0
0
0
0
0
0
0
0
0
0
0
0
0
0
0
0
0
0
0
0
0
0
0
0
0
0
0
0
0
0
0
0
0
0
0
0
0
0
0
0
0
0
0
0
0
0
0
0
0
0
0
0
0
0
0
0
0
0
0
0
0
0
0
0
0
0
0
0
0
0
0
0
0
0
0
0
0
0
0
0
0
0
0
0
0
0
0
0
0
0
0
0
0
0
0
0
0
0
0
0
0
0
0
0
0
0
0
0
0
0
0
0
0
0
0
0
0
0
0
0
0
0
0
0
0
0
0
0
0
0
0
0
0
0
0
0
0
0
0
0
0
0
0
0
0
0
0
0
0
0
0
0
0
0
0
0
0
0
0
0
0
0
0
0
0
0
0
0
0
0
0
0
0
0
0
0
0
0
0
0
0
0
0
0
0
0
0
0
0
0
0
0
0
0
0
0
0
0
0
0
0
0
0
0
0
0
0
0
0
0
0
0
0
0
0
0
0
0
0
0
0
0
0
0
0
0
0
0
0
0
0
0
0
0
0
0
0
0
0
0
0
0
0
0
0
0
0
0
0
0
0
0
0
0
0
0
0
0
0
0
0
0
0
0
0
0
0
0
0
0
0
0
0
0
0
0
0
0
0
0
0
0
0
0
0
0
0
0
0
0
0
0
0
0
0
0
0
0
0
0
0
0
0
0
0
0
0
0
0
0
0
0
0
0
0
0
0
0
0
0
0
0
0
0
0
0
0
0
0
0
0
0
0
0
0
0
0
0
0
0
0
0
0
0
0
0
0
0
0
0
0
0
0
0
0
0
0
0
0
0
0
0
0
0
0
0
0
0
0
0
0
0
0
0
0
0
0
0
0
0
0
0
0
0
0
0
0
0
0
0
0
0
0
0
0
0
0
0
0
0
0
0
0
0
0
0
0
0
0
0
0
0
0
0
0
0
0
0
0
0
0
0
0
0
0
0
0
0
0
0
0
0
0
0
0
0
0
0
0
0
0
0
0
0
0
0
0
0
0
0
0
0
0
0
0
0
0
0
0
0
0
0
0
0
0
0
0
0
0
0
0
0
0
0
0
0
0
0
0
0
0
0
0
0
0
0
0
0
0
0
0
0
0
0
0
0
0
0
0
0
0
0
0
0
0
0
0
0
0
0
0
0
0
0
0
0
0
0
0
0
0
0
0
0
0
0
0
0
0
0
0
0
0
0
0
0
0
0
0
0
0
0
0
0
0
0
0
0
0
0
0
0
0
0
0
0
0
0
0
0
0
0
0
0
0
0
0
0
0
0
0
0
0
0
0
0
0
0
0
0
0
0
0
0
0
0
0
0
0
0
0
0
0
0
0
0
0
0
0
0
0
0
0
0
0
0
0
0
0
0
0
0
0
0
0
0
0
0
0
0
0
0
0
0
0
0
0
0
0
0
0
0
0
0
0
0
0
0
0
0
0
0
0
0
0
0
0
0
0
0
0
0
0
0
0
0
0
0
0
0
0
0
0
0
0
0
0
0
0
0
0
0
0
0
0
0
0
0
0
0
0
0
0
0
0
0
0
0
0
0
0
0
0
0
0
0
0
0
0
0
0
0
0
0
0
0
0
0
0
0
0
0
0
0
0
0
0
0
0
0
0
0
0
0
0
0
0
0
0
0
0
0
0
0
0
0
0
0
0
0
0
0
0
0
0
0
0
0
0
0
0
0
0
0
0
0
0
0
0
0
0
0
0
0
0
0
0
0
0
0
0
0
0
0
0
0
0
0
0
0
0
0
0
0
0
0
0
0
0
0
0
0
0
0
0
0
0
0
0
0
0
0
0
0
0
0
0
0
0
0
0
0
0
0
0
0
0
0
0
0
0
0
0
0
0
0
0
0
0
0
0
0
0
0
0
0
0
0
0
0
0
0
0
0
0
0
0
0
0
0
0
0
0
0
0
0
0
0
0
0
0
0
0
0
0
0
0
0
0
0
0
0
0
0
0
0
0
0
0
0
0
0
0
0
0
0
0
0
0
0
0
0
0
0
0
0
0
0
0
0
0
0
0
0
0
0
0
0
0
0
0
0
0
-1
-1
-1
-2
-1
-1
-1
-1
-2
-1
-1
-1
-1
-1
0
-1
-1
-1
0
0
0
0
0
0
0
-1
-1
0
0
0
0
0
0
0
0
0
0
0
0
-1
-1
-1
-1
-1
-1
-1
-1
-1
-1
-1
-1
-1
-1
-1
-1
-1
-1
-1
-1
-1
-1
-1
-1
-1
-1
0
0
0
0
0
0
0
0
0
0
0
0
0
-1
-1
-1
-1
-1
0
0
0
-1
-1
0
-1
-1
-1
0
0
0
0
0
0
-1
-1
-1
-1
-1
-1
-2
-1
-1
-1
-1
-1
-1
-1
-1
-1
-1
-1
-1
-1
-1
-1
-1
-1
-1
-1
-1
-1
-1
-1
-2
-1
0
0
0
-1
-1
0
0
0
0
0
0
-1
-1
-1
-1
-1
0
0
0
-1
-1
-1
-1
-1
-1
-1
-1
-1
-1
-2
-2
-2
-2
-1
-1
-1
-1
-2
-2
-1
-1
-1
0
0
-1
-1
-1
-1
-1
-1
-1
0
0
-1
-1
-1
-1
-1
-1
0
0
0
0
0
-1
-1
-1
0
0
0
0
-1
-1
0
0
-1
-2
-2
-1
-1
0
0
0
0
-1
-1
-1
-1
0
0
-1
-1
-1
-1
-1
-1
-1
-1
-1
-1
-1
-1
0
1
0
0
0
-1
-1
-1
0
0
0
0
0
-1
-1
0
0
0
0
-1
-1
-2
-2
-1
0
0
0
0
0
0
0
-1
-1
-1
-1
-1
0
0
0
0
0
0
-1
-1
-1
0
0
0
-1
-2
-2
-2
-1
0
0
-1
-1
-1
0
0
0
0
0
0
-1
-1
-2
-2
-1
-1
-1
-1
-1
0
0
0
0
0
0
-1
-1
-1
-1
-1
-1
-1
-1
-1
0
0
0
1
0
-1
-1
-1
0
0
0
-1
-1
0
0
0
0
1
0
0
-1
-1
0
0
0
0
0
0
-1
-1
-1
0
-1
-1
-1
-1
-1
0
0
-1
-1
0
0
0
0
-1
-1
-1
-2
-1
-1
-1
-1
0
0
0
0
0
0
1
1
2
2
1
1
1
1
2
2
2
2
1
1
2
2
2
2
2
2
2
2
2
2
2
2
2
1
1
1
2
2
2
2
2
1
1
1
2
2
2
1
1
1
1
1
2
2
2
2
2
2
2
2
2
1
1
1
1
1
1
1
1
0
0
0
1
1
1
1
1
1
1
0
1
1
1
1
1
0
0
0
0
0
1
2
1
1
2
2
2
1
1
1
1
0
0
1
1
1
1
1
2
2
2
3
3
2
1
0
1
1
1
1
2
3
2
2
1
2
2
2
2
2
2
1
1
1
2
2
2
2
2
2
2
2
2
1
1
1
1
1
1
1
1
1
1
1
1
1
1
1
0
0
1
1
0
0
1
1
1
0
-1
-1
-1
-2
-2
-1
1
1
0
-1
-2
-1
-1
0
-1
-1
-2
-2
-2
-1
-1
0
1
1
0
-1
-1
-1
0
0
0
-1
0
0
1
1
1
2
3
2
2
2
2
2
2
2
1
2
2
3
3
2
1
2
2
3
2
2
2
3
4
3
2
2
2
2
3
3
3
3
3
3
3
2
2
3
3
3
3
3
3
3
2
1
1
2
2
2
1
1
1
1
1
1
2
2
2
1
1
1
1
2
2
1
0
-1
-1
0
0
0
0
0
-1
-1
0
0
0
0
-1
-2
-2
-2
-1
0
0
-1
-2
-2
-2
-1
0
0
-1
-1
-1
-1
-1
-2
-3
-3
-1
0
0
0
0
1
1
0
-1
-1
-1
0
1
1
1
0
1
2
1
0
-1
1
2
3
2
2
2
0
-1
0
1
0
-1
-1
0
0
0
1
2
2
1
1
1
0
0
1
2
2
1
1
2
3
3
2
1
2
2
2
1
0
1
1
1
0
1
2
0
-2
-2
-1
0
0
0
0
1
1
0
0
0
0
0
0
0
0
-1
-2
-2
-3
-3
-3
-3
-3
-2
-1
0
-1
-2
-2
-2
-2
-3
-3
-3
-4
-5
-5
-5
-5
-5
-5
-4
-3
-4
-5
-5
-5
-5
-6
-5
-5
-5
-5
-5
-5
-5
-6
-7
-8
-7
-6
-6
-6
-6
-5
-5
-5
-5
-5
-5
-5
-4
-5
-5
-5
-4
-3
-3
-4
-4
-4
-3
-3
-2
-2
-2
-3
-3
-2
-2
-2
-1
0
0
-1
-2
-3
-3
-3
-4
-4
-4
-4
-4
-3
-3
-3
-4
-3
-3
-3
-3
-3
-3
-3
-3
-3
-3
-3
-3
-3
-3
-3
-3
-3
-3
-3
-2
-2
-2
-2
-3
-3
-3
-3
-3
-3
-3
-3
-3
-3
-3
-3
-3
-4
-5
-5
-5
-5
-5
-5
-5
-5
-4
-3
-3
-4
-3
-3
-3
-4
-5
-5
-5
-5
-5
-5
-5
-4
-4
-4
-4
-5
-5
-4
-3
-2
-3
-3
-3
-3
-3
-4
-3
-3
-3
-3
-3
-3
-4
-5
-4
-3
-2
-3
-4
-4
-4
-4
-3
-2
-2
-4
-5
-6
-5
-4
-4
-5
-5
-5
-5
-5
-5
-5
-5
-6
-6
-5
-5
-5
-5
-6
-6
-6
-6
-7
-6
-6
-7
-9
-9
-8
-7
-8
-8
-7
-6
-7
-8
-9
-8
-8
-8
-9
-8
-8
-8
-8
-9
-9
-10
-9
-9
-9
-10
-10
-10
-9
-10
-10
-10
-10
-10
-10
-9
-9
-9
-10
-9
-7
-6
-7
-8
-8
-8
-7
-8
-8
-8
-7
-7
-6
-7
-7
-8
-7
-6
-5
-5
-5
-5
-5
-4
-5
-5
-5
-5
-4
-4
-4
-5
-5
-5
-4
-5
-5
-5
-5
-6
-6
-6
-5
-5
-6
-6
-6
-5
-5
-5
-5
-6
-6
-6
-6
-6
-6
-6
-5
-4
-4
-5
-6
-6
-5
-5
-5
-5
-5
-6
-7
-6
-6
-5
-5
-5
-5
-6
-6
-6
-6
-7
-7
-6
-5
-5
-6
-5
-4
-4
-4
-4
-4
-3
-3
-2
-2
-2
-3
-3
-3
-3
-3
-2
-1
-1
-2
-1
0
0
0
-1
0
2
1
1
1
2
2
1
2
2
2
2
3
4
4
3
3
4
4
3
3
4
5
4
4
3
4
4
3
3
4
5
5
5
4
4
4
5
5
5
3
3
4
5
5
5
5
5
5
5
5
7
8
8
8
7
6
7
8
9
9
8
8
7
7
6
6
7
7
6
5
5
6
7
6
6
7
8
7
5
4
6
8
8
6
5
6
6
6
6
7
8
8
8
9
9
8
8
8
9
9
9
10
11
10
9
10
11
11
10
10
12
13
12
11
13
14
14
13
13
15
15
15
15
15
15
15
15
15
16
16
17
17
17
17
17
17
15
14
14
16
16
16
16
17
17
17
17
17
17
17
17
17
17
16
16
16
17
17
17
17
16
16
15
16
16
16
16
16
15
15
14
13
13
13
14
14
13
13
13
13
12
11
11
11
11
10
9
9
8
8
7
7
7
8
8
7
5
5
6
6
5
5
6
7
6
5
5
5
5
4
3
3
3
3
3
2
1
-1
-1
1
3
4
3
3
2
2
3
3
3
2
2
3
4
2
1
0
1
2
2
2
2
2
2
2
2
1
1
0
1
2
3
3
2
2
3
4
3
2
2
2
2
0
-1
-1
-2
-2
-1
-1
-2
-4
-6
-5
-4
-4
-4
-5
-5
-6
-6
-4
-3
-5
-6
-6
-5
-5
-7
-7
-5
-4
-4
-4
-4
-5
-5
-5
-4
-4
-4
-5
-5
-5
-5
-4
-4
-4
-3
-2
-2
-2
-3
-3
-2
-1
-2
-2
0
1
1
1
1
2
2
3
3
3
2
3
3
3
3
4
4
5
4
3
2
3
3
3
4
4
4
4
4
4
4
5
5
5
5
5
5
4
4
4
5
6
6
6
7
8
8
8
7
8
9
9
8
8
10
11
11
11
12
13
13
13
12
13
13
13
12
12
12
12
11
10
9
9
10
10
10
9
8
7
6
6
6
5
4
4
3
2
1
1
0
-2
-4
-6
-6
-7
-7
-8
-9
-10
-12
-13
-14
-15
-16
-17
-18
-19
-21
-21
-21
-23
-24
-25
-25
-26
-27
-28
-29
-29
-30
-31
-33
-34
-35
-35
-34
-34
-35
-36
-36
-37
-38
-38
-36
-36
-37
-39
-40
-39
-39
-39
-39
-38
-38
-39
-40
-39
-39
-39
-39
-37
-35
-35
-36
-37
-36
-34
-32
-31
-29
-28
-27
-25
-24
-22
-20
-18
-17
-15
-12
-11
-10
-9
-7
-4
-2
-1
2
4
6
7
7
8
11
14
16
16
16
18
20
22
24
26
28
30
31
31
33
34
34
34
36
38
40
41
42
43
44
44
44
45
45
45
45
44
43
43
45
46
46
45
44
45
46
45
44
43
43
42
42
42
42
42
40
38
37
36
34
32
31
30
30
29
27
25
23
22
21
20
19
17
16
14
12
11
11
10
9
6
3
1
0
-1
-3
-5
-7
-8
-10
-14
-16
-18
-20
-23
-25
-27
-28
-31
-34
-36
-38
-40
-42
-44
-46
-47
-48
-50
-53
-55
-56
-57
-58
-59
-59
-60
-61
-63
-65
-66
-68
-69
-69
-70
-72
-75
-76
-76
-75
-75
-76
-78
-79
-79
-79
-78
-78
-77
-76
-75
-74
-73
-73
-73
-70
-66
-64
-64
-63
-61
-59
-57
-55
-51
-48
-47
-44
-38
-34
-32
-31
-25
-20
-19
-19
-16
-11
-9
-8
-5
1
5
7
9
13
16
18
23
28
32
33
36
41
45
47
49
53
56
57
58
62
65
67
68
71
75
78
81
81
81
81
84
88
90
91
92
93
95
96
97
99
101
101
100
102
104
105
104
102
101
101
101
102
102
101
99
96
95
93
92
91
89
86
82
79
76
74
72
69
67
65
62
56
52
49
47
42
36
31
29
27
23
17
13
8
3
-2
-5
-8
-12
-17
-23
-27
-30
-34
-38
-44
-48
-52
-56
-62
-68
-71
-73
-77
-82
-87
-91
-95
-99
-103
-106
-110
-114
-117
-120
-124
-129
-133
-135
-137
-139
-142
-145
-148
-148
-148
-149
-152
-156
-157
-155
-155
-156
-157
-158
-158
-159
-159
-157
-155
-154
-154
-153
-151
-148
-146
-144
-142
-138
-134
-128
-123
-118
-115
-112
-109
-104
-99
-95
-88
-79
-73
-69
-66
-59
-50
-43
-39
-34
-29
-23
-18
-12
-4
1
4
9
17
25
30
35
42
49
55
60
65
71
78
85
92
98
102
107
114
121
127
134
139
142
144
147
150
154
156
159
161
162
162
163
166
168
168
168
171
175
178
180
181
180
177
175
177
179
177
174
175
178
178
173
167
166
166
164
160
156
153
150
147
144
143
140
136
130
123
117
112
108
105
100
96
90
85
80
75
71
67
62
56
49
42
36
32
30
27
20
11
4
-2
-7
-11
-15
-20
-27
-37
-45
-49
-54
-61
-67
-70
-72
-74
-79
-86
-93
-99
-103
-105
-109
-114
-121
-126
-131
-134
-135
-137
-140
-146
-152
-156
-157
-157
-158
-159
-161
-163
-163
-162
-159
-157
-157
-159
-161
-161
-159
-156
-153
-152
-152
-151
-149
-146
-143
-142
-140
-136
-131
-129
-129
-128
-125
-119
-112
-107
-102
-98
-94
-90
-82
-73
-65
-61
-58
-53
-46
-38
-31
-23
-15
-11
-9
-7
-3
2
7
13
20
27
34
40
46
52
58
62
66
72
79
85
87
89
94
101
108
111
114
116
118
121
125
130
133
132
129
128
128
130
133
137
142
145
146
146
148
149
151
152
152
151
148
146
148
151
153
151
148
147
149
150
148
143
139
137
137
136
134
131
127
125
122
118
114
110
106
99
91
85
84
83
80
76
71
67
63
59
56
51
45
41
38
36
32
26
18
11
7
5
2
-5
-15
-22
-26
-31
-38
-45
-48
-51
-56
-64
-71
-76
-78
-78
-79
-83
-89
-97
-103
-105
-105
-105
-109
-116
-122
-123
-122
-126
-133
-139
-145
-150
-154
-152
-149
-151
-160
-168
-172
-172
-173
-174
-174
-174
-174
-173
-170
-168
-169
-171
-172
-172
-174
-177
-177
-172
-165
-164
-168
-172
-172
-171
-172
-172
-167
-157
-150
-149
-150
-149
-148
-148
-146
-140
-133
-126
-122
-119
-116
-114
-110
-106
-101
-96
-90
-83
-74
-65
-58
-53
-49
-42
-33
-24
-20
-17
-13
-5
4
13
20
27
30
31
34
40
46
52
58
64
71
78
84
87
88
90
96
104
109
113
120
128
133
136
140
145
150
152
154
157
161
161
159
157
157
161
164
166
166
168
172
175
175
175
176
179
179
175
172
173
177
178
176
175
175
176
173
168
164
161
155
148
142
140
138
133
126
121
118
115
109
103
99
97
95
90
83
76
70
65
62
56
47
37
31
30
29
25
18
12
5
-4
-10
-11
-13
-21
-35
-46
-51
-55
-62
-70
-74
-74
-75
-78
-84
-95
-108
-116
-116
-112
-115
-124
-131
-135
-138
-146
-155
-161
-163
-162
-159
-157
-157
-164
-174
-182
-183
-183
-183
-181
-175
-170
-172
-178
-179
-173
-168
-172
-182
-187
-185
-183
-184
-185
-184
-185
-186
-185
-182
-180
-180
-180
-177
-169
-160
-155
-159
-165
-166
-161
-151
-141
-132
-125
-124
-125
-122
-111
-98
-88
-82
-75
-66
-56
-48
-42
-37
-31
-23
-15
-7
3
15
27
37
46
54
58
60
67
79
92
99
103
106
111
116
125
137
149
154
157
164
174
181
186
192
197
199
200
202
207
209
210
213
218
222
223
223
225
227
229
232
236
237
236
235
236
237
238
237
236
234
230
227
226
226
224
218
210
203
197
192
188
188
186
179
170
166
168
169
167
163
160
157
149
138
128
121
116
114
113
107
96
88
82
73
60
53
53
51
39
24
15
9
1
-9
-13
-13
-19
-29
-36
-37
-42
-53
-68
-79
-85
-91
-96
-104
-114
-122
-130
-135
-140
-148
-156
-163
-165
-167
-171
-179
-188
-196
-199
-199
-201
-206
-216
-226
-227
-222
-219
-220
-226
-234
-245
-253
-251
-243
-240
-247
-252
-247
-238
-234
-237
-240
-239
-234
-231
-228
-228
-232
-236
-235
-231
-228
-229
-231
-231
-228
-222
-216
-211
-207
-206
-203
-196
-184
-173
-165
-160
-154
-148
-146
-143
-135
-124
-114
-107
-96
-85
-77
-72
-64
-52
-44
-42
-38
-27
-15
-11
-7
5
18
22
22
28
40
49
51
54
63
75
83
86
92
104
117
122
122
126
138
151
156
156
159
161
159
156
162
174
182
185
193
204
210
207
204
207
213
217
223
230
231
222
214
215
219
219
219
224
232
235
233
232
230
225
215
207
203
203
203
203
203
203
203
201
196
188
181
175
169
161
154
146
139
129
118
110
105
99
91
90
96
99
89
71
58
57
58
54
48
40
28
12
3
6
11
9
0
-11
-21
-33
-46
-54
-59
-64
-68
-68
-70
-75
-81
-83
-82
-86
-97
-109
-118
-124
-127
-129
-135
-147
-162
-175
-186
-193
-192
-181
-170
-173
-192
-214
-221
-212
-200
-196
-206
-221
-233
-239
-243
-247
-250
-247
-244
-241
-238
-235
-233
-236
-242
-245
-244
-242
-240
-235
-228
-223
-221
-220
-215
-208
-205
-205
-202
-192
-181
-175
-175
-181
-188
-192
-190
-182
-171
-161
-147
-128
-106
-90
-85
-85
-79
-69
-59
-54
-50
-43
-38
-36
-34
-23
-6
6
12
21
38
55
67
76
86
92
95
101
112
120
118
117
128
148
163
172
181
189
192
194
199
203
205
208
216
225
232
239
250
259
262
264
269
274
275
279
291
299
295
290
296
307
311
312
319
326
324
321
327
335
329
310
298
302
306
304
301
302
298
285
275
279
291
300
303
304
299
286
266
252
249
252
252
249
248
244
233
216
204
201
197
188
177
176
176
162
132
104
90
83
73
63
59
55
49
37
22
4
-10
-15
-15
-18
-28
-41
-52
-64
-81
-101
-116
-125
-130
-133
-136
-142
-148
-151
-157
-170
-183
-188
-188
-193
-206
-219
-231
-244
-260
-277
-293
-305
-310
-308
-303
-303
-307
-311
-313
-318
-326
-337
-349
-358
-360
-355
-348
-340
-331
-331
-346
-368
-370
-348
-323
-316
-324
-334
-341
-349
-354
-349
-341
-345
-359
-368
-367
-362
-356
-349
-343
-341
-341
-333
-315
-294
-280
-270
-260
-247
-235
-226
-215
-195
-167
-141
-125
-114
-101
-85
-73
-62
-45
-22
-2
6
9
17
30
44
59
77
96
111
120
126
135
148
159
165
171
182
197
211
223
233
237
239
244
255
266
270
269
272
279
282
278
277
283
290
292
293
297
299
297
296
302
311
320
328
340
347
339
323
316
325
337
338
331
327
330
341
359
381
399
399
386
370
356
339
318
299
285
273
260
250
244
235
221
209
211
219
220
211
208
213
214
201
180
162
146
127
112
111
118
119
107
92
78
64
45
25
9
-5
-19
-30
-44
-67
-92
-106
-109
-110
-114
-110
-100
-92
-91
-90
-89
-106
-147
-189
-210
-208
-195
-172
-151
-154
-185
-206
-184
-141
-128
-165
-222
-263
-288
-302
-305
-304
-319
-351
-381
-398
-413
-439
-471
-498
-518
-535
-545
-553
-564
-580
-584
-566
-533
-502
-477
-456
-442
-438
-442
-454
-476
-505
-529
-543
-550
-556
-560
-559
-558
-555
-546
-525
-496
-469
-445
-421
-394
-368
-345
-325
-308
-294
-282
-266
-240
-202
-159
-122
-90
-58
-25
-3
11
28
57
86
107
126
154
187
214
233
258
292
324
348
365
377
381
385
397
416
432
441
443
441
439
443
455
469
477
483
494
509
518
515
508
502
497
493
490
487
479
466
455
447
434
413
392
383
385
389
387
376
357
338
328
334
344
345
330
311
299
297
298
289
264
229
198
184
179
166
146
137
144
158
167
173
179
176
159
141
143
163
182
190
190
187
174
149
127
124
135
145
147
146
146
143
128
100
72
59
61
62
49
28
16
18
27
37
48
58
59
45
19
-15
-56
-98
-130
-143
-147
-158
-174
-182
-179
-176
-189
-219
-252
-278
-296
-312
-328
-338
-342
-348
-367
-396
-430
-470
-512
-549
-573
-590
-614
-650
-686
-715
-743
-778
-819
-856
-884
-901
-903
-891
-872
-857
-846
-827
-786
-724
-657
-601
-564
-551
-564
-599
-644
-685
-714
-728
-725
-703
-664
-617
-566
-513
-462
-415
-372
-327
-283
-244
-209
-171
-132
-104
-89
-74
-55
-38
-26
-3
49
120
185
231
269
304
330
354
389
434
470
489
510
547
589
612
616
621
645
683
729
773
801
801
782
764
758
750
728
701
695
724
774
810
813
793
774
765
757
737
701
658
613
569
528
489
451
413
386
379
391
404
403
382
352
325
305
285
264
245
238
239
235
217
188
156
121
81
46
24
13
3
-10
-20
-21
-14
-2
8
17
27
40
51
58
59
56
45
22
-7
-24
-24
-20
-21
-13
18
60
87
89
85
92
104
111
112
117
125
130
128
120
114
110
108
108
110
109
92
55
14
-9
-11
-10
-27
-59
-89
-101
-100
-99
-100
-107
-125
-154
-190
-233
-281
-335
-390
-438
-475
-495
-498
-498
-516
-554
-594
-618
-630
-648
-681
-723
-766
-808
-856
-912
-979
-1047
-1102
-1130
-1135
-1135
-1138
-1127
-1070
-965
-844
-739
-653
-575
-507
-475
-499
-565
-645
-721
-778
-802
-794
-776
-760
-725
-640
-513
-382
-270
-164
-49
55
121
147
152
140
114
92
90
106
127
159
220
309
405
498
594
689
762
799
814
823
829
831
835
849
869
884
893
898
905
915
933
962
993
1013
1016
1000
967
924
887
864
853
853
861
873
874
857
827
793
754
707
653
599
547
490
427
365
312
267
233
210
197
188
179
166
149
124
88
46
2
-43
-87
-121
-142
-155
-171
-187
-190
-183
-184
-201
-214
-204
-184
-182
-204
-224
-224
-215
-212
-206
-182
-148
-124
-108
-90
-72
-67
-72
-67
-45
-21
-6
8
28
53
78
110
150
188
213
229
242
247
243
237
236
236
226
205
182
163
151
152
166
182
188
181
163
135
101
72
51
24
-20
-72
-118
-159
-207
-263
-311
-344
-368
-391
-412
-436
-474
-520
-562
-599
-648
-713
-779
-830
-873
-921
-970
-1017
-1067
-1124
-1174
-1206
-1233
-1273
-1316
-1346
-1360
-1364
-1334
-1241
-1105
-980
-897
-834
-767
-721
-732
-797
-875
-939
-983
-1000
-980
-929
-870
-807
-714
-576
-421
-289
-186
-90
8
95
151
167
147
109
82
96
149
217
280
352
451
574
698
806
898
971
1017
1038
1047
1053
1050
1035
1024
1034
1058
1075
1079
1087
1117
1161
1197
1212
1211
1192
1155
1108
1064
1032
1002
966
932
911
901
883
850
808
764
707
634
562
506
458
400
333
274
226
178
129
99
88
74
41
4
-28
-74
-145
-217
-260
-282
-309
-338
-344
-331
-333
-360
-380
-374
-367
-379
-391
-381
-365
-367
-379
-370
-336
-299
-278
-261
-234
-201
-169
-140
-115
-101
-99
-99
-88
-58
-15
29
70
114
169
231
288
331
360
374
371
359
349
345
339
325
309
296
291
295
316
343
356
349
344
354
360
330
262
185
123
78
39
3
-41
-100
-167
-218
-241
-252
-278
-328
-387
-438
-484
-539
-612
-696
-773
-837
-896
-961
-1032
-1098
-1144
-1175
-1215
-1279
-1360
-1435
-1490
-1534
-1574
-1606
-1612
-1587
-1531
-1446
-1336
-1223
-1131
-1057
-989
-933
-916
-950
-1014
-1072
-1105
-1116
-1110
-1086
-1037
-951
-821
-660
-496
-339
-187
-42
76
160
218
256
269
259
247
252
273
309
382
504
648
778
891
1013
1147
1264
1342
1385
1404
1407
1402
1402
1403
1394
1369
1344
1336
1351
1382
1421
1456
1472
1467
1454
1437
1407
1358
1305
1264
1240
1219
1188
1140
1075
995
914
844
781
709
617
512
415
340
283
229
168
112
76
65
63
43
-7
-82
-168
-250
-323
-391
-452
-504
-539
-556
-556
-546
-534
-527
-521
-506
-482
-463
-464
-482
-505
-521
-526
-516
-497
-478
-463
-433
-374
-296
-230
-187
-150
-103
-56
-24
-2
27
63
99
135
177
229
285
334
373
399
417
434
452
461
457
446
440
437
430
426
438
466
491
501
503
498
472
418
358
315
282
231
153
66
-10
-72
-129
-183
-233
-278
-316
-347
-378
-425
-495
-576
-657
-745
-849
-960
-1058
-1134
-1201
-1273
-1348
-1419
-1484
-1549
-1615
-1673
-1717
-1751
-1779
-1806
-1826
-1823
-1778
-1683
-1556
-1427
-1315
-1223
-1159
-1132
-1147
-1185
-1228
-1270
-1300
-1298
-1252
-1183
-1117
-1041
-912
-719
-505
-316
-149
16
171
281
331
345
344
338
341
369
429
507
596
709
854
1022
1190
1343
1472
1570
1635
1673
1691
1694
1688
1681
1674
1656
1631
1616
1624
1646
1666
1682
1705
1732
1743
1725
1686
1637
1579
1516
1454
1402
1350
1286
1206
1117
1022
917
804
699
617
553
486
406
323
247
176
106
38
-18
-59
-89
-122
-182
-281
-411
-545
-659
-743
-794
-809
-793
-765
-739
-713
-685
-663
-661
-671
-675
-670
-667
-672
-685
-699
-710
-708
-681
-625
-555
-488
-431
-381
-332
-280
-225
-167
-110
-54
6
69
131
189
243
297
354
407
439
444
440
452
479
504
522
554
608
662
691
701
710
715
706
690
682
666
614
529
439
363
290
219
164
135
119
102
81
47
-19
-114
-211
-294
-374
-462
-553
-641
-736
-844
-949
-1035
-1112
-1205
-1310
-1400
-1469
-1538
-1619
-1701
-1768
-1823
-1874
-1924
-1968
-2006
-2035
-2033
-1971
-1844
-1696
-1579
-1505
-1444
-1376
-1326
-1334
-1393
-1451
-1459
-1413
-1338
-1259
-1181
-1100
-1003
-874
-712
-529
-347
-177
-21
121
248
345
394
402
410
462
560
667
755
841
956
1097
1236
1361
1493
1638
1766
1846
1885
1919
1960
1987
1977
1944
1917
1901
1882
1867
1873
1897
1913
1911
1909
1918
1913
1872
1808
1754
1718
1674
1608
1527
1433
1315
1168
1012
870
757
674
610
549
478
398
321
251
179
100
28
-23
-64
-121
-215
-353
-522
-693
-827
-903
-927
-930
-932
-928
-903
-858
-820
-813
-829
-840
-834
-829
-842
-866
-889
-913
-939
-948
-917
-858
-801
-748
-670
-555
-437
-352
-299
-250
-198
-149
-101
-42
23
76
122
182
255
312
337
357
407
479
541
589
641
703
755
781
786
780
762
739
731
737
731
693
641
596
557
511
462
420
376
319
262
219
173
92
-14
-99
-150
-207
-299
-410
-511
-600
-692
-790
-888
-992
-1105
-1223
-1332
-1426
-1508
-1590
-1686
-1792
-1881
-1934
-1976
-2051
-2152
-2213
-2188
-2099
-1985
-1857
-1719
-1602
-1528
-1487
-1464
-1478
-1555
-1666
-1730
-1704
-1620
-1540
-1481
-1415
-1297
-1107
-868
-636
-447
-286
-124
31
140
191
208
219
231
255
322
444
593
736
887
1083
1324
1556
1731
1843
1916
1964
1985
1990
1995
2007
2013
2000
1984
1985
2007
2036
2063
2101
2158
2218
2257
2255
2213
2142
2054
1964
1883
1815
1754
1687
1597
1480
1346
1216
1096
989
894
808
725
633
535
444
368
296
214
122
34
-49
-146
-283
-456
-634
-778
-876
-940
-982
-1003
-1002
-989
-969
-941
-912
-907
-935
-975
-1005
-1031
-1073
-1128
-1171
-1186
-1175
-1146
-1098
-1030
-952
-869
-776
-676
-578
-488
-412
-353
-310
-267
-215
-164
-129
-104
-67
-7
67
150
244
341
426
504
591
681
747
777
794
818
839
841
825
806
790
781
778
778
771
754
732
709
679
640
601
564
513
436
346
251
145
26
-78
-146
-198
-276
-385
-480
-538
-593
-695
-842
-988
-1106
-1215
-1335
-1456
-1566
-1678
-1802
-1914
-1979
-2008
-2057
-2146
-2223
-2223
-2144
-2042
-1955
-1865
-1752
-1631
-1546
-1523
-1556
-1631
-1736
-1845
-1913
-1896
-1800
-1675
-1562
-1445
-1274
-1035
-779
-570
-421
-289
-144
-2
92
116
98
89
120
191
303
469
682
905
1107
1310
1534
1749
1890
1948
1984
2041
2094
2106
2092
2086
2087
2085
2099
2151
2220
2270
2305
2352
2410
2445
2447
2433
2399
2322
2208
2102
2024
1943
1836
1722
1623
1524
1401
1261
1136
1041
961
877
792
716
646
557
434
289
148
23
-94
-219
-349
-477
-605
-733
-840
-911
-959
-1005
-1044
-1059
-1050
-1036
-1029
-1034
-1055
-1095
-1142
-1183
-1221
-1273
-1330
-1364
-1358
-1324
-1278
-1219
-1133
-1020
-893
-774
-670
-576
-494
-440
-423
-425
-410
-367
-314
-257
-180
-71
56
184
304
417
515
594
661
718
757
779
799
812
803
783
789
825
857
868
885
927
962
960
940
927
892
802
693
630
599
528
396
264
183
138
88
13
-80
-176
-255
-313
-375
-471
-607
-761
-921
-1082
-1220
-1320
-1418
-1557
-1706
-1794
-1829
-1883
-1986
-2094
-2176
-2253
-2329
-2347
-2261
-2118
-2002
-1919
-1817
-1694
-1623
-1664
-1797
-1949
-2050
-2072
-2028
-1953
-1864
-1762
-1637
-1472
-1252
-991
-743
-567
-458
-350
-209
-89
-63
-123
-171
-125
11
183
357
543
770
1035
1299
1524
1699
1829
1914
1955
1973
1998
2033
2057
2070
2098
2156
2219
2256
2282
2330
2402
2472
2527
2574
2612
2613
2550
2431
2294
2179
2097
2037
1974
1895
1794
1677
1552
1425
1298
1178
1074
989
917
841
754
654
537
399
247
102
-33
-177
-345
-518
-666
-778
-865
-938
-993
-1028
-1046
-1049
-1044
-1047
-1075
-1132
-1201
-1266
-1325
-1388
-1455
-1513
-1546
-1545
-1510
-1448
-1362
-1264
-1177
-1109
-1045
-967
-887
-826
-782
-733
-674
-624
-585
-530
-443
-342
-247
-144
-14
120
224
300
375
457
530
591
651
707
746
771
799
841
882
903
907
909
917
934
956
978
983
969
941
908
868
813
742
660
569
464
348
240
165
109
34
-68
-151
-190
-225
-308
-432
-551
-668
-822
-1005
-1160
-1281
-1431
-1623
-1774
-1832
-1864
-1956
-2086
-2172
-2208
-2252
-2307
-2301
-2206
-2089
-2006
-1932
-1828
-1729
-1711
-1801
-1957
-2120
-2238
-2282
-2253
-2173
-2056
-1891
-1663
-1387
-1110
-874
-691
-556
-467
-410
-366
-330
-328
-368
-400
-339
-155
84
306
527
812
1156
1471
1692
1830
1911
1933
1906
1877
1874
1880
1878
1901
1987
2115
2239
2353
2476
2594
2672
2717
2753
2768
2724
2627
2520
2436
2366
2292
2210
2134
2074
2019
1947
1842
1718
1598
1485
1361
1238
1153
1103
1027
900
773
680
571
397
188
-6
-189
-380
-550
-656
-719
-785
-843
-843
-806
-809
-868
-934
-996
-1092
-1216
-1317
-1391
-1477
-1573
-1627
-1622
-1598
-1577
-1525
-1431
-1340
-1281
-1217
-1127
-1053
-1028
-1015
-981
-944
-922
-889
-824
-741
-653
-550
-427
-305
-193
-73
55
155
218
293
406
506
548
575
634
697
721
729
763
811
840
859
897
948
978
992
1016
1048
1055
1036
1013
970
877
755
648
553
440
325
252
221
182
114
43
-4
-42
-102
-198
-325
-475
-628
-769
-919
-1111
-1321
-1485
-1576
-1638
-1721
-1831
-1932
-1999
-2039
-2086
-2167
-2265
-2322
-2291
-2183
-2048
-1930
-1842
-1792
-1786
-1823
-1903
-2033
-2194
-2307
-2305
-2198
-2048
-1880
-1675
-1431
-1183
-962
-768
-604
-486
-422
-397
-400
-430
-461
-445
-359
-214
-5
284
626
949
1219
1448
1640
1755
1780
1773
1795
1832
1839
1831
1871
1973
2088
2183
2279
2400
2527
2634
2717
2780
2810
2788
2722
2636
2544
2448
2358
2290
2243
2202
2152
2092
2023
1939
1825
1683
1543
1441
1380
1320
1227
1101
974
849
703
526
341
174
21
-132
-273
-380
-464
-558
-659
-718
-715
-700
-735
-822
-924
-1026
-1140
-1268
-1388
-1484
-1551
-1578
-1553
-1496
-1443
-1403
-1354
-1299
-1264
-1248
-1224
-1193
-1183
-1195
-1186
-1136
-1075
-1020
-938
-804
-658
-545
-449
-331
-211
-138
-102
-49
30
103
160
227
317
409
490
571
658
731
773
800
832
876
928
979
1001
989
973
982
990
961
909
878
873
858
813
749
674
580
477
393
323
233
134
74
47
-13
-134
-264
-370
-488
-652
-822
-946
-1033
-1136
-1269
-1400
-1516
-1635
-1756
-1862
-1952
-2040
-2130
-2222
-2307
-2346
-2293
-2159
-2016
-1910
-1826
-1752
-1732
-1822
-2003
-2193
-2328
-2388
-2356
-2227
-2040
-1849
-1656
-1431
-1191
-992
-854
-747
-655
-588
-557
-548
-544
-534
-493
-381
-185
60
323
597
870
1112
1302
1448
1559
1642
1706
1762
1805
1826
1849
1911
2017
2128
2213
2282
2371
2483
2592
2676
2733
2773
2806
2821
2788
2700
2593
2509
2442
2368
2290
2225
2155
2053
1934
1843
1786
1721
1638
1577
1552
1499
1361
1163
966
782
582
372
194
69
-25
-117
-209
-289
-358
-428
-507
-587
-662
-724
-788
-877
-1000
-1141
-1281
-1406
-1501
-1548
-1541
-1500
-1445
-1388
-1341
-1317
-1313
-1315
-1317
-1331
-1349
-1344
-1299
-1241
-1200
-1166
-1102
-1000
-880
-756
-636
-530
-443
-367
-296
-237
-192
-142
-63
37
134
223
318
416
495
551
601
656
706
750
799
853
900
939
980
1016
1030
1025
1025
1030
1003
935
872
846
822
750
645
557
495
431
359
311
286
244
163
61
-48
-178
-329
-477
-623
-791
-966
-1091
-1162
-1255
-1410
-1538
-1558
-1543
-1623
-1779
-1888
-1936
-2047
-2253
-2404
-2372
-2223
-2099
-2012
-1888
-1745
-1688
-1762
-1913
-2095
-2285
-2425
-2443
-2336
-2156
-1931
-1667
-1407
-1211
-1067
-921
-790
-755
-809
-832
-760
-666
-623
-574
-428
-194
51
274
505
760
1007
1205
1341
1431
1499
1558
1598
1601
1598
1655
1784
1931
2071
2232
2408
2533
2585
2628
2703
2760
2747
2700
2685
2684
2639
2554
2489
2450
2398
2344
2325
2313
2254
2157
2079
2018
1919
1778
1654
1570
1472
1314
1128
962
814
661
520
416
338
254
151
29
-102
-229
-344
-459
-571
-663
-734
-811
-912
-1022
-1121
-1215
-1310
-1378
-1398
-1406
-1447
-1502
-1513
-1486
-1472
-1469
-1432
-1376
-1356
-1376
-1385
-1377
-1388
-1411
-1378
-1266
-1138
-1041
-935
-784
-638
-558
-515
-453
-383
-342
-311
-243
-143
-61
-2
78
195
310
388
445
515
597
671
732
788
840
882
907
913
905
889
875
871
883
899
894
865
834
809
768
696
616
555
508
450
376
292
191
63
-74
-183
-258
-336
-440
-556
-667
-768
-861
-961
-1087
-1228
-1339
-1416
-1515
-1668
-1826
-1933
-2020
-2148
-2282
-2305
-2172
-1965
-1780
-1638
-1540
-1516
-1590
-1749
-1986
-2285
-2555
-2662
-2560
-2325
-2060
-1797
-1537
-1299
-1105
-947
-836
-818
-882
-928
-881
-800
-778
-795
-750
-598
-370
-101
204
521
802
1024
1204
1343
1410
1397
1351
1332
1363
1441
1560
1712
1882
2053
2206
2327
2413
2481
2542
2595
2642
2691
2743
2774
2757
2689
2588
2477
2379
2317
2301
2305
2293
2256
2207
2149
2073
1982
1892
1808
1722
1627
1515
1376
1198
981
753
547
385
267
182
122
80
44
3
-53
-134
-253
-412
-592
-766
-920
-1056
-1173
-1260
-1315
-1349
-1368
-1360
-1336
-1328
-1350
-1378
-1387
-1391
-1408
-1435
-1463
-1492
-1520
-1528
-1500
-1445
-1377
-1287
-1168
-1047
-952
-873
-793
-727
-682
-634
-558
-475
-410
-348
-266
-179
-103
-20
94
212
294
356
445
546
605
625
668
744
795
801
807
836
858
855
858
892
925
922
900
886
869
819
753
698
649
585
513
447
368
255
135
51
-8
-90
-204
-295
-332
-370
-486
-667
-824
-918
-1007
-1146
-1299
-1410
-1498
-1624
-1779
-1888
-1933
-1983
-2063
-2080
-1954
-1747
-1596
-1544
-1541
-1559
-1635
-1803
-2043
-2292
-2470
-2522
-2443
-2277
-2059
-1784
-1464
-1179
-1003
-919
-854
-811
-840
-935
-1013
-1026
-990
-918
-785
-574
-312
-39
232
511
790
1029
1182
1237
1232
1231
1255
1264
1245
1270
1407
1617
1815
1993
2182
2357
2459
2504
2557
2629
2667
2656
2643
2643
2608
2527
2466
2459
2451
2400
2356
2369
2399
2372
2290
2206
2132
2036
1909
1788
1696
1610
1491
1342
1191
1050
910
757
595
443
323
242
185
129
58
-34
-136
-238
-347
-487
-652
-808
-938
-1052
-1152
-1220
-1259
-1298
-1350
-1380
-1365
-1335
-1335
-1360
-1374
-1373
-1389
-1432
-1479
-1516
-1541
-1541
-1498
-1426
-1340
-1243
-1138
-1043
-962
-882
-802
-741
-702
-656
-584
-504
-432
-349
-247
-168
-129
-74
45
179
268
327
406
493
560
619
687
737
739
728
761
822
848
836
836
851
846
837
865
894
855
772
733
741
714
622
514
427
340
247
183
146
82
-30
-138
-215
-308
-440
-565
-660
-771
-916
-1041
-1121
-1200
-1305
-1408
-1494
-1604
-1754
-1883
-1935
-1951
-1975
-1945
-1788
-1568
-1434
-1435
-1512
-1636
-1844
-2132
-2394
-2519
-2491
-2365
-2173
-1913
-1605
-1317
-1118
-1028
-1015
-1035
-1060
-1088
-1118
-1133
-1111
-1047
-940
-785
-570
-302
-8
269
499
685
845
974
1034
1016
970
966
1027
1133
1266
1437
1646
1862
2044
2183
2283
2340
2355
2357
2386
2455
2538
2594
2602
2572
2524
2472
2423
2391
2381
2375
2363
2356
2356
2329
2238
2105
1982
1889
1795
1685
1583
1495
1384
1231
1078
959
841
691
543
439
360
261
148
61
-8
-106
-243
-379
-488
-596
-730
-873
-994
-1079
-1132
-1165
-1201
-1256
-1318
-1362
-1384
-1394
-1398
-1408
-1443
-1492
-1517
-1505
-1486
-1495
-1512
-1489
-1424
-1354
-1292
-1223
-1149
-1085
-1009
-890
-753
-666
-642
-627
-583
-528
-483
-424
-328
-224
-135
-39
92
227
313
359
414
486
543
577
617
664
681
660
659
715
782
808
810
840
894
922
917
915
904
831
702
591
531
467
367
284
258
244
194
139
118
80
-43
-211
-322
-377
-477
-662
-853
-987
-1088
-1194
-1300
-1388
-1457
-1511
-1562
-1643
-1758
-1855
-1874
-1822
-1758
-1686
-1573
-1456
-1439
-1552
-1732
-1954
-2236
-2508
-2621
-2523
-2309
-2063
-1771
-1430
-1129
-955
-899
-925
-1040
-1220
-1345
-1344
-1296
-1283
-1234
-1057
-793
-532
-268
46
359
586
742
900
1026
1017
889
790
790
830
888
1041
1309
1596
1830
2050
2279
2446
2482
2431
2393
2393
2388
2372
2379
2409
2420
2398
2378
2386
2415
2440
2450
2444
2440
2435
2399
2304
2174
2051
1953
1863
1766
1659
1531
1369
1191
1042
938
845
745
664
617
576
504
406
292
147
-36
-230
-399
-540
-677
-807
-904
-955
-977
-985
-981
-978
-1002
-1060
-1140
-1232
-1334
-1436
-1518
-1573
-1607
-1624
-1607
-1548
-1470
-1411
-1376
-1329
-1248
-1156
-1097
-1082
-1077
-1043
-979
-916
-872
-830
-765
-674
-576
-478
-372
-253
-142
-56
14
87
161
219
262
309
370
433
484
523
567
623
688
753
808
844
870
899
926
929
906
878
865
857
828
768
686
610
549
491
421
348
293
265
249
224
183
117
11
-132
-274
-402
-549
-724
-865
-934
-994
-1107
-1219
-1250
-1245
-1329
-1500
-1622
-1640
-1673
-1797
-1899
-1848
-1708
-1625
-1619
-1610
-1590
-1633
-1770
-1959
-2144
-2286
-2339
-2270
-2112
-1918
-1682
-1389
-1118
-977
-965
-995
-1046
-1154
-1277
-1311
-1229
-1105
-995
-855
-623
-315
-3
255
455
618
768
898
953
896
791
741
770
848
989
1227
1520
1791
2025
2243
2408
2446
2372
2286
2243
2203
2154
2165
2260
2350
2371
2385
2454
2526
2523
2472
2442
2435
2396
2313
2227
2152
2050
1900
1750
1647
1588
1531
1454
1366
1279
1191
1082
944
807
698
598
481
368
279
179
27
-147
-289
-395
-500
-595
-641
-649
-688
-772
-844
-883
-955
-1086
-1211
-1274
-1313
-1365
-1399
-1387
-1377
-1411
-1448
-1427
-1360
-1307
-1277
-1232
-1165
-1117
-1102
-1097
-1095
-1107
-1114
-1075
-977
-848
-713
-585
-472
-376
-303
-257
-234
-214
-178
-125
-57
43
172
287
338
345
380
465
546
588
622
674
719
742
771
803
791
736
711
760
828
836
788
739
699
638
561
502
455
390
326
301
301
272
192
79
-38
-141
-226
-322
-452
-590
-687
-750
-843
-987
-1107
-1153
-1185
-1281
-1409
-1493
-1552
-1655
-1779
-1848
-1857
-1844
-1793
-1655
-1476
-1381
-1431
-1571
-1739
-1942
-2177
-2370
-2447
-2391
-2194
-1862
-1482
-1192
-1035
-950
-906
-954
-1106
-1261
-1316
-1290
-1249
-1176
-1010
-771
-543
-335
-86
211
476
652
753
821
856
829
746
669
677
794
979
1184
1415
1693
1983
2196
2291
2318
2320
2281
2196
2132
2143
2190
2214
2232
2289
2362
2398
2399
2410
2436
2438
2415
2397
2368
2277
2133
2006
1914
1804
1668
1565
1512
1453
1354
1250
1171
1088
970
854
781
718
610
468
335
204
41
-144
-308
-430
-523
-591
-633
-654
-670
-691
-720
-764
-836
-941
-1075
-1218
-1341
-1416
-1453
-1484
-1498
-1450
-1346
-1265
-1239
-1216
-1154
-1102
-1117
-1168
-1187
-1171
-1167
-1172
-1136
-1050
-958
-866
-742
-597
-481
-401
-319
-233
-189
-196
-197
-155
-102
-66
-11
102
237
335
406
495
600
670
688
692
706
712
692
664
658
678
705
723
744
775
805
809
781
733
680
610
514
408
328
275
221
155
98
61
18
-55
-140
-215
-292
-402
-534
-650
-743
-846
-976
-1100
-1188
-1253
-1331
-1428
-1523
-1599
-1662
-1716
-1768
-1825
-1873
-1862
-1757
-1599
-1484
-1457
-1483
-1535
-1656
-1885
-2162
-2365
-2429
-2358
-2157
-1833
-1457
-1146
-953
-839
-776
-810
-968
-1165
-1278
-1271
-1195
-1074
-892
-659
-418
-179
74
334
555
714
829
914
946
912
851
811
816
879
1024
1249
1514
1775
2011
2202
2318
2346
2311
2253
2198
2163
2157
2180
2217
2255
2297
2336
2350
2341
2340
2360
2375
2366
2341
2302
2224
2098
1967
1867
1783
1677
1556
1456
1367
1250
1113
1003
933
866
790
727
681
611
492
343
181
-13
-237
-435
-559
-630
-693
-745
-748
-707
-668
-664
-699
-775
-887
-1018
-1142
-1262
-1393
-1518
-1590
-1585
-1523
-1428
-1307
-1177
-1066
-993
-965
-993
-1075
-1173
-1243
-1275
-1281
-1248
-1138
-955
-764
-619
-512
-417
-334
-276
-238
-218
-229
-254
-243
-169
-74
-6
46
135
268
408
522
607
653
658
650
666
691
681
641
626
663
717
746
753
767
784
774
735
693
669
648
609
547
472
395
312
213
102
-1
-75
-118
-135
-142
-161
-216
-305
-409
-514
-629
-762
-902
-1034
-1158
-1272
-1358
-1410
-1460
-1527
-1584
-1603
-1625
-1700
-1806
-1866
-1840
-1760
-1662
-1557
-1464
-1430
-1485
-1612
-1787
-2005
-2220
-2334
-2274
-2059
-1759
-1429
-1116
-880
-756
-735
-790
-915
-1082
-1208
-1212
-1101
-951
-795
-607
-375
-131
105
336
551
712
807
869
923
937
881
796
767
835
981
1179
1421
1693
1951
2152
2277
2321
2290
2205
2112
2060
2062
2096
2134
2173
2215
2252
2272
2277
2279
2287
2293
2289
2270
2227
2151
2046
1928
1810
1689
1576
1497
1454
1404
1313
1198
1102
1023
929
818
729
672
605
490
349
210
60
-117
-289
-403
-461
-503
-547
-576
-586
-605
-647
-700
-762
-858
-989
-1117
-1211
-1282
-1346
-1392
-1398
-1365
-1310
-1246
-1178
-1115
-1063
-1022
-1005
-1031
-1097
-1165
-1199
-1204
-1187
-1133
-1021
-866
-703
-559
-447
-378
-351
-338
-316
-286
-269
-255
-219
-151
-73
-3
64
139
232
345
464
558
603
607
591
568
544
529
530
548
580
627
678
712
719
723
743
759
743
707
670
619
533
430
340
259
170
89
52
48
35
9
1
2
-47
-158
-283
-402
-551
-739
-905
-1011
-1089
-1165
-1207
-1192
-1177
-1223
-1297
-1335
-1368
-1481
-1664
-1802
-1827
-1786
-1731
-1639
-1487
-1326
-1241
-1255
-1355
-1546
-1819
-2084
-2215
-2160
-1971
-1704
-1382
-1040
-763
-626
-633
-737
-893
-1056
-1161
-1159
-1063
-919
-740
-518
-276
-63
111
290
486
649
736
767
779
769
721
671
684
779
928
1123
1381
1678
1931
2073
2116
2111
2083
2027
1945
1864
1825
1860
1964
2088
2177
2214
2221
2230
2240
2236
2211
2178
2145
2103
2038
1938
1815
1695
1607
1551
1510
1473
1432
1377
1295
1189
1068
941
827
743
685
620
517
379
231
85
-58
-181
-265
-315
-348
-364
-362
-380
-461
-584
-695
-778
-863
-963
-1051
-1108
-1158
-1219
-1265
-1265
-1234
-1196
-1152
-1107
-1088
-1110
-1139
-1149
-1156
-1178
-1193
-1168
-1112
-1060
-1017
-960
-889
-822
-753
-658
-549
-475
-451
-443
-415
-378
-348
-321
-280
-218
-144
-61
30
119
188
239
289
346
403
444
462
466
465
470
485
514
548
569
573
579
610
654
676
667
652
646
634
590
512
419
329
258
215
191
159
107
58
35
18
-30
-108
-180
-232
-285
-366
-478
-609
-743
-859
-939
-994
-1053
-1119
-1165
-1176
-1187
-1248
-1364
-1497
-1614
-1709
-1765
-1755
-1663
-1517
-1361
-1224
-1126
-1110
-1222
-1461
-1754
-2012
-2173
-2200
-2067
-1782
-1411
-1048
-762
-583
-535
-621
-802
-999
-1152
-1233
-1217
-1083
-866
-645
-461
-281
-64
162
338
457
565
675
751
762
721
658
597
571
628
790
1034
1317
1599
1837
1988
2040
2012
1935
1831
1734
1696
1746
1856
1966
2045
2094
2118
2106
2061
2011
1993
2019
2064
2088
2071
2019
1948
1849
1712
1561
1447
1395
1371
1328
1264
1198
1127
1041
951
879
817
732
621
518
428
316
161
1
-125
-223
-310
-365
-370
-356
-366
-400
-427
-464
-572
-747
-917
-1029
-1110
-1186
-1228
-1203
-1138
-1084
-1049
-1020
-1013
-1053
-1115
-1152
-1168
-1198
-1234
-1224
-1165
-1103
-1065
-1021
-947
-861
-785
-710
-633
-587
-592
-611
-599
-561
-528
-495
-433
-339
-240
-153
-79
-16
39
92
142
182
209
230
254
279
309
352
402
436
455
486
538
573
566
547
553
570
570
560
562
570
555
518
485
449
387
305
244
209
175
137
114
101
67
13
-34
-77
-150
-261
-374
-458
-533
-621
-703
-754
-795
-851
-910
-955
-1001
-1074
-1163
-1248
-1336
-1443
-1559
-1647
-1683
-1657
-1558
-1386
-1187
-1034
-970
-996
-1108
-1318
-1609
-1912
-2134
-2196
-2070
-1781
-1401
-1008
-664
-420
-316
-374
-565
-820
-1057
-1216
-1261
-1182
-999
-753
-481
-211
37
249
424
559
647
684
684
659
608
539
490
503
597
764
998
1282
1566
1791
1931
1994
1982
1894
1764
1662
1626
1644
1693
1775
1885
1983
2029
2032
2032
2037
2029
2007
1998
2006
2007
1973
1897
1784
1647
1512
1414
1359
1317
1268
1228
1207
1187
1139
1062
977
887
782
663
545
427
294
143
-5
-123
-197
-228
-226
-215
-214
-226
-247
-292
-388
-539
-710
-867
-996
-1099
-1166
-1186
-1163
-1107
-1021
-923
-851
-838
-886
-973
-1075
-1168
-1235
-1271
-1281
-1258
-1185
-1069
-954
-874
-811
-732
-651
-606
-596
-594
-598
-626
-665
-668
-614
-529
-438
-334
-211
-92
6
93
165
195
177
154
161
183
197
214
255
311
359
409
482
564
620
637
640
641
632
614
595
567
518
470
456
468
470
447
422
417
419
398
352
294
234
168
95
17
-55
-114
-166
-232
-310
-369
-391
-400
-438
-513
-607
-709
-813
-908
-990
-1069
-1152
-1225
-1271
-1312
-1377
-1459
-1520
-1550
-1556
-1508
-1376
-1197
-1058
-1005
-1021
-1089
-1230
-1461
-1745
-2002
-2144
-2091
-1822
-1420
-1024
-719
-497
-363
-371
-538
-791
-1041
-1233
-1319
-1239
-997
-697
-445
-244
-39
173
343
460
548
602
602
577
564
548
502
462
504
651
866
1125
1420
1693
1851
1874
1841
1809
1757
1668
1596
1586
1622
1678
1763
1873
1951
1957
1927
1930
1974
2017
2025
2003
1950
1871
1790
1719
1631
1510
1400
1349
1347
1338
1300
1247
1189
1122
1054
999
936
836
711
599
493
351
180
44
-28
-67
-101
-115
-102
-95
-126
-186
-264
-380
-539
-691
-790
-865
-959
-1049
-1081
-1048
-999
-957
-911
-867
-855
-881
-909
-928
-977
-1077
-1181
-1228
-1210
-1161
-1097
-1017
-929
-846
-764
-680
-617
-598
-609
-610
-594
-580
-573
-550
-505
-464
-432
-380
-280
-151
-37
45
106
157
201
234
252
246
218
194
209
269
350
423
473
505
537
584
636
663
645
602
570
562
555
525
480
445
426
412
395
378
366
352
334
314
289
247
182
100
15
-74
-163
-236
-277
-303
-344
-397
-439
-468
-514
-592
-682
-768
-869
-987
-1083
-1128
-1161
-1235
-1330
-1390
-1410
-1442
-1499
-1536
-1511
-1420
-1276
-1104
-965
-939
-1032
-1180
-1351
-1582
-1864
-2078
-2104
-1936
-1635
-1249
-835
-501
-334
-321
-401
-568
-837
-1126
-1284
-1261
-1133
-956
-714
-404
-99
142
331
485
582
608
601
596
567
486
399
377
433
547
726
979
1260
1516
1734
1904
1974
1901
1732
1574
1491
1463
1471
1534
1661
1808
1925
1996
2020
2002
1964
1935
1917
1901
1884
1871
1842
1770
1654
1532
1436
1369
1328
1310
1301
1278
1239
1201
1157
1083
981
877
780
676
562
452
345
224
98
4
-39
-62
-89
-107
-106
-115
-168
-258
-366
-494
-645
-791
-904
-981
-1029
-1034
-986
-916
-861
-828
-801
-794
-836
-919
-1000
-1062
-1120
-1173
-1195
-1171
-1122
-1060
-975
-862
-749
-669
-624
-601
-595
-610
-633
-649
-655
-644
-602
-533
-455
-375
-280
-166
-56
25
82
132
165
161
128
104
115
154
203
254
309
372
446
522
580
607
614
623
634
629
608
587
572
539
478
423
414
445
474
477
472
483
491
457
375
290
236
193
118
17
-64
-102
-127
-176
-242
-293
-322
-349
-384
-421
-471
-544
-633
-730
-838
-952
-1046
-1106
-1155
-1216
-1255
-1240
-1218
-1272
-1404
-1518
-1555
-1544
-1511
-1416
-1242
-1064
-963
-943
-987
-1126
-1393
-1719
-1974
-2072
-2002
-1765
-1379
-943
-587
-365
-271
-321
-526
-810
-1046
-1172
-1203
-1137
-945
-669
-419
-237
-54
174
379
505
596
698
758
717
613
514
423
337
328
479
764
1080
1371
1631
1818
1871
1816
1736
1649
1525
1412
1411
1528
1654
1711
1728
1756
1783
1781
1783
1829
1894
1931
1942
1948
1926
1840
1697
1528
1367
1251
1207
1218
1232
1223
1207
1195
1167
1110
1047
994
926
814
676
537
386
215
57
-54
-121
-151
-119
-27
56
60
-9
-102
-212
-367
-555
-721
-841
-934
-1000
-1006
-960
-912
-890
-865
-809
-749
-728
-760
-828
-921
-1028
-1125
-1185
-1207
-1200
-1155
-1060
-924
-785
-675
-611
-590
-595
-609
-620
-628
-634
-634
-621
-584
-520
-437
-352
-276
-207
-131
-49
27
89
133
157
158
149
154
182
215
231
238
274
366
485
573
599
595
602
623
633
624
617
616
598
551
497
456
423
389
381
427
509
578
604
591
533
419
258
98
-18
-90
-137
-164
-167
-154
-149
-158
-167
-178
-213
-284
-371
-453
-544
-675
-851
-1023
-1142
-1194
-1193
-1160
-1126
-1119
-1132
-1127
-1112
-1158
-1300
-1465
-1554
-1565
-1562
-1543
-1434
-1237
-1065
-1005
-1019
-1062
-1180
-1416
-1680
-1824
-1797
-1648
-1418
-1123
-815
-579
-456
-429
-488
-634
-807
-918
-944
-929
-875
-731
-508
-289
-115
70
302
513
622
640
632
608
536
434
370
379
462
619
843
1086
1302
1483
1632
1724
1729
1670
1595
1522
1443
1378
1374
1438
1521
1594
1671
1759
1834
1880
1907
1915
1890
1834
1767
1695
1602
1485
1377
1309
1280
1281
1320
1379
1403
1352
1248
1145
1056
962
855
757
678
608
532
447
354
256
169
113
92
84
70
43
-5
-85
-194
-310
-416
-511
-599
-669
-714
-746
-781
-808
-813
-798
-785
-780
-771
-758
-763
-807
-884
-967
-1029
-1056
-1046
-1012
-969
-911
-827
-732
-665
-639
-634
-631
-636
-658
-677
-667
-634
-594
-540
-455
-360
-296
-263
-222
-152
-75
-16
26
59
74
69
67
82
108
133
177
255
345
414
458
496
529
540
526
506
500
504
505
500
495
493
492
488
481
471
460
454
453
453
449
429
391
348
311
276
226
155
79
14
-38
-86
-129
-168
-208
-254
-300
-335
-354
-365
-382
-418
-488
-591
-712
-826
-923
-1006
-1084
-1144
-1158
-1119
-1073
-1074
-1122
-1175
-1223
-1289
-1376
-1448
-1499
-1568
-1648
-1643
-1477
-1231
-1057
-989
-942
-894
-930
-1107
-1359
-1588
-1743
-1782
-1651
-1357
-1003
-693
-445
-257
-184
-261
-415
-562
-706
-854
-912
-796
-568
-358
-181
47
320
521
596
628
681
704
649
570
533
533
548
599
702
837
999
1210
1451
1637
1717
1729
1717
1656
1528
1402
1354
1363
1374
1413
1527
1667
1744
1751
1755
1777
1776
1736
1695
1663
1601
1497
1399
1332
1266
1190
1144
1151
1175
1172
1149
1124
1086
1021
937
850
755
632
490
355
240
148
89
66
66
74
78
61
12
-57
-128
-207
-311
-428
-529
-609
-685
-756
-797
-801
-795
-783
-740
-663
-605
-611
-661
-720
-798
-909
-1012
-1056
-1043
-1014
-972
-885
-764
-666
-624
-602
-569
-546
-562
-597
-612
-604
-595
-584
-545
-474
-397
-333
-269
-188
-98
-29
9
25
26
12
-13
-30
-18
27
93
175
269
359
416
431
424
424
437
451
455
448
434
420
417
420
410
384
367
388
434
462
462
455
443
397
316
240
203
183
148
109
100
114
100
39
-33
-80
-104
-132
-182
-249
-311
-357
-402
-471
-564
-636
-653
-641
-654
-697
-727
-732
-762
-852
-970
-1062
-1124
-1176
-1212
-1207
-1173
-1155
-1181
-1234
-1292
-1360
-1439
-1502
-1500
-1406
-1228
-1017
-841
-751
-753
-826
-966
-1180
-1436
-1646
-1711
-1587
-1314
-970
-627
-341
-154
-90
-150
-305
-512
-711
-842
-861
-770
-612
-430
-230
-5
223
414
549
647
716
732
681
578
461
351
281
302
442
665
907
1141
1370
1568
1677
1666
1560
1413
1273
1181
1159
1194
1247
1307
1388
1489
1568
1602
1613
1631
1646
1640
1615
1583
1536
1454
1340
1225
1139
1090
1077
1098
1140
1174
1177
1146
1090
1019
934
834
728
637
568
505
426
330
232
147
89
82
123
170
175
135
83
29
-57
-189
-336
-453
-536
-594
-627
-633
-630
-625
-601
-542
-471
-425
-425
-466
-543
-650
-766
-864
-930
-960
-941
-854
-716
-575
-466
-401
-377
-396
-449
-514
-560
-575
-564
-545
-525
-492
-437
-366
-301
-246
-189
-118
-44
19
64
86
71
20
-35
-60
-53
-27
15
88
191
305
399
450
454
432
407
386
362
331
302
282
266
250
243
252
271
298
349
417
468
474
444
390
308
199
89
10
-30
-43
-32
2
33
35
14
-4
-20
-52
-106
-169
-236
-313
-401
-493
-586
-670
-720
-717
-668
-600
-540
-507
-521
-586
-683
-792
-910
-1031
-1121
-1165
-1184
-1192
-1166
-1108
-1072
-1095
-1133
-1125
-1088
-1089
-1135
-1175
-1194
-1226
-1250
-1194
-1057
-926
-848
-778
-692
-653
-720
-864
-1018
-1151
-1231
-1183
-965
-658
-379
-159
27
139
100
-74
-278
-434
-529
-541
-435
-224
16
223
398
547
645
683
704
738
762
752
722
689
643
593
586
652
776
933
1129
1364
1575
1678
1651
1538
1386
1226
1095
1030
1033
1082
1168
1294
1429
1523
1557
1554
1538
1497
1427
1353
1298
1242
1158
1058
975
920
880
862
884
942
989
987
944
888
815
707
573
445
351
288
243
212
189
166
139
120
112
107
86
47
-5
-60
-122
-190
-264
-340
-416
-481
-518
-521
-500
-475
-453
-427
-392
-362
-362
-398
-456
-515
-573
-632
-682
-703
-691
-649
-584
-494
-396
-324
-299
-311
-330
-341
-352
-376
-406
-427
-425
-398
-350
-290
-229
-171
-118
-67
-18
25
51
51
24
-24
-75
-105
-102
-75
-41
7
81
174
243
263
255
247
236
200
153
121
104
82
61
69
105
135
144
154
186
220
222
186
133
77
26
-12
-44
-83
-117
-121
-98
-82
-89
-98
-102
-116
-151
-185
-204
-228
-279
-332
-365
-401
-463
-518
-531
-521
-525
-537
-536
-530
-533
-532
-518
-531
-613
-721
-770
-765
-784
-846
-889
-887
-885
-896
-877
-825
-806
-847
-882
-865
-847
-896
-984
-1035
-1044
-1035
-972
-812
-604
-444
-356
-318
-353
-508
-756
-992
-1142
-1190
-1112
-866
-489
-110
160
295
294
139
-125
-383
-550
-629
-633
-524
-283
8
237
371
451
500
516
528
566
601
578
505
440
401
366
343
384
519
718
943
1166
1344
1411
1349
1218
1073
926
787
717
766
909
1071
1202
1295
1343
1338
1293
1245
1210
1183
1163
1163
1173
1155
1081
971
872
822
826
865
919
978
1031
1051
1013
916
788
668
575
513
477
456
432
399
364
331
291
252
240
265
303
321
308
265
181
53
-92
-211
-295
-353
-377
-342
-256
-167
-114
-94
-92
-108
-156
-237
-338
-428
-480
-486
-469
-462
-467
-458
-418
-359
-303
-257
-226
-221
-239
-272
-319
-387
-466
-523
-534
-496
-414
-305
-201
-133
-103
-85
-68
-81
-138
-197
-216
-202
-193
-193
-182
-153
-117
-84
-45
-6
21
38
57
72
58
10
-42
-69
-75
-81
-91
-85
-45
23
87
114
103
73
39
1
-40
-78
-115
-152
-172
-147
-91
-61
-95
-158
-187
-171
-150
-153
-182
-226
-267
-281
-276
-298
-369
-441
-452
-408
-376
-388
-409
-417
-433
-475
-518
-544
-572
-604
-611
-592
-585
-616
-656
-678
-695
-734
-783
-812
-815
-806
-787
-764
-770
-814
-849
-842
-827
-858
-920
-955
-930
-849
-718
-561
-434
-385
-387
-386
-412
-553
-801
-1018
-1076
-975
-780
-533
-264
-25
130
192
176
76
-103
-306
-444
-472
-401
-265
-101
50
169
280
407
527
600
629
647
661
637
553
446
380
378
427
513
646
838
1062
1254
1346
1330
1247
1143
1038
944
889
890
934
999
1083
1179
1254
1272
1243
1221
1235
1263
1270
1245
1198
1130
1046
959
885
834
818
844
901
961
991
980
936
869
784
688
598
533
498
477
442
377
299
241
219
230
261
295
315
311
286
235
139
-10
-172
-289
-330
-313
-271
-219
-171
-149
-156
-174
-194
-231
-291
-352
-385
-399
-420
-455
-492
-517
-526
-508
-453
-378
-316
-292
-296
-317
-354
-409
-468
-508
-509
-471
-414
-359
-320
-302
-299
-309
-318
-311
-284
-251
-228
-211
-198
-201
-229
-267
-293
-297
-282
-241
-168
-82
-21
-6
-30
-73
-124
-170
-198
-207
-205
-193
-156
-100
-55
-44
-64
-94
-114
-114
-94
-69
-64
-88
-124
-153
-173
-193
-207
-199
-165
-121
-80
-54
-54
-85
-141
-200
-249
-279
-283
-261
-231
-214
-211
-207
-200
-208
-237
-266
-272
-264
-269
-299
-340
-375
-405
-430
-442
-435
-412
-381
-343
-309
-300
-329
-385
-447
-513
-588
-654
-680
-656
-615
-583
-552
-516
-497
-521
-569
-604
-630
-678
-732
-721
-602
-433
-307
-257
-245
-249
-293
-407
-581
-771
-912
-934
-801
-554
-280
-53
108
195
182
65
-115
-305
-476
-597
-604
-467
-250
-60
65
172
296
405
461
482
500
500
448
358
270
204
156
147
218
381
603
844
1070
1235
1281
1205
1061
908
763
642
585
616
715
847
999
1152
1258
1282
1253
1227
1219
1199
1156
1103
1041
957
871
825
823
833
846
898
1000
1098
1123
1068
967
843
708
594
531
513
507
505
513
521
501
450
399
367
353
349
355
356
318
233
124
21
-67
-134
-168
-162
-132
-104
-84
-72
-74
-104
-159
-218
-260
-285
-306
-334
-372
-411
-445
-469
-476
-456
-414
-369
-339
-321
-308
-311
-349
-414
-473
-508
-526
-532
-506
-442
-373
-339
-340
-341
-324
-296
-277
-272
-274
-276
-278
-282
-300
-334
-371
-386
-367
-315
-240
-161
-103
-84
-96
-118
-140
-170
-211
-246
-250
-223
-192
-181
-186
-186
-168
-140
-118
-106
-90
-67
-53
-65
-104
-155
-202
-234
-243
-225
-191
-152
-119
-96
-86
-91
-110
-139
-175
-206
-221
-220
-220
-233
-252
-259
-249
-233
-222
-218
-211
-193
-177
-190
-246
-319
-369
-383
-383
-385
-375
-337
-292
-272
-284
-311
-349
-405
-463
-499
-509
-512
-518
-518
-508
-499
-501
-518
-544
-575
-596
-596
-592
-608
-627
-600
-505
-381
-276
-206
-171
-183
-255
-379
-539
-713
-854
-892
-783
-556
-288
-35
170
292
297
184
-10
-236
-443
-570
-580
-483
-321
-135
54
224
352
434
485
511
509
489
465
421
332
215
131
127
199
327
508
738
979
1169
1261
1240
1116
927
734
594
534
554
645
782
930
1053
1138
1177
1169
1133
1101
1092
1090
1070
1027
967
883
775
679
646
687
771
869
971
1050
1063
991
859
713
576
456
372
345
378
438
483
483
438
377
336
323
314
291
266
251
229
170
73
-27
-104
-162
-202
-201
-144
-66
-22
-31
-65
-101
-149
-223
-297
-336
-339
-340
-355
-371
-375
-380
-398
-419
-420
-390
-334
-272
-234
-245
-302
-373
-434
-486
-531
-548
-518
-449
-369
-292
-227
-200
-228
-286
-326
-333
-336
-355
-374
-380
-382
-390
-390
-364
-323
-283
-238
-173
-103
-63
-79
-143
-237
-331
-399
-421
-397
-343
-268
-174
-80
-16
0
-21
-61
-111
-165
-211
-238
-240
-223
-202
-192
-198
-201
-180
-125
-57
-5
13
1
-25
-56
-99
-162
-233
-283
-286
-240
-162
-79
-17
5
1
-4
-5
-27
-83
-148
-185
-190
-197
-227
-262
-276
-260
-227
-189
-150
-111
-76
-57
-79
-151
-257
-361
-444
-501
-531
-519
-465
-389
-318
-269
-251
-277
-346
-432
-503
-546
-576
-605
-622
-598
-514
-384
-260
-184
-162
-173
-208
-287
-428
-619
-803
-908
-880
-709
-449
-180
31
161
201
144
-6
-226
-462
-646
-712
-632
-436
-202
2
156
267
337
363
355
333
308
280
253
228
198
159
133
158
255
414
614
828
1020
1138
1147
1055
897
720
568
482
482
565
710
890
1063
1186
1231
1213
1165
1114
1066
1017
971
925
877
828
786
763
762
783
831
910
1006
1079
1085
1008
872
717
576
470
406
385
404
456
523
577
588
550
479
401
330
271
229
203
180
145
96
45
-4
-45
-70
-74
-61
-42
-27
-19
-30
-70
-131
-199
-265
-325
-365
-371
-355
-346
-351
-353
-342
-332
-336
-346
-350
-351
-354
-356
-360
-378
-419
-465
-495
-508
-509
-492
-453
-405
-366
-332
-298
-283
-308
-360
-404
-427
-441
-451
-440
-406
-372
-354
-341
-315
-284
-263
-252
-246
-247
-259
-277
-296
-322
-355
-375
-363
-321
-262
-195
-133
-92
-85
-99
-116
-134
-164
-204
-231
-229
-208
-185
-168
-149
-125
-99
-78
-65
-56
-43
-30
-29
-52
-87
-115
-133
-150
-168
-167
-130
-66
-5
31
45
49
42
13
-48
-121
-173
-187
-177
-162
-149
-132
-118
-115
-116
-107
-86
-72
-79
-100
-128
-170
-240
-328
-402
-436
-428
-394
-351
-298
-233
-176
-171
-246
-370
-479
-536
-562
-595
-630
-624
-550
-432
-315
-227
-175
-157
-176
-233
-329
-468
-636
-791
-870
-839
-709
-525
-320
-110
75
182
164
21
-194
-409
-573
-663
-669
-587
-422
-197
41
239
358
396
378
329
269
211
161
117
84
73
101
166
258
376
532
717
891
1006
1048
1023
940
801
635
497
438
476
598
771
954
1110
1211
1249
1232
1175
1094
1004
916
846
811
813
824
817
798
798
840
909
971
1003
1001
961
885
784
680
587
513
466
452
474
517
559
574
549
494
431
379
340
302
262
222
181
135
86
41
5
-23
-50
-72
-76
-60
-38
-36
-65
-118
-173
-215
-246
-272
-297
-319
-335
-344
-344
-336
-328
-332
-350
-368
-372
-363
-357
-374
-415
-463
-495
-504
-497
-487
-478
-461
-432
-395
-366
-353
-358
-379
-410
-442
-462
-472
-476
-478
-473
-453
-419
-374
-328
-295
-288
-302
-323
-334
-337
-345
-364
-381
-380
-356
-319
-282
-255
-239
-227
-206
-172
-142
-135
-159
-200
-233
-244
-239
-230
-219
-193
-144
-82
-30
-5
-2
-7
-21
-43
-66
-71
-54
-32
-20
-13
-1
16
29
32
36
49
65
74
75
73
67
51
24
0
-7
7
33
57
74
84
86
73
41
-3
-43
-67
-74
-66
-46
-24
-15
-29
-61
-95
-125
-163
-215
-262
-279
-264
-242
-237
-250
-270
-294
-322
-352
-380
-412
-454
-498
-523
-518
-487
-440
-379
-303
-227
-178
-176
-227
-327
-470
-642
-801
-890
-863
-717
-498
-270
-81
49
103
61
-85
-300
-519
-674
-725
-662
-505
-301
-108
36
135
204
247
250
221
190
180
177
157
115
75
64
94
175
314
504
712
886
982
984
903
773
632
518
459
474
563
707
869
1009
1096
1118
1085
1032
995
987
986
968
931
893
866
842
810
779
772
804
876
969
1044
1052
970
826
685
587
529
493
479
500
556
616
641
614
537
437
344
287
275
288
296
275
223
152
76
6
-50
-79
-71
-31
16
39
25
-21
-93
-190
-294
-366
-369
-316
-256
-226
-226
-237
-259
-305
-367
-420
-441
-433
-407
-372
-344
-341
-371
-421
-464
-483
-483
-475
-462
-443
-421
-406
-408
-430
-457
-472
-465
-443
-418
-395
-378
-375
-392
-424
-451
-455
-436
-398
-345
-286
-240
-223
-237
-273
-324
-383
-428
-434
-393
-322
-245
-176
-124
-104
-123
-163
-197
-212
-214
-208
-188
-155
-122
-104
-100
-101
-96
-83
-60
-25
18
56
70
51
9
-35
-60
-60
-44
-14
32
93
146
170
161
138
114
89
65
51
56
72
82
85
92
105
113
113
117
135
153
149
118
78
40
-3
-52
-90
-91
-52
1
33
35
23
8
-21
-79
-163
-245
-297
-312
-305
-286
-270
-272
-299
-340
-369
-381
-401
-453
-517
-552
-540
-501
-462
-420
-360
-298
-271
-297
-357
-431
-529
-668
-821
-913
-881
-729
-522
-326
-180
-94
-73
-126
-249
-420
-596
-733
-788
-731
-570
-358
-168
-43
22
66
104
117
92
49
25
30
39
34
27
45
92
160
252
383
550
709
805
816
762
679
591
514
466
470
536
650
782
900
987
1034
1038
1003
950
913
905
911
905
881
855
836
819
801
794
809
844
884
916
931
914
852
752
645
565
526
518
526
536
543
547
548
535
494
431
370
329
304
274
234
187
137
84
34
3
-2
6
10
7
0
-13
-43
-89
-141
-193
-243
-284
-304
-302
-291
-288
-298
-312
-323
-327
-327
-332
-350
-381
-415
-442
-457
-466
-471
-473
-471
-463
-451
-439
-440
-457
-481
-491
-484
-470
-458
-449
-442
-443
-456
-471
-478
-478
-474
-461
-425
-372
-324
-303
-311
-339
-379
-419
-441
-431
-393
-343
-296
-258
-230
-218
-221
-234
-249
-256
-250
-228
-197
-170
-156
-154
-157
-158
-152
-131
-94
-48
-6
23
38
37
19
-14
-45
-56
-40
0
51
101
138
153
153
149
149
150
149
148
157
175
186
177
150
124
114
120
135
156
186
220
244
246
229
197
152
98
47
19
19
34
46
52
56
56
44
24
12
15
12
-27
-97
-164
-200
-222
-265
-330
-380
-382
-346
-308
-291
-302
-337
-394
-463
-526
-578
-624
-662
-665
-606
-493
-371
-293
-284
-335
-427
-543
-675
-807
-907
-936
-874
-737
-559
-378
-231
-159
-183
-288
-424
-544
-635
-692
-699
-640
-521
-378
-248
-143
-63
-2
42
77
109
132
129
93
33
-22
-38
-1
89
219
378
548
703
808
841
805
720
615
522
479
507
594
709
822
917
982
1007
1001
992
998
1010
1012
1000
986
967
929
871
815
784
792
836
910
987
1028
1007
934
841
749
664
594
551
550
583
629
657
642
580
491
409
356
334
336
350
362
352
308
230
136
45
-29
-72
-79
-52
-10
23
28
-5
-67
-136
-195
-244
-285
-316
-330
-328
-323
-327
-340
-362
-387
-401
-390
-354
-320
-316
-351
-405
-458
-503
-535
-547
-536
-506
-463
-416
-374
-353
-365
-401
-439
-460
-460
-446
-428
-415
-411
-414
-417
-415
-410
-402
-386
-352
-299
-246
-217
-225
-266
-325
-382
-422
-431
-401
-341
-270
-206
-154
-119
-105
-115
-143
-175
-197
-203
-188
-155
-116
-91
-87
-90
-77
-46
-11
16
34
55
78
96
99
81
49
16
0
15
56
110
158
190
207
217
225
229
225
210
191
180
179
184
185
177
163
154
160
184
217
249
271
276
262
232
193
147
90
28
-15
-17
12
39
45
49
67
90
84
37
-29
-91
-145
-196
-247
-294
-335
-366
-375
-354
-315
-287
-290
-321
-363
-407
-461
-535
-622
-697
-725
-696
-626
-542
-454
-369
-309
-316
-407
-558
-717
-846
-928
-957
-923
-816
-648
-452
-279
-180
-178
-263
-395
-531
-638
-702
-718
-687
-608
-476
-308
-143
-22
48
91
131
161
164
136
91
34
-21
-52
-29
62
203
367
537
698
829
910
924
870
763
634
535
504
545
631
734
842
951
1048
1114
1140
1129
1099
1061
1025
989
947
897
843
799
781
798
848
912
973
1017
1039
1023
958
848
723
614
540
503
504
537
585
618
617
584
533
474
415
364
327
300
274
242
200
149
94
44
8
-6
0
20
39
38
5
-54
-122
-184
-238
-279
-299
-295
-277
-262
-262
-278
-307
-341
-369
-379
-370
-353
-344
-352
-373
-400
-428
-459
-490
-508
-498
-463
-418
-381
-358
-349
-359
-387
-422
-445
-449
-444
-440
-434
-421
-405
-389
-375
-358
-337
-312
-285
-257
-242
-255
-295
-345
-385
-403
-396
-366
-314
-248
-176
-107
-55
-40
-71
-137
-208
-258
-279
-278
-259
-223
-168
-96
-24
31
62
79
89
90
72
36
-7
-46
-74
-85
-67
-21
48
130
216
291
329
317
265
201
143
93
57
45
70
133
213
283
320
319
298
281
277
269
243
204
175
167
172
170
151
124
113
130
163
180
161
118
79
54
28
-14
-64
-99
-106
-93
-79
-84
-117
-174
-234
-281
-316
-352
-395
-432
-444
-432
-416
-424
-464
-525
-584
-630
-666
-686
-673
-615
-534
-473
-451
-459
-484
-540
-646
-791
-925
-995
-978
-882
-742
-597
-477
-392
-338
-318
-352
-446
-579
-698
-754
-734
-660
-568
-475
-372
-242
-96
30
106
131
127
108
72
20
-34
-69
-65
-12
92
238
407
580
730
832
864
832
767
701
648
609
591
610
672
768
875
972
1046
1093
1121
1140
1146
1125
1068
990
915
865
845
843
848
864
902
967
1033
1061
1032
962
880
802
732
678
647
633
619
598
578
564
548
519
480
446
423
407
388
359
315
251
175
103
51
28
27
31
26
12
0
-9
-29
-74
-135
-190
-222
-235
-244
-256
-277
-309
-342
-361
-358
-344
-337
-340
-344
-345
-350
-370
-406
-450
-488
-507
-505
-491
-474
-455
-430
-408
-400
-408
-419
-426
-436
-453
-470
-475
-471
-467
-461
-448
-428
-409
-392
-367
-338
-316
-312
-324
-340
-354
-368
-385
-403
-413
-398
-354
-294
-239
-202
-178
-157
-148
-160
-192
-230
-260
-275
-268
-240
-197
-153
-109
-63
-19
15
31
33
29
16
-5
-29
-45
-46
-30
7
58
114
164
211
249
264
244
202
161
141
140
153
177
205
232
256
283
309
314
288
251
235
250
272
274
252
224
203
190
180
179
190
205
208
194
172
152
123
72
6
-42
-52
-32
-11
-4
-6
-18
-57
-130
-214
-279
-319
-355
-394
-417
-403
-367
-349
-376
-436
-498
-544
-581
-622
-667
-704
-721
-708
-659
-583
-508
-469
-484
-537
-601
-669
-761
-883
-999
-1042
-972
-809
-620
-460
-353
-298
-297
-353
-460
-592
-716
-797
-801
-711
-547
-359
-202
-95
-23
28
59
66
53
32
11
-6
-13
2
42
103
179
273
394
540
691
809
866
851
777
676
591
553
566
612
680
778
910
1046
1141
1169
1142
1086
1026
975
943
929
916
896
877
876
893
910
916
919
935
963
981
965
905
814
716
630
567
530
524
542
570
592
602
593
553
482
398
326
274
234
201
181
172
157
121
73
35
18
14
14
8
-12
-46
-89
-132
-178
-227
-272
-295
-292
-273
-250
-233
-237
-270
-318
-355
-373
-388
-412
-430
-426
-409
-401
-408
-418
-427
-444
-473
-493
-487
-455
-421
-403
-407
-421
-433
-442
-453
-471
-488
-496
-490
-470
-435
-390
-354
-345
-357
-363
-352
-347
-368
-405
-427
-423
-409
-395
-372
-337
-295
-257
-219
-185
-167
-181
-220
-263
-293
-306
-302
-279
-237
-185
-130
-78
-37
-15
-16
-31
-49
-63
-67
-58
-37
-10
13
34
58
88
116
136
147
159
174
185
185
175
164
157
157
164
184
222
268
304
316
309
294
277
255
229
211
208
215
221
226
235
247
248
236
221
216
216
203
170
128
92
67
46
24
2
-12
-10
5
19
6
-42
-114
-191
-256
-304
-333
-349
-362
-377
-383
-374
-364
-381
-437
-515
-583
-628
-660
-691
-709
-698
-653
-592
-537
-499
-482
-495
-554
-657
-778
-883
-952
-978
-953
-865
-730
-579
-446
-347
-300
-327
-433
-584
-723
-803
-808
-748
-639
-500
-352
-208
-83
2
36
26
-4
-34
-57
-66
-52
-15
30
76
130
210
321
449
570
667
725
744
733
701
656
609
581
589
637
721
826
928
1002
1035
1048
1057
1060
1037
995
959
942
930
908
887
879
883
889
901
930
964
984
977
947
898
828
742
661
602
566
545
533
532
538
544
542
524
491
451
416
385
343
277
194
118
68
42
30
26
26
28
34
39
36
12
-38
-103
-167
-216
-248
-268
-285
-301
-311
-306
-289
-272
-268
-279
-295
-312
-340
-379
-420
-450
-468
-477
-476
-462
-443
-432
-433
-435
-432
-428
-425
-421
-415
-417
-438
-465
-484
-491
-490
-481
-453
-409
-367
-339
-322
-316
-332
-373
-418
-436
-423
-399
-380
-362
-335
-301
-270
-258
-266
-286
-299
-293
-271
-243
-222
-211
-217
-231
-235
-212
-170
-132
-106
-78
-44
-15
-9
-22
-42
-58
-69
-66
-42
1
51
103
148
175
177
167
162
167
169
164
164
175
189
198
207
225
250
277
304
333
356
360
338
299
258
231
222
223
227
236
258
290
310
309
297
286
274
249
214
179
145
108
69
36
13
-2
-1
20
49
60
42
2
-55
-130
-219
-303
-365
-401
-411
-392
-359
-339
-355
-398
-444
-487
-535
-594
-655
-709
-741
-735
-690
-633
-590
-568
-552
-540
-550
-594
-668
-763
-865
-953
-992
-957
-855
-712
-560
-435
-360
-342
-370
-443
-560
-697
-799
-815
-744
-616
-457
-289
-147
-60
-19
10
39
44
9
-38
-50
-17
31
70
103
154
236
347
475
605
720
795
811
770
700
636
595
576
586
644
754
885
995
1064
1097
1099
1069
1022
984
969
968
961
943
927
923
925
922
912
908
920
947
970
968
934
871
786
695
625
594
598
609
612
606
597
576
534
477
417
368
334
318
314
306
280
229
158
82
24
-3
-6
-2
-1
7
24
31
3
-55
-122
-188
-251
-297
-307
-289
-274
-280
-291
-289
-279
-280
-294
-312
-330
-355
-385
-410
-428
-444
-461
-473
-471
-454
-429
-400
-379
-372
-374
-379
-389
-413
-447
-476
-492
-495
-487
-462
-424
-390
-373
-363
-346
-330
-327
-338
-350
-357
-368
-382
-387
-380
-369
-360
-344
-312
-273
-233
-196
-168
-163
-191
-237
-273
-283
-272
-247
-207
-152
-96
-52
-26
-19
-30
-56
-76
-71
-39
2
35
51
57
62
71
81
92
105
129
163
194
209
211
209
207
198
190
197
227
266
294
306
309
306
296
282
273
276
288
301
308
308
299
284
264
244
232
234
247
255
249
239
235
231
202
143
81
44
33
31
30
36
46
42
16
-27
-76
-129
-186
-237
-276
-299
-312
-326
-346
-371
-397
-427
-466
-504
-522
-522
-532
-580
-647
-686
-678
-648
-619
-590
-552
-519
-511
-536
-592
-686
-818
-944
-999
-955
-838
-696
-559
-443
-363
-332
-359
-446
-569
-683
-745
-743
-692
-602
-474
-332
-217
-149
-97
-36
24
56
63
68
72
62
38
23
31
63
125
239
402
584
740
838
860
814
736
668
618
577
558
600
711
842
941
1003
1046
1070
1064
1042
1031
1031
1017
981
942
913
880
838
809
813
844
886
932
971
982
952
888
806
711
615
543
513
516
526
533
539
540
524
492
452
404
349
302
273
251
215
159
103
56
13
-23
-38
-25
-1
16
20
16
-5
-52
-120
-193
-257
-304
-325
-321
-307
-296
-288
-277
-267
-267
-278
-292
-309
-334
-366
-391
-409
-428
-453
-473
-476
-457
-423
-388
-362
-345
-334
-331
-345
-378
-417
-447
-471
-494
-507
-489
-443
-392
-356
-330
-305
-288
-288
-304
-328
-359
-396
-422
-420
-394
-366
-348
-328
-296
-252
-211
-184
-180
-197
-222
-240
-250
-259
-271
-271
-248
-204
-150
-100
-67
-51
-45
-35
-24
-20
-27
-30
-20
-6
0
1
7
24
49
80
120
167
210
242
258
254
229
192
163
152
158
172
193
227
273
321
356
369
361
346
336
331
320
293
254
220
204
206
214
224
243
274
312
335
331
297
243
174
103
45
10
-9
-14
-2
33
70
80
50
2
-46
-98
-169
-250
-315
-352
-370
-382
-391
-395
-398
-404
-420
-448
-491
-549
-613
-672
-714
-736
-739
-725
-691
-630
-556
-508
-519
-584
-669
-755
-849
-950
-1022
-1019
-935
-801
-652
-514
-414
-376
-410
-494
-602
-712
-801
-840
-808
-708
-568
-416
-280
-174
-102
-58
-39
-46
-70
-86
-76
-49
-29
-17
16
88
187
291
392
497
602
688
736
740
703
638
573
544
569
633
713
800
895
990
1060
1089
1074
1035
994
967
954
945
934
923
918
912
902
891
892
907
930
950
960
948
904
835
762
698
638
577
534
529
555
579
579
560
534
502
464
426
386
331
261
195
152
122
89
52
30
27
37
49
60
62
41
-5
-63
-119
-175
-233
-284
-314
-321
-309
-281
-249
-229
-228
-239
-254
-277
-314
-361
-404
-432
-448
-450
-441
-430
-425
-423
-416
-403
-391
-385
-380
-378
-387
-407
-430
-447
-464
-481
-488
-476
-446
-410
-376
-350
-340
-349
-366
-378
-385
-391
-396
-393
-376
-354
-335
-321
-313
-313
-320
-322
-309
-281
-250
-226
-216
-215
-218
-222
-225
-225
-212
-186
-154
-125
-102
-81
-65
-62
-70
-77
-71
-52
-22
14
51
77
87
91
98
107
107
102
108
137
180
219
240
241
234
233
241
251
251
248
258
286
316
330
325
316
311
308
303
295
290
290
293
294
293
288
280
269
256
248
246
245
233
209
179
150
117
78
42
27
35
43
29
-1
-29
-49
-77
-131
-200
-258
-292
-312
-333
-358
-381
-399
-420
-446
-471
-497
-533
-580
-627
-659
-675
-689
-713
-737
-739
-704
-644
-596
-589
-620
-661
-705
-771
-866
-954
-987
-951
-868
-766
-651
-534
-441
-403
-430
-510
-615
-712
-769
-773
-728
-645
-529
-392
-257
-145
-66
-18
-3
-11
-16
-6
5
-5
-26
-22
27
113
219
336
461
581
680
746
768
746
693
639
601
581
590
645
748
862
948
1004
1044
1071
1071
1046
1019
1000
975
939
909
899
900
894
881
878
897
932
967
981
959
910
852
797
739
671
611
577
572
580
590
595
587
555
508
463
425
388
344
306
277
247
204
155
112
81
56
38
31
34
41
40
21
-16
-63
-108
-150
-195
-240
-271
-278
-268
-254
-243
-234
-231
-242
-267
-294
-314
-333
-357
-386
-409
-422
-426
-428
-430
-429
-417
-394
-367
-348
-342
-351
-374
-407
-443
-474
-495
-506
-500
-468
-417
-369
-340
-331
-336
-354
-381
-406
-419
-421
-417
-411
-400
-382
-362
-342
-323
-306
-293
-280
-264
-252
-251
-261
-270
-272
-266
-252
-226
-193
-165
-144
-126
-107
-93
-89
-89
-81
-66
-47
-23
5
28
37
35
36
45
60
81
114
156
195
222
237
244
240
227
212
203
203
212
233
267
305
339
362
372
370
359
352
352
351
336
309
289
282
283
286
293
307
322
339
356
361
336
276
209
163
140
120
90
66
67
84
88
64
23
-11
-29
-43
-74
-124
-172
-207
-240
-290
-358
-422
-461
-471
-461
-444
-433
-442
-476
-523
-571
-625
-697
-779
-837
-837
-779
-696
-632
-602
-598
-602
-620
-670
-766
-883
-975
-1003
-959
-870
-767
-674
-600
-544
-507
-495
-521
-582
-652
-699
-711
-693
-648
-573
-475
-369
-273
-182
-91
-6
50
59
28
-14
-42
-45
-24
22
95
193
310
436
558
657
709
705
669
641
642
657
663
665
690
746
819
888
947
995
1027
1043
1051
1057
1054
1033
993
949
915
899
899
910
926
942
958
970
970
950
915
871
823
774
732
705
690
671
640
603
571
549
536
528
515
492
459
426
396
357
302
237
177
134
111
103
98
88
69
50
36
22
2
-22
-45
-71
-111
-159
-200
-227
-248
-269
-277
-263
-235
-214
-209
-217
-239
-280
-334
-381
-403
-408
-413
-423
-426
-414
-390
-374
-375
-386
-394
-393
-389
-387
-392
-406
-430
-457
-477
-481
-473
-457
-436
-406
-373
-347
-339
-349
-369
-394
-422
-443
-449
-433
-404
-377
-358
-345
-330
-308
-285
-269
-261
-256
-249
-242
-242
-254
-273
-287
-281
-252
-204
-149
-96
-56
-41
-51
-74
-89
-86
-75
-58
-31
7
46
73
85
87
81
77
91
135
194
235
246
246
252
255
242
219
210
226
259
296
328
352
361
360
359
362
364
364
366
367
360
346
328
313
300
292
294
308
325
338
347
347
324
278
226
188
164
138
105
75
57
53
58
60
45
5
-38
-61
-69
-90
-140
-203
-259
-312
-364
-408
-433
-447
-461
-468
-456
-440
-457
-517
-594
-655
-704
-758
-812
-833
-797
-717
-633
-584
-578
-598
-626
-670
-750
-862
-967
-1017
-993
-915
-813
-709
-615
-541
-493
-474
-494
-557
-648
-731
-770
-754
-693
-607
-511
-411
-307
-201
-109
-44
-11
0
-3
-19
-44
-63
-63
-40
4
79
197
348
496
609
677
706
701
661
600
547
527
542
586
657
754
862
951
996
1003
996
990
987
977
957
934
912
896
886
876
866
865
881
914
946
960
955
932
890
823
742
671
632
621
622
623
626
627
616
588
547
506
471
438
406
378
357
334
290
223
157
119
114
122
120
110
103
96
76
35
-17
-62
-92
-111
-124
-135
-144
-157
-176
-201
-226
-241
-241
-233
-225
-226
-236
-256
-289
-334
-380
-410
-419
-411
-395
-373
-350
-338
-346
-367
-385
-396
-405
-417
-425
-421
-414
-418
-435
-452
-456
-450
-442
-429
-406
-376
-356
-361
-382
-405
-424
-443
-461
-464
-441
-397
-352
-320
-303
-298
-301
-310
-319
-321
-315
-302
-284
-266
-252
-244
-238
-231
-221
-209
-191
-164
-128
-93
-70
-62
-64
-68
-63
-52
-38
-21
3
36
70
95
109
118
127
139
154
179
207
231
247
255
258
253
245
244
255
271
286
303
329
357
375
381
381
374
356
334
321
319
318
311
302
298
294
290
294
304
309
297
275
258
243
216
167
111
64
35
21
17
18
18
17
13
0
-37
-98
-171
-238
-293
-339
-377
-403
-417
-420
-419
-426
-450
-488
-526
-556
-589
-637
-692
-735
-764
-790
-808
-795
-741
-675
-632
-619
-621
-634
-679
-768
-885
-988
-1043
-1031
-953
-829
-687
-558
-466
-423
-438
-504
-600
-701
-782
-815
-782
-690
-568
-444
-327
-218
-127
-73
-55
-48
-33
-18
-19
-37
-50
-39
3
69
152
253
375
513
639
722
746
720
665
599
541
519
547
612
695
788
889
981
1032
1032
1004
977
959
942
920
901
890
884
880
874
865
859
868
898
936
959
953
919
865
797
722
656
609
587
589
608
629
639
630
605
569
525
479
435
396
362
334
309
277
235
189
155
141
141
143
141
135
125
104
66
15
-40
-87
-117
-132
-137
-136
-133
-133
-141
-157
-177
-195
-210
-222
-232
-242
-258
-282
-309
-335
-357
-371
-375
-374
-369
-355
-330
-307
-309
-341
-379
-401
-413
-432
-452
-457
-444
-432
-430
-428
-417
-403
-399
-403
-403
-397
-391
-393
-407
-431
-449
-448
-431
-413
-400
-382
-352
-324
-309
-305
-302
-304
-320
-338
-337
-312
-282
-260
-242
-216
-186
-162
-149
-144
-143
-139
-128
-114
-99
-79
-50
-15
11
27
42
63
83
93
100
112
127
134
142
165
203
236
253
267
297
333
349
329
292
270
278
299
314
321
339
378
422
446
438
413
388
371
358
343
324
306
299
308
321
325
318
311
310
309
294
264
224
183
147
114
80
42
8
-4
6
21
19
-8
-51
-97
-141
-184
-236
-304
-381
-437
-445
-422
-408
-426
-459
-485
-505
-542
-600
-662
-709
-743
-771
-792
-787
-747
-689
-647
-642
-665
-688
-706
-739
-805
-893
-962
-979
-937
-849
-738
-635
-569
-545
-546
-554
-577
-633
-712
-766
-752
-671
-561
-459
-374
-299
-232
-174
-131
-101
-83
-72
-60
-45
-28
-10
17
60
124
209
312
424
525
599
640
649
627
583
541
534
566
620
681
754
844
928
977
983
964
940
918
904
906
914
911
895
886
891
900
898
889
890
907
927
935
919
875
815
756
710
677
653
642
649
660
659
641
616
586
546
500
462
436
413
383
349
317
283
240
197
170
165
174
183
182
167
138
102
63
18
-32
-78
-103
-104
-95
-90
-96
-104
-110
-117
-128
-148
-174
-203
-231
-253
-272
-293
-318
-341
-351
-347
-338
-331
-322
-313
-312
-325
-349
-373
-392
-413
-435
-451
-456
-455
-450
-440
-423
-410
-408
-412
-409
-401
-403
-421
-447
-468
-476
-475
-467
-455
-441
-420
-392
-367
-353
-354
-360
-364
-367
-370
-370
-362
-345
-321
-290
-260
-243
-235
-225
-206
-189
-183
-185
-183
-173
-155
-130
-97
-64
-37
-13
13
35
42
36
32
41
60
79
96
119
150
189
228
252
257
253
256
268
278
276
271
273
285
299
313
331
351
368
376
378
379
380
372
351
320
297
294
303
307
299
295
305
317
309
284
262
250
231
192
145
111
90
70
46
23
6
-7
-16
-20
-26
-49
-94
-150
-206
-255
-301
-345
-386
-423
-446
-445
-429
-425
-453
-503
-549
-580
-605
-644
-698
-752
-786
-785
-754
-719
-697
-686
-673
-659
-663
-693
-736
-782
-831
-883
-918
-909
-850
-763
-676
-609
-568
-542
-522
-517
-543
-600
-656
-673
-642
-579
-495
-399
-309
-240
-186
-126
-61
-20
-20
-42
-50
-32
0
37
79
131
195
273
364
459
541
595
614
601
578
568
578
599
619
647
695
759
824
877
912
923
911
894
891
899
901
887
868
857
856
860
866
869
862
850
849
859
863
844
802
754
710
678
660
652
641
623
603
590
580
560
527
490
453
419
391
371
359
342
313
273
233
201
181
164
146
127
112
103
93
77
56
34
4
-35
-70
-89
-93
-103
-127
-154
-166
-163
-157
-163
-182
-210
-239
-265
-285
-302
-318
-331
-340
-342
-340
-337
-339
-351
-366
-377
-385
-390
-396
-402
-410
-420
-431
-440
-444
-445
-443
-436
-424
-412
-405
-403
-406
-419
-439
-453
-454
-443
-428
-417
-406
-392
-376
-360
-351
-349
-347
-340
-327
-314
-305
-298
-288
-275
-258
-243
-232
-220
-199
-169
-141
-127
-123
-117
-105
-92
-79
-59
-34
-12
7
32
62
82
84
84
97
119
139
155
177
201
221
234
245
252
251
251
261
281
298
306
315
329
344
353
355
352
347
348
356
366
364
351
339
334
329
320
314
316
320
314
304
296
289
270
237
199
169
150
134
116
96
84
78
64
33
-7
-37
-53
-68
-96
-135
-175
-207
-233
-263
-307
-359
-398
-414
-417
-428
-450
-472
-495
-525
-564
-599
-630
-669
-714
-737
-731
-714
-705
-697
-680
-664
-659
-660
-659
-677
-729
-796
-833
-834
-820
-800
-762
-703
-640
-580
-520
-473
-464
-496
-537
-563
-575
-576
-553
-499
-433
-365
-278
-168
-67
-11
10
24
34
29
21
34
64
91
115
167
258
361
450
522
577
610
627
645
658
645
607
576
588
638
701
767
834
891
926
948
966
966
936
888
855
846
847
843
840
847
860
872
877
879
878
874
862
834
789
742
709
687
662
631
607
602
612
624
624
605
566
518
477
447
419
385
349
321
306
298
288
266
232
196
171
157
146
131
113
95
77
54
26
-5
-35
-61
-80
-94
-104
-111
-117
-125
-140
-163
-186
-204
-215
-223
-231
-247
-273
-305
-327
-332
-330
-338
-352
-358
-345
-326
-320
-334
-362
-391
-414
-428
-436
-443
-446
-443
-425
-397
-375
-372
-385
-402
-413
-421
-431
-438
-439
-435
-431
-426
-416
-398
-376
-351
-328
-313
-308
-305
-295
-287
-297
-323
-344
-339
-307
-263
-220
-182
-154
-135
-127
-124
-124
-125
-125
-118
-102
-78
-49
-23
-7
1
13
37
70
105
133
150
155
156
164
177
182
177
175
193
229
266
293
306
310
311
314
323
328
326
319
320
329
338
341
342
342
341
340
341
341
335
326
316
304
285
263
249
246
240
216
185
164
164
171
162
126
72
25
5
2
-7
-34
-69
-98
-117
-138
-169
-210
-253
-293
-325
-350
-371
-392
-410
-427
-448
-479
-519
-556
-581
-598
-623
-667
-710
-726
-708
-682
-669
-666
-654
-635
-629
-651
-696
-753
-814
-860
-870
-840
-787
-723
-652
-581
-529
-505
-505
-524
-567
-621
-657
-654
-622
-574
-502
-406
-315
-257
-219
-174
-127
-104
-105
-104
-85
-63
-43
-16
23
63
108
180
275
363
421
461
493
504
491
474
472
479
491
525
593
670
722
753
784
807
802
783
784
804
815
809
805
810
807
791
782
793
805
804
802
812
815
798
769
743
717
683
652
639
637
632
622
613
600
571
538
517
506
485
456
435
424
408
378
340
302
263
228
210
211
215
206
188
169
151
129
103
71
32
-5
-24
-22
-20
-35
-61
-79
-88
-97
-111
-122
-128
-141
-164
-189
-208
-229
-260
-291
-306
-300
-284
-271
-266
-272
-288
-310
-333
-354
-375
-392
-403
-407
-407
-404
-392
-374
-364
-369
-381
-390
-391
-394
-403
-418
-436
-453
-462
-454
-435
-414
-395
-374
-348
-328
-322
-330
-346
-367
-384
-389
-380
-361
-338
-309
-272
-241
-225
-216
-204
-197
-201
-209
-206
-189
-169
-154
-139
-124
-113
-100
-73
-33
3
24
38
51
58
56
54
58
64
75
99
136
170
188
196
206
216
219
222
230
236
234
236
253
275
280
268
258
259
265
274
291
307
307
290
276
272
263
242
223
217
215
205
191
184
183
176
162
144
118
88
68
65
57
24
-22
-50
-55
-61
-86
-118
-140
-150
-161
-177
-204
-244
-298
-347
-378
-393
-402
-411
-423
-434
-443
-450
-464
-502
-560
-613
-640
-648
-659
-670
-660
-619
-568
-541
-546
-573
-603
-632
-662
-696
-733
-759
-753
-704
-629
-562
-520
-497
-476
-457
-453
-475
-515
-553
-563
-533
-473
-411
-364
-319
-255
-172
-101
-66
-63
-69
-71
-68
-57
-37
-7
31
83
153
233
302
350
384
414
434
437
427
424
441
473
508
537
567
606
660
714
748
751
740
738
750
757
747
725
708
711
734
764
786
789
777
768
772
774
753
711
673
655
654
653
643
628
617
611
607
598
578
548
522
504
490
469
441
412
391
375
360
343
321
295
272
256
243
220
185
154
143
145
139
114
83
57
42
27
9
-14
-39
-57
-64
-63
-66
-81
-107
-132
-150
-158
-166
-182
-205
-228
-241
-247
-258
-276
-287
-284
-279
-288
-305
-313
-314
-323
-348
-379
-398
-402
-397
-386
-372
-361
-361
-369
-373
-374
-378
-394
-416
-428
-422
-406
-393
-391
-393
-391
-381
-367
-357
-351
-348
-340
-327
-313
-309
-318
-330
-331
-317
-297
-275
-249
-221
-197
-181
-174
-173
-178
-182
-177
-159
-138
-121
-104
-77
-48
-31
-28
-20
4
33
52
59
65
74
81
83
88
105
128
152
175
203
228
236
226
212
207
206
204
208
230
263
284
288
286
287
284
270
255
248
246
239
236
244
256
253
238
224
213
201
188
181
174
154
123
106
105
101
75
40
15
4
2
2
-6
-38
-88
-126
-135
-136
-160
-207
-246
-259
-256
-258
-280
-323
-371
-397
-396
-393
-414
-446
-465
-477
-503
-542
-568
-571
-573
-584
-580
-544
-502
-485
-495
-515
-546
-592
-640
-663
-659
-640
-611
-569
-519
-479
-452
-429
-417
-432
-471
-501
-498
-473
-443
-408
-365
-321
-284
-251
-207
-155
-116
-101
-95
-76
-39
-5
6
-2
1
39
107
177
236
284
326
359
379
391
398
399
398
410
447
497
542
576
604
627
639
643
649
663
679
692
698
699
696
693
695
700
701
699
704
713
718
711
697
679
659
641
632
631
629
616
600
588
580
567
548
526
503
482
472
473
472
458
429
396
365
337
312
293
278
263
249
238
226
208
185
164
143
118
94
78
72
64
45
18
-8
-28
-43
-55
-68
-81
-90
-92
-96
-115
-146
-171
-188
-205
-225
-235
-229
-224
-238
-262
-276
-279
-289
-309
-323
-322
-322
-330
-338
-338
-339
-352
-368
-373
-365
-359
-360
-361
-359
-362
-371
-379
-381
-378
-374
-371
-366
-357
-343
-329
-322
-326
-333
-331
-319
-308
-302
-298
-290
-277
-262
-247
-232
-221
-213
-205
-195
-185
-175
-161
-144
-132
-128
-121
-103
-78
-60
-52
-45
-32
-14
3
16
26
35
48
64
79
92
104
118
130
135
138
143
152
160
167
179
196
209
213
213
216
219
217
211
207
208
211
212
213
214
214
213
209
201
188
177
173
174
168
154
136
124
118
111
99
81
62
44
30
20
10
-9
-35
-56
-66
-72
-87
-110
-132
-150
-165
-182
-200
-222
-251
-283
-305
-316
-323
-335
-349
-356
-356
-359
-376
-412
-459
-494
-503
-503
-518
-541
-530
-469
-408
-403
-441
-464
-456
-463
-519
-586
-605
-575
-534
-499
-457
-405
-367
-355
-355
-358
-376
-411
-440
-438
-410
-376
-339
-295
-248
-208
-171
-130
-95
-81
-80
-67
-42
-30
-42
-48
-17
40
93
136
184
246
304
337
345
337
323
315
323
348
379
412
447
488
531
567
592
600
594
587
596
613
619
609
604
619
641
649
648
653
667
676
673
663
650
630
612
609
614
611
594
580
583
589
575
544
517
508
508
503
492
475
455
436
426
423
410
377
336
311
306
304
288
262
242
232
222
207
190
174
159
141
121
100
78
58
41
24
8
-2
-1
2
-3
-19
-40
-63
-89
-116
-135
-148
-162
-177
-181
-173
-166
-171
-184
-199
-216
-234
-247
-253
-260
-278
-298
-308
-306
-300
-294
-284
-273
-270
-278
-291
-304
-318
-333
-346
-352
-346
-328
-307
-294
-290
-288
-283
-279
-283
-292
-299
-303
-301
-290
-268
-247
-239
-240
-235
-219
-202
-196
-197
-196
-188
-179
-170
-159
-145
-129
-115
-103
-93
-85
-79
-70
-58
-44
-33
-28
-21
-8
7
16
20
26
41
58
69
74
79
85
94
103
111
116
120
126
138
149
154
154
155
156
155
152
150
151
156
164
172
171
161
152
149
150
146
135
123
117
117
120
118
105
86
75
75
72
56
34
22
21
18
2
-21
-44
-64
-80
-86
-86
-91
-109
-131
-147
-157
-171
-193
-224
-257
-280
-282
-275
-281
-308
-333
-334
-325
-330
-352
-373
-385
-396
-412
-427
-442
-462
-475
-457
-415
-389
-395
-401
-380
-363
-390
-449
-489
-488
-470
-455
-434
-402
-368
-339
-308
-280
-279
-304
-326
-325
-316
-309
-293
-262
-231
-209
-181
-132
-81
-53
-41
-16
17
30
23
22
39
57
63
76
117
185
252
299
325
340
352
360
358
344
332
339
367
402
438
474
507
528
539
549
564
577
576
562
547
541
545
550
551
555
567
589
608
614
608
602
593
575
548
524
511
506
504
505
507
508
506
501
495
481
457
431
415
408
397
375
350
333
326
320
306
287
270
259
251
239
224
204
178
151
131
121
113
102
89
78
72
64
48
25
4
-12
-25
-38
-48
-51
-53
-63
-83
-104
-118
-127
-139
-155
-172
-184
-189
-188
-186
-190
-202
-219
-234
-243
-246
-249
-257
-272
-286
-291
-286
-282
-289
-297
-294
-284
-279
-283
-291
-299
-309
-322
-329
-324
-310
-294
-284
-281
-281
-279
-274
-271
-276
-285
-287
-278
-264
-249
-238
-233
-234
-230
-215
-196
-184
-180
-173
-160
-149
-146
-143
-133
-121
-115
-110
-96
-74
-55
-45
-42
-38
-31
-16
2
15
15
10
15
34
55
63
62
65
77
92
100
106
113
120
122
120
118
120
124
127
127
126
129
136
144
146
141
133
128
125
123
120
113
100
86
79
80
80
73
63
55
53
52
44
26
0
-23
-32
-37
-54
-80
-92
-85
-80
-97
-122
-138
-146
-161
-179
-193
-204
-221
-241
-253
-260
-275
-295
-306
-310
-325
-348
-358
-351
-344
-348
-359
-374
-396
-415
-418
-414
-427
-457
-465
-433
-390
-374
-385
-395
-398
-401
-402
-400
-404
-420
-430
-411
-366
-326
-314
-321
-320
-301
-274
-256
-252
-251
-241
-220
-203
-195
-187
-168
-139
-108
-76
-39
0
33
55
60
54
49
58
83
113
143
174
212
247
273
289
304
317
327
338
355
377
397
412
421
425
431
446
467
488
503
515
526
535
539
539
533
522
511
514
529
540
539
540
548
552
536
512
503
511
517
509
496
489
485
475
460
445
431
415
403
403
412
414
398
369
343
329
323
310
287
259
240
234
238
232
207
173
154
154
158
148
122
96
78
64
48
30
10
-9
-25
-33
-37
-42
-48
-56
-70
-90
-110
-125
-138
-150
-158
-163
-172
-188
-203
-208
-208
-219
-236
-245
-241
-236
-240
-251
-266
-284
-299
-302
-293
-287
-293
-300
-299
-291
-286
-287
-289
-293
-298
-301
-294
-286
-283
-287
-287
-278
-266
-259
-255
-246
-233
-225
-225
-228
-225
-214
-204
-201
-196
-184
-169
-157
-149
-136
-122
-114
-115
-113
-100
-85
-77
-78
-77
-66
-49
-34
-24
-19
-13
-2
13
23
23
20
20
26
32
38
49
66
81
90
91
87
82
75
72
74
77
76
72
75
88
99
101
95
87
83
80
75
68
58
44
30
24
28
30
22
15
15
20
16
-2
-26
-49
-70
-90
-106
-115
-118
-116
-113
-118
-133
-149
-162
-178
-203
-227
-239
-244
-256
-272
-281
-283
-290
-303
-312
-312
-319
-338
-357
-367
-380
-401
-419
-426
-428
-430
-424
-411
-407
-421
-435
-437
-438
-452
-465
-464
-461
-468
-463
-427
-391
-392
-413
-409
-384
-380
-404
-417
-397
-373
-367
-350
-307
-268
-258
-256
-237
-220
-222
-225
-211
-196
-196
-186
-139
-79
-47
-36
-7
31
40
29
40
73
85
70
79
134
189
208
215
248
296
323
333
349
367
367
358
366
390
411
427
456
498
535
560
582
597
590
567
558
571
583
582
587
614
648
666
670
677
683
677
663
653
652
648
640
637
641
644
641
637
633
627
620
617
615
605
585
566
555
542
520
498
490
497
500
489
470
455
443
424
397
369
348
335
331
331
330
320
297
269
248
234
216
189
165
160
171
178
167
143
117
98
86
74
57
35
16
10
14
15
4
-12
-22
-29
-38
-49
-56
-61
-71
-86
-101
-113
-121
-123
-119
-114
-114
-114
-105
-91
-88
-108
-140
-163
-168
-159
-150
-150
-152
-146
-129
-110
-101
-107
-120
-128
-129
-125
-120
-118
-121
-130
-135
-129
-111
-92
-77
-67
-60
-52
-49
-55
-67
-79
-85
-85
-77
-63
-44
-27
-17
-14
-13
-10
-4
0
-1
-5
-7
-5
-2
-3
-6
-8
-5
4
20
38
49
47
38
31
24
13
-4
-17
-20
-17
-11
-2
8
12
5
-2
-4
-5
-16
-38
-59
-70
-74
-76
-82
-91
-98
-99
-93
-88
-91
-100
-111
-125
-147
-174
-194
-204
-208
-215
-219
-214
-203
-198
-207
-223
-244
-264
-281
-291
-298
-308
-323
-332
-330
-325
-326
-335
-346
-354
-356
-355
-358
-378
-404
-414
-401
-390
-404
-425
-420
-396
-389
-408
-423
-418
-416
-431
-443
-433
-417
-418
-421
-401
-371
-363
-378
-386
-380
-380
-392
-395
-372
-338
-308
-283
-264
-257
-257
-247
-231
-230
-249
-251
-215
-169
-152
-154
-136
-96
-70
-69
-60
-24
7
5
-8
4
38
62
69
79
107
142
177
215
248
264
262
262
275
287
292
304
329
357
378
403
439
467
467
455
462
483
492
487
493
517
532
527
523
538
560
569
566
565
569
575
578
576
562
539
526
533
549
557
558
557
551
540
530
521
503
471
442
435
443
448
445
441
436
420
395
370
350
331
312
299
287
272
258
253
248
229
199
176
172
171
157
131
106
82
60
48
50
52
36
9
-7
-3
1
-16
-50
-79
-93
-99
-101
-101
-104
-115
-130
-135
-133
-139
-157
-174
-184
-195
-209
-211
-197
-189
-203
-224
-228
-219
-220
-235
-243
-240
-237
-242
-241
-236
-236
-245
-251
-246
-236
-232
-229
-223
-222
-232
-240
-233
-219
-211
-209
-204
-196
-190
-186
-181
-175
-173
-175
-174
-166
-154
-144
-142
-142
-138
-127
-113
-103
-99
-96
-92
-89
-87
-86
-85
-83
-79
-74
-68
-63
-53
-42
-36
-40
-46
-46
-43
-47
-56
-61
-59
-54
-49
-40
-29
-26
-33
-43
-49
-55
-62
-71
-80
-88
-92
-92
-89
-88
-90
-91
-89
-90
-96
-109
-125
-143
-158
-168
-173
-178
-181
-179
-174
-173
-177
-187
-201
-213
-223
-233
-249
-267
-278
-277
-274
-277
-282
-280
-273
-271
-282
-301
-319
-333
-341
-345
-347
-347
-344
-341
-343
-346
-348
-352
-361
-367
-359
-346
-350
-372
-386
-379
-367
-369
-376
-370
-356
-349
-346
-338
-332
-335
-340
-331
-313
-305
-310
-312
-306
-304
-309
-302
-276
-247
-228
-211
-193
-181
-181
-182
-179
-176
-179
-176
-152
-112
-78
-61
-52
-40
-20
1
16
19
18
25
45
69
85
95
104
117
138
166
197
221
235
246
258
268
268
263
264
277
303
335
362
382
401
423
436
429
415
416
434
447
445
444
459
479
487
488
496
506
508
504
511
522
520
502
487
485
489
492
497
506
509
505
502
502
489
462
442
438
436
425
419
430
441
429
402
388
389
376
344
318
317
321
309
287
274
266
250
230
222
224
219
196
171
154
141
121
100
88
85
84
79
72
59
39
19
3
-11
-28
-41
-42
-34
-35
-49
-65
-71
-77
-93
-113
-122
-119
-116
-123
-134
-142
-146
-153
-157
-157
-156
-160
-167
-167
-162
-161
-168
-180
-188
-188
-182
-177
-174
-175
-173
-167
-161
-162
-170
-176
-174
-166
-158
-156
-153
-148
-143
-143
-145
-144
-136
-129
-126
-124
-118
-112
-111
-113
-112
-107
-103
-102
-99
-92
-85
-82
-81
-79
-80
-82
-82
-77
-73
-74
-75
-74
-71
-71
-73
-75
-77
-78
-75
-70
-69
-73
-78
-79
-80
-87
-96
-101
-101
-101
-100
-98
-98
-100
-104
-108
-113
-120
-127
-132
-137
-143
-146
-148
-153
-162
-166
-162
-158
-161
-167
-169
-171
-179
-191
-201
-207
-212
-217
-218
-215
-211
-207
-203
-202
-208
-216
-222
-226
-231
-235
-233
-230
-230
-230
-226
-222
-226
-234
-236
-229
-222
-219
-219
-222
-227
-232
-231
-226
-222
-218
-211
-202
-197
-196
-199
-204
-209
-205
-191
-175
-167
-163
-156
-149
-150
-154
-154
-148
-143
-137
-125
-111
-105
-104
-97
-82
-71
-67
-59
-42
-28
-27
-33
-34
-30
-23
-17
-5
12
31
46
56
64
77
92
99
97
96
106
118
120
118
128
148
163
168
175
195
218
233
241
247
252
253
253
255
255
258
270
289
304
314
328
346
356
352
351
363
372
365
354
358
374
380
374
372
382
393
402
413
427
432
424
410
400
391
377
367
370
382
393
401
405
403
395
383
370
357
347
342
344
346
343
339
336
331
319
303
292
286
282
274
265
256
245
233
225
224
227
227
216
197
179
164
149
128
107
96
97
103
105
103
98
89
76
62
50
36
20
4
-5
-6
-7
-10
-12
-15
-20
-27
-30
-33
-38
-48
-59
-69
-79
-88
-94
-95
-95
-96
-96
-93
-89
-90
-96
-105
-114
-122
-127
-128
-129
-132
-135
-132
-128
-127
-132
-137
-136
-131
-128
-129
-132
-134
-141
-151
-158
-155
-145
-138
-135
-132
-125
-120
-121
-124
-127
-132
-140
-145
-142
-138
-138
-139
-134
-125
-120
-119
-116
-111
-112
-120
-127
-130
-133
-141
-148
-147
-141
-136
-131
-122
-115
-117
-127
-133
-133
-133
-139
-146
-148
-146
-141
-135
-133
-134
-136
-137
-137
-140
-144
-147
-147
-148
-151
-154
-153
-150
-150
-149
-149
-149
-149
-149
-150
-154
-163
-172
-176
-176
-174
-173
-171
-168
-161
-155
-152
-156
-163
-169
-170
-170
-171
-173
-174
-176
-177
-177
-175
-172
-167
-158
-145
-135
-131
-132
-137
-147
-160
-168
-167
-160
-154
-147
-136
-121
-107
-100
-98
-99
-103
-108
-112
-114
-113
-112
-107
-98
-86
-74
-63
-54
-49
-45
-42
-42
-44
-47
-47
-42
-33
-25
-19
-11
-1
11
20
27
32
36
40
41
42
48
58
69
77
83
90
96
101
105
111
118
124
131
141
153
162
166
168
172
176
182
189
196
198
199
206
217
223
222
222
230
240
246
248
253
259
262
259
257
258
259
258
258
260
263
268
276
288
296
297
294
291
288
283
274
263
254
251
256
266
276
281
284
288
291
289
280
268
254
242
233
228
224
221
218
220
225
228
227
223
218
210
200
190
182
174
165
158
154
152
150
150
150
146
136
125
118
117
113
104
93
86
84
81
74
66
57
48
40
34
31
27
21
13
9
8
8
3
-5
-14
-21
-27
-33
-39
-47
-53
-56
-54
-51
-50
-53
-56
-59
-64
-71
-77
-81
-85
-90
-95
-95
-94
-96
-101
-102
-100
-99
-101
-102
-102
-103
-106
-110
-110
-109
-110
-111
-112
-112
-110
-105
-101
-102
-105
-109
-110
-113
-117
-119
-118
-116
-117
-116
-110
-101
-100
-105
-108
-106
-105
-109
-114
-117
-117
-118
-120
-121
-120
-117
-114
-111
-108
-106
-107
-111
-119
-127
-134
-137
-138
-137
-136
-134
-132
-131
-129
-128
-126
-127
-129
-132
-134
-136
-139
-144
-150
-153
-153
-151
-147
-143
-138
-135
-135
-138
-141
-145
-151
-155
-156
-155
-154
-153
-149
-146
-144
-143
-141
-141
-145
-150
-150
-147
-145
-144
-142
-139
-137
-137
-134
-130
-129
-132
-133
-131
-129
-128
-127
-122
-119
-120
-119
-113
-104
-101
-103
-103
-100
-95
-91
-87
-85
-85
-84
-79
-73
-70
-69
-65
-59
-53
-51
-48
-44
-42
-43
-42
-37
-30
-26
-24
-20
-15
-9
-5
1
9
13
14
16
21
25
26
25
26
30
35
41
46
52
57
63
68
73
77
79
81
83
85
87
87
89
94
99
101
103
108
116
124
128
128
128
129
131
130
128
126
127
131
138
146
154
159
163
166
167
166
164
162
161
157
153
152
156
162
168
174
179
182
180
178
176
174
168
159
155
157
162
166
168
170
172
175
177
176
169
158
149
144
143
144
146
148
151
153
153
151
147
139
130
121
116
111
106
102
99
100
101
100
99
99
99
98
92
83
74
67
63
58
53
50
50
52
54
53
49
46
42
37
29
20
11
4
-2
-6
-6
-5
-6
-9
-11
-12
-13
-14
-17
-20
-26
-33
-38
-41
-44
-49
-57
-60
-59
-57
-58
-60
-60
-59
-60
-66
-72
-77
-80
-85
-89
-89
-87
-87
-90
-92
-90
-89
-91
-95
-97
-96
-95
-97
-100
-102
-102
-102
-102
-104
-106
-105
-103
-103
-105
-107
-106
-104
-104
-104
-103
-100
-101
-105
-107
-107
-106
-108
-110
-111
-112
-113
-110
-106
-102
-102
-102
-99
-97
-99
-104
-107
-108
-107
-108
-107
-104
-100
-99
-98
-98
-97
-96
-95
-93
-90
-88
-87
-87
-89
-90
-90
-89
-87
-85
-84
-83
-82
-81
-79
-76
-74
-72
-71
-70
-70
-70
-70
-69
-69
-68
-67
-64
-60
-55
-51
-49
-46
-44
-43
-45
-48
-49
-48
-48
-50
-48
-42
-36
-33
-33
-31
-26
-21
-20
-21
-22
-20
-18
-16
-15
-15
-15
-13
-9
-4
-1
1
2
2
4
7
9
9
8
7
8
8
7
5
5
6
10
14
19
24
30
32
32
30
27
23
20
17
17
20
25
31
38
43
45
45
44
42
42
43
43
41
39
39
42
45
47
47
49
54
60
67
71
74
72
69
66
63
62
61
60
60
62
65
70
75
77
78
78
77
76
75
72
67
64
62
63
63
63
65
69
72
75
78
82
84
83
80
76
72
68
65
65
65
66
67
69
71
73
74
74
73
70
65
61
58
54
52
53
55
56
56
56
56
55
52
50
49
46
44
43
44
44
40
35
32
29
27
25
25
24
22
20
20
21
22
22
21
18
13
8
4
-2
-7
-9
-8
-5
-3
-2
1
2
1
-2
-4
-6
-10
-16
-21
-23
-24
-27
-30
-31
-28
-25
-22
-20
-18
-18
-20
-25
-30
-33
-36
-39
-42
-43
-42
-39
-35
-31
-29
-28
-28
-29
-29
-31
-35
-41
-48
-52
-52
-51
-50
-49
-46
-42
-38
-36
-35
-35
-34
-36
-38
-40
-41
-43
-46
-48
-46
-43
-40
-37
-34
-31
-30
-31
-33
-36
-39
-41
-42
-42
-42
-41
-40
-39
-38
-37
-34
-31
-30
-29
-29
-31
-33
-36
-37
-37
-35
-33
-31
-28
-27
-26
-25
-24
-24
-25
-26
-28
-30
-30
-30
-31
-32
-30
-27
-25
-25
-24
-23
-23
-25
-26
-24
-23
-24
-27
-26
-25
-24
-25
-26
-25
-24
-25
-25
-23
-22
-22
-23
-23
-23
-22
-22
-23
-22
-21
-19
-18
-18
-18
-17
-16
-15
-14
-14
-14
-13
-12
-11
-12
-12
-12
-11
-11
-10
-10
-9
-10
-11
-11
-9
-7
-4
-2
0
0
-2
-3
-3
-3
-3
-2
-1
0
2
2
3
4
6
7
9
11
13
13
12
11
9
8
8
8
10
12
14
16
17
19
20
21
22
22
22
21
19
17
16
15
16
16
18
21
23
23
23
25
27
27
26
23
21
19
18
17
17
18
19
20
23
25
26
27
27
27
25
23
22
21
21
22
22
23
25
27
29
31
32
33
31
28
25
23
23
23
23
22
22
23
23
22
22
24
27
29
30
29
28
27
25
21
17
14
13
15
17
19
22
24
26
26
24
23
22
20
17
13
10
9
9
9
9
11
15
18
22
24
24
20
16
12
11
10
8
6
6
7
8
9
11
14
14
13
12
12
10
8
6
6
5
3
2
1
1
-1
-2
-2
0
2
4
4
5
4
3
2
0
-3
-3
-2
-1
-2
-4
-4
-4
-4
-5
-4
-1
1
2
3
4
4
2
-1
-2
-4
-5
-7
-6
-6
-6
-6
-5
-2
-1
0
1
1
-1
-4
-8
-12
-15
-16
-16
-14
-10
-6
-3
0
2
2
2
0
-2
-4
-6
-9
-12
-13
-13
-10
-7
-3
2
6
8
8
7
5
2
-3
-8
-10
-10
-8
-5
-2
1
2
5
6
8
8
6
4
2
1
-1
-5
-8
-9
-9
-7
-5
-3
-1
2
4
5
6
5
2
-1
-4
-6
-8
-9
-8
-5
-2
1
3
5
6
5
5
4
3
1
0
0
0
1
1
2
4
4
4
4
5
5
5
5
5
3
2
3
4
4
5
5
6
5
4
2
1
1
1
2
5
7
8
9
9
9
9
7
5
4
3
3
3
4
4
4
5
7
8
9
11
13
13
13
12
11
10
9
9
9
10
10
12
13
15
16
17
18
18
16
14
12
9
8
8
9
10
9
8
9
11
12
13
13
13
14
14
13
12
10
9
8
8
7
7
8
9
9
9
10
11
10
8
7
5
3
0
-2
-2
-2
-1
1
3
5
5
5
5
5
4
2
-1
-2
-3
-3
-3
-4
-3
-1
3
5
6
7
7
6
4
0
-5
-10
-13
-13
-9
-5
-1
2
5
8
9
8
5
1
-3
-6
-8
-10
-10
-9
-7
-4
-1
2
3
4
4
4
2
-2
-5
-7
-8
-9
-11
-11
-10
-8
-5
-2
1
2
2
1
-1
-4
-8
-11
-13
-14
-14
-12
-9
-7
-6
-5
-4
-4
-5
-7
-10
-13
-17
-20
-21
-21
-19
-16
-13
-9
-7
-5
-5
-6
-9
-12
-15
-18
-21
-22
-21
-18
-16
-14
-12
-10
-9
-9
-10
-12
-15
-19
-21
-22
-23
-23
-22
-19
-16
-14
-11
-9
-8
-9
-9
-10
-12
-14
-16
-17
-18
-18
-16
-13
-11
-8
-5
-3
-3
-4
-6
-8
-9
-10
-9
-8
-7
-7
-6
-6
-5
-3
-2
-1
1
2
2
1
0
0
-1
-1
-1
1
2
1
0
0
0
0
-2
-2
-1
1
2
1
0
0
-1
-3
-4
-4
-3
-2
-1
0
0
0
1
1
1
1
2
3
4
4
3
2
2
2
2
2
2
2
2
2
3
3
3
3
2
0
-2
-2
-2
-1
-2
-2
-3
-3
-4
-4
-3
-1
1
2
1
-1
-2
-2
-3
-3
-2
-2
-1
0
0
1
1
1
1
0
0
1
2
2
2
1
0
0
0
0
0
0
1
1
1
2
2
2
1
0
1
2
2
2
2
2
2
2
1
0
1
1
2
2
2
2
1
0
-1
-2
-3
-3
-3
-2
-1
0
1
1
1
1
1
0
-1
-2
-3
-3
-3
-2
-2
-1
-2
-2
-1
0
0
-1
-2
-2
-3
-4
-5
-6
-7
-7
-6
-5
-3
-3
-3
-3
-3
-4
-5
-6
-7
-7
-7
-7
-6
-5
-5
-5
-5
-5
-4
-3
-4
-5
-6
-6
-7
-8
-9
-8
-7
-6
-5
-4
-3
-3
-4
-5
-5
-6
-6
-7
-7
-8
-7
-6
-5
-4
-3
-2
-2
-2
-2
-3
-4
-4
-4
-4
-3
-4
-4
-4
-4
-3
-2
-1
-1
-1
0
0
0
0
-1
0
0
0
0
-1
-1
-2
-2
-2
-1
-1
-1
0
1
2
1
0
0
-1
-2
-3
-3
-3
-5
-5
-5
-3
-1
0
0
0
0
0
0
-1
-2
-4
-5
-5
-5
-5
-5
-3
-1
-1
-1
-1
0
-1
-2
-3
-3
-4
-4
-4
-5
-5
-5
-4
-2
-1
0
1
1
0
-1
-3
-4
-4
-4
-5
-5
-5
-4
-2
-1
-1
0
1
1
1
0
0
0
-1
-2
-2
-2
-2
-2
-2
-2
-1
0
1
1
0
0
0
0
-1
-2
-2
-2
-2
-2
-2
-1
1
2
2
2
3
3
3
3
2
0
-1
-2
-2
-2
-2
-2
0
2
3
3
3
3
2
0
-2
-3
-3
-2
-2
-1
0
1
2
3
4
3
2
1
0
0
-1
-3
-4
-4
-3
-2
0
1
2
2
2
2
2
2
1
0
-2
-3
-3
-2
-2
-1
1
3
4
4
3
2
2
2
1
0
-1
-1
-1
-1
-2
-1
0
1
1
1
2
3
3
3
2
2
0
-1
-2
-1
0
0
0
1
1
1
1
3
4
5
5
4
4
3
3
2
2
2
2
1
1
2
2
3
4
5
5
5
4
3
2
1
1
1
1
1
1
2
3
4
4
3
3
3
4
4
4
3
2
2
2
2
2
2
3
3
3
4
4
3
2
1
1
1
0
0
1
1
1
1
2
3
3
2
1
0
-1
-2
-2
-2
-1
-1
0
-1
-1
-2
-2
-2
-2
-2
-3
-4
-4
-4
-4
-5
-5
-5
-5
-4
-2
0
1
1
1
-1
-2
-4
-4
-4
-4
-3
-3
-2
-2
-2
-1
-1
0
-1
-2
-2
-2
-4
-5
-5
-5
-5
-5
-5
-3
-2
-1
-1
-1
-1
-1
-1
-2
-2
-3
-3
-3
-2
-2
-2
-1
-1
0
0
0
1
1
2
2
1
0
-1
-1
-1
-1
-2
-1
0
1
2
2
2
3
3
2
1
0
0
0
0
0
-1
-1
-1
-1
-1
0
0
0
-1
-1
0
0
0
-2
-2
-2
-2
-3
-3
-2
-1
0
0
1
1
2
2
2
1
0
0
0
-1
-2
-3
-2
-2
-1
1
2
3
3
2
2
2
2
1
0
-1
-1
-1
-1
-1
0
1
2
2
2
2
2
3
3
3
1
0
-1
-1
0
0
1
2
2
3
3
4
4
4
4
4
2
2
2
2
2
2
2
3
3
3
3
4
4
4
3
2
1
1
2
2
1
1
2
2
1
2
3
5
4
4
4
4
3
2
2
3
4
4
4
4
4
4
4
3
3
3
4
4
4
4
4
4
4
4
5
5
4
4
4
3
2
2
3
3
3
4
5
5
5
5
4
4
3
2
2
2
2
3
4
4
4
4
5
5
5
5
4
4
4
4
3
2
1
1
2
3
4
5
5
5
5
5
4
4
3
2
1
1
1
2
2
3
3
4
4
4
3
3
3
3
3
3
2
1
1
2
2
1
1
2
2
2
2
2
2
2
1
1
1
1
1
1
0
0
1
1
1
0
0
0
0
0
1
2
2
2
1
0
0
0
-1
-1
-1
-1
0
0
0
0
0
1
1
1
0
0
0
0
0
0
-1
-1
-1
0
0
0
0
0
0
-1
-2
-1
0
0
-1
0
0
0
-1
-1
0
0
0
-1
-1
-2
-2
-1
0
0
0
-1
-2
-1
-1
0
1
0
0
0
-1
-1
-1
0
0
-1
-1
-1
-1
-1
0
0
0
0
0
1
1
-1
-2
-2
-2
0
-1
-1
-1
-1
0
0
-1
-2
-1
0
0
0
0
-1
-2
-2
-2
-2
-1
-1
-1
1
2
2
1
1
1
1
0
0
-1
-1
-1
-1
-1
-1
-1
-1
-1
0
-1
-1
-2
-2
-2
-3
-3
-2
-2
-2
-2
-2
-2
-2
-2
-2
-3
-3
-3
-3
-3
-3
-3
-3
-3
-3
-2
-2
-2
-2
-2
-2
-2
-2
-2
-2
-2
-2
-2
-2
-1
-1
-1
-1
-1
-1
-2
-1
-1
-1
-1
-1
-2
-3
-3
-3
-2
-2
-2
-2
-2
-1
-2
-1
-1
-1
-1
-2
-2
-2
-2
-2
-2
-2
-2
-2
-1
-1
-1
-1
0
0
0
-1
0
0
-1
-1
-2
-2
-2
-2
-2
-1
-1
0
0
0
-1
-1
-1
-1
-2
-2
-3
-3
-3
-3
-3
-3
-2
-2
-2
-1
-1
-2
-1
-1
-1
-2
-3
-3
-3
-3
-3
-3
-2
-1
-1
-2
-2
-2
-2
-2
-2
-2
-2
-2
-2
-2
-2
-2
-1
-1
-2
-1
-1
-1
-2
-1
-1
0
-1
-2
-2
-2
-2
-2
-1
-2
-3
-4
-3
-2
-2
-2
-2
-2
-2
-2
-2
-2
-2
-2
-2
-3
-2
-2
-2
-3
-3
-3
-3
-3
-3
-2
-2
-3
-3
-3
-3
-3
-3
-3
-3
-2
-2
-3
-3
-2
-2
-3
-3
-2
-2
-2
-2
-2
-2
-2
-2
-2
-2
-2
-2
-2
-2
-2
-2
-2
-3
-3
-3
-3
-2
-3
-3
-2
-2
-2
-2
-2
-2
-2
-2
-2
-2
-2
-2
-2
-1
-1
-2
-2
-2
-2
-2
-2
-2
-2
-1
-1
-1
-1
-2
-2
-2
-2
-2
-2
-2
-2
-1
-1
-2
-2
-2
-2
-2
-2
-1
-1
-2
-2
-2
-2
-2
-2
-2
-2
-2
-2
-2
-1
-2
-2
-2
-2
-1
-2
-2
-3
-3
-3
-3
-2
-2
-2
-2
-3
-2
-2
-2
-2
-2
-2
-2
-2
-3
-3
-4
-4
-4
-3
-3
-3
-2
-2
-2
-2
-2
-2
-2
-2
-2
-2
-2
-3
-3
-3
-2
-2
-2
-2
-2
-1
-1
-1
-1
-2
-2
-2
-1
-1
-1
-1
-1
-1
-1
-1
-1
-1
-1
0
0
0
0
0
0
0
0
0
0
0
-1
0
0
0
-1
-2
-1
-1
0
0
0
-1
-1
-1
-1
-1
-1
-1
0
0
-1
-1
0
1
0
-1
0
0
1
1
1
1
0
0
1
1
1
0
1
1
0
0
1
1
0
-1
-1
-1
0
0
0
0
-1
-1
-1
-1
-1
-1
0
0
-1
-1
-1
-1
-2
-2
-1
0
0
0
0
0
0
1
1
0
0
0
1
1
1
0
0
0
1
0
0
0
0
0
0
0
1
1
0
0
0
1
0
0
0
0
0
0
0
0
0
1
1
1
0
0
0
-1
-1
-2
-2
-1
-1
-1
-1
0
0
0
0
0
0
0
0
0
0
0
0
0
0
1
0
0
0
0
1
1
1
1
1
1
0
0
0
0
0
0
0
0
1
1
1
1
1
1
1
1
1
1
1
1
1
0
0
0
0
0
0
-1
0
1
1
0
0
1
2
1
1
2
2
2
1
1
1
1
1
1
1
0
-1
0
1
2
2
2
2
1
1
1
2
2
1
2
2
2
1
0
1
1
1
2
2
2
2
2
2
2
2
2
2
2
2
2
2
2
2
2
2
2
2
2
2
2
2
2
1
1
1
2
2
1
1
0
1
1
1
1
1
1
0
0
1
1
1
1
0
0
0
0
0
0
1
1
1
0
1
1
1
0
0
0
1
1
1
1
1
1
1
1
1
1
0
0
0
0
0
0
0
0
0
-1
-1
0
0
0
0
0
1
0
0
0
1
0
0
0
0
0
0
-1
-1
-1
-1
0
0
1
1
1
0
0
0
0
0
0
0
0
-1
-1
-1
0
0
0
0
0
1
1
0
-1
-1
-1
0
-1
-1
0
0
0
-1
0
0
0
0
-1
-1
-1
-1
0
0
0
0
0
0
0
-1
-1
-1
-1
-1
-2
-2
-2
-2
-2
-2
-1
-1
-1
-1
-1
-2
-2
-1
-1
-1
-1
-1
-1
-1
-2
-2
-1
0
0
-1
-1
-1
0
1
1
0
-1
-1
0
-1
-1
-1
-1
-1
-1
-2
-2
-1
-1
0
0
0
0
-1
-2
-2
-2
-1
-1
-1
-2
-2
-2
-2
-2
-1
-1
-1
-1
-1
-1
-2
-2
-1
-1
-1
-2
-2
-2
-2
-1
-1
-1
-1
-2
-2
-2
-2
-2
-2
-2
-2
-2
-2
-1
0
-1
-2
-2
-1
-1
-1
-1
-1
-1
-1
-1
-1
0
0
-1
-1
-1
-1
-1
-1
-2
-2
-1
-1
-2
-2
-1
-1
-1
-2
-2
-1
-1
-2
-2
-2
-2
-2
-2
-2
-1
-1
-2
-2
-2
-2
-2
-2
-1
-1
-1
-2
-2
-1
-1
-1
-1
-1
-1
-1
-1
-1
-1
-1
0
-1
-1
-1
-1
-2
-2
-2
-2
-1
-1
-1
-1
-1
-2
-1
-1
-1
-1
-2
-2
-2
-2
-2
-2
-2
-2
-1
-1
-1
-1
-1
-1
0
0
0
0
0
0
-1
-1
0
-1
-1
-1
-1
0
0
-1
0
0
0
0
-1
-1
-1
-1
0
0
0
0
0
0
1
1
1
1
0
0
1
1
1
0
0
0
0
0
0
0
0
0
-1
0
0
1
0
0
0
0
0
0
0
1
1
1
1
1
0
0
1
1
1
1
1
1
0
0
0
0
0
0
0
0
1
1
1
1
1
1
1
1
1
1
1
1
1
1
1
1
1
1
1
1
1
2
1
1
0
1
1
1
1
1
1
1
1
1
1
1
1
2
2
2
2
2
2
1
1
1
1
1
1
1
1
1
1
0
0
0
0
1
0
0
0
1
1
0
0
1
2
2
1
1
1
1
1
1
1
2
2
2
2
2
2
1
1
1
2
2
2
1
1
0
1
1
1
1
0
0
1
1
1
0
0
1
1
1
0
1
1
1
1
1
1
2
1
0
0
0
1
1
1
1
1
1
1
0
0
1
1
1
1
1
1
0
0
0
1
1
2
2
2
2
2
2
2
2
1
1
1
2
2
1
1
1
1
2
1
0
0
0
1
1
1
2
2
2
2
1
1
1
1
2
2
1
0
1
1
2
1
1
1
1
1
1
1
2
2
1
1
0
1
1
1
0
1
1
1
0
0
0
0
0
0
1
1
1
1
1
1
0
1
1
1
1
1
1
1
1
0
0
0
0
0
1
0
0
0
1
1
1
0
1
1
0
0
1
1
1
0
0
0
0
0
0
-1
-1
-1
-1
0
0
0
0
-1
-1
0
0
0
0
0
0
0
0
0
0
0
0
-1
-1
-1
-1
-1
-1
-1
-1
-1
0
0
-1
-1
-1
0
-1
-1
-1
-1
-1
-1
-1
-1
-1
-1
0
-1
-1
-1
-1
-1
-1
-1
-1
-1
-1
-1
0
0
0
0
0
0
0
-1
-1
-1
-1
-1
-1
-1
-1
-1
-1
-1
-1
-1
-1
-1
-1
-1
-1
-1
-1
-1
-1
-2
-2
-2
-2
-2
-2
-2
-2
-2
-2
-2
-2
-2
-2
-2
-2
-2
-2
-2
-2
-2
-2
-2
-2
-2
-2
-2
-2
-1
-1
-1
-1
-1
-1
-1
-2
-2
-2
-1
-1
-1
-1
-2
-2
-1
-2
-2
-2
-2
-2
-2
-2
-2
-2
-2
-2
-2
-2
-2
-2
-2
-2
-2
-2
-2
-2
-2
-2
-2
-2
-2
-2
-2
-2
-2
-1
-2
-2
-2
-2
-2
-2
-2
-2
-1
-2
-2
-2
-2
-2
-2
-2
-2
-2
-2
-2
-2
-2
-2
-2
-2
-2
-1
-2
-2
-2
-1
-1
-2
-2
-2
-2
-2
-2
-2
-2
-2
-2
-2
-2
-2
-2
-1
-1
-1
-2
-2
-1
-1
-1
-1
-1
-1
-1
-1
-1
-1
-1
-1
-1
-1
-1
-2
-2
-2
-2
-1
-1
-1
-2
-2
-2
-2
-2
-2
-2
-2
-2
-2
-2
-2
-2
-2
-2
-2
-2
-2
-2
-2
-2
-2
-2
-2
-2
-1
-1
-2
-2
-2
-2
-2
-2
-2
-1
-1
-1
-2
-1
-1
-1
-1
-1
-1
-1
-1
-1
-1
-1
-1
-1
-1
-1
-1
-1
-1
-1
-1
-2
-2
-2
-2
-2
-2
-2
-2
-2
-2
-1
-1
-1
-2
-2
-1
-2
-2
-2
-2
-1
-1
-1
-1
-1
-2
-2
-2
-2
-2
-2
-2
-1
-1
-1
-1
-2
-2
-1
-1
-1
-2
-2
-2
-1
-1
-1
-1
-1
-1
-1
-1
-1
-1
-1
-2
-2
-1
-1
-1
-2
-2
-2
-2
-1
-1
-1
-1
-1
-1
-1
-1
-1
-1
-1
-1
-1
-1
-1
-1
-1
-1
-1
-1
-2
-1
-1
-1
-2
-2
-2
-2
-2
-2
-2
-2
-2
-2
-2
-1
-2
-2
-1
-2
-2
-2
-2
-2
-2
-2
-2
-1
-1
-1
-1
-1
-1
-1
-1
-1
-1
-1
-1
-1
-1
-1
-1
-1
-1
-1
-1
-1
-1
-1
-1
-1
-1
-1
-1
-1
-1
-1
-2
-1
-1
-1
-1
-1
0
0
-1
-2
-2
-1
-1
-1
-1
-1
-2
-2
-1
-2
-2
-1
-1
-1
-1
-1
-1
-1
-1
-1
-1
0
0
0
0
0
0
-1
0
0
0
0
0
0
0
0
0
0
0
-1
-1
-1
0
0
0
0
0
-1
-1
-1
-1
-1
0
-1
-1
-1
-1
-1
-1
-1
-1
-1
-1
-1
-1
0
0
0
0
0
0
0
1
1
0
0
0
0
0
0
0
0
0
0
0
0
0
0
0
0
0
1
1
0
0
0
0
0
0
0
0
1
1
0
0
0
0
0
-1
-1
0
0
0
0
0
0
1
0
0
1
0
0
0
0
0
0
0
0
1
1
1
1
0
0
0
1
1
1
1
1
0
0
0
0
0
0
0
1
1
1
1
1
1
0
0
1
1
1
0
1
1
0
0
-1
0
0
0
0
0
0
0
0
0
0
0
0
0
0
1
0
0
0
0
0
0
0
0
0
-1
-1
0
0
0
0
0
0
0
0
0
0
0
0
1
1
1
0
0
0
0
1
1
1
0
0
1
1
1
1
1
1
1
1
1
1
1
1
1
1
1
1
1
1
1
0
0
0
1
1
1
0
0
0
0
0
0
0
0
0
0
0
1
1
1
0
0
0
0
0
0
0
0
1
1
1
1
1
1
1
1
1
1
1
1
1
1
1
1
1
1
1
1
1
1
0
0
0
1
1
0
0
0
0
0
0
0
1
1
1
1
1
1
1
0
0
1
0
0
0
0
0
0
1
1
1
1
1
0
0
1
1
0
0
1
1
1
0
0
1
1
1
0
0
0
0
0
0
0
0
0
0
0
1
1
1
1
1
1
1
1
0
0
1
1
1
1
1
1
1
1
1
1
1
1
1
1
1
1
1
0
0
0
0
0
0
0
0
0
0
0
0
0
0
0
1
1
0
0
1
1
1
0
0
1
1
1
1
1
1
1
1
1
0
0
1
1
1
0
0
1
1
1
0
0
0
0
0
0
0
0
1
1
1
0
0
0
0
0
0
0
1
1
1
1
1
1
0
0
0
1
0
0
0
0
0
0
0
0
0
0
0
0
0
0
0
0
0
0
0
0
-1
-1
0
0
0
0
0
-1
0
0
0
0
0
0
0
0
0
0
0
0
0
-1
-1
0
0
0
0
0
0
0
0
0
-1
-1
0
0
-1
-1
0
0
0
0
-1
-1
-1
-1
-1
-1
-1
-1
-1
-1
0
0
0
0
0
-1
0
0
0
0
0
0
0
-1
-1
-1
-1
-1
-1
-1
-1
-1
-1
-1
-1
-1
-1
-1
-1
-1
-1
-1
-1
-1
-1
-1
-1
-1
-1
-1
-1
-1
-1
0
0
0
-1
0
0
0
-1
-1
-1
-1
-1
-1
-1
-1
-1
-1
0
0
0
-1
-1
-1
-1
-1
-1
-1
-1
-1
-1
-1
-1
0
0
-1
-1
0
0
0
-1
-1
-1
-1
-1
-1
-1
-2
-2
-2
-1
-1
-1
-1
-1
-1
-1
-1
-1
-1
-1
-1
-1
-1
-1
-1
-1
-1
-1
-1
-1
-1
-1
-1
-1
-1
-1
-1
-2
-2
-1
-1
-1
-1
-1
0
-1
-1
-1
0
0
0
-1
-1
-1
-1
-1
-1
-1
-1
-1
0
0
0
-1
-1
-1
-1
-1
-1
-1
-1
-2
-2
-1
-1
-1
-1
-1
-1
-1
-1
-1
-1
-1
-1
-1
-1
-1
-1
-1
-1
-1
-1
-1
-1
-1
-1
-1
-1
-2
-1
-1
-1
-1
-1
-1
-1
-1
-1
-1
-1
-1
-1
-1
0
0
0
-1
0
0
0
0
-1
-1
-1
-1
-1
-1
-1
-1
-1
-1
-1
-1
-1
-1
-1
-1
-1
-2
-1
-1
0
-1
-1
-1
-1
-1
-1
-1
-1
-1
-1
-1
-1
-2
-1
-1
0
-1
-1
-1
-1
-1
-1
-1
-1
-1
-1
-1
-1
-1
-1
-1
-1
-1
-1
0
0
0
-1
-1
0
0
0
0
0
0
-1
0
0
0
-1
-1
-1
-1
-1
-1
-1
-1
-1
-1
-1
-1
-1
-1
-1
-1
-1
-1
-1
-1
-1
-1
-1
-1
-1
0
0
-1
-1
-1
0
0
-1
-1
-1
0
-1
-1
-1
-1
-1
-1
-1
-1
-1
-1
-1
0
0
-1
-1
-1
-1
-1
-1
-1
-1
-1
-1
-1
-1
-1
-1
-1
-1
-1
-1
-1
0
-1
-1
-1
0
0
0
-1
-1
0
-1
-1
-1
-1
-1
-1
-1
-1
-1
-1
-1
-1
-1
-1
-1
-1
-1
-1
-1
-1
-1
-1
-1
-1
-1
-1
-1
-1
-1
-1
-1
-1
-1
-1
-1
-1
-1
-1
-1
-1
-1
-1
-1
-1
-1
-2
-2
-2
-2
-2
-2
-2
-1
-1
-1
-1
-1
-1
0
0
-1
-1
-1
-1
-1
-1
-1
-1
-1
-1
-1
-1
0
0
0
-1
0
0
0
0
-1
-1
-1
-1
-1
-1
-1
-1
-1
0
0
-1
-1
-1
-1
-1
-1
-1
-1
-1
-1
-1
0
0
-1
-1
-1
-1
-1
-1
-1
-1
-1
-1
-1
-1
-1
-1
-1
-1
-1
-1
-1
-1
-1
-1
-1
-1
-1
-1
0
0
0
0
0
-1
-1
0
0
0
0
0
-1
-1
-1
-1
-1
-1
-1
-1
0
0
0
0
-1
-1
-1
-1
-1
0
-1
-1
-1
-1
0
0
0
0
0
0
0
-1
-1
0
0
0
0
-1
-1
-1
0
0
0
0
0
0
0
0
0
0
0
0
0
0
0
0
0
0
-1
0
0
0
0
-1
-1
0
0
0
0
0
0
0
-1
-1
-1
-1
-1
0
0
-1
-1
-1
0
0
0
0
0
0
0
0
0
0
0
0
0
1
1
0
0
1
1
0
0
0
0
0
0
1
1
0
0
0
0
0
0
0
0
0
0
0
0
1
0
0
0
0
0
0
0
0
0
0
0
0
0
1
0
0
0
0
0
0
0
0
0
0
0
0
0
0
0
0
0
0
0
0
0
0
0
0
0
0
0
0
0
1
0
0
0
0
0
0
0
0
0
0
0
0
0
0
0
0
0
0
0
0
0
0
0
0
0
0
0
0
0
0
0
0
0
0
0
0
0
0
0
0
0
0
0
0
0
0
0
0
0
0
0
0
0
0
0
0
-1
-1
0
0
0
0
0
0
0
0
0
0
0
0
0
0
0
0
0
0
0
0
0
0
0
0
0
0
0
0
0
-1
-1
-1
-1
-1
-1
-1
-1
0
0
0
-1
0
0
-1
-1
0
0
0
0
0
0
0
0
0
0
0
0
0
0
0
0
0
0
0
0
0
0
0
0
0
0
0
0
0
0
0
0
0
0
0
0
0
0
0
0
-1
0
0
0
0
0
0
0
0
0
0
0
0
0
0
0
0
0
-1
-1
-1
-1
-1
0
0
0
-1
-1
0
0
-1
0
0
0
0
0
0
0
0
1
1
0
0
0
0
0
0
0
0
0
-1
-1
0
0
0
0
0
0
0
-1
-1
0
0
0
0
0
0
0
-1
-1
-1
-1
0
0
0
0
0
0
0
0
0
0
0
0
0
0
0
0
0
0
0
0
0
0
0
0
0
0
-1
-1
0
0
0
0
0
0
0
0
0
0
-1
0
0
0
0
0
0
-1
-1
-1
0
0
0
-1
-1
-1
-1
-1
-1
-1
-1
0
0
0
-1
-1
-1
-1
0
0
0
-1
-1
-1
-1
-1
-1
0
0
0
0
0
-1
-1
-1
0
0
0
-1
-1
0
0
0
0
0
0
-1
-1
-1
-1
-1
-1
-1
-1
-1
-1
-1
-1
-1
-1
-1
-1
-1
-1
-1
-1
-1
-1
-1
-1
-1
-1
-1
-1
-1
-1
-1
-1
-1
-1
-1
-1
-1
-1
-1
-1
-1
-1
-1
-1
-1
-1
0
0
-1
-1
-1
-1
-1
-1
-1
-1
-1
-1
-1
-1
-1
-1
-1
-1
-1
-1
-1
-1
-1
0
0
-1
-1
0
0
-1
-1
-1
-1
-1
-1
-1
-1
-1
-1
-1
-1
-1
-1
-1
-1
-1
-1
-1
-1
0
-1
-1
-1
-1
-1
-1
-1
0
0
0
-1
0
0
0
0
-1
-1
0
0
0
0
-1
0
0
0
0
0
0
-1
-1
-1
0
0
-1
-1
-1
0
0
-1
-1
-1
-1
0
0
-1
-1
0
0
0
0
0
0
0
0
-1
0
0
-1
-1
-1
-1
-1
-1
-1
-1
0
0
0
0
-1
-1
-1
-1
0
0
-1
0
0
0
0
0
0
0
-1
-1
-1
-1
-1
-1
-1
0
0
0
0
0
0
0
-1
-1
0
0
0
0
0
0
0
0
0
0
0
0
0
0
0
-1
0
0
0
0
0
0
0
0
0
0
0
0
0
0
0
0
0
0
0
0
0
0
0
0
0
0
0
0
0
0
0
0
0
0
0
0
0
0
0
0
0
0
0
0
0
0
0
0
0
0
0
0
0
0
0
0
0
0
0
0
0
0
0
0
0
0
0
0
0
0
0
0
0
0
0
0
0
0
0
0
0
0
0
0
0
0
0
0
0
0
0
0
0
0
0
0
0
0
-1
0
0
0
0
0
0
0
0
0
0
0
0
-1
-1
0
0
0
0
0
0
0
0
-1
0
0
0
0
-1
0
0
0
0
0
0
0
0
-1
-1
-1
0
0
0
0
0
0
0
0
0
0
0
0
0
0
0
0
0
0
-1
0
0
0
-1
-1
0
0
0
0
0
-1
-1
-1
0
0
-1
-1
-1
-1
-1
0
0
0
0
0
0
0
0
0
0
0
0
0
0
0
0
0
0
0
0
0
0
0
0
0
0
0
0
0
0
0
0
0
0
0
0
0
0
0
0
-1
-1
0
0
0
-1
-1
-1
0
0
0
0
0
0
0
0
0
-1
-1
0
0
0
0
0
0
0
0
-1
0
0
0
0
0
0
0
0
0
0
0
0
0
0
-1
0
0
0
0
-1
0
0
0
0
0
0
0
0
0
0
0
0
0
0
0
0
0
0
0
0
0
0
0
0
0
0
0
-1
0
0
0
0
0
0
-1
0
0
0
0
0
0
0
0
0
-1
-1
0
0
0
0
0
0
0
0
-1
-1
-1
0
-1
-1
-1
0
0
-1
0
0
0
-1
-1
-1
0
0
-1
0
0
0
0
0
0
0
0
0
0
0
0
0
0
0
0
0
0
0
-1
-1
0
0
0
-1
-1
0
0
0
0
0
0
0
0
0
0
0
0
0
0
0
0
0
0
0
0
0
0
0
0
0
0
0
0
0
0
0
0
0
0
0
0
0
0
-1
0
0
0
0
0
0
0
0
0
0
0
0
0
0
0
0
0
0
0
0
0
0
0
0
0
0
0
0
0
0
0
0
0
0
0
0
0
0
0
0
0
0
0
-1
-1
-1
0
0
-1
-1
0
0
0
0
0
0
0
0
0
0
0
0
0
0
-1
-1
0
0
0
0
0
0
0
0
0
0
0
0
0
0
0
0
0
0
0
0
0
0
0
0
0
0
0
0
0
0
0
0
0
0
0
0
0
0
0
0
0
0
0
0
0
0
0
0
-1
-1
-1
0
0
0
0
0
0
0
0
0
0
0
0
0
0
0
0
0
0
0
0
0
0
0
0
0
0
0
0
0
-1
0
0
0
0
0
0
0
0
0
0
0
0
0
0
0
0
0
0
0
-1
0
0
0
-1
-1
-1
0
0
-1
0
0
0
-1
-1
-1
0
0
0
0
0
0
-1
0
0
0
0
0
0
0
0
0
0
0
0
-1
0
0
0
0
0
0
0
0
0
0
0
0
0
0
0
0
0
0
0
0
0
0
0
-1
-1
0
0
0
0
0
0
0
0
0
-1
-1
-1
-1
0
0
-1
-1
0
0
0
0
0
0
0
0
0
0
0
0
0
0
0
0
0
0
0
0
0
0
0
0
0
-1
0
0
0
0
-1
0
0
0
-1
-1
-1
0
0
-1
-1
0
0
0
0
0
0
0
0
0
0
0
0
0
0
-1
-1
0
0
0
-1
0
0
0
0
0
0
0
0
0
0
0
0
0
0
0
0
0
0
0
0
0
-1
0
0
0
0
0
0
0
0
0
0
0
0
-1
0
0
0
0
0
0
0
0
0
0
0
0
0
0
0
0
0
0
0
0
0
0
0
0
0
0
0
0
0
0
0
0
0
0
0
0
0
0
0
0
0
0
0
0
0
-1
0
0
0
0
0
0
0
0
0
0
0
0
0
0
0
0
0
0
0
0
0
0
0
0
0
0
0
0
0
0
0
0
0
0
0
0
0
0
-1
0
0
0
0
0
0
0
0
0
0
0
0
0
0
0
-1
-1
-1
-1
0
0
0
0
0
0
0
0
0
0
0
0
0
0
0
0
0
0
0
0
0
0
0
-1
0
0
0
0
0
0
0
0
0
0
0
0
0
0
0
0
0
0
0
0
0
0
0
0
0
0
0
0
0
0
0
0
0
0
0
0
0
0
0
0
0
0
0
0
0
0
0
0
0
0
0
0
0
0
0
0
0
0
0
0
0
0
0
0
0
0
0
0
0
0
0
0
0
0
0
0
0
0
0
0
0
0
0
0
0
0
0
0
0
0
0
0
0
0
0
0
0
0
0
0
0
0
0
0
0
0
0
0
0
0
0
0
0
0
0
0
0
0
0
0
0
0
0
0
0
0
0
0
0
0
0
0
0
0
0
0
0
0
0
0
0
0
0
0
0
0
0
0
0
0
0
0
0
0
0
0
0
0
0
0
0
0
0
0
0
-1
-1
0
0
0
0
0
0
0
0
0
0
0
0
0
0
0
0
0
0
0
0
0
0
0
0
0
0
0
0
0
0
0
0
0
0
0
0
0
0
0
0
0
0
0
0
0
0
0
0
0
0
-1
0
0
0
0
0
0
0
0
0
0
0
0
0
0
0
0
0
0
0
0
0
0
0
0
0
0
0
0
0
0
0
0
0
0
0
0
0
0
0
0
0
0
0
0
0
0
0
0
0
0
0
0
0
0
0
0
0
0
0
0
0
0
0
0
0
0
0
0
0
0
0
0
-1
0
0
0
0
0
0
0
0
0
0
0
0
0
0
0
0
0
0
0
-1
0
0
0
0
0
0
0
0
0
0
0
0
0
0
0
0
0
0
0
0
0
0
0
-1
-1
-1
0
0
0
0
0
0
0
0
0
0
0
0
0
0
0
0
0
0
0
0
0
0
0
0
0
0
0
0
0
0
0
0
0
0
0
0
0
0
0
0
0
0
0
0
0
0
0
0
0
0
0
0
0
0
0
0
0
0
0
0
0
0
0
0
0
0
0
0
0
0
0
0
0
0
0
0
0
0
0
0
0
0
0
0
0
0
0
0
0
0
0
0
0
0
0
0
0
0
0
0
0
0
0
0
0
0
0
0
0
0
0
0
0
0
0
0
0
0
0
0
-1
0
0
0
0
0
0
0
0
0
0
0
0
0
0
0
0
0
0
0
-1
0
0
0
0
0
0
0
0
0
0
0
0
0
0
0
0
0
0
0
0
0
-1
0
0
0
0
0
0
0
0
0
0
0
0
0
0
0
0
0
0
0
0
0
0
0
0
0
0
0
0
0
0
0
0
0
0
0
0
0
0
0
0
0
0
0
0
0
0
0
0
0
0
0
0
0
0
0
0
0
0
0
0
0
0
0
0
0
0
0
0
0
0
0
0
0
0
0
0
0
0
0
0
0
0
0
0
0
0
0
0
0
0
0
0
0
0
0
0
0
0
0
0
0
0
0
0
0
0
0
0
0
0
0
0
0
0
0
0
0
0
0
0
0
0
0
0
0
0
0
0
0
0
0
0
0
-1
-1
0
0
0
0
0
0
0
0
0
0
0
0
0
0
0
0
0
0
0
0
0
0
0
0
0
0
0
0
0
0
0
0
0
0
0
0
0
0
0
0
0
0
0
0
0
0
0
0
0
0
0
0
0
0
0
0
0
0
0
0
0
0
0
0
0
0
0
0
0
0
0
0
0
0
0
0
0
0
0
0
0
0
0
0
0
0
0
0
0
0
0
0
0
0
0
0
0
0
0
0
0
0
0
0
0
0
0
0
0
0
0
0
0
0
0
0
0
0
0
0
0
0
0
0
0
0
0
0
0
0
0
0
0
0
0
0
0
0
0
0
0
0
0
0
0
0
0
0
0
0
0
0
0
0
0
0
0
0
0
0
0
0
0
0
0
0
0
0
0
0
0
0
0
0
0
0
0
0
0
0
0
0
0
0
0
0
0
0
0
0
0
0
0
0
0
0
0
0
0
0
0
0
0
0
0
0
0
0
0
0
0
0
0
0
0
0
0
0
0
0
0
0
0
0
0
0
0
0
0
0
0
0
0
0
0
0
0
0
0
0
0
0
0
0
0
0
0
0
0
0
0
0
0
0
0
0
0
0
0
0
0
0
0
0
0
0
0
0
0
0
0
0
0
0
0
0
0
0
0
0
0
0
0
0
0
0
0
0
0
0
0
0
0
0
0
0
0
0
0
0
0
0
0
0
0
0
0
0
0
0
0
0
0
0
0
0
0
0
0
0
0
0
0
0
0
0
0
0
0
0
0
0
0
0
0
0
0
0
0
0
0
0
0
0
0
0
0
0
0
0
0
0
0
0
0
0
0
0
0
0
0
0
0
0
0
0
0
0
0
0
0
0
0
0
0
0
0
0
0
0
0
0
0
0
0
0
0
0
0
0
0
0
0
0
0
0
0
0
0
0
0
0
0
0
0
0
0
0
0
0
0
0
0
0
0
0
0
0
0
0
0
0
0
0
0
0
0
0
0
0
0
0
0
0
0
0
0
0
0
0
0
0
0
0
0
0
0
0
0
0
0
0
0
0
0
0
0
0
0
0
0
0
0
0
0
0
0
0
0
0
0
0
0
0
0
0
0
0
0
0
0
0
0
0
0
0
0
0
0
0
0
0
0
0
0
0
0
0
0
0
0
0
0
0
0
0
0
0
0
0
0
0
0
0
0
0
0
0
0
0
0
0
0
0
0
0
0
0
0
0
0
0
0
0
0
0
0
0
0
0
0
0
0
0
0
0
0
0
0
0
0
0
0
0
0
0
0
0
0
0
0
0
0
0
0
0
0
0
0
0
0
0
0
0
0
0
0
0
0
0
0
0
0
0
0
0
0
0
0
0
0
0
0
0
0
0
0
0
0
0
0
0
0
0
0
0
0
0
0
0
0
0
0
0
-1
0
0
0
0
0
0
0
0
0
0
0
0
0
0
0
0
0
0
0
0
0
0
0
0
0
0
0
0
0
0
0
0
0
0
0
0
0
0
0
0
0
0
0
0
0
0
0
0
0
0
0
0
0
0
0
0
0
0
0
0
0
0
0
0
0
0
0
0
0
0
0
0
0
0
0
0
0
0
0
0
0
0
0
0
0
0
0
0
0
0
0
0
0
0
0
0
0
0
0
0
0
0
0
0
0
0
0
0
0
0
0
0
0
0
0
0
0
0
0
0
0
0
0
0
0
0
0
0
0
0
0
0
0
0
0
0
0
0
0
-1
0
0
0
0
0
0
0
0
0
0
0
0
0
0
0
0
0
0
0
0
0
0
0
0
0
0
0
0
0
0
0
0
0
0
0
0
0
0
0
0
0
0
0
0
0
0
0
0
0
0
0
0
0
0
0
0
0
0
0
0
0
0
0
0
0
0
0
0
0
0
0
0
0
0
0
0
0
0
0
0
0
0
0
0
0
0
0
0
0
0
0
0
0
0
0
0
0
0
0
0
0
0
0
0
0
0
0
0
0
0
0
0
0
0
0
0
0
0
0
0
0
0
0
0
0
0
0
0
0
0
0
0
0
0
0
0
0
0
0
0
0
0
0
0
0
0
0
0
0
0
0
0
0
0
0
0
0
0
0
0
0
0
0
0
0
0
0
0
0
0
0
0
0
0
0
0
0
0
0
0
0
0
0
0
0
0
0
0
0
0
0
0
0
0
0
0
0
0
0
0
0
0
0
0
0
0
0
0
0
0
0
0
0
0
0
0
0
0
0
0
0
0
0
0
0
0
0
0
0
0
0
0
0
0
0
0
0
0
0
0
0
-1
0
0
0
0
0
0
0
0
0
0
0
0
0
0
0
0
0
0
0
0
0
0
0
0
0
0
0
0
0
0
0
0
0
0
0
0
0
0
0
0
0
0
0
0
0
0
0
0
0
0
0
0
0
0
0
0
0
0
0
0
0
0
0
0
0
0
0
0
0
0
0
0
0
0
0
0
0
0
0
0
0
0
0
0
0
0
0
0
0
0
0
0
0
0
0
0
0
0
0
0
0
0
0
0
0
0
0
0
0
0
0
0
0
0
0
0
0
0
0
0
0
0
0
0
0
0
0
0
0
0
0
0
0
0
0
0
0
0
0
0
0
0
0
0
0
0
0
0
0
0
0
0
0
0
0
0
0
0
0
0
0
0
0
0
0
0
0
0
0
0
0
0
0
0
0
0
0
0
0
0
0
0
0
0
0
0
0
0
0
0
0
0
0
0
0
0
0
0
0
0
0
0
0
0
0
0
0
0
0
0
0
0
0
0
0
0
0
0
0
0
0
0
0
0
0
0
0
0
0
0
0
0
0
0
0
0
0
0
0
0
0
0
0
0
0
0
0
0
0
0
0
0
0
0
0
0
0
0
0
0
0
0
0
0
0
0
0
0
0
0
0
0
0
0
0
0
0
0
0
0
0
0
0
0
0
0
0
0
0
0
0
0
0
0
0
0
0
0
0
0
0
0
0
0
0
0
0
0
0
0
0
0
0
0
0
0
0
0
0
0
0
0
0
0
0
0
0
0
0
0
0
0
0
0
0
0
0
0
0
0
0
0
0
0
0
0
0
0
0
0
0
0
0
0
0
0
0
0
0
0
0
0
0
0
0
0
0
0
0
0
0
0
0
0
0
0
0
0
0
0
0
0
0
0
0
0
0
0
0
0
0
0
0
0
0
0
0
0
0
0
0
0
0
0
0
0
0
0
0
0
0
0
0
0
0
0
0
0
0
0
0
0
0
0
0
0
0
0
0
0
0
0
0
0
0
0
0
0
0
0
0
0
0
0
0
0
0
0
0
0
0
0
0
0
0
0
0
0
0
0
0
0
0
0
0
0
0
0
0
0
0
0
0
0
0
0
0
0
0
0
0
0
0
0
0
0
0
0
0
0
0
0
0
0
0
0
0
0
0
0
0
0
0
0
0
0
0
0
0
0
0
0
0
0
0
0
0
0
0
0
0
-1
0
0
0
0
0
0
0
0
0
0
0
0
0
0
0
0
0
0
0
0
0
0
0
0
0
0
0
0
0
0
0
0
0
0
0
0
0
0
0
0
0
0
0
0
0
0
0
0
0
0
0
0
0
0
0
0
0
0
0
0
0
0
0
0
0
0
0
0
0
0
0
0
0
0
0
0
0
0
0
0
0
0
0
0
0
0
0
0
0
0
0
0
0
0
0
0
0
0
0
0
0
0
0
0
0
0
0
0
0
0
0
0
0
0
0
0
0
0
0
0
0
0
0
0
0
0
0
0
0
0
0
0
0
0
0
0
0
0
0
0
0
0
0
0
0
0
0
0
0
0
0
0
0
0
0
0
0
0
0
0
0
0
0
0
0
0
0
0
0
0
0
0
0
0
0
0
0
0
0
0
0
0
0
0
0
0
0
0
0
0
0
0
0
0
0
0
0
0
0
0
0
0
0
0
0
0
0
0
0
0
0
0
0
0
0
0
0
0
0
0
0
0
0
0
0
0
0
0
0
0
0
0
0
0
0
0
0
0
0
0
0
0
0
0
0
0
0
0
0
0
0
0
0
0
0
0
0
0
0
0
0
0
0
0
0
0
0
0
0
0
0
0
0
0
0
0
0
0
0
0
0
0
0
0
0
0
0
0
0
0
0
0
0
0
0
0
0
0
0
0
0
0
0
0
0
0
0
0
0
0
0
0
0
0
0
0
0
0
0
0
0
0
0
0
0
0
0
0
0
0
0
0
0
0
0
0
0
0
0
0
0
0
0
0
0
0
0
0
0
0
0
0
0
0
0
0
0
0
0
0
0
0
0
0
0
0
0
0
0
0
0
0
0
0
0
0
0
0
0
0
0
0
0
0
0
0
0
0
0
0
0
0
0
0
0
0
0
0
0
0
0
0
0
0
0
0
0
0
0
0
0
0
0
0
0
0
0
0
0
0
0
0
0
0
0
0
0
0
0
0
0
0
0
0
0
0
0
0
0
0
0
0
0
0
0
0
0
0
0
0
0
0
0
0
0
0
0
0
0
0
0
0
0
0
0
0
0
0
0
0
0
0
0
0
0
0
0
0
0
0
0
0
0
0
0
0
0
0
0
0
0
0
0
0
0
0
0
0
0
0
0
0
0
0
0
0
0
0
0
0
0
0
0
0
0
0
0
0
0
0
0
0
0
0
0
0
0
0
0
0
0
0
0
0
0
0
0
0
0
0
0
0
0
0
0
0
0
0
0
0
0
0
0
0
0
0
0
0
0
0
0
0
0
0
0
0
0
0
0
0
0
0
0
0
0
0
0
0
0
0
0
0
0
0
0
0
0
0
0
0
0
0
0
0
0
0
0
0
0
0
0
0
0
0
0
0
0
0
0
0
0
0
0
0
0
0
0
0
0
0
0
0
0
0
0
0
0
0
0
0
0
0
0
0
0
0
0
0
0
0
0
0
0
0
0
0
0
0
0
0
0
0
0
0
0
0
0
0
0
0
0
0
0
0
0
0
0
0
0
0
0
0
0
0
0
0
0
0
0
0
0
0
0
0
0
0
0
0
0
0
0
0
0
0
0
0
0
0
0
0
0
0
0
0
0
0
0
0
0
0
0
0
0
0
0
0
0
0
0
0
0
0
0
0
0
0
0
0
0
0
0
0
0
0
0
0
0
0
0
0
0
0
0
0
0
0
0
0
0
0
0
0
0
0
0
0
0
0
0
0
0
0
0
0
0
0
0
0
0
0
0
0
0
0
0
0
0
0
0
0
0
0
0
0
0
0
0
0
0
0
0
0
0
0
0
0
0
0
0
0
0
0
0
0
0
0
0
0
0
0
0
0
0
0
0
0
0
0
0
0
0
0
0
0
0
0
0
0
0
0
0
0
0
0
0
0
0
0
0
0
0
0
0
0
0
0
0
0
0
0
0
0
0
0
0
0
0
0
0
0
0
0
0
0
0
0
0
0
0
0
0
0
0
0
0
0
0
0
0
0
0
0
0
0
0
0
0
0
0
0
0
0
0
0
0
0
0
0
0
0
0
0
0
0
0
0
0
0
0
0
0
0
0
0
0
0
0
0
0
0
0
0
0
0
0
0
0
0
0
0
0
0
0
0
0
0
0
0
0
0
0
0
0
0
0
0
0
0
0
0
0
0
0
0
0
0
0
0
0
0
0
0
0
0
0
0
0
0
0
0
0
0
0
0
0
0
0
0
0
0
0
0
0
0
0
0
0
0
0
0
0
0
0
0
0
0
0
0
0
0
0
0
0
0
0
0
0
0
0
0
0
0
0
0
0
0
0
0
0
0
0
0
0
0
0
0
0
0
0
0
0
0
0
0
0
0
0
0
0
0
0
0
0
0
0
0
0
0
0
0
0
0
0
0
0
0
0
0
0
0
0
0
0
0
0
0
0
0
0
0
0
0
0
0
0
0
0
0
0
0
0
0
0
0
0
0
0
0
0
0
0
0
0
0
0
0
0
0
0
0
0
0
0
0
0
0
0
0
0
0
0
0
0
0
0
0
0
0
0
0
0
0
0
0
0
0
0
0
0
0
0
0
0
0
0
0
0
0
0
0
0
0
0
0
0
0
0
0
0
0
0
0
