0
0
0
0
0
0
0
0
0
0
0
0
0
0
0
0
0
0
0
0
0
0
0
0
0
0
0
0
0
0
0
0
0
0
0
0
0
0
0
0
0
0
0
0
0
0
0
0
0
0
0
0
0
0
0
0
0
0
0
0
0
0
0
0
0
0
0
0
0
0
0
0
0
0
0
0
0
0
0
0
0
0
0
0
0
0
0
0
0
0
0
0
0
0
0
0
0
0
0
0
0
0
0
0
0
0
0
0
0
0
0
0
0
0
0
0
0
0
0
0
0
0
0
0
0
0
0
0
0
0
0
0
0
0
0
0
0
0
0
0
0
0
0
0
0
0
0
0
0
0
0
0
0
0
0
0
0
0
0
0
0
0
0
0
0
0
0
0
0
0
0
0
0
0
0
0
0
0
0
0
0
0
0
0
0
0
0
0
0
0
0
0
0
0
0
0
0
0
0
0
0
0
0
0
0
0
0
0
0
0
0
0
0
0
0
0
0
0
0
0
0
0
0
0
0
0
0
0
0
0
0
0
0
0
0
0
0
0
0
0
0
0
0
0
0
0
0
0
0
0
0
0
0
0
0
0
0
0
0
0
0
0
0
0
0
0
0
0
0
0
0
0
0
0
0
0
0
0
0
0
0
0
0
0
0
0
0
0
0
0
0
0
0
0
0
0
0
0
0
0
0
0
0
0
0
0
0
0
0
0
0
0
0
0
0
0
0
0
0
0
0
0
0
0
0
0
0
0
0
0
0
0
0
0
0
0
0
0
0
0
0
0
0
0
0
0
0
0
0
0
0
0
0
0
0
0
0
0
0
0
0
0
0
0
0
0
0
0
0
0
0
0
0
0
0
0
0
0
0
0
0
0
0
0
0
0
0
0
0
0
0
0
0
0
0
0
0
0
0
0
0
0
0
0
0
0
0
0
0
0
0
0
0
0
0
0
0
0
0
0
0
0
0
0
0
0
0
0
0
0
0
0
0
0
0
0
0
0
0
0
0
0
0
0
0
0
0
0
0
0
0
0
0
0
0
0
0
0
0
0
0
0
0
0
0
0
0
0
0
0
0
0
0
0
0
0
0
0
0
0
0
0
0
0
0
0
0
0
0
0
0
0
0
0
0
0
0
0
0
0
0
0
0
0
0
0
0
0
0
0
0
0
0
0
0
0
0
0
0
0
0
0
0
0
0
0
0
0
0
0
0
0
0
0
0
0
0
0
0
0
0
0
0
0
0
0
0
0
0
0
0
0
0
0
0
0
0
0
0
0
0
0
0
0
0
0
0
0
0
0
0
0
0
0
0
0
0
0
0
0
0
0
0
0
0
0
0
0
0
0
0
0
0
0
0
0
0
0
0
0
0
0
0
0
0
0
0
0
0
0
0
0
0
0
0
0
0
0
0
0
0
0
0
0
0
0
0
0
0
0
0
0
0
0
0
0
0
0
0
0
0
0
0
0
0
0
0
0
0
0
0
0
0
0
0
0
0
0
0
0
0
0
0
0
0
0
0
0
0
0
0
0
0
0
0
0
0
0
0
0
0
0
0
0
0
0
0
0
0
0
0
0
0
0
0
0
0
0
0
0
0
0
0
0
0
0
0
0
0
0
0
0
0
0
0
0
0
0
0
0
0
0
0
0
0
0
0
0
0
0
0
0
0
0
0
0
0
0
0
0
0
0
0
0
0
0
0
0
0
0
0
0
0
0
0
0
0
0
0
0
0
0
0
0
0
0
0
0
0
0
0
0
0
0
0
0
0
0
0
0
0
0
0
0
0
0
0
0
0
0
0
0
0
0
0
0
0
0
0
0
0
0
0
0
0
0
0
0
0
0
0
0
0
0
0
0
0
0
0
0
0
0
0
0
0
0
0
0
0
0
0
0
0
0
0
0
0
0
0
0
0
0
0
0
0
0
0
0
0
0
0
0
0
0
0
0
0
0
0
0
0
0
0
0
0
0
0
0
0
0
0
0
0
0
0
0
0
0
0
0
0
0
0
0
0
0
0
0
0
0
0
0
0
0
0
0
0
0
0
0
0
0
0
0
0
0
0
0
0
0
0
0
0
0
0
0
0
0
0
0
0
0
0
0
0
0
0
0
0
0
0
0
0
0
0
0
0
0
0
0
0
0
0
0
0
0
0
0
0
0
0
0
0
0
0
0
0
0
0
0
0
0
0
0
0
0
0
0
0
0
0
0
0
0
0
0
0
0
0
0
0
0
0
0
0
0
0
0
0
0
0
0
0
0
0
0
0
0
0
0
0
0
0
0
0
0
0
0
0
0
0
0
0
0
0
0
0
0
0
0
0
0
0
0
0
0
0
0
0
0
0
0
0
0
0
0
0
0
0
0
0
0
0
0
0
0
0
0
0
0
0
0
0
0
0
0
0
0
0
0
0
0
0
0
0
0
0
0
0
0
0
0
0
0
0
0
0
0
0
0
0
0
0
0
0
0
0
0
0
0
0
0
0
0
0
0
0
0
0
0
0
0
0
0
0
0
0
0
0
0
0
0
0
0
0
0
0
0
0
0
0
0
0
0
0
0
0
0
0
0
0
0
0
0
0
0
0
0
0
0
0
0
0
0
0
0
0
0
0
0
0
0
0
0
0
0
0
0
0
0
0
0
0
0
0
0
0
0
0
0
0
0
0
0
0
0
0
0
0
0
0
0
0
0
0
0
0
0
0
0
0
0
0
0
0
0
0
0
0
0
0
0
0
0
0
0
0
0
0
0
0
0
0
0
0
0
0
0
0
0
0
0
0
0
0
0
0
0
0
0
0
0
0
0
0
0
0
0
0
0
0
0
0
0
0
0
0
0
0
0
0
0
0
0
0
0
0
0
0
0
0
0
0
0
0
0
0
0
0
0
0
0
0
0
0
0
0
0
0
0
0
0
0
0
0
0
0
0
0
0
0
0
0
0
0
0
0
0
0
0
0
0
0
0
0
0
0
0
0
0
0
0
0
0
0
0
0
0
0
0
0
0
0
0
0
0
0
0
0
0
0
0
0
0
0
0
0
0
0
0
0
0
0
0
0
0
0
0
0
0
0
0
0
0
0
0
0
0
0
0
0
0
0
0
0
0
0
0
0
0
0
0
0
0
0
0
0
0
0
0
0
0
0
0
0
0
0
0
0
0
0
0
0
0
0
0
0
0
0
0
0
0
0
0
0
0
0
0
0
0
0
0
0
0
0
0
0
0
0
0
0
0
0
0
0
0
0
0
0
0
0
0
0
0
0
0
0
0
0
0
0
0
0
0
0
0
0
0
0
0
0
0
0
0
0
0
0
0
0
0
0
0
0
0
0
0
0
0
0
0
0
0
0
0
0
0
0
0
0
0
0
0
0
0
0
0
0
0
0
0
0
0
0
0
0
0
0
0
0
0
0
0
0
0
0
0
0
0
0
0
0
0
0
0
0
0
0
0
0
0
0
0
0
0
0
0
0
0
0
0
0
0
0
0
0
0
0
0
0
0
0
0
0
0
0
0
0
0
0
0
0
0
0
0
0
0
0
0
0
0
0
0
0
0
0
0
0
0
0
0
0
0
0
0
0
0
0
0
0
0
0
0
0
0
0
0
0
0
0
0
0
0
0
0
0
0
0
0
0
0
0
0
0
0
0
0
0
0
0
0
0
0
0
0
0
0
0
0
0
0
0
0
0
0
0
0
0
0
0
0
0
0
0
0
0
0
0
0
0
0
0
0
0
0
0
0
0
0
0
0
0
0
0
0
0
0
0
0
0
0
0
0
0
0
0
0
0
0
0
0
0
0
0
0
0
0
0
0
0
0
0
0
0
0
0
0
0
0
0
0
0
0
0
0
0
0
0
0
0
0
0
0
0
0
0
0
0
0
0
0
0
0
0
0
0
0
0
0
0
0
0
0
0
0
0
0
0
0
0
0
0
0
0
0
0
0
0
0
0
0
0
0
0
0
0
0
0
0
0
0
0
0
0
0
0
0
0
0
0
0
0
0
0
0
0
0
0
0
0
0
0
0
0
0
0
0
0
0
0
0
0
0
0
0
0
0
0
0
0
0
0
0
0
0
0
0
0
0
0
0
0
0
0
0
0
0
0
0
0
0
0
0
0
0
0
0
0
0
0
0
0
0
0
0
0
0
0
0
0
0
0
0
0
0
0
0
0
0
0
0
0
0
0
0
0
0
0
0
0
0
0
0
0
0
0
0
0
0
0
0
0
0
0
0
0
0
0
0
0
0
0
0
0
0
0
0
0
0
0
0
0
0
0
0
0
0
0
0
0
0
0
0
0
0
0
0
0
0
0
0
0
0
0
0
0
0
0
0
0
0
0
0
0
0
0
0
0
0
0
0
0
0
0
0
0
0
0
0
0
0
0
0
0
0
0
0
0
0
0
0
0
0
0
0
0
0
0
0
0
0
0
0
0
0
0
0
0
0
0
0
0
0
0
0
0
0
0
0
0
0
0
0
0
0
0
0
0
0
0
0
0
0
0
0
0
0
0
0
0
0
0
0
0
0
0
0
0
0
0
0
0
0
0
0
0
0
0
0
0
0
0
0
0
0
0
0
0
0
0
0
0
0
0
0
0
0
0
0
0
0
0
0
0
0
0
0
0
0
0
0
0
0
0
0
0
0
0
0
0
0
0
0
0
0
0
0
0
0
0
0
0
0
0
0
0
0
0
0
0
0
0
0
0
0
0
0
0
0
0
0
0
0
0
0
0
0
0
0
0
0
0
0
0
0
0
0
0
0
0
0
0
0
0
0
0
0
0
0
0
0
0
0
0
0
0
0
0
0
0
0
0
0
0
0
0
0
0
0
0
0
0
0
0
0
0
0
0
0
0
0
0
0
0
0
0
0
0
0
0
0
0
0
0
0
0
0
0
0
0
0
0
0
0
0
0
0
0
0
0
0
0
0
0
0
0
0
0
0
0
0
0
0
0
0
0
0
0
0
0
0
0
0
0
0
0
0
0
0
0
0
0
0
0
0
0
0
0
0
0
0
0
0
0
0
0
0
0
0
0
0
0
0
0
0
0
0
0
0
0
0
0
0
0
0
0
0
0
0
0
0
0
0
0
0
0
0
0
0
0
0
0
0
0
0
0
0
0
0
0
0
0
0
0
0
0
0
0
0
0
0
0
0
0
0
0
0
0
0
0
0
0
0
0
0
0
0
0
0
0
0
0
0
0
0
0
0
0
0
0
0
0
0
0
0
0
0
0
0
0
0
0
0
0
0
0
0
0
0
0
0
0
0
0
0
0
0
0
0
0
0
0
0
0
0
0
0
0
0
0
0
0
0
0
0
0
0
0
0
0
0
0
0
0
0
0
0
0
0
0
0
0
0
0
0
0
0
0
0
0
0
0
0
0
0
0
0
0
0
0
0
0
0
0
0
0
0
0
0
0
0
0
0
0
0
0
0
0
0
0
0
0
0
0
0
0
0
0
0
0
0
0
0
0
0
0
0
0
0
0
0
0
0
0
0
0
0
0
0
0
0
0
0
0
0
0
0
0
0
0
0
0
0
0
0
0
0
0
0
0
0
0
0
0
0
0
0
0
0
0
0
0
0
0
0
0
0
0
0
0
0
0
0
0
0
0
0
0
0
0
0
0
0
0
0
0
0
0
0
0
0
0
0
0
0
0
0
0
0
0
0
0
0
0
0
0
0
0
0
0
0
0
0
0
0
0
0
0
0
0
0
0
0
0
0
0
0
0
0
0
0
0
0
0
0
0
0
0
0
0
0
0
0
0
0
0
0
0
0
0
0
0
0
0
0
0
0
0
0
0
0
0
0
0
0
0
0
0
0
0
0
0
0
0
0
0
0
0
0
0
0
0
0
0
0
0
0
0
0
0
0
0
0
0
0
0
0
0
0
0
0
0
0
0
0
0
0
0
0
0
0
0
0
0
0
0
0
0
0
0
0
0
0
0
0
0
0
0
0
0
0
0
0
0
0
0
0
0
0
0
0
0
0
0
0
0
0
0
0
0
0
0
0
0
0
0
0
0
0
0
0
0
0
0
0
0
0
0
0
0
0
0
0
0
0
0
0
0
0
0
0
0
0
0
0
0
0
0
0
0
0
0
0
0
0
0
0
0
0
0
0
0
0
0
0
0
0
0
0
0
0
0
0
0
0
0
0
0
0
0
0
0
0
0
0
0
0
0
0
0
0
0
0
0
0
0
0
0
0
0
0
0
0
0
0
0
0
0
0
0
0
0
0
0
0
0
0
0
0
0
0
0
0
0
0
0
0
0
0
0
0
0
0
0
0
0
0
0
0
0
0
0
0
0
0
0
0
0
0
0
0
0
0
0
0
0
0
0
0
0
0
0
0
0
0
0
0
0
0
0
0
0
0
0
0
0
0
0
0
0
0
0
0
0
0
0
0
0
0
0
0
0
0
0
0
0
0
0
0
0
0
0
0
0
0
0
0
0
0
0
0
0
0
0
0
0
0
0
0
0
0
0
0
0
0
0
0
0
0
0
0
0
0
0
0
0
0
0
0
0
0
0
0
0
0
0
0
0
0
0
0
0
0
0
0
0
0
0
0
0
0
0
0
0
0
0
0
0
0
0
0
0
0
0
0
0
0
0
0
0
0
0
0
0
0
0
0
0
0
0
0
0
0
0
0
0
0
0
0
0
0
0
0
0
0
0
0
0
0
0
0
0
0
0
0
0
0
0
0
0
0
0
0
0
0
0
0
0
0
0
0
0
0
0
0
0
0
0
0
0
0
0
0
0
0
0
0
0
0
0
0
0
0
0
0
0
0
0
0
0
0
0
0
0
0
0
0
0
0
0
0
0
0
0
0
0
0
0
0
0
0
0
0
0
0
0
0
0
0
0
0
0
0
0
0
0
0
0
0
0
0
0
0
0
0
0
0
0
0
0
0
0
0
0
0
0
0
0
0
0
0
0
0
0
0
0
0
0
0
0
0
0
0
0
0
0
0
0
0
0
0
0
0
0
0
0
0
0
0
0
0
0
0
1
2
0
-1
-1
1
1
1
1
2
2
2
2
2
2
1
1
1
1
1
1
1
1
0
0
0
0
0
0
1
1
2
2
2
2
2
1
0
0
0
-1
0
0
0
-1
-2
-1
-1
-1
-1
-1
0
0
0
0
0
0
0
0
0
-1
0
0
0
-1
-1
-1
0
0
0
0
0
0
-1
-1
-1
-1
-1
0
0
0
0
0
0
-1
-1
-1
-1
-1
-1
-1
-1
-1
-1
-1
-1
-1
-1
-1
-1
-1
-2
-2
-1
-1
-2
-2
-2
-1
-1
-1
-1
-1
-1
-1
-1
-2
-2
-2
-1
-1
-1
-1
-2
-1
-1
-1
-1
-1
-1
-1
-1
-1
-2
-2
-2
-2
-1
-1
-1
-1
-1
-2
-2
-2
-2
-2
-1
-2
-2
-2
-2
-2
-2
-2
-2
-2
-3
-3
-3
-3
-3
-3
-2
-2
-2
-2
-2
-2
-2
-2
-2
-2
-3
-3
-3
-2
-2
-2
-2
-2
-2
-3
-2
-2
-2
-3
-2
-2
-2
-2
-2
-2
-2
-2
-2
-2
-2
-2
-2
-2
-2
-2
-3
-3
-3
-2
-2
-2
-2
-2
-2
-3
-2
-2
-2
-3
-3
-3
-2
-2
-2
-2
-3
-3
-3
-3
-3
-3
-3
-3
-3
-4
-3
-3
-3
-3
-3
-3
-2
-2
-2
-2
-2
-2
-2
-2
-3
-3
-2
-2
-2
-2
-2
-2
-2
-2
-2
-2
-1
-1
-1
-1
-1
-1
-2
-3
-2
-2
-2
-3
-3
-3
-3
-2
-2
-2
-2
-2
-3
-3
-2
-2
-2
-2
-2
-2
-2
-2
-1
-1
-1
-2
-1
-1
-1
-2
-2
-1
-1
-2
-2
-1
0
-1
-2
-2
-1
0
0
-1
-1
0
0
-1
-1
-1
0
0
1
0
0
0
0
-1
-1
-1
-1
-1
0
1
2
2
2
1
2
2
2
2
1
1
1
1
1
1
1
0
1
1
1
1
0
0
0
0
0
0
1
2
1
1
1
1
1
0
-1
0
0
0
0
1
2
2
2
2
2
2
2
2
2
2
2
2
2
2
2
3
3
3
3
3
3
3
3
3
3
2
2
3
4
3
2
2
2
2
2
2
2
2
2
2
3
2
2
2
2
2
2
2
2
2
2
2
2
2
2
2
2
2
3
3
3
3
3
3
3
3
3
3
3
3
3
3
3
3
3
3
3
2
2
3
3
2
2
2
2
2
2
2
2
3
3
3
3
3
3
4
3
2
2
1
1
1
1
1
2
2
2
2
2
2
1
2
2
2
1
1
2
2
2
2
2
2
2
2
2
2
2
2
2
3
2
2
1
1
2
2
3
3
2
1
1
2
2
2
2
3
3
3
3
3
3
3
3
3
3
3
4
3
2
2
2
3
2
3
3
3
2
1
2
3
2
2
2
3
2
2
1
2
2
2
2
2
2
2
2
2
1
1
2
2
2
2
2
2
2
2
1
1
1
0
0
0
1
2
1
2
2
2
2
2
1
1
1
1
1
1
2
2
2
2
1
1
1
1
2
2
2
2
3
3
2
2
2
2
2
2
1
1
2
2
2
2
2
2
2
1
1
2
2
3
2
1
0
1
2
2
1
1
0
1
1
1
1
1
2
2
2
2
2
2
2
2
2
2
2
2
2
2
2
2
2
2
2
2
2
1
1
1
1
0
1
2
2
2
2
2
2
2
2
2
2
2
2
2
2
2
2
1
2
2
2
2
2
2
2
2
2
2
2
2
2
3
3
3
2
2
2
2
2
2
3
5
5
4
3
3
3
3
3
3
3
2
2
3
4
3
2
1
2
2
3
3
2
2
2
2
2
2
2
2
2
2
2
2
2
2
1
1
2
2
3
3
3
2
2
2
2
2
3
2
2
2
2
2
2
2
2
1
1
1
1
1
1
1
1
1
0
0
0
1
1
1
1
1
1
0
-1
-1
0
1
1
1
1
1
1
1
1
0
0
0
1
1
0
0
-1
0
0
0
0
0
0
-1
-1
0
0
-1
-1
-2
-2
-1
-1
-1
-2
-2
-2
-2
-1
-2
-2
-1
-1
-1
-1
-1
-2
-2
-4
-4
-4
-3
-4
-4
-4
-3
-3
-3
-3
-3
-3
-4
-4
-4
-4
-4
-4
-4
-3
-3
-4
-5
-5
-4
-4
-3
-3
-4
-4
-5
-5
-6
-6
-6
-6
-5
-5
-5
-5
-5
-5
-5
-5
-6
-6
-5
-5
-6
-7
-7
-7
-8
-9
-9
-9
-8
-9
-10
-10
-9
-9
-9
-9
-9
-9
-9
-9
-9
-9
-10
-11
-10
-10
-10
-11
-11
-11
-12
-13
-13
-13
-11
-11
-10
-10
-10
-11
-11
-10
-10
-11
-11
-10
-10
-11
-12
-12
-12
-12
-11
-12
-12
-12
-12
-11
-11
-11
-11
-12
-13
-13
-12
-12
-12
-12
-11
-11
-12
-12
-11
-11
-11
-12
-12
-13
-13
-13
-12
-12
-13
-14
-15
-15
-14
-13
-13
-13
-14
-14
-13
-12
-11
-12
-13
-14
-14
-13
-13
-13
-13
-12
-12
-12
-12
-12
-11
-12
-12
-13
-13
-12
-12
-12
-12
-12
-13
-12
-12
-11
-11
-11
-12
-12
-13
-13
-13
-12
-12
-12
-13
-12
-12
-11
-11
-11
-11
-10
-10
-10
-10
-9
-9
-10
-10
-11
-10
-11
-11
-11
-11
-11
-11
-10
-10
-10
-9
-9
-9
-9
-9
-9
-9
-9
-9
-9
-9
-9
-9
-9
-9
-8
-8
-7
-7
-7
-8
-8
-8
-8
-8
-8
-8
-7
-7
-7
-7
-7
-7
-7
-8
-9
-8
-8
-7
-7
-7
-7
-7
-6
-6
-7
-8
-8
-7
-7
-7
-7
-8
-8
-8
-8
-7
-7
-7
-7
-7
-7
-7
-6
-6
-6
-6
-6
-6
-6
-6
-5
-4
-3
-3
-4
-4
-4
-4
-3
-3
-4
-5
-5
-4
-4
-4
-4
-3
-3
-3
-3
-3
-2
-2
-2
-3
-3
-3
-4
-4
-4
-3
-2
-2
-2
-2
-3
-3
-2
-2
-1
-1
-1
-1
-1
-1
0
0
0
0
0
0
0
-1
-1
0
0
0
0
0
0
0
0
0
0
0
0
0
0
1
2
2
2
1
1
2
2
2
2
2
2
2
3
4
4
4
3
3
4
5
5
5
5
5
5
5
5
6
7
6
6
6
7
8
7
7
7
7
6
6
7
7
8
8
8
8
8
7
8
8
9
9
9
9
10
10
11
11
11
11
11
11
11
11
11
12
12
11
11
11
11
11
11
11
12
12
12
12
12
12
12
13
13
13
12
12
12
12
13
13
13
13
13
13
13
13
13
14
14
14
13
13
13
13
13
13
13
13
13
13
13
13
14
14
15
15
15
14
14
15
15
16
15
15
15
15
16
16
16
16
16
16
16
15
15
15
15
15
15
14
14
14
14
14
14
14
14
14
15
15
15
15
15
15
15
15
15
16
16
16
16
15
15
15
15
15
14
14
14
15
15
14
14
14
14
14
15
15
16
15
15
15
16
16
16
15
16
16
16
15
15
15
15
15
16
16
15
15
15
16
16
16
16
15
16
16
16
16
16
15
16
16
16
16
16
17
17
16
16
16
16
15
14
14
15
15
15
15
15
14
14
14
14
14
14
14
14
14
14
14
15
15
15
15
15
15
15
14
14
14
14
14
14
15
15
15
15
15
15
14
14
14
15
16
16
15
15
14
14
14
14
15
15
15
15
15
14
14
14
14
14
14
14
14
14
14
14
14
14
14
13
13
13
13
13
13
13
13
13
12
12
11
12
12
12
13
13
12
11
11
11
11
11
11
11
11
12
12
11
11
11
11
11
10
10
10
10
10
11
11
10
10
9
8
7
7
8
9
9
9
9
9
8
8
7
7
7
7
7
6
6
5
5
5
5
5
5
5
4
4
4
5
5
4
4
4
4
4
4
4
4
3
3
3
3
2
2
3
3
3
2
2
2
1
1
1
1
2
2
1
1
1
1
0
-1
-1
-1
-1
-1
-1
-1
-1
-1
-1
-2
-2
-3
-3
-3
-3
-4
-4
-4
-5
-5
-5
-5
-5
-6
-7
-8
-7
-7
-7
-6
-6
-6
-8
-9
-9
-9
-8
-9
-9
-10
-10
-9
-9
-8
-9
-9
-10
-10
-10
-11
-11
-11
-11
-11
-11
-11
-11
-11
-12
-13
-13
-12
-12
-13
-13
-13
-13
-14
-14
-14
-14
-13
-13
-13
-13
-13
-14
-15
-15
-14
-14
-14
-14
-14
-13
-14
-14
-15
-14
-14
-14
-15
-15
-15
-15
-16
-16
-16
-16
-16
-16
-16
-16
-17
-17
-18
-18
-18
-17
-17
-17
-17
-17
-18
-18
-18
-19
-20
-20
-20
-20
-20
-20
-20
-19
-19
-20
-20
-20
-19
-19
-19
-19
-19
-19
-19
-19
-20
-20
-20
-19
-19
-19
-19
-19
-19
-20
-20
-20
-20
-20
-20
-19
-19
-20
-21
-21
-21
-22
-23
-23
-22
-22
-22
-22
-22
-22
-22
-22
-21
-22
-22
-21
-21
-21
-22
-22
-22
-21
-21
-21
-21
-21
-20
-20
-20
-20
-19
-19
-20
-21
-22
-22
-21
-20
-20
-20
-20
-20
-20
-19
-19
-19
-20
-20
-21
-21
-21
-21
-20
-20
-21
-21
-21
-20
-20
-20
-20
-20
-19
-20
-21
-21
-22
-22
-22
-20
-19
-20
-20
-20
-20
-20
-21
-20
-19
-18
-19
-20
-19
-18
-18
-18
-18
-18
-18
-18
-18
-17
-17
-17
-17
-17
-16
-15
-16
-17
-18
-17
-16
-14
-15
-17
-18
-17
-16
-15
-15
-14
-13
-14
-15
-15
-14
-14
-15
-15
-14
-13
-12
-12
-12
-12
-13
-13
-13
-13
-12
-12
-13
-14
-14
-13
-12
-12
-13
-13
-13
-13
-13
-11
-10
-11
-12
-12
-12
-12
-12
-12
-13
-13
-12
-10
-10
-11
-12
-12
-11
-10
-10
-10
-10
-11
-11
-10
-9
-9
-10
-10
-9
-8
-7
-9
-9
-8
-6
-6
-9
-10
-9
-8
-9
-8
-5
-5
-6
-8
-8
-6
-5
-5
-5
-3
-3
-5
-6
-7
-8
-7
-5
-2
-3
-6
-7
-5
-2
-2
-4
-5
-4
-2
-2
-3
-5
-5
-4
-2
-2
-1
-1
0
0
-2
-5
-3
2
6
6
3
-1
-3
-2
-2
-1
1
3
4
5
3
1
-2
-3
-1
1
2
2
2
1
-1
-2
1
3
1
-3
-7
-6
-2
3
8
9
7
2
-3
-5
-5
-2
1
4
8
12
9
-1
-12
-16
-9
2
9
10
4
-1
-3
0
3
4
2
3
5
7
7
6
6
8
11
12
9
5
3
3
5
6
10
16
20
17
9
2
0
3
7
7
4
4
9
16
17
11
3
-1
1
7
13
16
12
7
6
9
7
0
-5
1
12
17
12
3
0
5
14
19
15
6
0
-1
2
6
10
14
14
8
0
-4
2
13
20
15
3
-1
9
24
29
17
-1
-9
-2
14
22
17
8
8
16
18
12
5
6
9
9
6
5
5
8
10
10
5
-4
-8
0
10
10
2
-1
4
9
9
5
4
7
10
10
6
5
11
24
32
23
0
-14
-4
22
39
33
12
-2
6
25
34
24
8
2
11
22
26
22
14
7
0
-5
-4
4
18
27
22
9
1
9
24
28
18
4
-1
3
6
3
-1
2
13
23
23
15
3
-3
0
12
25
30
23
13
6
7
6
1
-5
-2
9
22
30
30
24
21
24
29
27
18
13
18
27
29
23
17
15
18
21
23
22
20
16
9
0
-3
10
35
48
35
1
-30
-41
-31
-13
3
14
18
16
10
-4
-25
-42
-42
-24
1
18
24
20
8
-5
-12
-9
-1
5
6
6
4
3
7
14
17
11
-3
-14
-15
-3
17
32
34
24
11
-1
-14
-23
-17
5
20
9
-13
-21
-10
-2
-3
1
20
39
37
20
7
3
-2
-7
-5
3
7
7
12
21
17
-6
-26
-13
24
42
23
0
6
26
20
-13
-30
-11
10
-2
-30
-26
14
50
53
31
6
-10
-10
5
20
21
13
12
19
18
3
-7
-2
7
10
10
13
10
2
2
11
14
5
-4
-7
-8
-7
-1
8
2
-15
-17
2
13
-2
-15
2
24
20
-3
-8
11
31
34
26
18
17
26
38
33
9
-4
17
40
19
-33
-56
-33
-2
6
3
10
26
26
0
-45
-85
-89
-43
24
67
68
51
35
8
-28
-39
-1
55
76
52
17
1
-2
-8
-14
-12
-8
-12
-13
0
15
6
-21
-30
-7
16
12
-3
0
10
-1
-21
-12
20
24
-12
-38
-22
-1
-9
-25
-16
6
11
4
7
19
19
11
9
8
-10
-31
-30
-9
5
-3
-22
-42
-43
-18
12
11
-17
-35
-22
-3
-2
-8
-9
-23
-60
-84
-60
-12
2
-21
-41
-41
-38
-40
-35
-24
-16
-16
-24
-39
-46
-28
9
31
17
-5
-1
11
1
-17
-6
23
31
17
15
28
33
29
36
50
45
17
-3
5
26
38
37
30
22
19
25
27
19
17
21
6
-33
-51
-23
11
13
6
27
49
27
-31
-60
-43
-24
-34
-47
-41
-31
-28
-16
4
8
-4
-11
-13
-30
-59
-65
-38
-9
-5
-14
-4
20
9
-65
-152
-156
-31
166
323
356
271
133
23
-8
32
76
76
64
83
94
39
-34
-23
58
80
-12
-113
-113
-42
2
-5
-18
-21
-46
-93
-111
-78
-29
-11
-36
-74
-74
-27
11
-13
-58
-62
-42
-62
-107
-99
-22
38
4
-89
-144
-118
-44
10
-11
-104
-176
-128
6
68
-20
-157
-201
-129
-29
24
24
-7
-44
-67
-74
-68
-19
94
183
98
-141
-259
-48
285
318
-24
-321
-215
117
246
88
-64
-32
35
-22
-110
-69
55
90
4
-74
-63
-17
-5
-21
-32
-21
21
84
108
32
-108
-176
-64
150
237
81
-133
-148
23
133
70
-33
-44
1
33
58
72
8
-108
-111
49
154
23
-173
-172
-22
53
43
90
171
123
-72
-226
-150
138
400
370
50
-227
-160
117
171
-108
-314
-138
141
125
-73
-82
68
68
-85
-114
11
28
-117
-161
-5
68
-147
-378
-251
98
211
10
-102
60
152
-97
-356
-181
225
265
-121
-323
-15
309
132
-255
-258
60
165
-52
-211
-117
56
135
85
-87
-263
-168
253
550
280
-279
-418
-12
322
198
-55
-70
26
20
14
115
164
29
-138
-137
-1
133
232
266
105
-227
-356
1
491
456
-146
-577
-269
392
582
121
-339
-243
159
264
-8
-183
-2
230
153
-134
-260
-80
188
232
1
-230
-208
-37
32
22
95
131
-105
-411
-287
232
438
-19
-475
-215
345
287
-320
-548
-88
390
359
34
-217
-307
-200
145
455
301
-237
-504
-165
277
229
-132
-226
31
225
103
-158
-243
-31
255
259
-42
-258
-131
123
188
77
-16
-20
29
108
131
-35
-281
-206
266
526
103
-462
-352
216
378
31
-153
39
147
-6
-47
145
165
-140
-293
30
413
346
-47
-363
-443
-201
375
773
345
-557
-777
-18
627
321
-287
-224
212
102
-392
-311
327
477
-115
-462
-45
341
27
-355
5
611
391
-504
-803
-24
800
627
-227
-698
-378
208
446
268
-17
-167
-179
-154
-110
42
277
320
-27
-437
-376
111
394
156
-183
-164
58
59
-145
-178
45
198
83
-107
-149
-65
22
41
-2
-2
112
168
-46
-326
-229
194
339
-33
-344
-57
409
269
-360
-556
12
606
518
-41
-434
-394
-62
312
442
156
-307
-428
-53
335
255
-83
-115
158
160
-267
-470
15
590
372
-414
-607
169
788
237
-742
-678
349
785
32
-651
-207
557
375
-406
-477
242
532
-22
-382
99
537
69
-602
-319
578
719
-148
-760
-272
540
540
-139
-488
-126
335
297
-113
-370
-194
238
467
175
-367
-466
60
463
116
-439
-272
401
484
-241
-698
-177
549
458
-186
-435
-170
45
133
396
552
49
-741
-769
124
830
504
-302
-562
-202
96
70
52
162
108
-175
-308
-49
284
209
-236
-463
-87
484
514
-93
-632
-474
193
648
471
-116
-587
-567
-58
537
635
60
-608
-609
42
566
423
-78
-318
-162
52
76
-6
-31
-5
7
36
92
52
-122
-173
116
447
274
-354
-648
-92
715
750
-34
-616
-330
307
459
75
-295
-324
-95
201
374
234
-160
-405
-207
182
286
67
-121
-123
-73
-29
34
13
-116
-114
105
152
-221
-508
-120
526
455
-289
-585
-44
335
-95
-502
-82
463
150
-520
-384
329
345
-421
-616
227
803
163
-753
-703
34
460
427
334
73
-561
-926
-206
1051
1281
63
-1123
-835
480
1194
516
-732
-1167
-345
796
1032
235
-626
-738
-212
367
622
443
-123
-685
-614
169
798
464
-401
-680
-133
412
388
100
-60
-196
-397
-338
169
615
353
-428
-809
-339
368
496
98
-154
-18
66
-195
-408
-117
395
442
-50
-465
-441
-242
-108
80
279
141
-295
-410
63
461
132
-498
-482
210
623
224
-409
-539
-213
96
233
263
87
-337
-602
-253
456
694
107
-664
-748
-69
617
591
-76
-644
-485
234
703
391
-274
-452
-34
256
21
-224
2
293
50
-455
-455
115
500
237
-215
-214
161
330
44
-371
-453
-69
414
460
28
-334
-275
-91
-88
-48
219
349
-13
-509
-498
24
464
465
180
-202
-546
-474
176
697
309
-506
-576
125
455
-38
-503
-241
263
261
-123
-281
-117
41
137
295
310
-37
-411
-326
98
326
138
-213
-356
-150
174
196
-149
-375
-74
420
406
-154
-489
-109
453
418
-117
-411
-185
121
106
-83
-77
177
323
26
-508
-622
-16
717
714
-43
-633
-389
237
361
-79
-325
14
396
203
-332
-507
-153
249
310
112
-153
-421
-503
-91
663
981
359
-605
-840
-179
494
479
26
-243
-143
70
118
-58
-288
-298
1
299
192
-250
-461
-109
419
522
125
-337
-457
-169
291
525
284
-210
-458
-256
103
253
164
30
-55
-126
-147
-38
110
92
-94
-187
-12
258
262
-114
-500
-376
263
751
506
-232
-685
-434
212
658
553
-24
-629
-687
-30
740
766
7
-619
-412
223
445
121
-181
-97
143
199
70
-50
-82
-83
-83
-47
64
230
305
93
-332
-527
-173
394
525
99
-312
-229
125
203
-96
-342
-208
131
296
187
-2
-104
-129
-119
-30
159
287
132
-258
-495
-258
290
617
402
-123
-438
-295
70
277
226
98
20
-63
-182
-217
-84
131
287
321
197
-91
-346
-216
310
649
288
-405
-574
-57
412
309
-5
-14
139
20
-276
-255
134
374
156
-210
-316
-176
-34
22
57
121
191
192
55
-154
-210
13
309
313
-52
-439
-469
-127
290
476
304
-120
-461
-390
64
491
507
112
-358
-544
-334
83
370
320
44
-154
-114
24
45
-29
-4
165
262
63
-338
-544
-257
333
669
400
-229
-634
-479
76
576
651
254
-307
-583
-382
24
208
105
23
136
222
47
-231
-286
-93
101
175
212
208
16
-302
-363
30
481
432
-76
-418
-216
211
352
140
-142
-309
-333
-171
147
351
202
-97
-99
211
343
38
-310
-230
160
362
165
-167
-260
-27
267
268
-85
-457
-455
-34
449
593
292
-246
-638
-523
82
598
457
-96
-304
22
309
183
-49
-56
5
-78
-127
40
169
-6
-219
-97
136
45
-189
-67
296
324
-45
-258
-45
193
38
-335
-425
-62
416
567
257
-266
-556
-321
255
612
382
-199
-514
-211
391
574
51
-580
-533
124
599
470
89
-123
-204
-299
-310
-137
54
85
56
114
139
-2
-119
3
161
44
-234
-305
-79
226
357
149
-320
-606
-309
308
493
-5
-513
-337
263
460
41
-414
-433
-150
125
256
190
-41
-210
-128
52
51
-107
-133
86
322
316
75
-218
-391
-338
-63
236
339
272
204
135
-40
-213
-151
117
293
221
49
-66
-151
-205
-89
167
245
-13
-274
-171
152
272
121
-21
-52
-150
-324
-297
0
225
149
9
70
160
2
-247
-205
141
402
332
59
-219
-420
-421
-82
390
493
63
-410
-382
57
354
227
-84
-242
-192
-68
40
96
70
11
26
89
28
-179
-262
-34
254
222
-67
-194
-32
61
-159
-376
-181
277
459
185
-189
-312
-209
-65
23
19
-62
-90
56
257
265
57
-109
-96
-70
-159
-176
47
286
198
-168
-425
-316
56
413
515
286
-111
-331
-164
193
315
41
-338
-446
-224
94
265
222
76
-25
-62
-136
-269
-299
-83
287
510
356
-103
-510
-515
-108
322
342
-42
-373
-293
30
179
40
-162
-242
-204
-113
-31
-5
-1
67
149
62
-202
-335
-89
320
435
161
-164
-291
-278
-204
-47
114
148
100
102
119
53
-11
49
123
5
-233
-294
-99
104
156
156
134
-48
-311
-329
-35
224
212
63
-71
-227
-380
-342
-49
262
305
77
-178
-238
-73
174
266
51
-316
-485
-323
-27
182
229
85
-180
-295
-90
197
224
49
-9
107
132
-72
-299
-303
-108
93
189
166
39
-87
-56
124
254
199
2
-223
-321
-156
171
327
176
-27
-43
27
16
22
201
420
371
3
-395
-529
-349
21
355
383
42
-335
-357
-32
338
519
395
-55
-557
-618
-122
393
353
-134
-461
-317
9
131
41
-24
34
120
117
-16
-207
-279
-142
57
104
0
-76
-13
110
121
-47
-216
-146
105
187
-48
-290
-206
64
132
-68
-237
-202
-98
-9
180
416
374
-25
-368
-314
-36
129
146
138
83
-50
-91
96
284
157
-172
-247
56
332
229
-91
-266
-227
-142
-63
82
229
197
-6
-126
-18
131
76
-137
-260
-195
-43
113
244
244
17
-280
-345
-107
187
304
253
147
29
-73
-78
16
70
-2
-79
-35
48
25
-59
-56
41
120
111
26
-95
-154
-36
211
330
141
-180
-308
-197
-68
-16
76
206
170
-91
-322
-274
-21
200
304
333
259
48
-166
-191
-45
89
118
71
-40
-188
-216
10
335
396
57
-383
-514
-230
236
554
494
75
-382
-507
-256
81
254
265
209
108
-22
-87
-58
-51
-132
-168
-60
56
34
1
139
312
226
-92
-283
-163
67
185
219
225
92
-192
-356
-211
33
97
70
189
352
229
-145
-324
-103
191
203
6
-146
-175
-99
73
205
85
-219
-319
-27
326
323
31
-167
-136
-35
53
134
84
-155
-319
-136
205
302
116
-34
2
49
-28
-103
-55
26
56
91
115
-8
-223
-227
90
428
443
141
-219
-419
-382
-141
163
325
245
34
-121
-132
-15
179
320
232
-77
-314
-219
98
294
216
20
-106
-150
-143
-12
288
560
518
153
-212
-297
-157
-5
83
161
214
169
62
16
56
78
35
9
47
65
-5
-75
-50
-17
-133
-346
-406
-202
78
190
120
27
-16
-68
-132
-119
-27
-4
-101
-141
29
259
279
50
-214
-315
-205
54
319
407
251
-6
-161
-181
-160
-115
24
208
276
192
83
26
-11
-6
78
141
32
-178
-228
-20
234
269
62
-195
-319
-240
10
286
389
247
1
-159
-181
-127
-67
-42
-52
-56
-26
4
2
-18
-42
-85
-119
-49
144
297
233
13
-125
-87
-28
-81
-169
-157
-62
23
59
40
-75
-254
-319
-134
147
219
13
-197
-172
-13
21
-106
-198
-135
-10
63
99
134
99
-66
-272
-343
-216
-6
109
63
-34
-30
88
169
88
-76
-131
-24
94
87
-10
-89
-103
-52
52
135
107
5
-14
103
205
134
-57
-186
-180
-113
-48
25
82
62
-6
1
112
189
126
27
65
219
294
187
10
-91
-116
-135
-129
-53
27
11
-57
-51
17
9
-121
-258
-305
-266
-143
87
323
336
64
-221
-212
33
172
41
-169
-211
-74
70
97
22
-71
-105
-33
134
291
288
102
-92
-106
24
96
19
-83
-72
25
102
139
161
121
-20
-150
-119
9
39
-50
-95
-30
29
17
23
100
133
41
-49
27
207
278
171
14
-69
-62
-2
56
34
-79
-172
-136
-26
-6
-120
-212
-138
24
67
-70
-226
-213
-36
131
141
16
-117
-174
-146
-47
72
103
-15
-172
-197
-81
23
24
-2
16
14
-79
-182
-161
-16
146
258
282
155
-97
-264
-174
55
140
-16
-225
-280
-168
-2
115
124
18
-85
-24
182
307
199
-22
-141
-113
-36
23
89
175
230
218
176
156
132
54
-34
-37
22
2
-135
-229
-138
20
6
-192
-329
-248
-63
76
181
259
198
-26
-220
-229
-136
-73
-1
150
268
190
-16
-109
-17
83
52
-52
-128
-153
-109
26
180
228
151
45
-25
-72
-99
-58
71
201
192
-1
-248
-352
-250
-66
37
26
-7
11
50
49
6
-60
-128
-154
-100
-26
-29
-91
-110
-72
-59
-78
-49
57
175
245
258
214
116
14
-34
-38
-50
-47
41
161
158
4
-131
-126
-46
-3
-10
-34
-54
-44
0
15
-57
-168
-206
-124
9
97
101
42
-23
-27
19
-6
-169
-315
-243
-15
101
3
-138
-157
-69
23
75
90
84
88
118
125
44
-86
-135
-55
39
25
-62
-100
-29
104
183
102
-100
-229
-145
45
127
44
-83
-165
-231
-299
-289
-154
7
63
8
-81
-155
-188
-137
-20
59
22
-77
-127
-87
-9
39
34
-14
-83
-144
-148
-55
109
237
204
3
-191
-196
-40
94
125
127
140
105
2
-79
-83
-67
-73
-35
90
195
147
-14
-138
-165
-135
-69
9
24
-38
-50
74
200
130
-113
-294
-258
-92
28
49
26
0
-14
-1
33
48
30
9
23
79
153
169
73
-74
-137
-78
3
20
18
80
183
222
144
0
-125
-170
-123
-29
23
-4
-40
-26
-8
-40
-73
-41
33
82
95
85
39
-49
-124
-131
-97
-76
-56
-3
34
-22
-120
-126
-26
39
-17
-103
-99
-31
-8
-57
-96
-67
-19
-28
-100
-180
-208
-154
-33
91
130
64
-23
-41
1
31
19
-8
-22
-5
61
170
266
301
269
194
95
-6
-62
-47
-1
27
43
61
33
-67
-149
-127
-72
-90
-132
-74
72
174
174
117
37
-63
-114
-26
135
183
76
-8
50
134
100
-6
-66
-68
-70
-71
-27
61
140
161
121
45
-44
-125
-168
-146
-78
-33
-76
-187
-254
-190
-39
84
135
155
171
156
96
13
-51
-54
-1
23
-48
-131
-83
80
195
176
116
117
144
125
88
106
154
161
132
106
57
-26
-49
47
157
166
118
127
173
147
25
-106
-178
-189
-132
-8
100
74
-62
-157
-136
-79
-67
-66
-24
29
37
6
-10
23
94
172
222
226
203
207
260
319
323
256
142
6
-126
-220
-252
-225
-150
-40
60
64
-58
-212
-259
-188
-113
-110
-125
-70
53
176
249
265
222
128
20
-60
-97
-91
-30
53
71
-19
-138
-174
-90
72
247
358
341
211
77
26
22
-30
-142
-226
-220
-156
-89
-44
-34
-59
-81
-69
-43
-38
-43
-23
17
49
64
90
148
226
288
300
254
175
120
123
151
130
28
-99
-164
-134
-56
-6
-2
5
49
82
45
-30
-55
4
103
185
217
197
159
144
154
126
19
-115
-194
-207
-203
-181
-97
15
37
-74
-211
-247
-173
-66
0
4
-27
-41
-2
57
74
36
1
19
60
60
1
-77
-127
-133
-109
-94
-121
-164
-162
-96
-25
-9
-27
-9
52
92
75
53
88
164
210
188
119
27
-90
-208
-272
-253
-190
-145
-138
-153
-174
-195
-208
-205
-179
-115
1
157
305
405
454
465
418
276
61
-138
-237
-239
-210
-194
-167
-91
4
44
18
-2
34
90
108
91
73
58
27
-16
-46
-44
-2
73
140
139
67
20
78
166
137
-34
-200
-238
-185
-164
-213
-252
-198
-74
24
47
48
108
232
337
347
259
139
42
-20
-72
-126
-172
-199
-218
-245
-274
-269
-223
-170
-134
-89
-31
-16
-58
-61
62
237
305
235
154
161
215
230
192
135
64
-19
-74
-75
-60
-81
-119
-117
-73
-30
-14
-20
-34
-50
-49
-5
85
182
249
272
251
175
55
-62
-125
-150
-182
-225
-238
-222
-224
-255
-253
-179
-82
-34
-28
-4
49
85
86
86
97
96
74
63
74
86
82
59
21
-20
-50
-75
-104
-123
-113
-89
-99
-150
-190
-161
-74
23
105
165
187
165
130
95
27
-71
-139
-146
-139
-151
-147
-105
-69
-73
-70
-9
67
71
18
4
70
146
160
127
96
83
90
124
174
207
196
141
70
4
-69
-162
-240
-239
-168
-118
-147
-206
-213
-160
-87
-18
47
80
57
15
24
86
142
170
192
192
126
23
-27
2
48
52
16
-42
-114
-165
-140
-46
34
38
-2
-7
38
76
77
66
81
119
146
136
88
23
-36
-78
-98
-112
-146
-188
-184
-114
-41
-31
-56
-56
-43
-67
-109
-99
-39
-8
-44
-93
-88
-27
62
161
233
233
177
146
175
209
200
152
75
-35
-146
-197
-170
-99
-17
65
122
118
75
59
89
101
41
-50
-101
-99
-68
-27
-3
-16
-42
-35
1
22
17
18
39
62
82
121
184
226
206
147
116
140
170
147
70
-9
-43
-59
-117
-223
-304
-305
-251
-181
-99
-27
6
16
51
87
42
-78
-144
-92
-38
-105
-215
-196
-60
17
-35
-83
-10
123
192
172
124
86
55
28
34
88
153
163
99
14
-23
1
46
90
144
186
145
12
-112
-143
-125
-127
-114
-27
79
103
49
6
-1
-27
-78
-74
6
63
30
-23
3
90
143
117
47
-22
-61
-56
-9
53
99
103
56
-19
-78
-88
-62
-45
-56
-73
-66
-32
15
60
68
8
-92
-161
-160
-111
-50
11
64
87
67
21
-17
-29
-18
-6
-21
-77
-145
-167
-118
-46
-24
-73
-139
-150
-75
43
138
182
188
174
142
96
54
24
5
1
18
41
37
2
-20
9
72
116
113
69
-2
-95
-182
-226
-215
-175
-130
-82
-23
42
93
121
132
135
113
48
-33
-85
-106
-142
-199
-229
-194
-123
-63
-25
10
35
38
35
44
40
-3
-53
-60
-33
-8
18
66
104
86
35
12
25
29
8
-5
0
-16
-67
-111
-121
-122
-132
-110
-32
52
78
42
4
10
57
104
122
123
136
163
171
132
52
-23
-45
2
81
126
99
25
-45
-93
-140
-182
-186
-149
-117
-105
-75
-3
70
101
88
42
-30
-93
-96
-41
8
1
-41
-68
-74
-80
-90
-85
-59
-21
26
71
95
105
131
164
157
99
27
-28
-70
-95
-90
-71
-68
-76
-62
-27
-10
-23
-14
40
86
70
20
-20
-64
-138
-204
-202
-141
-82
-55
-45
-37
-45
-66
-67
-33
0
1
-12
2
33
33
-3
-32
-26
-10
-14
-14
33
119
194
223
212
173
110
49
22
13
-18
-60
-61
-17
14
5
9
75
161
193
148
65
-33
-144
-248
-301
-291
-234
-146
-37
63
130
178
232
278
278
230
177
129
53
-56
-128
-101
-20
12
-32
-85
-93
-74
-65
-53
-21
-3
-30
-71
-72
-35
-7
-2
11
41
56
37
13
10
14
3
-17
-37
-64
-103
-131
-129
-101
-66
-36
-11
15
46
85
122
137
125
99
74
52
28
13
13
28
47
63
67
52
21
-8
-28
-50
-84
-117
-134
-134
-128
-115
-88
-56
-40
-43
-46
-41
-46
-70
-91
-95
-103
-130
-146
-124
-89
-71
-39
45
139
156
86
11
-7
5
-5
-27
-21
21
70
99
91
53
24
29
40
24
2
7
14
-19
-62
-56
-12
-1
-51
-111
-139
-149
-151
-122
-67
-44
-66
-85
-90
-117
-150
-107
28
152
171
100
21
-9
11
52
78
61
19
-2
16
44
63
87
119
125
101
83
79
63
37
43
80
84
11
-104
-182
-180
-127
-89
-101
-141
-171
-182
-193
-210
-207
-155
-64
18
49
19
-39
-58
5
101
138
104
79
97
101
55
23
61
128
142
88
13
-47
-92
-118
-112
-87
-74
-84
-108
-136
-143
-94
2
73
59
-29
-130
-192
-184
-110
-14
55
87
100
92
42
-31
-73
-59
-27
-16
-20
-20
-36
-78
-109
-89
-48
-35
-38
0
94
188
221
195
153
110
46
-40
-107
-112
-58
14
73
106
109
83
43
7
-17
-21
-7
10
14
7
4
1
-19
-51
-63
-46
-45
-84
-123
-116
-85
-79
-93
-90
-76
-81
-90
-60
9
73
110
138
170
182
157
116
89
83
83
73
39
-15
-65
-82
-72
-47
-7
40
66
62
58
69
64
15
-55
-98
-104
-92
-67
-13
59
101
91
51
19
3
-8
-21
-35
-41
-24
11
43
51
36
6
-22
-27
-4
19
16
3
24
77
108
72
-7
-69
-85
-76
-65
-54
-36
-10
21
48
63
68
72
77
79
76
65
38
-10
-62
-94
-95
-69
-16
60
138
177
157
93
13
-65
-121
-129
-89
-40
-10
16
64
109
93
15
-52
-51
-10
0
-35
-70
-75
-65
-69
-83
-95
-106
-116
-112
-78
-13
73
146
156
81
-32
-107
-114
-85
-52
-14
20
20
-28
-81
-78
-9
79
123
92
9
-46
-13
73
101
23
-81
-98
-16
72
85
31
-29
-42
-1
62
91
51
-32
-83
-69
-41
-77
-185
-286
-302
-233
-146
-96
-84
-73
-34
41
138
222
264
265
247
215
161
101
71
80
88
58
4
-31
-30
-11
2
9
23
51
88
113
101
66
61
132
256
359
378
321
253
231
246
240
188
119
62
16
-24
-30
12
58
50
-15
-87
-134
-151
-116
-16
87
96
-2
-108
-128
-58
47
138
185
179
137
95
65
15
-69
-149
-182
-171
-130
-58
32
88
85
63
72
115
162
200
231
240
214
171
142
117
72
18
-3
16
36
28
2
-36
-93
-159
-197
-191
-168
-159
-159
-147
-123
-98
-73
-52
-58
-100
-139
-116
-26
76
136
146
123
84
34
-14
-52
-82
-108
-118
-105
-85
-86
-115
-148
-154
-129
-98
-84
-84
-85
-87
-110
-163
-222
-254
-243
-201
-149
-105
-82
-78
-66
-30
7
2
-45
-83
-81
-69
-92
-143
-170
-145
-95
-62
-61
-78
-81
-35
57
143
155
87
-6
-70
-109
-146
-162
-130
-64
-10
8
4
-9
-38
-82
-112
-106
-65
-5
64
128
159
145
100
48
4
-26
-36
-34
-38
-52
-58
-36
3
32
37
36
54
100
164
222
250
245
229
216
200
169
132
108
103
106
111
117
118
105
83
71
82
112
151
190
211
198
163
132
119
113
101
85
74
60
37
12
-4
-16
-28
-19
26
89
139
164
174
182
197
222
249
253
221
183
190
254
333
382
384
345
278
204
147
116
104
100
83
28
-67
-167
-224
-219
-168
-104
-52
-36
-71
-140
-197
-213
-196
-170
-150
-138
-131
-133
-148
-169
-164
-116
-55
-39
-72
-107
-109
-105
-130
-177
-219
-248
-272
-278
-247
-190
-140
-106
-83
-84
-121
-176
-215
-224
-216
-207
-214
-251
-304
-335
-322
-268
-190
-106
-42
-25
-54
-91
-109
-123
-147
-159
-146
-143
-183
-240
-262
-245
-216
-194
-178
-170
-172
-177
-164
-126
-67
-5
36
40
10
-27
-40
-27
0
28
50
60
65
67
50
10
-25
-25
-11
-31
-88
-141
-156
-130
-78
-14
39
66
81
115
169
211
231
253
288
308
288
248
218
211
230
269
298
289
254
236
259
294
300
270
230
205
194
189
190
202
229
267
296
298
273
248
250
278
301
283
222
154
120
117
117
109
110
120
110
70
28
21
52
97
133
150
146
128
116
124
146
172
198
224
240
237
229
237
271
321
358
349
280
183
117
110
131
127
80
15
-44
-96
-143
-165
-144
-92
-52
-63
-135
-241
-327
-345
-290
-215
-183
-217
-283
-336
-352
-321
-240
-130
-52
-65
-161
-279
-361
-383
-350
-292
-261
-298
-404
-533
-628
-649
-594
-498
-418
-398
-432
-483
-523
-547
-551
-532
-503
-490
-503
-523
-536
-538
-528
-510
-497
-495
-498
-497
-492
-480
-452
-398
-333
-284
-266
-268
-274
-266
-222
-136
-47
3
2
-29
-71
-106
-107
-56
27
103
143
141
113
91
117
206
316
382
391
384
401
438
464
458
414
345
283
246
227
218
238
309
417
509
538
502
448
428
466
537
593
603
576
531
475
416
387
416
493
574
622
620
576
523
498
508
517
489
424
356
313
302
310
324
328
318
307
313
339
378
425
471
493
477
423
347
268
213
208
246
289
302
276
230
187
161
153
153
155
151
131
91
41
12
29
86
150
195
211
190
140
89
63
56
42
15
-28
-102
-204
-295
-341
-357
-387
-446
-512
-569
-618
-649
-637
-591
-561
-570
-600
-632
-674
-714
-715
-666
-606
-573
-563
-556
-554
-569
-595
-611
-619
-633
-656
-681
-715
-767
-816
-829
-802
-775
-792
-853
-914
-934
-911
-874
-836
-793
-743
-694
-643
-580
-509
-441
-377
-307
-246
-224
-233
-218
-140
-33
46
82
103
122
139
167
221
274
290
268
234
202
164
138
164
246
337
394
430
480
555
633
686
698
668
620
594
600
612
600
556
498
441
390
345
320
336
391
456
487
466
407
341
293
281
313
375
433
467
489
523
568
605
626
634
629
606
570
541
532
540
548
545
530
506
488
494
531
581
619
632
627
616
605
593
587
598
626
650
649
623
586
553
525
498
460
400
326
269
247
244
227
188
150
128
109
73
26
-21
-63
-104
-142
-179
-225
-279
-327
-358
-382
-413
-442
-450
-439
-443
-487
-555
-611
-644
-670
-705
-741
-762
-760
-738
-712
-695
-694
-699
-692
-668
-641
-628
-630
-644
-673
-718
-769
-815
-863
-923
-983
-1021
-1039
-1055
-1079
-1106
-1134
-1170
-1214
-1252
-1278
-1298
-1309
-1285
-1213
-1109
-1005
-914
-828
-738
-640
-539
-442
-358
-282
-198
-95
12
95
148
183
212
234
252
278
317
359
392
415
424
409
369
328
319
349
408
491
592
681
721
712
693
693
705
706
696
681
652
598
526
445
356
266
202
184
197
218
241
277
323
360
377
378
371
369
403
490
601
688
735
764
785
787
771
756
762
787
808
801
754
680
610
572
565
578
605
648
693
725
749
773
778
748
702
668
646
624
615
633
661
662
626
573
517
454
393
357
340
308
250
184
123
60
5
-20
-19
-26
-57
-100
-148
-213
-295
-372
-426
-471
-518
-555
-566
-569
-583
-605
-626
-653
-699
-750
-786
-808
-820
-817
-796
-768
-755
-759
-766
-766
-760
-745
-728
-727
-751
-782
-796
-805
-839
-897
-941
-952
-947
-953
-963
-967
-988
-1053
-1151
-1246
-1318
-1370
-1396
-1375
-1310
-1235
-1168
-1099
-1024
-962
-906
-814
-665
-491
-335
-204
-93
-19
4
-1
8
36
78
151
263
367
400
371
337
316
280
229
196
202
231
268
315
364
394
415
473
594
741
870
974
1050
1081
1059
1010
946
858
748
644
562
486
402
325
273
237
208
200
226
261
274
284
326
398
465
510
545
581
620
666
731
810
879
916
918
893
851
798
743
694
655
632
625
624
620
619
636
678
731
774
790
783
774
776
782
780
765
741
706
661
612
570
535
500
465
433
392
323
229
144
94
66
33
-20
-88
-156
-214
-255
-283
-308
-337
-367
-397
-433
-484
-548
-618
-686
-745
-799
-858
-930
-1003
-1046
-1050
-1034
-1016
-993
-956
-916
-892
-878
-850
-807
-771
-755
-749
-746
-758
-788
-818
-836
-858
-893
-927
-945
-963
-1005
-1064
-1111
-1147
-1201
-1282
-1372
-1459
-1539
-1596
-1600
-1534
-1411
-1240
-1027
-799
-613
-496
-410
-302
-169
-44
63
166
262
320
319
288
280
323
400
469
495
467
397
304
203
104
22
-18
3
79
175
246
280
315
390
500
610
704
805
923
1025
1067
1045
991
934
883
838
798
755
703
648
594
530
441
345
277
248
237
227
234
281
361
443
516
598
698
799
885
953
1006
1039
1044
1024
983
919
842
780
753
741
711
657
612
603
607
590
548
513
506
517
524
526
540
573
610
631
630
614
592
569
553
541
511
443
342
237
151
81
16
-39
-79
-114
-158
-209
-261
-320
-393
-460
-499
-525
-574
-640
-676
-649
-578
-513
-486
-508
-571
-650
-716
-758
-796
-838
-867
-876
-888
-939
-1028
-1115
-1157
-1143
-1093
-1037
-993
-967
-962
-981
-1013
-1042
-1058
-1069
-1086
-1106
-1119
-1131
-1152
-1175
-1188
-1200
-1230
-1283
-1346
-1425
-1529
-1633
-1675
-1610
-1441
-1204
-932
-657
-412
-222
-79
37
142
246
360
483
594
671
705
707
700
709
737
765
761
713
630
528
417
299
179
74
9
7
69
166
268
375
503
643
763
845
902
954
995
1009
994
952
883
795
709
647
608
576
548
526
505
469
414
360
323
305
299
309
347
416
505
603
710
824
927
1003
1057
1104
1146
1160
1130
1068
999
930
854
772
701
658
649
663
678
665
620
567
533
517
497
466
450
468
507
524
497
446
407
401
410
405
370
312
249
184
106
9
-85
-141
-144
-125
-128
-176
-245
-303
-340
-380
-440
-507
-551
-562
-565
-583
-612
-626
-612
-591
-588
-612
-661
-724
-787
-839
-887
-955
-1045
-1129
-1182
-1213
-1240
-1257
-1247
-1219
-1201
-1203
-1207
-1205
-1202
-1191
-1154
-1106
-1096
-1140
-1192
-1206
-1186
-1166
-1163
-1175
-1209
-1281
-1384
-1488
-1551
-1525
-1361
-1066
-732
-474
-328
-242
-153
-41
92
255
458
692
909
1051
1078
999
891
840
867
913
913
852
745
602
423
218
10
-170
-284
-307
-256
-177
-100
-9
114
256
388
507
636
778
921
1057
1180
1260
1266
1202
1107
1014
926
845
790
764
741
688
602
493
374
271
217
225
272
328
392
484
601
712
797
867
944
1033
1116
1169
1174
1142
1098
1058
1012
938
834
725
638
577
525
468
406
357
331
319
296
250
203
183
198
233
267
296
317
333
346
354
342
302
244
185
132
69
-16
-112
-204
-281
-348
-416
-487
-553
-597
-607
-591
-569
-556
-547
-533
-508
-486
-482
-497
-510
-498
-462
-435
-447
-501
-578
-665
-758
-858
-963
-1070
-1166
-1232
-1264
-1291
-1343
-1416
-1474
-1492
-1474
-1440
-1404
-1375
-1353
-1331
-1295
-1260
-1255
-1278
-1294
-1278
-1260
-1291
-1386
-1514
-1620
-1652
-1579
-1404
-1162
-886
-589
-290
-32
145
258
363
501
670
841
987
1090
1148
1178
1208
1241
1255
1231
1165
1053
887
683
475
284
104
-70
-219
-326
-393
-429
-417
-334
-178
29
254
464
632
755
864
980
1081
1131
1130
1107
1082
1047
998
942
889
838
784
725
650
548
441
367
342
345
360
395
460
544
636
735
838
935
1017
1093
1163
1204
1191
1130
1049
961
865
772
698
643
598
557
515
461
382
296
236
212
205
193
180
178
190
205
218
226
229
233
245
265
278
272
245
201
136
46
-64
-175
-269
-332
-365
-380
-399
-435
-486
-539
-580
-601
-605
-600
-594
-582
-559
-533
-526
-544
-573
-588
-584
-576
-576
-590
-608
-632
-677
-766
-903
-1056
-1170
-1214
-1204
-1181
-1178
-1195
-1219
-1246
-1286
-1344
-1404
-1436
-1423
-1389
-1371
-1383
-1407
-1428
-1452
-1503
-1592
-1711
-1827
-1884
-1830
-1649
-1366
-1020
-644
-278
27
248
409
559
724
902
1086
1261
1393
1450
1440
1404
1378
1366
1365
1370
1351
1262
1073
804
492
175
-117
-345
-494
-576
-609
-595
-528
-420
-287
-129
67
291
509
687
818
911
981
1039
1079
1081
1040
987
954
946
940
919
889
850
792
703
586
461
363
326
365
450
535
605
678
765
847
910
967
1035
1100
1129
1110
1053
974
886
805
741
684
616
545
488
443
387
312
238
187
153
119
83
61
64
88
130
187
248
294
317
327
333
328
297
236
156
70
-23
-122
-223
-321
-410
-484
-534
-560
-582
-616
-660
-692
-702
-704
-712
-721
-716
-693
-657
-615
-574
-544
-523
-502
-471
-440
-428
-444
-485
-543
-615
-699
-798
-905
-1000
-1065
-1104
-1148
-1223
-1321
-1412
-1483
-1537
-1583
-1623
-1659
-1681
-1675
-1652
-1647
-1675
-1708
-1716
-1725
-1786
-1892
-1951
-1878
-1659
-1332
-934
-497
-65
327
656
895
1025
1081
1151
1285
1433
1514
1528
1545
1598
1643
1630
1554
1429
1260
1053
818
559
275
-5
-231
-396
-546
-705
-828
-854
-776
-626
-422
-177
78
299
465
577
646
696
762
864
974
1056
1107
1149
1174
1162
1127
1096
1067
1014
934
846
750
634
516
445
440
475
523
597
699
798
877
956
1038
1075
1040
969
912
861
785
701
659
667
674
648
604
547
464
361
272
204
135
62
22
33
63
82
112
184
280
345
365
364
356
334
295
240
163
62
-46
-140
-225
-316
-407
-470
-494
-505
-530
-578
-646
-733
-822
-889
-926
-941
-932
-886
-803
-708
-622
-538
-451
-378
-329
-293
-261
-251
-281
-335
-383
-430
-496
-577
-647
-698
-754
-832
-922
-1020
-1145
-1301
-1457
-1588
-1702
-1810
-1889
-1913
-1904
-1905
-1927
-1938
-1918
-1889
-1879
-1893
-1928
-1973
-1984
-1891
-1654
-1295
-859
-373
142
623
990
1211
1328
1414
1520
1663
1819
1941
1989
1971
1922
1860
1769
1637
1479
1317
1145
937
673
360
25
-290
-546
-738
-880
-969
-977
-887
-714
-489
-242
-3
194
330
428
518
611
707
822
965
1100
1179
1198
1186
1165
1136
1110
1109
1120
1102
1030
923
801
664
530
452
468
548
640
725
807
879
918
925
919
904
865
812
766
730
684
625
576
549
526
492
451
406
353
294
243
205
170
128
83
50
33
42
85
152
217
265
299
309
274
194
100
15
-67
-152
-229
-287
-341
-404
-463
-498
-519
-545
-573
-598
-643
-727
-822
-883
-900
-900
-891
-847
-758
-654
-565
-487
-410
-346
-298
-250
-204
-182
-197
-228
-252
-277
-326
-394
-464
-536
-620
-718
-821
-938
-1079
-1234
-1384
-1532
-1688
-1845
-1982
-2090
-2166
-2202
-2191
-2152
-2111
-2074
-2043
-2038
-2083
-2139
-2120
-1958
-1646
-1201
-650
-50
514
981
1330
1559
1670
1707
1751
1853
1984
2080
2128
2138
2097
1977
1792
1584
1367
1129
880
648
429
186
-103
-410
-695
-938
-1110
-1164
-1084
-906
-671
-393
-94
161
320
396
451
532
641
771
910
1037
1128
1183
1210
1201
1147
1081
1049
1055
1059
1030
969
884
768
631
510
435
412
445
540
678
804
880
911
912
876
800
718
668
646
621
591
576
565
529
471
426
403
376
331
286
246
191
116
49
12
-10
-31
-21
46
145
227
278
311
319
278
189
83
-23
-130
-227
-289
-316
-344
-395
-452
-503
-562
-642
-723
-782
-823
-863
-895
-904
-891
-873
-846
-800
-739
-672
-584
-464
-337
-243
-190
-152
-116
-100
-118
-152
-181
-203
-225
-254
-308
-408
-540
-659
-751
-855
-1002
-1168
-1307
-1418
-1530
-1654
-1773
-1873
-1955
-2010
-2034
-2040
-2049
-2045
-2009
-1966
-1978
-2057
-2138
-2142
-2028
-1782
-1390
-861
-251
363
923
1378
1685
1834
1887
1923
1972
2024
2072
2125
2180
2217
2214
2154
2009
1762
1439
1094
758
420
76
-247
-521
-751
-952
-1122
-1243
-1289
-1225
-1027
-719
-372
-54
212
425
568
633
654
683
747
848
983
1136
1271
1352
1376
1360
1307
1212
1088
966
861
764
674
607
556
503
455
445
493
580
679
786
897
984
1014
976
881
751
618
524
485
480
484
498
525
540
504
410
280
146
26
-71
-137
-173
-181
-157
-98
-25
37
86
143
211
271
302
303
269
198
98
-3
-89
-160
-219
-254
-266
-283
-327
-399
-483
-577
-678
-773
-854
-927
-993
-1034
-1031
-995
-946
-881
-779
-644
-506
-388
-287
-196
-120
-65
-32
-22
-32
-47
-46
-34
-43
-87
-147
-207
-284
-404
-562
-727
-881
-1024
-1161
-1297
-1436
-1575
-1698
-1794
-1873
-1954
-2024
-2055
-2041
-2010
-1984
-1970
-1976
-2017
-2081
-2131
-2120
-2018
-1795
-1419
-885
-244
420
1028
1524
1869
2064
2155
2194
2203
2196
2200
2241
2300
2326
2284
2177
2018
1804
1536
1223
873
492
107
-243
-541
-805
-1044
-1231
-1332
-1339
-1258
-1089
-835
-526
-211
77
319
490
579
626
690
798
929
1060
1185
1299
1384
1422
1413
1359
1259
1133
1015
912
793
645
504
417
389
386
392
416
466
537
618
694
737
728
690
658
638
609
569
547
558
581
594
594
584
549
479
391
300
199
79
-42
-134
-189
-211
-196
-141
-73
-21
12
41
63
59
25
-13
-43
-78
-125
-168
-195
-217
-245
-275
-305
-347
-412
-489
-561
-634
-715
-790
-839
-865
-885
-895
-874
-818
-748
-672
-585
-492
-408
-341
-277
-205
-138
-92
-63
-43
-35
-39
-44
-46
-64
-114
-190
-273
-362
-473
-602
-726
-835
-940
-1046
-1146
-1241
-1339
-1447
-1549
-1638
-1719
-1799
-1872
-1927
-1959
-1964
-1942
-1910
-1912
-1974
-2068
-2125
-2086
-1927
-1636
-1201
-628
35
710
1313
1777
2078
2243
2329
2373
2383
2366
2347
2353
2374
2369
2306
2170
1962
1688
1360
1000
621
236
-136
-473
-766
-1022
-1233
-1371
-1405
-1325
-1146
-892
-593
-284
2
245
436
565
641
695
764
860
959
1039
1102
1160
1210
1233
1208
1127
1001
858
726
614
510
404
315
272
282
327
392
474
576
689
794
873
912
898
839
762
693
642
605
579
564
556
545
523
484
414
304
170
34
-90
-208
-314
-385
-398
-357
-283
-191
-89
16
108
179
218
220
191
149
105
53
-16
-91
-145
-172
-193
-234
-294
-362
-433
-510
-594
-682
-770
-847
-892
-898
-876
-845
-801
-732
-640
-540
-444
-354
-273
-207
-151
-93
-35
3
11
0
-18
-41
-71
-102
-127
-157
-203
-270
-354
-455
-570
-683
-774
-844
-900
-947
-988
-1036
-1115
-1223
-1332
-1420
-1492
-1561
-1630
-1688
-1727
-1745
-1748
-1756
-1798
-1886
-2001
-2107
-2164
-2126
-1935
-1547
-970
-270
464
1147
1698
2067
2249
2295
2278
2261
2282
2354
2460
2563
2628
2632
2550
2355
2041
1635
1182
716
255
-179
-563
-884
-1146
-1349
-1486
-1547
-1523
-1407
-1191
-894
-552
-209
98
339
498
588
648
724
830
964
1112
1260
1385
1454
1450
1368
1218
1018
801
603
444
327
248
203
186
188
207
245
311
405
526
668
814
927
979
963
898
815
733
670
633
618
606
574
507
399
256
93
-74
-230
-366
-465
-517
-523
-500
-462
-404
-316
-201
-85
11
80
139
203
266
305
300
256
201
156
123
85
26
-47
-120
-190
-273
-380
-508
-630
-723
-778
-799
-798
-780
-746
-695
-627
-554
-487
-435
-391
-351
-312
-276
-242
-202
-157
-109
-67
-45
-52
-90
-143
-193
-238
-288
-343
-393
-430
-461
-497
-543
-590
-625
-644
-651
-664
-707
-787
-893
-1013
-1146
-1296
-1454
-1596
-1708
-1789
-1840
-1869
-1890
-1924
-1984
-2064
-2150
-2222
-2238
-2142
-1877
-1427
-812
-86
671
1367
1931
2327
2554
2634
2615
2571
2567
2620
2695
2746
2743
2661
2478
2178
1769
1281
760
258
-183
-558
-886
-1178
-1415
-1576
-1666
-1698
-1664
-1537
-1305
-982
-604
-218
128
398
591
728
826
893
951
1033
1151
1281
1385
1435
1411
1304
1128
918
707
507
330
202
145
143
161
181
209
258
333
439
578
729
869
982
1065
1097
1055
946
809
685
581
493
421
363
299
203
70
-94
-280
-468
-623
-716
-742
-718
-651
-541
-405
-272
-157
-51
55
157
258
366
468
536
554
532
489
423
326
208
86
-29
-140
-248
-356
-475
-603
-717
-789
-824
-842
-845
-812
-735
-638
-546
-464
-384
-309
-242
-187
-146
-126
-117
-98
-68
-50
-68
-112
-156
-198
-253
-328
-404
-464
-503
-521
-523
-525
-540
-559
-559
-535
-507
-490
-476
-459
-449
-471
-536
-641
-781
-945
-1112
-1272
-1429
-1582
-1714
-1806
-1870
-1947
-2061
-2205
-2349
-2462
-2510
-2448
-2229
-1825
-1230
-477
346
1123
1762
2230
2533
2691
2739
2732
2737
2792
2888
2984
3027
2963
2759
2416
1962
1432
865
307
-193
-613
-966
-1268
-1518
-1706
-1826
-1872
-1833
-1696
-1461
-1142
-762
-361
10
307
521
669
777
863
944
1034
1140
1251
1349
1406
1386
1269
1061
808
557
338
165
49
4
29
107
207
302
378
444
523
632
763
891
997
1072
1109
1098
1030
916
782
654
551
474
401
301
154
-40
-261
-485
-692
-859
-964
-989
-931
-807
-644
-475
-319
-182
-59
58
165
261
351
445
539
620
669
675
635
550
425
270
100
-67
-223
-364
-496
-619
-724
-799
-834
-833
-804
-749
-666
-559
-445
-344
-265
-202
-145
-90
-40
-1
22
30
24
6
-27
-82
-156
-240
-327
-414
-501
-579
-637
-670
-678
-664
-630
-585
-532
-469
-396
-321
-258
-216
-192
-183
-197
-245
-335
-467
-631
-812
-999
-1189
-1386
-1581
-1753
-1887
-1991
-2084
-2185
-2295
-2405
-2500
-2548
-2507
-2332
-1987
-1454
-754
54
883
1644
2270
2716
2969
3054
3032
2974
2928
2915
2926
2927
2875
2729
2467
2083
1583
995
374
-213
-716
-1117
-1421
-1641
-1789
-1873
-1895
-1855
-1754
-1590
-1344
-1004
-587
-148
246
554
772
915
1004
1057
1097
1145
1212
1290
1346
1335
1230
1039
803
558
328
131
-10
-74
-60
14
114
214
299
378
465
571
688
804
913
1009
1078
1098
1057
963
837
702
572
451
330
199
52
-111
-287
-473
-659
-816
-915
-944
-906
-814
-677
-509
-327
-153
-7
103
181
249
328
424
520
599
649
662
631
555
444
312
173
36
-96
-218
-330
-433
-526
-602
-653
-674
-656
-602
-527
-449
-375
-300
-218
-135
-68
-31
-21
-24
-26
-23
-27
-51
-100
-168
-242
-319
-403
-490
-567
-618
-636
-628
-605
-574
-535
-480
-406
-322
-238
-166
-102
-41
16
56
67
46
-9
-98
-226
-394
-593
-809
-1024
-1226
-1416
-1601
-1781
-1945
-2080
-2183
-2262
-2333
-2400
-2459
-2494
-2479
-2375
-2141
-1743
-1171
-452
350
1151
1868
2444
2848
3074
3144
3108
3031
2965
2932
2918
2891
2811
2646
2375
1985
1476
869
215
-414
-956
-1378
-1682
-1883
-1995
-2025
-1978
-1864
-1694
-1478
-1215
-900
-541
-166
183
476
708
891
1040
1161
1250
1306
1335
1341
1322
1264
1153
987
783
568
364
185
41
-52
-83
-46
45
166
294
420
544
672
802
919
1009
1060
1074
1054
1002
921
817
697
571
441
302
142
-48
-261
-475
-667
-813
-902
-933
-909
-839
-733
-603
-460
-311
-162
-18
115
234
338
432
518
593
650
685
694
675
625
537
410
250
78
-85
-226
-341
-437
-516
-573
-598
-590
-557
-511
-460
-404
-343
-278
-216
-163
-116
-69
-17
34
68
76
54
10
-49
-123
-212
-309
-403
-483
-544
-590
-626
-650
-654
-634
-594
-543
-488
-426
-348
-254
-153
-63
2
39
50
38
1
-59
-138
-231
-334
-451
-591
-758
-948
-1153
-1363
-1571
-1767
-1937
-2069
-2159
-2218
-2263
-2307
-2350
-2377
-2367
-2289
-2109
-1788
-1298
-642
132
938
1681
2282
2704
2940
3020
2989
2907
2834
2806
2822
2845
2816
2683
2418
2016
1496
891
249
-369
-909
-1336
-1646
-1851
-1973
-2025
-2014
-1947
-1832
-1669
-1448
-1157
-800
-404
-16
326
602
818
984
1111
1204
1273
1331
1386
1430
1434
1371
1233
1036
810
583
373
198
76
25
46
121
217
310
395
477
566
657
743
818
882
934
964
954
894
790
664
537
415
291
153
-5
-178
-354
-526
-683
-812
-894
-914
-871
-771
-634
-473
-303
-135
21
161
287
405
521
630
723
795
842
866
860
814
722
587
426
259
96
-61
-215
-359
-481
-569
-622
-651
-668
-676
-669
-638
-584
-515
-440
-364
-285
-203
-124
-57
-9
21
39
45
37
6
-51
-131
-225
-322
-413
-490
-545
-572
-569
-544
-509
-474
-443
-412
-378
-338
-293
-249
-207
-167
-129
-94
-70
-66
-90
-145
-228
-333
-457
-598
-756
-927
-1104
-1277
-1442
-1596
-1739
-1866
-1965
-2028
-2056
-2067
-2086
-2129
-2188
-2229
-2199
-2046
-1734
-1253
-621
114
882
1597
2181
2583
2794
2854
2828
2785
2770
2794
2838
2864
2831
2703
2452
2066
1558
964
341
-251
-770
-1198
-1536
-1795
-1979
-2091
-2131
-2102
-2007
-1843
-1604
-1293
-926
-538
-172
147
409
625
810
975
1129
1278
1422
1550
1636
1649
1568
1398
1166
910
665
456
301
210
185
215
273
333
381
420
465
528
609
697
781
850
901
928
925
892
832
752
657
546
411
249
64
-132
-323
-497
-639
-740
-788
-783
-733
-651
-552
-443
-326
-201
-71
58
188
322
467
617
757
868
934
952
929
875
794
686
554
403
246
91
-57
-196
-324
-434
-518
-575
-607
-622
-625
-616
-595
-558
-511
-458
-406
-356
-305
-254
-204
-160
-126
-105
-102
-121
-166
-231
-302
-364
-406
-430
-444
-456
-461
-452
-424
-380
-333
-289
-248
-206
-162
-124
-100
-93
-93
-88
-75
-65
-73
-108
-166
-241
-334
-449
-593
-760
-938
-1115
-1288
-1455
-1617
-1766
-1891
-1988
-2059
-2109
-2134
-2129
-2099
-2062
-2042
-2040
-2025
-1941
-1736
-1388
-905
-316
344
1026
1667
2191
2541
2710
2746
2725
2706
2708
2721
2726
2715
2671
2562
2343
1980
1481
898
299
-260
-755
-1173
-1506
-1740
-1877
-1937
-1952
-1936
-1881
-1761
-1559
-1286
-970
-642
-320
-11
273
518
720
892
1056
1226
1390
1518
1583
1576
1506
1389
1233
1048
852
678
557
497
484
488
490
485
479
475
475
478
494
534
597
668
722
743
727
684
622
544
450
345
239
136
31
-88
-218
-345
-440
-488
-485
-446
-381
-293
-185
-64
51
143
211
276
360
473
602
720
810
868
895
891
847
758
634
495
361
240
125
7
-114
-230
-330
-413
-485
-549
-602
-635
-641
-622
-587
-544
-493
-433
-365
-298
-237
-185
-136
-90
-53
-40
-58
-106
-167
-225
-272
-311
-345
-374
-391
-397
-397
-403
-417
-434
-437
-418
-380
-335
-293
-255
-215
-172
-132
-107
-100
-112
-132
-158
-192
-242
-315
-409
-524
-653
-796
-945
-1093
-1233
-1360
-1478
-1589
-1696
-1796
-1882
-1950
-1998
-2026
-2036
-2032
-2026
-2024
-2023
-1999
-1915
-1729
-1415
-970
-416
211
859
1469
1982
2355
2574
2665
2675
2658
2653
2675
2717
2757
2758
2677
2472
2123
1640
1066
458
-127
-648
-1081
-1413
-1650
-1805
-1902
-1961
-1986
-1966
-1884
-1729
-1503
-1223
-907
-574
-244
63
331
559
761
954
1147
1329
1478
1573
1601
1563
1464
1314
1133
949
797
700
658
652
657
654
636
604
565
525
500
506
556
642
742
827
875
878
840
767
666
549
432
328
237
148
45
-74
-196
-301
-373
-408
-409
-379
-316
-223
-116
-15
66
132
203
296
412
539
658
759
840
897
917
888
804
680
542
413
302
202
103
2
-100
-200
-301
-405
-510
-603
-668
-693
-677
-634
-577
-520
-468
-418
-369
-318
-267
-218
-172
-130
-96
-73
-69
-88
-128
-181
-231
-267
-288
-302
-319
-343
-373
-405
-436
-468
-499
-522
-524
-497
-444
-379
-316
-268
-233
-208
-192
-190
-204
-236
-280
-327
-375
-428
-493
-573
-664
-760
-857
-953
-1051
-1155
-1265
-1381
-1502
-1624
-1741
-1844
-1919
-1958
-1956
-1921
-1870
-1823
-1796
-1794
-1800
-1778
-1682
-1465
-1101
-593
24
688
1328
1872
2273
2510
2599
2583
2520
2467
2458
2497
2555
2586
2540
2379
2086
1664
1142
562
-22
-555
-997
-1327
-1550
-1691
-1777
-1828
-1847
-1826
-1757
-1629
-1443
-1201
-914
-600
-284
9
262
474
657
832
1011
1189
1348
1466
1523
1514
1441
1315
1153
981
825
709
643
624
631
641
637
612
573
534
510
512
546
606
679
746
790
797
764
697
609
516
429
354
286
214
129
31
-71
-162
-225
-252
-246
-211
-154
-80
1
80
147
202
252
309
384
474
568
650
710
742
746
718
660
573
466
355
251
160
76
-9
-101
-199
-297
-388
-468
-535
-588
-624
-637
-623
-584
-528
-466
-406
-351
-300
-251
-208
-173
-151
-142
-142
-147
-158
-177
-204
-234
-259
-273
-277
-281
-295
-323
-360
-398
-430
-451
-461
-457
-437
-400
-354
-305
-260
-224
-197
-183
-182
-199
-228
-265
-303
-341
-380
-422
-467
-514
-565
-629
-708
-803
-903
-998
-1086
-1172
-1263
-1358
-1449
-1525
-1580
-1619
-1643
-1653
-1642
-1611
-1575
-1559
-1582
-1635
-1689
-1692
-1598
-1373
-1003
-497
112
760
1364
1845
2155
2294
2304
2255
2213
2223
2301
2433
2576
2667
2642
2456
2099
1602
1020
419
-141
-617
-984
-1241
-1406
-1518
-1611
-1705
-1793
-1846
-1831
-1724
-1519
-1230
-886
-524
-183
105
329
502
655
820
1016
1236
1450
1617
1701
1683
1566
1377
1156
945
778
669
617
608
618
620
592
527
438
355
312
331
407
518
634
735
805
836
819
753
650
542
457
406
374
333
260
154
33
-78
-167
-230
-268
-275
-246
-181
-94
-5
72
140
211
297
399
508
609
694
757
795
804
779
721
638
539
434
329
228
131
33
-72
-188
-312
-434
-537
-612
-655
-670
-662
-636
-594
-544
-493
-451
-418
-390
-358
-315
-264
-211
-168
-141
-129
-132
-144
-161
-180
-195
-205
-207
-201
-192
-184
-185
-200
-226
-253
-268
-263
-244
-224
-214
-213
-212
-205
-196
-198
-222
-266
-313
-354
-390
-433
-491
-560
-623
-667
-695
-718
-752
-797
-845
-885
-914
-938
-965
-1000
-1043
-1089
-1138
-1189
-1243
-1295
-1338
-1362
-1364
-1347
-1326
-1321
-1346
-1408
-1489
-1551
-1543
-1421
-1159
-764
-262
308
894
1434
1864
2138
2252
2246
2190
2146
2146
2188
2252
2314
2345
2302
2138
1819
1347
775
178
-368
-818
-1160
-1405
-1567
-1664
-1714
-1741
-1759
-1767
-1738
-1635
-1433
-1141
-793
-432
-95
204
457
665
833
975
1113
1263
1421
1564
1658
1679
1621
1491
1307
1094
882
700
575
513
500
513
525
521
501
474
450
435
435
452
487
539
593
631
638
609
557
496
433
365
287
201
118
51
1
-38
-73
-101
-114
-104
-70
-22
35
97
165
243
328
416
500
576
643
701
746
770
766
729
664
578
479
371
258
143
34
-69
-168
-270
-375
-476
-563
-632
-681
-710
-715
-691
-641
-579
-518
-466
-418
-366
-310
-253
-202
-159
-118
-80
-48
-33
-39
-63
-94
-121
-139
-153
-167
-179
-185
-181
-172
-172
-188
-218
-250
-269
-275
-273
-269
-262
-247
-225
-211
-222
-262
-319
-373
-413
-445
-475
-507
-535
-552
-562
-572
-589
-608
-619
-618
-612
-616
-637
-676
-724
-775
-831
-895
-970
-1049
-1126
-1195
-1256
-1313
-1365
-1407
-1438
-1467
-1515
-1593
-1692
-1774
-1787
-1690
-1458
-1089
-593
-3
620
1198
1653
1944
2080
2111
2101
2100
2140
2229
2356
2489
2572
2545
2361
2012
1530
975
415
-98
-533
-880
-1144
-1338
-1484
-1609
-1730
-1843
-1921
-1924
-1823
-1617
-1326
-985
-626
-278
35
296
500
660
801
944
1099
1255
1393
1491
1532
1506
1418
1281
1119
957
816
714
656
634
629
620
590
540
482
435
412
421
464
533
609
673
702
687
634
555
465
378
305
249
209
175
135
81
14
-56
-119
-167
-191
-186
-146
-72
31
149
267
372
454
515
562
606
649
689
718
732
731
711
664
582
466
331
195
71
-43
-152
-260
-362
-451
-523
-581
-628
-663
-682
-681
-658
-619
-570
-518
-469
-424
-383
-341
-299
-255
-211
-167
-124
-85
-60
-52
-59
-74
-91
-105
-112
-111
-97
-74
-53
-45
-54
-74
-96
-117
-137
-159
-181
-197
-206
-214
-231
-265
-315
-374
-432
-480
-514
-539
-561
-585
-609
-627
-639
-649
-661
-674
-675
-653
-610
-558
-515
-489
-478
-479
-495
-529
-584
-657
-740
-824
-905
-982
-1054
-1123
-1194
-1268
-1347
-1429
-1515
-1608
-1705
-1792
-1835
-1793
-1631
-1336
-918
-408
146
690
1172
1552
1810
1949
2003
2028
2076
2178
2324
2470
2562
2560
2443
2205
1844
1375
836
293
-191
-578
-874
-1109
-1310
-1485
-1631
-1747
-1831
-1875
-1859
-1752
-1541
-1242
-897
-555
-247
18
251
463
662
853
1039
1225
1406
1556
1642
1637
1546
1402
1243
1093
958
837
743
686
662
644
598
515
417
338
301
303
329
369
422
483
535
553
525
461
392
343
324
321
315
294
257
208
150
84
16
-41
-67
-49
7
81
154
218
280
343
404
452
485
516
558
611
657
677
663
623
569
502
416
311
198
91
-5
-99
-203
-316
-430
-528
-602
-651
-680
-694
-695
-682
-656
-620
-579
-535
-486
-428
-359
-283
-211
-150
-98
-47
5
51
78
84
76
64
55
45
32
18
10
9
9
-2
-29
-68
-114
-157
-195
-227
-254
-278
-301
-324
-345
-366
-393
-433
-482
-529
-562
-578
-585
-593
-600
-598
-582
-557
-535
-520
-509
-489
-458
-420
-386
-364
-353
-352
-359
-377
-410
-456
-515
-580
-648
-721
-802
-895
-997
-1099
-1191
-1268
-1333
-1392
-1448
-1507
-1570
-1638
-1702
-1728
-1670
-1488
-1166
-720
-189
380
927
1393
1727
1908
1961
1947
1934
1967
2060
2196
2341
2449
2468
2351
2077
1659
1145
601
86
-358
-716
-994
-1207
-1375
-1514
-1635
-1738
-1809
-1825
-1757
-1597
-1357
-1071
-772
-479
-201
56
285
488
678
877
1094
1312
1494
1609
1646
1613
1524
1392
1226
1048
885
760
677
623
575
518
450
379
318
277
260
268
298
346
406
463
504
517
508
490
477
473
470
459
434
393
338
267
189
119
73
59
68
88
113
143
181
223
262
298
341
397
464
526
567
580
569
543
506
461
407
346
280
210
137
60
-24
-120
-226
-334
-432
-509
-564
-598
-613
-609
-584
-545
-502
-459
-418
-377
-336
-299
-262
-218
-161
-99
-44
-5
19
39
56
62
47
15
-20
-41
-44
-39
-41
-54
-70
-81
-84
-86
-97
-121
-154
-185
-204
-212
-219
-234
-257
-282
-304
-329
-369
-428
-495
-551
-583
-593
-593
-589
-580
-563
-546
-536
-538
-537
-522
-490
-452
-420
-394
-366
-331
-300
-289
-309
-348
-389
-422
-455
-508
-592
-705
-830
-951
-1066
-1180
-1297
-1406
-1485
-1525
-1539
-1561
-1618
-1698
-1753
-1726
-1586
-1325
-955
-485
68
658
1212
1649
1923
2042
2057
2029
2007
2019
2079
2180
2292
2361
2325
2140
1797
1325
779
222
-290
-719
-1047
-1279
-1436
-1548
-1640
-1715
-1762
-1757
-1681
-1531
-1320
-1063
-776
-473
-174
98
332
537
737
949
1165
1356
1496
1574
1596
1565
1477
1333
1151
963
802
681
590
514
443
373
307
242
186
148
145
183
257
350
440
512
558
577
575
561
544
536
542
558
568
552
497
408
305
215
151
116
107
127
176
243
302
325
309
275
255
263
297
345
397
446
482
492
460
385
285
186
104
40
-15
-67
-121
-187
-266
-352
-435
-503
-547
-563
-553
-527
-496
-465
-434
-402
-369
-333
-291
-240
-179
-110
-42
11
39
49
54
58
54
38
17
6
8
13
7
-16
-52
-88
-112
-128
-142
-157
-165
-160
-149
-145
-152
-167
-187
-211
-236
-262
-288
-320
-354
-388
-418
-444
-466
-486
-502
-515
-518
-508
-486
-458
-429
-399
-366
-336
-309
-285
-262
-243
-232
-228
-227
-228
-238
-264
-307
-359
-410
-458
-512
-587
-683
-793
-903
-1011
-1119
-1229
-1330
-1406
-1454
-1482
-1509
-1548
-1601
-1663
-1717
-1735
-1683
-1531
-1259
-863
-360
207
778
1288
1684
1939
2059
2079
2049
2014
2007
2043
2114
2190
2224
2168
1996
1700
1294
812
302
-187
-620
-979
-1265
-1482
-1640
-1743
-1796
-1804
-1768
-1677
-1521
-1303
-1044
-773
-508
-255
-15
214
431
638
844
1050
1250
1420
1535
1583
1565
1493
1379
1237
1082
927
782
656
553
466
388
319
264
236
240
273
325
380
429
473
513
540
545
531
520
529
558
589
607
600
568
514
447
369
283
205
154
133
132
132
133
134
134
134
144
171
209
250
293
336
368
380
371
349
318
283
250
224
196
156
108
58
-3
-84
-177
-257
-316
-359
-392
-415
-425
-427
-421
-410
-394
-379
-356
-313
-251
-190
-143
-107
-74
-47
-29
-13
3
12
12
11
18
27
24
9
-11
-31
-51
-71
-95
-128
-169
-203
-220
-227
-241
-262
-278
-281
-278
-276
-277
-278
-282
-290
-302
-319
-343
-369
-387
-393
-392
-388
-377
-360
-340
-322
-305
-289
-272
-257
-243
-226
-209
-200
-204
-221
-246
-279
-322
-374
-426
-468
-498
-520
-544
-579
-632
-708
-808
-937
-1087
-1238
-1361
-1441
-1483
-1505
-1516
-1519
-1526
-1559
-1625
-1706
-1758
-1723
-1551
-1220
-752
-193
399
973
1468
1824
2013
2053
2001
1931
1909
1968
2086
2207
2277
2261
2138
1883
1488
986
445
-64
-489
-815
-1059
-1255
-1422
-1558
-1655
-1720
-1753
-1734
-1634
-1441
-1174
-868
-555
-263
-9
208
399
571
734
903
1090
1283
1445
1544
1566
1512
1396
1245
1083
925
782
671
604
572
541
485
402
314
248
224
245
298
370
457
556
642
687
679
637
589
555
542
547
556
553
527
479
406
311
209
126
73
46
39
50
69
83
94
110
138
172
211
265
328
379
398
385
350
299
242
194
157
120
81
57
48
31
-13
-79
-153
-226
-294
-350
-386
-408
-424
-429
-412
-380
-350
-323
-292
-258
-223
-181
-129
-79
-51
-42
-33
-16
-2
-3
-9
-11
-9
-3
8
16
10
-15
-44
-70
-97
-132
-166
-190
-203
-210
-211
-207
-206
-215
-231
-241
-244
-251
-266
-281
-289
-292
-295
-297
-298
-298
-296
-291
-285
-281
-280
-275
-260
-239
-223
-211
-193
-167
-148
-146
-157
-173
-191
-216
-250
-289
-332
-378
-419
-449
-478
-520
-573
-618
-651
-682
-722
-770
-829
-907
-999
-1091
-1176
-1263
-1350
-1418
-1456
-1485
-1533
-1604
-1680
-1737
-1745
-1662
-1457
-1130
-697
-178
386
920
1350
1647
1826
1917
1945
1950
1979
2050
2142
2227
2269
2224
2048
1739
1337
888
424
-24
-420
-749
-1024
-1262
-1465
-1635
-1777
-1881
-1908
-1832
-1661
-1426
-1151
-854
-568
-315
-97
97
277
458
660
885
1111
1303
1440
1516
1522
1456
1338
1205
1081
973
886
820
760
690
605
511
416
335
290
298
353
432
515
588
636
648
630
602
576
560
565
590
615
615
579
511
415
306
204
126
68
27
6
9
19
15
-3
-16
-6
28
87
169
256
329
385
427
448
435
400
367
347
332
316
300
277
231
154
62
-33
-129
-218
-282
-317
-338
-356
-368
-370
-371
-380
-391
-392
-383
-364
-327
-271
-212
-172
-148
-123
-93
-69
-57
-51
-42
-28
-7
21
44
47
33
18
10
1
-17
-40
-61
-80
-101
-123
-141
-157
-173
-192
-209
-224
-244
-269
-293
-311
-325
-341
-352
-347
-331
-314
-304
-297
-292
-289
-280
-258
-230
-215
-213
-208
-187
-163
-153
-154
-154
-152
-151
-147
-142
-153
-190
-239
-281
-323
-375
-431
-472
-498
-522
-547
-561
-571
-602
-663
-741
-832
-947
-1075
-1187
-1267
-1330
-1382
-1410
-1411
-1414
-1447
-1509
-1586
-1662
-1700
-1639
-1433
-1093
-653
-133
439
991
1444
1757
1932
1989
1969
1933
1937
1986
2055
2119
2158
2127
1972
1678
1282
829
355
-102
-498
-821
-1087
-1307
-1480
-1615
-1727
-1808
-1819
-1729
-1543
-1292
-1002
-702
-421
-175
40
229
388
531
692
896
1121
1324
1466
1530
1514
1435
1318
1185
1047
919
821
764
729
690
628
547
456
378
334
337
380
451
536
613
659
662
631
582
533
496
480
483
490
484
453
385
271
123
-19
-120
-171
-179
-156
-115
-74
-42
-17
2
13
27
70
160
282
405
508
577
605
588
541
484
426
371
328
302
274
220
134
21
-106
-239
-363
-454
-504
-515
-495
-455
-414
-394
-398
-409
-410
-398
-371
-328
-265
-186
-103
-27
28
53
51
38
31
37
49
59
63
65
62
52
34
8
-22
-52
-75
-85
-82
-80
-90
-106
-119
-129
-142
-159
-175
-196
-225
-256
-279
-296
-315
-333
-337
-327
-316
-309
-294
-270
-252
-244
-230
-207
-190
-182
-169
-146
-127
-118
-107
-81
-56
-51
-59
-66
-81
-115
-153
-176
-200
-243
-294
-334
-372
-428
-497
-552
-590
-626
-662
-684
-700
-738
-800
-864
-927
-1006
-1097
-1165
-1194
-1208
-1223
-1234
-1241
-1269
-1327
-1397
-1460
-1509
-1527
-1460
-1265
-950
-553
-96
392
857
1240
1515
1681
1741
1720
1680
1682
1738
1821
1899
1953
1947
1837
1604
1266
854
404
-32
-407
-711
-966
-1192
-1383
-1536
-1653
-1730
-1747
-1687
-1548
-1339
-1082
-807
-553
-340
-160
10
181
363
564
786
1013
1222
1384
1478
1496
1449
1363
1261
1162
1074
1000
938
881
816
737
646
559
497
475
486
520
565
610
641
643
616
564
502
453
437
456
486
501
488
446
368
255
118
-17
-126
-192
-202
-161
-97
-40
1
34
58
73
86
117
177
264
368
476
568
626
650
652
636
602
551
497
451
404
347
271
177
67
-45
-145
-229
-301
-359
-397
-417
-422
-424
-427
-433
-435
-421
-385
-329
-265
-196
-129
-73
-36
-17
-9
-12
-21
-26
-16
3
26
52
77
88
74
50
30
13
-10
-39
-66
-92
-123
-153
-169
-184
-212
-243
-253
-246
-244
-254
-266
-278
-300
-327
-344
-345
-347
-349
-330
-286
-241
-211
-181
-147
-128
-134
-147
-150
-148
-143
-126
-94
-70
-69
-77
-78
-86
-125
-178
-220
-251
-284
-317
-345
-386
-454
-527
-574
-602
-638
-682
-714
-732
-760
-805
-850
-894
-954
-1028
-1090
-1132
-1178
-1233
-1272
-1284
-1286
-1296
-1305
-1302
-1307
-1343
-1399
-1437
-1424
-1330
-1112
-744
-254
298
860
1384
1812
2083
2176
2125
1994
1853
1759
1741
1786
1842
1855
1788
1613
1313
891
394
-114
-573
-948
-1231
-1436
-1590
-1714
-1812
-1874
-1882
-1822
-1677
-1440
-1123
-768
-422
-121
123
306
442
557
681
833
1019
1225
1426
1580
1644
1607
1491
1333
1158
988
850
760
713
697
697
697
677
632
583
557
562
587
623
663
691
687
649
592
524
449
383
344
326
306
272
220
142
29
-104
-220
-292
-311
-277
-192
-73
45
143
226
298
352
388
433
503
589
671
738
778
773
717
630
540
455
370
290
218
146
59
-46
-162
-284
-406
-507
-569
-592
-583
-555
-518
-487
-466
-448
-427
-403
-371
-320
-247
-169
-99
-38
16
49
58
56
56
50
34
27
39
54
50
31
14
-2
-31
-69
-103
-132
-164
-189
-184
-157
-137
-133
-131
-124
-124
-138
-156
-175
-202
-235
-258
-269
-285
-312
-336
-341
-337
-331
-315
-287
-259
-242
-227
-208
-194
-186
-169
-135
-99
-79
-70
-58
-49
-58
-83
-110
-138
-171
-199
-211
-218
-241
-277
-306
-323
-344
-378
-420
-466
-518
-573
-619
-652
-681
-713
-738
-752
-766
-786
-811
-834
-859
-894
-932
-964
-991
-1017
-1039
-1054
-1063
-1069
-1072
-1073
-1086
-1130
-1200
-1255
-1251
-1155
-952
-630
-200
298
806
1264
1614
1809
1835
1736
1595
1479
1415
1411
1467
1554
1611
1573
1412
1125
727
258
-210
-609
-923
-1165
-1343
-1455
-1516
-1559
-1591
-1579
-1498
-1345
-1126
-848
-540
-251
-14
171
318
432
526
634
789
984
1187
1361
1480
1514
1454
1324
1157
980
817
701
651
649
667
683
693
688
669
654
660
685
711
741
775
791
763
695
618
549
488
440
414
400
374
324
259
183
89
-18
-102
-139
-135
-103
-43
40
128
209
284
357
424
481
535
594
649
687
707
711
696
652
588
515
436
352
270
195
122
43
-38
-115
-189
-265
-337
-391
-420
-428
-421
-401
-372
-340
-309
-279
-255
-237
-222
-201
-169
-130
-90
-56
-32
-14
2
11
2
-23
-47
-58
-59
-54
-45
-32
-26
-29
-33
-30
-33
-52
-76
-84
-77
-73
-79
-90
-109
-142
-190
-234
-268
-299
-336
-369
-385
-389
-392
-394
-388
-377
-363
-347
-316
-271
-224
-190
-166
-143
-114
-85
-66
-54
-47
-42
-39
-37
-39
-55
-92
-142
-187
-220
-251
-289
-326
-349
-356
-360
-371
-399
-443
-499
-552
-596
-632
-667
-697
-714
-711
-698
-693
-712
-751
-792
-820
-836
-855
-889
-930
-971
-1008
-1037
-1056
-1071
-1086
-1089
-1066
-1025
-1002
-1023
-1076
-1122
-1121
-1037
-836
-504
-63
444
974
1471
1859
2072
2101
1990
1806
1614
1474
1418
1433
1471
1483
1436
1293
1024
637
187
-265
-675
-1011
-1248
-1398
-1498
-1573
-1613
-1601
-1536
-1415
-1222
-954
-642
-335
-59
175
348
449
508
577
686
838
1026
1237
1436
1564
1588
1518
1382
1201
1002
823
702
648
649
688
747
802
833
838
836
838
846
849
843
823
787
731
656
572
493
431
385
346
307
260
195
102
-13
-133
-239
-312
-337
-298
-201
-71
64
194
323
442
536
596
633
664
695
728
760
781
774
732
665
594
516
416
290
156
36
-66
-163
-256
-341
-416
-477
-513
-513
-487
-458
-435
-407
-369
-334
-316
-309
-302
-290
-275
-252
-219
-186
-166
-156
-150
-144
-145
-153
-160
-165
-168
-169
-160
-141
-121
-101
-81
-60
-45
-35
-30
-31
-46
-68
-88
-103
-120
-147
-178
-209
-237
-260
-279
-292
-306
-322
-336
-341
-341
-339
-335
-321
-291
-245
-190
-136
-89
-49
-17
3
9
5
-4
-17
-34
-51
-60
-69
-85
-108
-126
-145
-179
-227
-270
-299
-321
-339
-342
-326
-301
-285
-274
-262
-257
-276
-312
-347
-377
-413
-459
-506
-547
-592
-640
-678
-692
-690
-686
-682
-670
-649
-637
-644
-674
-722
-780
-832
-860
-858
-834
-805
-784
-775
-785
-829
-920
-1045
-1155
-1189
-1100
-869
-506
-42
468
959
1374
1666
1803
1779
1633
1443
1286
1196
1169
1181
1202
1190
1103
916
636
282
-112
-498
-822
-1057
-1212
-1317
-1387
-1422
-1417
-1369
-1267
-1096
-855
-561
-241
73
344
534
627
647
634
626
648
716
827
957
1075
1152
1170
1118
999
844
698
595
547
553
601
672
745
811
871
924
959
976
988
1005
1013
992
935
844
723
584
451
347
271
209
158
123
97
61
4
-63
-122
-161
-168
-128
-33
103
255
405
544
659
742
789
807
804
781
741
689
630
561
477
373
257
148
60
-12
-79
-148
-215
-278
-339
-393
-428
-446
-454
-446
-404
-329
-249
-193
-159
-133
-117
-123
-149
-180
-215
-260
-305
-329
-331
-330
-336
-333
-308
-276
-258
-251
-244
-237
-235
-236
-224
-197
-166
-131
-83
-22
34
67
74
59
17
-51
-138
-228
-309
-375
-419
-433
-420
-387
-346
-309
-281
-262
-248
-240
-244
-256
-268
-273
-266
-240
-196
-137
-77
-20
37
87
110
92
38
-34
-108
-176
-230
-264
-280
-279
-262
-232
-200
-183
-186
-200
-212
-221
-227
-233
-241
-251
-258
-261
-265
-280
-306
-333
-355
-374
-393
-414
-440
-478
-523
-562
-591
-618
-649
-674
-677
-664
-649
-644
-651
-681
-743
-822
-894
-949
-996
-1041
-1067
-1061
-1038
-1029
-1046
-1079
-1107
-1097
-1001
-778
-428
9
488
973
1418
1757
1930
1927
1789
1585
1382
1231
1150
1118
1092
1032
917
734
473
139
-232
-578
-846
-1016
-1108
-1156
-1183
-1196
-1195
-1166
-1086
-935
-717
-448
-150
151
411
580
639
616
552
476
412
397
450
552
661
746
800
814
780
719
672
663
688
740
828
948
1067
1154
1204
1232
1244
1241
1230
1215
1181
1104
975
812
629
434
245
84
-33
-103
-129
-119
-90
-71
-70
-81
-83
-66
-18
64
173
291
409
525
632
711
748
753
742
721
689
647
594
521
424
313
209
119
38
-36
-89
-117
-130
-143
-161
-182
-206
-235
-259
-272
-269
-258
-248
-242
-244
-258
-286
-324
-362
-392
-413
-431
-445
-453
-455
-456
-462
-464
-449
-416
-376
-336
-292
-245
-204
-177
-154
-126
-99
-80
-64
-40
-18
-20
-48
-77
-90
-97
-114
-135
-147
-157
-177
-206
-231
-255
-288
-323
-333
-311
-281
-266
-261
-249
-232
-222
-217
-206
-184
-158
-129
-91
-45
-9
6
4
-1
-9
-27
-57
-85
-105
-118
-133
-150
-157
-149
-132
-112
-84
-47
-11
12
22
24
17
-8
-46
-79
-96
-103
-112
-118
-121
-131
-157
-195
-234
-275
-323
-380
-436
-489
-538
-579
-609
-631
-651
-663
-661
-648
-641
-653
-694
-765
-858
-948
-1016
-1061
-1091
-1099
-1071
-1013
-956
-926
-924
-943
-964
-945
-833
-598
-259
150
602
1058
1452
1716
1820
1777
1625
1413
1205
1057
981
945
907
840
723
537
280
-26
-332
-592
-776
-874
-902
-890
-876
-879
-894
-897
-863
-779
-641
-449
-211
45
271
420
477
458
392
314
262
262
314
403
517
646
763
832
839
807
780
786
830
906
1007
1115
1212
1285
1327
1330
1289
1214
1133
1070
1029
984
907
792
646
477
291
106
-53
-170
-237
-252
-217
-146
-66
-2
45
86
126
168
221
299
397
499
587
659
713
743
745
719
673
616
559
508
461
408
341
263
180
107
54
19
-16
-53
-81
-93
-101
-123
-156
-193
-231
-271
-301
-311
-316
-339
-378
-412
-436
-464
-503
-536
-554
-566
-575
-565
-529
-485
-447
-410
-358
-301
-251
-208
-159
-112
-75
-43
-4
33
53
53
45
30
1
-38
-75
-110
-153
-199
-237
-262
-286
-309
-318
-309
-299
-296
-291
-281
-278
-288
-297
-291
-274
-257
-235
-203
-171
-154
-150
-140
-121
-100
-81
-56
-23
4
14
6
-12
-35
-59
-71
-63
-38
-6
25
52
73
78
64
34
1
-23
-34
-38
-42
-47
-51
-57
-70
-90
-113
-135
-160
-183
-197
-209
-234
-278
-327
-368
-411
-464
-520
-558
-574
-582
-587
-585
-584
-602
-642
-692
-746
-822
-917
-1001
-1042
-1046
-1037
-1023
-1000
-983
-995
-1033
-1069
-1084
-1061
-959
-730
-365
87
562
1015
1401
1662
1762
1716
1571
1368
1156
992
913
895
885
845
758
606
375
85
-217
-485
-697
-840
-907
-917
-908
-904
-899
-877
-830
-749
-620
-439
-223
-3
186
313
358
325
240
139
55
14
29
97
204
338
477
594
669
716
759
813
879
964
1072
1186
1283
1360
1423
1462
1456
1409
1352
1298
1230
1132
1009
862
679
464
251
67
-90
-218
-290
-286
-228
-157
-89
-23
31
62
83
122
180
244
318
416
523
604
642
650
639
609
560
506
455
400
337
274
219
165
109
68
61
84
122
157
176
173
146
96
23
-67
-160
-238
-294
-332
-360
-391
-437
-500
-566
-618
-663
-714
-759
-776
-762
-734
-698
-648
-589
-532
-476
-402
-311
-231
-180
-143
-98
-56
-35
-25
-12
1
0
-6
0
12
6
-20
-49
-70
-95
-130
-164
-187
-205
-223
-230
-217
-193
-176
-170
-171
-182
-209
-248
-287
-323
-353
-374
-375
-353
-313
-264
-211
-159
-115
-80
-48
-17
6
19
27
41
61
84
109
135
153
157
154
154
156
145
119
92
75
59
37
13
-5
-23
-43
-54
-44
-27
-23
-34
-46
-58
-89
-144
-206
-262
-315
-363
-396
-413
-428
-451
-470
-479
-488
-513
-550
-583
-609
-633
-656
-678
-711
-759
-808
-845
-877
-910
-935
-942
-935
-927
-924
-934
-970
-1033
-1086
-1074
-968
-763
-451
-32
453
929
1328
1610
1745
1713
1542
1308
1090
922
811
758
750
739
667
515
300
43
-235
-493
-681
-779
-808
-806
-796
-787
-790
-802
-797
-739
-612
-426
-204
28
229
355
382
316
190
43
-87
-167
-172
-97
40
212
386
539
657
747
822
894
974
1063
1162
1260
1351
1429
1486
1506
1482
1427
1360
1282
1183
1056
906
735
539
328
133
-29
-160
-256
-293
-258
-173
-70
32
125
194
227
233
239
256
278
306
353
417
477
513
522
505
461
398
332
275
229
191
162
143
129
127
143
175
213
253
292
316
305
259
190
102
-12
-138
-247
-329
-395
-457
-508
-547
-588
-637
-677
-693
-696
-702
-704
-688
-656
-624
-591
-550
-502
-452
-397
-334
-266
-202
-150
-112
-89
-78
-73
-72
-81
-93
-94
-78
-59
-39
-9
25
40
23
-1
-19
-40
-75
-107
-119
-125
-150
-185
-209
-232
-278
-335
-366
-363
-352
-343
-319
-281
-253
-240
-219
-179
-133
-93
-46
20
87
132
158
176
181
168
153
149
147
139
134
140
150
150
146
148
154
156
161
177
190
183
162
142
121
82
28
-25
-72
-114
-151
-172
-182
-201
-236
-281
-325
-367
-414
-457
-488
-500
-490
-463
-429
-401
-390
-399
-426
-460
-485
-505
-536
-584
-636
-685
-742
-813
-885
-941
-986
-1025
-1047
-1045
-1042
-1074
-1136
-1181
-1172
-1096
-934
-660
-278
163
607
1018
1357
1562
1599
1497
1325
1129
935
773
668
603
537
446
334
199
24
-184
-380
-523
-610
-660
-678
-669
-655
-652
-644
-600
-515
-402
-263
-93
84
224
297
303
245
123
-38
-183
-270
-293
-257
-154
13
211
402
575
735
870
965
1037
1116
1206
1285
1351
1415
1472
1497
1480
1440
1385
1300
1172
1022
870
707
522
332
161
19
-91
-150
-144
-87
-3
94
199
293
354
376
373
351
315
283
276
286
298
311
328
341
338
322
301
272
228
183
159
153
142
127
132
164
203
240
289
346
379
374
342
288
197
61
-91
-229
-351
-462
-545
-586
-602
-620
-634
-632
-622
-624
-633
-625
-596
-564
-537
-501
-450
-400
-360
-322
-276
-232
-203
-181
-157
-141
-146
-165
-182
-185
-182
-179
-166
-135
-92
-51
-15
21
55
69
61
44
30
13
-19
-63
-103
-134
-166
-201
-228
-246
-265
-282
-279
-251
-220
-204
-189
-159
-125
-103
-84
-49
-2
41
78
126
180
215
217
202
190
178
159
135
117
106
98
94
100
115
129
139
153
173
194
204
193
161
119
73
24
-25
-68
-97
-118
-138
-155
-166
-176
-198
-236
-279
-314
-337
-350
-359
-359
-349
-329
-309
-301
-307
-318
-337
-376
-435
-492
-535
-580
-645
-720
-791
-862
-941
-1012
-1053
-1070
-1085
-1096
-1086
-1064
-1069
-1116
-1173
-1208
-1205
-1140
-965
-659
-255
193
649
1084
1438
1642
1672
1562
1361
1116
877
689
563
477
409
351
291
204
76
-77
-218
-317
-366
-377
-370
-367
-379
-410
-446
-464
-441
-371
-264
-130
21
161
240
218
104
-60
-231
-377
-470
-487
-420
-278
-81
146
375
575
740
881
1005
1114
1208
1288
1349
1384
1394
1388
1364
1321
1263
1203
1145
1080
1001
907
790
643
475
313
177
68
-2
-12
45
143
248
344
426
481
487
443
368
282
196
126
83
61
46
31
29
47
74
93
102
113
130
150
164
174
178
173
163
166
199
258
312
338
333
312
274
201
80
-71
-219
-341
-432
-491
-517
-522
-522
-522
-513
-490
-467
-459
-460
-456
-448
-449
-463
-479
-491
-504
-515
-506
-462
-401
-346
-303
-263
-223
-200
-198
-199
-186
-164
-144
-124
-93
-52
-9
31
62
84
96
99
92
68
21
-42
-109
-167
-212
-240
-252
-256
-252
-233
-197
-157
-121
-82
-35
5
25
33
42
44
21
-14
-29
-14
6
13
21
46
71
76
65
60
71
91
120
162
217
273
325
374
416
440
443
428
399
355
295
223
142
54
-34
-115
-181
-227
-255
-269
-271
-266
-257
-248
-243
-244
-253
-269
-286
-294
-294
-292
-301
-314
-330
-358
-412
-477
-532
-580
-643
-722
-786
-814
-824
-847
-887
-922
-947
-967
-983
-990
-994
-1002
-1009
-1011
-1013
-1022
-1039
-1060
-1073
-1042
-919
-686
-375
-26
350
741
1089
1321
1415
1391
1262
1045
803
614
493
397
307
253
246
236
175
88
21
-23
-66
-96
-96
-91
-122
-190
-256
-298
-320
-321
-287
-217
-135
-60
-2
9
-56
-177
-299
-390
-451
-472
-421
-289
-102
111
345
587
801
961
1085
1195
1274
1302
1297
1290
1274
1226
1156
1102
1067
1022
961
915
903
897
865
815
767
710
626
527
448
403
382
381
405
452
493
507
491
442
352
224
93
-9
-78
-126
-155
-157
-131
-89
-42
8
58
106
151
196
230
240
221
179
121
58
6
-15
-3
22
45
69
94
102
73
9
-68
-142
-208
-267
-314
-349
-374
-389
-392
-386
-380
-373
-362
-356
-371
-412
-466
-519
-569
-613
-636
-626
-586
-530
-469
-404
-340
-290
-255
-229
-205
-180
-158
-139
-124
-117
-115
-110
-95
-74
-56
-42
-24
-2
14
14
1
-12
-20
-25
-30
-29
-22
-11
2
13
24
30
34
38
38
24
-5
-32
-51
-69
-94
-111
-104
-78
-54
-34
0
50
96
124
143
170
199
214
217
224
238
255
272
296
322
333
327
314
296
259
199
139
99
74
48
25
20
29
34
29
22
12
-15
-63
-115
-162
-214
-280
-349
-405
-446
-483
-509
-519
-528
-551
-581
-594
-597
-613
-649
-685
-704
-712
-721
-734
-763
-822
-900
-966
-1016
-1079
-1157
-1212
-1225
-1230
-1251
-1262
-1234
-1194
-1165
-1094
-898
-586
-241
101
468
843
1129
1263
1271
1199
1040
803
569
422
345
274
207
189
206
195
147
117
128
148
162
198
260
293
251
155
50
-56
-160
-232
-248
-234
-220
-203
-180
-187
-255
-359
-448
-500
-518
-491
-393
-234
-56
123
313
511
686
827
945
1040
1102
1139
1166
1176
1143
1075
1012
972
935
889
863
876
908
933
963
1008
1036
1015
957
897
840
771
700
656
640
618
576
529
473
379
243
106
3
-69
-122
-153
-150
-126
-101
-81
-55
-22
13
61
123
182
212
209
179
117
23
-84
-171
-220
-238
-231
-197
-143
-91
-58
-42
-35
-35
-39
-42
-45
-59
-87
-123
-164
-219
-285
-346
-389
-418
-446
-476
-503
-530
-562
-595
-621
-633
-625
-588
-530
-469
-413
-358
-297
-246
-217
-202
-187
-173
-175
-192
-206
-219
-240
-266
-274
-252
-213
-172
-127
-79
-37
-3
34
79
122
150
173
203
226
216
165
90
11
-60
-112
-134
-127
-103
-71
-31
12
41
48
41
36
36
41
54
80
110
127
129
134
158
192
211
210
214
237
262
266
256
257
273
280
271
266
280
294
288
276
285
305
307
285
252
209
140
50
-35
-99
-156
-213
-257
-280
-301
-330
-360
-382
-403
-425
-434
-425
-417
-434
-468
-507
-559
-634
-708
-748
-765
-796
-837
-851
-842
-860
-932
-1021
-1087
-1137
-1198
-1251
-1260
-1230
-1197
-1173
-1134
-1072
-1007
-943
-849
-691
-462
-180
135
455
739
950
1066
1080
993
833
646
475
344
261
226
219
212
194
179
179
190
208
254
337
424
468
450
381
269
112
-61
-201
-280
-310
-316
-303
-274
-250
-255
-284
-313
-324
-311
-267
-191
-93
13
119
230
349
468
582
691
791
874
932
959
959
938
911
883
856
833
826
840
859
873
890
930
987
1035
1059
1069
1066
1031
955
859
773
699
624
548
490
450
405
334
248
167
100
49
22
26
51
76
87
92
99
102
91
70
58
63
71
61
21
-40
-114
-194
-271
-324
-337
-316
-279
-234
-174
-103
-42
-10
0
6
12
5
-23
-67
-125
-196
-275
-341
-383
-407
-425
-435
-431
-426
-435
-459
-478
-483
-483
-477
-451
-399
-342
-303
-279
-252
-224
-213
-218
-225
-229
-245
-276
-308
-328
-339
-346
-338
-300
-243
-183
-122
-59
0
40
67
93
118
129
122
107
88
58
17
-23
-58
-89
-112
-117
-101
-80
-59
-25
26
81
127
164
195
214
215
206
194
180
157
134
118
103
84
66
56
53
57
86
151
230
294
338
378
410
404
357
298
253
219
190
178
189
200
184
146
104
62
8
-56
-111
-145
-166
-183
-200
-216
-238
-266
-289
-304
-316
-331
-353
-383
-419
-464
-524
-594
-663
-724
-774
-813
-833
-836
-837
-847
-855
-855
-872
-933
-1020
-1083
-1123
-1180
-1257
-1292
-1256
-1201
-1178
-1146
-1048
-913
-807
-695
-474
-146
171
409
626
849
982
931
756
579
421
233
55
-6
57
130
148
180
279
381
415
414
455
532
570
544
493
423
292
100
-81
-196
-254
-286
-291
-254
-193
-139
-111
-110
-131
-163
-186
-182
-149
-94
-16
85
200
323
453
576
667
717
735
735
718
682
646
632
638
654
681
729
793
849
892
938
997
1055
1094
1115
1123
1105
1041
938
826
726
638
560
509
492
494
494
480
453
409
346
277
227
204
194
181
164
144
118
82
36
-12
-56
-92
-113
-121
-129
-151
-186
-229
-275
-314
-333
-325
-298
-262
-215
-154
-94
-60
-55
-62
-75
-104
-150
-200
-248
-301
-356
-395
-406
-400
-388
-369
-338
-307
-294
-299
-305
-310
-320
-331
-334
-327
-323
-331
-341
-343
-340
-339
-337
-322
-292
-257
-231
-218
-213
-214
-221
-232
-233
-216
-182
-145
-108
-66
-27
-9
-23
-52
-77
-93
-106
-111
-93
-54
-15
13
38
64
82
84
81
89
115
149
184
215
235
235
216
189
160
134
117
117
133
158
189
224
253
260
244
229
230
234
229
222
230
249
262
262
260
253
224
174
137
133
145
147
145
153
164
158
127
80
25
-36
-89
-112
-109
-102
-105
-114
-135
-176
-233
-291
-349
-410
-457
-461
-432
-416
-435
-468
-495
-540
-618
-696
-744
-780
-834
-885
-904
-912
-960
-1044
-1110
-1140
-1172
-1218
-1235
-1207
-1169
-1145
-1107
-1032
-949
-880
-784
-613
-381
-138
98
339
555
683
703
645
526
343
124
-57
-155
-182
-164
-98
27
184
331
450
547
620
657
660
638
588
496
358
185
6
-151
-268
-339
-362
-328
-236
-107
24
128
199
231
221
178
127
85
53
33
43
95
175
258
334
401
455
494
525
555
580
599
618
643
669
690
710
738
768
799
841
902
966
1009
1027
1025
997
931
839
749
676
620
585
581
608
642
662
665
652
616
562
505
456
411
362
308
255
203
149
91
32
-21
-64
-89
-96
-96
-97
-105
-125
-156
-191
-221
-247
-275
-299
-302
-282
-255
-236
-224
-219
-222
-235
-248
-258
-273
-300
-327
-337
-331
-322
-318
-317
-316
-316
-317
-319
-321
-328
-338
-343
-337
-323
-308
-297
-291
-286
-276
-259
-239
-223
-213
-201
-182
-164
-158
-168
-189
-213
-236
-258
-269
-263
-250
-242
-238
-224
-200
-181
-170
-149
-103
-49
-10
19
46
58
33
-20
-65
-94
-121
-139
-120
-51
37
117
194
272
328
339
316
285
249
201
157
137
137
142
155
185
220
245
261
279
294
298
298
316
340
344
327
312
293
251
190
144
121
99
80
89
129
164
166
155
154
142
98
41
4
-21
-60
-105
-129
-133
-146
-175
-200
-204
-201
-210
-226
-243
-273
-328
-403
-475
-533
-584
-637
-687
-721
-736
-746
-768
-791
-801
-808
-836
-880
-924
-970
-1046
-1148
-1226
-1247
-1231
-1209
-1168
-1088
-992
-910
-824
-694
-527
-354
-171
48
274
431
475
427
309
119
-107
-287
-363
-354
-287
-144
76
306
478
594
691
763
782
764
742
701
590
413
234
88
-44
-158
-203
-153
-42
84
219
361
474
521
509
472
416
328
222
131
70
35
31
70
146
236
325
410
479
515
520
517
517
519
522
537
566
595
614
631
656
689
731
787
854
915
944
930
882
815
739
666
611
589
599
632
674
714
741
744
716
670
624
583
534
472
410
352
289
216
145
91
49
13
-4
8
31
31
5
-28
-63
-120
-197
-264
-304
-334
-370
-393
-386
-369
-373
-391
-397
-396
-413
-447
-467
-465
-464
-477
-481
-462
-440
-432
-428
-411
-394
-399
-418
-428
-429
-444
-471
-482
-464
-432
-405
-372
-327
-282
-249
-221
-185
-151
-138
-150
-170
-186
-208
-239
-273
-292
-292
-275
-245
-202
-153
-108
-77
-56
-38
-23
-20
-30
-42
-40
-29
-24
-30
-38
-42
-44
-42
-27
2
33
62
93
128
156
164
164
166
166
159
157
171
187
193
200
223
251
258
242
234
244
247
233
222
231
237
224
205
204
210
200
179
176
196
213
214
211
215
213
193
161
122
77
28
-13
-37
-48
-48
-44
-43
-54
-72
-88
-107
-142
-189
-229
-256
-292
-347
-405
-452
-503
-565
-621
-651
-668
-692
-716
-723
-721
-738
-772
-804
-834
-886
-959
-1027
-1081
-1142
-1214
-1266
-1281
-1278
-1277
-1264
-1222
-1173
-1143
-1106
-1012
-851
-655
-440
-200
40
212
268
217
93
-91
-313
-508
-599
-569
-454
-288
-82
140
336
475
563
620
653
659
642
609
551
450
305
136
-21
-131
-175
-153
-67
73
249
427
572
665
708
698
632
525
409
302
200
113
72
95
162
245
336
438
532
591
622
653
687
704
702
707
724
722
688
650
636
639
645
671
737
821
884
915
930
927
887
818
761
742
744
749
762
787
807
798
763
718
670
616
562
520
491
463
428
386
341
299
259
218
171
127
96
78
56
23
-16
-61
-120
-193
-261
-312
-354
-397
-426
-426
-410
-404
-408
-409
-407
-420
-451
-481
-502
-527
-563
-589
-587
-568
-558
-558
-555
-547
-549
-565
-580
-579
-567
-556
-541
-510
-465
-426
-401
-382
-358
-331
-307
-284
-254
-222
-203
-204
-219
-241
-273
-309
-333
-329
-298
-247
-182
-111
-54
-25
-21
-28
-43
-68
-96
-110
-107
-92
-69
-40
-15
-4
-6
-5
10
38
79
135
203
266
309
331
332
307
257
206
181
187
214
252
301
356
405
436
447
441
421
396
378
379
399
426
449
464
468
457
427
386
345
308
277
261
264
277
282
274
268
268
252
213
172
148
130
97
57
30
5
-46
-123
-189
-226
-258
-296
-313
-295
-272
-274
-298
-324
-364
-435
-526
-608
-674
-736
-786
-806
-802
-800
-806
-807
-808
-830
-873
-914
-953
-1010
-1086
-1155
-1207
-1261
-1323
-1360
-1345
-1298
-1251
-1197
-1112
-1001
-888
-767
-605
-403
-208
-58
44
96
69
-53
-237
-418
-554
-627
-611
-486
-269
-19
213
405
548
627
636
604
561
512
444
361
274
177
58
-60
-130
-125
-58
59
231
443
640
773
843
867
836
733
578
425
303
208
142
132
190
291
403
520
640
743
807
832
840
841
838
831
823
807
773
725
675
633
609
617
663
739
830
922
994
1025
1005
945
871
803
754
732
740
767
797
817
822
805
766
715
666
626
597
576
560
541
518
495
472
442
399
351
306
261
208
150
96
41
-23
-89
-145
-187
-223
-254
-270
-270
-263
-255
-245
-240
-255
-294
-345
-401
-469
-547
-613
-647
-656
-658
-648
-615
-569
-539
-535
-538
-534
-534
-549
-566
-568
-560
-561
-570
-571
-551
-523
-501
-478
-441
-390
-337
-294
-259
-235
-227
-239
-261
-282
-295
-296
-279
-241
-187
-129
-67
-5
43
64
63
60
61
54
40
37
54
76
82
81
88
97
99
107
145
205
263
306
346
377
382
360
334
318
302
282
277
299
328
341
349
367
385
387
379
376
372
359
346
353
368
370
360
359
367
359
335
314
304
288
266
258
269
272
250
212
175
136
92
52
25
10
1
-2
-5
-32
-89
-153
-208
-262
-316
-355
-366
-370
-389
-416
-433
-446
-479
-531
-580
-615
-647
-688
-729
-765
-803
-846
-888
-919
-938
-955
-978
-1005
-1025
-1044
-1080
-1138
-1198
-1238
-1262
-1283
-1292
-1268
-1224
-1197
-1189
-1155
-1065
-947
-825
-672
-464
-242
-73
16
34
-30
-190
-406
-591
-689
-697
-616
-434
-169
113
357
547
676
720
683
611
546
479
388
280
181
94
8
-58
-59
26
174
360
577
810
1013
1138
1159
1085
939
743
518
299
132
45
41
110
245
430
630
803
928
1007
1046
1039
988
913
835
755
672
595
532
481
445
439
482
573
695
829
955
1052
1102
1100
1047
951
829
708
613
551
522
524
549
580
607
635
665
688
696
690
679
665
641
603
555
495
422
341
264
194
135
95
76
66
53
41
34
25
0
-40
-82
-120
-158
-203
-246
-281
-316
-363
-424
-490
-554
-611
-657
-686
-691
-670
-627
-579
-539
-520
-524
-555
-611
-682
-753
-807
-838
-847
-829
-784
-723
-665
-621
-591
-572
-558
-541
-511
-465
-415
-379
-361
-356
-359
-376
-399
-415
-413
-391
-345
-272
-181
-98
-34
14
52
70
63
45
35
33
30
31
46
69
88
104
131
170
208
242
281
329
371
400
419
428
419
391
355
320
284
252
244
267
311
360
413
461
490
497
493
486
467
433
397
374
357
336
315
301
288
270
257
260
274
290
308
324
328
310
280
246
198
131
64
16
-22
-70
-118
-141
-143
-150
-167
-172
-158
-155
-186
-233
-272
-301
-339
-397
-464
-526
-581
-633
-689
-747
-791
-808
-810
-813
-812
-795
-775
-783
-821
-862
-897
-946
-1025
-1114
-1191
-1259
-1326
-1379
-1403
-1405
-1390
-1344
-1261
-1168
-1086
-1000
-893
-775
-669
-562
-441
-337
-299
-334
-403
-490
-611
-740
-805
-762
-629
-439
-194
82
327
487
565
591
562
474
354
247
158
68
-8
-42
-35
-3
66
195
381
584
782
963
1102
1154
1111
1004
856
664
448
266
153
104
116
213
396
612
805
964
1099
1187
1191
1119
1014
899
770
643
548
488
438
396
392
441
531
646
779
916
1026
1084
1089
1045
949
809
665
550
471
424
412
435
477
515
550
592
635
665
680
691
695
679
641
591
529
450
364
291
240
197
154
118
100
96
99
112
134
150
142
109
64
13
-52
-130
-205
-268
-324
-380
-431
-472
-511
-557
-594
-597
-568
-533
-511
-488
-459
-446
-476
-544
-626
-712
-805
-891
-939
-937
-903
-857
-797
-723
-650
-594
-555
-526
-512
-515
-523
-526
-522
-520
-520
-516
-510
-505
-494
-463
-414
-357
-294
-218
-133
-56
2
37
48
35
13
-3
-7
-7
-2
21
61
105
143
184
228
262
286
317
368
425
468
491
499
488
452
401
350
310
284
283
314
365
417
463
509
547
566
564
550
529
498
463
428
394
355
313
280
260
247
246
261
284
304
324
352
379
386
367
333
284
212
119
25
-54
-118
-169
-193
-184
-161
-143
-128
-115
-121
-154
-199
-234
-266
-313
-373
-431
-487
-556
-638
-707
-749
-781
-817
-840
-827
-790
-767
-777
-797
-802
-806
-840
-907
-977
-1034
-1097
-1179
-1254
-1295
-1312
-1329
-1336
-1306
-1242
-1185
-1150
-1109
-1045
-974
-906
-822
-716
-615
-541
-481
-433
-428
-490
-581
-646
-674
-683
-654
-547
-372
-184
-8
175
354
475
509
484
437
366
265
157
74
23
0
19
97
219
362
520
691
852
981
1072
1122
1115
1040
916
775
630
483
360
296
304
376
505
688
893
1068
1184
1247
1265
1227
1129
995
859
734
619
526
470
458
480
530
606
706
818
926
1011
1059
1062
1022
943
837
717
595
489
409
367
366
397
450
513
580
641
691
723
730
706
653
588
525
469
412
350
290
239
199
167
146
135
135
141
152
165
171
160
127
75
13
-53
-122
-189
-253
-313
-369
-417
-450
-475
-502
-534
-564
-582
-589
-587
-572
-545
-523
-526
-555
-596
-647
-719
-809
-895
-952
-970
-950
-896
-816
-736
-671
-621
-580
-554
-548
-551
-549
-543
-538
-530
-518
-514
-526
-539
-527
-485
-430
-367
-289
-198
-114
-49
2
47
72
70
50
30
15
2
2
25
66
111
164
234
310
369
406
433
461
483
494
499
500
493
471
440
416
400
392
393
410
445
496
555
608
638
638
619
592
559
521
483
452
423
391
361
344
338
337
337
345
360
375
382
381
369
339
295
248
201
146
85
26
-24
-68
-103
-120
-120
-119
-128
-138
-143
-155
-192
-248
-306
-355
-402
-448
-487
-518
-553
-598
-651
-703
-747
-779
-797
-806
-810
-809
-807
-813
-839
-879
-917
-946
-978
-1024
-1079
-1131
-1177
-1223
-1263
-1278
-1260
-1226
-1193
-1159
-1111
-1053
-1006
-969
-906
-800
-676
-569
-487
-428
-409
-455
-549
-647
-719
-760
-750
-654
-475
-269
-81
88
236
334
369
367
354
320
250
167
107
70
36
25
74
177
299
433
596
771
915
1011
1076
1111
1088
998
873
739
591
442
341
329
396
514
679
876
1055
1175
1238
1259
1230
1143
1027
925
845
765
679
606
555
520
512
556
649
765
879
981
1053
1074
1037
958
858
748
639
549
487
446
423
421
443
479
529
592
655
696
707
694
662
611
549
494
452
413
369
327
292
251
197
144
116
119
143
174
199
206
188
146
84
10
-63
-124
-171
-211
-250
-288
-332
-392
-460
-513
-534
-531
-517
-496
-465
-439
-435
-461
-509
-569
-639
-717
-795
-864
-912
-934
-925
-889
-834
-767
-695
-632
-591
-576
-586
-614
-647
-672
-679
-670
-654
-635
-617
-598
-576
-543
-497
-439
-367
-280
-184
-106
-65
-59
-74
-103
-140
-170
-173
-145
-99
-39
35
119
198
265
322
373
410
427
434
436
429
410
389
378
374
373
378
400
440
491
544
596
650
696
722
715
677
618
552
488
431
391
379
393
419
448
476
501
516
521
517
504
479
444
403
353
285
203
131
82
48
24
21
41
65
71
66
60
46
9
-48
-110
-175
-253
-340
-416
-473
-516
-537
-522
-485
-453
-437
-431
-444
-493
-570
-650
-715
-775
-830
-862
-868
-877
-900
-916
-911
-910
-928
-937
-923
-917
-954
-1015
-1059
-1096
-1158
-1230
-1259
-1234
-1202
-1186
-1151
-1073
-981
-901
-813
-698
-583
-506
-470
-461
-494
-589
-717
-813
-843
-818
-741
-602
-416
-229
-74
51
152
211
214
187
169
166
154
118
74
38
17
17
56
148
283
439
606
773
916
1010
1041
1014
942
833
705
582
487
429
417
461
559
691
832
966
1080
1155
1179
1164
1130
1085
1020
939
858
782
702
624
572
563
594
657
753
872
984
1055
1073
1045
976
871
750
641
556
491
445
423
427
445
469
501
544
590
627
651
659
642
597
535
471
410
346
277
215
166
127
93
74
82
118
163
201
228
235
207
138
44
-50
-131
-201
-253
-278
-283
-290
-317
-358
-398
-432
-458
-469
-457
-429
-403
-391
-402
-440
-508
-596
-685
-758
-809
-835
-835
-814
-782
-744
-708
-679
-665
-664
-669
-674
-681
-690
-693
-689
-685
-685
-685
-682
-677
-675
-667
-641
-591
-523
-445
-364
-293
-242
-218
-217
-236
-266
-293
-302
-287
-251
-198
-132
-59
11
71
127
185
243
295
336
363
372
362
336
304
276
260
267
305
370
447
525
597
660
707
730
733
718
685
633
573
517
472
435
410
408
435
481
532
577
617
646
655
638
600
546
479
402
321
244
177
125
92
83
94
121
157
191
207
197
164
112
42
-45
-139
-229
-309
-375
-427
-462
-481
-489
-480
-457
-428
-411
-408
-416
-444
-504
-589
-677
-754
-827
-901
-959
-983
-982
-970
-949
-916
-883
-871
-877
-886
-896
-926
-983
-1049
-1108
-1165
-1218
-1254
-1263
-1256
-1242
-1208
-1142
-1057
-971
-881
-773
-654
-552
-486
-451
-448
-490
-575
-677
-768
-829
-843
-793
-675
-512
-330
-147
22
156
240
276
282
265
229
184
143
104
63
26
12
35
99
201
342
516
701
872
1006
1089
1110
1069
978
860
734
616
521
468
472
533
636
760
889
1008
1105
1171
1201
1201
1173
1125
1063
992
918
842
765
694
639
609
614
656
733
830
927
1003
1040
1030
977
891
789
685
588
514
475
469
481
493
503
511
518
523
528
533
534
525
509
489
463
424
373
321
273
227
183
149
129
117
104
92
85
78
60
28
-9
-47
-87
-128
-162
-182
-193
-207
-229
-260
-300
-351
-411
-473
-525
-561
-578
-578
-564
-546
-536
-541
-559
-585
-617
-654
-692
-720
-733
-735
-736
-740
-746
-752
-758
-764
-760
-742
-715
-687
-656
-624
-596
-587
-598
-616
-629
-635
-636
-622
-582
-520
-450
-385
-326
-277
-246
-237
-240
-241
-240
-237
-225
-191
-137
-81
-35
4
52
108
164
211
255
297
334
361
375
376
363
341
323
322
343
381
428
484
548
611
663
693
702
690
663
627
587
548
515
492
482
489
511
539
561
575
590
606
616
610
592
572
548
511
456
390
323
263
215
185
175
180
193
209
220
214
189
147
96
37
-28
-91
-150
-207
-259
-303
-338
-371
-402
-421
-424
-421
-426
-437
-446
-461
-493
-540
-589
-634
-686
-743
-789
-820
-847
-876
-896
-900
-897
-900
-910
-926
-948
-975
-1000
-1019
-1042
-1071
-1093
-1099
-1096
-1097
-1088
-1056
-1011
-967
-912
-829
-732
-655
-607
-570
-540
-535
-563
-599
-624
-645
-663
-647
-579
-482
-388
-294
-186
-79
-7
31
67
109
134
134
137
162
186
188
181
187
208
232
275
358
475
594
695
779
843
870
856
814
763
716
683
675
692
723
757
793
830
859
880
902
931
960
981
998
1012
1014
994
958
917
876
833
797
783
788
798
809
827
850
861
849
821
790
755
714
674
649
641
640
639
641
640
628
599
561
523
493
471
455
448
446
442
426
399
367
334
305
280
260
245
235
223
204
176
137
91
42
-4
-42
-73
-100
-125
-145
-160
-173
-190
-214
-242
-273
-308
-345
-382
-417
-447
-472
-490
-503
-515
-533
-562
-596
-630
-656
-672
-683
-687
-685
-678
-676
-683
-696
-710
-723
-730
-727
-711
-691
-675
-667
-661
-660
-666
-676
-680
-669
-646
-616
-582
-544
-505
-471
-442
-419
-403
-391
-376
-352
-323
-293
-263
-229
-193
-159
-127
-92
-56
-24
7
46
92
136
172
203
231
254
268
277
292
315
345
377
414
452
483
503
514
521
526
530
535
542
553
564
572
574
570
562
555
551
547
545
545
548
550
547
540
529
512
487
457
429
405
381
355
331
312
293
268
240
213
184
148
107
74
50
27
-2
-32
-60
-88
-124
-165
-204
-238
-269
-297
-317
-333
-353
-381
-414
-445
-475
-505
-535
-560
-581
-601
-623
-649
-680
-711
-740
-768
-797
-826
-847
-865
-886
-910
-923
-921
-915
-917
-923
-919
-911
-912
-919
-913
-889
-857
-820
-769
-703
-641
-605
-590
-580
-576
-583
-592
-588
-570
-549
-528
-500
-462
-424
-391
-356
-310
-255
-193
-127
-61
-5
39
75
105
127
144
163
186
208
231
264
312
365
414
462
511
553
580
597
616
634
646
659
683
715
743
762
777
792
797
793
795
810
831
847
857
864
865
854
835
813
795
782
777
783
794
804
808
807
799
785
767
747
726
703
680
661
641
619
598
584
576
567
555
543
532
516
496
479
472
467
458
444
429
410
381
345
311
282
257
237
222
207
190
166
136
99
58
21
-4
-20
-32
-44
-56
-70
-93
-123
-151
-179
-209
-238
-259
-273
-292
-320
-351
-380
-407
-435
-458
-472
-482
-494
-507
-515
-521
-532
-547
-559
-567
-579
-594
-607
-614
-619
-625
-629
-627
-621
-619
-618
-616
-616
-617
-616
-607
-591
-573
-555
-536
-520
-508
-498
-483
-464
-446
-425
-397
-364
-333
-307
-286
-267
-251
-237
-217
-186
-153
-123
-93
-59
-23
5
27
51
78
105
128
153
183
215
241
263
287
311
330
344
358
374
389
403
416
431
447
458
464
466
465
463
460
458
460
464
472
479
484
485
481
472
461
448
437
428
417
405
392
379
366
347
325
303
282
258
232
207
186
163
134
103
74
48
18
-13
-40
-59
-78
-103
-128
-148
-164
-182
-207
-237
-265
-291
-316
-343
-375
-406
-432
-459
-487
-515
-539
-562
-590
-622
-649
-667
-686
-712
-738
-756
-770
-789
-810
-821
-825
-833
-847
-857
-853
-840
-825
-804
-773
-739
-712
-692
-672
-650
-634
-627
-624
-621
-616
-613
-611
-609
-607
-601
-586
-561
-527
-484
-435
-381
-329
-279
-230
-186
-148
-115
-80
-38
3
40
76
116
157
194
229
267
308
347
382
415
446
471
491
511
535
562
588
612
637
664
691
721
750
778
802
824
844
858
865
866
864
861
855
848
842
837
832
827
823
820
813
802
790
780
770
758
744
729
715
702
688
677
668
661
654
645
636
626
613
597
579
560
540
518
493
467
438
409
383
361
342
325
307
290
271
251
229
204
179
156
134
113
91
68
46
25
2
-22
-45
-67
-87
-107
-128
-149
-172
-195
-219
-242
-266
-290
-313
-333
-349
-365
-380
-396
-411
-427
-440
-450
-458
-468
-479
-491
-504
-516
-526
-533
-539
-547
-555
-562
-566
-571
-577
-582
-587
-589
-587
-582
-573
-563
-554
-544
-533
-520
-506
-488
-470
-453
-438
-423
-408
-394
-383
-372
-361
-349
-335
-316
-293
-267
-244
-223
-201
-179
-156
-131
-103
-76
-52
-31
-10
12
34
55
76
98
121
144
168
190
210
226
240
254
269
284
298
310
320
327
332
337
344
353
364
375
385
392
397
399
400
397
392
388
386
382
377
369
359
346
330
312
296
282
272
260
244
224
201
176
150
122
96
74
54
34
13
-7
-27
-50
-73
-94
-114
-135
-157
-180
-205
-233
-266
-299
-331
-358
-382
-406
-432
-461
-490
-519
-549
-577
-600
-619
-637
-657
-675
-691
-709
-731
-753
-766
-769
-764
-751
-730
-705
-684
-669
-661
-655
-650
-646
-642
-637
-631
-627
-625
-626
-627
-627
-621
-609
-591
-565
-530
-490
-451
-413
-374
-334
-296
-260
-225
-188
-152
-119
-84
-45
-4
39
81
124
166
205
240
271
299
325
350
374
399
424
449
475
500
522
545
571
600
631
662
693
720
739
751
757
762
766
766
766
766
765
761
758
757
757
756
752
746
739
729
715
699
684
671
662
657
654
651
646
640
630
618
605
595
588
581
573
562
548
529
506
481
456
432
410
392
378
364
350
334
314
290
266
245
227
211
193
177
162
146
128
110
96
81
66
50
34
16
-3
-23
-41
-58
-74
-91
-107
-125
-146
-168
-189
-209
-229
-246
-260
-271
-283
-297
-312
-328
-344
-360
-375
-389
-400
-409
-418
-428
-440
-453
-466
-477
-486
-491
-494
-496
-497
-499
-502
-506
-510
-511
-508
-502
-493
-482
-472
-465
-461
-456
-450
-443
-433
-421
-408
-396
-384
-371
-357
-342
-327
-310
-290
-269
-250
-231
-214
-198
-182
-166
-148
-128
-107
-85
-65
-46
-28
-12
4
21
41
63
87
110
129
143
153
161
170
181
194
210
227
242
253
262
268
274
279
285
291
297
302
305
306
304
301
295
290
284
278
273
268
260
247
232
218
206
193
179
164
150
134
116
96
78
61
44
27
12
-4
-21
-43
-69
-96
-122
-146
-169
-190
-208
-226
-247
-273
-300
-326
-350
-371
-392
-412
-432
-453
-475
-496
-517
-537
-557
-577
-595
-609
-616
-619
-621
-622
-621
-616
-608
-598
-587
-577
-570
-569
-570
-570
-567
-562
-556
-550
-544
-539
-531
-518
-502
-482
-457
-428
-396
-362
-327
-292
-259
-230
-203
-174
-142
-108
-72
-37
-3
33
70
108
144
180
215
247
276
302
327
352
375
396
417
441
468
495
521
545
568
589
610
631
653
673
690
702
707
709
708
706
705
704
706
708
707
705
703
700
694
685
676
668
661
652
644
637
630
622
613
606
600
593
583
574
565
555
543
530
518
505
491
475
459
442
422
401
380
363
348
334
319
305
290
274
255
236
217
200
184
169
156
142
127
110
92
77
62
46
30
13
-3
-18
-35
-53
-73
-92
-110
-128
-146
-161
-176
-191
-207
-222
-237
-251
-265
-279
-294
-308
-323
-336
-348
-360
-372
-383
-392
-402
-410
-419
-428
-437
-446
-453
-458
-460
-461
-462
-463
-464
-464
-464
-461
-456
-451
-446
-442
-435
-428
-422
-417
-412
-403
-395
-385
-375
-363
-350
-338
-327
-313
-298
-283
-268
-251
-234
-217
-202
-187
-172
-155
-138
-121
-103
-84
-66
-49
-32
-16
1
16
32
48
65
81
94
105
116
127
137
149
162
177
189
199
206
213
219
224
230
237
242
245
248
250
251
248
245
242
237
230
224
219
210
197
184
172
159
146
135
126
117
103
87
74
61
46
30
14
0
-16
-35
-56
-76
-97
-121
-146
-168
-186
-203
-221
-241
-262
-286
-310
-332
-353
-371
-388
-406
-426
-446
-463
-478
-493
-510
-524
-534
-543
-551
-558
-561
-560
-559
-556
-551
-541
-533
-527
-523
-519
-516
-515
-513
-507
-497
-487
-479
-470
-459
-447
-433
-417
-394
-366
-337
-308
-279
-248
-219
-193
-169
-143
-113
-80
-47
-13
23
57
87
116
148
182
215
244
271
298
325
349
371
394
418
438
457
478
501
523
540
556
573
590
608
624
639
652
658
660
660
659
659
658
658
658
658
659
658
654
647
639
630
620
611
604
598
592
584
577
570
562
551
540
531
523
512
501
491
482
470
457
443
430
416
399
382
366
354
340
324
308
293
278
262
244
227
210
192
173
156
142
129
114
100
87
73
58
44
31
16
0
-17
-32
-46
-60
-76
-92
-107
-123
-140
-156
-171
-185
-200
-217
-233
-247
-262
-276
-290
-303
-314
-326
-338
-349
-358
-366
-375
-385
-393
-400
-406
-412
-417
-421
-424
-427
-431
-433
-435
-435
-434
-433
-431
-428
-423
-417
-411
-404
-396
-390
-385
-380
-374
-365
-354
-344
-333
-322
-311
-298
-285
-271
-257
-245
-233
-221
-207
-190
-173
-158
-144
-130
-115
-99
-83
-67
-50
-35
-20
-5
12
29
44
57
70
81
91
99
110
122
133
143
154
165
177
185
191
196
201
207
210
213
217
222
225
224
221
218
215
211
204
199
194
187
178
168
160
152
141
127
114
103
91
78
65
54
42
28
13
0
-13
-28
-47
-66
-84
-102
-121
-140
-157
-173
-191
-211
-229
-248
-267
-288
-308
-325
-340
-356
-373
-389
-403
-418
-435
-453
-469
-480
-490
-499
-505
-504
-500
-496
-494
-489
-482
-477
-476
-475
-471
-467
-466
-466
-462
-454
-448
-444
-440
-431
-418
-406
-391
-371
-347
-323
-300
-276
-251
-225
-202
-181
-158
-133
-106
-78
-48
-16
17
49
78
108
138
166
191
214
237
260
283
304
327
350
371
391
410
432
455
475
494
513
532
549
564
575
585
592
596
599
602
605
609
611
613
615
618
619
616
612
608
603
597
589
583
579
575
570
566
562
557
548
539
530
524
517
509
500
492
482
470
455
439
424
409
393
380
370
359
346
332
318
304
288
273
257
243
228
214
200
188
174
159
143
129
115
101
88
75
61
45
30
16
3
-11
-26
-42
-58
-74
-89
-103
-114
-125
-138
-151
-164
-177
-191
-206
-220
-234
-247
-258
-269
-279
-289
-299
-309
-320
-330
-338
-344
-351
-357
-363
-367
-370
-375
-380
-382
-383
-382
-382
-380
-376
-373
-370
-368
-364
-359
-355
-351
-347
-343
-337
-330
-323
-315
-305
-294
-283
-273
-261
-249
-238
-228
-218
-205
-191
-178
-164
-151
-138
-126
-114
-102
-89
-74
-60
-45
-30
-14
0
11
22
32
42
51
62
73
85
96
106
115
125
133
140
146
153
159
164
168
172
177
180
182
181
181
181
180
178
175
170
164
158
151
144
136
127
115
103
91
80
70
60
49
38
27
16
4
-9
-25
-41
-57
-72
-85
-99
-115
-131
-148
-164
-181
-197
-211
-226
-241
-256
-272
-286
-301
-317
-335
-352
-366
-380
-393
-406
-419
-431
-443
-456
-466
-472
-474
-476
-477
-475
-468
-462
-457
-453
-447
-442
-438
-435
-430
-422
-414
-410
-406
-399
-390
-382
-373
-359
-343
-325
-308
-288
-265
-241
-218
-197
-175
-153
-130
-106
-81
-53
-25
1
27
55
85
114
142
167
190
213
235
255
277
299
320
339
358
378
399
418
434
450
466
482
497
512
526
538
548
554
559
565
569
572
574
576
578
580
580
580
580
580
576
570
562
557
552
546
540
536
533
529
523
517
511
503
493
482
473
466
459
450
441
430
417
402
387
374
361
349
338
325
314
302
289
274
258
243
227
211
196
183
170
157
142
128
115
103
92
79
67
54
40
26
12
-2
-16
-31
-46
-61
-76
-89
-102
-116
-129
-143
-157
-169
-182
-194
-206
-218
-229
-241
-253
-263
-273
-283
-293
-302
-309
-314
-320
-326
-332
-339
-345
-350
-354
-358
-360
-363
-366
-367
-365
-362
-358
-355
-352
-348
-342
-336
-330
-324
-321
-318
-314
-307
-299
-289
-279
-269
-260
-250
-238
-226
-213
-202
-191
-180
-167
-154
-143
-131
-120
-110
-101
-90
-78
-63
-49
-36
-25
-14
-2
9
20
29
39
48
56
64
73
81
87
91
95
102
108
114
117
120
123
125
126
127
129
130
130
128
128
128
125
120
114
110
104
96
88
79
69
56
42
29
18
7
-5
-16
-25
-35
-46
-58
-69
-79
-91
-103
-116
-128
-141
-155
-170
-186
-202
-218
-231
-244
-256
-268
-280
-291
-305
-318
-330
-341
-353
-367
-380
-389
-398
-406
-415
-423
-429
-435
-441
-444
-443
-440
-437
-435
-432
-426
-419
-413
-408
-401
-393
-386
-380
-372
-361
-350
-342
-335
-324
-311
-298
-286
-272
-254
-237
-220
-202
-179
-157
-135
-114
-90
-66
-44
-22
2
28
54
79
104
131
157
182
205
227
247
265
282
300
320
340
359
376
391
407
424
440
454
467
481
494
506
517
529
541
549
554
559
564
567
568
568
569
569
567
565
562
559
555
550
546
541
534
528
523
518
513
507
501
495
486
476
466
458
449
439
428
420
411
400
387
374
362
347
331
315
301
287
273
257
243
229
215
199
183
168
154
139
124
110
99
86
71
57
44
33
20
6
-7
-19
-33
-47
-61
-74
-89
-103
-117
-131
-143
-157
-171
-184
-196
-208
-219
-229
-239
-248
-258
-267
-276
-284
-293
-301
-308
-313
-319
-324
-329
-332
-336
-339
-343
-346
-347
-346
-346
-346
-345
-343
-342
-340
-336
-330
-324
-319
-315
-309
-303
-297
-292
-286
-278
-269
-261
-252
-243
-233
-225
-216
-207
-195
-183
-172
-159
-147
-135
-123
-112
-100
-89
-78
-67
-56
-44
-33
-23
-13
-2
8
16
25
34
44
53
60
67
74
80
85
90
97
103
107
110
113
117
120
121
121
122
123
122
120
118
117
113
107
101
96
91
84
78
71
63
52
40
30
22
13
4
-6
-16
-26
-37
-48
-59
-69
-81
-95
-107
-117
-128
-141
-155
-169
-182
-195
-207
-219
-229
-241
-253
-266
-278
-289
-299
-309
-320
-331
-341
-350
-359
-368
-377
-383
-390
-398
-405
-408
-409
-409
-409
-407
-402
-394
-386
-380
-373
-365
-360
-357
-355
-349
-341
-333
-327
-319
-310
-301
-293
-284
-270
-255
-240
-225
-208
-188
-168
-150
-131
-110
-90
-70
-50
-27
-2
22
45
69
93
117
138
158
177
196
213
231
249
267
283
299
315
333
350
366
381
398
415
432
449
464
477
487
497
505
512
519
524
528
530
532
534
538
541
543
543
543
543
540
536
531
527
523
518
513
509
506
501
494
487
480
474
467
458
450
443
436
426
416
406
396
383
370
356
343
330
316
303
291
279
265
251
237
222
208
193
179
166
151
136
123
111
98
83
69
56
43
29
15
4
-8
-23
-39
-53
-65
-78
-92
-106
-118
-130
-143
-155
-165
-175
-186
-197
-208
-216
-224
-233
-243
-251
-258
-266
-273
-280
-286
-292
-298
-304
-309
-312
-315
-316
-318
-319
-319
-318
-316
-314
-312
-310
-308
-306
-303
-298
-292
-287
-283
-280
-275
-270
-263
-255
-246
-239
-230
-222
-212
-203
-193
-184
-175
-165
-155
-144
-132
-120
-110
-101
-91
-81
-71
-61
-51
-40
-30
-22
-13
-4
5
13
20
27
35
44
52
59
66
72
79
84
89
94
98
99
99
99
99
100
99
98
97
97
96
92
89
86
83
78
73
70
67
61
53
46
39
31
20
9
1
-8
-18
-29
-38
-48
-58
-70
-81
-92
-101
-111
-122
-131
-139
-149
-160
-171
-181
-192
-204
-216
-228
-238
-248
-257
-266
-276
-285
-295
-304
-312
-321
-328
-335
-343
-352
-359
-363
-366
-369
-371
-373
-372
-370
-365
-359
-350
-341
-334
-329
-324
-317
-309
-305
-301
-297
-291
-285
-279
-271
-260
-249
-240
-229
-213
-195
-178
-161
-143
-123
-104
-87
-69
-50
-31
-14
5
26
48
67
86
107
129
149
168
186
204
221
237
253
271
286
300
313
329
345
361
377
393
408
421
435
450
463
475
484
493
500
506
510
514
517
518
518
519
522
524
525
523
522
520
517
514
511
508
505
501
497
493
489
483
477
471
464
458
450
443
435
425
416
407
398
386
374
362
352
339
326
313
301
287
273
260
249
237
222
205
190
177
163
149
135
122
110
97
85
73
61
47
32
19
7
-5
-18
-32
-47
-62
-77
-91
-103
-116
-128
-140
-151
-161
-171
-181
-191
-201
-211
-220
-228
-235
-241
-249
-257
-263
-270
-276
-282
-286
-290
-293
-296
-299
-301
-302
-305
-307
-309
-308
-305
-303
-302
-299
-296
-292
-288
-283
-277
-271
-267
-262
-256
-249
-242
-237
-230
-222
-215
-208
-200
-191
-182
-175
-168
-159
-150
-140
-131
-121
-110
-99
-91
-82
-73
-65
-57
-50
-41
-33
-25
-18
-10
-3
3
9
14
20
24
28
33
38
43
47
51
52
53
53
55
57
58
57
56
56
53
51
49
47
42
36
30
27
23
16
8
1
-5
-13
-22
-30
-35
-43
-53
-61
-67
-72
-79
-87
-94
-102
-113
-125
-135
-145
-154
-166
-178
-189
-199
-208
-217
-226
-233
-240
-247
-254
-260
-266
-272
-281
-291
-298
-305
-311
-319
-325
-330
-334
-339
-343
-345
-347
-349
-351
-349
-345
-341
-338
-333
-327
-321
-316
-310
-302
-295
-289
-282
-273
-265
-257
-249
-240
-231
-224
-215
-203
-190
-176
-162
-145
-129
-114
-98
-81
-63
-46
-29
-9
11
30
49
69
91
110
128
146
164
180
193
207
222
237
252
268
287
304
319
332
345
359
371
384
397
410
423
433
445
456
466
473
478
481
485
489
493
497
499
500
501
500
501
501
502
500
497
492
487
482
478
474
471
467
461
454
446
439
431
423
415
407
400
393
386
378
368
356
344
331
318
305
293
281
269
255
242
230
216
200
185
171
158
144
131
118
106
91
75
61
49
36
22
9
-3
-16
-29
-43
-54
-64
-75
-87
-99
-110
-123
-137
-151
-162
-173
-183
-194
-202
-209
-216
-224
-233
-240
-247
-255
-264
-270
-274
-279
-285
-290
-293
-296
-299
-302
-303
-303
-304
-304
-304
-302
-301
-300
-299
-297
-294
-290
-287
-284
-280
-275
-270
-264
-258
-251
-243
-236
-229
-221
-211
-203
-197
-191
-184
-176
-169
-161
-152
-143
-134
-125
-116
-107
-98
-90
-83
-75
-67
-60
-53
-47
-40
-33
-27
-21
-16
-11
-6
-2
4
10
16
20
23
27
31
33
34
34
35
36
37
36
37
38
37
34
32
30
28
24
19
14
10
5
-2
-7
-12
-17
-24
-31
-37
-43
-49
-56
-63
-69
-76
-84
-92
-101
-109
-117
-126
-135
-144
-153
-160
-168
-175
-182
-190
-199
-208
-215
-220
-226
-233
-240
-248
-255
-261
-267
-272
-276
-282
-288
-294
-299
-302
-305
-308
-310
-309
-306
-302
-298
-294
-287
-281
-277
-273
-269
-262
-255
-250
-244
-238
-233
-229
-225
-219
-210
-201
-193
-183
-170
-156
-142
-127
-111
-96
-83
-70
-54
-37
-20
-5
12
28
44
60
78
95
111
127
143
160
176
190
206
222
237
251
266
281
295
306
317
330
344
357
370
384
399
411
421
430
439
446
450
453
459
464
469
472
476
479
481
482
482
484
484
482
479
477
475
473
471
469
468
465
461
456
450
444
439
433
427
421
415
408
400
391
382
372
360
349
338
328
318
307
295
283
271
258
246
235
223
211
198
185
171
158
145
132
120
108
96
83
70
56
44
32
19
6
-5
-16
-27
-40
-52
-64
-76
-88
-100
-109
-117
-127
-138
-148
-157
-167
-178
-188
-196
-202
-208
-213
-219
-224
-229
-234
-239
-244
-248
-251
-255
-259
-262
-263
-264
-267
-270
-271
-269
-266
-263
-260
-256
-253
-251
-250
-247
-244
-241
-239
-235
-230
-226
-222
-216
-210
-204
-197
-189
-181
-173
-167
-159
-152
-145
-139
-132
-125
-117
-111
-105
-99
-94
-88
-81
-74
-67
-61
-54
-48
-42
-38
-34
-29
-24
-20
-16
-11
-5
-2
1
3
6
7
8
10
12
13
11
9
9
8
6
4
2
0
-2
-5
-8
-9
-10
-14
-18
-21
-24
-28
-34
-39
-45
-50
-58
-65
-72
-78
-85
-93
-102
-109
-117
-126
-134
-139
-143
-150
-157
-163
-167
-172
-178
-183
-188
-195
-203
-210
-215
-219
-226
-233
-240
-246
-252
-258
-262
-265
-269
-273
-276
-279
-282
-284
-285
-284
-283
-280
-275
-269
-263
-257
-248
-240
-233
-229
-226
-221
-217
-212
-208
-204
-200
-197
-191
-183
-173
-163
-151
-139
-126
-112
-97
-81
-68
-54
-41
-27
-13
0
14
27
41
57
75
93
109
125
141
157
172
185
198
210
221
231
244
260
275
288
299
313
328
342
353
364
375
386
396
406
417
424
428
432
437
444
449
453
455
457
459
461
464
467
467
465
463
462
461
460
458
455
453
451
449
446
442
437
431
424
417
412
406
399
390
382
375
367
356
346
337
329
319
308
298
287
276
262
250
240
229
216
203
191
180
168
155
142
131
120
109
97
86
74
61
47
34
22
10
-1
-13
-25
-36
-47
-58
-69
-81
-92
-104
-115
-125
-135
-145
-154
-163
-171
-179
-186
-192
-197
-203
-209
-215
-220
-226
-233
-240
-246
-249
-253
-257
-260
-262
-263
-265
-268
-269
-268
-267
-266
-265
-262
-260
-258
-256
-254
-251
-248
-247
-244
-241
-236
-231
-226
-222
-217
-212
-207
-201
-195
-189
-184
-180
-174
-167
-159
-151
-144
-138
-132
-126
-121
-116
-110
-104
-99
-95
-90
-85
-79
-75
-70
-65
-60
-55
-51
-46
-42
-39
-36
-32
-29
-27
-26
-25
-25
-25
-27
-26
-24
-24
-26
-26
-25
-25
-27
-31
-35
-37
-41
-45
-47
-47
-49
-53
-59
-62
-65
-71
-77
-81
-85
-90
-98
-105
-109
-115
-124
-131
-137
-142
-148
-154
-157
-159
-164
-172
-178
-181
-185
-191
-197
-202
-206
-212
-217
-220
-222
-227
-234
-240
-242
-242
-244
-247
-251
-254
-257
-258
-259
-259
-258
-257
-257
-254
-247
-239
-233
-229
-225
-217
-210
-206
-202
-196
-190
-187
-184
-178
-167
-159
-154
-147
-135
-123
-116
-108
-95
-78
-65
-56
-43
-26
-12
-2
10
27
44
56
68
84
104
120
132
145
160
174
183
193
207
221
232
243
256
272
286
297
308
321
333
342
351
361
371
382
392
401
410
417
421
424
428
432
436
439
440
441
443
445
447
448
446
445
443
442
439
437
435
434
430
426
423
420
416
410
404
399
394
388
381
375
369
362
353
345
336
327
317
306
295
285
274
264
255
244
232
219
208
197
185
172
159
147
134
120
108
98
88
75
63
53
44
34
23
12
3
-6
-17
-29
-40
-51
-64
-77
-87
-96
-105
-115
-125
-133
-141
-149
-158
-166
-174
-182
-188
-194
-199
-204
-211
-216
-221
-224
-228
-231
-234
-236
-238
-240
-243
-245
-247
-251
-254
-254
-253
-253
-253
-252
-249
-246
-244
-240
-237
-233
-230
-227
-223
-218
-214
-210
-207
-202
-197
-193
-190
-186
-181
-175
-170
-165
-159
-153
-147
-143
-138
-133
-128
-123
-118
-113
-107
-102
-98
-95
-90
-85
-81
-78
-76
-72
-68
-64
-61
-57
-55
-53
-52
-50
-48
-46
-46
-46
-45
-43
-42
-42
-43
-43
-43
-45
-48
-49
-49
-51
-55
-58
-59
-61
-66
-71
-75
-77
-81
-86
-89
-90
-92
-96
-101
-104
-108
-113
-120
-126
-130
-135
-140
-147
-152
-157
-161
-167
-172
-176
-178
-179
-182
-187
-190
-194
-198
-204
-207
-209
-212
-218
-222
-225
-227
-229
-232
-233
-234
-236
-237
-237
-235
-233
-231
-228
-225
-222
-219
-212
-203
-197
-193
-189
-183
-177
-172
-168
-161
-155
-151
-148
-142
-133
-124
-116
-107
-95
-81
-68
-58
-46
-32
-17
-4
8
19
32
46
59
73
88
103
115
126
138
154
170
181
189
200
212
225
236
246
257
266
275
285
299
313
324
333
344
356
366
374
381
388
395
399
404
408
411
413
414
417
421
423
424
423
423
422
422
421
418
415
413
412
410
409
407
404
400
396
392
390
387
383
377
371
363
356
349
341
333
324
315
305
296
286
277
269
259
249
240
230
219
208
198
187
176
165
156
147
137
125
116
107
98
87
77
68
60
49
38
28
20
9
-2
-13
-20
-28
-39
-49
-59
-67
-74
-83
-92
-99
-106
-113
-120
-126
-132
-136
-142
-149
-155
-159
-163
-168
-173
-177
-181
-187
-192
-195
-196
-197
-199
-201
-201
-202
-204
-205
-206
-206
-207
-207
-206
-204
-202
-201
-198
-195
-193
-189
-184
-180
-177
-175
-174
-172
-170
-168
-165
-161
-157
-154
-151
-148
-144
-141
-138
-135
-131
-127
-122
-119
-117
-114
-111
-109
-107
-105
-101
-96
-94
-92
-89
-85
-82
-80
-78
-76
-74
-75
-77
-78
-77
-77
-78
-79
-78
-78
-78
-79
-79
-80
-81
-83
-83
-84
-85
-86
-89
-91
-94
-97
-102
-107
-111
-114
-116
-120
-125
-131
-136
-141
-146
-150
-152
-155
-160
-164
-165
-165
-167
-172
-176
-179
-182
-186
-191
-194
-198
-204
-211
-215
-217
-219
-222
-225
-225
-224
-225
-227
-229
-230
-231
-232
-233
-234
-236
-237
-237
-236
-235
-233
-230
-227
-224
-219
-212
-202
-195
-191
-187
-180
-173
-169
-165
-159
-151
-145
-142
-136
-127
-118
-113
-106
-95
-81
-70
-62
-52
-39
-27
-16
-3
11
24
35
46
60
75
88
99
111
126
141
156
169
181
191
201
210
221
233
242
250
258
268
280
293
305
314
323
332
342
352
361
369
376
381
385
391
396
399
399
399
401
403
405
406
406
406
404
403
401
400
398
395
392
391
390
388
386
384
380
375
372
369
367
363
356
350
346
340
331
322
315
306
297
287
280
273
264
253
243
237
229
219
208
199
192
184
176
167
158
147
137
130
124
117
107
97
86
75
66
58
50
40
30
21
13
5
-4
-13
-21
-27
-34
-39
-44
-49
-56
-63
-70
-76
-83
-89
-94
-99
-104
-109
-114
-119
-124
-128
-133
-138
-143
-146
-149
-152
-156
-160
-162
-164
-164
-163
-161
-160
-162
-163
-161
-159
-157
-158
-160
-160
-159
-159
-159
-159
-159
-160
-160
-157
-153
-151
-150
-150
-147
-144
-142
-140
-137
-134
-132
-130
-127
-125
-124
-124
-123
-119
-115
-113
-113
-112
-112
-112
-112
-112
-112
-111
-110
-109
-109
-109
-108
-108
-108
-107
-104
-103
-103
-103
-101
-99
-99
-103
-105
-106
-108
-110
-112
-113
-116
-121
-126
-127
-128
-130
-133
-135
-135
-136
-138
-140
-141
-143
-146
-149
-152
-155
-157
-160
-165
-171
-175
-178
-180
-183
-184
-183
-184
-188
-192
-194
-195
-197
-202
-205
-204
-204
-208
-212
-214
-212
-211
-213
-213
-210
-209
-210
-210
-208
-206
-207
-211
-215
-215
-214
-212
-210
-208
-206
-205
-202
-197
-194
-192
-187
-180
-172
-164
-155
-146
-138
-133
-128
-120
-111
-106
-102
-96
-88
-80
-74
-68
-61
-54
-46
-38
-27
-16
-4
8
21
35
49
61
71
83
97
111
124
134
144
154
164
176
189
201
211
219
227
237
246
253
260
266
273
282
292
304
313
321
328
336
344
351
359
367
373
376
378
381
383
383
382
382
382
381
378
376
375
374
371
369
367
365
361
357
354
351
347
343
341
338
335
330
326
322
316
309
301
294
287
280
275
270
263
255
245
237
229
219
210
201
193
185
178
171
162
152
143
135
128
121
114
107
100
92
85
78
71
63
54
47
41
33
24
16
7
1
-5
-11
-18
-25
-31
-37
-44
-51
-58
-65
-71
-78
-82
-84
-87
-92
-97
-99
-100
-103
-107
-110
-112
-115
-118
-121
-125
-129
-133
-135
-136
-138
-142
-145
-146
-146
-145
-144
-143
-143
-143
-141
-138
-136
-136
-139
-139
-139
-137
-135
-134
-134
-135
-135
-133
-131
-129
-129
-130
-130
-128
-125
-122
-121
-121
-121
-119
-117
-116
-114
-112
-110
-110
-110
-108
-106
-107
-109
-110
-110
-111
-114
-115
-114
-114
-115
-116
-115
-114
-114
-114
-111
-109
-109
-109
-107
-105
-106
-107
-109
-110
-114
-121
-126
-129
-134
-139
-142
-143
-144
-148
-150
-150
-150
-150
-149
-148
-148
-150
-151
-150
-151
-154
-159
-161
-163
-166
-167
-167
-169
-173
-178
-181
-182
-183
-185
-186
-189
-191
-192
-192
-192
-193
-193
-191
-188
-187
-185
-180
-175
-174
-175
-174
-172
-172
-174
-175
-174
-172
-173
-176
-177
-174
-172
-170
-168
-163
-158
-154
-151
-144
-131
-118
-108
-100
-92
-84
-79
-74
-67
-60
-55
-52
-49
-44
-38
-32
-28
-23
-16
-8
3
15
25
35
46
57
68
81
93
104
113
121
132
146
157
165
174
186
198
207
213
220
226
229
231
237
244
251
257
262
271
280
287
293
300
309
319
326
331
336
341
343
344
345
346
345
343
341
339
338
336
333
331
328
326
323
321
317
314
310
308
305
302
301
300
299
297
293
289
284
279
273
268
263
257
251
244
236
229
222
213
205
198
192
186
178
170
165
160
154
146
141
135
128
121
115
109
102
95
89
86
82
78
71
64
56
49
42
35
28
21
15
9
3
-3
-7
-11
-15
-19
-21
-23
-27
-32
-36
-39
-44
-49
-53
-55
-57
-60
-62
-67
-72
-78
-80
-81
-83
-85
-89
-92
-96
-99
-100
-102
-104
-106
-106
-105
-103
-103
-103
-103
-103
-102
-101
-101
-102
-104
-107
-109
-109
-110
-111
-113
-114
-113
-112
-113
-115
-117
-119
-119
-119
-117
-115
-114
-114
-115
-116
-116
-116
-116
-116
-115
-113
-114
-117
-120
-121
-122
-125
-128
-129
-129
-132
-135
-137
-138
-139
-141
-140
-139
-138
-139
-142
-142
-141
-140
-140
-139
-139
-139
-141
-142
-144
-146
-150
-153
-156
-158
-160
-163
-167
-170
-172
-172
-173
-173
-171
-169
-168
-168
-166
-162
-161
-161
-163
-164
-166
-169
-172
-172
-171
-172
-174
-175
-174
-173
-173
-173
-173
-172
-170
-167
-163
-160
-159
-160
-160
-161
-159
-155
-150
-146
-141
-137
-133
-128
-125
-122
-121
-121
-120
-119
-119
-118
-116
-114
-113
-112
-109
-105
-100
-95
-88
-80
-69
-57
-45
-35
-26
-19
-14
-11
-7
-3
0
1
2
4
9
13
18
23
30
35
40
47
56
66
74
82
91
101
110
118
126
134
142
149
156
164
173
181
187
192
195
197
197
197
198
201
204
208
211
216
222
228
235
242
248
254
260
264
268
269
272
273
274
273
273
273
270
267
263
261
259
256
254
254
254
253
251
248
245
241
237
235
236
236
235
234
233
231
229
226
222
217
212
208
202
197
191
186
180
172
164
158
153
146
140
136
134
130
125
120
117
113
109
103
98
92
86
79
74
69
65
60
53
48
43
39
34
28
23
18
12
6
2
-2
-7
-13
-18
-23
-27
-31
-34
-35
-36
-38
-40
-43
-47
-51
-56
-60
-63
-67
-72
-77
-81
-85
-88
-89
-91
-93
-96
-97
-99
-99
-99
-99
-100
-103
-104
-106
-107
-107
-107
-107
-108
-110
-112
-113
-114
-115
-115
-115
-116
-117
-117
-117
-117
-116
-116
-115
-114
-114
-114
-113
-113
-113
-113
-113
-113
-113
-113
-113
-113
-114
-114
-115
-116
-115
-114
-113
-113
-114
-115
-115
-115
-116
-116
-115
-114
-113
-112
-111
-112
-113
-113
-111
-110
-110
-110
-111
-113
-115
-116
-117
-118
-121
-122
-121
-120
-119
-119
-120
-121
-121
-122
-123
-123
-122
-121
-121
-122
-124
-125
-127
-130
-130
-128
-125
-125
-126
-125
-124
-125
-127
-128
-127
-126
-127
-127
-126
-125
-125
-125
-123
-121
-119
-119
-117
-115
-113
-112
-112
-111
-110
-109
-107
-105
-103
-102
-100
-99
-97
-93
-90
-87
-86
-83
-80
-77
-75
-75
-74
-74
-73
-72
-68
-62
-56
-52
-47
-42
-36
-31
-24
-18
-13
-9
-5
-2
0
3
6
9
11
13
15
19
23
28
34
42
49
55
62
68
74
77
80
84
88
92
98
103
109
114
119
123
129
135
141
146
148
150
152
154
154
156
159
162
165
167
170
173
177
181
186
191
197
201
204
205
206
206
205
204
203
203
203
203
203
203
203
203
201
200
198
198
197
196
193
191
188
186
184
183
182
181
179
177
177
177
176
175
173
169
165
161
156
151
146
140
135
131
127
123
118
114
111
108
104
100
97
94
91
86
81
78
74
70
67
65
62
58
53
49
45
40
34
29
23
19
13
8
2
-4
-8
-10
-13
-14
-16
-18
-20
-23
-25
-26
-29
-33
-36
-38
-40
-44
-47
-49
-52
-55
-57
-58
-60
-63
-66
-68
-69
-72
-75
-78
-80
-81
-81
-81
-80
-79
-80
-81
-82
-82
-83
-84
-86
-87
-89
-91
-93
-95
-96
-97
-98
-98
-96
-94
-92
-91
-89
-89
-89
-89
-90
-92
-94
-96
-98
-100
-102
-103
-103
-102
-102
-102
-101
-101
-101
-101
-99
-98
-97
-96
-96
-96
-97
-97
-96
-95
-95
-95
-96
-97
-99
-101
-102
-103
-104
-105
-105
-105
-105
-105
-105
-104
-103
-100
-98
-96
-95
-94
-94
-95
-96
-96
-96
-96
-96
-96
-96
-95
-94
-93
-93
-93
-95
-96
-96
-96
-95
-94
-93
-92
-89
-86
-83
-81
-78
-77
-75
-73
-70
-68
-69
-69
-68
-68
-69
-69
-68
-67
-67
-66
-63
-59
-56
-54
-52
-48
-46
-44
-43
-40
-37
-36
-35
-34
-31
-28
-25
-21
-19
-16
-15
-13
-11
-7
-4
-1
1
4
8
12
14
17
20
24
26
28
31
35
38
40
41
42
42
43
45
49
53
57
60
63
67
71
75
78
81
84
88
90
91
92
92
92
93
95
98
101
103
105
108
111
114
116
118
119
121
123
125
125
125
125
127
129
131
133
136
137
136
135
137
137
136
135
135
135
133
131
130
130
130
129
128
130
131
132
132
132
131
130
129
127
125
125
124
122
120
119
118
116
114
111
110
108
105
102
99
97
93
90
87
85
84
82
81
80
78
76
74
73
70
68
64
61
57
55
53
51
48
45
43
40
37
35
33
30
27
25
22
18
15
13
11
9
8
7
6
4
2
1
0
-2
-5
-8
-10
-12
-14
-16
-18
-20
-22
-23
-25
-27
-29
-31
-33
-35
-37
-39
-39
-40
-40
-41
-42
-43
-45
-46
-48
-49
-50
-50
-51
-52
-55
-57
-59
-60
-61
-62
-62
-63
-64
-65
-65
-65
-65
-66
-68
-69
-69
-69
-70
-72
-73
-74
-74
-74
-75
-75
-75
-75
-75
-75
-75
-76
-77
-77
-78
-78
-78
-79
-79
-79
-78
-77
-77
-77
-77
-76
-75
-75
-75
-76
-77
-77
-76
-76
-76
-76
-75
-74
-72
-71
-70
-69
-69
-67
-65
-64
-64
-63
-63
-63
-63
-63
-63
-62
-62
-60
-58
-56
-55
-54
-53
-51
-49
-49
-48
-47
-46
-45
-44
-44
-44
-42
-41
-39
-38
-35
-33
-33
-32
-31
-28
-27
-26
-24
-22
-20
-20
-20
-19
-17
-15
-14
-13
-11
-9
-8
-6
-5
-3
-2
-1
1
2
3
3
4
5
9
11
12
12
13
14
15
16
17
18
19
19
21
23
24
25
26
27
29
31
33
34
34
34
35
37
38
38
39
39
39
40
42
45
46
46
47
47
47
47
48
49
49
48
48
49
51
52
53
54
55
54
54
54
55
55
55
55
55
55
56
56
56
55
54
53
53
54
56
58
58
57
56
55
54
54
54
54
55
54
54
53
52
52
51
51
51
51
51
50
50
49
49
49
50
51
50
48
47
47
47
45
44
44
44
44
44
44
44
43
41
40
41
42
42
40
39
38
36
35
34
34
32
31
30
29
28
27
25
24
24
23
23
22
21
21
21
21
20
19
17
16
16
16
15
14
13
12
11
10
9
7
5
4
3
3
2
0
-1
-2
-2
-3
-3
-3
-4
-5
-6
-7
-8
-9
-10
-12
-13
-15
-16
-18
-20
-22
-23
-25
-26
-27
-27
-28
-29
-30
-32
-33
-33
-33
-34
-34
-36
-37
-39
-39
-39
-40
-40
-41
-41
-42
-43
-44
-44
-45
-45
-46
-47
-48
-49
-49
-50
-50
-50
-50
-51
-51
-51
-50
-50
-50
-51
-52
-52
-52
-52
-52
-52
-52
-53
-54
-54
-55
-55
-55
-55
-55
-54
-53
-52
-51
-51
-50
-50
-51
-51
-50
-49
-49
-49
-49
-48
-48
-48
-48
-48
-47
-46
-45
-44
-44
-44
-43
-43
-43
-42
-41
-40
-40
-39
-38
-38
-37
-36
-35
-34
-33
-33
-33
-32
-32
-31
-31
-30
-30
-30
-29
-27
-27
-26
-25
-24
-23
-22
-21
-20
-19
-19
-18
-18
-17
-16
-16
-15
-15
-15
-14
-14
-14
-13
-12
-11
-12
-12
-12
-12
-11
-10
-9
-8
-7
-7
-6
-5
-4
-3
-3
-2
-2
-1
-1
0
0
0
1
2
2
2
2
2
3
3
4
4
5
5
5
6
8
9
10
12
13
14
15
15
16
16
16
16
16
17
17
17
17
17
17
17
17
18
19
19
19
19
20
21
22
23
23
23
24
25
25
25
26
26
26
26
25
25
24
23
22
22
22
22
21
20
20
20
21
21
21
21
21
21
21
21
21
21
22
23
23
23
23
22
21
20
20
20
18
17
17
17
17
16
16
16
16
16
16
16
17
17
16
16
17
17
16
16
16
15
15
14
13
13
13
12
11
11
11
11
11
10
10
10
10
9
9
10
11
11
11
10
9
9
9
10
10
9
9
8
7
7
6
6
6
5
5
4
4
3
3
3
3
3
3
3
3
2
1
1
0
-1
-1
-1
0
-1
-2
-4
-5
-7
-8
-8
-8
-8
-9
-9
-10
-10
-10
-10
-10
-11
-12
-12
-12
-12
-12
-13
-13
-13
-14
-14
-14
-14
-15
-16
-16
-16
-16
-16
-16
-18
-19
-20
-20
-20
-20
-19
-19
-19
-19
-19
-19
-19
-18
-18
-18
-19
-19
-19
-20
-20
-20
-20
-19
-19
-19
-19
-19
-19
-19
-18
-18
-17
-16
-15
-14
-14
-15
-15
-15
-14
-14
-13
-13
-12
-13
-13
-12
-11
-11
-12
-12
-11
-11
-10
-9
-9
-9
-9
-8
-8
-7
-7
-7
-6
-5
-5
-5
-5
-5
-5
-5
-5
-5
-5
-5
-4
-3
-3
-2
-2
-2
-2
-2
-2
-1
0
0
1
2
2
2
2
2
3
3
3
3
3
3
2
2
3
4
5
5
5
6
6
6
6
6
7
7
6
6
6
6
6
6
6
7
8
9
8
8
9
9
9
9
9
9
9
9
10
11
12
11
11
12
13
13
12
11
11
11
11
12
12
12
12
12
13
14
15
15
15
14
14
14
14
14
14
14
14
14
13
13
12
13
13
13
13
14
15
15
14
14
14
14
14
14
14
14
14
14
14
14
14
13
13
13
13
12
11
11
11
10
11
11
11
10
9
9
9
10
10
10
10
10
10
10
10
10
9
8
7
7
6
6
6
7
8
7
7
6
6
5
5
4
5
5
5
5
5
5
5
5
5
5
5
5
5
4
3
2
2
2
2
2
1
1
1
1
1
1
1
2
2
2
2
2
2
2
1
1
1
1
1
1
1
0
0
0
-1
-2
-2
-2
-2
-2
-2
-2
-2
-2
-2
-3
-2
-2
-2
-2
-2
-2
-2
-2
-2
-2
-2
-3
-3
-3
-4
-5
-5
-4
-3
-2
-2
-3
-4
-4
-5
-5
-5
-5
-5
-5
-5
-5
-5
-5
-5
-4
-4
-5
-5
-5
-5
-5
-5
-5
-6
-5
-5
-5
-5
-5
-5
-6
-6
-6
-6
-6
-6
-7
-6
-6
-6
-6
-6
-5
-5
-5
-5
-6
-6
-5
-5
-5
-5
-5
-5
-5
-5
-5
-5
-5
-4
-5
-4
-3
-3
-3
-3
-3
-4
-5
-5
-5
-5
-4
-4
-4
-3
-4
-5
-5
-4
-3
-3
-2
-2
-1
-1
0
0
0
-1
-1
-1
-1
-1
-1
-1
-2
-2
-1
-1
-1
-2
-1
0
0
1
1
1
1
1
1
2
2
2
1
2
2
2
2
2
2
2
2
2
2
3
3
2
2
2
2
2
2
2
3
3
3
3
3
4
4
3
4
5
5
5
5
4
4
3
3
3
4
4
4
4
4
4
3
4
4
3
3
2
3
4
4
3
4
4
4
4
5
5
5
5
5
5
5
4
4
5
5
5
5
5
5
4
3
4
4
5
4
4
4
4
3
3
3
3
3
2
2
3
3
2
2
2
2
2
2
3
3
3
2
2
1
1
2
1
1
1
1
1
1
1
1
1
0
0
0
0
1
0
0
-1
-1
0
0
0
0
0
0
-1
-1
-1
-1
-1
-2
-3
-3
-3
-3
-3
-4
-4
-4
-4
-4
-4
-4
-4
-4
-5
-4
-4
-4
-5
-4
-4
-3
-3
-3
-3
-3
-3
-3
-4
-5
-5
-5
-5
-6
-7
-7
-7
-7
-6
-6
-5
-5
-5
-5
-5
-5
-5
-5
-5
-5
-4
-4
-5
-5
-5
-5
-5
-6
-7
-7
-6
-6
-6
-7
-7
-7
-6
-6
-6
-6
-6
-6
-5
-5
-5
-5
-4
-4
-4
-4
-4
-4
-3
-4
-4
-4
-4
-4
-5
-5
-5
-5
-5
-6
-6
-6
-6
-6
-5
-5
-5
-4
-4
-4
-4
-4
-3
-3
-3
-3
-3
-3
-4
-4
-3
-3
-4
-4
-4
-4
-4
-4
-4
-4
-3
-3
-3
-3
-3
-3
-3
-2
-2
-2
-1
-1
-1
-1
-2
-2
-2
-2
-2
-2
-3
-3
-2
-2
-2
-2
-2
-2
-2
-2
-2
-1
-1
0
0
-1
-1
-1
-1
0
-1
-1
-1
0
-1
-2
-2
-2
-2
-2
-2
-1
-1
0
0
0
0
-1
-1
0
0
0
0
0
1
1
1
0
0
0
0
0
0
0
0
0
1
0
0
0
1
1
0
0
1
1
2
2
2
1
0
0
0
0
0
0
0
0
0
0
1
1
1
1
1
1
1
2
2
2
2
2
1
1
2
2
2
2
1
1
1
1
0
0
0
1
0
0
0
1
2
2
1
0
0
1
1
1
1
1
2
1
1
0
0
1
2
2
2
1
1
0
0
1
1
1
0
0
0
0
0
1
1
1
0
0
0
0
1
1
1
1
1
1
1
1
2
1
1
1
1
1
1
1
1
0
0
0
0
0
0
-1
-2
-2
-1
-1
-1
-1
0
0
0
-1
0
0
1
1
1
1
-1
-1
-2
-2
-2
-2
-2
-2
-1
0
1
1
0
0
1
1
0
0
0
0
0
0
-1
-1
-1
-1
0
-1
-2
-2
-3
-3
-3
-2
-2
-2
-2
-3
-3
-3
-3
-3
-2
-2
-2
-1
-2
-2
-2
-1
-2
-2
-2
-2
-2
-2
-2
-2
-1
-1
-1
-2
-2
-1
-1
-1
-1
-1
-1
-1
-1
0
0
-1
-1
0
0
1
0
-1
-1
-1
-1
-2
-2
-2
-1
-1
-1
-1
0
0
0
0
0
0
0
0
0
0
0
0
0
0
0
0
0
0
1
1
1
1
1
1
1
1
1
1
1
2
2
2
2
2
2
2
1
1
1
1
1
1
1
0
0
0
0
0
1
1
1
1
0
1
1
1
1
0
0
0
-1
-1
0
0
0
0
0
-1
-1
0
1
1
0
0
0
0
0
1
1
1
1
1
2
2
1
1
2
2
2
2
1
1
0
0
1
2
1
0
0
0
1
1
1
1
1
1
1
1
1
1
1
1
0
1
1
1
1
0
0
0
0
0
0
0
0
-1
-1
0
0
-1
0
0
0
0
0
0
1
1
1
1
1
2
2
2
1
1
0
0
0
0
0
1
1
0
0
0
0
0
0
-1
0
0
0
0
1
1
2
1
1
1
1
0
0
0
0
0
1
1
0
-1
-1
0
0
0
-1
-1
0
1
1
1
0
0
1
1
1
1
1
1
1
1
1
0
0
0
0
-1
-1
0
0
0
-1
-1
-1
-1
-1
-1
-1
-2
-1
-1
0
-1
-1
0
1
0
0
-1
-1
-1
-2
-2
-2
-2
-2
-2
-2
-2
-2
-2
-2
-2
-2
-2
-2
-2
-2
-3
-2
-2
-2
-2
-2
-2
-2
-2
-2
-2
-2
-3
-3
-2
-2
-2
-2
-3
-3
-3
-2
-2
-2
-1
-1
-1
-1
-1
-1
-1
0
0
0
0
-1
-1
-1
-1
-1
-1
-2
-1
-1
-1
-1
-1
-1
-2
-1
-1
-1
0
-1
0
0
1
0
0
-1
0
0
0
0
0
-1
-1
-1
-1
-1
-2
-2
-1
-1
-2
-1
0
0
0
-1
0
1
1
2
2
2
1
1
2
2
2
1
1
1
1
1
1
1
0
-1
-1
0
0
1
1
0
0
0
0
0
0
0
0
0
-1
0
0
0
0
0
1
1
1
0
0
0
0
0
0
0
0
0
1
1
1
1
1
1
1
1
1
1
1
1
1
1
1
1
1
2
2
2
1
1
1
0
0
0
0
0
0
1
1
1
0
0
0
0
-1
-1
-1
-1
0
0
0
0
1
0
0
0
0
0
0
0
0
0
0
0
0
1
0
0
-1
0
0
0
0
0
0
0
0
0
0
0
0
1
1
1
1
1
1
1
0
0
0
0
0
0
-1
-1
-1
-1
-1
-1
-1
-1
-1
-1
-1
0
0
0
0
0
0
0
0
0
0
0
-1
-1
-1
-1
-1
-1
-1
-1
-2
-2
-1
-1
-1
-1
-1
-1
-1
-1
-1
-1
0
0
0
0
-1
-1
-1
0
0
0
-1
-1
-1
-1
-1
0
0
0
-1
-1
0
1
1
0
0
0
1
1
0
0
0
0
0
0
-1
-1
0
0
1
0
-1
-2
-1
-1
0
0
0
-1
-1
-1
0
0
0
-1
-1
-1
-1
-1
-1
-1
0
0
0
0
0
0
0
-1
-1
0
0
0
0
0
0
0
0
0
0
0
0
0
-1
-1
-1
-1
-1
-1
-2
-2
-1
-1
-1
-2
-1
-1
-1
-1
-1
-1
0
-1
-1
-1
0
0
0
-1
-1
-1
-1
-1
-2
-2
-2
-2
-2
-2
-1
-1
-1
-1
-1
-1
-1
-1
-1
-1
-1
-1
-1
-1
-1
-1
-1
-1
-1
-1
-1
-2
-1
0
0
-1
-1
-1
-1
-1
-1
-2
-2
-2
-2
-1
-1
-1
-1
-1
-1
-1
-2
-2
-2
-2
-2
-2
-2
-2
-3
-3
-2
-2
-2
-2
-2
-2
-2
-2
-2
-2
-2
-2
-2
-2
-2
-2
-2
-1
-1
-1
-2
-2
-2
-1
-1
-1
-1
-1
-1
-1
-2
-2
-2
-1
-1
-1
-2
-2
-2
-2
-2
-2
-2
-2
-2
-3
-2
-2
-2
-2
-2
-2
-3
-3
-3
-2
-2
-2
-2
-2
-2
-2
-2
-2
-2
-2
-2
-2
-2
-2
-2
-2
-2
-2
-2
-2
-2
-2
-2
-2
-2
-2
-2
-2
-2
-2
-2
-2
-2
-2
-2
-2
-2
-2
-2
-2
-2
-2
-2
-1
-1
-1
-1
-1
-1
-1
-1
-1
-2
-1
-2
-2
-2
-2
-1
-2
-2
-2
-2
-1
-2
-2
-2
-2
-2
-2
-2
-2
-1
-1
-1
-1
-2
-2
-1
-1
-1
-1
-1
-1
-1
-1
-1
-1
-1
-1
-1
-1
0
0
0
0
0
0
0
0
0
-1
-1
0
1
0
0
-1
-1
-1
-1
-1
-1
-2
-2
-3
-2
-2
-2
-2
-2
-1
-1
-1
-1
-1
-1
0
0
0
0
0
1
1
0
0
0
0
0
-1
0
0
-1
-1
0
1
1
0
-1
-1
-1
0
0
1
1
1
2
2
2
2
2
2
2
1
1
1
1
1
1
0
0
0
0
0
0
0
0
0
1
1
0
0
1
1
1
1
1
1
1
1
1
1
1
1
1
2
1
1
1
1
0
0
0
0
1
0
1
1
1
1
2
2
2
2
2
2
2
2
2
2
2
1
1
1
1
1
0
0
1
2
1
1
1
1
1
1
1
1
1
1
2
2
2
2
2
2
2
2
2
2
2
1
1
1
1
1
1
1
1
1
0
0
0
0
0
0
0
0
0
0
1
0
0
0
1
1
1
1
1
0
0
1
1
1
1
0
1
1
1
1
0
0
1
1
2
1
0
0
1
1
1
1
0
1
1
1
0
0
0
0
0
0
0
0
0
0
0
0
1
1
1
0
0
0
1
1
0
0
0
0
0
0
0
1
1
1
1
1
0
0
0
0
0
1
1
1
1
1
1
1
1
1
1
0
0
1
1
1
0
0
0
0
0
0
-1
0
0
0
1
1
1
1
0
0
0
0
0
1
1
0
-1
-1
0
1
1
0
0
0
0
0
0
1
1
0
0
0
0
0
0
0
0
1
1
1
1
1
1
1
1
1
1
1
1
0
0
0
0
0
0
0
1
1
1
0
0
0
0
0
0
0
0
0
0
0
0
0
0
0
0
0
0
1
1
0
-1
-1
0
0
-1
-1
-1
-1
-1
-1
0
1
1
0
0
0
0
0
1
1
0
0
0
0
0
0
0
0
0
0
-1
-1
0
0
-1
-1
-1
0
0
-1
-1
0
0
0
0
0
0
0
-1
-1
-1
-1
-1
0
0
0
0
-1
-1
-1
-1
0
-1
-1
-1
0
0
0
0
0
0
0
0
0
0
0
0
-1
-1
-1
-1
-1
-1
-1
-1
-1
-1
-1
-1
-1
-1
-1
-1
-1
-1
-1
-1
-1
-2
-2
-1
-1
-1
-1
-1
-1
-1
-1
-1
-1
-1
-1
-1
-1
-1
-1
-1
-1
-1
-1
-1
-1
-1
-1
-1
-1
-1
-1
-1
-2
-1
-1
-1
0
-1
-1
-1
-1
-1
-1
-2
-2
-2
-1
-1
-2
-2
-2
-2
-2
-2
-2
-2
-2
-2
-2
-2
-1
-2
-2
-2
-2
-1
-1
-1
-1
-1
-1
-1
-1
-1
-1
-1
-1
-1
-1
0
0
-1
-1
-1
-1
-1
-1
-1
-1
-2
-2
-2
-1
-1
-1
-2
-2
-1
-1
-1
-2
-1
-1
-1
-1
-2
-2
-1
-2
-2
-2
-2
-1
-1
-1
-2
-2
-2
-2
-1
-1
-1
-1
-1
-1
-1
-1
-1
-1
-1
-1
0
0
0
-1
0
0
0
0
-1
-2
-2
-2
-1
-1
-1
-2
-2
-2
-1
-1
-1
-1
-1
-1
-1
-1
-1
-1
-1
-1
-1
-1
-1
-1
-2
-1
-1
-1
-1
-1
0
0
-1
-1
-1
-1
-1
-1
-1
-1
-1
-1
-1
-1
0
0
0
-1
-1
0
0
0
-1
-1
0
0
-1
-1
-1
-1
-1
-1
-1
-1
-1
-1
-1
-1
-1
-1
-1
-1
-1
-1
0
-1
-1
-1
-1
-1
-1
-1
-1
0
0
0
0
0
-1
-1
-1
-1
-1
-1
-1
-1
-1
-1
-1
-1
-1
-1
-1
-1
-1
0
0
0
0
0
0
0
-1
-1
0
0
0
-1
-1
-1
-1
-1
-1
-1
-1
-1
-1
0
0
-1
-1
0
0
0
0
-1
-1
-1
-1
-1
0
0
0
-1
-1
-1
-1
-1
-1
-1
-1
-1
-1
-2
-2
-2
-2
-2
-2
-2
-2
-1
-1
-1
-1
-1
-1
-1
-1
0
-1
-1
-2
-1
-1
-1
-1
-1
-1
-1
-1
-1
-1
-1
-1
-1
-1
-1
0
0
0
-1
-1
0
0
-1
-1
-1
0
0
-1
-1
-1
-1
-1
-1
-1
-1
-1
-2
-1
-1
-1
-2
-2
-1
-1
-1
-1
-1
-2
-2
-2
-2
-2
-2
-2
-1
-1
-2
-1
-1
-1
-1
-1
-1
0
0
0
0
0
-1
-1
0
0
0
-1
-1
0
0
-1
-1
0
-1
-1
-1
-1
0
0
0
0
-1
-1
-1
-2
-1
-1
-1
-1
-2
-2
-1
-1
-1
-1
-1
-1
-1
-1
-1
-1
-1
-1
-1
-1
-1
-1
0
0
0
0
0
0
0
0
0
0
0
0
0
0
0
0
0
0
0
0
0
0
0
0
0
0
0
0
0
0
0
0
0
-1
-1
-1
-1
-1
0
0
-1
-1
0
0
0
0
0
0
0
-1
-1
0
0
-1
-1
0
0
0
0
0
0
0
0
0
0
0
0
0
0
0
0
0
0
0
0
0
0
0
0
0
0
0
0
0
0
0
0
0
0
0
-1
-1
0
0
0
-1
0
0
0
0
0
0
0
0
0
0
0
0
-1
0
0
0
0
0
0
-1
-1
-1
0
0
0
0
0
0
-1
0
0
0
0
0
0
0
0
0
-1
0
0
0
0
0
0
0
0
0
0
0
0
0
0
0
0
1
1
1
1
0
0
0
1
1
0
0
0
0
0
1
1
0
0
-1
0
0
0
0
0
-1
-1
0
0
0
0
0
0
0
0
0
0
0
1
1
1
1
1
1
1
1
0
1
1
1
1
1
0
0
0
1
1
1
1
0
0
0
0
0
0
0
0
0
0
0
0
0
0
0
0
0
0
1
1
0
0
0
0
0
0
0
0
0
0
0
0
0
0
0
0
0
1
0
0
0
0
0
0
0
0
0
0
0
0
0
0
1
0
0
0
0
0
0
0
0
0
0
0
0
0
1
1
0
0
0
0
0
1
1
1
0
0
0
0
0
1
1
0
0
0
0
0
0
0
0
0
0
0
0
1
1
1
1
0
0
0
1
1
1
0
1
1
1
0
0
0
1
1
1
1
0
0
0
0
0
0
1
1
0
0
0
0
0
0
0
0
0
0
0
0
0
1
1
1
1
0
0
-1
0
0
0
0
0
0
0
0
0
0
0
0
0
0
0
0
0
0
0
0
0
0
0
0
0
0
0
-1
-1
-1
-1
0
0
-1
-1
-1
0
0
0
0
-1
0
0
0
1
1
0
0
0
0
0
0
0
0
0
0
0
0
0
0
0
0
-1
0
0
-1
-1
-1
-1
-1
-1
-1
0
0
0
0
0
-1
-1
-1
0
0
0
-1
-1
-1
-1
-1
-1
-1
-1
-1
-1
-1
-1
0
0
0
0
0
-1
-1
-1
-1
0
0
0
0
-1
-1
-1
-1
-1
-1
-1
-1
-1
-1
-1
-1
-1
-1
-1
-1
-1
-1
-1
-1
-1
-1
-1
-1
-1
0
0
0
0
0
0
0
-1
-1
-1
-1
-1
-1
0
0
0
-1
-1
-1
-1
-1
-1
-1
0
-1
-1
-1
-1
0
0
0
-1
-1
0
-1
-1
-1
-1
0
-1
-1
-1
-1
-1
-1
-1
-1
-1
-1
-1
-1
-1
-1
-1
-1
-1
-1
-1
-1
-1
-1
-1
-1
-1
-1
-1
-1
-1
-1
-1
-1
-1
-1
-1
-1
-1
-1
-1
-1
-1
-1
-1
-1
-1
0
0
0
0
0
0
0
0
0
0
-1
-1
0
0
-1
-1
-1
-1
-1
-1
-1
-1
-1
-1
-1
-1
0
0
0
-1
-1
-1
0
0
-1
-1
-2
-1
-1
-1
-1
-1
-1
-1
-1
-1
-1
-1
-1
-1
-1
-1
-1
-1
-1
-1
-1
-1
-1
-1
-1
-1
-1
-1
-1
-1
0
0
0
-1
0
0
0
0
0
0
-1
-1
0
0
0
-1
-1
-1
-1
-1
-1
-1
-1
-1
-1
-1
-1
-1
-1
-1
-1
-1
-1
0
-1
-1
-1
-1
-1
-1
-1
-1
0
0
0
-1
-1
-1
-1
-1
-1
-1
-1
-1
-1
-1
-1
0
0
0
0
-1
-1
-1
-1
-1
-1
-1
0
0
0
0
0
0
0
0
0
-1
-1
-1
-1
-1
-1
-1
-1
-1
-1
-1
0
0
-1
-1
-1
-1
0
0
0
0
-1
-1
0
0
0
0
0
-1
-1
-1
-1
0
-1
-1
-1
0
0
0
-1
-1
-1
-1
-1
-1
-1
-1
-1
-1
-1
0
0
-1
-1
-1
-1
-1
-1
-1
0
0
0
0
-1
-1
-1
-1
0
-1
-1
0
0
-1
-1
-1
0
-1
-1
-1
-1
-1
-1
-1
-1
-1
0
0
0
-1
-1
-1
-1
-1
-1
-1
-1
-1
-1
-1
-1
-1
-1
-1
-1
-1
-1
-1
-1
-1
-1
-1
-1
-1
-1
-1
-1
-1
-1
-1
-1
-1
0
0
-1
-1
-1
-1
-1
-1
-1
-1
-1
-1
-1
-1
0
0
-1
0
0
-1
-1
0
0
-1
-1
-1
0
0
0
-1
0
0
0
-1
-1
-1
-1
-1
0
0
0
0
0
0
0
-1
-1
0
0
0
0
0
0
0
0
0
0
0
0
0
0
0
0
-1
0
-1
-1
0
0
-1
-1
0
0
0
0
-1
-1
-1
-1
-1
0
0
0
0
0
0
0
0
0
0
0
0
0
0
0
0
0
0
0
0
0
0
0
0
0
0
0
0
0
0
0
0
0
0
0
-1
0
-1
-1
0
0
0
0
-1
-1
0
0
0
-1
-1
0
0
0
0
0
0
0
0
0
0
0
0
0
0
0
0
0
0
0
0
0
0
0
0
0
0
0
0
0
0
0
0
0
0
0
0
0
0
0
0
0
0
0
0
0
0
0
0
-1
0
0
0
0
0
0
0
0
0
0
0
0
0
0
0
0
0
0
0
0
0
0
0
0
0
0
0
0
0
0
0
0
0
0
0
0
0
0
0
0
0
0
0
0
0
0
0
0
0
0
0
0
0
0
0
0
0
0
0
0
0
0
0
0
-1
-1
-1
-1
0
0
0
0
0
0
0
0
0
0
0
0
-1
-1
0
0
0
0
0
0
0
0
0
0
0
0
-1
-1
-1
0
0
0
0
0
0
0
0
0
0
0
0
0
0
0
0
0
0
0
-1
0
0
0
0
0
0
0
0
-1
-1
-1
0
0
0
0
0
-1
-1
-1
-1
0
0
0
0
0
-1
0
0
0
0
0
0
0
0
0
0
0
0
0
0
0
0
0
0
0
0
0
0
0
-1
-1
-1
0
0
0
0
0
-1
-1
-1
-1
-1
-1
0
0
0
-1
-1
-1
-1
-1
-1
-1
-1
0
0
0
0
0
0
0
-1
-1
-1
0
0
0
0
0
-1
-1
0
0
0
-1
-1
-1
0
0
-1
-1
-1
-1
-1
0
0
-1
-1
-1
-1
-1
-1
-1
0
0
0
0
-1
-1
-1
-1
-1
-1
-1
-1
-1
-1
-1
-1
0
0
-1
-1
-1
-1
0
0
0
0
0
0
0
0
0
0
0
0
0
-1
0
0
0
-1
0
0
0
0
-1
0
0
-1
-1
-1
-1
-1
-1
-1
-1
0
0
0
-1
0
0
0
0
0
0
0
-1
-1
-1
-1
-1
-1
0
0
-1
-1
-1
-1
0
0
0
0
-1
-1
0
0
0
0
0
0
0
0
0
0
0
-1
-1
-1
0
0
-1
-1
0
0
0
0
0
0
0
-1
-1
-1
0
0
-1
-1
0
0
0
0
0
0
-1
-1
0
0
0
0
0
0
0
-1
-1
-1
-1
0
0
-1
0
0
-1
-1
-1
-1
0
0
-1
0
0
0
0
0
0
0
0
0
0
0
0
0
0
0
0
0
0
-1
-1
0
0
-1
-1
-1
-1
-1
-1
-1
0
0
-1
-1
-1
0
0
0
0
0
0
0
0
0
0
0
0
0
0
0
0
-1
-1
-1
-1
-1
-1
-1
-1
-1
-1
0
0
0
0
0
0
0
0
0
0
0
0
0
-1
-1
-1
0
0
0
0
0
0
0
0
0
0
0
0
0
0
0
0
0
0
0
0
0
0
0
0
0
0
-1
-1
-1
-1
-1
-1
-1
-1
-1
0
0
0
0
0
0
0
0
0
0
0
0
0
0
0
0
0
0
0
0
0
0
0
0
0
0
0
0
0
0
0
0
-1
0
0
0
0
-1
-1
0
0
0
0
0
0
0
0
0
0
0
0
0
0
0
0
0
0
0
0
0
0
0
0
0
0
0
0
0
0
0
0
0
0
0
0
0
0
0
0
0
0
0
0
0
0
0
0
-1
0
0
0
0
0
0
0
0
0
0
0
0
0
0
0
0
0
0
0
0
0
0
0
0
0
0
0
0
0
0
0
0
0
0
0
0
0
0
0
0
-1
-1
0
0
0
0
0
0
0
0
0
0
0
0
0
0
0
0
-1
-1
0
0
0
0
0
0
0
0
0
0
0
0
-1
-1
0
0
0
0
0
0
0
0
0
0
0
0
0
0
0
0
0
-1
0
0
0
-1
0
0
-1
-1
-1
0
0
0
0
0
0
-1
-1
0
0
0
0
0
0
-1
0
0
0
0
-1
0
0
0
0
0
0
0
-1
0
0
0
-1
0
0
0
0
0
0
0
0
0
0
0
0
0
0
0
0
0
0
0
-1
0
0
0
0
0
0
0
0
0
0
0
0
0
0
0
0
0
0
0
0
0
0
0
0
0
0
0
0
0
0
0
0
0
0
0
0
0
0
0
0
0
0
0
-1
0
0
0
0
0
0
0
0
0
0
0
0
0
0
0
0
0
0
0
0
0
0
-1
0
0
0
0
0
0
0
0
0
0
0
-1
-1
-1
-1
0
-1
-1
-1
0
0
0
-1
0
0
0
-1
0
0
0
0
0
0
0
0
0
-1
0
0
0
0
0
0
0
0
0
0
0
0
0
0
0
0
0
0
0
-1
0
0
0
0
0
0
0
0
0
0
0
0
-1
0
0
0
0
0
0
0
0
0
-1
0
0
-1
0
0
0
0
0
-1
0
0
0
0
0
0
0
0
0
0
0
0
0
0
0
-1
-1
0
0
0
0
0
0
0
0
0
0
0
0
0
0
0
0
0
0
0
0
0
0
0
0
0
-1
-1
-1
0
0
-1
-1
-1
0
0
0
0
0
0
0
0
0
0
0
0
0
0
0
0
0
0
0
0
0
0
0
0
0
0
0
0
-1
-1
-1
-1
-1
0
0
0
0
0
0
0
0
0
0
0
0
0
0
0
0
0
0
0
0
-1
0
0
0
0
0
0
0
0
0
0
0
0
0
0
0
0
0
0
0
0
0
-1
-1
0
0
0
0
0
0
0
0
0
0
0
0
0
0
0
0
0
0
0
0
0
0
0
0
0
0
0
0
0
0
0
0
0
0
0
0
0
0
0
0
0
-1
0
0
0
0
0
0
0
0
0
0
0
0
0
0
0
-1
-1
0
0
0
0
-1
0
0
0
0
0
0
0
0
0
0
0
0
-1
0
0
0
0
0
0
0
0
0
0
0
0
0
0
0
0
0
0
0
0
0
0
0
0
0
0
0
0
0
0
0
0
0
0
0
0
0
0
0
0
0
0
0
0
0
0
-1
-1
-1
0
0
0
0
0
0
0
0
0
0
0
0
0
0
0
0
0
0
0
0
0
0
0
0
0
0
0
0
0
-1
0
0
0
0
0
0
0
0
0
0
0
0
0
0
-1
-1
0
0
0
-1
-1
-1
0
0
0
0
0
0
0
0
0
0
0
0
0
0
0
0
0
0
0
0
0
-1
0
0
0
0
0
0
0
0
0
0
0
0
0
0
0
-1
-1
0
0
0
0
0
0
0
0
0
0
0
0
0
0
0
0
0
0
0
0
-1
0
0
0
0
0
0
0
0
-1
-1
0
0
0
0
0
0
0
0
0
0
0
0
0
0
0
0
0
-1
0
0
0
0
0
0
-1
0
0
0
0
0
0
-1
-1
-1
-1
0
0
0
0
0
0
0
0
0
0
0
0
0
0
0
0
0
0
0
0
0
0
0
0
0
0
0
0
0
0
0
0
0
0
0
0
0
0
0
0
0
0
0
0
0
0
0
0
0
0
0
0
0
0
0
0
0
0
0
0
0
0
0
0
0
0
0
0
0
0
0
0
-1
-1
-1
-1
0
0
0
0
0
0
0
0
0
0
0
0
0
0
0
0
-1
0
0
0
0
0
0
0
0
0
0
0
0
0
0
0
0
0
0
0
0
0
0
0
0
0
0
0
0
0
0
0
0
0
0
0
0
0
0
0
0
0
0
0
0
0
0
0
0
0
0
0
0
0
0
0
0
0
0
0
0
0
0
0
0
0
0
0
0
0
0
0
0
0
0
0
0
0
0
0
0
0
0
0
0
0
0
0
0
0
0
0
0
0
0
0
0
0
0
0
0
0
0
0
-1
0
0
0
0
0
0
0
-1
-1
-1
0
0
0
0
0
0
0
0
0
0
0
0
0
0
0
0
0
0
0
0
0
0
0
0
0
0
0
0
0
0
0
0
0
0
0
0
0
-1
0
0
0
-1
0
0
-1
-1
0
0
0
0
0
0
0
0
0
0
0
0
0
0
0
0
0
0
0
0
0
0
0
0
0
0
0
0
0
0
-1
-1
0
0
0
0
0
0
0
0
0
0
0
0
0
0
0
0
0
0
0
0
0
0
0
0
0
0
0
0
0
0
0
0
0
0
0
-1
-1
-1
-1
0
0
0
0
0
0
0
0
0
0
0
0
0
0
0
0
0
0
-1
0
0
0
0
0
0
0
0
0
0
0
0
0
0
0
0
-1
0
0
0
0
0
0
0
0
0
0
0
-1
-1
-1
-1
-1
-1
0
0
0
0
0
0
0
0
0
0
0
0
0
0
0
0
0
0
0
0
0
0
0
0
0
0
0
0
0
0
0
0
0
0
0
0
0
0
0
0
0
0
0
0
0
0
0
0
0
0
0
0
0
0
0
0
0
0
0
0
0
0
0
0
-1
0
0
0
0
0
0
0
0
0
0
0
0
0
0
0
0
0
0
0
0
0
0
0
0
0
0
0
0
0
0
0
0
0
0
0
0
0
0
0
0
0
0
0
0
0
0
0
0
0
0
0
0
0
0
0
0
0
0
0
0
0
0
0
0
0
0
0
0
0
0
0
-1
-1
-1
-1
-1
0
0
0
0
0
0
0
0
0
0
0
0
0
0
0
0
0
0
0
0
0
-1
0
0
0
0
0
0
0
0
0
0
0
0
0
0
0
0
0
0
0
0
0
-1
-1
0
0
0
0
0
0
0
0
0
0
0
0
0
0
0
0
0
0
0
0
0
0
0
0
0
0
0
-1
0
0
0
0
0
0
0
0
0
0
0
0
0
0
0
0
0
0
0
0
0
-1
-1
-1
0
0
0
0
0
0
0
0
0
0
0
0
0
0
0
0
0
0
0
0
0
0
0
0
0
0
0
0
0
0
0
0
0
-1
0
0
0
0
0
0
0
0
0
0
0
0
0
0
0
0
0
0
-1
-1
-1
0
0
0
0
0
0
0
0
0
0
0
0
0
0
0
-1
-1
0
0
0
0
0
0
0
0
0
0
0
0
0
0
0
0
0
0
0
0
0
0
0
0
0
0
0
0
-1
0
0
0
0
0
0
0
-1
-1
0
0
0
-1
0
0
0
0
0
0
0
0
0
0
0
0
0
0
0
0
0
0
0
0
0
-1
0
0
0
0
0
0
0
0
0
0
0
0
0
0
0
0
0
0
0
0
0
0
0
0
0
0
0
0
-1
-1
0
0
0
0
-1
0
0
-1
-1
-1
-1
-1
-1
-1
0
0
0
0
0
0
0
0
0
0
0
0
0
0
0
0
0
0
0
-1
-1
0
0
0
0
0
0
0
0
0
0
0
0
0
0
0
0
0
0
0
0
0
0
0
0
0
0
0
0
0
0
0
0
0
0
0
0
0
0
0
0
0
0
0
0
0
0
0
0
0
0
0
0
0
0
0
0
0
0
0
0
0
0
0
0
0
0
0
0
0
0
0
0
0
0
0
0
-1
0
0
0
0
0
0
0
0
0
0
0
0
0
0
0
0
0
0
0
0
0
0
0
0
0
0
0
0
0
0
0
0
0
0
0
0
0
0
0
0
0
0
0
0
0
0
0
0
0
0
0
0
0
0
0
0
0
0
0
0
0
0
0
0
0
0
0
0
0
0
0
0
0
0
0
0
0
0
0
0
0
0
0
0
0
0
0
0
0
0
0
0
0
0
0
0
0
0
0
0
0
0
0
0
0
0
0
0
0
0
0
0
0
0
0
0
0
0
0
0
0
0
0
0
0
0
0
0
0
0
0
0
0
0
0
0
0
0
0
0
0
0
0
0
0
0
0
0
0
0
0
0
0
0
0
0
0
0
0
0
0
0
0
0
0
0
0
0
0
0
0
0
0
0
0
0
0
0
0
0
0
0
0
0
0
0
0
0
0
0
0
0
0
0
0
0
0
0
0
0
0
0
0
0
0
0
0
0
0
0
0
0
0
0
0
0
0
0
0
0
0
0
0
0
0
0
0
0
0
0
0
0
0
0
0
-1
0
0
0
0
0
0
0
0
0
0
0
0
0
0
0
0
0
0
0
0
0
0
0
0
0
0
0
0
0
0
0
0
0
0
0
0
0
0
0
0
0
0
0
0
0
0
0
0
0
0
0
0
0
0
0
0
0
0
0
0
0
0
0
0
0
0
0
0
0
0
0
0
0
0
0
0
0
0
0
0
0
0
0
0
0
0
0
0
0
0
0
0
0
0
0
0
0
0
0
0
0
0
0
0
0
0
0
0
0
0
0
0
0
0
0
0
0
0
0
0
0
0
0
0
0
0
0
0
0
0
0
0
0
0
0
0
0
0
0
0
0
0
0
0
0
0
0
0
0
0
0
0
0
0
0
0
0
0
0
0
0
0
0
0
0
0
0
0
0
0
0
0
0
0
0
0
0
0
0
0
0
0
0
0
0
0
0
0
0
0
0
0
0
0
0
0
0
0
0
0
0
0
0
0
0
0
0
0
0
0
0
0
0
0
0
0
0
0
0
0
0
0
0
0
0
0
0
0
0
0
0
0
0
0
0
0
0
0
0
0
0
0
0
0
0
0
0
0
0
0
0
0
0
0
0
0
0
0
0
0
0
0
0
0
0
0
0
0
0
0
0
0
0
0
0
0
0
0
0
0
0
0
0
0
0
0
-1
0
0
0
0
0
-1
0
0
0
0
0
0
0
0
0
0
0
0
0
0
0
0
0
0
0
0
0
0
0
0
0
0
0
0
0
0
0
0
0
0
0
0
0
0
0
0
0
-1
0
0
0
0
0
0
0
0
0
0
0
0
0
0
0
0
0
0
0
0
0
0
0
0
0
0
0
0
0
0
0
0
0
0
0
0
0
0
0
0
0
0
0
0
0
0
0
0
0
0
0
0
0
0
0
0
0
0
0
0
0
0
0
0
0
0
0
0
0
0
0
0
0
0
0
0
0
0
0
0
0
0
0
0
0
0
0
0
0
0
0
0
0
0
0
0
0
0
0
0
0
0
0
0
0
0
0
0
0
0
0
0
0
0
0
0
0
0
0
0
0
0
0
0
0
0
0
0
0
0
0
0
0
0
0
0
0
0
0
0
0
0
0
0
0
0
0
0
0
0
0
0
0
0
0
0
0
0
0
0
0
0
0
0
0
0
0
0
0
0
0
0
0
0
0
0
0
0
0
0
0
0
0
0
0
0
0
0
0
0
0
0
0
0
0
0
0
0
0
0
0
0
0
0
0
0
0
0
0
0
0
0
0
0
0
0
0
0
0
0
0
0
0
0
0
0
0
0
0
0
0
0
0
0
0
0
0
0
0
0
0
0
0
0
0
0
0
0
0
0
0
0
0
0
0
0
0
0
0
0
0
0
0
0
0
0
0
0
0
0
0
0
0
0
0
0
0
0
0
0
0
0
0
0
0
0
0
0
0
0
0
0
0
0
0
0
0
0
0
0
0
0
0
0
0
0
0
0
0
0
0
0
0
0
0
0
0
0
0
0
0
0
0
0
0
0
0
0
0
0
0
0
0
0
0
0
0
0
0
0
0
0
0
0
0
0
0
0
0
0
0
0
0
0
0
0
0
0
0
0
0
0
0
0
0
0
0
0
0
0
0
0
0
0
0
0
0
0
0
0
0
0
0
0
0
0
0
0
0
0
0
0
0
0
0
0
0
0
0
0
0
0
0
0
0
0
0
0
0
0
0
0
0
0
0
0
0
0
0
0
0
0
0
0
0
0
0
0
0
0
0
0
0
0
0
0
0
0
0
0
0
0
0
0
0
0
0
0
0
0
0
0
0
0
0
0
0
0
0
0
0
0
0
0
0
0
0
0
0
0
0
0
0
0
0
0
0
0
0
0
0
0
0
0
0
0
0
0
0
0
0
0
0
0
0
0
0
0
0
0
0
0
0
0
0
0
0
0
0
0
0
0
0
0
0
0
0
0
0
0
0
0
0
0
0
0
0
0
0
0
0
0
0
0
0
0
0
0
0
0
0
0
0
0
0
0
0
0
0
0
0
0
0
0
0
0
0
0
0
0
0
0
0
0
0
0
0
0
0
0
0
0
0
0
0
0
0
0
0
0
0
0
0
0
0
0
0
0
0
0
0
0
0
0
0
0
0
0
0
0
0
0
0
0
0
0
0
0
0
0
0
0
0
0
0
0
0
0
0
0
0
0
0
0
0
0
0
0
0
0
0
0
0
0
0
0
0
0
0
0
0
0
0
0
0
0
0
0
0
0
0
0
0
0
0
0
0
0
0
0
0
0
0
0
0
0
0
0
0
0
0
0
0
0
0
0
0
0
0
0
0
0
0
0
0
0
0
0
0
0
0
0
0
0
0
0
0
0
0
0
0
0
0
0
0
0
0
0
0
0
0
0
0
0
0
0
0
0
0
0
0
0
0
0
0
0
0
0
0
0
0
0
0
0
0
0
0
0
0
0
0
0
0
0
0
0
0
0
0
0
0
0
0
0
0
0
0
0
0
0
0
0
0
0
0
0
0
0
0
0
0
0
0
0
0
0
0
0
0
0
0
0
0
0
0
0
0
0
0
0
0
0
0
0
0
0
0
0
0
0
0
0
0
0
0
0
0
0
0
0
0
0
0
0
0
0
0
0
0
0
0
0
0
0
0
0
0
0
0
0
0
0
0
0
0
0
0
0
0
0
0
0
0
0
0
0
0
0
0
0
0
0
0
0
0
0
0
0
0
0
0
0
0
0
0
0
0
0
0
0
0
0
0
0
0
0
0
0
0
0
0
0
0
0
0
0
0
0
0
0
0
0
0
0
0
0
0
0
0
0
0
0
0
0
0
0
0
0
0
0
0
0
0
0
0
0
0
0
0
0
0
0
0
0
0
0
0
0
0
0
0
0
0
0
0
0
0
0
0
0
0
0
0
0
0
0
0
0
0
0
0
0
0
0
0
0
0
0
0
0
0
0
0
0
0
0
0
0
0
0
0
0
0
0
0
0
0
0
0
0
0
0
0
0
0
0
0
0
0
0
0
0
0
-1
0
0
0
0
0
0
0
0
-1
0
0
0
0
0
-1
0
0
0
0
0
0
0
0
0
0
0
0
0
0
0
0
0
0
0
0
0
0
0
0
0
0
0
0
0
0
0
0
0
0
0
0
0
-1
0
0
0
0
0
0
0
0
0
0
0
0
0
0
0
0
0
0
0
0
0
0
0
0
0
0
0
0
0
0
0
0
0
0
0
0
0
0
0
0
0
0
0
0
0
0
0
0
0
0
0
0
0
0
0
0
0
0
0
0
0
0
0
0
0
0
0
0
0
0
0
0
0
0
0
0
-1
-1
0
0
0
0
0
0
0
0
0
0
0
0
0
0
0
0
0
0
0
0
0
0
0
0
0
0
0
0
0
0
0
0
0
0
0
0
0
0
0
-1
0
0
0
0
0
0
0
0
0
0
0
0
0
0
0
0
0
0
0
0
0
0
0
0
0
0
0
0
0
0
0
0
0
0
0
0
0
0
0
0
0
0
0
0
0
0
0
0
0
0
0
0
0
0
0
0
0
0
0
0
0
0
0
0
0
0
0
0
0
0
0
0
0
0
0
0
0
0
0
0
0
0
0
0
0
0
0
0
0
0
0
0
0
0
0
0
0
0
0
0
0
0
0
0
0
0
0
0
0
0
0
0
0
0
0
0
0
0
0
0
0
0
0
0
0
0
0
0
0
0
0
0
0
0
0
0
0
0
0
0
0
0
0
0
0
0
0
0
0
0
0
0
0
0
0
0
0
0
0
0
0
0
0
0
0
0
0
0
0
0
0
0
0
0
0
0
0
0
0
0
0
0
0
0
0
0
0
0
0
0
0
0
0
0
0
0
0
0
0
0
0
0
0
0
0
0
0
0
0
0
0
0
0
0
0
0
0
0
0
0
0
0
0
0
0
0
0
0
0
0
0
0
0
0
0
0
0
0
0
0
0
0
0
0
0
0
0
0
0
0
0
0
0
0
0
0
0
0
0
0
0
0
0
0
0
0
0
0
0
0
0
0
0
0
0
0
0
0
0
0
0
0
0
0
0
0
0
0
0
0
0
0
0
0
0
0
0
0
0
0
0
0
0
0
0
0
0
0
0
0
0
0
0
0
0
0
0
0
0
0
0
0
0
0
0
0
0
0
0
0
0
0
0
0
0
0
0
0
0
0
0
0
0
0
0
0
0
0
0
0
0
0
0
0
0
0
0
0
0
0
0
0
0
0
0
0
0
0
0
0
0
0
0
0
0
0
0
0
0
0
0
0
0
0
0
0
0
0
0
0
0
0
0
0
0
0
0
0
0
0
0
0
0
0
0
0
0
0
0
0
0
0
0
0
0
0
0
0
0
0
0
0
0
0
0
0
0
0
0
0
0
0
0
0
0
0
0
0
0
