0
0
0
0
0
0
0
0
0
0
0
0
0
0
0
0
0
0
0
0
0
0
0
0
0
0
0
0
0
0
0
0
0
0
0
0
0
0
0
0
0
0
0
0
0
0
0
0
0
0
0
0
0
0
0
0
0
0
0
0
0
0
0
0
0
0
0
0
0
0
0
0
0
0
0
0
0
0
0
0
0
0
0
0
0
0
0
0
0
0
0
0
0
0
0
0
0
0
0
0
0
0
0
0
0
0
0
0
0
0
0
0
0
0
0
0
0
0
0
0
0
0
0
0
0
0
0
0
0
0
0
0
0
0
0
0
0
0
0
0
0
0
0
0
0
0
0
0
0
0
0
0
0
0
0
0
0
0
0
0
0
0
0
0
0
0
0
0
0
0
0
0
0
0
0
0
0
0
0
0
0
0
0
0
0
0
0
0
0
0
0
0
0
0
0
0
0
0
0
0
0
0
0
0
0
0
0
0
0
0
0
0
0
0
0
0
0
0
0
0
0
0
0
0
0
0
0
0
0
0
0
0
0
0
0
0
0
0
0
0
0
0
0
0
0
0
0
0
0
0
0
0
0
0
0
0
0
0
0
0
0
0
0
0
0
0
0
0
0
0
0
0
0
0
0
0
0
0
0
0
0
0
0
0
0
0
0
0
0
0
0
0
0
0
0
0
0
0
0
0
0
0
0
0
0
0
0
0
0
0
0
0
0
0
0
0
0
0
0
0
0
0
0
0
0
0
0
0
0
0
0
0
0
0
0
0
0
0
0
0
0
0
0
0
0
0
0
0
0
0
0
0
0
0
0
0
0
0
0
0
0
0
0
0
0
0
0
0
0
0
0
0
0
0
0
0
0
0
0
0
0
0
0
0
0
0
0
0
0
0
0
0
0
0
0
0
0
0
0
0
0
0
0
0
0
0
0
0
0
0
0
0
0
0
0
0
0
0
0
0
0
0
0
0
0
0
0
0
0
0
0
0
0
0
0
0
0
0
0
0
0
0
0
0
0
0
0
0
0
0
0
0
0
0
0
0
0
0
0
0
0
0
0
0
0
0
0
0
0
0
0
0
0
0
0
0
0
0
0
0
0
0
0
0
0
0
0
0
0
0
0
0
0
0
0
0
0
0
0
0
0
0
0
0
0
0
0
0
0
0
0
0
0
0
0
0
0
0
0
0
0
0
0
0
0
0
0
0
0
0
0
0
0
0
0
0
0
0
0
0
0
0
0
0
0
0
0
0
0
0
0
0
0
0
0
0
0
0
0
0
0
0
0
0
0
0
0
0
0
0
0
0
0
0
0
0
0
0
0
0
0
0
0
0
0
0
0
0
0
0
0
0
0
0
0
0
0
0
0
0
0
0
0
0
0
0
0
0
0
0
0
0
0
0
0
0
0
0
0
0
0
0
0
0
0
0
0
0
0
0
0
0
0
0
0
0
0
0
0
0
0
0
0
0
0
0
0
0
0
0
0
0
0
0
0
0
0
0
0
0
0
0
0
0
0
0
0
0
0
0
0
0
0
0
0
0
0
0
0
0
0
0
0
0
0
0
0
0
0
0
0
0
0
0
0
0
0
0
0
0
0
0
0
0
0
0
0
0
0
0
0
0
0
0
0
0
0
0
0
0
0
0
0
0
0
0
0
0
0
0
0
0
0
0
0
0
0
0
0
0
0
0
0
0
0
0
0
0
0
0
0
0
0
0
0
0
0
0
0
0
0
0
0
0
0
0
0
0
0
0
0
0
0
0
0
0
0
0
0
0
0
0
0
0
0
0
0
0
0
0
0
0
0
0
0
0
0
0
0
0
0
0
0
0
0
0
0
0
0
0
0
0
0
0
0
0
0
0
0
0
0
0
0
0
0
0
0
0
0
0
0
0
0
0
0
0
0
0
0
0
0
0
0
0
0
0
0
0
0
0
0
0
0
0
0
0
0
0
0
0
0
0
0
0
0
0
0
0
0
0
0
0
0
0
0
0
0
0
0
0
0
0
0
0
0
0
0
0
0
0
0
0
0
0
0
0
0
0
0
0
0
0
0
0
0
0
0
0
0
0
0
0
0
0
0
0
0
0
0
0
0
0
0
0
0
0
0
0
0
0
0
0
0
0
0
0
0
0
0
0
0
0
0
0
0
0
0
0
0
0
0
0
0
0
0
0
0
0
0
0
0
0
0
0
0
0
0
0
0
0
0
0
0
0
0
0
0
0
0
0
0
0
0
0
0
0
0
0
0
0
0
0
0
0
0
0
0
0
0
0
0
0
0
0
0
0
0
0
0
0
0
0
0
0
0
0
0
0
0
0
0
0
0
0
0
0
0
0
0
0
0
0
0
0
0
0
0
0
0
0
0
0
0
0
0
0
0
0
0
0
0
0
0
0
0
0
0
0
0
0
0
0
0
0
0
0
0
0
0
0
0
0
0
0
0
0
0
0
0
0
0
0
0
0
0
0
0
0
0
0
0
0
0
0
0
0
0
0
0
0
0
0
0
0
0
0
0
0
0
0
0
0
0
0
0
0
0
0
0
0
0
0
0
0
0
0
0
0
0
0
0
0
0
0
0
0
0
0
0
0
0
0
0
0
0
0
0
0
0
0
0
0
0
0
0
0
0
0
0
0
0
0
0
0
0
0
0
0
0
0
0
0
0
0
0
0
0
0
0
0
0
0
0
0
0
0
0
0
0
0
0
0
0
0
0
0
0
0
0
0
0
0
0
0
0
0
0
0
0
0
0
0
0
0
0
0
0
0
0
0
0
0
0
0
0
0
0
0
0
0
0
0
0
0
0
0
0
0
0
0
0
0
0
0
0
0
0
0
0
0
0
0
0
0
0
0
0
0
0
0
0
0
0
0
0
0
0
0
0
0
0
0
0
0
0
0
0
0
0
0
0
0
0
0
0
0
0
0
0
0
0
0
0
0
0
0
0
0
0
0
0
0
0
0
0
0
0
0
0
0
0
0
0
0
0
0
0
0
0
0
0
0
0
0
0
0
0
0
0
0
0
0
0
0
0
0
0
0
0
0
0
0
0
0
0
0
0
0
0
0
0
0
0
0
0
0
0
0
0
0
0
0
0
0
0
0
0
0
0
0
0
0
0
0
0
0
0
0
0
0
0
0
0
0
0
0
0
0
0
0
0
0
0
0
0
0
0
0
0
0
0
0
0
0
0
0
0
0
0
0
0
0
0
0
0
0
0
0
0
0
0
0
0
0
0
0
0
0
0
0
0
0
0
0
0
0
0
0
0
0
0
0
0
0
0
0
0
0
0
0
0
0
0
0
0
0
0
0
0
0
0
0
0
0
0
0
0
0
0
0
0
0
0
0
0
0
0
0
0
0
0
0
0
0
0
0
0
0
0
0
0
0
0
0
0
0
0
0
0
0
0
0
0
0
0
0
0
0
0
0
0
0
0
0
0
0
0
0
0
0
0
0
0
0
0
0
0
0
0
0
0
0
0
0
0
0
0
0
0
0
0
0
0
0
0
0
0
0
0
0
0
0
0
0
0
0
0
0
0
0
0
0
0
0
0
0
0
0
0
0
0
0
0
0
0
0
0
0
0
0
0
0
0
0
0
0
0
0
0
0
0
0
0
0
0
0
0
0
0
0
0
0
0
0
0
0
0
0
0
0
0
0
0
0
0
0
0
0
0
0
0
0
0
0
0
0
0
0
0
0
0
0
0
0
0
0
0
0
0
0
0
0
0
0
0
0
0
0
0
0
0
0
0
0
0
0
0
0
0
0
0
0
0
0
0
0
0
0
0
0
0
0
0
0
0
0
0
0
0
0
0
0
0
0
0
0
0
0
0
0
0
0
0
0
0
0
0
0
0
0
0
0
0
0
0
0
0
0
0
0
0
0
0
0
0
0
0
0
0
0
0
0
0
0
0
0
0
0
0
0
0
0
0
0
0
0
0
0
0
0
0
0
0
0
0
0
0
0
0
0
0
0
0
0
0
0
0
0
0
0
0
0
0
0
0
0
0
0
0
0
0
0
0
0
0
0
0
0
0
0
0
0
0
0
0
0
0
0
0
0
0
0
0
0
0
0
0
0
0
0
0
0
0
0
0
0
0
0
0
0
0
0
0
0
0
0
0
0
0
0
0
0
0
0
0
0
0
0
0
0
0
0
0
0
0
0
0
0
0
0
0
0
0
0
0
0
0
0
0
0
0
0
0
0
0
0
0
0
0
0
0
0
0
0
0
0
0
0
0
0
0
0
0
0
0
0
0
0
0
0
0
0
0
0
0
0
0
0
0
0
0
0
0
0
0
0
0
0
0
0
0
0
0
0
0
0
0
0
0
0
0
0
0
0
0
0
0
0
0
0
0
0
0
0
0
0
0
0
0
0
0
0
0
0
0
0
0
0
0
0
0
0
0
0
0
0
0
0
0
0
0
0
0
0
0
0
0
0
0
0
0
0
0
0
0
0
0
0
0
0
0
0
0
0
0
0
0
0
0
0
0
0
0
0
0
0
0
0
0
0
0
0
0
0
0
0
0
0
0
0
0
0
0
0
0
0
0
0
0
0
0
0
0
0
0
0
0
0
0
0
0
0
0
0
0
0
0
0
0
0
0
0
0
0
0
0
0
0
0
0
0
0
0
0
0
0
0
0
0
0
0
0
0
0
0
0
0
0
0
0
0
0
0
0
0
0
0
0
0
0
0
0
0
0
0
0
0
0
0
0
0
0
0
0
0
0
0
0
0
0
0
0
0
0
0
0
0
0
0
0
0
0
0
0
0
0
0
0
0
0
0
0
0
0
0
0
0
0
0
0
0
0
0
0
0
0
0
0
0
0
0
0
0
0
0
0
0
0
0
0
0
0
0
0
0
0
0
0
0
0
0
0
0
0
0
0
0
0
0
0
0
0
0
0
0
0
0
0
0
0
0
0
0
0
0
0
0
0
0
0
0
0
0
0
0
0
0
0
0
0
0
0
0
0
0
0
0
0
0
0
0
0
0
0
0
0
0
0
0
0
0
0
0
0
0
0
0
0
0
0
0
0
0
0
0
0
0
0
0
0
0
0
0
0
0
0
0
0
0
0
0
0
0
0
0
0
0
0
0
0
0
0
0
0
0
0
0
0
0
0
0
0
0
0
0
0
0
0
0
0
0
0
0
0
0
0
0
0
0
0
0
0
0
0
0
0
0
0
0
0
0
0
0
0
0
0
0
0
0
0
0
0
0
0
0
0
0
0
0
0
0
0
0
0
0
0
0
0
0
0
0
0
0
0
0
0
0
0
0
0
0
0
0
0
0
0
0
0
0
0
0
0
0
0
0
0
0
0
0
0
0
0
0
0
0
0
0
0
0
0
0
0
0
0
0
0
0
0
0
0
0
0
0
0
0
0
0
0
0
0
0
0
0
0
0
0
0
0
0
0
0
0
0
0
0
0
0
0
0
0
0
0
0
0
0
0
0
0
0
0
0
0
0
0
0
0
0
0
0
0
0
0
0
0
0
0
0
0
0
0
0
0
0
0
0
0
0
0
0
0
0
0
0
0
0
0
0
0
0
0
0
0
0
0
0
0
0
0
0
0
0
0
0
0
0
0
0
0
0
0
0
0
0
0
0
0
0
0
0
0
0
0
0
0
0
0
0
0
0
0
0
0
0
0
0
0
0
0
0
0
0
0
0
0
0
0
0
0
0
0
0
0
0
0
0
0
0
0
0
0
0
0
0
0
0
0
0
0
0
0
0
0
0
0
0
0
0
0
0
0
0
0
0
0
0
0
0
0
0
0
0
0
0
0
0
0
0
0
0
0
0
0
0
0
0
0
0
0
0
0
0
0
0
0
0
0
0
0
0
0
0
0
0
0
0
0
0
0
0
0
0
0
0
0
0
0
0
0
0
0
0
0
0
0
0
0
0
0
0
0
0
0
0
0
0
0
0
0
0
0
0
0
0
0
0
0
0
0
0
0
0
0
0
0
0
0
0
0
0
0
0
0
0
0
0
0
0
0
0
0
0
0
0
0
0
0
0
0
0
0
0
0
0
0
0
0
0
0
0
0
0
0
0
0
0
0
0
0
0
0
0
0
0
0
0
0
0
0
0
0
0
0
0
0
0
0
0
0
0
0
0
0
0
0
0
0
0
0
0
0
0
0
0
0
0
0
0
0
0
0
0
0
0
0
0
0
0
0
0
0
0
0
0
0
0
0
0
0
0
0
0
0
0
0
0
0
0
0
0
0
0
0
0
0
0
0
0
0
0
0
0
0
0
0
0
0
0
0
0
0
0
0
0
0
0
0
0
0
0
0
0
0
0
0
0
0
0
0
0
0
0
0
0
0
0
0
0
0
0
0
0
0
0
0
0
0
0
0
0
0
0
0
0
0
0
0
0
0
0
0
0
0
0
0
0
0
0
0
0
0
0
0
0
0
0
0
0
0
0
0
0
0
0
0
0
0
0
0
0
0
0
0
0
0
0
0
0
0
0
0
0
0
0
0
0
0
0
0
0
0
0
0
0
0
0
0
0
0
0
0
0
0
0
0
0
0
0
0
0
0
0
0
0
0
0
0
0
0
0
0
0
0
0
0
0
0
0
0
0
0
0
0
0
0
0
0
0
0
0
0
0
0
0
0
0
0
0
0
0
0
0
0
0
0
0
0
0
0
0
0
0
0
0
0
0
0
0
0
0
0
0
0
0
0
0
0
0
0
0
0
0
0
0
0
0
0
0
0
0
0
0
0
0
0
0
0
0
0
0
0
0
0
0
0
0
0
0
0
0
0
0
0
0
0
0
0
0
0
0
0
0
0
0
0
0
0
0
0
0
0
0
0
0
0
0
0
0
0
0
0
0
0
0
0
0
0
0
0
0
0
0
0
0
0
0
0
0
0
0
0
0
0
0
0
0
0
0
0
0
1
0
0
0
0
0
0
0
0
0
0
0
0
0
0
0
0
0
0
0
0
0
0
0
0
0
0
0
0
0
0
0
0
0
0
0
0
0
0
0
0
1
0
-1
-2
-2
0
0
-1
-2
-2
-2
-1
-1
-1
-1
-1
-1
-1
0
1
1
0
0
0
0
-1
-1
-1
0
0
0
0
0
0
0
0
0
0
-1
-1
-1
-1
-1
-1
-1
0
0
-1
0
0
0
-1
-1
-1
0
0
0
-1
-1
-1
-1
-1
-1
-1
-1
-1
0
0
-1
0
0
0
0
0
0
-1
-1
-1
-1
-1
-1
-1
-1
-1
-1
-1
-1
-1
-1
-1
-1
-1
-1
-1
-1
-1
-1
0
-1
-1
-1
-1
-1
-1
-1
-1
-1
-2
-2
-1
-1
-1
-1
-2
-1
-1
-1
-1
-1
-1
-1
-1
-1
-1
-1
-1
-1
-1
-1
-1
-1
-1
-1
-1
-1
-1
-1
-1
-1
-1
-1
-1
-1
-1
-2
-2
-1
-1
-1
-1
-1
-1
-2
-2
-1
-1
-2
-2
-2
-1
-2
-2
-2
-2
-2
-2
-1
-1
-1
-1
-1
-1
-1
-1
-1
0
-1
-1
-1
0
0
0
0
0
0
0
1
0
0
0
1
1
1
1
2
2
2
1
1
1
1
1
2
2
1
1
1
1
1
2
2
2
1
1
2
1
1
0
0
1
1
1
1
2
1
0
0
1
1
1
1
1
1
1
0
0
0
0
0
0
1
1
1
0
1
1
1
1
0
-1
0
0
1
1
0
0
1
2
1
0
-1
0
0
0
0
1
1
0
0
-1
0
0
0
-1
-1
-1
0
0
0
0
-1
-1
-1
-1
0
0
0
0
0
1
1
1
1
1
0
0
1
1
0
0
0
1
0
0
0
1
1
-1
-2
-1
0
0
0
0
0
0
0
0
0
0
1
1
1
1
0
1
0
0
0
0
0
1
1
2
2
1
0
1
1
1
0
0
1
0
0
0
0
0
0
0
0
0
-1
-1
-1
0
-1
-1
-1
-1
-1
-1
-1
-1
-2
-3
-3
-2
-2
-2
-2
-2
-2
-1
-1
-1
-2
-1
-1
0
0
0
-1
-1
-1
-1
-1
-1
-1
0
0
-1
-1
-1
-1
0
-1
-1
-2
-2
-1
-1
-2
-2
-2
-2
-2
-3
-3
-3
-3
-3
-3
-2
-2
-2
-2
-2
-2
-2
-1
-1
-1
-1
-1
-1
0
0
0
0
0
0
0
1
1
1
1
2
2
2
2
2
2
2
2
2
2
2
1
1
1
1
2
2
2
1
1
1
0
0
0
0
1
1
1
1
1
2
2
2
1
0
0
0
0
0
1
1
0
0
1
1
1
1
2
2
2
2
2
3
3
2
2
3
4
4
3
3
3
3
3
3
4
3
3
2
3
3
4
5
5
4
2
2
2
4
4
4
4
3
3
3
3
3
3
2
2
2
3
3
2
1
1
0
0
0
0
0
-2
-3
-3
-3
-2
-3
-3
-3
-3
-4
-5
-5
-5
-5
-6
-6
-6
-5
-5
-5
-5
-6
-6
-6
-6
-7
-7
-7
-6
-6
-6
-6
-5
-5
-6
-6
-5
-4
-4
-3
-2
-2
-1
-1
-1
-1
-1
-1
0
0
1
1
2
2
2
2
2
2
3
4
4
4
5
5
5
4
4
5
5
5
5
5
5
5
6
6
6
5
5
5
5
5
5
5
6
5
4
4
4
4
4
4
3
2
2
2
2
2
2
2
3
3
2
2
2
1
1
1
1
1
0
0
0
-1
-1
-1
-1
-1
-2
-2
-2
-2
-3
-3
-3
-3
-3
-3
-2
-3
-4
-4
-3
-3
-3
-3
-3
-3
-3
-3
-4
-4
-4
-4
-4
-4
-4
-5
-5
-4
-4
-5
-6
-6
-5
-5
-6
-6
-6
-6
-7
-7
-6
-6
-6
-6
-6
-6
-7
-7
-6
-5
-6
-6
-6
-5
-5
-6
-6
-6
-6
-7
-7
-6
-5
-5
-6
-7
-6
-6
-6
-5
-5
-5
-5
-4
-3
-2
-3
-3
-4
-4
-4
-4
-3
-2
-2
-2
-2
-3
-3
-3
-3
-3
-3
-4
-4
-4
-4
-4
-4
-4
-5
-6
-7
-6
-5
-6
-6
-6
-6
-7
-9
-9
-9
-8
-9
-10
-9
-9
-9
-10
-10
-10
-9
-9
-9
-9
-8
-9
-9
-8
-8
-7
-7
-5
-4
-5
-5
-4
-2
-2
-2
-2
-1
0
0
0
2
2
2
3
4
5
5
5
6
6
6
7
8
8
7
7
8
9
9
9
10
10
10
10
9
9
9
9
10
11
12
12
11
11
11
11
12
12
12
12
12
12
13
13
13
13
13
13
13
13
13
14
14
14
13
12
13
12
12
12
12
12
11
10
11
11
11
9
8
7
7
6
6
5
3
2
2
0
-1
-1
-2
-3
-4
-5
-5
-7
-9
-11
-11
-11
-12
-14
-15
-15
-16
-18
-18
-17
-17
-18
-19
-19
-20
-21
-21
-21
-20
-20
-20
-21
-21
-22
-22
-22
-22
-21
-21
-20
-20
-21
-21
-22
-21
-20
-19
-18
-18
-17
-17
-17
-17
-17
-17
-16
-15
-15
-14
-14
-14
-14
-13
-12
-13
-13
-12
-11
-11
-12
-13
-13
-13
-11
-10
-9
-10
-11
-11
-9
-9
-9
-9
-9
-9
-9
-8
-6
-5
-5
-7
-7
-5
-5
-5
-5
-5
-3
-2
-2
-2
-2
-2
-2
-2
-1
0
0
0
0
1
1
1
1
2
3
3
4
5
4
4
3
5
6
7
6
6
7
9
9
9
9
10
11
12
13
13
13
14
16
18
18
17
17
19
20
21
22
23
25
25
26
27
29
30
30
30
31
32
33
33
33
34
33
32
33
34
34
34
34
35
36
35
34
34
34
33
32
33
33
31
30
29
29
27
25
24
23
23
21
20
20
19
16
14
12
11
10
9
8
6
5
3
1
0
-1
-1
-2
-4
-5
-5
-7
-8
-9
-10
-12
-13
-14
-15
-16
-17
-19
-20
-21
-22
-23
-24
-24
-25
-26
-27
-28
-29
-30
-31
-31
-32
-32
-32
-34
-34
-35
-35
-36
-36
-37
-38
-38
-39
-39
-39
-40
-41
-41
-41
-41
-41
-41
-39
-38
-39
-39
-40
-39
-37
-36
-34
-34
-33
-32
-32
-31
-29
-27
-27
-25
-23
-21
-20
-20
-20
-17
-14
-12
-10
-9
-8
-7
-6
-3
-1
1
1
2
4
6
8
9
9
11
13
15
16
17
19
19
19
20
23
26
27
28
29
31
32
33
35
37
39
39
39
40
42
43
42
43
45
47
48
48
48
48
47
47
48
49
49
49
49
49
49
49
49
50
50
50
49
49
49
48
47
46
47
46
45
44
44
44
43
42
42
41
40
38
38
38
37
35
34
34
34
34
33
32
32
31
30
29
29
28
26
25
25
24
23
22
20
20
19
18
17
16
14
12
10
10
9
7
5
5
4
2
0
-1
-2
-3
-5
-8
-10
-12
-13
-16
-19
-21
-24
-26
-29
-32
-34
-37
-40
-44
-47
-51
-55
-59
-62
-65
-68
-72
-75
-78
-80
-83
-86
-90
-93
-97
-100
-102
-103
-105
-108
-110
-111
-113
-114
-114
-114
-113
-115
-116
-115
-114
-113
-113
-110
-107
-105
-105
-102
-97
-93
-92
-89
-83
-77
-75
-72
-67
-61
-58
-55
-49
-42
-38
-34
-29
-23
-18
-15
-9
-2
3
7
12
17
22
26
30
36
42
46
50
55
59
63
67
71
76
81
85
88
91
94
98
102
105
108
112
115
119
122
125
126
128
131
135
137
139
140
142
143
143
144
146
148
149
148
147
147
147
145
144
143
143
142
140
137
134
132
129
127
124
120
117
114
110
105
100
96
91
86
81
78
73
66
58
52
47
41
33
26
22
16
8
1
-5
-11
-19
-27
-34
-38
-46
-56
-63
-69
-75
-82
-89
-96
-103
-110
-117
-123
-128
-134
-141
-148
-154
-159
-165
-172
-177
-181
-185
-190
-194
-198
-201
-206
-210
-212
-213
-216
-219
-220
-220
-221
-224
-226
-225
-225
-225
-224
-222
-220
-219
-219
-216
-213
-210
-208
-203
-198
-194
-191
-186
-179
-173
-168
-161
-153
-145
-139
-132
-125
-116
-109
-101
-92
-82
-74
-67
-57
-46
-36
-26
-17
-6
5
15
24
34
44
55
65
77
89
99
108
117
128
139
148
157
166
176
185
193
200
208
216
223
229
235
243
250
254
257
262
267
271
273
276
279
280
280
281
284
285
283
281
281
281
278
275
273
272
268
262
259
257
251
243
238
236
231
224
217
214
209
201
193
187
182
174
165
159
154
146
137
130
123
115
105
96
88
79
69
60
52
44
35
24
15
5
-4
-13
-22
-32
-42
-52
-62
-72
-82
-93
-103
-114
-124
-133
-142
-153
-163
-172
-180
-190
-199
-207
-215
-223
-232
-239
-245
-253
-262
-268
-273
-278
-284
-290
-294
-299
-305
-310
-312
-316
-320
-325
-327
-328
-330
-332
-333
-333
-335
-337
-338
-338
-338
-338
-338
-336
-334
-334
-332
-328
-323
-320
-317
-312
-306
-300
-294
-287
-279
-270
-263
-255
-243
-232
-222
-212
-199
-185
-173
-162
-148
-133
-120
-107
-92
-74
-58
-42
-26
-9
7
22
38
56
74
91
108
125
143
158
175
192
208
222
238
255
271
285
298
311
324
335
346
357
367
376
383
392
400
406
411
416
422
427
430
432
435
437
437
436
436
436
435
432
430
428
424
419
414
409
403
396
388
382
375
368
360
352
343
334
325
317
309
299
288
278
268
258
247
235
225
213
201
190
179
166
153
140
128
115
101
87
73
60
46
32
19
5
-8
-22
-36
-49
-62
-76
-91
-105
-117
-129
-142
-154
-166
-176
-187
-200
-212
-223
-235
-247
-259
-270
-281
-292
-303
-311
-320
-330
-341
-349
-357
-366
-375
-382
-388
-396
-404
-410
-416
-422
-428
-435
-440
-445
-451
-456
-460
-464
-469
-474
-478
-481
-485
-488
-490
-492
-493
-495
-496
-494
-491
-489
-487
-483
-479
-473
-468
-462
-455
-446
-437
-427
-414
-400
-385
-371
-357
-341
-324
-307
-290
-271
-251
-230
-209
-188
-165
-142
-119
-96
-73
-48
-22
2
25
51
78
104
130
156
183
209
234
258
284
309
333
355
379
402
421
439
458
478
495
510
524
539
552
562
572
583
594
600
606
613
620
625
626
627
629
628
626
624
623
621
617
612
609
604
596
587
579
571
562
551
541
532
520
507
495
484
470
454
440
427
413
395
378
362
345
326
307
291
274
255
234
215
196
175
152
131
111
91
69
48
29
8
-14
-34
-52
-70
-90
-110
-128
-146
-165
-185
-203
-220
-238
-255
-271
-287
-303
-319
-333
-347
-362
-378
-392
-404
-416
-429
-442
-454
-466
-478
-489
-499
-509
-519
-529
-537
-544
-552
-560
-568
-574
-580
-586
-591
-597
-602
-607
-611
-614
-617
-620
-622
-624
-625
-626
-626
-626
-627
-625
-622
-617
-612
-607
-600
-591
-582
-573
-561
-547
-534
-520
-504
-485
-467
-448
-429
-407
-385
-363
-340
-316
-291
-267
-242
-215
-186
-157
-129
-99
-69
-39
-11
19
52
85
114
143
175
208
238
267
297
329
358
384
411
439
465
488
512
538
563
583
602
622
641
656
667
679
691
700
707
714
722
728
731
733
735
735
732
728
725
720
714
706
699
692
685
675
666
657
648
637
625
613
601
588
574
560
546
532
517
502
486
471
455
439
421
404
387
369
350
331
310
289
267
244
222
201
179
157
134
112
90
67
44
21
-1
-25
-49
-71
-92
-114
-135
-155
-174
-193
-212
-231
-249
-268
-287
-305
-320
-336
-353
-367
-381
-394
-408
-421
-432
-445
-457
-469
-480
-492
-505
-518
-529
-539
-549
-560
-568
-574
-580
-588
-594
-599
-605
-612
-618
-623
-628
-633
-638
-641
-643
-647
-651
-653
-654
-656
-659
-660
-661
-660
-660
-659
-657
-653
-650
-646
-639
-630
-620
-609
-596
-582
-566
-550
-534
-517
-500
-482
-462
-440
-417
-392
-366
-338
-308
-277
-247
-216
-185
-153
-120
-87
-55
-22
12
46
80
114
148
184
221
256
290
324
358
389
419
449
479
507
535
563
591
617
640
662
683
702
717
730
744
757
767
775
784
792
797
800
802
804
803
799
794
789
783
775
766
757
747
736
724
713
702
690
677
665
652
639
624
608
591
574
556
539
522
505
489
472
455
438
419
399
378
356
334
313
293
272
249
225
202
179
154
129
105
83
60
35
12
-10
-33
-58
-82
-105
-125
-147
-170
-191
-210
-229
-248
-268
-286
-305
-325
-344
-360
-374
-389
-405
-420
-433
-445
-458
-471
-483
-496
-508
-520
-531
-541
-552
-564
-576
-584
-592
-603
-614
-624
-631
-637
-644
-652
-660
-667
-674
-681
-687
-692
-699
-705
-710
-714
-717
-721
-725
-729
-732
-734
-735
-734
-730
-725
-720
-713
-702
-690
-680
-670
-656
-638
-618
-600
-580
-557
-534
-511
-486
-461
-434
-408
-379
-348
-313
-279
-244
-209
-172
-138
-105
-70
-33
6
45
84
124
164
203
239
276
312
349
383
419
455
492
527
559
591
621
649
675
700
724
745
766
787
806
821
831
840
849
858
864
868
869
871
871
869
864
858
850
841
831
820
809
798
787
775
761
746
732
717
702
686
670
656
641
624
606
587
569
551
533
515
496
478
460
441
421
400
378
356
332
307
281
256
233
211
186
160
133
108
83
57
30
4
-21
-45
-69
-95
-121
-146
-170
-192
-214
-236
-257
-276
-293
-310
-328
-347
-363
-380
-396
-413
-429
-443
-455
-468
-480
-492
-503
-513
-523
-534
-546
-557
-567
-577
-587
-597
-607
-617
-627
-637
-647
-658
-666
-673
-680
-688
-696
-703
-710
-717
-725
-732
-736
-740
-746
-751
-754
-757
-760
-764
-768
-771
-773
-774
-773
-769
-763
-754
-742
-729
-715
-701
-687
-670
-649
-627
-605
-582
-555
-525
-496
-467
-436
-401
-365
-330
-294
-257
-217
-179
-141
-103
-64
-25
13
53
96
139
182
226
271
316
359
400
439
479
517
554
589
625
660
692
722
749
775
799
820
839
858
876
892
905
915
922
927
930
932
932
930
926
922
918
912
905
895
885
875
863
850
835
820
804
787
771
754
737
719
701
684
667
648
630
612
594
574
553
532
511
489
466
444
424
403
380
356
334
311
286
259
233
206
179
150
122
94
66
38
11
-15
-42
-70
-98
-125
-150
-175
-201
-225
-247
-269
-291
-312
-332
-351
-368
-385
-400
-415
-431
-445
-460
-475
-489
-502
-514
-526
-538
-549
-559
-569
-579
-590
-600
-610
-620
-628
-636
-645
-655
-666
-674
-682
-691
-700
-707
-713
-720
-727
-732
-735
-741
-749
-756
-762
-768
-777
-784
-788
-791
-796
-802
-804
-804
-805
-807
-804
-796
-787
-779
-767
-750
-733
-719
-703
-680
-655
-632
-609
-581
-549
-519
-490
-458
-423
-389
-358
-321
-278
-236
-197
-156
-109
-62
-18
24
69
117
161
205
252
299
342
383
427
475
519
558
596
637
678
715
747
779
809
835
858
882
906
925
941
958
974
985
991
995
999
1001
998
994
990
984
976
966
957
945
932
918
904
888
870
851
833
813
793
774
757
738
716
694
676
659
640
619
599
581
560
538
517
497
473
447
425
406
386
359
332
309
287
258
227
200
177
150
118
89
64
38
5
-27
-53
-78
-106
-135
-161
-184
-209
-235
-258
-276
-296
-320
-342
-358
-372
-390
-408
-422
-434
-446
-461
-474
-486
-499
-512
-523
-533
-542
-553
-564
-573
-583
-594
-604
-612
-620
-631
-644
-656
-663
-671
-682
-695
-706
-714
-723
-733
-741
-748
-755
-764
-772
-777
-783
-795
-806
-811
-812
-817
-829
-837
-837
-837
-843
-849
-846
-837
-830
-825
-813
-793
-775
-763
-745
-717
-690
-669
-646
-614
-577
-550
-526
-493
-449
-409
-376
-338
-287
-233
-189
-149
-100
-45
3
45
92
145
195
240
289
347
403
449
493
544
596
638
672
711
756
797
830
861
893
922
945
965
988
1009
1023
1035
1047
1059
1064
1064
1063
1060
1054
1045
1038
1033
1025
1012
999
987
973
952
929
909
891
870
849
829
811
791
770
749
730
710
687
666
647
629
607
585
564
542
516
487
461
436
411
385
360
337
314
287
260
231
202
171
139
110
82
54
26
-1
-25
-51
-79
-109
-137
-163
-189
-214
-236
-255
-275
-298
-322
-344
-365
-385
-404
-420
-433
-447
-463
-477
-490
-502
-516
-531
-543
-552
-559
-567
-576
-587
-599
-610
-622
-634
-646
-656
-664
-673
-684
-695
-707
-720
-733
-746
-756
-764
-774
-783
-789
-795
-807
-821
-832
-838
-848
-863
-876
-882
-886
-897
-909
-915
-917
-923
-932
-932
-919
-908
-902
-893
-872
-849
-835
-822
-798
-766
-738
-716
-684
-637
-594
-562
-528
-477
-423
-380
-341
-288
-222
-163
-117
-64
2
64
110
155
215
281
334
378
434
502
561
604
650
706
758
793
826
872
920
952
972
1002
1042
1070
1078
1089
1112
1133
1137
1136
1147
1161
1158
1142
1133
1136
1130
1108
1086
1079
1073
1053
1028
1013
1001
977
943
917
902
883
849
817
800
787
761
728
703
685
662
628
599
581
563
534
501
474
452
423
389
359
334
307
277
251
231
209
177
143
115
91
60
19
-19
-47
-71
-99
-129
-156
-178
-201
-226
-250
-273
-298
-325
-349
-367
-385
-408
-431
-449
-463
-478
-494
-509
-518
-528
-541
-557
-569
-580
-594
-612
-629
-641
-649
-657
-667
-678
-690
-701
-712
-723
-735
-749
-764
-776
-786
-796
-805
-816
-827
-839
-850
-861
-872
-883
-893
-904
-914
-925
-937
-949
-962
-975
-987
-995
-999
-1001
-1001
-999
-992
-981
-968
-953
-936
-917
-897
-873
-844
-811
-780
-749
-711
-668
-623
-582
-540
-494
-441
-386
-330
-273
-214
-155
-94
-28
37
97
153
214
283
352
414
472
534
598
656
710
763
815
864
912
959
1002
1037
1067
1099
1134
1161
1179
1198
1223
1245
1255
1258
1266
1275
1272
1258
1248
1244
1236
1218
1201
1189
1173
1147
1121
1105
1088
1058
1021
995
978
950
908
868
842
819
785
748
723
704
675
639
609
585
555
513
476
450
423
386
348
321
296
262
225
198
179
153
117
85
62
36
-3
-45
-77
-103
-133
-166
-192
-212
-237
-267
-293
-310
-330
-357
-385
-405
-421
-439
-459
-476
-490
-506
-524
-536
-542
-548
-560
-572
-579
-583
-593
-606
-620
-631
-642
-653
-663
-671
-679
-691
-704
-717
-730
-745
-760
-775
-787
-801
-816
-829
-841
-855
-874
-892
-903
-910
-922
-941
-958
-969
-980
-997
-1016
-1031
-1042
-1055
-1067
-1072
-1073
-1078
-1085
-1081
-1064
-1048
-1039
-1028
-1003
-974
-955
-940
-909
-866
-829
-801
-760
-699
-638
-590
-542
-476
-405
-349
-298
-227
-143
-74
-23
41
129
212
269
321
399
488
555
604
670
753
819
857
901
969
1034
1068
1093
1141
1201
1234
1245
1267
1310
1339
1340
1343
1367
1389
1381
1364
1367
1381
1372
1341
1319
1315
1304
1273
1241
1226
1210
1178
1142
1120
1102
1063
1010
969
942
911
868
828
802
776
739
696
662
630
592
551
516
485
448
409
375
343
305
260
221
192
165
132
96
62
27
-9
-43
-74
-111
-153
-189
-213
-236
-266
-298
-320
-336
-356
-379
-396
-408
-423
-444
-462
-473
-486
-506
-524
-531
-536
-547
-562
-569
-570
-576
-587
-594
-596
-600
-610
-621
-627
-633
-643
-656
-666
-673
-680
-690
-699
-707
-720
-738
-758
-775
-787
-799
-816
-837
-856
-871
-885
-905
-928
-950
-968
-986
-1003
-1016
-1029
-1047
-1071
-1092
-1099
-1104
-1115
-1128
-1128
-1114
-1104
-1100
-1091
-1068
-1043
-1029
-1015
-985
-945
-911
-881
-840
-782
-726
-677
-622
-552
-482
-424
-366
-290
-202
-124
-57
16
102
186
254
318
391
469
542
612
689
771
845
907
969
1035
1095
1142
1183
1230
1278
1319
1352
1384
1418
1443
1457
1469
1485
1498
1503
1502
1501
1498
1490
1475
1455
1433
1410
1385
1361
1339
1317
1290
1259
1226
1192
1155
1113
1069
1025
984
944
904
862
818
775
733
691
647
603
562
521
477
432
392
354
311
261
211
170
135
98
56
18
-13
-44
-78
-113
-145
-179
-219
-258
-286
-306
-331
-363
-390
-403
-414
-435
-459
-472
-477
-487
-503
-514
-513
-514
-524
-533
-531
-526
-530
-540
-537
-526
-522
-533
-539
-532
-527
-537
-554
-561
-562
-574
-594
-604
-601
-606
-627
-648
-656
-663
-685
-716
-738
-751
-775
-809
-836
-850
-872
-912
-952
-974
-991
-1020
-1058
-1082
-1096
-1116
-1148
-1173
-1185
-1201
-1230
-1254
-1255
-1247
-1247
-1248
-1230
-1199
-1178
-1167
-1143
-1102
-1064
-1037
-1001
-942
-878
-826
-773
-700
-619
-552
-491
-410
-311
-223
-153
-72
28
124
197
267
356
453
532
602
690
789
873
938
1009
1093
1161
1202
1242
1301
1361
1397
1422
1460
1506
1535
1545
1561
1585
1598
1592
1589
1601
1610
1596
1570
1554
1543
1518
1481
1452
1432
1406
1369
1337
1316
1291
1251
1203
1161
1124
1079
1029
981
934
885
833
785
744
701
651
598
548
504
459
410
357
305
257
210
160
108
60
16
-29
-77
-118
-148
-178
-216
-258
-293
-325
-363
-407
-445
-473
-501
-531
-549
-552
-555
-569
-585
-586
-577
-580
-593
-597
-585
-573
-570
-566
-553
-541
-537
-533
-518
-499
-493
-493
-485
-469
-462
-471
-482
-486
-491
-508
-528
-539
-544
-557
-579
-597
-609
-627
-656
-689
-720
-750
-784
-820
-851
-881
-918
-960
-999
-1032
-1069
-1110
-1147
-1175
-1201
-1234
-1270
-1301
-1327
-1357
-1388
-1408
-1412
-1409
-1405
-1391
-1364
-1332
-1311
-1291
-1255
-1203
-1154
-1113
-1061
-990
-914
-846
-775
-687
-594
-511
-429
-323
-200
-93
-9
81
197
312
400
475
565
670
761
841
931
1034
1121
1186
1256
1343
1418
1458
1486
1537
1598
1634
1645
1667
1705
1730
1726
1720
1735
1748
1736
1714
1712
1717
1699
1659
1627
1607
1574
1519
1473
1451
1430
1385
1335
1303
1278
1232
1168
1114
1075
1027
963
903
858
810
744
674
621
575
517
453
403
364
314
248
186
135
81
15
-50
-100
-144
-195
-245
-282
-313
-352
-396
-430
-454
-485
-528
-565
-587
-606
-634
-662
-673
-670
-670
-677
-679
-670
-658
-651
-644
-629
-611
-598
-590
-577
-558
-542
-529
-512
-487
-461
-440
-422
-402
-383
-378
-385
-394
-395
-396
-408
-429
-450
-464
-481
-505
-533
-560
-591
-630
-671
-706
-740
-784
-837
-887
-928
-971
-1022
-1072
-1113
-1151
-1197
-1243
-1277
-1304
-1339
-1384
-1425
-1453
-1477
-1502
-1519
-1516
-1499
-1480
-1455
-1417
-1370
-1331
-1299
-1260
-1205
-1142
-1081
-1016
-935
-840
-745
-655
-565
-470
-371
-270
-163
-50
63
172
278
386
493
591
681
767
857
952
1048
1139
1224
1304
1381
1451
1512
1569
1620
1663
1695
1723
1754
1784
1805
1814
1823
1835
1844
1840
1828
1817
1806
1785
1754
1723
1695
1664
1622
1574
1528
1484
1439
1391
1344
1296
1245
1193
1142
1088
1027
960
894
834
775
711
643
576
514
456
398
336
269
206
149
92
27
-44
-108
-164
-219
-278
-331
-372
-409
-454
-500
-534
-555
-582
-618
-651
-672
-692
-718
-743
-758
-766
-776
-779
-764
-737
-719
-712
-695
-666
-641
-630
-619
-594
-563
-542
-525
-494
-457
-430
-417
-394
-357
-326
-314
-308
-295
-285
-293
-310
-322
-331
-352
-383
-406
-421
-444
-483
-523
-554
-585
-630
-681
-725
-767
-824
-892
-956
-1007
-1058
-1117
-1177
-1228
-1267
-1304
-1346
-1393
-1442
-1487
-1525
-1560
-1595
-1625
-1643
-1650
-1648
-1630
-1594
-1548
-1507
-1469
-1415
-1345
-1281
-1231
-1176
-1093
-992
-892
-789
-670
-544
-434
-333
-213
-75
49
146
253
394
538
643
720
809
918
1014
1088
1172
1282
1393
1476
1547
1629
1706
1747
1765
1797
1842
1870
1872
1883
1916
1942
1933
1911
1911
1924
1916
1882
1853
1841
1823
1778
1727
1690
1656
1603
1541
1498
1469
1427
1363
1304
1268
1235
1180
1109
1047
992
923
838
757
691
624
549
477
422
372
304
222
144
76
4
-76
-151
-211
-268
-334
-404
-464
-518
-574
-633
-680
-709
-732
-757
-781
-800
-819
-843
-865
-877
-880
-879
-872
-854
-825
-794
-765
-736
-701
-663
-624
-587
-553
-521
-489
-452
-415
-383
-356
-327
-293
-260
-234
-216
-204
-197
-195
-195
-200
-215
-241
-273
-304
-340
-386
-438
-482
-515
-550
-597
-648
-696
-743
-798
-860
-925
-992
-1060
-1121
-1168
-1213
-1271
-1339
-1396
-1431
-1463
-1509
-1561
-1602
-1634
-1669
-1700
-1708
-1697
-1686
-1674
-1638
-1570
-1501
-1455
-1418
-1363
-1293
-1227
-1154
-1049
-918
-802
-706
-592
-444
-306
-212
-129
-2
161
302
412
533
675
795
872
949
1060
1172
1246
1313
1423
1554
1638
1672
1720
1803
1866
1873
1876
1920
1973
1982
1964
1974
2007
2012
1982
1970
1993
2002
1967
1926
1916
1908
1856
1782
1740
1723
1682
1607
1544
1515
1482
1415
1342
1293
1254
1192
1110
1035
967
886
787
692
611
533
451
373
302
229
149
65
-16
-99
-183
-264
-336
-406
-475
-540
-598
-656
-714
-762
-793
-817
-844
-866
-873
-874
-886
-907
-917
-913
-908
-906
-894
-862
-822
-784
-745
-695
-643
-598
-557
-511
-462
-423
-392
-356
-310
-269
-242
-217
-183
-146
-119
-103
-89
-73
-62
-60
-68
-87
-116
-154
-195
-241
-292
-344
-392
-436
-480
-529
-583
-641
-703
-768
-836
-907
-982
-1057
-1126
-1190
-1258
-1329
-1392
-1440
-1483
-1530
-1578
-1619
-1657
-1703
-1751
-1786
-1802
-1811
-1812
-1790
-1739
-1675
-1624
-1580
-1523
-1452
-1381
-1316
-1241
-1142
-1028
-911
-792
-663
-533
-415
-303
-177
-33
109
237
362
499
638
761
863
958
1055
1149
1240
1337
1444
1544
1629
1707
1789
1863
1909
1929
1948
1980
2009
2021
2028
2048
2076
2090
2083
2072
2068
2058
2030
1997
1977
1960
1928
1880
1835
1797
1749
1681
1610
1555
1510
1458
1400
1349
1299
1232
1145
1057
975
883
771
660
573
501
418
321
232
156
76
-22
-122
-210
-294
-384
-471
-542
-602
-668
-741
-799
-839
-879
-929
-968
-977
-970
-974
-987
-984
-965
-953
-960
-967
-949
-913
-879
-842
-785
-712
-645
-592
-540
-480
-425
-389
-359
-315
-260
-215
-182
-147
-105
-74
-63
-52
-28
-6
-4
-15
-18
-14
-27
-69
-119
-163
-210
-269
-331
-378
-414
-459
-517
-572
-618
-672
-747
-832
-905
-969
-1037
-1115
-1189
-1249
-1304
-1365
-1431
-1489
-1537
-1587
-1643
-1697
-1745
-1797
-1857
-1908
-1923
-1905
-1882
-1863
-1823
-1746
-1661
-1606
-1573
-1519
-1437
-1357
-1288
-1195
-1055
-904
-785
-682
-549
-387
-240
-120
13
184
360
505
632
769
900
992
1062
1154
1273
1382
1466
1563
1687
1801
1870
1918
1979
2037
2058
2053
2065
2101
2122
2113
2109
2132
2152
2140
2112
2100
2100
2083
2046
2014
1991
1953
1893
1829
1773
1708
1624
1542
1488
1451
1403
1338
1274
1212
1132
1027
913
805
698
585
479
388
305
214
115
20
-70
-166
-267
-359
-439
-515
-596
-674
-741
-803
-868
-930
-977
-1012
-1043
-1066
-1069
-1053
-1032
-1017
-1003
-984
-966
-951
-934
-909
-876
-836
-778
-701
-621
-555
-501
-442
-380
-328
-289
-247
-191
-134
-91
-58
-27
-3
5
4
12
25
32
34
42
50
38
-3
-54
-101
-152
-216
-283
-335
-376
-422
-475
-528
-582
-650
-728
-795
-847
-904
-977
-1050
-1105
-1158
-1232
-1321
-1396
-1457
-1524
-1601
-1663
-1700
-1744
-1816
-1895
-1946
-1974
-2004
-2030
-2019
-1970
-1916
-1872
-1809
-1717
-1639
-1608
-1579
-1486
-1340
-1212
-1117
-993
-805
-609
-471
-367
-227
-50
108
238
390
583
763
892
1003
1136
1261
1334
1389
1491
1634
1751
1821
1898
2009
2098
2123
2118
2135
2162
2161
2146
2162
2203
2215
2190
2174
2184
2176
2126
2077
2067
2066
2030
1974
1942
1922
1866
1768
1677
1615
1550
1462
1384
1341
1301
1224
1124
1035
951
836
691
557
450
345
226
117
31
-57
-173
-296
-396
-479
-575
-681
-770
-828
-882
-949
-1016
-1060
-1093
-1132
-1174
-1192
-1178
-1150
-1122
-1090
-1044
-992
-947
-910
-872
-831
-790
-744
-681
-601
-518
-442
-367
-292
-224
-173
-133
-89
-40
0
30
62
102
134
145
144
144
145
135
120
115
117
106
77
43
13
-30
-96
-171
-230
-281
-340
-401
-444
-474
-522
-594
-665
-719
-778
-862
-953
-1024
-1085
-1164
-1257
-1334
-1396
-1475
-1579
-1670
-1727
-1784
-1877
-1980
-2047
-2078
-2119
-2174
-2197
-2162
-2107
-2072
-2041
-1980
-1900
-1836
-1784
-1704
-1587
-1461
-1338
-1186
-995
-807
-654
-513
-339
-142
34
186
359
566
768
927
1060
1194
1324
1424
1504
1599
1718
1831
1924
2013
2107
2181
2213
2216
2220
2232
2235
2224
2218
2225
2236
2236
2227
2215
2196
2168
2134
2105
2083
2061
2032
1994
1951
1909
1862
1802
1723
1636
1558
1495
1436
1375
1308
1234
1145
1039
919
790
647
496
355
236
129
16
-103
-217
-327
-449
-582
-704
-803
-889
-974
-1049
-1102
-1143
-1191
-1244
-1280
-1293
-1298
-1300
-1281
-1230
-1164
-1104
-1049
-985
-914
-852
-800
-741
-666
-587
-510
-429
-335
-238
-154
-85
-24
31
76
111
143
175
202
220
235
252
261
254
234
216
206
197
179
155
130
104
70
19
-46
-112
-170
-219
-268
-315
-356
-393
-435
-491
-559
-630
-701
-771
-837
-904
-982
-1072
-1158
-1229
-1306
-1411
-1529
-1619
-1678
-1748
-1857
-1975
-2061
-2127
-2211
-2300
-2340
-2318
-2282
-2266
-2237
-2159
-2063
-2000
-1960
-1886
-1765
-1638
-1517
-1360
-1150
-941
-776
-617
-409
-176
12
156
331
564
790
951
1082
1240
1404
1516
1579
1658
1776
1890
1972
2056
2163
2256
2295
2306
2331
2356
2336
2285
2263
2284
2297
2271
2244
2245
2246
2208
2156
2138
2142
2117
2059
2016
2003
1971
1892
1802
1737
1678
1590
1498
1443
1410
1339
1225
1117
1034
928
770
602
469
352
208
47
-84
-186
-305
-453
-587
-684
-777
-891
-999
-1072
-1133
-1214
-1296
-1338
-1348
-1367
-1399
-1398
-1353
-1306
-1278
-1233
-1142
-1039
-967
-912
-829
-724
-642
-591
-526
-425
-324
-244
-161
-51
53
111
140
183
241
274
273
275
301
326
324
311
311
311
289
257
240
235
215
173
134
108
75
20
-41
-90
-136
-194
-255
-302
-338
-379
-428
-473
-519
-581
-660
-739
-817
-911
-1024
-1130
-1212
-1291
-1390
-1499
-1592
-1676
-1781
-1906
-2022
-2117
-2218
-2339
-2441
-2485
-2488
-2495
-2502
-2467
-2381
-2291
-2225
-2155
-2047
-1923
-1814
-1697
-1521
-1294
-1077
-894
-701
-462
-217
-16
158
362
597
811
988
1165
1356
1511
1598
1663
1762
1877
1953
2000
2078
2199
2295
2320
2314
2332
2354
2334
2284
2257
2264
2263
2241
2232
2248
2249
2210
2169
2166
2178
2155
2103
2071
2062
2034
1966
1894
1841
1778
1680
1574
1498
1440
1360
1252
1144
1040
912
751
583
421
251
67
-103
-237
-357
-496
-642
-765
-869
-986
-1115
-1223
-1294
-1353
-1419
-1478
-1503
-1504
-1504
-1502
-1479
-1432
-1377
-1313
-1230
-1125
-1018
-918
-818
-714
-619
-540
-463
-375
-287
-210
-136
-45
59
144
197
231
263
289
300
302
304
305
302
300
306
310
299
277
264
266
263
247
229
219
211
190
155
121
87
46
-3
-49
-87
-128
-178
-229
-277
-335
-416
-515
-622
-730
-844
-965
-1089
-1217
-1345
-1467
-1582
-1704
-1842
-1985
-2115
-2227
-2341
-2468
-2592
-2694
-2773
-2827
-2843
-2813
-2750
-2670
-2570
-2437
-2286
-2147
-2030
-1909
-1753
-1564
-1352
-1121
-870
-613
-363
-120
119
345
549
737
928
1127
1321
1497
1644
1756
1833
1890
1947
2003
2043
2079
2135
2215
2286
2321
2327
2324
2313
2285
2248
2219
2202
2192
2201
2232
2262
2264
2245
2235
2236
2219
2176
2138
2124
2109
2063
1998
1937
1863
1749
1604
1472
1365
1261
1144
1024
902
759
588
406
219
9
-217
-414
-557
-674
-811
-957
-1075
-1163
-1259
-1372
-1469
-1526
-1561
-1590
-1602
-1587
-1563
-1542
-1510
-1448
-1374
-1307
-1232
-1120
-983
-861
-762
-657
-535
-426
-354
-296
-224
-142
-74
-18
48
126
196
245
279
301
306
301
300
306
307
295
287
296
316
326
317
304
301
309
320
325
324
318
309
293
266
232
191
141
81
17
-42
-92
-146
-215
-301
-399
-506
-619
-739
-868
-1007
-1150
-1288
-1423
-1564
-1710
-1853
-1990
-2126
-2260
-2377
-2473
-2569
-2674
-2771
-2844
-2903
-2953
-2958
-2885
-2759
-2639
-2524
-2363
-2148
-1950
-1820
-1705
-1526
-1294
-1075
-867
-611
-305
-25
186
381
611
837
1002
1136
1305
1501
1656
1757
1848
1942
1994
1988
1985
2032
2094
2127
2156
2226
2311
2343
2319
2299
2302
2285
2226
2178
2187
2225
2244
2250
2277
2308
2297
2245
2202
2186
2159
2097
2029
1985
1939
1850
1721
1586
1446
1281
1099
944
827
706
550
376
215
55
-137
-355
-556
-721
-870
-1009
-1118
-1192
-1260
-1347
-1431
-1481
-1505
-1535
-1568
-1564
-1512
-1448
-1399
-1348
-1272
-1183
-1107
-1035
-941
-826
-714
-613
-505
-379
-261
-175
-116
-67
-22
17
58
103
146
182
226
287
343
362
343
320
317
322
317
305
304
317
340
362
377
379
369
363
374
393
404
398
386
377
367
341
287
207
116
33
-41
-117
-204
-294
-381
-472
-587
-729
-885
-1043
-1203
-1367
-1532
-1688
-1827
-1950
-2072
-2210
-2362
-2501
-2606
-2697
-2802
-2907
-2976
-3004
-3026
-3046
-3017
-2912
-2771
-2639
-2490
-2275
-2016
-1793
-1623
-1439
-1206
-972
-775
-564
-287
14
263
467
695
949
1153
1283
1409
1576
1732
1829
1903
2001
2087
2100
2069
2075
2122
2141
2117
2125
2200
2271
2274
2249
2263
2296
2285
2231
2198
2206
2214
2207
2220
2265
2297
2289
2268
2258
2232
2163
2072
1992
1913
1805
1679
1561
1440
1279
1079
882
713
553
386
220
57
-117
-305
-487
-659
-843
-1041
-1214
-1330
-1408
-1478
-1537
-1561
-1561
-1561
-1564
-1549
-1514
-1474
-1427
-1354
-1259
-1168
-1081
-974
-848
-737
-652
-560
-442
-326
-237
-155
-54
39
83
89
107
146
167
154
145
169
211
243
268
295
307
293
278
287
303
298
287
309
364
407
423
435
463
490
499
506
524
538
532
512
485
436
352
253
161
65
-56
-182
-280
-362
-472
-619
-762
-886
-1030
-1221
-1420
-1586
-1732
-1889
-2045
-2162
-2254
-2366
-2495
-2595
-2659
-2733
-2825
-2880
-2874
-2870
-2917
-2954
-2891
-2748
-2622
-2520
-2339
-2040
-1721
-1485
-1311
-1118
-901
-716
-555
-355
-100
158
397
648
909
1121
1257
1375
1531
1690
1801
1888
2008
2142
2210
2196
2165
2156
2144
2111
2098
2142
2216
2277
2323
2369
2393
2363
2297
2238
2194
2148
2110
2111
2139
2155
2141
2119
2096
2041
1949
1856
1786
1714
1615
1505
1404
1287
1121
917
715
520
321
135
-5
-108
-224
-369
-516
-654
-812
-1001
-1182
-1314
-1403
-1464
-1487
-1465
-1425
-1406
-1399
-1370
-1316
-1268
-1228
-1166
-1069
-963
-867
-772
-670
-573
-493
-411
-312
-215
-137
-63
31
127
189
213
226
240
241
222
205
202
208
220
251
301
338
341
326
324
334
335
327
333
356
379
397
423
457
477
472
466
484
512
519
499
474
449
402
319
215
107
-11
-148
-291
-415
-520
-627
-750
-877
-1001
-1134
-1289
-1458
-1618
-1762
-1901
-2038
-2159
-2255
-2339
-2430
-2517
-2578
-2612
-2640
-2672
-2685
-2668
-2649
-2655
-2667
-2630
-2521
-2370
-2204
-2005
-1748
-1461
-1198
-981
-786
-600
-434
-280
-95
146
403
630
834
1048
1260
1420
1521
1613
1733
1855
1953
2046
2149
2225
2225
2172
2131
2118
2091
2041
2021
2070
2152
2205
2219
2219
2210
2169
2101
2029
1971
1918
1878
1868
1884
1886
1849
1788
1727
1659
1567
1458
1355
1267
1177
1071
947
798
616
408
199
10
-149
-280
-387
-479
-574
-684
-804
-927
-1050
-1170
-1277
-1352
-1383
-1378
-1353
-1323
-1283
-1229
-1160
-1085
-1007
-924
-839
-760
-685
-602
-502
-399
-309
-228
-142
-54
24
90
156
219
266
299
335
369
371
338
309
311
317
296
270
283
324
343
328
322
348
367
351
326
328
343
336
321
331
359
370
357
353
360
346
304
269
257
223
140
39
-40
-120
-246
-403
-533
-621
-710
-823
-935
-1023
-1111
-1227
-1359
-1482
-1602
-1726
-1837
-1910
-1967
-2045
-2132
-2186
-2209
-2249
-2326
-2390
-2396
-2368
-2357
-2370
-2380
-2381
-2391
-2397
-2356
-2245
-2086
-1890
-1641
-1342
-1050
-819
-645
-485
-324
-175
-23
179
443
721
972
1201
1427
1629
1777
1881
1979
2085
2181
2265
2344
2407
2419
2372
2297
2226
2151
2065
1995
1971
1982
1996
1997
1989
1957
1879
1763
1648
1552
1465
1384
1333
1321
1319
1296
1263
1236
1197
1122
1025
947
889
812
699
578
477
371
224
44
-128
-264
-372
-465
-545
-619
-697
-778
-853
-927
-1019
-1122
-1199
-1214
-1178
-1126
-1075
-1010
-926
-832
-741
-650
-555
-465
-382
-295
-195
-100
-31
19
71
136
201
257
309
358
397
428
458
480
467
413
347
305
280
245
199
172
179
204
231
256
277
283
277
281
302
313
294
265
256
267
268
251
233
224
212
188
159
125
70
-8
-93
-175
-273
-399
-536
-655
-754
-857
-969
-1071
-1149
-1207
-1255
-1301
-1356
-1429
-1512
-1584
-1637
-1685
-1736
-1777
-1796
-1799
-1803
-1816
-1839
-1874
-1920
-1961
-1982
-1982
-1987
-2020
-2089
-2172
-2230
-2228
-2165
-2057
-1901
-1674
-1377
-1059
-787
-594
-453
-312
-141
63
283
514
779
1092
1415
1675
1840
1958
2090
2238
2357
2434
2502
2578
2635
2639
2583
2468
2295
2099
1938
1833
1744
1651
1593
1601
1626
1591
1492
1387
1294
1180
1045
948
919
923
926
942
977
986
933
855
801
763
709
652
630
614
540
403
256
109
-79
-301
-476
-554
-586
-642
-717
-770
-816
-896
-995
-1058
-1083
-1103
-1109
-1056
-939
-820
-729
-634
-502
-366
-264
-185
-92
5
82
150
237
330
392
421
446
469
461
421
391
400
425
431
418
399
363
299
227
172
133
97
79
104
163
212
233
243
259
266
246
220
216
230
233
216
194
177
151
98
20
-64
-139
-198
-241
-274
-313
-372
-448
-532
-623
-730
-847
-950
-1020
-1058
-1084
-1105
-1119
-1129
-1146
-1176
-1213
-1252
-1295
-1336
-1363
-1369
-1378
-1418
-1480
-1533
-1567
-1610
-1685
-1769
-1825
-1851
-1882
-1942
-2026
-2119
-2207
-2269
-2268
-2190
-2050
-1859
-1595
-1249
-876
-564
-340
-144
83
327
537
717
926
1196
1489
1743
1937
2082
2193
2275
2342
2404
2451
2456
2420
2365
2296
2175
1977
1735
1513
1347
1219
1113
1045
1034
1058
1076
1073
1061
1046
1012
963
926
917
915
902
899
929
974
988
958
915
885
858
811
741
651
529
377
211
43
-144
-359
-562
-697
-757
-787
-821
-847
-849
-842
-843
-840
-815
-773
-719
-639
-522
-393
-284
-190
-77
59
184
283
372
464
538
577
591
586
548
474
404
370
349
294
217
170
171
174
146
107
83
60
20
-18
-26
-19
-29
-42
-15
54
116
143
167
214
259
266
242
222
211
175
104
23
-46
-109
-179
-248
-301
-343
-386
-428
-454
-460
-466
-492
-540
-594
-639
-679
-721
-763
-792
-799
-789
-769
-746
-733
-743
-775
-815
-859
-919
-1001
-1087
-1161
-1243
-1349
-1458
-1531
-1583
-1657
-1754
-1827
-1864
-1912
-1996
-2076
-2121
-2174
-2273
-2356
-2330
-2196
-2023
-1801
-1451
-987
-545
-213
68
357
583
670
707
851
1106
1336
1494
1665
1877
2026
2053
2045
2085
2118
2066
1993
1998
2026
1934
1722
1529
1406
1265
1068
924
921
995
1047
1098
1208
1328
1362
1320
1279
1241
1145
1015
956
982
987
910
826
806
788
685
531
422
361
284
181
96
23
-110
-311
-508
-645
-756
-863
-912
-856
-739
-641
-565
-474
-385
-358
-387
-390
-320
-217
-131
-50
53
159
230
267
300
330
337
330
341
370
369
314
242
191
151
95
37
18
46
86
111
139
189
240
257
240
219
212
206
194
191
210
241
262
267
271
277
269
234
176
112
47
-25
-106
-182
-248
-308
-372
-431
-463
-465
-464
-480
-494
-476
-434
-403
-405
-423
-442
-465
-495
-511
-497
-479
-488
-512
-509
-483
-485
-536
-600
-647
-704
-809
-941
-1057
-1160
-1275
-1387
-1451
-1473
-1513
-1593
-1664
-1701
-1753
-1850
-1931
-1935
-1914
-1968
-2088
-2164
-2153
-2123
-2094
-1965
-1660
-1256
-881
-537
-167
183
396
476
559
719
883
998
1142
1381
1624
1750
1790
1868
1970
1969
1856
1778
1814
1861
1806
1696
1626
1563
1412
1200
1046
984
947
927
997
1168
1330
1392
1391
1386
1343
1212
1047
945
913
877
820
787
780
729
598
442
319
214
88
-41
-133
-196
-273
-380
-496
-612
-730
-829
-872
-842
-763
-667
-562
-442
-321
-231
-189
-176
-149
-82
13
111
204
301
383
415
396
365
350
337
309
285
285
287
252
189
136
99
53
10
12
64
117
145
180
243
301
318
318
338
356
329
278
263
288
300
282
274
288
275
199
101
31
-28
-114
-211
-269
-294
-340
-420
-486
-510
-518
-531
-515
-447
-366
-329
-331
-320
-280
-244
-234
-230
-206
-180
-178
-197
-215
-229
-247
-267
-277
-286
-323
-401
-506
-621
-745
-873
-982
-1060
-1123
-1194
-1275
-1347
-1411
-1481
-1557
-1622
-1676
-1739
-1809
-1861
-1890
-1931
-2010
-2102
-2166
-2200
-2223
-2206
-2088
-1846
-1520
-1146
-729
-299
58
284
410
512
614
706
822
1027
1310
1581
1774
1913
2028
2088
2058
1973
1904
1863
1810
1739
1676
1607
1477
1289
1129
1048
1000
932
888
949
1107
1267
1372
1440
1479
1447
1330
1190
1082
989
880
787
760
766
714
572
399
241
78
-108
-274
-380
-454
-553
-678
-790
-886
-992
-1093
-1123
-1048
-908
-758
-605
-437
-270
-145
-74
-34
0
45
116
221
333
416
458
486
513
524
499
443
383
340
311
283
244
187
116
48
4
-5
18
63
126
211
321
437
527
572
584
583
569
539
504
479
462
434
397
365
330
262
158
54
-27
-110
-223
-340
-419
-467
-528
-609
-667
-681
-674
-658
-608
-512
-410
-336
-280
-214
-151
-126
-132
-131
-114
-99
-90
-74
-64
-97
-162
-208
-219
-241
-316
-418
-508
-590
-697
-820
-928
-1021
-1107
-1165
-1173
-1164
-1197
-1267
-1318
-1339
-1381
-1465
-1544
-1583
-1623
-1704
-1800
-1876
-1959
-2085
-2218
-2286
-2275
-2217
-2094
-1849
-1489
-1096
-724
-360
-16
247
410
547
719
899
1055
1234
1493
1774
1967
2053
2103
2139
2116
2034
1955
1903
1828
1713
1606
1524
1403
1208
1017
923
904
896
914
1016
1174
1298
1369
1429
1472
1433
1304
1166
1069
969
833
710
640
568
434
263
100
-77
-301
-525
-672
-755
-853
-981
-1078
-1125
-1177
-1259
-1305
-1255
-1125
-955
-750
-527
-338
-215
-118
-5
105
172
227
327
461
558
589
590
586
563
517
476
450
413
348
285
253
234
201
167
164
194
230
269
333
428
530
622
705
789
854
865
814
736
673
630
581
513
443
389
333
239
105
-42
-184
-323
-454
-552
-613
-660
-703
-727
-721
-710
-711
-698
-634
-526
-420
-333
-243
-139
-49
-5
-2
-13
-19
-21
-36
-68
-111
-156
-207
-266
-323
-364
-396
-445
-517
-587
-645
-705
-771
-805
-792
-778
-800
-823
-801
-775
-818
-912
-969
-977
-1025
-1151
-1288
-1394
-1533
-1741
-1933
-2034
-2114
-2272
-2463
-2566
-2583
-2608
-2625
-2499
-2192
-1824
-1465
-1038
-511
-19
317
568
854
1141
1324
1441
1626
1883
2074
2159
2247
2380
2444
2355
2200
2087
1983
1815
1621
1489
1394
1240
1035
889
835
793
737
752
898
1105
1278
1412
1544
1646
1637
1515
1357
1216
1063
871
671
497
336
149
-63
-274
-479
-702
-936
-1130
-1254
-1343
-1448
-1556
-1620
-1632
-1628
-1608
-1517
-1321
-1067
-812
-551
-252
52
280
406
476
533
569
586
613
649
657
626
603
618
614
537
424
358
352
345
317
304
324
349
358
380
437
512
593
698
837
974
1071
1137
1185
1188
1114
983
849
731
608
469
329
199
68
-75
-222
-361
-490
-606
-695
-759
-803
-823
-811
-779
-746
-715
-662
-573
-458
-340
-231
-135
-53
22
90
130
114
49
-24
-78
-128
-185
-238
-276
-311
-354
-390
-407
-424
-461
-502
-514
-500
-486
-474
-450
-424
-418
-427
-423
-407
-419
-479
-553
-612
-677
-784
-924
-1076
-1251
-1470
-1710
-1922
-2100
-2272
-2446
-2590
-2700
-2811
-2942
-3043
-3052
-2952
-2747
-2416
-1946
-1382
-803
-249
272
728
1068
1295
1482
1680
1865
2000
2108
2235
2380
2487
2529
2510
2430
2278
2083
1901
1744
1572
1375
1210
1113
1038
927
805
746
777
870
1021
1245
1508
1722
1836
1863
1817
1673
1423
1131
862
616
367
131
-70
-267
-510
-779
-1007
-1185
-1362
-1551
-1698
-1769
-1801
-1839
-1869
-1846
-1763
-1628
-1428
-1158
-853
-551
-247
72
363
562
668
732
785
800
763
705
663
638
619
606
595
566
517
475
455
443
428
431
472
529
565
587
629
701
785
882
1011
1167
1310
1402
1430
1391
1277
1105
917
741
563
372
191
45
-81
-222
-381
-521
-624
-704
-775
-824
-840
-837
-830
-811
-765
-698
-629
-556
-457
-327
-193
-70
47
159
239
263
246
213
159
63
-62
-168
-234
-285
-338
-374
-374
-362
-367
-375
-358
-321
-292
-261
-196
-108
-50
-42
-45
-34
-35
-74
-121
-143
-168
-245
-378
-533
-707
-927
-1178
-1401
-1582
-1768
-1995
-2233
-2437
-2611
-2782
-2939
-3041
-3084
-3097
-3091
-3042
-2924
-2733
-2459
-2072
-1563
-969
-359
212
723
1162
1506
1741
1891
2006
2106
2173
2193
2199
2225
2252
2228
2155
2085
2036
1963
1829
1668
1523
1387
1248
1140
1101
1096
1077
1075
1166
1345
1514
1631
1752
1899
1992
1953
1801
1591
1313
947
544
182
-138
-469
-795
-1049
-1233
-1421
-1630
-1796
-1891
-1962
-2035
-2065
-2022
-1956
-1909
-1831
-1658
-1418
-1169
-901
-570
-209
106
359
582
759
839
838
834
850
820
718
624
599
595
549
495
492
525
544
563
627
715
762
771
814
905
981
1013
1062
1174
1303
1387
1430
1463
1461
1374
1213
1030
844
627
381
144
-63
-264
-465
-630
-728
-775
-802
-817
-813
-797
-787
-787
-779
-750
-698
-628
-545
-453
-351
-238
-121
-11
90
181
247
268
242
183
103
5
-97
-176
-229
-278
-334
-371
-367
-341
-317
-275
-189
-84
-9
22
41
64
75
73
85
117
141
140
137
135
87
-36
-193
-334
-475
-666
-899
-1117
-1295
-1473
-1674
-1877
-2066
-2263
-2469
-2638
-2737
-2789
-2823
-2825
-2782
-2737
-2744
-2772
-2737
-2599
-2384
-2101
-1712
-1205
-636
-84
420
864
1225
1493
1703
1896
2060
2167
2231
2299
2378
2428
2430
2403
2365
2296
2184
2057
1956
1878
1798
1714
1647
1596
1537
1462
1389
1334
1296
1277
1288
1327
1357
1335
1249
1111
923
672
369
56
-231
-497
-756
-1004
-1219
-1402
-1577
-1750
-1894
-1978
-2005
-1991
-1937
-1845
-1733
-1623
-1501
-1341
-1142
-931
-716
-473
-200
59
268
437
591
719
797
837
874
915
932
916
892
879
873
873
899
952
996
1006
999
1001
1012
1017
1027
1065
1127
1180
1213
1238
1253
1238
1192
1136
1085
1017
912
770
598
393
163
-58
-242
-393
-524
-628
-688
-720
-759
-813
-855
-865
-851
-830
-799
-750
-687
-620
-545
-454
-354
-258
-172
-85
-3
60
94
111
128
137
116
62
0
-49
-88
-129
-161
-159
-121
-76
-43
-11
33
79
110
132
157
184
195
195
200
207
193
155
123
110
82
8
-98
-201
-305
-445
-629
-824
-1004
-1184
-1379
-1572
-1737
-1878
-2013
-2145
-2261
-2366
-2480
-2596
-2679
-2715
-2730
-2754
-2775
-2773
-2754
-2731
-2672
-2508
-2206
-1802
-1340
-818
-234
362
884
1292
1603
1843
2012
2122
2209
2291
2352
2387
2433
2505
2549
2503
2393
2303
2259
2201
2091
1969
1878
1796
1672
1508
1345
1196
1062
974
968
1023
1070
1075
1057
1014
901
683
397
103
-192
-508
-833
-1115
-1331
-1504
-1659
-1791
-1883
-1932
-1949
-1938
-1891
-1808
-1693
-1556
-1411
-1266
-1129
-994
-846
-659
-416
-133
152
414
651
854
1000
1073
1096
1108
1120
1121
1117
1134
1171
1191
1180
1168
1187
1225
1251
1267
1293
1329
1353
1350
1330
1296
1240
1160
1075
996
915
826
741
667
585
466
296
94
-108
-292
-454
-598
-718
-806
-854
-871
-870
-862
-846
-819
-779
-722
-645
-555
-472
-409
-359
-308
-252
-199
-154
-107
-48
20
83
133
169
190
189
166
135
108
88
64
41
37
56
80
98
117
146
169
168
159
167
189
197
179
158
147
121
61
-15
-84
-149
-222
-294
-354
-413
-490
-586
-689
-800
-923
-1041
-1129
-1203
-1302
-1422
-1528
-1604
-1677
-1762
-1846
-1926
-2021
-2132
-2231
-2310
-2397
-2490
-2532
-2497
-2448
-2455
-2479
-2428
-2280
-2085
-1844
-1495
-1016
-475
65
606
1136
1583
1899
2145
2392
2610
2725
2755
2790
2851
2870
2807
2721
2658
2570
2400
2181
1992
1837
1671
1489
1335
1218
1085
906
722
584
489
412
368
391
459
498
455
341
186
-16
-283
-584
-858
-1078
-1275
-1470
-1634
-1731
-1779
-1819
-1849
-1825
-1731
-1602
-1464
-1302
-1108
-912
-739
-569
-370
-156
36
220
443
711
968
1167
1316
1436
1508
1510
1454
1385
1323
1271
1231
1209
1191
1161
1125
1109
1120
1134
1126
1105
1094
1105
1119
1108
1052
960
858
754
643
517
389
273
165
61
-45
-164
-314
-496
-672
-806
-898
-972
-1022
-1024
-983
-937
-904
-861
-792
-706
-609
-481
-321
-174
-82
-35
7
49
69
70
86
122
156
178
200
222
222
200
184
192
204
193
171
164
175
189
199
206
208
205
204
204
193
169
145
134
122
90
41
-18
-90
-184
-280
-357
-424
-498
-567
-613
-652
-717
-801
-867
-901
-934
-982
-1019
-1031
-1055
-1122
-1208
-1277
-1336
-1415
-1507
-1586
-1651
-1724
-1806
-1883
-1967
-2082
-2208
-2289
-2300
-2279
-2263
-2251
-2220
-2156
-2048
-1876
-1628
-1302
-887
-370
224
819
1348
1801
2185
2481
2674
2787
2856
2885
2865
2820
2775
2714
2603
2458
2325
2202
2036
1812
1585
1387
1184
949
721
548
417
297
201
169
193
225
261
331
415
438
357
206
24
-198
-477
-777
-1041
-1258
-1447
-1606
-1712
-1772
-1816
-1848
-1829
-1732
-1580
-1403
-1203
-972
-731
-515
-335
-165
18
221
444
691
946
1176
1349
1457
1513
1524
1494
1431
1359
1298
1245
1188
1123
1056
988
922
870
854
881
930
970
987
987
972
935
871
785
688
580
460
331
199
62
-81
-223
-351
-468
-591
-724
-848
-937
-989
-1018
-1027
-1008
-956
-884
-805
-721
-625
-521
-409
-285
-148
-14
93
162
201
222
230
233
236
242
247
248
251
253
240
208
166
134
126
143
170
189
192
190
196
207
201
171
137
117
108
96
77
55
22
-37
-121
-210
-288
-355
-410
-450
-478
-511
-552
-588
-608
-627
-662
-706
-735
-738
-732
-743
-779
-829
-879
-930
-988
-1055
-1117
-1165
-1213
-1277
-1351
-1418
-1481
-1563
-1673
-1787
-1887
-1984
-2078
-2137
-2132
-2085
-2036
-1982
-1898
-1801
-1726
-1641
-1453
-1119
-695
-244
250
811
1372
1824
2136
2358
2518
2602
2628
2657
2702
2699
2620
2521
2450
2355
2161
1901
1668
1487
1307
1108
934
809
689
544
402
294
196
87
9
22
106
194
250
274
247
133
-71
-318
-567
-814
-1046
-1228
-1350
-1444
-1541
-1628
-1677
-1678
-1634
-1539
-1387
-1195
-978
-738
-482
-246
-60
96
265
460
654
835
1014
1194
1352
1469
1529
1522
1443
1317
1192
1103
1043
998
970
968
971
954
913
866
833
828
855
902
941
946
910
836
723
574
409
256
125
5
-109
-224
-350
-491
-632
-753
-852
-939
-1010
-1043
-1028
-977
-906
-825
-739
-660
-581
-485
-374
-266
-170
-71
37
139
221
283
323
330
314
309
332
359
367
374
404
434
424
388
367
362
339
297
278
298
317
313
311
325
307
222
115
51
17
-41
-123
-175
-187
-216
-296
-393
-462
-513
-567
-605
-605
-588
-585
-587
-565
-530
-526
-561
-595
-593
-577
-589
-638
-697
-738
-759
-781
-830
-909
-1001
-1095
-1197
-1307
-1410
-1490
-1550
-1603
-1649
-1687
-1738
-1823
-1910
-1946
-1918
-1864
-1800
-1693
-1533
-1381
-1298
-1259
-1187
-1043
-839
-559
-156
364
912
1407
1837
2209
2472
2577
2560
2521
2506
2482
2428
2380
2356
2310
2200
2055
1920
1771
1554
1300
1102
988
883
731
562
431
315
169
8
-107
-157
-172
-153
-75
28
62
-26
-195
-393
-625
-900
-1163
-1334
-1408
-1437
-1442
-1403
-1325
-1255
-1209
-1142
-1008
-818
-606
-386
-158
56
230
366
483
587
676
775
920
1102
1268
1371
1411
1406
1364
1277
1151
1018
919
872
871
888
898
900
905
920
934
931
906
867
825
781
722
627
491
334
179
29
-117
-259
-380
-477
-556
-625
-678
-722
-773
-844
-918
-961
-953
-896
-808
-709
-606
-500
-391
-291
-219
-176
-132
-54
66
198
307
375
410
429
446
460
461
456
468
507
553
577
569
543
510
471
436
419
419
416
392
351
305
253
189
119
52
-5
-54
-97
-138
-190
-260
-334
-393
-436
-481
-533
-568
-564
-533
-514
-529
-565
-591
-586
-564
-555
-574
-607
-621
-610
-605
-638
-699
-746
-751
-730
-719
-735
-771
-811
-855
-909
-980
-1068
-1154
-1208
-1217
-1212
-1234
-1288
-1345
-1394
-1458
-1546
-1628
-1667
-1668
-1657
-1637
-1589
-1524
-1477
-1445
-1367
-1190
-909
-541
-89
435
977
1470
1885
2214
2420
2481
2450
2426
2436
2418
2327
2209
2131
2083
1998
1852
1667
1464
1252
1059
915
799
661
502
374
294
208
84
-29
-61
-12
67
150
236
289
248
93
-141
-420
-724
-1015
-1230
-1347
-1408
-1460
-1500
-1512
-1504
-1482
-1413
-1265
-1058
-834
-603
-347
-87
128
277
396
518
653
802
976
1158
1311
1411
1472
1494
1450
1334
1197
1094
1024
951
873
818
791
775
768
786
825
858
880
903
916
884
795
687
586
471
321
154
-9
-176
-364
-552
-703
-806
-885
-950
-996
-1030
-1066
-1103
-1115
-1092
-1035
-931
-771
-584
-420
-304
-211
-114
-9
99
210
323
417
481
519
527
490
425
391
419
477
525
567
622
667
663
614
569
547
531
518
524
535
508
432
349
282
211
121
46
15
-2
-56
-148
-234
-297
-358
-429
-495
-547
-595
-640
-663
-654
-632
-616
-607
-594
-584
-588
-604
-622
-634
-641
-639
-629
-617
-617
-636
-676
-728
-777
-807
-812
-793
-759
-726
-714
-742
-810
-898
-975
-1029
-1066
-1100
-1132
-1147
-1140
-1135
-1171
-1259
-1366
-1456
-1518
-1547
-1521
-1436
-1331
-1248
-1188
-1128
-1061
-978
-816
-500
-44
458
940
1413
1866
2209
2369
2391
2368
2328
2252
2166
2128
2119
2055
1911
1756
1628
1472
1257
1043
897
789
657
521
444
415
343
195
37
-68
-131
-177
-180
-110
2
83
96
38
-101
-345
-663
-965
-1177
-1306
-1401
-1467
-1467
-1397
-1305
-1241
-1190
-1099
-945
-744
-510
-248
15
230
383
509
633
735
796
859
980
1150
1300
1389
1429
1431
1377
1266
1145
1049
971
903
863
863
870
847
800
769
767
776
783
785
764
700
603
500
388
247
83
-71
-200
-323
-462
-617
-770
-901
-986
-1010
-1006
-1035
-1114
-1185
-1185
-1110
-998
-872
-730
-573
-406
-240
-90
19
86
153
268
428
572
649
659
629
587
548
525
526
556
618
701
776
806
775
706
642
607
595
586
564
530
497
468
425
342
219
85
-28
-108
-166
-224
-301
-394
-487
-562
-622
-682
-745
-799
-831
-843
-843
-833
-815
-786
-742
-681
-619
-581
-578
-594
-603
-592
-559
-512
-469
-443
-439
-446
-464
-498
-553
-608
-637
-631
-605
-597
-634
-712
-788
-829
-840
-844
-844
-832
-818
-823
-857
-912
-988
-1093
-1195
-1255
-1279
-1318
-1371
-1374
-1306
-1241
-1239
-1262
-1236
-1148
-1017
-798
-432
48
536
994
1449
1860
2111
2173
2159
2168
2173
2131
2088
2094
2085
1965
1772
1612
1491
1317
1082
888
784
699
577
460
388
315
193
70
25
40
43
38
83
172
222
183
80
-61
-255
-511
-783
-1012
-1180
-1307
-1393
-1415
-1367
-1277
-1176
-1077
-966
-825
-650
-459
-259
-47
168
363
524
656
761
831
882
964
1108
1268
1363
1368
1322
1245
1114
933
767
674
659
695
763
837
874
851
803
777
770
750
717
704
711
694
618
486
317
126
-64
-229
-362
-478
-587
-681
-754
-818
-891
-969
-1039
-1084
-1083
-1029
-938
-843
-753
-652
-522
-374
-229
-92
39
164
277
368
425
435
411
388
396
430
463
486
511
550
600
649
688
716
735
746
739
709
659
605
557
522
507
510
509
473
393
285
163
29
-106
-221
-311
-391
-468
-528
-568
-614
-682
-747
-774
-771
-767
-761
-728
-673
-634
-630
-637
-640
-642
-638
-617
-586
-573
-584
-584
-554
-521
-516
-522
-507
-477
-464
-473
-487
-497
-505
-501
-477
-438
-402
-370
-338
-329
-370
-452
-529
-582
-629
-683
-737
-790
-866
-982
-1126
-1273
-1406
-1502
-1539
-1520
-1482
-1456
-1434
-1406
-1389
-1399
-1384
-1252
-949
-500
32
591
1125
1571
1886
2059
2109
2066
1982
1929
1949
2007
2025
1960
1839
1703
1554
1378
1187
1021
902
821
760
711
650
544
398
269
203
184
169
155
176
233
282
284
237
141
-24
-262
-528
-779
-1010
-1210
-1335
-1352
-1297
-1246
-1224
-1190
-1107
-983
-836
-660
-449
-219
12
229
407
508
535
545
596
703
845
994
1129
1221
1248
1206
1105
954
785
654
606
631
696
770
831
851
827
797
799
822
833
832
843
859
824
705
523
312
96
-94
-226
-305
-377
-471
-571
-651
-723
-809
-892
-940
-950
-949
-939
-904
-839
-753
-646
-518
-385
-266
-157
-48
57
142
209
273
325
345
338
335
345
354
363
402
481
573
647
696
712
680
613
565
566
582
563
524
510
522
515
462
386
312
244
181
125
64
-30
-157
-276
-361
-431
-514
-605
-672
-700
-700
-685
-662
-637
-618
-609
-611
-630
-662
-690
-695
-677
-647
-618
-592
-567
-536
-490
-432
-393
-389
-403
-399
-370
-348
-356
-391
-426
-441
-428
-389
-338
-298
-276
-256
-238
-246
-312
-434
-570
-679
-751
-804
-849
-885
-911
-938
-987
-1067
-1159
-1234
-1272
-1272
-1245
-1212
-1203
-1240
-1320
-1415
-1497
-1539
-1493
-1298
-926
-414
158
729
1253
1676
1933
2004
1943
1827
1711
1624
1593
1624
1675
1685
1643
1585
1526
1433
1288
1131
1012
920
810
672
534
406
268
127
42
43
97
158
234
337
424
423
319
153
-59
-343
-685
-994
-1194
-1295
-1349
-1360
-1308
-1210
-1116
-1036
-936
-802
-660
-515
-336
-114
92
228
310
392
481
550
601
680
812
970
1106
1193
1212
1142
988
802
643
537
484
496
588
740
891
984
1004
969
905
844
810
807
806
777
705
592
440
255
61
-114
-247
-329
-364
-375
-398
-455
-541
-629
-704
-763
-797
-788
-733
-649
-554
-451
-346
-255
-184
-116
-44
12
32
31
37
55
68
77
106
157
209
250
293
347
398
436
478
533
586
614
622
626
610
556
477
419
400
396
381
354
317
262
188
115
52
-13
-85
-144
-175
-202
-264
-357
-443
-497
-522
-527
-512
-485
-465
-465
-482
-519
-580
-652
-703
-713
-699
-687
-680
-665
-638
-610
-582
-547
-501
-446
-386
-331
-296
-282
-274
-255
-226
-205
-193
-179
-160
-146
-148
-168
-205
-252
-290
-309
-327
-375
-453
-530
-580
-618
-662
-704
-723
-722
-722
-738
-782
-875
-1023
-1184
-1298
-1348
-1365
-1371
-1355
-1319
-1309
-1366
-1462
-1526
-1493
-1315
-963
-446
150
719
1198
1574
1827
1917
1858
1747
1681
1684
1725
1768
1781
1731
1606
1448
1303
1175
1037
904
822
796
772
706
608
504
395
284
204
178
193
227
289
385
472
481
390
228
15
-255
-564
-855
-1081
-1233
-1314
-1318
-1253
-1170
-1111
-1060
-982
-867
-734
-578
-379
-144
80
252
364
428
451
459
493
580
707
848
982
1084
1116
1047
893
706
546
446
420
465
563
689
809
895
931
922
899
892
907
930
942
930
880
785
645
471
277
88
-68
-167
-216
-248
-289
-343
-407
-481
-559
-623
-652
-640
-596
-532
-455
-376
-309
-258
-217
-175
-132
-93
-58
-21
18
50
67
71
73
81
93
109
132
165
209
266
338
414
469
487
471
443
417
390
360
336
329
334
335
313
262
192
117
51
0
-39
-68
-89
-112
-146
-196
-253
-307
-353
-385
-404
-419
-436
-446
-434
-414
-428
-492
-574
-631
-657
-671
-680
-673
-647
-616
-582
-542
-510
-508
-526
-512
-442
-344
-266
-216
-175
-140
-128
-147
-179
-201
-204
-181
-127
-62
-25
-44
-103
-164
-214
-268
-342
-424
-478
-493
-499
-533
-602
-685
-753
-797
-820
-838
-876
-963
-1082
-1182
-1233
-1259
-1296
-1329
-1319
-1277
-1270
-1339
-1457
-1558
-1587
-1483
-1184
-684
-74
522
1046
1492
1819
1962
1920
1788
1674
1615
1603
1639
1708
1753
1720
1628
1534
1447
1325
1160
1009
911
829
709
556
416
302
193
101
67
102
168
236
314
397
426
346
167
-60
-313
-601
-897
-1134
-1270
-1319
-1314
-1262
-1166
-1066
-999
-952
-877
-755
-606
-447
-267
-68
114
242
319
370
413
462
548
700
902
1093
1211
1241
1194
1079
916
746
621
569
587
657
763
874
949
963
929
887
860
850
845
838
820
772
686
571
441
300
150
10
-96
-161
-207
-258
-320
-394
-482
-582
-676
-736
-753
-732
-677
-591
-483
-379
-295
-231
-184
-153
-133
-102
-48
15
57
68
58
40
22
14
26
58
99
152
224
311
388
432
445
446
444
437
427
416
401
376
348
327
304
257
182
98
24
-38
-95
-141
-172
-192
-216
-245
-280
-324
-383
-441
-479
-490
-487
-478
-453
-411
-374
-370
-403
-463
-537
-609
-656
-661
-634
-597
-556
-508
-457
-430
-438
-458
-459
-428
-368
-284
-191
-123
-105
-124
-143
-146
-143
-136
-103
-35
37
82
99
92
50
-32
-119
-170
-188
-214
-258
-293
-305
-328
-378
-429
-461
-499
-575
-666
-732
-782
-861
-964
-1045
-1101
-1185
-1313
-1427
-1481
-1499
-1518
-1513
-1443
-1349
-1313
-1346
-1383
-1378
-1327
-1183
-848
-293
373
1008
1553
1995
2264
2287
2116
1905
1758
1676
1653
1720
1850
1923
1851
1680
1508
1346
1153
968
882
898
904
826
695
559
397
202
47
9
52
92
128
211
312
316
170
-56
-287
-533
-818
-1091
-1278
-1373
-1411
-1383
-1263
-1096
-972
-909
-837
-704
-544
-403
-263
-83
116
278
385
454
486
483
485
555
703
874
1013
1108
1159
1140
1035
869
696
561
494
521
631
776
898
976
1014
1013
970
904
848
812
783
748
703
629
504
341
183
57
-46
-142
-213
-251
-285
-347
-428
-493
-541
-597
-658
-684
-661
-618
-579
-525
-433
-327
-244
-181
-122
-79
-81
-112
-119
-85
-50
-43
-36
3
56
81
80
97
150
220
292
374
452
486
458
406
369
339
286
220
191
212
242
240
207
159
96
20
-49
-94
-135
-193
-255
-282
-276
-280
-318
-362
-371
-345
-315
-305
-320
-356
-401
-436
-456
-479
-528
-588
-626
-630
-626
-633
-633
-597
-513
-396
-280
-197
-171
-183
-193
-174
-139
-105
-56
25
111
157
149
109
62
19
5
45
115
156
142
110
90
56
-17
-90
-102
-61
-27
-24
-32
-56
-137
-273
-401
-490
-589
-728
-851
-898
-909
-968
-1072
-1154
-1202
-1282
-1413
-1522
-1556
-1552
-1548
-1511
-1418
-1338
-1347
-1413
-1445
-1437
-1442
-1421
-1239
-832
-288
282
851
1404
1843
2081
2140
2105
2002
1827
1658
1618
1713
1816
1838
1812
1784
1717
1572
1400
1272
1173
1049
908
799
695
523
296
123
67
76
91
130
220
312
332
273
160
-20
-293
-609
-880
-1085
-1267
-1427
-1496
-1440
-1314
-1192
-1083
-965
-850
-755
-659
-532
-395
-288
-200
-85
57
179
261
338
446
578
718
872
1025
1126
1133
1061
946
806
647
511
455
499
620
782
958
1103
1174
1163
1106
1034
956
881
826
788
736
641
510
370
235
110
9
-56
-95
-128
-164
-211
-296
-433
-601
-745
-831
-857
-831
-755
-641
-517
-407
-319
-262
-255
-287
-319
-313
-276
-236
-211
-198
-195
-197
-185
-138
-58
38
145
265
378
444
447
416
390
385
392
405
416
414
393
366
341
308
259
209
179
157
110
23
-82
-177
-240
-261
-243
-208
-184
-178
-175
-170
-182
-216
-257
-290
-323
-369
-427
-490
-560
-627
-659
-635
-579
-533
-508
-488
-477
-486
-500
-479
-417
-345
-287
-231
-171
-132
-124
-107
-45
44
121
186
259
312
288
189
89
41
29
30
63
138
207
222
202
189
169
103
18
-11
28
61
27
-47
-124
-223
-371
-527
-627
-679
-734
-800
-839
-860
-930
-1075
-1233
-1343
-1426
-1525
-1617
-1649
-1626
-1605
-1598
-1560
-1475
-1391
-1355
-1352
-1348
-1346
-1343
-1268
-1021
-579
-13
594
1206
1781
2228
2466
2504
2418
2275
2107
1951
1861
1843
1839
1797
1729
1674
1624
1529
1383
1232
1105
973
806
629
480
352
215
80
1
-7
13
35
78
150
194
139
-17
-231
-485
-795
-1136
-1430
-1617
-1708
-1727
-1665
-1515
-1321
-1148
-1008
-867
-717
-591
-497
-395
-253
-88
67
210
357
492
590
663
757
895
1041
1147
1196
1187
1120
993
833
684
583
552
605
744
942
1142
1285
1347
1342
1298
1230
1141
1036
922
804
675
529
375
223
76
-66
-190
-273
-318
-359
-426
-520
-622
-723
-824
-909
-954
-950
-905
-827
-710
-567
-434
-338
-277
-234
-215
-227
-256
-275
-272
-257
-233
-193
-138
-86
-37
27
119
226
327
413
489
548
581
587
566
517
450
397
381
388
385
361
339
332
326
298
240
155
50
-50
-115
-145
-173
-219
-260
-269
-258
-268
-309
-354
-390
-428
-475
-518
-560
-620
-697
-749
-746
-714
-698
-694
-666
-601
-527
-460
-385
-302
-237
-200
-166
-120
-87
-83
-69
4
122
220
263
278
289
288
269
257
273
293
288
265
250
239
211
184
200
264
327
356
359
351
305
200
72
-21
-71
-120
-189
-260
-321
-396
-501
-618
-728
-844
-975
-1091
-1152
-1176
-1210
-1264
-1294
-1285
-1278
-1313
-1376
-1433
-1482
-1528
-1548
-1518
-1459
-1425
-1425
-1417
-1384
-1371
-1409
-1446
-1384
-1162
-780
-257
372
1028
1613
2072
2397
2567
2544
2351
2108
1944
1888
1879
1868
1856
1845
1808
1723
1602
1460
1292
1105
938
817
712
578
421
287
204
154
120
116
158
226
285
313
290
180
-42
-354
-700
-1031
-1327
-1570
-1729
-1778
-1721
-1589
-1423
-1260
-1112
-970
-822
-672
-534
-411
-286
-150
-9
120
230
322
399
479
586
718
850
954
1029
1072
1053
952
803
675
608
595
632
736
908
1094
1239
1334
1395
1418
1384
1305
1218
1131
1016
864
703
551
388
204
36
-81
-163
-249
-338
-397
-425
-469
-562
-675
-768
-835
-881
-888
-834
-735
-634
-550
-477
-414
-380
-382
-398
-409
-416
-422
-415
-387
-351
-323
-293
-232
-128
-3
120
238
363
492
603
671
685
653
599
541
486
436
403
400
423
451
460
440
392
324
247
174
108
49
-5
-49
-81
-111
-148
-184
-210
-233
-262
-297
-323
-342
-381
-459
-560
-654
-722
-770
-804
-821
-811
-772
-709
-634
-562
-501
-449
-396
-339
-281
-228
-179
-132
-76
-7
75
160
234
290
320
322
304
286
282
286
284
287
311
350
371
366
365
398
450
476
466
443
418
378
310
227
140
45
-51
-127
-180
-248
-358
-478
-554
-594
-662
-784
-922
-1029
-1111
-1190
-1254
-1273
-1263
-1260
-1270
-1269
-1267
-1310
-1408
-1511
-1570
-1595
-1614
-1623
-1594
-1544
-1514
-1509
-1502
-1482
-1452
-1376
-1162
-755
-203
399
993
1557
2033
2334
2421
2343
2189
2025
1902
1859
1897
1957
1978
1946
1878
1768
1595
1384
1195
1066
974
882
784
685
563
401
227
105
67
92
148
217
278
291
220
56
-190
-505
-858
-1189
-1440
-1600
-1692
-1726
-1686
-1572
-1421
-1272
-1131
-986
-840
-705
-577
-439
-293
-158
-45
59
163
262
351
447
566
703
839
960
1051
1082
1028
914
795
710
662
648
695
822
1006
1190
1328
1406
1429
1404
1349
1280
1200
1097
972
838
698
533
337
139
-21
-133
-215
-280
-323
-358
-417
-522
-659
-800
-917
-990
-998
-938
-832
-708
-583
-469
-385
-352
-359
-381
-403
-429
-451
-449
-419
-386
-364
-334
-269
-171
-60
58
189
322
433
516
572
594
569
520
492
500
519
528
547
596
641
631
567
489
412
316
195
79
-7
-74
-132
-163
-156
-142
-148
-160
-150
-136
-161
-222
-281
-327
-399
-516
-636
-714
-760
-801
-826
-800
-728
-652
-591
-534
-479
-445
-435
-414
-368
-316
-278
-233
-161
-78
-11
55
152
272
368
419
445
462
455
414
360
320
301
300
327
378
425
446
457
479
501
496
465
435
403
337
233
131
59
5
-54
-107
-143
-184
-260
-361
-464
-571
-695
-814
-885
-910
-935
-981
-1021
-1035
-1052
-1097
-1144
-1154
-1146
-1167
-1222
-1269
-1297
-1342
-1424
-1508
-1556
-1570
-1562
-1522
-1442
-1357
-1310
-1299
-1285
-1255
-1211
-1113
-872
-439
139
768
1370
1894
2281
2474
2474
2343
2158
1981
1862
1835
1888
1957
1974
1915
1791
1622
1427
1228
1053
915
810
724
643
546
418
261
106
-1
-30
13
92
162
198
191
120
-42
-303
-625
-948
-1230
-1451
-1599
-1667
-1660
-1603
-1509
-1377
-1222
-1072
-943
-815
-669
-517
-380
-256
-122
21
145
241
334
446
567
684
808
947
1071
1136
1127
1065
966
841
719
651
663
735
841
970
1113
1236
1298
1298
1270
1233
1183
1119
1048
966
850
690
509
328
153
-20
-172
-278
-340
-385
-438
-508
-603
-729
-866
-980
-1046
-1060
-1027
-940
-807
-664
-548
-470
-417
-379
-360
-356
-357
-353
-344
-331
-311
-291
-278
-255
-193
-75
72
211
331
440
542
616
647
639
610
581
564
564
575
577
562
537
513
483
432
357
267
176
87
-4
-93
-173
-236
-275
-286
-276
-261
-258
-271
-292
-311
-330
-361
-411
-474
-532
-577
-618
-664
-709
-729
-712
-666
-611
-559
-513
-471
-432
-393
-348
-297
-238
-166
-74
30
132
227
319
409
479
512
511
494
475
452
420
390
374
371
377
392
421
455
477
482
484
490
486
446
370
281
203
137
73
8
-54
-108
-156
-202
-251
-320
-420
-535
-635
-707
-771
-842
-898
-908
-883
-874
-915
-985
-1053
-1108
-1162
-1209
-1233
-1235
-1235
-1242
-1258
-1295
-1376
-1488
-1573
-1586
-1541
-1481
-1417
-1339
-1259
-1218
-1222
-1226
-1175
-1036
-783
-382
164
781
1364
1847
2206
2418
2451
2322
2122
1948
1842
1797
1799
1832
1854
1819
1720
1584
1433
1263
1088
948
865
803
712
577
424
280
154
63
33
60
109
144
152
125
35
-144
-404
-700
-987
-1240
-1445
-1590
-1664
-1674
-1628
-1531
-1390
-1226
-1064
-914
-769
-623
-479
-349
-233
-126
-23
81
189
303
425
550
676
804
931
1042
1109
1114
1064
983
893
808
745
728
779
891
1036
1183
1302
1370
1374
1323
1243
1150
1044
923
795
667
532
385
228
74
-67
-193
-287
-340
-367
-407
-487
-593
-699
-796
-886
-961
-995
-973
-899
-792
-668
-547
-450
-384
-341
-312
-303
-318
-341
-350
-341
-330
-313
-266
-175
-53
77
207
343
475
580
644
674
679
664
633
599
573
548
518
486
465
450
422
378
331
289
240
165
74
-14
-87
-152
-211
-250
-262
-260
-260
-262
-262
-269
-298
-347
-396
-437
-487
-555
-624
-676
-710
-737
-752
-735
-680
-610
-547
-490
-433
-383
-346
-308
-252
-179
-105
-31
59
164
262
333
388
443
494
521
522
515
505
486
458
444
458
486
504
512
525
543
553
544
522
491
445
381
305
228
148
66
-9
-67
-110
-156
-208
-258
-305
-356
-424
-507
-591
-670
-748
-824
-883
-913
-911
-892
-878
-883
-909
-953
-1013
-1085
-1148
-1182
-1184
-1171
-1165
-1180
-1213
-1263
-1322
-1381
-1421
-1427
-1389
-1307
-1198
-1097
-1033
-1006
-992
-973
-939
-863
-685
-355
119
676
1242
1757
2166
2420
2497
2416
2237
2030
1861
1770
1758
1785
1797
1764
1677
1538
1358
1166
996
870
779
701
620
521
390
225
48
-99
-182
-194
-153
-95
-52
-50
-106
-230
-428
-685
-961
-1208
-1394
-1515
-1574
-1579
-1539
-1462
-1353
-1214
-1054
-889
-728
-568
-407
-260
-142
-49
38
130
230
341
467
599
722
830
931
1020
1073
1072
1031
979
926
868
816
797
822
881
955
1035
1113
1171
1190
1176
1139
1080
992
879
755
621
470
304
143
0
-130
-251
-350
-417
-457
-491
-528
-569
-617
-682
-758
-824
-858
-853
-809
-729
-620
-503
-400
-321
-268
-237
-224
-214
-195
-166
-139
-116
-92
-67
-43
-9
54
158
288
420
539
642
722
767
768
734
678
619
572
543
520
484
432
379
333
284
213
130
55
-2
-51
-106
-164
-218
-268
-316
-354
-378
-393
-410
-431
-446
-453
-456
-461
-468
-481
-511
-562
-618
-666
-704
-736
-750
-721
-646
-554
-477
-425
-385
-340
-281
-202
-103
6
113
214
315
412
486
525
544
573
619
660
669
643
596
547
509
490
487
494
505
528
569
614
631
603
542
472
395
296
177
60
-36
-110
-173
-222
-260
-305
-372
-448
-506
-542
-576
-627
-684
-734
-778
-823
-862
-880
-874
-852
-814
-764
-733
-764
-858
-966
-1043
-1093
-1140
-1178
-1175
-1129
-1082
-1069
-1092
-1131
-1179
-1224
-1243
-1219
-1169
-1118
-1065
-996
-924
-888
-894
-891
-812
-634
-354
31
515
1049
1549
1954
2244
2397
2388
2236
2030
1862
1759
1690
1636
1604
1591
1555
1464
1324
1161
990
820
679
578
485
357
196
48
-63
-153
-235
-272
-231
-136
-51
-15
-29
-100
-256
-495
-766
-1008
-1206
-1368
-1476
-1506
-1466
-1393
-1302
-1182
-1031
-879
-742
-596
-424
-252
-118
-18
89
213
325
410
496
608
732
842
940
1039
1119
1143
1104
1034
956
863
757
676
658
695
753
821
905
992
1045
1046
1020
984
927
833
717
602
486
351
202
68
-45
-156
-271
-365
-419
-453
-504
-572
-629
-668
-712
-773
-826
-841
-818
-770
-698
-598
-482
-374
-284
-204
-139
-105
-96
-87
-64
-46
-49
-54
-28
29
88
137
201
297
409
506
574
621
648
649
629
600
563
511
451
404
376
349
308
258
218
184
142
85
20
-48
-129
-218
-295
-347
-384
-414
-429
-417
-385
-358
-353
-370
-403
-452
-517
-591
-663
-721
-753
-749
-716
-673
-629
-581
-519
-454
-398
-348
-284
-192
-87
7
80
137
191
251
320
393
466
537
613
687
731
724
674
611
561
525
500
487
488
494
494
489
480
464
434
399
374
358
326
261
173
77
-20
-121
-217
-293
-351
-403
-452
-492
-524
-561
-610
-656
-681
-695
-715
-743
-763
-771
-781
-799
-807
-797
-786
-792
-808
-818
-830
-868
-927
-971
-984
-989
-1016
-1058
-1089
-1102
-1121
-1154
-1185
-1198
-1187
-1145
-1065
-967
-889
-851
-823
-776
-723
-691
-653
-526
-255
139
594
1065
1518
1902
2161
2274
2257
2136
1940
1735
1597
1554
1559
1551
1515
1465
1391
1270
1104
930
774
630
493
375
270
142
-30
-208
-330
-375
-372
-341
-275
-180
-98
-75
-130
-262
-470
-732
-993
-1198
-1335
-1422
-1462
-1427
-1312
-1159
-1015
-885
-749
-600
-454
-317
-182
-49
66
161
249
343
433
514
601
716
856
995
1111
1193
1227
1199
1116
999
873
748
644
592
614
692
783
856
908
946
962
944
891
815
727
634
533
417
280
124
-34
-171
-277
-353
-406
-442
-467
-492
-525
-572
-638
-723
-815
-884
-905
-868
-786
-677
-551
-410
-269
-146
-60
-17
-4
-2
1
11
23
33
43
62
102
165
244
327
409
487
562
627
671
677
641
579
517
472
438
396
348
311
300
304
295
256
194
126
57
-17
-105
-206
-309
-395
-452
-481
-498
-511
-515
-506
-492
-488
-502
-522
-538
-550
-557
-557
-547
-536
-532
-530
-518
-488
-445
-396
-337
-268
-194
-126
-72
-34
-9
21
73
155
257
364
470
575
669
729
737
704
658
623
605
599
597
599
600
592
565
515
452
392
352
332
323
305
267
204
120
23
-75
-163
-229
-268
-285
-292
-305
-337
-392
-464
-540
-605
-654
-689
-709
-708
-690
-672
-673
-695
-720
-736
-746
-752
-754
-745
-726
-709
-706
-730
-785
-859
-923
-952
-946
-923
-895
-865
-833
-816
-828
-870
-934
-998
-1035
-1021
-960
-895
-862
-850
-825
-779
-741
-719
-667
-517
-235
155
607
1069
1496
1851
2101
2225
2205
2061
1863
1697
1603
1560
1530
1498
1457
1382
1246
1059
865
695
557
447
368
306
226
106
-41
-180
-290
-359
-373
-323
-223
-115
-37
-11
-53
-173
-362
-587
-820
-1037
-1218
-1331
-1360
-1324
-1254
-1159
-1033
-880
-720
-573
-440
-314
-194
-79
31
134
223
305
401
520
649
768
876
977
1065
1125
1150
1143
1099
1012
896
784
699
638
601
607
667
758
840
897
930
932
888
803
704
607
502
375
240
117
0
-124
-245
-339
-401
-454
-510
-556
-589
-631
-698
-774
-829
-855
-854
-818
-731
-604
-473
-356
-242
-125
-33
9
21
45
92
131
142
136
137
147
162
192
251
332
417
500
580
642
656
618
557
508
472
438
409
396
396
389
367
340
312
266
193
110
33
-50
-157
-279
-380
-445
-486
-516
-530
-517
-488
-469
-469
-478
-490
-511
-536
-558
-575
-593
-605
-596
-559
-511
-466
-409
-327
-234
-161
-123
-102
-81
-60
-45
-24
17
83
171
277
391
492
571
638
708
764
784
766
740
719
683
616
536
475
443
426
416
413
414
404
381
346
295
217
123
40
-20
-73
-134
-188
-216
-229
-253
-288
-311
-320
-340
-385
-439
-479
-512
-558
-610
-646
-657
-656
-651
-642
-630
-626
-626
-617
-598
-585
-590
-604
-619
-642
-689
-752
-810
-849
-867
-864
-836
-792
-759
-756
-779
-817
-868
-937
-1014
-1074
-1091
-1063
-1010
-954
-909
-872
-836
-803
-771
-721
-608
-391
-65
344
799
1256
1661
1961
2125
2152
2070
1916
1739
1590
1498
1458
1442
1416
1356
1245
1089
912
741
587
453
349
281
229
156
42
-85
-190
-254
-276
-255
-187
-92
-10
22
-7
-100
-262
-482
-729
-961
-1149
-1278
-1347
-1360
-1328
-1252
-1133
-983
-828
-689
-560
-416
-254
-98
33
142
244
344
439
527
613
698
786
878
970
1038
1058
1026
954
856
746
643
572
544
558
607
691
796
889
942
956
949
930
884
806
710
606
493
360
215
68
-81
-226
-352
-440
-494
-536
-580
-621
-656
-697
-758
-828
-875
-879
-839
-760
-643
-500
-353
-223
-117
-38
8
21
18
22
37
50
50
49
63
89
116
148
203
284
373
452
519
574
602
590
546
493
446
397
345
305
290
285
270
242
212
176
118
37
-51
-130
-205
-280
-346
-390
-422
-451
-470
-470
-463
-470
-488
-490
-470
-456
-470
-497
-511
-511
-519
-535
-541
-522
-483
-428
-357
-276
-205
-153
-106
-58
-20
1
27
86
175
267
346
426
510
577
609
615
617
623
632
641
648
637
598
551
516
490
455
414
399
423
456
455
414
352
280
197
110
39
-9
-48
-88
-123
-152
-191
-257
-343
-424
-486
-526
-550
-562
-571
-586
-595
-583
-558
-550
-572
-599
-599
-578
-573
-601
-634
-642
-630
-630
-660
-702
-728
-739
-749
-762
-765
-747
-715
-682
-657
-643
-645
-661
-683
-708
-745
-798
-853
-885
-888
-879
-865
-840
-803
-775
-771
-775
-757
-706
-615
-444
-140
290
766
1199
1559
1849
2043
2095
2005
1841
1684
1578
1523
1501
1481
1421
1303
1147
975
782
565
364
240
201
189
149
74
-16
-114
-219
-300
-324
-286
-211
-119
-17
65
75
-14
-180
-379
-588
-800
-992
-1133
-1209
-1231
-1210
-1144
-1039
-912
-778
-639
-491
-340
-194
-54
83
214
334
443
545
637
714
777
836
894
947
988
1010
998
947
858
746
626
516
436
405
432
506
609
717
804
851
853
825
779
716
638
554
475
389
273
121
-49
-213
-357
-475
-555
-591
-593
-587
-591
-614
-659
-720
-782
-819
-809
-742
-623
-470
-306
-156
-34
55
110
130
123
111
110
124
138
140
131
123
129
152
190
242
310
396
486
553
578
562
519
461
397
339
297
272
257
246
235
215
172
106
31
-39
-109
-186
-268
-342
-403
-455
-497
-525
-534
-528
-509
-476
-438
-413
-406
-409
-410
-412
-424
-443
-456
-459
-454
-440
-410
-366
-318
-266
-201
-126
-55
-3
34
71
112
155
204
262
325
386
447
515
584
634
656
663
668
667
649
615
572
526
482
450
436
426
407
384
372
367
344
287
214
148
90
26
-43
-102
-138
-161
-186
-220
-259
-299
-340
-383
-430
-478
-515
-534
-538
-542
-552
-565
-573
-572
-568
-563
-556
-544
-528
-510
-498
-498
-510
-530
-563
-606
-642
-658
-659
-670
-692
-695
-660
-613
-598
-616
-628
-615
-602
-618
-651
-677
-697
-722
-745
-751
-747
-753
-768
-769
-758
-762
-786
-798
-768
-689
-547
-299
74
512
931
1304
1642
1919
2054
2018
1880
1741
1636
1547
1464
1402
1349
1271
1157
1024
873
693
502
355
274
218
130
12
-102
-203
-303
-380
-392
-329
-229
-124
-14
92
142
92
-47
-225
-414
-615
-821
-1000
-1127
-1205
-1234
-1205
-1121
-1000
-861
-702
-521
-340
-184
-53
70
194
305
397
482
572
667
758
844
925
996
1054
1094
1105
1070
983
860
726
596
482
403
376
406
479
574
674
757
804
807
775
716
639
549
450
341
217
81
-55
-183
-306
-422
-511
-556
-567
-574
-597
-636
-681
-733
-791
-837
-848
-806
-711
-576
-415
-247
-89
49
156
224
255
263
265
261
241
202
164
146
149
165
192
240
317
410
493
546
566
558
528
478
415
348
289
250
234
230
223
208
186
164
133
79
-1
-95
-190
-283
-378
-469
-541
-588
-610
-607
-583
-548
-517
-497
-477
-453
-433
-428
-432
-431
-423
-420
-422
-418
-399
-370
-331
-269
-182
-92
-24
25
71
113
132
128
134
172
231
294
363
444
527
592
633
661
678
673
651
628
607
569
511
455
419
386
339
292
275
282
277
240
187
139
85
9
-81
-157
-207
-236
-250
-249
-243
-246
-264
-286
-309
-341
-384
-424
-453
-477
-503
-528
-547
-565
-588
-607
-605
-581
-551
-530
-514
-492
-468
-453
-460
-486
-517
-538
-547
-552
-563
-571
-565
-547
-534
-536
-542
-544
-549
-569
-599
-632
-670
-726
-793
-851
-886
-906
-921
-925
-914
-900
-898
-901
-887
-832
-712
-500
-184
211
632
1037
1400
1686
1845
1860
1774
1657
1551
1459
1384
1337
1315
1284
1212
1094
945
776
600
442
325
248
186
119
47
-30
-114
-195
-247
-248
-202
-125
-26
85
175
199
135
-5
-196
-422
-665
-893
-1073
-1187
-1236
-1226
-1159
-1049
-918
-784
-650
-513
-377
-246
-119
7
130
245
346
437
520
594
663
734
815
900
977
1032
1054
1033
961
844
699
558
445
380
371
416
502
610
719
802
842
837
798
743
678
599
504
393
271
139
-4
-152
-288
-399
-476
-523
-551
-574
-599
-632
-679
-738
-797
-831
-823
-770
-683
-569
-432
-278
-125
7
106
175
222
253
266
258
230
194
161
138
130
138
169
226
303
382
453
510
545
549
524
481
437
398
363
333
311
294
273
248
220
186
142
87
26
-41
-123
-225
-334
-433
-518
-589
-636
-645
-619
-576
-533
-487
-439
-397
-372
-359
-348
-341
-348
-366
-385
-400
-413
-416
-393
-336
-257
-174
-91
-5
71
120
143
163
196
239
285
338
401
468
524
564
594
620
642
658
667
667
651
617
568
510
446
382
330
302
291
280
256
219
178
136
87
28
-27
-63
-81
-94
-113
-138
-164
-198
-246
-297
-335
-357
-380
-412
-443
-460
-467
-477
-497
-520
-541
-552
-547
-522
-495
-483
-479
-460
-425
-402
-412
-442
-466
-475
-484
-495
-499
-494
-495
-501
-497
-482
-476
-494
-519
-525
-514
-508
-515
-528
-545
-575
-618
-666
-715
-770
-822
-848
-840
-823
-822
-831
-832
-819
-794
-731
-589
-343
-7
391
817
1222
1547
1750
1832
1812
1715
1575
1440
1351
1306
1273
1229
1160
1052
899
718
547
410
306
226
169
123
59
-43
-169
-285
-368
-406
-385
-299
-169
-40
53
97
81
-7
-160
-350
-545
-729
-894
-1023
-1098
-1124
-1114
-1066
-972
-838
-685
-524
-356
-188
-36
91
203
306
396
467
529
598
669
734
795
861
928
980
1008
1012
987
920
814
688
566
462
388
367
403
480
565
641
698
726
713
662
592
516
436
349
258
157
29
-128
-290
-427
-527
-591
-620
-617
-594
-575
-576
-600
-644
-697
-734
-727
-664
-560
-435
-302
-167
-45
51
121
174
220
258
290
314
323
309
273
232
200
185
195
234
301
380
451
500
520
508
469
417
368
327
295
271
255
240
213
168
112
54
-2
-56
-106
-155
-212
-284
-363
-443
-517
-579
-620
-629
-606
-560
-501
-439
-384
-347
-329
-324
-326
-334
-350
-369
-386
-397
-397
-381
-347
-295
-231
-156
-71
16
92
150
192
226
256
289
326
368
410
452
497
543
581
608
625
636
639
630
606
570
521
462
402
348
304
266
235
215
202
184
153
111
66
21
-24
-67
-109
-150
-192
-229
-259
-290
-329
-370
-399
-410
-418
-432
-453
-477
-499
-515
-520
-516
-511
-504
-485
-448
-406
-377
-366
-361
-354
-349
-349
-354
-366
-384
-401
-408
-406
-408
-420
-433
-435
-432
-436
-453
-474
-495
-517
-537
-552
-560
-565
-565
-551
-528
-518
-535
-572
-615
-661
-714
-768
-810
-835
-847
-849
-841
-823
-790
-718
-571
-331
-12
357
749
1132
1459
1688
1796
1793
1703
1560
1412
1296
1219
1163
1111
1056
989
895
767
619
475
348
238
148
73
-2
-91
-189
-273
-329
-350
-332
-262
-147
-13
107
187
211
161
31
-159
-378
-600
-806
-974
-1078
-1114
-1097
-1040
-949
-829
-696
-560
-420
-275
-133
-6
110
216
306
369
409
447
496
559
636
728
827
914
973
995
973
896
766
609
464
352
283
259
283
348
438
536
628
702
742
747
727
691
632
539
414
269
116
-42
-195
-331
-442
-523
-573
-592
-590
-586
-593
-610
-630
-652
-674
-685
-669
-614
-525
-409
-278
-142
-15
97
190
263
307
320
309
284
247
193
128
67
28
24
55
118
201
288
367
430
471
483
464
421
375
337
306
275
240
199
155
107
60
16
-26
-67
-108
-146
-187
-239
-307
-382
-451
-508
-549
-568
-560
-527
-479
-424
-369
-321
-289
-272
-266
-267
-275
-290
-302
-304
-297
-288
-277
-258
-225
-178
-119
-47
34
113
184
247
302
340
359
368
382
408
442
481
525
569
602
617
617
605
576
534
488
448
414
379
346
320
296
265
226
190
159
129
97
66
38
5
-34
-77
-121
-170
-228
-284
-325
-350
-370
-388
-398
-399
-398
-399
-404
-413
-431
-459
-486
-501
-507
-510
-502
-475
-434
-393
-363
-343
-334
-341
-362
-386
-403
-415
-422
-420
-406
-394
-392
-396
-396
-389
-385
-385
-383
-378
-377
-387
-407
-435
-471
-513
-548
-572
-594
-623
-657
-684
-701
-717
-736
-753
-763
-769
-764
-732
-655
-522
-323
-47
301
688
1065
1394
1644
1792
1830
1770
1647
1497
1343
1203
1086
990
900
804
703
601
498
397
307
237
180
119
45
-44
-139
-233
-311
-356
-353
-302
-211
-89
42
151
205
190
107
-35
-222
-433
-640
-818
-956
-1043
-1072
-1043
-967
-854
-712
-547
-374
-208
-56
76
185
268
327
375
419
462
508
562
627
699
772
842
902
939
941
904
834
737
620
500
396
323
291
302
353
435
525
604
660
689
685
649
584
498
396
279
152
20
-115
-251
-377
-478
-541
-565
-558
-531
-501
-483
-487
-511
-547
-584
-607
-599
-550
-460
-343
-216
-91
21
113
183
234
269
287
288
276
253
219
179
144
125
127
151
194
252
316
372
413
434
433
412
378
342
309
279
249
221
197
175
150
121
89
51
6
-42
-93
-152
-226
-309
-388
-452
-496
-518
-519
-503
-477
-446
-414
-385
-365
-355
-344
-322
-292
-267
-258
-262
-277
-295
-307
-300
-269
-216
-145
-58
32
103
140
154
163
178
204
243
300
370
441
508
566
608
629
638
651
670
681
669
636
595
546
485
414
342
274
215
171
146
130
106
73
50
40
27
-6
-55
-108
-160
-212
-258
-295
-325
-350
-360
-348
-325
-316
-327
-342
-352
-367
-393
-424
-448
-464
-474
-472
-456
-437
-424
-410
-380
-343
-317
-305
-294
-278
-269
-277
-295
-315
-338
-363
-377
-371
-357
-349
-341
-320
-296
-290
-305
-326
-344
-367
-396
-423
-446
-478
-521
-558
-580
-596
-623
-656
-680
-697
-720
-746
-760
-760
-755
-743
-711
-654
-588
-512
-399
-220
25
319
650
998
1321
1571
1725
1783
1746
1624
1451
1279
1136
1019
915
825
747
665
564
452
349
260
182
123
89
65
20
-49
-124
-191
-252
-303
-319
-282
-204
-110
-16
56
77
25
-85
-229
-395
-578
-757
-896
-978
-1013
-1012
-971
-888
-774
-639
-480
-303
-130
18
145
262
362
429
467
493
519
542
562
594
641
692
737
779
817
831
805
746
674
596
512
435
388
376
390
423
476
538
589
615
621
610
576
510
421
321
212
85
-54
-192
-320
-435
-525
-575
-584
-570
-550
-527
-504
-492
-497
-511
-515
-501
-467
-411
-334
-248
-172
-109
-51
8
62
105
142
178
207
219
216
203
184
165
155
165
194
230
266
304
339
362
369
363
355
344
329
309
288
263
230
188
144
98
49
-1
-42
-74
-101
-133
-170
-208
-247
-289
-331
-365
-386
-395
-394
-386
-376
-373
-379
-389
-396
-396
-392
-381
-359
-333
-314
-307
-305
-299
-286
-264
-229
-182
-129
-74
-18
41
106
177
263
370
492
604
687
735
749
731
685
625
562
504
456
421
398
381
363
346
341
352
364
368
360
343
311
262
199
130
58
-14
-75
-120
-152
-182
-210
-229
-241
-259
-292
-333
-376
-419
-460
-494
-516
-528
-532
-522
-490
-444
-394
-343
-285
-226
-179
-154
-149
-161
-189
-232
-276
-313
-346
-377
-397
-398
-382
-361
-339
-313
-290
-279
-281
-288
-296
-309
-327
-338
-339
-339
-347
-361
-374
-385
-399
-410
-416
-423
-442
-476
-518
-570
-641
-729
-815
-883
-931
-957
-957
-927
-875
-812
-736
-647
-547
-435
-294
-103
139
412
695
971
1221
1418
1543
1600
1598
1551
1475
1389
1304
1208
1091
956
816
681
548
426
329
264
221
189
161
125
71
2
-62
-107
-133
-144
-135
-103
-59
-24
-11
-24
-66
-141
-244
-363
-491
-629
-766
-883
-967
-1016
-1032
-1008
-936
-824
-685
-526
-356
-185
-28
110
233
337
413
463
497
528
556
583
616
659
705
745
776
797
799
775
731
680
634
593
561
545
549
565
589
619
651
677
692
699
699
682
632
544
421
269
94
-89
-261
-406
-512
-577
-602
-600
-590
-587
-590
-592
-591
-588
-578
-557
-523
-481
-437
-392
-347
-297
-237
-159
-68
23
100
157
193
204
188
152
110
78
64
76
111
163
222
285
346
403
446
471
482
485
479
461
432
390
342
293
246
204
166
132
99
69
37
-1
-49
-105
-167
-232
-296
-358
-413
-453
-474
-474
-454
-420
-378
-339
-312
-298
-300
-313
-334
-355
-372
-383
-391
-395
-393
-385
-368
-335
-282
-207
-119
-31
52
121
174
212
245
283
331
392
466
549
628
691
732
757
772
775
767
750
723
685
630
560
481
398
319
255
216
197
188
179
171
158
134
92
35
-27
-92
-160
-223
-279
-329
-374
-412
-434
-446
-457
-471
-479
-481
-481
-484
-486
-482
-474
-467
-455
-434
-408
-382
-351
-308
-256
-207
-164
-123
-85
-64
-64
-79
-105
-143
-190
-234
-264
-283
-294
-294
-281
-263
-252
-244
-231
-218
-216
-226
-243
-269
-313
-372
-432
-483
-525
-554
-563
-558
-556
-568
-593
-631
-690
-768
-850
-920
-972
-999
-999
-968
-915
-848
-769
-676
-572
-452
-300
-102
146
428
724
1007
1247
1418
1510
1524
1472
1379
1277
1187
1111
1046
981
904
809
698
583
474
376
303
264
256
257
252
240
218
182
134
92
61
39
27
32
47
47
10
-63
-167
-305
-472
-644
-795
-914
-1000
-1041
-1032
-990
-935
-867
-775
-663
-540
-406
-255
-98
45
162
255
319
346
344
337
342
359
391
441
502
557
596
621
631
623
604
592
600
627
667
719
776
828
870
904
930
937
925
901
868
817
739
633
502
352
190
27
-125
-261
-378
-463
-509
-527
-534
-538
-538
-535
-531
-527
-521
-511
-497
-477
-449
-418
-396
-387
-381
-369
-351
-331
-309
-283
-254
-223
-194
-169
-152
-136
-113
-72
-12
60
136
215
292
358
407
437
449
449
445
442
437
425
402
370
334
296
255
215
179
150
129
114
100
81
53
17
-22
-63
-106
-150
-191
-225
-251
-270
-287
-307
-331
-360
-390
-416
-441
-468
-500
-532
-559
-583
-600
-605
-594
-561
-509
-441
-364
-290
-224
-160
-87
-5
81
161
234
293
334
355
362
360
361
376
414
471
532
587
633
674
710
742
767
780
779
769
753
723
677
617
555
495
435
371
303
229
149
72
5
-60
-133
-214
-291
-361
-428
-492
-544
-576
-595
-601
-592
-575
-559
-548
-534
-513
-495
-487
-486
-481
-472
-460
-441
-413
-383
-357
-334
-312
-296
-284
-267
-238
-199
-156
-116
-88
-78
-84
-97
-111
-121
-124
-114
-93
-71
-56
-49
-51
-69
-100
-138
-181
-237
-306
-377
-443
-502
-552
-589
-610
-624
-638
-653
-671
-700
-746
-802
-856
-902
-939
-962
-962
-941
-903
-847
-775
-692
-600
-489
-345
-162
52
289
533
766
969
1127
1233
1285
1292
1270
1235
1195
1146
1083
1007
921
829
735
646
568
504
460
436
427
421
411
396
380
362
338
306
269
233
198
162
124
76
11
-76
-182
-302
-436
-577
-711
-821
-898
-944
-963
-954
-921
-870
-805
-726
-636
-538
-434
-323
-209
-102
-11
62
116
155
179
194
208
227
257
299
348
398
445
486
521
553
588
629
676
730
792
858
918
967
1008
1038
1055
1060
1051
1024
972
894
797
684
554
416
281
157
45
-52
-128
-185
-235
-282
-316
-339
-363
-387
-403
-407
-410
-416
-416
-414
-425
-452
-476
-486
-490
-498
-499
-483
-463
-453
-445
-425
-401
-379
-346
-284
-205
-132
-65
10
93
165
223
280
337
381
406
427
448
454
444
431
425
417
396
371
353
341
327
313
305
298
284
262
240
216
186
151
116
83
48
8
-34
-72
-106
-138
-175
-218
-269
-328
-394
-462
-523
-569
-597
-606
-595
-572
-543
-510
-468
-414
-351
-284
-221
-162
-113
-77
-51
-32
-16
2
29
69
119
174
235
305
383
464
539
599
638
651
644
630
616
611
617
638
666
690
697
683
648
595
530
462
391
316
233
146
60
-18
-86
-138
-172
-193
-203
-209
-217
-233
-258
-288
-320
-353
-386
-418
-452
-485
-512
-527
-531
-527
-518
-498
-471
-446
-427
-412
-402
-399
-402
-398
-384
-365
-342
-306
-251
-191
-139
-96
-56
-24
-9
-8
-14
-34
-76
-128
-176
-219
-265
-306
-331
-339
-343
-354
-371
-393
-421
-450
-468
-479
-495
-520
-548
-583
-633
-697
-764
-829
-882
-911
-906
-880
-842
-787
-709
-618
-535
-459
-376
-284
-187
-66
100
295
484
661
833
977
1057
1077
1070
1051
1011
960
922
891
834
743
656
591
527
457
416
420
435
437
442
458
454
417
379
363
346
301
244
203
165
104
34
-21
-81
-171
-276
-363
-444
-544
-645
-711
-743
-767
-781
-769
-735
-703
-667
-602
-508
-417
-338
-249
-148
-65
-15
21
52
65
63
69
96
129
157
196
257
320
366
401
440
481
518
562
620
684
740
791
843
886
911
918
918
913
899
872
833
780
707
621
529
430
322
214
117
35
-36
-92
-132
-164
-194
-222
-244
-267
-298
-331
-352
-361
-369
-378
-385
-393
-410
-432
-448
-455
-463
-470
-466
-450
-434
-425
-416
-397
-373
-345
-305
-251
-193
-139
-81
-13
54
110
159
205
244
271
290
305
313
310
304
307
311
303
290
283
278
267
256
253
249
234
216
208
204
186
158
134
116
91
59
31
11
-17
-54
-85
-108
-140
-187
-235
-269
-298
-330
-355
-365
-364
-361
-349
-320
-279
-242
-210
-175
-138
-111
-97
-87
-75
-65
-58
-50
-36
-20
-3
21
61
118
182
248
315
376
423
452
468
477
479
476
474
475
476
471
462
452
439
423
403
380
349
306
255
201
144
85
27
-23
-69
-109
-138
-153
-156
-154
-145
-131
-121
-125
-145
-175
-212
-255
-296
-324
-340
-351
-358
-355
-343
-330
-316
-296
-272
-253
-239
-229
-224
-225
-230
-231
-224
-211
-195
-178
-161
-150
-145
-145
-151
-164
-183
-208
-237
-272
-310
-347
-385
-420
-447
-464
-475
-480
-480
-477
-474
-473
-473
-475
-479
-486
-493
-501
-514
-533
-555
-578
-603
-621
-623
-605
-575
-535
-482
-424
-370
-318
-251
-162
-53
79
241
424
598
744
861
945
987
988
970
951
920
874
823
777
726
660
594
546
514
489
476
482
496
500
493
487
482
467
439
410
385
352
311
267
222
172
114
49
-19
-96
-187
-292
-401
-504
-591
-658
-699
-710
-692
-651
-595
-529
-453
-374
-293
-211
-121
-32
42
95
129
150
155
149
146
157
179
209
249
299
349
389
425
466
512
560
608
658
710
756
795
831
864
888
901
904
895
872
828
763
683
593
492
384
274
168
65
-34
-120
-185
-232
-264
-283
-287
-286
-288
-293
-300
-308
-323
-339
-351
-358
-369
-387
-405
-423
-444
-467
-480
-479
-470
-454
-426
-386
-344
-307
-272
-233
-191
-147
-95
-28
45
116
181
244
296
330
348
359
364
366
365
364
359
347
327
304
280
257
235
215
200
187
175
162
145
123
100
77
52
24
-9
-46
-90
-136
-181
-219
-252
-283
-309
-329
-351
-378
-410
-440
-466
-484
-491
-483
-463
-436
-408
-374
-333
-290
-247
-201
-151
-104
-66
-40
-21
-7
3
17
44
86
137
190
244
295
336
365
387
410
432
450
468
483
491
488
479
467
452
434
415
399
378
348
307
260
207
147
89
40
-8
-56
-99
-131
-158
-185
-206
-217
-221
-226
-230
-233
-241
-262
-291
-314
-329
-346
-363
-371
-370
-369
-369
-363
-353
-345
-337
-321
-296
-273
-258
-247
-236
-225
-219
-215
-212
-213
-216
-220
-221
-225
-237
-255
-278
-303
-330
-359
-391
-422
-446
-461
-468
-473
-478
-486
-497
-506
-511
-513
-516
-519
-521
-523
-528
-542
-565
-598
-635
-671
-702
-727
-750
-764
-760
-738
-703
-653
-593
-531
-469
-399
-312
-208
-91
47
209
385
551
692
803
876
907
906
896
883
860
827
793
757
704
634
558
489
432
390
373
379
396
410
422
433
437
427
406
382
352
318
280
239
190
134
75
10
-66
-152
-246
-346
-447
-538
-609
-656
-682
-686
-663
-620
-570
-518
-458
-392
-324
-254
-176
-98
-33
15
49
69
71
60
46
41
46
63
91
127
164
201
241
286
333
384
441
504
565
627
688
738
772
797
820
831
822
798
765
719
655
580
505
426
335
240
156
86
16
-49
-92
-114
-126
-135
-135
-128
-131
-146
-161
-171
-183
-206
-233
-253
-274
-306
-345
-378
-409
-439
-464
-473
-468
-460
-450
-431
-404
-374
-344
-312
-272
-226
-176
-124
-68
-14
32
69
99
125
146
160
170
177
183
184
178
168
156
142
128
118
117
119
121
122
127
133
138
140
144
147
143
131
114
94
67
33
-1
-31
-60
-93
-128
-162
-197
-235
-266
-281
-284
-283
-277
-263
-245
-231
-222
-210
-193
-176
-161
-140
-117
-102
-103
-107
-106
-103
-100
-90
-67
-38
-13
14
48
81
107
131
163
200
229
247
260
271
274
273
280
294
305
310
313
313
301
273
239
205
174
146
125
110
93
72
50
34
22
10
2
-2
-5
-12
-23
-41
-66
-97
-127
-152
-174
-195
-216
-235
-254
-273
-289
-300
-307
-313
-318
-319
-320
-324
-331
-335
-334
-330
-324
-316
-309
-306
-309
-316
-322
-327
-331
-335
-337
-341
-351
-368
-387
-404
-420
-430
-431
-421
-409
-398
-390
-385
-387
-394
-400
-402
-404
-412
-424
-436
-453
-479
-508
-533
-555
-577
-592
-595
-592
-589
-580
-557
-521
-484
-450
-411
-368
-325
-275
-201
-103
9
127
252
373
466
519
541
545
535
518
509
510
511
499
479
457
431
400
377
376
396
429
469
507
534
545
545
540
532
519
502
481
457
427
392
353
307
259
213
169
117
53
-18
-89
-157
-219
-264
-290
-306
-316
-317
-306
-293
-284
-274
-252
-220
-190
-164
-144
-134
-143
-164
-184
-199
-212
-222
-218
-196
-166
-137
-105
-66
-23
22
72
129
185
234
280
326
371
411
445
479
511
540
562
576
582
579
573
568
560
546
528
508
482
453
426
407
391
378
374
379
384
376
358
339
318
288
252
220
190
149
100
56
16
-31
-85
-130
-159
-184
-214
-242
-261
-277
-298
-315
-317
-313
-312
-312
-304
-290
-283
-284
-281
-270
-255
-241
-224
-204
-189
-184
-184
-184
-183
-184
-183
-174
-154
-127
-101
-77
-53
-27
1
29
62
101
140
174
206
237
265
282
292
302
313
319
315
307
296
280
259
243
235
231
227
223
223
224
221
218
218
222
229
237
244
245
238
220
196
169
143
119
97
75
54
36
17
-2
-20
-32
-40
-45
-47
-45
-46
-52
-60
-63
-61
-57
-52
-45
-37
-31
-28
-26
-25
-28
-33
-34
-34
-38
-47
-57
-68
-78
-82
-76
-66
-56
-42
-23
-4
10
18
26
31
30
26
23
16
-2
-27
-47
-60
-75
-92
-103
-105
-107
-111
-112
-110
-114
-125
-135
-136
-138
-146
-156
-162
-165
-172
-180
-186
-193
-204
-216
-227
-239
-257
-282
-309
-334
-353
-370
-385
-398
-405
-407
-407
-408
-407
-404
-402
-401
-400
-397
-400
-418
-442
-462
-482
-507
-533
-551
-558
-564
-565
-555
-536
-519
-506
-486
-455
-422
-391
-349
-287
-211
-128
-33
68
164
245
313
372
416
443
458
468
473
471
465
456
444
432
428
434
446
464
492
526
561
595
632
667
692
706
716
721
714
693
671
653
630
599
568
539
500
444
383
329
275
217
165
127
96
64
35
17
7
-5
-14
-12
-2
5
4
0
-8
-27
-56
-88
-121
-161
-203
-241
-274
-301
-320
-328
-327
-317
-297
-267
-236
-209
-182
-150
-116
-81
-43
2
46
80
111
144
170
182
189
203
221
235
245
257
267
267
259
259
269
278
287
307
341
375
400
420
439
452
456
460
467
469
459
438
415
386
348
302
258
221
188
159
136
115
92
66
44
27
13
1
-12
-23
-34
-46
-61
-79
-99
-118
-135
-150
-162
-175
-193
-214
-233
-247
-257
-265
-270
-271
-270
-269
-266
-262
-259
-255
-244
-225
-201
-176
-153
-130
-109
-91
-74
-54
-34
-17
0
19
37
47
53
59
68
81
102
134
170
205
237
269
297
320
337
352
364
374
381
384
379
364
345
328
316
308
306
308
310
309
308
307
298
282
264
249
233
214
193
172
147
119
97
86
78
62
43
28
13
-10
-37
-60
-82
-107
-131
-145
-155
-172
-195
-209
-209
-203
-197
-187
-173
-166
-168
-174
-179
-193
-214
-232
-237
-236
-238
-242
-245
-246
-246
-242
-231
-217
-207
-197
-184
-171
-163
-161
-164
-166
-166
-161
-155
-153
-156
-158
-157
-154
-151
-149
-149
-154
-162
-171
-181
-197
-219
-236
-242
-241
-240
-238
-235
-233
-233
-230
-224
-220
-222
-230
-237
-244
-258
-283
-311
-339
-365
-389
-410
-428
-448
-466
-478
-480
-474
-465
-455
-444
-432
-421
-414
-409
-402
-387
-360
-320
-268
-212
-160
-117
-82
-51
-26
-8
5
19
36
52
65
74
80
82
86
98
123
155
190
228
271
316
359
395
426
452
471
485
494
500
500
493
486
483
485
485
480
473
464
452
439
427
414
399
384
371
362
353
341
326
314
308
305
302
297
287
270
245
216
183
143
96
46
1
-38
-74
-107
-134
-152
-161
-163
-158
-151
-148
-150
-152
-151
-150
-154
-161
-167
-170
-173
-177
-181
-184
-187
-185
-173
-154
-136
-124
-116
-107
-98
-93
-89
-79
-64
-44
-18
13
46
73
96
120
150
178
197
209
219
222
218
208
198
187
175
167
168
178
186
191
197
209
222
232
239
245
246
240
227
212
193
166
135
108
89
71
51
32
17
5
-7
-19
-30
-42
-57
-75
-89
-101
-113
-129
-145
-154
-159
-165
-173
-180
-185
-191
-199
-205
-209
-217
-229
-240
-244
-246
-250
-253
-250
-240
-228
-215
-197
-176
-156
-139
-121
-101
-86
-79
-75
-70
-63
-59
-52
-44
-33
-22
-9
7
26
45
66
89
116
141
164
182
195
203
207
208
206
202
196
190
185
181
180
180
180
182
185
190
193
193
190
187
183
179
175
171
164
153
140
127
114
99
85
72
60
49
35
19
-1
-23
-46
-65
-81
-95
-107
-118
-127
-135
-143
-151
-161
-169
-176
-181
-187
-196
-209
-226
-246
-266
-283
-299
-312
-322
-326
-325
-322
-318
-313
-306
-297
-285
-269
-253
-241
-233
-229
-229
-233
-244
-255
-266
-273
-279
-283
-284
-286
-290
-290
-283
-271
-258
-241
-222
-202
-185
-174
-165
-160
-159
-160
-158
-155
-156
-164
-173
-183
-193
-205
-214
-217
-216
-213
-208
-202
-197
-196
-196
-191
-179
-164
-148
-131
-112
-95
-82
-73
-66
-60
-59
-61
-64
-68
-78
-91
-104
-113
-118
-121
-121
-115
-106
-96
-85
-69
-51
-32
-12
10
33
52
66
74
79
82
82
81
83
86
89
93
98
104
109
113
117
122
129
137
146
158
172
185
198
211
223
235
246
256
265
273
277
276
270
259
244
226
209
193
180
167
155
148
145
142
143
147
155
164
173
180
184
181
172
159
147
133
117
101
85
69
51
33
19
8
0
-3
-1
5
11
13
15
18
21
24
28
35
43
50
55
59
60
58
53
50
49
50
49
48
46
45
42
39
38
41
45
52
63
77
90
100
107
114
119
121
121
119
116
112
105
97
87
75
62
51
42
37
33
30
28
26
24
20
15
10
4
-2
-9
-17
-25
-34
-44
-54
-63
-70
-77
-85
-91
-96
-101
-107
-112
-116
-120
-124
-128
-131
-132
-132
-132
-130
-127
-123
-120
-118
-116
-115
-114
-113
-110
-106
-102
-100
-99
-98
-96
-95
-92
-85
-76
-66
-56
-46
-36
-27
-22
-16
-8
0
5
10
15
20
22
23
25
27
29
30
33
40
46
52
59
68
77
83
87
91
93
94
96
99
102
102
100
98
95
91
87
84
81
79
77
76
74
69
64
61
59
56
54
52
49
44
39
36
34
30
24
20
16
11
3
-6
-14
-22
-28
-31
-31
-32
-33
-35
-36
-38
-41
-45
-48
-50
-52
-54
-56
-59
-64
-69
-74
-78
-82
-86
-88
-90
-90
-90
-89
-90
-94
-99
-103
-106
-110
-112
-114
-113
-113
-112
-111
-111
-112
-115
-117
-117
-117
-117
-117
-117
-118
-120
-124
-127
-129
-131
-133
-132
-129
-128
-128
-130
-129
-128
-129
-128
-126
-123
-122
-120
-115
-111
-109
-108
-107
-105
-104
-104
-103
-100
-98
-96
-94
-90
-88
-87
-85
-81
-76
-70
-64
-57
-52
-48
-44
-40
-37
-34
-31
-25
-18
-13
-8
-4
-1
2
7
13
20
26
32
39
47
53
58
63
69
75
81
88
94
99
103
106
110
113
114
114
114
113
113
113
112
111
111
112
115
118
121
123
125
126
127
128
127
125
122
119
115
111
107
102
97
94
91
90
89
89
89
89
91
93
93
93
93
92
92
93
93
92
92
91
90
89
88
86
83
81
79
79
79
78
77
78
78
78
79
81
83
84
84
85
86
84
80
78
77
75
71
67
65
62
57
53
51
49
45
41
39
38
36
31
27
23
17
10
4
0
-4
-9
-14
-17
-22
-28
-35
-41
-45
-49
-53
-56
-58
-61
-65
-69
-71
-74
-77
-80
-81
-83
-85
-88
-90
-93
-94
-95
-96
-96
-96
-97
-97
-97
-96
-94
-92
-90
-88
-86
-84
-82
-81
-79
-76
-73
-71
-70
-67
-65
-63
-60
-56
-52
-48
-45
-41
-35
-30
-26
-22
-16
-11
-8
-5
-3
-2
-2
-2
-1
1
2
3
4
6
8
8
9
12
15
17
19
21
23
23
23
24
26
26
26
26
25
24
22
21
19
17
14
12
9
6
4
2
1
0
-1
-1
-2
-3
-4
-5
-6
-7
-9
-10
-11
-14
-17
-20
-24
-28
-32
-34
-34
-34
-34
-34
-32
-32
-33
-33
-32
-32
-32
-33
-33
-34
-37
-40
-42
-43
-45
-47
-47
-47
-47
-48
-48
-48
-49
-51
-52
-51
-51
-51
-52
-52
-54
-57
-60
-62
-63
-65
-67
-67
-68
-69
-70
-70
-71
-71
-71
-69
-67
-64
-62
-60
-60
-60
-60
-61
-61
-62
-63
-64
-65
-68
-70
-71
-71
-69
-67
-63
-59
-54
-49
-44
-39
-34
-30
-26
-22
-20
-18
-16
-14
-13
-13
-11
-9
-7
-5
-1
4
9
13
17
22
27
32
37
42
47
51
55
58
61
63
64
65
67
67
67
67
67
66
65
65
67
68
70
73
75
78
79
80
81
83
85
85
85
84
81
78
74
70
67
63
61
60
58
57
56
56
57
57
58
60
61
62
61
61
62
62
60
59
58
56
53
51
49
48
46
45
45
46
46
46
47
49
50
50
51
52
53
52
53
54
54
53
51
49
47
43
40
38
37
36
34
33
33
31
31
31
32
34
34
34
35
35
33
31
29
27
23
20
17
14
12
9
6
5
3
2
1
1
1
1
0
-1
-2
-3
-5
-6
-6
-7
-8
-10
-11
-12
-13
-14
-15
-16
-16
-16
-17
-17
-17
-18
-19
-19
-18
-17
-17
-16
-15
-13
-13
-14
-13
-12
-11
-11
-10
-9
-8
-8
-8
-7
-5
-4
-3
-2
0
2
3
5
7
9
11
13
13
14
15
15
16
16
17
18
20
20
21
22
22
22
23
24
25
25
26
27
27
25
24
25
25
25
25
26
27
27
26
26
26
25
24
24
24
24
23
23
22
21
19
17
17
17
17
16
15
14
13
10
8
6
5
3
3
2
2
0
-1
-2
-3
-5
-7
-8
-10
-11
-13
-13
-15
-18
-20
-22
-23
-25
-27
-29
-30
-31
-33
-35
-37
-38
-39
-42
-43
-45
-47
-49
-51
-52
-52
-54
-55
-56
-58
-60
-60
-61
-61
-63
-63
-62
-62
-63
-63
-62
-61
-61
-62
-61
-60
-60
-61
-62
-61
-61
-62
-60
-58
-56
-55
-54
-52
-49
-48
-45
-42
-38
-36
-35
-33
-31
-30
-28
-26
-23
-22
-20
-19
-16
-14
-11
-7
-3
0
3
6
10
14
17
20
24
27
29
30
31
33
35
36
37
38
40
41
42
42
44
45
46
47
50
52
53
53
53
55
56
56
57
57
57
56
56
56
56
55
55
55
55
53
51
50
50
49
49
50
51
51
50
51
52
52
50
49
50
50
49
49
49
48
47
45
44
44
42
42
42
43
44
43
44
45
45
45
46
46
46
46
46
45
45
44
43
42
42
41
40
40
40
39
38
39
39
39
38
38
37
37
36
35
34
33
31
30
28
26
25
24
23
23
22
21
20
18
17
16
15
13
12
10
9
9
9
8
7
5
5
4
2
0
-1
-2
-3
-4
-5
-5
-7
-8
-9
-9
-9
-9
-9
-9
-9
-9
-10
-11
-11
-11
-13
-13
-13
-13
-13
-14
-14
-14
-14
-14
-14
-14
-14
-13
-12
-12
-13
-13
-13
-13
-13
-13
-13
-13
-14
-13
-13
-13
-13
-11
-9
-9
-9
-9
-8
-8
-9
-11
-11
-11
-11
-12
-11
-10
-10
-10
-11
-11
-12
-13
-13
-11
-10
-11
-12
-12
-12
-13
-14
-13
-13
-13
-13
-12
-12
-13
-14
-14
-14
-14
-15
-16
-18
-19
-18
-18
-18
-19
-20
-20
-20
-20
-20
-20
-20
-21
-22
-22
-23
-23
-23
-24
-25
-26
-26
-26
-27
-27
-28
-28
-28
-29
-29
-29
-29
-31
-32
-33
-33
-33
-32
-32
-32
-32
-32
-32
-33
-34
-34
-34
-33
-32
-33
-33
-34
-35
-36
-37
-37
-37
-37
-36
-35
-34
-34
-33
-31
-31
-32
-32
-31
-31
-31
-31
-31
-31
-31
-31
-31
-31
-31
-30
-29
-27
-27
-26
-25
-23
-23
-22
-22
-21
-20
-19
-18
-17
-16
-14
-13
-12
-11
-10
-9
-8
-7
-6
-5
-5
-4
-3
-2
-1
0
1
2
3
4
5
6
6
7
7
7
8
8
8
8
8
7
7
7
8
7
8
9
9
9
8
8
8
8
8
8
9
8
7
6
6
5
5
5
5
5
4
4
4
4
4
4
5
5
5
5
6
6
6
6
6
6
6
7
7
7
7
7
8
8
8
9
10
10
10
11
12
12
12
12
12
13
14
15
16
16
16
16
15
16
16
15
15
16
17
17
16
16
16
16
16
16
16
16
16
16
16
16
15
14
13
14
15
15
14
13
12
11
11
11
10
9
9
10
10
9
9
9
9
8
7
7
8
8
8
8
7
6
5
6
6
5
4
4
4
4
4
4
3
2
1
1
2
2
2
2
1
1
1
1
0
0
1
1
1
0
0
0
0
0
0
1
1
1
2
2
1
1
2
2
2
2
3
4
4
3
2
3
4
3
2
3
3
3
2
2
3
4
4
4
4
4
4
4
4
4
4
4
4
4
4
4
4
4
3
3
3
3
2
1
1
1
1
0
0
0
1
0
0
0
1
0
0
-1
-1
-1
-2
-2
-2
-3
-3
-4
-5
-6
-7
-7
-7
-6
-7
-8
-8
-8
-8
-9
-10
-10
-10
-10
-11
-11
-11
-12
-13
-14
-14
-14
-15
-15
-16
-17
-16
-16
-16
-17
-18
-17
-17
-17
-18
-18
-18
-18
-18
-18
-17
-17
-18
-18
-18
-18
-18
-19
-18
-17
-17
-18
-18
-18
-18
-18
-17
-16
-14
-14
-14
-15
-15
-15
-14
-13
-13
-13
-11
-10
-9
-10
-10
-9
-9
-8
-8
-7
-7
-5
-4
-3
-3
-2
-2
-2
-1
0
1
1
0
1
2
3
3
3
4
5
5
5
5
5
6
6
7
8
7
6
6
7
7
8
8
7
6
6
7
8
7
6
5
6
6
5
5
5
6
7
7
6
6
7
7
6
5
6
7
7
6
7
7
8
7
7
9
9
10
9
9
9
10
10
11
12
12
12
12
12
13
13
13
13
14
15
16
16
16
16
16
16
16
16
17
17
17
17
17
18
18
18
17
18
18
17
17
17
17
17
18
17
17
16
16
17
17
17
16
16
16
16
16
16
15
14
14
14
14
13
13
14
13
13
12
12
12
11
10
10
10
11
12
11
10
10
10
10
10
9
9
8
8
8
8
8
8
7
7
8
9
9
8
8
8
7
7
8
8
7
7
7
8
8
7
6
7
7
7
7
7
7
7
7
6
5
4
3
4
4
3
3
3
3
3
2
2
2
2
2
2
1
0
-1
-1
-1
-1
-1
-1
-1
-2
-3
-4
-3
-2
-3
-4
-4
-3
-4
-4
-5
-5
-5
-5
-6
-6
-6
-7
-7
-8
-7
-8
-9
-9
-10
-10
-10
-10
-10
-11
-12
-13
-12
-11
-11
-12
-14
-14
-14
-14
-14
-14
-14
-15
-15
-15
-14
-14
-15
-16
-16
-17
-17
-16
-16
-17
-18
-17
-18
-19
-19
-19
-19
-19
-20
-19
-18
-18
-19
-20
-20
-20
-20
-20
-20
-20
-19
-20
-20
-20
-20
-20
-20
-20
-20
-20
-20
-19
-18
-18
-19
-19
-19
-18
-18
-18
-18
-18
-18
-17
-17
-17
-17
-17
-16
-16
-16
-16
-16
-15
-15
-16
-16
-15
-15
-14
-14
-14
-14
-14
-14
-13
-13
-13
-13
-12
-11
-10
-11
-11
-10
-10
-9
-8
-8
-7
-7
-7
-7
-7
-7
-7
-7
-7
-6
-6
-6
-5
-4
-4
-4
-4
-4
-4
-4
-3
-3
-3
-3
-2
-2
-2
-1
-1
-2
-2
-2
-1
-1
0
0
-1
-2
-2
-1
-1
-1
-1
0
0
1
1
2
3
3
3
3
3
4
3
3
4
5
5
5
4
4
5
5
5
5
5
5
6
5
5
5
6
6
6
7
8
8
7
7
8
8
8
8
7
8
8
8
8
7
7
7
8
9
8
8
8
9
9
9
8
7
8
8
9
9
8
8
8
9
9
9
9
9
9
10
10
10
10
9
9
9
9
9
9
8
8
8
9
9
8
7
7
9
9
9
7
7
8
9
8
8
9
9
9
8
8
8
8
8
9
9
9
9
9
9
9
9
9
9
9
9
10
9
8
8
9
9
9
9
9
9
10
10
10
9
9
9
9
9
9
9
9
9
9
9
9
9
9
9
9
9
9
10
10
9
8
8
9
9
9
9
9
9
10
10
9
7
7
7
8
8
8
9
9
9
8
9
9
9
9
8
8
8
9
9
9
8
8
8
8
7
7
7
6
6
6
7
7
6
6
6
6
5
5
5
6
6
5
5
5
5
5
5
5
4
4
4
4
4
5
5
4
3
4
4
4
4
4
4
5
4
3
3
3
3
4
4
4
4
4
4
3
2
3
3
4
4
4
4
5
5
4
3
3
3
3
4
4
4
4
5
5
4
4
4
5
5
6
6
5
5
4
4
5
5
5
4
4
5
5
5
6
7
7
6
5
5
5
5
6
6
6
6
6
6
7
8
7
6
7
7
7
6
6
6
7
6
6
6
6
5
5
5
6
6
6
6
6
7
7
6
6
6
6
7
7
7
6
5
5
4
4
5
5
5
4
5
6
6
5
5
5
4
4
4
4
3
3
2
2
2
2
2
2
2
2
1
1
1
1
0
0
0
0
0
0
-1
-2
-1
-2
-2
-2
-2
-2
-2
-2
-2
-2
-2
-3
-3
-3
-3
-3
-4
-4
-4
-3
-3
-3
-4
-5
-5
-5
-5
-5
-5
-6
-6
-6
-6
-6
-7
-7
-6
-6
-6
-7
-8
-8
-8
-8
-9
-9
-9
-9
-9
-9
-9
-10
-10
-10
-10
-10
-10
-11
-11
-11
-11
-11
-12
-12
-12
-12
-12
-12
-12
-12
-12
-12
-12
-12
-13
-13
-13
-13
-13
-13
-13
-13
-13
-13
-14
-14
-15
-14
-14
-14
-15
-15
-16
-16
-16
-16
-16
-16
-15
-14
-15
-16
-16
-16
-16
-16
-17
-17
-18
-18
-17
-18
-18
-18
-18
-17
-18
-19
-20
-19
-19
-19
-19
-19
-19
-19
-20
-20
-20
-20
-20
-20
-20
-20
-20
-20
-19
-18
-19
-19
-20
-20
-20
-20
-19
-18
-19
-20
-21
-20
-20
-19
-19
-20
-20
-20
-20
-19
-19
-19
-19
-20
-20
-19
-19
-19
-19
-20
-20
-20
-20
-20
-20
-20
-21
-21
-21
-21
-20
-21
-21
-21
-21
-21
-21
-21
-21
-20
-20
-20
-20
-20
-20
-20
-20
-20
-20
-20
-20
-19
-19
-19
-19
-19
-19
-19
-19
-19
-20
-19
-19
-19
-18
-18
-18
-18
-17
-17
-18
-18
-18
-18
-18
-18
-18
-17
-16
-16
-16
-16
-16
-16
-16
-16
-15
-15
-14
-14
-13
-13
-14
-14
-14
-13
-13
-13
-13
-13
-13
-12
-12
-12
-12
-12
-12
-12
-11
-11
-11
-11
-11
-11
-11
-11
-11
-11
-12
-12
-11
-10
-9
-9
-9
-8
-8
-8
-8
-8
-8
-8
-8
-8
-7
-7
-7
-8
-7
-6
-5
-5
-6
-6
-7
-7
-7
-7
-8
-8
-7
-6
-6
-6
-5
-5
-5
-4
-4
-4
-4
-4
-4
-4
-4
-4
-4
-3
-3
-4
-3
-2
-2
-2
-2
-2
-2
-1
-1
-1
-1
-1
-1
-1
-1
-1
-1
-1
-1
-1
-1
-1
0
0
0
0
0
0
0
0
0
1
0
0
1
1
1
0
0
1
1
1
1
1
1
1
1
1
1
1
1
2
2
2
2
2
2
2
2
2
3
3
4
4
4
3
3
4
5
5
5
5
5
5
5
5
5
5
5
5
5
7
7
7
6
6
6
6
6
7
8
8
7
8
9
9
9
9
9
9
9
9
9
9
10
10
10
10
10
10
11
12
12
11
11
11
12
12
11
11
12
12
11
11
12
13
12
12
12
13
13
13
13
13
13
13
12
11
11
12
13
14
13
13
12
12
12
11
11
11
10
10
11
12
13
13
13
13
13
13
12
12
12
11
11
11
11
12
12
12
11
11
11
11
12
13
13
13
13
13
13
12
12
12
13
12
12
12
12
12
12
11
11
11
12
11
11
10
10
10
11
10
10
11
11
10
9
10
11
11
11
11
13
13
12
11
11
11
11
10
10
10
10
10
10
9
9
8
9
10
11
11
12
12
11
11
11
12
12
11
12
13
13
11
10
9
10
10
11
11
11
11
12
12
12
11
11
11
11
12
12
12
12
12
12
12
11
12
12
12
11
11
11
11
10
10
11
13
13
11
10
10
11
10
10
10
10
10
11
12
12
11
10
11
11
10
9
9
10
11
11
11
11
10
9
9
9
10
9
9
9
9
8
8
9
9
10
10
9
8
8
8
9
8
8
8
9
9
9
8
8
8
8
8
8
8
7
6
6
6
6
6
5
5
5
5
5
5
5
5
5
5
4
3
3
4
4
4
3
3
2
2
2
1
1
2
2
2
1
1
1
1
1
1
0
0
-1
-2
-2
-1
0
0
-1
-2
-1
0
-1
-2
-4
-4
-3
-3
-3
-3
-3
-3
-4
-5
-5
-5
-5
-5
-5
-5
-6
-7
-7
-7
-7
-6
-6
-6
-6
-7
-6
-6
-6
-6
-7
-7
-7
-8
-7
-7
-8
-7
-7
-7
-8
-8
-7
-6
-6
-7
-8
-8
-8
-9
-9
-9
-9
-9
-9
-9
-9
-9
-9
-8
-8
-9
-11
-11
-10
-10
-10
-9
-9
-10
-11
-11
-11
-10
-11
-11
-11
-11
-12
-12
-10
-9
-10
-11
-12
-11
-11
-12
-12
-11
-10
-10
-12
-12
-12
-12
-11
-10
-10
-10
-11
-11
-10
-10
-10
-10
-10
-10
-11
-12
-13
-13
-12
-10
-10
-10
-10
-10
-10
-11
-11
-11
-10
-10
-11
-12
-12
-12
-11
-11
-12
-12
-11
-10
-10
-10
-11
-11
-12
-11
-10
-10
-10
-10
-9
-7
-6
-6
-7
-7
-7
-7
-7
-8
-8
-8
-7
-7
-7
-7
-7
-7
-7
-7
-7
-7
-7
-6
-5
-4
-4
-3
-4
-4
-3
-3
-4
-6
-7
-6
-5
-4
-4
-4
-4
-4
-4
-3
-2
-1
0
0
0
0
1
2
2
1
0
1
2
1
0
1
3
3
3
2
3
4
5
5
6
6
5
4
3
3
3
3
3
3
5
5
5
5
5
6
7
6
6
7
8
9
8
7
7
7
7
8
8
9
8
8
9
9
9
9
9
10
10
10
9
10
10
11
11
11
11
10
10
10
11
10
9
9
8
8
7
8
8
8
8
8
9
10
9
10
12
13
13
10
8
7
7
6
5
6
6
6
6
6
7
6
6
7
9
9
9
8
8
7
7
6
7
7
8
8
8
8
7
7
8
9
9
7
5
3
3
3
5
5
4
2
2
3
5
5
4
4
4
4
4
4
5
5
5
4
4
5
6
6
5
3
2
1
1
1
3
4
3
1
0
1
1
1
2
3
4
3
2
2
4
4
2
1
1
2
2
0
-1
-2
-2
-2
-1
0
2
1
1
1
1
0
-1
-2
-2
-2
-1
-1
-2
-3
-3
-1
-1
-2
-2
-2
-1
-2
-2
-2
-1
-1
-2
-2
-3
-4
-5
-7
-7
-7
-7
-6
-5
-5
-4
-4
-4
-4
-3
-2
0
-1
-2
-4
-5
-5
-6
-7
-9
-11
-12
-11
-11
-11
-13
-13
-12
-11
-10
-9
-8
-8
-9
-9
-8
-6
-6
-7
-7
-6
-7
-9
-10
-10
-9
-9
-10
-11
-11
-12
-13
-13
-11
-10
-9
-8
-8
-9
-10
-10
-9
-9
-11
-13
-13
-13
-13
-13
-13
-13
-13
-11
-11
-11
-11
-11
-9
-9
-10
-12
-12
-11
-11
-10
-10
-10
-11
-13
-14
-16
-16
-16
-14
-13
-13
-13
-11
-10
-10
-11
-10
-9
-9
-9
-9
-9
-9
-9
-9
-9
-10
-12
-12
-12
-10
-10
-11
-11
-10
-10
-12
-13
-12
-9
-6
-5
-7
-9
-10
-12
-11
-11
-11
-12
-12
-11
-12
-13
-15
-15
-14
-13
-12
-9
-6
-3
-1
-1
-1
-2
-2
0
1
1
0
-1
-2
-5
-7
-9
-8
-7
-6
-4
-2
1
2
1
-1
-2
-4
-5
-4
-3
-2
-3
-4
-4
-3
-4
-7
-9
-8
-6
-5
-5
-6
-5
-5
-4
-3
-2
-2
-2
1
4
5
2
-3
-3
-2
-2
-4
-4
-2
-1
-2
-2
-3
-3
-3
-2
-1
0
1
1
0
-1
-2
-2
-2
-4
-5
-2
2
5
7
7
7
5
2
-2
-2
-1
-1
-1
-2
-2
-2
1
4
7
8
8
9
8
6
3
1
0
0
-1
-2
-5
-7
-8
-7
-5
-3
0
3
3
3
4
6
8
9
11
11
9
5
3
4
6
7
6
5
6
7
7
6
5
6
6
4
-1
-4
-5
-4
-4
-3
-1
2
3
4
7
11
14
14
14
15
13
10
8
7
5
-1
-5
-8
-9
-11
-10
-5
2
7
9
11
13
14
13
12
13
14
13
10
8
5
1
-2
-3
1
6
9
11
14
18
20
16
12
10
9
7
4
2
5
6
6
4
4
4
5
7
11
13
13
12
12
10
6
4
4
5
5
4
6
9
12
13
15
18
21
21
20
18
14
9
2
-2
-5
-8
-9
-6
-1
5
10
11
11
11
12
14
17
22
28
33
34
31
26
21
18
14
10
7
6
3
-3
-9
-12
-11
-8
-5
0
5
8
9
10
13
17
19
20
17
10
1
-7
-10
-11
-10
-9
-7
-7
-4
5
16
24
29
39
54
64
63
54
42
30
16
2
-9
-21
-31
-39
-42
-40
-34
-23
-7
6
16
24
31
32
26
18
13
9
5
5
6
4
-3
-11
-15
-15
-14
-12
-7
-2
2
5
9
12
12
12
11
9
6
4
2
-1
-7
-13
-18
-22
-25
-26
-23
-17
-10
-3
4
8
10
13
16
19
21
20
16
6
-5
-15
-22
-28
-33
-34
-32
-28
-24
-21
-17
-11
-1
13
24
31
35
39
38
31
20
13
9
4
-4
-11
-13
-11
-8
-5
-4
-3
-2
0
2
3
6
10
11
7
2
0
-2
-6
-9
-8
-5
-7
-10
-10
-6
-3
-4
-5
-2
3
6
8
7
1
-5
-9
-8
-8
-9
-11
-10
-11
-12
-14
-16
-18
-20
-19
-15
-10
-4
2
7
12
15
18
19
18
15
9
0
-10
-17
-22
-29
-36
-38
-36
-32
-26
-12
8
25
35
41
45
43
34
23
16
15
14
12
9
1
-12
-25
-32
-32
-27
-16
-2
13
20
20
17
16
17
19
20
20
19
12
2
-8
-14
-16
-19
-17
-11
-2
2
3
4
8
10
8
5
6
9
9
7
5
1
-8
-18
-23
-22
-18
-13
-9
-7
-8
-8
-5
-1
2
5
11
19
27
36
42
39
26
13
7
3
-3
-9
-10
-9
-10
-8
1
15
26
32
39
46
47
43
38
33
23
8
-5
-15
-20
-22
-19
-12
-2
12
27
38
41
41
45
52
53
45
34
23
9
-9
-27
-42
-52
-59
-62
-60
-52
-42
-33
-28
-24
-21
-17
-11
-1
13
21
20
11
2
-5
-13
-21
-25
-23
-18
-17
-20
-23
-26
-27
-23
-14
-2
11
25
38
42
35
20
4
-10
-25
-45
-63
-70
-65
-52
-35
-12
16
40
60
85
122
159
174
157
125
91
60
30
4
-11
-19
-23
-25
-27
-31
-34
-29
-16
-1
14
29
38
38
33
33
38
33
13
-6
-13
-15
-20
-20
-8
8
14
16
25
37
40
35
34
38
34
18
-1
-20
-43
-70
-88
-86
-68
-45
-26
-16
-15
-24
-38
-49
-51
-44
-31
-18
-6
4
10
9
6
10
24
41
43
29
5
-23
-48
-66
-74
-73
-63
-43
-16
11
34
56
79
104
119
117
99
76
52
27
-1
-27
-45
-56
-67
-78
-78
-53
-12
27
59
89
117
127
114
90
70
55
34
5
-25
-50
-74
-98
-114
-110
-92
-70
-49
-21
8
27
28
23
20
14
0
-17
-24
-22
-23
-35
-47
-47
-37
-29
-29
-39
-52
-63
-67
-64
-60
-56
-46
-23
6
28
36
37
47
70
90
83
47
5
-19
-29
-46
-77
-103
-103
-78
-45
-21
-6
9
22
27
23
25
44
70
81
63
29
-4
-30
-51
-61
-56
-46
-45
-54
-62
-65
-68
-66
-48
-15
15
25
25
27
31
28
19
14
13
9
-1
-14
-29
-49
-71
-85
-85
-74
-55
-30
-3
16
30
41
48
46
38
35
34
23
-6
-39
-62
-74
-77
-67
-39
-9
11
25
39
45
35
21
19
27
28
18
11
9
2
-10
-10
4
16
23
37
56
64
56
48
50
51
42
31
25
14
-9
-34
-45
-50
-56
-53
-26
11
34
44
56
75
89
89
76
46
-5
-66
-106
-112
-99
-83
-59
-22
19
47
66
79
82
65
39
23
15
-5
-39
-63
-58
-37
-25
-23
-17
-1
14
22
32
47
55
49
37
27
14
-5
-26
-36
-34
-32
-33
-26
-4
27
59
89
116
132
129
109
82
59
42
30
26
31
41
41
25
2
-8
3
30
60
89
114
125
111
81
56
49
46
32
13
1
-7
-18
-28
-23
-4
15
20
18
12
-6
-33
-50
-49
-51
-79
-114
-121
-100
-78
-71
-66
-49
-24
-5
7
8
-11
-43
-70
-84
-100
-123
-140
-140
-134
-134
-135
-125
-99
-69
-44
-31
-32
-43
-52
-54
-56
-70
-88
-96
-92
-84
-76
-70
-63
-49
-29
-17
-24
-35
-28
1
28
38
37
36
32
23
23
44
69
76
67
55
46
34
23
17
10
-1
-4
16
45
56
52
61
86
98
93
110
168
222
220
173
127
94
43
-21
-53
-37
-8
-4
-10
-2
10
-1
-27
-37
-26
-15
-19
-26
-27
-32
-44
-52
-48
-45
-56
-76
-98
-110
-106
-82
-49
-31
-41
-68
-84
-80
-70
-73
-89
-106
-120
-130
-132
-120
-98
-81
-80
-81
-70
-58
-60
-68
-68
-63
-69
-79
-69
-41
-27
-48
-78
-89
-83
-78
-70
-39
8
42
48
34
14
-7
-24
-31
-32
-31
-32
-45
-78
-118
-135
-106
-49
1
36
79
130
166
172
156
128
84
29
-13
-30
-38
-54
-74
-80
-63
-27
23
84
142
185
208
210
180
121
56
4
-34
-68
-97
-115
-126
-131
-113
-52
43
142
217
256
252
206
135
60
-14
-92
-164
-213
-240
-260
-273
-255
-187
-83
34
147
239
285
276
220
130
9
-122
-226
-281
-301
-306
-297
-258
-188
-100
2
117
219
273
270
228
156
58
-50
-141
-204
-244
-256
-221
-130
-10
96
169
215
241
244
221
177
122
62
-1
-62
-108
-121
-95
-46
6
57
113
173
215
216
182
141
107
66
2
-68
-113
-116
-90
-49
0
47
78
92
101
117
128
122
102
82
67
49
25
-6
-39
-64
-67
-49
-28
-14
8
52
100
123
115
97
89
87
79
65
50
34
13
-9
-28
-39
-38
-21
14
59
99
112
92
52
21
9
6
1
-5
-6
-2
5
19
41
64
77
81
79
69
44
5
-34
-54
-44
-15
10
17
14
20
31
35
32
40
60
69
46
2
-38
-65
-77
-67
-33
2
15
8
0
-7
-20
-32
-27
-3
15
13
2
0
5
2
-10
-16
-8
3
2
-8
-4
24
53
43
-9
-62
-75
-48
-5
45
99
137
127
79
41
48
81
108
121
122
106
68
27
9
16
33
58
98
141
156
130
88
60
58
74
85
64
5
-65
-107
-108
-81
-43
5
60
106
126
117
87
44
2
-29
-57
-99
-154
-195
-205
-181
-131
-64
-2
26
17
-7
-22
-35
-60
-91
-111
-121
-141
-177
-209
-207
-167
-113
-70
-40
-13
2
-11
-45
-67
-56
-37
-42
-77
-116
-142
-152
-149
-125
-80
-31
0
1
-28
-71
-104
-101
-61
-4
44
61
36
-19
-70
-83
-55
-16
6
3
-19
-52
-85
-95
-56
31
125
170
149
98
62
52
49
49
67
90
73
-5
-101
-153
-138
-82
-13
54
111
146
154
142
125
112
96
63
6
-61
-116
-149
-158
-139
-87
-16
45
82
100
97
67
27
2
0
0
-14
-37
-59
-79
-93
-92
-78
-71
-80
-85
-60
-11
35
73
108
134
129
82
11
-55
-99
-123
-132
-117
-74
-29
-12
-13
5
49
85
84
68
70
79
57
16
8
49
95
108
90
55
3
-55
-90
-82
-46
-9
28
70
112
137
146
150
143
112
61
10
-34
-79
-125
-155
-153
-119
-66
0
80
164
220
220
167
91
18
-47
-100
-130
-134
-122
-113
-103
-77
-30
28
84
129
149
129
76
12
-39
-68
-80
-85
-95
-108
-110
-90
-51
-6
43
94
128
121
77
27
-10
-43
-73
-82
-60
-31
-25
-34
-21
24
76
112
140
164
165
133
78
16
-49
-116
-157
-146
-96
-42
-5
24
50
67
75
87
102
103
80
48
27
10
-18
-52
-65
-47
-24
-23
-41
-53
-41
-16
1
1
1
7
8
-2
-10
-7
-2
-13
-36
-51
-54
-59
-67
-62
-49
-49
-66
-63
-14
58
101
96
61
20
-20
-55
-77
-81
-70
-48
-16
12
19
2
-17
-20
-2
27
60
81
73
35
-10
-36
-39
-38
-44
-48
-39
-22
-10
3
32
76
114
133
134
116
69
-4
-69
-95
-86
-70
-58
-41
-21
-13
-15
-1
40
85
99
80
41
-9
-68
-125
-154
-144
-109
-65
-22
10
19
2
-24
-34
-22
0
13
5
-18
-51
-88
-121
-133
-115
-74
-33
-10
-4
-6
-11
-14
-6
13
27
19
-13
-60
-106
-129
-114
-65
-15
13
28
44
45
7
-44
-58
-28
5
9
0
-6
-16
-34
-42
-28
-11
-13
-22
-21
-16
-21
-25
-12
6
12
13
25
38
32
18
20
35
37
13
-14
-26
-29
-34
-39
-37
-30
-10
30
68
69
31
-18
-53
-73
-80
-64
-30
-5
-5
-19
-27
-30
-37
-42
-42
-50
-71
-85
-71
-38
-7
14
28
30
10
-27
-57
-68
-65
-54
-42
-38
-48
-68
-88
-98
-95
-72
-32
11
39
49
47
29
-11
-59
-86
-79
-53
-28
-10
-2
-10
-34
-56
-60
-49
-27
1
30
45
37
17
2
-10
-25
-38
-42
-39
-42
-55
-64
-63
-53
-34
-6
23
42
48
47
40
22
-5
-21
-20
-18
-35
-64
-81
-71
-41
-6
19
34
42
46
43
28
2
-24
-42
-57
-64
-55
-33
-15
-17
-30
-41
-46
-48
-33
8
50
57
28
1
-11
-31
-73
-101
-80
-28
1
-5
-13
3
36
67
93
108
93
44
-14
-53
-71
-85
-89
-70
-29
11
31
43
61
86
107
121
133
135
110
52
-24
-88
-121
-121
-94
-47
6
44
56
55
58
70
82
85
79
64
43
14
-20
-51
-70
-64
-36
-4
15
23
35
53
66
64
52
40
32
31
34
35
30
16
-2
-24
-40
-39
-18
5
18
27
42
52
42
23
31
66
88
66
17
-24
-49
-63
-56
-19
30
60
69
80
96
103
99
104
122
125
84
7
-71
-126
-153
-152
-114
-35
64
141
164
140
107
89
75
49
19
-1
-24
-67
-112
-124
-90
-43
-6
28
66
86
71
42
34
51
67
67
60
45
13
-40
-88
-106
-92
-57
-16
20
36
28
13
14
40
80
114
126
110
72
22
-27
-61
-73
-61
-33
-1
26
42
50
55
63
72
76
66
44
18
-7
-29
-42
-37
-9
29
57
63
57
54
55
52
39
23
12
6
4
9
24
41
49
44
30
16
6
2
-1
-6
-16
-25
-31
-30
-23
-10
2
2
-7
-10
-8
-12
-26
-31
-17
-2
-5
-15
-12
0
-6
-26
-33
-22
-16
-24
-24
-4
15
17
12
15
15
-2
-21
-29
-42
-77
-110
-100
-61
-37
-33
-10
41
82
82
63
60
69
63
39
10
-24
-66
-97
-91
-54
-15
13
35
56
72
79
79
72
51
22
1
-7
-14
-24
-28
-18
0
15
28
43
56
62
54
36
12
-11
-24
-21
-8
7
15
17
14
3
-19
-41
-48
-33
-10
0
-3
-6
2
12
16
11
0
-16
-30
-31
-15
2
2
-8
-13
-11
-13
-20
-23
-20
-14
-3
12
15
-4
-27
-27
-6
11
13
19
35
36
6
-32
-46
-37
-29
-24
-7
19
31
19
5
2
-3
-20
-35
-24
6
29
35
39
50
53
38
12
-7
-24
-46
-64
-59
-31
-8
-5
-9
1
20
32
38
49
60
54
30
4
-15
-35
-56
-63
-42
-11
9
15
24
38
46
37
21
11
6
-2
-12
-21
-29
-37
-40
-31
-12
6
16
20
20
10
-3
-4
12
26
22
7
-3
-9
-25
-46
-55
-49
-47
-52
-43
-13
16
27
33
45
50
29
-7
-30
-37
-46
-62
-64
-47
-28
-20
-13
3
17
20
15
10
5
-5
-18
-26
-28
-29
-27
-19
-8
-2
-2
-2
5
13
18
14
12
21
35
37
20
-2
-11
-9
-10
-11
1
26
43
44
38
41
45
41
31
23
18
11
2
-5
-7
-8
-8
-5
-1
-3
-12
-18
-13
2
19
34
45
49
44
33
16
0
-14
-26
-34
-34
-24
-14
-12
-16
-14
1
26
47
56
48
25
-5
-34
-50
-52
-42
-23
-2
11
7
-11
-27
-29
-15
4
14
15
13
15
21
32
42
41
21
-10
-31
-31
-18
-8
-2
11
31
41
32
16
10
14
19
24
37
52
49
23
-9
-28
-31
-31
-31
-27
-23
-23
-22
-12
5
20
24
18
2
-23
-49
-64
-66
-67
-69
-60
-35
-5
15
28
42
52
52
49
49
46
24
-9
-26
-14
8
15
8
3
5
1
-17
-33
-27
2
37
63
76
78
68
54
42
33
16
-9
-28
-26
-10
0
-1
-5
1
14
27
33
29
13
-5
-17
-17
-9
-2
5
13
18
23
28
28
15
-6
-15
-4
13
16
5
-7
-14
-17
-22
-25
-23
-18
-13
-4
12
30
42
42
35
28
20
4
-23
-52
-73
-87
-91
-74
-35
8
30
29
22
20
17
5
-8
-10
-7
-11
-24
-36
-39
-34
-23
-13
-7
-5
-3
5
18
33
42
38
22
1
-18
-36
-53
-63
-55
-30
1
27
42
44
34
27
32
44
50
45
36
26
12
-7
-24
-34
-39
-35
-17
12
36
45
44
38
28
14
5
4
-1
-13
-21
-17
-5
1
-4
-7
2
20
34
40
42
48
56
53
35
15
10
17
17
2
-9
-1
22
48
65
66
46
17
-3
-3
8
14
14
13
11
2
-9
-14
-10
-2
5
13
23
33
38
34
26
18
15
12
4
-12
-28
-39
-44
-46
-45
-40
-29
-15
-6
-10
-26
-38
-31
-7
13
13
0
-10
-15
-23
-40
-57
-63
-54
-37
-18
-3
8
14
12
1
-10
-10
0
5
-5
-26
-42
-45
-37
-24
-13
-7
-7
-7
-2
5
11
16
26
45
61
60
41
15
0
-2
2
2
-8
-24
-38
-39
-23
1
26
46
60
65
58
43
27
11
-6
-18
-26
-35
-46
-48
-35
-13
5
14
19
23
26
31
37
35
16
-11
-29
-38
-51
-70
-81
-71
-49
-31
-23
-22
-22
-16
-6
2
1
-5
-9
-13
-23
-35
-41
-37
-34
-35
-32
-23
-15
-14
-13
-6
2
8
13
16
13
0
-15
-23
-22
-18
-10
2
13
20
23
26
23
17
13
16
21
23
18
6
-11
-25
-24
-6
14
21
17
12
9
5
5
13
26
32
22
0
-21
-29
-22
-8
9
23
34
35
27
18
19
29
37
36
28
14
-9
-37
-54
-49
-28
-8
7
21
33
34
25
14
13
17
18
11
-4
-26
-49
-65
-66
-52
-32
-17
-9
-3
2
3
-6
-22
-37
-45
-48
-47
-44
-41
-38
-35
-32
-25
-13
3
13
13
5
-7
-18
-25
-26
-18
-7
1
5
3
-4
-14
-20
-12
8
28
39
41
35
21
4
-9
-13
-7
3
13
16
12
6
4
2
-1
1
12
25
30
28
25
22
12
-4
-11
-4
7
10
4
-5
-16
-25
-27
-21
-10
-3
-1
-5
-18
-34
-42
-35
-18
-3
8
13
12
3
-11
-22
-27
-24
-20
-18
-16
-11
-5
-3
-5
-7
0
13
24
26
19
8
-5
-14
-17
-18
-20
-17
-5
12
21
22
20
16
11
7
11
20
23
15
1
-12
-26
-38
-39
-27
-12
-3
-1
-2
-3
-3
0
2
-2
-11
-20
-28
-36
-44
-48
-48
-46
-40
-32
-25
-24
-23
-13
0
5
0
-3
-1
-1
-8
-20
-31
-43
-55
-56
-39
-13
10
26
39
50
52
48
40
32
23
13
-2
-19
-35
-39
-29
-13
-2
3
7
16
31
42
46
41
30
18
7
2
3
7
4
-8
-21
-24
-16
-2
15
33
43
38
23
7
-6
-18
-25
-19
3
26
32
19
0
-12
-15
-13
-7
-2
2
4
4
1
-4
-7
-6
-2
0
-2
-4
0
6
9
2
-11
-23
-32
-37
-39
-38
-35
-32
-26
-13
3
12
11
8
12
22
28
24
15
7
3
-1
-8
-15
-16
-10
0
9
9
4
0
3
11
20
25
27
30
33
31
21
8
-1
-2
3
13
24
29
24
14
9
8
7
3
4
10
16
16
15
17
21
23
22
21
19
14
9
5
1
-4
-9
-15
-19
-19
-16
-13
-8
-4
-1
-1
-4
-5
-6
-9
-13
-15
-13
-12
-13
-12
-9
-7
-11
-17
-17
-14
-12
-12
-9
-5
-5
-7
-9
-9
-11
-15
-16
-11
-7
-6
-6
-1
3
0
-9
-17
-17
-12
-8
-6
-4
2
9
14
15
14
16
20
24
23
17
11
9
9
7
-1
-10
-12
-10
-9
-10
-5
8
23
33
39
39
33
19
6
-1
-3
-9
-16
-20
-20
-22
-26
-26
-16
-3
5
6
5
6
8
4
-5
-15
-18
-18
-18
-19
-19
-14
-9
-6
-2
5
13
15
8
-3
-9
-12
-13
-15
-15
-11
-4
1
0
-3
-2
4
8
9
9
7
3
-6
-13
-18
-19
-19
-15
-5
6
15
20
23
25
27
27
24
18
9
2
-2
-5
-9
-11
-9
-7
-5
-1
5
13
17
19
20
17
9
2
-3
-4
-4
-2
1
2
-1
-2
1
5
5
0
-6
-10
-14
-18
-19
-16
-11
-5
0
4
7
10
9
2
-8
-19
-27
-31
-31
-28
-23
-20
-22
-23
-23
-20
-16
-7
5
12
10
2
-7
-13
-16
-20
-20
-16
-10
-6
-4
-4
-6
-8
-6
-3
0
2
4
6
7
4
2
2
4
6
9
13
17
16
14
13
12
8
3
2
5
7
10
13
16
14
8
4
6
9
10
10
11
9
2
-10
-18
-19
-15
-10
-5
-1
3
5
6
7
6
2
-3
-6
-5
-2
1
0
-2
-4
-5
-5
-4
-1
5
9
13
14
12
7
-1
-9
-13
-14
-12
-8
-4
-3
-5
-10
-15
-20
-21
-15
-7
-2
-2
-5
-7
-9
-16
-22
-21
-16
-12
-10
-6
-2
-1
-2
-3
-3
-4
-3
0
6
9
7
5
5
6
5
3
4
7
10
12
12
10
10
13
16
19
19
19
20
20
18
15
11
7
5
8
14
17
17
15
12
9
6
7
10
11
8
3
-1
-3
-5
-6
-5
-2
1
5
8
7
3
0
-1
-2
-4
-7
-10
-14
-19
-21
-19
-16
-13
-12
-11
-12
-16
-20
-20
-19
-22
-27
-29
-29
-29
-31
-33
-32
-29
-26
-24
-22
-20
-18
-19
-20
-23
-24
-25
-26
-27
-27
-24
-21
-22
-22
-20
-15
-13
-13
-10
-4
0
2
3
7
10
8
2
-3
-6
-9
-11
-12
-13
-13
-13
-10
-5
2
9
15
19
19
19
20
19
14
10
9
8
2
-5
-10
-12
-13
-15
-12
-2
11
19
19
16
14
16
19
19
14
7
1
-4
-8
-9
-9
-9
-9
-7
-2
1
1
1
4
8
9
8
8
7
3
-2
-5
-3
-2
-1
0
1
0
-1
2
6
6
0
-4
-2
0
0
1
6
13
17
18
18
18
17
15
13
12
9
6
3
2
1
0
2
7
12
15
17
19
20
19
16
12
9
7
4
1
-1
-1
1
1
2
4
7
8
8
7
6
4
2
0
1
-1
-4
-6
-5
-2
-1
-1
1
3
2
-2
-6
-8
-11
-14
-16
-19
-21
-23
-22
-17
-13
-10
-9
-7
-4
-4
-6
-9
-10
-13
-16
-17
-15
-12
-13
-14
-13
-9
-5
-2
3
9
13
14
12
9
7
5
3
3
3
4
5
6
8
9
11
13
16
18
19
18
17
16
16
17
16
15
12
10
10
11
13
12
11
10
8
5
2
2
1
-1
-3
-3
0
2
1
-1
-1
1
3
3
2
-1
-5
-10
-15
-18
-18
-15
-11
-9
-6
-4
-2
-3
-5
-7
-9
-13
-17
-19
-16
-11
-8
-7
-5
-3
-3
-1
2
5
7
8
8
7
5
4
3
4
3
3
5
9
11
11
13
15
15
12
9
6
4
2
0
0
1
2
3
3
2
2
1
0
-1
-1
2
4
4
2
-2
-7
-12
-15
-16
-15
-12
-9
-6
-5
-5
-6
-8
-8
-6
-3
1
3
3
1
-2
-4
-6
-5
-4
-3
-3
-4
-5
-6
-7
-6
-5
-2
-1
-1
-2
-2
-2
1
3
3
3
3
5
5
3
0
0
2
3
4
6
8
11
13
13
11
10
11
14
16
17
16
17
18
18
16
12
10
10
13
16
18
18
16
14
12
11
10
9
7
7
8
9
7
3
0
-1
-1
-1
-1
-1
1
3
5
7
8
8
7
6
6
7
6
4
3
5
8
6
0
-5
-8
-7
-6
-4
-2
2
5
6
7
7
6
5
5
6
5
3
0
-2
-3
-4
-4
-5
-6
-6
-5
-3
-1
1
3
5
5
3
1
-1
-2
-4
-4
-1
2
3
4
5
6
5
4
4
5
4
3
2
2
-1
-5
-6
-5
-2
1
2
5
9
10
11
11
10
8
4
0
-3
-5
-5
-2
1
2
2
4
5
6
5
6
9
11
11
10
8
5
2
0
-1
0
1
2
2
3
3
1
-1
-2
-1
0
0
0
0
1
1
2
3
3
3
2
-1
-4
-6
-9
-11
-13
-13
-10
-8
-4
-2
1
2
4
7
10
11
10
7
4
0
-4
-6
-7
-6
-4
-2
2
6
9
9
8
8
9
9
11
12
12
10
7
5
5
5
5
7
10
12
13
11
9
6
3
-1
-2
-3
-3
-3
-3
-2
0
1
2
2
3
4
5
4
2
-2
-6
-10
-12
-13
-13
-13
-13
-12
-9
-6
-3
-2
-1
-1
0
-2
-4
-7
-10
-13
-15
-16
-15
-14
-12
-11
-10
-9
-8
-7
-6
-5
-5
-5
-6
-9
-11
-12
-12
-10
-9
-7
-6
-7
-8
-10
-10
-9
-9
-8
-8
-7
-6
-5
-2
1
3
5
4
3
3
2
0
-2
-3
-2
-1
-2
-2
-2
-1
0
2
4
6
7
8
7
4
0
-4
-7
-9
-12
-13
-13
-12
-9
-7
-5
-3
-2
0
2
3
3
1
-2
-3
-5
-6
-8
-9
-9
-8
-7
-6
-4
-2
-2
-2
-2
-3
-3
-3
-3
-4
-5
-5
-4
-3
-2
-2
-2
-2
-2
-1
-2
-4
-5
-5
-5
-5
-5
-3
0
2
2
2
3
5
6
7
7
7
5
2
0
-1
-1
-2
-2
-1
0
1
2
2
2
3
3
4
3
2
2
2
1
0
-1
-1
-1
-3
-5
-6
-6
-7
-8
-9
-9
-8
-7
-5
-2
0
2
2
3
5
5
4
2
0
-2
-4
-6
-9
-9
-10
-9
-9
-7
-5
-4
-3
-2
0
2
2
3
4
3
1
-2
-4
-6
-9
-11
-11
-9
-6
-4
-2
-1
0
1
2
4
5
5
4
2
0
-1
-3
-5
-6
-6
-5
-3
-2
-1
-1
-2
-2
-2
-2
-2
-3
-4
-3
-2
-2
-2
-2
-3
-3
-3
-5
-6
-7
-7
-7
-6
-6
-5
-5
-5
-5
-5
-5
-4
-2
2
5
6
6
5
4
2
0
-2
-2
-1
0
1
2
2
1
2
2
2
2
3
5
8
9
9
9
9
7
6
5
5
4
3
2
2
3
3
4
5
6
7
8
8
9
9
9
9
7
4
1
-2
-5
-6
-6
-6
-6
-5
-5
-5
-4
-3
-2
0
1
2
2
2
1
-1
-2
-3
-4
-5
-5
-4
-3
-3
-2
-1
0
1
2
2
3
2
2
3
4
4
3
3
3
3
1
-1
-2
-2
-2
-2
-2
-2
-2
-2
-2
-2
-1
0
0
0
0
0
0
-1
-2
-3
-5
-6
-8
-9
-9
-8
-7
-5
-2
0
1
1
1
2
3
2
1
1
1
0
-1
-2
-4
-5
-5
-4
-3
-2
-2
-1
-1
0
0
-2
-4
-5
-5
-5
-4
-3
-1
1
2
2
1
-1
-2
-2
-3
-4
-5
-5
-3
-2
-2
-1
-1
0
1
2
2
2
2
3
3
2
-1
-3
-3
-3
-2
-1
-1
0
2
3
4
3
2
2
2
1
0
-2
-3
-4
-5
-6
-6
-6
-6
-6
-5
-5
-5
-5
-5
-5
-5
-6
-6
-6
-5
-5
-5
-4
-3
-2
-2
-1
-2
-2
-3
-4
-5
-6
-6
-7
-6
-5
-4
-4
-4
-3
-2
-2
-2
-2
-2
-1
-1
-1
-2
-3
-3
-3
-2
-1
-1
-2
-1
-1
0
0
0
1
2
2
2
2
2
2
2
2
2
3
3
3
4
3
3
3
3
3
4
5
5
6
7
8
8
7
6
6
5
5
4
4
2
1
0
0
0
0
0
1
2
2
2
2
1
1
0
0
0
0
-1
-2
-2
-2
-2
-2
-1
0
0
1
2
4
4
3
3
3
4
4
4
3
3
3
2
2
2
2
1
-1
-1
-1
-1
0
0
0
0
0
0
0
0
1
1
0
-1
-1
-2
-2
-4
-4
-4
-3
-3
-2
-2
-1
0
1
2
3
3
3
3
3
2
1
1
2
2
2
2
2
3
3
4
4
4
4
4
4
4
3
2
2
2
3
3
3
3
2
2
3
3
3
2
0
-1
-1
-2
-2
-2
-2
-2
-1
0
0
1
2
2
2
2
2
2
1
0
-1
-1
-1
-1
-1
-1
-1
-1
-1
-1
-1
-1
-2
-2
-3
-3
-3
-4
-5
-5
-4
-4
-5
-5
-5
-5
-6
-6
-6
-6
-7
-9
-9
-9
-9
-8
-8
-7
-6
-5
-5
-5
-5
-6
-6
-7
-7
-6
-5
-5
-5
-5
-4
-3
-2
-2
-1
0
2
2
2
1
1
0
0
0
0
1
1
2
3
3
4
4
4
4
4
4
3
3
3
3
4
4
4
5
5
5
5
4
4
5
5
6
5
5
4
4
3
4
4
4
4
4
5
5
5
5
4
4
4
3
3
2
2
2
1
1
1
2
2
2
2
2
2
2
2
1
0
-1
-1
-1
-1
0
1
2
2
1
1
1
1
1
1
1
1
2
2
2
2
2
2
3
3
3
2
2
3
3
2
1
0
0
-1
-1
-1
0
1
1
2
2
2
2
2
2
2
1
1
0
0
0
0
-1
-1
0
0
1
1
2
2
2
1
-1
-2
-3
-4
-4
-5
-5
-4
-3
-2
-3
-2
-2
-2
-2
-3
-3
-2
-2
-3
-3
-3
-3
-4
-4
-3
-3
-3
-2
-1
0
1
0
-1
-2
-2
-2
-2
-1
-1
-1
-1
0
0
0
-1
-1
-1
-1
-1
-1
-1
-1
-1
0
-1
-1
-1
-1
0
0
1
1
0
0
0
-1
-2
-2
-2
-2
-1
0
0
0
0
0
0
0
0
0
-1
-1
-1
-1
-2
-2
-2
-2
-2
-3
-3
-2
-2
-2
-1
-1
-2
-3
-4
-4
-3
-4
-4
-3
-3
-3
-4
-3
-2
-2
-2
-2
-1
-1
-1
-1
-1
-1
-1
-2
-2
-2
-2
-2
-2
-1
-1
-1
-1
-1
0
0
-1
-2
-2
-2
-2
-2
-2
-1
-1
-1
-1
0
0
0
0
0
-1
-1
-1
0
0
0
0
0
0
0
0
0
0
0
0
0
0
-1
-1
-1
-1
-2
-2
-1
-1
-1
-2
-2
-2
-2
-2
-2
-2
-2
-2
-2
-2
-2
-2
-2
-2
-2
-2
-3
-3
-3
-3
-2
-2
-1
-1
-1
-1
-1
-1
-1
-1
-2
-2
-2
-2
-2
-2
-1
-1
0
0
-1
-1
-2
-1
-1
0
-1
-2
-2
-2
-2
-2
-3
-3
-3
-2
-1
-1
-2
-2
-1
-1
-1
-1
-1
-1
0
1
1
1
1
1
1
1
1
1
1
1
1
1
1
0
-1
-2
-1
-1
-1
0
1
2
2
2
2
1
1
1
1
1
1
1
1
0
-1
-1
-1
-1
-1
-1
0
1
1
1
2
2
1
1
1
0
0
0
0
1
0
0
0
0
-1
-1
0
1
1
1
1
1
1
0
0
0
0
0
0
0
1
2
2
3
3
2
1
1
1
1
1
1
1
1
1
1
2
2
1
1
2
2
2
1
0
0
-1
-2
-2
-1
-1
-1
-1
0
1
0
0
1
1
1
1
1
1
1
0
0
0
0
0
-1
-1
-1
-1
-1
-1
-1
0
0
-1
-2
-1
0
0
0
0
1
2
1
1
0
0
-1
-1
-1
0
0
0
0
0
1
0
0
0
1
2
2
2
2
1
1
1
1
0
0
0
0
2
2
1
0
0
1
1
0
0
0
0
0
0
-1
0
0
-1
-1
-2
-2
-1
-1
-1
-1
-2
-2
-1
-1
-1
-1
-1
0
1
1
0
0
1
1
1
1
1
1
0
-1
-1
-1
0
-1
-1
-1
0
0
-1
-1
0
0
0
0
0
-1
-2
-2
-1
-1
-1
-1
0
1
1
1
0
0
0
0
0
0
0
0
1
1
0
-1
-1
0
0
0
0
0
0
0
0
0
0
0
1
1
1
1
1
1
2
1
1
1
1
1
0
0
-1
-1
-1
0
0
0
1
1
1
1
1
1
1
1
1
1
0
-1
-2
-1
0
0
-1
-1
-1
0
-1
-1
0
0
0
-1
-2
-2
-1
-1
-1
-1
-2
-2
-2
-1
-1
-1
-1
-1
-1
-1
-1
0
0
0
0
0
-1
-1
0
0
0
0
-1
-1
-1
-2
-1
-1
-1
-1
-1
-1
-1
-1
-1
-1
0
0
0
0
0
0
0
-1
-1
-1
0
-1
-1
-1
-1
-1
-1
-1
-1
-1
-1
-1
0
1
1
0
0
1
1
0
0
0
1
0
-1
-1
-1
-1
-2
-2
-2
-2
-2
-2
-2
-2
-2
-2
-2
-2
-2
-2
-2
-2
-2
-3
-3
-3
-3
-3
-3
-2
-2
-2
-2
-2
-2
-2
-1
-1
-1
-1
-1
-1
-1
-1
-1
-1
-1
-1
-2
-2
-2
-2
-2
-2
-2
-2
-2
-1
-1
0
-1
-1
-1
-1
-2
-2
-3
-3
-2
-3
-3
-3
-3
-3
-3
-3
-3
-3
-2
-2
-2
-2
-1
-1
-1
-1
-1
-1
-1
-1
-1
-1
-1
-1
-1
-1
-1
-1
-1
0
0
0
0
0
1
0
0
0
0
-1
-1
-1
-1
-1
-1
-1
-1
-1
-1
-1
0
0
0
0
0
0
0
0
-1
-1
-1
-1
-1
-1
-1
-1
-1
-1
-1
-1
-1
-1
0
0
0
0
0
0
0
0
0
-1
-1
-1
-1
-1
-1
-1
-1
-1
-2
-2
-2
-2
-2
-1
-1
-1
-1
-1
-1
-1
-1
-1
-1
-2
-2
-2
-2
-2
-2
-2
-2
-2
-2
-1
-1
-1
-1
-1
-1
-1
-1
-1
-1
-1
-1
-2
-2
-1
-1
-1
-1
-1
-1
-1
0
0
0
0
0
0
0
0
0
0
0
0
0
0
0
0
-1
-1
0
0
0
0
0
-1
-1
-1
0
0
-1
-1
0
0
0
0
-1
-1
-1
-1
-1
-1
0
0
0
0
0
0
-1
-1
0
0
0
0
0
1
1
0
0
0
0
0
0
0
0
0
1
1
1
1
1
0
0
0
0
1
0
0
0
0
0
0
0
0
0
0
0
0
1
1
1
1
0
0
0
0
0
0
0
0
1
1
1
1
0
0
0
1
1
0
0
0
0
0
0
0
0
0
0
0
0
0
0
0
0
0
0
0
0
0
0
0
0
0
1
1
1
1
1
1
1
1
1
1
1
1
2
2
2
2
1
1
1
1
1
1
1
1
1
1
1
2
2
1
1
1
1
1
1
0
1
1
1
1
0
0
0
0
0
0
0
0
0
0
0
0
1
1
0
0
1
1
1
1
1
1
1
1
2
1
1
0
0
0
1
1
1
1
1
0
0
0
1
1
1
0
0
0
1
1
0
0
-1
-1
-1
0
0
0
0
0
1
1
0
0
0
0
0
0
0
1
1
1
0
0
0
1
1
2
1
1
1
1
1
0
-1
-1
0
1
1
0
0
0
0
0
1
1
0
0
0
1
1
0
0
0
0
0
0
0
1
1
0
-1
-1
-1
0
0
0
-1
0
0
0
0
0
0
0
0
-1
0
0
0
0
-1
0
0
1
1
0
0
0
0
0
0
0
0
0
0
0
-1
0
0
0
-1
-1
-1
0
0
0
-1
-1
0
0
0
-1
-1
-1
-1
-1
-2
-1
-1
0
-1
-1
0
0
0
0
0
0
0
-1
-1
0
0
-1
-1
-1
0
0
0
0
-1
-1
-2
-2
-1
-1
-1
-1
0
0
0
0
0
0
0
0
0
1
0
-1
-2
-1
-1
0
-1
-1
-1
0
0
-1
-1
-1
0
0
0
0
0
0
1
1
0
0
0
0
0
0
0
0
0
0
-1
0
0
0
-1
-1
-1
-1
-1
-1
-2
-2
-2
-1
-1
-1
-1
-2
-1
-1
-1
-1
-1
-1
0
0
-1
-1
-1
-1
-1
-1
-1
0
-1
-1
-1
-1
-1
-1
0
0
0
0
-1
0
0
0
0
-1
-1
-1
0
-1
0
0
0
-1
-1
-1
-1
-1
-1
-1
-1
0
0
0
0
-1
-1
-1
0
0
0
0
-1
-1
0
0
-1
-1
0
0
0
-1
-1
-1
-1
-1
-1
-1
0
0
0
0
0
0
-1
-1
-1
-1
-1
-1
-1
0
0
-1
-1
-1
-1
-1
-1
-1
-1
-1
-1
-1
0
0
0
-1
-1
0
0
0
0
-1
-1
-1
-1
-1
-1
-1
-1
-1
-1
-1
-1
-1
-1
-1
-1
-1
-1
0
0
0
0
0
0
0
0
0
0
0
0
0
0
-1
-1
-1
-1
0
-1
-1
-1
0
0
-1
-1
-1
-1
0
-1
-1
-1
0
0
-1
-1
-1
0
-1
-1
-1
-1
-1
-1
-1
-1
-1
-1
-1
0
0
0
0
-1
-1
-1
-1
-1
0
-1
-1
-1
-1
-1
-1
0
0
-1
-1
-1
-1
-1
-1
-1
0
0
-1
-1
-1
-1
-1
-1
-1
-1
-1
-1
-1
0
-1
-1
-1
-1
-1
-1
-1
-1
-1
-1
-1
-1
-1
-1
-1
-1
-1
-1
-1
-1
0
0
-1
-1
-1
-1
-1
-1
0
0
0
0
-1
-1
-1
0
0
0
-1
-1
-1
-1
0
0
0
0
-1
-1
-1
0
0
0
-1
-1
-1
-1
-1
-2
-1
-1
-1
-1
-1
0
0
0
-1
-1
-1
-1
-1
-1
-1
-1
-1
-1
-1
-1
-1
-1
0
0
0
-1
-1
0
0
0
0
0
0
0
0
0
0
0
0
0
0
0
0
0
0
0
0
-1
-1
-1
-1
-1
-1
-1
0
0
-1
-1
0
0
0
0
0
0
0
-1
-1
0
0
0
0
0
0
0
0
0
0
0
0
0
0
0
0
0
0
0
0
0
0
0
0
0
0
0
-1
0
0
0
0
0
0
0
0
0
0
0
0
0
0
0
0
0
0
0
0
-1
0
0
0
0
0
0
0
0
0
0
0
0
0
0
0
0
0
0
0
0
0
0
0
0
0
0
0
0
0
0
0
0
0
-1
-1
0
0
0
0
0
0
0
0
-1
-1
0
0
0
-1
-1
0
0
-1
-1
0
0
0
0
0
0
0
0
0
0
0
0
-1
-1
0
0
0
0
0
0
0
0
0
0
0
0
0
0
0
-1
-1
0
0
-1
-1
-1
-1
-1
-1
-1
-1
-1
0
0
0
-1
-1
-1
-1
-1
-1
0
0
0
0
0
0
-1
-1
0
0
0
0
-1
0
0
0
0
0
0
0
0
0
0
0
0
0
0
0
0
0
0
0
0
0
0
0
-1
-1
-1
-1
0
0
0
0
-1
-1
0
0
0
0
0
0
0
0
0
0
0
-1
-1
0
0
0
0
0
0
0
0
0
0
0
0
0
0
-1
-1
-1
-1
-1
-1
-1
0
0
0
0
0
0
0
0
0
-1
0
0
0
0
0
0
0
0
0
0
0
0
-1
0
0
0
0
0
0
0
0
0
0
0
0
0
0
0
0
0
0
0
0
0
0
-1
-1
-1
-1
-1
0
-1
-1
-1
-1
-1
-1
-1
-1
-1
-1
-1
-1
-1
-1
-1
-1
-1
-1
-1
-1
-1
0
0
-1
-1
0
0
0
0
-1
-1
-1
-1
0
0
0
0
0
0
0
0
-1
-1
-1
-1
0
0
0
0
0
-1
-1
-1
0
0
-1
-1
-1
-1
-1
-1
-1
-1
-1
-1
-1
-1
-1
-1
-1
-1
-1
-1
-1
-1
0
-1
-1
-1
0
0
-1
-1
-1
-1
-1
-1
-1
-1
-1
-1
-1
-1
0
0
-1
-1
-1
0
0
-1
-1
-1
-1
-1
-1
-1
-1
-1
-1
-1
-1
-1
-1
-1
-1
-1
-1
-1
-1
-1
-1
-1
-1
-1
-1
0
-1
-1
-1
0
0
0
-1
-1
-1
-1
-1
0
0
-1
-1
-1
-1
-1
-1
-1
-1
0
0
-1
-1
0
0
-1
-1
-1
-1
0
0
-1
-1
-1
0
0
-1
-1
-1
-1
-1
-1
-1
-1
-1
-1
-1
-1
0
0
-1
0
0
-1
-1
-1
0
-1
-1
-1
-1
-1
-1
-1
-1
-1
-1
-1
0
0
-1
-1
-1
-1
-1
0
0
0
-1
-1
-1
-1
0
0
0
-1
-1
-1
-1
-1
-1
-1
-1
-1
-1
-1
-1
-1
-1
-1
0
-1
-1
-1
0
-1
-1
-1
-1
-1
-1
0
0
-1
-1
-2
-1
-1
-1
-1
-1
-1
-1
-1
0
0
-1
-1
-1
-1
-1
-1
-1
-1
-1
0
-1
-1
-1
-1
-1
-1
-1
-1
0
0
0
0
0
0
0
0
0
-1
-1
-1
-1
-1
-1
-1
-1
-1
-1
-1
-1
-1
-1
-1
-1
-1
0
0
0
0
-1
-1
-1
-1
-1
-1
0
0
0
0
0
0
-1
-1
0
0
0
0
-1
0
0
0
0
0
0
0
0
-1
-1
-1
-1
0
0
-1
-1
-1
0
0
-1
-1
0
0
1
0
0
0
0
0
0
0
0
0
0
0
0
0
0
0
0
-1
-1
0
0
0
0
0
0
0
0
0
0
0
0
0
0
0
0
0
0
0
0
0
0
0
0
0
0
0
0
0
0
0
0
0
0
0
0
0
0
0
0
0
0
0
0
0
-1
-1
0
0
0
0
0
0
0
0
0
0
0
0
0
0
0
0
0
0
0
0
0
0
0
0
0
0
0
0
0
0
0
0
0
0
0
0
0
0
0
0
0
0
0
0
0
0
0
0
0
0
0
0
0
0
0
0
0
0
0
0
0
0
0
0
0
0
0
0
0
0
0
0
0
0
0
0
0
0
0
0
0
0
0
0
0
0
0
-1
0
0
0
0
0
0
-1
-1
-1
0
0
0
0
-1
0
0
0
0
0
0
0
0
0
0
0
0
0
0
0
0
0
0
-1
-1
0
0
0
-1
-1
-1
-1
0
0
0
0
-1
-1
-1
0
0
0
0
-1
-1
-1
-1
0
0
0
0
0
0
0
0
0
0
0
0
-1
-1
0
0
0
0
0
0
0
0
0
-1
0
0
0
0
0
0
0
0
0
0
0
0
-1
-1
0
0
0
-1
0
0
0
0
0
0
-1
-1
-1
-1
-1
-1
-1
-1
0
0
0
0
0
0
0
0
0
-1
-1
-1
-1
0
0
0
0
0
0
0
-1
-1
-1
-1
-1
-1
0
0
0
0
0
0
0
0
0
0
0
0
0
0
0
0
0
0
-1
0
0
0
0
0
0
0
0
0
0
0
0
0
0
0
0
0
0
-1
-1
0
0
0
0
0
0
0
0
0
0
0
0
0
0
0
0
0
0
0
0
0
0
-1
0
0
0
0
0
-1
-1
-1
-1
-1
0
0
0
0
0
0
0
0
0
0
0
0
0
0
-1
0
0
0
0
0
0
0
-1
-1
-1
-1
0
0
0
-1
-1
-1
-1
-1
0
0
0
-1
-1
-1
-1
-1
-1
-1
-1
0
0
0
0
0
-1
-1
-1
-1
0
0
0
0
0
0
0
0
0
0
0
0
-1
0
0
0
0
-1
-1
-1
0
0
0
-1
-1
-1
-1
-1
-1
0
0
-1
-1
-1
0
0
0
0
0
0
0
0
0
0
0
-1
-1
0
0
-1
-1
-1
-1
-1
-1
-1
0
0
-1
0
0
0
0
-1
-1
-1
0
0
-1
-1
-1
-1
-1
-1
0
-1
-1
-1
-1
-1
-1
-1
-1
0
-1
-1
-1
-1
-1
-1
-1
-1
0
0
0
0
-1
-1
0
0
0
-1
-1
-1
-1
-1
-1
0
-1
-1
-1
-1
-1
-1
-1
-1
-1
-1
-1
-1
0
0
-1
-1
-1
-1
-1
-1
-1
-1
-1
-1
-1
-1
-1
-1
-1
-1
-1
-1
-1
-1
-1
-1
-1
0
0
0
-1
-1
0
0
-1
-1
-1
0
0
0
0
0
0
-1
-1
-1
-1
-1
-1
-1
0
0
-1
-1
0
0
0
-1
-1
-1
-1
-1
-1
-1
-1
-1
-1
-1
-1
-1
0
0
-1
-1
-1
0
0
0
0
0
-1
-1
-1
-1
-1
-1
-1
-1
-1
-1
-1
-1
-1
0
-1
-1
-1
-1
0
0
0
0
-1
0
-1
-1
-1
0
0
0
0
0
0
-1
-1
0
0
-1
-1
0
0
0
0
0
0
0
0
0
-1
-1
-1
0
0
-1
-1
-1
-1
-1
-1
-1
0
-1
-1
-1
-1
-1
-1
-1
0
0
0
-1
-1
0
0
0
-1
-1
-1
-1
-1
-1
-1
0
0
0
0
0
0
0
-1
-1
-1
0
-1
-1
-1
-1
0
0
0
0
0
0
0
0
0
0
-1
-1
-1
-1
-1
-1
0
-1
-1
0
0
0
-1
-1
0
0
-1
-1
-1
-1
-1
-1
0
0
0
0
0
0
0
0
0
0
0
0
0
0
0
0
0
0
0
0
0
0
0
0
0
0
-1
0
0
0
-1
-1
-1
-1
-1
-1
-1
0
0
-1
0
0
0
0
0
0
0
0
0
0
0
0
0
0
0
0
0
0
0
0
0
0
0
0
0
0
0
0
0
0
0
0
-1
-1
0
0
0
0
0
0
0
0
0
0
0
0
0
0
0
0
0
0
0
0
0
0
0
0
0
0
-1
0
0
0
0
0
0
0
0
0
0
0
0
-1
0
0
0
0
0
0
0
0
-1
0
0
-1
0
0
0
0
0
0
0
-1
-1
0
0
-1
-1
-1
-1
0
0
0
0
0
0
0
0
0
0
0
0
0
0
0
0
0
0
0
0
0
0
0
0
0
0
0
0
0
0
-1
0
0
0
0
0
0
0
0
0
-1
0
0
0
0
0
0
0
0
0
0
0
0
0
0
0
0
0
0
0
0
0
0
0
0
0
0
0
0
0
0
0
0
0
-1
-1
0
0
0
0
0
0
0
0
0
0
0
0
0
0
0
-1
0
0
0
0
-1
-1
0
0
-1
0
0
0
0
0
0
0
0
0
0
0
0
0
0
0
0
0
0
0
0
0
0
0
0
0
0
0
0
0
0
0
0
0
0
-1
-1
0
0
0
0
0
0
0
0
0
0
0
0
0
0
0
0
0
0
0
0
0
0
0
0
0
0
0
0
0
0
0
0
0
0
0
0
0
0
0
0
-1
0
0
0
0
0
0
0
0
0
0
0
0
0
0
0
0
0
0
0
0
0
-1
-1
-1
0
0
0
0
0
0
0
0
0
0
0
-1
0
0
0
0
0
0
0
-1
0
0
0
-1
-1
-1
0
0
0
0
0
-1
0
0
0
0
0
0
0
0
0
0
0
0
0
0
0
0
0
0
0
0
0
0
0
0
0
0
0
0
0
0
0
0
0
0
0
0
0
0
0
0
0
0
0
0
0
0
0
0
0
0
0
0
-1
0
0
0
0
0
0
0
0
0
0
0
-1
-1
0
0
0
0
0
-1
-1
0
0
0
-1
-1
0
0
-1
-1
0
0
0
0
0
0
0
0
0
0
0
0
0
0
-1
0
0
0
0
-1
0
0
0
0
0
0
0
-1
-1
-1
-1
0
0
0
0
0
0
0
-1
0
0
0
0
-1
0
0
0
0
0
0
0
0
0
0
0
0
0
0
0
0
0
0
0
0
0
-1
-1
0
0
-1
0
0
0
0
-1
0
0
0
0
0
0
0
0
-1
-1
-1
-1
0
0
-1
0
0
0
-1
-1
-1
0
0
0
0
-1
0
0
0
0
0
-1
0
0
0
0
0
0
0
0
0
0
0
0
0
0
0
0
0
0
0
0
0
0
0
0
0
0
0
0
-1
0
0
0
0
0
0
0
0
0
0
-1
0
0
0
0
0
0
0
0
0
0
0
0
0
0
0
0
0
0
0
0
0
0
0
0
0
0
0
0
0
0
0
0
0
0
0
0
0
0
0
0
0
0
0
0
0
0
0
0
0
0
0
0
0
0
0
0
-1
0
0
0
0
0
0
0
0
0
0
0
0
-1
0
0
0
-1
-1
0
0
0
0
0
0
0
0
-1
-1
-1
-1
0
0
0
0
0
0
-1
0
0
0
0
-1
0
0
0
0
0
0
0
0
0
0
0
0
0
0
0
0
0
0
0
0
0
0
0
0
0
0
0
0
0
0
0
0
0
0
-1
0
0
0
0
0
0
-1
-1
-1
0
0
0
0
0
0
0
-1
0
0
0
0
0
0
0
0
0
0
0
0
0
0
0
-1
0
0
0
0
0
0
0
0
0
0
0
0
0
0
0
0
0
0
0
0
0
0
0
0
0
0
0
0
0
0
0
0
0
0
0
0
0
0
0
0
0
0
0
0
0
0
0
-1
0
0
0
0
0
0
0
0
0
0
0
0
0
0
0
0
0
0
0
0
0
0
0
0
0
0
0
0
0
0
0
0
0
0
0
0
0
0
0
0
0
0
0
0
0
0
0
0
-1
0
0
0
0
0
0
0
0
0
-1
0
0
0
-1
-1
0
0
0
0
0
0
0
0
0
0
0
0
0
0
0
0
0
0
0
0
0
0
0
0
0
0
0
-1
0
0
0
0
0
0
0
0
0
0
0
0
0
0
-1
-1
-1
0
0
0
0
0
0
0
0
0
0
0
0
0
0
0
0
0
0
0
0
0
0
0
0
0
0
0
-1
-1
0
0
0
0
0
0
0
0
0
-1
-1
0
0
0
0
0
0
0
0
0
0
0
0
0
0
0
0
0
0
0
0
0
0
0
-1
0
0
0
0
0
0
0
0
0
0
0
0
0
0
0
0
0
0
0
0
0
0
0
0
0
0
0
0
0
0
0
0
0
0
0
0
0
0
0
0
0
0
0
0
-1
-1
0
0
0
0
0
0
0
0
0
0
0
0
0
0
0
0
0
0
0
0
0
0
0
0
0
0
0
0
0
0
0
0
0
0
0
0
0
0
0
-1
0
0
0
0
0
0
0
0
0
0
0
0
0
0
0
0
0
0
0
0
0
0
0
0
0
0
0
0
0
0
0
0
0
0
0
0
0
0
0
0
0
0
0
0
0
0
0
0
0
0
0
0
0
0
0
0
0
0
0
0
0
0
0
0
0
0
0
-1
0
0
0
0
0
0
0
0
0
0
0
0
0
0
0
0
0
0
0
0
0
0
0
0
0
0
0
0
0
0
0
0
0
0
0
0
0
0
0
0
0
0
0
0
0
0
0
0
0
0
0
0
0
0
0
0
0
0
0
0
0
0
0
0
0
0
0
0
0
0
0
0
0
0
0
0
0
0
0
0
0
0
0
0
0
0
0
0
0
0
0
0
0
0
0
0
0
0
0
0
0
0
0
0
0
0
0
0
0
0
0
0
0
0
0
0
0
0
0
0
0
0
0
0
0
0
0
0
0
0
0
0
0
0
0
0
0
0
0
0
0
0
0
0
0
0
0
0
0
0
0
0
0
0
0
0
-1
0
0
0
0
0
0
0
0
0
0
0
0
0
0
0
-1
0
0
0
0
0
0
0
0
0
0
0
0
0
-1
-1
-1
-1
0
0
0
0
0
0
0
0
0
0
0
0
0
0
0
0
0
0
0
0
0
0
0
0
0
0
0
0
0
0
0
0
0
0
0
0
0
0
0
0
0
0
0
0
0
0
0
0
0
0
0
0
0
0
0
0
0
0
0
0
0
0
0
0
0
0
0
0
0
0
0
0
0
0
0
0
0
0
0
0
0
0
0
0
0
0
0
0
0
0
0
0
0
0
0
0
0
0
0
0
0
0
0
0
0
0
0
0
0
0
0
0
0
0
0
0
0
0
0
-1
0
0
0
-1
0
0
0
0
0
0
0
0
0
0
0
0
0
0
0
0
0
0
0
0
0
0
0
0
0
0
0
0
0
0
0
0
0
0
0
0
0
0
0
0
0
0
0
0
0
0
0
0
0
0
0
0
0
0
0
0
0
0
0
0
0
0
-1
0
0
0
0
0
0
0
0
0
0
0
0
0
0
0
0
0
0
0
0
0
0
0
0
0
0
0
0
0
0
0
0
0
0
0
0
0
0
0
0
0
0
0
-1
0
0
0
0
0
0
0
0
0
0
0
0
0
0
0
0
0
0
0
0
0
0
0
0
0
0
0
0
0
0
0
0
0
0
0
0
0
0
0
0
0
0
0
0
0
0
0
0
0
0
0
0
0
0
0
0
0
0
0
0
0
0
0
0
0
0
0
0
0
0
0
0
0
0
0
0
0
0
0
0
0
0
0
0
0
0
0
0
0
0
0
0
0
0
0
0
0
0
0
0
0
0
-1
0
0
0
0
0
0
0
0
-1
0
0
0
0
0
0
0
0
0
0
0
0
0
0
0
0
0
0
0
0
0
0
0
0
0
0
0
0
0
0
0
0
0
0
0
0
0
0
0
0
0
0
0
0
0
0
0
0
0
0
0
0
0
0
0
0
0
0
0
0
0
0
0
0
0
0
0
0
0
0
0
0
0
0
0
0
0
0
0
0
0
0
0
0
0
0
0
0
0
0
0
0
0
0
0
0
0
0
0
0
0
0
0
0
0
0
0
0
0
0
0
0
0
0
0
0
0
0
0
0
0
0
0
0
0
0
0
0
0
0
0
0
0
0
0
0
0
0
0
0
0
0
0
0
0
0
0
0
0
0
0
0
0
0
0
0
0
0
0
0
0
0
0
0
0
0
0
0
0
0
0
0
0
0
0
0
0
0
0
0
0
0
0
0
0
0
0
0
0
0
0
0
0
0
0
0
0
0
0
0
0
0
0
0
0
0
0
0
0
0
0
0
0
0
0
0
0
0
0
0
0
0
0
0
0
0
0
0
0
0
0
0
0
0
0
0
0
0
0
0
0
0
0
0
0
0
0
0
0
0
0
0
0
0
0
0
0
0
0
0
0
0
0
0
0
0
0
0
0
0
0
0
0
0
0
0
0
0
0
0
0
0
0
0
0
0
0
0
0
0
0
0
0
0
0
0
0
0
0
0
0
0
0
0
0
0
0
0
0
0
0
0
0
0
0
0
0
0
0
0
0
0
0
0
0
0
0
0
0
0
0
0
0
0
0
0
0
0
0
0
0
0
0
0
0
0
0
0
0
0
0
0
0
0
0
0
0
0
0
0
0
0
0
0
0
0
0
0
0
0
0
0
0
0
0
0
0
0
0
0
0
0
0
0
0
0
0
0
0
0
0
0
0
0
-1
0
0
0
0
0
0
0
0
0
0
0
0
0
0
0
0
0
0
0
0
0
0
0
0
0
0
0
0
0
0
0
0
0
0
0
0
0
0
0
0
0
0
0
0
0
0
0
0
0
0
0
0
0
0
0
0
0
0
0
0
0
0
0
0
0
0
0
0
0
0
0
0
0
0
0
0
0
0
0
0
0
0
0
0
0
0
0
0
0
0
0
0
0
0
0
0
0
0
0
0
0
0
0
0
0
0
0
0
0
0
0
0
0
0
0
0
0
0
0
0
0
0
0
0
0
0
0
0
0
0
0
0
0
0
0
0
0
0
0
0
0
0
0
0
0
0
0
0
0
0
0
0
0
0
0
0
0
0
0
0
0
0
0
0
0
0
0
0
0
0
0
0
0
0
0
0
0
0
0
0
0
0
0
0
0
0
0
0
0
0
0
0
-1
0
0
0
0
0
0
0
0
0
0
0
0
0
0
0
0
0
0
0
0
0
0
0
0
0
0
0
0
0
0
0
0
0
0
0
0
0
0
0
0
0
0
0
0
0
0
0
0
0
0
0
0
0
0
0
0
0
0
0
0
0
0
0
0
0
0
0
0
0
0
0
0
0
0
0
0
0
0
0
0
0
0
0
0
0
0
0
0
0
0
0
0
0
0
0
0
0
0
0
0
0
0
0
0
0
0
0
0
0
0
0
0
0
0
0
0
0
0
0
0
0
0
0
0
0
0
0
0
0
0
0
0
0
0
0
0
0
0
0
0
0
0
0
0
0
0
0
0
0
0
0
0
0
0
0
0
0
0
0
0
0
0
0
0
0
0
0
0
0
0
0
0
0
0
0
0
0
0
0
0
0
0
0
0
0
0
0
0
0
0
0
0
0
0
0
0
0
0
0
0
0
0
0
0
0
0
0
0
0
0
0
0
0
0
0
0
0
0
0
0
0
0
0
0
0
0
0
0
0
0
0
0
0
0
0
0
0
0
0
0
0
0
0
0
0
0
0
0
0
0
0
0
0
0
0
0
0
0
0
0
0
0
0
0
0
0
0
0
0
0
0
0
0
0
0
0
0
0
0
0
0
0
0
0
0
0
0
0
0
0
0
0
0
0
0
0
0
0
0
0
0
0
0
0
0
0
0
0
0
0
0
0
0
0
0
0
0
0
0
0
0
0
0
0
0
0
0
0
0
0
0
0
0
0
0
0
0
0
0
0
0
0
0
0
0
0
0
0
0
0
0
0
0
0
0
0
0
0
0
0
0
0
0
0
0
0
0
0
0
0
0
0
0
0
0
0
0
0
0
0
0
0
0
0
0
0
0
0
0
0
0
0
0
0
0
0
0
0
0
0
0
0
0
0
0
0
0
0
0
0
0
0
0
0
0
0
0
0
0
0
0
0
0
0
0
0
0
0
0
0
0
0
0
0
0
0
0
0
0
0
0
0
0
0
0
0
0
0
0
0
0
0
0
0
0
0
0
0
0
0
0
0
0
0
0
0
0
0
0
0
0
0
0
0
0
0
0
0
0
0
0
0
0
0
0
0
0
0
0
0
0
0
0
0
0
0
0
0
0
0
0
0
0
0
0
0
0
0
0
0
0
0
0
0
0
0
0
0
0
-1
0
0
0
0
0
0
0
0
0
0
0
0
0
0
0
0
0
0
0
0
0
0
0
0
0
0
0
0
0
0
0
0
0
0
0
0
0
0
0
0
0
0
0
0
0
0
0
0
0
0
0
0
0
0
0
0
0
0
0
0
0
0
0
0
0
0
0
0
0
0
0
0
0
0
0
0
0
0
0
0
0
0
0
0
0
0
0
0
0
0
0
0
0
0
0
0
0
0
0
0
0
0
0
0
0
0
0
0
0
0
0
0
0
0
0
0
0
0
0
0
0
0
0
0
0
0
0
0
0
0
0
0
0
0
0
0
0
0
0
0
0
0
0
0
0
0
0
0
0
0
0
0
0
0
0
0
0
0
0
0
0
0
0
0
0
0
0
0
0
0
0
0
0
0
0
0
0
0
0
0
0
0
0
0
0
0
0
0
0
0
0
0
0
0
0
0
0
0
0
0
0
0
0
0
0
0
0
0
0
0
0
0
0
0
0
0
0
0
0
0
0
0
0
0
0
0
0
0
0
0
0
0
0
0
0
0
-1
0
0
0
0
0
0
0
0
0
0
0
0
0
0
0
0
0
0
0
0
0
0
0
0
0
0
0
0
0
0
0
0
0
0
0
0
0
0
0
0
0
0
0
0
0
0
0
0
0
0
0
0
0
0
0
0
0
0
0
0
0
0
0
0
0
0
0
0
0
0
0
0
0
0
0
0
0
0
0
0
0
0
0
0
0
0
0
0
0
0
0
0
0
0
0
0
0
0
0
0
0
0
0
0
0
0
0
0
0
0
0
0
0
0
0
0
0
0
0
0
0
0
0
0
0
0
0
0
0
0
0
0
0
0
0
0
0
0
0
0
0
0
0
0
0
0
0
0
0
0
0
0
0
0
0
0
0
0
0
0
0
0
0
0
0
0
0
0
0
0
0
0
0
0
0
0
0
0
0
0
0
0
0
0
0
0
0
0
0
0
0
0
0
0
0
0
0
0
0
0
0
0
0
0
0
0
0
0
0
0
0
0
0
0
0
0
0
0
0
0
0
0
0
0
0
0
0
0
0
0
0
0
0
0
0
0
0
0
0
0
0
0
0
0
0
0
0
0
0
0
0
0
0
0
0
0
0
0
0
0
0
0
0
0
0
0
0
0
0
0
0
0
0
0
0
0
0
0
0
0
0
0
0
0
0
0
0
0
0
0
0
0
0
0
0
0
0
0
0
0
0
0
0
0
0
0
0
0
0
0
0
0
0
0
0
0
0
0
0
0
0
0
0
0
0
0
0
0
0
0
0
0
0
0
0
0
0
0
0
0
0
0
0
0
0
0
0
0
0
0
0
0
0
0
0
0
0
0
0
0
0
0
0
0
0
0
0
0
0
0
0
0
0
0
0
0
0
0
0
0
0
0
0
0
0
0
0
0
0
0
0
0
0
0
0
0
0
0
0
0
0
0
0
0
0
0
0
0
0
0
0
0
0
0
0
0
0
0
0
0
0
0
0
0
0
0
0
0
0
0
0
0
0
0
0
0
0
0
0
0
0
0
0
0
0
0
0
0
0
0
0
0
0
0
0
0
0
0
0
0
0
0
0
0
0
0
0
0
0
0
0
0
0
0
0
0
0
0
0
0
0
0
0
0
0
0
0
0
0
0
0
0
0
0
0
0
0
0
0
0
0
0
0
0
0
0
0
0
0
0
0
0
0
0
0
0
0
0
0
0
0
0
0
0
0
0
0
0
0
0
0
0
0
0
0
0
0
0
0
0
0
0
0
0
0
0
0
0
0
0
0
0
0
0
0
0
0
0
0
0
0
0
0
0
0
0
0
0
0
0
0
0
0
0
0
0
-1
0
0
0
0
0
0
0
0
0
0
0
0
0
0
0
0
0
0
0
0
0
0
0
0
0
0
0
0
0
0
0
0
0
0
0
0
0
0
0
0
0
0
0
0
0
0
0
0
0
0
0
0
0
0
0
0
0
0
0
0
0
0
0
0
0
0
0
0
0
0
0
0
0
0
0
0
0
0
0
0
0
0
0
0
0
0
0
0
0
0
0
0
0
0
0
0
0
0
0
0
0
0
0
0
0
0
0
0
0
0
0
0
0
0
0
0
0
0
0
0
0
0
0
0
0
0
0
0
0
0
0
0
0
0
0
0
0
0
0
0
0
0
0
0
0
0
0
0
0
0
0
0
0
0
0
0
0
0
0
0
0
0
0
0
0
0
0
0
0
0
0
0
0
0
0
0
0
0
0
0
0
0
0
0
0
0
0
0
0
0
0
0
0
0
0
0
0
0
0
0
0
0
0
0
0
0
0
0
0
0
0
0
0
0
0
0
0
0
0
0
0
0
0
0
0
0
0
0
0
0
0
0
0
0
0
0
0
0
0
0
0
0
0
0
0
0
0
0
0
0
0
0
0
0
0
0
0
0
0
0
0
0
0
0
0
0
0
0
0
0
0
0
0
0
0
0
0
0
0
0
0
0
0
0
0
0
0
0
0
0
0
0
0
0
0
0
0
0
0
0
0
0
0
0
0
0
0
0
0
0
0
0
0
0
0
0
